t,ex,ey,th_x,th_y,thd_x,thd_y,yaw,vref_x,vref_y,vfb_x,vfb_y,vcmd_x,vcmd_y,tcp_x,tcp_y,dans_cible,th_brut_x,th_brut_y,hx,hy,hdx,hdy,hdyaw,hbouge
0.0000,-0.50583,0.03821,-0.01373,0.00301,0.00000,0.00000,1.41546,-0.00000,0.00000,-0.13509,0.02962,-0.00013,0.00013,0.01254,0.86003,0,-0.01373,0.00301,0.00000,0.00000,0.00000,0.00000,0.00000,0
0.0020,-0.50583,0.03821,-0.01373,0.00301,0.00036,-0.00017,1.41546,-0.00014,0.00001,-0.13509,0.02962,-0.00038,0.00038,0.01252,0.86001,0,-0.01373,0.00301,0.00000,0.00000,0.00000,0.00000,0.00000,0
0.0040,-0.50583,0.03821,-0.01373,0.00301,0.00084,-0.00046,1.41546,-0.00029,0.00002,-0.13508,0.02961,-0.00077,0.00077,0.01253,0.86002,0,-0.01373,0.00301,0.00000,0.00000,0.00000,0.00000,0.00000,0
0.0060,-0.50583,0.03821,-0.01373,0.00301,0.00143,-0.00086,1.41546,-0.00043,0.00003,-0.13505,0.02960,-0.00128,0.00128,0.01250,0.86004,0,-0.01373,0.00301,0.00000,0.00000,0.00000,0.00000,0.00000,0
0.0080,-0.50583,0.03821,-0.01372,0.00301,0.00214,-0.00138,1.41546,-0.00057,0.00004,-0.13502,0.02957,-0.00192,0.00192,0.01254,0.86005,0,-0.01373,0.00301,0.00000,0.00000,0.00000,0.00000,0.00000,0
0.0100,-0.50583,0.03821,-0.01372,0.00300,0.00297,-0.00201,1.41546,-0.00071,0.00005,-0.13497,0.02954,-0.00269,0.00269,0.01255,0.86004,0,-0.01373,0.00301,0.00000,0.00000,0.00000,0.00000,0.00000,0
0.0120,-0.50583,0.03821,-0.01371,0.00300,0.00391,-0.00277,1.41546,-0.00086,0.00006,-0.13490,0.02949,-0.00358,0.00358,0.01254,0.86003,0,-0.01373,0.00301,0.00000,0.00000,0.00000,0.00000,0.00000,0
0.0140,-0.50583,0.03821,-0.01370,0.00299,0.00497,-0.00363,1.41546,-0.00100,0.00008,-0.13482,0.02943,-0.00461,0.00461,0.01249,0.86000,0,-0.01373,0.00301,0.00000,0.00000,0.00000,0.00000,0.00000,0
0.0161,-0.50583,0.03821,-0.01369,0.00298,0.00615,-0.00462,1.41546,-0.00114,0.00009,-0.13471,0.02935,-0.00576,0.00576,0.01254,0.86006,0,-0.01373,0.00301,0.00000,0.00000,0.00000,0.00000,0.00000,0
0.0181,-0.50583,0.03821,-0.01368,0.00297,0.00744,-0.00572,1.41546,-0.00128,0.00010,-0.13457,0.02925,-0.00704,0.00704,0.01248,0.86008,0,-0.01373,0.00301,0.00000,0.00000,0.00000,0.00000,0.00000,0
0.0201,-0.50583,0.03821,-0.01366,0.00296,0.00884,-0.00693,1.41546,-0.00143,0.00011,-0.13441,0.02912,-0.00845,0.00845,0.01250,0.86007,0,-0.01373,0.00301,0.00000,0.00000,0.00000,0.00000,0.00000,0
0.0221,-0.50583,0.03821,-0.01364,0.00294,0.01037,-0.00827,1.41546,-0.00157,0.00012,-0.13423,0.02897,-0.00998,0.00998,0.01247,0.86007,0,-0.01373,0.00301,0.00000,0.00000,0.00000,0.00000,0.00000,0
0.0241,-0.50583,0.03821,-0.01362,0.00293,0.01201,-0.00971,1.41546,-0.00171,0.00013,-0.13401,0.02880,-0.01158,0.01158,0.01243,0.86013,0,-0.01373,0.00301,0.00000,0.00000,0.00000,0.00000,0.00000,0
0.0261,-0.50583,0.03821,-0.01359,0.00291,0.01370,-0.01122,1.41546,-0.00185,0.00014,-0.13376,0.02859,-0.01318,0.01318,0.01241,0.86015,0,-0.01373,0.00301,0.00000,0.00000,0.00000,0.00000,0.00000,0
0.0281,-0.50583,0.03821,-0.01356,0.00288,0.01540,-0.01273,1.41546,-0.00200,0.00015,-0.13347,0.02836,-0.01478,0.01478,0.01234,0.86015,0,-0.01373,0.00301,0.00000,0.00000,0.00000,0.00000,0.00000,0
0.0301,-0.50583,0.03821,-0.01353,0.00285,0.01710,-0.01423,1.41546,-0.00214,0.00016,-0.13315,0.02809,-0.01638,0.01638,0.01234,0.86018,0,-0.01373,0.00301,0.00000,0.00000,0.00000,0.00000,0.00000,0
0.0321,-0.50583,0.03821,-0.01349,0.00282,0.01879,-0.01574,1.41546,-0.00228,0.00017,-0.13280,0.02780,-0.01798,0.01798,0.01229,0.86020,0,-0.01373,0.00301,0.00000,0.00000,0.00000,0.00000,0.00000,0
0.0341,-0.50583,0.03821,-0.01346,0.00279,0.02049,-0.01724,1.41546,-0.00243,0.00018,-0.13241,0.02747,-0.01958,0.01958,0.01227,0.86021,0,-0.01373,0.00301,0.00000,0.00000,0.00000,0.00000,0.00000,0
0.0362,-0.50583,0.03821,-0.01341,0.00276,0.02218,-0.01874,1.41546,-0.00257,0.00019,-0.13200,0.02712,-0.02118,0.02118,0.01227,0.86022,0,-0.01373,0.00301,0.00000,0.00000,0.00000,0.00000,0.00000,0
0.0382,-0.50583,0.03821,-0.01337,0.00272,0.02387,-0.02025,1.41546,-0.00271,0.00020,-0.13154,0.02673,-0.02278,0.02278,0.01221,0.86026,0,-0.01373,0.00301,0.00000,0.00000,0.00000,0.00000,0.00000,0
0.0402,-0.50583,0.03821,-0.01332,0.00267,0.02556,-0.02175,1.41546,-0.00286,0.00022,-0.13106,0.02632,-0.02438,0.02438,0.01216,0.86027,0,-0.01373,0.00301,0.00000,0.00000,0.00000,0.00000,0.00000,0
0.0422,-0.50583,0.03821,-0.01326,0.00263,0.02725,-0.02325,1.41546,-0.00300,0.00023,-0.13054,0.02588,-0.02598,0.02598,0.01216,0.86030,0,-0.01373,0.00301,0.00000,0.00000,0.00000,0.00000,0.00000,0
0.0442,-0.50583,0.03821,-0.01321,0.00258,0.02894,-0.02475,1.41546,-0.00314,0.00024,-0.12999,0.02541,-0.02758,0.02746,0.01209,0.86037,0,-0.01373,0.00301,0.00000,0.00000,0.00000,0.00000,0.00000,0
0.0462,-0.50583,0.03821,-0.01315,0.00253,0.03063,-0.02613,1.41546,-0.00329,0.00025,-0.12941,0.02491,-0.02918,0.02880,0.01204,0.86037,0,-0.01373,0.00301,0.00000,0.00000,0.00000,0.00000,0.00000,0
0.0482,-0.50583,0.03821,-0.01309,0.00248,0.03232,-0.02740,1.41546,-0.00343,0.00026,-0.12879,0.02438,-0.03078,0.03002,0.01201,0.86044,0,-0.01373,0.00301,0.00000,0.00000,0.00000,0.00000,0.00000,0
0.0503,-0.50603,0.03787,-0.01270,0.00323,0.03923,-0.01428,1.41689,-0.00357,0.00027,-0.12506,0.03164,-0.03238,0.03136,0.01199,0.86045,0,-0.01359,0.00328,-0.10154,0.44725,-0.00541,0.00007,-0.00195,1
0.0523,-0.50603,0.03787,-0.01262,0.00320,0.04091,-0.01556,1.41689,-0.00371,0.00028,-0.12428,0.03135,-0.03398,0.03258,0.01194,0.86053,0,-0.01359,0.00328,-0.10154,0.44725,-0.00541,0.00007,-0.00195,1
0.0543,-0.50603,0.03787,-0.01254,0.00316,0.04259,-0.01672,1.41689,-0.00386,0.00029,-0.12346,0.03103,-0.03558,0.03366,0.01185,0.86053,0,-0.01359,0.00328,-0.10154,0.44725,-0.00541,0.00007,-0.00195,1
0.0563,-0.50603,0.03787,-0.01245,0.00313,0.04426,-0.01776,1.41689,-0.00400,0.00030,-0.12261,0.03069,-0.03718,0.03462,0.01183,0.86059,0,-0.01359,0.00328,-0.10154,0.44725,-0.00541,0.00007,-0.00195,1
0.0583,-0.50603,0.03787,-0.01236,0.00309,0.04594,-0.01869,1.41689,-0.00414,0.00031,-0.12172,0.03033,-0.03878,0.03546,0.01175,0.86062,0,-0.01359,0.00328,-0.10154,0.44725,-0.00541,0.00007,-0.00195,1
0.0603,-0.50603,0.03787,-0.01227,0.00305,0.04761,-0.01950,1.41689,-0.00429,0.00032,-0.12080,0.02996,-0.04038,0.03616,0.01176,0.86069,0,-0.01359,0.00328,-0.10154,0.44725,-0.00541,0.00007,-0.00195,1
0.0623,-0.50603,0.03787,-0.01217,0.00301,0.04928,-0.02020,1.41689,-0.00443,0.00033,-0.11985,0.02957,-0.04198,0.03674,0.01172,0.86075,0,-0.01359,0.00328,-0.10154,0.44725,-0.00541,0.00007,-0.00195,1
0.0643,-0.50603,0.03787,-0.01207,0.00297,0.05095,-0.02077,1.41689,-0.00457,0.00035,-0.11887,0.02916,-0.04358,0.03718,0.01168,0.86079,0,-0.01359,0.00328,-0.10154,0.44725,-0.00541,0.00007,-0.00195,1
0.0663,-0.50603,0.03787,-0.01197,0.00293,0.05262,-0.02123,1.41689,-0.00471,0.00036,-0.11785,0.02875,-0.04518,0.03750,0.01158,0.86084,0,-0.01359,0.00328,-0.10154,0.44725,-0.00541,0.00007,-0.00195,1
0.0683,-0.50603,0.03787,-0.01186,0.00289,0.05428,-0.02157,1.41689,-0.00486,0.00037,-0.11680,0.02833,-0.04678,0.03770,0.01149,0.86089,0,-0.01359,0.00328,-0.10154,0.44725,-0.00541,0.00007,-0.00195,1
0.0703,-0.50603,0.03787,-0.01175,0.00285,0.05595,-0.02180,1.41689,-0.00500,0.00038,-0.11572,0.02790,-0.04838,0.03776,0.01145,0.86093,0,-0.01359,0.00328,-0.10154,0.44725,-0.00541,0.00007,-0.00195,1
0.0723,-0.50603,0.03787,-0.01164,0.00280,0.05761,-0.02191,1.41689,-0.00514,0.00039,-0.11461,0.02747,-0.04998,0.03770,0.01136,0.86099,0,-0.01359,0.00328,-0.10154,0.44725,-0.00541,0.00007,-0.00195,1
0.0743,-0.50603,0.03787,-0.01152,0.00276,0.05927,-0.02190,1.41689,-0.00528,0.00040,-0.11346,0.02704,-0.05158,0.03750,0.01132,0.86106,0,-0.01359,0.00328,-0.10154,0.44725,-0.00541,0.00007,-0.00195,1
0.0763,-0.50603,0.03787,-0.01140,0.00271,0.06093,-0.02177,1.41689,-0.00543,0.00041,-0.11228,0.02661,-0.05318,0.03718,0.01121,0.86111,0,-0.01359,0.00328,-0.10154,0.44725,-0.00541,0.00007,-0.00195,1
0.0783,-0.50603,0.03787,-0.01127,0.00267,0.06258,-0.02153,1.41689,-0.00557,0.00042,-0.11107,0.02619,-0.05478,0.03674,0.01112,0.86121,0,-0.01359,0.00328,-0.10154,0.44725,-0.00541,0.00007,-0.00195,1
0.0803,-0.50603,0.03787,-0.01115,0.00263,0.06423,-0.02117,1.41689,-0.00571,0.00043,-0.10982,0.02577,-0.05638,0.03616,0.01100,0.86126,0,-0.01359,0.00328,-0.10154,0.44725,-0.00541,0.00007,-0.00195,1
0.0823,-0.50603,0.03787,-0.01102,0.00259,0.06588,-0.02069,1.41689,-0.00585,0.00044,-0.10855,0.02536,-0.05798,0.03546,0.01097,0.86133,0,-0.01359,0.00328,-0.10154,0.44725,-0.00541,0.00007,-0.00195,1
0.0843,-0.50603,0.03787,-0.01088,0.00255,0.06753,-0.02010,1.41689,-0.00599,0.00045,-0.10724,0.02495,-0.05958,0.03462,0.01086,0.86138,0,-0.01359,0.00328,-0.10154,0.44725,-0.00541,0.00007,-0.00195,1
0.0863,-0.50603,0.03787,-0.01075,0.00251,0.06918,-0.01938,1.41689,-0.00614,0.00046,-0.10590,0.02457,-0.06118,0.03366,0.01072,0.86146,0,-0.01359,0.00328,-0.10154,0.44725,-0.00541,0.00007,-0.00195,1
0.0883,-0.50603,0.03787,-0.01061,0.00247,0.07082,-0.01855,1.41689,-0.00628,0.00047,-0.10452,0.02419,-0.06278,0.03258,0.01070,0.86152,0,-0.01359,0.00328,-0.10154,0.44725,-0.00541,0.00007,-0.00195,1
0.0903,-0.50603,0.03787,-0.01046,0.00243,0.07246,-0.01761,1.41689,-0.00642,0.00049,-0.10312,0.02384,-0.06438,0.03136,0.01052,0.86161,0,-0.01359,0.00328,-0.10154,0.44725,-0.00541,0.00007,-0.00195,1
0.0923,-0.50603,0.03787,-0.01032,0.00240,0.07410,-0.01655,1.41689,-0.00656,0.00050,-0.10168,0.02350,-0.06598,0.03002,0.01045,0.86166,0,-0.01359,0.00328,-0.10154,0.44725,-0.00541,0.00007,-0.00195,1
0.0943,-0.50603,0.03787,-0.01017,0.00237,0.07573,-0.01537,1.41689,-0.00671,0.00051,-0.10021,0.02319,-0.06758,0.02854,0.01035,0.86172,0,-0.01359,0.00328,-0.10154,0.44725,-0.00541,0.00007,-0.00195,1
0.0963,-0.50603,0.03787,-0.01002,0.00234,0.07737,-0.01407,1.41689,-0.00685,0.00052,-0.09871,0.02290,-0.06918,0.02694,0.01022,0.86180,0,-0.01359,0.00328,-0.10154,0.44725,-0.00541,0.00007,-0.00195,1
0.0983,-0.50603,0.03787,-0.00986,0.00231,0.07900,-0.01266,1.41689,-0.00699,0.00053,-0.09717,0.02264,-0.07078,0.02534,0.01014,0.86187,0,-0.01359,0.00328,-0.10154,0.44725,-0.00541,0.00007,-0.00195,1
0.1003,-0.50603,0.03787,-0.00970,0.00229,0.08062,-0.01124,1.41689,-0.00713,0.00054,-0.09561,0.02240,-0.07238,0.02374,0.01005,0.86192,0,-0.01359,0.00328,-0.10154,0.44725,-0.00541,0.00007,-0.00195,1
0.1023,-0.50603,0.03787,-0.00954,0.00227,0.08225,-0.00983,1.41689,-0.00727,0.00055,-0.09401,0.02219,-0.07398,0.02227,0.00990,0.86200,0,-0.01359,0.00328,-0.10154,0.44725,-0.00541,0.00007,-0.00195,1
0.1043,-0.50603,0.03787,-0.00937,0.00225,0.08387,-0.00853,1.41689,-0.00742,0.00056,-0.09238,0.02201,-0.07558,0.02093,0.00973,0.86201,0,-0.01359,0.00328,-0.10154,0.44725,-0.00541,0.00007,-0.00195,1
0.1063,-0.50603,0.03787,-0.00920,0.00223,0.08549,-0.00735,1.41689,-0.00756,0.00057,-0.09071,0.02186,-0.07718,0.01971,0.00973,0.86201,0,-0.01359,0.00328,-0.10154,0.44725,-0.00541,0.00007,-0.00195,1
0.1083,-0.50603,0.03787,-0.00903,0.00222,0.08710,-0.00628,1.41689,-0.00770,0.00058,-0.08902,0.02172,-0.07878,0.01862,0.00973,0.86201,0,-0.01359,0.00328,-0.10154,0.44725,-0.00541,0.00007,-0.00195,1
0.1103,-0.50603,0.03787,-0.00885,0.00221,0.08871,-0.00533,1.41689,-0.00784,0.00059,-0.08730,0.02161,-0.08038,0.01766,0.00943,0.86221,0,-0.01359,0.00328,-0.10154,0.44725,-0.00541,0.00007,-0.00195,1
0.1123,-0.50603,0.03787,-0.00867,0.00220,0.09032,-0.00450,1.41689,-0.00799,0.00060,-0.08554,0.02151,-0.08198,0.01683,0.00929,0.86225,0,-0.01359,0.00328,-0.10154,0.44725,-0.00541,0.00007,-0.00195,1
0.1143,-0.50603,0.03787,-0.00849,0.00219,0.09193,-0.00378,1.41689,-0.00813,0.00061,-0.08375,0.02143,-0.08358,0.01613,0.00918,0.86231,0,-0.01359,0.00328,-0.10154,0.44725,-0.00541,0.00007,-0.00195,1
0.1164,-0.50729,0.03862,-0.00958,0.00189,0.08266,-0.00596,1.41470,-0.00827,0.00062,-0.09483,0.01870,-0.08518,0.01555,0.00897,0.86234,0,-0.01234,0.00259,-0.10101,0.44630,-0.00617,0.00095,0.00387,1
0.1184,-0.50729,0.03862,-0.00941,0.00187,0.08428,-0.00547,1.41470,-0.00842,0.00064,-0.09320,0.01858,-0.08678,0.01510,0.00890,0.86243,0,-0.01234,0.00259,-0.10101,0.44630,-0.00617,0.00095,0.00387,1
0.1204,-0.50729,0.03862,-0.00924,0.00186,0.08590,-0.00509,1.41470,-0.00856,0.00065,-0.09153,0.01848,-0.08838,0.01478,0.00874,0.86245,0,-0.01234,0.00259,-0.10101,0.44630,-0.00617,0.00095,0.00387,1
0.1224,-0.50729,0.03862,-0.00907,0.00185,0.08751,-0.00484,1.41470,-0.00870,0.00066,-0.08982,0.01838,-0.08998,0.01459,0.00859,0.86252,0,-0.01234,0.00259,-0.10101,0.44630,-0.00617,0.00095,0.00387,1
0.1244,-0.50729,0.03862,-0.00889,0.00184,0.08913,-0.00469,1.41470,-0.00884,0.00067,-0.08809,0.01829,-0.09158,0.01453,0.00842,0.86252,0,-0.01234,0.00259,-0.10101,0.44630,-0.00617,0.00095,0.00387,1
0.1264,-0.50729,0.03862,-0.00871,0.00184,0.09073,-0.00467,1.41470,-0.00899,0.00068,-0.08633,0.01820,-0.09318,0.01459,0.00826,0.86259,0,-0.01234,0.00259,-0.10101,0.44630,-0.00617,0.00095,0.00387,1
0.1284,-0.50729,0.03862,-0.00853,0.00183,0.09234,-0.00476,1.41470,-0.00913,0.00069,-0.08453,0.01810,-0.09466,0.01478,0.00810,0.86265,0,-0.01234,0.00259,-0.10101,0.44630,-0.00617,0.00095,0.00387,1
0.1304,-0.50729,0.03862,-0.00834,0.00182,0.09383,-0.00497,1.41470,-0.00927,0.00070,-0.08271,0.01801,-0.09600,0.01510,0.00800,0.86269,0,-0.01234,0.00259,-0.10101,0.44630,-0.00617,0.00095,0.00387,1
0.1324,-0.50729,0.03862,-0.00815,0.00181,0.09519,-0.00529,1.41470,-0.00941,0.00071,-0.08085,0.01791,-0.09722,0.01555,0.00781,0.86275,0,-0.01234,0.00259,-0.10101,0.44630,-0.00617,0.00095,0.00387,1
0.1344,-0.50729,0.03862,-0.00796,0.00180,0.09644,-0.00573,1.41470,-0.00956,0.00072,-0.07897,0.01780,-0.09830,0.01613,0.00765,0.86279,0,-0.01234,0.00259,-0.10101,0.44630,-0.00617,0.00095,0.00387,1
0.1364,-0.50729,0.03862,-0.00777,0.00178,0.09757,-0.00628,1.41470,-0.00970,0.00073,-0.07707,0.01768,-0.09926,0.01683,0.00745,0.86281,0,-0.01234,0.00259,-0.10101,0.44630,-0.00617,0.00095,0.00387,1
0.1385,-0.50729,0.03862,-0.00757,0.00177,0.09857,-0.00696,1.41470,-0.00984,0.00074,-0.07514,0.01755,-0.10010,0.01766,0.00730,0.86283,0,-0.01234,0.00259,-0.10101,0.44630,-0.00617,0.00095,0.00387,1
0.1405,-0.50729,0.03862,-0.00737,0.00176,0.09946,-0.00774,1.41470,-0.00999,0.00075,-0.07320,0.01741,-0.10080,0.01837,0.00715,0.86292,0,-0.01234,0.00259,-0.10101,0.44630,-0.00617,0.00095,0.00387,1
0.1425,-0.50729,0.03862,-0.00717,0.00174,0.10023,-0.00841,1.41470,-0.01013,0.00077,-0.07124,0.01725,-0.10138,0.01894,0.00696,0.86291,0,-0.01234,0.00259,-0.10101,0.44630,-0.00617,0.00095,0.00387,1
0.1445,-0.50729,0.03862,-0.00697,0.00172,0.10087,-0.00897,1.41470,-0.01027,0.00078,-0.06927,0.01708,-0.10182,0.01939,0.00678,0.86296,0,-0.01234,0.00259,-0.10101,0.44630,-0.00617,0.00095,0.00387,1
0.1465,-0.50729,0.03862,-0.00677,0.00170,0.10140,-0.00941,1.41470,-0.01042,0.00079,-0.06729,0.01690,-0.10214,0.01971,0.00650,0.86298,0,-0.01234,0.00259,-0.10101,0.44630,-0.00617,0.00095,0.00387,1
0.1485,-0.50729,0.03862,-0.00657,0.00168,0.10181,-0.00973,1.41470,-0.01056,0.00080,-0.06529,0.01671,-0.10234,0.01990,0.00637,0.86305,0,-0.01234,0.00259,-0.10101,0.44630,-0.00617,0.00095,0.00387,1
0.1505,-0.50729,0.03862,-0.00636,0.00166,0.10210,-0.00993,1.41470,-0.01070,0.00081,-0.06329,0.01652,-0.10240,0.01997,0.00617,0.86308,0,-0.01234,0.00259,-0.10101,0.44630,-0.00617,0.00095,0.00387,1
0.1525,-0.50729,0.03862,-0.00616,0.00164,0.10226,-0.01002,1.41470,-0.01084,0.00082,-0.06129,0.01632,-0.10234,0.01990,0.00599,0.86312,0,-0.01234,0.00259,-0.10101,0.44630,-0.00617,0.00095,0.00387,1
0.1545,-0.50729,0.03862,-0.00595,0.00162,0.10231,-0.00999,1.41470,-0.01099,0.00083,-0.05928,0.01613,-0.10214,0.01971,0.00576,0.86319,0,-0.01234,0.00259,-0.10101,0.44630,-0.00617,0.00095,0.00387,1
0.1565,-0.50729,0.03862,-0.00575,0.00160,0.10224,-0.00984,1.41470,-0.01113,0.00084,-0.05728,0.01593,-0.10182,0.01939,0.00559,0.86323,0,-0.01234,0.00259,-0.10101,0.44630,-0.00617,0.00095,0.00387,1
0.1586,-0.50729,0.03862,-0.00555,0.00159,0.10204,-0.00958,1.41470,-0.01127,0.00085,-0.05527,0.01574,-0.10138,0.01894,0.00538,0.86326,0,-0.01234,0.00259,-0.10101,0.44630,-0.00617,0.00095,0.00387,1
0.1606,-0.50729,0.03862,-0.00534,0.00157,0.10173,-0.00920,1.41470,-0.01141,0.00086,-0.05327,0.01556,-0.10080,0.01837,0.00518,0.86332,0,-0.01234,0.00259,-0.10101,0.44630,-0.00617,0.00095,0.00387,1
0.1626,-0.50729,0.03862,-0.00514,0.00155,0.10130,-0.00871,1.41470,-0.01156,0.00087,-0.05128,0.01538,-0.10010,0.01766,0.00499,0.86334,0,-0.01234,0.00259,-0.10101,0.44630,-0.00617,0.00095,0.00387,1
0.1646,-0.50729,0.03862,-0.00494,0.00153,0.10074,-0.00809,1.41470,-0.01170,0.00088,-0.04930,0.01522,-0.09926,0.01683,0.00479,0.86339,0,-0.01234,0.00259,-0.10101,0.44630,-0.00617,0.00095,0.00387,1
0.1666,-0.50729,0.03862,-0.00474,0.00152,0.10007,-0.00736,1.41470,-0.01184,0.00089,-0.04733,0.01507,-0.09830,0.01596,0.00461,0.86340,0,-0.01234,0.00259,-0.10101,0.44630,-0.00617,0.00095,0.00387,1
0.1686,-0.50729,0.03862,-0.00454,0.00150,0.09928,-0.00660,1.41470,-0.01199,0.00091,-0.04538,0.01493,-0.09722,0.01522,0.00444,0.86346,0,-0.01234,0.00259,-0.10101,0.44630,-0.00617,0.00095,0.00387,1
0.1706,-0.50729,0.03862,-0.00434,0.00149,0.09837,-0.00595,1.41470,-0.01213,0.00092,-0.04344,0.01481,-0.09600,0.01460,0.00427,0.86346,0,-0.01234,0.00259,-0.10101,0.44630,-0.00617,0.00095,0.00387,1
0.1726,-0.50729,0.03862,-0.00414,0.00148,0.09733,-0.00541,1.41470,-0.01227,0.00093,-0.04152,0.01469,-0.09466,0.01411,0.00412,0.86350,0,-0.01234,0.00259,-0.10101,0.44630,-0.00617,0.00095,0.00387,1
0.1746,-0.50729,0.03862,-0.00395,0.00147,0.09618,-0.00500,1.41470,-0.01241,0.00094,-0.03963,0.01459,-0.09318,0.01375,0.00396,0.86353,0,-0.01234,0.00259,-0.10101,0.44630,-0.00617,0.00095,0.00387,1
0.1766,-0.50729,0.03862,-0.00376,0.00146,0.09491,-0.00469,1.41470,-0.01256,0.00095,-0.03775,0.01450,-0.09158,0.01352,0.00382,0.86355,0,-0.01234,0.00259,-0.10101,0.44630,-0.00617,0.00095,0.00387,1
0.1787,-0.50729,0.03862,-0.00357,0.00145,0.09352,-0.00451,1.41470,-0.01270,0.00096,-0.03591,0.01441,-0.08998,0.01341,0.00368,0.86357,0,-0.01234,0.00259,-0.10101,0.44630,-0.00617,0.00095,0.00387,1
0.1807,-0.50729,0.03862,-0.00338,0.00144,0.09212,-0.00444,1.41470,-0.01284,0.00097,-0.03409,0.01432,-0.08838,0.01344,0.00351,0.86361,0,-0.01234,0.00259,-0.10101,0.44630,-0.00617,0.00095,0.00387,1
0.1827,-0.51346,0.04132,-0.00288,-0.00010,0.09445,-0.01360,1.41537,-0.01299,0.00098,-0.03099,0.00002,-0.08678,0.01333,0.00331,0.86362,0,-0.00712,0.00035,-0.09447,0.44391,-0.01325,0.00215,0.00109,1
0.1847,-0.51346,0.04132,-0.00269,-0.00012,0.09305,-0.01350,1.41537,-0.01313,0.00099,-0.02915,-0.00025,-0.08518,0.01310,0.00317,0.86367,0,-0.00712,0.00035,-0.09447,0.44391,-0.01325,0.00215,0.00109,1
0.1867,-0.51346,0.04132,-0.00251,-0.00015,0.09163,-0.01329,1.41537,-0.01327,0.00100,-0.02734,-0.00051,-0.08358,0.01274,0.00296,0.86370,0,-0.00712,0.00035,-0.09447,0.44391,-0.01325,0.00215,0.00109,1
0.1887,-0.51346,0.04132,-0.00233,-0.00018,0.09022,-0.01296,1.41537,-0.01341,0.00101,-0.02556,-0.00077,-0.08198,0.01225,0.00288,0.86374,0,-0.00712,0.00035,-0.09447,0.44391,-0.01325,0.00215,0.00109,1
0.1907,-0.51346,0.04132,-0.00215,-0.00020,0.08880,-0.01251,1.41537,-0.01356,0.00102,-0.02380,-0.00102,-0.08038,0.01164,0.00276,0.86376,0,-0.00712,0.00035,-0.09447,0.44391,-0.01325,0.00215,0.00109,1
0.1927,-0.51346,0.04132,-0.00197,-0.00023,0.08738,-0.01194,1.41537,-0.01370,0.00103,-0.02208,-0.00126,-0.07878,0.01089,0.00253,0.86377,0,-0.00712,0.00035,-0.09447,0.44391,-0.01325,0.00215,0.00109,1
0.1947,-0.51346,0.04132,-0.00180,-0.00025,0.08596,-0.01126,1.41537,-0.01384,0.00105,-0.02038,-0.00149,-0.07718,0.01002,0.00244,0.86381,0,-0.00712,0.00035,-0.09447,0.44391,-0.01325,0.00215,0.00109,1
0.1967,-0.51346,0.04132,-0.00163,-0.00027,0.08453,-0.01046,1.41537,-0.01398,0.00106,-0.01871,-0.00170,-0.07558,0.00902,0.00228,0.86386,0,-0.00712,0.00035,-0.09447,0.44391,-0.01325,0.00215,0.00109,1
0.1987,-0.51346,0.04132,-0.00146,-0.00029,0.08310,-0.00955,1.41537,-0.01413,0.00107,-0.01707,-0.00189,-0.07398,0.00789,0.00209,0.86388,0,-0.00712,0.00035,-0.09447,0.44391,-0.01325,0.00215,0.00109,1
0.2007,-0.51346,0.04132,-0.00129,-0.00031,0.08167,-0.00852,1.41537,-0.01427,0.00108,-0.01546,-0.00207,-0.07238,0.00664,0.00202,0.86390,0,-0.00712,0.00035,-0.09447,0.44391,-0.01325,0.00215,0.00109,1
0.2027,-0.51346,0.04132,-0.00113,-0.00032,0.08024,-0.00737,1.41537,-0.01441,0.00109,-0.01387,-0.00223,-0.07078,0.00525,0.00178,0.86390,0,-0.00712,0.00035,-0.09447,0.44391,-0.01325,0.00215,0.00109,1
0.2047,-0.51346,0.04132,-0.00097,-0.00034,0.07880,-0.00611,1.41537,-0.01456,0.00110,-0.01232,-0.00236,-0.06918,0.00374,0.00169,0.86390,0,-0.00712,0.00035,-0.09447,0.44391,-0.01325,0.00215,0.00109,1
0.2067,-0.51346,0.04132,-0.00082,-0.00035,0.07736,-0.00473,1.41537,-0.01470,0.00111,-0.01079,-0.00247,-0.06758,0.00214,0.00147,0.86393,0,-0.00712,0.00035,-0.09447,0.44391,-0.01325,0.00215,0.00109,1
0.2088,-0.51346,0.04132,-0.00066,-0.00036,0.07592,-0.00326,1.41537,-0.01484,0.00112,-0.00929,-0.00254,-0.06598,0.00054,0.00129,0.86395,0,-0.00712,0.00035,-0.09447,0.44391,-0.01325,0.00215,0.00109,1
0.2108,-0.51346,0.04132,-0.00051,-0.00036,0.07447,-0.00180,1.41537,-0.01498,0.00113,-0.00782,-0.00259,-0.06438,-0.00106,0.00116,0.86397,0,-0.00712,0.00035,-0.09447,0.44391,-0.01325,0.00215,0.00109,1
0.2128,-0.51346,0.04132,-0.00037,-0.00036,0.07302,-0.00034,1.41537,-0.01513,0.00114,-0.00638,-0.00261,-0.06278,-0.00253,0.00096,0.86398,0,-0.00712,0.00035,-0.09447,0.44391,-0.01325,0.00215,0.00109,1
0.2148,-0.51346,0.04132,-0.00022,-0.00036,0.07157,0.00100,1.41537,-0.01527,0.00115,-0.00496,-0.00261,-0.06118,-0.00388,0.00085,0.86397,0,-0.00712,0.00035,-0.09447,0.44391,-0.01325,0.00215,0.00109,1
0.2168,-0.51346,0.04132,-0.00008,-0.00036,0.07012,0.00223,1.41537,-0.01541,0.00116,-0.00358,-0.00257,-0.05958,-0.00509,0.00073,0.86399,0,-0.00712,0.00035,-0.09447,0.44391,-0.01325,0.00215,0.00109,1
0.2188,-0.51346,0.04132,0.00006,-0.00035,0.06866,0.00334,1.41537,-0.01555,0.00118,-0.00222,-0.00252,-0.05798,-0.00618,0.00059,0.86398,0,-0.00712,0.00035,-0.09447,0.44391,-0.01325,0.00215,0.00109,1
0.2208,-0.51346,0.04132,0.00019,-0.00035,0.06720,0.00434,1.41537,-0.01570,0.00119,-0.00090,-0.00244,-0.05638,-0.00714,0.00044,0.86400,0,-0.00712,0.00035,-0.09447,0.44391,-0.01325,0.00215,0.00109,1
0.2228,-0.51346,0.04132,0.00033,-0.00034,0.06574,0.00522,1.41537,-0.01584,0.00120,0.00040,-0.00235,-0.05478,-0.00797,0.00032,0.86400,0,-0.00712,0.00035,-0.09447,0.44391,-0.01325,0.00215,0.00109,1
0.2248,-0.51346,0.04132,0.00046,-0.00033,0.06428,0.00598,1.41537,-0.01598,0.00121,0.00167,-0.00224,-0.05318,-0.00868,0.00018,0.86397,0,-0.00712,0.00035,-0.09447,0.44391,-0.01325,0.00215,0.00109,1
0.2268,-0.51346,0.04132,0.00058,-0.00031,0.06281,0.00662,1.41537,-0.01613,0.00122,0.00291,-0.00211,-0.05158,-0.00925,0.00009,0.86395,0,-0.00712,0.00035,-0.09447,0.44391,-0.01325,0.00215,0.00109,1
0.2288,-0.51346,0.04132,0.00071,-0.00030,0.06134,0.00715,1.41537,-0.01627,0.00123,0.00413,-0.00198,-0.04998,-0.00970,-0.00005,0.86399,0,-0.00712,0.00035,-0.09447,0.44391,-0.01325,0.00215,0.00109,1
0.2308,-0.51346,0.04132,0.00083,-0.00029,0.05987,0.00756,1.41537,-0.01641,0.00124,0.00531,-0.00183,-0.04838,-0.01002,-0.00017,0.86394,0,-0.00712,0.00035,-0.09447,0.44391,-0.01325,0.00215,0.00109,1
0.2329,-0.51346,0.04132,0.00095,-0.00027,0.05840,0.00786,1.41537,-0.01655,0.00125,0.00646,-0.00168,-0.04678,-0.01021,-0.00023,0.86394,0,-0.00712,0.00035,-0.09447,0.44391,-0.01325,0.00215,0.00109,1
0.2349,-0.51346,0.04132,0.00106,-0.00025,0.05693,0.00804,1.41537,-0.01670,0.00126,0.00759,-0.00152,-0.04518,-0.01028,-0.00034,0.86393,0,-0.00712,0.00035,-0.09447,0.44391,-0.01325,0.00215,0.00109,1
0.2369,-0.51346,0.04132,0.00118,-0.00024,0.05545,0.00810,1.41537,-0.01684,0.00127,0.00868,-0.00136,-0.04358,-0.01021,-0.00049,0.86391,0,-0.00712,0.00035,-0.09447,0.44391,-0.01325,0.00215,0.00109,1
0.2389,-0.51346,0.04132,0.00129,-0.00022,0.05397,0.00805,1.41537,-0.01698,0.00128,0.00975,-0.00120,-0.04198,-0.01002,-0.00055,0.86391,0,-0.00712,0.00035,-0.09447,0.44391,-0.01325,0.00215,0.00109,1
0.2409,-0.51346,0.04132,0.00139,-0.00021,0.05249,0.00788,1.41537,-0.01713,0.00129,0.01079,-0.00104,-0.04038,-0.00970,-0.00067,0.86386,0,-0.00712,0.00035,-0.09447,0.44391,-0.01325,0.00215,0.00109,1
0.2429,-0.51346,0.04132,0.00150,-0.00019,0.05101,0.00759,1.41537,-0.01727,0.00130,0.01180,-0.00089,-0.03878,-0.00925,-0.00080,0.86388,0,-0.00712,0.00035,-0.09447,0.44391,-0.01325,0.00215,0.00109,1
0.2449,-0.51346,0.04132,0.00160,-0.00018,0.04953,0.00718,1.41537,-0.01741,0.00132,0.01277,-0.00074,-0.03718,-0.00868,-0.00086,0.86382,0,-0.00712,0.00035,-0.09447,0.44391,-0.01325,0.00215,0.00109,1
0.2469,-0.51346,0.04132,0.00169,-0.00016,0.04804,0.00666,1.41537,-0.01755,0.00133,0.01372,-0.00061,-0.03558,-0.00797,-0.00100,0.86385,0,-0.00712,0.00035,-0.09447,0.44391,-0.01325,0.00215,0.00109,1
0.2489,-0.51346,0.04132,0.00179,-0.00015,0.04656,0.00603,1.41537,-0.01770,0.00134,0.01464,-0.00048,-0.03398,-0.00714,-0.00110,0.86383,0,-0.00712,0.00035,-0.09447,0.44391,-0.01325,0.00215,0.00109,1
0.2509,-0.51950,0.04108,0.00242,0.00001,0.04734,0.00791,1.41675,-0.01784,0.00135,0.01904,0.00099,-0.03238,-0.00618,-0.00115,0.86380,0,-0.00000,-0.00023,-0.08927,0.44322,-0.01840,0.00181,0.00477,1
0.2529,-0.51950,0.04108,0.00251,0.00002,0.04584,0.00704,1.41675,-0.01798,0.00136,0.01995,0.00113,-0.03078,-0.00509,-0.00130,0.86378,0,-0.00000,-0.00023,-0.08927,0.44322,-0.01840,0.00181,0.00477,1
0.2549,-0.51950,0.04108,0.00260,0.00004,0.04434,0.00605,1.41675,-0.01812,0.00137,0.02082,0.00126,-0.02918,-0.00388,-0.00138,0.86379,0,-0.00000,-0.00023,-0.08927,0.44322,-0.01840,0.00181,0.00477,1
0.2569,-0.51950,0.04108,0.00269,0.00005,0.04284,0.00494,1.41675,-0.01827,0.00138,0.02167,0.00137,-0.02758,-0.00253,-0.00145,0.86376,0,-0.00000,-0.00023,-0.08927,0.44322,-0.01840,0.00181,0.00477,1
0.2590,-0.51950,0.04108,0.00277,0.00006,0.04133,0.00372,1.41675,-0.01841,0.00139,0.02249,0.00146,-0.02598,-0.00106,-0.00154,0.86378,0,-0.00000,-0.00023,-0.08927,0.44322,-0.01840,0.00181,0.00477,1
0.2610,-0.51950,0.04108,0.00286,0.00006,0.03983,0.00238,1.41675,-0.01855,0.00140,0.02327,0.00152,-0.02438,0.00054,-0.00162,0.86376,0,-0.00000,-0.00023,-0.08927,0.44322,-0.01840,0.00181,0.00477,1
0.2630,-0.51950,0.04108,0.00293,0.00006,0.03832,0.00093,1.41675,-0.01870,0.00141,0.02403,0.00155,-0.02278,0.00214,-0.00171,0.86375,0,-0.00000,-0.00023,-0.08927,0.44322,-0.01840,0.00181,0.00477,1
0.2650,-0.51950,0.04108,0.00301,0.00007,0.03681,-0.00053,1.41675,-0.01884,0.00142,0.02476,0.00156,-0.02118,0.00361,-0.00179,0.86375,0,-0.00000,-0.00023,-0.08927,0.44322,-0.01840,0.00181,0.00477,1
0.2670,-0.51950,0.04108,0.00308,0.00006,0.03530,-0.00187,1.41675,-0.01898,0.00143,0.02546,0.00153,-0.01958,0.00496,-0.00180,0.86373,0,-0.00000,-0.00023,-0.08927,0.44322,-0.01840,0.00181,0.00477,1
0.2690,-0.51950,0.04108,0.00315,0.00006,0.03379,-0.00309,1.41675,-0.01913,0.00144,0.02613,0.00149,-0.01798,0.00617,-0.00190,0.86374,0,-0.00000,-0.00023,-0.08927,0.44322,-0.01840,0.00181,0.00477,1
0.2710,-0.51950,0.04108,0.00322,0.00005,0.03228,-0.00420,1.41675,-0.01927,0.00146,0.02676,0.00142,-0.01638,0.00726,-0.00204,0.86375,0,-0.00000,-0.00023,-0.08927,0.44322,-0.01840,0.00181,0.00477,1
0.2730,-0.51950,0.04108,0.00328,0.00004,0.03077,-0.00519,1.41675,-0.01941,0.00147,0.02737,0.00132,-0.01478,0.00822,-0.00205,0.86369,0,-0.00000,-0.00023,-0.08927,0.44322,-0.01840,0.00181,0.00477,1
0.2750,-0.51950,0.04108,0.00334,0.00003,0.02925,-0.00606,1.41675,-0.01955,0.00148,0.02795,0.00121,-0.01318,0.00905,-0.00205,0.86373,0,-0.00000,-0.00023,-0.08927,0.44322,-0.01840,0.00181,0.00477,1
0.2771,-0.51950,0.04108,0.00340,0.00002,0.02774,-0.00682,1.41675,-0.01970,0.00149,0.02850,0.00109,-0.01158,0.00976,-0.00217,0.86375,0,-0.00000,-0.00023,-0.08927,0.44322,-0.01840,0.00181,0.00477,1
0.2791,-0.51950,0.04108,0.00345,0.00000,0.02622,-0.00746,1.41675,-0.01984,0.00150,0.02902,0.00095,-0.00998,0.01033,-0.00221,0.86373,0,-0.00000,-0.00023,-0.08927,0.44322,-0.01840,0.00181,0.00477,1
0.2811,-0.51950,0.04108,0.00350,-0.00001,0.02470,-0.00798,1.41675,-0.01998,0.00151,0.02951,0.00080,-0.00838,0.01078,-0.00223,0.86375,0,-0.00000,-0.00023,-0.08927,0.44322,-0.01840,0.00181,0.00477,1
0.2831,-0.51950,0.04108,0.00355,-0.00003,0.02318,-0.00839,1.41675,-0.02013,0.00152,0.02997,0.00064,-0.00678,0.01110,-0.00236,0.86380,0,-0.00000,-0.00023,-0.08927,0.44322,-0.01840,0.00181,0.00477,1
0.2851,-0.51950,0.04108,0.00359,-0.00005,0.02167,-0.00868,1.41675,-0.02027,0.00153,0.03040,0.00047,-0.00518,0.01129,-0.00236,0.86381,0,-0.00000,-0.00023,-0.08927,0.44322,-0.01840,0.00181,0.00477,1
0.2871,-0.51950,0.04108,0.00364,-0.00006,0.02015,-0.00885,1.41675,-0.02041,0.00154,0.03080,0.00030,-0.00358,0.01136,-0.00245,0.86379,0,-0.00000,-0.00023,-0.08927,0.44322,-0.01840,0.00181,0.00477,1
0.2891,-0.51950,0.04108,0.00367,-0.00008,0.01863,-0.00891,1.41675,-0.02056,0.00155,0.03117,0.00013,-0.00198,0.01129,-0.00249,0.86384,0,-0.00000,-0.00023,-0.08927,0.44322,-0.01840,0.00181,0.00477,1
0.2911,-0.51950,0.04108,0.00371,-0.00010,0.01710,-0.00885,1.41675,-0.02070,0.00156,0.03150,-0.00005,-0.00038,0.01110,-0.00247,0.86382,0,-0.00000,-0.00023,-0.08927,0.44322,-0.01840,0.00181,0.00477,1
0.2931,-0.51950,0.04108,0.00374,-0.00012,0.01558,-0.00867,1.41675,-0.02084,0.00157,0.03181,-0.00022,0.00122,0.01078,-0.00248,0.86385,0,-0.00000,-0.00023,-0.08927,0.44322,-0.01840,0.00181,0.00477,1
0.2951,-0.51950,0.04108,0.00377,-0.00013,0.01406,-0.00838,1.41675,-0.02098,0.00158,0.03209,-0.00039,0.00282,0.01033,-0.00255,0.86386,0,-0.00000,-0.00023,-0.08927,0.44322,-0.01840,0.00181,0.00477,1
0.2971,-0.51950,0.04108,0.00380,-0.00015,0.01254,-0.00797,1.41675,-0.02112,0.00160,0.03234,-0.00055,0.00442,0.00976,-0.00258,0.86389,0,-0.00000,-0.00023,-0.08927,0.44322,-0.01840,0.00181,0.00477,1
0.2991,-0.51950,0.04108,0.00382,-0.00017,0.01102,-0.00744,1.41675,-0.02127,0.00161,0.03256,-0.00070,0.00602,0.00905,-0.00261,0.86390,0,-0.00000,-0.00023,-0.08927,0.44322,-0.01840,0.00181,0.00477,1
0.3011,-0.51950,0.04108,0.00384,-0.00018,0.00949,-0.00680,1.41675,-0.02141,0.00162,0.03275,-0.00084,0.00762,0.00822,-0.00261,0.86393,0,-0.00000,-0.00023,-0.08927,0.44322,-0.01840,0.00181,0.00477,1
0.3031,-0.51950,0.04108,0.00386,-0.00019,0.00797,-0.00604,1.41675,-0.02155,0.00163,0.03291,-0.00096,0.00922,0.00726,-0.00260,0.86395,0,-0.00000,-0.00023,-0.08927,0.44322,-0.01840,0.00181,0.00477,1
0.3051,-0.51950,0.04108,0.00388,-0.00020,0.00645,-0.00516,1.41675,-0.02169,0.00164,0.03304,-0.00107,0.01082,0.00617,-0.00260,0.86397,0,-0.00000,-0.00023,-0.08927,0.44322,-0.01840,0.00181,0.00477,1
0.3072,-0.51950,0.04108,0.00389,-0.00021,0.00492,-0.00417,1.41675,-0.02184,0.00165,0.03314,-0.00116,0.01229,0.00496,-0.00263,0.86396,0,-0.00000,-0.00023,-0.08927,0.44322,-0.01840,0.00181,0.00477,1
0.3092,-0.51950,0.04108,0.00390,-0.00022,0.00351,-0.00306,1.41675,-0.02198,0.00166,0.03321,-0.00123,0.01363,0.00361,-0.00258,0.86400,0,-0.00000,-0.00023,-0.08927,0.44322,-0.01840,0.00181,0.00477,1
0.3112,-0.51950,0.04108,0.00390,-0.00023,0.00222,-0.00183,1.41675,-0.02212,0.00167,0.03325,-0.00128,0.01485,0.00214,-0.00259,0.86401,0,-0.00000,-0.00023,-0.08927,0.44322,-0.01840,0.00181,0.00477,1
0.3132,-0.51950,0.04108,0.00390,-0.00023,0.00105,-0.00049,1.41675,-0.02226,0.00168,0.03327,-0.00130,0.01594,0.00054,-0.00255,0.86405,0,-0.00000,-0.00023,-0.08927,0.44322,-0.01840,0.00181,0.00477,1
0.3152,-0.52370,0.04109,0.00483,-0.00020,0.00287,-0.00108,1.41188,-0.02241,0.00169,0.04114,-0.00101,0.01715,-0.00093,-0.00249,0.86406,0,0.00473,0.00014,-0.08317,0.44434,-0.02453,-0.00028,0.00072,1
0.3172,-0.52370,0.04109,0.00484,-0.00020,0.00168,0.00026,1.41188,-0.02255,0.00170,0.04117,-0.00101,0.01850,-0.00228,-0.00249,0.86406,0,0.00473,0.00014,-0.08317,0.44434,-0.02453,-0.00028,0.00072,1
0.3192,-0.52370,0.04109,0.00484,-0.00020,0.00037,0.00148,1.41188,-0.02269,0.00171,0.04117,-0.00100,0.01971,-0.00349,-0.00249,0.86407,0,0.00473,0.00014,-0.08317,0.44434,-0.02453,-0.00028,0.00072,1
0.3212,-0.52370,0.04109,0.00484,-0.00019,-0.00082,0.00259,1.41188,-0.02283,0.00172,0.04116,-0.00095,0.02080,-0.00458,-0.00248,0.86407,0,0.00473,0.00014,-0.08317,0.44434,-0.02453,-0.00028,0.00072,1
0.3232,-0.52370,0.04109,0.00484,-0.00019,-0.00190,0.00359,1.41188,-0.02298,0.00174,0.04111,-0.00089,0.02176,-0.00554,-0.00245,0.86406,0,0.00473,0.00014,-0.08317,0.44434,-0.02453,-0.00028,0.00072,1
0.3252,-0.52370,0.04109,0.00483,-0.00018,-0.00285,0.00446,1.41188,-0.02312,0.00175,0.04105,-0.00081,0.02259,-0.00637,-0.00240,0.86408,0,0.00473,0.00014,-0.08317,0.44434,-0.02453,-0.00028,0.00072,1
0.3272,-0.52370,0.04109,0.00483,-0.00017,-0.00370,0.00522,1.41188,-0.02326,0.00176,0.04098,-0.00072,0.02330,-0.00708,-0.00240,0.86409,0,0.00473,0.00014,-0.08317,0.44434,-0.02453,-0.00028,0.00072,1
0.3292,-0.52370,0.04109,0.00482,-0.00016,-0.00442,0.00586,1.41188,-0.02340,0.00177,0.04088,-0.00061,0.02387,-0.00765,-0.00236,0.86409,0,0.00473,0.00014,-0.08317,0.44434,-0.02453,-0.00028,0.00072,1
0.3312,-0.52370,0.04109,0.00481,-0.00015,-0.00503,0.00639,1.41188,-0.02355,0.00178,0.04077,-0.00048,0.02432,-0.00810,-0.00237,0.86407,0,0.00473,0.00014,-0.08317,0.44434,-0.02453,-0.00028,0.00072,1
0.3332,-0.52370,0.04109,0.00480,-0.00013,-0.00553,0.00680,1.41188,-0.02369,0.00179,0.04066,-0.00035,0.02464,-0.00842,-0.00235,0.86405,0,0.00473,0.00014,-0.08317,0.44434,-0.02453,-0.00028,0.00072,1
0.3352,-0.52370,0.04109,0.00479,-0.00012,-0.00590,0.00709,1.41188,-0.02383,0.00180,0.04053,-0.00022,0.02483,-0.00861,-0.00232,0.86405,0,0.00473,0.00014,-0.08317,0.44434,-0.02453,-0.00028,0.00072,1
0.3372,-0.52370,0.04109,0.00477,-0.00010,-0.00616,0.00727,1.41188,-0.02398,0.00181,0.04040,-0.00007,0.02490,-0.00868,-0.00225,0.86405,0,0.00473,0.00014,-0.08317,0.44434,-0.02453,-0.00028,0.00072,1
0.3393,-0.52370,0.04109,0.00476,-0.00009,-0.00630,0.00733,1.41188,-0.02412,0.00182,0.04026,0.00007,0.02483,-0.00861,-0.00219,0.86405,0,0.00473,0.00014,-0.08317,0.44434,-0.02453,-0.00028,0.00072,1
0.3413,-0.52370,0.04109,0.00475,-0.00008,-0.00633,0.00727,1.41188,-0.02426,0.00183,0.04012,0.00022,0.02464,-0.00842,-0.00220,0.86403,0,0.00473,0.00014,-0.08317,0.44434,-0.02453,-0.00028,0.00072,1
0.3433,-0.52370,0.04109,0.00474,-0.00006,-0.00624,0.00710,1.41188,-0.02440,0.00184,0.03998,0.00036,0.02432,-0.00810,-0.00217,0.86402,0,0.00473,0.00014,-0.08317,0.44434,-0.02453,-0.00028,0.00072,1
0.3453,-0.52370,0.04109,0.00472,-0.00005,-0.00603,0.00681,1.41188,-0.02455,0.00185,0.03985,0.00050,0.02387,-0.00765,-0.00212,0.86403,0,0.00473,0.00014,-0.08317,0.44434,-0.02453,-0.00028,0.00072,1
0.3473,-0.52370,0.04109,0.00471,-0.00003,-0.00571,0.00640,1.41188,-0.02469,0.00187,0.03972,0.00063,0.02330,-0.00708,-0.00210,0.86398,0,0.00473,0.00014,-0.08317,0.44434,-0.02453,-0.00028,0.00072,1
0.3493,-0.52370,0.04109,0.00470,-0.00002,-0.00527,0.00588,1.41188,-0.02483,0.00188,0.03959,0.00075,0.02259,-0.00637,-0.00204,0.86396,0,0.00473,0.00014,-0.08317,0.44434,-0.02453,-0.00028,0.00072,1
0.3513,-0.52370,0.04109,0.00469,-0.00001,-0.00471,0.00524,1.41188,-0.02498,0.00189,0.03948,0.00086,0.02176,-0.00554,-0.00202,0.86395,0,0.00473,0.00014,-0.08317,0.44434,-0.02453,-0.00028,0.00072,1
0.3533,-0.52370,0.04109,0.00468,-0.00000,-0.00404,0.00448,1.41188,-0.02512,0.00190,0.03938,0.00096,0.02080,-0.00458,-0.00199,0.86393,0,0.00473,0.00014,-0.08317,0.44434,-0.02453,-0.00028,0.00072,1
0.3553,-0.52370,0.04109,0.00467,0.00001,-0.00325,0.00361,1.41188,-0.02526,0.00191,0.03929,0.00104,0.01971,-0.00349,-0.00197,0.86390,0,0.00473,0.00014,-0.08317,0.44434,-0.02453,-0.00028,0.00072,1
0.3573,-0.52370,0.04109,0.00467,0.00001,-0.00235,0.00262,1.41188,-0.02540,0.00192,0.03922,0.00110,0.01850,-0.00228,-0.00196,0.86390,0,0.00473,0.00014,-0.08317,0.44434,-0.02453,-0.00028,0.00072,1
0.3593,-0.52370,0.04109,0.00467,0.00002,-0.00132,0.00151,1.41188,-0.02555,0.00193,0.03917,0.00114,0.01715,-0.00093,-0.00199,0.86390,0,0.00473,0.00014,-0.08317,0.44434,-0.02453,-0.00028,0.00072,1
0.3613,-0.52370,0.04109,0.00466,0.00002,-0.00018,0.00029,1.41188,-0.02569,0.00194,0.03914,0.00116,0.01568,0.00054,-0.00197,0.86387,0,0.00473,0.00014,-0.08317,0.44434,-0.02453,-0.00028,0.00072,1
0.3633,-0.52370,0.04109,0.00466,0.00002,0.00107,-0.00105,1.41188,-0.02583,0.00195,0.03913,0.00116,0.01408,0.00214,-0.00198,0.86391,0,0.00473,0.00014,-0.08317,0.44434,-0.02453,-0.00028,0.00072,1
0.3653,-0.52370,0.04109,0.00467,0.00002,0.00244,-0.00250,1.41188,-0.02597,0.00196,0.03915,0.00112,0.01261,0.00361,-0.00196,0.86390,0,0.00473,0.00014,-0.08317,0.44434,-0.02453,-0.00028,0.00072,1
0.3673,-0.52370,0.04109,0.00467,0.00001,0.00370,-0.00384,1.41188,-0.02611,0.00197,0.03920,0.00106,0.01126,0.00496,-0.00203,0.86388,0,0.00473,0.00014,-0.08317,0.44434,-0.02453,-0.00028,0.00072,1
0.3693,-0.52370,0.04109,0.00468,-0.00000,0.00483,-0.00506,1.41188,-0.02626,0.00198,0.03927,0.00097,0.01005,0.00617,-0.00197,0.86389,0,0.00473,0.00014,-0.08317,0.44434,-0.02453,-0.00028,0.00072,1
0.3713,-0.52370,0.04109,0.00469,-0.00001,0.00586,-0.00617,1.41188,-0.02640,0.00199,0.03935,0.00086,0.00896,0.00726,-0.00197,0.86388,0,0.00473,0.00014,-0.08317,0.44434,-0.02453,-0.00028,0.00072,1
0.3733,-0.52370,0.04109,0.00471,-0.00002,0.00676,-0.00716,1.41188,-0.02654,0.00200,0.03946,0.00073,0.00800,0.00822,-0.00198,0.86390,0,0.00473,0.00014,-0.08317,0.44434,-0.02453,-0.00028,0.00072,1
0.3753,-0.52370,0.04109,0.00472,-0.00004,0.00755,-0.00803,1.41188,-0.02668,0.00202,0.03959,0.00059,0.00717,0.00905,-0.00194,0.86392,0,0.00473,0.00014,-0.08317,0.44434,-0.02453,-0.00028,0.00072,1
0.3773,-0.52370,0.04109,0.00474,-0.00006,0.00822,-0.00878,1.41188,-0.02683,0.00203,0.03973,0.00042,0.00646,0.00976,-0.00192,0.86393,0,0.00473,0.00014,-0.08317,0.44434,-0.02453,-0.00028,0.00072,1
0.3794,-0.52370,0.04109,0.00475,-0.00007,0.00878,-0.00942,1.41188,-0.02697,0.00204,0.03988,0.00024,0.00589,0.01033,-0.00195,0.86392,0,0.00473,0.00014,-0.08317,0.44434,-0.02453,-0.00028,0.00072,1
0.3815,-0.52325,0.04191,0.00512,-0.00008,0.01003,-0.00955,1.41219,-0.02712,0.00205,0.04359,0.00042,0.00544,0.01078,-0.00195,0.86399,0,0.00539,-0.00011,-0.08317,0.44434,-0.02453,-0.00028,0.00072,1
0.3835,-0.52325,0.04191,0.00514,-0.00010,0.01034,-0.00995,1.41219,-0.02726,0.00206,0.04377,0.00023,0.00512,0.01110,-0.00195,0.86399,0,0.00539,-0.00011,-0.08317,0.44434,-0.02453,-0.00028,0.00072,1
0.3855,-0.52325,0.04191,0.00516,-0.00012,0.01054,-0.01024,1.41219,-0.02741,0.00207,0.04396,0.00003,0.00493,0.01129,-0.00194,0.86402,0,0.00539,-0.00011,-0.08317,0.44434,-0.02453,-0.00028,0.00072,1
0.3875,-0.52325,0.04191,0.00518,-0.00014,0.01062,-0.01042,1.41219,-0.02755,0.00208,0.04415,-0.00017,0.00486,0.01136,-0.00194,0.86402,0,0.00539,-0.00011,-0.08317,0.44434,-0.02453,-0.00028,0.00072,1
0.3895,-0.52325,0.04191,0.00520,-0.00016,0.01059,-0.01047,1.41219,-0.02769,0.00209,0.04434,-0.00038,0.00493,0.01129,-0.00195,0.86404,0,0.00539,-0.00011,-0.08317,0.44434,-0.02453,-0.00028,0.00072,1
0.3915,-0.52325,0.04191,0.00522,-0.00018,0.01044,-0.01041,1.41219,-0.02783,0.00210,0.04453,-0.00058,0.00512,0.01110,-0.00193,0.86410,0,0.00539,-0.00011,-0.08317,0.44434,-0.02453,-0.00028,0.00072,1
0.3935,-0.52325,0.04191,0.00524,-0.00021,0.01017,-0.01023,1.41219,-0.02797,0.00211,0.04472,-0.00078,0.00544,0.01078,-0.00193,0.86409,0,0.00539,-0.00011,-0.08317,0.44434,-0.02453,-0.00028,0.00072,1
0.3955,-0.52325,0.04191,0.00526,-0.00023,0.00979,-0.00994,1.41219,-0.02812,0.00212,0.04490,-0.00098,0.00589,0.01033,-0.00189,0.86412,0,0.00539,-0.00011,-0.08317,0.44434,-0.02453,-0.00028,0.00072,1
0.3975,-0.52325,0.04191,0.00528,-0.00024,0.00928,-0.00952,1.41219,-0.02826,0.00213,0.04507,-0.00117,0.00646,0.00976,-0.00182,0.86416,0,0.00539,-0.00011,-0.08317,0.44434,-0.02453,-0.00028,0.00072,1
0.3995,-0.52325,0.04191,0.00530,-0.00026,0.00867,-0.00900,1.41219,-0.02840,0.00215,0.04523,-0.00135,0.00717,0.00905,-0.00182,0.86418,0,0.00539,-0.00011,-0.08317,0.44434,-0.02453,-0.00028,0.00072,1
0.4015,-0.52325,0.04191,0.00532,-0.00028,0.00793,-0.00835,1.41219,-0.02854,0.00216,0.04537,-0.00152,0.00800,0.00822,-0.00175,0.86415,0,0.00539,-0.00011,-0.08317,0.44434,-0.02453,-0.00028,0.00072,1
0.4035,-0.52325,0.04191,0.00533,-0.00030,0.00708,-0.00759,1.41219,-0.02869,0.00217,0.04551,-0.00168,0.00896,0.00726,-0.00175,0.86417,0,0.00539,-0.00011,-0.08317,0.44434,-0.02453,-0.00028,0.00072,1
0.4055,-0.52325,0.04191,0.00535,-0.00031,0.00611,-0.00671,1.41219,-0.02883,0.00218,0.04562,-0.00182,0.01005,0.00617,-0.00170,0.86422,0,0.00539,-0.00011,-0.08317,0.44434,-0.02453,-0.00028,0.00072,1
0.4075,-0.52325,0.04191,0.00536,-0.00032,0.00503,-0.00572,1.41219,-0.02897,0.00219,0.04571,-0.00194,0.01126,0.00496,-0.00173,0.86425,0,0.00539,-0.00011,-0.08317,0.44434,-0.02453,-0.00028,0.00072,1
0.4095,-0.52325,0.04191,0.00537,-0.00033,0.00382,-0.00460,1.41219,-0.02911,0.00220,0.04578,-0.00204,0.01261,0.00361,-0.00168,0.86424,0,0.00539,-0.00011,-0.08317,0.44434,-0.02453,-0.00028,0.00072,1
0.4115,-0.52325,0.04191,0.00537,-0.00034,0.00251,-0.00338,1.41219,-0.02925,0.00221,0.04582,-0.00212,0.01408,0.00214,-0.00163,0.86427,0,0.00539,-0.00011,-0.08317,0.44434,-0.02453,-0.00028,0.00072,1
0.4135,-0.52325,0.04191,0.00538,-0.00035,0.00107,-0.00203,1.41219,-0.02940,0.00222,0.04584,-0.00217,0.01568,0.00054,-0.00156,0.86430,0,0.00539,-0.00011,-0.08317,0.44434,-0.02453,-0.00028,0.00072,1
0.4155,-0.52325,0.04191,0.00538,-0.00035,-0.00048,-0.00057,1.41219,-0.02954,0.00223,0.04583,-0.00219,0.01715,-0.00093,-0.00156,0.86430,0,0.00539,-0.00011,-0.08317,0.44434,-0.02453,-0.00028,0.00072,1
0.4175,-0.52325,0.04191,0.00537,-0.00035,-0.00191,0.00077,1.41219,-0.02968,0.00224,0.04579,-0.00219,0.01850,-0.00228,-0.00151,0.86427,0,0.00539,-0.00011,-0.08317,0.44434,-0.02453,-0.00028,0.00072,1
0.4195,-0.52325,0.04191,0.00537,-0.00035,-0.00323,0.00200,1.41219,-0.02982,0.00225,0.04572,-0.00216,0.01971,-0.00349,-0.00145,0.86428,0,0.00539,-0.00011,-0.08317,0.44434,-0.02453,-0.00028,0.00072,1
0.4215,-0.52325,0.04191,0.00536,-0.00034,-0.00443,0.00311,1.41219,-0.02997,0.00226,0.04563,-0.00211,0.02080,-0.00458,-0.00141,0.86425,0,0.00539,-0.00011,-0.08317,0.44434,-0.02453,-0.00028,0.00072,1
0.4235,-0.52325,0.04191,0.00535,-0.00033,-0.00551,0.00411,1.41219,-0.03011,0.00227,0.04551,-0.00204,0.02176,-0.00554,-0.00138,0.86426,0,0.00539,-0.00011,-0.08317,0.44434,-0.02453,-0.00028,0.00072,1
0.4255,-0.52325,0.04191,0.00534,-0.00033,-0.00648,0.00499,1.41219,-0.03025,0.00229,0.04538,-0.00194,0.02259,-0.00637,-0.00125,0.86426,0,0.00539,-0.00011,-0.08317,0.44434,-0.02453,-0.00028,0.00072,1
0.4275,-0.52325,0.04191,0.00532,-0.00031,-0.00733,0.00575,1.41219,-0.03039,0.00230,0.04522,-0.00184,0.02330,-0.00708,-0.00125,0.86426,0,0.00539,-0.00011,-0.08317,0.44434,-0.02453,-0.00028,0.00072,1
0.4295,-0.52325,0.04191,0.00531,-0.00030,-0.00807,0.00639,1.41219,-0.03053,0.00231,0.04505,-0.00172,0.02387,-0.00765,-0.00121,0.86427,0,0.00539,-0.00011,-0.08317,0.44434,-0.02453,-0.00028,0.00072,1
0.4315,-0.52325,0.04191,0.00529,-0.00029,-0.00869,0.00692,1.41219,-0.03068,0.00232,0.04487,-0.00158,0.02432,-0.00810,-0.00112,0.86425,0,0.00539,-0.00011,-0.08317,0.44434,-0.02453,-0.00028,0.00072,1
0.4335,-0.52325,0.04191,0.00527,-0.00027,-0.00919,0.00733,1.41219,-0.03082,0.00233,0.04467,-0.00144,0.02464,-0.00842,-0.00112,0.86425,0,0.00539,-0.00011,-0.08317,0.44434,-0.02453,-0.00028,0.00072,1
0.4355,-0.52325,0.04191,0.00526,-0.00026,-0.00957,0.00763,1.41219,-0.03096,0.00234,0.04447,-0.00129,0.02483,-0.00861,-0.00104,0.86419,0,0.00539,-0.00011,-0.08317,0.44434,-0.02453,-0.00028,0.00072,1
0.4375,-0.52325,0.04191,0.00524,-0.00024,-0.00984,0.00781,1.41219,-0.03110,0.00235,0.04426,-0.00114,0.02490,-0.00868,-0.00100,0.86420,0,0.00539,-0.00011,-0.08317,0.44434,-0.02453,-0.00028,0.00072,1
0.4395,-0.52325,0.04191,0.00522,-0.00023,-0.00999,0.00787,1.41219,-0.03125,0.00236,0.04405,-0.00098,0.02483,-0.00861,-0.00096,0.86415,0,0.00539,-0.00011,-0.08317,0.44434,-0.02453,-0.00028,0.00072,1
0.4415,-0.52325,0.04191,0.00520,-0.00021,-0.01003,0.00782,1.41219,-0.03139,0.00237,0.04383,-0.00083,0.02464,-0.00842,-0.00085,0.86415,0,0.00539,-0.00011,-0.08317,0.44434,-0.02453,-0.00028,0.00072,1
0.4435,-0.52325,0.04191,0.00518,-0.00020,-0.00994,0.00765,1.41219,-0.03153,0.00238,0.04362,-0.00068,0.02432,-0.00810,-0.00086,0.86409,0,0.00539,-0.00011,-0.08317,0.44434,-0.02453,-0.00028,0.00072,1
0.4455,-0.52325,0.04191,0.00516,-0.00018,-0.00974,0.00736,1.41219,-0.03167,0.00239,0.04340,-0.00053,0.02387,-0.00765,-0.00076,0.86410,0,0.00539,-0.00011,-0.08317,0.44434,-0.02453,-0.00028,0.00072,1
0.4476,-0.52325,0.04191,0.00514,-0.00017,-0.00943,0.00695,1.41219,-0.03182,0.00240,0.04319,-0.00038,0.02330,-0.00708,-0.00078,0.86412,0,0.00539,-0.00011,-0.08317,0.44434,-0.02453,-0.00028,0.00072,1
0.4496,-0.52325,0.04191,0.00512,-0.00015,-0.00900,0.00643,1.41219,-0.03197,0.00241,0.04299,-0.00025,0.02259,-0.00637,-0.00071,0.86408,0,0.00539,-0.00011,-0.08317,0.44434,-0.02453,-0.00028,0.00072,1
0.4517,-0.52325,0.04191,0.00510,-0.00014,-0.00845,0.00580,1.41219,-0.03211,0.00243,0.04280,-0.00013,0.02176,-0.00554,-0.00072,0.86410,0,0.00539,-0.00011,-0.08317,0.44434,-0.02453,-0.00028,0.00072,1
0.4537,-0.52087,0.03909,0.00492,0.00002,-0.01029,0.00751,1.40519,-0.03225,0.00244,0.04174,0.00062,0.02080,-0.00458,-0.00068,0.86410,0,0.00515,-0.00015,-0.08317,0.44434,-0.02453,-0.00028,0.00072,1
0.4557,-0.52087,0.03909,0.00490,0.00003,-0.00950,0.00664,1.40519,-0.03239,0.00245,0.04152,0.00076,0.01971,-0.00349,-0.00068,0.86410,0,0.00515,-0.00015,-0.08317,0.44434,-0.02453,-0.00028,0.00072,1
0.4577,-0.52087,0.03909,0.00489,0.00005,-0.00860,0.00565,1.40519,-0.03254,0.00246,0.04133,0.00089,0.01850,-0.00228,-0.00067,0.86409,0,0.00515,-0.00015,-0.08317,0.44434,-0.02453,-0.00028,0.00072,1
0.4597,-0.52087,0.03909,0.00487,0.00006,-0.00758,0.00454,1.40519,-0.03268,0.00247,0.04115,0.00099,0.01715,-0.00093,-0.00062,0.86406,0,0.00515,-0.00015,-0.08317,0.44434,-0.02453,-0.00028,0.00072,1
0.4617,-0.52087,0.03909,0.00486,0.00006,-0.00645,0.00332,1.40519,-0.03282,0.00248,0.04099,0.00107,0.01568,0.00054,-0.00063,0.86406,0,0.00515,-0.00015,-0.08317,0.44434,-0.02453,-0.00028,0.00072,1
0.4637,-0.52087,0.03909,0.00484,0.00007,-0.00519,0.00198,1.40519,-0.03296,0.00249,0.04085,0.00112,0.01408,0.00214,-0.00063,0.86404,0,0.00515,-0.00015,-0.08317,0.44434,-0.02453,-0.00028,0.00072,1
0.4657,-0.52087,0.03909,0.00483,0.00007,-0.00383,0.00052,1.40519,-0.03310,0.00250,0.04075,0.00115,0.01248,0.00365,-0.00058,0.86405,0,0.00515,-0.00015,-0.08317,0.44434,-0.02453,-0.00028,0.00072,1
0.4677,-0.52087,0.03909,0.00483,0.00007,-0.00246,-0.00085,1.40519,-0.03325,0.00251,0.04066,0.00114,0.01088,0.00503,-0.00061,0.86405,0,0.00515,-0.00015,-0.08317,0.44434,-0.02453,-0.00028,0.00072,1
0.4697,-0.52087,0.03909,0.00482,0.00007,-0.00109,-0.00210,1.40519,-0.03339,0.00252,0.04061,0.00112,0.00928,0.00628,-0.00059,0.86406,0,0.00515,-0.00015,-0.08317,0.44434,-0.02453,-0.00028,0.00072,1
0.4717,-0.52087,0.03909,0.00482,0.00006,0.00028,-0.00324,1.40519,-0.03353,0.00253,0.04058,0.00107,0.00768,0.00740,-0.00058,0.86406,0,0.00515,-0.00015,-0.08317,0.44434,-0.02453,-0.00028,0.00072,1
0.4737,-0.52087,0.03909,0.00483,0.00006,0.00165,-0.00427,1.40519,-0.03368,0.00254,0.04058,0.00099,0.00621,0.00840,-0.00059,0.86411,0,0.00515,-0.00015,-0.08317,0.44434,-0.02453,-0.00028,0.00072,1
0.4757,-0.52087,0.03909,0.00483,0.00005,0.00290,-0.00517,1.40519,-0.03382,0.00255,0.04060,0.00090,0.00486,0.00926,-0.00056,0.86409,0,0.00515,-0.00015,-0.08317,0.44434,-0.02453,-0.00028,0.00072,1
0.4777,-0.52087,0.03909,0.00484,0.00004,0.00404,-0.00596,1.40519,-0.03396,0.00257,0.04065,0.00079,0.00365,0.01000,-0.00049,0.86415,0,0.00515,-0.00015,-0.08317,0.44434,-0.02453,-0.00028,0.00072,1
0.4797,-0.52087,0.03909,0.00485,0.00002,0.00505,-0.00663,1.40519,-0.03411,0.00258,0.04072,0.00067,0.00256,0.01062,-0.00054,0.86415,0,0.00515,-0.00015,-0.08317,0.44434,-0.02453,-0.00028,0.00072,1
0.4817,-0.52087,0.03909,0.00486,0.00001,0.00596,-0.00719,1.40519,-0.03425,0.00259,0.04081,0.00054,0.00160,0.01110,-0.00049,0.86418,0,0.00515,-0.00015,-0.08317,0.44434,-0.02453,-0.00028,0.00072,1
0.4838,-0.52087,0.03909,0.00487,-0.00001,0.00674,-0.00763,1.40519,-0.03439,0.00260,0.04091,0.00039,0.00077,0.01145,-0.00049,0.86419,0,0.00515,-0.00015,-0.08317,0.44434,-0.02453,-0.00028,0.00072,1
0.4858,-0.52087,0.03909,0.00488,-0.00002,0.00741,-0.00795,1.40519,-0.03453,0.00261,0.04103,0.00024,0.00006,0.01168,-0.00045,0.86422,0,0.00515,-0.00015,-0.08317,0.44434,-0.02453,-0.00028,0.00072,1
0.4878,-0.52087,0.03909,0.00490,-0.00004,0.00796,-0.00816,1.40519,-0.03468,0.00262,0.04116,0.00008,-0.00051,0.01178,-0.00052,0.86424,0,0.00515,-0.00015,-0.08317,0.44434,-0.02453,-0.00028,0.00072,1
0.4898,-0.52087,0.03909,0.00492,-0.00005,0.00840,-0.00825,1.40519,-0.03482,0.00263,0.04130,-0.00007,-0.00096,0.01175,-0.00052,0.86427,0,0.00515,-0.00015,-0.08317,0.44434,-0.02453,-0.00028,0.00072,1
0.4918,-0.52087,0.03909,0.00493,-0.00007,0.00872,-0.00822,1.40519,-0.03496,0.00264,0.04145,-0.00024,-0.00128,0.01160,-0.00050,0.86428,0,0.00515,-0.00015,-0.08317,0.44434,-0.02453,-0.00028,0.00072,1
0.4938,-0.52087,0.03909,0.00495,-0.00009,0.00892,-0.00808,1.40519,-0.03510,0.00265,0.04160,-0.00039,-0.00147,0.01131,-0.00053,0.86432,0,0.00515,-0.00015,-0.08317,0.44434,-0.02453,-0.00028,0.00072,1
0.4958,-0.52087,0.03909,0.00497,-0.00010,0.00901,-0.00781,1.40519,-0.03525,0.00266,0.04176,-0.00055,-0.00154,0.01090,-0.00049,0.86431,0,0.00515,-0.00015,-0.08317,0.44434,-0.02453,-0.00028,0.00072,1
0.4978,-0.52087,0.03909,0.00499,-0.00012,0.00898,-0.00744,1.40519,-0.03539,0.00267,0.04191,-0.00070,-0.00147,0.01036,-0.00055,0.86436,0,0.00515,-0.00015,-0.08317,0.44434,-0.02453,-0.00028,0.00072,1
0.4998,-0.52087,0.03909,0.00500,-0.00013,0.00883,-0.00694,1.40519,-0.03553,0.00268,0.04207,-0.00084,-0.00128,0.00969,-0.00053,0.86437,0,0.00515,-0.00015,-0.08317,0.44434,-0.02453,-0.00028,0.00072,1
0.5018,-0.52087,0.03909,0.00502,-0.00015,0.00857,-0.00633,1.40519,-0.03568,0.00269,0.04222,-0.00097,-0.00096,0.00889,-0.00054,0.86440,0,0.00515,-0.00015,-0.08317,0.44434,-0.02453,-0.00028,0.00072,1
0.5038,-0.52087,0.03909,0.00504,-0.00016,0.00818,-0.00561,1.40519,-0.03582,0.00271,0.04236,-0.00108,-0.00051,0.00797,-0.00053,0.86441,0,0.00515,-0.00015,-0.08317,0.44434,-0.02453,-0.00028,0.00072,1
0.5058,-0.52087,0.03909,0.00505,-0.00017,0.00769,-0.00476,1.40519,-0.03596,0.00272,0.04249,-0.00118,0.00006,0.00692,-0.00050,0.86442,0,0.00515,-0.00015,-0.08317,0.44434,-0.02453,-0.00028,0.00072,1
0.5079,-0.52087,0.03909,0.00507,-0.00018,0.00707,-0.00380,1.40519,-0.03610,0.00273,0.04262,-0.00127,0.00077,0.00574,-0.00047,0.86442,0,0.00515,-0.00015,-0.08317,0.44434,-0.02453,-0.00028,0.00072,1
0.5099,-0.52087,0.03909,0.00508,-0.00018,0.00634,-0.00273,1.40519,-0.03625,0.00274,0.04273,-0.00133,0.00160,0.00443,-0.00043,0.86445,0,0.00515,-0.00015,-0.08317,0.44434,-0.02453,-0.00028,0.00072,1
0.5119,-0.52087,0.03909,0.00509,-0.00019,0.00549,-0.00153,1.40519,-0.03639,0.00275,0.04282,-0.00137,0.00256,0.00299,-0.00048,0.86443,0,0.00515,-0.00015,-0.08317,0.44434,-0.02453,-0.00028,0.00072,1
0.5139,-0.52087,0.03909,0.00510,-0.00019,0.00453,-0.00022,1.40519,-0.03653,0.00276,0.04290,-0.00138,0.00365,0.00143,-0.00048,0.86443,0,0.00515,-0.00015,-0.08317,0.44434,-0.02453,-0.00028,0.00072,1
0.5159,-0.52087,0.03909,0.00511,-0.00019,0.00345,0.00120,1.40519,-0.03668,0.00277,0.04296,-0.00137,0.00486,-0.00001,-0.00048,0.86446,0,0.00515,-0.00015,-0.08317,0.44434,-0.02453,-0.00028,0.00072,1
0.5179,-0.52087,0.03909,0.00512,-0.00018,0.00225,0.00251,1.40519,-0.03682,0.00278,0.04299,-0.00133,0.00617,-0.00132,-0.00041,0.86444,0,0.00515,-0.00015,-0.08317,0.44434,-0.02453,-0.00028,0.00072,1
0.5199,-0.52087,0.03909,0.00512,-0.00018,0.00097,0.00370,1.40519,-0.03696,0.00279,0.04300,-0.00127,0.00735,-0.00250,-0.00033,0.86443,0,0.00515,-0.00015,-0.08317,0.44434,-0.02453,-0.00028,0.00072,1
0.5219,-0.52087,0.03909,0.00512,-0.00017,-0.00019,0.00478,1.40519,-0.03710,0.00280,0.04298,-0.00119,0.00840,-0.00355,-0.00027,0.86445,0,0.00515,-0.00015,-0.08317,0.44434,-0.02453,-0.00028,0.00072,1
0.5239,-0.51973,0.03878,0.00505,-0.00025,0.00030,0.00409,1.40739,-0.03725,0.00281,0.04261,-0.00207,0.00933,-0.00448,-0.00024,0.86439,0,0.00464,-0.00007,-0.08638,0.44658,-0.02123,-0.00175,0.00578,1
0.5259,-0.51973,0.03878,0.00505,-0.00024,-0.00063,0.00493,1.40739,-0.03739,0.00282,0.04259,-0.00197,0.01012,-0.00527,-0.00026,0.86441,0,0.00464,-0.00007,-0.08638,0.44658,-0.02123,-0.00175,0.00578,1
0.5279,-0.51973,0.03878,0.00505,-0.00023,-0.00144,0.00566,1.40739,-0.03753,0.00284,0.04255,-0.00187,0.01079,-0.00594,-0.00020,0.86438,0,0.00464,-0.00007,-0.08638,0.44658,-0.02123,-0.00175,0.00578,1
0.5300,-0.51973,0.03878,0.00505,-0.00022,-0.00214,0.00627,1.40739,-0.03767,0.00285,0.04249,-0.00175,0.01133,-0.00648,-0.00016,0.86436,0,0.00464,-0.00007,-0.08638,0.44658,-0.02123,-0.00175,0.00578,1
0.5319,-0.51973,0.03878,0.00504,-0.00021,-0.00272,0.00677,1.40739,-0.03782,0.00286,0.04242,-0.00162,0.01174,-0.00689,-0.00009,0.86437,0,0.00464,-0.00007,-0.08638,0.44658,-0.02123,-0.00175,0.00578,1
0.5339,-0.51973,0.03878,0.00504,-0.00019,-0.00318,0.00715,1.40739,-0.03796,0.00287,0.04234,-0.00148,0.01203,-0.00718,-0.00007,0.86434,0,0.00464,-0.00007,-0.08638,0.44658,-0.02123,-0.00175,0.00578,1
0.5360,-0.51973,0.03878,0.00503,-0.00018,-0.00353,0.00741,1.40739,-0.03810,0.00288,0.04225,-0.00134,0.01219,-0.00733,-0.00003,0.86434,0,0.00464,-0.00007,-0.08638,0.44658,-0.02123,-0.00175,0.00578,1
0.5380,-0.51973,0.03878,0.00502,-0.00016,-0.00376,0.00755,1.40739,-0.03824,0.00289,0.04215,-0.00119,0.01221,-0.00736,0.00002,0.86428,0,0.00464,-0.00007,-0.08638,0.44658,-0.02123,-0.00175,0.00578,1
0.5400,-0.51973,0.03878,0.00501,-0.00015,-0.00388,0.00758,1.40739,-0.03839,0.00290,0.04205,-0.00104,0.01211,-0.00726,0.00000,0.86428,0,0.00464,-0.00007,-0.08638,0.44658,-0.02123,-0.00175,0.00578,1
0.5420,-0.51973,0.03878,0.00501,-0.00013,-0.00388,0.00749,1.40739,-0.03853,0.00291,0.04196,-0.00089,0.01189,-0.00704,0.00009,0.86427,0,0.00464,-0.00007,-0.08638,0.44658,-0.02123,-0.00175,0.00578,1
0.5440,-0.51973,0.03878,0.00500,-0.00012,-0.00376,0.00729,1.40739,-0.03867,0.00292,0.04186,-0.00074,0.01153,-0.00668,0.00010,0.86429,0,0.00464,-0.00007,-0.08638,0.44658,-0.02123,-0.00175,0.00578,1
0.5460,-0.51973,0.03878,0.00499,-0.00010,-0.00352,0.00697,1.40739,-0.03881,0.00293,0.04176,-0.00060,0.01105,-0.00620,0.00013,0.86423,0,0.00464,-0.00007,-0.08638,0.44658,-0.02123,-0.00175,0.00578,1
0.5480,-0.51973,0.03878,0.00498,-0.00009,-0.00317,0.00653,1.40739,-0.03895,0.00294,0.04167,-0.00046,0.01043,-0.00559,0.00016,0.86424,0,0.00464,-0.00007,-0.08638,0.44658,-0.02123,-0.00175,0.00578,1
0.5500,-0.51973,0.03878,0.00498,-0.00008,-0.00271,0.00598,1.40739,-0.03910,0.00295,0.04159,-0.00034,0.00969,-0.00485,0.00009,0.86423,0,0.00464,-0.00007,-0.08638,0.44658,-0.02123,-0.00175,0.00578,1
0.5520,-0.51973,0.03878,0.00497,-0.00007,-0.00212,0.00530,1.40739,-0.03924,0.00296,0.04152,-0.00022,0.00883,-0.00398,0.00012,0.86425,0,0.00464,-0.00007,-0.08638,0.44658,-0.02123,-0.00175,0.00578,1
0.5540,-0.51973,0.03878,0.00497,-0.00006,-0.00142,0.00452,1.40739,-0.03938,0.00297,0.04146,-0.00013,0.00783,-0.00298,0.00008,0.86424,0,0.00464,-0.00007,-0.08638,0.44658,-0.02123,-0.00175,0.00578,1
0.5560,-0.51973,0.03878,0.00497,-0.00005,-0.00060,0.00361,1.40739,-0.03952,0.00299,0.04142,-0.00004,0.00671,-0.00186,0.00010,0.86421,0,0.00464,-0.00007,-0.08638,0.44658,-0.02123,-0.00175,0.00578,1
0.5580,-0.51973,0.03878,0.00497,-0.00004,0.00033,0.00259,1.40739,-0.03967,0.00300,0.04139,0.00002,0.00545,-0.00061,0.00016,0.86422,0,0.00464,-0.00007,-0.08638,0.44658,-0.02123,-0.00175,0.00578,1
0.5600,-0.51973,0.03878,0.00497,-0.00004,0.00138,0.00145,1.40739,-0.03981,0.00301,0.04139,0.00006,0.00407,0.00077,0.00015,0.86425,0,0.00464,-0.00007,-0.08638,0.44658,-0.02123,-0.00175,0.00578,1
0.5620,-0.51973,0.03878,0.00497,-0.00004,0.00254,0.00020,1.40739,-0.03995,0.00302,0.04140,0.00008,0.00257,0.00228,0.00016,0.86427,0,0.00464,-0.00007,-0.08638,0.44658,-0.02123,-0.00175,0.00578,1
0.5640,-0.51973,0.03878,0.00498,-0.00004,0.00383,-0.00117,1.40739,-0.04009,0.00303,0.04144,0.00007,0.00119,0.00366,0.00013,0.86423,0,0.00464,-0.00007,-0.08638,0.44658,-0.02123,-0.00175,0.00578,1
0.5660,-0.51973,0.03878,0.00499,-0.00004,0.00499,-0.00242,1.40739,-0.04023,0.00304,0.04150,0.00004,-0.00007,0.00491,0.00012,0.86426,0,0.00464,-0.00007,-0.08638,0.44658,-0.02123,-0.00175,0.00578,1
0.5680,-0.51973,0.03878,0.00500,-0.00005,0.00604,-0.00356,1.40739,-0.04038,0.00305,0.04159,-0.00002,-0.00119,0.00603,0.00010,0.86427,0,0.00464,-0.00007,-0.08638,0.44658,-0.02123,-0.00175,0.00578,1
0.5700,-0.51973,0.03878,0.00501,-0.00005,0.00697,-0.00458,1.40739,-0.04052,0.00306,0.04169,-0.00010,-0.00219,0.00703,0.00008,0.86426,0,0.00464,-0.00007,-0.08638,0.44658,-0.02123,-0.00175,0.00578,1
0.5720,-0.51973,0.03878,0.00503,-0.00006,0.00779,-0.00548,1.40739,-0.04066,0.00307,0.04181,-0.00020,-0.00305,0.00790,0.00007,0.86429,0,0.00464,-0.00007,-0.08638,0.44658,-0.02123,-0.00175,0.00578,1
0.5740,-0.51973,0.03878,0.00504,-0.00008,0.00849,-0.00627,1.40739,-0.04080,0.00308,0.04195,-0.00031,-0.00379,0.00864,0.00014,0.86432,0,0.00464,-0.00007,-0.08638,0.44658,-0.02123,-0.00175,0.00578,1
0.5760,-0.51973,0.03878,0.00506,-0.00009,0.00907,-0.00694,1.40739,-0.04095,0.00309,0.04209,-0.00044,-0.00440,0.00925,0.00010,0.86435,0,0.00464,-0.00007,-0.08638,0.44658,-0.02123,-0.00175,0.00578,1
0.5780,-0.51973,0.03878,0.00508,-0.00010,0.00953,-0.00749,1.40739,-0.04109,0.00310,0.04225,-0.00058,-0.00489,0.00973,0.00004,0.86434,0,0.00464,-0.00007,-0.08638,0.44658,-0.02123,-0.00175,0.00578,1
0.5800,-0.51973,0.03878,0.00510,-0.00012,0.00988,-0.00793,1.40739,-0.04123,0.00311,0.04242,-0.00073,-0.00524,0.01009,0.00003,0.86439,0,0.00464,-0.00007,-0.08638,0.44658,-0.02123,-0.00175,0.00578,1
0.5820,-0.51973,0.03878,0.00512,-0.00013,0.01012,-0.00825,1.40739,-0.04137,0.00313,0.04259,-0.00089,-0.00547,0.01031,-0.00000,0.86441,0,0.00464,-0.00007,-0.08638,0.44658,-0.02123,-0.00175,0.00578,1
0.5840,-0.51951,0.03993,0.00509,-0.00042,0.01006,-0.00938,1.40839,-0.04152,0.00314,0.04238,-0.00339,-0.00557,0.01041,0.00005,0.86444,0,0.00497,-0.00070,-0.09053,0.44486,-0.01720,0.00059,0.00471,1
0.5860,-0.51951,0.03993,0.00511,-0.00044,0.01006,-0.00946,1.40839,-0.04166,0.00315,0.04255,-0.00357,-0.00554,0.01038,-0.00002,0.86444,0,0.00497,-0.00070,-0.09053,0.44486,-0.01720,0.00059,0.00471,1
0.5880,-0.51951,0.03993,0.00513,-0.00046,0.00994,-0.00943,1.40839,-0.04180,0.00316,0.04272,-0.00376,-0.00539,0.01023,-0.00000,0.86449,0,0.00497,-0.00070,-0.09053,0.44486,-0.01720,0.00059,0.00471,1
0.5900,-0.51951,0.03993,0.00515,-0.00048,0.00971,-0.00928,1.40839,-0.04194,0.00317,0.04289,-0.00394,-0.00510,0.00994,-0.00006,0.86448,0,0.00497,-0.00070,-0.09053,0.44486,-0.01720,0.00059,0.00471,1
0.5920,-0.51951,0.03993,0.00517,-0.00050,0.00936,-0.00901,1.40839,-0.04209,0.00318,0.04305,-0.00412,-0.00469,0.00953,-0.00002,0.86451,0,0.00497,-0.00070,-0.09053,0.44486,-0.01720,0.00059,0.00471,1
0.5940,-0.51951,0.03993,0.00519,-0.00052,0.00889,-0.00863,1.40839,-0.04223,0.00319,0.04321,-0.00429,-0.00415,0.00899,-0.00008,0.86449,0,0.00497,-0.00070,-0.09053,0.44486,-0.01720,0.00059,0.00471,1
0.5960,-0.51951,0.03993,0.00521,-0.00053,0.00830,-0.00813,1.40839,-0.04237,0.00320,0.04335,-0.00445,-0.00348,0.00832,-0.00002,0.86454,0,0.00497,-0.00070,-0.09053,0.44486,-0.01720,0.00059,0.00471,1
0.5980,-0.51951,0.03993,0.00522,-0.00055,0.00760,-0.00751,1.40839,-0.04251,0.00321,0.04348,-0.00460,-0.00269,0.00753,-0.00007,0.86453,0,0.00497,-0.00070,-0.09053,0.44486,-0.01720,0.00059,0.00471,1
0.6000,-0.51951,0.03993,0.00524,-0.00056,0.00679,-0.00677,1.40839,-0.04266,0.00322,0.04360,-0.00474,-0.00176,0.00660,-0.00009,0.86456,0,0.00497,-0.00070,-0.09053,0.44486,-0.01720,0.00059,0.00471,1
0.6020,-0.51951,0.03993,0.00525,-0.00058,0.00585,-0.00592,1.40839,-0.04280,0.00323,0.04370,-0.00487,-0.00071,0.00555,-0.00004,0.86458,0,0.00497,-0.00070,-0.09053,0.44486,-0.01720,0.00059,0.00471,1
0.6040,-0.51951,0.03993,0.00526,-0.00059,0.00480,-0.00496,1.40839,-0.04294,0.00324,0.04378,-0.00497,0.00047,0.00437,-0.00006,0.86457,0,0.00497,-0.00070,-0.09053,0.44486,-0.01720,0.00059,0.00471,1
0.6060,-0.51951,0.03993,0.00527,-0.00060,0.00364,-0.00387,1.40839,-0.04308,0.00325,0.04383,-0.00506,0.00152,0.00306,-0.00000,0.86459,0,0.00497,-0.00070,-0.09053,0.44486,-0.01720,0.00059,0.00471,1
0.6080,-0.51951,0.03993,0.00528,-0.00060,0.00259,-0.00267,1.40839,-0.04322,0.00327,0.04387,-0.00512,0.00244,0.00162,-0.00005,0.86457,0,0.00497,-0.00070,-0.09053,0.44486,-0.01720,0.00059,0.00471,1
0.6100,-0.51951,0.03993,0.00528,-0.00061,0.00165,-0.00135,1.40839,-0.04337,0.00328,0.04388,-0.00516,0.00324,0.00006,0.00002,0.86455,0,0.00497,-0.00070,-0.09053,0.44486,-0.01720,0.00059,0.00471,1
0.6120,-0.51951,0.03993,0.00528,-0.00061,0.00083,0.00008,1.40839,-0.04351,0.00329,0.04388,-0.00517,0.00391,-0.00154,0.00007,0.86458,0,0.00497,-0.00070,-0.09053,0.44486,-0.01720,0.00059,0.00471,1
0.6140,-0.51951,0.03993,0.00528,-0.00061,0.00013,0.00154,1.40839,-0.04365,0.00330,0.04387,-0.00515,0.00445,-0.00301,0.00004,0.86457,0,0.00497,-0.00070,-0.09053,0.44486,-0.01720,0.00059,0.00471,1
0.6160,-0.51951,0.03993,0.00528,-0.00060,-0.00045,0.00289,1.40839,-0.04379,0.00331,0.04384,-0.00510,0.00486,-0.00436,0.00014,0.86456,0,0.00497,-0.00070,-0.09053,0.44486,-0.01720,0.00059,0.00471,1
0.6180,-0.51951,0.03993,0.00528,-0.00059,-0.00092,0.00413,1.40839,-0.04394,0.00332,0.04380,-0.00503,0.00515,-0.00557,0.00011,0.86456,0,0.00497,-0.00070,-0.09053,0.44486,-0.01720,0.00059,0.00471,1
0.6200,-0.51951,0.03993,0.00528,-0.00059,-0.00128,0.00524,1.40839,-0.04408,0.00333,0.04375,-0.00494,0.00530,-0.00666,0.00009,0.86455,0,0.00497,-0.00070,-0.09053,0.44486,-0.01720,0.00059,0.00471,1
0.6220,-0.51951,0.03993,0.00528,-0.00057,-0.00151,0.00624,1.40839,-0.04422,0.00334,0.04370,-0.00482,0.00533,-0.00762,0.00012,0.86450,0,0.00497,-0.00070,-0.09053,0.44486,-0.01720,0.00059,0.00471,1
0.6240,-0.51951,0.03993,0.00527,-0.00056,-0.00163,0.00712,1.40839,-0.04436,0.00335,0.04364,-0.00469,0.00523,-0.00845,0.00016,0.86449,0,0.00497,-0.00070,-0.09053,0.44486,-0.01720,0.00059,0.00471,1
0.6260,-0.51951,0.03993,0.00527,-0.00055,-0.00163,0.00789,1.40839,-0.04451,0.00336,0.04358,-0.00454,0.00500,-0.00916,0.00016,0.86445,0,0.00497,-0.00070,-0.09053,0.44486,-0.01720,0.00059,0.00471,1
0.6280,-0.51951,0.03993,0.00527,-0.00053,-0.00152,0.00854,1.40839,-0.04465,0.00337,0.04352,-0.00438,0.00465,-0.00973,0.00016,0.86444,0,0.00497,-0.00070,-0.09053,0.44486,-0.01720,0.00059,0.00471,1
0.6300,-0.51951,0.03993,0.00526,-0.00051,-0.00129,0.00907,1.40839,-0.04479,0.00338,0.04347,-0.00420,0.00416,-0.01018,0.00018,0.86438,0,0.00497,-0.00070,-0.09053,0.44486,-0.01720,0.00059,0.00471,1
0.6320,-0.51951,0.03993,0.00526,-0.00049,-0.00095,0.00949,1.40839,-0.04493,0.00339,0.04342,-0.00402,0.00355,-0.01050,0.00018,0.86441,0,0.00497,-0.00070,-0.09053,0.44486,-0.01720,0.00059,0.00471,1
0.6340,-0.51951,0.03993,0.00526,-0.00047,-0.00048,0.00979,1.40839,-0.04507,0.00340,0.04338,-0.00382,0.00281,-0.01069,0.00014,0.86440,0,0.00497,-0.00070,-0.09053,0.44486,-0.01720,0.00059,0.00471,1
0.6360,-0.51951,0.03993,0.00526,-0.00045,0.00010,0.00997,1.40839,-0.04522,0.00342,0.04335,-0.00363,0.00194,-0.01076,0.00016,0.86434,0,0.00497,-0.00070,-0.09053,0.44486,-0.01720,0.00059,0.00471,1
0.6380,-0.51951,0.03993,0.00526,-0.00043,0.00079,0.01004,1.40839,-0.04536,0.00343,0.04333,-0.00343,0.00095,-0.01069,0.00015,0.86434,0,0.00497,-0.00070,-0.09053,0.44486,-0.01720,0.00059,0.00471,1
0.6400,-0.51951,0.03993,0.00526,-0.00041,0.00160,0.00998,1.40839,-0.04550,0.00344,0.04332,-0.00323,-0.00018,-0.01050,0.00013,0.86431,0,0.00497,-0.00070,-0.09053,0.44486,-0.01720,0.00059,0.00471,1
0.6420,-0.51951,0.03993,0.00527,-0.00039,0.00253,0.00982,1.40839,-0.04564,0.00345,0.04334,-0.00303,-0.00143,-0.01018,0.00016,0.86430,0,0.00497,-0.00070,-0.09053,0.44486,-0.01720,0.00059,0.00471,1
0.6440,-0.51951,0.03993,0.00527,-0.00037,0.00357,0.00953,1.40839,-0.04579,0.00346,0.04337,-0.00284,-0.00255,-0.00973,0.00010,0.86429,0,0.00497,-0.00070,-0.09053,0.44486,-0.01720,0.00059,0.00471,1
0.6461,-0.51951,0.03993,0.00528,-0.00036,0.00450,0.00913,1.40839,-0.04593,0.00347,0.04342,-0.00265,-0.00355,-0.00916,0.00015,0.86429,0,0.00497,-0.00070,-0.09053,0.44486,-0.01720,0.00059,0.00471,1
0.6481,-0.51951,0.03993,0.00529,-0.00034,0.00531,0.00861,1.40839,-0.04607,0.00348,0.04349,-0.00248,-0.00442,-0.00845,0.00012,0.86424,0,0.00497,-0.00070,-0.09053,0.44486,-0.01720,0.00059,0.00471,1
0.6501,-0.51903,0.03816,0.00576,-0.00028,0.00615,0.00995,1.40947,-0.04621,0.00349,0.04821,-0.00244,-0.00516,-0.00762,0.00011,0.86426,0,0.00622,-0.00059,-0.09607,0.44701,-0.01085,-0.00070,0.00501,1
0.6521,-0.51903,0.03816,0.00577,-0.00026,0.00672,0.00920,1.40947,-0.04636,0.00350,0.04831,-0.00225,-0.00577,-0.00666,0.00006,0.86428,0,0.00622,-0.00059,-0.09607,0.44701,-0.01085,-0.00070,0.00501,1
0.6541,-0.51903,0.03816,0.00579,-0.00024,0.00718,0.00833,1.40947,-0.04650,0.00351,0.04842,-0.00208,-0.00625,-0.00557,0.00005,0.86423,0,0.00622,-0.00059,-0.09607,0.44701,-0.01085,-0.00070,0.00501,1
0.6561,-0.51903,0.03816,0.00580,-0.00023,0.00751,0.00735,1.40947,-0.04664,0.00352,0.04853,-0.00192,-0.00661,-0.00436,0.00006,0.86422,0,0.00622,-0.00059,-0.09607,0.44701,-0.01085,-0.00070,0.00501,1
0.6581,-0.51903,0.03816,0.00582,-0.00022,0.00773,0.00625,1.40947,-0.04678,0.00353,0.04865,-0.00179,-0.00684,-0.00301,0.00007,0.86424,0,0.00622,-0.00059,-0.09607,0.44701,-0.01085,-0.00070,0.00501,1
0.6601,-0.51903,0.03816,0.00583,-0.00020,0.00783,0.00503,1.40947,-0.04693,0.00354,0.04878,-0.00167,-0.00694,-0.00154,0.00004,0.86425,0,0.00622,-0.00059,-0.09607,0.44701,-0.01085,-0.00070,0.00501,1
0.6621,-0.51903,0.03816,0.00585,-0.00020,0.00782,0.00369,1.40947,-0.04707,0.00356,0.04891,-0.00159,-0.00691,0.00006,-0.00000,0.86423,0,0.00622,-0.00059,-0.09607,0.44701,-0.01085,-0.00070,0.00501,1
0.6641,-0.51903,0.03816,0.00586,-0.00019,0.00769,0.00224,1.40947,-0.04721,0.00357,0.04903,-0.00152,-0.00675,0.00166,0.00004,0.86424,0,0.00622,-0.00059,-0.09607,0.44701,-0.01085,-0.00070,0.00501,1
0.6661,-0.51903,0.03816,0.00588,-0.00019,0.00744,0.00079,1.40947,-0.04735,0.00358,0.04915,-0.00149,-0.00647,0.00313,0.00001,0.86423,0,0.00622,-0.00059,-0.09607,0.44701,-0.01085,-0.00070,0.00501,1
0.6681,-0.51903,0.03816,0.00589,-0.00019,0.00708,-0.00054,1.40947,-0.04750,0.00359,0.04926,-0.00149,-0.00606,0.00447,0.00004,0.86426,0,0.00622,-0.00059,-0.09607,0.44701,-0.01085,-0.00070,0.00501,1
0.6701,-0.51903,0.03816,0.00591,-0.00019,0.00660,-0.00176,1.40947,-0.04764,0.00360,0.04937,-0.00151,-0.00552,0.00569,0.00003,0.86426,0,0.00622,-0.00059,-0.09607,0.44701,-0.01085,-0.00070,0.00501,1
0.6721,-0.51903,0.03816,0.00592,-0.00019,0.00600,-0.00287,1.40947,-0.04778,0.00361,0.04947,-0.00155,-0.00485,0.00678,0.00002,0.86430,0,0.00622,-0.00059,-0.09607,0.44701,-0.01085,-0.00070,0.00501,1
0.6741,-0.51903,0.03816,0.00593,-0.00020,0.00529,-0.00385,1.40947,-0.04792,0.00362,0.04955,-0.00162,-0.00405,0.00774,0.00003,0.86431,0,0.00622,-0.00059,-0.09607,0.44701,-0.01085,-0.00070,0.00501,1
0.6761,-0.51903,0.03816,0.00594,-0.00021,0.00446,-0.00472,1.40947,-0.04806,0.00363,0.04962,-0.00170,-0.00313,0.00857,-0.00001,0.86432,0,0.00622,-0.00059,-0.09607,0.44701,-0.01085,-0.00070,0.00501,1
0.6781,-0.51903,0.03816,0.00595,-0.00022,0.00351,-0.00547,1.40947,-0.04821,0.00364,0.04967,-0.00180,-0.00208,0.00927,-0.00000,0.86433,0,0.00622,-0.00059,-0.09607,0.44701,-0.01085,-0.00070,0.00501,1
0.6801,-0.51903,0.03816,0.00595,-0.00023,0.00245,-0.00611,1.40947,-0.04835,0.00365,0.04969,-0.00191,-0.00090,0.00985,0.00001,0.86438,0,0.00622,-0.00059,-0.09607,0.44701,-0.01085,-0.00070,0.00501,1
0.6821,-0.51903,0.03816,0.00596,-0.00024,0.00127,-0.00663,1.40947,-0.04849,0.00366,0.04970,-0.00203,0.00041,0.01030,0.00005,0.86443,0,0.00622,-0.00059,-0.09607,0.44701,-0.01085,-0.00070,0.00501,1
0.6841,-0.51903,0.03816,0.00596,-0.00026,-0.00002,-0.00703,1.40947,-0.04863,0.00367,0.04969,-0.00216,0.00159,0.01062,-0.00001,0.86442,0,0.00622,-0.00059,-0.09607,0.44701,-0.01085,-0.00070,0.00501,1
0.6861,-0.51903,0.03816,0.00596,-0.00027,-0.00120,-0.00732,1.40947,-0.04878,0.00368,0.04964,-0.00230,0.00264,0.01081,0.00000,0.86444,0,0.00622,-0.00059,-0.09607,0.44701,-0.01085,-0.00070,0.00501,1
0.6881,-0.51903,0.03816,0.00595,-0.00029,-0.00226,-0.00749,1.40947,-0.04892,0.00370,0.04958,-0.00245,0.00357,0.01087,0.00002,0.86446,0,0.00622,-0.00059,-0.09607,0.44701,-0.01085,-0.00070,0.00501,1
0.6901,-0.51903,0.03816,0.00595,-0.00030,-0.00321,-0.00754,1.40947,-0.04906,0.00371,0.04950,-0.00259,0.00436,0.01081,0.00002,0.86448,0,0.00622,-0.00059,-0.09607,0.44701,-0.01085,-0.00070,0.00501,1
0.6921,-0.51903,0.03816,0.00594,-0.00032,-0.00404,-0.00747,1.40947,-0.04920,0.00372,0.04940,-0.00274,0.00503,0.01062,0.00008,0.86450,0,0.00622,-0.00059,-0.09607,0.44701,-0.01085,-0.00070,0.00501,1
0.6941,-0.51903,0.03816,0.00593,-0.00033,-0.00475,-0.00729,1.40947,-0.04934,0.00373,0.04928,-0.00288,0.00557,0.01030,0.00006,0.86452,0,0.00622,-0.00059,-0.09607,0.44701,-0.01085,-0.00070,0.00501,1
0.6961,-0.51903,0.03816,0.00592,-0.00034,-0.00535,-0.00700,1.40947,-0.04949,0.00374,0.04915,-0.00302,0.00599,0.00985,0.00004,0.86457,0,0.00622,-0.00059,-0.09607,0.44701,-0.01085,-0.00070,0.00501,1
0.6981,-0.51903,0.03816,0.00591,-0.00036,-0.00583,-0.00658,1.40947,-0.04963,0.00375,0.04901,-0.00315,0.00627,0.00927,0.00008,0.86456,0,0.00622,-0.00059,-0.09607,0.44701,-0.01085,-0.00070,0.00501,1
0.7001,-0.51903,0.03816,0.00590,-0.00037,-0.00619,-0.00605,1.40947,-0.04977,0.00376,0.04886,-0.00327,0.00643,0.00857,0.00003,0.86457,0,0.00622,-0.00059,-0.09607,0.44701,-0.01085,-0.00070,0.00501,1
0.7021,-0.51903,0.03816,0.00589,-0.00038,-0.00644,-0.00541,1.40947,-0.04991,0.00377,0.04871,-0.00338,0.00645,0.00774,0.00007,0.86456,0,0.00622,-0.00059,-0.09607,0.44701,-0.01085,-0.00070,0.00501,1
0.7041,-0.51903,0.03816,0.00587,-0.00039,-0.00657,-0.00464,1.40947,-0.05006,0.00378,0.04855,-0.00348,0.00635,0.00678,0.00007,0.86458,0,0.00622,-0.00059,-0.09607,0.44701,-0.01085,-0.00070,0.00501,1
0.7061,-0.51903,0.03816,0.00586,-0.00040,-0.00658,-0.00376,1.40947,-0.05020,0.00379,0.04839,-0.00356,0.00613,0.00569,0.00005,0.86457,0,0.00622,-0.00059,-0.09607,0.44701,-0.01085,-0.00070,0.00501,1
0.7081,-0.51903,0.03816,0.00585,-0.00041,-0.00648,-0.00277,1.40947,-0.05034,0.00380,0.04823,-0.00362,0.00577,0.00447,0.00010,0.86461,0,0.00622,-0.00059,-0.09607,0.44701,-0.01085,-0.00070,0.00501,1
0.7101,-0.51903,0.03816,0.00584,-0.00041,-0.00626,-0.00165,1.40947,-0.05048,0.00381,0.04808,-0.00366,0.00529,0.00313,0.00012,0.86458,0,0.00622,-0.00059,-0.09607,0.44701,-0.01085,-0.00070,0.00501,1
0.7121,-0.51903,0.03816,0.00582,-0.00041,-0.00593,-0.00042,1.40947,-0.05063,0.00382,0.04793,-0.00368,0.00467,0.00166,0.00016,0.86459,0,0.00622,-0.00059,-0.09607,0.44701,-0.01085,-0.00070,0.00501,1
0.7141,-0.51903,0.03816,0.00581,-0.00041,-0.00547,0.00092,1.40947,-0.05077,0.00384,0.04778,-0.00367,0.00393,0.00016,0.00014,0.86456,0,0.00622,-0.00059,-0.09607,0.44701,-0.01085,-0.00070,0.00501,1
0.7161,-0.51903,0.03816,0.00580,-0.00041,-0.00490,0.00229,1.40947,-0.05091,0.00385,0.04765,-0.00364,0.00307,-0.00121,0.00015,0.86460,0,0.00622,-0.00059,-0.09607,0.44701,-0.01085,-0.00070,0.00501,1
0.7181,-0.51958,0.03857,0.00679,-0.00072,-0.00228,0.00060,1.41114,-0.05105,0.00386,0.05714,-0.00656,0.00233,-0.00270,0.00011,0.86459,0,0.00782,-0.00072,-0.09607,0.44701,-0.01085,-0.00070,0.00501,1
0.7201,-0.51958,0.03857,0.00678,-0.00072,-0.00173,0.00197,1.41114,-0.05120,0.00387,0.05707,-0.00654,0.00171,-0.00407,0.00014,0.86458,0,0.00782,-0.00072,-0.09607,0.44701,-0.01085,-0.00070,0.00501,1
0.7221,-0.51958,0.03857,0.00678,-0.00071,-0.00129,0.00323,1.41114,-0.05134,0.00388,0.05701,-0.00648,0.00123,-0.00531,0.00016,0.86457,0,0.00782,-0.00072,-0.09607,0.44701,-0.01085,-0.00070,0.00501,1
0.7241,-0.51958,0.03857,0.00678,-0.00070,-0.00097,0.00437,1.41114,-0.05148,0.00389,0.05696,-0.00641,0.00087,-0.00642,0.00015,0.86457,0,0.00782,-0.00072,-0.09607,0.44701,-0.01085,-0.00070,0.00501,1
0.7261,-0.51958,0.03857,0.00677,-0.00070,-0.00077,0.00539,1.41114,-0.05162,0.00390,0.05691,-0.00631,0.00065,-0.00741,0.00009,0.86457,0,0.00782,-0.00072,-0.09607,0.44701,-0.01085,-0.00070,0.00501,1
0.7282,-0.51958,0.03857,0.00677,-0.00068,-0.00068,0.00630,1.41114,-0.05176,0.00391,0.05686,-0.00619,0.00055,-0.00826,0.00011,0.86454,0,0.00782,-0.00072,-0.09607,0.44701,-0.01085,-0.00070,0.00501,1
0.7302,-0.51958,0.03857,0.00677,-0.00067,-0.00071,0.00709,1.41114,-0.05191,0.00392,0.05682,-0.00606,0.00057,-0.00899,0.00015,0.86450,0,0.00782,-0.00072,-0.09607,0.44701,-0.01085,-0.00070,0.00501,1
0.7322,-0.51958,0.03857,0.00677,-0.00066,-0.00086,0.00776,1.41114,-0.05205,0.00393,0.05677,-0.00591,0.00073,-0.00959,0.00015,0.86450,0,0.00782,-0.00072,-0.09607,0.44701,-0.01085,-0.00070,0.00501,1
0.7342,-0.51958,0.03857,0.00677,-0.00064,-0.00112,0.00832,1.41114,-0.05219,0.00394,0.05672,-0.00575,0.00102,-0.01007,0.00017,0.86444,0,0.00782,-0.00072,-0.09607,0.44701,-0.01085,-0.00070,0.00501,1
0.7362,-0.51958,0.03857,0.00677,-0.00062,-0.00150,0.00876,1.41114,-0.05233,0.00395,0.05666,-0.00558,0.00143,-0.01041,0.00016,0.86442,0,0.00782,-0.00072,-0.09607,0.44701,-0.01085,-0.00070,0.00501,1
0.7382,-0.51958,0.03857,0.00676,-0.00060,-0.00200,0.00908,1.41114,-0.05248,0.00396,0.05660,-0.00540,0.00197,-0.01063,0.00019,0.86441,0,0.00782,-0.00072,-0.09607,0.44701,-0.01085,-0.00070,0.00501,1
0.7402,-0.51958,0.03857,0.00676,-0.00059,-0.00261,0.00929,1.41114,-0.05262,0.00397,0.05652,-0.00522,0.00264,-0.01071,0.00025,0.86440,0,0.00782,-0.00072,-0.09607,0.44701,-0.01085,-0.00070,0.00501,1
0.7422,-0.51958,0.03857,0.00675,-0.00057,-0.00334,0.00938,1.41114,-0.05276,0.00399,0.05643,-0.00503,0.00343,-0.01067,0.00023,0.86438,0,0.00782,-0.00072,-0.09607,0.44701,-0.01085,-0.00070,0.00501,1
0.7442,-0.51958,0.03857,0.00674,-0.00055,-0.00418,0.00935,1.41114,-0.05290,0.00400,0.05632,-0.00484,0.00410,-0.01051,0.00031,0.86436,0,0.00782,-0.00072,-0.09607,0.44701,-0.01085,-0.00070,0.00501,1
0.7462,-0.51958,0.03857,0.00673,-0.00053,-0.00491,0.00921,1.41114,-0.05305,0.00401,0.05620,-0.00466,0.00464,-0.01021,0.00029,0.86435,0,0.00782,-0.00072,-0.09607,0.44701,-0.01085,-0.00070,0.00501,1
0.7482,-0.51958,0.03857,0.00672,-0.00051,-0.00552,0.00895,1.41114,-0.05319,0.00402,0.05607,-0.00448,0.00505,-0.00979,0.00030,0.86432,0,0.00782,-0.00072,-0.09607,0.44701,-0.01085,-0.00070,0.00501,1
0.7502,-0.51958,0.03857,0.00671,-0.00049,-0.00601,0.00857,1.41114,-0.05333,0.00403,0.05592,-0.00430,0.00534,-0.00924,0.00035,0.86431,0,0.00782,-0.00072,-0.09607,0.44701,-0.01085,-0.00070,0.00501,1
0.7522,-0.51958,0.03857,0.00670,-0.00048,-0.00639,0.00808,1.41114,-0.05347,0.00404,0.05577,-0.00414,0.00549,-0.00856,0.00037,0.86431,0,0.00782,-0.00072,-0.09607,0.44701,-0.01085,-0.00070,0.00501,1
0.7542,-0.51958,0.03857,0.00669,-0.00046,-0.00665,0.00747,1.41114,-0.05361,0.00405,0.05561,-0.00398,0.00552,-0.00775,0.00038,0.86428,0,0.00782,-0.00072,-0.09607,0.44701,-0.01085,-0.00070,0.00501,1
0.7562,-0.51958,0.03857,0.00667,-0.00045,-0.00680,0.00674,1.41114,-0.05376,0.00406,0.05544,-0.00384,0.00542,-0.00681,0.00045,0.86431,0,0.00782,-0.00072,-0.09607,0.44701,-0.01085,-0.00070,0.00501,1
0.7582,-0.51958,0.03857,0.00666,-0.00044,-0.00682,0.00590,1.41114,-0.05390,0.00407,0.05528,-0.00371,0.00519,-0.00575,0.00041,0.86428,0,0.00782,-0.00072,-0.09607,0.44701,-0.01085,-0.00070,0.00501,1
0.7602,-0.51958,0.03857,0.00665,-0.00042,-0.00673,0.00494,1.41114,-0.05404,0.00408,0.05511,-0.00360,0.00484,-0.00456,0.00040,0.86427,0,0.00782,-0.00072,-0.09607,0.44701,-0.01085,-0.00070,0.00501,1
0.7622,-0.51958,0.03857,0.00663,-0.00042,-0.00653,0.00387,1.41114,-0.05418,0.00409,0.05495,-0.00351,0.00435,-0.00324,0.00040,0.86426,0,0.00782,-0.00072,-0.09607,0.44701,-0.01085,-0.00070,0.00501,1
0.7642,-0.51958,0.03857,0.00662,-0.00041,-0.00621,0.00267,1.41114,-0.05433,0.00410,0.05479,-0.00345,0.00374,-0.00179,0.00041,0.86427,0,0.00782,-0.00072,-0.09607,0.44701,-0.01085,-0.00070,0.00501,1
0.7662,-0.51958,0.03857,0.00661,-0.00040,-0.00577,0.00137,1.41114,-0.05447,0.00411,0.05464,-0.00340,0.00300,-0.00021,0.00038,0.86426,0,0.00782,-0.00072,-0.09607,0.44701,-0.01085,-0.00070,0.00501,1
0.7682,-0.51958,0.03857,0.00660,-0.00040,-0.00521,-0.00006,1.41114,-0.05461,0.00413,0.05450,-0.00339,0.00213,0.00123,0.00044,0.86426,0,0.00782,-0.00072,-0.09607,0.44701,-0.01085,-0.00070,0.00501,1
0.7702,-0.51958,0.03857,0.00659,-0.00040,-0.00454,-0.00137,1.41114,-0.05475,0.00414,0.05437,-0.00340,0.00114,0.00255,0.00038,0.86425,0,0.00782,-0.00072,-0.09607,0.44701,-0.01085,-0.00070,0.00501,1
0.7722,-0.51958,0.03857,0.00658,-0.00041,-0.00375,-0.00256,1.41114,-0.05489,0.00415,0.05426,-0.00344,0.00001,0.00374,0.00037,0.86428,0,0.00782,-0.00072,-0.09607,0.44701,-0.01085,-0.00070,0.00501,1
0.7742,-0.51958,0.03857,0.00657,-0.00042,-0.00285,-0.00364,1.41114,-0.05504,0.00416,0.05416,-0.00349,-0.00098,0.00481,0.00031,0.86426,0,0.00782,-0.00072,-0.09607,0.44701,-0.01085,-0.00070,0.00501,1
0.7762,-0.51958,0.03857,0.00657,-0.00042,-0.00206,-0.00460,1.41114,-0.05518,0.00417,0.05408,-0.00357,-0.00185,0.00574,0.00027,0.86431,0,0.00782,-0.00072,-0.09607,0.44701,-0.01085,-0.00070,0.00501,1
0.7782,-0.51958,0.03857,0.00656,-0.00043,-0.00139,-0.00544,1.41114,-0.05532,0.00418,0.05401,-0.00367,-0.00259,0.00655,0.00028,0.86432,0,0.00782,-0.00072,-0.09607,0.44701,-0.01085,-0.00070,0.00501,1
0.7802,-0.51958,0.03857,0.00656,-0.00044,-0.00083,-0.00617,1.41114,-0.05546,0.00419,0.05396,-0.00378,-0.00320,0.00723,0.00028,0.86433,0,0.00782,-0.00072,-0.09607,0.44701,-0.01085,-0.00070,0.00501,1
0.7822,-0.51958,0.03857,0.00656,-0.00046,-0.00039,-0.00678,1.41114,-0.05561,0.00420,0.05391,-0.00391,-0.00369,0.00778,0.00023,0.86435,0,0.00782,-0.00072,-0.09607,0.44701,-0.01085,-0.00070,0.00501,1
0.7842,-0.52005,0.03962,0.00771,-0.00072,0.00300,-0.00768,1.41115,-0.05575,0.00421,0.06504,-0.00618,-0.00404,0.00821,0.00021,0.86436,0,0.00896,-0.00110,-0.09083,0.44588,-0.01726,-0.00011,0.00101,1
0.7862,-0.52005,0.03962,0.00772,-0.00074,0.00319,-0.00806,1.41115,-0.05589,0.00422,0.06507,-0.00633,-0.00427,0.00850,0.00017,0.86438,0,0.00896,-0.00110,-0.09083,0.44588,-0.01726,-0.00011,0.00101,1
0.7882,-0.52005,0.03962,0.00772,-0.00075,0.00326,-0.00831,1.41115,-0.05603,0.00423,0.06510,-0.00649,-0.00437,0.00867,0.00018,0.86439,0,0.00896,-0.00110,-0.09083,0.44588,-0.01726,-0.00011,0.00101,1
0.7902,-0.52005,0.03962,0.00773,-0.00077,0.00321,-0.00845,1.41115,-0.05618,0.00424,0.06513,-0.00665,-0.00434,0.00871,0.00017,0.86442,0,0.00896,-0.00110,-0.09083,0.44588,-0.01726,-0.00011,0.00101,1
0.7922,-0.52005,0.03962,0.00774,-0.00079,0.00305,-0.00847,1.41115,-0.05632,0.00425,0.06515,-0.00681,-0.00419,0.00862,0.00016,0.86443,0,0.00896,-0.00110,-0.09083,0.44588,-0.01726,-0.00011,0.00101,1
0.7942,-0.52005,0.03962,0.00774,-0.00080,0.00277,-0.00838,1.41115,-0.05646,0.00427,0.06518,-0.00698,-0.00390,0.00841,0.00017,0.86447,0,0.00896,-0.00110,-0.09083,0.44588,-0.01726,-0.00011,0.00101,1
0.7962,-0.52005,0.03962,0.00775,-0.00082,0.00237,-0.00817,1.41115,-0.05660,0.00428,0.06519,-0.00714,-0.00349,0.00806,0.00016,0.86444,0,0.00896,-0.00110,-0.09083,0.44588,-0.01726,-0.00011,0.00101,1
0.7982,-0.52005,0.03962,0.00775,-0.00084,0.00186,-0.00784,1.41115,-0.05674,0.00429,0.06520,-0.00729,-0.00295,0.00759,0.00017,0.86447,0,0.00896,-0.00110,-0.09083,0.44588,-0.01726,-0.00011,0.00101,1
0.8002,-0.52005,0.03962,0.00775,-0.00085,0.00123,-0.00739,1.41115,-0.05689,0.00430,0.06520,-0.00744,-0.00228,0.00699,0.00017,0.86446,0,0.00896,-0.00110,-0.09083,0.44588,-0.01726,-0.00011,0.00101,1
0.8022,-0.52005,0.03962,0.00776,-0.00087,0.00048,-0.00683,1.41115,-0.05703,0.00431,0.06518,-0.00758,-0.00149,0.00626,0.00017,0.86448,0,0.00896,-0.00110,-0.09083,0.44588,-0.01726,-0.00011,0.00101,1
0.8042,-0.52005,0.03962,0.00776,-0.00088,-0.00038,-0.00615,1.41115,-0.05717,0.00432,0.06515,-0.00770,-0.00056,0.00540,0.00018,0.86448,0,0.00896,-0.00110,-0.09083,0.44588,-0.01726,-0.00011,0.00101,1
0.8062,-0.52005,0.03962,0.00775,-0.00089,-0.00136,-0.00536,1.41115,-0.05731,0.00433,0.06510,-0.00781,0.00049,0.00442,0.00019,0.86451,0,0.00896,-0.00110,-0.09083,0.44588,-0.01726,-0.00011,0.00101,1
0.8082,-0.52005,0.03962,0.00775,-0.00090,-0.00245,-0.00445,1.41115,-0.05746,0.00434,0.06502,-0.00791,0.00167,0.00331,0.00017,0.86448,0,0.00896,-0.00110,-0.09083,0.44588,-0.01726,-0.00011,0.00101,1
0.8102,-0.52005,0.03962,0.00774,-0.00091,-0.00366,-0.00342,1.41115,-0.05760,0.00435,0.06493,-0.00798,0.00298,0.00207,0.00018,0.86449,0,0.00896,-0.00110,-0.09083,0.44588,-0.01726,-0.00011,0.00101,1
0.8122,-0.52005,0.03962,0.00773,-0.00091,-0.00499,-0.00228,1.41115,-0.05774,0.00436,0.06481,-0.00804,0.00442,0.00070,0.00021,0.86451,0,0.00896,-0.00110,-0.09083,0.44588,-0.01726,-0.00011,0.00101,1
0.8142,-0.52005,0.03962,0.00772,-0.00092,-0.00643,-0.00102,1.41115,-0.05788,0.00437,0.06466,-0.00807,0.00598,-0.00080,0.00028,0.86449,0,0.00896,-0.00110,-0.09083,0.44588,-0.01726,-0.00011,0.00101,1
0.8162,-0.52005,0.03962,0.00771,-0.00092,-0.00799,0.00036,1.41115,-0.05802,0.00438,0.06449,-0.00807,0.00742,-0.00240,0.00029,0.86450,0,0.00896,-0.00110,-0.09083,0.44588,-0.01726,-0.00011,0.00101,1
0.8182,-0.52005,0.03962,0.00769,-0.00092,-0.00943,0.00183,1.41115,-0.05817,0.00439,0.06428,-0.00804,0.00872,-0.00387,0.00036,0.86450,0,0.00896,-0.00110,-0.09083,0.44588,-0.01726,-0.00011,0.00101,1
0.8202,-0.52005,0.03962,0.00767,-0.00091,-0.01076,0.00318,1.41115,-0.05831,0.00440,0.06405,-0.00799,0.00990,-0.00521,0.00036,0.86448,0,0.00896,-0.00110,-0.09083,0.44588,-0.01726,-0.00011,0.00101,1
0.8222,-0.52005,0.03962,0.00765,-0.00090,-0.01197,0.00442,1.41115,-0.05845,0.00442,0.06379,-0.00792,0.01096,-0.00643,0.00043,0.86448,0,0.00896,-0.00110,-0.09083,0.44588,-0.01726,-0.00011,0.00101,1
0.8242,-0.52005,0.03962,0.00762,-0.00089,-0.01306,0.00554,1.41115,-0.05859,0.00443,0.06351,-0.00781,0.01188,-0.00752,0.00045,0.86448,0,0.00896,-0.00110,-0.09083,0.44588,-0.01726,-0.00011,0.00101,1
0.8262,-0.52005,0.03962,0.00760,-0.00088,-0.01404,0.00655,1.41115,-0.05874,0.00444,0.06320,-0.00769,0.01268,-0.00848,0.00045,0.86447,0,0.00896,-0.00110,-0.09083,0.44588,-0.01726,-0.00011,0.00101,1
0.8282,-0.52005,0.03962,0.00757,-0.00087,-0.01490,0.00744,1.41115,-0.05888,0.00445,0.06288,-0.00755,0.01334,-0.00931,0.00054,0.86444,0,0.00896,-0.00110,-0.09083,0.44588,-0.01726,-0.00011,0.00101,1
0.8302,-0.52005,0.03962,0.00754,-0.00085,-0.01564,0.00821,1.41115,-0.05902,0.00446,0.06255,-0.00740,0.01388,-0.01001,0.00052,0.86439,0,0.00896,-0.00110,-0.09083,0.44588,-0.01726,-0.00011,0.00101,1
0.8322,-0.52005,0.03962,0.00751,-0.00083,-0.01626,0.00886,1.41115,-0.05916,0.00447,0.06220,-0.00723,0.01430,-0.01059,0.00058,0.86440,0,0.00896,-0.00110,-0.09083,0.44588,-0.01726,-0.00011,0.00101,1
0.8342,-0.52005,0.03962,0.00747,-0.00082,-0.01677,0.00940,1.41115,-0.05931,0.00448,0.06184,-0.00704,0.01458,-0.01104,0.00057,0.86437,0,0.00896,-0.00110,-0.09083,0.44588,-0.01726,-0.00011,0.00101,1
0.8362,-0.52005,0.03962,0.00744,-0.00080,-0.01716,0.00982,1.41115,-0.05945,0.00449,0.06147,-0.00685,0.01474,-0.01136,0.00060,0.86434,0,0.00896,-0.00110,-0.09083,0.44588,-0.01726,-0.00011,0.00101,1
0.8382,-0.52005,0.03962,0.00740,-0.00078,-0.01744,0.01013,1.41115,-0.05959,0.00450,0.06109,-0.00665,0.01476,-0.01155,0.00066,0.86431,0,0.00896,-0.00110,-0.09083,0.44588,-0.01726,-0.00011,0.00101,1
0.8402,-0.52005,0.03962,0.00737,-0.00076,-0.01759,0.01031,1.41115,-0.05973,0.00451,0.06071,-0.00645,0.01466,-0.01161,0.00071,0.86431,0,0.00896,-0.00110,-0.09083,0.44588,-0.01726,-0.00011,0.00101,1
0.8422,-0.52005,0.03962,0.00733,-0.00074,-0.01763,0.01039,1.41115,-0.05987,0.00452,0.06033,-0.00624,0.01444,-0.01155,0.00071,0.86427,0,0.00896,-0.00110,-0.09083,0.44588,-0.01726,-0.00011,0.00101,1
0.8442,-0.52005,0.03962,0.00730,-0.00071,-0.01755,0.01034,1.41115,-0.06002,0.00453,0.05995,-0.00604,0.01408,-0.01136,0.00072,0.86426,0,0.00896,-0.00110,-0.09083,0.44588,-0.01726,-0.00011,0.00101,1
0.8462,-0.52005,0.03962,0.00726,-0.00069,-0.01736,0.01018,1.41115,-0.06016,0.00454,0.05957,-0.00583,0.01360,-0.01104,0.00080,0.86425,0,0.00896,-0.00110,-0.09083,0.44588,-0.01726,-0.00011,0.00101,1
0.8482,-0.52005,0.03962,0.00723,-0.00067,-0.01705,0.00990,1.41115,-0.06030,0.00456,0.05919,-0.00563,0.01299,-0.01059,0.00076,0.86425,0,0.00896,-0.00110,-0.09083,0.44588,-0.01726,-0.00011,0.00101,1
0.8503,-0.52005,0.03962,0.00720,-0.00065,-0.01662,0.00950,1.41115,-0.06045,0.00457,0.05882,-0.00544,0.01225,-0.01001,0.00077,0.86425,0,0.00896,-0.00110,-0.09083,0.44588,-0.01726,-0.00011,0.00101,1
0.8523,-0.52005,0.03962,0.00716,-0.00064,-0.01608,0.00899,1.41115,-0.06059,0.00458,0.05847,-0.00525,0.01138,-0.00931,0.00082,0.86424,0,0.00896,-0.00110,-0.09083,0.44588,-0.01726,-0.00011,0.00101,1
0.8543,-0.51943,0.03894,0.00815,-0.00069,-0.01374,0.00978,1.41228,-0.06073,0.00459,0.06838,-0.00602,0.01038,-0.00848,0.00082,0.86423,0,0.00966,-0.00110,-0.08651,0.44711,-0.02203,-0.00178,0.00405,1
0.8563,-0.51943,0.03894,0.00813,-0.00067,-0.01298,0.00904,1.41228,-0.06087,0.00460,0.06808,-0.00583,0.00926,-0.00752,0.00079,0.86420,0,0.00966,-0.00110,-0.08651,0.44711,-0.02203,-0.00178,0.00405,1
0.8583,-0.51943,0.03894,0.00810,-0.00066,-0.01210,0.00818,1.41228,-0.06101,0.00461,0.06780,-0.00566,0.00801,-0.00643,0.00076,0.86418,0,0.00966,-0.00110,-0.08651,0.44711,-0.02203,-0.00178,0.00405,1
0.8603,-0.51943,0.03894,0.00808,-0.00064,-0.01111,0.00720,1.41228,-0.06116,0.00462,0.06753,-0.00550,0.00663,-0.00521,0.00078,0.86417,0,0.00966,-0.00110,-0.08651,0.44711,-0.02203,-0.00178,0.00405,1
0.8623,-0.51943,0.03894,0.00806,-0.00063,-0.01000,0.00611,1.41228,-0.06130,0.00463,0.06729,-0.00537,0.00537,-0.00387,0.00075,0.86418,0,0.00966,-0.00110,-0.08651,0.44711,-0.02203,-0.00178,0.00405,1
0.8643,-0.51943,0.03894,0.00804,-0.00062,-0.00900,0.00490,1.41228,-0.06144,0.00464,0.06706,-0.00526,0.00425,-0.00240,0.00075,0.86417,0,0.00966,-0.00110,-0.08651,0.44711,-0.02203,-0.00178,0.00405,1
0.8663,-0.51943,0.03894,0.00802,-0.00061,-0.00812,0.00357,1.41228,-0.06158,0.00465,0.06686,-0.00517,0.00325,-0.00080,0.00077,0.86412,0,0.00966,-0.00110,-0.08651,0.44711,-0.02203,-0.00178,0.00405,1
0.8683,-0.51943,0.03894,0.00801,-0.00060,-0.00736,0.00212,1.41228,-0.06173,0.00466,0.06667,-0.00511,0.00239,0.00067,0.00078,0.86413,0,0.00966,-0.00110,-0.08651,0.44711,-0.02203,-0.00178,0.00405,1
0.8703,-0.51943,0.03894,0.00799,-0.00060,-0.00672,0.00080,1.41228,-0.06187,0.00467,0.06649,-0.00508,0.00165,0.00202,0.00076,0.86411,0,0.00966,-0.00110,-0.08651,0.44711,-0.02203,-0.00178,0.00405,1
0.8723,-0.51943,0.03894,0.00798,-0.00060,-0.00619,-0.00041,1.41228,-0.06201,0.00468,0.06633,-0.00508,0.00103,0.00323,0.00077,0.86414,0,0.00966,-0.00110,-0.08651,0.44711,-0.02203,-0.00178,0.00405,1
0.8743,-0.51943,0.03894,0.00797,-0.00060,-0.00577,-0.00151,1.41228,-0.06215,0.00470,0.06617,-0.00509,0.00055,0.00432,0.00073,0.86416,0,0.00966,-0.00110,-0.08651,0.44711,-0.02203,-0.00178,0.00405,1
0.8763,-0.51943,0.03894,0.00796,-0.00061,-0.00547,-0.00249,1.41228,-0.06229,0.00471,0.06603,-0.00513,0.00019,0.00528,0.00072,0.86415,0,0.00966,-0.00110,-0.08651,0.44711,-0.02203,-0.00178,0.00405,1
0.8783,-0.51943,0.03894,0.00795,-0.00061,-0.00529,-0.00335,1.41228,-0.06244,0.00472,0.06588,-0.00518,-0.00003,0.00611,0.00074,0.86416,0,0.00966,-0.00110,-0.08651,0.44711,-0.02203,-0.00178,0.00405,1
0.8803,-0.51943,0.03894,0.00794,-0.00062,-0.00523,-0.00409,1.41228,-0.06258,0.00473,0.06574,-0.00525,-0.00013,0.00682,0.00075,0.86415,0,0.00966,-0.00110,-0.08651,0.44711,-0.02203,-0.00178,0.00405,1
0.8823,-0.51943,0.03894,0.00792,-0.00063,-0.00528,-0.00472,1.41228,-0.06272,0.00474,0.06560,-0.00534,-0.00011,0.00739,0.00075,0.86418,0,0.00966,-0.00110,-0.08651,0.44711,-0.02203,-0.00178,0.00405,1
0.8843,-0.51943,0.03894,0.00791,-0.00064,-0.00544,-0.00524,1.41228,-0.06286,0.00475,0.06546,-0.00543,0.00005,0.00784,0.00077,0.86420,0,0.00966,-0.00110,-0.08651,0.44711,-0.02203,-0.00178,0.00405,1
0.8863,-0.51943,0.03894,0.00790,-0.00065,-0.00573,-0.00563,1.41228,-0.06301,0.00476,0.06531,-0.00554,0.00033,0.00816,0.00072,0.86421,0,0.00966,-0.00110,-0.08651,0.44711,-0.02203,-0.00178,0.00405,1
0.8883,-0.51943,0.03894,0.00789,-0.00066,-0.00612,-0.00591,1.41228,-0.06315,0.00477,0.06516,-0.00565,0.00075,0.00835,0.00081,0.86422,0,0.00966,-0.00110,-0.08651,0.44711,-0.02203,-0.00178,0.00405,1
0.8903,-0.51943,0.03894,0.00788,-0.00067,-0.00664,-0.00607,1.41228,-0.06329,0.00478,0.06499,-0.00576,0.00129,0.00842,0.00073,0.86423,0,0.00966,-0.00110,-0.08651,0.44711,-0.02203,-0.00178,0.00405,1
0.8923,-0.51943,0.03894,0.00786,-0.00068,-0.00727,-0.00612,1.41228,-0.06343,0.00479,0.06482,-0.00588,0.00170,0.00835,0.00076,0.86426,0,0.00966,-0.00110,-0.08651,0.44711,-0.02203,-0.00178,0.00405,1
0.8943,-0.51943,0.03894,0.00785,-0.00070,-0.00779,-0.00605,1.41228,-0.06358,0.00480,0.06463,-0.00600,0.00198,0.00816,0.00075,0.86428,0,0.00966,-0.00110,-0.08651,0.44711,-0.02203,-0.00178,0.00405,1
0.8963,-0.51943,0.03894,0.00783,-0.00071,-0.00818,-0.00586,1.41228,-0.06372,0.00481,0.06444,-0.00611,0.00214,0.00784,0.00078,0.86428,0,0.00966,-0.00110,-0.08651,0.44711,-0.02203,-0.00178,0.00405,1
0.8983,-0.51943,0.03894,0.00782,-0.00072,-0.00846,-0.00556,1.41228,-0.06386,0.00482,0.06423,-0.00622,0.00217,0.00739,0.00083,0.86430,0,0.00966,-0.00110,-0.08651,0.44711,-0.02203,-0.00178,0.00405,1
0.9003,-0.51943,0.03894,0.00780,-0.00073,-0.00863,-0.00514,1.41228,-0.06400,0.00483,0.06403,-0.00632,0.00207,0.00682,0.00081,0.86429,0,0.00966,-0.00110,-0.08651,0.44711,-0.02203,-0.00178,0.00405,1
0.9023,-0.51943,0.03894,0.00778,-0.00074,-0.00868,-0.00460,1.41228,-0.06414,0.00485,0.06382,-0.00642,0.00184,0.00611,0.00083,0.86432,0,0.00966,-0.00110,-0.08651,0.44711,-0.02203,-0.00178,0.00405,1
0.9043,-0.51943,0.03894,0.00777,-0.00075,-0.00861,-0.00395,1.41228,-0.06429,0.00486,0.06361,-0.00650,0.00148,0.00528,0.00085,0.86434,0,0.00966,-0.00110,-0.08651,0.44711,-0.02203,-0.00178,0.00405,1
0.9063,-0.51943,0.03894,0.00775,-0.00076,-0.00842,-0.00318,1.41228,-0.06443,0.00487,0.06340,-0.00656,0.00100,0.00432,0.00085,0.86431,0,0.00966,-0.00110,-0.08651,0.44711,-0.02203,-0.00178,0.00405,1
0.9083,-0.51943,0.03894,0.00773,-0.00076,-0.00812,-0.00229,1.41228,-0.06457,0.00488,0.06320,-0.00661,0.00039,0.00323,0.00081,0.86435,0,0.00966,-0.00110,-0.08651,0.44711,-0.02203,-0.00178,0.00405,1
0.9103,-0.51943,0.03894,0.00772,-0.00077,-0.00770,-0.00129,1.41228,-0.06471,0.00489,0.06301,-0.00665,-0.00035,0.00202,0.00083,0.86434,0,0.00966,-0.00110,-0.08651,0.44711,-0.02203,-0.00178,0.00405,1
0.9123,-0.51943,0.03894,0.00770,-0.00077,-0.00717,-0.00017,1.41228,-0.06486,0.00490,0.06282,-0.00666,-0.00122,0.00067,0.00086,0.86433,0,0.00966,-0.00110,-0.08651,0.44711,-0.02203,-0.00178,0.00405,1
0.9143,-0.51943,0.03894,0.00769,-0.00077,-0.00651,0.00107,1.41228,-0.06500,0.00491,0.06265,-0.00665,-0.00222,-0.00080,0.00085,0.86434,0,0.00966,-0.00110,-0.08651,0.44711,-0.02203,-0.00178,0.00405,1
0.9163,-0.51943,0.03894,0.00767,-0.00076,-0.00575,0.00242,1.41228,-0.06514,0.00492,0.06249,-0.00661,-0.00308,-0.00214,0.00083,0.86434,0,0.00966,-0.00110,-0.08651,0.44711,-0.02203,-0.00178,0.00405,1
0.9183,-0.51705,0.03737,0.00767,-0.00092,-0.00556,0.00115,1.41336,-0.06528,0.00493,0.06313,-0.00866,-0.00382,-0.00361,0.00087,0.86436,0,0.00795,-0.00084,-0.08651,0.44711,-0.02203,-0.00178,0.00405,1
0.9203,-0.51705,0.03737,0.00766,-0.00092,-0.00503,0.00250,1.41336,-0.06543,0.00494,0.06299,-0.00862,-0.00444,-0.00496,0.00079,0.86433,0,0.00795,-0.00084,-0.08651,0.44711,-0.02203,-0.00178,0.00405,1
0.9223,-0.51705,0.03737,0.00765,-0.00091,-0.00461,0.00374,1.41336,-0.06557,0.00495,0.06285,-0.00855,-0.00492,-0.00617,0.00085,0.86435,0,0.00795,-0.00084,-0.08651,0.44711,-0.02203,-0.00178,0.00405,1
0.9243,-0.51705,0.03737,0.00764,-0.00090,-0.00430,0.00486,1.41336,-0.06571,0.00496,0.06272,-0.00847,-0.00528,-0.00726,0.00081,0.86431,0,0.00795,-0.00084,-0.08651,0.44711,-0.02203,-0.00178,0.00405,1
0.9263,-0.51705,0.03737,0.00763,-0.00089,-0.00411,0.00587,1.41336,-0.06585,0.00497,0.06260,-0.00836,-0.00550,-0.00822,0.00081,0.86433,0,0.00795,-0.00084,-0.08651,0.44711,-0.02203,-0.00178,0.00405,1
0.9283,-0.51705,0.03737,0.00763,-0.00088,-0.00404,0.00675,1.41336,-0.06599,0.00499,0.06248,-0.00823,-0.00560,-0.00905,0.00079,0.86431,0,0.00795,-0.00084,-0.08651,0.44711,-0.02203,-0.00178,0.00405,1
0.9303,-0.51705,0.03737,0.00762,-0.00087,-0.00409,0.00753,1.41336,-0.06614,0.00500,0.06236,-0.00809,-0.00557,-0.00976,0.00077,0.86425,0,0.00795,-0.00084,-0.08651,0.44711,-0.02203,-0.00178,0.00405,1
0.9323,-0.51705,0.03737,0.00761,-0.00085,-0.00425,0.00818,1.41336,-0.06628,0.00501,0.06224,-0.00793,-0.00542,-0.01033,0.00082,0.86425,0,0.00795,-0.00084,-0.08651,0.44711,-0.02203,-0.00178,0.00405,1
0.9343,-0.51705,0.03737,0.00760,-0.00083,-0.00453,0.00872,1.41336,-0.06642,0.00502,0.06211,-0.00776,-0.00513,-0.01078,0.00080,0.86424,0,0.00795,-0.00084,-0.08651,0.44711,-0.02203,-0.00178,0.00405,1
0.9363,-0.51705,0.03737,0.00759,-0.00082,-0.00492,0.00914,1.41336,-0.06656,0.00503,0.06198,-0.00758,-0.00472,-0.01110,0.00080,0.86417,0,0.00795,-0.00084,-0.08651,0.44711,-0.02203,-0.00178,0.00405,1
0.9383,-0.51705,0.03737,0.00758,-0.00080,-0.00543,0.00945,1.41336,-0.06671,0.00504,0.06184,-0.00740,-0.00444,-0.01129,0.00076,0.86417,0,0.00795,-0.00084,-0.08651,0.44711,-0.02203,-0.00178,0.00405,1
0.9403,-0.51705,0.03737,0.00757,-0.00078,-0.00582,0.00963,1.41336,-0.06685,0.00505,0.06169,-0.00721,-0.00428,-0.01136,0.00079,0.86414,0,0.00795,-0.00084,-0.08651,0.44711,-0.02203,-0.00178,0.00405,1
0.9423,-0.51705,0.03737,0.00756,-0.00076,-0.00610,0.00971,1.41336,-0.06699,0.00506,0.06153,-0.00701,-0.00425,-0.01129,0.00074,0.86414,0,0.00795,-0.00084,-0.08651,0.44711,-0.02203,-0.00178,0.00405,1
0.9443,-0.51705,0.03737,0.00755,-0.00074,-0.00626,0.00966,1.41336,-0.06713,0.00507,0.06137,-0.00682,-0.00435,-0.01110,0.00076,0.86412,0,0.00795,-0.00084,-0.08651,0.44711,-0.02203,-0.00178,0.00405,1
0.9463,-0.51705,0.03737,0.00753,-0.00072,-0.00630,0.00950,1.41336,-0.06727,0.00508,0.06121,-0.00663,-0.00458,-0.01078,0.00077,0.86410,0,0.00795,-0.00084,-0.08651,0.44711,-0.02203,-0.00178,0.00405,1
0.9483,-0.51705,0.03737,0.00752,-0.00070,-0.00623,0.00922,1.41336,-0.06742,0.00509,0.06104,-0.00644,-0.00494,-0.01033,0.00082,0.86412,0,0.00795,-0.00084,-0.08651,0.44711,-0.02203,-0.00178,0.00405,1
0.9503,-0.51705,0.03737,0.00751,-0.00068,-0.00604,0.00883,1.41336,-0.06756,0.00510,0.06088,-0.00626,-0.00542,-0.00976,0.00077,0.86408,0,0.00795,-0.00084,-0.08651,0.44711,-0.02203,-0.00178,0.00405,1
0.9523,-0.51705,0.03737,0.00750,-0.00067,-0.00574,0.00831,1.41336,-0.06770,0.00511,0.06072,-0.00609,-0.00603,-0.00905,0.00082,0.86406,0,0.00795,-0.00084,-0.08651,0.44711,-0.02203,-0.00178,0.00405,1
0.9543,-0.51705,0.03737,0.00749,-0.00065,-0.00531,0.00768,1.41336,-0.06784,0.00512,0.06057,-0.00593,-0.00677,-0.00822,0.00080,0.86408,0,0.00795,-0.00084,-0.08651,0.44711,-0.02203,-0.00178,0.00405,1
0.9563,-0.51705,0.03737,0.00748,-0.00064,-0.00477,0.00694,1.41336,-0.06799,0.00514,0.06043,-0.00578,-0.00755,-0.00726,0.00076,0.86404,0,0.00795,-0.00084,-0.08651,0.44711,-0.02203,-0.00178,0.00405,1
0.9583,-0.51705,0.03737,0.00747,-0.00062,-0.00420,0.00608,1.41336,-0.06813,0.00515,0.06031,-0.00565,-0.00820,-0.00617,0.00072,0.86399,0,0.00795,-0.00084,-0.08651,0.44711,-0.02203,-0.00178,0.00405,1
0.9603,-0.51705,0.03737,0.00746,-0.00061,-0.00374,0.00510,1.41336,-0.06827,0.00516,0.06019,-0.00554,-0.00872,-0.00496,0.00070,0.86404,0,0.00795,-0.00084,-0.08651,0.44711,-0.02203,-0.00178,0.00405,1
0.9623,-0.51705,0.03737,0.00745,-0.00060,-0.00340,0.00401,1.41336,-0.06841,0.00517,0.06008,-0.00544,-0.00912,-0.00361,0.00064,0.86402,0,0.00795,-0.00084,-0.08651,0.44711,-0.02203,-0.00178,0.00405,1
0.9643,-0.51705,0.03737,0.00744,-0.00060,-0.00318,0.00279,1.41336,-0.06855,0.00518,0.05997,-0.00537,-0.00938,-0.00214,0.00066,0.86396,0,0.00795,-0.00084,-0.08651,0.44711,-0.02203,-0.00178,0.00405,1
0.9663,-0.51705,0.03737,0.00744,-0.00059,-0.00307,0.00147,1.41336,-0.06870,0.00519,0.05987,-0.00533,-0.00952,-0.00054,0.00059,0.86398,0,0.00795,-0.00084,-0.08651,0.44711,-0.02203,-0.00178,0.00405,1
0.9683,-0.51705,0.03737,0.00743,-0.00059,-0.00307,0.00002,1.41336,-0.06884,0.00520,0.05976,-0.00531,-0.00953,0.00093,0.00058,0.86398,0,0.00795,-0.00084,-0.08651,0.44711,-0.02203,-0.00178,0.00405,1
0.9703,-0.51705,0.03737,0.00743,-0.00059,-0.00320,-0.00131,1.41336,-0.06898,0.00521,0.05966,-0.00532,-0.00941,0.00227,0.00052,0.86399,0,0.00795,-0.00084,-0.08651,0.44711,-0.02203,-0.00178,0.00405,1
0.9723,-0.51705,0.03737,0.00742,-0.00060,-0.00344,-0.00252,1.41336,-0.06912,0.00522,0.05955,-0.00535,-0.00942,0.00349,0.00050,0.86402,0,0.00795,-0.00084,-0.08651,0.44711,-0.02203,-0.00178,0.00405,1
0.9743,-0.51705,0.03737,0.00741,-0.00060,-0.00356,-0.00361,1.41336,-0.06927,0.00523,0.05944,-0.00541,-0.00956,0.00458,0.00045,0.86400,0,0.00795,-0.00084,-0.08651,0.44711,-0.02203,-0.00178,0.00405,1
0.9764,-0.51705,0.03737,0.00740,-0.00061,-0.00357,-0.00459,1.41336,-0.06941,0.00524,0.05933,-0.00549,-0.00982,0.00554,0.00042,0.86398,0,0.00795,-0.00084,-0.08651,0.44711,-0.02203,-0.00178,0.00405,1
0.9784,-0.51705,0.03737,0.00740,-0.00062,-0.00346,-0.00545,1.41336,-0.06955,0.00525,0.05922,-0.00558,-0.01022,0.00637,0.00046,0.86404,0,0.00795,-0.00084,-0.08651,0.44711,-0.02203,-0.00178,0.00405,1
0.9804,-0.51705,0.03737,0.00739,-0.00063,-0.00323,-0.00620,1.41336,-0.06969,0.00526,0.05911,-0.00570,-0.01058,0.00707,0.00036,0.86403,0,0.00795,-0.00084,-0.08651,0.44711,-0.02203,-0.00178,0.00405,1
0.9824,-0.51566,0.03789,0.00692,-0.00089,-0.00500,-0.00723,1.41235,-0.06984,0.00528,0.05483,-0.00810,-0.01108,0.00765,0.00034,0.86403,0,0.00669,-0.00126,-0.16391,0.44236,0.06409,0.01246,0.00576,1
0.9844,-0.51566,0.03789,0.00691,-0.00091,-0.00467,-0.00774,1.41235,-0.06999,0.00529,0.05470,-0.00824,-0.01170,0.00810,0.00033,0.86407,0,0.00669,-0.00126,-0.16391,0.44236,0.06409,0.01246,0.00576,1
0.9864,-0.51566,0.03789,0.00690,-0.00092,-0.00423,-0.00813,1.41235,-0.07013,0.00530,0.05457,-0.00840,-0.01245,0.00842,0.00031,0.86406,0,0.00669,-0.00126,-0.16391,0.44236,0.06409,0.01246,0.00576,1
0.9885,-0.51566,0.03789,0.00689,-0.00094,-0.00367,-0.00840,1.41235,-0.07027,0.00531,0.05445,-0.00856,-0.01332,0.00861,0.00031,0.86408,0,0.00669,-0.00126,-0.16391,0.44236,0.06409,0.01246,0.00576,1
0.9905,-0.51566,0.03789,0.00689,-0.00096,-0.00299,-0.00856,1.41235,-0.07041,0.00532,0.05434,-0.00872,-0.01433,0.00867,0.00026,0.86412,0,0.00669,-0.00126,-0.16391,0.44236,0.06409,0.01246,0.00576,1
0.9925,-0.51566,0.03789,0.00688,-0.00097,-0.00220,-0.00860,1.41235,-0.07056,0.00533,0.05425,-0.00889,-0.01546,0.00861,0.00029,0.86414,0,0.00669,-0.00126,-0.16391,0.44236,0.06409,0.01246,0.00576,1
0.9945,-0.51566,0.03789,0.00688,-0.00099,-0.00129,-0.00853,1.41235,-0.07070,0.00534,0.05417,-0.00905,-0.01653,0.00842,0.00021,0.86415,0,0.00669,-0.00126,-0.16391,0.44236,0.06409,0.01246,0.00576,1
0.9965,-0.51566,0.03789,0.00688,-0.00101,-0.00045,-0.00833,1.41235,-0.07084,0.00535,0.05411,-0.00921,-0.01746,0.00810,0.00021,0.86418,0,0.00669,-0.00126,-0.16391,0.44236,0.06409,0.01246,0.00576,1
0.9985,-0.51566,0.03789,0.00687,-0.00102,0.00028,-0.00802,1.41235,-0.07098,0.00536,0.05407,-0.00937,-0.01827,0.00765,0.00015,0.86418,0,0.00669,-0.00126,-0.16391,0.44236,0.06409,0.01246,0.00576,1
1.0005,-0.51566,0.03789,0.00688,-0.00104,0.00089,-0.00760,1.41235,-0.07113,0.00537,0.05403,-0.00952,-0.01895,0.00707,0.00014,0.86416,0,0.00669,-0.00126,-0.16391,0.44236,0.06409,0.01246,0.00576,1
1.0025,-0.51566,0.03789,0.00688,-0.00105,0.00139,-0.00705,1.41235,-0.07127,0.00538,0.05401,-0.00966,-0.01950,0.00637,0.00009,0.86418,0,0.00669,-0.00126,-0.16391,0.44236,0.06409,0.01246,0.00576,1
1.0045,-0.51566,0.03789,0.00688,-0.00107,0.00177,-0.00640,1.41235,-0.07141,0.00539,0.05400,-0.00979,-0.01993,0.00554,0.00009,0.86418,0,0.00669,-0.00126,-0.16391,0.44236,0.06409,0.01246,0.00576,1
1.0065,-0.51566,0.03789,0.00689,-0.00108,0.00203,-0.00562,1.41235,-0.07155,0.00541,0.05400,-0.00991,-0.02022,0.00458,0.00000,0.86419,0,0.00669,-0.00126,-0.16391,0.44236,0.06409,0.01246,0.00576,1
1.0085,-0.51566,0.03789,0.00689,-0.00109,0.00217,-0.00473,1.41235,-0.07170,0.00542,0.05399,-0.01001,-0.02039,0.00349,-0.00002,0.86420,0,0.00669,-0.00126,-0.16391,0.44236,0.06409,0.01246,0.00576,1
1.0105,-0.51566,0.03789,0.00689,-0.00110,0.00220,-0.00372,1.41235,-0.07184,0.00543,0.05399,-0.01009,-0.02043,0.00227,-0.00006,0.86422,0,0.00669,-0.00126,-0.16391,0.44236,0.06409,0.01246,0.00576,1
1.0125,-0.51566,0.03789,0.00690,-0.00111,0.00212,-0.00259,1.41235,-0.07198,0.00544,0.05399,-0.01015,-0.02034,0.00093,-0.00009,0.86419,0,0.00669,-0.00126,-0.16391,0.44236,0.06409,0.01246,0.00576,1
1.0146,-0.51566,0.03789,0.00690,-0.00111,0.00191,-0.00135,1.41235,-0.07213,0.00545,0.05399,-0.01018,-0.02013,-0.00054,-0.00015,0.86422,0,0.00669,-0.00126,-0.16391,0.44236,0.06409,0.01246,0.00576,1
1.0166,-0.51566,0.03789,0.00691,-0.00111,0.00159,0.00001,1.41235,-0.07227,0.00546,0.05398,-0.01019,-0.01978,-0.00214,-0.00012,0.86422,0,0.00669,-0.00126,-0.16391,0.44236,0.06409,0.01246,0.00576,1
1.0186,-0.51566,0.03789,0.00691,-0.00111,0.00116,0.00148,1.41235,-0.07241,0.00547,0.05396,-0.01017,-0.01931,-0.00374,-0.00017,0.86421,0,0.00669,-0.00126,-0.16391,0.44236,0.06409,0.01246,0.00576,1
1.0206,-0.51566,0.03789,0.00691,-0.00110,0.00061,0.00295,1.41235,-0.07255,0.00548,0.05394,-0.01013,-0.01871,-0.00521,-0.00018,0.86420,0,0.00669,-0.00126,-0.16391,0.44236,0.06409,0.01246,0.00576,1
1.0226,-0.51566,0.03789,0.00691,-0.00110,-0.00006,0.00431,1.41235,-0.07270,0.00549,0.05390,-0.01005,-0.01824,-0.00656,-0.00019,0.86420,0,0.00669,-0.00126,-0.16391,0.44236,0.06409,0.01246,0.00576,1
1.0246,-0.51566,0.03789,0.00691,-0.00109,-0.00061,0.00555,1.41235,-0.07284,0.00550,0.05385,-0.00995,-0.01790,-0.00777,-0.00023,0.86419,0,0.00669,-0.00126,-0.16391,0.44236,0.06409,0.01246,0.00576,1
1.0266,-0.51566,0.03789,0.00691,-0.00108,-0.00105,0.00668,1.41235,-0.07298,0.00551,0.05379,-0.00983,-0.01768,-0.00886,-0.00018,0.86415,0,0.00669,-0.00126,-0.16391,0.44236,0.06409,0.01246,0.00576,1
1.0286,-0.51566,0.03789,0.00691,-0.00106,-0.00137,0.00769,1.41235,-0.07312,0.00552,0.05372,-0.00968,-0.01759,-0.00982,-0.00017,0.86416,0,0.00669,-0.00126,-0.16391,0.44236,0.06409,0.01246,0.00576,1
1.0306,-0.51566,0.03789,0.00690,-0.00104,-0.00157,0.00858,1.41235,-0.07327,0.00553,0.05365,-0.00952,-0.01763,-0.01065,-0.00022,0.86414,0,0.00669,-0.00126,-0.16391,0.44236,0.06409,0.01246,0.00576,1
1.0326,-0.51566,0.03789,0.00690,-0.00103,-0.00166,0.00935,1.41235,-0.07341,0.00555,0.05357,-0.00934,-0.01780,-0.01136,-0.00019,0.86411,0,0.00669,-0.00126,-0.16391,0.44236,0.06409,0.01246,0.00576,1
1.0346,-0.51566,0.03789,0.00690,-0.00101,-0.00163,0.01001,1.41235,-0.07355,0.00556,0.05350,-0.00915,-0.01810,-0.01193,-0.00020,0.86406,0,0.00669,-0.00126,-0.16391,0.44236,0.06409,0.01246,0.00576,1
1.0366,-0.51566,0.03789,0.00689,-0.00099,-0.00148,0.01055,1.41235,-0.07369,0.00557,0.05342,-0.00894,-0.01852,-0.01238,-0.00020,0.86403,0,0.00669,-0.00126,-0.16391,0.44236,0.06409,0.01246,0.00576,1
1.0386,-0.51566,0.03789,0.00689,-0.00097,-0.00122,0.01097,1.41235,-0.07384,0.00558,0.05335,-0.00872,-0.01907,-0.01270,-0.00025,0.86404,0,0.00669,-0.00126,-0.16391,0.44236,0.06409,0.01246,0.00576,1
1.0406,-0.51566,0.03789,0.00689,-0.00094,-0.00084,0.01128,1.41235,-0.07398,0.00559,0.05328,-0.00850,-0.01975,-0.01289,-0.00026,0.86401,0,0.00669,-0.00126,-0.16391,0.44236,0.06409,0.01246,0.00576,1
1.0426,-0.51566,0.03789,0.00689,-0.00092,-0.00035,0.01147,1.41235,-0.07412,0.00560,0.05323,-0.00827,-0.02056,-0.01296,-0.00029,0.86399,0,0.00669,-0.00126,-0.16391,0.44236,0.06409,0.01246,0.00576,1
1.0446,-0.51566,0.03789,0.00689,-0.00090,0.00026,0.01155,1.41235,-0.07426,0.00561,0.05318,-0.00805,-0.02124,-0.01289,-0.00031,0.86400,0,0.00669,-0.00126,-0.16391,0.44236,0.06409,0.01246,0.00576,1
1.0466,-0.51566,0.03789,0.00689,-0.00087,0.00076,0.01150,1.41235,-0.07440,0.00562,0.05315,-0.00781,-0.02179,-0.01270,-0.00043,0.86393,0,0.00669,-0.00126,-0.16391,0.44236,0.06409,0.01246,0.00576,1
1.0486,-0.51566,0.03789,0.00689,-0.00085,0.00114,0.01135,1.41235,-0.07455,0.00563,0.05312,-0.00759,-0.02222,-0.01238,-0.00044,0.86395,0,0.00669,-0.00126,-0.16391,0.44236,0.06409,0.01246,0.00576,1
1.0506,-0.51371,0.03714,0.00641,-0.00079,-0.00043,0.01236,1.40902,-0.07469,0.00564,0.04891,-0.00718,-0.02277,-0.01193,-0.00052,0.86392,0,0.00596,-0.00102,-0.09429,0.44889,-0.01321,-0.00245,0.00292,1
1.0526,-0.51371,0.03714,0.00641,-0.00076,-0.00004,0.01197,1.40902,-0.07483,0.00565,0.04886,-0.00694,-0.02345,-0.01136,-0.00054,0.86388,0,0.00596,-0.00102,-0.09429,0.44889,-0.01321,-0.00245,0.00292,1
1.0546,-0.51371,0.03714,0.00641,-0.00074,0.00046,0.01146,1.40902,-0.07497,0.00566,0.04882,-0.00670,-0.02426,-0.01065,-0.00063,0.86386,0,0.00596,-0.00102,-0.09429,0.44889,-0.01321,-0.00245,0.00292,1
1.0566,-0.51371,0.03714,0.00641,-0.00072,0.00108,0.01083,1.40902,-0.07512,0.00567,0.04879,-0.00648,-0.02519,-0.00982,-0.00069,0.86382,0,0.00596,-0.00102,-0.09429,0.44889,-0.01321,-0.00245,0.00292,1
1.0586,-0.51371,0.03714,0.00641,-0.00070,0.00182,0.01009,1.40902,-0.07526,0.00569,0.04877,-0.00627,-0.02626,-0.00886,-0.00079,0.86380,0,0.00596,-0.00102,-0.09429,0.44889,-0.01321,-0.00245,0.00292,1
1.0606,-0.51371,0.03714,0.00642,-0.00068,0.00267,0.00923,1.40902,-0.07540,0.00570,0.04877,-0.00608,-0.02719,-0.00777,-0.00086,0.86381,0,0.00596,-0.00102,-0.09429,0.44889,-0.01321,-0.00245,0.00292,1
1.0626,-0.51371,0.03714,0.00642,-0.00066,0.00341,0.00825,1.40902,-0.07554,0.00571,0.04879,-0.00590,-0.02800,-0.00656,-0.00091,0.86376,0,0.00596,-0.00102,-0.09429,0.44889,-0.01321,-0.00245,0.00292,1
1.0646,-0.51371,0.03714,0.00643,-0.00064,0.00403,0.00715,1.40902,-0.07569,0.00572,0.04881,-0.00575,-0.02868,-0.00521,-0.00100,0.86375,0,0.00596,-0.00102,-0.09429,0.44889,-0.01321,-0.00245,0.00292,1
1.0666,-0.51371,0.03714,0.00644,-0.00063,0.00453,0.00594,1.40902,-0.07583,0.00573,0.04885,-0.00562,-0.02923,-0.00374,-0.00102,0.86374,0,0.00596,-0.00102,-0.09429,0.44889,-0.01321,-0.00245,0.00292,1
1.0686,-0.51371,0.03714,0.00645,-0.00062,0.00492,0.00462,1.40902,-0.07597,0.00574,0.04890,-0.00551,-0.02966,-0.00214,-0.00113,0.86376,0,0.00596,-0.00102,-0.09429,0.44889,-0.01321,-0.00245,0.00292,1
1.0707,-0.51371,0.03714,0.00646,-0.00061,0.00519,0.00317,1.40902,-0.07611,0.00575,0.04895,-0.00543,-0.02995,-0.00054,-0.00120,0.86375,0,0.00596,-0.00102,-0.09429,0.44889,-0.01321,-0.00245,0.00292,1
1.0727,-0.51371,0.03714,0.00647,-0.00061,0.00534,0.00173,1.40902,-0.07626,0.00576,0.04901,-0.00538,-0.03012,0.00093,-0.00126,0.86375,0,0.00596,-0.00102,-0.09429,0.44889,-0.01321,-0.00245,0.00292,1
1.0747,-0.51371,0.03714,0.00648,-0.00061,0.00538,0.00040,1.40902,-0.07640,0.00577,0.04907,-0.00535,-0.03016,0.00227,-0.00126,0.86376,0,0.00596,-0.00102,-0.09429,0.44889,-0.01321,-0.00245,0.00292,1
1.0767,-0.51371,0.03714,0.00649,-0.00061,0.00530,-0.00081,1.40902,-0.07654,0.00578,0.04913,-0.00535,-0.03007,0.00349,-0.00138,0.86375,0,0.00596,-0.00102,-0.09429,0.44889,-0.01321,-0.00245,0.00292,1
1.0787,-0.51371,0.03714,0.00650,-0.00061,0.00510,-0.00190,1.40902,-0.07668,0.00579,0.04919,-0.00538,-0.02986,0.00458,-0.00144,0.86378,0,0.00596,-0.00102,-0.09429,0.44889,-0.01321,-0.00245,0.00292,1
1.0807,-0.51371,0.03714,0.00651,-0.00061,0.00479,-0.00288,1.40902,-0.07683,0.00580,0.04924,-0.00542,-0.02951,0.00554,-0.00148,0.86379,0,0.00596,-0.00102,-0.09429,0.44889,-0.01321,-0.00245,0.00292,1
1.0827,-0.51371,0.03714,0.00652,-0.00062,0.00436,-0.00374,1.40902,-0.07697,0.00581,0.04928,-0.00548,-0.02904,0.00637,-0.00154,0.86379,0,0.00596,-0.00102,-0.09429,0.44889,-0.01321,-0.00245,0.00292,1
1.0847,-0.51371,0.03714,0.00653,-0.00063,0.00381,-0.00449,1.40902,-0.07711,0.00582,0.04932,-0.00556,-0.02844,0.00707,-0.00156,0.86377,0,0.00596,-0.00102,-0.09429,0.44889,-0.01321,-0.00245,0.00292,1
1.0867,-0.51371,0.03714,0.00653,-0.00064,0.00315,-0.00512,1.40902,-0.07725,0.00584,0.04934,-0.00565,-0.02791,0.00765,-0.00161,0.86379,0,0.00596,-0.00102,-0.09429,0.44889,-0.01321,-0.00245,0.00292,1
1.0887,-0.51371,0.03714,0.00654,-0.00065,0.00256,-0.00563,1.40902,-0.07739,0.00585,0.04935,-0.00575,-0.02752,0.00810,-0.00168,0.86380,0,0.00596,-0.00102,-0.09429,0.44889,-0.01321,-0.00245,0.00292,1
1.0907,-0.51371,0.03714,0.00654,-0.00066,0.00208,-0.00603,1.40902,-0.07754,0.00586,0.04935,-0.00586,-0.02725,0.00842,-0.00172,0.86388,0,0.00596,-0.00102,-0.09429,0.44889,-0.01321,-0.00245,0.00292,1
1.0927,-0.51371,0.03714,0.00655,-0.00067,0.00172,-0.00630,1.40902,-0.07768,0.00587,0.04934,-0.00598,-0.02711,0.00861,-0.00178,0.86386,0,0.00596,-0.00102,-0.09429,0.44889,-0.01321,-0.00245,0.00292,1
1.0947,-0.51371,0.03714,0.00655,-0.00069,0.00147,-0.00647,1.40902,-0.07782,0.00588,0.04932,-0.00610,-0.02709,0.00867,-0.00181,0.86388,0,0.00596,-0.00102,-0.09429,0.44889,-0.01321,-0.00245,0.00292,1
1.0967,-0.51371,0.03714,0.00655,-0.00070,0.00135,-0.00651,1.40902,-0.07796,0.00589,0.04930,-0.00623,-0.02721,0.00861,-0.00187,0.86389,0,0.00596,-0.00102,-0.09429,0.44889,-0.01321,-0.00245,0.00292,1
1.0987,-0.51371,0.03714,0.00656,-0.00071,0.00133,-0.00644,1.40902,-0.07811,0.00590,0.04928,-0.00635,-0.02745,0.00842,-0.00198,0.86389,0,0.00596,-0.00102,-0.09429,0.44889,-0.01321,-0.00245,0.00292,1
1.1007,-0.51371,0.03714,0.00656,-0.00072,0.00144,-0.00625,1.40902,-0.07825,0.00591,0.04926,-0.00647,-0.02782,0.00810,-0.00203,0.86393,0,0.00596,-0.00102,-0.09429,0.44889,-0.01321,-0.00245,0.00292,1
1.1027,-0.51371,0.03714,0.00656,-0.00074,0.00166,-0.00595,1.40902,-0.07839,0.00592,0.04925,-0.00659,-0.02832,0.00765,-0.00207,0.86391,0,0.00596,-0.00102,-0.09429,0.44889,-0.01321,-0.00245,0.00292,1
1.1047,-0.51371,0.03714,0.00657,-0.00075,0.00199,-0.00553,1.40902,-0.07853,0.00593,0.04924,-0.00670,-0.02895,0.00707,-0.00217,0.86395,0,0.00596,-0.00102,-0.09429,0.44889,-0.01321,-0.00245,0.00292,1
1.1067,-0.51371,0.03714,0.00657,-0.00076,0.00245,-0.00499,1.40902,-0.07868,0.00594,0.04923,-0.00680,-0.02945,0.00637,-0.00213,0.86398,0,0.00596,-0.00102,-0.09429,0.44889,-0.01321,-0.00245,0.00292,1
1.1087,-0.51371,0.03714,0.00658,-0.00077,0.00278,-0.00434,1.40902,-0.07882,0.00595,0.04924,-0.00689,-0.02982,0.00554,-0.00227,0.86397,0,0.00596,-0.00102,-0.09429,0.44889,-0.01321,-0.00245,0.00292,1
1.1107,-0.51371,0.03714,0.00658,-0.00078,0.00300,-0.00357,1.40902,-0.07896,0.00596,0.04925,-0.00696,-0.03006,0.00458,-0.00228,0.86399,0,0.00596,-0.00102,-0.09429,0.44889,-0.01321,-0.00245,0.00292,1
1.1127,-0.51371,0.03714,0.00659,-0.00078,0.00311,-0.00268,1.40902,-0.07910,0.00598,0.04926,-0.00702,-0.03018,0.00349,-0.00236,0.86399,0,0.00596,-0.00102,-0.09429,0.44889,-0.01321,-0.00245,0.00292,1
1.1147,-0.51371,0.03714,0.00659,-0.00079,0.00309,-0.00168,1.40902,-0.07925,0.00599,0.04927,-0.00706,-0.03016,0.00227,-0.00243,0.86400,0,0.00596,-0.00102,-0.09429,0.44889,-0.01321,-0.00245,0.00292,1
1.1167,-0.51297,0.03681,0.00582,-0.00057,0.00026,-0.00193,1.41383,-0.07939,0.00600,0.04180,-0.00499,-0.03028,0.00101,-0.00245,0.86400,0,0.00503,-0.00011,-0.09429,0.44889,-0.01321,-0.00245,0.00292,1
1.1187,-0.51297,0.03681,0.00582,-0.00057,0.00026,-0.00078,1.41383,-0.07953,0.00601,0.04176,-0.00501,-0.03052,-0.00012,-0.00250,0.86401,0,0.00503,-0.00011,-0.09429,0.44889,-0.01321,-0.00245,0.00292,1
1.1207,-0.51297,0.03681,0.00582,-0.00057,0.00037,0.00027,1.41383,-0.07967,0.00602,0.04172,-0.00501,-0.03089,-0.00113,-0.00258,0.86400,0,0.00503,-0.00011,-0.09429,0.44889,-0.01321,-0.00245,0.00292,1
1.1228,-0.51297,0.03681,0.00582,-0.00057,0.00061,0.00119,1.41383,-0.07982,0.00603,0.04168,-0.00499,-0.03139,-0.00201,-0.00264,0.86399,0,0.00503,-0.00011,-0.09429,0.44889,-0.01321,-0.00245,0.00292,1
1.1248,-0.51297,0.03681,0.00582,-0.00056,0.00096,0.00200,1.41383,-0.07996,0.00604,0.04165,-0.00496,-0.03202,-0.00276,-0.00268,0.86400,0,0.00503,-0.00011,-0.09429,0.44889,-0.01321,-0.00245,0.00292,1
1.1268,-0.51297,0.03681,0.00582,-0.00056,0.00142,0.00270,1.41383,-0.08010,0.00605,0.04162,-0.00491,-0.03277,-0.00339,-0.00270,0.86401,0,0.00503,-0.00011,-0.09429,0.44889,-0.01321,-0.00245,0.00292,1
1.1288,-0.51297,0.03681,0.00583,-0.00055,0.00201,0.00327,1.41383,-0.08025,0.00606,0.04161,-0.00485,-0.03366,-0.00388,-0.00274,0.86400,0,0.00503,-0.00011,-0.09429,0.44889,-0.01321,-0.00245,0.00292,1
1.1308,-0.51297,0.03681,0.00583,-0.00055,0.00270,0.00373,1.41383,-0.08039,0.00607,0.04161,-0.00477,-0.03467,-0.00425,-0.00286,0.86399,0,0.00503,-0.00011,-0.09429,0.44889,-0.01321,-0.00245,0.00292,1
1.1328,-0.51297,0.03681,0.00584,-0.00054,0.00352,0.00408,1.41383,-0.08053,0.00608,0.04162,-0.00469,-0.03581,-0.00449,-0.00286,0.86397,0,0.00503,-0.00011,-0.09429,0.44889,-0.01321,-0.00245,0.00292,1
1.1348,-0.51297,0.03681,0.00585,-0.00053,0.00445,0.00430,1.41383,-0.08067,0.00609,0.04165,-0.00461,-0.03707,-0.00460,-0.00298,0.86394,0,0.00503,-0.00011,-0.09429,0.44889,-0.01321,-0.00245,0.00292,1
1.1368,-0.51297,0.03681,0.00586,-0.00052,0.00550,0.00441,1.41383,-0.08082,0.00610,0.04170,-0.00452,-0.03847,-0.00458,-0.00297,0.86396,0,0.00503,-0.00011,-0.09429,0.44889,-0.01321,-0.00245,0.00292,1
1.1388,-0.51297,0.03681,0.00587,-0.00051,0.00666,0.00441,1.41383,-0.08096,0.00612,0.04177,-0.00443,-0.03974,-0.00444,-0.00309,0.86389,0,0.00503,-0.00011,-0.09429,0.44889,-0.01321,-0.00245,0.00292,1
1.1408,-0.51297,0.03681,0.00588,-0.00050,0.00771,0.00428,1.41383,-0.08110,0.00613,0.04186,-0.00434,-0.04088,-0.00417,-0.00319,0.86391,0,0.00503,-0.00011,-0.09429,0.44889,-0.01321,-0.00245,0.00292,1
1.1428,-0.51297,0.03681,0.00590,-0.00050,0.00864,0.00405,1.41383,-0.08125,0.00614,0.04197,-0.00425,-0.04189,-0.00377,-0.00324,0.86388,0,0.00503,-0.00011,-0.09429,0.44889,-0.01321,-0.00245,0.00292,1
1.1448,-0.51297,0.03681,0.00592,-0.00049,0.00945,0.00369,1.41383,-0.08139,0.00615,0.04210,-0.00417,-0.04277,-0.00324,-0.00335,0.86389,0,0.00503,-0.00011,-0.09429,0.44889,-0.01321,-0.00245,0.00292,1
1.1469,-0.51297,0.03681,0.00594,-0.00048,0.01015,0.00322,1.41383,-0.08153,0.00616,0.04225,-0.00410,-0.04352,-0.00258,-0.00340,0.86387,0,0.00503,-0.00011,-0.09429,0.44889,-0.01321,-0.00245,0.00292,1
1.1489,-0.51297,0.03681,0.00596,-0.00048,0.01073,0.00263,1.41383,-0.08167,0.00617,0.04240,-0.00404,-0.04415,-0.00180,-0.00347,0.86390,0,0.00503,-0.00011,-0.09429,0.44889,-0.01321,-0.00245,0.00292,1
1.1509,-0.51297,0.03681,0.00598,-0.00047,0.01119,0.00193,1.41383,-0.08182,0.00618,0.04257,-0.00399,-0.04465,-0.00088,-0.00361,0.86387,0,0.00503,-0.00011,-0.09429,0.44889,-0.01321,-0.00245,0.00292,1
1.1529,-0.51297,0.03681,0.00600,-0.00047,0.01154,0.00110,1.41383,-0.08196,0.00619,0.04274,-0.00396,-0.04502,0.00016,-0.00367,0.86388,0,0.00503,-0.00011,-0.09429,0.44889,-0.01321,-0.00245,0.00292,1
1.1549,-0.51297,0.03681,0.00603,-0.00047,0.01177,0.00017,1.41383,-0.08210,0.00620,0.04292,-0.00394,-0.04526,0.00132,-0.00376,0.86387,0,0.00503,-0.00011,-0.09429,0.44889,-0.01321,-0.00245,0.00292,1
1.1569,-0.51297,0.03681,0.00605,-0.00047,0.01188,-0.00089,1.41383,-0.08224,0.00621,0.04311,-0.00394,-0.04538,0.00236,-0.00389,0.86383,0,0.00503,-0.00011,-0.09429,0.44889,-0.01321,-0.00245,0.00292,1
1.1589,-0.51297,0.03681,0.00607,-0.00047,0.01188,-0.00182,1.41383,-0.08239,0.00622,0.04329,-0.00397,-0.04537,0.00328,-0.00392,0.86386,0,0.00503,-0.00011,-0.09429,0.44889,-0.01321,-0.00245,0.00292,1
1.1609,-0.51297,0.03681,0.00610,-0.00047,0.01176,-0.00265,1.41383,-0.08253,0.00623,0.04347,-0.00401,-0.04523,0.00406,-0.00399,0.86385,0,0.00503,-0.00011,-0.09429,0.44889,-0.01321,-0.00245,0.00292,1
1.1629,-0.51297,0.03681,0.00612,-0.00048,0.01152,-0.00335,1.41383,-0.08267,0.00625,0.04365,-0.00406,-0.04496,0.00472,-0.00408,0.86387,0,0.00503,-0.00011,-0.09429,0.44889,-0.01321,-0.00245,0.00292,1
1.1649,-0.51297,0.03681,0.00614,-0.00049,0.01116,-0.00394,1.41383,-0.08282,0.00626,0.04383,-0.00413,-0.04456,0.00525,-0.00426,0.86387,0,0.00503,-0.00011,-0.09429,0.44889,-0.01321,-0.00245,0.00292,1
1.1669,-0.51297,0.03681,0.00616,-0.00050,0.01069,-0.00441,1.41383,-0.08296,0.00627,0.04399,-0.00421,-0.04403,0.00565,-0.00429,0.86391,0,0.00503,-0.00011,-0.09429,0.44889,-0.01321,-0.00245,0.00292,1
1.1689,-0.51297,0.03681,0.00618,-0.00051,0.01011,-0.00477,1.41383,-0.08310,0.00628,0.04415,-0.00430,-0.04338,0.00592,-0.00440,0.86392,0,0.00503,-0.00011,-0.09429,0.44889,-0.01321,-0.00245,0.00292,1
1.1710,-0.51297,0.03681,0.00620,-0.00052,0.00940,-0.00500,1.41383,-0.08324,0.00629,0.04429,-0.00439,-0.04260,0.00606,-0.00453,0.86396,0,0.00503,-0.00011,-0.09429,0.44889,-0.01321,-0.00245,0.00292,1
1.1730,-0.51297,0.03681,0.00622,-0.00053,0.00858,-0.00513,1.41383,-0.08339,0.00630,0.04441,-0.00448,-0.04169,0.00608,-0.00458,0.86393,0,0.00503,-0.00011,-0.09429,0.44889,-0.01321,-0.00245,0.00292,1
1.1750,-0.51297,0.03681,0.00624,-0.00054,0.00764,-0.00513,1.41383,-0.08353,0.00631,0.04452,-0.00458,-0.04065,0.00597,-0.00464,0.86397,0,0.00503,-0.00011,-0.09429,0.44889,-0.01321,-0.00245,0.00292,1
1.1770,-0.51297,0.03681,0.00625,-0.00055,0.00659,-0.00502,1.41383,-0.08367,0.00632,0.04461,-0.00468,-0.03949,0.00573,-0.00477,0.86401,0,0.00503,-0.00011,-0.09429,0.44889,-0.01321,-0.00245,0.00292,1
1.1790,-0.51297,0.03681,0.00626,-0.00056,0.00542,-0.00479,1.41383,-0.08382,0.00633,0.04468,-0.00477,-0.03845,0.00536,-0.00486,0.86396,0,0.00503,-0.00011,-0.09429,0.44889,-0.01321,-0.00245,0.00292,1
1.1810,-0.51297,0.03681,0.00627,-0.00056,0.00436,-0.00445,1.41383,-0.08396,0.00634,0.04473,-0.00486,-0.03754,0.00487,-0.00494,0.86399,0,0.00503,-0.00011,-0.09429,0.44889,-0.01321,-0.00245,0.00292,1
1.1830,-0.51297,0.03681,0.00628,-0.00057,0.00342,-0.00399,1.41383,-0.08410,0.00635,0.04475,-0.00494,-0.03676,0.00424,-0.00502,0.86399,0,0.00503,-0.00011,-0.09429,0.44889,-0.01321,-0.00245,0.00292,1
1.1850,-0.51297,0.03681,0.00629,-0.00058,0.00260,-0.00341,1.41383,-0.08424,0.00636,0.04476,-0.00500,-0.03611,0.00349,-0.00511,0.86401,0,0.00503,-0.00011,-0.09429,0.44889,-0.01321,-0.00245,0.00292,1
1.1870,-0.51308,0.03732,0.00597,-0.00060,0.00200,-0.00390,1.40989,-0.08439,0.00637,0.04150,-0.00501,-0.03558,0.00261,-0.00523,0.86401,0,0.00526,-0.00049,-0.10208,0.44668,-0.00443,0.00049,0.00313,0
1.1890,-0.51308,0.03732,0.00597,-0.00060,0.00141,-0.00309,1.40989,-0.08453,0.00639,0.04148,-0.00508,-0.03519,0.00161,-0.00523,0.86401,0,0.00526,-0.00049,-0.10208,0.44668,-0.00443,0.00049,0.00313,0
1.1910,-0.51308,0.03732,0.00597,-0.00061,0.00095,-0.00216,1.40989,-0.08467,0.00640,0.04145,-0.00512,-0.03492,0.00073,-0.00530,0.86404,0,0.00526,-0.00049,-0.10208,0.44668,-0.00443,0.00049,0.00313,0
1.1930,-0.51308,0.03732,0.00597,-0.00061,0.00059,-0.00135,1.40989,-0.08481,0.00641,0.04142,-0.00516,-0.03478,-0.00003,-0.00536,0.86404,0,0.00526,-0.00049,-0.10208,0.44668,-0.00443,0.00049,0.00313,0
1.1950,-0.51308,0.03732,0.00597,-0.00062,0.00036,-0.00066,1.40989,-0.08495,0.00642,0.04138,-0.00517,-0.03476,-0.00065,-0.00548,0.86399,0,0.00526,-0.00049,-0.10208,0.44668,-0.00443,0.00049,0.00313,0
1.1970,-0.51308,0.03732,0.00597,-0.00062,0.00024,-0.00008,1.40989,-0.08510,0.00643,0.04133,-0.00517,-0.03488,-0.00114,-0.00553,0.86404,0,0.00526,-0.00049,-0.10208,0.44668,-0.00443,0.00049,0.00313,0
1.1990,-0.51308,0.03732,0.00597,-0.00062,0.00024,0.00038,1.40989,-0.08524,0.00644,0.04129,-0.00517,-0.03512,-0.00151,-0.00564,0.86400,0,0.00526,-0.00049,-0.10208,0.44668,-0.00443,0.00049,0.00313,0
1.2010,-0.51308,0.03732,0.00598,-0.00061,0.00035,0.00073,1.40989,-0.08538,0.00645,0.04124,-0.00515,-0.03549,-0.00175,-0.00572,0.86400,0,0.00526,-0.00049,-0.10208,0.44668,-0.00443,0.00049,0.00313,0
1.2030,-0.51308,0.03732,0.00598,-0.00061,0.00058,0.00096,1.40989,-0.08552,0.00646,0.04120,-0.00513,-0.03599,-0.00186,-0.00580,0.86401,0,0.00526,-0.00049,-0.10208,0.44668,-0.00443,0.00049,0.00313,0
1.2050,-0.51308,0.03732,0.00598,-0.00061,0.00093,0.00107,1.40989,-0.08567,0.00647,0.04116,-0.00511,-0.03662,-0.00185,-0.00592,0.86398,0,0.00526,-0.00049,-0.10208,0.44668,-0.00443,0.00049,0.00313,0
1.2070,-0.51308,0.03732,0.00598,-0.00061,0.00139,0.00106,1.40989,-0.08581,0.00648,0.04113,-0.00508,-0.03737,-0.00170,-0.00598,0.86397,0,0.00526,-0.00049,-0.10208,0.44668,-0.00443,0.00049,0.00313,0
1.2090,-0.51308,0.03732,0.00598,-0.00061,0.00197,0.00094,1.40989,-0.08595,0.00649,0.04111,-0.00506,-0.03826,-0.00143,-0.00607,0.86400,0,0.00526,-0.00049,-0.10208,0.44668,-0.00443,0.00049,0.00313,0
1.2110,-0.51308,0.03732,0.00599,-0.00061,0.00267,0.00071,1.40989,-0.08609,0.00650,0.04111,-0.00504,-0.03927,-0.00103,-0.00616,0.86399,0,0.00526,-0.00049,-0.10208,0.44668,-0.00443,0.00049,0.00313,0
1.2130,-0.51308,0.03732,0.00599,-0.00060,0.00348,0.00035,1.40989,-0.08624,0.00651,0.04112,-0.00503,-0.04041,-0.00050,-0.00623,0.86398,0,0.00526,-0.00049,-0.10208,0.44668,-0.00443,0.00049,0.00313,0
1.2150,-0.51308,0.03732,0.00600,-0.00060,0.00441,-0.00012,1.40989,-0.08638,0.00653,0.04114,-0.00502,-0.04167,0.00016,-0.00627,0.86397,0,0.00526,-0.00049,-0.10208,0.44668,-0.00443,0.00049,0.00313,0
1.2170,-0.51308,0.03732,0.00601,-0.00060,0.00546,-0.00070,1.40989,-0.08652,0.00654,0.04119,-0.00502,-0.04307,0.00094,-0.00639,0.86398,0,0.00526,-0.00049,-0.10208,0.44668,-0.00443,0.00049,0.00313,0
1.2190,-0.51308,0.03732,0.00602,-0.00061,0.00662,-0.00140,1.40989,-0.08666,0.00655,0.04126,-0.00504,-0.04459,0.00160,-0.00644,0.86395,0,0.00526,-0.00049,-0.10208,0.44668,-0.00443,0.00049,0.00313,0
1.2210,-0.51308,0.03732,0.00604,-0.00061,0.00789,-0.00199,1.40989,-0.08680,0.00656,0.04135,-0.00507,-0.04599,0.00213,-0.00657,0.86396,0,0.00526,-0.00049,-0.10208,0.44668,-0.00443,0.00049,0.00313,0
1.2230,-0.51308,0.03732,0.00606,-0.00061,0.00905,-0.00246,1.40989,-0.08695,0.00657,0.04146,-0.00511,-0.04725,0.00253,-0.00665,0.86397,0,0.00526,-0.00049,-0.10208,0.44668,-0.00443,0.00049,0.00313,0
1.2250,-0.51308,0.03732,0.00607,-0.00062,0.01010,-0.00281,1.40989,-0.08709,0.00658,0.04160,-0.00516,-0.04839,0.00280,-0.00668,0.86398,0,0.00526,-0.00049,-0.10208,0.44668,-0.00443,0.00049,0.00313,0
1.2270,-0.51308,0.03732,0.00610,-0.00063,0.01102,-0.00305,1.40989,-0.08723,0.00659,0.04175,-0.00521,-0.04940,0.00294,-0.00686,0.86397,0,0.00526,-0.00049,-0.10208,0.44668,-0.00443,0.00049,0.00313,0
1.2290,-0.51308,0.03732,0.00612,-0.00063,0.01183,-0.00317,1.40989,-0.08737,0.00660,0.04192,-0.00527,-0.05029,0.00296,-0.00687,0.86399,0,0.00526,-0.00049,-0.10208,0.44668,-0.00443,0.00049,0.00313,0
1.2310,-0.51308,0.03732,0.00614,-0.00064,0.01253,-0.00317,1.40989,-0.08752,0.00661,0.04211,-0.00533,-0.05104,0.00285,-0.00695,0.86402,0,0.00526,-0.00049,-0.10208,0.44668,-0.00443,0.00049,0.00313,0
1.2330,-0.51308,0.03732,0.00617,-0.00064,0.01310,-0.00306,1.40989,-0.08766,0.00662,0.04231,-0.00538,-0.05167,0.00261,-0.00708,0.86402,0,0.00526,-0.00049,-0.10208,0.44668,-0.00443,0.00049,0.00313,0
1.2350,-0.51308,0.03732,0.00620,-0.00065,0.01356,-0.00283,1.40989,-0.08780,0.00663,0.04252,-0.00544,-0.05217,0.00224,-0.00714,0.86403,0,0.00526,-0.00049,-0.10208,0.44668,-0.00443,0.00049,0.00313,0
1.2370,-0.51308,0.03732,0.00622,-0.00066,0.01390,-0.00248,1.40989,-0.08794,0.00664,0.04274,-0.00549,-0.05254,0.00175,-0.00729,0.86402,0,0.00526,-0.00049,-0.10208,0.44668,-0.00443,0.00049,0.00313,0
1.2390,-0.51308,0.03732,0.00625,-0.00066,0.01413,-0.00202,1.40989,-0.08809,0.00665,0.04296,-0.00553,-0.05278,0.00113,-0.00737,0.86403,0,0.00526,-0.00049,-0.10208,0.44668,-0.00443,0.00049,0.00313,0
1.2411,-0.51308,0.03732,0.00628,-0.00066,0.01424,-0.00145,1.40989,-0.08823,0.00666,0.04319,-0.00556,-0.05290,0.00064,-0.00739,0.86401,0,0.00526,-0.00049,-0.10208,0.44668,-0.00443,0.00049,0.00313,0
1.2431,-0.51308,0.03732,0.00631,-0.00067,0.01423,-0.00099,1.40989,-0.08837,0.00668,0.04341,-0.00558,-0.05288,0.00027,-0.00751,0.86401,0,0.00526,-0.00049,-0.10208,0.44668,-0.00443,0.00049,0.00313,0
1.2451,-0.51308,0.03732,0.00634,-0.00067,0.01411,-0.00065,1.40989,-0.08851,0.00669,0.04364,-0.00559,-0.05274,0.00004,-0.00765,0.86400,0,0.00526,-0.00049,-0.10208,0.44668,-0.00443,0.00049,0.00313,0
1.2471,-0.51308,0.03732,0.00636,-0.00067,0.01386,-0.00042,1.40989,-0.08865,0.00670,0.04386,-0.00560,-0.05247,-0.00007,-0.00765,0.86401,0,0.00526,-0.00049,-0.10208,0.44668,-0.00443,0.00049,0.00313,0
1.2491,-0.51308,0.03732,0.00639,-0.00067,0.01350,-0.00031,1.40989,-0.08880,0.00671,0.04408,-0.00560,-0.05208,-0.00005,-0.00782,0.86403,0,0.00526,-0.00049,-0.10208,0.44668,-0.00443,0.00049,0.00313,0
1.2511,-0.51376,0.03815,0.00716,-0.00037,0.01663,0.00060,1.40685,-0.08894,0.00672,0.05135,-0.00244,-0.05155,0.00010,-0.00801,0.86403,0,0.00737,-0.00005,-0.08811,0.44723,-0.01977,-0.00190,0.00096,1
1.2531,-0.51376,0.03815,0.00719,-0.00037,0.01602,0.00047,1.40685,-0.08908,0.00673,0.05162,-0.00242,-0.05090,0.00038,-0.00801,0.86403,0,0.00737,-0.00005,-0.08811,0.44723,-0.01977,-0.00190,0.00096,1
1.2551,-0.51376,0.03815,0.00722,-0.00037,0.01530,0.00022,1.40685,-0.08922,0.00674,0.05187,-0.00241,-0.05012,0.00079,-0.00807,0.86405,0,0.00737,-0.00005,-0.08811,0.44723,-0.01977,-0.00190,0.00096,1
1.2571,-0.51376,0.03815,0.00725,-0.00037,0.01446,-0.00014,1.40685,-0.08937,0.00675,0.05211,-0.00241,-0.04921,0.00132,-0.00815,0.86403,0,0.00737,-0.00005,-0.08811,0.44723,-0.01977,-0.00190,0.00096,1
1.2591,-0.51376,0.03815,0.00728,-0.00037,0.01350,-0.00062,1.40685,-0.08951,0.00676,0.05233,-0.00241,-0.04817,0.00198,-0.00819,0.86403,0,0.00737,-0.00005,-0.08811,0.44723,-0.01977,-0.00190,0.00096,1
1.2611,-0.51376,0.03815,0.00730,-0.00037,0.01243,-0.00121,1.40685,-0.08965,0.00677,0.05253,-0.00242,-0.04701,0.00277,-0.00830,0.86403,0,0.00737,-0.00005,-0.08811,0.44723,-0.01977,-0.00190,0.00096,1
1.2631,-0.51376,0.03815,0.00733,-0.00038,0.01124,-0.00192,1.40685,-0.08979,0.00678,0.05271,-0.00245,-0.04571,0.00369,-0.00840,0.86404,0,0.00737,-0.00005,-0.08811,0.44723,-0.01977,-0.00190,0.00096,1
1.2651,-0.51376,0.03815,0.00735,-0.00038,0.00993,-0.00275,1.40685,-0.08994,0.00679,0.05287,-0.00249,-0.04429,0.00448,-0.00850,0.86405,0,0.00737,-0.00005,-0.08811,0.44723,-0.01977,-0.00190,0.00096,1
1.2671,-0.51376,0.03815,0.00737,-0.00039,0.00851,-0.00346,1.40685,-0.09008,0.00680,0.05299,-0.00255,-0.04274,0.00514,-0.00857,0.86407,0,0.00737,-0.00005,-0.08811,0.44723,-0.01977,-0.00190,0.00096,1
1.2691,-0.51376,0.03815,0.00738,-0.00040,0.00697,-0.00405,1.40685,-0.09022,0.00682,0.05309,-0.00262,-0.04114,0.00567,-0.00864,0.86412,0,0.00737,-0.00005,-0.08811,0.44723,-0.01977,-0.00190,0.00096,1
1.2711,-0.51376,0.03815,0.00740,-0.00040,0.00538,-0.00453,1.40685,-0.09036,0.00683,0.05316,-0.00270,-0.03954,0.00608,-0.00874,0.86409,0,0.00737,-0.00005,-0.08811,0.44723,-0.01977,-0.00190,0.00096,1
1.2731,-0.51376,0.03815,0.00740,-0.00041,0.00380,-0.00489,1.40685,-0.09050,0.00684,0.05320,-0.00279,-0.03794,0.00635,-0.00881,0.86415,0,0.00737,-0.00005,-0.08811,0.44723,-0.01977,-0.00190,0.00096,1
1.2751,-0.51376,0.03815,0.00741,-0.00042,0.00221,-0.00514,1.40685,-0.09065,0.00685,0.05320,-0.00288,-0.03647,0.00650,-0.00897,0.86411,0,0.00737,-0.00005,-0.08811,0.44723,-0.01977,-0.00190,0.00096,1
1.2771,-0.51376,0.03815,0.00741,-0.00043,0.00074,-0.00527,1.40685,-0.09079,0.00686,0.05318,-0.00298,-0.03513,0.00652,-0.00896,0.86413,0,0.00737,-0.00005,-0.08811,0.44723,-0.01977,-0.00190,0.00096,1
1.2791,-0.51376,0.03815,0.00741,-0.00045,-0.00061,-0.00528,1.40685,-0.09093,0.00687,0.05312,-0.00308,-0.03391,0.00642,-0.00910,0.86416,0,0.00737,-0.00005,-0.08811,0.44723,-0.01977,-0.00190,0.00096,1
1.2811,-0.51376,0.03815,0.00741,-0.00046,-0.00185,-0.00517,1.40685,-0.09107,0.00688,0.05304,-0.00318,-0.03282,0.00618,-0.00915,0.86416,0,0.00737,-0.00005,-0.08811,0.44723,-0.01977,-0.00190,0.00096,1
1.2831,-0.51376,0.03815,0.00741,-0.00047,-0.00297,-0.00495,1.40685,-0.09122,0.00689,0.05294,-0.00327,-0.03186,0.00582,-0.00925,0.86418,0,0.00737,-0.00005,-0.08811,0.44723,-0.01977,-0.00190,0.00096,1
1.2851,-0.51376,0.03815,0.00740,-0.00048,-0.00398,-0.00461,1.40685,-0.09136,0.00690,0.05282,-0.00336,-0.03103,0.00533,-0.00935,0.86415,0,0.00737,-0.00005,-0.08811,0.44723,-0.01977,-0.00190,0.00096,1
1.2871,-0.51376,0.03815,0.00739,-0.00048,-0.00487,-0.00416,1.40685,-0.09150,0.00691,0.05268,-0.00345,-0.03033,0.00471,-0.00943,0.86417,0,0.00737,-0.00005,-0.08811,0.44723,-0.01977,-0.00190,0.00096,1
1.2891,-0.51376,0.03815,0.00738,-0.00049,-0.00564,-0.00359,1.40685,-0.09164,0.00692,0.05252,-0.00352,-0.02975,0.00396,-0.00948,0.86418,0,0.00737,-0.00005,-0.08811,0.44723,-0.01977,-0.00190,0.00096,1
1.2911,-0.51376,0.03815,0.00737,-0.00050,-0.00629,-0.00290,1.40685,-0.09179,0.00693,0.05235,-0.00358,-0.02930,0.00335,-0.00954,0.86418,0,0.00737,-0.00005,-0.08811,0.44723,-0.01977,-0.00190,0.00096,1
1.2931,-0.51376,0.03815,0.00735,-0.00050,-0.00683,-0.00233,1.40685,-0.09193,0.00694,0.05216,-0.00363,-0.02898,0.00286,-0.00964,0.86417,0,0.00737,-0.00005,-0.08811,0.44723,-0.01977,-0.00190,0.00096,1
1.2951,-0.51376,0.03815,0.00734,-0.00051,-0.00725,-0.00187,1.40685,-0.09207,0.00696,0.05197,-0.00366,-0.02879,0.00249,-0.00970,0.86420,0,0.00737,-0.00005,-0.08811,0.44723,-0.01977,-0.00190,0.00096,1
1.2971,-0.51376,0.03815,0.00733,-0.00051,-0.00756,-0.00153,1.40685,-0.09221,0.00697,0.05177,-0.00369,-0.02873,0.00226,-0.00981,0.86419,0,0.00737,-0.00005,-0.08811,0.44723,-0.01977,-0.00190,0.00096,1
1.2991,-0.51376,0.03815,0.00731,-0.00051,-0.00775,-0.00131,1.40685,-0.09236,0.00698,0.05156,-0.00372,-0.02879,0.00215,-0.00990,0.86418,0,0.00737,-0.00005,-0.08811,0.44723,-0.01977,-0.00190,0.00096,1
1.3011,-0.51376,0.03815,0.00730,-0.00052,-0.00782,-0.00120,1.40685,-0.09250,0.00699,0.05135,-0.00374,-0.02898,0.00217,-0.00998,0.86417,0,0.00737,-0.00005,-0.08811,0.44723,-0.01977,-0.00190,0.00096,1
1.3031,-0.51376,0.03815,0.00728,-0.00052,-0.00777,-0.00121,1.40685,-0.09264,0.00700,0.05114,-0.00376,-0.02930,0.00232,-0.01002,0.86418,0,0.00737,-0.00005,-0.08811,0.44723,-0.01977,-0.00190,0.00096,1
1.3051,-0.51376,0.03815,0.00726,-0.00052,-0.00761,-0.00134,1.40685,-0.09278,0.00701,0.05093,-0.00378,-0.02975,0.00260,-0.01009,0.86421,0,0.00737,-0.00005,-0.08811,0.44723,-0.01977,-0.00190,0.00096,1
1.3072,-0.51376,0.03815,0.00725,-0.00052,-0.00733,-0.00158,1.40685,-0.09293,0.00702,0.05073,-0.00380,-0.03033,0.00301,-0.01016,0.86419,0,0.00737,-0.00005,-0.08811,0.44723,-0.01977,-0.00190,0.00096,1
1.3092,-0.51376,0.03815,0.00723,-0.00053,-0.00694,-0.00194,1.40685,-0.09307,0.00703,0.05053,-0.00383,-0.03103,0.00328,-0.01021,0.86419,0,0.00737,-0.00005,-0.08811,0.44723,-0.01977,-0.00190,0.00096,1
1.3112,-0.51376,0.03815,0.00722,-0.00053,-0.00643,-0.00219,1.40685,-0.09321,0.00704,0.05035,-0.00387,-0.03186,0.00343,-0.01031,0.86420,0,0.00737,-0.00005,-0.08811,0.44723,-0.01977,-0.00190,0.00096,1
1.3132,-0.51376,0.03815,0.00721,-0.00054,-0.00580,-0.00231,1.40685,-0.09336,0.00705,0.05017,-0.00391,-0.03282,0.00345,-0.01040,0.86421,0,0.00737,-0.00005,-0.08811,0.44723,-0.01977,-0.00190,0.00096,1
1.3152,-0.51449,0.03770,0.00757,-0.00005,-0.00579,-0.00067,1.41168,-0.09350,0.00706,0.05346,0.00071,-0.03391,0.00360,-0.01051,0.86426,0,0.00819,0.00050,-0.08811,0.44723,-0.01977,-0.00190,0.00096,1
1.3172,-0.51449,0.03770,0.00756,-0.00006,-0.00493,-0.00080,1.41168,-0.09364,0.00707,0.05330,0.00070,-0.03513,0.00388,-0.01051,0.86426,0,0.00819,0.00050,-0.08811,0.44723,-0.01977,-0.00190,0.00096,1
1.3192,-0.51449,0.03770,0.00755,-0.00006,-0.00396,-0.00105,1.41168,-0.09379,0.00708,0.05316,0.00069,-0.03647,0.00429,-0.01063,0.86423,0,0.00819,0.00050,-0.08811,0.44723,-0.01977,-0.00190,0.00096,1
1.3212,-0.51449,0.03770,0.00755,-0.00006,-0.00287,-0.00142,1.41168,-0.09393,0.00710,0.05303,0.00067,-0.03794,0.00482,-0.01063,0.86427,0,0.00819,0.00050,-0.08811,0.44723,-0.01977,-0.00190,0.00096,1
1.3233,-0.51449,0.03770,0.00754,-0.00006,-0.00167,-0.00190,1.41168,-0.09407,0.00711,0.05293,0.00064,-0.03954,0.00548,-0.01073,0.86423,0,0.00819,0.00050,-0.08811,0.44723,-0.01977,-0.00190,0.00096,1
1.3253,-0.51449,0.03770,0.00754,-0.00007,-0.00035,-0.00250,1.41168,-0.09422,0.00712,0.05286,0.00060,-0.04114,0.00627,-0.01082,0.86428,0,0.00819,0.00050,-0.08811,0.44723,-0.01977,-0.00190,0.00096,1
1.3273,-0.51449,0.03770,0.00754,-0.00007,0.00097,-0.00322,1.41168,-0.09436,0.00713,0.05281,0.00055,-0.04262,0.00719,-0.01088,0.86428,0,0.00819,0.00050,-0.08811,0.44723,-0.01977,-0.00190,0.00096,1
1.3293,-0.51449,0.03770,0.00754,-0.00008,0.00217,-0.00405,1.41168,-0.09450,0.00714,0.05278,0.00048,-0.04396,0.00798,-0.01100,0.86427,0,0.00819,0.00050,-0.08811,0.44723,-0.01977,-0.00190,0.00096,1
1.3313,-0.51449,0.03770,0.00755,-0.00009,0.00326,-0.00477,1.41168,-0.09464,0.00715,0.05278,0.00040,-0.04518,0.00864,-0.01104,0.86428,0,0.00819,0.00050,-0.08811,0.44723,-0.01977,-0.00190,0.00096,1
1.3333,-0.51449,0.03770,0.00756,-0.00010,0.00423,-0.00537,1.41168,-0.09479,0.00716,0.05279,0.00030,-0.04626,0.00917,-0.01109,0.86429,0,0.00819,0.00050,-0.08811,0.44723,-0.01977,-0.00190,0.00096,1
1.3353,-0.51449,0.03770,0.00757,-0.00011,0.00509,-0.00585,1.41168,-0.09493,0.00717,0.05283,0.00019,-0.04722,0.00958,-0.01126,0.86434,0,0.00819,0.00050,-0.08811,0.44723,-0.01977,-0.00190,0.00096,1
1.3373,-0.51449,0.03770,0.00758,-0.00012,0.00582,-0.00622,1.41168,-0.09507,0.00718,0.05288,0.00008,-0.04806,0.00985,-0.01128,0.86438,0,0.00819,0.00050,-0.08811,0.44723,-0.01977,-0.00190,0.00096,1
1.3393,-0.51449,0.03770,0.00759,-0.00014,0.00644,-0.00647,1.41168,-0.09521,0.00719,0.05294,-0.00004,-0.04876,0.01000,-0.01143,0.86439,0,0.00819,0.00050,-0.08811,0.44723,-0.01977,-0.00190,0.00096,1
1.3413,-0.51449,0.03770,0.00760,-0.00015,0.00695,-0.00660,1.41168,-0.09536,0.00720,0.05302,-0.00016,-0.04934,0.01002,-0.01148,0.86443,0,0.00819,0.00050,-0.08811,0.44723,-0.01977,-0.00190,0.00096,1
1.3433,-0.51449,0.03770,0.00762,-0.00016,0.00734,-0.00662,1.41168,-0.09550,0.00721,0.05310,-0.00029,-0.04978,0.00992,-0.01159,0.86445,0,0.00819,0.00050,-0.08811,0.44723,-0.01977,-0.00190,0.00096,1
1.3453,-0.51449,0.03770,0.00763,-0.00017,0.00761,-0.00652,1.41168,-0.09564,0.00722,0.05319,-0.00041,-0.05010,0.00968,-0.01166,0.86448,0,0.00819,0.00050,-0.08811,0.44723,-0.01977,-0.00190,0.00096,1
1.3473,-0.51449,0.03770,0.00765,-0.00019,0.00776,-0.00630,1.41168,-0.09578,0.00724,0.05328,-0.00054,-0.05030,0.00932,-0.01171,0.86451,0,0.00819,0.00050,-0.08811,0.44723,-0.01977,-0.00190,0.00096,1
1.3493,-0.51449,0.03770,0.00766,-0.00020,0.00780,-0.00597,1.41168,-0.09592,0.00725,0.05338,-0.00065,-0.05036,0.00883,-0.01184,0.86455,0,0.00819,0.00050,-0.08811,0.44723,-0.01977,-0.00190,0.00096,1
1.3513,-0.51449,0.03770,0.00768,-0.00021,0.00772,-0.00552,1.41168,-0.09607,0.00726,0.05347,-0.00076,-0.05030,0.00821,-0.01198,0.86455,0,0.00819,0.00050,-0.08811,0.44723,-0.01977,-0.00190,0.00096,1
1.3533,-0.51449,0.03770,0.00769,-0.00022,0.00753,-0.00495,1.41168,-0.09621,0.00727,0.05357,-0.00086,-0.05010,0.00746,-0.01204,0.86459,0,0.00819,0.00050,-0.08811,0.44723,-0.01977,-0.00190,0.00096,1
1.3553,-0.51449,0.03770,0.00771,-0.00023,0.00721,-0.00427,1.41168,-0.09635,0.00728,0.05365,-0.00095,-0.04978,0.00659,-0.01213,0.86458,0,0.00819,0.00050,-0.08811,0.44723,-0.01977,-0.00190,0.00096,1
1.3573,-0.51449,0.03770,0.00772,-0.00024,0.00678,-0.00347,1.41168,-0.09649,0.00729,0.05373,-0.00102,-0.04934,0.00584,-0.01225,0.86459,0,0.00819,0.00050,-0.08811,0.44723,-0.01977,-0.00190,0.00096,1
1.3593,-0.51449,0.03770,0.00773,-0.00025,0.00624,-0.00279,1.41168,-0.09664,0.00730,0.05380,-0.00108,-0.04876,0.00522,-0.01232,0.86458,0,0.00819,0.00050,-0.08811,0.44723,-0.01977,-0.00190,0.00096,1
1.3613,-0.51449,0.03770,0.00775,-0.00025,0.00558,-0.00222,1.41168,-0.09678,0.00731,0.05386,-0.00112,-0.04806,0.00473,-0.01239,0.86463,0,0.00819,0.00050,-0.08811,0.44723,-0.01977,-0.00190,0.00096,1
1.3633,-0.51449,0.03770,0.00776,-0.00025,0.00480,-0.00177,1.41168,-0.09692,0.00732,0.05391,-0.00116,-0.04722,0.00437,-0.01252,0.86464,0,0.00819,0.00050,-0.08811,0.44723,-0.01977,-0.00190,0.00096,1
1.3653,-0.51449,0.03770,0.00777,-0.00026,0.00390,-0.00143,1.41168,-0.09706,0.00733,0.05393,-0.00118,-0.04626,0.00414,-0.01257,0.86464,0,0.00819,0.00050,-0.08811,0.44723,-0.01977,-0.00190,0.00096,1
1.3673,-0.51449,0.03770,0.00777,-0.00026,0.00289,-0.00122,1.41168,-0.09720,0.00734,0.05394,-0.00120,-0.04518,0.00403,-0.01262,0.86460,0,0.00819,0.00050,-0.08811,0.44723,-0.01977,-0.00190,0.00096,1
1.3693,-0.51449,0.03770,0.00778,-0.00026,0.00176,-0.00111,1.41168,-0.09735,0.00735,0.05393,-0.00122,-0.04396,0.00405,-0.01275,0.86464,0,0.00819,0.00050,-0.08811,0.44723,-0.01977,-0.00190,0.00096,1
1.3713,-0.51449,0.03770,0.00778,-0.00026,0.00052,-0.00113,1.41168,-0.09749,0.00736,0.05389,-0.00124,-0.04287,0.00420,-0.01284,0.86464,0,0.00819,0.00050,-0.08811,0.44723,-0.01977,-0.00190,0.00096,1
1.3733,-0.51449,0.03770,0.00778,-0.00027,-0.00061,-0.00126,1.41168,-0.09763,0.00738,0.05383,-0.00126,-0.04191,0.00448,-0.01292,0.86460,0,0.00819,0.00050,-0.08811,0.44723,-0.01977,-0.00190,0.00096,1
1.3753,-0.51449,0.03770,0.00778,-0.00027,-0.00162,-0.00151,1.41168,-0.09777,0.00739,0.05375,-0.00128,-0.04108,0.00488,-0.01296,0.86465,0,0.00819,0.00050,-0.08811,0.44723,-0.01977,-0.00190,0.00096,1
1.3773,-0.51449,0.03770,0.00777,-0.00027,-0.00251,-0.00187,1.41168,-0.09792,0.00740,0.05365,-0.00131,-0.04038,0.00542,-0.01303,0.86467,0,0.00819,0.00050,-0.08811,0.44723,-0.01977,-0.00190,0.00096,1
1.3793,-0.51449,0.03770,0.00777,-0.00028,-0.00329,-0.00235,1.41168,-0.09806,0.00741,0.05354,-0.00135,-0.03980,0.00606,-0.01310,0.86462,0,0.00819,0.00050,-0.08811,0.44723,-0.01977,-0.00190,0.00096,1
1.3813,-0.51449,0.03770,0.00776,-0.00028,-0.00395,-0.00293,1.41168,-0.09820,0.00742,0.05341,-0.00140,-0.03935,0.00657,-0.01322,0.86467,0,0.00819,0.00050,-0.08811,0.44723,-0.01977,-0.00190,0.00096,1
1.3833,-0.51449,0.03770,0.00775,-0.00029,-0.00450,-0.00339,1.41168,-0.09834,0.00743,0.05326,-0.00145,-0.03903,0.00696,-0.01331,0.86466,0,0.00819,0.00050,-0.08811,0.44723,-0.01977,-0.00190,0.00096,1
1.3853,-0.51449,0.03770,0.00774,-0.00030,-0.00493,-0.00374,1.41168,-0.09849,0.00744,0.05311,-0.00152,-0.03884,0.00722,-0.01340,0.86468,0,0.00819,0.00050,-0.08811,0.44723,-0.01977,-0.00190,0.00096,1
1.3874,-0.51536,0.03919,0.00875,-0.00060,-0.00128,-0.00466,1.40807,-0.09863,0.00745,0.06270,-0.00409,-0.03852,0.00735,-0.01355,0.86469,0,0.00943,-0.00072,-0.09265,0.44578,-0.01436,-0.00018,-0.00114,1
1.3894,-0.51536,0.03919,0.00875,-0.00061,-0.00173,-0.00477,1.40807,-0.09877,0.00746,0.06261,-0.00418,-0.03807,0.00735,-0.01355,0.86469,0,0.00943,-0.00072,-0.09265,0.44578,-0.01436,-0.00018,-0.00114,1
1.3914,-0.51536,0.03919,0.00874,-0.00062,-0.00229,-0.00476,1.40807,-0.09891,0.00747,0.06251,-0.00426,-0.03750,0.00723,-0.01362,0.86470,0,0.00943,-0.00072,-0.09265,0.44578,-0.01436,-0.00018,-0.00114,1
1.3934,-0.51536,0.03919,0.00874,-0.00063,-0.00297,-0.00464,1.40807,-0.09906,0.00748,0.06240,-0.00435,-0.03679,0.00697,-0.01373,0.86469,0,0.00943,-0.00072,-0.09265,0.44578,-0.01436,-0.00018,-0.00114,1
1.3954,-0.51536,0.03919,0.00873,-0.00064,-0.00376,-0.00439,1.40807,-0.09920,0.00749,0.06227,-0.00444,-0.03622,0.00659,-0.01381,0.86472,0,0.00943,-0.00072,-0.09265,0.44578,-0.01436,-0.00018,-0.00114,1
1.3974,-0.51536,0.03919,0.00872,-0.00065,-0.00444,-0.00404,1.40807,-0.09934,0.00750,0.06213,-0.00452,-0.03577,0.00608,-0.01390,0.86475,0,0.00943,-0.00072,-0.09265,0.44578,-0.01436,-0.00018,-0.00114,1
1.3994,-0.51536,0.03919,0.00871,-0.00066,-0.00501,-0.00356,1.40807,-0.09948,0.00752,0.06198,-0.00459,-0.03545,0.00544,-0.01400,0.86475,0,0.00943,-0.00072,-0.09265,0.44578,-0.01436,-0.00018,-0.00114,1
1.4014,-0.51536,0.03919,0.00870,-0.00066,-0.00545,-0.00297,1.40807,-0.09963,0.00753,0.06182,-0.00465,-0.03526,0.00468,-0.01408,0.86476,0,0.00943,-0.00072,-0.09265,0.44578,-0.01436,-0.00018,-0.00114,1
1.4034,-0.51536,0.03919,0.00869,-0.00067,-0.00578,-0.00226,1.40807,-0.09977,0.00754,0.06165,-0.00469,-0.03519,0.00378,-0.01415,0.86476,0,0.00943,-0.00072,-0.09265,0.44578,-0.01436,-0.00018,-0.00114,1
1.4054,-0.51536,0.03919,0.00868,-0.00067,-0.00599,-0.00144,1.40807,-0.09991,0.00755,0.06147,-0.00472,-0.03526,0.00282,-0.01429,0.86479,0,0.00943,-0.00072,-0.09265,0.44578,-0.01436,-0.00018,-0.00114,1
1.4074,-0.51536,0.03919,0.00867,-0.00067,-0.00609,-0.00055,1.40807,-0.10006,0.00756,0.06129,-0.00474,-0.03545,0.00199,-0.01438,0.86478,0,0.00943,-0.00072,-0.09265,0.44578,-0.01436,-0.00018,-0.00114,1
1.4094,-0.51536,0.03919,0.00865,-0.00067,-0.00607,0.00022,1.40807,-0.10020,0.00757,0.06111,-0.00474,-0.03577,0.00129,-0.01438,0.86478,0,0.00943,-0.00072,-0.09265,0.44578,-0.01436,-0.00018,-0.00114,1
1.4114,-0.51536,0.03919,0.00864,-0.00067,-0.00593,0.00087,1.40807,-0.10034,0.00758,0.06093,-0.00472,-0.03622,0.00071,-0.01446,0.86479,0,0.00943,-0.00072,-0.09265,0.44578,-0.01436,-0.00018,-0.00114,1
1.4134,-0.51536,0.03919,0.00863,-0.00067,-0.00568,0.00140,1.40807,-0.10048,0.00759,0.06076,-0.00470,-0.03679,0.00026,-0.01454,0.86479,0,0.00943,-0.00072,-0.09265,0.44578,-0.01436,-0.00018,-0.00114,1
1.4154,-0.51536,0.03919,0.00862,-0.00067,-0.00531,0.00182,1.40807,-0.10062,0.00760,0.06059,-0.00466,-0.03750,-0.00006,-0.01460,0.86482,0,0.00943,-0.00072,-0.09265,0.44578,-0.01436,-0.00018,-0.00114,1
1.4174,-0.51536,0.03919,0.00861,-0.00066,-0.00482,0.00213,1.40807,-0.10077,0.00761,0.06043,-0.00462,-0.03833,-0.00025,-0.01462,0.86480,0,0.00943,-0.00072,-0.09265,0.44578,-0.01436,-0.00018,-0.00114,1
1.4195,-0.51536,0.03919,0.00860,-0.00066,-0.00422,0.00231,1.40807,-0.10091,0.00762,0.06028,-0.00457,-0.03929,-0.00031,-0.01482,0.86480,0,0.00943,-0.00072,-0.09265,0.44578,-0.01436,-0.00018,-0.00114,1
1.4215,-0.51536,0.03919,0.00859,-0.00065,-0.00350,0.00238,1.40807,-0.10105,0.00763,0.06014,-0.00452,-0.04038,-0.00025,-0.01482,0.86480,0,0.00943,-0.00072,-0.09265,0.44578,-0.01436,-0.00018,-0.00114,1
1.4235,-0.51536,0.03919,0.00859,-0.00065,-0.00266,0.00234,1.40807,-0.10120,0.00764,0.06002,-0.00447,-0.04134,-0.00006,-0.01497,0.86480,0,0.00943,-0.00072,-0.09265,0.44578,-0.01436,-0.00018,-0.00114,1
1.4255,-0.51536,0.03919,0.00858,-0.00065,-0.00195,0.00217,1.40807,-0.10134,0.00766,0.05992,-0.00442,-0.04217,0.00026,-0.01501,0.86480,0,0.00943,-0.00072,-0.09265,0.44578,-0.01436,-0.00018,-0.00114,1
1.4275,-0.51536,0.03919,0.00858,-0.00064,-0.00134,0.00189,1.40807,-0.10148,0.00767,0.05982,-0.00437,-0.04287,0.00071,-0.01509,0.86485,0,0.00943,-0.00072,-0.09265,0.44578,-0.01436,-0.00018,-0.00114,1
1.4295,-0.51536,0.03919,0.00858,-0.00064,-0.00085,0.00150,1.40807,-0.10162,0.00768,0.05974,-0.00433,-0.04345,0.00129,-0.01509,0.86485,0,0.00943,-0.00072,-0.09265,0.44578,-0.01436,-0.00018,-0.00114,1
1.4315,-0.51536,0.03919,0.00858,-0.00064,-0.00048,0.00099,1.40807,-0.10177,0.00769,0.05966,-0.00431,-0.04390,0.00199,-0.01528,0.86487,0,0.00943,-0.00072,-0.09265,0.44578,-0.01436,-0.00018,-0.00114,1
1.4335,-0.51536,0.03919,0.00857,-0.00063,-0.00023,0.00036,1.40807,-0.10191,0.00770,0.05960,-0.00429,-0.04422,0.00282,-0.01528,0.86487,0,0.00943,-0.00072,-0.09265,0.44578,-0.01436,-0.00018,-0.00114,1
1.4355,-0.51536,0.03919,0.00857,-0.00063,-0.00009,-0.00039,1.40807,-0.10205,0.00771,0.05953,-0.00428,-0.04441,0.00353,-0.01545,0.86482,0,0.00943,-0.00072,-0.09265,0.44578,-0.01436,-0.00018,-0.00114,1
1.4375,-0.51536,0.03919,0.00857,-0.00064,-0.00007,-0.00102,1.40807,-0.10220,0.00772,0.05947,-0.00429,-0.04447,0.00410,-0.01555,0.86486,0,0.00943,-0.00072,-0.09265,0.44578,-0.01436,-0.00018,-0.00114,1
1.4395,-0.51536,0.03919,0.00857,-0.00064,-0.00016,-0.00153,1.40807,-0.10234,0.00773,0.05940,-0.00431,-0.04441,0.00455,-0.01555,0.86486,0,0.00943,-0.00072,-0.09265,0.44578,-0.01436,-0.00018,-0.00114,1
1.4416,-0.51536,0.03919,0.00857,-0.00064,-0.00038,-0.00192,1.40807,-0.10248,0.00774,0.05934,-0.00434,-0.04422,0.00487,-0.01571,0.86490,0,0.00943,-0.00072,-0.09265,0.44578,-0.01436,-0.00018,-0.00114,1
1.4436,-0.51536,0.03919,0.00857,-0.00065,-0.00070,-0.00220,1.40807,-0.10262,0.00775,0.05927,-0.00438,-0.04390,0.00506,-0.01571,0.86490,0,0.00943,-0.00072,-0.09265,0.44578,-0.01436,-0.00018,-0.00114,1
1.4456,-0.51536,0.03919,0.00857,-0.00065,-0.00115,-0.00237,1.40807,-0.10277,0.00776,0.05918,-0.00442,-0.04358,0.00513,-0.01591,0.86491,0,0.00943,-0.00072,-0.09265,0.44578,-0.01436,-0.00018,-0.00114,1
1.4476,-0.51536,0.03919,0.00857,-0.00065,-0.00159,-0.00241,1.40807,-0.10291,0.00777,0.05910,-0.00446,-0.04340,0.00506,-0.01595,0.86494,0,0.00943,-0.00072,-0.09265,0.44578,-0.01436,-0.00018,-0.00114,1
1.4496,-0.51536,0.03919,0.00856,-0.00066,-0.00191,-0.00234,1.40807,-0.10305,0.00778,0.05900,-0.00450,-0.04334,0.00487,-0.01605,0.86497,0,0.00943,-0.00072,-0.09265,0.44578,-0.01436,-0.00018,-0.00114,1
1.4516,-0.51536,0.03919,0.00856,-0.00066,-0.00211,-0.00216,1.40807,-0.10319,0.00780,0.05890,-0.00454,-0.04341,0.00455,-0.01614,0.86497,0,0.00943,-0.00072,-0.09265,0.44578,-0.01436,-0.00018,-0.00114,1
1.4536,-0.51558,0.04035,0.00993,-0.00115,0.00291,-0.00340,1.40629,-0.10334,0.00781,0.07221,-0.00898,-0.04335,0.00410,-0.01619,0.86498,0,0.01116,-0.00161,-0.08816,0.44541,-0.01905,-0.00056,-0.00124,1
1.4556,-0.51558,0.04035,0.00993,-0.00116,0.00268,-0.00297,1.40629,-0.10348,0.00782,0.07220,-0.00904,-0.04316,0.00352,-0.01627,0.86498,0,0.01116,-0.00161,-0.08816,0.44541,-0.01905,-0.00056,-0.00124,1
1.4576,-0.51558,0.04035,0.00994,-0.00116,0.00233,-0.00243,1.40629,-0.10362,0.00783,0.07219,-0.00909,-0.04285,0.00282,-0.01627,0.86498,0,0.01116,-0.00161,-0.08816,0.44541,-0.01905,-0.00056,-0.00124,1
1.4596,-0.51558,0.04035,0.00994,-0.00117,0.00187,-0.00177,1.40629,-0.10377,0.00784,0.07217,-0.00912,-0.04241,0.00199,-0.01644,0.86497,0,0.01116,-0.00161,-0.08816,0.44541,-0.01905,-0.00056,-0.00124,1
1.4616,-0.51558,0.04035,0.00994,-0.00117,0.00129,-0.00099,1.40629,-0.10391,0.00785,0.07214,-0.00914,-0.04184,0.00103,-0.01653,0.86500,0,0.01116,-0.00161,-0.08816,0.44541,-0.01905,-0.00056,-0.00124,1
1.4636,-0.51558,0.04035,0.00995,-0.00117,0.00059,-0.00010,1.40629,-0.10405,0.00786,0.07209,-0.00915,-0.04114,-0.00006,-0.01664,0.86496,0,0.01116,-0.00161,-0.08816,0.44541,-0.01905,-0.00056,-0.00124,1
1.4656,-0.51558,0.04035,0.00995,-0.00117,-0.00022,0.00091,1.40629,-0.10419,0.00787,0.07203,-0.00914,-0.04031,-0.00127,-0.01672,0.86496,0,0.01116,-0.00161,-0.08816,0.44541,-0.01905,-0.00056,-0.00124,1
1.4677,-0.51558,0.04035,0.00994,-0.00117,-0.00115,0.00203,1.40629,-0.10434,0.00788,0.07196,-0.00910,-0.03936,-0.00235,-0.01683,0.86496,0,0.01116,-0.00161,-0.08816,0.44541,-0.01905,-0.00056,-0.00124,1
1.4697,-0.51558,0.04035,0.00994,-0.00116,-0.00219,0.00303,1.40629,-0.10448,0.00789,0.07186,-0.00905,-0.03828,-0.00330,-0.01693,0.86496,0,0.01116,-0.00161,-0.08816,0.44541,-0.01905,-0.00056,-0.00124,1
1.4717,-0.51558,0.04035,0.00994,-0.00115,-0.00336,0.00392,1.40629,-0.10462,0.00790,0.07174,-0.00898,-0.03707,-0.00412,-0.01697,0.86498,0,0.01116,-0.00161,-0.08816,0.44541,-0.01905,-0.00056,-0.00124,1
1.4737,-0.51558,0.04035,0.00993,-0.00115,-0.00463,0.00469,1.40629,-0.10477,0.00791,0.07160,-0.00889,-0.03573,-0.00482,-0.01705,0.86497,0,0.01116,-0.00161,-0.08816,0.44541,-0.01905,-0.00056,-0.00124,1
1.4757,-0.51558,0.04035,0.00992,-0.00114,-0.00603,0.00534,1.40629,-0.10491,0.00792,0.07143,-0.00878,-0.03426,-0.00538,-0.01711,0.86490,0,0.01116,-0.00161,-0.08816,0.44541,-0.01905,-0.00056,-0.00124,1
1.4777,-0.51558,0.04035,0.00990,-0.00112,-0.00753,0.00588,1.40629,-0.10505,0.00794,0.07124,-0.00867,-0.03292,-0.00582,-0.01720,0.86489,0,0.01116,-0.00161,-0.08816,0.44541,-0.01905,-0.00056,-0.00124,1
1.4797,-0.51558,0.04035,0.00989,-0.00111,-0.00893,0.00630,1.40629,-0.10519,0.00795,0.07101,-0.00854,-0.03171,-0.00614,-0.01728,0.86489,0,0.01116,-0.00161,-0.08816,0.44541,-0.01905,-0.00056,-0.00124,1
1.4817,-0.51558,0.04035,0.00987,-0.00110,-0.01020,0.00660,1.40629,-0.10534,0.00796,0.07076,-0.00841,-0.03063,-0.00632,-0.01732,0.86485,0,0.01116,-0.00161,-0.08816,0.44541,-0.01905,-0.00056,-0.00124,1
1.4837,-0.51558,0.04035,0.00985,-0.00109,-0.01136,0.00678,1.40629,-0.10548,0.00797,0.07049,-0.00828,-0.02968,-0.00637,-0.01743,0.86485,0,0.01116,-0.00161,-0.08816,0.44541,-0.01905,-0.00056,-0.00124,1
1.4857,-0.51558,0.04035,0.00982,-0.00107,-0.01241,0.00685,1.40629,-0.10562,0.00798,0.07019,-0.00814,-0.02885,-0.00630,-0.01742,0.86484,0,0.01116,-0.00161,-0.08816,0.44541,-0.01905,-0.00056,-0.00124,1
1.4877,-0.51558,0.04035,0.00980,-0.00106,-0.01333,0.00681,1.40629,-0.10576,0.00799,0.06987,-0.00800,-0.02815,-0.00610,-0.01748,0.86483,0,0.01116,-0.00161,-0.08816,0.44541,-0.01905,-0.00056,-0.00124,1
1.4897,-0.51558,0.04035,0.00977,-0.00105,-0.01414,0.00664,1.40629,-0.10591,0.00800,0.06954,-0.00786,-0.02758,-0.00577,-0.01755,0.86478,0,0.01116,-0.00161,-0.08816,0.44541,-0.01905,-0.00056,-0.00124,1
1.4917,-0.51558,0.04035,0.00974,-0.00103,-0.01483,0.00636,1.40629,-0.10605,0.00801,0.06919,-0.00773,-0.02714,-0.00532,-0.01759,0.86479,0,0.01116,-0.00161,-0.08816,0.44541,-0.01905,-0.00056,-0.00124,1
1.4938,-0.51558,0.04035,0.00971,-0.00102,-0.01541,0.00597,1.40629,-0.10619,0.00802,0.06883,-0.00760,-0.02683,-0.00473,-0.01768,0.86479,0,0.01116,-0.00161,-0.08816,0.44541,-0.01905,-0.00056,-0.00124,1
1.4958,-0.51558,0.04035,0.00968,-0.00101,-0.01586,0.00545,1.40629,-0.10634,0.00803,0.06846,-0.00748,-0.02664,-0.00402,-0.01774,0.86480,0,0.01116,-0.00161,-0.08816,0.44541,-0.01905,-0.00056,-0.00124,1
1.4978,-0.51558,0.04035,0.00965,-0.00100,-0.01621,0.00482,1.40629,-0.10648,0.00804,0.06808,-0.00738,-0.02658,-0.00318,-0.01782,0.86475,0,0.01116,-0.00161,-0.08816,0.44541,-0.01905,-0.00056,-0.00124,1
1.4998,-0.51558,0.04035,0.00961,-0.00099,-0.01643,0.00408,1.40629,-0.10662,0.00805,0.06769,-0.00729,-0.02665,-0.00221,-0.01783,0.86478,0,0.01116,-0.00161,-0.08816,0.44541,-0.01905,-0.00056,-0.00124,1
1.5018,-0.51558,0.04035,0.00958,-0.00098,-0.01654,0.00321,1.40629,-0.10676,0.00806,0.06730,-0.00721,-0.02685,-0.00111,-0.01787,0.86477,0,0.01116,-0.00161,-0.08816,0.44541,-0.01905,-0.00056,-0.00124,1
1.5038,-0.51558,0.04035,0.00955,-0.00098,-0.01653,0.00223,1.40629,-0.10691,0.00808,0.06691,-0.00715,-0.02718,0.00011,-0.01794,0.86476,0,0.01116,-0.00161,-0.08816,0.44541,-0.01905,-0.00056,-0.00124,1
1.5058,-0.51558,0.04035,0.00952,-0.00097,-0.01640,0.00114,1.40629,-0.10705,0.00809,0.06652,-0.00711,-0.02763,0.00121,-0.01801,0.86477,0,0.01116,-0.00161,-0.08816,0.44541,-0.01905,-0.00056,-0.00124,1
1.5078,-0.51558,0.04035,0.00948,-0.00097,-0.01616,0.00016,1.40629,-0.10719,0.00810,0.06614,-0.00710,-0.02821,0.00217,-0.01805,0.86475,0,0.01116,-0.00161,-0.08816,0.44541,-0.01905,-0.00056,-0.00124,1
1.5098,-0.51558,0.04035,0.00945,-0.00097,-0.01580,-0.00070,1.40629,-0.10733,0.00811,0.06576,-0.00710,-0.02892,0.00302,-0.01816,0.86478,0,0.01116,-0.00161,-0.08816,0.44541,-0.01905,-0.00056,-0.00124,1
1.5118,-0.51558,0.04035,0.00942,-0.00098,-0.01532,-0.00145,1.40629,-0.10748,0.00812,0.06539,-0.00711,-0.02976,0.00373,-0.01821,0.86478,0,0.01116,-0.00161,-0.08816,0.44541,-0.01905,-0.00056,-0.00124,1
1.5138,-0.51558,0.04035,0.00939,-0.00098,-0.01472,-0.00208,1.40629,-0.10762,0.00813,0.06503,-0.00714,-0.03073,0.00431,-0.01830,0.86480,0,0.01116,-0.00161,-0.08816,0.44541,-0.01905,-0.00056,-0.00124,1
1.5159,-0.51558,0.04035,0.00936,-0.00098,-0.01401,-0.00260,1.40629,-0.10776,0.00814,0.06468,-0.00718,-0.03182,0.00477,-0.01835,0.86484,0,0.01116,-0.00161,-0.08816,0.44541,-0.01905,-0.00056,-0.00124,1
1.5179,-0.51558,0.04035,0.00933,-0.00099,-0.01318,-0.00299,1.40629,-0.10791,0.00815,0.06435,-0.00723,-0.03304,0.00510,-0.01839,0.86485,0,0.01116,-0.00161,-0.08816,0.44541,-0.01905,-0.00056,-0.00124,1
1.5200,-0.51394,0.04072,0.00992,-0.00134,-0.01227,-0.00390,1.41050,-0.10806,0.00816,0.07052,-0.01055,-0.03439,0.00530,-0.01856,0.86485,0,0.01111,-0.00182,-0.08816,0.44541,-0.01905,-0.00056,-0.00124,1
1.5221,-0.51394,0.04072,0.00989,-0.00135,-0.01122,-0.00406,1.41050,-0.10820,0.00817,0.07022,-0.01062,-0.03587,0.00537,-0.01861,0.86486,0,0.01111,-0.00182,-0.08816,0.44541,-0.01905,-0.00056,-0.00124,1
1.5241,-0.51394,0.04072,0.00987,-0.00135,-0.01005,-0.00410,1.41050,-0.10835,0.00818,0.06995,-0.01070,-0.03747,0.00531,-0.01867,0.86488,0,0.01111,-0.00182,-0.08816,0.44541,-0.01905,-0.00056,-0.00124,1
1.5261,-0.51394,0.04072,0.00985,-0.00136,-0.00877,-0.00402,1.41050,-0.10849,0.00820,0.06970,-0.01077,-0.03894,0.00513,-0.01877,0.86490,0,0.01111,-0.00182,-0.08816,0.44541,-0.01905,-0.00056,-0.00124,1
1.5281,-0.51394,0.04072,0.00984,-0.00137,-0.00761,-0.00383,1.41050,-0.10863,0.00821,0.06947,-0.01084,-0.04029,0.00482,-0.01883,0.86489,0,0.01111,-0.00182,-0.08816,0.44541,-0.01905,-0.00056,-0.00124,1
1.5301,-0.51394,0.04072,0.00982,-0.00138,-0.00656,-0.00352,1.41050,-0.10877,0.00822,0.06927,-0.01091,-0.04150,0.00438,-0.01897,0.86493,0,0.01111,-0.00182,-0.08816,0.44541,-0.01905,-0.00056,-0.00124,1
1.5321,-0.51394,0.04072,0.00981,-0.00138,-0.00563,-0.00310,1.41050,-0.10892,0.00823,0.06908,-0.01097,-0.04259,0.00381,-0.01906,0.86495,0,0.01111,-0.00182,-0.08816,0.44541,-0.01905,-0.00056,-0.00124,1
1.5341,-0.51394,0.04072,0.00980,-0.00139,-0.00482,-0.00256,1.41050,-0.10906,0.00824,0.06891,-0.01102,-0.04355,0.00312,-0.01911,0.86495,0,0.01111,-0.00182,-0.08816,0.44541,-0.01905,-0.00056,-0.00124,1
1.5361,-0.51394,0.04072,0.00979,-0.00139,-0.00412,-0.00190,1.41050,-0.10920,0.00825,0.06876,-0.01106,-0.04438,0.00229,-0.01918,0.86496,0,0.01111,-0.00182,-0.08816,0.44541,-0.01905,-0.00056,-0.00124,1
1.5381,-0.51394,0.04072,0.00978,-0.00140,-0.00354,-0.00113,1.41050,-0.10934,0.00826,0.06862,-0.01109,-0.04509,0.00134,-0.01925,0.86495,0,0.01111,-0.00182,-0.08816,0.44541,-0.01905,-0.00056,-0.00124,1
1.5401,-0.51394,0.04072,0.00978,-0.00140,-0.00307,-0.00024,1.41050,-0.10949,0.00827,0.06849,-0.01109,-0.04566,0.00026,-0.01931,0.86497,0,0.01111,-0.00182,-0.08816,0.44541,-0.01905,-0.00056,-0.00124,1
1.5421,-0.51394,0.04072,0.00977,-0.00140,-0.00272,0.00077,1.41050,-0.10963,0.00828,0.06837,-0.01108,-0.04611,-0.00094,-0.01939,0.86498,0,0.01111,-0.00182,-0.08816,0.44541,-0.01905,-0.00056,-0.00124,1
1.5441,-0.51394,0.04072,0.00977,-0.00139,-0.00249,0.00189,1.41050,-0.10977,0.00829,0.06825,-0.01105,-0.04643,-0.00228,-0.01946,0.86499,0,0.01111,-0.00182,-0.08816,0.44541,-0.01905,-0.00056,-0.00124,1
1.5461,-0.51394,0.04072,0.00976,-0.00139,-0.00237,0.00313,1.41050,-0.10991,0.00830,0.06814,-0.01100,-0.04662,-0.00349,-0.01950,0.86498,0,0.01111,-0.00182,-0.08816,0.44541,-0.01905,-0.00056,-0.00124,1
1.5481,-0.51394,0.04072,0.00976,-0.00138,-0.00237,0.00425,1.41050,-0.11005,0.00831,0.06802,-0.01092,-0.04669,-0.00457,-0.01960,0.86498,0,0.01111,-0.00182,-0.08816,0.44541,-0.01905,-0.00056,-0.00124,1
1.5501,-0.51394,0.04072,0.00975,-0.00137,-0.00249,0.00526,1.41050,-0.11020,0.00832,0.06791,-0.01082,-0.04662,-0.00552,-0.01970,0.86498,0,0.01111,-0.00182,-0.08816,0.44541,-0.01905,-0.00056,-0.00124,1
1.5521,-0.51394,0.04072,0.00975,-0.00136,-0.00272,0.00615,1.41050,-0.11034,0.00834,0.06779,-0.01070,-0.04643,-0.00634,-0.01974,0.86494,0,0.01111,-0.00182,-0.08816,0.44541,-0.01905,-0.00056,-0.00124,1
1.5541,-0.51394,0.04072,0.00974,-0.00135,-0.00307,0.00692,1.41050,-0.11048,0.00835,0.06767,-0.01057,-0.04611,-0.00704,-0.01986,0.86496,0,0.01111,-0.00182,-0.08816,0.44541,-0.01905,-0.00056,-0.00124,1
1.5561,-0.51394,0.04072,0.00974,-0.00133,-0.00353,0.00758,1.41050,-0.11062,0.00836,0.06754,-0.01042,-0.04566,-0.00761,-0.01995,0.86491,0,0.01111,-0.00182,-0.08816,0.44541,-0.01905,-0.00056,-0.00124,1
1.5581,-0.51394,0.04072,0.00973,-0.00132,-0.00412,0.00812,1.41050,-0.11077,0.00837,0.06740,-0.01026,-0.04509,-0.00805,-0.01999,0.86487,0,0.01111,-0.00182,-0.08816,0.44541,-0.01905,-0.00056,-0.00124,1
1.5601,-0.51394,0.04072,0.00972,-0.00130,-0.00481,0.00854,1.41050,-0.11091,0.00838,0.06724,-0.01010,-0.04438,-0.00836,-0.02013,0.86489,0,0.01111,-0.00182,-0.08816,0.44541,-0.01905,-0.00056,-0.00124,1
1.5621,-0.51394,0.04072,0.00971,-0.00128,-0.00563,0.00884,1.41050,-0.11105,0.00839,0.06707,-0.00992,-0.04381,-0.00854,-0.02023,0.86487,0,0.01111,-0.00182,-0.08816,0.44541,-0.01905,-0.00056,-0.00124,1
1.5641,-0.51394,0.04072,0.00970,-0.00127,-0.00632,0.00903,1.41050,-0.11119,0.00840,0.06689,-0.00974,-0.04336,-0.00860,-0.02027,0.86484,0,0.01111,-0.00182,-0.08816,0.44541,-0.01905,-0.00056,-0.00124,1
1.5661,-0.51394,0.04072,0.00968,-0.00125,-0.00690,0.00911,1.41050,-0.11133,0.00841,0.06669,-0.00955,-0.04304,-0.00852,-0.02036,0.86484,0,0.01111,-0.00182,-0.08816,0.44541,-0.01905,-0.00056,-0.00124,1
1.5681,-0.51394,0.04072,0.00967,-0.00123,-0.00737,0.00906,1.41050,-0.11148,0.00842,0.06648,-0.00937,-0.04285,-0.00832,-0.02040,0.86483,0,0.01111,-0.00182,-0.08816,0.44541,-0.01905,-0.00056,-0.00124,1
1.5701,-0.51394,0.04072,0.00965,-0.00121,-0.00771,0.00890,1.41050,-0.11162,0.00843,0.06627,-0.00919,-0.04278,-0.00799,-0.02054,0.86480,0,0.01111,-0.00182,-0.08816,0.44541,-0.01905,-0.00056,-0.00124,1
1.5721,-0.51394,0.04072,0.00964,-0.00119,-0.00794,0.00862,1.41050,-0.11176,0.00844,0.06605,-0.00901,-0.04285,-0.00754,-0.02059,0.86480,0,0.01111,-0.00182,-0.08816,0.44541,-0.01905,-0.00056,-0.00124,1
1.5741,-0.51394,0.04072,0.00962,-0.00118,-0.00806,0.00823,1.41050,-0.11190,0.00845,0.06582,-0.00884,-0.04304,-0.00695,-0.02070,0.86475,0,0.01111,-0.00182,-0.08816,0.44541,-0.01905,-0.00056,-0.00124,1
1.5761,-0.51394,0.04072,0.00961,-0.00116,-0.00805,0.00772,1.41050,-0.11205,0.00846,0.06560,-0.00868,-0.04336,-0.00624,-0.02076,0.86477,0,0.01111,-0.00182,-0.08816,0.44541,-0.01905,-0.00056,-0.00124,1
1.5781,-0.51394,0.04072,0.00959,-0.00115,-0.00793,0.00709,1.41050,-0.11219,0.00847,0.06537,-0.00853,-0.04381,-0.00540,-0.02085,0.86473,0,0.01111,-0.00182,-0.08816,0.44541,-0.01905,-0.00056,-0.00124,1
1.5801,-0.51394,0.04072,0.00957,-0.00113,-0.00770,0.00635,1.41050,-0.11233,0.00849,0.06515,-0.00839,-0.04438,-0.00443,-0.02098,0.86473,0,0.01111,-0.00182,-0.08816,0.44541,-0.01905,-0.00056,-0.00124,1
1.5821,-0.51394,0.04072,0.00956,-0.00112,-0.00734,0.00549,1.41050,-0.11247,0.00850,0.06494,-0.00827,-0.04509,-0.00334,-0.02105,0.86470,0,0.01111,-0.00182,-0.08816,0.44541,-0.01905,-0.00056,-0.00124,1
1.5841,-0.51394,0.04072,0.00955,-0.00111,-0.00687,0.00451,1.41050,-0.11261,0.00851,0.06473,-0.00817,-0.04592,-0.00211,-0.02121,0.86467,0,0.01111,-0.00182,-0.08816,0.44541,-0.01905,-0.00056,-0.00124,1
1.5861,-0.51394,0.04072,0.00953,-0.00110,-0.00629,0.00342,1.41050,-0.11276,0.00852,0.06453,-0.00808,-0.04688,-0.00076,-0.02129,0.86466,0,0.01111,-0.00182,-0.08816,0.44541,-0.01905,-0.00056,-0.00124,1
1.5881,-0.51138,0.04094,0.00950,-0.00137,-0.00627,0.00351,1.40571,-0.11290,0.00853,0.06494,-0.01067,-0.04796,0.00047,-0.02140,0.86464,0,0.00971,-0.00200,-0.08816,0.44541,-0.01905,-0.00056,-0.00124,1
1.5901,-0.51138,0.04094,0.00949,-0.00137,-0.00546,0.00243,1.40571,-0.11304,0.00854,0.06476,-0.01061,-0.04891,0.00156,-0.02153,0.86464,0,0.00971,-0.00200,-0.08816,0.44541,-0.01905,-0.00056,-0.00124,1
1.5921,-0.51138,0.04094,0.00948,-0.00136,-0.00476,0.00145,1.40571,-0.11318,0.00855,0.06459,-0.01056,-0.04973,0.00253,-0.02161,0.86468,0,0.00971,-0.00200,-0.08816,0.44541,-0.01905,-0.00056,-0.00124,1
1.5941,-0.51138,0.04094,0.00947,-0.00136,-0.00418,0.00060,1.40571,-0.11333,0.00856,0.06443,-0.01054,-0.05043,0.00337,-0.02173,0.86467,0,0.00971,-0.00200,-0.08816,0.44541,-0.01905,-0.00056,-0.00124,1
1.5961,-0.51138,0.04094,0.00946,-0.00136,-0.00372,-0.00014,1.40571,-0.11347,0.00857,0.06429,-0.01053,-0.05099,0.00408,-0.02186,0.86466,0,0.00971,-0.00200,-0.08816,0.44541,-0.01905,-0.00056,-0.00124,1
1.5981,-0.51138,0.04094,0.00946,-0.00136,-0.00337,-0.00077,1.40571,-0.11361,0.00858,0.06415,-0.01053,-0.05143,0.00467,-0.02200,0.86469,0,0.00971,-0.00200,-0.08816,0.44541,-0.01905,-0.00056,-0.00124,1
1.6001,-0.51138,0.04094,0.00945,-0.00136,-0.00314,-0.00127,1.40571,-0.11375,0.00859,0.06402,-0.01055,-0.05174,0.00512,-0.02209,0.86469,0,0.00971,-0.00200,-0.08816,0.44541,-0.01905,-0.00056,-0.00124,1
1.6021,-0.51138,0.04094,0.00944,-0.00137,-0.00303,-0.00166,1.40571,-0.11390,0.00860,0.06389,-0.01057,-0.05193,0.00545,-0.02224,0.86470,0,0.00971,-0.00200,-0.08816,0.44541,-0.01905,-0.00056,-0.00124,1
1.6041,-0.51138,0.04094,0.00944,-0.00137,-0.00303,-0.00194,1.40571,-0.11404,0.00861,0.06376,-0.01060,-0.05198,0.00565,-0.02232,0.86475,0,0.00971,-0.00200,-0.08816,0.44541,-0.01905,-0.00056,-0.00124,1
1.6061,-0.51138,0.04094,0.00943,-0.00138,-0.00315,-0.00210,1.40571,-0.11418,0.00863,0.06363,-0.01063,-0.05191,0.00573,-0.02239,0.86474,0,0.00971,-0.00200,-0.08816,0.44541,-0.01905,-0.00056,-0.00124,1
1.6081,-0.51138,0.04094,0.00943,-0.00138,-0.00338,-0.00214,1.40571,-0.11432,0.00864,0.06350,-0.01067,-0.05171,0.00567,-0.02246,0.86478,0,0.00971,-0.00200,-0.08816,0.44541,-0.01905,-0.00056,-0.00124,1
1.6101,-0.51138,0.04094,0.00942,-0.00138,-0.00374,-0.00206,1.40571,-0.11446,0.00865,0.06336,-0.01071,-0.05138,0.00549,-0.02254,0.86479,0,0.00971,-0.00200,-0.08816,0.44541,-0.01905,-0.00056,-0.00124,1
1.6121,-0.51138,0.04094,0.00941,-0.00139,-0.00420,-0.00187,1.40571,-0.11461,0.00866,0.06321,-0.01074,-0.05118,0.00518,-0.02263,0.86481,0,0.00971,-0.00200,-0.08816,0.44541,-0.01905,-0.00056,-0.00124,1
1.6141,-0.51138,0.04094,0.00940,-0.00139,-0.00455,-0.00156,1.40571,-0.11475,0.00867,0.06306,-0.01077,-0.05110,0.00474,-0.02276,0.86480,0,0.00971,-0.00200,-0.08816,0.44541,-0.01905,-0.00056,-0.00124,1
1.6161,-0.51138,0.04094,0.00939,-0.00139,-0.00479,-0.00114,1.40571,-0.11489,0.00868,0.06290,-0.01079,-0.05116,0.00417,-0.02279,0.86481,0,0.00971,-0.00200,-0.08816,0.44541,-0.01905,-0.00056,-0.00124,1
1.6181,-0.51138,0.04094,0.00938,-0.00140,-0.00490,-0.00060,1.40571,-0.11503,0.00869,0.06273,-0.01080,-0.05134,0.00347,-0.02284,0.86485,0,0.00971,-0.00200,-0.08816,0.44541,-0.01905,-0.00056,-0.00124,1
1.6201,-0.51138,0.04094,0.00937,-0.00140,-0.00490,0.00006,1.40571,-0.11518,0.00870,0.06257,-0.01080,-0.05165,0.00265,-0.02294,0.86486,0,0.00971,-0.00200,-0.08816,0.44541,-0.01905,-0.00056,-0.00124,1
1.6221,-0.51138,0.04094,0.00936,-0.00139,-0.00479,0.00083,1.40571,-0.11532,0.00871,0.06240,-0.01079,-0.05209,0.00170,-0.02305,0.86490,0,0.00971,-0.00200,-0.08816,0.44541,-0.01905,-0.00056,-0.00124,1
1.6241,-0.51138,0.04094,0.00935,-0.00139,-0.00456,0.00172,1.40571,-0.11546,0.00872,0.06224,-0.01076,-0.05266,0.00062,-0.02305,0.86491,0,0.00971,-0.00200,-0.08816,0.44541,-0.01905,-0.00056,-0.00124,1
1.6261,-0.51138,0.04094,0.00934,-0.00139,-0.00421,0.00273,1.40571,-0.11560,0.00873,0.06209,-0.01071,-0.05335,-0.00059,-0.02328,0.86488,0,0.00971,-0.00200,-0.08816,0.44541,-0.01905,-0.00056,-0.00124,1
1.6281,-0.51138,0.04094,0.00934,-0.00138,-0.00374,0.00385,1.40571,-0.11574,0.00874,0.06194,-0.01064,-0.05392,-0.00190,-0.02333,0.86490,0,0.00971,-0.00200,-0.08816,0.44541,-0.01905,-0.00056,-0.00124,1
1.6301,-0.51138,0.04094,0.00933,-0.00137,-0.00339,0.00506,1.40571,-0.11589,0.00875,0.06180,-0.01055,-0.05436,-0.00307,-0.02341,0.86491,0,0.00971,-0.00200,-0.08816,0.44541,-0.01905,-0.00056,-0.00124,1
1.6321,-0.51138,0.04094,0.00932,-0.00136,-0.00316,0.00616,1.40571,-0.11603,0.00876,0.06166,-0.01043,-0.05467,-0.00413,-0.02354,0.86488,0,0.00971,-0.00200,-0.08816,0.44541,-0.01905,-0.00056,-0.00124,1
1.6341,-0.51138,0.04094,0.00932,-0.00135,-0.00304,0.00714,1.40571,-0.11617,0.00878,0.06153,-0.01029,-0.05485,-0.00505,-0.02365,0.86487,0,0.00971,-0.00200,-0.08816,0.44541,-0.01905,-0.00056,-0.00124,1
1.6361,-0.51138,0.04094,0.00931,-0.00133,-0.00304,0.00800,1.40571,-0.11631,0.00879,0.06140,-0.01014,-0.05491,-0.00584,-0.02377,0.86487,0,0.00971,-0.00200,-0.08816,0.44541,-0.01905,-0.00056,-0.00124,1
1.6381,-0.51138,0.04094,0.00930,-0.00132,-0.00316,0.00875,1.40571,-0.11646,0.00880,0.06127,-0.00997,-0.05509,-0.00651,-0.02390,0.86486,0,0.00971,-0.00200,-0.08816,0.44541,-0.01905,-0.00056,-0.00124,1
1.6401,-0.51138,0.04094,0.00930,-0.00130,-0.00316,0.00938,1.40571,-0.11660,0.00881,0.06114,-0.00979,-0.05541,-0.00705,-0.02398,0.86485,0,0.00971,-0.00200,-0.08816,0.44541,-0.01905,-0.00056,-0.00124,1
1.6421,-0.51138,0.04094,0.00929,-0.00128,-0.00304,0.00989,1.40571,-0.11674,0.00882,0.06101,-0.00959,-0.05573,-0.00746,-0.02412,0.86481,0,0.00971,-0.00200,-0.08816,0.44541,-0.01905,-0.00056,-0.00124,1
1.6441,-0.51138,0.04094,0.00929,-0.00126,-0.00291,0.01029,1.40571,-0.11688,0.00883,0.06088,-0.00939,-0.05600,-0.00774,-0.02423,0.86479,0,0.00971,-0.00200,-0.08816,0.44541,-0.01905,-0.00056,-0.00124,1
1.6461,-0.51138,0.04094,0.00928,-0.00124,-0.00283,0.01057,1.40571,-0.11703,0.00884,0.06075,-0.00918,-0.05627,-0.00790,-0.02429,0.86478,0,0.00971,-0.00200,-0.08816,0.44541,-0.01905,-0.00056,-0.00124,1
1.6482,-0.51138,0.04094,0.00927,-0.00122,-0.00275,0.01073,1.40571,-0.11717,0.00885,0.06063,-0.00896,-0.05654,-0.00792,-0.02439,0.86477,0,0.00971,-0.00200,-0.08816,0.44541,-0.01905,-0.00056,-0.00124,1
1.6502,-0.51138,0.04094,0.00927,-0.00119,-0.00267,0.01077,1.40571,-0.11731,0.00886,0.06051,-0.00875,-0.05681,-0.00782,-0.02459,0.86473,0,0.00971,-0.00200,-0.08816,0.44541,-0.01905,-0.00056,-0.00124,1
1.6522,-0.51138,0.04094,0.00926,-0.00117,-0.00259,0.01070,1.40571,-0.11745,0.00887,0.06038,-0.00853,-0.05707,-0.00759,-0.02468,0.86475,0,0.00971,-0.00200,-0.08816,0.44541,-0.01905,-0.00056,-0.00124,1
1.6542,-0.51138,0.04094,0.00926,-0.00115,-0.00252,0.01051,1.40571,-0.11760,0.00888,0.06026,-0.00831,-0.05733,-0.00724,-0.02479,0.86472,0,0.00971,-0.00200,-0.08816,0.44541,-0.01905,-0.00056,-0.00124,1
1.6562,-0.50974,0.04172,0.00941,-0.00125,-0.00226,0.01046,1.40504,-0.11774,0.00889,0.06215,-0.00901,-0.05747,-0.00675,-0.02489,0.86470,0,0.00972,-0.00158,-0.07801,0.44447,-0.02981,-0.00127,-0.00125,1
1.6582,-0.50974,0.04172,0.00940,-0.00123,-0.00231,0.01004,1.40504,-0.11788,0.00890,0.06204,-0.00880,-0.05748,-0.00614,-0.02501,0.86470,0,0.00972,-0.00158,-0.07801,0.44447,-0.02981,-0.00127,-0.00125,1
1.6602,-0.50974,0.04172,0.00940,-0.00121,-0.00247,0.00950,1.40504,-0.11802,0.00892,0.06192,-0.00861,-0.05736,-0.00540,-0.02508,0.86469,0,0.00972,-0.00158,-0.07801,0.44447,-0.02981,-0.00127,-0.00125,1
1.6622,-0.50974,0.04172,0.00939,-0.00119,-0.00275,0.00885,1.40504,-0.11817,0.00893,0.06180,-0.00842,-0.05711,-0.00453,-0.02520,0.86465,0,0.00972,-0.00158,-0.07801,0.44447,-0.02981,-0.00127,-0.00125,1
1.6642,-0.50974,0.04172,0.00939,-0.00117,-0.00314,0.00808,1.40504,-0.11831,0.00894,0.06167,-0.00825,-0.05673,-0.00353,-0.02532,0.86465,0,0.00972,-0.00158,-0.07801,0.44447,-0.02981,-0.00127,-0.00125,1
1.6662,-0.50974,0.04172,0.00938,-0.00116,-0.00365,0.00720,1.40504,-0.11845,0.00895,0.06153,-0.00809,-0.05648,-0.00241,-0.02540,0.86464,0,0.00972,-0.00158,-0.07801,0.44447,-0.02981,-0.00127,-0.00125,1
1.6682,-0.50974,0.04172,0.00937,-0.00114,-0.00404,0.00619,1.40504,-0.11859,0.00896,0.06139,-0.00796,-0.05636,-0.00115,-0.02548,0.86460,0,0.00972,-0.00158,-0.07801,0.44447,-0.02981,-0.00127,-0.00125,1
1.6702,-0.50974,0.04172,0.00937,-0.00113,-0.00432,0.00507,1.40504,-0.11873,0.00897,0.06123,-0.00784,-0.05637,0.00023,-0.02564,0.86461,0,0.00972,-0.00158,-0.07801,0.44447,-0.02981,-0.00127,-0.00125,1
1.6722,-0.50974,0.04172,0.00936,-0.00112,-0.00448,0.00384,1.40504,-0.11888,0.00898,0.06107,-0.00775,-0.05650,0.00148,-0.02573,0.86464,0,0.00972,-0.00158,-0.07801,0.44447,-0.02981,-0.00127,-0.00125,1
1.6742,-0.50974,0.04172,0.00935,-0.00112,-0.00452,0.00272,1.40504,-0.11902,0.00899,0.06091,-0.00768,-0.05677,0.00261,-0.02584,0.86462,0,0.00972,-0.00158,-0.07801,0.44447,-0.02981,-0.00127,-0.00125,1
1.6762,-0.50974,0.04172,0.00934,-0.00111,-0.00445,0.00172,1.40504,-0.11916,0.00900,0.06075,-0.00763,-0.05716,0.00360,-0.02594,0.86462,0,0.00972,-0.00158,-0.07801,0.44447,-0.02981,-0.00127,-0.00125,1
1.6782,-0.50974,0.04172,0.00933,-0.00111,-0.00426,0.00083,1.40504,-0.11930,0.00901,0.06060,-0.00760,-0.05768,0.00447,-0.02608,0.86462,0,0.00972,-0.00158,-0.07801,0.44447,-0.02981,-0.00127,-0.00125,1
1.6802,-0.50974,0.04172,0.00932,-0.00111,-0.00396,0.00006,1.40504,-0.11945,0.00902,0.06044,-0.00758,-0.05833,0.00521,-0.02626,0.86460,0,0.00972,-0.00158,-0.07801,0.44447,-0.02981,-0.00127,-0.00125,1
1.6822,-0.50974,0.04172,0.00931,-0.00111,-0.00353,-0.00059,1.40504,-0.11959,0.00903,0.06030,-0.00758,-0.05910,0.00583,-0.02638,0.86465,0,0.00972,-0.00158,-0.07801,0.44447,-0.02981,-0.00127,-0.00125,1
1.6842,-0.50974,0.04172,0.00931,-0.00111,-0.00299,-0.00113,1.40504,-0.11973,0.00904,0.06016,-0.00759,-0.05975,0.00631,-0.02652,0.86467,0,0.00972,-0.00158,-0.07801,0.44447,-0.02981,-0.00127,-0.00125,1
1.6862,-0.50974,0.04172,0.00930,-0.00111,-0.00257,-0.00155,1.40504,-0.11987,0.00906,0.06004,-0.00761,-0.06027,0.00667,-0.02668,0.86464,0,0.00972,-0.00158,-0.07801,0.44447,-0.02981,-0.00127,-0.00125,1
1.6882,-0.50974,0.04172,0.00930,-0.00112,-0.00227,-0.00186,1.40504,-0.12001,0.00907,0.05992,-0.00764,-0.06066,0.00690,-0.02684,0.86468,0,0.00972,-0.00158,-0.07801,0.44447,-0.02981,-0.00127,-0.00125,1
1.6902,-0.50974,0.04172,0.00929,-0.00112,-0.00208,-0.00205,1.40504,-0.12016,0.00908,0.05980,-0.00768,-0.06092,0.00700,-0.02695,0.86469,0,0.00972,-0.00158,-0.07801,0.44447,-0.02981,-0.00127,-0.00125,1
1.6922,-0.50974,0.04172,0.00929,-0.00113,-0.00200,-0.00212,1.40504,-0.12030,0.00909,0.05969,-0.00771,-0.06106,0.00697,-0.02710,0.86472,0,0.00972,-0.00158,-0.07801,0.44447,-0.02981,-0.00127,-0.00125,1
1.6942,-0.50974,0.04172,0.00928,-0.00113,-0.00204,-0.00207,1.40504,-0.12044,0.00910,0.05958,-0.00775,-0.06106,0.00682,-0.02722,0.86473,0,0.00972,-0.00158,-0.07801,0.44447,-0.02981,-0.00127,-0.00125,1
1.6962,-0.50974,0.04172,0.00928,-0.00113,-0.00220,-0.00191,1.40504,-0.12058,0.00911,0.05946,-0.00778,-0.06112,0.00653,-0.02733,0.86473,0,0.00972,-0.00158,-0.07801,0.44447,-0.02981,-0.00127,-0.00125,1
1.6982,-0.50974,0.04172,0.00928,-0.00114,-0.00232,-0.00163,1.40504,-0.12073,0.00912,0.05935,-0.00781,-0.06130,0.00612,-0.02748,0.86473,0,0.00972,-0.00158,-0.07801,0.44447,-0.02981,-0.00127,-0.00125,1
1.7002,-0.50974,0.04172,0.00927,-0.00114,-0.00232,-0.00124,1.40504,-0.12087,0.00913,0.05923,-0.00783,-0.06161,0.00558,-0.02757,0.86475,0,0.00972,-0.00158,-0.07801,0.44447,-0.02981,-0.00127,-0.00125,1
1.7022,-0.50974,0.04172,0.00927,-0.00114,-0.00220,-0.00073,1.40504,-0.12101,0.00914,0.05911,-0.00785,-0.06190,0.00492,-0.02768,0.86477,0,0.00972,-0.00158,-0.07801,0.44447,-0.02981,-0.00127,-0.00125,1
1.7042,-0.50974,0.04172,0.00926,-0.00114,-0.00211,-0.00010,1.40504,-0.12115,0.00915,0.05900,-0.00785,-0.06216,0.00412,-0.02780,0.86478,0,0.00972,-0.00158,-0.07801,0.44447,-0.02981,-0.00127,-0.00125,1
1.7062,-0.50974,0.04172,0.00926,-0.00114,-0.00204,0.00064,1.40504,-0.12129,0.00916,0.05888,-0.00784,-0.06241,0.00320,-0.02789,0.86480,0,0.00972,-0.00158,-0.07801,0.44447,-0.02981,-0.00127,-0.00125,1
1.7082,-0.50974,0.04172,0.00925,-0.00114,-0.00197,0.00150,1.40504,-0.12144,0.00917,0.05877,-0.00781,-0.06267,0.00215,-0.02802,0.86484,0,0.00972,-0.00158,-0.07801,0.44447,-0.02981,-0.00127,-0.00125,1
1.7102,-0.50974,0.04172,0.00925,-0.00114,-0.00190,0.00247,1.40504,-0.12158,0.00918,0.05866,-0.00777,-0.06292,0.00123,-0.02813,0.86481,0,0.00972,-0.00158,-0.07801,0.44447,-0.02981,-0.00127,-0.00125,1
1.7122,-0.50974,0.04172,0.00925,-0.00113,-0.00184,0.00333,1.40504,-0.12172,0.00919,0.05855,-0.00771,-0.06317,0.00043,-0.02825,0.86482,0,0.00972,-0.00158,-0.07801,0.44447,-0.02981,-0.00127,-0.00125,1
1.7142,-0.50974,0.04172,0.00924,-0.00112,-0.00177,0.00408,1.40504,-0.12186,0.00921,0.05844,-0.00763,-0.06342,-0.00024,-0.02839,0.86484,0,0.00972,-0.00158,-0.07801,0.44447,-0.02981,-0.00127,-0.00125,1
1.7162,-0.50974,0.04172,0.00924,-0.00111,-0.00171,0.00470,1.40504,-0.12201,0.00922,0.05833,-0.00753,-0.06367,-0.00077,-0.02843,0.86486,0,0.00972,-0.00158,-0.07801,0.44447,-0.02981,-0.00127,-0.00125,1
1.7182,-0.50974,0.04172,0.00924,-0.00110,-0.00165,0.00521,1.40504,-0.12215,0.00923,0.05823,-0.00743,-0.06392,-0.00119,-0.02857,0.86484,0,0.00972,-0.00158,-0.07801,0.44447,-0.02981,-0.00127,-0.00125,1
1.7202,-0.50564,0.03958,0.00866,-0.00077,-0.00344,0.00563,1.40599,-0.12229,0.00924,0.05375,-0.00473,-0.06430,-0.00147,-0.02869,0.86484,0,0.00826,-0.00041,-0.07801,0.44447,-0.02981,-0.00127,-0.00125,1
1.7222,-0.50564,0.03958,0.00866,-0.00075,-0.00325,0.00590,1.40599,-0.12244,0.00925,0.05361,-0.00462,-0.06480,-0.00162,-0.02879,0.86483,0,0.00826,-0.00041,-0.07801,0.44447,-0.02981,-0.00127,-0.00125,1
1.7242,-0.50564,0.03958,0.00865,-0.00074,-0.00295,0.00605,1.40599,-0.12258,0.00926,0.05347,-0.00449,-0.06544,-0.00165,-0.02892,0.86483,0,0.00826,-0.00041,-0.07801,0.44447,-0.02981,-0.00127,-0.00125,1
1.7263,-0.50564,0.03958,0.00865,-0.00073,-0.00253,0.00609,1.40599,-0.12272,0.00927,0.05334,-0.00437,-0.06620,-0.00155,-0.02909,0.86480,0,0.00826,-0.00041,-0.07801,0.44447,-0.02981,-0.00127,-0.00125,1
1.7283,-0.50564,0.03958,0.00864,-0.00072,-0.00199,0.00601,1.40599,-0.12286,0.00928,0.05323,-0.00424,-0.06708,-0.00132,-0.02918,0.86480,0,0.00826,-0.00041,-0.07801,0.44447,-0.02981,-0.00127,-0.00125,1
1.7303,-0.50564,0.03958,0.00864,-0.00071,-0.00134,0.00581,1.40599,-0.12301,0.00929,0.05312,-0.00412,-0.06810,-0.00096,-0.02930,0.86479,0,0.00826,-0.00041,-0.07801,0.44447,-0.02981,-0.00127,-0.00125,1
1.7323,-0.50564,0.03958,0.00864,-0.00069,-0.00056,0.00550,1.40599,-0.12315,0.00930,0.05303,-0.00400,-0.06925,-0.00048,-0.02942,0.86482,0,0.00826,-0.00041,-0.07801,0.44447,-0.02981,-0.00127,-0.00125,1
1.7343,-0.50564,0.03958,0.00864,-0.00068,0.00032,0.00507,1.40599,-0.12329,0.00931,0.05295,-0.00389,-0.07034,0.00014,-0.02960,0.86481,0,0.00826,-0.00041,-0.07801,0.44447,-0.02981,-0.00127,-0.00125,1
1.7363,-0.50564,0.03958,0.00864,-0.00067,0.00116,0.00453,1.40599,-0.12343,0.00932,0.05289,-0.00379,-0.07131,0.00088,-0.02974,0.86479,0,0.00826,-0.00041,-0.07801,0.44447,-0.02981,-0.00127,-0.00125,1
1.7383,-0.50564,0.03958,0.00864,-0.00067,0.00189,0.00386,1.40599,-0.12358,0.00934,0.05285,-0.00371,-0.07215,0.00175,-0.02986,0.86476,0,0.00826,-0.00041,-0.07801,0.44447,-0.02981,-0.00127,-0.00125,1
1.7403,-0.50564,0.03958,0.00864,-0.00066,0.00250,0.00309,1.40599,-0.12372,0.00935,0.05282,-0.00363,-0.07286,0.00274,-0.02998,0.86480,0,0.00826,-0.00041,-0.07801,0.44447,-0.02981,-0.00127,-0.00125,1
1.7423,-0.50564,0.03958,0.00865,-0.00065,0.00299,0.00219,1.40599,-0.12386,0.00936,0.05280,-0.00357,-0.07345,0.00387,-0.03019,0.86475,0,0.00826,-0.00041,-0.07801,0.44447,-0.02981,-0.00127,-0.00125,1
1.7443,-0.50564,0.03958,0.00866,-0.00065,0.00337,0.00118,1.40599,-0.12400,0.00937,0.05278,-0.00354,-0.07391,0.00512,-0.03031,0.86481,0,0.00826,-0.00041,-0.07801,0.44447,-0.02981,-0.00127,-0.00125,1
1.7463,-0.50564,0.03958,0.00866,-0.00065,0.00363,0.00005,1.40599,-0.12415,0.00938,0.05278,-0.00352,-0.07423,0.00625,-0.03048,0.86478,0,0.00826,-0.00041,-0.07801,0.44447,-0.02981,-0.00127,-0.00125,1
1.7483,-0.50564,0.03958,0.00867,-0.00065,0.00378,-0.00096,1.40599,-0.12429,0.00939,0.05278,-0.00352,-0.07443,0.00724,-0.03061,0.86480,0,0.00826,-0.00041,-0.07801,0.44447,-0.02981,-0.00127,-0.00125,1
1.7503,-0.50564,0.03958,0.00868,-0.00065,0.00380,-0.00185,1.40599,-0.12443,0.00940,0.05278,-0.00354,-0.07451,0.00811,-0.03074,0.86482,0,0.00826,-0.00041,-0.07801,0.44447,-0.02981,-0.00127,-0.00125,1
1.7523,-0.50564,0.03958,0.00869,-0.00066,0.00371,-0.00263,1.40599,-0.12457,0.00941,0.05278,-0.00358,-0.07445,0.00885,-0.03090,0.86480,0,0.00826,-0.00041,-0.07801,0.44447,-0.02981,-0.00127,-0.00125,1
1.7543,-0.50564,0.03958,0.00869,-0.00066,0.00351,-0.00329,1.40599,-0.12471,0.00942,0.05277,-0.00363,-0.07427,0.00947,-0.03101,0.86483,0,0.00826,-0.00041,-0.07801,0.44447,-0.02981,-0.00127,-0.00125,1
1.7563,-0.50564,0.03958,0.00870,-0.00067,0.00319,-0.00384,1.40599,-0.12486,0.00943,0.05276,-0.00370,-0.07396,0.00995,-0.03111,0.86486,0,0.00826,-0.00041,-0.07801,0.44447,-0.02981,-0.00127,-0.00125,1
1.7583,-0.50564,0.03958,0.00871,-0.00068,0.00275,-0.00427,1.40599,-0.12500,0.00944,0.05275,-0.00377,-0.07352,0.01031,-0.03129,0.86486,0,0.00826,-0.00041,-0.07801,0.44447,-0.02981,-0.00127,-0.00125,1
1.7603,-0.50564,0.03958,0.00871,-0.00069,0.00219,-0.00458,1.40599,-0.12514,0.00945,0.05272,-0.00385,-0.07295,0.01054,-0.03137,0.86492,0,0.00826,-0.00041,-0.07801,0.44447,-0.02981,-0.00127,-0.00125,1
1.7623,-0.50564,0.03958,0.00871,-0.00070,0.00152,-0.00478,1.40599,-0.12528,0.00946,0.05268,-0.00394,-0.07251,0.01064,-0.03158,0.86491,0,0.00826,-0.00041,-0.07801,0.44447,-0.02981,-0.00127,-0.00125,1
1.7643,-0.50564,0.03958,0.00872,-0.00071,0.00097,-0.00486,1.40599,-0.12543,0.00947,0.05263,-0.00403,-0.07220,0.01061,-0.03168,0.86492,0,0.00826,-0.00041,-0.07801,0.44447,-0.02981,-0.00127,-0.00125,1
1.7663,-0.50564,0.03958,0.00872,-0.00072,0.00053,-0.00482,1.40599,-0.12557,0.00949,0.05257,-0.00412,-0.07202,0.01046,-0.03186,0.86494,0,0.00826,-0.00041,-0.07801,0.44447,-0.02981,-0.00127,-0.00125,1
1.7683,-0.50564,0.03958,0.00872,-0.00073,0.00021,-0.00467,1.40599,-0.12571,0.00950,0.05250,-0.00421,-0.07196,0.01017,-0.03199,0.86499,0,0.00826,-0.00041,-0.07801,0.44447,-0.02981,-0.00127,-0.00125,1
1.7703,-0.50564,0.03958,0.00872,-0.00073,0.00000,-0.00440,1.40599,-0.12585,0.00951,0.05243,-0.00429,-0.07203,0.00976,-0.03215,0.86502,0,0.00826,-0.00041,-0.07801,0.44447,-0.02981,-0.00127,-0.00125,1
1.7723,-0.50564,0.03958,0.00872,-0.00074,-0.00009,-0.00401,1.40599,-0.12599,0.00952,0.05235,-0.00437,-0.07223,0.00922,-0.03229,0.86502,0,0.00826,-0.00041,-0.07801,0.44447,-0.02981,-0.00127,-0.00125,1
1.7743,-0.50564,0.03958,0.00872,-0.00075,-0.00006,-0.00351,1.40599,-0.12614,0.00953,0.05228,-0.00444,-0.07256,0.00856,-0.03244,0.86507,0,0.00826,-0.00041,-0.07801,0.44447,-0.02981,-0.00127,-0.00125,1
1.7763,-0.50564,0.03958,0.00872,-0.00076,0.00008,-0.00289,1.40599,-0.12628,0.00954,0.05220,-0.00449,-0.07302,0.00776,-0.03256,0.86508,0,0.00826,-0.00041,-0.07801,0.44447,-0.02981,-0.00127,-0.00125,1
1.7783,-0.50564,0.03958,0.00872,-0.00076,0.00034,-0.00215,1.40599,-0.12642,0.00955,0.05213,-0.00454,-0.07360,0.00684,-0.03271,0.86511,0,0.00826,-0.00041,-0.07801,0.44447,-0.02981,-0.00127,-0.00125,1
1.7803,-0.50564,0.03958,0.00872,-0.00077,0.00072,-0.00130,1.40599,-0.12656,0.00956,0.05206,-0.00457,-0.07432,0.00579,-0.03293,0.86507,0,0.00826,-0.00041,-0.07801,0.44447,-0.02981,-0.00127,-0.00125,1
1.7823,-0.50564,0.03958,0.00872,-0.00077,0.00121,-0.00033,1.40599,-0.12671,0.00957,0.05201,-0.00458,-0.07490,0.00487,-0.03305,0.86512,0,0.00826,-0.00041,-0.07801,0.44447,-0.02981,-0.00127,-0.00125,1
1.7843,-0.50564,0.03958,0.00872,-0.00077,0.00159,0.00053,1.40599,-0.12685,0.00958,0.05196,-0.00457,-0.07536,0.00407,-0.03319,0.86512,0,0.00826,-0.00041,-0.07801,0.44447,-0.02981,-0.00127,-0.00125,1
1.7863,-0.50247,0.04040,0.00824,-0.00052,0.00019,0.00051,1.41104,-0.12699,0.00959,0.04804,-0.00190,-0.07594,0.00340,-0.03335,0.86516,0,0.00771,-0.00012,-0.07801,0.44447,-0.02981,-0.00127,-0.00125,1
1.7883,-0.50247,0.04040,0.00824,-0.00052,0.00057,0.00112,1.41104,-0.12713,0.00960,0.04797,-0.00188,-0.07665,0.00287,-0.03353,0.86516,0,0.00771,-0.00012,-0.07801,0.44447,-0.02981,-0.00127,-0.00125,1
1.7903,-0.50247,0.04040,0.00824,-0.00052,0.00107,0.00162,1.41104,-0.12728,0.00961,0.04791,-0.00185,-0.07750,0.00245,-0.03372,0.86518,0,0.00771,-0.00012,-0.07801,0.44447,-0.02981,-0.00127,-0.00125,1
1.7923,-0.50247,0.04040,0.00824,-0.00051,0.00169,0.00201,1.41104,-0.12742,0.00963,0.04786,-0.00181,-0.07846,0.00217,-0.03388,0.86516,0,0.00771,-0.00012,-0.07801,0.44447,-0.02981,-0.00127,-0.00125,1
1.7943,-0.50247,0.04040,0.00825,-0.00051,0.00242,0.00227,1.41104,-0.12756,0.00964,0.04782,-0.00176,-0.07956,0.00202,-0.03406,0.86518,0,0.00771,-0.00012,-0.07801,0.44447,-0.02981,-0.00127,-0.00125,1
1.7963,-0.50247,0.04040,0.00825,-0.00050,0.00327,0.00242,1.41104,-0.12770,0.00965,0.04780,-0.00171,-0.08053,0.00199,-0.03423,0.86517,0,0.00771,-0.00012,-0.07801,0.44447,-0.02981,-0.00127,-0.00125,1
1.7983,-0.50247,0.04040,0.00826,-0.00050,0.00401,0.00246,1.41104,-0.12784,0.00966,0.04780,-0.00165,-0.08137,0.00209,-0.03440,0.86518,0,0.00771,-0.00012,-0.07801,0.44447,-0.02981,-0.00127,-0.00125,1
1.8003,-0.50247,0.04040,0.00827,-0.00049,0.00462,0.00237,1.41104,-0.12799,0.00967,0.04781,-0.00160,-0.08208,0.00232,-0.03455,0.86519,0,0.00771,-0.00012,-0.07801,0.44447,-0.02981,-0.00127,-0.00125,1
1.8023,-0.50247,0.04040,0.00828,-0.00049,0.00512,0.00217,1.41104,-0.12813,0.00968,0.04782,-0.00155,-0.08267,0.00268,-0.03476,0.86520,0,0.00771,-0.00012,-0.07801,0.44447,-0.02981,-0.00127,-0.00125,1
1.8044,-0.50247,0.04040,0.00829,-0.00049,0.00551,0.00186,1.41104,-0.12827,0.00969,0.04785,-0.00150,-0.08312,0.00316,-0.03488,0.86520,0,0.00771,-0.00012,-0.07801,0.44447,-0.02981,-0.00127,-0.00125,1
1.8064,-0.50247,0.04040,0.00830,-0.00048,0.00577,0.00142,1.41104,-0.12842,0.00970,0.04789,-0.00147,-0.08345,0.00378,-0.03503,0.86520,0,0.00771,-0.00012,-0.07801,0.44447,-0.02981,-0.00127,-0.00125,1
1.8084,-0.50247,0.04040,0.00831,-0.00048,0.00592,0.00088,1.41104,-0.12856,0.00971,0.04792,-0.00144,-0.08365,0.00452,-0.03521,0.86523,0,0.00771,-0.00012,-0.07801,0.44447,-0.02981,-0.00127,-0.00125,1
1.8104,-0.50247,0.04040,0.00832,-0.00048,0.00596,0.00021,1.41104,-0.12870,0.00972,0.04796,-0.00142,-0.08373,0.00539,-0.03541,0.86521,0,0.00771,-0.00012,-0.07801,0.44447,-0.02981,-0.00127,-0.00125,1
1.8124,-0.50247,0.04040,0.00834,-0.00048,0.00588,-0.00057,1.41104,-0.12884,0.00973,0.04800,-0.00142,-0.08367,0.00638,-0.03558,0.86523,0,0.00771,-0.00012,-0.07801,0.44447,-0.02981,-0.00127,-0.00125,1
1.8144,-0.50247,0.04040,0.00835,-0.00048,0.00568,-0.00147,1.41104,-0.12899,0.00974,0.04804,-0.00143,-0.08349,0.00751,-0.03570,0.86524,0,0.00771,-0.00012,-0.07801,0.44447,-0.02981,-0.00127,-0.00125,1
1.8164,-0.50247,0.04040,0.00836,-0.00049,0.00536,-0.00248,1.41104,-0.12913,0.00975,0.04807,-0.00147,-0.08318,0.00851,-0.03585,0.86528,0,0.00771,-0.00012,-0.07801,0.44447,-0.02981,-0.00127,-0.00125,1
1.8184,-0.50247,0.04040,0.00837,-0.00049,0.00493,-0.00338,1.41104,-0.12927,0.00977,0.04809,-0.00152,-0.08274,0.00937,-0.03605,0.86530,0,0.00771,-0.00012,-0.07801,0.44447,-0.02981,-0.00127,-0.00125,1
1.8204,-0.50247,0.04040,0.00838,-0.00050,0.00438,-0.00416,1.41104,-0.12941,0.00978,0.04811,-0.00159,-0.08217,0.01012,-0.03614,0.86527,0,0.00771,-0.00012,-0.07801,0.44447,-0.02981,-0.00127,-0.00125,1
1.8224,-0.50247,0.04040,0.00839,-0.00051,0.00371,-0.00483,1.41104,-0.12956,0.00979,0.04811,-0.00167,-0.08147,0.01073,-0.03634,0.86529,0,0.00771,-0.00012,-0.07801,0.44447,-0.02981,-0.00127,-0.00125,1
1.8244,-0.50247,0.04040,0.00839,-0.00052,0.00293,-0.00538,1.41104,-0.12970,0.00980,0.04810,-0.00176,-0.08091,0.01121,-0.03643,0.86530,0,0.00771,-0.00012,-0.07801,0.44447,-0.02981,-0.00127,-0.00125,1
1.8264,-0.50247,0.04040,0.00840,-0.00053,0.00227,-0.00581,1.41104,-0.12984,0.00981,0.04807,-0.00187,-0.08047,0.01157,-0.03656,0.86533,0,0.00771,-0.00012,-0.07801,0.44447,-0.02981,-0.00127,-0.00125,1
1.8284,-0.50247,0.04040,0.00840,-0.00054,0.00172,-0.00612,1.41104,-0.12998,0.00982,0.04803,-0.00198,-0.08016,0.01180,-0.03677,0.86536,0,0.00771,-0.00012,-0.07801,0.44447,-0.02981,-0.00127,-0.00125,1
1.8304,-0.50247,0.04040,0.00840,-0.00055,0.00128,-0.00632,1.41104,-0.13012,0.00983,0.04798,-0.00210,-0.07997,0.01190,-0.03685,0.86536,0,0.00771,-0.00012,-0.07801,0.44447,-0.02981,-0.00127,-0.00125,1
1.8324,-0.50247,0.04040,0.00841,-0.00057,0.00097,-0.00640,1.41104,-0.13027,0.00984,0.04793,-0.00222,-0.07992,0.01187,-0.03703,0.86540,0,0.00771,-0.00012,-0.07801,0.44447,-0.02981,-0.00127,-0.00125,1
1.8344,-0.50247,0.04040,0.00841,-0.00058,0.00077,-0.00637,1.41104,-0.13041,0.00985,0.04786,-0.00234,-0.07999,0.01172,-0.03721,0.86541,0,0.00771,-0.00012,-0.07801,0.44447,-0.02981,-0.00127,-0.00125,1
1.8364,-0.50247,0.04040,0.00841,-0.00059,0.00068,-0.00622,1.41104,-0.13055,0.00986,0.04780,-0.00245,-0.08019,0.01144,-0.03733,0.86545,0,0.00771,-0.00012,-0.07801,0.44447,-0.02981,-0.00127,-0.00125,1
1.8384,-0.50247,0.04040,0.00841,-0.00060,0.00072,-0.00595,1.41104,-0.13069,0.00987,0.04774,-0.00257,-0.08052,0.01103,-0.03747,0.86545,0,0.00771,-0.00012,-0.07801,0.44447,-0.02981,-0.00127,-0.00125,1
1.8404,-0.50247,0.04040,0.00841,-0.00062,0.00086,-0.00556,1.41104,-0.13084,0.00988,0.04767,-0.00267,-0.08097,0.01049,-0.03769,0.86548,0,0.00771,-0.00012,-0.07801,0.44447,-0.02981,-0.00127,-0.00125,1
1.8424,-0.50247,0.04040,0.00842,-0.00063,0.00113,-0.00506,1.41104,-0.13098,0.00989,0.04761,-0.00277,-0.08156,0.00982,-0.03779,0.86551,0,0.00771,-0.00012,-0.07801,0.44447,-0.02981,-0.00127,-0.00125,1
1.8444,-0.50247,0.04040,0.00842,-0.00064,0.00151,-0.00444,1.41104,-0.13112,0.00990,0.04756,-0.00286,-0.08227,0.00902,-0.03801,0.86555,0,0.00771,-0.00012,-0.07801,0.44447,-0.02981,-0.00127,-0.00125,1
1.8464,-0.50247,0.04040,0.00842,-0.00064,0.00201,-0.00371,1.41104,-0.13126,0.00992,0.04752,-0.00293,-0.08311,0.00810,-0.03816,0.86556,0,0.00771,-0.00012,-0.07801,0.44447,-0.02981,-0.00127,-0.00125,1
1.8484,-0.50247,0.04040,0.00843,-0.00065,0.00262,-0.00286,1.41104,-0.13140,0.00993,0.04748,-0.00299,-0.08392,0.00705,-0.03829,0.86558,0,0.00771,-0.00012,-0.07801,0.44447,-0.02981,-0.00127,-0.00125,1
1.8504,-0.50247,0.04040,0.00843,-0.00066,0.00321,-0.00189,1.41104,-0.13155,0.00994,0.04746,-0.00303,-0.08460,0.00613,-0.03850,0.86558,0,0.00771,-0.00012,-0.07801,0.44447,-0.02981,-0.00127,-0.00125,1
1.8525,-0.50247,0.04040,0.00844,-0.00066,0.00367,-0.00104,1.41104,-0.13170,0.00995,0.04745,-0.00306,-0.08515,0.00533,-0.03866,0.86562,0,0.00771,-0.00012,-0.07801,0.44447,-0.02981,-0.00127,-0.00125,1
1.8545,-0.49843,0.03779,0.00808,-0.00016,0.00221,-0.00006,1.40557,-0.13184,0.00996,0.04506,0.00105,-0.08583,0.00467,-0.03887,0.86561,0,0.00768,0.00050,-0.07801,0.44447,-0.02981,-0.00127,-0.00125,1
1.8565,-0.49843,0.03779,0.00809,-0.00016,0.00268,0.00054,1.40557,-0.13198,0.00997,0.04503,0.00106,-0.08664,0.00413,-0.03904,0.86564,0,0.00768,0.00050,-0.07801,0.44447,-0.02981,-0.00127,-0.00125,1
1.8585,-0.49843,0.03779,0.00809,-0.00016,0.00327,0.00104,1.40557,-0.13212,0.00998,0.04501,0.00108,-0.08732,0.00372,-0.03914,0.86565,0,0.00768,0.00050,-0.07801,0.44447,-0.02981,-0.00127,-0.00125,1
1.8605,-0.49843,0.03779,0.00810,-0.00016,0.00375,0.00141,1.40557,-0.13227,0.00999,0.04500,0.00111,-0.08787,0.00343,-0.03944,0.86564,0,0.00768,0.00050,-0.07801,0.44447,-0.02981,-0.00127,-0.00125,1
1.8625,-0.49843,0.03779,0.00811,-0.00015,0.00411,0.00167,1.40557,-0.13241,0.01000,0.04500,0.00115,-0.08830,0.00328,-0.03955,0.86568,0,0.00768,0.00050,-0.07801,0.44447,-0.02981,-0.00127,-0.00125,1
1.8645,-0.49843,0.03779,0.00812,-0.00015,0.00435,0.00182,1.40557,-0.13255,0.01001,0.04500,0.00119,-0.08859,0.00325,-0.03979,0.86567,0,0.00768,0.00050,-0.07801,0.44447,-0.02981,-0.00127,-0.00125,1
1.8665,-0.49843,0.03779,0.00812,-0.00015,0.00447,0.00184,1.40557,-0.13269,0.01002,0.04501,0.00123,-0.08876,0.00335,-0.03997,0.86570,0,0.00768,0.00050,-0.07801,0.44447,-0.02981,-0.00127,-0.00125,1
1.8685,-0.49843,0.03779,0.00813,-0.00014,0.00448,0.00175,1.40557,-0.13283,0.01003,0.04502,0.00127,-0.08880,0.00358,-0.04013,0.86573,0,0.00768,0.00050,-0.07801,0.44447,-0.02981,-0.00127,-0.00125,1
1.8705,-0.49843,0.03779,0.00814,-0.00014,0.00437,0.00155,1.40557,-0.13298,0.01005,0.04503,0.00131,-0.08871,0.00394,-0.04024,0.86572,0,0.00768,0.00050,-0.07801,0.44447,-0.02981,-0.00127,-0.00125,1
1.8725,-0.49843,0.03779,0.00815,-0.00014,0.00414,0.00123,1.40557,-0.13312,0.01006,0.04503,0.00135,-0.08850,0.00442,-0.04048,0.86574,0,0.00768,0.00050,-0.07801,0.44447,-0.02981,-0.00127,-0.00125,1
1.8745,-0.49843,0.03779,0.00816,-0.00014,0.00380,0.00079,1.40557,-0.13326,0.01007,0.04503,0.00137,-0.08824,0.00504,-0.04060,0.86576,0,0.00768,0.00050,-0.07801,0.44447,-0.02981,-0.00127,-0.00125,1
1.8766,-0.49843,0.03779,0.00817,-0.00013,0.00342,0.00023,1.40557,-0.13341,0.01008,0.04502,0.00139,-0.08810,0.00578,-0.04083,0.86578,0,0.00768,0.00050,-0.07801,0.44447,-0.02981,-0.00127,-0.00125,1
1.8786,-0.49843,0.03779,0.00817,-0.00013,0.00315,-0.00044,1.40557,-0.13355,0.01009,0.04500,0.00139,-0.08810,0.00665,-0.04100,0.86581,0,0.00768,0.00050,-0.07801,0.44447,-0.02981,-0.00127,-0.00125,1
1.8806,-0.49843,0.03779,0.00818,-0.00014,0.00300,-0.00123,1.40557,-0.13369,0.01010,0.04498,0.00138,-0.08822,0.00764,-0.04117,0.86579,0,0.00768,0.00050,-0.07801,0.44447,-0.02981,-0.00127,-0.00125,1
1.8826,-0.49843,0.03779,0.00818,-0.00014,0.00297,-0.00213,1.40557,-0.13383,0.01011,0.04496,0.00136,-0.08847,0.00877,-0.04135,0.86578,0,0.00768,0.00050,-0.07801,0.44447,-0.02981,-0.00127,-0.00125,1
1.8846,-0.49843,0.03779,0.00819,-0.00014,0.00305,-0.00315,1.40557,-0.13398,0.01012,0.04494,0.00131,-0.08885,0.01002,-0.04147,0.86580,0,0.00768,0.00050,-0.07801,0.44447,-0.02981,-0.00127,-0.00125,1
1.8866,-0.49843,0.03779,0.00820,-0.00015,0.00325,-0.00429,1.40557,-0.13412,0.01013,0.04492,0.00124,-0.08920,0.01137,-0.04164,0.86584,0,0.00768,0.00050,-0.07801,0.44447,-0.02981,-0.00127,-0.00125,1
1.8886,-0.49843,0.03779,0.00820,-0.00016,0.00342,-0.00551,1.40557,-0.13426,0.01014,0.04490,0.00115,-0.08942,0.01260,-0.04187,0.86581,0,0.00768,0.00050,-0.07801,0.44447,-0.02981,-0.00127,-0.00125,1
1.8906,-0.49843,0.03779,0.00821,-0.00017,0.00348,-0.00662,1.40557,-0.13440,0.01015,0.04489,0.00104,-0.08952,0.01369,-0.04200,0.86584,0,0.00768,0.00050,-0.07801,0.44447,-0.02981,-0.00127,-0.00125,1
1.8926,-0.49843,0.03779,0.00822,-0.00019,0.00342,-0.00761,1.40557,-0.13455,0.01016,0.04488,0.00090,-0.08967,0.01466,-0.04223,0.86589,0,0.00768,0.00050,-0.07801,0.44447,-0.02981,-0.00127,-0.00125,1
1.8946,-0.49843,0.03779,0.00822,-0.00020,0.00341,-0.00849,1.40557,-0.13469,0.01017,0.04486,0.00075,-0.08982,0.01550,-0.04241,0.86588,0,0.00768,0.00050,-0.07801,0.44447,-0.02981,-0.00127,-0.00125,1
1.8966,-0.49843,0.03779,0.00823,-0.00022,0.00340,-0.00924,1.40557,-0.13483,0.01019,0.04485,0.00058,-0.08998,0.01621,-0.04254,0.86593,0,0.00768,0.00050,-0.07801,0.44447,-0.02981,-0.00127,-0.00125,1
1.8986,-0.49843,0.03779,0.00824,-0.00024,0.00340,-0.00989,1.40557,-0.13497,0.01020,0.04484,0.00040,-0.09014,0.01679,-0.04277,0.86593,0,0.00768,0.00050,-0.07801,0.44447,-0.02981,-0.00127,-0.00125,1
1.9006,-0.49843,0.03779,0.00824,-0.00026,0.00339,-0.01041,1.40557,-0.13512,0.01021,0.04482,0.00021,-0.09029,0.01724,-0.04294,0.86597,0,0.00768,0.00050,-0.07801,0.44447,-0.02981,-0.00127,-0.00125,1
1.9026,-0.49843,0.03779,0.00825,-0.00028,0.00339,-0.01082,1.40557,-0.13526,0.01022,0.04481,0.00001,-0.09045,0.01757,-0.04312,0.86601,0,0.00768,0.00050,-0.07801,0.44447,-0.02981,-0.00127,-0.00125,1
1.9046,-0.49843,0.03779,0.00826,-0.00030,0.00338,-0.01111,1.40557,-0.13540,0.01023,0.04479,-0.00020,-0.09061,0.01777,-0.04337,0.86602,0,0.00768,0.00050,-0.07801,0.44447,-0.02981,-0.00127,-0.00125,1
1.9066,-0.49843,0.03779,0.00826,-0.00033,0.00338,-0.01129,1.40557,-0.13554,0.01024,0.04478,-0.00042,-0.09076,0.01784,-0.04348,0.86605,0,0.00768,0.00050,-0.07801,0.44447,-0.02981,-0.00127,-0.00125,1
1.9086,-0.49843,0.03779,0.00827,-0.00035,0.00337,-0.01134,1.40557,-0.13568,0.01025,0.04476,-0.00063,-0.09092,0.01778,-0.04372,0.86609,0,0.00768,0.00050,-0.07801,0.44447,-0.02981,-0.00127,-0.00125,1
1.9106,-0.49843,0.03779,0.00828,-0.00037,0.00337,-0.01128,1.40557,-0.13583,0.01026,0.04475,-0.00085,-0.09108,0.01760,-0.04390,0.86612,0,0.00768,0.00050,-0.07801,0.44447,-0.02981,-0.00127,-0.00125,1
1.9126,-0.49843,0.03779,0.00828,-0.00039,0.00336,-0.01111,1.40557,-0.13597,0.01027,0.04473,-0.00107,-0.09124,0.01728,-0.04407,0.86615,0,0.00768,0.00050,-0.07801,0.44447,-0.02981,-0.00127,-0.00125,1
1.9146,-0.49843,0.03779,0.00829,-0.00042,0.00336,-0.01082,1.40557,-0.13611,0.01028,0.04472,-0.00128,-0.09140,0.01684,-0.04430,0.86616,0,0.00768,0.00050,-0.07801,0.44447,-0.02981,-0.00127,-0.00125,1
1.9166,-0.49843,0.03779,0.00830,-0.00044,0.00335,-0.01041,1.40557,-0.13625,0.01029,0.04470,-0.00148,-0.09155,0.01627,-0.04444,0.86620,0,0.00768,0.00050,-0.07801,0.44447,-0.02981,-0.00127,-0.00125,1
1.9186,-0.49843,0.03779,0.00831,-0.00046,0.00335,-0.00988,1.40557,-0.13640,0.01030,0.04468,-0.00167,-0.09171,0.01558,-0.04463,0.86624,0,0.00768,0.00050,-0.07801,0.44447,-0.02981,-0.00127,-0.00125,1
1.9209,-0.49647,0.03818,0.00862,-0.00057,0.00431,-0.01094,1.40191,-0.13656,0.01032,0.04833,-0.00267,-0.09175,0.01475,-0.04498,0.86630,0,0.00877,-0.00029,-0.07801,0.44447,-0.02981,-0.00127,-0.00125,1
1.9229,-0.49647,0.03818,0.00863,-0.00059,0.00419,-0.01018,1.40191,-0.13670,0.01033,0.04833,-0.00287,-0.09165,0.01380,-0.04498,0.86630,0,0.00877,-0.00029,-0.07801,0.44447,-0.02981,-0.00127,-0.00125,1
1.9249,-0.49647,0.03818,0.00864,-0.00061,0.00395,-0.00930,1.40191,-0.13685,0.01034,0.04832,-0.00305,-0.09143,0.01271,-0.04515,0.86633,0,0.00877,-0.00029,-0.07801,0.44447,-0.02981,-0.00127,-0.00125,1
1.9269,-0.49647,0.03818,0.00865,-0.00063,0.00359,-0.00831,1.40191,-0.13699,0.01035,0.04832,-0.00322,-0.09107,0.01151,-0.04535,0.86635,0,0.00877,-0.00029,-0.07801,0.44447,-0.02981,-0.00127,-0.00125,1
1.9289,-0.49647,0.03818,0.00866,-0.00065,0.00311,-0.00720,1.40191,-0.13713,0.01036,0.04830,-0.00337,-0.09059,0.01017,-0.04550,0.86640,0,0.00877,-0.00029,-0.07801,0.44447,-0.02981,-0.00127,-0.00125,1
1.9310,-0.49647,0.03818,0.00866,-0.00066,0.00252,-0.00597,1.40191,-0.13727,0.01037,0.04827,-0.00349,-0.08999,0.00870,-0.04569,0.86640,0,0.00877,-0.00029,-0.07801,0.44447,-0.02981,-0.00127,-0.00125,1
1.9330,-0.49647,0.03818,0.00867,-0.00067,0.00182,-0.00463,1.40191,-0.13742,0.01038,0.04823,-0.00359,-0.08925,0.00711,-0.04589,0.86642,0,0.00877,-0.00029,-0.07801,0.44447,-0.02981,-0.00127,-0.00125,1
1.9350,-0.49647,0.03818,0.00867,-0.00068,0.00099,-0.00317,1.40191,-0.13756,0.01039,0.04818,-0.00366,-0.08864,0.00564,-0.04606,0.86647,0,0.00877,-0.00029,-0.07801,0.44447,-0.02981,-0.00127,-0.00125,1
1.9370,-0.49647,0.03818,0.00867,-0.00068,0.00028,-0.00182,1.40191,-0.13770,0.01040,0.04811,-0.00370,-0.08816,0.00431,-0.04620,0.86648,0,0.00877,-0.00029,-0.07801,0.44447,-0.02981,-0.00127,-0.00125,1
1.9390,-0.49647,0.03818,0.00867,-0.00068,-0.00031,-0.00059,1.40191,-0.13784,0.01041,0.04802,-0.00372,-0.08781,0.00310,-0.04639,0.86647,0,0.00877,-0.00029,-0.07801,0.44447,-0.02981,-0.00127,-0.00125,1
1.9410,-0.49647,0.03818,0.00867,-0.00068,-0.00078,0.00052,1.40191,-0.13799,0.01042,0.04793,-0.00371,-0.08759,0.00202,-0.04654,0.86651,0,0.00877,-0.00029,-0.07801,0.44447,-0.02981,-0.00127,-0.00125,1
1.9430,-0.49647,0.03818,0.00867,-0.00068,-0.00114,0.00151,1.40191,-0.13813,0.01043,0.04783,-0.00369,-0.08749,0.00106,-0.04668,0.86651,0,0.00877,-0.00029,-0.07801,0.44447,-0.02981,-0.00127,-0.00125,1
1.9450,-0.49647,0.03818,0.00866,-0.00068,-0.00138,0.00239,1.40191,-0.13827,0.01045,0.04772,-0.00364,-0.08752,0.00024,-0.04687,0.86652,0,0.00877,-0.00029,-0.07801,0.44447,-0.02981,-0.00127,-0.00125,1
1.9470,-0.49647,0.03818,0.00866,-0.00067,-0.00151,0.00316,1.40191,-0.13842,0.01046,0.04761,-0.00358,-0.08768,-0.00046,-0.04708,0.86652,0,0.00877,-0.00029,-0.07801,0.44447,-0.02981,-0.00127,-0.00125,1
1.9490,-0.49647,0.03818,0.00866,-0.00067,-0.00152,0.00380,1.40191,-0.13856,0.01047,0.04749,-0.00351,-0.08797,-0.00103,-0.04725,0.86652,0,0.00877,-0.00029,-0.07801,0.44447,-0.02981,-0.00127,-0.00125,1
1.9510,-0.49647,0.03818,0.00866,-0.00066,-0.00141,0.00433,1.40191,-0.13870,0.01048,0.04738,-0.00342,-0.08839,-0.00147,-0.04739,0.86652,0,0.00877,-0.00029,-0.07801,0.44447,-0.02981,-0.00127,-0.00125,1
1.9531,-0.49647,0.03818,0.00865,-0.00065,-0.00118,0.00474,1.40191,-0.13884,0.01049,0.04727,-0.00332,-0.08893,-0.00179,-0.04759,0.86652,0,0.00877,-0.00029,-0.07801,0.44447,-0.02981,-0.00127,-0.00125,1
1.9551,-0.49647,0.03818,0.00865,-0.00064,-0.00084,0.00504,1.40191,-0.13899,0.01050,0.04717,-0.00322,-0.08960,-0.00197,-0.04777,0.86651,0,0.00877,-0.00029,-0.07801,0.44447,-0.02981,-0.00127,-0.00125,1
1.9571,-0.49647,0.03818,0.00865,-0.00063,-0.00039,0.00522,1.40191,-0.13913,0.01051,0.04707,-0.00311,-0.09040,-0.00203,-0.04795,0.86652,0,0.00877,-0.00029,-0.07801,0.44447,-0.02981,-0.00127,-0.00125,1
1.9591,-0.49647,0.03818,0.00865,-0.00062,0.00019,0.00528,1.40191,-0.13927,0.01052,0.04699,-0.00300,-0.09133,-0.00196,-0.04818,0.86653,0,0.00877,-0.00029,-0.07801,0.44447,-0.02981,-0.00127,-0.00125,1
1.9611,-0.49647,0.03818,0.00865,-0.00061,0.00088,0.00523,1.40191,-0.13942,0.01053,0.04691,-0.00289,-0.09239,-0.00176,-0.04834,0.86652,0,0.00877,-0.00029,-0.07801,0.44447,-0.02981,-0.00127,-0.00125,1
1.9631,-0.49647,0.03818,0.00865,-0.00060,0.00168,0.00506,1.40191,-0.13956,0.01054,0.04685,-0.00279,-0.09332,-0.00143,-0.04859,0.86649,0,0.00877,-0.00029,-0.07801,0.44447,-0.02981,-0.00127,-0.00125,1
1.9651,-0.49647,0.03818,0.00866,-0.00059,0.00237,0.00477,1.40191,-0.13970,0.01055,0.04681,-0.00268,-0.09412,-0.00098,-0.04879,0.86649,0,0.00877,-0.00029,-0.07801,0.44447,-0.02981,-0.00127,-0.00125,1
1.9671,-0.49647,0.03818,0.00866,-0.00058,0.00294,0.00437,1.40191,-0.13984,0.01056,0.04678,-0.00259,-0.09479,-0.00040,-0.04898,0.86648,0,0.00877,-0.00029,-0.07801,0.44447,-0.02981,-0.00127,-0.00125,1
1.9691,-0.49647,0.03818,0.00867,-0.00057,0.00340,0.00385,1.40191,-0.13999,0.01057,0.04676,-0.00250,-0.09533,0.00032,-0.04918,0.86647,0,0.00877,-0.00029,-0.07801,0.44447,-0.02981,-0.00127,-0.00125,1
1.9711,-0.49647,0.03818,0.00868,-0.00056,0.00374,0.00321,1.40191,-0.14013,0.01059,0.04674,-0.00242,-0.09575,0.00115,-0.04940,0.86644,0,0.00877,-0.00029,-0.07801,0.44447,-0.02981,-0.00127,-0.00125,1
1.9731,-0.49647,0.03818,0.00868,-0.00056,0.00396,0.00246,1.40191,-0.14027,0.01060,0.04673,-0.00236,-0.09604,0.00212,-0.04956,0.86645,0,0.00877,-0.00029,-0.07801,0.44447,-0.02981,-0.00127,-0.00125,1
1.9752,-0.49647,0.03818,0.00869,-0.00055,0.00407,0.00159,1.40191,-0.14042,0.01061,0.04673,-0.00232,-0.09620,0.00322,-0.04975,0.86647,0,0.00877,-0.00029,-0.07801,0.44447,-0.02981,-0.00127,-0.00125,1
1.9772,-0.49647,0.03818,0.00870,-0.00055,0.00406,0.00061,1.40191,-0.14056,0.01062,0.04672,-0.00229,-0.09623,0.00444,-0.04993,0.86648,0,0.00877,-0.00029,-0.07801,0.44447,-0.02981,-0.00127,-0.00125,1
1.9792,-0.49647,0.03818,0.00871,-0.00055,0.00393,-0.00049,1.40191,-0.14070,0.01063,0.04672,-0.00228,-0.09613,0.00579,-0.05011,0.86646,0,0.00877,-0.00029,-0.07801,0.44447,-0.02981,-0.00127,-0.00125,1
1.9812,-0.49647,0.03818,0.00872,-0.00055,0.00369,-0.00171,1.40191,-0.14084,0.01064,0.04671,-0.00230,-0.09591,0.00727,-0.05034,0.86644,0,0.00877,-0.00029,-0.07801,0.44447,-0.02981,-0.00127,-0.00125,1
1.9832,-0.49647,0.03818,0.00872,-0.00056,0.00333,-0.00305,1.40191,-0.14099,0.01065,0.04669,-0.00234,-0.09556,0.00862,-0.05051,0.86648,0,0.00877,-0.00029,-0.07801,0.44447,-0.02981,-0.00127,-0.00125,1
1.9852,-0.49413,0.03840,0.00941,-0.00085,0.00556,-0.00334,1.40177,-0.14113,0.01066,0.05412,-0.00516,-0.09508,0.00984,-0.05091,0.86653,0,0.00999,-0.00131,-0.07578,0.44602,-0.03072,-0.00365,-0.00166,1
1.9872,-0.49413,0.03840,0.00942,-0.00086,0.00496,-0.00444,1.40177,-0.14127,0.01067,0.05413,-0.00523,-0.09447,0.01093,-0.05091,0.86653,0,0.00999,-0.00131,-0.07578,0.44602,-0.03072,-0.00365,-0.00166,1
1.9893,-0.49413,0.03840,0.00943,-0.00087,0.00423,-0.00542,1.40177,-0.14142,0.01068,0.05414,-0.00532,-0.09373,0.01190,-0.05107,0.86654,0,0.00999,-0.00131,-0.07578,0.44602,-0.03072,-0.00365,-0.00166,1
1.9912,-0.49413,0.03840,0.00944,-0.00088,0.00340,-0.00628,1.40177,-0.14156,0.01069,0.05413,-0.00543,-0.09287,0.01274,-0.05126,0.86655,0,0.00999,-0.00131,-0.07578,0.44602,-0.03072,-0.00365,-0.00166,1
1.9933,-0.49413,0.03840,0.00945,-0.00090,0.00244,-0.00703,1.40177,-0.14170,0.01070,0.05410,-0.00555,-0.09188,0.01345,-0.05146,0.86659,0,0.00999,-0.00131,-0.07578,0.44602,-0.03072,-0.00365,-0.00166,1
1.9953,-0.49413,0.03840,0.00945,-0.00091,0.00137,-0.00766,1.40177,-0.14185,0.01072,0.05405,-0.00569,-0.09076,0.01403,-0.05162,0.86663,0,0.00999,-0.00131,-0.07578,0.44602,-0.03072,-0.00365,-0.00166,1
1.9973,-0.49413,0.03840,0.00945,-0.00093,0.00019,-0.00817,1.40177,-0.14199,0.01073,0.05398,-0.00584,-0.08951,0.01449,-0.05177,0.86665,0,0.00999,-0.00131,-0.07578,0.44602,-0.03072,-0.00365,-0.00166,1
1.9993,-0.49413,0.03840,0.00945,-0.00094,-0.00112,-0.00857,1.40177,-0.14213,0.01074,0.05389,-0.00600,-0.08825,0.01481,-0.05195,0.86664,0,0.00999,-0.00131,-0.07578,0.44602,-0.03072,-0.00365,-0.00166,1
2.0013,-0.49413,0.03840,0.00945,-0.00096,-0.00243,-0.00885,1.40177,-0.14227,0.01075,0.05376,-0.00616,-0.08711,0.01501,-0.05214,0.86669,0,0.00999,-0.00131,-0.07578,0.44602,-0.03072,-0.00365,-0.00166,1
2.0033,-0.49413,0.03840,0.00944,-0.00098,-0.00363,-0.00901,1.40177,-0.14242,0.01076,0.05362,-0.00633,-0.08611,0.01508,-0.05226,0.86675,0,0.00999,-0.00131,-0.07578,0.44602,-0.03072,-0.00365,-0.00166,1
2.0053,-0.49413,0.03840,0.00943,-0.00100,-0.00471,-0.00906,1.40177,-0.14256,0.01077,0.05345,-0.00650,-0.08523,0.01503,-0.05245,0.86676,0,0.00999,-0.00131,-0.07578,0.44602,-0.03072,-0.00365,-0.00166,1
2.0073,-0.49413,0.03840,0.00942,-0.00101,-0.00568,-0.00898,1.40177,-0.14270,0.01078,0.05326,-0.00667,-0.08448,0.01484,-0.05256,0.86679,0,0.00999,-0.00131,-0.07578,0.44602,-0.03072,-0.00365,-0.00166,1
2.0093,-0.49413,0.03840,0.00941,-0.00103,-0.00653,-0.00880,1.40177,-0.14284,0.01079,0.05306,-0.00684,-0.08386,0.01453,-0.05276,0.86680,0,0.00999,-0.00131,-0.07578,0.44602,-0.03072,-0.00365,-0.00166,1
2.0113,-0.49413,0.03840,0.00940,-0.00105,-0.00726,-0.00849,1.40177,-0.14299,0.01080,0.05284,-0.00701,-0.08337,0.01409,-0.05287,0.86684,0,0.00999,-0.00131,-0.07578,0.44602,-0.03072,-0.00365,-0.00166,1
2.0133,-0.49413,0.03840,0.00938,-0.00107,-0.00788,-0.00807,1.40177,-0.14313,0.01081,0.05260,-0.00716,-0.08300,0.01352,-0.05308,0.86686,0,0.00999,-0.00131,-0.07578,0.44602,-0.03072,-0.00365,-0.00166,1
2.0153,-0.49413,0.03840,0.00937,-0.00108,-0.00838,-0.00754,1.40177,-0.14327,0.01082,0.05236,-0.00731,-0.08276,0.01282,-0.05325,0.86691,0,0.00999,-0.00131,-0.07578,0.44602,-0.03072,-0.00365,-0.00166,1
2.0173,-0.49413,0.03840,0.00935,-0.00110,-0.00876,-0.00688,1.40177,-0.14341,0.01083,0.05210,-0.00744,-0.08265,0.01199,-0.05343,0.86693,0,0.00999,-0.00131,-0.07578,0.44602,-0.03072,-0.00365,-0.00166,1
2.0193,-0.49413,0.03840,0.00933,-0.00111,-0.00903,-0.00611,1.40177,-0.14355,0.01084,0.05184,-0.00757,-0.08267,0.01104,-0.05361,0.86695,0,0.00999,-0.00131,-0.07578,0.44602,-0.03072,-0.00365,-0.00166,1
2.0213,-0.49413,0.03840,0.00931,-0.00112,-0.00917,-0.00523,1.40177,-0.14370,0.01086,0.05158,-0.00767,-0.08282,0.00996,-0.05377,0.86701,0,0.00999,-0.00131,-0.07578,0.44602,-0.03072,-0.00365,-0.00166,1
2.0233,-0.49413,0.03840,0.00929,-0.00113,-0.00921,-0.00422,1.40177,-0.14384,0.01087,0.05131,-0.00776,-0.08309,0.00875,-0.05398,0.86704,0,0.00999,-0.00131,-0.07578,0.44602,-0.03072,-0.00365,-0.00166,1
2.0253,-0.49413,0.03840,0.00928,-0.00114,-0.00912,-0.00310,1.40177,-0.14398,0.01088,0.05104,-0.00782,-0.08349,0.00741,-0.05413,0.86708,0,0.00999,-0.00131,-0.07578,0.44602,-0.03072,-0.00365,-0.00166,1
2.0273,-0.49413,0.03840,0.00926,-0.00114,-0.00892,-0.00187,1.40177,-0.14412,0.01089,0.05078,-0.00786,-0.08403,0.00595,-0.05429,0.86706,0,0.00999,-0.00131,-0.07578,0.44602,-0.03072,-0.00365,-0.00166,1
2.0293,-0.49413,0.03840,0.00924,-0.00114,-0.00861,-0.00051,1.40177,-0.14427,0.01090,0.05052,-0.00788,-0.08468,0.00435,-0.05445,0.86707,0,0.00999,-0.00131,-0.07578,0.44602,-0.03072,-0.00365,-0.00166,1
2.0313,-0.49413,0.03840,0.00922,-0.00114,-0.00817,0.00095,1.40177,-0.14441,0.01091,0.05027,-0.00787,-0.08547,0.00289,-0.05462,0.86712,0,0.00999,-0.00131,-0.07578,0.44602,-0.03072,-0.00365,-0.00166,1
2.0333,-0.49413,0.03840,0.00921,-0.00114,-0.00762,0.00231,1.40177,-0.14455,0.01092,0.05002,-0.00783,-0.08638,0.00155,-0.05479,0.86708,0,0.00999,-0.00131,-0.07578,0.44602,-0.03072,-0.00365,-0.00166,1
2.0353,-0.49413,0.03840,0.00919,-0.00113,-0.00695,0.00354,1.40177,-0.14469,0.01093,0.04979,-0.00777,-0.08743,0.00034,-0.05497,0.86711,0,0.00999,-0.00131,-0.07578,0.44602,-0.03072,-0.00365,-0.00166,1
2.0373,-0.49413,0.03840,0.00918,-0.00113,-0.00617,0.00466,1.40177,-0.14483,0.01094,0.04958,-0.00768,-0.08860,-0.00074,-0.05512,0.86712,0,0.00999,-0.00131,-0.07578,0.44602,-0.03072,-0.00365,-0.00166,1
2.0393,-0.49413,0.03840,0.00917,-0.00112,-0.00527,0.00567,1.40177,-0.14498,0.01095,0.04938,-0.00757,-0.08990,-0.00169,-0.05536,0.86714,0,0.00999,-0.00131,-0.07578,0.44602,-0.03072,-0.00365,-0.00166,1
2.0413,-0.49413,0.03840,0.00916,-0.00110,-0.00425,0.00655,1.40177,-0.14512,0.01096,0.04920,-0.00745,-0.09132,-0.00252,-0.05549,0.86713,0,0.00999,-0.00131,-0.07578,0.44602,-0.03072,-0.00365,-0.00166,1
2.0433,-0.49413,0.03840,0.00915,-0.00109,-0.00312,0.00732,1.40177,-0.14526,0.01097,0.04904,-0.00730,-0.09288,-0.00322,-0.05568,0.86714,0,0.00999,-0.00131,-0.07578,0.44602,-0.03072,-0.00365,-0.00166,1
2.0453,-0.49413,0.03840,0.00915,-0.00107,-0.00187,0.00798,1.40177,-0.14541,0.01098,0.04890,-0.00715,-0.09448,-0.00379,-0.05589,0.86714,0,0.00999,-0.00131,-0.07578,0.44602,-0.03072,-0.00365,-0.00166,1
2.0473,-0.49413,0.03840,0.00914,-0.00106,-0.00058,0.00851,1.40177,-0.14555,0.01099,0.04879,-0.00698,-0.09608,-0.00423,-0.05602,0.86714,0,0.00999,-0.00131,-0.07578,0.44602,-0.03072,-0.00365,-0.00166,1
2.0493,-0.49413,0.03840,0.00914,-0.00104,0.00072,0.00893,1.40177,-0.14569,0.01101,0.04870,-0.00680,-0.09755,-0.00454,-0.05624,0.86715,0,0.00999,-0.00131,-0.07578,0.44602,-0.03072,-0.00365,-0.00166,1
2.0513,-0.49413,0.03840,0.00915,-0.00102,0.00189,0.00923,1.40177,-0.14583,0.01102,0.04864,-0.00661,-0.09889,-0.00473,-0.05643,0.86713,0,0.00999,-0.00131,-0.07578,0.44602,-0.03072,-0.00365,-0.00166,1
2.0533,-0.49334,0.03975,0.01042,-0.00132,0.00574,0.00853,1.40463,-0.14597,0.01103,0.06130,-0.00912,-0.10011,-0.00478,-0.05685,0.86709,0,0.01185,-0.00159,-0.06695,0.44489,-0.04026,-0.00390,-0.00130,1
2.0554,-0.49334,0.03975,0.01043,-0.00130,0.00666,0.00860,1.40463,-0.14612,0.01104,0.06134,-0.00895,-0.10120,-0.00471,-0.05685,0.86709,0,0.01185,-0.00159,-0.06695,0.44489,-0.04026,-0.00390,-0.00130,1
2.0574,-0.49334,0.03975,0.01044,-0.00128,0.00746,0.00856,1.40463,-0.14626,0.01105,0.06139,-0.00877,-0.10216,-0.00452,-0.05704,0.86709,0,0.01185,-0.00159,-0.06695,0.44489,-0.04026,-0.00390,-0.00130,1
2.0594,-0.49334,0.03975,0.01046,-0.00127,0.00815,0.00840,1.40463,-0.14640,0.01106,0.06145,-0.00860,-0.10299,-0.00419,-0.05721,0.86708,0,0.01185,-0.00159,-0.06695,0.44489,-0.04026,-0.00390,-0.00130,1
2.0614,-0.49334,0.03975,0.01048,-0.00125,0.00872,0.00813,1.40463,-0.14654,0.01107,0.06153,-0.00843,-0.10369,-0.00373,-0.05744,0.86710,0,0.01185,-0.00159,-0.06695,0.44489,-0.04026,-0.00390,-0.00130,1
2.0634,-0.49334,0.03975,0.01050,-0.00124,0.00917,0.00774,1.40463,-0.14669,0.01108,0.06162,-0.00826,-0.10427,-0.00315,-0.05765,0.86707,0,0.01185,-0.00159,-0.06695,0.44489,-0.04026,-0.00390,-0.00130,1
2.0654,-0.49334,0.03975,0.01051,-0.00122,0.00951,0.00723,1.40463,-0.14683,0.01109,0.06171,-0.00811,-0.10472,-0.00244,-0.05788,0.86705,0,0.01185,-0.00159,-0.06695,0.44489,-0.04026,-0.00390,-0.00130,1
2.0674,-0.49334,0.03975,0.01053,-0.00121,0.00973,0.00660,1.40463,-0.14697,0.01110,0.06182,-0.00797,-0.10504,-0.00160,-0.05800,0.86706,0,0.01185,-0.00159,-0.06695,0.44489,-0.04026,-0.00390,-0.00130,1
2.0694,-0.49334,0.03975,0.01055,-0.00119,0.00983,0.00586,1.40463,-0.14711,0.01111,0.06192,-0.00784,-0.10523,-0.00064,-0.05823,0.86705,0,0.01185,-0.00159,-0.06695,0.44489,-0.04026,-0.00390,-0.00130,1
2.0714,-0.49334,0.03975,0.01057,-0.00118,0.00982,0.00501,1.40463,-0.14725,0.01112,0.06203,-0.00772,-0.10529,0.00046,-0.05843,0.86705,0,0.01185,-0.00159,-0.06695,0.44489,-0.04026,-0.00390,-0.00130,1
2.0734,-0.49334,0.03975,0.01059,-0.00117,0.00968,0.00403,1.40463,-0.14740,0.01113,0.06213,-0.00763,-0.10523,0.00168,-0.05864,0.86704,0,0.01185,-0.00159,-0.06695,0.44489,-0.04026,-0.00390,-0.00130,1
2.0754,-0.49334,0.03975,0.01061,-0.00117,0.00944,0.00294,1.40463,-0.14754,0.01115,0.06223,-0.00755,-0.10504,0.00303,-0.05883,0.86701,0,0.01185,-0.00159,-0.06695,0.44489,-0.04026,-0.00390,-0.00130,1
2.0774,-0.49334,0.03975,0.01063,-0.00116,0.00907,0.00173,1.40463,-0.14768,0.01116,0.06232,-0.00750,-0.10472,0.00425,-0.05907,0.86704,0,0.01185,-0.00159,-0.06695,0.44489,-0.04026,-0.00390,-0.00130,1
2.0794,-0.49334,0.03975,0.01065,-0.00116,0.00859,0.00064,1.40463,-0.14782,0.01117,0.06241,-0.00747,-0.10427,0.00535,-0.05920,0.86702,0,0.01185,-0.00159,-0.06695,0.44489,-0.04026,-0.00390,-0.00130,1
2.0814,-0.49334,0.03975,0.01066,-0.00116,0.00799,-0.00033,1.40463,-0.14797,0.01118,0.06248,-0.00746,-0.10369,0.00632,-0.05947,0.86706,0,0.01185,-0.00159,-0.06695,0.44489,-0.04026,-0.00390,-0.00130,1
2.0834,-0.49334,0.03975,0.01068,-0.00116,0.00728,-0.00119,1.40463,-0.14811,0.01119,0.06254,-0.00747,-0.10299,0.00715,-0.05969,0.86708,0,0.01185,-0.00159,-0.06695,0.44489,-0.04026,-0.00390,-0.00130,1
2.0854,-0.49334,0.03975,0.01069,-0.00116,0.00645,-0.00193,1.40463,-0.14825,0.01120,0.06259,-0.00749,-0.10216,0.00787,-0.05983,0.86712,0,0.01185,-0.00159,-0.06695,0.44489,-0.04026,-0.00390,-0.00130,1
2.0874,-0.49334,0.03975,0.01070,-0.00117,0.00550,-0.00256,1.40463,-0.14839,0.01121,0.06262,-0.00753,-0.10120,0.00845,-0.06004,0.86710,0,0.01185,-0.00159,-0.06695,0.44489,-0.04026,-0.00390,-0.00130,1
2.0894,-0.49334,0.03975,0.01071,-0.00117,0.00444,-0.00306,1.40463,-0.14853,0.01122,0.06263,-0.00758,-0.10011,0.00890,-0.06026,0.86716,0,0.01185,-0.00159,-0.06695,0.44489,-0.04026,-0.00390,-0.00130,1
2.0914,-0.49334,0.03975,0.01072,-0.00118,0.00326,-0.00346,1.40463,-0.14868,0.01123,0.06261,-0.00764,-0.09889,0.00923,-0.06041,0.86716,0,0.01185,-0.00159,-0.06695,0.44489,-0.04026,-0.00390,-0.00130,1
2.0934,-0.49334,0.03975,0.01073,-0.00119,0.00196,-0.00373,1.40463,-0.14882,0.01124,0.06257,-0.00770,-0.09755,0.00943,-0.06066,0.86713,0,0.01185,-0.00159,-0.06695,0.44489,-0.04026,-0.00390,-0.00130,1
2.0954,-0.49334,0.03975,0.01073,-0.00120,0.00055,-0.00389,1.40463,-0.14896,0.01125,0.06251,-0.00777,-0.09608,0.00950,-0.06081,0.86718,0,0.01185,-0.00159,-0.06695,0.44489,-0.04026,-0.00390,-0.00130,1
2.0974,-0.49334,0.03975,0.01073,-0.00120,-0.00098,-0.00393,1.40463,-0.14910,0.01126,0.06242,-0.00784,-0.09448,0.00944,-0.06100,0.86720,0,0.01185,-0.00159,-0.06695,0.44489,-0.04026,-0.00390,-0.00130,1
2.0994,-0.49334,0.03975,0.01073,-0.00121,-0.00263,-0.00386,1.40463,-0.14925,0.01127,0.06229,-0.00791,-0.09288,0.00926,-0.06120,0.86724,0,0.01185,-0.00159,-0.06695,0.44489,-0.04026,-0.00390,-0.00130,1
2.1014,-0.49334,0.03975,0.01072,-0.00122,-0.00427,-0.00367,1.40463,-0.14939,0.01128,0.06213,-0.00798,-0.09128,0.00894,-0.06141,0.86725,0,0.01185,-0.00159,-0.06695,0.44489,-0.04026,-0.00390,-0.00130,1
2.1034,-0.49334,0.03975,0.01071,-0.00123,-0.00592,-0.00336,1.40463,-0.14953,0.01130,0.06194,-0.00804,-0.08968,0.00850,-0.06160,0.86725,0,0.01185,-0.00159,-0.06695,0.44489,-0.04026,-0.00390,-0.00130,1
2.1054,-0.49334,0.03975,0.01070,-0.00123,-0.00756,-0.00294,1.40463,-0.14957,0.01130,0.06172,-0.00809,-0.08808,0.00793,-0.06180,0.86726,0,0.01185,-0.00159,-0.06695,0.44489,-0.04026,-0.00390,-0.00130,1
2.1074,-0.49334,0.03975,0.01068,-0.00124,-0.00921,-0.00240,1.40463,-0.14957,0.01130,0.06147,-0.00814,-0.08660,0.00723,-0.06199,0.86731,0,0.01185,-0.00159,-0.06695,0.44489,-0.04026,-0.00390,-0.00130,1
2.1094,-0.49334,0.03975,0.01066,-0.00124,-0.01074,-0.00174,1.40463,-0.14957,0.01130,0.06118,-0.00817,-0.08526,0.00641,-0.06216,0.86732,0,0.01185,-0.00159,-0.06695,0.44489,-0.04026,-0.00390,-0.00130,1
2.1114,-0.49334,0.03975,0.01064,-0.00124,-0.01215,-0.00097,1.40463,-0.14957,0.01130,0.06087,-0.00819,-0.08404,0.00545,-0.06232,0.86735,0,0.01185,-0.00159,-0.06695,0.44489,-0.04026,-0.00390,-0.00130,1
2.1134,-0.49334,0.03975,0.01061,-0.00125,-0.01344,-0.00008,1.40463,-0.14957,0.01130,0.06052,-0.00820,-0.08296,0.00437,-0.06247,0.86737,0,0.01185,-0.00159,-0.06695,0.44489,-0.04026,-0.00390,-0.00130,1
2.1154,-0.49334,0.03975,0.01058,-0.00124,-0.01462,0.00092,1.40463,-0.14957,0.01130,0.06016,-0.00818,-0.08200,0.00316,-0.06268,0.86737,0,0.01185,-0.00159,-0.06695,0.44489,-0.04026,-0.00390,-0.00130,1
2.1174,-0.49334,0.03975,0.01055,-0.00124,-0.01568,0.00204,1.40463,-0.14957,0.01130,0.05977,-0.00815,-0.08116,0.00208,-0.06281,0.86737,0,0.01185,-0.00159,-0.06695,0.44489,-0.04026,-0.00390,-0.00130,1
2.1194,-0.49334,0.03975,0.01052,-0.00124,-0.01663,0.00305,1.40463,-0.14957,0.01130,0.05936,-0.00809,-0.08046,0.00113,-0.06299,0.86740,0,0.01185,-0.00159,-0.06695,0.44489,-0.04026,-0.00390,-0.00130,1
2.1214,-0.48958,0.04058,0.01145,-0.00192,-0.01387,-0.00025,1.39886,-0.14957,0.01130,0.06959,-0.01457,-0.07988,0.00005,-0.06331,0.86740,0,0.01237,-0.00234,-0.06383,0.44434,-0.04353,-0.00390,0.00189,1
2.1234,-0.48958,0.04058,0.01142,-0.00192,-0.01459,0.00076,1.39886,-0.14957,0.01130,0.06922,-0.01456,-0.07944,-0.00116,-0.06331,0.86740,0,0.01237,-0.00234,-0.06383,0.44434,-0.04353,-0.00390,0.00189,1
2.1254,-0.48958,0.04058,0.01140,-0.00192,-0.01520,0.00190,1.39886,-0.14957,0.01130,0.06883,-0.01452,-0.07912,-0.00250,-0.06348,0.86737,0,0.01237,-0.00234,-0.06383,0.44434,-0.04353,-0.00390,0.00189,1
2.1274,-0.48958,0.04058,0.01136,-0.00191,-0.01570,0.00315,1.39886,-0.14957,0.01130,0.06844,-0.01447,-0.07892,-0.00371,-0.06367,0.86736,0,0.01237,-0.00234,-0.06383,0.44434,-0.04353,-0.00390,0.00189,1
2.1294,-0.48958,0.04058,0.01133,-0.00191,-0.01607,0.00428,1.39886,-0.14957,0.01130,0.06804,-0.01439,-0.07886,-0.00479,-0.06377,0.86736,0,0.01237,-0.00234,-0.06383,0.44434,-0.04353,-0.00390,0.00189,1
2.1314,-0.48958,0.04058,0.01130,-0.00190,-0.01633,0.00530,1.39886,-0.14957,0.01130,0.06763,-0.01429,-0.07892,-0.00574,-0.06396,0.86732,0,0.01237,-0.00234,-0.06383,0.44434,-0.04353,-0.00390,0.00189,1
2.1334,-0.48958,0.04058,0.01127,-0.00188,-0.01648,0.00620,1.39886,-0.14957,0.01130,0.06722,-0.01417,-0.07912,-0.00657,-0.06410,0.86734,0,0.01237,-0.00234,-0.06383,0.44434,-0.04353,-0.00390,0.00189,1
2.1354,-0.48958,0.04058,0.01123,-0.00187,-0.01650,0.00698,1.39886,-0.14957,0.01130,0.06680,-0.01403,-0.07944,-0.00727,-0.06427,0.86732,0,0.01237,-0.00234,-0.06383,0.44434,-0.04353,-0.00390,0.00189,1
2.1374,-0.48958,0.04058,0.01120,-0.00186,-0.01641,0.00765,1.39886,-0.14957,0.01130,0.06639,-0.01388,-0.07988,-0.00784,-0.06445,0.86732,0,0.01237,-0.00234,-0.06383,0.44434,-0.04353,-0.00390,0.00189,1
2.1394,-0.48958,0.04058,0.01117,-0.00184,-0.01620,0.00820,1.39886,-0.14957,0.01130,0.06598,-0.01372,-0.08046,-0.00828,-0.06457,0.86725,0,0.01237,-0.00234,-0.06383,0.44434,-0.04353,-0.00390,0.00189,1
2.1414,-0.48958,0.04058,0.01114,-0.00182,-0.01588,0.00863,1.39886,-0.14957,0.01130,0.06557,-0.01354,-0.08116,-0.00859,-0.06473,0.86728,0,0.01237,-0.00234,-0.06383,0.44434,-0.04353,-0.00390,0.00189,1
2.1434,-0.48958,0.04058,0.01111,-0.00181,-0.01543,0.00895,1.39886,-0.14957,0.01130,0.06518,-0.01336,-0.08200,-0.00878,-0.06491,0.86726,0,0.01237,-0.00234,-0.06383,0.44434,-0.04353,-0.00390,0.00189,1
2.1454,-0.48958,0.04058,0.01108,-0.00179,-0.01488,0.00915,1.39886,-0.14957,0.01130,0.06479,-0.01318,-0.08296,-0.00883,-0.06512,0.86722,0,0.01237,-0.00234,-0.06383,0.44434,-0.04353,-0.00390,0.00189,1
2.1474,-0.48958,0.04058,0.01105,-0.00177,-0.01420,0.00923,1.39886,-0.14957,0.01130,0.06441,-0.01299,-0.08404,-0.00876,-0.06528,0.86721,0,0.01237,-0.00234,-0.06383,0.44434,-0.04353,-0.00390,0.00189,1
2.1494,-0.48958,0.04058,0.01102,-0.00175,-0.01341,0.00920,1.39886,-0.14957,0.01130,0.06405,-0.01280,-0.08526,-0.00856,-0.06541,0.86721,0,0.01237,-0.00234,-0.06383,0.44434,-0.04353,-0.00390,0.00189,1
2.1514,-0.48958,0.04058,0.01099,-0.00173,-0.01250,0.00905,1.39886,-0.14957,0.01130,0.06371,-0.01262,-0.08635,-0.00824,-0.06565,0.86716,0,0.01237,-0.00234,-0.06383,0.44434,-0.04353,-0.00390,0.00189,1
2.1534,-0.48958,0.04058,0.01097,-0.00172,-0.01170,0.00878,1.39886,-0.14957,0.01130,0.06338,-0.01243,-0.08731,-0.00778,-0.06578,0.86713,0,0.01237,-0.00234,-0.06383,0.44434,-0.04353,-0.00390,0.00189,1
2.1554,-0.48958,0.04058,0.01095,-0.00170,-0.01103,0.00840,1.39886,-0.14957,0.01130,0.06306,-0.01226,-0.08814,-0.00720,-0.06599,0.86712,0,0.01237,-0.00234,-0.06383,0.44434,-0.04353,-0.00390,0.00189,1
2.1574,-0.48958,0.04058,0.01092,-0.00168,-0.01046,0.00790,1.39886,-0.14957,0.01130,0.06276,-0.01209,-0.08884,-0.00649,-0.06619,0.86711,0,0.01237,-0.00234,-0.06383,0.44434,-0.04353,-0.00390,0.00189,1
2.1594,-0.48958,0.04058,0.01090,-0.00167,-0.01002,0.00728,1.39886,-0.14957,0.01130,0.06247,-0.01193,-0.08942,-0.00565,-0.06637,0.86708,0,0.01237,-0.00234,-0.06383,0.44434,-0.04353,-0.00390,0.00189,1
2.1614,-0.48958,0.04058,0.01088,-0.00165,-0.00969,0.00655,1.39886,-0.14957,0.01130,0.06219,-0.01179,-0.08987,-0.00468,-0.06654,0.86707,0,0.01237,-0.00234,-0.06383,0.44434,-0.04353,-0.00390,0.00189,1
2.1634,-0.48958,0.04058,0.01086,-0.00164,-0.00948,0.00570,1.39886,-0.14957,0.01130,0.06191,-0.01166,-0.09019,-0.00359,-0.06664,0.86709,0,0.01237,-0.00234,-0.06383,0.44434,-0.04353,-0.00390,0.00189,1
2.1654,-0.48958,0.04058,0.01085,-0.00163,-0.00938,0.00474,1.39886,-0.14957,0.01130,0.06163,-0.01156,-0.09038,-0.00237,-0.06684,0.86706,0,0.01237,-0.00234,-0.06383,0.44434,-0.04353,-0.00390,0.00189,1
2.1674,-0.48958,0.04058,0.01083,-0.00162,-0.00940,0.00365,1.39886,-0.14957,0.01130,0.06136,-0.01147,-0.09044,-0.00102,-0.06705,0.86706,0,0.01237,-0.00234,-0.06383,0.44434,-0.04353,-0.00390,0.00189,1
2.1694,-0.48958,0.04058,0.01081,-0.00162,-0.00953,0.00245,1.39886,-0.14957,0.01130,0.06108,-0.01140,-0.09038,0.00021,-0.06728,0.86707,0,0.01237,-0.00234,-0.06383,0.44434,-0.04353,-0.00390,0.00189,1
2.1714,-0.48958,0.04058,0.01079,-0.00161,-0.00978,0.00137,1.39886,-0.14957,0.01130,0.06080,-0.01135,-0.09019,0.00130,-0.06739,0.86707,0,0.01237,-0.00234,-0.06383,0.44434,-0.04353,-0.00390,0.00189,1
2.1734,-0.48958,0.04058,0.01077,-0.00161,-0.01015,0.00041,1.39886,-0.14957,0.01130,0.06052,-0.01133,-0.08987,0.00227,-0.06761,0.86708,0,0.01237,-0.00234,-0.06383,0.44434,-0.04353,-0.00390,0.00189,1
2.1754,-0.48958,0.04058,0.01075,-0.00161,-0.01063,-0.00044,1.39886,-0.14957,0.01130,0.06022,-0.01132,-0.08942,0.00311,-0.06777,0.86710,0,0.01237,-0.00234,-0.06383,0.44434,-0.04353,-0.00390,0.00189,1
2.1774,-0.48958,0.04058,0.01073,-0.00161,-0.01123,-0.00118,1.39886,-0.14957,0.01130,0.05992,-0.01133,-0.08910,0.00382,-0.06793,0.86709,0,0.01237,-0.00234,-0.06383,0.44434,-0.04353,-0.00390,0.00189,1
2.1794,-0.48958,0.04058,0.01070,-0.00161,-0.01171,-0.00179,1.39886,-0.14957,0.01130,0.05960,-0.01136,-0.08891,0.00440,-0.06829,0.86713,0,0.01237,-0.00234,-0.06383,0.44434,-0.04353,-0.00390,0.00189,1
2.1814,-0.48958,0.04058,0.01068,-0.00162,-0.01208,-0.00230,1.39886,-0.14957,0.01130,0.05928,-0.01139,-0.08884,0.00485,-0.06829,0.86713,0,0.01237,-0.00234,-0.06383,0.44434,-0.04353,-0.00390,0.00189,1
2.1834,-0.48958,0.04058,0.01066,-0.00162,-0.01232,-0.00268,1.39886,-0.14957,0.01130,0.05895,-0.01143,-0.08891,0.00518,-0.06850,0.86709,0,0.01237,-0.00234,-0.06383,0.44434,-0.04353,-0.00390,0.00189,1
2.1854,-0.48958,0.04058,0.01063,-0.00163,-0.01246,-0.00295,1.39886,-0.14957,0.01130,0.05861,-0.01148,-0.08910,0.00538,-0.06868,0.86714,0,0.01237,-0.00234,-0.06383,0.44434,-0.04353,-0.00390,0.00189,1
2.1875,-0.48539,0.04082,0.01112,-0.00186,-0.01004,-0.00375,1.40238,-0.14957,0.01130,0.06464,-0.01366,-0.08916,0.00545,-0.06905,0.86714,0,0.01196,-0.00223,-0.06495,0.44340,-0.04208,-0.00301,0.00068,1
2.1895,-0.48539,0.04082,0.01110,-0.00187,-0.01018,-0.00378,1.40238,-0.14957,0.01130,0.06436,-0.01372,-0.08910,0.00539,-0.06905,0.86714,0,0.01196,-0.00223,-0.06495,0.44340,-0.04208,-0.00301,0.00068,1
2.1915,-0.48539,0.04082,0.01108,-0.00187,-0.01044,-0.00369,1.40238,-0.14957,0.01130,0.06406,-0.01379,-0.08891,0.00521,-0.06923,0.86714,0,0.01196,-0.00223,-0.06495,0.44340,-0.04208,-0.00301,0.00068,1
2.1935,-0.48539,0.04082,0.01106,-0.00188,-0.01081,-0.00349,1.40238,-0.14957,0.01130,0.06376,-0.01385,-0.08859,0.00489,-0.06944,0.86715,0,0.01196,-0.00223,-0.06495,0.44340,-0.04208,-0.00301,0.00068,1
2.1955,-0.48539,0.04082,0.01104,-0.00189,-0.01130,-0.00317,1.40238,-0.14957,0.01130,0.06346,-0.01391,-0.08814,0.00445,-0.06959,0.86717,0,0.01196,-0.00223,-0.06495,0.44340,-0.04208,-0.00301,0.00068,1
2.1975,-0.48539,0.04082,0.01102,-0.00189,-0.01190,-0.00274,1.40238,-0.14957,0.01130,0.06314,-0.01396,-0.08756,0.00388,-0.06984,0.86716,0,0.01196,-0.00223,-0.06495,0.44340,-0.04208,-0.00301,0.00068,1
2.1995,-0.48539,0.04082,0.01099,-0.00190,-0.01262,-0.00218,1.40238,-0.14957,0.01130,0.06281,-0.01401,-0.08686,0.00318,-0.06998,0.86718,0,0.01196,-0.00223,-0.06495,0.44340,-0.04208,-0.00301,0.00068,1
2.2015,-0.48539,0.04082,0.01097,-0.00190,-0.01346,-0.00152,1.40238,-0.14957,0.01130,0.06246,-0.01403,-0.08628,0.00236,-0.07014,0.86717,0,0.01196,-0.00223,-0.06495,0.44340,-0.04208,-0.00301,0.00068,1
2.2035,-0.48539,0.04082,0.01094,-0.00190,-0.01418,-0.00073,1.40238,-0.14957,0.01130,0.06210,-0.01405,-0.08584,0.00141,-0.07038,0.86720,0,0.01196,-0.00223,-0.06495,0.44340,-0.04208,-0.00301,0.00068,1
2.2055,-0.48539,0.04082,0.01091,-0.00190,-0.01478,0.00017,1.40238,-0.14957,0.01130,0.06172,-0.01405,-0.08552,0.00032,-0.07053,0.86720,0,0.01196,-0.00223,-0.06495,0.44340,-0.04208,-0.00301,0.00068,1
2.2075,-0.48539,0.04082,0.01088,-0.00190,-0.01526,0.00119,1.40238,-0.14957,0.01130,0.06134,-0.01403,-0.08532,-0.00089,-0.07069,0.86722,0,0.01196,-0.00223,-0.06495,0.44340,-0.04208,-0.00301,0.00068,1
2.2095,-0.48539,0.04082,0.01085,-0.00190,-0.01563,0.00232,1.40238,-0.14957,0.01130,0.06095,-0.01399,-0.08526,-0.00222,-0.07085,0.86719,0,0.01196,-0.00223,-0.06495,0.44340,-0.04208,-0.00301,0.00068,1
2.2115,-0.48539,0.04082,0.01082,-0.00189,-0.01588,0.00357,1.40238,-0.14957,0.01130,0.06055,-0.01392,-0.08532,-0.00343,-0.07104,0.86719,0,0.01196,-0.00223,-0.06495,0.44340,-0.04208,-0.00301,0.00068,1
2.2135,-0.48539,0.04082,0.01079,-0.00189,-0.01602,0.00470,1.40238,-0.14957,0.01130,0.06014,-0.01383,-0.08552,-0.00451,-0.07138,0.86716,0,0.01196,-0.00223,-0.06495,0.44340,-0.04208,-0.00301,0.00068,1
2.2155,-0.48539,0.04082,0.01075,-0.00188,-0.01603,0.00572,1.40238,-0.14957,0.01130,0.05974,-0.01373,-0.08584,-0.00547,-0.07159,0.86716,0,0.01196,-0.00223,-0.06495,0.44340,-0.04208,-0.00301,0.00068,1
2.2175,-0.48539,0.04082,0.01072,-0.00186,-0.01593,0.00662,1.40238,-0.14957,0.01130,0.05933,-0.01360,-0.08628,-0.00629,-0.07172,0.86714,0,0.01196,-0.00223,-0.06495,0.44340,-0.04208,-0.00301,0.00068,1
2.2195,-0.48539,0.04082,0.01069,-0.00185,-0.01572,0.00740,1.40238,-0.14957,0.01130,0.05893,-0.01345,-0.08686,-0.00699,-0.07172,0.86714,0,0.01196,-0.00223,-0.06495,0.44340,-0.04208,-0.00301,0.00068,1
2.2215,-0.48539,0.04082,0.01066,-0.00183,-0.01538,0.00807,1.40238,-0.14957,0.01130,0.05853,-0.01329,-0.08756,-0.00756,-0.07209,0.86713,0,0.01196,-0.00223,-0.06495,0.44340,-0.04208,-0.00301,0.00068,1
2.2235,-0.48539,0.04082,0.01063,-0.00182,-0.01493,0.00862,1.40238,-0.14957,0.01130,0.05815,-0.01312,-0.08840,-0.00800,-0.07209,0.86713,0,0.01196,-0.00223,-0.06495,0.44340,-0.04208,-0.00301,0.00068,1
2.2256,-0.48539,0.04082,0.01060,-0.00180,-0.01436,0.00905,1.40238,-0.14957,0.01130,0.05777,-0.01294,-0.08936,-0.00831,-0.07245,0.86709,0,0.01196,-0.00223,-0.06495,0.44340,-0.04208,-0.00301,0.00068,1
2.2275,-0.48539,0.04082,0.01057,-0.00178,-0.01368,0.00937,1.40238,-0.14957,0.01130,0.05740,-0.01275,-0.09044,-0.00850,-0.07245,0.86709,0,0.01196,-0.00223,-0.06495,0.44340,-0.04208,-0.00301,0.00068,1
2.2296,-0.48539,0.04082,0.01054,-0.00176,-0.01288,0.00957,1.40238,-0.14957,0.01130,0.05705,-0.01256,-0.09166,-0.00856,-0.07281,0.86703,0,0.01196,-0.00223,-0.06495,0.44340,-0.04208,-0.00301,0.00068,1
2.2316,-0.48539,0.04082,0.01052,-0.00174,-0.01196,0.00965,1.40238,-0.14957,0.01130,0.05671,-0.01236,-0.09286,-0.00849,-0.07292,0.86700,0,0.01196,-0.00223,-0.06495,0.44340,-0.04208,-0.00301,0.00068,1
2.2336,-0.48539,0.04082,0.01050,-0.00172,-0.01106,0.00962,1.40238,-0.14957,0.01130,0.05640,-0.01217,-0.09393,-0.00829,-0.07314,0.86700,0,0.01196,-0.00223,-0.06495,0.44340,-0.04208,-0.00301,0.00068,1
2.2356,-0.48539,0.04082,0.01048,-0.00170,-0.01027,0.00947,1.40238,-0.14957,0.01130,0.05610,-0.01197,-0.09487,-0.00796,-0.07314,0.86700,0,0.01196,-0.00223,-0.06495,0.44340,-0.04208,-0.00301,0.00068,1
2.2376,-0.48539,0.04082,0.01046,-0.00169,-0.00960,0.00920,1.40238,-0.14957,0.01130,0.05581,-0.01178,-0.09569,-0.00751,-0.07351,0.86694,0,0.01196,-0.00223,-0.06495,0.44340,-0.04208,-0.00301,0.00068,1
2.2396,-0.48539,0.04082,0.01044,-0.00167,-0.00905,0.00882,1.40238,-0.14957,0.01130,0.05554,-0.01160,-0.09637,-0.00692,-0.07366,0.86693,0,0.01196,-0.00223,-0.06495,0.44340,-0.04208,-0.00301,0.00068,1
2.2416,-0.48539,0.04082,0.01042,-0.00165,-0.00861,0.00832,1.40238,-0.14957,0.01130,0.05527,-0.01142,-0.09693,-0.00621,-0.07391,0.86692,0,0.01196,-0.00223,-0.06495,0.44340,-0.04208,-0.00301,0.00068,1
2.2436,-0.48539,0.04082,0.01040,-0.00163,-0.00829,0.00770,1.40238,-0.14957,0.01130,0.05502,-0.01126,-0.09736,-0.00538,-0.07414,0.86689,0,0.01196,-0.00223,-0.06495,0.44340,-0.04208,-0.00301,0.00068,1
2.2456,-0.48539,0.04082,0.01039,-0.00162,-0.00808,0.00697,1.40238,-0.14957,0.01130,0.05477,-0.01111,-0.09767,-0.00441,-0.07430,0.86692,0,0.01196,-0.00223,-0.06495,0.44340,-0.04208,-0.00301,0.00068,1
2.2476,-0.48539,0.04082,0.01037,-0.00161,-0.00799,0.00612,1.40238,-0.14957,0.01130,0.05452,-0.01097,-0.09784,-0.00331,-0.07450,0.86689,0,0.01196,-0.00223,-0.06495,0.44340,-0.04208,-0.00301,0.00068,1
2.2496,-0.48539,0.04082,0.01035,-0.00160,-0.00802,0.00515,1.40238,-0.14957,0.01130,0.05427,-0.01085,-0.09789,-0.00209,-0.07461,0.86692,0,0.01196,-0.00223,-0.06495,0.44340,-0.04208,-0.00301,0.00068,1
2.2516,-0.48539,0.04082,0.01034,-0.00159,-0.00816,0.00407,1.40238,-0.14957,0.01130,0.05402,-0.01076,-0.09781,-0.00074,-0.07484,0.86691,0,0.01196,-0.00223,-0.06495,0.44340,-0.04208,-0.00301,0.00068,1
2.2536,-0.48539,0.04082,0.01032,-0.00158,-0.00842,0.00287,1.40238,-0.14957,0.01130,0.05377,-0.01068,-0.09760,0.00062,-0.07498,0.86689,0,0.01196,-0.00223,-0.06495,0.44340,-0.04208,-0.00301,0.00068,1
2.2556,-0.48038,0.04069,0.01068,-0.00113,-0.00716,0.00536,1.40372,-0.14957,0.01130,0.05874,-0.00626,-0.09726,0.00210,-0.07515,0.86693,0,0.01152,-0.00115,-0.06495,0.44340,-0.04208,-0.00301,0.00068,1
2.2576,-0.48038,0.04069,0.01067,-0.00112,-0.00766,0.00403,1.40372,-0.14957,0.01130,0.05850,-0.00616,-0.09679,0.00370,-0.07515,0.86693,0,0.01152,-0.00115,-0.06495,0.44340,-0.04208,-0.00301,0.00068,1
2.2597,-0.48038,0.04069,0.01065,-0.00111,-0.00827,0.00259,1.40372,-0.14957,0.01130,0.05826,-0.00609,-0.09620,0.00521,-0.07551,0.86695,0,0.01152,-0.00115,-0.06495,0.44340,-0.04208,-0.00301,0.00068,1
2.2617,-0.48038,0.04069,0.01063,-0.00111,-0.00900,0.00124,1.40372,-0.14957,0.01130,0.05800,-0.00604,-0.09548,0.00659,-0.07551,0.86695,0,0.01152,-0.00115,-0.06495,0.44340,-0.04208,-0.00301,0.00068,1
2.2637,-0.48038,0.04069,0.01062,-0.00111,-0.00985,0.00001,1.40372,-0.14957,0.01130,0.05772,-0.00603,-0.09463,0.00784,-0.07589,0.86698,0,0.01152,-0.00115,-0.06495,0.44340,-0.04208,-0.00301,0.00068,1
2.2657,-0.48038,0.04069,0.01059,-0.00111,-0.01081,-0.00111,1.40372,-0.14957,0.01130,0.05743,-0.00603,-0.09365,0.00896,-0.07604,0.86701,0,0.01152,-0.00115,-0.06495,0.44340,-0.04208,-0.00301,0.00068,1
2.2677,-0.48038,0.04069,0.01057,-0.00111,-0.01189,-0.00211,1.40372,-0.14957,0.01130,0.05711,-0.00605,-0.09255,0.00996,-0.07623,0.86705,0,0.01152,-0.00115,-0.06495,0.44340,-0.04208,-0.00301,0.00068,1
2.2697,-0.48038,0.04069,0.01055,-0.00111,-0.01308,-0.00300,1.40372,-0.14957,0.01130,0.05678,-0.00610,-0.09157,0.01083,-0.07642,0.86707,0,0.01152,-0.00115,-0.06495,0.44340,-0.04208,-0.00301,0.00068,1
2.2717,-0.48038,0.04069,0.01052,-0.00112,-0.01415,-0.00377,1.40372,-0.14957,0.01130,0.05642,-0.00616,-0.09072,0.01157,-0.07655,0.86709,0,0.01152,-0.00115,-0.06495,0.44340,-0.04208,-0.00301,0.00068,1
2.2737,-0.48038,0.04069,0.01049,-0.00113,-0.01511,-0.00442,1.40372,-0.14957,0.01130,0.05604,-0.00623,-0.09000,0.01218,-0.07676,0.86714,0,0.01152,-0.00115,-0.06495,0.44340,-0.04208,-0.00301,0.00068,1
2.2757,-0.48038,0.04069,0.01046,-0.00114,-0.01596,-0.00495,1.40372,-0.14957,0.01130,0.05565,-0.00632,-0.08940,0.01266,-0.07696,0.86718,0,0.01152,-0.00115,-0.06495,0.44340,-0.04208,-0.00301,0.00068,1
2.2777,-0.48038,0.04069,0.01043,-0.00115,-0.01668,-0.00537,1.40372,-0.14957,0.01130,0.05524,-0.00641,-0.08894,0.01302,-0.07714,0.86716,0,0.01152,-0.00115,-0.06495,0.44340,-0.04208,-0.00301,0.00068,1
2.2797,-0.48038,0.04069,0.01039,-0.00116,-0.01729,-0.00568,1.40372,-0.14957,0.01130,0.05481,-0.00651,-0.08860,0.01324,-0.07729,0.86713,0,0.01152,-0.00115,-0.06495,0.44340,-0.04208,-0.00301,0.00068,1
2.2817,-0.48038,0.04069,0.01036,-0.00117,-0.01778,-0.00586,1.40372,-0.14957,0.01130,0.05438,-0.00662,-0.08839,0.01334,-0.07750,0.86722,0,0.01152,-0.00115,-0.06495,0.44340,-0.04208,-0.00301,0.00068,1
2.2837,-0.48038,0.04069,0.01032,-0.00118,-0.01815,-0.00593,1.40372,-0.14957,0.01130,0.05393,-0.00673,-0.08831,0.01331,-0.07770,0.86720,0,0.01152,-0.00115,-0.06495,0.44340,-0.04208,-0.00301,0.00068,1
2.2857,-0.48038,0.04069,0.01029,-0.00120,-0.01841,-0.00588,1.40372,-0.14957,0.01130,0.05349,-0.00684,-0.08836,0.01316,-0.07789,0.86725,0,0.01152,-0.00115,-0.06495,0.44340,-0.04208,-0.00301,0.00068,1
2.2877,-0.48038,0.04069,0.01025,-0.00121,-0.01855,-0.00572,1.40372,-0.14957,0.01130,0.05303,-0.00695,-0.08853,0.01287,-0.07806,0.86727,0,0.01152,-0.00115,-0.06495,0.44340,-0.04208,-0.00301,0.00068,1
2.2897,-0.48038,0.04069,0.01021,-0.00122,-0.01858,-0.00544,1.40372,-0.14957,0.01130,0.05258,-0.00705,-0.08883,0.01246,-0.07828,0.86729,0,0.01152,-0.00115,-0.06495,0.44340,-0.04208,-0.00301,0.00068,1
2.2917,-0.48038,0.04069,0.01017,-0.00123,-0.01848,-0.00504,1.40372,-0.14957,0.01130,0.05212,-0.00715,-0.08926,0.01192,-0.07851,0.86731,0,0.01152,-0.00115,-0.06495,0.44340,-0.04208,-0.00301,0.00068,1
2.2937,-0.48038,0.04069,0.01014,-0.00124,-0.01827,-0.00453,1.40372,-0.14957,0.01130,0.05167,-0.00723,-0.08982,0.01125,-0.07875,0.86732,0,0.01152,-0.00115,-0.06495,0.44340,-0.04208,-0.00301,0.00068,1
2.2957,-0.48038,0.04069,0.01010,-0.00125,-0.01794,-0.00390,1.40372,-0.14957,0.01130,0.05122,-0.00731,-0.09051,0.01046,-0.07895,0.86733,0,0.01152,-0.00115,-0.06495,0.44340,-0.04208,-0.00301,0.00068,1
2.2977,-0.48038,0.04069,0.01007,-0.00125,-0.01750,-0.00315,1.40372,-0.14957,0.01130,0.05078,-0.00737,-0.09132,0.00953,-0.07914,0.86737,0,0.01152,-0.00115,-0.06495,0.44340,-0.04208,-0.00301,0.00068,1
2.2997,-0.48038,0.04069,0.01003,-0.00126,-0.01694,-0.00229,1.40372,-0.14957,0.01130,0.05036,-0.00742,-0.09227,0.00848,-0.07930,0.86738,0,0.01152,-0.00115,-0.06495,0.44340,-0.04208,-0.00301,0.00068,1
2.3017,-0.48038,0.04069,0.01000,-0.00126,-0.01626,-0.00131,1.40372,-0.14957,0.01130,0.04994,-0.00745,-0.09334,0.00730,-0.07950,0.86740,0,0.01152,-0.00115,-0.06495,0.44340,-0.04208,-0.00301,0.00068,1
2.3037,-0.48038,0.04069,0.00997,-0.00126,-0.01546,-0.00021,1.40372,-0.14957,0.01130,0.04954,-0.00746,-0.09454,0.00599,-0.07970,0.86738,0,0.01152,-0.00115,-0.06495,0.44340,-0.04208,-0.00301,0.00068,1
2.3057,-0.48038,0.04069,0.00994,-0.00126,-0.01455,0.00100,1.40372,-0.14957,0.01130,0.04915,-0.00744,-0.09586,0.00455,-0.07987,0.86744,0,0.01152,-0.00115,-0.06495,0.44340,-0.04208,-0.00301,0.00068,1
2.3077,-0.48038,0.04069,0.00991,-0.00126,-0.01352,0.00233,1.40372,-0.14957,0.01130,0.04879,-0.00740,-0.09732,0.00324,-0.08015,0.86742,0,0.01152,-0.00115,-0.06495,0.44340,-0.04208,-0.00301,0.00068,1
2.3097,-0.48038,0.04069,0.00988,-0.00125,-0.01237,0.00354,1.40372,-0.14957,0.01130,0.04844,-0.00734,-0.09890,0.00206,-0.08033,0.86743,0,0.01152,-0.00115,-0.06495,0.44340,-0.04208,-0.00301,0.00068,1
2.3117,-0.48038,0.04069,0.00986,-0.00125,-0.01111,0.00464,1.40372,-0.14957,0.01130,0.04812,-0.00725,-0.10050,0.00101,-0.08054,0.86742,0,0.01152,-0.00115,-0.06495,0.44340,-0.04208,-0.00301,0.00068,1
2.3137,-0.48038,0.04069,0.00984,-0.00124,-0.00983,0.00561,1.40372,-0.14957,0.01130,0.04783,-0.00714,-0.10197,0.00009,-0.08075,0.86741,0,0.01152,-0.00115,-0.06495,0.44340,-0.04208,-0.00301,0.00068,1
2.3157,-0.48038,0.04069,0.00982,-0.00122,-0.00867,0.00648,1.40372,-0.14957,0.01130,0.04755,-0.00702,-0.10332,-0.00071,-0.08091,0.86739,0,0.01152,-0.00115,-0.06495,0.44340,-0.04208,-0.00301,0.00068,1
2.3177,-0.48038,0.04069,0.00980,-0.00121,-0.00762,0.00722,1.40372,-0.14957,0.01130,0.04730,-0.00687,-0.10453,-0.00138,-0.08112,0.86740,0,0.01152,-0.00115,-0.06495,0.44340,-0.04208,-0.00301,0.00068,1
2.3197,-0.48038,0.04069,0.00979,-0.00120,-0.00669,0.00785,1.40372,-0.14957,0.01130,0.04707,-0.00672,-0.10562,-0.00192,-0.08131,0.86738,0,0.01152,-0.00115,-0.06495,0.44340,-0.04208,-0.00301,0.00068,1
2.3217,-0.48038,0.04069,0.00978,-0.00118,-0.00588,0.00836,1.40372,-0.14957,0.01130,0.04686,-0.00655,-0.10658,-0.00233,-0.08150,0.86739,0,0.01152,-0.00115,-0.06495,0.44340,-0.04208,-0.00301,0.00068,1
2.3237,-0.47402,0.04046,0.00966,-0.00093,-0.00648,0.00920,1.39768,-0.14957,0.01130,0.04749,-0.00420,-0.10741,-0.00262,-0.08174,0.86740,0,0.01019,-0.00071,-0.05498,0.44297,-0.05287,-0.00404,0.00054,1
2.3257,-0.47402,0.04046,0.00964,-0.00091,-0.00589,0.00948,1.39768,-0.14957,0.01130,0.04728,-0.00401,-0.10812,-0.00277,-0.08196,0.86740,0,0.01019,-0.00071,-0.05498,0.44297,-0.05287,-0.00404,0.00054,1
2.3277,-0.47402,0.04046,0.00963,-0.00090,-0.00542,0.00964,1.39768,-0.14957,0.01130,0.04708,-0.00381,-0.10869,-0.00280,-0.08212,0.86740,0,0.01019,-0.00071,-0.05498,0.44297,-0.05287,-0.00404,0.00054,1
2.3297,-0.47402,0.04046,0.00962,-0.00088,-0.00507,0.00968,1.39768,-0.14957,0.01130,0.04689,-0.00361,-0.10914,-0.00270,-0.08233,0.86740,0,0.01019,-0.00071,-0.05498,0.44297,-0.05287,-0.00404,0.00054,1
2.3318,-0.47402,0.04046,0.00961,-0.00086,-0.00484,0.00960,1.39768,-0.14957,0.01130,0.04670,-0.00342,-0.10946,-0.00248,-0.08256,0.86738,0,0.01019,-0.00071,-0.05498,0.44297,-0.05287,-0.00404,0.00054,1
2.3338,-0.47402,0.04046,0.00960,-0.00084,-0.00472,0.00941,1.39768,-0.14957,0.01130,0.04652,-0.00322,-0.10965,-0.00212,-0.08278,0.86739,0,0.01019,-0.00071,-0.05498,0.44297,-0.05287,-0.00404,0.00054,1
2.3358,-0.47402,0.04046,0.00959,-0.00082,-0.00471,0.00910,1.39768,-0.14957,0.01130,0.04633,-0.00304,-0.10972,-0.00164,-0.08294,0.86740,0,0.01019,-0.00071,-0.05498,0.44297,-0.05287,-0.00404,0.00054,1
2.3378,-0.47402,0.04046,0.00958,-0.00080,-0.00483,0.00868,1.39768,-0.14957,0.01130,0.04615,-0.00285,-0.10965,-0.00103,-0.08315,0.86740,0,0.01019,-0.00071,-0.05498,0.44297,-0.05287,-0.00404,0.00054,1
2.3398,-0.47402,0.04046,0.00957,-0.00078,-0.00505,0.00814,1.39768,-0.14957,0.01130,0.04596,-0.00268,-0.10946,-0.00029,-0.08333,0.86738,0,0.01019,-0.00071,-0.05498,0.44297,-0.05287,-0.00404,0.00054,1
2.3418,-0.47402,0.04046,0.00956,-0.00077,-0.00540,0.00748,1.39768,-0.14957,0.01130,0.04577,-0.00252,-0.10914,0.00058,-0.08352,0.86742,0,0.01019,-0.00071,-0.05498,0.44297,-0.05287,-0.00404,0.00054,1
2.3438,-0.47402,0.04046,0.00955,-0.00075,-0.00586,0.00670,1.39768,-0.14957,0.01130,0.04557,-0.00237,-0.10869,0.00158,-0.08365,0.86743,0,0.01019,-0.00071,-0.05498,0.44297,-0.05287,-0.00404,0.00054,1
2.3458,-0.47402,0.04046,0.00954,-0.00074,-0.00644,0.00581,1.39768,-0.14957,0.01130,0.04536,-0.00224,-0.10812,0.00270,-0.08391,0.86742,0,0.01019,-0.00071,-0.05498,0.44297,-0.05287,-0.00404,0.00054,1
2.3478,-0.47402,0.04046,0.00953,-0.00073,-0.00713,0.00480,1.39768,-0.14957,0.01130,0.04514,-0.00213,-0.10741,0.00395,-0.08413,0.86746,0,0.01019,-0.00071,-0.05498,0.44297,-0.05287,-0.00404,0.00054,1
2.3498,-0.47402,0.04046,0.00951,-0.00072,-0.00794,0.00368,1.39768,-0.14957,0.01130,0.04490,-0.00204,-0.10658,0.00533,-0.08427,0.86746,0,0.01019,-0.00071,-0.05498,0.44297,-0.05287,-0.00404,0.00054,1
2.3518,-0.47402,0.04046,0.00949,-0.00072,-0.00887,0.00244,1.39768,-0.14957,0.01130,0.04464,-0.00198,-0.10562,0.00684,-0.08450,0.86747,0,0.01019,-0.00071,-0.05498,0.44297,-0.05287,-0.00404,0.00054,1
2.3538,-0.47402,0.04046,0.00948,-0.00071,-0.00991,0.00108,1.39768,-0.14957,0.01130,0.04437,-0.00193,-0.10479,0.00844,-0.08465,0.86749,0,0.01019,-0.00071,-0.05498,0.44297,-0.05287,-0.00404,0.00054,1
2.3558,-0.47402,0.04046,0.00945,-0.00071,-0.01083,-0.00036,1.39768,-0.14957,0.01130,0.04407,-0.00192,-0.10408,0.00991,-0.08489,0.86751,0,0.01019,-0.00071,-0.05498,0.44297,-0.05287,-0.00404,0.00054,1
2.3578,-0.47402,0.04046,0.00943,-0.00071,-0.01164,-0.00169,1.39768,-0.14957,0.01130,0.04376,-0.00193,-0.10351,0.01125,-0.08507,0.86757,0,0.01019,-0.00071,-0.05498,0.44297,-0.05287,-0.00404,0.00054,1
2.3598,-0.47402,0.04046,0.00941,-0.00072,-0.01233,-0.00290,1.39768,-0.14957,0.01130,0.04344,-0.00197,-0.10306,0.01247,-0.08527,0.86755,0,0.01019,-0.00071,-0.05498,0.44297,-0.05287,-0.00404,0.00054,1
2.3618,-0.47402,0.04046,0.00938,-0.00073,-0.01291,-0.00399,1.39768,-0.14957,0.01130,0.04310,-0.00203,-0.10274,0.01356,-0.08543,0.86762,0,0.01019,-0.00071,-0.05498,0.44297,-0.05287,-0.00404,0.00054,1
2.3638,-0.47402,0.04046,0.00936,-0.00074,-0.01337,-0.00497,1.39768,-0.14957,0.01130,0.04275,-0.00211,-0.10255,0.01452,-0.08566,0.86764,0,0.01019,-0.00071,-0.05498,0.44297,-0.05287,-0.00404,0.00054,1
2.3658,-0.47402,0.04046,0.00933,-0.00075,-0.01371,-0.00582,1.39768,-0.14957,0.01130,0.04239,-0.00221,-0.10248,0.01535,-0.08588,0.86768,0,0.01019,-0.00071,-0.05498,0.44297,-0.05287,-0.00404,0.00054,1
2.3678,-0.47402,0.04046,0.00930,-0.00076,-0.01393,-0.00657,1.39768,-0.14957,0.01130,0.04203,-0.00233,-0.10255,0.01605,-0.08604,0.86773,0,0.01019,-0.00071,-0.05498,0.44297,-0.05287,-0.00404,0.00054,1
2.3698,-0.47402,0.04046,0.00927,-0.00077,-0.01404,-0.00719,1.39768,-0.14957,0.01130,0.04167,-0.00246,-0.10274,0.01663,-0.08630,0.86776,0,0.01019,-0.00071,-0.05498,0.44297,-0.05287,-0.00404,0.00054,1
2.3718,-0.47402,0.04046,0.00925,-0.00079,-0.01403,-0.00770,1.39768,-0.14957,0.01130,0.04130,-0.00260,-0.10306,0.01708,-0.08655,0.86781,0,0.01019,-0.00071,-0.05498,0.44297,-0.05287,-0.00404,0.00054,1
2.3738,-0.47402,0.04046,0.00922,-0.00080,-0.01390,-0.00810,1.39768,-0.14957,0.01130,0.04094,-0.00275,-0.10351,0.01740,-0.08679,0.86785,0,0.01019,-0.00071,-0.05498,0.44297,-0.05287,-0.00404,0.00054,1
2.3758,-0.47402,0.04046,0.00919,-0.00082,-0.01366,-0.00837,1.39768,-0.14957,0.01130,0.04057,-0.00290,-0.10408,0.01759,-0.08699,0.86786,0,0.01019,-0.00071,-0.05498,0.44297,-0.05287,-0.00404,0.00054,1
2.3778,-0.47402,0.04046,0.00916,-0.00084,-0.01330,-0.00853,1.39768,-0.14957,0.01130,0.04022,-0.00306,-0.10479,0.01765,-0.08724,0.86788,0,0.01019,-0.00071,-0.05498,0.44297,-0.05287,-0.00404,0.00054,1
2.3798,-0.47402,0.04046,0.00914,-0.00085,-0.01282,-0.00857,1.39768,-0.14957,0.01130,0.03987,-0.00322,-0.10562,0.01759,-0.08745,0.86793,0,0.01019,-0.00071,-0.05498,0.44297,-0.05287,-0.00404,0.00054,1
2.3818,-0.47402,0.04046,0.00911,-0.00087,-0.01223,-0.00850,1.39768,-0.14957,0.01130,0.03954,-0.00338,-0.10658,0.01740,-0.08771,0.86794,0,0.01019,-0.00071,-0.05498,0.44297,-0.05287,-0.00404,0.00054,1
2.3838,-0.47402,0.04046,0.00909,-0.00089,-0.01152,-0.00831,1.39768,-0.14957,0.01130,0.03921,-0.00354,-0.10767,0.01708,-0.08798,0.86795,0,0.01019,-0.00071,-0.05498,0.44297,-0.05287,-0.00404,0.00054,1
2.3858,-0.46840,0.04049,0.00890,-0.00054,-0.01262,-0.00791,1.39944,-0.14957,0.01130,0.03896,-0.00013,-0.10888,0.01663,-0.08816,0.86798,0,0.00925,-0.00004,-0.05074,0.44212,-0.05732,-0.00394,0.00191,1
2.3878,-0.46840,0.04049,0.00888,-0.00056,-0.01167,-0.00749,1.39944,-0.14957,0.01130,0.03863,-0.00028,-0.11023,0.01605,-0.08840,0.86806,0,0.00925,-0.00004,-0.05074,0.44212,-0.05732,-0.00394,0.00191,1
2.3898,-0.46840,0.04049,0.00885,-0.00057,-0.01061,-0.00696,1.39944,-0.14957,0.01130,0.03832,-0.00041,-0.11144,0.01535,-0.08866,0.86806,0,0.00925,-0.00004,-0.05074,0.44212,-0.05732,-0.00394,0.00191,1
2.3918,-0.46840,0.04049,0.00883,-0.00059,-0.00966,-0.00631,1.39944,-0.14957,0.01130,0.03804,-0.00054,-0.11253,0.01452,-0.08891,0.86808,0,0.00925,-0.00004,-0.05074,0.44212,-0.05732,-0.00394,0.00191,1
2.3939,-0.46840,0.04049,0.00882,-0.00060,-0.00883,-0.00554,1.39944,-0.14957,0.01130,0.03776,-0.00065,-0.11349,0.01356,-0.08910,0.86811,0,0.00925,-0.00004,-0.05074,0.44212,-0.05732,-0.00394,0.00191,1
2.3959,-0.46840,0.04049,0.00880,-0.00061,-0.00811,-0.00466,1.39944,-0.14957,0.01130,0.03751,-0.00074,-0.11432,0.01247,-0.08936,0.86811,0,0.00925,-0.00004,-0.05074,0.44212,-0.05732,-0.00394,0.00191,1
2.3979,-0.46840,0.04049,0.00878,-0.00062,-0.00751,-0.00366,1.39944,-0.14957,0.01130,0.03726,-0.00082,-0.11503,0.01125,-0.08959,0.86810,0,0.00925,-0.00004,-0.05074,0.44212,-0.05732,-0.00394,0.00191,1
2.3999,-0.46840,0.04049,0.00877,-0.00062,-0.00703,-0.00254,1.39944,-0.14957,0.01130,0.03703,-0.00087,-0.11560,0.01017,-0.08985,0.86814,0,0.00925,-0.00004,-0.05074,0.44212,-0.05732,-0.00394,0.00191,1
2.4019,-0.46840,0.04049,0.00876,-0.00063,-0.00666,-0.00154,1.39944,-0.14957,0.01130,0.03681,-0.00090,-0.11605,0.00921,-0.09003,0.86814,0,0.00925,-0.00004,-0.05074,0.44212,-0.05732,-0.00394,0.00191,1
2.4039,-0.46840,0.04049,0.00874,-0.00063,-0.00641,-0.00066,1.39944,-0.14957,0.01130,0.03659,-0.00092,-0.11637,0.00837,-0.09030,0.86815,0,0.00925,-0.00004,-0.05074,0.44212,-0.05732,-0.00394,0.00191,1
2.4059,-0.46840,0.04049,0.00873,-0.00063,-0.00627,0.00011,1.39944,-0.14957,0.01130,0.03637,-0.00092,-0.11656,0.00767,-0.09046,0.86817,0,0.00925,-0.00004,-0.05074,0.44212,-0.05732,-0.00394,0.00191,1
2.4079,-0.46840,0.04049,0.00872,-0.00063,-0.00625,0.00076,1.39944,-0.14957,0.01130,0.03616,-0.00090,-0.11663,0.00709,-0.09073,0.86817,0,0.00925,-0.00004,-0.05074,0.44212,-0.05732,-0.00394,0.00191,1
2.4099,-0.46840,0.04049,0.00870,-0.00063,-0.00635,0.00130,1.39944,-0.14957,0.01130,0.03595,-0.00087,-0.11656,0.00665,-0.09097,0.86817,0,0.00925,-0.00004,-0.05074,0.44212,-0.05732,-0.00394,0.00191,1
2.4119,-0.46840,0.04049,0.00869,-0.00062,-0.00656,0.00171,1.39944,-0.14957,0.01130,0.03573,-0.00084,-0.11637,0.00633,-0.09113,0.86820,0,0.00925,-0.00004,-0.05074,0.44212,-0.05732,-0.00394,0.00191,1
2.4139,-0.46840,0.04049,0.00868,-0.00062,-0.00689,0.00202,1.39944,-0.14957,0.01130,0.03551,-0.00079,-0.11605,0.00613,-0.09135,0.86817,0,0.00925,-0.00004,-0.05074,0.44212,-0.05732,-0.00394,0.00191,1
2.4159,-0.46840,0.04049,0.00866,-0.00062,-0.00734,0.00220,1.39944,-0.14957,0.01130,0.03528,-0.00075,-0.11560,0.00607,-0.09157,0.86819,0,0.00925,-0.00004,-0.05074,0.44212,-0.05732,-0.00394,0.00191,1
2.4179,-0.46840,0.04049,0.00865,-0.00061,-0.00790,0.00227,1.39944,-0.14957,0.01130,0.03504,-0.00069,-0.11503,0.00613,-0.09175,0.86823,0,0.00925,-0.00004,-0.05074,0.44212,-0.05732,-0.00394,0.00191,1
2.4199,-0.46840,0.04049,0.00863,-0.00061,-0.00858,0.00222,1.39944,-0.14957,0.01130,0.03478,-0.00064,-0.11458,0.00633,-0.09201,0.86824,0,0.00925,-0.00004,-0.05074,0.44212,-0.05732,-0.00394,0.00191,1
2.4219,-0.46840,0.04049,0.00861,-0.00060,-0.00914,0.00206,1.39944,-0.14957,0.01130,0.03452,-0.00059,-0.11426,0.00665,-0.09220,0.86822,0,0.00925,-0.00004,-0.05074,0.44212,-0.05732,-0.00394,0.00191,1
2.4240,-0.46840,0.04049,0.00860,-0.00060,-0.00958,0.00178,1.39944,-0.14957,0.01130,0.03424,-0.00055,-0.11407,0.00709,-0.09240,0.86827,0,0.00925,-0.00004,-0.05074,0.44212,-0.05732,-0.00394,0.00191,1
2.4260,-0.46840,0.04049,0.00858,-0.00059,-0.00991,0.00138,1.39944,-0.14957,0.01130,0.03396,-0.00051,-0.11400,0.00767,-0.09259,0.86830,0,0.00925,-0.00004,-0.05074,0.44212,-0.05732,-0.00394,0.00191,1
2.4280,-0.46840,0.04049,0.00856,-0.00059,-0.01012,0.00087,1.39944,-0.14957,0.01130,0.03368,-0.00048,-0.11407,0.00837,-0.09282,0.86825,0,0.00925,-0.00004,-0.05074,0.44212,-0.05732,-0.00394,0.00191,1
2.4300,-0.46840,0.04049,0.00854,-0.00059,-0.01021,0.00024,1.39944,-0.14957,0.01130,0.03339,-0.00047,-0.11426,0.00921,-0.09304,0.86828,0,0.00925,-0.00004,-0.05074,0.44212,-0.05732,-0.00394,0.00191,1
2.4320,-0.46840,0.04049,0.00852,-0.00059,-0.01019,-0.00051,1.39944,-0.14957,0.01130,0.03310,-0.00046,-0.11458,0.01017,-0.09330,0.86834,0,0.00925,-0.00004,-0.05074,0.44212,-0.05732,-0.00394,0.00191,1
2.4340,-0.46840,0.04049,0.00849,-0.00059,-0.01005,-0.00137,1.39944,-0.14957,0.01130,0.03281,-0.00047,-0.11503,0.01100,-0.09354,0.86831,0,0.00925,-0.00004,-0.05074,0.44212,-0.05732,-0.00394,0.00191,1
2.4360,-0.46840,0.04049,0.00848,-0.00060,-0.00980,-0.00211,1.39944,-0.14957,0.01130,0.03252,-0.00050,-0.11560,0.01170,-0.09376,0.86840,0,0.00925,-0.00004,-0.05074,0.44212,-0.05732,-0.00394,0.00191,1
2.4380,-0.46840,0.04049,0.00846,-0.00060,-0.00942,-0.00274,1.39944,-0.14957,0.01130,0.03224,-0.00054,-0.11631,0.01228,-0.09398,0.86842,0,0.00925,-0.00004,-0.05074,0.44212,-0.05732,-0.00394,0.00191,1
2.4400,-0.46840,0.04049,0.00844,-0.00061,-0.00893,-0.00326,1.39944,-0.14957,0.01130,0.03197,-0.00059,-0.11714,0.01273,-0.09420,0.86844,0,0.00925,-0.00004,-0.05074,0.44212,-0.05732,-0.00394,0.00191,1
2.4420,-0.46840,0.04049,0.00842,-0.00061,-0.00833,-0.00365,1.39944,-0.14957,0.01130,0.03171,-0.00065,-0.11786,0.01305,-0.09445,0.86847,0,0.00925,-0.00004,-0.05074,0.44212,-0.05732,-0.00394,0.00191,1
2.4440,-0.46840,0.04049,0.00840,-0.00062,-0.00782,-0.00393,1.39944,-0.14957,0.01130,0.03146,-0.00072,-0.11846,0.01324,-0.09477,0.86849,0,0.00925,-0.00004,-0.05074,0.44212,-0.05732,-0.00394,0.00191,1
2.4461,-0.46840,0.04049,0.00839,-0.00063,-0.00743,-0.00410,1.39944,-0.14957,0.01130,0.03122,-0.00079,-0.11893,0.01330,-0.09498,0.86853,0,0.00925,-0.00004,-0.05074,0.44212,-0.05732,-0.00394,0.00191,1
2.4481,-0.46840,0.04049,0.00837,-0.00064,-0.00715,-0.00414,1.39944,-0.14957,0.01130,0.03099,-0.00087,-0.11927,0.01324,-0.09525,0.86856,0,0.00925,-0.00004,-0.05074,0.44212,-0.05732,-0.00394,0.00191,1
2.4501,-0.46840,0.04049,0.00836,-0.00065,-0.00699,-0.00407,1.39944,-0.14957,0.01130,0.03076,-0.00094,-0.11948,0.01305,-0.09549,0.86859,0,0.00925,-0.00004,-0.05074,0.44212,-0.05732,-0.00394,0.00191,1
2.4521,-0.46840,0.04049,0.00835,-0.00065,-0.00695,-0.00389,1.39944,-0.14957,0.01130,0.03053,-0.00101,-0.11956,0.01273,-0.09576,0.86860,0,0.00925,-0.00004,-0.05074,0.44212,-0.05732,-0.00394,0.00191,1
2.4541,-0.46840,0.04049,0.00833,-0.00066,-0.00702,-0.00358,1.39944,-0.14957,0.01130,0.03030,-0.00108,-0.11952,0.01228,-0.09606,0.86862,0,0.00925,-0.00004,-0.05074,0.44212,-0.05732,-0.00394,0.00191,1
2.4561,-0.46840,0.04049,0.00832,-0.00067,-0.00721,-0.00316,1.39944,-0.14957,0.01130,0.03007,-0.00114,-0.11950,0.01170,-0.09627,0.86866,0,0.00925,-0.00004,-0.05074,0.44212,-0.05732,-0.00394,0.00191,1
2.4581,-0.46393,0.04172,0.00831,-0.00061,-0.00764,-0.00293,1.39436,-0.14957,0.01130,0.03129,-0.00023,-0.11936,0.01107,-0.09654,0.86868,0,0.00871,-0.00052,-0.04659,0.44117,-0.06181,-0.00369,0.00402,1
2.4601,-0.46393,0.04172,0.00830,-0.00062,-0.00792,-0.00235,1.39436,-0.14957,0.01130,0.03104,-0.00027,-0.11908,0.01057,-0.09672,0.86872,0,0.00871,-0.00052,-0.04659,0.44117,-0.06181,-0.00369,0.00402,1
2.4621,-0.46393,0.04172,0.00828,-0.00062,-0.00831,-0.00188,1.39436,-0.14957,0.01130,0.03080,-0.00031,-0.11878,0.01019,-0.09702,0.86874,0,0.00871,-0.00052,-0.04659,0.44117,-0.06181,-0.00369,0.00402,1
2.4641,-0.46393,0.04172,0.00827,-0.00063,-0.00874,-0.00153,1.39436,-0.14957,0.01130,0.03054,-0.00033,-0.11860,0.00995,-0.09720,0.86878,0,0.00871,-0.00052,-0.04659,0.44117,-0.06181,-0.00369,0.00402,1
2.4661,-0.46393,0.04172,0.00825,-0.00063,-0.00905,-0.00129,1.39436,-0.14957,0.01130,0.03027,-0.00036,-0.11855,0.00983,-0.09749,0.86878,0,0.00871,-0.00052,-0.04659,0.44117,-0.06181,-0.00369,0.00402,1
2.4681,-0.46393,0.04172,0.00823,-0.00063,-0.00924,-0.00117,1.39436,-0.14957,0.01130,0.03000,-0.00037,-0.11863,0.00984,-0.09773,0.86881,0,0.00871,-0.00052,-0.04659,0.44117,-0.06181,-0.00369,0.00402,1
2.4701,-0.46393,0.04172,0.00821,-0.00064,-0.00932,-0.00117,1.39436,-0.14957,0.01130,0.02973,-0.00039,-0.11884,0.00997,-0.09793,0.86882,0,0.00871,-0.00052,-0.04659,0.44117,-0.06181,-0.00369,0.00402,1
2.4721,-0.46393,0.04172,0.00819,-0.00064,-0.00928,-0.00128,1.39436,-0.14957,0.01130,0.02946,-0.00041,-0.11917,0.01024,-0.09814,0.86882,0,0.00871,-0.00052,-0.04659,0.44117,-0.06181,-0.00369,0.00402,1
2.4741,-0.46393,0.04172,0.00817,-0.00064,-0.00912,-0.00151,1.39436,-0.14957,0.01130,0.02919,-0.00043,-0.11963,0.01063,-0.09838,0.86885,0,0.00871,-0.00052,-0.04659,0.44117,-0.06181,-0.00369,0.00402,1
2.4761,-0.46393,0.04172,0.00816,-0.00064,-0.00884,-0.00186,1.39436,-0.14957,0.01130,0.02892,-0.00045,-0.12022,0.01090,-0.09865,0.86886,0,0.00871,-0.00052,-0.04659,0.44117,-0.06181,-0.00369,0.00402,1
2.4781,-0.46393,0.04172,0.00814,-0.00065,-0.00845,-0.00209,1.39436,-0.14957,0.01130,0.02866,-0.00049,-0.12091,0.01103,-0.09889,0.86891,0,0.00871,-0.00052,-0.04659,0.44117,-0.06181,-0.00369,0.00402,1
2.4801,-0.46393,0.04172,0.00812,-0.00065,-0.00797,-0.00220,1.39436,-0.14957,0.01130,0.02841,-0.00052,-0.12148,0.01104,-0.09914,0.86892,0,0.00871,-0.00052,-0.04659,0.44117,-0.06181,-0.00369,0.00402,1
2.4821,-0.46393,0.04172,0.00811,-0.00066,-0.00760,-0.00220,1.39436,-0.14957,0.01130,0.02817,-0.00056,-0.12191,0.01093,-0.09939,0.86896,0,0.00871,-0.00052,-0.04659,0.44117,-0.06181,-0.00369,0.00402,1
2.4841,-0.46393,0.04172,0.00809,-0.00066,-0.00735,-0.00208,1.39436,-0.14957,0.01130,0.02793,-0.00059,-0.12222,0.01071,-0.09963,0.86899,0,0.00871,-0.00052,-0.04659,0.44117,-0.06181,-0.00369,0.00402,1
2.4861,-0.46393,0.04172,0.00808,-0.00066,-0.00721,-0.00187,1.39436,-0.14957,0.01130,0.02770,-0.00063,-0.12240,0.01061,-0.09987,0.86902,0,0.00871,-0.00052,-0.04659,0.44117,-0.06181,-0.00369,0.00402,1
2.4881,-0.46393,0.04172,0.00806,-0.00067,-0.00719,-0.00177,1.39436,-0.14957,0.01130,0.02746,-0.00065,-0.12245,0.01064,-0.10007,0.86902,0,0.00871,-0.00052,-0.04659,0.44117,-0.06181,-0.00369,0.00402,1
2.4901,-0.46393,0.04172,0.00805,-0.00067,-0.00729,-0.00179,1.39436,-0.14957,0.01130,0.02723,-0.00068,-0.12237,0.01062,-0.10038,0.86904,0,0.00871,-0.00052,-0.04659,0.44117,-0.06181,-0.00369,0.00402,1
2.4921,-0.46393,0.04172,0.00803,-0.00068,-0.00750,-0.00175,1.39436,-0.14957,0.01130,0.02700,-0.00071,-0.12243,0.01059,-0.10061,0.86904,0,0.00871,-0.00052,-0.04659,0.44117,-0.06181,-0.00369,0.00402,1
2.4941,-0.46393,0.04172,0.00802,-0.00068,-0.00760,-0.00171,1.39436,-0.14957,0.01130,0.02676,-0.00074,-0.12261,0.01056,-0.10084,0.86910,0,0.00871,-0.00052,-0.04659,0.44117,-0.06181,-0.00369,0.00402,1
2.4961,-0.46393,0.04172,0.00800,-0.00068,-0.00758,-0.00167,1.39436,-0.14957,0.01130,0.02652,-0.00076,-0.12291,0.01053,-0.10112,0.86907,0,0.00871,-0.00052,-0.04659,0.44117,-0.06181,-0.00369,0.00402,1
2.4981,-0.46393,0.04172,0.00799,-0.00069,-0.00744,-0.00164,1.39436,-0.14957,0.01130,0.02628,-0.00079,-0.12329,0.01051,-0.10135,0.86906,0,0.00871,-0.00052,-0.04659,0.44117,-0.06181,-0.00369,0.00402,1
2.5001,-0.46393,0.04172,0.00797,-0.00069,-0.00724,-0.00160,1.39436,-0.14957,0.01130,0.02605,-0.00082,-0.12354,0.01048,-0.10157,0.86905,0,0.00871,-0.00052,-0.04659,0.44117,-0.06181,-0.00369,0.00402,1
2.5021,-0.46393,0.04172,0.00796,-0.00069,-0.00715,-0.00157,1.39436,-0.14957,0.01130,0.02582,-0.00084,-0.12376,0.01046,-0.10185,0.86912,0,0.00871,-0.00052,-0.04659,0.44117,-0.06181,-0.00369,0.00402,1
2.5041,-0.46393,0.04172,0.00795,-0.00070,-0.00710,-0.00153,1.39436,-0.14957,0.01130,0.02559,-0.00086,-0.12399,0.01044,-0.10207,0.86912,0,0.00871,-0.00052,-0.04659,0.44117,-0.06181,-0.00369,0.00402,1
2.5061,-0.46393,0.04172,0.00793,-0.00070,-0.00703,-0.00150,1.39436,-0.14957,0.01130,0.02536,-0.00089,-0.12422,0.01041,-0.10234,0.86917,0,0.00871,-0.00052,-0.04659,0.44117,-0.06181,-0.00369,0.00402,1
2.5081,-0.46393,0.04172,0.00792,-0.00070,-0.00696,-0.00147,1.39436,-0.14957,0.01130,0.02513,-0.00091,-0.12444,0.01039,-0.10258,0.86916,0,0.00871,-0.00052,-0.04659,0.44117,-0.06181,-0.00369,0.00402,1
2.5101,-0.46393,0.04172,0.00790,-0.00070,-0.00690,-0.00143,1.39436,-0.14957,0.01130,0.02490,-0.00093,-0.12467,0.01037,-0.10280,0.86921,0,0.00871,-0.00052,-0.04659,0.44117,-0.06181,-0.00369,0.00402,1
2.5122,-0.46393,0.04172,0.00789,-0.00071,-0.00683,-0.00140,1.39436,-0.14957,0.01130,0.02468,-0.00095,-0.12490,0.01035,-0.10297,0.86925,0,0.00871,-0.00052,-0.04659,0.44117,-0.06181,-0.00369,0.00402,1
2.5142,-0.46393,0.04172,0.00788,-0.00071,-0.00677,-0.00137,1.39436,-0.14957,0.01130,0.02445,-0.00097,-0.12512,0.01033,-0.10327,0.86925,0,0.00871,-0.00052,-0.04659,0.44117,-0.06181,-0.00369,0.00402,1
2.5162,-0.46393,0.04172,0.00786,-0.00071,-0.00671,-0.00134,1.39436,-0.14957,0.01130,0.02423,-0.00099,-0.12534,0.01031,-0.10345,0.86928,0,0.00871,-0.00052,-0.04659,0.44117,-0.06181,-0.00369,0.00402,1
2.5182,-0.46393,0.04172,0.00785,-0.00071,-0.00664,-0.00131,1.39436,-0.14957,0.01130,0.02401,-0.00101,-0.12556,0.01029,-0.10372,0.86928,0,0.00871,-0.00052,-0.04659,0.44117,-0.06181,-0.00369,0.00402,1
2.5202,-0.46393,0.04172,0.00784,-0.00072,-0.00658,-0.00128,1.39705,-0.14957,0.01130,0.02379,-0.00103,-0.12578,0.01027,-0.10390,0.86933,0,0.00845,-0.00068,-0.05231,0.43963,-0.06181,-0.00369,0.00402,1
2.5222,-0.45848,0.04220,0.00801,-0.00074,-0.00550,-0.00144,1.39705,-0.14957,0.01130,0.02708,-0.00111,-0.12588,0.01019,-0.10438,0.86938,0,0.00845,-0.00068,-0.05231,0.43963,-0.05513,-0.00171,-0.00243,1
2.5244,-0.45848,0.04220,0.00800,-0.00074,-0.00556,-0.00135,1.39705,-0.14957,0.01130,0.02687,-0.00113,-0.12584,0.01017,-0.10438,0.86938,0,0.00845,-0.00068,-0.05231,0.43963,-0.05513,-0.00171,-0.00243,1
2.5265,-0.45848,0.04220,0.00799,-0.00075,-0.00573,-0.00132,1.39705,-0.14957,0.01130,0.02667,-0.00115,-0.12568,0.01015,-0.10465,0.86941,0,0.00845,-0.00068,-0.05231,0.43963,-0.05513,-0.00171,-0.00243,1
2.5284,-0.45848,0.04220,0.00798,-0.00075,-0.00602,-0.00129,1.39705,-0.14957,0.01130,0.02646,-0.00117,-0.12539,0.01013,-0.10488,0.86940,0,0.00845,-0.00068,-0.05231,0.43963,-0.05513,-0.00171,-0.00243,1
2.5305,-0.45848,0.04220,0.00797,-0.00075,-0.00643,-0.00126,1.39705,-0.14957,0.01130,0.02625,-0.00119,-0.12497,0.01011,-0.10513,0.86942,0,0.00845,-0.00068,-0.05231,0.43963,-0.05513,-0.00171,-0.00243,1
2.5325,-0.45848,0.04220,0.00795,-0.00075,-0.00695,-0.00123,1.39705,-0.14957,0.01130,0.02603,-0.00121,-0.12442,0.01009,-0.10535,0.86948,0,0.00845,-0.00068,-0.05231,0.43963,-0.05513,-0.00171,-0.00243,1
2.5345,-0.45848,0.04220,0.00794,-0.00076,-0.00759,-0.00120,1.39705,-0.14957,0.01130,0.02579,-0.00122,-0.12378,0.01008,-0.10561,0.86952,0,0.00845,-0.00068,-0.05231,0.43963,-0.05513,-0.00171,-0.00243,1
2.5365,-0.45848,0.04220,0.00792,-0.00076,-0.00831,-0.00117,1.39705,-0.14957,0.01130,0.02555,-0.00124,-0.12327,0.01006,-0.10585,0.86950,0,0.00845,-0.00068,-0.05231,0.43963,-0.05513,-0.00171,-0.00243,1
2.5385,-0.45848,0.04220,0.00791,-0.00076,-0.00891,-0.00114,1.39705,-0.14957,0.01130,0.02528,-0.00126,-0.12289,0.01004,-0.10607,0.86956,0,0.00845,-0.00068,-0.05231,0.43963,-0.05513,-0.00171,-0.00243,1
2.5405,-0.45848,0.04220,0.00789,-0.00076,-0.00940,-0.00111,1.39705,-0.14957,0.01130,0.02501,-0.00127,-0.12264,0.01003,-0.10635,0.86958,0,0.00845,-0.00068,-0.05231,0.43963,-0.05513,-0.00171,-0.00243,1
2.5425,-0.45848,0.04220,0.00787,-0.00077,-0.00977,-0.00108,1.39705,-0.14957,0.01130,0.02474,-0.00129,-0.12252,0.01001,-0.10660,0.86961,0,0.00845,-0.00068,-0.05231,0.43963,-0.05513,-0.00171,-0.00243,1
2.5445,-0.45848,0.04220,0.00785,-0.00077,-0.01002,-0.00106,1.39705,-0.14957,0.01130,0.02445,-0.00130,-0.12252,0.01000,-0.10682,0.86962,0,0.00845,-0.00068,-0.05231,0.43963,-0.05513,-0.00171,-0.00243,1
2.5466,-0.45848,0.04220,0.00783,-0.00077,-0.01016,-0.00103,1.39705,-0.14957,0.01130,0.02416,-0.00131,-0.12266,0.00999,-0.10707,0.86963,0,0.00845,-0.00068,-0.05231,0.43963,-0.05513,-0.00171,-0.00243,1
2.5485,-0.45848,0.04220,0.00781,-0.00077,-0.01017,-0.00100,1.39705,-0.14957,0.01130,0.02387,-0.00133,-0.12292,0.00997,-0.10729,0.86966,0,0.00845,-0.00068,-0.05231,0.43963,-0.05513,-0.00171,-0.00243,1
2.5506,-0.45848,0.04220,0.00779,-0.00077,-0.01008,-0.00098,1.39705,-0.14957,0.01130,0.02358,-0.00134,-0.12330,0.00996,-0.10757,0.86966,0,0.00845,-0.00068,-0.05231,0.43963,-0.05513,-0.00171,-0.00243,1
2.5526,-0.45848,0.04220,0.00777,-0.00078,-0.00986,-0.00095,1.39705,-0.14957,0.01130,0.02330,-0.00135,-0.12382,0.00995,-0.10776,0.86968,0,0.00845,-0.00068,-0.05231,0.43963,-0.05513,-0.00171,-0.00243,1
2.5546,-0.45848,0.04220,0.00775,-0.00078,-0.00953,-0.00093,1.39705,-0.14957,0.01130,0.02302,-0.00136,-0.12447,0.00994,-0.10801,0.86972,0,0.00845,-0.00068,-0.05231,0.43963,-0.05513,-0.00171,-0.00243,1
2.5566,-0.45848,0.04220,0.00773,-0.00078,-0.00908,-0.00090,1.39705,-0.14957,0.01130,0.02274,-0.00137,-0.12524,0.00992,-0.10827,0.86971,0,0.00845,-0.00068,-0.05231,0.43963,-0.05513,-0.00171,-0.00243,1
2.5586,-0.45848,0.04220,0.00771,-0.00078,-0.00852,-0.00088,1.39705,-0.14957,0.01130,0.02248,-0.00139,-0.12614,0.00991,-0.10856,0.86975,0,0.00845,-0.00068,-0.05231,0.43963,-0.05513,-0.00171,-0.00243,1
2.5606,-0.45848,0.04220,0.00770,-0.00078,-0.00784,-0.00085,1.39705,-0.14957,0.01130,0.02223,-0.00140,-0.12717,0.00990,-0.10882,0.86975,0,0.00845,-0.00068,-0.05231,0.43963,-0.05513,-0.00171,-0.00243,1
2.5626,-0.45848,0.04220,0.00768,-0.00078,-0.00704,-0.00083,1.39705,-0.14957,0.01130,0.02199,-0.00141,-0.12807,0.00989,-0.10909,0.86979,0,0.00845,-0.00068,-0.05231,0.43963,-0.05513,-0.00171,-0.00243,1
2.5646,-0.45848,0.04220,0.00767,-0.00079,-0.00636,-0.00081,1.39705,-0.14957,0.01130,0.02177,-0.00141,-0.12884,0.00988,-0.10933,0.86981,0,0.00845,-0.00068,-0.05231,0.43963,-0.05513,-0.00171,-0.00243,1
2.5666,-0.45848,0.04220,0.00765,-0.00079,-0.00579,-0.00079,1.39705,-0.14957,0.01130,0.02156,-0.00142,-0.12948,0.00988,-0.10963,0.86979,0,0.00845,-0.00068,-0.05231,0.43963,-0.05513,-0.00171,-0.00243,1
2.5686,-0.45848,0.04220,0.00764,-0.00079,-0.00534,-0.00076,1.39705,-0.14957,0.01130,0.02136,-0.00143,-0.13000,0.00987,-0.10989,0.86985,0,0.00845,-0.00068,-0.05231,0.43963,-0.05513,-0.00171,-0.00243,1
2.5707,-0.45848,0.04220,0.00763,-0.00079,-0.00501,-0.00074,1.39705,-0.14957,0.01130,0.02117,-0.00144,-0.13039,0.00986,-0.11017,0.86983,0,0.00845,-0.00068,-0.05231,0.43963,-0.05513,-0.00171,-0.00243,1
2.5727,-0.45848,0.04220,0.00762,-0.00079,-0.00479,-0.00072,1.39705,-0.14957,0.01130,0.02098,-0.00145,-0.13065,0.00985,-0.11046,0.86987,0,0.00845,-0.00068,-0.05231,0.43963,-0.05513,-0.00171,-0.00243,1
2.5747,-0.45848,0.04220,0.00761,-0.00079,-0.00469,-0.00070,1.39705,-0.14957,0.01130,0.02080,-0.00145,-0.13078,0.00984,-0.11074,0.86987,0,0.00845,-0.00068,-0.05231,0.43963,-0.05513,-0.00171,-0.00243,1
2.5767,-0.45848,0.04220,0.00760,-0.00080,-0.00471,-0.00068,1.39705,-0.14957,0.01130,0.02062,-0.00146,-0.13079,0.00984,-0.11100,0.86989,0,0.00845,-0.00068,-0.05231,0.43963,-0.05513,-0.00171,-0.00243,1
2.5787,-0.45848,0.04220,0.00759,-0.00080,-0.00484,-0.00066,1.39705,-0.14957,0.01130,0.02043,-0.00147,-0.13066,0.00983,-0.11130,0.86990,0,0.00845,-0.00068,-0.05231,0.43963,-0.05513,-0.00171,-0.00243,1
2.5807,-0.45848,0.04220,0.00759,-0.00080,-0.00508,-0.00064,1.39705,-0.14957,0.01130,0.02024,-0.00147,-0.13041,0.00983,-0.11160,0.86988,0,0.00845,-0.00068,-0.05231,0.43963,-0.05513,-0.00171,-0.00243,1
2.5827,-0.45848,0.04220,0.00757,-0.00080,-0.00545,-0.00062,1.39705,-0.14957,0.01130,0.02005,-0.00148,-0.13003,0.00982,-0.11181,0.86992,0,0.00845,-0.00068,-0.05231,0.43963,-0.05513,-0.00171,-0.00243,1
2.5847,-0.45848,0.04220,0.00756,-0.00080,-0.00593,-0.00060,1.39705,-0.14957,0.01130,0.01985,-0.00148,-0.12973,0.00981,-0.11208,0.86996,0,0.00845,-0.00068,-0.05231,0.43963,-0.05513,-0.00171,-0.00243,1
2.5867,-0.45848,0.04220,0.00755,-0.00080,-0.00634,-0.00058,1.39705,-0.14957,0.01130,0.01964,-0.00149,-0.12955,0.00981,-0.11229,0.86997,0,0.00845,-0.00068,-0.05231,0.43963,-0.05513,-0.00171,-0.00243,1
2.5887,-0.45848,0.04220,0.00754,-0.00080,-0.00664,-0.00056,1.39373,-0.14957,0.01130,0.01942,-0.00149,-0.12950,0.00981,-0.11259,0.86996,0,0.00873,-0.00150,-0.03637,0.43787,-0.05513,-0.00171,-0.00243,1
2.5907,-0.45387,0.04438,0.00802,-0.00120,-0.00491,-0.00190,1.39373,-0.14957,0.01130,0.02543,-0.00470,-0.12932,0.00967,-0.11308,0.87000,0,0.00873,-0.00150,-0.03637,0.43787,-0.07310,-0.00208,-0.00076,1
2.5930,-0.45387,0.04438,0.00801,-0.00120,-0.00522,-0.00175,1.39373,-0.14957,0.01130,0.02523,-0.00473,-0.12902,0.00941,-0.11308,0.87000,0,0.00873,-0.00150,-0.03637,0.43787,-0.07310,-0.00208,-0.00076,1
2.5950,-0.45387,0.04438,0.00800,-0.00120,-0.00563,-0.00150,1.39373,-0.14957,0.01130,0.02503,-0.00476,-0.12859,0.00902,-0.11331,0.87004,0,0.00873,-0.00150,-0.03637,0.43787,-0.07310,-0.00208,-0.00076,1
2.5970,-0.45387,0.04438,0.00798,-0.00121,-0.00617,-0.00112,1.39373,-0.14957,0.01130,0.02482,-0.00477,-0.12803,0.00851,-0.11357,0.87006,0,0.00873,-0.00150,-0.03637,0.43787,-0.07310,-0.00208,-0.00076,1
2.5990,-0.45387,0.04438,0.00797,-0.00121,-0.00682,-0.00063,1.39373,-0.14957,0.01130,0.02461,-0.00478,-0.12734,0.00786,-0.11383,0.87009,0,0.00873,-0.00150,-0.03637,0.43787,-0.07310,-0.00208,-0.00076,1
2.6010,-0.45387,0.04438,0.00796,-0.00121,-0.00759,-0.00002,1.39373,-0.14957,0.01130,0.02437,-0.00478,-0.12652,0.00709,-0.11405,0.87009,0,0.00873,-0.00150,-0.03637,0.43787,-0.07310,-0.00208,-0.00076,1
2.6030,-0.45387,0.04438,0.00794,-0.00121,-0.00847,0.00070,1.39373,-0.14957,0.01130,0.02413,-0.00477,-0.12558,0.00645,-0.11427,0.87011,0,0.00873,-0.00150,-0.03637,0.43787,-0.07310,-0.00208,-0.00076,1
2.6051,-0.45387,0.04438,0.00792,-0.00121,-0.00947,0.00131,1.39373,-0.14957,0.01130,0.02386,-0.00474,-0.12476,0.00593,-0.11457,0.87013,0,0.00873,-0.00150,-0.03637,0.43787,-0.07310,-0.00208,-0.00076,1
2.6071,-0.45387,0.04438,0.00790,-0.00120,-0.01036,0.00180,1.39373,-0.14957,0.01130,0.02358,-0.00471,-0.12407,0.00554,-0.11475,0.87013,0,0.00873,-0.00150,-0.03637,0.43787,-0.07310,-0.00208,-0.00076,1
2.6091,-0.45387,0.04438,0.00788,-0.00120,-0.01112,0.00217,1.39373,-0.14957,0.01130,0.02327,-0.00466,-0.12351,0.00528,-0.11499,0.87014,0,0.00873,-0.00150,-0.03637,0.43787,-0.07310,-0.00208,-0.00076,1
2.6111,-0.45387,0.04438,0.00786,-0.00119,-0.01177,0.00243,1.39373,-0.14957,0.01130,0.02296,-0.00461,-0.12308,0.00515,-0.11522,0.87017,0,0.00873,-0.00150,-0.03637,0.43787,-0.07310,-0.00208,-0.00076,1
2.6131,-0.45387,0.04438,0.00783,-0.00119,-0.01231,0.00257,1.39373,-0.14957,0.01130,0.02263,-0.00455,-0.12277,0.00514,-0.11549,0.87015,0,0.00873,-0.00150,-0.03637,0.43787,-0.07310,-0.00208,-0.00076,1
2.6151,-0.45387,0.04438,0.00781,-0.00118,-0.01272,0.00260,1.39373,-0.14957,0.01130,0.02229,-0.00450,-0.12260,0.00527,-0.11571,0.87018,0,0.00873,-0.00150,-0.03637,0.43787,-0.07310,-0.00208,-0.00076,1
2.6171,-0.45387,0.04438,0.00778,-0.00118,-0.01302,0.00251,1.39373,-0.14957,0.01130,0.02195,-0.00444,-0.12255,0.00552,-0.11598,0.87017,0,0.00873,-0.00150,-0.03637,0.43787,-0.07310,-0.00208,-0.00076,1
2.6191,-0.45387,0.04438,0.00776,-0.00117,-0.01320,0.00230,1.39373,-0.14957,0.01130,0.02160,-0.00438,-0.12263,0.00590,-0.11628,0.87017,0,0.00873,-0.00150,-0.03637,0.43787,-0.07310,-0.00208,-0.00076,1
2.6212,-0.45387,0.04438,0.00773,-0.00117,-0.01327,0.00198,1.39373,-0.14957,0.01130,0.02125,-0.00434,-0.12284,0.00641,-0.11649,0.87025,0,0.00873,-0.00150,-0.03637,0.43787,-0.07310,-0.00208,-0.00076,1
2.6232,-0.45387,0.04438,0.00770,-0.00117,-0.01322,0.00154,1.39373,-0.14957,0.01130,0.02090,-0.00429,-0.12317,0.00701,-0.11673,0.87024,0,0.00873,-0.00150,-0.03637,0.43787,-0.07310,-0.00208,-0.00076,1
2.6252,-0.45387,0.04438,0.00768,-0.00116,-0.01305,0.00101,1.39373,-0.14957,0.01130,0.02055,-0.00426,-0.12363,0.00748,-0.11705,0.87027,0,0.00873,-0.00150,-0.03637,0.43787,-0.07310,-0.00208,-0.00076,1
2.6272,-0.45387,0.04438,0.00765,-0.00116,-0.01277,0.00060,1.39373,-0.14957,0.01130,0.02021,-0.00424,-0.12423,0.00782,-0.11723,0.87030,0,0.00873,-0.00150,-0.03637,0.43787,-0.07310,-0.00208,-0.00076,1
2.6292,-0.45387,0.04438,0.00763,-0.00116,-0.01236,0.00031,1.39373,-0.14957,0.01130,0.01987,-0.00422,-0.12494,0.00803,-0.11751,0.87030,0,0.00873,-0.00150,-0.03637,0.43787,-0.07310,-0.00208,-0.00076,1
2.6312,-0.45387,0.04438,0.00760,-0.00116,-0.01184,0.00014,1.39373,-0.14957,0.01130,0.01954,-0.00421,-0.12579,0.00812,-0.11778,0.87031,0,0.00873,-0.00150,-0.03637,0.43787,-0.07310,-0.00208,-0.00076,1
2.6332,-0.45387,0.04438,0.00758,-0.00116,-0.01121,0.00008,1.39373,-0.14957,0.01130,0.01922,-0.00420,-0.12677,0.00808,-0.11808,0.87033,0,0.00873,-0.00150,-0.03637,0.43787,-0.07310,-0.00208,-0.00076,1
2.6352,-0.45387,0.04438,0.00756,-0.00116,-0.01046,0.00014,1.39373,-0.14957,0.01130,0.01892,-0.00419,-0.12787,0.00791,-0.11829,0.87038,0,0.00873,-0.00150,-0.03637,0.43787,-0.07310,-0.00208,-0.00076,1
2.6372,-0.45387,0.04438,0.00754,-0.00116,-0.00959,0.00031,1.39373,-0.14957,0.01130,0.01863,-0.00418,-0.12910,0.00761,-0.11854,0.87038,0,0.00873,-0.00150,-0.03637,0.43787,-0.07310,-0.00208,-0.00076,1
2.6392,-0.45387,0.04438,0.00752,-0.00116,-0.00860,0.00060,1.39373,-0.14957,0.01130,0.01837,-0.00417,-0.13046,0.00719,-0.11879,0.87043,0,0.00873,-0.00150,-0.03637,0.43787,-0.07310,-0.00208,-0.00076,1
2.6412,-0.45387,0.04438,0.00750,-0.00116,-0.00750,0.00101,1.39373,-0.14957,0.01130,0.01812,-0.00414,-0.13169,0.00689,-0.11905,0.87046,0,0.00873,-0.00150,-0.03637,0.43787,-0.07310,-0.00208,-0.00076,1
2.6432,-0.45387,0.04438,0.00749,-0.00115,-0.00652,0.00130,1.39373,-0.14957,0.01130,0.01789,-0.00412,-0.13280,0.00672,-0.11936,0.87042,0,0.00873,-0.00150,-0.03637,0.43787,-0.07310,-0.00208,-0.00076,1
2.6452,-0.45387,0.04438,0.00748,-0.00115,-0.00565,0.00147,1.39373,-0.14957,0.01130,0.01768,-0.00408,-0.13377,0.00668,-0.11963,0.87046,0,0.00873,-0.00150,-0.03637,0.43787,-0.07310,-0.00208,-0.00076,1
2.6472,-0.45387,0.04438,0.00747,-0.00115,-0.00489,0.00153,1.39373,-0.14957,0.01130,0.01749,-0.00404,-0.13462,0.00677,-0.11986,0.87046,0,0.00873,-0.00150,-0.03637,0.43787,-0.07310,-0.00208,-0.00076,1
2.6492,-0.45387,0.04438,0.00746,-0.00115,-0.00425,0.00147,1.39373,-0.14957,0.01130,0.01731,-0.00401,-0.13534,0.00698,-0.12017,0.87048,0,0.00873,-0.00150,-0.03637,0.43787,-0.07310,-0.00208,-0.00076,1
2.6512,-0.45387,0.04438,0.00745,-0.00114,-0.00373,0.00130,1.39373,-0.14957,0.01130,0.01714,-0.00397,-0.13593,0.00732,-0.12049,0.87043,0,0.00873,-0.00150,-0.03637,0.43787,-0.07310,-0.00208,-0.00076,1
2.6532,-0.45387,0.04438,0.00744,-0.00114,-0.00333,0.00101,1.39373,-0.14957,0.01130,0.01698,-0.00394,-0.13639,0.00754,-0.12070,0.87048,0,0.00873,-0.00150,-0.03637,0.43787,-0.07310,-0.00208,-0.00076,1
2.6552,-0.45387,0.04438,0.00744,-0.00114,-0.00304,0.00084,1.39373,-0.14957,0.01130,0.01683,-0.00392,-0.13673,0.00762,-0.12098,0.87047,0,0.00873,-0.00150,-0.03637,0.43787,-0.07310,-0.00208,-0.00076,1
2.6572,-0.44886,0.04563,0.00826,-0.00153,-0.00032,-0.00064,1.39366,-0.14957,0.01130,0.02635,-0.00742,-0.13694,0.00758,-0.12152,0.87052,0,0.00938,-0.00191,-0.03599,0.43601,-0.07336,-0.00053,-0.00098,1
2.6592,-0.44886,0.04563,0.00826,-0.00153,-0.00027,-0.00057,1.39366,-0.14957,0.01130,0.02626,-0.00742,-0.13702,0.00741,-0.12152,0.87052,0,0.00938,-0.00191,-0.03599,0.43601,-0.07336,-0.00053,-0.00098,1
2.6612,-0.44886,0.04563,0.00826,-0.00153,-0.00035,-0.00039,1.39366,-0.14957,0.01130,0.02616,-0.00742,-0.13697,0.00711,-0.12182,0.87056,0,0.00938,-0.00191,-0.03599,0.43601,-0.07336,-0.00053,-0.00098,1
2.6632,-0.44886,0.04563,0.00826,-0.00154,-0.00054,-0.00009,1.39366,-0.14957,0.01130,0.02606,-0.00742,-0.13679,0.00668,-0.12210,0.87054,0,0.00938,-0.00191,-0.03599,0.43601,-0.07336,-0.00053,-0.00098,1
2.6652,-0.44886,0.04563,0.00826,-0.00154,-0.00085,0.00032,1.39366,-0.14957,0.01130,0.02596,-0.00741,-0.13649,0.00613,-0.12233,0.87058,0,0.00938,-0.00191,-0.03599,0.43601,-0.07336,-0.00053,-0.00098,1
2.6672,-0.44886,0.04563,0.00826,-0.00153,-0.00127,0.00086,1.39366,-0.14957,0.01130,0.02585,-0.00739,-0.13605,0.00545,-0.12263,0.87059,0,0.00938,-0.00191,-0.03599,0.43601,-0.07336,-0.00053,-0.00098,1
2.6692,-0.44886,0.04563,0.00825,-0.00153,-0.00181,0.00150,1.39366,-0.14957,0.01130,0.02573,-0.00736,-0.13549,0.00464,-0.12291,0.87060,0,0.00938,-0.00191,-0.03599,0.43601,-0.07336,-0.00053,-0.00098,1
2.6712,-0.44886,0.04563,0.00825,-0.00153,-0.00247,0.00227,1.39366,-0.14957,0.01130,0.02559,-0.00732,-0.13480,0.00395,-0.12307,0.87063,0,0.00938,-0.00191,-0.03599,0.43601,-0.07336,-0.00053,-0.00098,1
2.6732,-0.44886,0.04563,0.00824,-0.00152,-0.00324,0.00292,1.39366,-0.14957,0.01130,0.02545,-0.00726,-0.13399,0.00340,-0.12336,0.87065,0,0.00938,-0.00191,-0.03599,0.43601,-0.07336,-0.00053,-0.00098,1
2.6752,-0.44886,0.04563,0.00824,-0.00152,-0.00413,0.00345,1.39366,-0.14957,0.01130,0.02529,-0.00719,-0.13304,0.00297,-0.12360,0.87062,0,0.00938,-0.00191,-0.03599,0.43601,-0.07336,-0.00053,-0.00098,1
2.6772,-0.44886,0.04563,0.00823,-0.00151,-0.00514,0.00386,1.39366,-0.14957,0.01130,0.02510,-0.00711,-0.13197,0.00267,-0.12387,0.87063,0,0.00938,-0.00191,-0.03599,0.43601,-0.07336,-0.00053,-0.00098,1
2.6793,-0.44886,0.04563,0.00821,-0.00150,-0.00626,0.00416,1.39366,-0.14957,0.01130,0.02490,-0.00703,-0.13077,0.00250,-0.12410,0.87063,0,0.00938,-0.00191,-0.03599,0.43601,-0.07336,-0.00053,-0.00098,1
2.6813,-0.44886,0.04563,0.00820,-0.00149,-0.00750,0.00434,1.39366,-0.14957,0.01130,0.02468,-0.00694,-0.12944,0.00246,-0.12437,0.87061,0,0.00938,-0.00191,-0.03599,0.43601,-0.07336,-0.00053,-0.00098,1
2.6833,-0.44886,0.04563,0.00818,-0.00148,-0.00885,0.00441,1.39366,-0.14957,0.01130,0.02443,-0.00684,-0.12798,0.00255,-0.12456,0.87062,0,0.00938,-0.00191,-0.03599,0.43601,-0.07336,-0.00053,-0.00098,1
2.6853,-0.44886,0.04563,0.00817,-0.00147,-0.01032,0.00436,1.39366,-0.14957,0.01130,0.02415,-0.00675,-0.12640,0.00276,-0.12490,0.87064,0,0.00938,-0.00191,-0.03599,0.43601,-0.07336,-0.00053,-0.00098,1
2.6873,-0.44886,0.04563,0.00814,-0.00147,-0.01191,0.00419,1.39366,-0.14957,0.01130,0.02384,-0.00666,-0.12494,0.00310,-0.12506,0.87062,0,0.00938,-0.00191,-0.03599,0.43601,-0.07336,-0.00053,-0.00098,1
2.6893,-0.44886,0.04563,0.00812,-0.00146,-0.01338,0.00390,1.39366,-0.14957,0.01130,0.02350,-0.00657,-0.12361,0.00357,-0.12534,0.87061,0,0.00938,-0.00191,-0.03599,0.43601,-0.07336,-0.00053,-0.00098,1
2.6913,-0.44886,0.04563,0.00809,-0.00145,-0.01473,0.00350,1.39366,-0.14957,0.01130,0.02314,-0.00649,-0.12241,0.00417,-0.12558,0.87064,0,0.00938,-0.00191,-0.03599,0.43601,-0.07336,-0.00053,-0.00098,1
2.6933,-0.44886,0.04563,0.00806,-0.00144,-0.01596,0.00299,1.39366,-0.14957,0.01130,0.02274,-0.00642,-0.12134,0.00487,-0.12587,0.87065,0,0.00938,-0.00191,-0.03599,0.43601,-0.07336,-0.00053,-0.00098,1
2.6953,-0.44886,0.04563,0.00803,-0.00144,-0.01708,0.00237,1.39366,-0.14957,0.01130,0.02233,-0.00636,-0.12040,0.00546,-0.12607,0.87068,0,0.00938,-0.00191,-0.03599,0.43601,-0.07336,-0.00053,-0.00098,1
2.6973,-0.44886,0.04563,0.00799,-0.00143,-0.01808,0.00187,1.39366,-0.14957,0.01130,0.02189,-0.00632,-0.11958,0.00591,-0.12628,0.87067,0,0.00938,-0.00191,-0.03599,0.43601,-0.07336,-0.00053,-0.00098,1
2.6993,-0.44886,0.04563,0.00795,-0.00143,-0.01897,0.00148,1.39366,-0.14957,0.01130,0.02144,-0.00628,-0.11889,0.00623,-0.12654,0.87069,0,0.00938,-0.00191,-0.03599,0.43601,-0.07336,-0.00053,-0.00098,1
2.7013,-0.44886,0.04563,0.00792,-0.00143,-0.01973,0.00121,1.39366,-0.14957,0.01130,0.02097,-0.00624,-0.11833,0.00643,-0.12681,0.87065,0,0.00938,-0.00191,-0.03599,0.43601,-0.07336,-0.00053,-0.00098,1
2.7033,-0.44886,0.04563,0.00787,-0.00143,-0.02038,0.00106,1.39366,-0.14957,0.01130,0.02048,-0.00621,-0.11790,0.00650,-0.12707,0.87068,0,0.00938,-0.00191,-0.03599,0.43601,-0.07336,-0.00053,-0.00098,1
2.7053,-0.44886,0.04563,0.00783,-0.00142,-0.02092,0.00102,1.39366,-0.14957,0.01130,0.01999,-0.00619,-0.11759,0.00644,-0.12733,0.87072,0,0.00938,-0.00191,-0.03599,0.43601,-0.07336,-0.00053,-0.00098,1
2.7073,-0.44886,0.04563,0.00779,-0.00142,-0.02133,0.00110,1.39366,-0.14957,0.01130,0.01948,-0.00616,-0.11742,0.00625,-0.12757,0.87073,0,0.00938,-0.00191,-0.03599,0.43601,-0.07336,-0.00053,-0.00098,1
2.7093,-0.44886,0.04563,0.00775,-0.00142,-0.02163,0.00130,1.39366,-0.14957,0.01130,0.01897,-0.00613,-0.11737,0.00593,-0.12783,0.87074,0,0.00938,-0.00191,-0.03599,0.43601,-0.07336,-0.00053,-0.00098,1
2.7113,-0.44886,0.04563,0.00771,-0.00142,-0.02181,0.00161,1.39366,-0.14957,0.01130,0.01845,-0.00609,-0.11745,0.00549,-0.12808,0.87075,0,0.00938,-0.00191,-0.03599,0.43601,-0.07336,-0.00053,-0.00098,1
2.7133,-0.44886,0.04563,0.00766,-0.00141,-0.02188,0.00204,1.39366,-0.14957,0.01130,0.01793,-0.00605,-0.11766,0.00517,-0.12834,0.87078,0,0.00938,-0.00191,-0.03599,0.43601,-0.07336,-0.00053,-0.00098,1
2.7153,-0.44886,0.04563,0.00762,-0.00141,-0.02182,0.00235,1.39366,-0.14957,0.01130,0.01741,-0.00600,-0.11799,0.00499,-0.12853,0.87078,0,0.00938,-0.00191,-0.03599,0.43601,-0.07336,-0.00053,-0.00098,1
2.7173,-0.44886,0.04563,0.00757,-0.00140,-0.02165,0.00254,1.39366,-0.14957,0.01130,0.01689,-0.00595,-0.11845,0.00493,-0.12885,0.87081,0,0.00938,-0.00191,-0.03599,0.43601,-0.07336,-0.00053,-0.00098,1
2.7193,-0.44886,0.04563,0.00753,-0.00140,-0.02137,0.00262,1.39366,-0.14957,0.01130,0.01638,-0.00589,-0.11905,0.00500,-0.12908,0.87079,0,0.00938,-0.00191,-0.03599,0.43601,-0.07336,-0.00053,-0.00098,1
2.7214,-0.44886,0.04563,0.00749,-0.00139,-0.02096,0.00259,1.39366,-0.14957,0.01130,0.01587,-0.00583,-0.11977,0.00519,-0.12929,0.87078,0,0.00938,-0.00191,-0.03599,0.43601,-0.07336,-0.00053,-0.00098,1
2.7234,-0.44267,0.04573,0.00856,-0.00174,-0.01825,0.00151,1.39298,-0.14957,0.01130,0.02817,-0.00920,-0.12061,0.00526,-0.12984,0.87081,0,0.01032,-0.00217,-0.03229,0.43565,-0.07708,-0.00086,-0.00238,1
2.7254,-0.44267,0.04573,0.00852,-0.00174,-0.01763,0.00148,1.39298,-0.14957,0.01130,0.02772,-0.00917,-0.12159,0.00520,-0.12984,0.87081,0,0.01032,-0.00217,-0.03229,0.43565,-0.07708,-0.00086,-0.00238,1
2.7274,-0.44267,0.04573,0.00849,-0.00173,-0.01690,0.00156,1.39298,-0.14957,0.01130,0.02729,-0.00913,-0.12244,0.00501,-0.13010,0.87081,0,0.01032,-0.00217,-0.03229,0.43565,-0.07708,-0.00086,-0.00238,1
2.7294,-0.44267,0.04573,0.00846,-0.00173,-0.01628,0.00176,1.39298,-0.14957,0.01130,0.02688,-0.00909,-0.12315,0.00470,-0.13031,0.87083,0,0.01032,-0.00217,-0.03229,0.43565,-0.07708,-0.00086,-0.00238,1
2.7314,-0.44267,0.04573,0.00842,-0.00173,-0.01578,0.00208,1.39298,-0.14957,0.01130,0.02647,-0.00905,-0.12375,0.00425,-0.13081,0.87085,0,0.01032,-0.00217,-0.03229,0.43565,-0.07708,-0.00086,-0.00238,1
2.7334,-0.44267,0.04573,0.00839,-0.00172,-0.01539,0.00251,1.39298,-0.14957,0.01130,0.02607,-0.00899,-0.12421,0.00368,-0.13081,0.87085,0,0.01032,-0.00217,-0.03229,0.43565,-0.07708,-0.00086,-0.00238,1
2.7354,-0.44267,0.04573,0.00836,-0.00172,-0.01512,0.00307,1.39298,-0.14957,0.01130,0.02568,-0.00893,-0.12455,0.00298,-0.13107,0.87088,0,0.01032,-0.00217,-0.03229,0.43565,-0.07708,-0.00086,-0.00238,1
2.7374,-0.44267,0.04573,0.00833,-0.00171,-0.01496,0.00373,1.39298,-0.14957,0.01130,0.02530,-0.00886,-0.12475,0.00241,-0.13130,0.87090,0,0.01032,-0.00217,-0.03229,0.43565,-0.07708,-0.00086,-0.00238,1
2.7394,-0.44267,0.04573,0.00830,-0.00170,-0.01492,0.00428,1.39298,-0.14957,0.01130,0.02491,-0.00877,-0.12483,0.00197,-0.13157,0.87092,0,0.01032,-0.00217,-0.03229,0.43565,-0.07708,-0.00086,-0.00238,1
2.7414,-0.44267,0.04573,0.00827,-0.00169,-0.01499,0.00471,1.39298,-0.14957,0.01130,0.02453,-0.00868,-0.12504,0.00165,-0.13187,0.87091,0,0.01032,-0.00217,-0.03229,0.43565,-0.07708,-0.00086,-0.00238,1
2.7434,-0.44267,0.04573,0.00824,-0.00168,-0.01495,0.00503,1.39298,-0.14957,0.01130,0.02415,-0.00857,-0.12537,0.00146,-0.13206,0.87095,0,0.01032,-0.00217,-0.03229,0.43565,-0.07708,-0.00086,-0.00238,1
2.7454,-0.44267,0.04573,0.00821,-0.00167,-0.01479,0.00523,1.39298,-0.14957,0.01130,0.02376,-0.00847,-0.12581,0.00140,-0.13231,0.87096,0,0.01032,-0.00217,-0.03229,0.43565,-0.07708,-0.00086,-0.00238,1
2.7474,-0.44267,0.04573,0.00818,-0.00166,-0.01454,0.00532,1.39298,-0.14957,0.01130,0.02338,-0.00836,-0.12619,0.00147,-0.13254,0.87093,0,0.01032,-0.00217,-0.03229,0.43565,-0.07708,-0.00086,-0.00238,1
2.7494,-0.44267,0.04573,0.00815,-0.00165,-0.01434,0.00528,1.39298,-0.14957,0.01130,0.02301,-0.00825,-0.12656,0.00167,-0.13274,0.87094,0,0.01032,-0.00217,-0.03229,0.43565,-0.07708,-0.00086,-0.00238,1
2.7514,-0.44267,0.04573,0.00813,-0.00164,-0.01415,0.00513,1.39298,-0.14957,0.01130,0.02264,-0.00814,-0.12693,0.00199,-0.13301,0.87093,0,0.01032,-0.00217,-0.03229,0.43565,-0.07708,-0.00086,-0.00238,1
2.7534,-0.44267,0.04573,0.00810,-0.00163,-0.01396,0.00487,1.39298,-0.14957,0.01130,0.02227,-0.00803,-0.12730,0.00245,-0.13329,0.87093,0,0.01032,-0.00217,-0.03229,0.43565,-0.07708,-0.00086,-0.00238,1
2.7554,-0.44267,0.04573,0.00807,-0.00162,-0.01377,0.00449,1.39298,-0.14957,0.01130,0.02191,-0.00793,-0.12766,0.00303,-0.13374,0.87096,0,0.01032,-0.00217,-0.03229,0.43565,-0.07708,-0.00086,-0.00238,1
2.7574,-0.44267,0.04573,0.00804,-0.00161,-0.01358,0.00399,1.39298,-0.14957,0.01130,0.02155,-0.00784,-0.12802,0.00348,-0.13374,0.87096,0,0.01032,-0.00217,-0.03229,0.43565,-0.07708,-0.00086,-0.00238,1
2.7594,-0.44267,0.04573,0.00801,-0.00161,-0.01340,0.00360,1.39298,-0.14957,0.01130,0.02120,-0.00776,-0.12838,0.00380,-0.13399,0.87098,0,0.01032,-0.00217,-0.03229,0.43565,-0.07708,-0.00086,-0.00238,1
2.7614,-0.44267,0.04573,0.00799,-0.00160,-0.01322,0.00334,1.39298,-0.14957,0.01130,0.02085,-0.00769,-0.12873,0.00400,-0.13423,0.87101,0,0.01032,-0.00217,-0.03229,0.43565,-0.07708,-0.00086,-0.00238,1
2.7634,-0.44267,0.04573,0.00796,-0.00159,-0.01304,0.00319,1.39298,-0.14957,0.01130,0.02050,-0.00761,-0.12908,0.00407,-0.13453,0.87102,0,0.01032,-0.00217,-0.03229,0.43565,-0.07708,-0.00086,-0.00238,1
2.7654,-0.44267,0.04573,0.00794,-0.00159,-0.01286,0.00315,1.39298,-0.14957,0.01130,0.02015,-0.00755,-0.12942,0.00401,-0.13477,0.87103,0,0.01032,-0.00217,-0.03229,0.43565,-0.07708,-0.00086,-0.00238,1
2.7674,-0.44267,0.04573,0.00791,-0.00158,-0.01269,0.00324,1.39298,-0.14957,0.01130,0.01981,-0.00748,-0.12976,0.00382,-0.13500,0.87103,0,0.01032,-0.00217,-0.03229,0.43565,-0.07708,-0.00086,-0.00238,1
2.7694,-0.44267,0.04573,0.00789,-0.00157,-0.01252,0.00343,1.39298,-0.14957,0.01130,0.01947,-0.00740,-0.13010,0.00377,-0.13523,0.87104,0,0.01032,-0.00217,-0.03229,0.43565,-0.07708,-0.00086,-0.00238,1
2.7714,-0.44267,0.04573,0.00786,-0.00157,-0.01235,0.00351,1.39298,-0.14957,0.01130,0.01914,-0.00733,-0.13043,0.00384,-0.13554,0.87104,0,0.01032,-0.00217,-0.03229,0.43565,-0.07708,-0.00086,-0.00238,1
2.7734,-0.44267,0.04573,0.00784,-0.00156,-0.01219,0.00347,1.39298,-0.14957,0.01130,0.01881,-0.00725,-0.13077,0.00404,-0.13584,0.87103,0,0.01032,-0.00217,-0.03229,0.43565,-0.07708,-0.00086,-0.00238,1
2.7754,-0.44267,0.04573,0.00781,-0.00155,-0.01203,0.00332,1.39298,-0.14957,0.01130,0.01848,-0.00718,-0.13109,0.00412,-0.13608,0.87101,0,0.01032,-0.00217,-0.03229,0.43565,-0.07708,-0.00086,-0.00238,1
2.7774,-0.44267,0.04573,0.00779,-0.00155,-0.01187,0.00327,1.39298,-0.14957,0.01130,0.01816,-0.00711,-0.13142,0.00419,-0.13636,0.87101,0,0.01032,-0.00217,-0.03229,0.43565,-0.07708,-0.00086,-0.00238,1
2.7795,-0.44267,0.04573,0.00776,-0.00154,-0.01171,0.00324,1.39298,-0.14957,0.01130,0.01783,-0.00704,-0.13174,0.00426,-0.13685,0.87105,0,0.01032,-0.00217,-0.03229,0.43565,-0.07708,-0.00086,-0.00238,1
2.7815,-0.44267,0.04573,0.00774,-0.00153,-0.01156,0.00320,1.39298,-0.14957,0.01130,0.01751,-0.00697,-0.13206,0.00433,-0.13685,0.87105,0,0.01032,-0.00217,-0.03229,0.43565,-0.07708,-0.00086,-0.00238,1
2.7835,-0.44267,0.04573,0.00772,-0.00153,-0.01140,0.00316,1.39298,-0.14957,0.01130,0.01720,-0.00690,-0.13238,0.00440,-0.13738,0.87103,0,0.01032,-0.00217,-0.03229,0.43565,-0.07708,-0.00086,-0.00238,1
2.7855,-0.44267,0.04573,0.00770,-0.00152,-0.01126,0.00313,1.39298,-0.14957,0.01130,0.01689,-0.00683,-0.13269,0.00447,-0.13738,0.87103,0,0.01032,-0.00217,-0.03229,0.43565,-0.07708,-0.00086,-0.00238,1
2.7875,-0.44267,0.04573,0.00767,-0.00151,-0.01111,0.00309,1.39298,-0.14957,0.01130,0.01658,-0.00676,-0.13300,0.00454,-0.13767,0.87105,0,0.01032,-0.00217,-0.03229,0.43565,-0.07708,-0.00086,-0.00238,1
2.7895,-0.44267,0.04573,0.00765,-0.00151,-0.01096,0.00306,1.39298,-0.14957,0.01130,0.01627,-0.00669,-0.13330,0.00461,-0.13792,0.87106,0,0.01032,-0.00217,-0.03229,0.43565,-0.07708,-0.00086,-0.00238,1
2.7915,-0.43580,0.04567,0.00846,-0.00147,-0.00787,0.00313,1.39510,-0.14957,0.01130,0.02623,-0.00631,-0.13348,0.00480,-0.13852,0.87105,0,0.00969,-0.00160,-0.03093,0.43495,-0.07838,-0.00051,0.00045,1
2.7935,-0.43580,0.04567,0.00845,-0.00146,-0.00786,0.00297,1.39510,-0.14957,0.01130,0.02599,-0.00625,-0.13353,0.00505,-0.13876,0.87108,0,0.00969,-0.00160,-0.03093,0.43495,-0.07838,-0.00051,0.00045,1
2.7957,-0.43580,0.04567,0.00843,-0.00146,-0.00796,0.00277,1.39510,-0.14957,0.01130,0.02573,-0.00618,-0.13346,0.00517,-0.13905,0.87109,0,0.00969,-0.00160,-0.03093,0.43495,-0.07838,-0.00051,0.00045,1
2.7977,-0.43580,0.04567,0.00842,-0.00145,-0.00818,0.00269,1.39510,-0.14957,0.01130,0.02549,-0.00612,-0.13325,0.00518,-0.13927,0.87107,0,0.00969,-0.00160,-0.03093,0.43495,-0.07838,-0.00051,0.00045,1
2.7997,-0.43580,0.04567,0.00840,-0.00145,-0.00852,0.00271,1.39510,-0.14957,0.01130,0.02523,-0.00606,-0.13292,0.00524,-0.13953,0.87113,0,0.00969,-0.00160,-0.03093,0.43495,-0.07838,-0.00051,0.00045,1
2.8017,-0.43580,0.04567,0.00838,-0.00144,-0.00897,0.00268,1.39510,-0.14957,0.01130,0.02497,-0.00600,-0.13246,0.00529,-0.13979,0.87113,0,0.00969,-0.00160,-0.03093,0.43495,-0.07838,-0.00051,0.00045,1
2.8037,-0.43580,0.04567,0.00836,-0.00143,-0.00954,0.00265,1.39510,-0.14957,0.01130,0.02470,-0.00594,-0.13187,0.00535,-0.14000,0.87114,0,0.00969,-0.00160,-0.03093,0.43495,-0.07838,-0.00051,0.00045,1
2.8057,-0.43580,0.04567,0.00834,-0.00143,-0.01022,0.00263,1.39510,-0.14957,0.01130,0.02441,-0.00589,-0.13115,0.00541,-0.14029,0.87116,0,0.00969,-0.00160,-0.03093,0.43495,-0.07838,-0.00051,0.00045,1
2.8077,-0.43580,0.04567,0.00832,-0.00142,-0.01102,0.00260,1.39510,-0.14957,0.01130,0.02411,-0.00583,-0.13031,0.00547,-0.14056,0.87115,0,0.00969,-0.00160,-0.03093,0.43495,-0.07838,-0.00051,0.00045,1
2.8097,-0.43580,0.04567,0.00830,-0.00142,-0.01194,0.00257,1.39510,-0.14957,0.01130,0.02380,-0.00577,-0.12934,0.00553,-0.14073,0.87115,0,0.00969,-0.00160,-0.03093,0.43495,-0.07838,-0.00051,0.00045,1
2.8117,-0.43580,0.04567,0.00827,-0.00141,-0.01297,0.00254,1.39510,-0.14957,0.01130,0.02346,-0.00571,-0.12823,0.00559,-0.14105,0.87115,0,0.00969,-0.00160,-0.03093,0.43495,-0.07838,-0.00051,0.00045,1
2.8137,-0.43580,0.04567,0.00825,-0.00141,-0.01412,0.00252,1.39510,-0.14957,0.01130,0.02311,-0.00566,-0.12701,0.00564,-0.14134,0.87117,0,0.00969,-0.00160,-0.03093,0.43495,-0.07838,-0.00051,0.00045,1
2.8157,-0.43580,0.04567,0.00822,-0.00140,-0.01538,0.00249,1.39510,-0.14957,0.01130,0.02273,-0.00560,-0.12590,0.00570,-0.14161,0.87116,0,0.00969,-0.00160,-0.03093,0.43495,-0.07838,-0.00051,0.00045,1
2.8177,-0.43580,0.04567,0.00819,-0.00140,-0.01653,0.00246,1.39510,-0.14957,0.01130,0.02232,-0.00554,-0.12493,0.00575,-0.14184,0.87117,0,0.00969,-0.00160,-0.03093,0.43495,-0.07838,-0.00051,0.00045,1
2.8197,-0.43580,0.04567,0.00815,-0.00139,-0.01756,0.00244,1.39510,-0.14957,0.01130,0.02190,-0.00549,-0.12409,0.00581,-0.14207,0.87119,0,0.00969,-0.00160,-0.03093,0.43495,-0.07838,-0.00051,0.00045,1
2.8217,-0.43580,0.04567,0.00812,-0.00139,-0.01847,0.00241,1.39510,-0.14957,0.01130,0.02145,-0.00544,-0.12337,0.00586,-0.14227,0.87122,0,0.00969,-0.00160,-0.03093,0.43495,-0.07838,-0.00051,0.00045,1
2.8237,-0.43580,0.04567,0.00808,-0.00138,-0.01927,0.00239,1.39510,-0.14957,0.01130,0.02099,-0.00538,-0.12278,0.00592,-0.14252,0.87121,0,0.00969,-0.00160,-0.03093,0.43495,-0.07838,-0.00051,0.00045,1
2.8258,-0.43580,0.04567,0.00804,-0.00138,-0.01995,0.00236,1.39510,-0.14957,0.01130,0.02051,-0.00533,-0.12232,0.00597,-0.14273,0.87128,0,0.00969,-0.00160,-0.03093,0.43495,-0.07838,-0.00051,0.00045,1
2.8278,-0.43580,0.04567,0.00800,-0.00138,-0.02051,0.00234,1.39510,-0.14957,0.01130,0.02003,-0.00527,-0.12199,0.00602,-0.14297,0.87126,0,0.00969,-0.00160,-0.03093,0.43495,-0.07838,-0.00051,0.00045,1
2.8298,-0.43580,0.04567,0.00796,-0.00137,-0.02095,0.00231,1.39510,-0.14957,0.01130,0.01953,-0.00522,-0.12178,0.00608,-0.14328,0.87125,0,0.00969,-0.00160,-0.03093,0.43495,-0.07838,-0.00051,0.00045,1
2.8318,-0.43580,0.04567,0.00791,-0.00137,-0.02128,0.00229,1.39510,-0.14957,0.01130,0.01902,-0.00517,-0.12170,0.00613,-0.14347,0.87129,0,0.00969,-0.00160,-0.03093,0.43495,-0.07838,-0.00051,0.00045,1
2.8338,-0.43580,0.04567,0.00787,-0.00136,-0.02149,0.00227,1.39510,-0.14957,0.01130,0.01851,-0.00512,-0.12176,0.00618,-0.14376,0.87132,0,0.00969,-0.00160,-0.03093,0.43495,-0.07838,-0.00051,0.00045,1
2.8358,-0.43580,0.04567,0.00783,-0.00136,-0.02158,0.00225,1.39510,-0.14957,0.01130,0.01800,-0.00507,-0.12193,0.00623,-0.14398,0.87131,0,0.00969,-0.00160,-0.03093,0.43495,-0.07838,-0.00051,0.00045,1
2.8378,-0.43580,0.04567,0.00779,-0.00135,-0.02156,0.00222,1.39510,-0.14957,0.01130,0.01748,-0.00502,-0.12224,0.00628,-0.14427,0.87133,0,0.00969,-0.00160,-0.03093,0.43495,-0.07838,-0.00051,0.00045,1
2.8398,-0.43580,0.04567,0.00774,-0.00135,-0.02142,0.00220,1.39510,-0.14957,0.01130,0.01697,-0.00497,-0.12268,0.00633,-0.14447,0.87136,0,0.00969,-0.00160,-0.03093,0.43495,-0.07838,-0.00051,0.00045,1
2.8418,-0.43580,0.04567,0.00770,-0.00134,-0.02116,0.00218,1.39510,-0.14957,0.01130,0.01646,-0.00492,-0.12324,0.00638,-0.14474,0.87138,0,0.00969,-0.00160,-0.03093,0.43495,-0.07838,-0.00051,0.00045,1
2.8438,-0.43580,0.04567,0.00766,-0.00134,-0.02078,0.00216,1.39510,-0.14957,0.01130,0.01596,-0.00487,-0.12393,0.00643,-0.14499,0.87138,0,0.00969,-0.00160,-0.03093,0.43495,-0.07838,-0.00051,0.00045,1
2.8458,-0.43580,0.04567,0.00762,-0.00133,-0.02029,0.00214,1.39510,-0.14957,0.01130,0.01547,-0.00482,-0.12475,0.00648,-0.14524,0.87138,0,0.00969,-0.00160,-0.03093,0.43495,-0.07838,-0.00051,0.00045,1
2.8478,-0.43580,0.04567,0.00758,-0.00133,-0.01968,0.00212,1.39510,-0.14957,0.01130,0.01498,-0.00477,-0.12570,0.00653,-0.14550,0.87141,0,0.00969,-0.00160,-0.03093,0.43495,-0.07838,-0.00051,0.00045,1
2.8498,-0.43580,0.04567,0.00754,-0.00133,-0.01896,0.00210,1.39510,-0.14957,0.01130,0.01451,-0.00472,-0.12677,0.00658,-0.14578,0.87139,0,0.00969,-0.00160,-0.03093,0.43495,-0.07838,-0.00051,0.00045,1
2.8518,-0.43580,0.04567,0.00750,-0.00132,-0.01811,0.00207,1.39510,-0.14957,0.01130,0.01406,-0.00467,-0.12797,0.00663,-0.14600,0.87144,0,0.00969,-0.00160,-0.03093,0.43495,-0.07838,-0.00051,0.00045,1
2.8538,-0.43580,0.04567,0.00747,-0.00132,-0.01715,0.00205,1.39510,-0.14957,0.01130,0.01362,-0.00463,-0.12931,0.00667,-0.14633,0.87144,0,0.00969,-0.00160,-0.03093,0.43495,-0.07838,-0.00051,0.00045,1
2.8558,-0.43580,0.04567,0.00743,-0.00131,-0.01607,0.00204,1.39510,-0.14957,0.01130,0.01320,-0.00458,-0.13076,0.00672,-0.14660,0.87145,0,0.00969,-0.00160,-0.03093,0.43495,-0.07838,-0.00051,0.00045,1
2.8578,-0.42886,0.04555,0.00780,-0.00114,-0.01575,0.00258,1.39271,-0.14957,0.01130,0.01885,-0.00293,-0.13210,0.00690,-0.14687,0.87148,0,0.00906,-0.00110,-0.02962,0.43460,-0.07958,-0.00048,-0.00208,1
2.8599,-0.42886,0.04555,0.00777,-0.00114,-0.01468,0.00244,1.39271,-0.14957,0.01130,0.01846,-0.00287,-0.13330,0.00720,-0.14711,0.87151,0,0.00906,-0.00110,-0.02962,0.43460,-0.07958,-0.00048,-0.00208,1
2.8619,-0.42886,0.04555,0.00774,-0.00113,-0.01372,0.00219,1.39271,-0.14957,0.01130,0.01809,-0.00282,-0.13437,0.00763,-0.14742,0.87150,0,0.00906,-0.00110,-0.02962,0.43460,-0.07958,-0.00048,-0.00208,1
2.8639,-0.42886,0.04555,0.00772,-0.00113,-0.01288,0.00182,1.39271,-0.14957,0.01130,0.01774,-0.00277,-0.13532,0.00819,-0.14771,0.87149,0,0.00906,-0.00110,-0.02962,0.43460,-0.07958,-0.00048,-0.00208,1
2.8659,-0.42886,0.04555,0.00769,-0.00113,-0.01216,0.00133,1.39271,-0.14957,0.01130,0.01740,-0.00274,-0.13614,0.00862,-0.14795,0.87153,0,0.00906,-0.00110,-0.02962,0.43460,-0.07958,-0.00048,-0.00208,1
2.8679,-0.42886,0.04555,0.00767,-0.00112,-0.01155,0.00096,1.39271,-0.14957,0.01130,0.01708,-0.00271,-0.13683,0.00892,-0.14822,0.87154,0,0.00906,-0.00110,-0.02962,0.43460,-0.07958,-0.00048,-0.00208,1
2.8699,-0.42886,0.04555,0.00765,-0.00112,-0.01106,0.00070,1.39271,-0.14957,0.01130,0.01676,-0.00268,-0.13739,0.00910,-0.14855,0.87155,0,0.00906,-0.00110,-0.02962,0.43460,-0.07958,-0.00048,-0.00208,1
2.8719,-0.42886,0.04555,0.00763,-0.00112,-0.01068,0.00056,1.39271,-0.14957,0.01130,0.01646,-0.00267,-0.13783,0.00914,-0.14878,0.87158,0,0.00906,-0.00110,-0.02962,0.43460,-0.07958,-0.00048,-0.00208,1
2.8739,-0.42886,0.04555,0.00760,-0.00112,-0.01042,0.00054,1.39271,-0.14957,0.01130,0.01616,-0.00265,-0.13814,0.00906,-0.14904,0.87160,0,0.00906,-0.00110,-0.02962,0.43460,-0.07958,-0.00048,-0.00208,1
2.8759,-0.42886,0.04555,0.00758,-0.00112,-0.01028,0.00063,1.39271,-0.14957,0.01130,0.01587,-0.00263,-0.13832,0.00885,-0.14932,0.87163,0,0.00906,-0.00110,-0.02962,0.43460,-0.07958,-0.00048,-0.00208,1
2.8779,-0.42886,0.04555,0.00756,-0.00112,-0.01025,0.00084,1.39271,-0.14957,0.01130,0.01558,-0.00261,-0.13837,0.00869,-0.14959,0.87168,0,0.00906,-0.00110,-0.02962,0.43460,-0.07958,-0.00048,-0.00208,1
2.8799,-0.42886,0.04555,0.00754,-0.00112,-0.01034,0.00101,1.39271,-0.14957,0.01130,0.01529,-0.00258,-0.13829,0.00866,-0.14984,0.87168,0,0.00906,-0.00110,-0.02962,0.43460,-0.07958,-0.00048,-0.00208,1
2.8819,-0.42886,0.04555,0.00752,-0.00111,-0.01054,0.00107,1.39271,-0.14957,0.01130,0.01499,-0.00256,-0.13808,0.00874,-0.15007,0.87173,0,0.00906,-0.00110,-0.02962,0.43460,-0.07958,-0.00048,-0.00208,1
2.8839,-0.42886,0.04555,0.00750,-0.00111,-0.01086,0.00100,1.39271,-0.14957,0.01130,0.01469,-0.00253,-0.13775,0.00877,-0.15036,0.87173,0,0.00906,-0.00110,-0.02962,0.43460,-0.07958,-0.00048,-0.00208,1
2.8859,-0.42886,0.04555,0.00748,-0.00111,-0.01130,0.00100,1.39271,-0.14957,0.01130,0.01438,-0.00250,-0.13729,0.00880,-0.15063,0.87173,0,0.00906,-0.00110,-0.02962,0.43460,-0.07958,-0.00048,-0.00208,1
2.8879,-0.42886,0.04555,0.00745,-0.00111,-0.01185,0.00100,1.39271,-0.14957,0.01130,0.01406,-0.00248,-0.13670,0.00882,-0.15091,0.87173,0,0.00906,-0.00110,-0.02962,0.43460,-0.07958,-0.00048,-0.00208,1
2.8899,-0.42886,0.04555,0.00743,-0.00111,-0.01252,0.00099,1.39271,-0.14957,0.01130,0.01373,-0.00245,-0.13598,0.00885,-0.15117,0.87172,0,0.00906,-0.00110,-0.02962,0.43460,-0.07958,-0.00048,-0.00208,1
2.8919,-0.42886,0.04555,0.00740,-0.00110,-0.01330,0.00099,1.39271,-0.14957,0.01130,0.01339,-0.00242,-0.13540,0.00888,-0.15146,0.87173,0,0.00906,-0.00110,-0.02962,0.43460,-0.07958,-0.00048,-0.00208,1
2.8939,-0.42886,0.04555,0.00738,-0.00110,-0.01397,0.00098,1.39271,-0.14957,0.01130,0.01303,-0.00240,-0.13493,0.00890,-0.15171,0.87178,0,0.00906,-0.00110,-0.02962,0.43460,-0.07958,-0.00048,-0.00208,1
2.8959,-0.42886,0.04555,0.00735,-0.00110,-0.01452,0.00098,1.39271,-0.14957,0.01130,0.01266,-0.00237,-0.13460,0.00893,-0.15196,0.87179,0,0.00906,-0.00110,-0.02962,0.43460,-0.07958,-0.00048,-0.00208,1
2.8979,-0.42886,0.04555,0.00732,-0.00110,-0.01495,0.00097,1.39271,-0.14957,0.01130,0.01228,-0.00234,-0.13440,0.00895,-0.15224,0.87181,0,0.00906,-0.00110,-0.02962,0.43460,-0.07958,-0.00048,-0.00208,1
2.8999,-0.42886,0.04555,0.00729,-0.00110,-0.01527,0.00097,1.39271,-0.14957,0.01130,0.01189,-0.00232,-0.13432,0.00898,-0.15250,0.87181,0,0.00906,-0.00110,-0.02962,0.43460,-0.07958,-0.00048,-0.00208,1
2.9019,-0.42886,0.04555,0.00726,-0.00109,-0.01547,0.00097,1.39271,-0.14957,0.01130,0.01150,-0.00229,-0.13437,0.00901,-0.15276,0.87184,0,0.00906,-0.00110,-0.02962,0.43460,-0.07958,-0.00048,-0.00208,1
2.9039,-0.42886,0.04555,0.00723,-0.00109,-0.01555,0.00096,1.39271,-0.14957,0.01130,0.01111,-0.00227,-0.13455,0.00903,-0.15304,0.87187,0,0.00906,-0.00110,-0.02962,0.43460,-0.07958,-0.00048,-0.00208,1
2.9059,-0.42886,0.04555,0.00720,-0.00109,-0.01552,0.00096,1.39271,-0.14957,0.01130,0.01071,-0.00224,-0.13486,0.00906,-0.15328,0.87189,0,0.00906,-0.00110,-0.02962,0.43460,-0.07958,-0.00048,-0.00208,1
2.9079,-0.42886,0.04555,0.00717,-0.00109,-0.01536,0.00095,1.39271,-0.14957,0.01130,0.01032,-0.00222,-0.13529,0.00908,-0.15361,0.87189,0,0.00906,-0.00110,-0.02962,0.43460,-0.07958,-0.00048,-0.00208,1
2.9099,-0.42886,0.04555,0.00713,-0.00109,-0.01510,0.00095,1.39271,-0.14957,0.01130,0.00993,-0.00219,-0.13585,0.00911,-0.15389,0.87189,0,0.00906,-0.00110,-0.02962,0.43460,-0.07958,-0.00048,-0.00208,1
2.9119,-0.42886,0.04555,0.00711,-0.00108,-0.01471,0.00095,1.39271,-0.14957,0.01130,0.00955,-0.00216,-0.13655,0.00913,-0.15419,0.87191,0,0.00906,-0.00110,-0.02962,0.43460,-0.07958,-0.00048,-0.00208,1
2.9139,-0.42886,0.04555,0.00708,-0.00108,-0.01421,0.00094,1.39271,-0.14957,0.01130,0.00917,-0.00214,-0.13736,0.00916,-0.15442,0.87193,0,0.00906,-0.00110,-0.02962,0.43460,-0.07958,-0.00048,-0.00208,1
2.9160,-0.42886,0.04555,0.00705,-0.00108,-0.01359,0.00094,1.39271,-0.14957,0.01130,0.00881,-0.00211,-0.13831,0.00918,-0.15475,0.87196,0,0.00906,-0.00110,-0.02962,0.43460,-0.07958,-0.00048,-0.00208,1
2.9180,-0.42886,0.04555,0.00702,-0.00108,-0.01285,0.00094,1.39271,-0.14957,0.01130,0.00846,-0.00209,-0.13939,0.00921,-0.15508,0.87195,0,0.00906,-0.00110,-0.02962,0.43460,-0.07958,-0.00048,-0.00208,1
2.9200,-0.42886,0.04555,0.00700,-0.00108,-0.01200,0.00093,1.39271,-0.14957,0.01130,0.00812,-0.00206,-0.14059,0.00924,-0.15537,0.87199,0,0.00906,-0.00110,-0.02962,0.43460,-0.07958,-0.00048,-0.00208,1
2.9220,-0.42040,0.04510,0.00711,-0.00100,-0.01168,0.00123,1.39180,-0.14957,0.01130,0.01172,-0.00145,-0.14166,0.00939,-0.15562,0.87200,0,0.00779,-0.00098,-0.03094,0.43429,-0.07765,-0.00023,0.00041,1
2.9240,-0.42040,0.04510,0.00709,-0.00100,-0.01083,0.00111,1.39180,-0.14957,0.01130,0.01141,-0.00142,-0.14261,0.00967,-0.15595,0.87202,0,0.00779,-0.00098,-0.03094,0.43429,-0.07765,-0.00023,0.00041,1
2.9260,-0.42040,0.04510,0.00707,-0.00100,-0.01010,0.00087,1.39180,-0.14957,0.01130,0.01111,-0.00139,-0.14343,0.00991,-0.15619,0.87204,0,0.00779,-0.00098,-0.03094,0.43429,-0.07765,-0.00023,0.00041,1
2.9280,-0.42040,0.04510,0.00705,-0.00100,-0.00948,0.00068,1.39180,-0.14957,0.01130,0.01083,-0.00137,-0.14412,0.01001,-0.15655,0.87205,0,0.00779,-0.00098,-0.03094,0.43429,-0.07765,-0.00023,0.00041,1
2.9300,-0.42040,0.04510,0.00703,-0.00099,-0.00898,0.00059,1.39180,-0.14957,0.01130,0.01056,-0.00135,-0.14468,0.01000,-0.15686,0.87204,0,0.00779,-0.00098,-0.03094,0.43429,-0.07765,-0.00023,0.00041,1
2.9320,-0.42040,0.04510,0.00702,-0.00099,-0.00859,0.00063,1.39180,-0.14957,0.01130,0.01030,-0.00133,-0.14512,0.00997,-0.15711,0.87210,0,0.00779,-0.00098,-0.03094,0.43429,-0.07765,-0.00023,0.00041,1
2.9340,-0.42040,0.04510,0.00700,-0.00099,-0.00832,0.00067,1.39180,-0.14957,0.01130,0.01004,-0.00131,-0.14543,0.00999,-0.15742,0.87211,0,0.00779,-0.00098,-0.03094,0.43429,-0.07765,-0.00023,0.00041,1
2.9360,-0.42040,0.04510,0.00698,-0.00099,-0.00816,0.00067,1.39180,-0.14957,0.01130,0.00979,-0.00129,-0.14561,0.01001,-0.15769,0.87213,0,0.00779,-0.00098,-0.03094,0.43429,-0.07765,-0.00023,0.00041,1
2.9380,-0.42040,0.04510,0.00697,-0.00099,-0.00813,0.00067,1.39180,-0.14957,0.01130,0.00954,-0.00127,-0.14566,0.01003,-0.15798,0.87215,0,0.00779,-0.00098,-0.03094,0.43429,-0.07765,-0.00023,0.00041,1
2.9400,-0.42040,0.04510,0.00695,-0.00099,-0.00820,0.00067,1.39180,-0.14957,0.01130,0.00929,-0.00125,-0.14558,0.01005,-0.15826,0.87219,0,0.00779,-0.00098,-0.03094,0.43429,-0.07765,-0.00023,0.00041,1
2.9420,-0.42040,0.04510,0.00693,-0.00099,-0.00840,0.00067,1.39180,-0.14957,0.01130,0.00903,-0.00123,-0.14537,0.01007,-0.15853,0.87220,0,0.00779,-0.00098,-0.03094,0.43429,-0.07765,-0.00023,0.00041,1
2.9440,-0.42040,0.04510,0.00692,-0.00099,-0.00871,0.00067,1.39180,-0.14957,0.01130,0.00878,-0.00121,-0.14504,0.01009,-0.15879,0.87225,0,0.00779,-0.00098,-0.03094,0.43429,-0.07765,-0.00023,0.00041,1
2.9460,-0.42040,0.04510,0.00690,-0.00098,-0.00913,0.00067,1.39180,-0.14957,0.01130,0.00851,-0.00119,-0.14458,0.01011,-0.15912,0.87226,0,0.00779,-0.00098,-0.03094,0.43429,-0.07765,-0.00023,0.00041,1
2.9480,-0.42040,0.04510,0.00688,-0.00098,-0.00967,0.00067,1.39180,-0.14957,0.01130,0.00824,-0.00117,-0.14399,0.01013,-0.15938,0.87228,0,0.00779,-0.00098,-0.03094,0.43429,-0.07765,-0.00023,0.00041,1
2.9500,-0.42040,0.04510,0.00686,-0.00098,-0.01033,0.00067,1.39180,-0.14957,0.01130,0.00795,-0.00115,-0.14328,0.01015,-0.15959,0.87230,0,0.00779,-0.00098,-0.03094,0.43429,-0.07765,-0.00023,0.00041,1
2.9520,-0.42040,0.04510,0.00684,-0.00098,-0.01110,0.00067,1.39180,-0.14957,0.01130,0.00765,-0.00113,-0.14243,0.01017,-0.15991,0.87230,0,0.00779,-0.00098,-0.03094,0.43429,-0.07765,-0.00023,0.00041,1
2.9540,-0.42040,0.04510,0.00681,-0.00098,-0.01199,0.00067,1.39180,-0.14957,0.01130,0.00733,-0.00111,-0.14171,0.01019,-0.16017,0.87234,0,0.00779,-0.00098,-0.03094,0.43429,-0.07765,-0.00023,0.00041,1
2.9560,-0.42040,0.04510,0.00679,-0.00098,-0.01277,0.00067,1.39180,-0.14957,0.01130,0.00700,-0.00109,-0.14112,0.01021,-0.16037,0.87236,0,0.00779,-0.00098,-0.03094,0.43429,-0.07765,-0.00023,0.00041,1
2.9580,-0.42040,0.04510,0.00676,-0.00098,-0.01342,0.00067,1.39180,-0.14957,0.01130,0.00665,-0.00107,-0.14066,0.01023,-0.16067,0.87239,0,0.00779,-0.00098,-0.03094,0.43429,-0.07765,-0.00023,0.00041,1
2.9600,-0.42040,0.04510,0.00674,-0.00097,-0.01396,0.00067,1.39180,-0.14957,0.01130,0.00629,-0.00105,-0.14033,0.01025,-0.16089,0.87244,0,0.00779,-0.00098,-0.03094,0.43429,-0.07765,-0.00023,0.00041,1
2.9620,-0.42040,0.04510,0.00671,-0.00097,-0.01438,0.00067,1.39180,-0.14957,0.01130,0.00592,-0.00103,-0.14013,0.01027,-0.16115,0.87246,0,0.00779,-0.00098,-0.03094,0.43429,-0.07765,-0.00023,0.00041,1
2.9640,-0.42040,0.04510,0.00668,-0.00097,-0.01469,0.00066,1.39180,-0.14957,0.01130,0.00555,-0.00101,-0.14005,0.01029,-0.16141,0.87251,0,0.00779,-0.00098,-0.03094,0.43429,-0.07765,-0.00023,0.00041,1
2.9660,-0.42040,0.04510,0.00665,-0.00097,-0.01488,0.00066,1.39180,-0.14957,0.01130,0.00517,-0.00099,-0.14010,0.01031,-0.16172,0.87250,0,0.00779,-0.00098,-0.03094,0.43429,-0.07765,-0.00023,0.00041,1
2.9680,-0.42040,0.04510,0.00662,-0.00097,-0.01495,0.00066,1.39180,-0.14957,0.01130,0.00478,-0.00097,-0.14028,0.01033,-0.16200,0.87253,0,0.00779,-0.00098,-0.03094,0.43429,-0.07765,-0.00023,0.00041,1
2.9700,-0.42040,0.04510,0.00659,-0.00097,-0.01490,0.00066,1.39180,-0.14957,0.01130,0.00440,-0.00095,-0.14059,0.01035,-0.16228,0.87257,0,0.00779,-0.00098,-0.03094,0.43429,-0.07765,-0.00023,0.00041,1
2.9720,-0.42040,0.04510,0.00656,-0.00097,-0.01474,0.00066,1.39180,-0.14957,0.01130,0.00402,-0.00093,-0.14102,0.01036,-0.16258,0.87256,0,0.00779,-0.00098,-0.03094,0.43429,-0.07765,-0.00023,0.00041,1
2.9740,-0.42040,0.04510,0.00653,-0.00097,-0.01446,0.00066,1.39180,-0.14957,0.01130,0.00364,-0.00091,-0.14158,0.01038,-0.16291,0.87257,0,0.00779,-0.00098,-0.03094,0.43429,-0.07765,-0.00023,0.00041,1
2.9760,-0.42040,0.04510,0.00650,-0.00096,-0.01407,0.00066,1.39180,-0.14957,0.01130,0.00327,-0.00089,-0.14227,0.01040,-0.16321,0.87261,0,0.00779,-0.00098,-0.03094,0.43429,-0.07765,-0.00023,0.00041,1
2.9780,-0.42040,0.04510,0.00647,-0.00096,-0.01355,0.00066,1.39180,-0.14957,0.01130,0.00291,-0.00087,-0.14309,0.01042,-0.16343,0.87262,0,0.00779,-0.00098,-0.03094,0.43429,-0.07765,-0.00023,0.00041,1
2.9801,-0.42040,0.04510,0.00645,-0.00096,-0.01292,0.00066,1.39180,-0.14957,0.01130,0.00256,-0.00086,-0.14404,0.01044,-0.16375,0.87268,0,0.00779,-0.00098,-0.03094,0.43429,-0.07765,-0.00023,0.00041,1
2.9821,-0.42040,0.04510,0.00642,-0.00096,-0.01218,0.00066,1.39180,-0.14957,0.01130,0.00222,-0.00084,-0.14512,0.01046,-0.16408,0.87271,0,0.00779,-0.00098,-0.03094,0.43429,-0.07765,-0.00023,0.00041,1
2.9841,-0.42040,0.04510,0.00640,-0.00096,-0.01131,0.00066,1.39180,-0.14957,0.01130,0.00190,-0.00082,-0.14632,0.01048,-0.16440,0.87271,0,0.00779,-0.00098,-0.03094,0.43429,-0.07765,-0.00023,0.00041,1
2.9861,-0.42040,0.04510,0.00638,-0.00096,-0.01033,0.00066,1.39180,-0.14957,0.01130,0.00160,-0.00080,-0.14765,0.01050,-0.16469,0.87274,0,0.00779,-0.00098,-0.03094,0.43429,-0.07765,-0.00023,0.00041,1
2.9881,-0.42040,0.04510,0.00636,-0.00096,-0.00924,0.00065,1.39180,-0.14957,0.01130,0.00131,-0.00078,-0.14885,0.01052,-0.16497,0.87278,0,0.00779,-0.00098,-0.03094,0.43429,-0.07765,-0.00023,0.00041,1
2.9901,-0.41377,0.04587,0.00661,-0.00102,-0.00877,0.00044,1.38900,-0.14957,0.01130,0.00565,-0.00112,-0.14993,0.01041,-0.16527,0.87276,0,0.00742,-0.00110,-0.02277,0.43331,-0.08665,-0.00045,-0.00548,1
2.9921,-0.41377,0.04587,0.00659,-0.00101,-0.00791,0.00056,1.38900,-0.14957,0.01130,0.00540,-0.00111,-0.15087,0.01019,-0.16563,0.87277,0,0.00742,-0.00110,-0.02277,0.43331,-0.08665,-0.00045,-0.00548,1
2.9941,-0.41377,0.04587,0.00657,-0.00101,-0.00716,0.00078,1.38900,-0.14957,0.01130,0.00516,-0.00109,-0.15169,0.01010,-0.16587,0.87282,0,0.00742,-0.00110,-0.02277,0.43331,-0.08665,-0.00045,-0.00548,1
2.9961,-0.41377,0.04587,0.00656,-0.00101,-0.00653,0.00088,1.38900,-0.14957,0.01130,0.00493,-0.00106,-0.15238,0.01013,-0.16627,0.87283,0,0.00742,-0.00110,-0.02277,0.43331,-0.08665,-0.00045,-0.00548,1
2.9981,-0.41377,0.04587,0.00655,-0.00101,-0.00602,0.00087,1.38900,-0.14957,0.01130,0.00472,-0.00104,-0.15295,0.01026,-0.16655,0.87283,0,0.00742,-0.00110,-0.02277,0.43331,-0.08665,-0.00045,-0.00548,1
3.0001,-0.41377,0.04587,0.00654,-0.00101,-0.00563,0.00077,1.38900,-0.14957,0.01130,0.00452,-0.00102,-0.15338,0.01028,-0.16683,0.87285,0,0.00742,-0.00110,-0.02277,0.43331,-0.08665,-0.00045,-0.00548,1
3.0021,-0.41377,0.04587,0.00653,-0.00101,-0.00535,0.00077,1.38900,-0.14957,0.01130,0.00432,-0.00100,-0.15369,0.01030,-0.16716,0.87287,0,0.00742,-0.00110,-0.02277,0.43331,-0.08665,-0.00045,-0.00548,1
3.0041,-0.41377,0.04587,0.00651,-0.00101,-0.00519,0.00077,1.38900,-0.14957,0.01130,0.00412,-0.00097,-0.15387,0.01033,-0.16746,0.87289,0,0.00742,-0.00110,-0.02277,0.43331,-0.08665,-0.00045,-0.00548,1
3.0061,-0.41377,0.04587,0.00650,-0.00100,-0.00514,0.00077,1.38900,-0.14957,0.01130,0.00393,-0.00095,-0.15392,0.01035,-0.16779,0.87291,0,0.00742,-0.00110,-0.02277,0.43331,-0.08665,-0.00045,-0.00548,1
3.0081,-0.41377,0.04587,0.00649,-0.00100,-0.00521,0.00076,1.38900,-0.14957,0.01130,0.00374,-0.00093,-0.15384,0.01037,-0.16806,0.87292,0,0.00742,-0.00110,-0.02277,0.43331,-0.08665,-0.00045,-0.00548,1
3.0101,-0.41377,0.04587,0.00648,-0.00100,-0.00539,0.00076,1.38900,-0.14957,0.01130,0.00355,-0.00091,-0.15364,0.01039,-0.16839,0.87295,0,0.00742,-0.00110,-0.02277,0.43331,-0.08665,-0.00045,-0.00548,1
3.0121,-0.41377,0.04587,0.00647,-0.00100,-0.00570,0.00076,1.38900,-0.14957,0.01130,0.00335,-0.00089,-0.15331,0.01041,-0.16864,0.87297,0,0.00742,-0.00110,-0.02277,0.43331,-0.08665,-0.00045,-0.00548,1
3.0141,-0.41377,0.04587,0.00646,-0.00100,-0.00611,0.00076,1.38900,-0.14957,0.01130,0.00314,-0.00086,-0.15284,0.01043,-0.16899,0.87296,0,0.00742,-0.00110,-0.02277,0.43331,-0.08665,-0.00045,-0.00548,1
3.0161,-0.41377,0.04587,0.00645,-0.00100,-0.00665,0.00076,1.38900,-0.14957,0.01130,0.00293,-0.00084,-0.15226,0.01046,-0.16925,0.87298,0,0.00742,-0.00110,-0.02277,0.43331,-0.08665,-0.00045,-0.00548,1
3.0181,-0.41377,0.04587,0.00643,-0.00099,-0.00730,0.00075,1.38900,-0.14957,0.01130,0.00270,-0.00082,-0.15154,0.01048,-0.16956,0.87299,0,0.00742,-0.00110,-0.02277,0.43331,-0.08665,-0.00045,-0.00548,1
3.0201,-0.41377,0.04587,0.00642,-0.00099,-0.00806,0.00075,1.38900,-0.14957,0.01130,0.00246,-0.00080,-0.15069,0.01050,-0.16984,0.87301,0,0.00742,-0.00110,-0.02277,0.43331,-0.08665,-0.00045,-0.00548,1
3.0221,-0.41377,0.04587,0.00640,-0.00099,-0.00895,0.00075,1.38900,-0.14957,0.01130,0.00220,-0.00078,-0.14972,0.01052,-0.17010,0.87306,0,0.00742,-0.00110,-0.02277,0.43331,-0.08665,-0.00045,-0.00548,1
3.0241,-0.41377,0.04587,0.00638,-0.00099,-0.00994,0.00075,1.38900,-0.14957,0.01130,0.00193,-0.00076,-0.14862,0.01054,-0.17039,0.87306,0,0.00742,-0.00110,-0.02277,0.43331,-0.08665,-0.00045,-0.00548,1
3.0261,-0.41377,0.04587,0.00636,-0.00099,-0.01106,0.00075,1.38900,-0.14957,0.01130,0.00163,-0.00073,-0.14765,0.01056,-0.17074,0.87310,0,0.00742,-0.00110,-0.02277,0.43331,-0.08665,-0.00045,-0.00548,1
3.0281,-0.41377,0.04587,0.00634,-0.00099,-0.01206,0.00074,1.38900,-0.14957,0.01130,0.00131,-0.00071,-0.14680,0.01059,-0.17098,0.87311,0,0.00742,-0.00110,-0.02277,0.43331,-0.08665,-0.00045,-0.00548,1
3.0301,-0.41377,0.04587,0.00631,-0.00099,-0.01294,0.00074,1.38900,-0.14957,0.01130,0.00098,-0.00069,-0.14608,0.01061,-0.17127,0.87317,0,0.00742,-0.00110,-0.02277,0.43331,-0.08665,-0.00045,-0.00548,1
3.0321,-0.41377,0.04587,0.00629,-0.00098,-0.01370,0.00074,1.38900,-0.14957,0.01130,0.00062,-0.00067,-0.14550,0.01063,-0.17153,0.87316,0,0.00742,-0.00110,-0.02277,0.43331,-0.08665,-0.00045,-0.00548,1
3.0341,-0.41377,0.04587,0.00626,-0.00098,-0.01435,0.00074,1.38900,-0.14957,0.01130,0.00026,-0.00065,-0.14503,0.01065,-0.17181,0.87318,0,0.00742,-0.00110,-0.02277,0.43331,-0.08665,-0.00045,-0.00548,1
3.0361,-0.41377,0.04587,0.00623,-0.00098,-0.01488,0.00074,1.38900,-0.14957,0.01130,-0.00012,-0.00063,-0.14470,0.01067,-0.17207,0.87324,0,0.00742,-0.00110,-0.02277,0.43331,-0.08665,-0.00045,-0.00548,1
3.0381,-0.41377,0.04587,0.00620,-0.00098,-0.01529,0.00073,1.38900,-0.14957,0.01130,-0.00051,-0.00061,-0.14450,0.01069,-0.17239,0.87321,0,0.00742,-0.00110,-0.02277,0.43331,-0.08665,-0.00045,-0.00548,1
3.0401,-0.41377,0.04587,0.00617,-0.00098,-0.01559,0.00073,1.38900,-0.14957,0.01130,-0.00090,-0.00059,-0.14442,0.01071,-0.17270,0.87326,0,0.00742,-0.00110,-0.02277,0.43331,-0.08665,-0.00045,-0.00548,1
3.0421,-0.41377,0.04587,0.00614,-0.00098,-0.01577,0.00073,1.38900,-0.14957,0.01130,-0.00130,-0.00056,-0.14447,0.01073,-0.17296,0.87328,0,0.00742,-0.00110,-0.02277,0.43331,-0.08665,-0.00045,-0.00548,1
3.0441,-0.41377,0.04587,0.00611,-0.00098,-0.01583,0.00073,1.38900,-0.14957,0.01130,-0.00170,-0.00054,-0.14465,0.01076,-0.17327,0.87332,0,0.00742,-0.00110,-0.02277,0.43331,-0.08665,-0.00045,-0.00548,1
3.0462,-0.41377,0.04587,0.00607,-0.00097,-0.01577,0.00073,1.38900,-0.14957,0.01130,-0.00210,-0.00052,-0.14496,0.01078,-0.17359,0.87333,0,0.00742,-0.00110,-0.02277,0.43331,-0.08665,-0.00045,-0.00548,1
3.0482,-0.41377,0.04587,0.00604,-0.00097,-0.01560,0.00072,1.38900,-0.14957,0.01130,-0.00250,-0.00050,-0.14539,0.01080,-0.17390,0.87337,0,0.00742,-0.00110,-0.02277,0.43331,-0.08665,-0.00045,-0.00548,1
3.0502,-0.41377,0.04587,0.00601,-0.00097,-0.01531,0.00072,1.38900,-0.14957,0.01130,-0.00289,-0.00048,-0.14595,0.01082,-0.17421,0.87337,0,0.00742,-0.00110,-0.02277,0.43331,-0.08665,-0.00045,-0.00548,1
3.0522,-0.41377,0.04587,0.00598,-0.00097,-0.01491,0.00072,1.38900,-0.14957,0.01130,-0.00328,-0.00046,-0.14665,0.01084,-0.17448,0.87344,0,0.00742,-0.00110,-0.02277,0.43331,-0.08665,-0.00045,-0.00548,1
3.0542,-0.41377,0.04587,0.00595,-0.00097,-0.01439,0.00072,1.38900,-0.14957,0.01130,-0.00366,-0.00044,-0.14746,0.01086,-0.17481,0.87342,0,0.00742,-0.00110,-0.02277,0.43331,-0.08665,-0.00045,-0.00548,1
3.0562,-0.41377,0.04587,0.00592,-0.00097,-0.01375,0.00072,1.38900,-0.14957,0.01130,-0.00403,-0.00042,-0.14841,0.01088,-0.17513,0.87343,0,0.00742,-0.00110,-0.02277,0.43331,-0.08665,-0.00045,-0.00548,1
3.0582,-0.41377,0.04587,0.00590,-0.00097,-0.01299,0.00072,1.38900,-0.14957,0.01130,-0.00438,-0.00040,-0.14949,0.01090,-0.17543,0.87346,0,0.00742,-0.00110,-0.02277,0.43331,-0.08665,-0.00045,-0.00548,1
3.0602,-0.40576,0.04601,0.00592,-0.00087,-0.01341,0.00104,1.39019,-0.14957,0.01130,-0.00183,0.00060,-0.15069,0.01105,-0.17577,0.87348,0,0.00655,-0.00082,-0.02270,0.43201,-0.08645,0.00058,-0.00356,1
3.0622,-0.40576,0.04601,0.00590,-0.00087,-0.01242,0.00092,1.39019,-0.14957,0.01130,-0.00217,0.00062,-0.15176,0.01133,-0.17601,0.87355,0,0.00655,-0.00082,-0.02270,0.43201,-0.08645,0.00058,-0.00356,1
3.0642,-0.40576,0.04601,0.00587,-0.00087,-0.01154,0.00068,1.39019,-0.14957,0.01130,-0.00250,0.00065,-0.15271,0.01173,-0.17636,0.87353,0,0.00655,-0.00082,-0.02270,0.43201,-0.08645,0.00058,-0.00356,1
3.0662,-0.40576,0.04601,0.00585,-0.00086,-0.01079,0.00033,1.39019,-0.14957,0.01130,-0.00281,0.00066,-0.15353,0.01201,-0.17669,0.87357,0,0.00655,-0.00082,-0.02270,0.43201,-0.08645,0.00058,-0.00356,1
3.0682,-0.40576,0.04601,0.00583,-0.00086,-0.01015,0.00010,1.39019,-0.14957,0.01130,-0.00310,0.00067,-0.15422,0.01216,-0.17707,0.87357,0,0.00655,-0.00082,-0.02270,0.43201,-0.08645,0.00058,-0.00356,1
3.0702,-0.40576,0.04601,0.00581,-0.00086,-0.00962,-0.00002,1.39019,-0.14957,0.01130,-0.00339,0.00068,-0.15478,0.01218,-0.17734,0.87361,0,0.00655,-0.00082,-0.02270,0.43201,-0.08645,0.00058,-0.00356,1
3.0722,-0.40576,0.04601,0.00579,-0.00086,-0.00921,-0.00003,1.39019,-0.14957,0.01130,-0.00366,0.00069,-0.15522,0.01207,-0.17764,0.87363,0,0.00655,-0.00082,-0.02270,0.43201,-0.08645,0.00058,-0.00356,1
3.0742,-0.40576,0.04601,0.00577,-0.00086,-0.00892,0.00008,1.39019,-0.14957,0.01130,-0.00393,0.00070,-0.15553,0.01199,-0.17796,0.87368,0,0.00655,-0.00082,-0.02270,0.43201,-0.08645,0.00058,-0.00356,1
3.0762,-0.40576,0.04601,0.00575,-0.00086,-0.00874,0.00017,1.39019,-0.14957,0.01130,-0.00419,0.00071,-0.15571,0.01200,-0.17825,0.87370,0,0.00655,-0.00082,-0.02270,0.43201,-0.08645,0.00058,-0.00356,1
3.0782,-0.40576,0.04601,0.00574,-0.00086,-0.00868,0.00018,1.39019,-0.14957,0.01130,-0.00446,0.00072,-0.15576,0.01201,-0.17858,0.87373,0,0.00655,-0.00082,-0.02270,0.43201,-0.08645,0.00058,-0.00356,1
3.0802,-0.40576,0.04601,0.00572,-0.00086,-0.00874,0.00018,1.39019,-0.14957,0.01130,-0.00472,0.00073,-0.15568,0.01202,-0.17885,0.87376,0,0.00655,-0.00082,-0.02270,0.43201,-0.08645,0.00058,-0.00356,1
3.0822,-0.40576,0.04601,0.00570,-0.00086,-0.00891,0.00019,1.39019,-0.14957,0.01130,-0.00498,0.00074,-0.15548,0.01204,-0.17910,0.87380,0,0.00655,-0.00082,-0.02270,0.43201,-0.08645,0.00058,-0.00356,1
3.0842,-0.40576,0.04601,0.00568,-0.00086,-0.00920,0.00020,1.39019,-0.14957,0.01130,-0.00525,0.00075,-0.15514,0.01205,-0.17944,0.87376,0,0.00655,-0.00082,-0.02270,0.43201,-0.08645,0.00058,-0.00356,1
3.0862,-0.40576,0.04601,0.00566,-0.00086,-0.00960,0.00020,1.39019,-0.14957,0.01130,-0.00553,0.00076,-0.15494,0.01206,-0.17976,0.87381,0,0.00655,-0.00082,-0.02270,0.43201,-0.08645,0.00058,-0.00356,1
3.0882,-0.40576,0.04601,0.00564,-0.00086,-0.00989,0.00021,1.39019,-0.14957,0.01130,-0.00581,0.00077,-0.15486,0.01207,-0.18001,0.87384,0,0.00655,-0.00082,-0.02270,0.43201,-0.08645,0.00058,-0.00356,1
3.0902,-0.40576,0.04601,0.00563,-0.00086,-0.01006,0.00021,1.39019,-0.14957,0.01130,-0.00609,0.00078,-0.15491,0.01208,-0.18035,0.87385,0,0.00655,-0.00082,-0.02270,0.43201,-0.08645,0.00058,-0.00356,1
3.0922,-0.40576,0.04601,0.00560,-0.00086,-0.01011,0.00022,1.39019,-0.14957,0.01130,-0.00638,0.00079,-0.15509,0.01209,-0.18063,0.87387,0,0.00655,-0.00082,-0.02270,0.43201,-0.08645,0.00058,-0.00356,1
3.0942,-0.40576,0.04601,0.00558,-0.00086,-0.01005,0.00022,1.39019,-0.14957,0.01130,-0.00667,0.00080,-0.15540,0.01210,-0.18100,0.87390,0,0.00655,-0.00082,-0.02270,0.43201,-0.08645,0.00058,-0.00356,1
3.0963,-0.40576,0.04601,0.00556,-0.00086,-0.00987,0.00023,1.39019,-0.14957,0.01130,-0.00696,0.00081,-0.15583,0.01211,-0.18126,0.87391,0,0.00655,-0.00082,-0.02270,0.43201,-0.08645,0.00058,-0.00356,1
3.0983,-0.40576,0.04601,0.00555,-0.00086,-0.00957,0.00023,1.39019,-0.14957,0.01130,-0.00724,0.00082,-0.15640,0.01212,-0.18154,0.87396,0,0.00655,-0.00082,-0.02270,0.43201,-0.08645,0.00058,-0.00356,1
3.1003,-0.40576,0.04601,0.00553,-0.00086,-0.00916,0.00024,1.39019,-0.14957,0.01130,-0.00751,0.00084,-0.15708,0.01213,-0.18188,0.87400,0,0.00655,-0.00082,-0.02270,0.43201,-0.08645,0.00058,-0.00356,1
3.1023,-0.40576,0.04601,0.00551,-0.00086,-0.00863,0.00024,1.39019,-0.14957,0.01130,-0.00778,0.00085,-0.15765,0.01215,-0.18218,0.87403,0,0.00655,-0.00082,-0.02270,0.43201,-0.08645,0.00058,-0.00356,1
3.1043,-0.40576,0.04601,0.00549,-0.00086,-0.00822,0.00025,1.39019,-0.14957,0.01130,-0.00803,0.00086,-0.15808,0.01216,-0.18248,0.87406,0,0.00655,-0.00082,-0.02270,0.43201,-0.08645,0.00058,-0.00356,1
3.1063,-0.40576,0.04601,0.00548,-0.00086,-0.00792,0.00025,1.39019,-0.14957,0.01130,-0.00828,0.00087,-0.15838,0.01217,-0.18281,0.87407,0,0.00655,-0.00082,-0.02270,0.43201,-0.08645,0.00058,-0.00356,1
3.1083,-0.40576,0.04601,0.00546,-0.00086,-0.00774,0.00026,1.39019,-0.14957,0.01130,-0.00852,0.00088,-0.15856,0.01218,-0.18316,0.87405,0,0.00655,-0.00082,-0.02270,0.43201,-0.08645,0.00058,-0.00356,1
3.1103,-0.40576,0.04601,0.00544,-0.00086,-0.00768,0.00026,1.39019,-0.14957,0.01130,-0.00877,0.00089,-0.15861,0.01219,-0.18350,0.87406,0,0.00655,-0.00082,-0.02270,0.43201,-0.08645,0.00058,-0.00356,1
3.1123,-0.40576,0.04601,0.00543,-0.00086,-0.00773,0.00027,1.39019,-0.14957,0.01130,-0.00901,0.00091,-0.15858,0.01220,-0.18386,0.87408,0,0.00655,-0.00082,-0.02270,0.43201,-0.08645,0.00058,-0.00356,1
3.1143,-0.40576,0.04601,0.00541,-0.00085,-0.00785,0.00027,1.39019,-0.14957,0.01130,-0.00925,0.00092,-0.15868,0.01222,-0.18418,0.87411,0,0.00655,-0.00082,-0.02270,0.43201,-0.08645,0.00058,-0.00356,1
3.1163,-0.40576,0.04601,0.00540,-0.00085,-0.00786,0.00028,1.39019,-0.14957,0.01130,-0.00949,0.00093,-0.15891,0.01223,-0.18447,0.87414,0,0.00655,-0.00082,-0.02270,0.43201,-0.08645,0.00058,-0.00356,1
3.1183,-0.40576,0.04601,0.00538,-0.00085,-0.00775,0.00028,1.39019,-0.14957,0.01130,-0.00974,0.00094,-0.15926,0.01224,-0.18479,0.87418,0,0.00655,-0.00082,-0.02270,0.43201,-0.08645,0.00058,-0.00356,1
3.1203,-0.40576,0.04601,0.00537,-0.00085,-0.00752,0.00028,1.39019,-0.14957,0.01130,-0.00998,0.00095,-0.15955,0.01225,-0.18507,0.87418,0,0.00655,-0.00082,-0.02270,0.43201,-0.08645,0.00058,-0.00356,1
3.1224,-0.39667,0.04454,0.00567,-0.00083,-0.00656,0.00036,1.38906,-0.14957,0.01130,-0.00441,0.00073,-0.15971,0.01214,-0.18538,0.87417,0,0.00631,-0.00082,-0.01963,0.43338,-0.08938,-0.00126,-0.00128,1
3.1244,-0.39667,0.04454,0.00565,-0.00083,-0.00651,0.00048,1.38906,-0.14957,0.01130,-0.00463,0.00075,-0.15975,0.01205,-0.18570,0.87421,0,0.00631,-0.00082,-0.01963,0.43338,-0.08938,-0.00126,-0.00128,1
3.1264,-0.39667,0.04454,0.00564,-0.00083,-0.00658,0.00058,1.38906,-0.14957,0.01130,-0.00485,0.00076,-0.15965,0.01206,-0.18608,0.87423,0,0.00631,-0.00082,-0.01963,0.43338,-0.08938,-0.00126,-0.00128,1
3.1284,-0.39667,0.04454,0.00563,-0.00083,-0.00677,0.00058,1.38906,-0.14957,0.01130,-0.00507,0.00078,-0.15943,0.01208,-0.18641,0.87427,0,0.00631,-0.00082,-0.01963,0.43338,-0.08938,-0.00126,-0.00128,1
3.1305,-0.39667,0.04454,0.00561,-0.00083,-0.00707,0.00058,1.38906,-0.14957,0.01130,-0.00530,0.00080,-0.15908,0.01210,-0.18665,0.87429,0,0.00631,-0.00082,-0.01963,0.43338,-0.08938,-0.00126,-0.00128,1
3.1325,-0.39667,0.04454,0.00560,-0.00083,-0.00749,0.00058,1.38906,-0.14957,0.01130,-0.00553,0.00082,-0.15860,0.01212,-0.18699,0.87429,0,0.00631,-0.00082,-0.01963,0.43338,-0.08938,-0.00126,-0.00128,1
3.1345,-0.39667,0.04454,0.00558,-0.00083,-0.00803,0.00057,1.38906,-0.14957,0.01130,-0.00577,0.00084,-0.15799,0.01214,-0.18737,0.87431,0,0.00631,-0.00082,-0.01963,0.43338,-0.08938,-0.00126,-0.00128,1
3.1365,-0.39667,0.04454,0.00557,-0.00082,-0.00868,0.00057,1.38906,-0.14957,0.01130,-0.00603,0.00086,-0.15726,0.01215,-0.18761,0.87437,0,0.00631,-0.00082,-0.01963,0.43338,-0.08938,-0.00126,-0.00128,1
3.1385,-0.39667,0.04454,0.00555,-0.00082,-0.00944,0.00057,1.38906,-0.14957,0.01130,-0.00629,0.00087,-0.15639,0.01217,-0.18793,0.87436,0,0.00631,-0.00082,-0.01963,0.43338,-0.08938,-0.00126,-0.00128,1
3.1405,-0.39667,0.04454,0.00553,-0.00082,-0.01033,0.00057,1.38906,-0.14957,0.01130,-0.00658,0.00089,-0.15566,0.01219,-0.18814,0.87441,0,0.00631,-0.00082,-0.01963,0.43338,-0.08938,-0.00126,-0.00128,1
3.1425,-0.39667,0.04454,0.00551,-0.00082,-0.01109,0.00057,1.38906,-0.14957,0.01130,-0.00688,0.00091,-0.15505,0.01221,-0.18850,0.87442,0,0.00631,-0.00082,-0.01963,0.43338,-0.08938,-0.00126,-0.00128,1
3.1445,-0.39667,0.04454,0.00548,-0.00082,-0.01174,0.00056,1.38906,-0.14957,0.01130,-0.00719,0.00093,-0.15457,0.01223,-0.18879,0.87443,0,0.00631,-0.00082,-0.01963,0.43338,-0.08938,-0.00126,-0.00128,1
3.1465,-0.39667,0.04454,0.00546,-0.00082,-0.01228,0.00056,1.38906,-0.14957,0.01130,-0.00752,0.00095,-0.15422,0.01224,-0.18907,0.87448,0,0.00631,-0.00082,-0.01963,0.43338,-0.08938,-0.00126,-0.00128,1
3.1485,-0.39667,0.04454,0.00543,-0.00082,-0.01269,0.00056,1.38906,-0.14957,0.01130,-0.00786,0.00096,-0.15400,0.01226,-0.18940,0.87449,0,0.00631,-0.00082,-0.01963,0.43338,-0.08938,-0.00126,-0.00128,1
3.1505,-0.39667,0.04454,0.00541,-0.00082,-0.01299,0.00056,1.38906,-0.14957,0.01130,-0.00820,0.00098,-0.15390,0.01228,-0.18968,0.87452,0,0.00631,-0.00082,-0.01963,0.43338,-0.08938,-0.00126,-0.00128,1
3.1525,-0.39667,0.04454,0.00538,-0.00081,-0.01317,0.00056,1.38906,-0.14957,0.01130,-0.00855,0.00100,-0.15394,0.01230,-0.19001,0.87454,0,0.00631,-0.00082,-0.01963,0.43338,-0.08938,-0.00126,-0.00128,1
3.1545,-0.39667,0.04454,0.00536,-0.00081,-0.01324,0.00056,1.38906,-0.14957,0.01130,-0.00890,0.00102,-0.15410,0.01232,-0.19027,0.87458,0,0.00631,-0.00082,-0.01963,0.43338,-0.08938,-0.00126,-0.00128,1
3.1565,-0.39667,0.04454,0.00533,-0.00081,-0.01319,0.00055,1.38906,-0.14957,0.01130,-0.00925,0.00103,-0.15439,0.01233,-0.19060,0.87460,0,0.00631,-0.00082,-0.01963,0.43338,-0.08938,-0.00126,-0.00128,1
3.1585,-0.39667,0.04454,0.00530,-0.00081,-0.01302,0.00055,1.38906,-0.14957,0.01130,-0.00959,0.00105,-0.15480,0.01235,-0.19098,0.87456,0,0.00631,-0.00082,-0.01963,0.43338,-0.08938,-0.00126,-0.00128,1
3.1605,-0.39667,0.04454,0.00528,-0.00081,-0.01274,0.00055,1.38906,-0.14957,0.01130,-0.00994,0.00107,-0.15535,0.01237,-0.19126,0.87466,0,0.00631,-0.00082,-0.01963,0.43338,-0.08938,-0.00126,-0.00128,1
3.1625,-0.39667,0.04454,0.00525,-0.00081,-0.01233,0.00055,1.38906,-0.14957,0.01130,-0.01027,0.00109,-0.15602,0.01239,-0.19158,0.87465,0,0.00631,-0.00082,-0.01963,0.43338,-0.08938,-0.00126,-0.00128,1
3.1645,-0.39667,0.04454,0.00523,-0.00081,-0.01181,0.00055,1.38906,-0.14957,0.01130,-0.01060,0.00110,-0.15682,0.01240,-0.19194,0.87465,0,0.00631,-0.00082,-0.01963,0.43338,-0.08938,-0.00126,-0.00128,1
3.1665,-0.39667,0.04454,0.00521,-0.00081,-0.01118,0.00055,1.38906,-0.14957,0.01130,-0.01092,0.00112,-0.15775,0.01242,-0.19218,0.87472,0,0.00631,-0.00082,-0.01963,0.43338,-0.08938,-0.00126,-0.00128,1
3.1685,-0.39667,0.04454,0.00518,-0.00081,-0.01043,0.00055,1.38906,-0.14957,0.01130,-0.01122,0.00114,-0.15881,0.01244,-0.19250,0.87473,0,0.00631,-0.00082,-0.01963,0.43338,-0.08938,-0.00126,-0.00128,1
3.1705,-0.39667,0.04454,0.00516,-0.00081,-0.00956,0.00054,1.38906,-0.14957,0.01130,-0.01151,0.00116,-0.15999,0.01246,-0.19285,0.87476,0,0.00631,-0.00082,-0.01963,0.43338,-0.08938,-0.00126,-0.00128,1
3.1725,-0.39667,0.04454,0.00515,-0.00080,-0.00857,0.00054,1.38906,-0.14957,0.01130,-0.01177,0.00117,-0.16130,0.01247,-0.19315,0.87478,0,0.00631,-0.00082,-0.01963,0.43338,-0.08938,-0.00126,-0.00128,1
3.1745,-0.39667,0.04454,0.00513,-0.00080,-0.00747,0.00054,1.38906,-0.14957,0.01130,-0.01202,0.00119,-0.16249,0.01249,-0.19349,0.87483,0,0.00631,-0.00082,-0.01963,0.43338,-0.08938,-0.00126,-0.00128,1
3.1765,-0.39667,0.04454,0.00512,-0.00080,-0.00648,0.00054,1.38906,-0.14957,0.01130,-0.01225,0.00121,-0.16355,0.01251,-0.19383,0.87484,0,0.00631,-0.00082,-0.01963,0.43338,-0.08938,-0.00126,-0.00128,1
3.1785,-0.39667,0.04454,0.00510,-0.00080,-0.00561,0.00054,1.38906,-0.14957,0.01130,-0.01246,0.00123,-0.16448,0.01253,-0.19421,0.87486,0,0.00631,-0.00082,-0.01963,0.43338,-0.08938,-0.00126,-0.00128,1
3.1805,-0.39667,0.04454,0.00509,-0.00080,-0.00486,0.00054,1.38906,-0.14957,0.01130,-0.01265,0.00124,-0.16528,0.01254,-0.19453,0.87490,0,0.00631,-0.00082,-0.01963,0.43338,-0.08938,-0.00126,-0.00128,1
3.1825,-0.39667,0.04454,0.00508,-0.00080,-0.00422,0.00053,1.38906,-0.14957,0.01130,-0.01283,0.00126,-0.16595,0.01256,-0.19483,0.87490,0,0.00631,-0.00082,-0.01963,0.43338,-0.08938,-0.00126,-0.00128,1
3.1845,-0.39667,0.04454,0.00508,-0.00080,-0.00370,0.00053,1.38906,-0.14957,0.01130,-0.01300,0.00128,-0.16649,0.01258,-0.19523,0.87494,0,0.00631,-0.00082,-0.01963,0.43338,-0.08938,-0.00126,-0.00128,1
3.1865,-0.39667,0.04454,0.00507,-0.00080,-0.00330,0.00053,1.38906,-0.14957,0.01130,-0.01316,0.00130,-0.16691,0.01260,-0.19548,0.87501,0,0.00631,-0.00082,-0.01963,0.43338,-0.08938,-0.00126,-0.00128,1
3.1886,-0.39667,0.04454,0.00506,-0.00080,-0.00301,0.00053,1.38906,-0.14957,0.01130,-0.01331,0.00131,-0.16720,0.01261,-0.19585,0.87501,0,0.00631,-0.00082,-0.01963,0.43338,-0.08938,-0.00126,-0.00128,1
3.1907,-0.39098,0.04657,0.00580,-0.00102,-0.00070,-0.00027,1.38620,-0.14957,0.01130,-0.00442,-0.00033,-0.16736,0.01250,-0.19651,0.87503,0,0.00689,-0.00125,-0.01358,0.43083,-0.09615,0.00026,-0.00614,1
3.1927,-0.39098,0.04657,0.00580,-0.00103,-0.00066,-0.00015,1.38620,-0.14957,0.01130,-0.00452,-0.00032,-0.16739,0.01226,-0.19651,0.87503,0,0.00689,-0.00125,-0.01358,0.43083,-0.09615,0.00026,-0.00614,1
3.1947,-0.39098,0.04657,0.00580,-0.00103,-0.00073,0.00008,1.38620,-0.14957,0.01130,-0.00463,-0.00032,-0.16730,0.01190,-0.19678,0.87512,0,0.00689,-0.00125,-0.01358,0.43083,-0.09615,0.00026,-0.00614,1
3.1967,-0.39098,0.04657,0.00580,-0.00102,-0.00092,0.00043,1.38620,-0.14957,0.01130,-0.00473,-0.00030,-0.16708,0.01140,-0.19718,0.87508,0,0.00689,-0.00125,-0.01358,0.43083,-0.09615,0.00026,-0.00614,1
3.1987,-0.39098,0.04657,0.00580,-0.00102,-0.00123,0.00090,1.38620,-0.14957,0.01130,-0.00484,-0.00028,-0.16673,0.01101,-0.19745,0.87515,0,0.00689,-0.00125,-0.01358,0.43083,-0.09615,0.00026,-0.00614,1
3.2007,-0.39098,0.04657,0.00579,-0.00102,-0.00165,0.00127,1.38620,-0.14957,0.01130,-0.00496,-0.00026,-0.16625,0.01075,-0.19780,0.87514,0,0.00689,-0.00125,-0.01358,0.43083,-0.09615,0.00026,-0.00614,1
3.2027,-0.39098,0.04657,0.00579,-0.00102,-0.00219,0.00153,1.38620,-0.14957,0.01130,-0.00509,-0.00022,-0.16564,0.01062,-0.19803,0.87524,0,0.00689,-0.00125,-0.01358,0.43083,-0.09615,0.00026,-0.00614,1
3.2047,-0.39098,0.04657,0.00578,-0.00102,-0.00285,0.00167,1.38620,-0.14957,0.01130,-0.00523,-0.00018,-0.16490,0.01062,-0.19841,0.87523,0,0.00689,-0.00125,-0.01358,0.43083,-0.09615,0.00026,-0.00614,1
3.2067,-0.39098,0.04657,0.00578,-0.00101,-0.00362,0.00169,1.38620,-0.14957,0.01130,-0.00538,-0.00014,-0.16404,0.01074,-0.19874,0.87526,0,0.00689,-0.00125,-0.01358,0.43083,-0.09615,0.00026,-0.00614,1
3.2087,-0.39098,0.04657,0.00577,-0.00101,-0.00450,0.00159,1.38620,-0.14957,0.01130,-0.00555,-0.00011,-0.16305,0.01100,-0.19903,0.87525,0,0.00689,-0.00125,-0.01358,0.43083,-0.09615,0.00026,-0.00614,1
3.2107,-0.39098,0.04657,0.00576,-0.00101,-0.00551,0.00138,1.38620,-0.14957,0.01130,-0.00574,-0.00007,-0.16193,0.01123,-0.19940,0.87526,0,0.00689,-0.00125,-0.01358,0.43083,-0.09615,0.00026,-0.00614,1
3.2127,-0.39098,0.04657,0.00575,-0.00100,-0.00663,0.00119,1.38620,-0.14957,0.01130,-0.00595,-0.00004,-0.16068,0.01134,-0.19968,0.87530,0,0.00689,-0.00125,-0.01358,0.43083,-0.09615,0.00026,-0.00614,1
3.2147,-0.39098,0.04657,0.00573,-0.00100,-0.00786,0.00111,1.38620,-0.14957,0.01130,-0.00618,-0.00001,-0.15931,0.01131,-0.20002,0.87533,0,0.00689,-0.00125,-0.01358,0.43083,-0.09615,0.00026,-0.00614,1
3.2167,-0.39098,0.04657,0.00572,-0.00100,-0.00922,0.00114,1.38620,-0.14957,0.01130,-0.00644,0.00002,-0.15781,0.01132,-0.20032,0.87533,0,0.00689,-0.00125,-0.01358,0.43083,-0.09615,0.00026,-0.00614,1
3.2187,-0.39098,0.04657,0.00570,-0.00100,-0.01068,0.00116,1.38620,-0.14957,0.01130,-0.00673,0.00005,-0.15630,0.01135,-0.20060,0.87536,0,0.00689,-0.00125,-0.01358,0.43083,-0.09615,0.00026,-0.00614,1
3.2208,-0.39098,0.04657,0.00567,-0.00099,-0.01215,0.00115,1.38620,-0.14957,0.01130,-0.00704,0.00008,-0.15493,0.01138,-0.20096,0.87535,0,0.00689,-0.00125,-0.01358,0.43083,-0.09615,0.00026,-0.00614,1
3.2228,-0.39098,0.04657,0.00565,-0.00099,-0.01350,0.00114,1.38620,-0.14957,0.01130,-0.00739,0.00011,-0.15368,0.01141,-0.20124,0.87539,0,0.00689,-0.00125,-0.01358,0.43083,-0.09615,0.00026,-0.00614,1
3.2248,-0.39098,0.04657,0.00562,-0.00099,-0.01474,0.00113,1.38620,-0.14957,0.01130,-0.00775,0.00014,-0.15256,0.01144,-0.20151,0.87546,0,0.00689,-0.00125,-0.01358,0.43083,-0.09615,0.00026,-0.00614,1
3.2268,-0.39098,0.04657,0.00559,-0.00099,-0.01586,0.00112,1.38620,-0.14957,0.01130,-0.00814,0.00017,-0.15157,0.01147,-0.20188,0.87546,0,0.00689,-0.00125,-0.01358,0.43083,-0.09615,0.00026,-0.00614,1
3.2288,-0.39098,0.04657,0.00556,-0.00098,-0.01686,0.00111,1.38620,-0.14957,0.01130,-0.00856,0.00020,-0.15070,0.01150,-0.20211,0.87548,0,0.00689,-0.00125,-0.01358,0.43083,-0.09615,0.00026,-0.00614,1
3.2308,-0.39098,0.04657,0.00552,-0.00098,-0.01774,0.00110,1.38620,-0.14957,0.01130,-0.00899,0.00022,-0.14997,0.01152,-0.20248,0.87551,0,0.00689,-0.00125,-0.01358,0.43083,-0.09615,0.00026,-0.00614,1
3.2328,-0.39098,0.04657,0.00548,-0.00098,-0.01851,0.00109,1.38620,-0.14957,0.01130,-0.00943,0.00025,-0.14936,0.01155,-0.20274,0.87549,0,0.00689,-0.00125,-0.01358,0.43083,-0.09615,0.00026,-0.00614,1
3.2348,-0.39098,0.04657,0.00545,-0.00098,-0.01916,0.00109,1.38620,-0.14957,0.01130,-0.00989,0.00028,-0.14888,0.01158,-0.20305,0.87556,0,0.00689,-0.00125,-0.01358,0.43083,-0.09615,0.00026,-0.00614,1
3.2368,-0.39098,0.04657,0.00541,-0.00098,-0.01969,0.00108,1.38620,-0.14957,0.01130,-0.01036,0.00031,-0.14853,0.01161,-0.20340,0.87554,0,0.00689,-0.00125,-0.01358,0.43083,-0.09615,0.00026,-0.00614,1
3.2388,-0.39098,0.04657,0.00537,-0.00097,-0.02011,0.00107,1.38620,-0.14957,0.01130,-0.01085,0.00034,-0.14830,0.01164,-0.20369,0.87558,0,0.00689,-0.00125,-0.01358,0.43083,-0.09615,0.00026,-0.00614,1
3.2408,-0.39098,0.04657,0.00533,-0.00097,-0.02040,0.00106,1.38620,-0.14957,0.01130,-0.01133,0.00037,-0.14820,0.01166,-0.20403,0.87559,0,0.00689,-0.00125,-0.01358,0.43083,-0.09615,0.00026,-0.00614,1
3.2428,-0.39098,0.04657,0.00529,-0.00097,-0.02059,0.00105,1.38620,-0.14957,0.01130,-0.01183,0.00039,-0.14824,0.01169,-0.20431,0.87562,0,0.00689,-0.00125,-0.01358,0.43083,-0.09615,0.00026,-0.00614,1
3.2448,-0.39098,0.04657,0.00525,-0.00097,-0.02065,0.00105,1.38620,-0.14957,0.01130,-0.01232,0.00042,-0.14840,0.01172,-0.20466,0.87563,0,0.00689,-0.00125,-0.01358,0.43083,-0.09615,0.00026,-0.00614,1
3.2468,-0.39098,0.04657,0.00520,-0.00097,-0.02060,0.00104,1.38620,-0.14957,0.01130,-0.01282,0.00045,-0.14868,0.01175,-0.20497,0.87566,0,0.00689,-0.00125,-0.01358,0.43083,-0.09615,0.00026,-0.00614,1
3.2488,-0.39098,0.04657,0.00516,-0.00096,-0.02043,0.00103,1.38620,-0.14957,0.01130,-0.01331,0.00047,-0.14910,0.01177,-0.20525,0.87565,0,0.00689,-0.00125,-0.01358,0.43083,-0.09615,0.00026,-0.00614,1
3.2508,-0.39098,0.04657,0.00512,-0.00096,-0.02014,0.00102,1.38620,-0.14957,0.01130,-0.01380,0.00050,-0.14964,0.01180,-0.20558,0.87569,0,0.00689,-0.00125,-0.01358,0.43083,-0.09615,0.00026,-0.00614,1
3.2528,-0.39098,0.04657,0.00508,-0.00096,-0.01974,0.00102,1.38620,-0.14957,0.01130,-0.01428,0.00053,-0.15032,0.01183,-0.20591,0.87571,0,0.00689,-0.00125,-0.01358,0.43083,-0.09615,0.00026,-0.00614,1
3.2548,-0.39098,0.04657,0.00504,-0.00096,-0.01921,0.00101,1.38620,-0.14957,0.01130,-0.01476,0.00056,-0.15112,0.01185,-0.20623,0.87571,0,0.00689,-0.00125,-0.01358,0.43083,-0.09615,0.00026,-0.00614,1
3.2568,-0.39098,0.04657,0.00501,-0.00096,-0.01858,0.00100,1.38620,-0.14957,0.01130,-0.01522,0.00058,-0.15204,0.01188,-0.20651,0.87574,0,0.00689,-0.00125,-0.01358,0.43083,-0.09615,0.00026,-0.00614,1
3.2588,-0.39098,0.04657,0.00497,-0.00095,-0.01782,0.00099,1.38620,-0.14957,0.01130,-0.01567,0.00061,-0.15310,0.01191,-0.20685,0.87575,0,0.00689,-0.00125,-0.01358,0.43083,-0.09615,0.00026,-0.00614,1
3.2608,-0.38393,0.04764,0.00598,-0.00129,-0.01551,-0.00016,1.38631,-0.14957,0.01130,-0.00370,-0.00236,-0.15403,0.01181,-0.20717,0.87578,0,0.00769,-0.00161,-0.00916,0.42893,-0.10092,0.00133,-0.00499,1
3.2628,-0.38393,0.04764,0.00595,-0.00129,-0.01477,-0.00005,1.38631,-0.14957,0.01130,-0.00409,-0.00236,-0.15483,0.01158,-0.20744,0.87585,0,0.00769,-0.00161,-0.00916,0.42893,-0.10092,0.00133,-0.00499,1
3.2648,-0.38393,0.04764,0.00592,-0.00129,-0.01415,0.00019,1.38631,-0.14957,0.01130,-0.00447,-0.00235,-0.15550,0.01122,-0.20776,0.87585,0,0.00769,-0.00161,-0.00916,0.42893,-0.10092,0.00133,-0.00499,1
3.2668,-0.38393,0.04764,0.00589,-0.00129,-0.01364,0.00053,1.38631,-0.14957,0.01130,-0.00483,-0.00234,-0.15604,0.01073,-0.20811,0.87586,0,0.00769,-0.00161,-0.00916,0.42893,-0.10092,0.00133,-0.00499,1
3.2688,-0.38393,0.04764,0.00587,-0.00129,-0.01325,0.00100,1.38631,-0.14957,0.01130,-0.00518,-0.00232,-0.15646,0.01012,-0.20842,0.87586,0,0.00769,-0.00161,-0.00916,0.42893,-0.10092,0.00133,-0.00499,1
3.2708,-0.38393,0.04764,0.00584,-0.00128,-0.01298,0.00158,1.38631,-0.14957,0.01130,-0.00553,-0.00228,-0.15675,0.00938,-0.20874,0.87588,0,0.00769,-0.00161,-0.00916,0.42893,-0.10092,0.00133,-0.00499,1
3.2728,-0.38393,0.04764,0.00581,-0.00128,-0.01282,0.00228,1.38631,-0.14957,0.01130,-0.00588,-0.00224,-0.15691,0.00876,-0.20905,0.87591,0,0.00769,-0.00161,-0.00916,0.42893,-0.10092,0.00133,-0.00499,1
3.2748,-0.38393,0.04764,0.00579,-0.00128,-0.01278,0.00286,1.38631,-0.14957,0.01130,-0.00622,-0.00218,-0.15694,0.00828,-0.20940,0.87593,0,0.00769,-0.00161,-0.00916,0.42893,-0.10092,0.00133,-0.00499,1
3.2768,-0.38393,0.04764,0.00576,-0.00127,-0.01285,0.00332,1.38631,-0.14957,0.01130,-0.00656,-0.00211,-0.15684,0.00792,-0.20971,0.87594,0,0.00769,-0.00161,-0.00916,0.42893,-0.10092,0.00133,-0.00499,1
3.2788,-0.38393,0.04764,0.00574,-0.00126,-0.01304,0.00367,1.38631,-0.14957,0.01130,-0.00690,-0.00204,-0.15662,0.00769,-0.21000,0.87596,0,0.00769,-0.00161,-0.00916,0.42893,-0.10092,0.00133,-0.00499,1
3.2808,-0.38393,0.04764,0.00571,-0.00125,-0.01335,0.00390,1.38631,-0.14957,0.01130,-0.00725,-0.00196,-0.15652,0.00759,-0.21034,0.87599,0,0.00769,-0.00161,-0.00916,0.42893,-0.10092,0.00133,-0.00499,1
3.2828,-0.38393,0.04764,0.00568,-0.00125,-0.01353,0.00401,1.38631,-0.14957,0.01130,-0.00761,-0.00187,-0.15656,0.00762,-0.21052,0.87602,0,0.00769,-0.00161,-0.00916,0.42893,-0.10092,0.00133,-0.00499,1
3.2848,-0.38393,0.04764,0.00566,-0.00124,-0.01361,0.00401,1.38631,-0.14957,0.01130,-0.00797,-0.00179,-0.15672,0.00777,-0.21091,0.87601,0,0.00769,-0.00161,-0.00916,0.42893,-0.10092,0.00133,-0.00499,1
3.2868,-0.38393,0.04764,0.00563,-0.00123,-0.01356,0.00389,1.38631,-0.14957,0.01130,-0.00832,-0.00170,-0.15700,0.00805,-0.21120,0.87600,0,0.00769,-0.00161,-0.00916,0.42893,-0.10092,0.00133,-0.00499,1
3.2888,-0.38393,0.04764,0.00560,-0.00122,-0.01340,0.00366,1.38631,-0.14957,0.01130,-0.00868,-0.00162,-0.15742,0.00846,-0.21146,0.87607,0,0.00769,-0.00161,-0.00916,0.42893,-0.10092,0.00133,-0.00499,1
3.2908,-0.38393,0.04764,0.00558,-0.00122,-0.01312,0.00331,1.38631,-0.14957,0.01130,-0.00903,-0.00155,-0.15796,0.00900,-0.21179,0.87606,0,0.00769,-0.00161,-0.00916,0.42893,-0.10092,0.00133,-0.00499,1
3.2929,-0.38393,0.04764,0.00555,-0.00121,-0.01272,0.00284,1.38631,-0.14957,0.01130,-0.00937,-0.00148,-0.15864,0.00967,-0.21211,0.87610,0,0.00769,-0.00161,-0.00916,0.42893,-0.10092,0.00133,-0.00499,1
3.2949,-0.38393,0.04764,0.00553,-0.00120,-0.01221,0.00225,1.38631,-0.14957,0.01130,-0.00971,-0.00142,-0.15928,0.01021,-0.21237,0.87612,0,0.00769,-0.00161,-0.00916,0.42893,-0.10092,0.00133,-0.00499,1
3.2969,-0.38393,0.04764,0.00550,-0.00120,-0.01172,0.00179,1.38631,-0.14957,0.01130,-0.01003,-0.00137,-0.15980,0.01062,-0.21268,0.87617,0,0.00769,-0.00161,-0.00916,0.42893,-0.10092,0.00133,-0.00499,1
3.2989,-0.38393,0.04764,0.00548,-0.00120,-0.01135,0.00143,1.38631,-0.14957,0.01130,-0.01035,-0.00134,-0.16019,0.01090,-0.21302,0.87620,0,0.00769,-0.00161,-0.00916,0.42893,-0.10092,0.00133,-0.00499,1
3.3009,-0.38393,0.04764,0.00546,-0.00119,-0.01109,0.00120,1.38631,-0.14957,0.01130,-0.01066,-0.00130,-0.16045,0.01105,-0.21328,0.87622,0,0.00769,-0.00161,-0.00916,0.42893,-0.10092,0.00133,-0.00499,1
3.3029,-0.38393,0.04764,0.00543,-0.00119,-0.01095,0.00108,1.38631,-0.14957,0.01130,-0.01097,-0.00127,-0.16059,0.01108,-0.21365,0.87621,0,0.00769,-0.00161,-0.00916,0.42893,-0.10092,0.00133,-0.00499,1
3.3049,-0.38393,0.04764,0.00541,-0.00119,-0.01093,0.00108,1.38631,-0.14957,0.01130,-0.01127,-0.00125,-0.16085,0.01098,-0.21394,0.87627,0,0.00769,-0.00161,-0.00916,0.42893,-0.10092,0.00133,-0.00499,1
3.3069,-0.38393,0.04764,0.00539,-0.00119,-0.01078,0.00119,1.38631,-0.14957,0.01130,-0.01158,-0.00122,-0.16115,0.01075,-0.21428,0.87630,0,0.00769,-0.00161,-0.00916,0.42893,-0.10092,0.00133,-0.00499,1
3.3089,-0.38393,0.04764,0.00537,-0.00119,-0.01060,0.00142,1.38631,-0.14957,0.01130,-0.01188,-0.00118,-0.16145,0.01039,-0.21460,0.87632,0,0.00769,-0.00161,-0.00916,0.42893,-0.10092,0.00133,-0.00499,1
3.3109,-0.38393,0.04764,0.00535,-0.00118,-0.01043,0.00177,1.38631,-0.14957,0.01130,-0.01218,-0.00115,-0.16175,0.01015,-0.21491,0.87635,0,0.00769,-0.00161,-0.00916,0.42893,-0.10092,0.00133,-0.00499,1
3.3130,-0.38393,0.04764,0.00533,-0.00118,-0.01025,0.00201,1.38631,-0.14957,0.01130,-0.01247,-0.00110,-0.16204,0.01004,-0.21526,0.87635,0,0.00769,-0.00161,-0.00916,0.42893,-0.10092,0.00133,-0.00499,1
3.3150,-0.38393,0.04764,0.00531,-0.00117,-0.01008,0.00213,1.38631,-0.14957,0.01130,-0.01276,-0.00105,-0.16233,0.01006,-0.21558,0.87637,0,0.00769,-0.00161,-0.00916,0.42893,-0.10092,0.00133,-0.00499,1
3.3170,-0.38393,0.04764,0.00529,-0.00117,-0.00991,0.00213,1.38631,-0.14957,0.01130,-0.01305,-0.00101,-0.16262,0.01020,-0.21592,0.87640,0,0.00769,-0.00161,-0.00916,0.42893,-0.10092,0.00133,-0.00499,1
3.3190,-0.38393,0.04764,0.00527,-0.00117,-0.00974,0.00202,1.38631,-0.14957,0.01130,-0.01333,-0.00096,-0.16290,0.01034,-0.21628,0.87640,0,0.00769,-0.00161,-0.00916,0.42893,-0.10092,0.00133,-0.00499,1
3.3210,-0.38393,0.04764,0.00525,-0.00116,-0.00958,0.00192,1.38631,-0.14957,0.01130,-0.01361,-0.00091,-0.16318,0.01039,-0.21660,0.87637,0,0.00769,-0.00161,-0.00916,0.42893,-0.10092,0.00133,-0.00499,1
3.3230,-0.37566,0.04767,0.00642,-0.00140,-0.00566,0.00125,1.38496,-0.14957,0.01130,0.00036,-0.00327,-0.16333,0.01030,-0.21730,0.87640,0,0.00800,-0.00174,-0.00706,0.42845,-0.10301,0.00138,-0.00540,1
3.3250,-0.37566,0.04767,0.00641,-0.00140,-0.00564,0.00135,1.38496,-0.14957,0.01130,0.00016,-0.00324,-0.16336,0.01009,-0.21730,0.87640,0,0.00800,-0.00174,-0.00706,0.42845,-0.10301,0.00138,-0.00540,1
3.3270,-0.37566,0.04767,0.00640,-0.00140,-0.00573,0.00157,1.38496,-0.14957,0.01130,-0.00004,-0.00321,-0.16326,0.00975,-0.21760,0.87642,0,0.00800,-0.00174,-0.00706,0.42845,-0.10301,0.00138,-0.00540,1
3.3290,-0.37566,0.04767,0.00639,-0.00139,-0.00594,0.00190,1.38496,-0.14957,0.01130,-0.00025,-0.00316,-0.16302,0.00929,-0.21799,0.87643,0,0.00800,-0.00174,-0.00706,0.42845,-0.10301,0.00138,-0.00540,1
3.3310,-0.37566,0.04767,0.00638,-0.00139,-0.00626,0.00235,1.38496,-0.14957,0.01130,-0.00046,-0.00312,-0.16266,0.00869,-0.21829,0.87647,0,0.00800,-0.00174,-0.00706,0.42845,-0.10301,0.00138,-0.00540,1
3.3330,-0.37566,0.04767,0.00636,-0.00138,-0.00670,0.00291,1.38496,-0.14957,0.01130,-0.00067,-0.00306,-0.16218,0.00823,-0.21861,0.87655,0,0.00800,-0.00174,-0.00706,0.42845,-0.10301,0.00138,-0.00540,1
3.3350,-0.37566,0.04767,0.00635,-0.00138,-0.00726,0.00336,1.38496,-0.14957,0.01130,-0.00090,-0.00299,-0.16156,0.00789,-0.21890,0.87655,0,0.00800,-0.00174,-0.00706,0.42845,-0.10301,0.00138,-0.00540,1
3.3370,-0.37566,0.04767,0.00634,-0.00137,-0.00793,0.00369,1.38496,-0.14957,0.01130,-0.00114,-0.00291,-0.16082,0.00768,-0.21925,0.87655,0,0.00800,-0.00174,-0.00706,0.42845,-0.10301,0.00138,-0.00540,1
3.3390,-0.37566,0.04767,0.00632,-0.00136,-0.00872,0.00391,1.38496,-0.14957,0.01130,-0.00139,-0.00283,-0.15994,0.00760,-0.21954,0.87659,0,0.00800,-0.00174,-0.00706,0.42845,-0.10301,0.00138,-0.00540,1
3.3410,-0.37566,0.04767,0.00630,-0.00136,-0.00962,0.00401,1.38496,-0.14957,0.01130,-0.00166,-0.00275,-0.15895,0.00764,-0.21983,0.87660,0,0.00800,-0.00174,-0.00706,0.42845,-0.10301,0.00138,-0.00540,1
3.3430,-0.37566,0.04767,0.00628,-0.00135,-0.01064,0.00399,1.38496,-0.14957,0.01130,-0.00195,-0.00266,-0.15782,0.00782,-0.22016,0.87662,0,0.00800,-0.00174,-0.00706,0.42845,-0.10301,0.00138,-0.00540,1
3.3450,-0.37566,0.04767,0.00626,-0.00134,-0.01178,0.00386,1.38496,-0.14957,0.01130,-0.00226,-0.00258,-0.15656,0.00812,-0.22045,0.87665,0,0.00800,-0.00174,-0.00706,0.42845,-0.10301,0.00138,-0.00540,1
3.3470,-0.37566,0.04767,0.00623,-0.00133,-0.01303,0.00361,1.38496,-0.14957,0.01130,-0.00260,-0.00250,-0.15518,0.00855,-0.22077,0.87661,0,0.00800,-0.00174,-0.00706,0.42845,-0.10301,0.00138,-0.00540,1
3.3490,-0.37566,0.04767,0.00621,-0.00133,-0.01440,0.00324,1.38496,-0.14957,0.01130,-0.00296,-0.00242,-0.15367,0.00888,-0.22107,0.87666,0,0.00800,-0.00174,-0.00706,0.42845,-0.10301,0.00138,-0.00540,1
3.3510,-0.37566,0.04767,0.00618,-0.00132,-0.01589,0.00296,1.38496,-0.14957,0.01130,-0.00335,-0.00235,-0.15228,0.00908,-0.22135,0.87667,0,0.00800,-0.00174,-0.00706,0.42845,-0.10301,0.00138,-0.00540,1
3.3530,-0.37566,0.04767,0.00614,-0.00131,-0.01725,0.00280,1.38496,-0.14957,0.01130,-0.00376,-0.00229,-0.15103,0.00915,-0.22166,0.87668,0,0.00800,-0.00174,-0.00706,0.42845,-0.10301,0.00138,-0.00540,1
3.3550,-0.37566,0.04767,0.00611,-0.00131,-0.01850,0.00276,1.38496,-0.14957,0.01130,-0.00420,-0.00223,-0.14990,0.00910,-0.22191,0.87674,0,0.00800,-0.00174,-0.00706,0.42845,-0.10301,0.00138,-0.00540,1
3.3570,-0.37566,0.04767,0.00607,-0.00130,-0.01964,0.00283,1.38496,-0.14957,0.01130,-0.00467,-0.00217,-0.14890,0.00913,-0.22223,0.87676,0,0.00800,-0.00174,-0.00706,0.42845,-0.10301,0.00138,-0.00540,1
3.3590,-0.37566,0.04767,0.00603,-0.00130,-0.02065,0.00282,1.38496,-0.14957,0.01130,-0.00515,-0.00211,-0.14803,0.00919,-0.22255,0.87677,0,0.00800,-0.00174,-0.00706,0.42845,-0.10301,0.00138,-0.00540,1
3.3610,-0.37566,0.04767,0.00599,-0.00129,-0.02155,0.00279,1.38496,-0.14957,0.01130,-0.00566,-0.00204,-0.14728,0.00926,-0.22280,0.87682,0,0.00800,-0.00174,-0.00706,0.42845,-0.10301,0.00138,-0.00540,1
3.3630,-0.37566,0.04767,0.00594,-0.00129,-0.02233,0.00276,1.38496,-0.14957,0.01130,-0.00618,-0.00198,-0.14667,0.00932,-0.22310,0.87684,0,0.00800,-0.00174,-0.00706,0.42845,-0.10301,0.00138,-0.00540,1
3.3650,-0.37566,0.04767,0.00590,-0.00128,-0.02300,0.00272,1.38496,-0.14957,0.01130,-0.00672,-0.00192,-0.14618,0.00938,-0.22339,0.87684,0,0.00800,-0.00174,-0.00706,0.42845,-0.10301,0.00138,-0.00540,1
3.3670,-0.37566,0.04767,0.00585,-0.00127,-0.02355,0.00269,1.38496,-0.14957,0.01130,-0.00726,-0.00186,-0.14582,0.00944,-0.22365,0.87689,0,0.00800,-0.00174,-0.00706,0.42845,-0.10301,0.00138,-0.00540,1
3.3690,-0.37566,0.04767,0.00580,-0.00127,-0.02398,0.00266,1.38496,-0.14957,0.01130,-0.00782,-0.00180,-0.14559,0.00950,-0.22399,0.87687,0,0.00800,-0.00174,-0.00706,0.42845,-0.10301,0.00138,-0.00540,1
3.3710,-0.37566,0.04767,0.00575,-0.00126,-0.02429,0.00263,1.38496,-0.14957,0.01130,-0.00839,-0.00174,-0.14548,0.00956,-0.22430,0.87691,0,0.00800,-0.00174,-0.00706,0.42845,-0.10301,0.00138,-0.00540,1
3.3730,-0.37566,0.04767,0.00571,-0.00126,-0.02449,0.00260,1.38496,-0.14957,0.01130,-0.00896,-0.00169,-0.14551,0.00961,-0.22460,0.87695,0,0.00800,-0.00174,-0.00706,0.42845,-0.10301,0.00138,-0.00540,1
3.3750,-0.37566,0.04767,0.00566,-0.00125,-0.02457,0.00257,1.38496,-0.14957,0.01130,-0.00953,-0.00163,-0.14566,0.00967,-0.22491,0.87696,0,0.00800,-0.00174,-0.00706,0.42845,-0.10301,0.00138,-0.00540,1
3.3770,-0.37566,0.04767,0.00561,-0.00125,-0.02453,0.00254,1.38496,-0.14957,0.01130,-0.01010,-0.00157,-0.14594,0.00973,-0.22523,0.87693,0,0.00800,-0.00174,-0.00706,0.42845,-0.10301,0.00138,-0.00540,1
3.3790,-0.37566,0.04767,0.00556,-0.00124,-0.02437,0.00251,1.38496,-0.14957,0.01130,-0.01067,-0.00151,-0.14635,0.00978,-0.22553,0.87700,0,0.00800,-0.00174,-0.00706,0.42845,-0.10301,0.00138,-0.00540,1
3.3810,-0.37566,0.04767,0.00551,-0.00124,-0.02410,0.00248,1.38496,-0.14957,0.01130,-0.01124,-0.00146,-0.14689,0.00984,-0.22584,0.87700,0,0.00800,-0.00174,-0.00706,0.42845,-0.10301,0.00138,-0.00540,1
3.3830,-0.37566,0.04767,0.00546,-0.00123,-0.02371,0.00245,1.38496,-0.14949,0.01129,-0.01180,-0.00140,-0.14755,0.00989,-0.22615,0.87702,0,0.00800,-0.00174,-0.00706,0.42845,-0.10301,0.00138,-0.00540,1
3.3850,-0.37566,0.04767,0.00542,-0.00123,-0.02320,0.00243,1.38496,-0.14934,0.01128,-0.01235,-0.00135,-0.14834,0.00993,-0.22643,0.87707,0,0.00800,-0.00174,-0.00706,0.42845,-0.10301,0.00138,-0.00540,1
3.3870,-0.37566,0.04767,0.00537,-0.00122,-0.02258,0.00241,1.38496,-0.14920,0.01127,-0.01289,-0.00129,-0.14926,0.00998,-0.22669,0.87710,0,0.00800,-0.00174,-0.00706,0.42845,-0.10301,0.00138,-0.00540,1
3.3890,-0.37566,0.04767,0.00533,-0.00122,-0.02183,0.00239,1.38496,-0.14906,0.01126,-0.01342,-0.00124,-0.15031,0.01002,-0.22700,0.87712,0,0.00800,-0.00174,-0.00706,0.42845,-0.10301,0.00138,-0.00540,1
3.3910,-0.37566,0.04767,0.00528,-0.00121,-0.02097,0.00237,1.38496,-0.14892,0.01125,-0.01393,-0.00119,-0.15149,0.01006,-0.22732,0.87711,0,0.00800,-0.00174,-0.00706,0.42845,-0.10301,0.00138,-0.00540,1
3.3931,-0.36701,0.04755,0.00649,-0.00149,-0.01794,0.00117,1.38399,-0.14877,0.01124,0.00045,-0.00390,-0.15254,0.00998,-0.22801,0.87714,0,0.00856,-0.00181,0.00083,0.42764,-0.11184,0.00111,-0.00558,1
3.3951,-0.36701,0.04755,0.00645,-0.00149,-0.01710,0.00127,1.38399,-0.14863,0.01123,0.00002,-0.00387,-0.15346,0.00976,-0.22801,0.87714,0,0.00856,-0.00181,0.00083,0.42764,-0.11184,0.00111,-0.00558,1
3.3971,-0.36701,0.04755,0.00642,-0.00148,-0.01638,0.00149,1.38399,-0.14849,0.01122,-0.00040,-0.00384,-0.15425,0.00942,-0.22826,0.87717,0,0.00856,-0.00181,0.00083,0.42764,-0.11184,0.00111,-0.00558,1
3.3991,-0.36701,0.04755,0.00639,-0.00148,-0.01578,0.00183,1.38399,-0.14834,0.01121,-0.00081,-0.00380,-0.15491,0.00895,-0.22864,0.87720,0,0.00856,-0.00181,0.00083,0.42764,-0.11184,0.00111,-0.00558,1
3.4011,-0.36701,0.04755,0.00636,-0.00148,-0.01528,0.00228,1.38399,-0.14820,0.01120,-0.00120,-0.00375,-0.15545,0.00836,-0.22892,0.87722,0,0.00856,-0.00181,0.00083,0.42764,-0.11184,0.00111,-0.00558,1
3.4031,-0.36701,0.04755,0.00633,-0.00147,-0.01491,0.00285,1.38399,-0.14806,0.01118,-0.00159,-0.00369,-0.15586,0.00763,-0.22925,0.87722,0,0.00856,-0.00181,0.00083,0.42764,-0.11184,0.00111,-0.00558,1
3.4051,-0.36701,0.04755,0.00630,-0.00146,-0.01465,0.00354,1.38399,-0.14792,0.01117,-0.00197,-0.00362,-0.15614,0.00703,-0.22958,0.87726,0,0.00856,-0.00181,0.00083,0.42764,-0.11184,0.00111,-0.00558,1
3.4071,-0.36701,0.04755,0.00627,-0.00146,-0.01451,0.00411,1.38399,-0.14777,0.01116,-0.00234,-0.00354,-0.15629,0.00657,-0.22988,0.87728,0,0.00856,-0.00181,0.00083,0.42764,-0.11184,0.00111,-0.00558,1
3.4091,-0.36701,0.04755,0.00624,-0.00145,-0.01448,0.00456,1.38399,-0.14763,0.01115,-0.00272,-0.00345,-0.15631,0.00622,-0.23023,0.87727,0,0.00856,-0.00181,0.00083,0.42764,-0.11184,0.00111,-0.00558,1
3.4111,-0.36701,0.04755,0.00621,-0.00144,-0.01457,0.00489,1.38399,-0.14749,0.01114,-0.00309,-0.00335,-0.15621,0.00601,-0.23054,0.87726,0,0.00856,-0.00181,0.00083,0.42764,-0.11184,0.00111,-0.00558,1
3.4131,-0.36701,0.04755,0.00618,-0.00143,-0.01477,0.00511,1.38399,-0.14735,0.01113,-0.00347,-0.00325,-0.15598,0.00593,-0.23084,0.87728,0,0.00856,-0.00181,0.00083,0.42764,-0.11184,0.00111,-0.00558,1
3.4151,-0.36701,0.04755,0.00615,-0.00142,-0.01509,0.00522,1.38399,-0.14721,0.01112,-0.00385,-0.00314,-0.15562,0.00597,-0.23111,0.87729,0,0.00856,-0.00181,0.00083,0.42764,-0.11184,0.00111,-0.00558,1
3.4171,-0.36701,0.04755,0.00612,-0.00141,-0.01553,0.00520,1.38399,-0.14706,0.01111,-0.00424,-0.00303,-0.15513,0.00614,-0.23147,0.87728,0,0.00856,-0.00181,0.00083,0.42764,-0.11184,0.00111,-0.00558,1
3.4191,-0.36701,0.04755,0.00609,-0.00140,-0.01608,0.00507,1.38399,-0.14692,0.01110,-0.00464,-0.00292,-0.15451,0.00644,-0.23172,0.87732,0,0.00856,-0.00181,0.00083,0.42764,-0.11184,0.00111,-0.00558,1
3.4211,-0.36701,0.04755,0.00606,-0.00139,-0.01675,0.00482,1.38399,-0.14678,0.01109,-0.00505,-0.00282,-0.15377,0.00687,-0.23201,0.87732,0,0.00856,-0.00181,0.00083,0.42764,-0.11184,0.00111,-0.00558,1
3.4231,-0.36701,0.04755,0.00602,-0.00138,-0.01753,0.00446,1.38399,-0.14664,0.01108,-0.00548,-0.00272,-0.15290,0.00742,-0.23230,0.87734,0,0.00856,-0.00181,0.00083,0.42764,-0.11184,0.00111,-0.00558,1
3.4251,-0.36701,0.04755,0.00599,-0.00137,-0.01843,0.00398,1.38399,-0.14649,0.01107,-0.00592,-0.00263,-0.15216,0.00810,-0.23269,0.87735,0,0.00856,-0.00181,0.00083,0.42764,-0.11184,0.00111,-0.00558,1
3.4271,-0.36701,0.04755,0.00595,-0.00136,-0.01921,0.00338,1.38399,-0.14635,0.01106,-0.00638,-0.00255,-0.15154,0.00866,-0.23291,0.87739,0,0.00856,-0.00181,0.00083,0.42764,-0.11184,0.00111,-0.00558,1
3.4291,-0.36701,0.04755,0.00591,-0.00136,-0.01988,0.00290,1.38399,-0.14621,0.01104,-0.00685,-0.00248,-0.15105,0.00909,-0.23321,0.87739,0,0.00856,-0.00181,0.00083,0.42764,-0.11184,0.00111,-0.00558,1
3.4311,-0.36701,0.04755,0.00587,-0.00135,-0.02043,0.00254,1.38399,-0.14607,0.01103,-0.00733,-0.00242,-0.15069,0.00938,-0.23347,0.87742,0,0.00856,-0.00181,0.00083,0.42764,-0.11184,0.00111,-0.00558,1
3.4331,-0.36701,0.04755,0.00583,-0.00135,-0.02086,0.00229,1.38399,-0.14592,0.01102,-0.00783,-0.00237,-0.15046,0.00955,-0.23377,0.87742,0,0.00856,-0.00181,0.00083,0.42764,-0.11184,0.00111,-0.00558,1
3.4351,-0.36701,0.04755,0.00579,-0.00134,-0.02117,0.00216,1.38399,-0.14578,0.01101,-0.00833,-0.00232,-0.15036,0.00960,-0.23407,0.87745,0,0.00856,-0.00181,0.00083,0.42764,-0.11184,0.00111,-0.00558,1
3.4371,-0.36701,0.04755,0.00574,-0.00134,-0.02137,0.00215,1.38399,-0.14564,0.01100,-0.00884,-0.00227,-0.15038,0.00951,-0.23439,0.87751,0,0.00856,-0.00181,0.00083,0.42764,-0.11184,0.00111,-0.00558,1
3.4391,-0.36701,0.04755,0.00570,-0.00133,-0.02145,0.00225,1.38399,-0.14550,0.01099,-0.00934,-0.00222,-0.15053,0.00930,-0.23468,0.87748,0,0.00856,-0.00181,0.00083,0.42764,-0.11184,0.00111,-0.00558,1
3.4411,-0.36701,0.04755,0.00566,-0.00133,-0.02141,0.00246,1.38399,-0.14535,0.01098,-0.00985,-0.00216,-0.15081,0.00896,-0.23498,0.87752,0,0.00856,-0.00181,0.00083,0.42764,-0.11184,0.00111,-0.00558,1
3.4431,-0.36701,0.04755,0.00561,-0.00132,-0.02126,0.00280,1.38399,-0.14521,0.01097,-0.01036,-0.00211,-0.15122,0.00875,-0.23532,0.87753,0,0.00856,-0.00181,0.00083,0.42764,-0.11184,0.00111,-0.00558,1
3.4451,-0.36701,0.04755,0.00557,-0.00132,-0.02098,0.00302,1.38399,-0.14507,0.01096,-0.01086,-0.00204,-0.15176,0.00866,-0.23557,0.87756,0,0.00856,-0.00181,0.00083,0.42764,-0.11184,0.00111,-0.00558,1
3.4471,-0.36701,0.04755,0.00553,-0.00131,-0.02059,0.00312,1.38399,-0.14493,0.01095,-0.01136,-0.00198,-0.15242,0.00870,-0.23591,0.87754,0,0.00856,-0.00181,0.00083,0.42764,-0.11184,0.00111,-0.00558,1
3.4491,-0.36701,0.04755,0.00549,-0.00130,-0.02009,0.00310,1.38399,-0.14478,0.01094,-0.01185,-0.00191,-0.15321,0.00887,-0.23624,0.87758,0,0.00856,-0.00181,0.00083,0.42764,-0.11184,0.00111,-0.00558,1
3.4511,-0.36701,0.04755,0.00545,-0.00130,-0.01946,0.00297,1.38399,-0.14464,0.01093,-0.01232,-0.00184,-0.15413,0.00909,-0.23654,0.87757,0,0.00856,-0.00181,0.00083,0.42764,-0.11184,0.00111,-0.00558,1
3.4532,-0.36701,0.04755,0.00541,-0.00129,-0.01872,0.00280,1.38399,-0.14450,0.01092,-0.01279,-0.00178,-0.15518,0.00917,-0.23691,0.87757,0,0.00856,-0.00181,0.00083,0.42764,-0.11184,0.00111,-0.00558,1
3.4552,-0.36701,0.04755,0.00538,-0.00129,-0.01787,0.00275,1.38399,-0.14436,0.01090,-0.01323,-0.00172,-0.15636,0.00919,-0.23728,0.87759,0,0.00856,-0.00181,0.00083,0.42764,-0.11184,0.00111,-0.00558,1
3.4572,-0.36701,0.04755,0.00534,-0.00128,-0.01689,0.00275,1.38399,-0.14422,0.01089,-0.01366,-0.00166,-0.15766,0.00924,-0.23761,0.87756,0,0.00856,-0.00181,0.00083,0.42764,-0.11184,0.00111,-0.00558,1
3.4592,-0.35730,0.04730,0.00616,-0.00125,-0.01433,0.00281,1.38349,-0.14407,0.01088,-0.00281,-0.00141,-0.15884,0.00942,-0.23825,0.87762,0,0.00772,-0.00137,0.00049,0.42747,-0.11117,0.00118,-0.00116,1
3.4612,-0.35730,0.04730,0.00613,-0.00124,-0.01337,0.00267,1.38349,-0.14393,0.01087,-0.00317,-0.00135,-0.15989,0.00953,-0.23825,0.87762,0,0.00772,-0.00137,0.00049,0.42747,-0.11117,0.00118,-0.00116,1
3.4632,-0.35730,0.04730,0.00610,-0.00124,-0.01253,0.00259,1.38349,-0.14379,0.01086,-0.00351,-0.00129,-0.16081,0.00958,-0.23858,0.87766,0,0.00772,-0.00137,0.00049,0.42747,-0.11117,0.00118,-0.00116,1
3.4652,-0.35730,0.04730,0.00608,-0.00123,-0.01180,0.00257,1.38349,-0.14365,0.01085,-0.00384,-0.00123,-0.16160,0.00962,-0.23891,0.87769,0,0.00772,-0.00137,0.00049,0.42747,-0.11117,0.00118,-0.00116,1
3.4672,-0.35730,0.04730,0.00606,-0.00123,-0.01119,0.00255,1.38349,-0.14350,0.01084,-0.00415,-0.00117,-0.16226,0.00967,-0.23925,0.87770,0,0.00772,-0.00137,0.00049,0.42747,-0.11117,0.00118,-0.00116,1
3.4692,-0.35730,0.04730,0.00603,-0.00122,-0.01069,0.00253,1.38349,-0.14336,0.01083,-0.00445,-0.00112,-0.16280,0.00971,-0.23960,0.87772,0,0.00772,-0.00137,0.00049,0.42747,-0.11117,0.00118,-0.00116,1
3.4712,-0.35730,0.04730,0.00601,-0.00122,-0.01031,0.00251,1.38349,-0.14322,0.01082,-0.00474,-0.00106,-0.16321,0.00976,-0.23991,0.87776,0,0.00772,-0.00137,0.00049,0.42747,-0.11117,0.00118,-0.00116,1
3.4732,-0.35730,0.04730,0.00599,-0.00121,-0.01005,0.00249,1.38349,-0.14308,0.01081,-0.00503,-0.00100,-0.16349,0.00980,-0.24026,0.87776,0,0.00772,-0.00137,0.00049,0.42747,-0.11117,0.00118,-0.00116,1
3.4752,-0.35730,0.04730,0.00597,-0.00121,-0.00990,0.00247,1.38349,-0.14293,0.01080,-0.00531,-0.00095,-0.16364,0.00985,-0.24052,0.87779,0,0.00772,-0.00137,0.00049,0.42747,-0.11117,0.00118,-0.00116,1
3.4772,-0.35730,0.04730,0.00595,-0.00120,-0.00987,0.00245,1.38349,-0.14279,0.01079,-0.00559,-0.00089,-0.16367,0.00989,-0.24087,0.87782,0,0.00772,-0.00137,0.00049,0.42747,-0.11117,0.00118,-0.00116,1
3.4792,-0.35730,0.04730,0.00593,-0.00120,-0.00995,0.00243,1.38349,-0.14265,0.01078,-0.00587,-0.00084,-0.16356,0.00994,-0.24122,0.87780,0,0.00772,-0.00137,0.00049,0.42747,-0.11117,0.00118,-0.00116,1
3.4812,-0.35730,0.04730,0.00591,-0.00119,-0.01015,0.00242,1.38349,-0.14251,0.01077,-0.00616,-0.00079,-0.16333,0.00998,-0.24147,0.87785,0,0.00772,-0.00137,0.00049,0.42747,-0.11117,0.00118,-0.00116,1
3.4832,-0.35730,0.04730,0.00589,-0.00119,-0.01046,0.00240,1.38349,-0.14236,0.01075,-0.00645,-0.00073,-0.16297,0.01002,-0.24178,0.87788,0,0.00772,-0.00137,0.00049,0.42747,-0.11117,0.00118,-0.00116,1
3.4852,-0.35730,0.04730,0.00587,-0.00118,-0.01090,0.00238,1.38349,-0.14222,0.01074,-0.00674,-0.00068,-0.16248,0.01007,-0.24206,0.87791,0,0.00772,-0.00137,0.00049,0.42747,-0.11117,0.00118,-0.00116,1
3.4872,-0.35730,0.04730,0.00585,-0.00118,-0.01144,0.00236,1.38349,-0.14208,0.01073,-0.00705,-0.00062,-0.16187,0.01011,-0.24239,0.87790,0,0.00772,-0.00137,0.00049,0.42747,-0.11117,0.00118,-0.00116,1
3.4892,-0.35730,0.04730,0.00582,-0.00117,-0.01211,0.00234,1.38349,-0.14194,0.01072,-0.00736,-0.00057,-0.16112,0.01015,-0.24264,0.87796,0,0.00772,-0.00137,0.00049,0.42747,-0.11117,0.00118,-0.00116,1
3.4912,-0.35730,0.04730,0.00580,-0.00117,-0.01289,0.00233,1.38349,-0.14180,0.01071,-0.00769,-0.00052,-0.16025,0.01019,-0.24298,0.87799,0,0.00772,-0.00137,0.00049,0.42747,-0.11117,0.00118,-0.00116,1
3.4932,-0.35730,0.04730,0.00577,-0.00116,-0.01378,0.00231,1.38349,-0.14165,0.01070,-0.00804,-0.00047,-0.15925,0.01023,-0.24328,0.87803,0,0.00772,-0.00137,0.00049,0.42747,-0.11117,0.00118,-0.00116,1
3.4952,-0.35730,0.04730,0.00574,-0.00116,-0.01479,0.00229,1.38349,-0.14151,0.01069,-0.00841,-0.00042,-0.15812,0.01027,-0.24353,0.87806,0,0.00772,-0.00137,0.00049,0.42747,-0.11117,0.00118,-0.00116,1
3.4972,-0.35730,0.04730,0.00571,-0.00116,-0.01592,0.00228,1.38349,-0.14137,0.01068,-0.00880,-0.00036,-0.15687,0.01031,-0.24384,0.87809,0,0.00772,-0.00137,0.00049,0.42747,-0.11117,0.00118,-0.00116,1
3.4992,-0.35730,0.04730,0.00568,-0.00115,-0.01716,0.00226,1.38349,-0.14123,0.01067,-0.00921,-0.00031,-0.15548,0.01035,-0.24415,0.87809,0,0.00772,-0.00137,0.00049,0.42747,-0.11117,0.00118,-0.00116,1
3.5012,-0.35730,0.04730,0.00565,-0.00115,-0.01852,0.00224,1.38349,-0.14109,0.01066,-0.00964,-0.00026,-0.15397,0.01039,-0.24450,0.87812,0,0.00772,-0.00137,0.00049,0.42747,-0.11117,0.00118,-0.00116,1
3.5032,-0.35730,0.04730,0.00561,-0.00114,-0.02000,0.00223,1.38349,-0.14094,0.01065,-0.01010,-0.00021,-0.15237,0.01043,-0.24478,0.87813,0,0.00772,-0.00137,0.00049,0.42747,-0.11117,0.00118,-0.00116,1
3.5052,-0.35730,0.04730,0.00557,-0.00114,-0.02155,0.00221,1.38349,-0.14080,0.01064,-0.01060,-0.00016,-0.15090,0.01047,-0.24509,0.87815,0,0.00772,-0.00137,0.00049,0.42747,-0.11117,0.00118,-0.00116,1
3.5072,-0.35730,0.04730,0.00552,-0.00113,-0.02299,0.00220,1.38349,-0.14066,0.01063,-0.01112,-0.00011,-0.14956,0.01051,-0.24546,0.87813,0,0.00772,-0.00137,0.00049,0.42747,-0.11117,0.00118,-0.00116,1
3.5092,-0.35730,0.04730,0.00547,-0.00113,-0.02431,0.00218,1.38349,-0.14052,0.01061,-0.01167,-0.00006,-0.14834,0.01055,-0.24568,0.87821,0,0.00772,-0.00137,0.00049,0.42747,-0.11117,0.00118,-0.00116,1
3.5112,-0.35730,0.04730,0.00542,-0.00112,-0.02551,0.00217,1.38349,-0.14037,0.01060,-0.01225,-0.00001,-0.14725,0.01059,-0.24595,0.87825,0,0.00772,-0.00137,0.00049,0.42747,-0.11117,0.00118,-0.00116,1
3.5132,-0.35730,0.04730,0.00537,-0.00112,-0.02659,0.00215,1.38349,-0.14023,0.01059,-0.01284,0.00003,-0.14629,0.01063,-0.24627,0.87823,0,0.00772,-0.00137,0.00049,0.42747,-0.11117,0.00118,-0.00116,1
3.5152,-0.35730,0.04730,0.00532,-0.00112,-0.02756,0.00214,1.38349,-0.14009,0.01058,-0.01346,0.00008,-0.14546,0.01067,-0.24656,0.87826,0,0.00772,-0.00137,0.00049,0.42747,-0.11117,0.00118,-0.00116,1
3.5172,-0.35730,0.04730,0.00526,-0.00111,-0.02841,0.00212,1.38349,-0.13995,0.01057,-0.01409,0.00013,-0.14476,0.01070,-0.24682,0.87826,0,0.00772,-0.00137,0.00049,0.42747,-0.11117,0.00118,-0.00116,1
3.5192,-0.35730,0.04730,0.00520,-0.00111,-0.02914,0.00211,1.38349,-0.13981,0.01056,-0.01474,0.00018,-0.14418,0.01074,-0.24716,0.87828,0,0.00772,-0.00137,0.00049,0.42747,-0.11117,0.00118,-0.00116,1
3.5212,-0.35730,0.04730,0.00514,-0.00110,-0.02976,0.00209,1.38349,-0.13966,0.01055,-0.01541,0.00023,-0.14373,0.01078,-0.24743,0.87834,0,0.00772,-0.00137,0.00049,0.42747,-0.11117,0.00118,-0.00116,1
3.5232,-0.35730,0.04730,0.00508,-0.00110,-0.03025,0.00208,1.38349,-0.13952,0.01054,-0.01608,0.00027,-0.14341,0.01081,-0.24769,0.87835,0,0.00772,-0.00137,0.00049,0.42747,-0.11117,0.00118,-0.00116,1
3.5252,-0.35730,0.04730,0.00502,-0.00109,-0.03063,0.00206,1.38349,-0.13938,0.01053,-0.01676,0.00032,-0.14322,0.01085,-0.24798,0.87841,0,0.00772,-0.00137,0.00049,0.42747,-0.11117,0.00118,-0.00116,1
3.5272,-0.35730,0.04730,0.00496,-0.00109,-0.03090,0.00205,1.38349,-0.13923,0.01052,-0.01745,0.00037,-0.14316,0.01089,-0.24831,0.87837,0,0.00772,-0.00137,0.00049,0.42747,-0.11117,0.00118,-0.00116,1
3.5292,-0.34441,0.04550,0.00599,-0.00126,-0.02775,0.00143,1.38184,-0.13909,0.01051,-0.00358,-0.00184,-0.14296,0.01079,-0.24889,0.87841,0,0.00780,-0.00150,0.00239,0.42854,-0.11337,0.00001,-0.00399,1
3.5312,-0.34441,0.04550,0.00593,-0.00126,-0.02803,0.00154,1.38184,-0.13895,0.01050,-0.00421,-0.00181,-0.14290,0.01057,-0.24889,0.87841,0,0.00780,-0.00150,0.00239,0.42854,-0.11337,0.00001,-0.00399,1
3.5332,-0.34441,0.04550,0.00588,-0.00125,-0.02820,0.00176,1.38184,-0.13881,0.01049,-0.00485,-0.00177,-0.14296,0.01023,-0.24919,0.87842,0,0.00780,-0.00150,0.00239,0.42854,-0.11337,0.00001,-0.00399,1
3.5352,-0.34441,0.04550,0.00582,-0.00125,-0.02824,0.00210,1.38184,-0.13867,0.01047,-0.00549,-0.00172,-0.14316,0.00975,-0.24952,0.87845,0,0.00780,-0.00150,0.00239,0.42854,-0.11337,0.00001,-0.00399,1
3.5372,-0.34441,0.04550,0.00576,-0.00125,-0.02817,0.00256,1.38184,-0.13852,0.01046,-0.00612,-0.00167,-0.14348,0.00915,-0.24976,0.87846,0,0.00780,-0.00150,0.00239,0.42854,-0.11337,0.00001,-0.00399,1
3.5392,-0.34441,0.04550,0.00571,-0.00124,-0.02798,0.00313,1.38184,-0.13838,0.01045,-0.00676,-0.00161,-0.14392,0.00867,-0.25012,0.87847,0,0.00780,-0.00150,0.00239,0.42854,-0.11337,0.00001,-0.00399,1
3.5412,-0.34441,0.04550,0.00565,-0.00123,-0.02767,0.00358,1.38184,-0.13824,0.01044,-0.00739,-0.00154,-0.14450,0.00832,-0.25040,0.87849,0,0.00780,-0.00150,0.00239,0.42854,-0.11337,0.00001,-0.00399,1
3.5432,-0.34441,0.04550,0.00560,-0.00123,-0.02725,0.00392,1.38184,-0.13810,0.01043,-0.00801,-0.00146,-0.14520,0.00810,-0.25071,0.87849,0,0.00780,-0.00150,0.00239,0.42854,-0.11337,0.00001,-0.00399,1
3.5452,-0.34441,0.04550,0.00554,-0.00122,-0.02671,0.00414,1.38184,-0.13795,0.01042,-0.00863,-0.00137,-0.14604,0.00801,-0.25099,0.87852,0,0.00780,-0.00150,0.00239,0.42854,-0.11337,0.00001,-0.00399,1
3.5472,-0.34441,0.04550,0.00549,-0.00121,-0.02605,0.00425,1.38184,-0.13781,0.01041,-0.00923,-0.00128,-0.14700,0.00805,-0.25132,0.87850,0,0.00780,-0.00150,0.00239,0.42854,-0.11337,0.00001,-0.00399,1
3.5492,-0.34441,0.04550,0.00544,-0.00120,-0.02527,0.00423,1.38184,-0.13767,0.01040,-0.00982,-0.00119,-0.14783,0.00821,-0.25162,0.87853,0,0.00780,-0.00150,0.00239,0.42854,-0.11337,0.00001,-0.00399,1
3.5512,-0.34441,0.04550,0.00539,-0.00119,-0.02461,0.00411,1.38184,-0.13753,0.01039,-0.01039,-0.00110,-0.14853,0.00850,-0.25199,0.87851,0,0.00780,-0.00150,0.00239,0.42854,-0.11337,0.00001,-0.00399,1
3.5532,-0.34441,0.04550,0.00534,-0.00119,-0.02407,0.00386,1.38184,-0.13739,0.01038,-0.01095,-0.00102,-0.14911,0.00892,-0.25226,0.87856,0,0.00780,-0.00150,0.00239,0.42854,-0.11337,0.00001,-0.00399,1
3.5552,-0.34441,0.04550,0.00529,-0.00118,-0.02364,0.00350,1.38184,-0.13724,0.01037,-0.01150,-0.00094,-0.14956,0.00943,-0.25255,0.87852,0,0.00780,-0.00150,0.00239,0.42854,-0.11337,0.00001,-0.00399,1
3.5572,-0.34441,0.04550,0.00525,-0.00117,-0.02332,0.00306,1.38184,-0.13710,0.01036,-0.01205,-0.00087,-0.14988,0.00980,-0.25288,0.87858,0,0.00780,-0.00150,0.00239,0.42854,-0.11337,0.00001,-0.00399,1
3.5592,-0.34441,0.04550,0.00520,-0.00117,-0.02313,0.00274,1.38184,-0.13696,0.01035,-0.01259,-0.00081,-0.15007,0.01005,-0.25316,0.87860,0,0.00780,-0.00150,0.00239,0.42854,-0.11337,0.00001,-0.00399,1
3.5612,-0.34441,0.04550,0.00515,-0.00116,-0.02304,0.00254,1.38184,-0.13682,0.01034,-0.01312,-0.00075,-0.15013,0.01017,-0.25346,0.87860,0,0.00780,-0.00150,0.00239,0.42854,-0.11337,0.00001,-0.00399,1
3.5632,-0.34441,0.04550,0.00511,-0.00116,-0.02308,0.00245,1.38184,-0.13667,0.01032,-0.01366,-0.00069,-0.15032,0.01016,-0.25376,0.87863,0,0.00780,-0.00150,0.00239,0.42854,-0.11337,0.00001,-0.00399,1
3.5652,-0.34441,0.04550,0.00506,-0.00115,-0.02299,0.00248,1.38184,-0.13653,0.01031,-0.01419,-0.00064,-0.15064,0.01003,-0.25402,0.87867,0,0.00780,-0.00150,0.00239,0.42854,-0.11337,0.00001,-0.00399,1
3.5672,-0.34441,0.04550,0.00501,-0.00114,-0.02279,0.00262,1.38184,-0.13639,0.01030,-0.01473,-0.00058,-0.15109,0.00976,-0.25435,0.87868,0,0.00780,-0.00150,0.00239,0.42854,-0.11337,0.00001,-0.00399,1
3.5692,-0.34441,0.04550,0.00497,-0.00114,-0.02247,0.00288,1.38184,-0.13625,0.01029,-0.01525,-0.00052,-0.15150,0.00963,-0.25460,0.87871,0,0.00780,-0.00150,0.00239,0.42854,-0.11337,0.00001,-0.00399,1
3.5712,-0.34441,0.04550,0.00493,-0.00113,-0.02219,0.00303,1.38184,-0.13611,0.01028,-0.01578,-0.00046,-0.15188,0.00962,-0.25492,0.87873,0,0.00780,-0.00150,0.00239,0.42854,-0.11337,0.00001,-0.00399,1
3.5732,-0.34441,0.04550,0.00488,-0.00113,-0.02193,0.00305,1.38184,-0.13596,0.01027,-0.01629,-0.00039,-0.15225,0.00974,-0.25520,0.87877,0,0.00780,-0.00150,0.00239,0.42854,-0.11337,0.00001,-0.00399,1
3.5752,-0.34441,0.04550,0.00484,-0.00112,-0.02167,0.00296,1.38184,-0.13582,0.01026,-0.01680,-0.00033,-0.15262,0.00993,-0.25547,0.87880,0,0.00780,-0.00150,0.00239,0.42854,-0.11337,0.00001,-0.00399,1
3.5772,-0.34441,0.04550,0.00479,-0.00112,-0.02142,0.00281,1.38184,-0.13568,0.01025,-0.01731,-0.00026,-0.15299,0.01000,-0.25577,0.87881,0,0.00780,-0.00150,0.00239,0.42854,-0.11337,0.00001,-0.00399,1
3.5792,-0.34441,0.04550,0.00475,-0.00111,-0.02118,0.00276,1.38184,-0.13554,0.01024,-0.01781,-0.00020,-0.15334,0.01004,-0.25612,0.87880,0,0.00780,-0.00150,0.00239,0.42854,-0.11337,0.00001,-0.00399,1
3.5812,-0.34441,0.04550,0.00471,-0.00110,-0.02094,0.00275,1.38184,-0.13539,0.01023,-0.01830,-0.00014,-0.15370,0.01009,-0.25639,0.87884,0,0.00780,-0.00150,0.00239,0.42854,-0.11337,0.00001,-0.00399,1
3.5833,-0.34441,0.04550,0.00467,-0.00110,-0.02070,0.00273,1.38184,-0.13525,0.01022,-0.01880,-0.00008,-0.15405,0.01014,-0.25668,0.87886,0,0.00780,-0.00150,0.00239,0.42854,-0.11337,0.00001,-0.00399,1
3.5853,-0.34441,0.04550,0.00463,-0.00109,-0.02046,0.00270,1.38184,-0.13511,0.01021,-0.01928,-0.00002,-0.15439,0.01018,-0.25708,0.87883,0,0.00780,-0.00150,0.00239,0.42854,-0.11337,0.00001,-0.00399,1
3.5873,-0.34441,0.04550,0.00459,-0.00109,-0.02023,0.00268,1.38184,-0.13497,0.01020,-0.01976,0.00004,-0.15473,0.01023,-0.25736,0.87890,0,0.00780,-0.00150,0.00239,0.42854,-0.11337,0.00001,-0.00399,1
3.5893,-0.34441,0.04550,0.00455,-0.00108,-0.02001,0.00265,1.38184,-0.13482,0.01018,-0.02024,0.00010,-0.15506,0.01028,-0.25766,0.87889,0,0.00780,-0.00150,0.00239,0.42854,-0.11337,0.00001,-0.00399,1
3.5913,-0.33475,0.04550,0.00472,-0.00110,-0.01864,0.00244,1.37963,-0.13468,0.01017,-0.01570,-0.00009,-0.15527,0.01020,-0.25826,0.87898,0,0.00576,-0.00123,-0.00007,0.42784,-0.11020,0.00077,-0.00464,1
3.5933,-0.33475,0.04550,0.00468,-0.00110,-0.01854,0.00254,1.37963,-0.13454,0.01016,-0.01615,-0.00003,-0.15535,0.01013,-0.25826,0.87898,0,0.00576,-0.00123,-0.00007,0.42784,-0.11020,0.00077,-0.00464,1
3.5953,-0.33475,0.04550,0.00465,-0.00109,-0.01855,0.00262,1.37963,-0.13439,0.01015,-0.01659,0.00003,-0.15530,0.01018,-0.25864,0.87897,0,0.00576,-0.00123,-0.00007,0.42784,-0.11020,0.00077,-0.00464,1
3.5973,-0.33475,0.04550,0.00461,-0.00109,-0.01868,0.00259,1.37963,-0.13425,0.01014,-0.01704,0.00008,-0.15512,0.01023,-0.25891,0.87901,0,0.00576,-0.00123,-0.00007,0.42784,-0.11020,0.00077,-0.00464,1
3.5993,-0.33475,0.04550,0.00457,-0.00108,-0.01892,0.00257,1.37963,-0.13411,0.01013,-0.01749,0.00014,-0.15482,0.01027,-0.25922,0.87903,0,0.00576,-0.00123,-0.00007,0.42784,-0.11020,0.00077,-0.00464,1
3.6013,-0.33475,0.04550,0.00453,-0.00108,-0.01928,0.00255,1.37963,-0.13397,0.01012,-0.01795,0.00020,-0.15438,0.01032,-0.25959,0.87900,0,0.00576,-0.00123,-0.00007,0.42784,-0.11020,0.00077,-0.00464,1
3.6033,-0.33475,0.04550,0.00449,-0.00107,-0.01975,0.00253,1.37963,-0.13382,0.01011,-0.01841,0.00025,-0.15382,0.01036,-0.25986,0.87908,0,0.00576,-0.00123,-0.00007,0.42784,-0.11020,0.00077,-0.00464,1
3.6053,-0.33475,0.04550,0.00445,-0.00107,-0.02034,0.00250,1.37963,-0.13368,0.01010,-0.01889,0.00031,-0.15313,0.01041,-0.26018,0.87905,0,0.00576,-0.00123,-0.00007,0.42784,-0.11020,0.00077,-0.00464,1
3.6073,-0.33475,0.04550,0.00441,-0.00106,-0.02104,0.00248,1.37963,-0.13354,0.01009,-0.01937,0.00036,-0.15257,0.01045,-0.26044,0.87909,0,0.00576,-0.00123,-0.00007,0.42784,-0.11020,0.00077,-0.00464,1
3.6093,-0.33475,0.04550,0.00437,-0.00106,-0.02163,0.00246,1.37963,-0.13340,0.01008,-0.01987,0.00042,-0.15214,0.01050,-0.26080,0.87910,0,0.00576,-0.00123,-0.00007,0.42784,-0.11020,0.00077,-0.00464,1
3.6113,-0.33475,0.04550,0.00433,-0.00105,-0.02210,0.00244,1.37963,-0.13325,0.01007,-0.02039,0.00047,-0.15183,0.01054,-0.26102,0.87917,0,0.00576,-0.00123,-0.00007,0.42784,-0.11020,0.00077,-0.00464,1
3.6133,-0.33475,0.04550,0.00428,-0.00105,-0.02246,0.00242,1.37963,-0.13311,0.01006,-0.02090,0.00053,-0.15166,0.01058,-0.26136,0.87912,0,0.00576,-0.00123,-0.00007,0.42784,-0.11020,0.00077,-0.00464,1
3.6153,-0.33475,0.04550,0.00424,-0.00104,-0.02269,0.00240,1.37963,-0.13297,0.01004,-0.02143,0.00058,-0.15161,0.01063,-0.26163,0.87917,0,0.00576,-0.00123,-0.00007,0.42784,-0.11020,0.00077,-0.00464,1
3.6173,-0.33475,0.04550,0.00419,-0.00104,-0.02281,0.00238,1.37963,-0.13283,0.01003,-0.02196,0.00063,-0.15168,0.01067,-0.26195,0.87917,0,0.00576,-0.00123,-0.00007,0.42784,-0.11020,0.00077,-0.00464,1
3.6193,-0.33475,0.04550,0.00415,-0.00103,-0.02282,0.00236,1.37963,-0.13269,0.01002,-0.02248,0.00069,-0.15189,0.01071,-0.26221,0.87922,0,0.00576,-0.00123,-0.00007,0.42784,-0.11020,0.00077,-0.00464,1
3.6213,-0.33475,0.04550,0.00410,-0.00103,-0.02270,0.00234,1.37963,-0.13254,0.01001,-0.02301,0.00074,-0.15223,0.01075,-0.26255,0.87925,0,0.00576,-0.00123,-0.00007,0.42784,-0.11020,0.00077,-0.00464,1
3.6233,-0.33475,0.04550,0.00406,-0.00102,-0.02247,0.00232,1.37963,-0.13240,0.01000,-0.02354,0.00079,-0.15269,0.01079,-0.26285,0.87925,0,0.00576,-0.00123,-0.00007,0.42784,-0.11020,0.00077,-0.00464,1
3.6253,-0.33475,0.04550,0.00401,-0.00102,-0.02212,0.00230,1.37963,-0.13226,0.00999,-0.02405,0.00084,-0.15328,0.01083,-0.26313,0.87930,0,0.00576,-0.00123,-0.00007,0.42784,-0.11020,0.00077,-0.00464,1
3.6273,-0.33475,0.04550,0.00397,-0.00101,-0.02165,0.00228,1.37963,-0.13212,0.00998,-0.02456,0.00089,-0.15400,0.01087,-0.26345,0.87931,0,0.00576,-0.00123,-0.00007,0.42784,-0.11020,0.00077,-0.00464,1
3.6293,-0.33475,0.04550,0.00392,-0.00101,-0.02107,0.00226,1.37963,-0.13197,0.00997,-0.02506,0.00094,-0.15484,0.01091,-0.26379,0.87934,0,0.00576,-0.00123,-0.00007,0.42784,-0.11020,0.00077,-0.00464,1
3.6313,-0.33475,0.04550,0.00388,-0.00100,-0.02037,0.00224,1.37963,-0.13183,0.00996,-0.02555,0.00099,-0.15582,0.01095,-0.26410,0.87932,0,0.00576,-0.00123,-0.00007,0.42784,-0.11020,0.00077,-0.00464,1
3.6333,-0.33475,0.04550,0.00384,-0.00100,-0.01955,0.00223,1.37963,-0.13169,0.00995,-0.02602,0.00104,-0.15692,0.01099,-0.26441,0.87937,0,0.00576,-0.00123,-0.00007,0.42784,-0.11020,0.00077,-0.00464,1
3.6353,-0.33475,0.04550,0.00380,-0.00100,-0.01862,0.00221,1.37963,-0.13155,0.00994,-0.02648,0.00109,-0.15802,0.01103,-0.26474,0.87940,0,0.00576,-0.00123,-0.00007,0.42784,-0.11020,0.00077,-0.00464,1
3.6373,-0.33475,0.04550,0.00377,-0.00099,-0.01768,0.00219,1.37963,-0.13141,0.00993,-0.02691,0.00114,-0.15900,0.01107,-0.26507,0.87942,0,0.00576,-0.00123,-0.00007,0.42784,-0.11020,0.00077,-0.00464,1
3.6393,-0.33475,0.04550,0.00373,-0.00099,-0.01686,0.00217,1.37963,-0.13126,0.00992,-0.02733,0.00119,-0.15985,0.01111,-0.26544,0.87939,0,0.00576,-0.00123,-0.00007,0.42784,-0.11020,0.00077,-0.00464,1
3.6413,-0.33475,0.04550,0.00370,-0.00098,-0.01616,0.00215,1.37963,-0.13112,0.00991,-0.02774,0.00124,-0.16056,0.01114,-0.26577,0.87941,0,0.00576,-0.00123,-0.00007,0.42784,-0.11020,0.00077,-0.00464,1
3.6433,-0.33475,0.04550,0.00367,-0.00098,-0.01557,0.00214,1.37963,-0.13098,0.00989,-0.02813,0.00129,-0.16116,0.01118,-0.26610,0.87945,0,0.00576,-0.00123,-0.00007,0.42784,-0.11020,0.00077,-0.00464,1
3.6453,-0.33475,0.04550,0.00364,-0.00097,-0.01510,0.00212,1.37963,-0.13084,0.00988,-0.02851,0.00134,-0.16162,0.01122,-0.26645,0.87948,0,0.00576,-0.00123,-0.00007,0.42784,-0.11020,0.00077,-0.00464,1
3.6473,-0.33475,0.04550,0.00361,-0.00097,-0.01474,0.00210,1.37963,-0.13069,0.00987,-0.02888,0.00138,-0.16195,0.01126,-0.26676,0.87948,0,0.00576,-0.00123,-0.00007,0.42784,-0.11020,0.00077,-0.00464,1
3.6493,-0.33475,0.04550,0.00358,-0.00097,-0.01450,0.00209,1.37963,-0.13055,0.00986,-0.02924,0.00143,-0.16216,0.01129,-0.26715,0.87947,0,0.00576,-0.00123,-0.00007,0.42784,-0.11020,0.00077,-0.00464,1
3.6514,-0.33475,0.04550,0.00355,-0.00096,-0.01438,0.00207,1.37963,-0.13041,0.00985,-0.02961,0.00148,-0.16224,0.01133,-0.26744,0.87951,0,0.00576,-0.00123,-0.00007,0.42784,-0.11020,0.00077,-0.00464,1
3.6534,-0.33475,0.04550,0.00352,-0.00096,-0.01437,0.00206,1.37963,-0.13027,0.00984,-0.02997,0.00152,-0.16219,0.01136,-0.26774,0.87957,0,0.00576,-0.00123,-0.00007,0.42784,-0.11020,0.00077,-0.00464,1
3.6554,-0.33475,0.04550,0.00349,-0.00095,-0.01447,0.00204,1.37963,-0.13012,0.00983,-0.03033,0.00157,-0.16201,0.01140,-0.26799,0.87959,0,0.00576,-0.00123,-0.00007,0.42784,-0.11020,0.00077,-0.00464,1
3.6574,-0.33475,0.04550,0.00346,-0.00095,-0.01470,0.00203,1.37963,-0.12998,0.00982,-0.03070,0.00162,-0.16171,0.01144,-0.26837,0.87960,0,0.00576,-0.00123,-0.00007,0.42784,-0.11020,0.00077,-0.00464,1
3.6594,-0.32593,0.04656,0.00371,-0.00103,-0.01367,0.00170,1.37676,-0.12984,0.00981,-0.02574,0.00113,-0.16127,0.01134,-0.26896,0.87966,0,0.00468,-0.00119,0.00115,0.42607,-0.11143,0.00214,-0.00324,1
3.6614,-0.32593,0.04656,0.00368,-0.00103,-0.01413,0.00181,1.37676,-0.12970,0.00980,-0.02609,0.00117,-0.16071,0.01112,-0.26896,0.87966,0,0.00468,-0.00119,0.00115,0.42607,-0.11143,0.00214,-0.00324,1
3.6634,-0.32593,0.04656,0.00365,-0.00102,-0.01471,0.00202,1.37676,-0.12955,0.00979,-0.02645,0.00121,-0.16002,0.01100,-0.26928,0.87970,0,0.00468,-0.00119,0.00115,0.42607,-0.11143,0.00214,-0.00324,1
3.6654,-0.32593,0.04656,0.00362,-0.00102,-0.01540,0.00215,1.37676,-0.12941,0.00978,-0.02682,0.00126,-0.15921,0.01101,-0.26959,0.87972,0,0.00468,-0.00119,0.00115,0.42607,-0.11143,0.00214,-0.00324,1
3.6674,-0.32593,0.04656,0.00359,-0.00102,-0.01621,0.00217,1.37676,-0.12927,0.00977,-0.02721,0.00131,-0.15826,0.01107,-0.26990,0.87978,0,0.00468,-0.00119,0.00115,0.42607,-0.11143,0.00214,-0.00324,1
3.6694,-0.32593,0.04656,0.00355,-0.00101,-0.01713,0.00212,1.37676,-0.12913,0.00975,-0.02762,0.00136,-0.15719,0.01111,-0.27022,0.87979,0,0.00468,-0.00119,0.00115,0.42607,-0.11143,0.00214,-0.00324,1
3.6714,-0.32593,0.04656,0.00352,-0.00101,-0.01817,0.00211,1.37676,-0.12898,0.00974,-0.02804,0.00140,-0.15624,0.01115,-0.27050,0.87982,0,0.00468,-0.00119,0.00115,0.42607,-0.11143,0.00214,-0.00324,1
3.6734,-0.32593,0.04656,0.00348,-0.00100,-0.01909,0.00209,1.37676,-0.12884,0.00973,-0.02849,0.00145,-0.15543,0.01118,-0.27076,0.87984,0,0.00468,-0.00119,0.00115,0.42607,-0.11143,0.00214,-0.00324,1
3.6754,-0.32593,0.04656,0.00344,-0.00100,-0.01989,0.00208,1.37676,-0.12870,0.00972,-0.02895,0.00150,-0.15474,0.01122,-0.27108,0.87987,0,0.00468,-0.00119,0.00115,0.42607,-0.11143,0.00214,-0.00324,1
3.6774,-0.32593,0.04656,0.00340,-0.00099,-0.02058,0.00206,1.37676,-0.12856,0.00971,-0.02942,0.00154,-0.15418,0.01126,-0.27133,0.87990,0,0.00468,-0.00119,0.00115,0.42607,-0.11143,0.00214,-0.00324,1
3.6794,-0.32593,0.04656,0.00336,-0.00099,-0.02115,0.00205,1.37676,-0.12841,0.00970,-0.02991,0.00159,-0.15374,0.01129,-0.27165,0.87989,0,0.00468,-0.00119,0.00115,0.42607,-0.11143,0.00214,-0.00324,1
3.6815,-0.32593,0.04656,0.00332,-0.00099,-0.02160,0.00203,1.37676,-0.12827,0.00969,-0.03041,0.00164,-0.15344,0.01133,-0.27193,0.87992,0,0.00468,-0.00119,0.00115,0.42607,-0.11143,0.00214,-0.00324,1
3.6835,-0.32593,0.04656,0.00327,-0.00098,-0.02194,0.00202,1.37676,-0.12813,0.00968,-0.03092,0.00168,-0.15326,0.01136,-0.27257,0.88000,0,0.00468,-0.00119,0.00115,0.42607,-0.11143,0.00214,-0.00324,1
3.6855,-0.32593,0.04656,0.00323,-0.00098,-0.02216,0.00200,1.37676,-0.12798,0.00967,-0.03143,0.00173,-0.15321,0.01140,-0.27288,0.88002,0,0.00468,-0.00119,0.00115,0.42607,-0.11143,0.00214,-0.00324,1
3.6875,-0.32593,0.04656,0.00319,-0.00097,-0.02226,0.00199,1.37676,-0.12784,0.00966,-0.03194,0.00177,-0.15329,0.01143,-0.27288,0.88002,0,0.00468,-0.00119,0.00115,0.42607,-0.11143,0.00214,-0.00324,1
3.6895,-0.32593,0.04656,0.00314,-0.00097,-0.02224,0.00197,1.37676,-0.12770,0.00965,-0.03245,0.00182,-0.15350,0.01146,-0.27325,0.88002,0,0.00468,-0.00119,0.00115,0.42607,-0.11143,0.00214,-0.00324,1
3.6915,-0.32593,0.04656,0.00310,-0.00097,-0.02211,0.00196,1.37676,-0.12756,0.00964,-0.03297,0.00186,-0.15383,0.01150,-0.27355,0.88004,0,0.00468,-0.00119,0.00115,0.42607,-0.11143,0.00214,-0.00324,1
3.6935,-0.32593,0.04656,0.00305,-0.00096,-0.02186,0.00195,1.37676,-0.12742,0.00963,-0.03348,0.00191,-0.15429,0.01153,-0.27382,0.88006,0,0.00468,-0.00119,0.00115,0.42607,-0.11143,0.00214,-0.00324,1
3.6955,-0.32593,0.04656,0.00301,-0.00096,-0.02149,0.00193,1.37676,-0.12727,0.00961,-0.03398,0.00195,-0.15488,0.01157,-0.27414,0.88011,0,0.00468,-0.00119,0.00115,0.42607,-0.11143,0.00214,-0.00324,1
3.6975,-0.32593,0.04656,0.00297,-0.00096,-0.02101,0.00192,1.37676,-0.12713,0.00960,-0.03447,0.00199,-0.15560,0.01160,-0.27446,0.88011,0,0.00468,-0.00119,0.00115,0.42607,-0.11143,0.00214,-0.00324,1
3.6995,-0.32593,0.04656,0.00293,-0.00095,-0.02040,0.00191,1.37676,-0.12699,0.00959,-0.03496,0.00204,-0.15645,0.01163,-0.27476,0.88016,0,0.00468,-0.00119,0.00115,0.42607,-0.11143,0.00214,-0.00324,1
3.7015,-0.32593,0.04656,0.00289,-0.00095,-0.01969,0.00189,1.37676,-0.12685,0.00958,-0.03543,0.00208,-0.15743,0.01166,-0.27510,0.88016,0,0.00468,-0.00119,0.00115,0.42607,-0.11143,0.00214,-0.00324,1
3.7035,-0.32593,0.04656,0.00285,-0.00094,-0.01885,0.00188,1.37676,-0.12670,0.00957,-0.03588,0.00212,-0.15853,0.01170,-0.27547,0.88016,0,0.00468,-0.00119,0.00115,0.42607,-0.11143,0.00214,-0.00324,1
3.7055,-0.32593,0.04656,0.00281,-0.00094,-0.01790,0.00187,1.37676,-0.12656,0.00956,-0.03632,0.00217,-0.15976,0.01173,-0.27577,0.88021,0,0.00468,-0.00119,0.00115,0.42607,-0.11143,0.00214,-0.00324,1
3.7075,-0.32593,0.04656,0.00278,-0.00094,-0.01683,0.00186,1.37676,-0.12642,0.00955,-0.03674,0.00221,-0.16112,0.01176,-0.27617,0.88023,0,0.00468,-0.00119,0.00115,0.42607,-0.11143,0.00214,-0.00324,1
3.7095,-0.32593,0.04656,0.00274,-0.00093,-0.01564,0.00185,1.37676,-0.12627,0.00954,-0.03714,0.00225,-0.16260,0.01179,-0.27682,0.88022,0,0.00468,-0.00119,0.00115,0.42607,-0.11143,0.00214,-0.00324,1
3.7115,-0.32593,0.04656,0.00271,-0.00093,-0.01434,0.00183,1.37676,-0.12613,0.00953,-0.03751,0.00229,-0.16396,0.01182,-0.27713,0.88024,0,0.00468,-0.00119,0.00115,0.42607,-0.11143,0.00214,-0.00324,1
3.7135,-0.32593,0.04656,0.00269,-0.00093,-0.01315,0.00182,1.37676,-0.12599,0.00952,-0.03785,0.00233,-0.16519,0.01185,-0.27742,0.88026,0,0.00468,-0.00119,0.00115,0.42607,-0.11143,0.00214,-0.00324,1
3.7155,-0.32593,0.04656,0.00266,-0.00092,-0.01208,0.00181,1.37676,-0.12585,0.00951,-0.03818,0.00238,-0.16630,0.01188,-0.27742,0.88026,0,0.00468,-0.00119,0.00115,0.42607,-0.11143,0.00214,-0.00324,1
3.7175,-0.32593,0.04656,0.00264,-0.00092,-0.01112,0.00180,1.37676,-0.12571,0.00950,-0.03848,0.00242,-0.16727,0.01191,-0.27772,0.88034,0,0.00468,-0.00119,0.00115,0.42607,-0.11143,0.00214,-0.00324,1
3.7195,-0.32593,0.04656,0.00262,-0.00091,-0.01028,0.00179,1.37676,-0.12556,0.00949,-0.03877,0.00246,-0.16812,0.01194,-0.27847,0.88035,0,0.00468,-0.00119,0.00115,0.42607,-0.11143,0.00214,-0.00324,1
3.7215,-0.32593,0.04656,0.00260,-0.00091,-0.00956,0.00178,1.37676,-0.12542,0.00947,-0.03904,0.00250,-0.16884,0.01197,-0.27882,0.88038,0,0.00468,-0.00119,0.00115,0.42607,-0.11143,0.00214,-0.00324,1
3.7235,-0.32593,0.04656,0.00258,-0.00091,-0.00895,0.00176,1.37676,-0.12528,0.00946,-0.03929,0.00254,-0.16943,0.01200,-0.27911,0.88040,0,0.00468,-0.00119,0.00115,0.42607,-0.11143,0.00214,-0.00324,1
3.7257,-0.31448,0.04575,0.00298,-0.00106,-0.00757,0.00120,1.38442,-0.12512,0.00945,-0.03201,0.00080,-0.16989,0.01191,-0.27945,0.88046,0,0.00407,-0.00127,0.01160,0.42533,-0.12372,0.00175,0.00151,1
3.7277,-0.31448,0.04575,0.00296,-0.00106,-0.00720,0.00131,1.38442,-0.12498,0.00944,-0.03224,0.00083,-0.17023,0.01168,-0.27983,0.88044,0,0.00407,-0.00127,0.01160,0.42533,-0.12372,0.00175,0.00151,1
3.7297,-0.31448,0.04575,0.00295,-0.00105,-0.00695,0.00153,1.38442,-0.12484,0.00943,-0.03245,0.00086,-0.17043,0.01132,-0.28008,0.88049,0,0.00407,-0.00127,0.01160,0.42533,-0.12372,0.00175,0.00151,1
3.7317,-0.31448,0.04575,0.00293,-0.00105,-0.00682,0.00187,1.38442,-0.12470,0.00942,-0.03266,0.00090,-0.17051,0.01084,-0.28043,0.88055,0,0.00407,-0.00127,0.01160,0.42533,-0.12372,0.00175,0.00151,1
3.7337,-0.31448,0.04575,0.00292,-0.00105,-0.00680,0.00233,1.38442,-0.12455,0.00941,-0.03287,0.00095,-0.17046,0.01036,-0.28079,0.88057,0,0.00407,-0.00127,0.01160,0.42533,-0.12372,0.00175,0.00151,1
3.7357,-0.31448,0.04575,0.00291,-0.00104,-0.00689,0.00279,1.38442,-0.12441,0.00940,-0.03308,0.00100,-0.17028,0.01000,-0.28112,0.88056,0,0.00407,-0.00127,0.01160,0.42533,-0.12372,0.00175,0.00151,1
3.7377,-0.31448,0.04575,0.00289,-0.00104,-0.00711,0.00314,1.38442,-0.12427,0.00939,-0.03329,0.00107,-0.16998,0.00977,-0.28138,0.88063,0,0.00407,-0.00127,0.01160,0.42533,-0.12372,0.00175,0.00151,1
3.7397,-0.31448,0.04575,0.00288,-0.00103,-0.00744,0.00336,1.38442,-0.12413,0.00938,-0.03351,0.00114,-0.16955,0.00967,-0.28176,0.88063,0,0.00407,-0.00127,0.01160,0.42533,-0.12372,0.00175,0.00151,1
3.7417,-0.31448,0.04575,0.00286,-0.00102,-0.00788,0.00347,1.38442,-0.12398,0.00937,-0.03373,0.00121,-0.16899,0.00969,-0.28209,0.88062,0,0.00407,-0.00127,0.01160,0.42533,-0.12372,0.00175,0.00151,1
3.7437,-0.31448,0.04575,0.00285,-0.00102,-0.00844,0.00347,1.38442,-0.12384,0.00936,-0.03397,0.00128,-0.16830,0.00984,-0.28243,0.88065,0,0.00407,-0.00127,0.01160,0.42533,-0.12372,0.00175,0.00151,1
3.7457,-0.31448,0.04575,0.00283,-0.00101,-0.00912,0.00335,1.38442,-0.12370,0.00934,-0.03422,0.00136,-0.16748,0.01013,-0.28266,0.88068,0,0.00407,-0.00127,0.01160,0.42533,-0.12372,0.00175,0.00151,1
3.7477,-0.31448,0.04575,0.00281,-0.00100,-0.00991,0.00311,1.38442,-0.12356,0.00933,-0.03448,0.00143,-0.16653,0.01054,-0.28300,0.88070,0,0.00407,-0.00127,0.01160,0.42533,-0.12372,0.00175,0.00151,1
3.7497,-0.31448,0.04575,0.00279,-0.00100,-0.01082,0.00275,1.38442,-0.12342,0.00932,-0.03476,0.00149,-0.16546,0.01082,-0.28332,0.88074,0,0.00407,-0.00127,0.01160,0.42533,-0.12372,0.00175,0.00151,1
3.7518,-0.31448,0.04575,0.00277,-0.00099,-0.01184,0.00252,1.38442,-0.12327,0.00931,-0.03505,0.00155,-0.16426,0.01097,-0.28363,0.88075,0,0.00407,-0.00127,0.01160,0.42533,-0.12372,0.00175,0.00151,1
3.7538,-0.31448,0.04575,0.00274,-0.00099,-0.01299,0.00239,1.38442,-0.12313,0.00930,-0.03537,0.00160,-0.16293,0.01100,-0.28394,0.88081,0,0.00407,-0.00127,0.01160,0.42533,-0.12372,0.00175,0.00151,1
3.7558,-0.31448,0.04575,0.00272,-0.00098,-0.01424,0.00239,1.38442,-0.12299,0.00929,-0.03571,0.00165,-0.16147,0.01094,-0.28422,0.88083,0,0.00407,-0.00127,0.01160,0.42533,-0.12372,0.00175,0.00151,1
3.7578,-0.31448,0.04575,0.00269,-0.00098,-0.01561,0.00245,1.38442,-0.12284,0.00928,-0.03608,0.00171,-0.15989,0.01099,-0.28458,0.88087,0,0.00407,-0.00127,0.01160,0.42533,-0.12372,0.00175,0.00151,1
3.7598,-0.31448,0.04575,0.00265,-0.00097,-0.01710,0.00243,1.38442,-0.12270,0.00927,-0.03648,0.00176,-0.15843,0.01103,-0.28485,0.88091,0,0.00407,-0.00127,0.01160,0.42533,-0.12372,0.00175,0.00151,1
3.7618,-0.31448,0.04575,0.00262,-0.00097,-0.01847,0.00241,1.38442,-0.12256,0.00926,-0.03690,0.00181,-0.15710,0.01107,-0.28522,0.88094,0,0.00407,-0.00127,0.01160,0.42533,-0.12372,0.00175,0.00151,1
3.7638,-0.31448,0.04575,0.00258,-0.00096,-0.01973,0.00239,1.38442,-0.12242,0.00925,-0.03735,0.00187,-0.15590,0.01111,-0.28546,0.88097,0,0.00407,-0.00127,0.01160,0.42533,-0.12372,0.00175,0.00151,1
3.7658,-0.31448,0.04575,0.00254,-0.00096,-0.02087,0.00237,1.38442,-0.12227,0.00924,-0.03782,0.00192,-0.15483,0.01116,-0.28577,0.88099,0,0.00407,-0.00127,0.01160,0.42533,-0.12372,0.00175,0.00151,1
3.7678,-0.31448,0.04575,0.00250,-0.00095,-0.02189,0.00235,1.38442,-0.12213,0.00923,-0.03832,0.00197,-0.15388,0.01120,-0.28612,0.88098,0,0.00407,-0.00127,0.01160,0.42533,-0.12372,0.00175,0.00151,1
3.7698,-0.31448,0.04575,0.00245,-0.00095,-0.02279,0.00233,1.38442,-0.12199,0.00922,-0.03883,0.00202,-0.15306,0.01124,-0.28644,0.88098,0,0.00407,-0.00127,0.01160,0.42533,-0.12372,0.00175,0.00151,1
3.7718,-0.31448,0.04575,0.00240,-0.00094,-0.02357,0.00231,1.38442,-0.12184,0.00920,-0.03936,0.00207,-0.15238,0.01128,-0.28670,0.88103,0,0.00407,-0.00127,0.01160,0.42533,-0.12372,0.00175,0.00151,1
3.7738,-0.31448,0.04575,0.00236,-0.00094,-0.02424,0.00229,1.38442,-0.12170,0.00919,-0.03990,0.00212,-0.15181,0.01132,-0.28704,0.88105,0,0.00407,-0.00127,0.01160,0.42533,-0.12372,0.00175,0.00151,1
3.7758,-0.31448,0.04575,0.00231,-0.00093,-0.02479,0.00227,1.38442,-0.12156,0.00918,-0.04046,0.00217,-0.15138,0.01136,-0.28737,0.88106,0,0.00407,-0.00127,0.01160,0.42533,-0.12372,0.00175,0.00151,1
3.7778,-0.31448,0.04575,0.00226,-0.00093,-0.02523,0.00225,1.38442,-0.12142,0.00917,-0.04103,0.00222,-0.15108,0.01140,-0.28767,0.88110,0,0.00407,-0.00127,0.01160,0.42533,-0.12372,0.00175,0.00151,1
3.7799,-0.31448,0.04575,0.00221,-0.00093,-0.02554,0.00223,1.38442,-0.12127,0.00916,-0.04160,0.00227,-0.15090,0.01143,-0.28797,0.88112,0,0.00407,-0.00127,0.01160,0.42533,-0.12372,0.00175,0.00151,1
3.7819,-0.31448,0.04575,0.00216,-0.00092,-0.02574,0.00221,1.38442,-0.12113,0.00915,-0.04218,0.00232,-0.15085,0.01147,-0.28829,0.88113,0,0.00407,-0.00127,0.01160,0.42533,-0.12372,0.00175,0.00151,1
3.7839,-0.31448,0.04575,0.00210,-0.00092,-0.02582,0.00219,1.38442,-0.12099,0.00914,-0.04276,0.00237,-0.15093,0.01151,-0.28861,0.88115,0,0.00407,-0.00127,0.01160,0.42533,-0.12372,0.00175,0.00151,1
3.7859,-0.31448,0.04575,0.00205,-0.00091,-0.02579,0.00217,1.38442,-0.12085,0.00913,-0.04334,0.00242,-0.15114,0.01155,-0.28893,0.88116,0,0.00407,-0.00127,0.01160,0.42533,-0.12372,0.00175,0.00151,1
3.7879,-0.31448,0.04575,0.00200,-0.00091,-0.02564,0.00216,1.38442,-0.12070,0.00912,-0.04392,0.00247,-0.15147,0.01159,-0.28926,0.88116,0,0.00407,-0.00127,0.01160,0.42533,-0.12372,0.00175,0.00151,1
3.7899,-0.31448,0.04575,0.00195,-0.00090,-0.02537,0.00214,1.38442,-0.12056,0.00911,-0.04449,0.00252,-0.15193,0.01162,-0.28958,0.88122,0,0.00407,-0.00127,0.01160,0.42533,-0.12372,0.00175,0.00151,1
3.7919,-0.30501,0.04608,0.00246,-0.00097,-0.02427,0.00157,1.38203,-0.12042,0.00910,-0.03665,0.00193,-0.15252,0.01153,-0.28989,0.88120,0,0.00387,-0.00111,0.00961,0.42412,-0.12121,0.00296,-0.00697,1
3.7939,-0.30501,0.04608,0.00242,-0.00097,-0.02377,0.00167,1.38203,-0.12028,0.00909,-0.03720,0.00197,-0.15324,0.01131,-0.29022,0.88121,0,0.00387,-0.00111,0.00961,0.42412,-0.12121,0.00296,-0.00697,1
3.7959,-0.30501,0.04608,0.00237,-0.00097,-0.02316,0.00189,1.38203,-0.12013,0.00907,-0.03773,0.00201,-0.15409,0.01108,-0.29054,0.88123,0,0.00387,-0.00111,0.00961,0.42412,-0.12121,0.00296,-0.00697,1
3.7979,-0.30501,0.04608,0.00232,-0.00096,-0.02243,0.00211,1.38203,-0.11999,0.00906,-0.03825,0.00205,-0.15506,0.01098,-0.29082,0.88127,0,0.00387,-0.00111,0.00961,0.42412,-0.12121,0.00296,-0.00697,1
3.7999,-0.30501,0.04608,0.00228,-0.00096,-0.02159,0.00222,1.38203,-0.11985,0.00905,-0.03876,0.00210,-0.15617,0.01101,-0.29111,0.88131,0,0.00387,-0.00111,0.00961,0.42412,-0.12121,0.00296,-0.00697,1
3.8019,-0.30501,0.04608,0.00224,-0.00095,-0.02063,0.00222,1.38203,-0.11971,0.00904,-0.03925,0.00215,-0.15740,0.01116,-0.29150,0.88130,0,0.00387,-0.00111,0.00961,0.42412,-0.12121,0.00296,-0.00697,1
3.8039,-0.30501,0.04608,0.00220,-0.00095,-0.01955,0.00209,1.38203,-0.11956,0.00903,-0.03971,0.00220,-0.15876,0.01123,-0.29182,0.88133,0,0.00387,-0.00111,0.00961,0.42412,-0.12121,0.00296,-0.00697,1
3.8059,-0.30501,0.04608,0.00216,-0.00095,-0.01835,0.00205,1.38203,-0.11942,0.00902,-0.04016,0.00224,-0.15999,0.01127,-0.29209,0.88133,0,0.00387,-0.00111,0.00961,0.42412,-0.12121,0.00296,-0.00697,1
3.8079,-0.30501,0.04608,0.00212,-0.00094,-0.01727,0.00203,1.38203,-0.11928,0.00901,-0.04058,0.00229,-0.16109,0.01130,-0.29245,0.88132,0,0.00387,-0.00111,0.00961,0.42412,-0.12121,0.00296,-0.00697,1
3.8099,-0.30501,0.04608,0.00209,-0.00094,-0.01630,0.00202,1.38203,-0.11914,0.00900,-0.04098,0.00234,-0.16207,0.01134,-0.29283,0.88135,0,0.00387,-0.00111,0.00961,0.42412,-0.12121,0.00296,-0.00697,1
3.8119,-0.30501,0.04608,0.00206,-0.00093,-0.01545,0.00200,1.38203,-0.11899,0.00899,-0.04137,0.00238,-0.16291,0.01137,-0.29313,0.88139,0,0.00387,-0.00111,0.00961,0.42412,-0.12121,0.00296,-0.00697,1
3.8139,-0.30501,0.04608,0.00203,-0.00093,-0.01472,0.00199,1.38203,-0.11885,0.00898,-0.04173,0.00243,-0.16363,0.01140,-0.29348,0.88139,0,0.00387,-0.00111,0.00961,0.42412,-0.12121,0.00296,-0.00697,1
3.8159,-0.30501,0.04608,0.00200,-0.00093,-0.01410,0.00197,1.38203,-0.11871,0.00897,-0.04209,0.00247,-0.16422,0.01144,-0.29380,0.88139,0,0.00387,-0.00111,0.00961,0.42412,-0.12121,0.00296,-0.00697,1
3.8179,-0.30501,0.04608,0.00197,-0.00092,-0.01360,0.00196,1.38203,-0.11857,0.00896,-0.04243,0.00251,-0.16468,0.01147,-0.29411,0.88143,0,0.00387,-0.00111,0.00961,0.42412,-0.12121,0.00296,-0.00697,1
3.8199,-0.30501,0.04608,0.00195,-0.00092,-0.01321,0.00195,1.38203,-0.11843,0.00895,-0.04277,0.00256,-0.16502,0.01150,-0.29446,0.88146,0,0.00387,-0.00111,0.00961,0.42412,-0.12121,0.00296,-0.00697,1
3.8219,-0.30501,0.04608,0.00192,-0.00091,-0.01294,0.00193,1.38203,-0.11828,0.00894,-0.04310,0.00260,-0.16523,0.01154,-0.29476,0.88149,0,0.00387,-0.00111,0.00961,0.42412,-0.12121,0.00296,-0.00697,1
3.8239,-0.30501,0.04608,0.00189,-0.00091,-0.01279,0.00192,1.38203,-0.11814,0.00892,-0.04342,0.00264,-0.16530,0.01157,-0.29508,0.88153,0,0.00387,-0.00111,0.00961,0.42412,-0.12121,0.00296,-0.00697,1
3.8259,-0.30501,0.04608,0.00187,-0.00091,-0.01275,0.00191,1.38203,-0.11800,0.00891,-0.04374,0.00269,-0.16526,0.01160,-0.29545,0.88154,0,0.00387,-0.00111,0.00961,0.42412,-0.12121,0.00296,-0.00697,1
3.8279,-0.30501,0.04608,0.00184,-0.00090,-0.01283,0.00189,1.38203,-0.11786,0.00890,-0.04406,0.00273,-0.16508,0.01163,-0.29573,0.88158,0,0.00387,-0.00111,0.00961,0.42412,-0.12121,0.00296,-0.00697,1
3.8299,-0.30501,0.04608,0.00182,-0.00090,-0.01302,0.00188,1.38203,-0.11771,0.00889,-0.04439,0.00277,-0.16477,0.01166,-0.29604,0.88158,0,0.00387,-0.00111,0.00961,0.42412,-0.12121,0.00296,-0.00697,1
3.8319,-0.30501,0.04608,0.00179,-0.00090,-0.01333,0.00187,1.38203,-0.11757,0.00888,-0.04472,0.00281,-0.16434,0.01170,-0.29638,0.88157,0,0.00387,-0.00111,0.00961,0.42412,-0.12121,0.00296,-0.00697,1
3.8339,-0.30501,0.04608,0.00176,-0.00089,-0.01375,0.00185,1.38203,-0.11743,0.00887,-0.04506,0.00286,-0.16378,0.01173,-0.29670,0.88162,0,0.00387,-0.00111,0.00961,0.42412,-0.12121,0.00296,-0.00697,1
3.8359,-0.30501,0.04608,0.00174,-0.00089,-0.01430,0.00184,1.38203,-0.11729,0.00886,-0.04540,0.00290,-0.16309,0.01176,-0.29703,0.88166,0,0.00387,-0.00111,0.00961,0.42412,-0.12121,0.00296,-0.00697,1
3.8379,-0.30501,0.04608,0.00171,-0.00088,-0.01495,0.00183,1.38203,-0.11715,0.00885,-0.04576,0.00294,-0.16253,0.01179,-0.29730,0.88172,0,0.00387,-0.00111,0.00961,0.42412,-0.12121,0.00296,-0.00697,1
3.8399,-0.30501,0.04608,0.00168,-0.00088,-0.01549,0.00182,1.38203,-0.11700,0.00884,-0.04613,0.00298,-0.16210,0.01182,-0.29765,0.88170,0,0.00387,-0.00111,0.00961,0.42412,-0.12121,0.00296,-0.00697,1
3.8419,-0.30501,0.04608,0.00164,-0.00088,-0.01592,0.00180,1.38203,-0.11686,0.00883,-0.04651,0.00302,-0.16179,0.01185,-0.29795,0.88176,0,0.00387,-0.00111,0.00961,0.42412,-0.12121,0.00296,-0.00697,1
3.8439,-0.30501,0.04608,0.00161,-0.00087,-0.01622,0.00179,1.38203,-0.11672,0.00882,-0.04690,0.00306,-0.16161,0.01188,-0.29827,0.88180,0,0.00387,-0.00111,0.00961,0.42412,-0.12121,0.00296,-0.00697,1
3.8459,-0.30501,0.04608,0.00158,-0.00087,-0.01641,0.00178,1.38203,-0.11658,0.00881,-0.04729,0.00310,-0.16156,0.01191,-0.29852,0.88184,0,0.00387,-0.00111,0.00961,0.42412,-0.12121,0.00296,-0.00697,1
3.8479,-0.30501,0.04608,0.00155,-0.00087,-0.01648,0.00177,1.38203,-0.11643,0.00880,-0.04768,0.00314,-0.16164,0.01194,-0.29885,0.88184,0,0.00387,-0.00111,0.00961,0.42412,-0.12121,0.00296,-0.00697,1
3.8499,-0.30501,0.04608,0.00151,-0.00086,-0.01644,0.00176,1.38203,-0.11629,0.00878,-0.04808,0.00318,-0.16185,0.01197,-0.29916,0.88187,0,0.00387,-0.00111,0.00961,0.42412,-0.12121,0.00296,-0.00697,1
3.8519,-0.30501,0.04608,0.00148,-0.00086,-0.01628,0.00175,1.38203,-0.11615,0.00877,-0.04847,0.00322,-0.16218,0.01200,-0.29949,0.88186,0,0.00387,-0.00111,0.00961,0.42412,-0.12121,0.00296,-0.00697,1
3.8540,-0.30501,0.04608,0.00145,-0.00086,-0.01600,0.00174,1.38203,-0.11601,0.00876,-0.04886,0.00326,-0.16265,0.01203,-0.29983,0.88188,0,0.00387,-0.00111,0.00961,0.42412,-0.12121,0.00296,-0.00697,1
3.8560,-0.30501,0.04608,0.00142,-0.00085,-0.01560,0.00172,1.38203,-0.11586,0.00875,-0.04924,0.00330,-0.16324,0.01205,-0.30020,0.88191,0,0.00387,-0.00111,0.00961,0.42412,-0.12121,0.00296,-0.00697,1
3.8580,-0.30501,0.04608,0.00139,-0.00085,-0.01509,0.00171,1.37945,-0.11572,0.00874,-0.04961,0.00334,-0.16396,0.01208,-0.30048,0.88194,0,0.00331,-0.00093,0.01084,0.42320,-0.12121,0.00296,-0.00697,1
3.8600,-0.29486,0.04589,0.00210,-0.00085,-0.01207,0.00168,1.37945,-0.11558,0.00873,-0.03957,0.00327,-0.16455,0.01200,-0.30126,0.88194,0,0.00331,-0.00093,0.01084,0.42320,-0.12255,0.00362,-0.00673,1
3.8623,-0.29486,0.04589,0.00208,-0.00085,-0.01157,0.00177,1.37945,-0.11541,0.00872,-0.03988,0.00331,-0.16501,0.01203,-0.30126,0.88194,0,0.00331,-0.00093,0.01084,0.42320,-0.12255,0.00362,-0.00673,1
3.8643,-0.29486,0.04589,0.00206,-0.00084,-0.01118,0.00176,1.37945,-0.11527,0.00871,-0.04018,0.00335,-0.16535,0.01206,-0.30158,0.88198,0,0.00331,-0.00093,0.01084,0.42320,-0.12255,0.00362,-0.00673,1
3.8663,-0.29486,0.04589,0.00204,-0.00084,-0.01092,0.00175,1.37945,-0.11513,0.00870,-0.04046,0.00339,-0.16555,0.01209,-0.30190,0.88201,0,0.00331,-0.00093,0.01084,0.42320,-0.12255,0.00362,-0.00673,1
3.8684,-0.29486,0.04589,0.00201,-0.00084,-0.01076,0.00174,1.37945,-0.11498,0.00869,-0.04075,0.00343,-0.16563,0.01212,-0.30225,0.88205,0,0.00331,-0.00093,0.01084,0.42320,-0.12255,0.00362,-0.00673,1
3.8704,-0.29486,0.04589,0.00199,-0.00083,-0.01073,0.00172,1.37945,-0.11484,0.00868,-0.04103,0.00347,-0.16558,0.01215,-0.30258,0.88207,0,0.00331,-0.00093,0.01084,0.42320,-0.12255,0.00362,-0.00673,1
3.8724,-0.29486,0.04589,0.00197,-0.00083,-0.01081,0.00171,1.37945,-0.11470,0.00866,-0.04131,0.00351,-0.16540,0.01217,-0.30294,0.88208,0,0.00331,-0.00093,0.01084,0.42320,-0.12255,0.00362,-0.00673,1
3.8744,-0.29486,0.04589,0.00195,-0.00083,-0.01100,0.00170,1.37945,-0.11456,0.00865,-0.04159,0.00355,-0.16510,0.01220,-0.30326,0.88211,0,0.00331,-0.00093,0.01084,0.42320,-0.12255,0.00362,-0.00673,1
3.8764,-0.29486,0.04589,0.00193,-0.00082,-0.01131,0.00169,1.37945,-0.11441,0.00864,-0.04188,0.00359,-0.16467,0.01223,-0.30359,0.88212,0,0.00331,-0.00093,0.01084,0.42320,-0.12255,0.00362,-0.00673,1
3.8784,-0.29486,0.04589,0.00190,-0.00082,-0.01174,0.00168,1.37945,-0.11427,0.00863,-0.04218,0.00363,-0.16410,0.01226,-0.30390,0.88217,0,0.00331,-0.00093,0.01084,0.42320,-0.12255,0.00362,-0.00673,1
3.8804,-0.29486,0.04589,0.00188,-0.00082,-0.01229,0.00167,1.37945,-0.11413,0.00862,-0.04248,0.00366,-0.16342,0.01228,-0.30428,0.88216,0,0.00331,-0.00093,0.01084,0.42320,-0.12255,0.00362,-0.00673,1
3.8824,-0.29486,0.04589,0.00185,-0.00081,-0.01295,0.00166,1.37945,-0.11399,0.00861,-0.04280,0.00370,-0.16260,0.01231,-0.30466,0.88216,0,0.00331,-0.00093,0.01084,0.42320,-0.12255,0.00362,-0.00673,1
3.8844,-0.29486,0.04589,0.00183,-0.00081,-0.01372,0.00165,1.37945,-0.11384,0.00860,-0.04313,0.00374,-0.16165,0.01234,-0.30491,0.88219,0,0.00331,-0.00093,0.01084,0.42320,-0.12255,0.00362,-0.00673,1
3.8864,-0.29486,0.04589,0.00180,-0.00081,-0.01461,0.00164,1.37945,-0.11370,0.00859,-0.04348,0.00378,-0.16058,0.01237,-0.30522,0.88222,0,0.00331,-0.00093,0.01084,0.42320,-0.12255,0.00362,-0.00673,1
3.8884,-0.29486,0.04589,0.00177,-0.00080,-0.01562,0.00163,1.37945,-0.11356,0.00858,-0.04384,0.00381,-0.15938,0.01239,-0.30552,0.88225,0,0.00331,-0.00093,0.01084,0.42320,-0.12255,0.00362,-0.00673,1
3.8904,-0.29486,0.04589,0.00174,-0.00080,-0.01674,0.00162,1.37945,-0.11342,0.00857,-0.04423,0.00385,-0.15805,0.01242,-0.30583,0.88229,0,0.00331,-0.00093,0.01084,0.42320,-0.12255,0.00362,-0.00673,1
3.8924,-0.29486,0.04589,0.00170,-0.00080,-0.01798,0.00161,1.37945,-0.11328,0.00856,-0.04464,0.00389,-0.15685,0.01245,-0.30611,0.88236,0,0.00331,-0.00093,0.01084,0.42320,-0.12255,0.00362,-0.00673,1
3.8944,-0.29486,0.04589,0.00166,-0.00079,-0.01910,0.00160,1.37945,-0.11313,0.00855,-0.04507,0.00392,-0.15578,0.01247,-0.30637,0.88238,0,0.00331,-0.00093,0.01084,0.42320,-0.12255,0.00362,-0.00673,1
3.8964,-0.29486,0.04589,0.00163,-0.00079,-0.02011,0.00159,1.37945,-0.11299,0.00854,-0.04552,0.00396,-0.15483,0.01250,-0.30669,0.88240,0,0.00331,-0.00093,0.01084,0.42320,-0.12255,0.00362,-0.00673,1
3.8984,-0.29486,0.04589,0.00158,-0.00079,-0.02099,0.00158,1.37945,-0.11285,0.00852,-0.04600,0.00400,-0.15401,0.01252,-0.30697,0.88245,0,0.00331,-0.00093,0.01084,0.42320,-0.12255,0.00362,-0.00673,1
3.9004,-0.29486,0.04589,0.00154,-0.00078,-0.02176,0.00157,1.37945,-0.11271,0.00851,-0.04648,0.00403,-0.15332,0.01255,-0.30726,0.88248,0,0.00331,-0.00093,0.01084,0.42320,-0.12255,0.00362,-0.00673,1
3.9024,-0.29486,0.04589,0.00150,-0.00078,-0.02242,0.00156,1.37945,-0.11257,0.00850,-0.04699,0.00407,-0.15276,0.01257,-0.30753,0.88255,0,0.00331,-0.00093,0.01084,0.42320,-0.12255,0.00362,-0.00673,1
3.9044,-0.29486,0.04589,0.00145,-0.00078,-0.02295,0.00155,1.37945,-0.11242,0.00849,-0.04750,0.00411,-0.15233,0.01260,-0.30782,0.88254,0,0.00331,-0.00093,0.01084,0.42320,-0.12255,0.00362,-0.00673,1
3.9064,-0.29486,0.04589,0.00141,-0.00077,-0.02337,0.00154,1.37945,-0.11228,0.00848,-0.04802,0.00414,-0.15202,0.01262,-0.30815,0.88256,0,0.00331,-0.00093,0.01084,0.42320,-0.12255,0.00362,-0.00673,1
3.9084,-0.29486,0.04589,0.00136,-0.00077,-0.02367,0.00154,1.37945,-0.11214,0.00847,-0.04855,0.00418,-0.15185,0.01265,-0.30845,0.88257,0,0.00331,-0.00093,0.01084,0.42320,-0.12255,0.00362,-0.00673,1
3.9104,-0.29486,0.04589,0.00131,-0.00077,-0.02386,0.00153,1.37945,-0.11200,0.00846,-0.04909,0.00421,-0.15180,0.01267,-0.30875,0.88262,0,0.00331,-0.00093,0.01084,0.42320,-0.12255,0.00362,-0.00673,1
3.9124,-0.29486,0.04589,0.00126,-0.00076,-0.02392,0.00152,1.37945,-0.11185,0.00845,-0.04963,0.00425,-0.15188,0.01270,-0.30909,0.88264,0,0.00331,-0.00093,0.01084,0.42320,-0.12255,0.00362,-0.00673,1
3.9144,-0.29486,0.04589,0.00122,-0.00076,-0.02387,0.00151,1.37945,-0.11171,0.00844,-0.05016,0.00428,-0.15208,0.01272,-0.30944,0.88266,0,0.00331,-0.00093,0.01084,0.42320,-0.12255,0.00362,-0.00673,1
3.9164,-0.29486,0.04589,0.00117,-0.00076,-0.02371,0.00150,1.37945,-0.11157,0.00843,-0.05070,0.00432,-0.15242,0.01274,-0.30975,0.88267,0,0.00331,-0.00093,0.01084,0.42320,-0.12255,0.00362,-0.00673,1
3.9184,-0.29486,0.04589,0.00112,-0.00076,-0.02342,0.00149,1.37945,-0.11143,0.00842,-0.05123,0.00435,-0.15288,0.01277,-0.31006,0.88270,0,0.00331,-0.00093,0.01084,0.42320,-0.12255,0.00362,-0.00673,1
3.9204,-0.29486,0.04589,0.00107,-0.00075,-0.02302,0.00148,1.37945,-0.11128,0.00841,-0.05175,0.00439,-0.15347,0.01279,-0.31035,0.88274,0,0.00331,-0.00093,0.01084,0.42320,-0.12255,0.00362,-0.00673,1
3.9224,-0.29486,0.04589,0.00103,-0.00075,-0.02250,0.00148,1.37945,-0.11114,0.00840,-0.05227,0.00442,-0.15419,0.01281,-0.31074,0.88277,0,0.00331,-0.00093,0.01084,0.42320,-0.12255,0.00362,-0.00673,1
3.9244,-0.29486,0.04589,0.00098,-0.00075,-0.02187,0.00147,1.37945,-0.11100,0.00839,-0.05277,0.00445,-0.15504,0.01284,-0.31102,0.88277,0,0.00331,-0.00093,0.01084,0.42320,-0.12255,0.00362,-0.00673,1
3.9264,-0.29486,0.04589,0.00094,-0.00074,-0.02111,0.00146,1.37945,-0.11086,0.00837,-0.05326,0.00449,-0.15601,0.01286,-0.31133,0.88283,0,0.00331,-0.00093,0.01084,0.42320,-0.12255,0.00362,-0.00673,1
3.9284,-0.28701,0.04703,0.00199,-0.00084,-0.01814,0.00109,1.37572,-0.11071,0.00836,-0.04065,0.00384,-0.15686,0.01276,-0.31162,0.88285,0,0.00385,-0.00100,0.01514,0.42170,-0.12735,0.00441,-0.00663,1
3.9304,-0.28701,0.04703,0.00196,-0.00084,-0.01740,0.00120,1.37572,-0.11057,0.00835,-0.04106,0.00387,-0.15758,0.01252,-0.31198,0.88290,0,0.00385,-0.00100,0.01514,0.42170,-0.12735,0.00441,-0.00663,1
3.9324,-0.28701,0.04703,0.00192,-0.00084,-0.01678,0.00143,1.37572,-0.11043,0.00834,-0.04146,0.00390,-0.15817,0.01225,-0.31234,0.88289,0,0.00385,-0.00100,0.01514,0.42170,-0.12735,0.00441,-0.00663,1
3.9344,-0.28701,0.04703,0.00189,-0.00084,-0.01628,0.00170,1.37572,-0.11029,0.00833,-0.04186,0.00394,-0.15863,0.01210,-0.31263,0.88291,0,0.00385,-0.00100,0.01514,0.42170,-0.12735,0.00441,-0.00663,1
3.9364,-0.28701,0.04703,0.00186,-0.00083,-0.01589,0.00185,1.37572,-0.11014,0.00832,-0.04224,0.00398,-0.15897,0.01207,-0.31299,0.88291,0,0.00385,-0.00100,0.01514,0.42170,-0.12735,0.00441,-0.00663,1
3.9384,-0.28701,0.04703,0.00182,-0.00083,-0.01562,0.00188,1.37572,-0.11000,0.00831,-0.04262,0.00402,-0.15917,0.01218,-0.31330,0.88296,0,0.00385,-0.00100,0.01514,0.42170,-0.12735,0.00441,-0.00663,1
3.9404,-0.28701,0.04703,0.00179,-0.00083,-0.01546,0.00180,1.37572,-0.10986,0.00830,-0.04299,0.00406,-0.15925,0.01236,-0.31359,0.88297,0,0.00385,-0.00100,0.01514,0.42170,-0.12735,0.00441,-0.00663,1
3.9424,-0.28701,0.04703,0.00176,-0.00082,-0.01542,0.00165,1.37572,-0.10972,0.00829,-0.04336,0.00410,-0.15920,0.01242,-0.31395,0.88301,0,0.00385,-0.00100,0.01514,0.42170,-0.12735,0.00441,-0.00663,1
3.9445,-0.28701,0.04703,0.00173,-0.00082,-0.01550,0.00162,1.37572,-0.10957,0.00828,-0.04373,0.00414,-0.15903,0.01242,-0.31423,0.88301,0,0.00385,-0.00100,0.01514,0.42170,-0.12735,0.00441,-0.00663,1
3.9465,-0.28701,0.04703,0.00170,-0.00082,-0.01569,0.00163,1.37572,-0.10943,0.00827,-0.04410,0.00418,-0.15872,0.01244,-0.31459,0.88305,0,0.00385,-0.00100,0.01514,0.42170,-0.12735,0.00441,-0.00663,1
3.9485,-0.28701,0.04703,0.00167,-0.00081,-0.01600,0.00162,1.37572,-0.10929,0.00826,-0.04448,0.00421,-0.15829,0.01247,-0.31490,0.88307,0,0.00385,-0.00100,0.01514,0.42170,-0.12735,0.00441,-0.00663,1
3.9505,-0.28701,0.04703,0.00164,-0.00081,-0.01642,0.00161,1.37572,-0.10915,0.00824,-0.04486,0.00425,-0.15773,0.01249,-0.31522,0.88309,0,0.00385,-0.00100,0.01514,0.42170,-0.12735,0.00441,-0.00663,1
3.9525,-0.28701,0.04703,0.00160,-0.00081,-0.01696,0.00160,1.37572,-0.10900,0.00823,-0.04526,0.00429,-0.15704,0.01252,-0.31550,0.88314,0,0.00385,-0.00100,0.01514,0.42170,-0.12735,0.00441,-0.00663,1
3.9545,-0.28701,0.04703,0.00157,-0.00080,-0.01761,0.00159,1.37572,-0.10886,0.00822,-0.04566,0.00432,-0.15622,0.01255,-0.31582,0.88312,0,0.00385,-0.00100,0.01514,0.42170,-0.12735,0.00441,-0.00663,1
3.9565,-0.28701,0.04703,0.00153,-0.00080,-0.01838,0.00158,1.37572,-0.10872,0.00821,-0.04608,0.00436,-0.15527,0.01257,-0.31608,0.88320,0,0.00385,-0.00100,0.01514,0.42170,-0.12735,0.00441,-0.00663,1
3.9585,-0.28701,0.04703,0.00150,-0.00080,-0.01927,0.00158,1.37572,-0.10857,0.00820,-0.04652,0.00439,-0.15446,0.01260,-0.31644,0.88323,0,0.00385,-0.00100,0.01514,0.42170,-0.12735,0.00441,-0.00663,1
3.9605,-0.28701,0.04703,0.00146,-0.00079,-0.02004,0.00157,1.37572,-0.10843,0.00819,-0.04697,0.00443,-0.15377,0.01262,-0.31674,0.88324,0,0.00385,-0.00100,0.01514,0.42170,-0.12735,0.00441,-0.00663,1
3.9625,-0.28701,0.04703,0.00142,-0.00079,-0.02069,0.00156,1.37572,-0.10829,0.00818,-0.04744,0.00447,-0.15321,0.01265,-0.31699,0.88326,0,0.00385,-0.00100,0.01514,0.42170,-0.12735,0.00441,-0.00663,1
3.9646,-0.28701,0.04703,0.00137,-0.00079,-0.02122,0.00155,1.37572,-0.10814,0.00817,-0.04792,0.00450,-0.15277,0.01267,-0.31732,0.88327,0,0.00385,-0.00100,0.01514,0.42170,-0.12735,0.00441,-0.00663,1
3.9665,-0.28701,0.04703,0.00133,-0.00078,-0.02164,0.00154,1.37572,-0.10800,0.00816,-0.04840,0.00454,-0.15247,0.01270,-0.31761,0.88328,0,0.00385,-0.00100,0.01514,0.42170,-0.12735,0.00441,-0.00663,1
3.9686,-0.28701,0.04703,0.00129,-0.00078,-0.02194,0.00153,1.37572,-0.10786,0.00815,-0.04890,0.00457,-0.15229,0.01272,-0.31790,0.88332,0,0.00385,-0.00100,0.01514,0.42170,-0.12735,0.00441,-0.00663,1
3.9706,-0.28701,0.04703,0.00124,-0.00078,-0.02212,0.00152,1.37572,-0.10772,0.00814,-0.04939,0.00461,-0.15224,0.01274,-0.31818,0.88334,0,0.00385,-0.00100,0.01514,0.42170,-0.12735,0.00441,-0.00663,1
3.9726,-0.28701,0.04703,0.00120,-0.00077,-0.02219,0.00152,1.37572,-0.10757,0.00813,-0.04990,0.00464,-0.15232,0.01277,-0.31852,0.88333,0,0.00385,-0.00100,0.01514,0.42170,-0.12735,0.00441,-0.00663,1
3.9746,-0.28701,0.04703,0.00115,-0.00077,-0.02214,0.00151,1.37572,-0.10743,0.00812,-0.05040,0.00468,-0.15253,0.01279,-0.31880,0.88338,0,0.00385,-0.00100,0.01514,0.42170,-0.12735,0.00441,-0.00663,1
3.9766,-0.28701,0.04703,0.00111,-0.00077,-0.02197,0.00150,1.37572,-0.10729,0.00810,-0.05089,0.00471,-0.15286,0.01282,-0.31909,0.88342,0,0.00385,-0.00100,0.01514,0.42170,-0.12735,0.00441,-0.00663,1
3.9786,-0.28701,0.04703,0.00107,-0.00077,-0.02168,0.00149,1.37572,-0.10715,0.00809,-0.05139,0.00474,-0.15333,0.01284,-0.31945,0.88342,0,0.00385,-0.00100,0.01514,0.42170,-0.12735,0.00441,-0.00663,1
3.9806,-0.28701,0.04703,0.00102,-0.00076,-0.02128,0.00148,1.37572,-0.10700,0.00808,-0.05188,0.00478,-0.15392,0.01286,-0.31974,0.88343,0,0.00385,-0.00100,0.01514,0.42170,-0.12735,0.00441,-0.00663,1
3.9826,-0.28701,0.04703,0.00098,-0.00076,-0.02076,0.00148,1.37572,-0.10686,0.00807,-0.05235,0.00481,-0.15464,0.01289,-0.32009,0.88346,0,0.00385,-0.00100,0.01514,0.42170,-0.12735,0.00441,-0.00663,1
3.9846,-0.28701,0.04703,0.00094,-0.00076,-0.02012,0.00147,1.37572,-0.10672,0.00806,-0.05282,0.00485,-0.15548,0.01291,-0.32041,0.88348,0,0.00385,-0.00100,0.01514,0.42170,-0.12735,0.00441,-0.00663,1
3.9866,-0.28701,0.04703,0.00090,-0.00075,-0.01937,0.00146,1.37572,-0.10657,0.00805,-0.05327,0.00488,-0.15646,0.01293,-0.32067,0.88355,0,0.00385,-0.00100,0.01514,0.42170,-0.12735,0.00441,-0.00663,1
3.9886,-0.28701,0.04703,0.00086,-0.00075,-0.01850,0.00145,1.37572,-0.10643,0.00804,-0.05371,0.00491,-0.15756,0.01295,-0.32107,0.88354,0,0.00385,-0.00100,0.01514,0.42170,-0.12735,0.00441,-0.00663,1
3.9906,-0.28701,0.04703,0.00083,-0.00075,-0.01751,0.00145,1.37572,-0.10629,0.00803,-0.05413,0.00495,-0.15879,0.01298,-0.32137,0.88357,0,0.00385,-0.00100,0.01514,0.42170,-0.12735,0.00441,-0.00663,1
3.9926,-0.28701,0.04703,0.00079,-0.00075,-0.01641,0.00144,1.37572,-0.10615,0.00802,-0.05453,0.00498,-0.16015,0.01300,-0.32171,0.88361,0,0.00385,-0.00100,0.01514,0.42170,-0.12735,0.00441,-0.00663,1
3.9946,-0.27414,0.04499,0.00133,-0.00062,-0.01488,0.00184,1.38665,-0.10600,0.00801,-0.04543,0.00557,-0.16138,0.01315,-0.32203,0.88362,0,0.00270,-0.00059,0.00865,0.42171,-0.11965,0.00503,-0.00564,1
3.9967,-0.27414,0.04499,0.00130,-0.00062,-0.01378,0.00171,1.38665,-0.10586,0.00800,-0.04578,0.00561,-0.16248,0.01343,-0.32238,0.88361,0,0.00270,-0.00059,0.00865,0.42171,-0.11965,0.00503,-0.00564,1
3.9987,-0.27414,0.04499,0.00128,-0.00062,-0.01280,0.00147,1.38665,-0.10572,0.00799,-0.04610,0.00564,-0.16346,0.01363,-0.32275,0.88365,0,0.00270,-0.00059,0.00865,0.42171,-0.11965,0.00503,-0.00564,1
4.0007,-0.27414,0.04499,0.00125,-0.00061,-0.01194,0.00130,1.38665,-0.10558,0.00798,-0.04641,0.00568,-0.16430,0.01370,-0.32313,0.88367,0,0.00270,-0.00059,0.00865,0.42171,-0.11965,0.00503,-0.00564,1
4.0027,-0.27414,0.04499,0.00123,-0.00061,-0.01119,0.00124,1.38665,-0.10543,0.00796,-0.04670,0.00571,-0.16502,0.01367,-0.32347,0.88368,0,0.00270,-0.00059,0.00865,0.42171,-0.11965,0.00503,-0.00564,1
4.0047,-0.27414,0.04499,0.00121,-0.00061,-0.01056,0.00128,1.38665,-0.10529,0.00795,-0.04698,0.00574,-0.16561,0.01369,-0.32383,0.88369,0,0.00270,-0.00059,0.00865,0.42171,-0.11965,0.00503,-0.00564,1
4.0067,-0.27414,0.04499,0.00119,-0.00061,-0.01004,0.00128,1.38665,-0.10515,0.00794,-0.04724,0.00577,-0.16608,0.01371,-0.32416,0.88373,0,0.00270,-0.00059,0.00865,0.42171,-0.11965,0.00503,-0.00564,1
4.0087,-0.27414,0.04499,0.00117,-0.00060,-0.00964,0.00127,1.38665,-0.10501,0.00793,-0.04750,0.00580,-0.16641,0.01373,-0.32441,0.88380,0,0.00270,-0.00059,0.00865,0.42171,-0.11965,0.00503,-0.00564,1
4.0107,-0.27414,0.04499,0.00115,-0.00060,-0.00936,0.00126,1.38665,-0.10486,0.00792,-0.04775,0.00582,-0.16662,0.01375,-0.32481,0.88383,0,0.00270,-0.00059,0.00865,0.42171,-0.11965,0.00503,-0.00564,1
4.0127,-0.27414,0.04499,0.00113,-0.00060,-0.00919,0.00126,1.38665,-0.10472,0.00791,-0.04800,0.00585,-0.16670,0.01377,-0.32511,0.88387,0,0.00270,-0.00059,0.00865,0.42171,-0.11965,0.00503,-0.00564,1
4.0147,-0.27414,0.04499,0.00111,-0.00060,-0.00914,0.00125,1.38665,-0.10458,0.00790,-0.04824,0.00588,-0.16665,0.01378,-0.32541,0.88390,0,0.00270,-0.00059,0.00865,0.42171,-0.11965,0.00503,-0.00564,1
4.0167,-0.27414,0.04499,0.00109,-0.00059,-0.00920,0.00124,1.38665,-0.10444,0.00789,-0.04848,0.00591,-0.16647,0.01380,-0.32574,0.88391,0,0.00270,-0.00059,0.00865,0.42171,-0.11965,0.00503,-0.00564,1
4.0187,-0.27414,0.04499,0.00107,-0.00059,-0.00938,0.00124,1.38665,-0.10429,0.00788,-0.04873,0.00594,-0.16617,0.01382,-0.32607,0.88397,0,0.00270,-0.00059,0.00865,0.42171,-0.11965,0.00503,-0.00564,1
4.0207,-0.27414,0.04499,0.00105,-0.00059,-0.00968,0.00123,1.38665,-0.10415,0.00787,-0.04898,0.00597,-0.16573,0.01384,-0.32637,0.88401,0,0.00270,-0.00059,0.00865,0.42171,-0.11965,0.00503,-0.00564,1
4.0227,-0.27414,0.04499,0.00103,-0.00059,-0.01009,0.00122,1.38665,-0.10401,0.00786,-0.04924,0.00600,-0.16517,0.01386,-0.32663,0.88403,0,0.00270,-0.00059,0.00865,0.42171,-0.11965,0.00503,-0.00564,1
4.0247,-0.27414,0.04499,0.00101,-0.00058,-0.01062,0.00122,1.38665,-0.10387,0.00785,-0.04950,0.00603,-0.16448,0.01388,-0.32698,0.88407,0,0.00270,-0.00059,0.00865,0.42171,-0.11965,0.00503,-0.00564,1
4.0267,-0.27414,0.04499,0.00099,-0.00058,-0.01126,0.00121,1.38665,-0.10372,0.00784,-0.04978,0.00606,-0.16367,0.01389,-0.32729,0.88409,0,0.00270,-0.00059,0.00865,0.42171,-0.11965,0.00503,-0.00564,1
4.0288,-0.27414,0.04499,0.00097,-0.00058,-0.01202,0.00121,1.38665,-0.10358,0.00782,-0.05007,0.00609,-0.16272,0.01391,-0.32755,0.88413,0,0.00270,-0.00059,0.00865,0.42171,-0.11965,0.00503,-0.00564,1
4.0308,-0.27414,0.04499,0.00094,-0.00058,-0.01290,0.00120,1.38665,-0.10344,0.00781,-0.05038,0.00611,-0.16165,0.01393,-0.32787,0.88418,0,0.00270,-0.00059,0.00865,0.42171,-0.11965,0.00503,-0.00564,1
4.0328,-0.27414,0.04499,0.00092,-0.00057,-0.01389,0.00120,1.38665,-0.10329,0.00780,-0.05071,0.00614,-0.16045,0.01395,-0.32815,0.88419,0,0.00270,-0.00059,0.00865,0.42171,-0.11965,0.00503,-0.00564,1
4.0348,-0.27414,0.04499,0.00089,-0.00057,-0.01500,0.00119,1.38665,-0.10315,0.00779,-0.05105,0.00617,-0.15912,0.01396,-0.32850,0.88426,0,0.00270,-0.00059,0.00865,0.42171,-0.11965,0.00503,-0.00564,1
4.0368,-0.27414,0.04499,0.00086,-0.00057,-0.01622,0.00118,1.38665,-0.10301,0.00778,-0.05142,0.00620,-0.15766,0.01398,-0.32879,0.88428,0,0.00270,-0.00059,0.00865,0.42171,-0.11965,0.00503,-0.00564,1
4.0388,-0.27414,0.04499,0.00082,-0.00057,-0.01756,0.00118,1.38665,-0.10287,0.00777,-0.05182,0.00623,-0.15607,0.01400,-0.32910,0.88432,0,0.00270,-0.00059,0.00865,0.42171,-0.11965,0.00503,-0.00564,1
4.0408,-0.27414,0.04499,0.00079,-0.00057,-0.01902,0.00117,1.38665,-0.10272,0.00776,-0.05224,0.00625,-0.15462,0.01401,-0.32943,0.88431,0,0.00270,-0.00059,0.00865,0.42171,-0.11965,0.00503,-0.00564,1
4.0428,-0.27414,0.04499,0.00075,-0.00056,-0.02036,0.00117,1.38665,-0.10258,0.00775,-0.05269,0.00628,-0.15329,0.01403,-0.32972,0.88438,0,0.00270,-0.00059,0.00865,0.42171,-0.11965,0.00503,-0.00564,1
4.0448,-0.27414,0.04499,0.00071,-0.00056,-0.02158,0.00116,1.38665,-0.10244,0.00774,-0.05316,0.00631,-0.15209,0.01405,-0.33002,0.88441,0,0.00270,-0.00059,0.00865,0.42171,-0.11965,0.00503,-0.00564,1
4.0468,-0.27414,0.04499,0.00066,-0.00056,-0.02268,0.00116,1.38665,-0.10230,0.00773,-0.05366,0.00634,-0.15101,0.01407,-0.33035,0.88441,0,0.00270,-0.00059,0.00865,0.42171,-0.11965,0.00503,-0.00564,1
4.0488,-0.27414,0.04499,0.00061,-0.00056,-0.02367,0.00115,1.38665,-0.10215,0.00772,-0.05418,0.00637,-0.15007,0.01408,-0.33061,0.88443,0,0.00270,-0.00059,0.00865,0.42171,-0.11965,0.00503,-0.00564,1
4.0508,-0.27414,0.04499,0.00057,-0.00055,-0.02454,0.00115,1.38665,-0.10201,0.00771,-0.05471,0.00639,-0.14925,0.01410,-0.33090,0.88445,0,0.00270,-0.00059,0.00865,0.42171,-0.11965,0.00503,-0.00564,1
4.0528,-0.27414,0.04499,0.00052,-0.00055,-0.02529,0.00114,1.38665,-0.10187,0.00770,-0.05527,0.00642,-0.14856,0.01411,-0.33124,0.88449,0,0.00270,-0.00059,0.00865,0.42171,-0.11965,0.00503,-0.00564,1
4.0549,-0.27414,0.04499,0.00047,-0.00055,-0.02592,0.00114,1.38665,-0.10172,0.00768,-0.05583,0.00645,-0.14800,0.01413,-0.33154,0.88452,0,0.00270,-0.00059,0.00865,0.42171,-0.11965,0.00503,-0.00564,1
4.0569,-0.27414,0.04499,0.00041,-0.00055,-0.02644,0.00113,1.38665,-0.10158,0.00767,-0.05641,0.00647,-0.14757,0.01415,-0.33184,0.88454,0,0.00270,-0.00059,0.00865,0.42171,-0.11965,0.00503,-0.00564,1
4.0589,-0.27414,0.04499,0.00036,-0.00054,-0.02684,0.00113,1.38665,-0.10144,0.00766,-0.05699,0.00650,-0.14726,0.01416,-0.33211,0.88456,0,0.00270,-0.00059,0.00865,0.42171,-0.11965,0.00503,-0.00564,1
4.0609,-0.27414,0.04499,0.00031,-0.00054,-0.02712,0.00112,1.38665,-0.10129,0.00765,-0.05758,0.00653,-0.14708,0.01418,-0.33241,0.88463,0,0.00270,-0.00059,0.00865,0.42171,-0.11965,0.00503,-0.00564,1
4.0629,-0.26400,0.04555,0.00132,-0.00099,-0.02373,-0.00042,1.37659,-0.10115,0.00764,-0.04459,0.00230,-0.14678,0.01407,-0.33300,0.88469,0,0.00300,-0.00142,0.01567,0.42136,-0.12779,0.00458,-0.00634,1
4.0649,-0.26400,0.04555,0.00128,-0.00099,-0.02403,-0.00030,1.37659,-0.10101,0.00763,-0.04512,0.00230,-0.14635,0.01383,-0.33300,0.88469,0,0.00300,-0.00142,0.01567,0.42136,-0.12779,0.00458,-0.00634,1
4.0669,-0.26400,0.04555,0.00123,-0.00099,-0.02444,-0.00007,1.37659,-0.10087,0.00762,-0.04566,0.00230,-0.14604,0.01346,-0.33339,0.88468,0,0.00300,-0.00142,0.01567,0.42136,-0.12779,0.00458,-0.00634,1
4.0689,-0.26400,0.04555,0.00118,-0.00099,-0.02474,0.00029,1.37659,-0.10072,0.00761,-0.04621,0.00231,-0.14586,0.01296,-0.33363,0.88470,0,0.00300,-0.00142,0.01567,0.42136,-0.12779,0.00458,-0.00634,1
4.0709,-0.26400,0.04555,0.00113,-0.00099,-0.02492,0.00076,1.37659,-0.10058,0.00760,-0.04676,0.00232,-0.14582,0.01234,-0.33394,0.88474,0,0.00300,-0.00142,0.01567,0.42136,-0.12779,0.00458,-0.00634,1
4.0729,-0.26400,0.04555,0.00108,-0.00099,-0.02499,0.00134,1.37659,-0.10044,0.00759,-0.04731,0.00235,-0.14589,0.01159,-0.33425,0.88475,0,0.00300,-0.00142,0.01567,0.42136,-0.12779,0.00458,-0.00634,1
4.0749,-0.26400,0.04555,0.00103,-0.00098,-0.02493,0.00204,1.37659,-0.10030,0.00758,-0.04786,0.00238,-0.14610,0.01071,-0.33457,0.88479,0,0.00300,-0.00142,0.01567,0.42136,-0.12779,0.00458,-0.00634,1
4.0769,-0.26400,0.04555,0.00098,-0.00098,-0.02476,0.00286,1.37659,-0.10015,0.00757,-0.04841,0.00244,-0.14644,0.00995,-0.33491,0.88479,0,0.00300,-0.00142,0.01567,0.42136,-0.12779,0.00458,-0.00634,1
4.0790,-0.26400,0.04555,0.00093,-0.00097,-0.02447,0.00356,1.37659,-0.10001,0.00755,-0.04895,0.00250,-0.14690,0.00933,-0.33514,0.88482,0,0.00300,-0.00142,0.01567,0.42136,-0.12779,0.00458,-0.00634,1
4.0810,-0.26400,0.04555,0.00088,-0.00096,-0.02407,0.00414,1.37659,-0.09987,0.00754,-0.04949,0.00258,-0.14749,0.00883,-0.33547,0.88483,0,0.00300,-0.00142,0.01567,0.42136,-0.12779,0.00458,-0.00634,1
4.0830,-0.26400,0.04555,0.00083,-0.00096,-0.02355,0.00461,1.37659,-0.09972,0.00753,-0.05002,0.00267,-0.14821,0.00847,-0.33579,0.88481,0,0.00300,-0.00142,0.01567,0.42136,-0.12779,0.00458,-0.00634,1
4.0850,-0.26400,0.04555,0.00079,-0.00095,-0.02291,0.00496,1.37659,-0.09958,0.00752,-0.05054,0.00277,-0.14905,0.00823,-0.33611,0.88482,0,0.00300,-0.00142,0.01567,0.42136,-0.12779,0.00458,-0.00634,1
4.0870,-0.26400,0.04555,0.00074,-0.00094,-0.02215,0.00520,1.37659,-0.09944,0.00751,-0.05104,0.00288,-0.15003,0.00811,-0.33638,0.88483,0,0.00300,-0.00142,0.01567,0.42136,-0.12779,0.00458,-0.00634,1
4.0890,-0.26400,0.04555,0.00070,-0.00093,-0.02128,0.00532,1.37659,-0.09930,0.00750,-0.05153,0.00299,-0.15088,0.00813,-0.33673,0.88482,0,0.00300,-0.00142,0.01567,0.42136,-0.12779,0.00458,-0.00634,1
4.0910,-0.26400,0.04555,0.00066,-0.00092,-0.02052,0.00532,1.37659,-0.09916,0.00749,-0.05200,0.00310,-0.15160,0.00827,-0.33700,0.88483,0,0.00300,-0.00142,0.01567,0.42136,-0.12779,0.00458,-0.00634,1
4.0930,-0.26400,0.04555,0.00062,-0.00090,-0.01988,0.00520,1.37659,-0.09901,0.00748,-0.05246,0.00320,-0.15219,0.00855,-0.33730,0.88487,0,0.00300,-0.00142,0.01567,0.42136,-0.12779,0.00458,-0.00634,1
4.0950,-0.26400,0.04555,0.00058,-0.00089,-0.01935,0.00497,1.37659,-0.09887,0.00747,-0.05290,0.00331,-0.15265,0.00895,-0.33758,0.88491,0,0.00300,-0.00142,0.01567,0.42136,-0.12779,0.00458,-0.00634,1
4.0970,-0.26400,0.04555,0.00054,-0.00088,-0.01894,0.00463,1.37659,-0.09873,0.00746,-0.05334,0.00341,-0.15298,0.00947,-0.33795,0.88490,0,0.00300,-0.00142,0.01567,0.42136,-0.12779,0.00458,-0.00634,1
4.0990,-0.26400,0.04555,0.00050,-0.00088,-0.01864,0.00416,1.37659,-0.09858,0.00745,-0.05377,0.00350,-0.15319,0.01013,-0.33820,0.88496,0,0.00300,-0.00142,0.01567,0.42136,-0.12779,0.00458,-0.00634,1
4.1010,-0.26400,0.04555,0.00046,-0.00087,-0.01846,0.00358,1.37659,-0.09844,0.00744,-0.05419,0.00358,-0.15327,0.01091,-0.33852,0.88500,0,0.00300,-0.00142,0.01567,0.42136,-0.12779,0.00458,-0.00634,1
4.1031,-0.26400,0.04555,0.00043,-0.00086,-0.01840,0.00288,1.37659,-0.09830,0.00743,-0.05461,0.00365,-0.15322,0.01157,-0.33879,0.88499,0,0.00300,-0.00142,0.01567,0.42136,-0.12779,0.00458,-0.00634,1
4.1051,-0.26400,0.04555,0.00039,-0.00086,-0.01845,0.00230,1.37659,-0.09815,0.00741,-0.05504,0.00370,-0.15319,0.01210,-0.33910,0.88503,0,0.00300,-0.00142,0.01567,0.42136,-0.12779,0.00458,-0.00634,1
4.1071,-0.26400,0.04555,0.00035,-0.00085,-0.01848,0.00184,1.37659,-0.09801,0.00740,-0.05546,0.00375,-0.15329,0.01250,-0.33939,0.88504,0,0.00300,-0.00142,0.01567,0.42136,-0.12779,0.00458,-0.00634,1
4.1091,-0.26400,0.04555,0.00032,-0.00085,-0.01840,0.00149,1.37659,-0.09787,0.00739,-0.05588,0.00378,-0.15351,0.01277,-0.33966,0.88508,0,0.00300,-0.00142,0.01567,0.42136,-0.12779,0.00458,-0.00634,1
4.1111,-0.26400,0.04555,0.00028,-0.00085,-0.01820,0.00126,1.37659,-0.09772,0.00738,-0.05630,0.00382,-0.15386,0.01291,-0.33999,0.88510,0,0.00300,-0.00142,0.01567,0.42136,-0.12779,0.00458,-0.00634,1
4.1131,-0.26400,0.04555,0.00024,-0.00084,-0.01788,0.00114,1.37659,-0.09758,0.00737,-0.05671,0.00384,-0.15430,0.01293,-0.34025,0.88515,0,0.00300,-0.00142,0.01567,0.42136,-0.12779,0.00458,-0.00634,1
4.1151,-0.26400,0.04555,0.00021,-0.00084,-0.01750,0.00114,1.37659,-0.09744,0.00736,-0.05712,0.00387,-0.15460,0.01282,-0.34056,0.88520,0,0.00300,-0.00142,0.01567,0.42136,-0.12779,0.00458,-0.00634,1
4.1171,-0.26400,0.04555,0.00017,-0.00084,-0.01722,0.00126,1.37659,-0.09730,0.00735,-0.05752,0.00390,-0.15482,0.01258,-0.34085,0.88522,0,0.00300,-0.00142,0.01567,0.42136,-0.12779,0.00458,-0.00634,1
4.1191,-0.26400,0.04555,0.00014,-0.00084,-0.01703,0.00149,1.37659,-0.09715,0.00734,-0.05792,0.00393,-0.15507,0.01221,-0.34116,0.88523,0,0.00300,-0.00142,0.01567,0.42136,-0.12779,0.00458,-0.00634,1
4.1211,-0.26400,0.04555,0.00011,-0.00083,-0.01680,0.00184,1.37659,-0.09701,0.00733,-0.05831,0.00397,-0.15532,0.01171,-0.34155,0.88527,0,0.00300,-0.00142,0.01567,0.42136,-0.12779,0.00458,-0.00634,1
4.1231,-0.25177,0.04400,0.00091,-0.00112,-0.01323,0.00108,1.37563,-0.09687,0.00732,-0.04681,0.00065,-0.15544,0.01109,-0.34214,0.88532,0,0.00234,-0.00154,0.01281,0.42189,-0.12440,0.00438,-0.00240,1
4.1252,-0.25177,0.04400,0.00088,-0.00112,-0.01313,0.00166,1.37563,-0.09673,0.00731,-0.04713,0.00068,-0.15543,0.01034,-0.34214,0.88532,0,0.00234,-0.00154,0.01281,0.42189,-0.12440,0.00438,-0.00240,1
4.1272,-0.25177,0.04400,0.00085,-0.00112,-0.01315,0.00237,1.37563,-0.09658,0.00730,-0.04745,0.00072,-0.15530,0.00946,-0.34246,0.88529,0,0.00234,-0.00154,0.01281,0.42189,-0.12440,0.00438,-0.00240,1
4.1292,-0.25177,0.04400,0.00083,-0.00111,-0.01329,0.00319,1.37563,-0.09644,0.00729,-0.04777,0.00078,-0.15503,0.00845,-0.34279,0.88534,0,0.00234,-0.00154,0.01281,0.42189,-0.12440,0.00438,-0.00240,1
4.1312,-0.25177,0.04400,0.00080,-0.00110,-0.01354,0.00412,1.37563,-0.09630,0.00727,-0.04809,0.00086,-0.15464,0.00757,-0.34309,0.88534,0,0.00234,-0.00154,0.01281,0.42189,-0.12440,0.00438,-0.00240,1
4.1332,-0.25177,0.04400,0.00077,-0.00109,-0.01391,0.00494,1.37563,-0.09616,0.00726,-0.04842,0.00095,-0.15412,0.00682,-0.34339,0.88536,0,0.00234,-0.00154,0.01281,0.42189,-0.12440,0.00438,-0.00240,1
4.1352,-0.25177,0.04400,0.00074,-0.00108,-0.01440,0.00564,1.37563,-0.09601,0.00725,-0.04875,0.00106,-0.15348,0.00619,-0.34368,0.88538,0,0.00234,-0.00154,0.01281,0.42189,-0.12440,0.00438,-0.00240,1
4.1372,-0.25177,0.04400,0.00072,-0.00107,-0.01500,0.00623,1.37563,-0.09587,0.00724,-0.04910,0.00118,-0.15270,0.00570,-0.34394,0.88540,0,0.00234,-0.00154,0.01281,0.42189,-0.12440,0.00438,-0.00240,1
4.1392,-0.25177,0.04400,0.00068,-0.00106,-0.01572,0.00670,1.37563,-0.09573,0.00723,-0.04946,0.00131,-0.15180,0.00533,-0.34430,0.88541,0,0.00234,-0.00154,0.01281,0.42189,-0.12440,0.00438,-0.00240,1
4.1412,-0.25177,0.04400,0.00065,-0.00105,-0.01655,0.00705,1.37563,-0.09559,0.00722,-0.04983,0.00145,-0.15077,0.00509,-0.34463,0.88540,0,0.00234,-0.00154,0.01281,0.42189,-0.12440,0.00438,-0.00240,1
4.1432,-0.25177,0.04400,0.00062,-0.00103,-0.01750,0.00729,1.37563,-0.09544,0.00721,-0.05023,0.00160,-0.14961,0.00498,-0.34487,0.88544,0,0.00234,-0.00154,0.01281,0.42189,-0.12440,0.00438,-0.00240,1
4.1452,-0.25177,0.04400,0.00058,-0.00102,-0.01856,0.00741,1.37563,-0.09530,0.00720,-0.05064,0.00175,-0.14832,0.00499,-0.34522,0.88539,0,0.00234,-0.00154,0.01281,0.42189,-0.12440,0.00438,-0.00240,1
4.1472,-0.25177,0.04400,0.00054,-0.00100,-0.01974,0.00741,1.37563,-0.09516,0.00719,-0.05107,0.00190,-0.14691,0.00514,-0.34551,0.88543,0,0.00234,-0.00154,0.01281,0.42189,-0.12440,0.00438,-0.00240,1
4.1493,-0.25177,0.04400,0.00050,-0.00099,-0.02104,0.00730,1.37563,-0.09501,0.00718,-0.05153,0.00205,-0.14562,0.00541,-0.34577,0.88547,0,0.00234,-0.00154,0.01281,0.42189,-0.12440,0.00438,-0.00240,1
4.1513,-0.25177,0.04400,0.00046,-0.00097,-0.02221,0.00707,1.37563,-0.09487,0.00717,-0.05202,0.00219,-0.14446,0.00581,-0.34605,0.88547,0,0.00234,-0.00154,0.01281,0.42189,-0.12440,0.00438,-0.00240,1
4.1533,-0.25177,0.04400,0.00041,-0.00096,-0.02328,0.00672,1.37563,-0.09473,0.00716,-0.05252,0.00233,-0.14343,0.00633,-0.34632,0.88548,0,0.00234,-0.00154,0.01281,0.42189,-0.12440,0.00438,-0.00240,1
4.1553,-0.25177,0.04400,0.00037,-0.00095,-0.02422,0.00626,1.37563,-0.09459,0.00715,-0.05304,0.00247,-0.14253,0.00699,-0.34662,0.88551,0,0.00234,-0.00154,0.01281,0.42189,-0.12440,0.00438,-0.00240,1
4.1573,-0.25177,0.04400,0.00032,-0.00093,-0.02505,0.00568,1.37563,-0.09444,0.00713,-0.05359,0.00259,-0.14175,0.00777,-0.34695,0.88550,0,0.00234,-0.00154,0.01281,0.42189,-0.12440,0.00438,-0.00240,1
4.1593,-0.25177,0.04400,0.00027,-0.00092,-0.02576,0.00499,1.37563,-0.09430,0.00712,-0.05414,0.00270,-0.14110,0.00869,-0.34718,0.88556,0,0.00234,-0.00154,0.01281,0.42189,-0.12440,0.00438,-0.00240,1
4.1613,-0.25177,0.04400,0.00021,-0.00091,-0.02635,0.00417,1.37563,-0.09416,0.00711,-0.05471,0.00279,-0.14058,0.00973,-0.34741,0.88556,0,0.00234,-0.00154,0.01281,0.42189,-0.12440,0.00438,-0.00240,1
4.1633,-0.25177,0.04400,0.00016,-0.00091,-0.02682,0.00324,1.37563,-0.09402,0.00710,-0.05529,0.00287,-0.14019,0.01064,-0.34770,0.88559,0,0.00234,-0.00154,0.01281,0.42189,-0.12440,0.00438,-0.00240,1
4.1653,-0.25177,0.04400,0.00011,-0.00090,-0.02718,0.00243,1.37563,-0.09387,0.00709,-0.05588,0.00293,-0.13993,0.01142,-0.34803,0.88557,0,0.00234,-0.00154,0.01281,0.42189,-0.12440,0.00438,-0.00240,1
4.1673,-0.25177,0.04400,0.00005,-0.00090,-0.02742,0.00173,1.37563,-0.09373,0.00708,-0.05647,0.00297,-0.13979,0.01208,-0.34827,0.88562,0,0.00234,-0.00154,0.01281,0.42189,-0.12440,0.00438,-0.00240,1
4.1693,-0.25177,0.04400,-0.00000,-0.00089,-0.02754,0.00115,1.37563,-0.09359,0.00707,-0.05707,0.00301,-0.13979,0.01261,-0.34857,0.88563,0,0.00234,-0.00154,0.01281,0.42189,-0.12440,0.00438,-0.00240,1
4.1713,-0.25177,0.04400,-0.00006,-0.00089,-0.02755,0.00069,1.37563,-0.09345,0.00706,-0.05767,0.00303,-0.13991,0.01301,-0.34885,0.88565,0,0.00234,-0.00154,0.01281,0.42189,-0.12440,0.00438,-0.00240,1
4.1733,-0.25177,0.04400,-0.00011,-0.00089,-0.02743,0.00034,1.37563,-0.09330,0.00705,-0.05827,0.00304,-0.14016,0.01328,-0.34916,0.88568,0,0.00234,-0.00154,0.01281,0.42189,-0.12440,0.00438,-0.00240,1
4.1753,-0.25177,0.04400,-0.00017,-0.00089,-0.02720,0.00011,1.37563,-0.09316,0.00704,-0.05886,0.00305,-0.14053,0.01342,-0.34942,0.88572,0,0.00234,-0.00154,0.01281,0.42189,-0.12440,0.00438,-0.00240,1
4.1773,-0.25177,0.04400,-0.00022,-0.00089,-0.02686,-0.00000,1.37563,-0.09302,0.00703,-0.05945,0.00306,-0.14104,0.01344,-0.34975,0.88575,0,0.00234,-0.00154,0.01281,0.42189,-0.12440,0.00438,-0.00240,1
4.1793,-0.25177,0.04400,-0.00027,-0.00089,-0.02639,-0.00000,1.37563,-0.09288,0.00702,-0.06003,0.00306,-0.14167,0.01333,-0.35001,0.88580,0,0.00234,-0.00154,0.01281,0.42189,-0.12440,0.00438,-0.00240,1
4.1813,-0.25177,0.04400,-0.00033,-0.00089,-0.02581,0.00011,1.37563,-0.09274,0.00701,-0.06060,0.00307,-0.14243,0.01309,-0.35031,0.88582,0,0.00234,-0.00154,0.01281,0.42189,-0.12440,0.00438,-0.00240,1
4.1833,-0.25177,0.04400,-0.00038,-0.00089,-0.02511,0.00035,1.37563,-0.09259,0.00699,-0.06115,0.00308,-0.14332,0.01272,-0.35067,0.88582,0,0.00234,-0.00154,0.01281,0.42189,-0.12440,0.00438,-0.00240,1
4.1853,-0.25177,0.04400,-0.00043,-0.00089,-0.02430,0.00070,1.37563,-0.09245,0.00698,-0.06170,0.00309,-0.14434,0.01222,-0.35095,0.88581,0,0.00234,-0.00154,0.01281,0.42189,-0.12440,0.00438,-0.00240,1
4.1873,-0.25177,0.04400,-0.00047,-0.00089,-0.02337,0.00117,1.37563,-0.09231,0.00697,-0.06222,0.00311,-0.14548,0.01160,-0.35095,0.88581,0,0.00234,-0.00154,0.01281,0.42189,-0.12440,0.00438,-0.00240,1
4.1893,-0.25177,0.04400,-0.00052,-0.00088,-0.02231,0.00175,1.37563,-0.09217,0.00696,-0.06272,0.00315,-0.14676,0.01085,-0.35160,0.88584,0,0.00234,-0.00154,0.01281,0.42189,-0.12440,0.00438,-0.00240,1
4.1913,-0.25177,0.04400,-0.00056,-0.00088,-0.02115,0.00245,1.37563,-0.09202,0.00695,-0.06321,0.00319,-0.14816,0.01014,-0.35194,0.88584,0,0.00234,-0.00154,0.01281,0.42189,-0.12440,0.00438,-0.00240,1
4.1933,-0.25177,0.04400,-0.00060,-0.00087,-0.01986,0.00310,1.37563,-0.09188,0.00694,-0.06367,0.00325,-0.14969,0.00957,-0.35221,0.88587,0,0.00234,-0.00154,0.01281,0.42189,-0.12440,0.00438,-0.00240,1
4.1953,-0.24025,0.04349,0.00002,-0.00118,-0.01844,0.00171,1.37338,-0.09174,0.00693,-0.05416,0.00013,-0.15109,0.00887,-0.35283,0.88591,0,0.00172,-0.00151,0.01797,0.42183,-0.13070,0.00403,-0.00556,1
4.1973,-0.24025,0.04349,-0.00002,-0.00117,-0.01717,0.00237,1.37338,-0.09160,0.00692,-0.05456,0.00018,-0.15236,0.00803,-0.35283,0.88591,0,0.00172,-0.00151,0.01797,0.42183,-0.13070,0.00403,-0.00556,1
4.1993,-0.24025,0.04349,-0.00005,-0.00117,-0.01601,0.00315,1.37338,-0.09145,0.00691,-0.05494,0.00023,-0.15350,0.00714,-0.35315,0.88594,0,0.00172,-0.00151,0.01797,0.42183,-0.13070,0.00403,-0.00556,1
4.2013,-0.24025,0.04349,-0.00008,-0.00116,-0.01497,0.00398,1.37338,-0.09131,0.00690,-0.05530,0.00031,-0.15452,0.00638,-0.35348,0.88593,0,0.00172,-0.00151,0.01797,0.42183,-0.13070,0.00403,-0.00556,1
4.2033,-0.24025,0.04349,-0.00011,-0.00115,-0.01404,0.00470,1.37338,-0.09117,0.00689,-0.05564,0.00040,-0.15541,0.00574,-0.35378,0.88595,0,0.00172,-0.00151,0.01797,0.42183,-0.13070,0.00403,-0.00556,1
4.2053,-0.24025,0.04349,-0.00014,-0.00114,-0.01323,0.00530,1.37338,-0.09103,0.00688,-0.05597,0.00050,-0.15617,0.00523,-0.35409,0.88597,0,0.00172,-0.00151,0.01797,0.42183,-0.13070,0.00403,-0.00556,1
4.2073,-0.24025,0.04349,-0.00017,-0.00113,-0.01254,0.00578,1.37338,-0.09088,0.00687,-0.05628,0.00061,-0.15680,0.00485,-0.35446,0.88598,0,0.00172,-0.00151,0.01797,0.42183,-0.13070,0.00403,-0.00556,1
4.2093,-0.24025,0.04349,-0.00019,-0.00112,-0.01196,0.00614,1.37338,-0.09074,0.00685,-0.05657,0.00073,-0.15731,0.00460,-0.35468,0.88598,0,0.00172,-0.00151,0.01797,0.42183,-0.13070,0.00403,-0.00556,1
4.2114,-0.24025,0.04349,-0.00021,-0.00111,-0.01149,0.00639,1.37338,-0.09060,0.00684,-0.05686,0.00086,-0.15768,0.00448,-0.35503,0.88602,0,0.00172,-0.00151,0.01797,0.42183,-0.13070,0.00403,-0.00556,1
4.2134,-0.24025,0.04349,-0.00024,-0.00109,-0.01115,0.00653,1.37338,-0.09046,0.00683,-0.05713,0.00099,-0.15793,0.00448,-0.35534,0.88599,0,0.00172,-0.00151,0.01797,0.42183,-0.13070,0.00403,-0.00556,1
4.2154,-0.24025,0.04349,-0.00026,-0.00108,-0.01092,0.00654,1.37338,-0.09031,0.00682,-0.05740,0.00113,-0.15805,0.00461,-0.35558,0.88605,0,0.00172,-0.00151,0.01797,0.42183,-0.13070,0.00403,-0.00556,1
4.2174,-0.24025,0.04349,-0.00028,-0.00107,-0.01080,0.00644,1.37338,-0.09017,0.00681,-0.05767,0.00126,-0.15805,0.00487,-0.35593,0.88604,0,0.00172,-0.00151,0.01797,0.42183,-0.13070,0.00403,-0.00556,1
4.2194,-0.24025,0.04349,-0.00030,-0.00105,-0.01080,0.00622,1.37338,-0.09003,0.00680,-0.05794,0.00139,-0.15791,0.00526,-0.35627,0.88604,0,0.00172,-0.00151,0.01797,0.42183,-0.13070,0.00403,-0.00556,1
4.2214,-0.24025,0.04349,-0.00032,-0.00104,-0.01092,0.00589,1.37338,-0.08989,0.00679,-0.05821,0.00151,-0.15765,0.00577,-0.35651,0.88610,0,0.00172,-0.00151,0.01797,0.42183,-0.13070,0.00403,-0.00556,1
4.2234,-0.24025,0.04349,-0.00035,-0.00103,-0.01115,0.00544,1.37338,-0.08974,0.00678,-0.05848,0.00163,-0.15726,0.00642,-0.35683,0.88611,0,0.00172,-0.00151,0.01797,0.42183,-0.13070,0.00403,-0.00556,1
4.2254,-0.24025,0.04349,-0.00037,-0.00102,-0.01150,0.00487,1.37338,-0.08960,0.00677,-0.05876,0.00173,-0.15674,0.00719,-0.35742,0.88613,0,0.00172,-0.00151,0.01797,0.42183,-0.13070,0.00403,-0.00556,1
4.2274,-0.24025,0.04349,-0.00039,-0.00101,-0.01197,0.00419,1.37338,-0.08946,0.00676,-0.05904,0.00182,-0.15609,0.00809,-0.35742,0.88613,0,0.00172,-0.00151,0.01797,0.42183,-0.13070,0.00403,-0.00556,1
4.2294,-0.24025,0.04349,-0.00042,-0.00100,-0.01255,0.00339,1.37338,-0.08931,0.00675,-0.05934,0.00190,-0.15532,0.00886,-0.35775,0.88614,0,0.00172,-0.00151,0.01797,0.42183,-0.13070,0.00403,-0.00556,1
4.2314,-0.24025,0.04349,-0.00044,-0.00100,-0.01324,0.00271,1.37338,-0.08917,0.00674,-0.05964,0.00197,-0.15441,0.00950,-0.35803,0.88620,0,0.00172,-0.00151,0.01797,0.42183,-0.13070,0.00403,-0.00556,1
4.2335,-0.24025,0.04349,-0.00047,-0.00099,-0.01406,0.00214,1.37338,-0.08903,0.00673,-0.05997,0.00202,-0.15338,0.01002,-0.35862,0.88626,0,0.00172,-0.00151,0.01797,0.42183,-0.13070,0.00403,-0.00556,1
4.2355,-0.24025,0.04349,-0.00050,-0.00099,-0.01498,0.00169,1.37338,-0.08889,0.00671,-0.06031,0.00206,-0.15222,0.01041,-0.35862,0.88626,0,0.00172,-0.00151,0.01797,0.42183,-0.13070,0.00403,-0.00556,1
4.2375,-0.24025,0.04349,-0.00053,-0.00099,-0.01603,0.00135,1.37338,-0.08874,0.00670,-0.06066,0.00209,-0.15094,0.01067,-0.35891,0.88625,0,0.00172,-0.00151,0.01797,0.42183,-0.13070,0.00403,-0.00556,1
4.2395,-0.24025,0.04349,-0.00056,-0.00098,-0.01719,0.00113,1.37338,-0.08860,0.00669,-0.06104,0.00212,-0.14964,0.01080,-0.35918,0.88625,0,0.00172,-0.00151,0.01797,0.42183,-0.13070,0.00403,-0.00556,1
4.2415,-0.24025,0.04349,-0.00060,-0.00098,-0.01835,0.00103,1.37338,-0.08846,0.00668,-0.06145,0.00215,-0.14848,0.01080,-0.35951,0.88629,0,0.00172,-0.00151,0.01797,0.42183,-0.13070,0.00403,-0.00556,1
4.2435,-0.24025,0.04349,-0.00064,-0.00098,-0.01940,0.00105,1.37338,-0.08831,0.00667,-0.06187,0.00217,-0.14744,0.01068,-0.35982,0.88632,0,0.00172,-0.00151,0.01797,0.42183,-0.13070,0.00403,-0.00556,1
4.2455,-0.24025,0.04349,-0.00068,-0.00098,-0.02033,0.00118,1.37338,-0.08817,0.00666,-0.06232,0.00220,-0.14654,0.01042,-0.36035,0.88635,0,0.00172,-0.00151,0.01797,0.42183,-0.13070,0.00403,-0.00556,1
4.2477,-0.24025,0.04349,-0.00072,-0.00097,-0.02114,0.00142,1.37338,-0.08802,0.00665,-0.06278,0.00223,-0.14576,0.01004,-0.36067,0.88634,0,0.00172,-0.00151,0.01797,0.42183,-0.13070,0.00403,-0.00556,1
4.2497,-0.24025,0.04349,-0.00076,-0.00097,-0.02184,0.00179,1.37338,-0.08787,0.00664,-0.06326,0.00226,-0.14511,0.00953,-0.36092,0.88639,0,0.00172,-0.00151,0.01797,0.42183,-0.13070,0.00403,-0.00556,1
4.2517,-0.24025,0.04349,-0.00080,-0.00097,-0.02241,0.00227,1.37338,-0.08773,0.00663,-0.06375,0.00231,-0.14458,0.00893,-0.36130,0.88639,0,0.00172,-0.00151,0.01797,0.42183,-0.13070,0.00403,-0.00556,1
4.2537,-0.24025,0.04349,-0.00085,-0.00096,-0.02287,0.00283,1.37338,-0.08759,0.00662,-0.06424,0.00236,-0.14419,0.00846,-0.36159,0.88639,0,0.00172,-0.00151,0.01797,0.42183,-0.13070,0.00403,-0.00556,1
4.2557,-0.24025,0.04349,-0.00090,-0.00096,-0.02322,0.00327,1.37338,-0.08744,0.00661,-0.06475,0.00243,-0.14392,0.00812,-0.36186,0.88643,0,0.00172,-0.00151,0.01797,0.42183,-0.13070,0.00403,-0.00556,1
4.2577,-0.22996,0.04367,-0.00050,-0.00088,-0.02164,0.00339,1.37059,-0.08730,0.00659,-0.05779,0.00320,-0.14378,0.00790,-0.36222,0.88640,0,0.00050,-0.00095,0.01365,0.42019,-0.12556,0.00590,-0.00716,1
4.2597,-0.22996,0.04367,-0.00054,-0.00088,-0.02175,0.00361,1.37059,-0.08716,0.00658,-0.05827,0.00327,-0.14377,0.00781,-0.36244,0.88644,0,0.00050,-0.00095,0.01365,0.42019,-0.12556,0.00590,-0.00716,1
4.2617,-0.22996,0.04367,-0.00058,-0.00087,-0.02175,0.00370,1.37059,-0.08702,0.00657,-0.05875,0.00335,-0.14388,0.00785,-0.36275,0.88644,0,0.00050,-0.00095,0.01365,0.42019,-0.12556,0.00590,-0.00716,1
4.2637,-0.22996,0.04367,-0.00063,-0.00086,-0.02164,0.00368,1.37059,-0.08687,0.00656,-0.05923,0.00343,-0.14413,0.00802,-0.36307,0.88645,0,0.00050,-0.00095,0.01365,0.42019,-0.12556,0.00590,-0.00716,1
4.2657,-0.22996,0.04367,-0.00067,-0.00085,-0.02140,0.00354,1.37059,-0.08673,0.00655,-0.05970,0.00350,-0.14450,0.00832,-0.36334,0.88645,0,0.00050,-0.00095,0.01365,0.42019,-0.12556,0.00590,-0.00716,1
4.2677,-0.22996,0.04367,-0.00071,-0.00085,-0.02105,0.00329,1.37059,-0.08659,0.00654,-0.06017,0.00357,-0.14500,0.00874,-0.36364,0.88647,0,0.00050,-0.00095,0.01365,0.42019,-0.12556,0.00590,-0.00716,1
4.2697,-0.22996,0.04367,-0.00075,-0.00084,-0.02058,0.00292,1.37059,-0.08645,0.00653,-0.06063,0.00364,-0.14563,0.00929,-0.36392,0.88651,0,0.00050,-0.00095,0.01365,0.42019,-0.12556,0.00590,-0.00716,1
4.2717,-0.22996,0.04367,-0.00079,-0.00084,-0.02000,0.00243,1.37059,-0.08631,0.00652,-0.06108,0.00369,-0.14638,0.00997,-0.36426,0.88654,0,0.00050,-0.00095,0.01365,0.42019,-0.12556,0.00590,-0.00716,1
4.2737,-0.22996,0.04367,-0.00083,-0.00083,-0.01929,0.00183,1.37059,-0.08616,0.00651,-0.06152,0.00374,-0.14727,0.01052,-0.36458,0.88652,0,0.00050,-0.00095,0.01365,0.42019,-0.12556,0.00590,-0.00716,1
4.2758,-0.22996,0.04367,-0.00087,-0.00083,-0.01847,0.00134,1.37059,-0.08602,0.00650,-0.06195,0.00377,-0.14802,0.01095,-0.36483,0.88657,0,0.00050,-0.00095,0.01365,0.42019,-0.12556,0.00590,-0.00716,1
4.2778,-0.22996,0.04367,-0.00091,-0.00083,-0.01777,0.00097,1.37059,-0.08588,0.00649,-0.06235,0.00380,-0.14865,0.01124,-0.36515,0.88664,0,0.00050,-0.00095,0.01365,0.42019,-0.12556,0.00590,-0.00716,1
4.2798,-0.22996,0.04367,-0.00094,-0.00082,-0.01718,0.00072,1.37059,-0.08573,0.00648,-0.06275,0.00382,-0.14915,0.01141,-0.36546,0.88666,0,0.00050,-0.00095,0.01365,0.42019,-0.12556,0.00590,-0.00716,1
4.2818,-0.22996,0.04367,-0.00098,-0.00082,-0.01671,0.00058,1.37059,-0.08559,0.00647,-0.06314,0.00384,-0.14953,0.01145,-0.36576,0.88668,0,0.00050,-0.00095,0.01365,0.42019,-0.12556,0.00590,-0.00716,1
4.2838,-0.22996,0.04367,-0.00101,-0.00082,-0.01635,0.00056,1.37059,-0.08545,0.00645,-0.06351,0.00385,-0.14977,0.01136,-0.36608,0.88669,0,0.00050,-0.00095,0.01365,0.42019,-0.12556,0.00590,-0.00716,1
4.2858,-0.22996,0.04367,-0.00104,-0.00082,-0.01611,0.00065,1.37059,-0.08531,0.00644,-0.06388,0.00387,-0.14989,0.01115,-0.36632,0.88676,0,0.00050,-0.00095,0.01365,0.42019,-0.12556,0.00590,-0.00716,1
4.2878,-0.22996,0.04367,-0.00107,-0.00082,-0.01599,0.00086,1.37059,-0.08517,0.00643,-0.06425,0.00389,-0.14987,0.01080,-0.36666,0.88678,0,0.00050,-0.00095,0.01365,0.42019,-0.12556,0.00590,-0.00716,1
4.2898,-0.22996,0.04367,-0.00111,-0.00082,-0.01598,0.00119,1.37059,-0.08502,0.00642,-0.06462,0.00391,-0.14973,0.01033,-0.36696,0.88681,0,0.00050,-0.00095,0.01365,0.42019,-0.12556,0.00590,-0.00716,1
4.2918,-0.22996,0.04367,-0.00114,-0.00081,-0.01609,0.00163,1.37059,-0.08488,0.00641,-0.06498,0.00394,-0.14972,0.00999,-0.36723,0.88680,0,0.00050,-0.00095,0.01365,0.42019,-0.12556,0.00590,-0.00716,1
4.2938,-0.22996,0.04367,-0.00117,-0.00081,-0.01607,0.00196,1.37059,-0.08474,0.00640,-0.06535,0.00398,-0.14984,0.00978,-0.36752,0.88686,0,0.00050,-0.00095,0.01365,0.42019,-0.12556,0.00590,-0.00716,1
4.2958,-0.22996,0.04367,-0.00120,-0.00081,-0.01595,0.00217,1.37059,-0.08460,0.00639,-0.06572,0.00403,-0.15008,0.00970,-0.36782,0.88686,0,0.00050,-0.00095,0.01365,0.42019,-0.12556,0.00590,-0.00716,1
4.2978,-0.22996,0.04367,-0.00123,-0.00080,-0.01570,0.00226,1.37059,-0.08445,0.00638,-0.06608,0.00407,-0.15046,0.00974,-0.36810,0.88688,0,0.00050,-0.00095,0.01365,0.42019,-0.12556,0.00590,-0.00716,1
4.2998,-0.22996,0.04367,-0.00126,-0.00080,-0.01534,0.00223,1.37059,-0.08431,0.00637,-0.06643,0.00412,-0.15075,0.00991,-0.36836,0.88690,0,0.00050,-0.00095,0.01365,0.42019,-0.12556,0.00590,-0.00716,1
4.3018,-0.22996,0.04367,-0.00130,-0.00079,-0.01505,0.00209,1.37059,-0.08417,0.00636,-0.06678,0.00417,-0.15095,0.01021,-0.36868,0.88690,0,0.00050,-0.00095,0.01365,0.42019,-0.12556,0.00590,-0.00716,1
4.3038,-0.22996,0.04367,-0.00133,-0.00079,-0.01484,0.00183,1.37059,-0.08403,0.00635,-0.06713,0.00421,-0.15116,0.01056,-0.36900,0.88690,0,0.00050,-0.00095,0.01365,0.42019,-0.12556,0.00590,-0.00716,1
4.3058,-0.22996,0.04367,-0.00135,-0.00079,-0.01463,0.00153,1.37059,-0.08389,0.00634,-0.06747,0.00425,-0.15135,0.01078,-0.36923,0.88694,0,0.00050,-0.00095,0.01365,0.42019,-0.12556,0.00590,-0.00716,1
4.3078,-0.22996,0.04367,-0.00138,-0.00078,-0.01443,0.00134,1.37059,-0.08374,0.00633,-0.06780,0.00428,-0.15155,0.01088,-0.36958,0.88696,0,0.00050,-0.00095,0.01365,0.42019,-0.12556,0.00590,-0.00716,1
4.3098,-0.22996,0.04367,-0.00141,-0.00078,-0.01423,0.00127,1.37059,-0.08360,0.00632,-0.06814,0.00431,-0.15174,0.01085,-0.36985,0.88701,0,0.00050,-0.00095,0.01365,0.42019,-0.12556,0.00590,-0.00716,1
4.3118,-0.22996,0.04367,-0.00144,-0.00078,-0.01403,0.00131,1.37059,-0.08346,0.00630,-0.06846,0.00434,-0.15192,0.01068,-0.37017,0.88700,0,0.00050,-0.00095,0.01365,0.42019,-0.12556,0.00590,-0.00716,1
4.3138,-0.22996,0.04367,-0.00147,-0.00077,-0.01383,0.00147,1.37059,-0.08332,0.00629,-0.06879,0.00437,-0.15211,0.01065,-0.37044,0.88708,0,0.00050,-0.00095,0.01365,0.42019,-0.12556,0.00590,-0.00716,1
4.3158,-0.22996,0.04367,-0.00150,-0.00077,-0.01364,0.00151,1.37059,-0.08317,0.00628,-0.06911,0.00440,-0.15228,0.01069,-0.37074,0.88707,0,0.00050,-0.00095,0.01365,0.42019,-0.12556,0.00590,-0.00716,1
4.3178,-0.22996,0.04367,-0.00152,-0.00077,-0.01345,0.00150,1.37059,-0.08303,0.00627,-0.06943,0.00444,-0.15246,0.01071,-0.37103,0.88711,0,0.00050,-0.00095,0.01365,0.42019,-0.12556,0.00590,-0.00716,1
4.3198,-0.22996,0.04367,-0.00155,-0.00077,-0.01327,0.00149,1.37059,-0.08289,0.00626,-0.06974,0.00447,-0.15263,0.01073,-0.37126,0.88719,0,0.00050,-0.00095,0.01365,0.42019,-0.12556,0.00590,-0.00716,1
4.3218,-0.22996,0.04367,-0.00158,-0.00076,-0.01308,0.00148,1.37059,-0.08275,0.00625,-0.07005,0.00450,-0.15279,0.01075,-0.37162,0.88719,0,0.00050,-0.00095,0.01365,0.42019,-0.12556,0.00590,-0.00716,1
4.3238,-0.22996,0.04367,-0.00160,-0.00076,-0.01290,0.00148,1.37059,-0.08260,0.00624,-0.07035,0.00454,-0.15296,0.01078,-0.37187,0.88718,0,0.00050,-0.00095,0.01365,0.42019,-0.12556,0.00590,-0.00716,1
4.3258,-0.21827,0.04140,-0.00104,-0.00021,-0.01067,0.00358,1.39160,-0.08246,0.00623,-0.06132,0.00922,-0.15299,0.01093,-0.37226,0.88719,0,0.00003,0.00018,0.01178,0.42065,-0.12353,0.00576,-0.01554,1
4.3278,-0.21827,0.04140,-0.00106,-0.00021,-0.01062,0.00345,1.39160,-0.08232,0.00622,-0.06158,0.00930,-0.15290,0.01120,-0.37251,0.88720,0,0.00003,0.00018,0.01178,0.42065,-0.12353,0.00576,-0.01554,1
4.3298,-0.21827,0.04140,-0.00108,-0.00020,-0.01068,0.00320,1.39160,-0.08218,0.00621,-0.06184,0.00936,-0.15268,0.01161,-0.37288,0.88718,0,0.00003,0.00018,0.01178,0.42065,-0.12353,0.00576,-0.01554,1
4.3318,-0.21827,0.04140,-0.00110,-0.00019,-0.01086,0.00283,1.39160,-0.08203,0.00620,-0.06210,0.00943,-0.15233,0.01214,-0.37316,0.88720,0,0.00003,0.00018,0.01178,0.42065,-0.12353,0.00576,-0.01554,1
4.3338,-0.21827,0.04140,-0.00112,-0.00019,-0.01116,0.00235,1.39160,-0.08189,0.00619,-0.06237,0.00948,-0.15185,0.01281,-0.37349,0.88724,0,0.00003,0.00018,0.01178,0.42065,-0.12353,0.00576,-0.01554,1
4.3358,-0.21827,0.04140,-0.00114,-0.00019,-0.01157,0.00175,1.39160,-0.08175,0.00618,-0.06264,0.00953,-0.15125,0.01360,-0.37379,0.88723,0,0.00003,0.00018,0.01178,0.42065,-0.12353,0.00576,-0.01554,1
4.3378,-0.21827,0.04140,-0.00117,-0.00018,-0.01210,0.00104,1.39160,-0.08161,0.00616,-0.06292,0.00956,-0.15052,0.01451,-0.37405,0.88729,0,0.00003,0.00018,0.01178,0.42065,-0.12353,0.00576,-0.01554,1
4.3398,-0.21827,0.04140,-0.00119,-0.00018,-0.01275,0.00020,1.39160,-0.08147,0.00615,-0.06322,0.00957,-0.14965,0.01556,-0.37434,0.88733,0,0.00003,0.00018,0.01178,0.42065,-0.12353,0.00576,-0.01554,1
4.3418,-0.21827,0.04140,-0.00122,-0.00018,-0.01351,-0.00074,1.39160,-0.08132,0.00614,-0.06352,0.00957,-0.14867,0.01648,-0.37467,0.88736,0,0.00003,0.00018,0.01178,0.42065,-0.12353,0.00576,-0.01554,1
4.3438,-0.21827,0.04140,-0.00125,-0.00018,-0.01439,-0.00158,1.39160,-0.08118,0.00613,-0.06385,0.00955,-0.14755,0.01727,-0.37493,0.88739,0,0.00003,0.00018,0.01178,0.42065,-0.12353,0.00576,-0.01554,1
4.3459,-0.21827,0.04140,-0.00128,-0.00019,-0.01538,-0.00229,1.39160,-0.08104,0.00612,-0.06419,0.00952,-0.14630,0.01793,-0.37524,0.88743,0,0.00003,0.00018,0.01178,0.42065,-0.12353,0.00576,-0.01554,1
4.3479,-0.21827,0.04140,-0.00131,-0.00019,-0.01649,-0.00289,1.39160,-0.08090,0.00611,-0.06455,0.00947,-0.14519,0.01846,-0.37554,0.88744,0,0.00003,0.00018,0.01178,0.42065,-0.12353,0.00576,-0.01554,1
4.3499,-0.21827,0.04140,-0.00134,-0.00020,-0.01748,-0.00337,1.39160,-0.08075,0.00610,-0.06493,0.00941,-0.14420,0.01887,-0.37588,0.88750,0,0.00003,0.00018,0.01178,0.42065,-0.12353,0.00576,-0.01554,1
4.3519,-0.21827,0.04140,-0.00138,-0.00021,-0.01835,-0.00374,1.39160,-0.08061,0.00609,-0.06534,0.00935,-0.14334,0.01915,-0.37607,0.88755,0,0.00003,0.00018,0.01178,0.42065,-0.12353,0.00576,-0.01554,1
4.3539,-0.21827,0.04140,-0.00142,-0.00021,-0.01911,-0.00398,1.39160,-0.08047,0.00608,-0.06575,0.00927,-0.14260,0.01930,-0.37642,0.88755,0,0.00003,0.00018,0.01178,0.42065,-0.12353,0.00576,-0.01554,1
4.3559,-0.21827,0.04140,-0.00145,-0.00022,-0.01975,-0.00412,1.39160,-0.08033,0.00607,-0.06618,0.00920,-0.14200,0.01932,-0.37670,0.88762,0,0.00003,0.00018,0.01178,0.42065,-0.12353,0.00576,-0.01554,1
4.3579,-0.21827,0.04140,-0.00149,-0.00023,-0.02027,-0.00413,1.39160,-0.08018,0.00606,-0.06663,0.00912,-0.14152,0.01922,-0.37693,0.88768,0,0.00003,0.00018,0.01178,0.42065,-0.12353,0.00576,-0.01554,1
4.3599,-0.21827,0.04140,-0.00154,-0.00024,-0.02068,-0.00403,1.39160,-0.08004,0.00605,-0.06708,0.00904,-0.14117,0.01898,-0.37721,0.88768,0,0.00003,0.00018,0.01178,0.42065,-0.12353,0.00576,-0.01554,1
4.3619,-0.21827,0.04140,-0.00158,-0.00025,-0.02097,-0.00382,1.39160,-0.07990,0.00604,-0.06754,0.00897,-0.14095,0.01862,-0.37755,0.88771,0,0.00003,0.00018,0.01178,0.42065,-0.12353,0.00576,-0.01554,1
4.3639,-0.21827,0.04140,-0.00162,-0.00025,-0.02114,-0.00348,1.39160,-0.07975,0.00602,-0.06800,0.00890,-0.14086,0.01813,-0.37779,0.88775,0,0.00003,0.00018,0.01178,0.42065,-0.12353,0.00576,-0.01554,1
4.3659,-0.21827,0.04140,-0.00166,-0.00026,-0.02119,-0.00303,1.39160,-0.07961,0.00601,-0.06846,0.00884,-0.14090,0.01751,-0.37818,0.88773,0,0.00003,0.00018,0.01178,0.42065,-0.12353,0.00576,-0.01554,1
4.3679,-0.21827,0.04140,-0.00170,-0.00027,-0.02113,-0.00247,1.39160,-0.07947,0.00600,-0.06893,0.00879,-0.14106,0.01677,-0.37838,0.88779,0,0.00003,0.00018,0.01178,0.42065,-0.12353,0.00576,-0.01554,1
4.3699,-0.21827,0.04140,-0.00175,-0.00027,-0.02095,-0.00178,1.39160,-0.07932,0.00599,-0.06939,0.00875,-0.14135,0.01589,-0.37876,0.88780,0,0.00003,0.00018,0.01178,0.42065,-0.12353,0.00576,-0.01554,1
4.3719,-0.21827,0.04140,-0.00179,-0.00027,-0.02065,-0.00098,1.39160,-0.07918,0.00598,-0.06985,0.00873,-0.14177,0.01489,-0.37902,0.88782,0,0.00003,0.00018,0.01178,0.42065,-0.12353,0.00576,-0.01554,1
4.3740,-0.21827,0.04140,-0.00183,-0.00027,-0.02024,-0.00007,1.39160,-0.07904,0.00597,-0.07030,0.00872,-0.14232,0.01402,-0.37935,0.88786,0,0.00003,0.00018,0.01178,0.42065,-0.12353,0.00576,-0.01554,1
4.3760,-0.21827,0.04140,-0.00187,-0.00027,-0.01971,0.00073,1.39160,-0.07890,0.00596,-0.07074,0.00873,-0.14299,0.01327,-0.37965,0.88784,0,0.00003,0.00018,0.01178,0.42065,-0.12353,0.00576,-0.01554,1
4.3780,-0.21827,0.04140,-0.00191,-0.00027,-0.01906,0.00141,1.39160,-0.07875,0.00595,-0.07117,0.00876,-0.14379,0.01265,-0.37996,0.88789,0,0.00003,0.00018,0.01178,0.42065,-0.12353,0.00576,-0.01554,1
4.3800,-0.21827,0.04140,-0.00195,-0.00027,-0.01830,0.00198,1.39160,-0.07861,0.00594,-0.07158,0.00879,-0.14472,0.01216,-0.38029,0.88790,0,0.00003,0.00018,0.01178,0.42065,-0.12353,0.00576,-0.01554,1
4.3820,-0.21827,0.04140,-0.00198,-0.00026,-0.01742,0.00243,1.39160,-0.07847,0.00593,-0.07198,0.00884,-0.14578,0.01180,-0.38054,0.88795,0,0.00003,0.00018,0.01178,0.42065,-0.12353,0.00576,-0.01554,1
4.3840,-0.21827,0.04140,-0.00201,-0.00026,-0.01642,0.00276,1.39160,-0.07832,0.00592,-0.07236,0.00890,-0.14697,0.01157,-0.38091,0.88790,0,0.00003,0.00018,0.01178,0.42065,-0.12353,0.00576,-0.01554,1
4.3860,-0.21827,0.04140,-0.00205,-0.00025,-0.01530,0.00298,1.39160,-0.07818,0.00591,-0.07272,0.00896,-0.14829,0.01146,-0.38125,0.88791,0,0.00003,0.00018,0.01178,0.42065,-0.12353,0.00576,-0.01554,1
4.3880,-0.21827,0.04140,-0.00208,-0.00025,-0.01407,0.00308,1.39160,-0.07804,0.00590,-0.07305,0.00902,-0.14973,0.01148,-0.38147,0.88793,0,0.00003,0.00018,0.01178,0.42065,-0.12353,0.00576,-0.01554,1
4.3900,-0.21827,0.04140,-0.00210,-0.00024,-0.01272,0.00307,1.39160,-0.07790,0.00588,-0.07337,0.00908,-0.15126,0.01163,-0.38181,0.88800,0,0.00003,0.00018,0.01178,0.42065,-0.12353,0.00576,-0.01554,1
4.3920,-0.21827,0.04140,-0.00213,-0.00023,-0.01129,0.00293,1.39160,-0.07776,0.00587,-0.07365,0.00915,-0.15267,0.01191,-0.38216,0.88803,0,0.00003,0.00018,0.01178,0.42065,-0.12353,0.00576,-0.01554,1
4.3940,-0.21827,0.04140,-0.00215,-0.00023,-0.00997,0.00269,1.39160,-0.07761,0.00586,-0.07390,0.00921,-0.15395,0.01232,-0.38245,0.88806,0,0.00003,0.00018,0.01178,0.42065,-0.12353,0.00576,-0.01554,1
4.3960,-0.20786,0.04031,-0.00113,-0.00023,-0.00697,0.00251,1.38664,-0.07747,0.00585,-0.06085,0.00889,-0.15509,0.01285,-0.38270,0.88813,0,0.00059,-0.00018,0.01565,0.42206,-0.12813,0.00412,-0.01622,1
4.3980,-0.20786,0.04031,-0.00115,-0.00022,-0.00591,0.00202,1.38664,-0.07733,0.00584,-0.06102,0.00894,-0.15612,0.01351,-0.38303,0.88812,0,0.00059,-0.00018,0.01565,0.42206,-0.12813,0.00412,-0.01622,1
4.4000,-0.20786,0.04031,-0.00116,-0.00022,-0.00496,0.00143,1.38664,-0.07719,0.00583,-0.06117,0.00898,-0.15701,0.01430,-0.38339,0.88816,0,0.00059,-0.00018,0.01565,0.42206,-0.12813,0.00412,-0.01622,1
4.4020,-0.20786,0.04031,-0.00117,-0.00022,-0.00413,0.00071,1.38664,-0.07704,0.00582,-0.06131,0.00900,-0.15778,0.01497,-0.38364,0.88820,0,0.00059,-0.00018,0.01565,0.42206,-0.12813,0.00412,-0.01622,1
4.4040,-0.20786,0.04031,-0.00117,-0.00022,-0.00341,0.00011,1.38664,-0.07690,0.00581,-0.06143,0.00901,-0.15841,0.01550,-0.38402,0.88824,0,0.00059,-0.00018,0.01565,0.42206,-0.12813,0.00412,-0.01622,1
4.4060,-0.20786,0.04031,-0.00118,-0.00022,-0.00281,-0.00037,1.38664,-0.07676,0.00580,-0.06154,0.00901,-0.15892,0.01591,-0.38430,0.88829,0,0.00059,-0.00018,0.01565,0.42206,-0.12813,0.00412,-0.01622,1
4.4080,-0.20786,0.04031,-0.00118,-0.00022,-0.00232,-0.00073,1.38664,-0.07662,0.00579,-0.06163,0.00901,-0.15930,0.01618,-0.38457,0.88831,0,0.00059,-0.00018,0.01565,0.42206,-0.12813,0.00412,-0.01622,1
4.4100,-0.20786,0.04031,-0.00119,-0.00022,-0.00196,-0.00098,1.38664,-0.07647,0.00578,-0.06172,0.00899,-0.15956,0.01633,-0.38490,0.88836,0,0.00059,-0.00018,0.01565,0.42206,-0.12813,0.00412,-0.01622,1
4.4121,-0.20786,0.04031,-0.00119,-0.00022,-0.00170,-0.00111,1.38664,-0.07633,0.00577,-0.06180,0.00897,-0.15968,0.01636,-0.38522,0.88839,0,0.00059,-0.00018,0.01565,0.42206,-0.12813,0.00412,-0.01622,1
4.4141,-0.20786,0.04031,-0.00120,-0.00022,-0.00157,-0.00113,1.38664,-0.07619,0.00576,-0.06188,0.00896,-0.15968,0.01625,-0.38550,0.88845,0,0.00059,-0.00018,0.01565,0.42206,-0.12813,0.00412,-0.01622,1
4.4161,-0.20786,0.04031,-0.00120,-0.00023,-0.00155,-0.00103,1.38664,-0.07605,0.00574,-0.06196,0.00894,-0.15955,0.01602,-0.38582,0.88849,0,0.00059,-0.00018,0.01565,0.42206,-0.12813,0.00412,-0.01622,1
4.4181,-0.20786,0.04031,-0.00120,-0.00023,-0.00165,-0.00081,1.38664,-0.07590,0.00573,-0.06203,0.00892,-0.15929,0.01565,-0.38616,0.88851,0,0.00059,-0.00018,0.01565,0.42206,-0.12813,0.00412,-0.01622,1
4.4201,-0.20786,0.04031,-0.00121,-0.00023,-0.00186,-0.00048,1.38664,-0.07576,0.00572,-0.06211,0.00891,-0.15890,0.01516,-0.38642,0.88853,0,0.00059,-0.00018,0.01565,0.42206,-0.12813,0.00412,-0.01622,1
4.4221,-0.20786,0.04031,-0.00121,-0.00023,-0.00219,-0.00003,1.38664,-0.07561,0.00571,-0.06220,0.00891,-0.15839,0.01462,-0.38677,0.88858,0,0.00059,-0.00018,0.01565,0.42206,-0.12813,0.00412,-0.01622,1
4.4241,-0.20786,0.04031,-0.00121,-0.00023,-0.00264,0.00046,1.38664,-0.07547,0.00570,-0.06229,0.00892,-0.15775,0.01421,-0.38705,0.88862,0,0.00059,-0.00018,0.01565,0.42206,-0.12813,0.00412,-0.01622,1
4.4262,-0.20786,0.04031,-0.00122,-0.00023,-0.00320,0.00084,1.38664,-0.07533,0.00569,-0.06240,0.00894,-0.15698,0.01393,-0.38734,0.88864,0,0.00059,-0.00018,0.01565,0.42206,-0.12813,0.00412,-0.01622,1
4.4282,-0.20786,0.04031,-0.00123,-0.00023,-0.00388,0.00110,1.38664,-0.07519,0.00568,-0.06251,0.00896,-0.15608,0.01377,-0.38770,0.88865,0,0.00059,-0.00018,0.01565,0.42206,-0.12813,0.00412,-0.01622,1
4.4302,-0.20786,0.04031,-0.00124,-0.00022,-0.00467,0.00125,1.38664,-0.07504,0.00567,-0.06264,0.00899,-0.15505,0.01375,-0.38797,0.88869,0,0.00059,-0.00018,0.01565,0.42206,-0.12813,0.00412,-0.01622,1
4.4322,-0.20786,0.04031,-0.00125,-0.00022,-0.00558,0.00128,1.38664,-0.07490,0.00566,-0.06279,0.00901,-0.15390,0.01385,-0.38829,0.88873,0,0.00059,-0.00018,0.01565,0.42206,-0.12813,0.00412,-0.01622,1
4.4342,-0.20786,0.04031,-0.00126,-0.00022,-0.00661,0.00119,1.38664,-0.07476,0.00565,-0.06295,0.00904,-0.15261,0.01408,-0.38855,0.88874,0,0.00059,-0.00018,0.01565,0.42206,-0.12813,0.00412,-0.01622,1
4.4362,-0.20786,0.04031,-0.00127,-0.00022,-0.00775,0.00099,1.38664,-0.07462,0.00564,-0.06314,0.00907,-0.15120,0.01443,-0.38888,0.88876,0,0.00059,-0.00018,0.01565,0.42206,-0.12813,0.00412,-0.01622,1
4.4382,-0.20786,0.04031,-0.00129,-0.00022,-0.00901,0.00067,1.38664,-0.07448,0.00563,-0.06335,0.00909,-0.14967,0.01471,-0.38912,0.88880,0,0.00059,-0.00018,0.01565,0.42206,-0.12813,0.00412,-0.01622,1
4.4402,-0.20786,0.04031,-0.00131,-0.00021,-0.01039,0.00042,1.38664,-0.07433,0.00562,-0.06358,0.00910,-0.14807,0.01486,-0.38943,0.88883,0,0.00059,-0.00018,0.01565,0.42206,-0.12813,0.00412,-0.01622,1
4.4422,-0.20786,0.04031,-0.00133,-0.00021,-0.01182,0.00028,1.38664,-0.07419,0.00560,-0.06385,0.00911,-0.14647,0.01489,-0.38968,0.88884,0,0.00059,-0.00018,0.01565,0.42206,-0.12813,0.00412,-0.01622,1
4.4442,-0.20786,0.04031,-0.00136,-0.00021,-0.01325,0.00026,1.38664,-0.07405,0.00559,-0.06414,0.00912,-0.14487,0.01478,-0.38995,0.88892,0,0.00059,-0.00018,0.01565,0.42206,-0.12813,0.00412,-0.01622,1
4.4462,-0.20786,0.04031,-0.00138,-0.00021,-0.01468,0.00036,1.38664,-0.07391,0.00558,-0.06446,0.00913,-0.14327,0.01471,-0.39019,0.88897,0,0.00059,-0.00018,0.01565,0.42206,-0.12813,0.00412,-0.01622,1
4.4482,-0.20786,0.04031,-0.00142,-0.00021,-0.01611,0.00043,1.38664,-0.07376,0.00557,-0.06480,0.00914,-0.14167,0.01471,-0.39051,0.88898,0,0.00059,-0.00018,0.01565,0.42206,-0.12813,0.00412,-0.01622,1
4.4502,-0.20786,0.04031,-0.00145,-0.00021,-0.01754,0.00044,1.38664,-0.07362,0.00556,-0.06518,0.00915,-0.14007,0.01471,-0.39078,0.88904,0,0.00059,-0.00018,0.01565,0.42206,-0.12813,0.00412,-0.01622,1
4.4522,-0.20786,0.04031,-0.00149,-0.00021,-0.01896,0.00044,1.38664,-0.07348,0.00555,-0.06558,0.00916,-0.13859,0.01471,-0.39106,0.88904,0,0.00059,-0.00018,0.01565,0.42206,-0.12813,0.00412,-0.01622,1
4.4542,-0.20786,0.04031,-0.00152,-0.00021,-0.02028,0.00044,1.38664,-0.07333,0.00554,-0.06601,0.00918,-0.13725,0.01472,-0.39136,0.88907,0,0.00059,-0.00018,0.01565,0.42206,-0.12813,0.00412,-0.01622,1
4.4562,-0.20786,0.04031,-0.00157,-0.00021,-0.02147,0.00044,1.38664,-0.07319,0.00553,-0.06647,0.00919,-0.13603,0.01472,-0.39162,0.88914,0,0.00059,-0.00018,0.01565,0.42206,-0.12813,0.00412,-0.01622,1
4.4582,-0.20786,0.04031,-0.00161,-0.00021,-0.02255,0.00045,1.38664,-0.07305,0.00552,-0.06694,0.00920,-0.13495,0.01472,-0.39189,0.88912,0,0.00059,-0.00018,0.01565,0.42206,-0.12813,0.00412,-0.01622,1
4.4602,-0.19903,0.03580,-0.00021,0.00054,-0.01781,0.00335,1.40423,-0.07291,0.00551,-0.05053,0.01520,-0.13373,0.01485,-0.39217,0.88915,0,0.00144,0.00114,0.01277,0.42454,-0.12341,0.00158,-0.01247,1
4.4622,-0.19903,0.03580,-0.00024,0.00055,-0.01891,0.00322,1.40423,-0.07276,0.00550,-0.05093,0.01527,-0.13239,0.01510,-0.39245,0.88920,0,0.00144,0.00114,0.01277,0.42454,-0.12341,0.00158,-0.01247,1
4.4642,-0.19903,0.03580,-0.00028,0.00055,-0.02012,0.00298,1.40423,-0.07262,0.00549,-0.05136,0.01533,-0.13091,0.01549,-0.39272,0.88919,0,0.00144,0.00114,0.01277,0.42454,-0.12341,0.00158,-0.01247,1
4.4662,-0.19903,0.03580,-0.00032,0.00056,-0.02145,0.00262,1.40423,-0.07248,0.00548,-0.05181,0.01539,-0.12931,0.01600,-0.39299,0.88923,0,0.00144,0.00114,0.01277,0.42454,-0.12341,0.00158,-0.01247,1
4.4682,-0.19903,0.03580,-0.00037,0.00056,-0.02290,0.00214,1.40423,-0.07234,0.00546,-0.05229,0.01544,-0.12771,0.01664,-0.39331,0.88924,0,0.00144,0.00114,0.01277,0.42454,-0.12341,0.00158,-0.01247,1
4.4702,-0.19903,0.03580,-0.00042,0.00057,-0.02435,0.00155,1.40423,-0.07219,0.00545,-0.05280,0.01548,-0.12611,0.01741,-0.39357,0.88928,0,0.00144,0.00114,0.01277,0.42454,-0.12341,0.00158,-0.01247,1
4.4723,-0.19903,0.03580,-0.00047,0.00057,-0.02580,0.00084,1.40423,-0.07205,0.00544,-0.05334,0.01551,-0.12464,0.01831,-0.39382,0.88930,0,0.00144,0.00114,0.01277,0.42454,-0.12341,0.00158,-0.01247,1
4.4742,-0.19903,0.03580,-0.00052,0.00057,-0.02712,0.00001,1.40423,-0.07191,0.00543,-0.05390,0.01552,-0.12330,0.01934,-0.39411,0.88932,0,0.00144,0.00114,0.01277,0.42454,-0.12341,0.00158,-0.01247,1
4.4763,-0.19903,0.03580,-0.00057,0.00057,-0.02834,-0.00093,1.40423,-0.07177,0.00542,-0.05449,0.01551,-0.12208,0.02049,-0.39435,0.88938,0,0.00144,0.00114,0.01277,0.42454,-0.12341,0.00158,-0.01247,1
4.4783,-0.19903,0.03580,-0.00063,0.00057,-0.02943,-0.00199,1.40423,-0.07162,0.00541,-0.05510,0.01549,-0.12099,0.02152,-0.39456,0.88944,0,0.00144,0.00114,0.01277,0.42454,-0.12341,0.00158,-0.01247,1
4.4803,-0.19903,0.03580,-0.00069,0.00056,-0.03041,-0.00293,1.40423,-0.07148,0.00540,-0.05573,0.01544,-0.12003,0.02241,-0.39480,0.88948,0,0.00144,0.00114,0.01277,0.42454,-0.12341,0.00158,-0.01247,1
4.4823,-0.19903,0.03580,-0.00075,0.00055,-0.03126,-0.00376,1.40423,-0.07134,0.00539,-0.05638,0.01538,-0.11920,0.02318,-0.39502,0.88955,0,0.00144,0.00114,0.01277,0.42454,-0.12341,0.00158,-0.01247,1
4.4843,-0.19903,0.03580,-0.00082,0.00055,-0.03201,-0.00447,1.40423,-0.07120,0.00538,-0.05705,0.01530,-0.11850,0.02382,-0.39527,0.88960,0,0.00144,0.00114,0.01277,0.42454,-0.12341,0.00158,-0.01247,1
4.4863,-0.19903,0.03580,-0.00088,0.00054,-0.03263,-0.00506,1.40423,-0.07106,0.00537,-0.05773,0.01521,-0.11792,0.02434,-0.39548,0.88963,0,0.00144,0.00114,0.01277,0.42454,-0.12341,0.00158,-0.01247,1
4.4883,-0.19903,0.03580,-0.00095,0.00053,-0.03314,-0.00554,1.40423,-0.07091,0.00536,-0.05842,0.01511,-0.11747,0.02472,-0.39580,0.88967,0,0.00144,0.00114,0.01277,0.42454,-0.12341,0.00158,-0.01247,1
4.4903,-0.19903,0.03580,-0.00101,0.00051,-0.03353,-0.00590,1.40423,-0.07077,0.00535,-0.05911,0.01500,-0.11715,0.02498,-0.39601,0.88972,0,0.00144,0.00114,0.01277,0.42454,-0.12341,0.00158,-0.01247,1
4.4923,-0.19903,0.03580,-0.00108,0.00050,-0.03380,-0.00614,1.40423,-0.07063,0.00534,-0.05982,0.01489,-0.11696,0.02511,-0.39622,0.88981,0,0.00144,0.00114,0.01277,0.42454,-0.12341,0.00158,-0.01247,1
4.4943,-0.19903,0.03580,-0.00115,0.00049,-0.03395,-0.00626,1.40423,-0.07049,0.00532,-0.06053,0.01477,-0.11690,0.02511,-0.39647,0.88984,0,0.00144,0.00114,0.01277,0.42454,-0.12341,0.00158,-0.01247,1
4.4963,-0.19903,0.03580,-0.00122,0.00048,-0.03399,-0.00627,1.40423,-0.07034,0.00531,-0.06124,0.01465,-0.11696,0.02498,-0.39670,0.88989,0,0.00144,0.00114,0.01277,0.42454,-0.12341,0.00158,-0.01247,1
4.4983,-0.19903,0.03580,-0.00128,0.00046,-0.03391,-0.00617,1.40423,-0.07020,0.00530,-0.06195,0.01453,-0.11715,0.02473,-0.39692,0.88994,0,0.00144,0.00114,0.01277,0.42454,-0.12341,0.00158,-0.01247,1
4.5003,-0.19903,0.03580,-0.00135,0.00045,-0.03371,-0.00594,1.40423,-0.07006,0.00529,-0.06266,0.01441,-0.11747,0.02435,-0.39718,0.88998,0,0.00144,0.00114,0.01277,0.42454,-0.12341,0.00158,-0.01247,1
4.5023,-0.19903,0.03580,-0.00142,0.00044,-0.03339,-0.00560,1.40423,-0.06992,0.00528,-0.06336,0.01430,-0.11792,0.02384,-0.39743,0.89003,0,0.00144,0.00114,0.01277,0.42454,-0.12341,0.00158,-0.01247,1
4.5043,-0.19903,0.03580,-0.00149,0.00043,-0.03296,-0.00515,1.40423,-0.06978,0.00527,-0.06405,0.01420,-0.11850,0.02320,-0.39769,0.89004,0,0.00144,0.00114,0.01277,0.42454,-0.12341,0.00158,-0.01247,1
4.5063,-0.19903,0.03580,-0.00155,0.00042,-0.03240,-0.00457,1.40423,-0.06963,0.00526,-0.06474,0.01411,-0.11920,0.02243,-0.39797,0.89006,0,0.00144,0.00114,0.01277,0.42454,-0.12341,0.00158,-0.01247,1
4.5083,-0.19903,0.03580,-0.00161,0.00041,-0.03174,-0.00388,1.40423,-0.06949,0.00525,-0.06541,0.01403,-0.12003,0.02154,-0.39823,0.89012,0,0.00144,0.00114,0.01277,0.42454,-0.12341,0.00158,-0.01247,1
4.5103,-0.19903,0.03580,-0.00168,0.00041,-0.03095,-0.00308,1.40423,-0.06935,0.00524,-0.06607,0.01396,-0.12099,0.02051,-0.39837,0.89021,0,0.00144,0.00114,0.01277,0.42454,-0.12341,0.00158,-0.01247,1
4.5123,-0.19903,0.03580,-0.00174,0.00040,-0.03004,-0.00216,1.40423,-0.06921,0.00523,-0.06671,0.01391,-0.12208,0.01936,-0.39874,0.89018,0,0.00144,0.00114,0.01277,0.42454,-0.12341,0.00158,-0.01247,1
4.5143,-0.19903,0.03580,-0.00180,0.00040,-0.02902,-0.00112,1.40423,-0.06906,0.00522,-0.06733,0.01388,-0.12330,0.01834,-0.39902,0.89021,0,0.00144,0.00114,0.01277,0.42454,-0.12341,0.00158,-0.01247,1
4.5163,-0.19903,0.03580,-0.00185,0.00040,-0.02788,-0.00019,1.40423,-0.06892,0.00521,-0.06794,0.01387,-0.12464,0.01744,-0.39927,0.89024,0,0.00144,0.00114,0.01277,0.42454,-0.12341,0.00158,-0.01247,1
4.5183,-0.19903,0.03580,-0.00191,0.00040,-0.02663,0.00061,1.40423,-0.06878,0.00520,-0.06851,0.01388,-0.12611,0.01668,-0.39956,0.89028,0,0.00144,0.00114,0.01277,0.42454,-0.12341,0.00158,-0.01247,1
4.5203,-0.19903,0.03580,-0.00196,0.00040,-0.02525,0.00130,1.40423,-0.06864,0.00518,-0.06907,0.01390,-0.12771,0.01604,-0.39979,0.89032,0,0.00144,0.00114,0.01277,0.42454,-0.12341,0.00158,-0.01247,1
4.5223,-0.19903,0.03580,-0.00201,0.00040,-0.02376,0.00188,1.40423,-0.06850,0.00517,-0.06959,0.01394,-0.12931,0.01553,-0.40007,0.89036,0,0.00144,0.00114,0.01277,0.42454,-0.12341,0.00158,-0.01247,1
4.5243,-0.19903,0.03580,-0.00206,0.00041,-0.02227,0.00233,1.40423,-0.06835,0.00516,-0.07008,0.01398,-0.13091,0.01515,-0.40035,0.89038,0,0.00144,0.00114,0.01277,0.42454,-0.12341,0.00158,-0.01247,1
4.5263,-0.19056,0.03496,0.00030,0.00076,-0.01449,0.00300,1.41960,-0.06821,0.00515,-0.04443,0.01724,-0.13239,0.01489,-0.40060,0.89039,0,0.00377,0.00129,0.01728,0.42357,-0.12898,0.00212,-0.01596,1
4.5283,-0.19056,0.03496,0.00027,0.00077,-0.01315,0.00322,1.41960,-0.06807,0.00514,-0.04474,0.01731,-0.13373,0.01476,-0.40087,0.89045,0,0.00377,0.00129,0.01728,0.42357,-0.12898,0.00212,-0.01596,1
4.5303,-0.19056,0.03496,0.00024,0.00077,-0.01193,0.00332,1.41960,-0.06792,0.00513,-0.04503,0.01737,-0.13495,0.01477,-0.40114,0.89050,0,0.00377,0.00129,0.01728,0.42357,-0.12898,0.00212,-0.01596,1
4.5323,-0.19056,0.03496,0.00022,0.00078,-0.01083,0.00331,1.41960,-0.06778,0.00512,-0.04529,0.01744,-0.13603,0.01489,-0.40140,0.89050,0,0.00377,0.00129,0.01728,0.42357,-0.12898,0.00212,-0.01596,1
4.5343,-0.19056,0.03496,0.00020,0.00079,-0.00985,0.00318,1.41960,-0.06764,0.00511,-0.04554,0.01751,-0.13699,0.01515,-0.40169,0.89050,0,0.00377,0.00129,0.01728,0.42357,-0.12898,0.00212,-0.01596,1
4.5363,-0.19056,0.03496,0.00018,0.00079,-0.00898,0.00293,1.41960,-0.06750,0.00510,-0.04576,0.01757,-0.13783,0.01554,-0.40194,0.89059,0,0.00377,0.00129,0.01728,0.42357,-0.12898,0.00212,-0.01596,1
4.5383,-0.19056,0.03496,0.00016,0.00080,-0.00822,0.00256,1.41960,-0.06735,0.00509,-0.04597,0.01763,-0.13853,0.01605,-0.40219,0.89064,0,0.00377,0.00129,0.01728,0.42357,-0.12898,0.00212,-0.01596,1
4.5403,-0.19056,0.03496,0.00015,0.00080,-0.00759,0.00208,1.41960,-0.06721,0.00508,-0.04617,0.01768,-0.13911,0.01669,-0.40247,0.89069,0,0.00377,0.00129,0.01728,0.42357,-0.12898,0.00212,-0.01596,1
4.5423,-0.19056,0.03496,0.00013,0.00081,-0.00707,0.00148,1.41960,-0.06707,0.00507,-0.04635,0.01772,-0.13955,0.01746,-0.40277,0.89065,0,0.00377,0.00129,0.01728,0.42357,-0.12898,0.00212,-0.01596,1
4.5443,-0.19056,0.03496,0.00012,0.00081,-0.00666,0.00077,1.41960,-0.06693,0.00506,-0.04653,0.01774,-0.13987,0.01836,-0.40303,0.89066,0,0.00377,0.00129,0.01728,0.42357,-0.12898,0.00212,-0.01596,1
4.5463,-0.19056,0.03496,0.00011,0.00081,-0.00637,-0.00006,1.41960,-0.06679,0.00505,-0.04670,0.01775,-0.14007,0.01938,-0.40325,0.89074,0,0.00377,0.00129,0.01728,0.42357,-0.12898,0.00212,-0.01596,1
4.5483,-0.19056,0.03496,0.00010,0.00081,-0.00620,-0.00101,1.41960,-0.06664,0.00503,-0.04686,0.01774,-0.14013,0.02054,-0.40357,0.89075,0,0.00377,0.00129,0.01728,0.42357,-0.12898,0.00212,-0.01596,1
4.5504,-0.19056,0.03496,0.00008,0.00081,-0.00614,-0.00207,1.41960,-0.06650,0.00502,-0.04702,0.01772,-0.14007,0.02182,-0.40380,0.89079,0,0.00377,0.00129,0.01728,0.42357,-0.12898,0.00212,-0.01596,1
4.5524,-0.19056,0.03496,0.00007,0.00080,-0.00620,-0.00325,1.41960,-0.06636,0.00501,-0.04718,0.01767,-0.13987,0.02297,-0.40406,0.89082,0,0.00377,0.00129,0.01728,0.42357,-0.12898,0.00212,-0.01596,1
4.5544,-0.19056,0.03496,0.00006,0.00079,-0.00638,-0.00431,1.41960,-0.06621,0.00500,-0.04735,0.01760,-0.13955,0.02400,-0.40436,0.89086,0,0.00377,0.00129,0.01728,0.42357,-0.12898,0.00212,-0.01596,1
4.5564,-0.19056,0.03496,0.00004,0.00078,-0.00667,-0.00526,1.41960,-0.06607,0.00499,-0.04752,0.01751,-0.13911,0.02489,-0.40458,0.89096,0,0.00377,0.00129,0.01728,0.42357,-0.12898,0.00212,-0.01596,1
4.5584,-0.19056,0.03496,0.00003,0.00077,-0.00708,-0.00609,1.41960,-0.06593,0.00498,-0.04769,0.01740,-0.13853,0.02566,-0.40487,0.89101,0,0.00377,0.00129,0.01728,0.42357,-0.12898,0.00212,-0.01596,1
4.5604,-0.19056,0.03496,0.00002,0.00076,-0.00760,-0.00680,1.41960,-0.06578,0.00497,-0.04787,0.01727,-0.13783,0.02631,-0.40515,0.89103,0,0.00377,0.00129,0.01728,0.42357,-0.12898,0.00212,-0.01596,1
4.5624,-0.19056,0.03496,0.00000,0.00075,-0.00824,-0.00740,1.41960,-0.06564,0.00496,-0.04807,0.01714,-0.13699,0.02682,-0.40541,0.89109,0,0.00377,0.00129,0.01728,0.42357,-0.12898,0.00212,-0.01596,1
4.5644,-0.19056,0.03496,-0.00002,0.00073,-0.00900,-0.00787,1.41960,-0.06550,0.00495,-0.04828,0.01699,-0.13603,0.02720,-0.40561,0.89118,0,0.00377,0.00129,0.01728,0.42357,-0.12898,0.00212,-0.01596,1
4.5664,-0.19056,0.03496,-0.00004,0.00071,-0.00987,-0.00824,1.41960,-0.06536,0.00494,-0.04850,0.01683,-0.13495,0.02746,-0.40595,0.89119,0,0.00377,0.00129,0.01728,0.42357,-0.12898,0.00212,-0.01596,1
4.5684,-0.19056,0.03496,-0.00006,0.00070,-0.01086,-0.00848,1.41960,-0.06521,0.00493,-0.04875,0.01667,-0.13373,0.02759,-0.40619,0.89126,0,0.00377,0.00129,0.01728,0.42357,-0.12898,0.00212,-0.01596,1
4.5704,-0.19056,0.03496,-0.00008,0.00068,-0.01196,-0.00861,1.41960,-0.06507,0.00492,-0.04901,0.01651,-0.13239,0.02759,-0.40647,0.89131,0,0.00377,0.00129,0.01728,0.42357,-0.12898,0.00212,-0.01596,1
4.5724,-0.19056,0.03496,-0.00010,0.00066,-0.01318,-0.00863,1.41960,-0.06493,0.00490,-0.04930,0.01634,-0.13091,0.02747,-0.40678,0.89133,0,0.00377,0.00129,0.01728,0.42357,-0.12898,0.00212,-0.01596,1
4.5744,-0.19056,0.03496,-0.00013,0.00065,-0.01452,-0.00852,1.41960,-0.06479,0.00489,-0.04961,0.01617,-0.12931,0.02721,-0.40702,0.89136,0,0.00377,0.00129,0.01728,0.42357,-0.12898,0.00212,-0.01596,1
4.5765,-0.19056,0.03496,-0.00016,0.00063,-0.01597,-0.00830,1.41960,-0.06464,0.00488,-0.04995,0.01601,-0.12771,0.02683,-0.40728,0.89142,0,0.00377,0.00129,0.01728,0.42357,-0.12898,0.00212,-0.01596,1
4.5785,-0.19056,0.03496,-0.00020,0.00061,-0.01742,-0.00797,1.41960,-0.06450,0.00487,-0.05032,0.01585,-0.12611,0.02632,-0.40749,0.89151,0,0.00377,0.00129,0.01728,0.42357,-0.12898,0.00212,-0.01596,1
4.5805,-0.19056,0.03496,-0.00023,0.00060,-0.01887,-0.00751,1.41960,-0.06436,0.00486,-0.05071,0.01570,-0.12451,0.02568,-0.40778,0.89153,0,0.00377,0.00129,0.01728,0.42357,-0.12898,0.00212,-0.01596,1
4.5825,-0.19056,0.03496,-0.00027,0.00058,-0.02032,-0.00694,1.41960,-0.06421,0.00485,-0.05114,0.01557,-0.12291,0.02491,-0.40797,0.89159,0,0.00377,0.00129,0.01728,0.42357,-0.12898,0.00212,-0.01596,1
4.5845,-0.19056,0.03496,-0.00031,0.00057,-0.02177,-0.00625,1.41960,-0.06407,0.00484,-0.05159,0.01544,-0.12131,0.02402,-0.40826,0.89163,0,0.00377,0.00129,0.01728,0.42357,-0.12898,0.00212,-0.01596,1
4.5865,-0.19056,0.03496,-0.00036,0.00056,-0.02321,-0.00545,1.41960,-0.06393,0.00483,-0.05207,0.01533,-0.11971,0.02299,-0.40849,0.89168,0,0.00377,0.00129,0.01728,0.42357,-0.12898,0.00212,-0.01596,1
4.5885,-0.19056,0.03496,-0.00041,0.00055,-0.02466,-0.00453,1.41960,-0.06379,0.00482,-0.05258,0.01523,-0.11811,0.02184,-0.40876,0.89174,0,0.00377,0.00129,0.01728,0.42357,-0.12898,0.00212,-0.01596,1
4.5905,-0.19056,0.03496,-0.00046,0.00054,-0.02611,-0.00349,1.41960,-0.06364,0.00481,-0.05312,0.01515,-0.11664,0.02057,-0.40899,0.89176,0,0.00377,0.00129,0.01728,0.42357,-0.12898,0.00212,-0.01596,1
4.5925,-0.19056,0.03496,-0.00051,0.00053,-0.02744,-0.00234,1.41960,-0.06350,0.00480,-0.05368,0.01510,-0.11530,0.01941,-0.40924,0.89181,0,0.00377,0.00129,0.01728,0.42357,-0.12898,0.00212,-0.01596,1
4.5945,-0.19056,0.03496,-0.00057,0.00053,-0.02865,-0.00131,1.41960,-0.06336,0.00479,-0.05427,0.01507,-0.11408,0.01839,-0.40943,0.89188,0,0.00377,0.00129,0.01728,0.42357,-0.12898,0.00212,-0.01596,1
4.5965,-0.18303,0.03470,0.00200,0.00157,-0.01987,0.00143,1.43824,-0.06322,0.00478,-0.02679,0.02525,-0.11274,0.01750,-0.40969,0.89193,0,0.00480,0.00280,0.01493,0.42070,-0.12712,0.00534,-0.01550,1
4.5985,-0.18303,0.03470,0.00196,0.00158,-0.02112,0.00222,1.43824,-0.06307,0.00476,-0.02723,0.02529,-0.11127,0.01673,-0.40994,0.89196,0,0.00480,0.00280,0.01493,0.42070,-0.12712,0.00534,-0.01550,1
4.6005,-0.18303,0.03470,0.00192,0.00158,-0.02250,0.00288,1.43824,-0.06293,0.00475,-0.02769,0.02534,-0.10967,0.01609,-0.41020,0.89197,0,0.00480,0.00280,0.01493,0.42070,-0.12712,0.00534,-0.01550,1
4.6026,-0.18303,0.03470,0.00187,0.00159,-0.02398,0.00344,1.43824,-0.06279,0.00474,-0.02819,0.02541,-0.10807,0.01558,-0.41039,0.89201,0,0.00480,0.00280,0.01493,0.42070,-0.12712,0.00534,-0.01550,1
4.6046,-0.18303,0.03470,0.00182,0.00160,-0.02547,0.00387,1.43824,-0.06264,0.00473,-0.02871,0.02548,-0.10647,0.01520,-0.41060,0.89208,0,0.00480,0.00280,0.01493,0.42070,-0.12712,0.00534,-0.01550,1
4.6066,-0.18303,0.03470,0.00177,0.00160,-0.02696,0.00419,1.43824,-0.06250,0.00472,-0.02927,0.02556,-0.10487,0.01494,-0.41081,0.89212,0,0.00480,0.00280,0.01493,0.42070,-0.12712,0.00534,-0.01550,1
4.6086,-0.18303,0.03470,0.00171,0.00161,-0.02844,0.00439,1.43824,-0.06236,0.00471,-0.02985,0.02565,-0.10327,0.01482,-0.41106,0.89212,0,0.00480,0.00280,0.01493,0.42070,-0.12712,0.00534,-0.01550,1
4.6106,-0.18303,0.03470,0.00165,0.00162,-0.02992,0.00448,1.43824,-0.06222,0.00470,-0.03046,0.02574,-0.10167,0.01482,-0.41123,0.89219,0,0.00480,0.00280,0.01493,0.42070,-0.12712,0.00534,-0.01550,1
4.6126,-0.18303,0.03470,0.00159,0.00163,-0.03141,0.00445,1.43824,-0.06208,0.00469,-0.03110,0.02583,-0.10007,0.01495,-0.41143,0.89223,0,0.00480,0.00280,0.01493,0.42070,-0.12712,0.00534,-0.01550,1
4.6146,-0.18303,0.03470,0.00153,0.00164,-0.03289,0.00430,1.43824,-0.06193,0.00468,-0.03177,0.02592,-0.09847,0.01520,-0.41162,0.89226,0,0.00480,0.00280,0.01493,0.42070,-0.12712,0.00534,-0.01550,1
4.6166,-0.18303,0.03470,0.00146,0.00165,-0.03437,0.00404,1.43824,-0.06179,0.00467,-0.03247,0.02601,-0.09687,0.01559,-0.41183,0.89231,0,0.00480,0.00280,0.01493,0.42070,-0.12712,0.00534,-0.01550,1
4.6186,-0.18303,0.03470,0.00139,0.00165,-0.03585,0.00366,1.43824,-0.06165,0.00466,-0.03320,0.02609,-0.09527,0.01610,-0.41204,0.89236,0,0.00480,0.00280,0.01493,0.42070,-0.12712,0.00534,-0.01550,1
4.6206,-0.18303,0.03470,0.00132,0.00166,-0.03733,0.00316,1.43824,-0.06151,0.00465,-0.03396,0.02616,-0.09379,0.01674,-0.41220,0.89238,0,0.00480,0.00280,0.01493,0.42070,-0.12712,0.00534,-0.01550,1
4.6226,-0.18303,0.03470,0.00124,0.00167,-0.03869,0.00255,1.43824,-0.06136,0.00464,-0.03474,0.02621,-0.09245,0.01751,-0.41243,0.89244,0,0.00480,0.00280,0.01493,0.42070,-0.12712,0.00534,-0.01550,1
4.6246,-0.18303,0.03470,0.00116,0.00167,-0.03993,0.00182,1.43824,-0.06122,0.00462,-0.03555,0.02626,-0.09123,0.01841,-0.41262,0.89246,0,0.00480,0.00280,0.01493,0.42070,-0.12712,0.00534,-0.01550,1
4.6266,-0.18303,0.03470,0.00108,0.00167,-0.04105,0.00098,1.43824,-0.06108,0.00461,-0.03638,0.02629,-0.09015,0.01944,-0.41278,0.89249,0,0.00480,0.00280,0.01493,0.42070,-0.12712,0.00534,-0.01550,1
4.6286,-0.18303,0.03470,0.00100,0.00168,-0.04206,0.00001,1.43824,-0.06094,0.00460,-0.03724,0.02630,-0.08919,0.02059,-0.41297,0.89254,0,0.00480,0.00280,0.01493,0.42070,-0.12712,0.00534,-0.01550,1
4.6306,-0.18303,0.03470,0.00091,0.00167,-0.04295,-0.00106,1.43824,-0.06079,0.00459,-0.03811,0.02630,-0.08835,0.02187,-0.41320,0.89255,0,0.00480,0.00280,0.01493,0.42070,-0.12712,0.00534,-0.01550,1
4.6326,-0.18303,0.03470,0.00083,0.00167,-0.04372,-0.00226,1.43824,-0.06065,0.00458,-0.03900,0.02627,-0.08765,0.02328,-0.41338,0.89258,0,0.00480,0.00280,0.01493,0.42070,-0.12712,0.00534,-0.01550,1
4.6346,-0.18303,0.03470,0.00074,0.00167,-0.04437,-0.00357,1.43824,-0.06051,0.00457,-0.03990,0.02621,-0.08707,0.02482,-0.41355,0.89263,0,0.00480,0.00280,0.01493,0.42070,-0.12712,0.00534,-0.01550,1
4.6366,-0.18303,0.03470,0.00065,0.00166,-0.04491,-0.00500,1.43824,-0.06037,0.00456,-0.04082,0.02613,-0.08663,0.02642,-0.41368,0.89270,0,0.00480,0.00280,0.01493,0.42070,-0.12712,0.00534,-0.01550,1
4.6386,-0.18303,0.03470,0.00056,0.00165,-0.04532,-0.00648,1.43824,-0.06023,0.00455,-0.04174,0.02602,-0.08631,0.02802,-0.41386,0.89277,0,0.00480,0.00280,0.01493,0.42070,-0.12712,0.00534,-0.01550,1
4.6406,-0.18303,0.03470,0.00047,0.00163,-0.04562,-0.00796,1.43824,-0.06008,0.00454,-0.04267,0.02588,-0.08611,0.02962,-0.41409,0.89280,0,0.00480,0.00280,0.01493,0.42070,-0.12712,0.00534,-0.01550,1
4.6426,-0.18303,0.03470,0.00038,0.00161,-0.04580,-0.00945,1.43824,-0.05994,0.00453,-0.04361,0.02571,-0.08605,0.03109,-0.41425,0.89287,0,0.00480,0.00280,0.01493,0.42070,-0.12712,0.00534,-0.01550,1
4.6446,-0.18303,0.03470,0.00029,0.00159,-0.04587,-0.01081,1.43824,-0.05980,0.00452,-0.04455,0.02551,-0.08611,0.03243,-0.41444,0.89291,0,0.00480,0.00280,0.01493,0.42070,-0.12712,0.00534,-0.01550,1
4.6466,-0.18303,0.03470,0.00019,0.00157,-0.04581,-0.01206,1.43824,-0.05966,0.00451,-0.04549,0.02529,-0.08631,0.03365,-0.41457,0.89301,0,0.00480,0.00280,0.01493,0.42070,-0.12712,0.00534,-0.01550,1
4.6486,-0.18303,0.03470,0.00010,0.00154,-0.04564,-0.01320,1.43824,-0.05951,0.00450,-0.04642,0.02505,-0.08663,0.03474,-0.41477,0.89303,0,0.00480,0.00280,0.01493,0.42070,-0.12712,0.00534,-0.01550,1
4.6506,-0.18303,0.03470,0.00001,0.00152,-0.04535,-0.01421,1.43824,-0.05937,0.00449,-0.04735,0.02478,-0.08707,0.03570,-0.41498,0.89309,0,0.00480,0.00280,0.01493,0.42070,-0.12712,0.00534,-0.01550,1
4.6526,-0.18303,0.03470,-0.00008,0.00149,-0.04494,-0.01511,1.43824,-0.05923,0.00447,-0.04828,0.02449,-0.08765,0.03653,-0.41521,0.89319,0,0.00480,0.00280,0.01493,0.42070,-0.12712,0.00534,-0.01550,1
4.6546,-0.18303,0.03470,-0.00017,0.00146,-0.04441,-0.01589,1.43824,-0.05909,0.00446,-0.04919,0.02419,-0.08835,0.03723,-0.41536,0.89323,0,0.00480,0.00280,0.01493,0.42070,-0.12712,0.00534,-0.01550,1
4.6566,-0.18303,0.03470,-0.00026,0.00142,-0.04376,-0.01656,1.43824,-0.05894,0.00445,-0.05009,0.02387,-0.08919,0.03781,-0.41558,0.89331,0,0.00480,0.00280,0.01493,0.42070,-0.12712,0.00534,-0.01550,1
4.6586,-0.18303,0.03470,-0.00034,0.00139,-0.04300,-0.01711,1.43824,-0.05880,0.00444,-0.05098,0.02355,-0.09015,0.03826,-0.41575,0.89336,0,0.00480,0.00280,0.01493,0.42070,-0.12712,0.00534,-0.01550,1
4.6606,-0.18303,0.03470,-0.00043,0.00136,-0.04212,-0.01754,1.43824,-0.05866,0.00443,-0.05186,0.02321,-0.09123,0.03858,-0.41603,0.89343,0,0.00480,0.00280,0.01493,0.42070,-0.12712,0.00534,-0.01550,1
4.6628,-0.17510,0.03223,0.00261,0.00208,-0.03240,-0.01557,1.46363,-0.05851,0.00442,-0.01958,0.02959,-0.09219,0.03877,-0.41621,0.89348,0,0.00709,0.00304,0.00441,0.42129,-0.11617,0.00651,-0.01773,1
4.6648,-0.17510,0.03223,0.00255,0.00205,-0.03158,-0.01578,1.46363,-0.05836,0.00441,-0.02024,0.02928,-0.09303,0.03883,-0.41639,0.89358,0,0.00709,0.00304,0.00441,0.42129,-0.11617,0.00651,-0.01773,1
4.6668,-0.17510,0.03223,0.00249,0.00202,-0.03086,-0.01587,1.46363,-0.05822,0.00440,-0.02089,0.02897,-0.09373,0.03877,-0.41662,0.89364,0,0.00709,0.00304,0.00441,0.42129,-0.11617,0.00651,-0.01773,1
4.6688,-0.17510,0.03223,0.00243,0.00199,-0.03027,-0.01585,1.46363,-0.05808,0.00439,-0.02153,0.02866,-0.09431,0.03858,-0.41684,0.89364,0,0.00709,0.00304,0.00441,0.42129,-0.11617,0.00651,-0.01773,1
4.6708,-0.17510,0.03223,0.00237,0.00195,-0.02978,-0.01571,1.46363,-0.05794,0.00438,-0.02215,0.02836,-0.09475,0.03826,-0.41703,0.89370,0,0.00709,0.00304,0.00441,0.42129,-0.11617,0.00651,-0.01773,1
4.6728,-0.17510,0.03223,0.00231,0.00192,-0.02942,-0.01545,1.46363,-0.05780,0.00437,-0.02277,0.02805,-0.09507,0.03781,-0.41723,0.89380,0,0.00709,0.00304,0.00441,0.42129,-0.11617,0.00651,-0.01773,1
4.6748,-0.17510,0.03223,0.00225,0.00189,-0.02917,-0.01508,1.46363,-0.05765,0.00436,-0.02338,0.02775,-0.09527,0.03723,-0.41746,0.89386,0,0.00709,0.00304,0.00441,0.42129,-0.11617,0.00651,-0.01773,1
4.6768,-0.17510,0.03223,0.00219,0.00186,-0.02903,-0.01459,1.46363,-0.05751,0.00434,-0.02399,0.02746,-0.09533,0.03653,-0.41769,0.89394,0,0.00709,0.00304,0.00441,0.42129,-0.11617,0.00651,-0.01773,1
4.6788,-0.17510,0.03223,0.00213,0.00183,-0.02901,-0.01398,1.46363,-0.05737,0.00433,-0.02460,0.02719,-0.09527,0.03570,-0.41782,0.89402,0,0.00709,0.00304,0.00441,0.42129,-0.11617,0.00651,-0.01773,1
4.6808,-0.17510,0.03223,0.00207,0.00181,-0.02911,-0.01325,1.46363,-0.05723,0.00432,-0.02520,0.02692,-0.09507,0.03474,-0.41801,0.89410,0,0.00709,0.00304,0.00441,0.42129,-0.11617,0.00651,-0.01773,1
4.6828,-0.17510,0.03223,0.00202,0.00178,-0.02932,-0.01241,1.46363,-0.05708,0.00431,-0.02581,0.02667,-0.09475,0.03365,-0.41819,0.89415,0,0.00709,0.00304,0.00441,0.42129,-0.11617,0.00651,-0.01773,1
4.6848,-0.17510,0.03223,0.00196,0.00176,-0.02964,-0.01146,1.46363,-0.05694,0.00430,-0.02643,0.02644,-0.09431,0.03243,-0.41843,0.89424,0,0.00709,0.00304,0.00441,0.42129,-0.11617,0.00651,-0.01773,1
4.6868,-0.17510,0.03223,0.00190,0.00174,-0.03008,-0.01038,1.46363,-0.05680,0.00429,-0.02705,0.02623,-0.09373,0.03109,-0.41857,0.89429,0,0.00709,0.00304,0.00441,0.42129,-0.11617,0.00651,-0.01773,1
4.6888,-0.17510,0.03223,0.00184,0.00172,-0.03064,-0.00919,1.46363,-0.05666,0.00428,-0.02768,0.02604,-0.09303,0.02987,-0.41878,0.89434,0,0.00709,0.00304,0.00441,0.42129,-0.11617,0.00651,-0.01773,1
4.6908,-0.17510,0.03223,0.00178,0.00170,-0.03131,-0.00811,1.46363,-0.05651,0.00427,-0.02832,0.02587,-0.09219,0.02879,-0.41895,0.89438,0,0.00709,0.00304,0.00441,0.42129,-0.11617,0.00651,-0.01773,1
4.6928,-0.17510,0.03223,0.00171,0.00168,-0.03210,-0.00716,1.46363,-0.05637,0.00426,-0.02898,0.02572,-0.09123,0.02783,-0.41909,0.89446,0,0.00709,0.00304,0.00441,0.42129,-0.11617,0.00651,-0.01773,1
4.6948,-0.17510,0.03223,0.00165,0.00167,-0.03300,-0.00631,1.46363,-0.05623,0.00425,-0.02965,0.02559,-0.09015,0.02699,-0.41924,0.89453,0,0.00709,0.00304,0.00441,0.42129,-0.11617,0.00651,-0.01773,1
4.6968,-0.17510,0.03223,0.00158,0.00166,-0.03401,-0.00559,1.46363,-0.05609,0.00424,-0.03035,0.02548,-0.08893,0.02629,-0.41942,0.89456,0,0.00709,0.00304,0.00441,0.42129,-0.11617,0.00651,-0.01773,1
4.6988,-0.17510,0.03223,0.00151,0.00165,-0.03515,-0.00497,1.46363,-0.05594,0.00423,-0.03106,0.02537,-0.08759,0.02571,-0.41961,0.89463,0,0.00709,0.00304,0.00441,0.42129,-0.11617,0.00651,-0.01773,1
4.7008,-0.17510,0.03223,0.00144,0.00164,-0.03639,-0.00448,1.46363,-0.05580,0.00422,-0.03180,0.02528,-0.08637,0.02527,-0.41976,0.89471,0,0.00709,0.00304,0.00441,0.42129,-0.11617,0.00651,-0.01773,1
4.7028,-0.17510,0.03223,0.00137,0.00163,-0.03752,-0.00410,1.46363,-0.05566,0.00420,-0.03256,0.02520,-0.08528,0.02495,-0.41984,0.89476,0,0.00709,0.00304,0.00441,0.42129,-0.11617,0.00651,-0.01773,1
4.7048,-0.17510,0.03223,0.00129,0.00162,-0.03854,-0.00384,1.46363,-0.05552,0.00419,-0.03334,0.02513,-0.08432,0.02475,-0.42006,0.89480,0,0.00709,0.00304,0.00441,0.42129,-0.11617,0.00651,-0.01773,1
4.7068,-0.17510,0.03223,0.00121,0.00161,-0.03943,-0.00369,1.46363,-0.05538,0.00418,-0.03414,0.02506,-0.08349,0.02469,-0.42018,0.89491,0,0.00709,0.00304,0.00441,0.42129,-0.11617,0.00651,-0.01773,1
4.7088,-0.17510,0.03223,0.00113,0.00161,-0.04021,-0.00366,1.46363,-0.05523,0.00417,-0.03496,0.02499,-0.08279,0.02475,-0.42038,0.89492,0,0.00709,0.00304,0.00441,0.42129,-0.11617,0.00651,-0.01773,1
4.7108,-0.17510,0.03223,0.00105,0.00160,-0.04086,-0.00375,1.46363,-0.05509,0.00416,-0.03579,0.02491,-0.08221,0.02495,-0.42052,0.89500,0,0.00709,0.00304,0.00441,0.42129,-0.11617,0.00651,-0.01773,1
4.7128,-0.17510,0.03223,0.00097,0.00159,-0.04140,-0.00395,1.46363,-0.05495,0.00415,-0.03663,0.02484,-0.08176,0.02527,-0.42067,0.89505,0,0.00709,0.00304,0.00441,0.42129,-0.11617,0.00651,-0.01773,1
4.7148,-0.17510,0.03223,0.00088,0.00158,-0.04183,-0.00427,1.46363,-0.05481,0.00414,-0.03749,0.02476,-0.08144,0.02571,-0.42080,0.89512,0,0.00709,0.00304,0.00441,0.42129,-0.11617,0.00651,-0.01773,1
4.7169,-0.17510,0.03223,0.00080,0.00157,-0.04213,-0.00471,1.46363,-0.05466,0.00413,-0.03834,0.02468,-0.08125,0.02629,-0.42093,0.89516,0,0.00709,0.00304,0.00441,0.42129,-0.11617,0.00651,-0.01773,1
4.7189,-0.17510,0.03223,0.00072,0.00156,-0.04232,-0.00526,1.46363,-0.05452,0.00412,-0.03921,0.02458,-0.08119,0.02699,-0.42108,0.89524,0,0.00709,0.00304,0.00441,0.42129,-0.11617,0.00651,-0.01773,1
4.7209,-0.17510,0.03223,0.00063,0.00155,-0.04239,-0.00593,1.46363,-0.05438,0.00411,-0.04007,0.02447,-0.08125,0.02783,-0.42128,0.89531,0,0.00709,0.00304,0.00441,0.42129,-0.11617,0.00651,-0.01773,1
4.7229,-0.17510,0.03223,0.00055,0.00154,-0.04234,-0.00671,1.46363,-0.05423,0.00410,-0.04094,0.02435,-0.08144,0.02853,-0.42141,0.89535,0,0.00709,0.00304,0.00441,0.42129,-0.11617,0.00651,-0.01773,1
4.7249,-0.17510,0.03223,0.00046,0.00153,-0.04217,-0.00738,1.46363,-0.05409,0.00409,-0.04180,0.02422,-0.08176,0.02911,-0.42162,0.89540,0,0.00709,0.00304,0.00441,0.42129,-0.11617,0.00651,-0.01773,1
4.7269,-0.16580,0.03027,0.00371,0.00233,-0.03098,-0.00369,1.50387,-0.05395,0.00408,-0.00708,0.03154,-0.08195,0.02981,-0.42195,0.89552,0,0.00822,0.00324,0.00068,0.42224,-0.11254,0.00637,-0.01920,1
4.7289,-0.16580,0.03027,0.00365,0.00232,-0.03087,-0.00438,1.50387,-0.05381,0.00406,-0.00772,0.03146,-0.08202,0.03064,-0.42195,0.89552,0,0.00822,0.00324,0.00068,0.42224,-0.11254,0.00637,-0.01920,1
4.7309,-0.16580,0.03027,0.00359,0.00231,-0.03087,-0.00517,1.50387,-0.05366,0.00405,-0.00836,0.03137,-0.08195,0.03160,-0.42213,0.89561,0,0.00822,0.00324,0.00068,0.42224,-0.11254,0.00637,-0.01920,1
4.7329,-0.16580,0.03027,0.00353,0.00230,-0.03099,-0.00609,1.50387,-0.05352,0.00404,-0.00900,0.03126,-0.08176,0.03269,-0.42231,0.89567,0,0.00822,0.00324,0.00068,0.42224,-0.11254,0.00637,-0.01920,1
4.7349,-0.16580,0.03027,0.00346,0.00229,-0.03123,-0.00712,1.50387,-0.05338,0.00403,-0.00965,0.03114,-0.08144,0.03391,-0.42252,0.89572,0,0.00822,0.00324,0.00068,0.42224,-0.11254,0.00637,-0.01920,1
4.7369,-0.16580,0.03027,0.00340,0.00227,-0.03158,-0.00826,1.50387,-0.05323,0.00402,-0.01030,0.03099,-0.08099,0.03501,-0.42267,0.89581,0,0.00822,0.00324,0.00068,0.42224,-0.11254,0.00637,-0.01920,1
4.7389,-0.16580,0.03027,0.00334,0.00225,-0.03205,-0.00931,1.50387,-0.05309,0.00401,-0.01096,0.03082,-0.08042,0.03598,-0.42285,0.89583,0,0.00822,0.00324,0.00068,0.42224,-0.11254,0.00637,-0.01920,1
4.7410,-0.16580,0.03027,0.00327,0.00223,-0.03263,-0.01023,1.50387,-0.05295,0.00400,-0.01163,0.03063,-0.07971,0.03683,-0.42301,0.89590,0,0.00822,0.00324,0.00068,0.42224,-0.11254,0.00637,-0.01920,1
4.7430,-0.16580,0.03027,0.00321,0.00221,-0.03333,-0.01104,1.50387,-0.05281,0.00399,-0.01231,0.03042,-0.07888,0.03755,-0.42317,0.89602,0,0.00822,0.00324,0.00068,0.42224,-0.11254,0.00637,-0.01920,1
4.7450,-0.16580,0.03027,0.00314,0.00219,-0.03414,-0.01173,1.50387,-0.05266,0.00398,-0.01300,0.03020,-0.07792,0.03814,-0.42337,0.89606,0,0.00822,0.00324,0.00068,0.42224,-0.11254,0.00637,-0.01920,1
4.7470,-0.16580,0.03027,0.00307,0.00217,-0.03507,-0.01231,1.50387,-0.05252,0.00397,-0.01372,0.02996,-0.07683,0.03860,-0.42346,0.89621,0,0.00822,0.00324,0.00068,0.42224,-0.11254,0.00637,-0.01920,1
4.7490,-0.16580,0.03027,0.00300,0.00214,-0.03611,-0.01277,1.50387,-0.05238,0.00396,-0.01445,0.02972,-0.07562,0.03894,-0.42360,0.89628,0,0.00822,0.00324,0.00068,0.42224,-0.11254,0.00637,-0.01920,1
4.7510,-0.16580,0.03027,0.00293,0.00212,-0.03727,-0.01311,1.50387,-0.05224,0.00395,-0.01520,0.02947,-0.07427,0.03914,-0.42375,0.89639,0,0.00822,0.00324,0.00068,0.42224,-0.11254,0.00637,-0.01920,1
4.7530,-0.16580,0.03027,0.00285,0.00209,-0.03854,-0.01334,1.50387,-0.05209,0.00394,-0.01598,0.02921,-0.07280,0.03922,-0.42393,0.89645,0,0.00822,0.00324,0.00068,0.42224,-0.11254,0.00637,-0.01920,1
4.7550,-0.16580,0.03027,0.00277,0.00206,-0.03993,-0.01344,1.50387,-0.05195,0.00392,-0.01678,0.02895,-0.07120,0.03917,-0.42411,0.89654,0,0.00822,0.00324,0.00068,0.42224,-0.11254,0.00637,-0.01920,1
4.7570,-0.16580,0.03027,0.00269,0.00204,-0.04143,-0.01343,1.50387,-0.05181,0.00391,-0.01761,0.02869,-0.06960,0.03900,-0.42420,0.89662,0,0.00822,0.00324,0.00068,0.42224,-0.11254,0.00637,-0.01920,1
4.7590,-0.16580,0.03027,0.00261,0.00201,-0.04293,-0.01331,1.50387,-0.05167,0.00390,-0.01847,0.02843,-0.06813,0.03869,-0.42431,0.89669,0,0.00822,0.00324,0.00068,0.42224,-0.11254,0.00637,-0.01920,1
4.7610,-0.16580,0.03027,0.00252,0.00198,-0.04431,-0.01307,1.50387,-0.05152,0.00389,-0.01936,0.02817,-0.06679,0.03826,-0.42446,0.89676,0,0.00822,0.00324,0.00068,0.42224,-0.11254,0.00637,-0.01920,1
4.7630,-0.16580,0.03027,0.00243,0.00196,-0.04558,-0.01271,1.50387,-0.05138,0.00388,-0.02028,0.02792,-0.06557,0.03770,-0.42458,0.89684,0,0.00822,0.00324,0.00068,0.42224,-0.11254,0.00637,-0.01920,1
4.7650,-0.16580,0.03027,0.00234,0.00193,-0.04672,-0.01223,1.50387,-0.05124,0.00387,-0.02122,0.02767,-0.06448,0.03701,-0.42473,0.89692,0,0.00822,0.00324,0.00068,0.42224,-0.11254,0.00637,-0.01920,1
4.7670,-0.16580,0.03027,0.00224,0.00191,-0.04775,-0.01164,1.50387,-0.05109,0.00386,-0.02218,0.02744,-0.06352,0.03619,-0.42485,0.89702,0,0.00822,0.00324,0.00068,0.42224,-0.11254,0.00637,-0.01920,1
4.7690,-0.16580,0.03027,0.00214,0.00189,-0.04866,-0.01093,1.50387,-0.05095,0.00385,-0.02316,0.02722,-0.06269,0.03525,-0.42496,0.89708,0,0.00822,0.00324,0.00068,0.42224,-0.11254,0.00637,-0.01920,1
4.7710,-0.16580,0.03027,0.00205,0.00186,-0.04945,-0.01010,1.50387,-0.05081,0.00384,-0.02415,0.02702,-0.06199,0.03417,-0.42510,0.89712,0,0.00822,0.00324,0.00068,0.42224,-0.11254,0.00637,-0.01920,1
4.7731,-0.16580,0.03027,0.00195,0.00185,-0.05013,-0.00916,1.50387,-0.05067,0.00383,-0.02516,0.02683,-0.06141,0.03297,-0.42520,0.89716,0,0.00822,0.00324,0.00068,0.42224,-0.11254,0.00637,-0.01920,1
4.7751,-0.16580,0.03027,0.00185,0.00183,-0.05068,-0.00810,1.50387,-0.05052,0.00382,-0.02619,0.02666,-0.06096,0.03164,-0.42534,0.89725,0,0.00822,0.00324,0.00068,0.42224,-0.11254,0.00637,-0.01920,1
4.7771,-0.16580,0.03027,0.00174,0.00181,-0.05112,-0.00693,1.50387,-0.05038,0.00381,-0.02722,0.02652,-0.06064,0.03032,-0.42552,0.89728,0,0.00822,0.00324,0.00068,0.42224,-0.11254,0.00637,-0.01920,1
4.7791,-0.16580,0.03027,0.00164,0.00180,-0.05144,-0.00576,1.50387,-0.05024,0.00379,-0.02826,0.02639,-0.06045,0.02913,-0.42563,0.89734,0,0.00822,0.00324,0.00068,0.42224,-0.11254,0.00637,-0.01920,1
4.7811,-0.16580,0.03027,0.00154,0.00179,-0.05164,-0.00471,1.50387,-0.05009,0.00378,-0.02930,0.02629,-0.06039,0.02807,-0.42580,0.89737,0,0.00822,0.00324,0.00068,0.42224,-0.11254,0.00637,-0.01920,1
4.7831,-0.16580,0.03027,0.00144,0.00178,-0.05173,-0.00377,1.50387,-0.04995,0.00377,-0.03035,0.02621,-0.06045,0.02713,-0.42599,0.89741,0,0.00822,0.00324,0.00068,0.42224,-0.11254,0.00637,-0.01920,1
4.7851,-0.16580,0.03027,0.00133,0.00177,-0.05169,-0.00295,1.50387,-0.04981,0.00376,-0.03140,0.02615,-0.06064,0.02633,-0.42614,0.89744,0,0.00822,0.00324,0.00068,0.42224,-0.11254,0.00637,-0.01920,1
4.7871,-0.16580,0.03027,0.00123,0.00177,-0.05154,-0.00225,1.50387,-0.04966,0.00375,-0.03244,0.02610,-0.06096,0.02565,-0.42626,0.89748,0,0.00822,0.00324,0.00068,0.42224,-0.11254,0.00637,-0.01920,1
4.7892,-0.16580,0.03027,0.00113,0.00177,-0.05127,-0.00167,1.50387,-0.04952,0.00374,-0.03349,0.02606,-0.06141,0.02509,-0.42639,0.89752,0,0.00822,0.00324,0.00068,0.42224,-0.11254,0.00637,-0.01920,1
4.7912,-0.16580,0.03027,0.00102,0.00176,-0.05088,-0.00120,1.50387,-0.04938,0.00373,-0.03452,0.02604,-0.06199,0.02467,-0.42651,0.89757,0,0.00822,0.00324,0.00068,0.42224,-0.11254,0.00637,-0.01920,1
4.7932,-0.16580,0.03027,0.00092,0.00176,-0.05037,-0.00084,1.50387,-0.04924,0.00372,-0.03555,0.02602,-0.06269,0.02438,-0.42666,0.89759,0,0.00822,0.00324,0.00068,0.42224,-0.11254,0.00637,-0.01920,1
4.7952,-0.15729,0.03045,0.00435,0.00196,-0.03926,-0.00014,1.53248,-0.04910,0.00371,0.00068,0.02802,-0.06327,0.02421,-0.42696,0.89766,0,0.00935,0.00249,-0.00090,0.41934,-0.11160,0.00955,-0.01478,1
4.7972,-0.15729,0.03045,0.00427,0.00196,-0.03881,-0.00002,1.53248,-0.04895,0.00370,-0.00012,0.02802,-0.06371,0.02417,-0.42696,0.89766,0,0.00935,0.00249,-0.00090,0.41934,-0.11160,0.00955,-0.01478,1
4.7992,-0.15729,0.03045,0.00419,0.00196,-0.03848,-0.00002,1.53248,-0.04881,0.00369,-0.00091,0.02802,-0.06403,0.02426,-0.42707,0.89771,0,0.00935,0.00249,-0.00090,0.41934,-0.11160,0.00955,-0.01478,1
4.8012,-0.15729,0.03045,0.00412,0.00196,-0.03826,-0.00014,1.53248,-0.04867,0.00368,-0.00169,0.02802,-0.06423,0.02447,-0.42719,0.89778,0,0.00935,0.00249,-0.00090,0.41934,-0.11160,0.00955,-0.01478,1
4.8032,-0.15729,0.03045,0.00404,0.00196,-0.03816,-0.00037,1.53248,-0.04853,0.00367,-0.00247,0.02802,-0.06429,0.02482,-0.42735,0.89779,0,0.00935,0.00249,-0.00090,0.41934,-0.11160,0.00955,-0.01478,1
4.8052,-0.15729,0.03045,0.00396,0.00196,-0.03817,-0.00072,1.53248,-0.04838,0.00365,-0.00325,0.02801,-0.06423,0.02529,-0.42750,0.89783,0,0.00935,0.00249,-0.00090,0.41934,-0.11160,0.00955,-0.01478,1
4.8072,-0.15729,0.03045,0.00389,0.00195,-0.03830,-0.00118,1.53248,-0.04824,0.00364,-0.00403,0.02800,-0.06403,0.02589,-0.42769,0.89785,0,0.00935,0.00249,-0.00090,0.41934,-0.11160,0.00955,-0.01478,1
4.8092,-0.15729,0.03045,0.00381,0.00195,-0.03854,-0.00176,1.53248,-0.04810,0.00363,-0.00482,0.02797,-0.06371,0.02662,-0.42775,0.89792,0,0.00935,0.00249,-0.00090,0.41934,-0.11160,0.00955,-0.01478,1
4.8112,-0.15729,0.03045,0.00373,0.00195,-0.03889,-0.00246,1.53248,-0.04796,0.00362,-0.00561,0.02793,-0.06327,0.02748,-0.42787,0.89799,0,0.00935,0.00249,-0.00090,0.41934,-0.11160,0.00955,-0.01478,1
4.8132,-0.15729,0.03045,0.00365,0.00194,-0.03937,-0.00327,1.53248,-0.04782,0.00361,-0.00641,0.02788,-0.06269,0.02846,-0.42798,0.89805,0,0.00935,0.00249,-0.00090,0.41934,-0.11160,0.00955,-0.01478,1
4.8152,-0.15729,0.03045,0.00357,0.00193,-0.03995,-0.00420,1.53248,-0.04767,0.00360,-0.00722,0.02781,-0.06199,0.02958,-0.42808,0.89812,0,0.00935,0.00249,-0.00090,0.41934,-0.11160,0.00955,-0.01478,1
4.8172,-0.15729,0.03045,0.00349,0.00192,-0.04066,-0.00525,1.53248,-0.04753,0.00359,-0.00804,0.02771,-0.06115,0.03082,-0.42820,0.89818,0,0.00935,0.00249,-0.00090,0.41934,-0.11160,0.00955,-0.01478,1
4.8192,-0.15729,0.03045,0.00341,0.00191,-0.04147,-0.00641,1.53248,-0.04739,0.00358,-0.00887,0.02760,-0.06019,0.03193,-0.42831,0.89825,0,0.00935,0.00249,-0.00090,0.41934,-0.11160,0.00955,-0.01478,1
4.8212,-0.15729,0.03045,0.00333,0.00190,-0.04240,-0.00745,1.53248,-0.04725,0.00357,-0.00973,0.02747,-0.05911,0.03291,-0.42841,0.89829,0,0.00935,0.00249,-0.00090,0.41934,-0.11160,0.00955,-0.01478,1
4.8232,-0.15729,0.03045,0.00324,0.00188,-0.04345,-0.00838,1.53248,-0.04710,0.00356,-0.01060,0.02731,-0.05789,0.03377,-0.42852,0.89839,0,0.00935,0.00249,-0.00090,0.41934,-0.11160,0.00955,-0.01478,1
4.8252,-0.15729,0.03045,0.00315,0.00187,-0.04461,-0.00920,1.53248,-0.04696,0.00355,-0.01150,0.02714,-0.05680,0.03450,-0.42862,0.89843,0,0.00935,0.00249,-0.00090,0.41934,-0.11160,0.00955,-0.01478,1
4.8272,-0.15729,0.03045,0.00306,0.00185,-0.04566,-0.00989,1.53248,-0.04682,0.00354,-0.01241,0.02696,-0.05584,0.03510,-0.42876,0.89850,0,0.00935,0.00249,-0.00090,0.41934,-0.11160,0.00955,-0.01478,1
4.8292,-0.15729,0.03045,0.00297,0.00183,-0.04658,-0.01047,1.53248,-0.04668,0.00353,-0.01335,0.02676,-0.05501,0.03557,-0.42890,0.89862,0,0.00935,0.00249,-0.00090,0.41934,-0.11160,0.00955,-0.01478,1
4.8312,-0.15729,0.03045,0.00288,0.00181,-0.04739,-0.01093,1.53248,-0.04653,0.00352,-0.01430,0.02655,-0.05431,0.03592,-0.42896,0.89871,0,0.00935,0.00249,-0.00090,0.41934,-0.11160,0.00955,-0.01478,1
4.8332,-0.15729,0.03045,0.00278,0.00178,-0.04808,-0.01128,1.53248,-0.04639,0.00350,-0.01527,0.02633,-0.05373,0.03613,-0.42909,0.89876,0,0.00935,0.00249,-0.00090,0.41934,-0.11160,0.00955,-0.01478,1
4.8352,-0.15729,0.03045,0.00269,0.00176,-0.04865,-0.01150,1.53248,-0.04625,0.00349,-0.01625,0.02611,-0.05328,0.03622,-0.42916,0.89886,0,0.00935,0.00249,-0.00090,0.41934,-0.11160,0.00955,-0.01478,1
4.8372,-0.15729,0.03045,0.00259,0.00174,-0.04910,-0.01162,1.53248,-0.04611,0.00348,-0.01724,0.02589,-0.05296,0.03618,-0.42925,0.89894,0,0.00935,0.00249,-0.00090,0.41934,-0.11160,0.00955,-0.01478,1
4.8392,-0.15729,0.03045,0.00249,0.00171,-0.04944,-0.01161,1.53248,-0.04597,0.00347,-0.01823,0.02566,-0.05277,0.03602,-0.42938,0.89896,0,0.00935,0.00249,-0.00090,0.41934,-0.11160,0.00955,-0.01478,1
4.8412,-0.15729,0.03045,0.00239,0.00169,-0.04965,-0.01149,1.53248,-0.04582,0.00346,-0.01924,0.02544,-0.05271,0.03572,-0.42953,0.89904,0,0.00935,0.00249,-0.00090,0.41934,-0.11160,0.00955,-0.01478,1
4.8432,-0.15729,0.03045,0.00229,0.00167,-0.04975,-0.01125,1.53248,-0.04568,0.00345,-0.02024,0.02521,-0.05277,0.03530,-0.42959,0.89915,0,0.00935,0.00249,-0.00090,0.41934,-0.11160,0.00955,-0.01478,1
4.8452,-0.15729,0.03045,0.00219,0.00165,-0.04973,-0.01089,1.53248,-0.04554,0.00344,-0.02125,0.02500,-0.05296,0.03475,-0.42972,0.89919,0,0.00935,0.00249,-0.00090,0.41934,-0.11160,0.00955,-0.01478,1
4.8472,-0.15729,0.03045,0.00209,0.00162,-0.04959,-0.01042,1.53248,-0.04540,0.00343,-0.02225,0.02479,-0.05328,0.03407,-0.42989,0.89923,0,0.00935,0.00249,-0.00090,0.41934,-0.11160,0.00955,-0.01478,1
4.8492,-0.15729,0.03045,0.00199,0.00160,-0.04934,-0.00983,1.53248,-0.04526,0.00342,-0.02325,0.02459,-0.05373,0.03326,-0.42993,0.89933,0,0.00935,0.00249,-0.00090,0.41934,-0.11160,0.00955,-0.01478,1
4.8512,-0.15729,0.03045,0.00189,0.00159,-0.04896,-0.00913,1.53248,-0.04511,0.00341,-0.02425,0.02441,-0.05431,0.03232,-0.43012,0.89937,0,0.00935,0.00249,-0.00090,0.41934,-0.11160,0.00955,-0.01478,1
4.8532,-0.15729,0.03045,0.00180,0.00157,-0.04847,-0.00830,1.53248,-0.04497,0.00340,-0.02524,0.02424,-0.05501,0.03126,-0.43018,0.89947,0,0.00935,0.00249,-0.00090,0.41934,-0.11160,0.00955,-0.01478,1
4.8552,-0.15729,0.03045,0.00170,0.00155,-0.04786,-0.00737,1.53248,-0.04483,0.00339,-0.02621,0.02409,-0.05584,0.03007,-0.43035,0.89953,0,0.00935,0.00249,-0.00090,0.41934,-0.11160,0.00955,-0.01478,1
4.8572,-0.15729,0.03045,0.00161,0.00154,-0.04713,-0.00631,1.53248,-0.04468,0.00338,-0.02717,0.02395,-0.05680,0.02875,-0.43048,0.89956,0,0.00935,0.00249,-0.00090,0.41934,-0.11160,0.00955,-0.01478,1
4.8592,-0.15729,0.03045,0.00151,0.00153,-0.04629,-0.00514,1.53248,-0.04454,0.00336,-0.02812,0.02384,-0.05789,0.02730,-0.43060,0.89967,0,0.00935,0.00249,-0.00090,0.41934,-0.11160,0.00955,-0.01478,1
4.8612,-0.15729,0.03045,0.00142,0.00152,-0.04532,-0.00385,1.53248,-0.04440,0.00335,-0.02905,0.02376,-0.05911,0.02598,-0.43069,0.89973,0,0.00935,0.00249,-0.00090,0.41934,-0.11160,0.00955,-0.01478,1
4.8633,-0.14931,0.02850,0.00575,0.00116,-0.03081,-0.00581,1.58089,-0.04425,0.00334,0.01591,0.01970,-0.06019,0.02453,-0.43097,0.89981,0,0.01146,0.00133,-0.00332,0.42023,-0.10879,0.00900,-0.01766,1
4.8653,-0.14931,0.02850,0.00569,0.00115,-0.02992,-0.00452,1.58089,-0.04411,0.00333,0.01528,0.01960,-0.06115,0.02296,-0.43097,0.89981,0,0.01146,0.00133,-0.00332,0.42023,-0.10879,0.00900,-0.01766,1
4.8673,-0.14931,0.02850,0.00563,0.00115,-0.02915,-0.00310,1.58089,-0.04397,0.00332,0.01468,0.01953,-0.06199,0.02151,-0.43113,0.89984,0,0.01146,0.00133,-0.00332,0.42023,-0.10879,0.00900,-0.01766,1
4.8693,-0.14931,0.02850,0.00557,0.00114,-0.02849,-0.00181,1.58089,-0.04382,0.00331,0.01408,0.01948,-0.06269,0.02019,-0.43123,0.89990,0,0.01146,0.00133,-0.00332,0.42023,-0.10879,0.00900,-0.01766,1
4.8713,-0.14931,0.02850,0.00551,0.00114,-0.02795,-0.00063,1.58089,-0.04368,0.00330,0.01350,0.01946,-0.06327,0.01900,-0.43136,0.89995,0,0.01146,0.00133,-0.00332,0.42023,-0.10879,0.00900,-0.01766,1
4.8733,-0.14931,0.02850,0.00546,0.00114,-0.02752,0.00043,1.58089,-0.04354,0.00329,0.01293,0.01946,-0.06371,0.01794,-0.43151,0.89996,0,0.01146,0.00133,-0.00332,0.42023,-0.10879,0.00900,-0.01766,1
4.8753,-0.14931,0.02850,0.00540,0.00114,-0.02721,0.00138,1.58089,-0.04340,0.00328,0.01236,0.01948,-0.06403,0.01700,-0.43165,0.90003,0,0.01146,0.00133,-0.00332,0.42023,-0.10879,0.00900,-0.01766,1
4.8773,-0.14931,0.02850,0.00535,0.00114,-0.02702,0.00221,1.58089,-0.04326,0.00327,0.01180,0.01952,-0.06423,0.01620,-0.43172,0.90009,0,0.01146,0.00133,-0.00332,0.42023,-0.10879,0.00900,-0.01766,1
4.8793,-0.14931,0.02850,0.00530,0.00115,-0.02693,0.00292,1.58089,-0.04311,0.00326,0.01125,0.01957,-0.06429,0.01552,-0.43189,0.90010,0,0.01146,0.00133,-0.00332,0.42023,-0.10879,0.00900,-0.01766,1
4.8813,-0.14931,0.02850,0.00524,0.00116,-0.02697,0.00352,1.58089,-0.04297,0.00325,0.01069,0.01963,-0.06423,0.01496,-0.43197,0.90014,0,0.01146,0.00133,-0.00332,0.42023,-0.10879,0.00900,-0.01766,1
4.8833,-0.14931,0.02850,0.00519,0.00116,-0.02712,0.00400,1.58089,-0.04283,0.00324,0.01013,0.01971,-0.06403,0.01454,-0.43204,0.90016,0,0.01146,0.00133,-0.00332,0.42023,-0.10879,0.00900,-0.01766,1
4.8853,-0.14931,0.02850,0.00513,0.00117,-0.02739,0.00436,1.58089,-0.04269,0.00322,0.00957,0.01979,-0.06371,0.01425,-0.43218,0.90023,0,0.01146,0.00133,-0.00332,0.42023,-0.10879,0.00900,-0.01766,1
4.8873,-0.14931,0.02850,0.00508,0.00118,-0.02777,0.00461,1.58089,-0.04254,0.00321,0.00900,0.01988,-0.06327,0.01408,-0.43224,0.90028,0,0.01146,0.00133,-0.00332,0.42023,-0.10879,0.00900,-0.01766,1
4.8893,-0.14931,0.02850,0.00502,0.00119,-0.02826,0.00474,1.58089,-0.04240,0.00320,0.00843,0.01998,-0.06269,0.01404,-0.43233,0.90030,0,0.01146,0.00133,-0.00332,0.42023,-0.10879,0.00900,-0.01766,1
4.8913,-0.14931,0.02850,0.00497,0.00120,-0.02888,0.00476,1.58089,-0.04226,0.00319,0.00784,0.02007,-0.06199,0.01413,-0.43252,0.90035,0,0.01146,0.00133,-0.00332,0.42023,-0.10879,0.00900,-0.01766,1
4.8933,-0.14931,0.02850,0.00491,0.00121,-0.02960,0.00465,1.58089,-0.04212,0.00318,0.00724,0.02017,-0.06115,0.01434,-0.43257,0.90037,0,0.01146,0.00133,-0.00332,0.42023,-0.10879,0.00900,-0.01766,1
4.8953,-0.14931,0.02850,0.00485,0.00122,-0.03045,0.00443,1.58089,-0.04198,0.00317,0.00662,0.02026,-0.06019,0.01469,-0.43266,0.90041,0,0.01146,0.00133,-0.00332,0.42023,-0.10879,0.00900,-0.01766,1
4.8973,-0.14931,0.02850,0.00479,0.00123,-0.03140,0.00410,1.58089,-0.04183,0.00316,0.00599,0.02034,-0.05911,0.01516,-0.43278,0.90043,0,0.01146,0.00133,-0.00332,0.42023,-0.10879,0.00900,-0.01766,1
4.8993,-0.14931,0.02850,0.00472,0.00123,-0.03248,0.00365,1.58089,-0.04169,0.00315,0.00533,0.02042,-0.05789,0.01576,-0.43285,0.90050,0,0.01146,0.00133,-0.00332,0.42023,-0.10879,0.00900,-0.01766,1
4.9013,-0.14931,0.02850,0.00466,0.00124,-0.03366,0.00308,1.58089,-0.04155,0.00314,0.00466,0.02049,-0.05655,0.01649,-0.43297,0.90052,0,0.01146,0.00133,-0.00332,0.42023,-0.10879,0.00900,-0.01766,1
4.9033,-0.14931,0.02850,0.00459,0.00125,-0.03497,0.00239,1.58089,-0.04141,0.00313,0.00396,0.02055,-0.05507,0.01735,-0.43306,0.90056,0,0.01146,0.00133,-0.00332,0.42023,-0.10879,0.00900,-0.01766,1
4.9053,-0.14931,0.02850,0.00452,0.00125,-0.03639,0.00159,1.58089,-0.04126,0.00312,0.00323,0.02059,-0.05347,0.01833,-0.43307,0.90061,0,0.01146,0.00133,-0.00332,0.42023,-0.10879,0.00900,-0.01766,1
4.9073,-0.14931,0.02850,0.00444,0.00125,-0.03792,0.00068,1.58089,-0.04112,0.00311,0.00248,0.02061,-0.05187,0.01945,-0.43324,0.90062,0,0.01146,0.00133,-0.00332,0.42023,-0.10879,0.00900,-0.01766,1
4.9093,-0.14931,0.02850,0.00436,0.00125,-0.03945,-0.00036,1.58089,-0.04098,0.00310,0.00169,0.02062,-0.05027,0.02069,-0.43332,0.90069,0,0.01146,0.00133,-0.00332,0.42023,-0.10879,0.00900,-0.01766,1
4.9113,-0.14931,0.02850,0.00428,0.00125,-0.04098,-0.00151,1.58089,-0.04084,0.00308,0.00087,0.02060,-0.04867,0.02205,-0.43342,0.90076,0,0.01146,0.00133,-0.00332,0.42023,-0.10879,0.00900,-0.01766,1
4.9133,-0.14931,0.02850,0.00420,0.00125,-0.04251,-0.00277,1.58089,-0.04070,0.00307,0.00003,0.02056,-0.04707,0.02355,-0.43350,0.90077,0,0.01146,0.00133,-0.00332,0.42023,-0.10879,0.00900,-0.01766,1
4.9153,-0.14931,0.02850,0.00411,0.00124,-0.04404,-0.00416,1.58089,-0.04055,0.00306,-0.00085,0.02049,-0.04547,0.02492,-0.43359,0.90083,0,0.01146,0.00133,-0.00332,0.42023,-0.10879,0.00900,-0.01766,1
4.9173,-0.14931,0.02850,0.00402,0.00123,-0.04557,-0.00542,1.58089,-0.04041,0.00305,-0.00175,0.02040,-0.04387,0.02616,-0.43375,0.90085,0,0.01146,0.00133,-0.00332,0.42023,-0.10879,0.00900,-0.01766,1
4.9193,-0.14931,0.02850,0.00393,0.00122,-0.04709,-0.00657,1.58089,-0.04027,0.00304,-0.00269,0.02028,-0.04240,0.02727,-0.43381,0.90092,0,0.01146,0.00133,-0.00332,0.42023,-0.10879,0.00900,-0.01766,1
4.9213,-0.14931,0.02850,0.00384,0.00120,-0.04850,-0.00761,1.58089,-0.04013,0.00303,-0.00365,0.02015,-0.04106,0.02826,-0.43391,0.90096,0,0.01146,0.00133,-0.00332,0.42023,-0.10879,0.00900,-0.01766,1
4.9233,-0.14931,0.02850,0.00374,0.00119,-0.04978,-0.00852,1.58089,-0.03998,0.00302,-0.00465,0.01999,-0.03984,0.02911,-0.43404,0.90102,0,0.01146,0.00133,-0.00332,0.42023,-0.10879,0.00900,-0.01766,1
4.9253,-0.14931,0.02850,0.00364,0.00117,-0.05095,-0.00932,1.58089,-0.03984,0.00301,-0.00566,0.01982,-0.03875,0.02984,-0.43413,0.90107,0,0.01146,0.00133,-0.00332,0.42023,-0.10879,0.00900,-0.01766,1
4.9273,-0.14931,0.02850,0.00353,0.00115,-0.05200,-0.01000,1.58089,-0.03970,0.00300,-0.00670,0.01963,-0.03779,0.03044,-0.43428,0.90109,0,0.01146,0.00133,-0.00332,0.42023,-0.10879,0.00900,-0.01766,1
4.9293,-0.14307,0.02823,0.00798,0.00050,-0.03679,-0.01197,1.60782,-0.03956,0.00299,0.03895,0.01309,-0.03671,0.03092,-0.43444,0.90125,0,0.01359,-0.00010,-0.00859,0.41845,-0.10412,0.01182,-0.00460,1
4.9313,-0.14307,0.02823,0.00791,0.00047,-0.03791,-0.01241,1.60782,-0.03941,0.00298,0.03819,0.01286,-0.03549,0.03126,-0.43444,0.90125,0,0.01359,-0.00010,-0.00859,0.41845,-0.10412,0.01182,-0.00460,1
4.9333,-0.14307,0.02823,0.00783,0.00045,-0.03916,-0.01273,1.60782,-0.03927,0.00297,0.03741,0.01261,-0.03415,0.03148,-0.43448,0.90130,0,0.01359,-0.00010,-0.00859,0.41845,-0.10412,0.01182,-0.00460,1
4.9353,-0.14307,0.02823,0.00775,0.00042,-0.04052,-0.01294,1.60782,-0.03913,0.00296,0.03661,0.01236,-0.03267,0.03157,-0.43465,0.90132,0,0.01359,-0.00010,-0.00859,0.41845,-0.10412,0.01182,-0.00460,1
4.9373,-0.14307,0.02823,0.00767,0.00039,-0.04199,-0.01303,1.60782,-0.03899,0.00295,0.03577,0.01211,-0.03107,0.03153,-0.43475,0.90141,0,0.01359,-0.00010,-0.00859,0.41845,-0.10412,0.01182,-0.00460,1
4.9393,-0.14307,0.02823,0.00759,0.00037,-0.04358,-0.01300,1.60782,-0.03885,0.00293,0.03490,0.01185,-0.02947,0.03136,-0.43481,0.90141,0,0.01359,-0.00010,-0.00859,0.41845,-0.10412,0.01182,-0.00460,1
4.9413,-0.14307,0.02823,0.00750,0.00034,-0.04517,-0.01285,1.60782,-0.03870,0.00292,0.03401,0.01160,-0.02787,0.03106,-0.43484,0.90151,0,0.01359,-0.00010,-0.00859,0.41845,-0.10412,0.01182,-0.00460,1
4.9433,-0.14307,0.02823,0.00740,0.00032,-0.04676,-0.01259,1.60782,-0.03856,0.00291,0.03308,0.01135,-0.02627,0.03064,-0.43495,0.90159,0,0.01359,-0.00010,-0.00859,0.41845,-0.10412,0.01182,-0.00460,1
4.9453,-0.14307,0.02823,0.00731,0.00029,-0.04834,-0.01221,1.60782,-0.03842,0.00290,0.03212,0.01111,-0.02467,0.03009,-0.43503,0.90162,0,0.01359,-0.00010,-0.00859,0.41845,-0.10412,0.01182,-0.00460,1
4.9473,-0.14307,0.02823,0.00721,0.00027,-0.04992,-0.01171,1.60782,-0.03828,0.00289,0.03113,0.01088,-0.02307,0.02941,-0.43513,0.90170,0,0.01359,-0.00010,-0.00859,0.41845,-0.10412,0.01182,-0.00460,1
4.9493,-0.14307,0.02823,0.00711,0.00025,-0.05151,-0.01110,1.60782,-0.03813,0.00288,0.03011,0.01065,-0.02147,0.02860,-0.43517,0.90172,0,0.01359,-0.00010,-0.00859,0.41845,-0.10412,0.01182,-0.00460,1
4.9513,-0.14307,0.02823,0.00701,0.00022,-0.05308,-0.01037,1.60782,-0.03799,0.00287,0.02906,0.01044,-0.01987,0.02767,-0.43519,0.90180,0,0.01359,-0.00010,-0.00859,0.41845,-0.10412,0.01182,-0.00460,1
4.9533,-0.14307,0.02823,0.00690,0.00020,-0.05466,-0.00952,1.60782,-0.03785,0.00286,0.02798,0.01025,-0.01827,0.02660,-0.43531,0.90181,0,0.01359,-0.00010,-0.00859,0.41845,-0.10412,0.01182,-0.00460,1
4.9553,-0.14307,0.02823,0.00679,0.00019,-0.05624,-0.00856,1.60782,-0.03771,0.00285,0.02686,0.01007,-0.01667,0.02541,-0.43532,0.90188,0,0.01359,-0.00010,-0.00859,0.41845,-0.10412,0.01182,-0.00460,1
4.9573,-0.14307,0.02823,0.00667,0.00017,-0.05781,-0.00748,1.60782,-0.03757,0.00284,0.02572,0.00992,-0.01507,0.02409,-0.43538,0.90191,0,0.01359,-0.00010,-0.00859,0.41845,-0.10412,0.01182,-0.00460,1
4.9593,-0.14307,0.02823,0.00656,0.00016,-0.05938,-0.00628,1.60782,-0.03742,0.00283,0.02454,0.00978,-0.01347,0.02265,-0.43545,0.90198,0,0.01359,-0.00010,-0.00859,0.41845,-0.10412,0.01182,-0.00460,1
4.9613,-0.14307,0.02823,0.00644,0.00014,-0.06095,-0.00497,1.60782,-0.03728,0.00282,0.02333,0.00967,-0.01200,0.02107,-0.43551,0.90203,0,0.01359,-0.00010,-0.00859,0.41845,-0.10412,0.01182,-0.00460,1
4.9634,-0.14307,0.02823,0.00631,0.00014,-0.06240,-0.00354,1.60782,-0.03714,0.00281,0.02210,0.00959,-0.01066,0.01947,-0.43548,0.90207,0,0.01359,-0.00010,-0.00859,0.41845,-0.10412,0.01182,-0.00460,1
4.9654,-0.14307,0.02823,0.00619,0.00013,-0.06373,-0.00209,1.60782,-0.03700,0.00279,0.02083,0.00954,-0.00944,0.01787,-0.43554,0.90215,0,0.01359,-0.00010,-0.00859,0.41845,-0.10412,0.01182,-0.00460,1
4.9674,-0.14307,0.02823,0.00606,0.00013,-0.06494,-0.00063,1.60782,-0.03685,0.00278,0.01955,0.00951,-0.00835,0.01627,-0.43559,0.90218,0,0.01359,-0.00010,-0.00859,0.41845,-0.10412,0.01182,-0.00460,1
4.9694,-0.14307,0.02823,0.00593,0.00013,-0.06604,0.00082,1.60782,-0.03671,0.00277,0.01824,0.00952,-0.00739,0.01467,-0.43568,0.90221,0,0.01359,-0.00010,-0.00859,0.41845,-0.10412,0.01182,-0.00460,1
4.9714,-0.14307,0.02823,0.00579,0.00013,-0.06701,0.00227,1.60782,-0.03657,0.00276,0.01690,0.00955,-0.00656,0.01307,-0.43569,0.90223,0,0.01359,-0.00010,-0.00859,0.41845,-0.10412,0.01182,-0.00460,1
4.9734,-0.14307,0.02823,0.00566,0.00014,-0.06787,0.00372,1.60782,-0.03643,0.00275,0.01556,0.00961,-0.00586,0.01160,-0.43569,0.90230,0,0.01359,-0.00010,-0.00859,0.41845,-0.10412,0.01182,-0.00460,1
4.9754,-0.14307,0.02823,0.00552,0.00015,-0.06861,0.00506,1.60782,-0.03629,0.00274,0.01419,0.00970,-0.00528,0.01026,-0.43570,0.90230,0,0.01359,-0.00010,-0.00859,0.41845,-0.10412,0.01182,-0.00460,1
4.9774,-0.14307,0.02823,0.00538,0.00016,-0.06923,0.00628,1.60782,-0.03614,0.00273,0.01281,0.00981,-0.00483,0.00904,-0.43573,0.90237,0,0.01359,-0.00010,-0.00859,0.41845,-0.10412,0.01182,-0.00460,1
4.9794,-0.14307,0.02823,0.00524,0.00017,-0.06973,0.00738,1.60782,-0.03600,0.00272,0.01142,0.00995,-0.00451,0.00795,-0.43571,0.90240,0,0.01359,-0.00010,-0.00859,0.41845,-0.10412,0.01182,-0.00460,1
4.9814,-0.14307,0.02823,0.00510,0.00019,-0.07011,0.00837,1.60782,-0.03586,0.00271,0.01003,0.01010,-0.00432,0.00699,-0.43573,0.90242,0,0.01359,-0.00010,-0.00859,0.41845,-0.10412,0.01182,-0.00460,1
4.9834,-0.14307,0.02823,0.00496,0.00020,-0.07037,0.00923,1.60782,-0.03572,0.00270,0.00862,0.01028,-0.00426,0.00616,-0.43579,0.90248,0,0.01359,-0.00010,-0.00859,0.41845,-0.10412,0.01182,-0.00460,1
4.9854,-0.14307,0.02823,0.00482,0.00022,-0.07051,0.00999,1.60782,-0.03557,0.00269,0.00721,0.01047,-0.00432,0.00546,-0.43581,0.90245,0,0.01359,-0.00010,-0.00859,0.41845,-0.10412,0.01182,-0.00460,1
4.9874,-0.14307,0.02823,0.00468,0.00024,-0.07054,0.01062,1.60782,-0.03543,0.00268,0.00581,0.01067,-0.00451,0.00488,-0.43579,0.90252,0,0.01359,-0.00010,-0.00859,0.41845,-0.10412,0.01182,-0.00460,1
4.9894,-0.14307,0.02823,0.00454,0.00027,-0.07045,0.01114,1.60782,-0.03529,0.00267,0.00440,0.01089,-0.00483,0.00443,-0.43585,0.90252,0,0.01359,-0.00010,-0.00859,0.41845,-0.10412,0.01182,-0.00460,1
4.9914,-0.14307,0.02823,0.00440,0.00029,-0.07023,0.01154,1.60782,-0.03515,0.00266,0.00299,0.01111,-0.00528,0.00411,-0.43586,0.90253,0,0.01359,-0.00010,-0.00859,0.41845,-0.10412,0.01182,-0.00460,1
4.9934,-0.14307,0.02823,0.00426,0.00031,-0.06990,0.01183,1.60782,-0.03500,0.00264,0.00159,0.01135,-0.00586,0.00392,-0.43585,0.90255,0,0.01359,-0.00010,-0.00859,0.41845,-0.10412,0.01182,-0.00460,1
4.9957,-0.13843,0.02870,0.00955,-0.00002,-0.05228,0.01157,1.64083,-0.03484,0.00263,0.05503,0.00826,-0.00631,0.00386,-0.43584,0.90262,0,0.01689,-0.00046,-0.01561,0.41743,-0.09755,0.01420,0.00883,1
4.9977,-0.13843,0.02870,0.00945,0.00001,-0.05204,0.01163,1.64083,-0.03470,0.00262,0.05398,0.00849,-0.00663,0.00392,-0.43582,0.90261,0,0.01689,-0.00046,-0.01561,0.41743,-0.09755,0.01420,0.00883,1
4.9997,-0.13843,0.02870,0.00934,0.00003,-0.05192,0.01157,1.64083,-0.03456,0.00261,0.05293,0.00872,-0.00682,0.00411,-0.43587,0.90261,0,0.01689,-0.00046,-0.01561,0.41743,-0.09755,0.01420,0.00883,1
5.0017,-0.13843,0.02870,0.00924,0.00005,-0.05191,0.01140,1.64083,-0.03441,0.00260,0.05189,0.00895,-0.00688,0.00443,-0.43582,0.90264,0,0.01689,-0.00046,-0.01561,0.41743,-0.09755,0.01420,0.00883,1
5.0037,-0.13843,0.02870,0.00914,0.00008,-0.05201,0.01110,1.64083,-0.03427,0.00259,0.05085,0.00917,-0.00682,0.00488,-0.43588,0.90266,0,0.01689,-0.00046,-0.01561,0.41743,-0.09755,0.01420,0.00883,1
5.0057,-0.13843,0.02870,0.00903,0.00010,-0.05223,0.01069,1.64083,-0.03413,0.00258,0.04980,0.00939,-0.00663,0.00546,-0.43594,0.90266,0,0.01689,-0.00046,-0.01561,0.41743,-0.09755,0.01420,0.00883,1
5.0077,-0.13843,0.02870,0.00893,0.00012,-0.05256,0.01017,1.64083,-0.03399,0.00257,0.04875,0.00960,-0.00631,0.00616,-0.43593,0.90269,0,0.01689,-0.00046,-0.01561,0.41743,-0.09755,0.01420,0.00883,1
5.0097,-0.13843,0.02870,0.00882,0.00014,-0.05301,0.00953,1.64083,-0.03385,0.00256,0.04769,0.00979,-0.00586,0.00699,-0.43591,0.90275,0,0.01689,-0.00046,-0.01561,0.41743,-0.09755,0.01420,0.00883,1
5.0117,-0.13843,0.02870,0.00872,0.00016,-0.05357,0.00877,1.64083,-0.03370,0.00255,0.04662,0.00997,-0.00528,0.00795,-0.43596,0.90280,0,0.01689,-0.00046,-0.01561,0.41743,-0.09755,0.01420,0.00883,1
5.0137,-0.13843,0.02870,0.00861,0.00017,-0.05425,0.00789,1.64083,-0.03356,0.00254,0.04554,0.01014,-0.00458,0.00904,-0.43597,0.90281,0,0.01689,-0.00046,-0.01561,0.41743,-0.09755,0.01420,0.00883,1
5.0157,-0.13843,0.02870,0.00850,0.00019,-0.05504,0.00690,1.64083,-0.03342,0.00252,0.04445,0.01029,-0.00375,0.01026,-0.43600,0.90282,0,0.01689,-0.00046,-0.01561,0.41743,-0.09755,0.01420,0.00883,1
5.0177,-0.13843,0.02870,0.00839,0.00020,-0.05595,0.00579,1.64083,-0.03328,0.00251,0.04333,0.01041,-0.00279,0.01160,-0.43595,0.90287,0,0.01689,-0.00046,-0.01561,0.41743,-0.09755,0.01420,0.00883,1
5.0197,-0.13843,0.02870,0.00827,0.00021,-0.05697,0.00456,1.64083,-0.03313,0.00250,0.04220,0.01052,-0.00170,0.01302,-0.43599,0.90288,0,0.01689,-0.00046,-0.01561,0.41743,-0.09755,0.01420,0.00883,1
5.0217,-0.13843,0.02870,0.00816,0.00022,-0.05810,0.00327,1.64083,-0.03299,0.00249,0.04105,0.01060,-0.00048,0.01431,-0.43595,0.90293,0,0.01689,-0.00046,-0.01561,0.41743,-0.09755,0.01420,0.00883,1
5.0237,-0.13843,0.02870,0.00804,0.00022,-0.05935,0.00209,1.64083,-0.03285,0.00248,0.03988,0.01065,0.00086,0.01548,-0.43596,0.90295,0,0.01689,-0.00046,-0.01561,0.41743,-0.09755,0.01420,0.00883,1
5.0257,-0.13843,0.02870,0.00792,0.00023,-0.06071,0.00103,1.64083,-0.03271,0.00247,0.03867,0.01068,0.00233,0.01651,-0.43595,0.90298,0,0.01689,-0.00046,-0.01561,0.41743,-0.09755,0.01420,0.00883,1
5.0277,-0.13843,0.02870,0.00780,0.00023,-0.06219,0.00008,1.64083,-0.03257,0.00246,0.03745,0.01069,0.00393,0.01742,-0.43591,0.90306,0,0.01689,-0.00046,-0.01561,0.41743,-0.09755,0.01420,0.00883,1
5.0297,-0.13843,0.02870,0.00767,0.00023,-0.06378,-0.00075,1.64083,-0.03242,0.00245,0.03619,0.01069,0.00541,0.01820,-0.43595,0.90307,0,0.01689,-0.00046,-0.01561,0.41743,-0.09755,0.01420,0.00883,1
5.0317,-0.13843,0.02870,0.00754,0.00023,-0.06525,-0.00146,1.64083,-0.03228,0.00244,0.03490,0.01067,0.00675,0.01885,-0.43585,0.90312,0,0.01689,-0.00046,-0.01561,0.41743,-0.09755,0.01420,0.00883,1
5.0337,-0.13843,0.02870,0.00741,0.00022,-0.06660,-0.00206,1.64083,-0.03214,0.00243,0.03358,0.01064,0.00797,0.01938,-0.43588,0.90315,0,0.01689,-0.00046,-0.01561,0.41743,-0.09755,0.01420,0.00883,1
5.0357,-0.13843,0.02870,0.00728,0.00022,-0.06784,-0.00254,1.64083,-0.03200,0.00242,0.03224,0.01059,0.00905,0.01977,-0.43586,0.90318,0,0.01689,-0.00046,-0.01561,0.41743,-0.09755,0.01420,0.00883,1
5.0377,-0.13843,0.02870,0.00714,0.00021,-0.06896,-0.00290,1.64083,-0.03185,0.00241,0.03087,0.01054,0.01001,0.02004,-0.43584,0.90324,0,0.01689,-0.00046,-0.01561,0.41743,-0.09755,0.01420,0.00883,1
5.0397,-0.13843,0.02870,0.00700,0.00021,-0.06995,-0.00315,1.64083,-0.03171,0.00240,0.02949,0.01048,0.01085,0.02018,-0.43578,0.90329,0,0.01689,-0.00046,-0.01561,0.41743,-0.09755,0.01420,0.00883,1
5.0417,-0.13843,0.02870,0.00686,0.00020,-0.07083,-0.00328,1.64083,-0.03157,0.00238,0.02808,0.01042,0.01155,0.02019,-0.43576,0.90332,0,0.01689,-0.00046,-0.01561,0.41743,-0.09755,0.01420,0.00883,1
5.0437,-0.13843,0.02870,0.00672,0.00019,-0.07159,-0.00329,1.64083,-0.03143,0.00237,0.02666,0.01036,0.01213,0.02008,-0.43572,0.90335,0,0.01689,-0.00046,-0.01561,0.41743,-0.09755,0.01420,0.00883,1
5.0457,-0.13843,0.02870,0.00657,0.00019,-0.07223,-0.00319,1.64083,-0.03129,0.00236,0.02523,0.01029,0.01257,0.01983,-0.43567,0.90337,0,0.01689,-0.00046,-0.01561,0.41743,-0.09755,0.01420,0.00883,1
5.0477,-0.13843,0.02870,0.00643,0.00018,-0.07275,-0.00297,1.64083,-0.03114,0.00235,0.02378,0.01023,0.01289,0.01946,-0.43563,0.90343,0,0.01689,-0.00046,-0.01561,0.41743,-0.09755,0.01420,0.00883,1
5.0497,-0.13843,0.02870,0.00628,0.00018,-0.07315,-0.00264,1.64083,-0.03100,0.00234,0.02233,0.01018,0.01309,0.01896,-0.43567,0.90345,0,0.01689,-0.00046,-0.01561,0.41743,-0.09755,0.01420,0.00883,1
5.0517,-0.13843,0.02870,0.00614,0.00017,-0.07344,-0.00219,1.64083,-0.03086,0.00233,0.02087,0.01013,0.01315,0.01833,-0.43571,0.90344,0,0.01689,-0.00046,-0.01561,0.41743,-0.09755,0.01420,0.00883,1
5.0537,-0.13843,0.02870,0.00599,0.00017,-0.07360,-0.00162,1.64083,-0.03072,0.00232,0.01940,0.01010,0.01309,0.01758,-0.43567,0.90347,0,0.01689,-0.00046,-0.01561,0.41743,-0.09755,0.01420,0.00883,1
5.0557,-0.13843,0.02870,0.00584,0.00016,-0.07365,-0.00093,1.64083,-0.03057,0.00231,0.01794,0.01007,0.01289,0.01669,-0.43568,0.90350,0,0.01689,-0.00046,-0.01561,0.41743,-0.09755,0.01420,0.00883,1
5.0577,-0.13843,0.02870,0.00570,0.00016,-0.07357,-0.00013,1.64083,-0.03043,0.00230,0.01647,0.01007,0.01257,0.01568,-0.43568,0.90349,0,0.01689,-0.00046,-0.01561,0.41743,-0.09755,0.01420,0.00883,1
5.0597,-0.13843,0.02870,0.00555,0.00016,-0.07338,0.00078,1.64083,-0.03029,0.00229,0.01500,0.01007,0.01213,0.01454,-0.43562,0.90352,0,0.01689,-0.00046,-0.01561,0.41743,-0.09755,0.01420,0.00883,1
5.0619,-0.13201,0.02799,0.01055,-0.00049,-0.05643,-0.00265,1.66033,-0.03013,0.00228,0.06610,0.00338,0.01181,0.01327,-0.43567,0.90350,0,0.01776,-0.00092,-0.02047,0.41421,-0.09363,0.01839,0.02442,1
5.0639,-0.13201,0.02799,0.01043,-0.00050,-0.05633,-0.00149,1.66033,-0.02999,0.00227,0.06497,0.00334,0.01161,0.01188,-0.43568,0.90352,0,0.01776,-0.00092,-0.02047,0.41421,-0.09363,0.01839,0.02442,1
5.0659,-0.13201,0.02799,0.01032,-0.00050,-0.05634,-0.00021,1.66033,-0.02985,0.00225,0.06384,0.00333,0.01155,0.01035,-0.43562,0.90358,0,0.01776,-0.00092,-0.02047,0.41421,-0.09363,0.01839,0.02442,1
5.0679,-0.13201,0.02799,0.01021,-0.00050,-0.05646,0.00118,1.66033,-0.02971,0.00224,0.06272,0.00334,0.01161,0.00875,-0.43560,0.90357,0,0.01776,-0.00092,-0.02047,0.41421,-0.09363,0.01839,0.02442,1
5.0699,-0.13201,0.02799,0.01010,-0.00050,-0.05670,0.00264,1.66033,-0.02956,0.00223,0.06159,0.00338,0.01181,0.00715,-0.43563,0.90357,0,0.01776,-0.00092,-0.02047,0.41421,-0.09363,0.01839,0.02442,1
5.0719,-0.13201,0.02799,0.00998,-0.00049,-0.05705,0.00411,1.66033,-0.02942,0.00222,0.06045,0.00345,0.01213,0.00567,-0.43561,0.90357,0,0.01776,-0.00092,-0.02047,0.41421,-0.09363,0.01839,0.02442,1
5.0739,-0.13201,0.02799,0.00987,-0.00048,-0.05752,0.00546,1.66033,-0.02928,0.00221,0.05930,0.00354,0.01257,0.00432,-0.43560,0.90357,0,0.01776,-0.00092,-0.02047,0.41421,-0.09363,0.01839,0.02442,1
5.0759,-0.13201,0.02799,0.00975,-0.00047,-0.05810,0.00670,1.66033,-0.02914,0.00220,0.05815,0.00366,0.01315,0.00309,-0.43561,0.90357,0,0.01776,-0.00092,-0.02047,0.41421,-0.09363,0.01839,0.02442,1
5.0779,-0.13201,0.02799,0.00964,-0.00045,-0.05879,0.00783,1.66033,-0.02899,0.00219,0.05698,0.00381,0.01385,0.00199,-0.43555,0.90361,0,0.01776,-0.00092,-0.02047,0.41421,-0.09363,0.01839,0.02442,1
5.0799,-0.13201,0.02799,0.00952,-0.00044,-0.05960,0.00883,1.66033,-0.02885,0.00218,0.05580,0.00397,0.01469,0.00102,-0.43550,0.90359,0,0.01776,-0.00092,-0.02047,0.41421,-0.09363,0.01839,0.02442,1
5.0819,-0.13201,0.02799,0.00940,-0.00042,-0.06053,0.00972,1.66033,-0.02871,0.00217,0.05460,0.00416,0.01565,0.00018,-0.43547,0.90361,0,0.01776,-0.00092,-0.02047,0.41421,-0.09363,0.01839,0.02442,1
5.0839,-0.13201,0.02799,0.00927,-0.00040,-0.06156,0.01050,1.66033,-0.02857,0.00216,0.05338,0.00436,0.01673,-0.00054,-0.43540,0.90360,0,0.01776,-0.00092,-0.02047,0.41421,-0.09363,0.01839,0.02442,1
5.0859,-0.13201,0.02799,0.00915,-0.00038,-0.06271,0.01115,1.66033,-0.02842,0.00215,0.05214,0.00457,0.01795,-0.00112,-0.43536,0.90359,0,0.01776,-0.00092,-0.02047,0.41421,-0.09363,0.01839,0.02442,1
5.0879,-0.13201,0.02799,0.00902,-0.00035,-0.06398,0.01169,1.66033,-0.02828,0.00214,0.05088,0.00480,0.01929,-0.00158,-0.43526,0.90365,0,0.01776,-0.00092,-0.02047,0.41421,-0.09363,0.01839,0.02442,1
5.0899,-0.13201,0.02799,0.00889,-0.00033,-0.06536,0.01211,1.66033,-0.02814,0.00213,0.04959,0.00503,0.02077,-0.00191,-0.43520,0.90364,0,0.01776,-0.00092,-0.02047,0.41421,-0.09363,0.01839,0.02442,1
5.0919,-0.13201,0.02799,0.00876,-0.00030,-0.06685,0.01242,1.66033,-0.02800,0.00211,0.04827,0.00528,0.02211,-0.00211,-0.43516,0.90367,0,0.01776,-0.00092,-0.02047,0.41421,-0.09363,0.01839,0.02442,1
5.0939,-0.13201,0.02799,0.00863,-0.00028,-0.06823,0.01261,1.66033,-0.02785,0.00210,0.04692,0.00552,0.02333,-0.00219,-0.43513,0.90363,0,0.01776,-0.00092,-0.02047,0.41421,-0.09363,0.01839,0.02442,1
5.0959,-0.13201,0.02799,0.00849,-0.00025,-0.06949,0.01268,1.66033,-0.02771,0.00209,0.04555,0.00577,0.02441,-0.00214,-0.43499,0.90368,0,0.01776,-0.00092,-0.02047,0.41421,-0.09363,0.01839,0.02442,1
5.0979,-0.13201,0.02799,0.00835,-0.00023,-0.07062,0.01264,1.66033,-0.02757,0.00208,0.04416,0.00602,0.02537,-0.00195,-0.43494,0.90369,0,0.01776,-0.00092,-0.02047,0.41421,-0.09363,0.01839,0.02442,1
5.0999,-0.13201,0.02799,0.00821,-0.00020,-0.07164,0.01247,1.66033,-0.02743,0.00207,0.04274,0.00627,0.02621,-0.00164,-0.43491,0.90369,0,0.01776,-0.00092,-0.02047,0.41421,-0.09363,0.01839,0.02442,1
5.1020,-0.13201,0.02799,0.00806,-0.00018,-0.07254,0.01220,1.66033,-0.02728,0.00206,0.04130,0.00652,0.02691,-0.00121,-0.43478,0.90371,0,0.01776,-0.00092,-0.02047,0.41421,-0.09363,0.01839,0.02442,1
5.1040,-0.13201,0.02799,0.00792,-0.00016,-0.07332,0.01180,1.66033,-0.02714,0.00205,0.03985,0.00675,0.02749,-0.00064,-0.43479,0.90371,0,0.01776,-0.00092,-0.02047,0.41421,-0.09363,0.01839,0.02442,1
5.1060,-0.13201,0.02799,0.00777,-0.00013,-0.07398,0.01129,1.66033,-0.02700,0.00204,0.03839,0.00698,0.02793,0.00005,-0.43476,0.90366,0,0.01776,-0.00092,-0.02047,0.41421,-0.09363,0.01839,0.02442,1
5.1080,-0.13201,0.02799,0.00762,-0.00011,-0.07453,0.01066,1.66033,-0.02686,0.00203,0.03691,0.00720,0.02825,0.00087,-0.43470,0.90368,0,0.01776,-0.00092,-0.02047,0.41421,-0.09363,0.01839,0.02442,1
5.1100,-0.13201,0.02799,0.00747,-0.00009,-0.07495,0.00991,1.66033,-0.02672,0.00202,0.03542,0.00740,0.02845,0.00182,-0.43466,0.90369,0,0.01776,-0.00092,-0.02047,0.41421,-0.09363,0.01839,0.02442,1
5.1120,-0.13201,0.02799,0.00732,-0.00007,-0.07525,0.00905,1.66033,-0.02657,0.00201,0.03393,0.00759,0.02851,0.00290,-0.43460,0.90370,0,0.01776,-0.00092,-0.02047,0.41421,-0.09363,0.01839,0.02442,1
5.1140,-0.13201,0.02799,0.00717,-0.00005,-0.07544,0.00807,1.66033,-0.02643,0.00200,0.03243,0.00776,0.02845,0.00411,-0.43465,0.90367,0,0.01776,-0.00092,-0.02047,0.41421,-0.09363,0.01839,0.02442,1
5.1160,-0.13201,0.02799,0.00702,-0.00004,-0.07550,0.00698,1.66033,-0.02629,0.00199,0.03093,0.00791,0.02825,0.00544,-0.43460,0.90373,0,0.01776,-0.00092,-0.02047,0.41421,-0.09363,0.01839,0.02442,1
5.1180,-0.13201,0.02799,0.00687,-0.00003,-0.07545,0.00577,1.66033,-0.02615,0.00198,0.02943,0.00804,0.02793,0.00690,-0.43455,0.90371,0,0.01776,-0.00092,-0.02047,0.41421,-0.09363,0.01839,0.02442,1
5.1200,-0.13201,0.02799,0.00672,-0.00002,-0.07528,0.00444,1.66033,-0.02600,0.00196,0.02793,0.00814,0.02749,0.00849,-0.43453,0.90372,0,0.01776,-0.00092,-0.02047,0.41421,-0.09363,0.01839,0.02442,1
5.1220,-0.13201,0.02799,0.00657,-0.00001,-0.07499,0.00299,1.66033,-0.02586,0.00195,0.02643,0.00821,0.02691,0.01009,-0.43454,0.90373,0,0.01776,-0.00092,-0.02047,0.41421,-0.09363,0.01839,0.02442,1
5.1240,-0.13201,0.02799,0.00642,-0.00000,-0.07458,0.00154,1.66033,-0.02572,0.00194,0.02495,0.00826,0.02621,0.01156,-0.43444,0.90375,0,0.01776,-0.00092,-0.02047,0.41421,-0.09363,0.01839,0.02442,1
5.1260,-0.13201,0.02799,0.00627,-0.00000,-0.07405,0.00020,1.66033,-0.02558,0.00193,0.02347,0.00828,0.02537,0.01291,-0.43448,0.90375,0,0.01776,-0.00092,-0.02047,0.41421,-0.09363,0.01839,0.02442,1
5.1280,-0.13201,0.02799,0.00612,-0.00000,-0.07340,-0.00102,1.66033,-0.02543,0.00192,0.02200,0.00827,0.02441,0.01412,-0.43441,0.90380,0,0.01776,-0.00092,-0.02047,0.41421,-0.09363,0.01839,0.02442,1
5.1300,-0.12259,0.02456,0.01070,0.00011,-0.05812,-0.00035,1.66239,-0.02529,0.00191,0.06985,0.00838,0.02358,0.01521,-0.43441,0.90379,0,0.01771,-0.00019,-0.02586,0.41618,-0.08871,0.01780,0.03773,1
5.1320,-0.12259,0.02456,0.01058,0.00011,-0.05755,-0.00134,1.66239,-0.02515,0.00190,0.06870,0.00837,0.02288,0.01617,-0.43436,0.90383,0,0.01771,-0.00019,-0.02586,0.41618,-0.08871,0.01780,0.03773,1
5.1340,-0.12259,0.02456,0.01047,0.00011,-0.05709,-0.00221,1.66239,-0.02500,0.00189,0.06756,0.00833,0.02230,0.01700,-0.43434,0.90385,0,0.01771,-0.00019,-0.02586,0.41618,-0.08871,0.01780,0.03773,1
5.1361,-0.12259,0.02456,0.01036,0.00010,-0.05675,-0.00297,1.66239,-0.02486,0.00188,0.06642,0.00828,0.02185,0.01771,-0.43437,0.90385,0,0.01771,-0.00019,-0.02586,0.41618,-0.08871,0.01780,0.03773,1
5.1381,-0.12259,0.02456,0.01024,0.00010,-0.05653,-0.00361,1.66239,-0.02472,0.00187,0.06529,0.00822,0.02153,0.01828,-0.43432,0.90390,0,0.01771,-0.00019,-0.02586,0.41618,-0.08871,0.01780,0.03773,1
5.1401,-0.12259,0.02456,0.01013,0.00009,-0.05642,-0.00414,1.66239,-0.02457,0.00186,0.06417,0.00814,0.02134,0.01873,-0.43429,0.90393,0,0.01771,-0.00019,-0.02586,0.41618,-0.08871,0.01780,0.03773,1
5.1421,-0.12259,0.02456,0.01002,0.00008,-0.05642,-0.00455,1.66239,-0.02443,0.00185,0.06304,0.00806,0.02128,0.01905,-0.43427,0.90398,0,0.01771,-0.00019,-0.02586,0.41618,-0.08871,0.01780,0.03773,1
5.1441,-0.12259,0.02456,0.00990,0.00007,-0.05654,-0.00484,1.66239,-0.02429,0.00183,0.06191,0.00797,0.02134,0.01924,-0.43421,0.90400,0,0.01771,-0.00019,-0.02586,0.41618,-0.08871,0.01780,0.03773,1
5.1461,-0.12259,0.02456,0.00979,0.00006,-0.05677,-0.00502,1.66239,-0.02414,0.00182,0.06079,0.00787,0.02153,0.01931,-0.43415,0.90406,0,0.01771,-0.00019,-0.02586,0.41618,-0.08871,0.01780,0.03773,1
5.1481,-0.12259,0.02456,0.00968,0.00005,-0.05712,-0.00507,1.66239,-0.02400,0.00181,0.05965,0.00777,0.02185,0.01924,-0.43411,0.90412,0,0.01771,-0.00019,-0.02586,0.41618,-0.08871,0.01780,0.03773,1
5.1501,-0.12259,0.02456,0.00956,0.00004,-0.05758,-0.00502,1.66239,-0.02386,0.00180,0.05851,0.00768,0.02230,0.01905,-0.43405,0.90412,0,0.01771,-0.00019,-0.02586,0.41618,-0.08871,0.01780,0.03773,1
5.1521,-0.12259,0.02456,0.00945,0.00003,-0.05815,-0.00484,1.66239,-0.02372,0.00179,0.05735,0.00758,0.02288,0.01873,-0.43403,0.90412,0,0.01771,-0.00019,-0.02586,0.41618,-0.08871,0.01780,0.03773,1
5.1541,-0.12259,0.02456,0.00933,0.00002,-0.05884,-0.00455,1.66239,-0.02358,0.00178,0.05619,0.00749,0.02358,0.01828,-0.43395,0.90419,0,0.01771,-0.00019,-0.02586,0.41618,-0.08871,0.01780,0.03773,1
5.1561,-0.12259,0.02456,0.00921,0.00001,-0.05965,-0.00415,1.66239,-0.02343,0.00177,0.05501,0.00740,0.02441,0.01771,-0.43391,0.90419,0,0.01771,-0.00019,-0.02586,0.41618,-0.08871,0.01780,0.03773,1
5.1581,-0.12259,0.02456,0.00909,0.00000,-0.06057,-0.00362,1.66239,-0.02329,0.00176,0.05381,0.00733,0.02537,0.01700,-0.43387,0.90422,0,0.01771,-0.00019,-0.02586,0.41618,-0.08871,0.01780,0.03773,1
5.1601,-0.12259,0.02456,0.00897,-0.00000,-0.06160,-0.00298,1.66239,-0.02315,0.00175,0.05260,0.00727,0.02646,0.01617,-0.43379,0.90425,0,0.01771,-0.00019,-0.02586,0.41618,-0.08871,0.01780,0.03773,1
5.1621,-0.12259,0.02456,0.00884,-0.00001,-0.06274,-0.00223,1.66239,-0.02301,0.00174,0.05136,0.00722,0.02768,0.01521,-0.43376,0.90428,0,0.01771,-0.00019,-0.02586,0.41618,-0.08871,0.01780,0.03773,1
5.1641,-0.12259,0.02456,0.00872,-0.00001,-0.06400,-0.00135,1.66239,-0.02286,0.00173,0.05010,0.00718,0.02877,0.01412,-0.43365,0.90433,0,0.01771,-0.00019,-0.02586,0.41618,-0.08871,0.01780,0.03773,1
5.1661,-0.12259,0.02456,0.00859,-0.00001,-0.06515,-0.00036,1.66239,-0.02272,0.00172,0.04881,0.00717,0.02973,0.01291,-0.43360,0.90432,0,0.01771,-0.00019,-0.02586,0.41618,-0.08871,0.01780,0.03773,1
5.1681,-0.12259,0.02456,0.00846,-0.00001,-0.06617,0.00074,1.66239,-0.02258,0.00171,0.04751,0.00717,0.03056,0.01156,-0.43352,0.90438,0,0.01771,-0.00019,-0.02586,0.41618,-0.08871,0.01780,0.03773,1
5.1701,-0.12259,0.02456,0.00832,-0.00001,-0.06707,0.00196,1.66239,-0.02244,0.00169,0.04618,0.00720,0.03126,0.01009,-0.43347,0.90438,0,0.01771,-0.00019,-0.02586,0.41618,-0.08871,0.01780,0.03773,1
5.1721,-0.12259,0.02456,0.00819,-0.00000,-0.06786,0.00330,1.66239,-0.02230,0.00168,0.04484,0.00725,0.03184,0.00875,-0.43333,0.90443,0,0.01771,-0.00019,-0.02586,0.41618,-0.08871,0.01780,0.03773,1
5.1741,-0.12259,0.02456,0.00805,0.00000,-0.06853,0.00452,1.66239,-0.02215,0.00167,0.04349,0.00733,0.03229,0.00753,-0.43324,0.90444,0,0.01771,-0.00019,-0.02586,0.41618,-0.08871,0.01780,0.03773,1
5.1761,-0.12259,0.02456,0.00791,0.00001,-0.06907,0.00563,1.66239,-0.02201,0.00166,0.04212,0.00743,0.03261,0.00644,-0.43320,0.90443,0,0.01771,-0.00019,-0.02586,0.41618,-0.08871,0.01780,0.03773,1
5.1781,-0.12259,0.02456,0.00778,0.00003,-0.06950,0.00662,1.66239,-0.02187,0.00165,0.04074,0.00755,0.03280,0.00548,-0.43314,0.90446,0,0.01771,-0.00019,-0.02586,0.41618,-0.08871,0.01780,0.03773,1
5.1801,-0.12259,0.02456,0.00764,0.00004,-0.06981,0.00749,1.66239,-0.02173,0.00164,0.03936,0.00769,0.03286,0.00465,-0.43308,0.90444,0,0.01771,-0.00019,-0.02586,0.41618,-0.08871,0.01780,0.03773,1
5.1821,-0.12259,0.02456,0.00750,0.00006,-0.07000,0.00825,1.66239,-0.02158,0.00163,0.03797,0.00785,0.03280,0.00395,-0.43298,0.90447,0,0.01771,-0.00019,-0.02586,0.41618,-0.08871,0.01780,0.03773,1
5.1841,-0.12259,0.02456,0.00736,0.00007,-0.07008,0.00888,1.66239,-0.02144,0.00162,0.03658,0.00802,0.03261,0.00337,-0.43287,0.90449,0,0.01771,-0.00019,-0.02586,0.41618,-0.08871,0.01780,0.03773,1
5.1862,-0.12259,0.02456,0.00722,0.00009,-0.07003,0.00941,1.66239,-0.02130,0.00161,0.03519,0.00820,0.03229,0.00292,-0.43280,0.90446,0,0.01771,-0.00019,-0.02586,0.41618,-0.08871,0.01780,0.03773,1
5.1882,-0.12259,0.02456,0.00708,0.00011,-0.06986,0.00981,1.66239,-0.02116,0.00160,0.03380,0.00839,0.03184,0.00260,-0.43275,0.90451,0,0.01771,-0.00019,-0.02586,0.41618,-0.08871,0.01780,0.03773,1
5.1902,-0.12259,0.02456,0.00694,0.00013,-0.06958,0.01010,1.66239,-0.02101,0.00159,0.03241,0.00858,0.03126,0.00241,-0.43271,0.90448,0,0.01771,-0.00019,-0.02586,0.41618,-0.08871,0.01780,0.03773,1
5.1922,-0.12259,0.02456,0.00680,0.00015,-0.06918,0.01027,1.66239,-0.02087,0.00158,0.03103,0.00879,0.03056,0.00235,-0.43271,0.90450,0,0.01771,-0.00019,-0.02586,0.41618,-0.08871,0.01780,0.03773,1
5.1942,-0.12259,0.02456,0.00666,0.00017,-0.06865,0.01033,1.66239,-0.02073,0.00157,0.02967,0.00899,0.02973,0.00241,-0.43265,0.90448,0,0.01771,-0.00019,-0.02586,0.41618,-0.08871,0.01780,0.03773,1
5.1962,-0.11461,0.01697,0.01025,0.00176,-0.05634,0.01626,1.69343,-0.02059,0.00156,0.06739,0.02235,0.02902,0.00260,-0.43258,0.90452,0,0.01619,0.00296,-0.02586,0.41618,-0.08871,0.01780,0.03773,1
5.1982,-0.11461,0.01697,0.01014,0.00179,-0.05588,0.01605,1.69343,-0.02044,0.00154,0.06627,0.02267,0.02845,0.00292,-0.43252,0.90455,0,0.01619,0.00296,-0.02586,0.41618,-0.08871,0.01780,0.03773,1
5.2002,-0.11461,0.01697,0.01003,0.00182,-0.05554,0.01573,1.69343,-0.02030,0.00153,0.06516,0.02298,0.02800,0.00337,-0.43245,0.90457,0,0.01619,0.00296,-0.02586,0.41618,-0.08871,0.01780,0.03773,1
5.2022,-0.11461,0.01697,0.00992,0.00186,-0.05531,0.01529,1.69343,-0.02016,0.00152,0.06406,0.02329,0.02768,0.00395,-0.43241,0.90459,0,0.01619,0.00296,-0.02586,0.41618,-0.08871,0.01780,0.03773,1
5.2042,-0.11461,0.01697,0.00981,0.00189,-0.05519,0.01473,1.69343,-0.02002,0.00151,0.06296,0.02358,0.02749,0.00465,-0.43236,0.90459,0,0.01619,0.00296,-0.02586,0.41618,-0.08871,0.01780,0.03773,1
5.2062,-0.11461,0.01697,0.00970,0.00191,-0.05519,0.01405,1.69343,-0.01987,0.00150,0.06186,0.02387,0.02742,0.00548,-0.43231,0.90460,0,0.01619,0.00296,-0.02586,0.41618,-0.08871,0.01780,0.03773,1
5.2082,-0.11461,0.01697,0.00959,0.00194,-0.05530,0.01326,1.69343,-0.01973,0.00149,0.06076,0.02414,0.02749,0.00644,-0.43227,0.90463,0,0.01619,0.00296,-0.02586,0.41618,-0.08871,0.01780,0.03773,1
5.2102,-0.11461,0.01697,0.00948,0.00197,-0.05553,0.01235,1.69343,-0.01959,0.00148,0.05966,0.02439,0.02768,0.00753,-0.43216,0.90468,0,0.01619,0.00296,-0.02586,0.41618,-0.08871,0.01780,0.03773,1
5.2122,-0.11461,0.01697,0.00936,0.00199,-0.05587,0.01133,1.69343,-0.01945,0.00147,0.05855,0.02462,0.02800,0.00875,-0.43217,0.90464,0,0.01619,0.00296,-0.02586,0.41618,-0.08871,0.01780,0.03773,1
5.2142,-0.11461,0.01697,0.00925,0.00201,-0.05633,0.01019,1.69343,-0.01930,0.00146,0.05744,0.02484,0.02845,0.01009,-0.43205,0.90469,0,0.01619,0.00296,-0.02586,0.41618,-0.08871,0.01780,0.03773,1
5.2162,-0.11461,0.01697,0.00914,0.00203,-0.05690,0.00893,1.69343,-0.01916,0.00145,0.05631,0.02503,0.02902,0.01156,-0.43196,0.90476,0,0.01619,0.00296,-0.02586,0.41618,-0.08871,0.01780,0.03773,1
5.2182,-0.11461,0.01697,0.00902,0.00205,-0.05758,0.00756,1.69343,-0.01902,0.00144,0.05517,0.02519,0.02973,0.01316,-0.43187,0.90478,0,0.01619,0.00296,-0.02586,0.41618,-0.08871,0.01780,0.03773,1
5.2202,-0.11461,0.01697,0.00891,0.00206,-0.05838,0.00606,1.69343,-0.01888,0.00143,0.05402,0.02532,0.03056,0.01476,-0.43183,0.90482,0,0.01619,0.00296,-0.02586,0.41618,-0.08871,0.01780,0.03773,1
5.2222,-0.11461,0.01697,0.00879,0.00207,-0.05929,0.00457,1.69343,-0.01874,0.00142,0.05285,0.02543,0.03152,0.01636,-0.43173,0.90491,0,0.01619,0.00296,-0.02586,0.41618,-0.08871,0.01780,0.03773,1
5.2242,-0.11461,0.01697,0.00867,0.00208,-0.06032,0.00308,1.69343,-0.01859,0.00140,0.05166,0.02551,0.03261,0.01796,-0.43172,0.90489,0,0.01619,0.00296,-0.02586,0.41618,-0.08871,0.01780,0.03773,1
5.2262,-0.11461,0.01697,0.00855,0.00208,-0.06146,0.00159,1.69343,-0.01845,0.00139,0.05045,0.02555,0.03357,0.01956,-0.43161,0.90495,0,0.01619,0.00296,-0.02586,0.41618,-0.08871,0.01780,0.03773,1
5.2282,-0.11461,0.01697,0.00842,0.00209,-0.06248,0.00010,1.69343,-0.01831,0.00138,0.04922,0.02557,0.03440,0.02116,-0.43153,0.90500,0,0.01619,0.00296,-0.02586,0.41618,-0.08871,0.01780,0.03773,1
5.2302,-0.11461,0.01697,0.00830,0.00209,-0.06338,-0.00139,1.69343,-0.01817,0.00137,0.04797,0.02556,0.03510,0.02276,-0.43144,0.90504,0,0.01619,0.00296,-0.02586,0.41618,-0.08871,0.01780,0.03773,1
5.2322,-0.11461,0.01697,0.00817,0.00208,-0.06417,-0.00289,1.69343,-0.01802,0.00136,0.04671,0.02552,0.03568,0.02436,-0.43136,0.90508,0,0.01619,0.00296,-0.02586,0.41618,-0.08871,0.01780,0.03773,1
5.2342,-0.11461,0.01697,0.00804,0.00207,-0.06484,-0.00438,1.69343,-0.01788,0.00135,0.04543,0.02545,0.03613,0.02596,-0.43130,0.90514,0,0.01619,0.00296,-0.02586,0.41618,-0.08871,0.01780,0.03773,1
5.2362,-0.11461,0.01697,0.00791,0.00206,-0.06538,-0.00587,1.69343,-0.01774,0.00134,0.04414,0.02535,0.03645,0.02744,-0.43124,0.90519,0,0.01619,0.00296,-0.02586,0.41618,-0.08871,0.01780,0.03773,1
5.2382,-0.11461,0.01697,0.00778,0.00205,-0.06581,-0.00724,1.69343,-0.01760,0.00133,0.04283,0.02522,0.03664,0.02878,-0.43116,0.90527,0,0.01619,0.00296,-0.02586,0.41618,-0.08871,0.01780,0.03773,1
5.2402,-0.11461,0.01697,0.00765,0.00203,-0.06612,-0.00850,1.69343,-0.01745,0.00132,0.04152,0.02506,0.03670,0.03000,-0.43108,0.90530,0,0.01619,0.00296,-0.02586,0.41618,-0.08871,0.01780,0.03773,1
5.2422,-0.11461,0.01697,0.00752,0.00202,-0.06631,-0.00964,1.69343,-0.01731,0.00131,0.04021,0.02489,0.03664,0.03108,-0.43101,0.90535,0,0.01619,0.00296,-0.02586,0.41618,-0.08871,0.01780,0.03773,1
5.2442,-0.11461,0.01697,0.00738,0.00200,-0.06639,-0.01067,1.69343,-0.01717,0.00130,0.03890,0.02469,0.03645,0.03204,-0.43098,0.90539,0,0.01619,0.00296,-0.02586,0.41618,-0.08871,0.01780,0.03773,1
5.2462,-0.11461,0.01697,0.00725,0.00197,-0.06634,-0.01158,1.69343,-0.01703,0.00129,0.03758,0.02447,0.03613,0.03288,-0.43090,0.90550,0,0.01619,0.00296,-0.02586,0.41618,-0.08871,0.01780,0.03773,1
5.2482,-0.11461,0.01697,0.00712,0.00195,-0.06618,-0.01237,1.69343,-0.01689,0.00128,0.03626,0.02423,0.03568,0.03358,-0.43084,0.90554,0,0.01619,0.00296,-0.02586,0.41618,-0.08871,0.01780,0.03773,1
5.2502,-0.11461,0.01697,0.00699,0.00192,-0.06589,-0.01304,1.69343,-0.01674,0.00126,0.03495,0.02398,0.03510,0.03416,-0.43077,0.90562,0,0.01619,0.00296,-0.02586,0.41618,-0.08871,0.01780,0.03773,1
5.2522,-0.11461,0.01697,0.00686,0.00190,-0.06549,-0.01360,1.69343,-0.01660,0.00125,0.03365,0.02372,0.03440,0.03460,-0.43077,0.90564,0,0.01619,0.00296,-0.02586,0.41618,-0.08871,0.01780,0.03773,1
5.2542,-0.11461,0.01697,0.00672,0.00187,-0.06497,-0.01404,1.69343,-0.01646,0.00124,0.03236,0.02345,0.03357,0.03492,-0.43072,0.90569,0,0.01619,0.00296,-0.02586,0.41618,-0.08871,0.01780,0.03773,1
5.2562,-0.11461,0.01697,0.00660,0.00184,-0.06433,-0.01436,1.69343,-0.01632,0.00123,0.03108,0.02317,0.03261,0.03512,-0.43070,0.90575,0,0.01619,0.00296,-0.02586,0.41618,-0.08871,0.01780,0.03773,1
5.2582,-0.11461,0.01697,0.00647,0.00181,-0.06357,-0.01457,1.69343,-0.01617,0.00122,0.02981,0.02289,0.03152,0.03518,-0.43064,0.90579,0,0.01619,0.00296,-0.02586,0.41618,-0.08871,0.01780,0.03773,1
5.2603,-0.11461,0.01697,0.00634,0.00178,-0.06270,-0.01466,1.69343,-0.01603,0.00121,0.02856,0.02260,0.03030,0.03512,-0.43065,0.90581,0,0.01619,0.00296,-0.02586,0.41618,-0.08871,0.01780,0.03773,1
5.2623,-0.10775,0.01382,0.00940,0.00243,-0.05231,-0.01374,1.68223,-0.01589,0.00120,0.06072,0.02799,0.02921,0.03492,-0.43057,0.90591,1,0.01492,0.00336,-0.04621,0.42052,-0.06652,0.01673,0.03445,1
5.2643,-0.10775,0.01382,0.00930,0.00240,-0.05149,-0.01361,1.68223,-0.01575,0.00119,0.05969,0.02772,0.02825,0.03460,-0.43056,0.90589,1,0.01492,0.00336,-0.04621,0.42052,-0.06652,0.01673,0.03445,1
5.2663,-0.10775,0.01382,0.00920,0.00237,-0.05078,-0.01336,1.68223,-0.01560,0.00118,0.05867,0.02746,0.02742,0.03416,-0.43053,0.90598,1,0.01492,0.00336,-0.04621,0.42052,-0.06652,0.01673,0.03445,1
5.2683,-0.10775,0.01382,0.00909,0.00235,-0.05019,-0.01299,1.68223,-0.01546,0.00117,0.05767,0.02720,0.02672,0.03358,-0.43048,0.90604,1,0.01492,0.00336,-0.04621,0.42052,-0.06652,0.01673,0.03445,1
5.2703,-0.10775,0.01382,0.00899,0.00232,-0.04971,-0.01251,1.68223,-0.01532,0.00116,0.05668,0.02695,0.02614,0.03288,-0.43041,0.90609,1,0.01492,0.00336,-0.04621,0.42052,-0.06652,0.01673,0.03445,1
5.2723,-0.10775,0.01382,0.00890,0.00230,-0.04934,-0.01191,1.68223,-0.01518,0.00115,0.05569,0.02671,0.02569,0.03204,-0.43037,0.90616,1,0.01492,0.00336,-0.04621,0.42052,-0.06652,0.01673,0.03445,1
5.2743,-0.10775,0.01382,0.00880,0.00227,-0.04909,-0.01120,1.68223,-0.01504,0.00114,0.05471,0.02648,0.02537,0.03108,-0.43028,0.90621,1,0.01492,0.00336,-0.04621,0.42052,-0.06652,0.01673,0.03445,1
5.2763,-0.10775,0.01382,0.00870,0.00225,-0.04895,-0.01036,1.68223,-0.01489,0.00113,0.05374,0.02627,0.02518,0.03000,-0.43026,0.90628,1,0.01492,0.00336,-0.04621,0.42052,-0.06652,0.01673,0.03445,1
5.2783,-0.10775,0.01382,0.00860,0.00223,-0.04893,-0.00941,1.68223,-0.01475,0.00111,0.05277,0.02608,0.02512,0.02878,-0.43022,0.90630,1,0.01492,0.00336,-0.04621,0.42052,-0.06652,0.01673,0.03445,1
5.2803,-0.10775,0.01382,0.00850,0.00221,-0.04902,-0.00835,1.68223,-0.01461,0.00110,0.05180,0.02590,0.02518,0.02744,-0.43017,0.90640,1,0.01492,0.00336,-0.04621,0.42052,-0.06652,0.01673,0.03445,1
5.2823,-0.10775,0.01382,0.00841,0.00220,-0.04923,-0.00717,1.68223,-0.01447,0.00109,0.05082,0.02575,0.02537,0.02622,-0.43010,0.90641,1,0.01492,0.00336,-0.04621,0.42052,-0.06652,0.01673,0.03445,1
5.2843,-0.10775,0.01382,0.00831,0.00219,-0.04955,-0.00610,1.68223,-0.01432,0.00108,0.04984,0.02562,0.02569,0.02513,-0.43004,0.90649,1,0.01492,0.00336,-0.04621,0.42052,-0.06652,0.01673,0.03445,1
5.2863,-0.10775,0.01382,0.00821,0.00217,-0.04999,-0.00515,1.68223,-0.01418,0.00107,0.04885,0.02551,0.02614,0.02417,-0.42993,0.90654,1,0.01492,0.00336,-0.04621,0.42052,-0.06652,0.01673,0.03445,1
5.2883,-0.10775,0.01382,0.00811,0.00217,-0.05054,-0.00431,1.68223,-0.01404,0.00106,0.04785,0.02542,0.02672,0.02334,-0.42986,0.90658,1,0.01492,0.00336,-0.04621,0.42052,-0.06652,0.01673,0.03445,1
5.2903,-0.10775,0.01382,0.00800,0.00216,-0.05121,-0.00360,1.68223,-0.01390,0.00105,0.04684,0.02534,0.02742,0.02264,-0.42980,0.90665,1,0.01492,0.00336,-0.04621,0.42052,-0.06652,0.01673,0.03445,1
5.2923,-0.10775,0.01382,0.00790,0.00215,-0.05199,-0.00300,1.68223,-0.01375,0.00104,0.04582,0.02528,0.02825,0.02206,-0.42975,0.90668,1,0.01492,0.00336,-0.04621,0.42052,-0.06652,0.01673,0.03445,1
5.2943,-0.10775,0.01382,0.00780,0.00215,-0.05288,-0.00251,1.68223,-0.01361,0.00103,0.04478,0.02522,0.02921,0.02161,-0.42968,0.90668,1,0.01492,0.00336,-0.04621,0.42052,-0.06652,0.01673,0.03445,1
5.2963,-0.10775,0.01382,0.00769,0.00214,-0.05389,-0.00214,1.68223,-0.01347,0.00102,0.04372,0.02518,0.03025,0.02129,-0.42959,0.90679,1,0.01492,0.00336,-0.04621,0.42052,-0.06652,0.01673,0.03445,1
5.2983,-0.10775,0.01382,0.00758,0.00214,-0.05497,-0.00189,1.68223,-0.01333,0.00101,0.04264,0.02514,0.03116,0.02110,-0.42949,0.90681,1,0.01492,0.00336,-0.04621,0.42052,-0.06652,0.01673,0.03445,1
5.3003,-0.10775,0.01382,0.00747,0.00213,-0.05593,-0.00175,1.68223,-0.01319,0.00100,0.04154,0.02511,0.03194,0.02104,-0.42943,0.90689,1,0.01492,0.00336,-0.04621,0.42052,-0.06652,0.01673,0.03445,1
5.3023,-0.10775,0.01382,0.00736,0.00213,-0.05677,-0.00173,1.68223,-0.01304,0.00099,0.04043,0.02507,0.03259,0.02110,-0.42927,0.90697,1,0.01492,0.00336,-0.04621,0.42052,-0.06652,0.01673,0.03445,1
5.3043,-0.10775,0.01382,0.00724,0.00213,-0.05749,-0.00183,1.68223,-0.01290,0.00097,0.03929,0.02504,0.03312,0.02129,-0.42923,0.90700,1,0.01492,0.00336,-0.04621,0.42052,-0.06652,0.01673,0.03445,1
5.3063,-0.10775,0.01382,0.00713,0.00212,-0.05809,-0.00204,1.68223,-0.01276,0.00096,0.03815,0.02500,0.03351,0.02161,-0.42918,0.90705,1,0.01492,0.00336,-0.04621,0.42052,-0.06652,0.01673,0.03445,1
5.3083,-0.10775,0.01382,0.00701,0.00212,-0.05858,-0.00237,1.68223,-0.01262,0.00095,0.03699,0.02496,0.03378,0.02206,-0.42909,0.90711,1,0.01492,0.00336,-0.04621,0.42052,-0.06652,0.01673,0.03445,1
5.3103,-0.10775,0.01382,0.00689,0.00211,-0.05894,-0.00281,1.68223,-0.01247,0.00094,0.03583,0.02491,0.03392,0.02264,-0.42901,0.90717,1,0.01492,0.00336,-0.04621,0.42052,-0.06652,0.01673,0.03445,1
5.3123,-0.10775,0.01382,0.00677,0.00211,-0.05919,-0.00337,1.68223,-0.01233,0.00093,0.03466,0.02485,0.03393,0.02334,-0.42895,0.90721,1,0.01492,0.00336,-0.04621,0.42052,-0.06652,0.01673,0.03445,1
5.3143,-0.10775,0.01382,0.00666,0.00210,-0.05932,-0.00405,1.68223,-0.01219,0.00092,0.03349,0.02477,0.03382,0.02417,-0.42892,0.90725,1,0.01492,0.00336,-0.04621,0.42052,-0.06652,0.01673,0.03445,1
5.3163,-0.10775,0.01382,0.00654,0.00209,-0.05933,-0.00485,1.68223,-0.01205,0.00091,0.03231,0.02469,0.03357,0.02513,-0.42881,0.90731,1,0.01492,0.00336,-0.04621,0.42052,-0.06652,0.01673,0.03445,1
5.3183,-0.10775,0.01382,0.00642,0.00208,-0.05922,-0.00576,1.68223,-0.01191,0.00090,0.03114,0.02458,0.03320,0.02596,-0.42875,0.90736,1,0.01492,0.00336,-0.04621,0.42052,-0.06652,0.01673,0.03445,1
5.3203,-0.10775,0.01382,0.00630,0.00207,-0.05900,-0.00655,1.68223,-0.01176,0.00089,0.02997,0.02446,0.03270,0.02667,-0.42870,0.90738,1,0.01492,0.00336,-0.04621,0.42052,-0.06652,0.01673,0.03445,1
5.3223,-0.10775,0.01382,0.00618,0.00205,-0.05865,-0.00722,1.68223,-0.01162,0.00088,0.02880,0.02433,0.03207,0.02724,-0.42865,0.90748,1,0.01492,0.00336,-0.04621,0.42052,-0.06652,0.01673,0.03445,1
5.3243,-0.10775,0.01382,0.00607,0.00204,-0.05819,-0.00778,1.68223,-0.01148,0.00087,0.02765,0.02418,0.03132,0.02769,-0.42859,0.90752,1,0.01492,0.00336,-0.04621,0.42052,-0.06652,0.01673,0.03445,1
5.3263,-0.10775,0.01382,0.00595,0.00202,-0.05761,-0.00823,1.68223,-0.01134,0.00086,0.02650,0.02402,0.03043,0.02801,-0.42854,0.90760,1,0.01492,0.00336,-0.04621,0.42052,-0.06652,0.01673,0.03445,1
5.3283,-0.10685,0.01289,0.00910,0.00316,-0.04665,-0.00348,1.68117,-0.01119,0.00085,0.05771,0.03495,0.02968,0.02846,-0.42848,0.90765,1,0.01418,0.00424,-0.04626,0.42019,-0.06732,0.01742,0.03529,1
5.3303,-0.10685,0.01289,0.00900,0.00315,-0.04613,-0.00395,1.68117,-0.01105,0.00083,0.05679,0.03487,0.02905,0.02904,-0.42848,0.90766,1,0.01418,0.00424,-0.04626,0.42019,-0.06732,0.01742,0.03529,1
5.3323,-0.10685,0.01289,0.00891,0.00314,-0.04571,-0.00453,1.68117,-0.01091,0.00082,0.05588,0.03479,0.02855,0.02974,-0.42845,0.90772,1,0.01418,0.00424,-0.04626,0.42019,-0.06732,0.01742,0.03529,1
5.3343,-0.10685,0.01289,0.00882,0.00313,-0.04542,-0.00522,1.68117,-0.01077,0.00081,0.05497,0.03470,0.02818,0.03057,-0.42835,0.90779,1,0.01418,0.00424,-0.04626,0.42019,-0.06732,0.01742,0.03529,1
5.3363,-0.10685,0.01289,0.00873,0.00312,-0.04523,-0.00603,1.68117,-0.01062,0.00080,0.05408,0.03459,0.02794,0.03153,-0.42836,0.90786,1,0.01418,0.00424,-0.04626,0.42019,-0.06732,0.01742,0.03529,1
5.3383,-0.10685,0.01289,0.00864,0.00311,-0.04517,-0.00696,1.68117,-0.01048,0.00079,0.05318,0.03446,0.02782,0.03262,-0.42835,0.90788,1,0.01418,0.00424,-0.04626,0.42019,-0.06732,0.01742,0.03529,1
5.3403,-0.10685,0.01289,0.00855,0.00310,-0.04521,-0.00801,1.68117,-0.01034,0.00078,0.05228,0.03431,0.02783,0.03384,-0.42830,0.90794,1,0.01418,0.00424,-0.04626,0.42019,-0.06732,0.01742,0.03529,1
5.3423,-0.10685,0.01289,0.00846,0.00308,-0.04538,-0.00917,1.68117,-0.01020,0.00077,0.05139,0.03414,0.02797,0.03492,-0.42829,0.90800,1,0.01418,0.00424,-0.04626,0.42019,-0.06732,0.01742,0.03529,1
5.3443,-0.10685,0.01289,0.00837,0.00306,-0.04565,-0.01021,1.68117,-0.01006,0.00076,0.05048,0.03395,0.02824,0.03588,-0.42819,0.90806,1,0.01418,0.00424,-0.04626,0.42019,-0.06732,0.01742,0.03529,1
5.3463,-0.10685,0.01289,0.00827,0.00304,-0.04604,-0.01114,1.68117,-0.00991,0.00075,0.04958,0.03374,0.02864,0.03672,-0.42814,0.90814,1,0.01418,0.00424,-0.04626,0.42019,-0.06732,0.01742,0.03529,1
5.3483,-0.10685,0.01289,0.00818,0.00301,-0.04655,-0.01195,1.68117,-0.00977,0.00074,0.04866,0.03352,0.02916,0.03742,-0.42810,0.90820,1,0.01418,0.00424,-0.04626,0.42019,-0.06732,0.01742,0.03529,1
5.3503,-0.10685,0.01289,0.00809,0.00299,-0.04717,-0.01264,1.68117,-0.00963,0.00073,0.04773,0.03327,0.02981,0.03800,-0.42800,0.90829,1,0.01418,0.00424,-0.04626,0.42019,-0.06732,0.01742,0.03529,1
5.3523,-0.10685,0.01289,0.00799,0.00296,-0.04790,-0.01322,1.68117,-0.00949,0.00072,0.04679,0.03302,0.03059,0.03844,-0.42792,0.90839,1,0.01418,0.00424,-0.04626,0.42019,-0.06732,0.01742,0.03529,1
5.3543,-0.10685,0.01289,0.00790,0.00294,-0.04875,-0.01368,1.68117,-0.00934,0.00071,0.04583,0.03276,0.03150,0.03876,-0.42786,0.90848,1,0.01418,0.00424,-0.04626,0.42019,-0.06732,0.01742,0.03529,1
5.3563,-0.10685,0.01289,0.00780,0.00291,-0.04972,-0.01402,1.68117,-0.00920,0.00070,0.04486,0.03248,0.03254,0.03896,-0.42777,0.90854,1,0.01418,0.00424,-0.04626,0.42019,-0.06732,0.01742,0.03529,1
5.3583,-0.10685,0.01289,0.00770,0.00288,-0.05080,-0.01425,1.68117,-0.00906,0.00068,0.04386,0.03221,0.03370,0.03902,-0.42769,0.90862,1,0.01418,0.00424,-0.04626,0.42019,-0.06732,0.01742,0.03529,1
5.3603,-0.10685,0.01289,0.00759,0.00285,-0.05199,-0.01435,1.68117,-0.00892,0.00067,0.04285,0.03193,0.03474,0.03896,-0.42766,0.90869,1,0.01418,0.00424,-0.04626,0.42019,-0.06732,0.01742,0.03529,1
5.3623,-0.10685,0.01289,0.00749,0.00282,-0.05307,-0.01435,1.68117,-0.00877,0.00066,0.04181,0.03164,0.03565,0.03876,-0.42753,0.90879,1,0.01418,0.00424,-0.04626,0.42019,-0.06732,0.01742,0.03529,1
5.3643,-0.10685,0.01289,0.00738,0.00280,-0.05402,-0.01422,1.68117,-0.00863,0.00065,0.04075,0.03136,0.03643,0.03844,-0.42745,0.90885,1,0.01418,0.00424,-0.04626,0.42019,-0.06732,0.01742,0.03529,1
5.3663,-0.10685,0.01289,0.00727,0.00277,-0.05486,-0.01398,1.68117,-0.00849,0.00064,0.03967,0.03109,0.03708,0.03800,-0.42739,0.90894,1,0.01418,0.00424,-0.04626,0.42019,-0.06732,0.01742,0.03529,1
5.3683,-0.10685,0.01289,0.00716,0.00274,-0.05558,-0.01362,1.68117,-0.00835,0.00063,0.03858,0.03081,0.03760,0.03742,-0.42724,0.90902,1,0.01418,0.00424,-0.04626,0.42019,-0.06732,0.01742,0.03529,1
5.3703,-0.10685,0.01289,0.00705,0.00271,-0.05618,-0.01315,1.68117,-0.00821,0.00062,0.03748,0.03055,0.03800,0.03672,-0.42718,0.90907,1,0.01418,0.00424,-0.04626,0.42019,-0.06732,0.01742,0.03529,1
5.3723,-0.10685,0.01289,0.00694,0.00269,-0.05667,-0.01255,1.68117,-0.00806,0.00061,0.03636,0.03030,0.03827,0.03588,-0.42709,0.90911,1,0.01418,0.00424,-0.04626,0.42019,-0.06732,0.01742,0.03529,1
5.3743,-0.10685,0.01289,0.00683,0.00266,-0.05703,-0.01185,1.68117,-0.00792,0.00060,0.03524,0.03006,0.03841,0.03492,-0.42699,0.90923,1,0.01418,0.00424,-0.04626,0.42019,-0.06732,0.01742,0.03529,1
5.3763,-0.10685,0.01289,0.00671,0.00264,-0.05728,-0.01102,1.68117,-0.00778,0.00059,0.03411,0.02983,0.03842,0.03384,-0.42688,0.90929,1,0.01418,0.00424,-0.04626,0.42019,-0.06732,0.01742,0.03529,1
5.3783,-0.10685,0.01289,0.00660,0.00262,-0.05741,-0.01008,1.68117,-0.00764,0.00058,0.03297,0.02963,0.03830,0.03262,-0.42684,0.90936,1,0.01418,0.00424,-0.04626,0.42019,-0.06732,0.01742,0.03529,1
5.3803,-0.10685,0.01289,0.00648,0.00260,-0.05742,-0.00902,1.68117,-0.00749,0.00057,0.03184,0.02944,0.03806,0.03128,-0.42677,0.90939,1,0.01418,0.00424,-0.04626,0.42019,-0.06732,0.01742,0.03529,1
5.3823,-0.10685,0.01289,0.00637,0.00258,-0.05731,-0.00784,1.68117,-0.00735,0.00056,0.03071,0.02927,0.03769,0.02983,-0.42671,0.90947,1,0.01418,0.00424,-0.04626,0.42019,-0.06732,0.01742,0.03529,1
5.3843,-0.10685,0.01289,0.00625,0.00257,-0.05708,-0.00657,1.68117,-0.00721,0.00054,0.02958,0.02913,0.03719,0.02851,-0.42669,0.90950,1,0.01418,0.00424,-0.04626,0.42019,-0.06732,0.01742,0.03529,1
5.3864,-0.10685,0.01289,0.00614,0.00256,-0.05673,-0.00542,1.68117,-0.00706,0.00053,0.02845,0.02901,0.03656,0.02732,-0.42657,0.90959,1,0.01418,0.00424,-0.04626,0.42019,-0.06732,0.01742,0.03529,1
5.3884,-0.10685,0.01289,0.00603,0.00255,-0.05627,-0.00438,1.68117,-0.00692,0.00052,0.02734,0.02892,0.03581,0.02626,-0.42653,0.90958,1,0.01418,0.00424,-0.04626,0.42019,-0.06732,0.01742,0.03529,1
5.3904,-0.10685,0.01289,0.00591,0.00254,-0.05569,-0.00346,1.68117,-0.00678,0.00051,0.02623,0.02884,0.03492,0.02532,-0.42647,0.90966,1,0.01418,0.00424,-0.04626,0.42019,-0.06732,0.01742,0.03529,1
5.3924,-0.10685,0.01289,0.00580,0.00253,-0.05499,-0.00266,1.68117,-0.00664,0.00050,0.02514,0.02878,0.03391,0.02452,-0.42645,0.90969,1,0.01418,0.00424,-0.04626,0.42019,-0.06732,0.01742,0.03529,1
5.3944,-0.10492,0.01292,0.00804,0.00315,-0.04748,-0.00091,1.68253,-0.00650,0.00049,0.04771,0.03484,0.03303,0.02384,-0.42639,0.90976,1,0.01241,0.00421,-0.04948,0.41952,-0.06429,0.01869,0.03935,1
5.3964,-0.10492,0.01292,0.00794,0.00315,-0.04682,-0.00035,1.68253,-0.00635,0.00048,0.04678,0.03482,0.03227,0.02329,-0.42626,0.90981,1,0.01241,0.00421,-0.04948,0.41952,-0.06429,0.01869,0.03935,1
5.3984,-0.10492,0.01292,0.00785,0.00315,-0.04627,0.00009,1.68253,-0.00621,0.00047,0.04586,0.03482,0.03164,0.02287,-0.42625,0.90985,1,0.01241,0.00421,-0.04948,0.41952,-0.06429,0.01869,0.03935,1
5.4004,-0.10492,0.01292,0.00776,0.00315,-0.04584,0.00042,1.68253,-0.00607,0.00046,0.04495,0.03483,0.03114,0.02257,-0.42618,0.90988,1,0.01241,0.00421,-0.04948,0.41952,-0.06429,0.01869,0.03935,1
5.4024,-0.10492,0.01292,0.00767,0.00315,-0.04552,0.00063,1.68253,-0.00593,0.00045,0.04405,0.03484,0.03077,0.02241,-0.42613,0.90991,1,0.01241,0.00421,-0.04948,0.41952,-0.06429,0.01869,0.03935,1
5.4044,-0.10492,0.01292,0.00758,0.00315,-0.04532,0.00072,1.68253,-0.00578,0.00044,0.04315,0.03485,0.03053,0.02237,-0.42601,0.91000,1,0.01241,0.00421,-0.04948,0.41952,-0.06429,0.01869,0.03935,1
5.4064,-0.10492,0.01292,0.00749,0.00315,-0.04523,0.00070,1.68253,-0.00564,0.00043,0.04226,0.03487,0.03041,0.02246,-0.42602,0.91001,1,0.01241,0.00421,-0.04948,0.41952,-0.06429,0.01869,0.03935,1
5.4084,-0.10492,0.01292,0.00740,0.00315,-0.04526,0.00057,1.68253,-0.00550,0.00042,0.04136,0.03488,0.03042,0.02268,-0.42593,0.91011,1,0.01241,0.00421,-0.04948,0.41952,-0.06429,0.01869,0.03935,1
5.4104,-0.10492,0.01292,0.00731,0.00315,-0.04540,0.00031,1.68253,-0.00536,0.00040,0.04047,0.03489,0.03056,0.02302,-0.42584,0.91014,1,0.01241,0.00421,-0.04948,0.41952,-0.06429,0.01869,0.03935,1
5.4124,-0.10492,0.01292,0.00721,0.00315,-0.04565,-0.00006,1.68253,-0.00521,0.00039,0.03957,0.03489,0.03083,0.02350,-0.42571,0.91026,1,0.01241,0.00421,-0.04948,0.41952,-0.06429,0.01869,0.03935,1
5.4144,-0.10492,0.01292,0.00712,0.00315,-0.04602,-0.00055,1.68253,-0.00507,0.00038,0.03866,0.03488,0.03123,0.02410,-0.42569,0.91028,1,0.01241,0.00421,-0.04948,0.41952,-0.06429,0.01869,0.03935,1
5.4164,-0.10492,0.01292,0.00703,0.00315,-0.04651,-0.00115,1.68253,-0.00493,0.00037,0.03775,0.03487,0.03175,0.02483,-0.42560,0.91035,1,0.01241,0.00421,-0.04948,0.41952,-0.06429,0.01869,0.03935,1
5.4184,-0.10492,0.01292,0.00694,0.00315,-0.04711,-0.00187,1.68253,-0.00479,0.00036,0.03683,0.03484,0.03215,0.02568,-0.42557,0.91037,1,0.01241,0.00421,-0.04948,0.41952,-0.06429,0.01869,0.03935,1
5.4204,-0.10492,0.01292,0.00684,0.00314,-0.04759,-0.00270,1.68253,-0.00465,0.00035,0.03589,0.03479,0.03242,0.02667,-0.42551,0.91044,1,0.01241,0.00421,-0.04948,0.41952,-0.06429,0.01869,0.03935,1
5.4224,-0.10492,0.01292,0.00675,0.00314,-0.04795,-0.00366,1.68253,-0.00450,0.00034,0.03495,0.03473,0.03256,0.02778,-0.42537,0.91053,1,0.01241,0.00421,-0.04948,0.41952,-0.06429,0.01869,0.03935,1
5.4244,-0.10492,0.01292,0.00665,0.00313,-0.04820,-0.00472,1.68253,-0.00436,0.00033,0.03400,0.03465,0.03257,0.02903,-0.42533,0.91055,1,0.01241,0.00421,-0.04948,0.41952,-0.06429,0.01869,0.03935,1
5.4264,-0.10492,0.01292,0.00655,0.00312,-0.04833,-0.00591,1.68253,-0.00422,0.00032,0.03305,0.03454,0.03245,0.03040,-0.42521,0.91060,1,0.01241,0.00421,-0.04948,0.41952,-0.06429,0.01869,0.03935,1
5.4284,-0.10492,0.01292,0.00646,0.00310,-0.04834,-0.00721,1.68253,-0.00408,0.00031,0.03209,0.03442,0.03221,0.03189,-0.42518,0.91066,1,0.01241,0.00421,-0.04948,0.41952,-0.06429,0.01869,0.03935,1
5.4304,-0.10492,0.01292,0.00636,0.00309,-0.04823,-0.00863,1.68253,-0.00393,0.00030,0.03114,0.03426,0.03184,0.03349,-0.42513,0.91076,1,0.01241,0.00421,-0.04948,0.41952,-0.06429,0.01869,0.03935,1
5.4324,-0.10492,0.01292,0.00626,0.00307,-0.04800,-0.01014,1.68253,-0.00379,0.00029,0.03019,0.03408,0.03134,0.03497,-0.42504,0.91081,1,0.01241,0.00421,-0.04948,0.41952,-0.06429,0.01869,0.03935,1
5.4344,-0.10492,0.01292,0.00617,0.00305,-0.04766,-0.01153,1.68253,-0.00365,0.00028,0.02925,0.03386,0.03071,0.03631,-0.42504,0.91087,1,0.01241,0.00421,-0.04948,0.41952,-0.06429,0.01869,0.03935,1
5.4364,-0.10492,0.01292,0.00607,0.00302,-0.04719,-0.01280,1.68253,-0.00351,0.00027,0.02831,0.03362,0.02996,0.03753,-0.42490,0.91094,1,0.01241,0.00421,-0.04948,0.41952,-0.06429,0.01869,0.03935,1
5.4384,-0.10492,0.01292,0.00598,0.00300,-0.04661,-0.01396,1.68253,-0.00337,0.00025,0.02739,0.03336,0.02907,0.03861,-0.42491,0.91100,1,0.01241,0.00421,-0.04948,0.41952,-0.06429,0.01869,0.03935,1
5.4404,-0.10492,0.01292,0.00589,0.00297,-0.04591,-0.01500,1.68253,-0.00322,0.00024,0.02648,0.03307,0.02806,0.03957,-0.42481,0.91108,1,0.01241,0.00421,-0.04948,0.41952,-0.06429,0.01869,0.03935,1
5.4424,-0.10492,0.01292,0.00580,0.00294,-0.04510,-0.01593,1.68253,-0.00308,0.00023,0.02558,0.03277,0.02692,0.04041,-0.42482,0.91113,1,0.01241,0.00421,-0.04948,0.41952,-0.06429,0.01869,0.03935,1
5.4444,-0.10492,0.01292,0.00571,0.00290,-0.04416,-0.01674,1.68253,-0.00294,0.00022,0.02470,0.03245,0.02565,0.04111,-0.42479,0.91120,1,0.01241,0.00421,-0.04948,0.41952,-0.06429,0.01869,0.03935,1
5.4464,-0.10492,0.01292,0.00562,0.00287,-0.04311,-0.01743,1.68253,-0.00280,0.00021,0.02384,0.03211,0.02426,0.04169,-0.42473,0.91130,1,0.01241,0.00421,-0.04948,0.41952,-0.06429,0.01869,0.03935,1
5.4484,-0.10492,0.01292,0.00553,0.00283,-0.04194,-0.01800,1.68253,-0.00266,0.00020,0.02300,0.03176,0.02273,0.04213,-0.42467,0.91138,1,0.01241,0.00421,-0.04948,0.41952,-0.06429,0.01869,0.03935,1
5.4504,-0.10492,0.01292,0.00545,0.00280,-0.04065,-0.01846,1.68253,-0.00251,0.00019,0.02218,0.03141,0.02113,0.04245,-0.42464,0.91145,1,0.01241,0.00421,-0.04948,0.41952,-0.06429,0.01869,0.03935,1
5.4524,-0.10492,0.01292,0.00537,0.00276,-0.03929,-0.01880,1.68253,-0.00237,0.00018,0.02140,0.03104,0.01953,0.04265,-0.42464,0.91148,1,0.01241,0.00421,-0.04948,0.41952,-0.06429,0.01869,0.03935,1
5.4544,-0.10492,0.01292,0.00529,0.00272,-0.03793,-0.01902,1.68253,-0.00223,0.00017,0.02064,0.03067,0.01806,0.04271,-0.42470,0.91155,1,0.01241,0.00421,-0.04948,0.41952,-0.06429,0.01869,0.03935,1
5.4564,-0.10492,0.01292,0.00522,0.00268,-0.03669,-0.01913,1.68253,-0.00209,0.00016,0.01990,0.03029,0.01672,0.04265,-0.42460,0.91161,1,0.01241,0.00421,-0.04948,0.41952,-0.06429,0.01869,0.03935,1
5.4584,-0.10492,0.01292,0.00515,0.00265,-0.03556,-0.01912,1.68253,-0.00194,0.00015,0.01919,0.02992,0.01550,0.04245,-0.42463,0.91168,1,0.01241,0.00421,-0.04948,0.41952,-0.06429,0.01869,0.03935,1
5.4604,-0.10492,0.01292,0.00508,0.00261,-0.03454,-0.01899,1.68253,-0.00180,0.00014,0.01850,0.02954,0.01441,0.04213,-0.42462,0.91176,1,0.01241,0.00421,-0.04948,0.41952,-0.06429,0.01869,0.03935,1
5.4624,-0.10492,0.01292,0.00501,0.00257,-0.03364,-0.01874,1.68253,-0.00166,0.00013,0.01782,0.02917,0.01345,0.04169,-0.42460,0.91183,1,0.01241,0.00421,-0.04948,0.41952,-0.06429,0.01869,0.03935,1
5.4644,-0.10492,0.01292,0.00494,0.00253,-0.03286,-0.01838,1.68253,-0.00152,0.00011,0.01717,0.02880,0.01262,0.04111,-0.42457,0.91188,1,0.01241,0.00421,-0.04948,0.41952,-0.06429,0.01869,0.03935,1
5.4664,-0.10300,0.01553,0.00708,0.00175,-0.02519,-0.02207,1.68667,-0.00137,0.00010,0.03874,0.02188,0.01192,0.04041,-0.42453,0.91198,1,0.01060,0.00180,-0.05295,0.41600,-0.06150,0.02277,0.03730,1
5.4684,-0.10300,0.01553,0.00703,0.00171,-0.02467,-0.02146,1.68667,-0.00123,0.00009,0.03825,0.02145,0.01134,0.03957,-0.42453,0.91206,1,0.01060,0.00180,-0.05295,0.41600,-0.06150,0.02277,0.03730,1
5.4704,-0.10300,0.01553,0.00698,0.00166,-0.02427,-0.02074,1.68667,-0.00109,0.00008,0.03777,0.02104,0.01089,0.03861,-0.42450,0.91212,1,0.01060,0.00180,-0.05295,0.41600,-0.06150,0.02277,0.03730,1
5.4724,-0.10300,0.01553,0.00693,0.00162,-0.02399,-0.01989,1.68667,-0.00095,0.00007,0.03729,0.02064,0.01057,0.03753,-0.42448,0.91220,1,0.01060,0.00180,-0.05295,0.41600,-0.06150,0.02277,0.03730,1
5.4745,-0.10300,0.01553,0.00688,0.00159,-0.02382,-0.01893,1.68667,-0.00080,0.00006,0.03682,0.02026,0.01038,0.03631,-0.42447,0.91227,1,0.01060,0.00180,-0.05295,0.41600,-0.06150,0.02277,0.03730,1
5.4765,-0.10300,0.01553,0.00683,0.00155,-0.02377,-0.01785,1.68667,-0.00066,0.00005,0.03635,0.01989,0.01032,0.03497,-0.42444,0.91230,1,0.01060,0.00180,-0.05295,0.41600,-0.06150,0.02277,0.03730,1
5.4785,-0.10300,0.01553,0.00679,0.00151,-0.02383,-0.01666,1.68667,-0.00052,0.00004,0.03588,0.01956,0.01038,0.03349,-0.42435,0.91242,1,0.01060,0.00180,-0.05295,0.41600,-0.06150,0.02277,0.03730,1
5.4805,-0.10300,0.01553,0.00674,0.00148,-0.02401,-0.01535,1.68667,-0.00038,0.00003,0.03541,0.01924,0.01057,0.03189,-0.42431,0.91252,1,0.01060,0.00180,-0.05295,0.41600,-0.06150,0.02277,0.03730,1
5.4825,-0.10300,0.01553,0.00669,0.00145,-0.02430,-0.01392,1.68667,-0.00023,0.00002,0.03494,0.01895,0.01089,0.03029,-0.42431,0.91255,1,0.01060,0.00180,-0.05295,0.41600,-0.06150,0.02277,0.03730,1
5.4845,-0.10300,0.01553,0.00664,0.00143,-0.02471,-0.01249,1.68667,-0.00009,0.00001,0.03445,0.01869,0.01134,0.02869,-0.42427,0.91262,1,0.01060,0.00180,-0.05295,0.41600,-0.06150,0.02277,0.03730,1
5.4865,-0.10300,0.01553,0.00659,0.00140,-0.02524,-0.01106,1.68667,-0.00000,0.00000,0.03396,0.01846,0.01192,0.02709,-0.42419,0.91269,1,0.01060,0.00180,-0.05295,0.41600,-0.06150,0.02277,0.03730,1
5.4885,-0.10300,0.01553,0.00654,0.00138,-0.02588,-0.00963,1.68667,-0.00000,0.00000,0.03346,0.01826,0.01262,0.02549,-0.42415,0.91276,1,0.01060,0.00180,-0.05295,0.41600,-0.06150,0.02277,0.03730,1
5.4905,-0.10300,0.01553,0.00649,0.00136,-0.02663,-0.00820,1.68667,-0.00000,0.00000,0.03294,0.01808,0.01345,0.02389,-0.42405,0.91279,1,0.01060,0.00180,-0.05295,0.41600,-0.06150,0.02277,0.03730,1
5.4925,-0.10300,0.01553,0.00643,0.00135,-0.02750,-0.00677,1.68667,-0.00000,0.00000,0.03241,0.01793,0.01441,0.02229,-0.42407,0.91284,1,0.01060,0.00180,-0.05295,0.41600,-0.06150,0.02277,0.03730,1
5.4945,-0.10300,0.01553,0.00638,0.00134,-0.02849,-0.00534,1.68667,-0.00000,0.00000,0.03186,0.01782,0.01550,0.02069,-0.42399,0.91292,1,0.01060,0.00180,-0.05295,0.41600,-0.06150,0.02277,0.03730,1
5.4965,-0.10300,0.01553,0.00632,0.00133,-0.02959,-0.00391,1.68667,-0.00000,0.00000,0.03129,0.01772,0.01672,0.01909,-0.42392,0.91298,1,0.01060,0.00180,-0.05295,0.41600,-0.06150,0.02277,0.03730,1
5.4985,-0.10300,0.01553,0.00626,0.00132,-0.03081,-0.00247,1.68667,-0.00000,0.00000,0.03069,0.01766,0.01806,0.01762,-0.42387,0.91304,1,0.01060,0.00180,-0.05295,0.41600,-0.06150,0.02277,0.03730,1
5.5005,-0.10300,0.01553,0.00620,0.00132,-0.03214,-0.00116,1.68667,-0.00000,0.00000,0.03007,0.01763,0.01953,0.01628,-0.42385,0.91306,1,0.01060,0.00180,-0.05295,0.41600,-0.06150,0.02277,0.03730,1
5.5025,-0.10300,0.01553,0.00613,0.00132,-0.03359,0.00004,1.68667,-0.00000,0.00000,0.02943,0.01762,0.02113,0.01506,-0.42376,0.91317,1,0.01060,0.00180,-0.05295,0.41600,-0.06150,0.02277,0.03730,1
5.5045,-0.10300,0.01553,0.00606,0.00132,-0.03515,0.00112,1.68667,-0.00000,0.00000,0.02875,0.01763,0.02273,0.01397,-0.42375,0.91319,1,0.01060,0.00180,-0.05295,0.41600,-0.06150,0.02277,0.03730,1
5.5065,-0.10300,0.01553,0.00599,0.00132,-0.03671,0.00209,1.68667,-0.00000,0.00000,0.02804,0.01766,0.02433,0.01301,-0.42370,0.91323,1,0.01060,0.00180,-0.05295,0.41600,-0.06150,0.02277,0.03730,1
5.5085,-0.10300,0.01553,0.00592,0.00133,-0.03827,0.00294,1.68667,-0.00000,0.00000,0.02731,0.01771,0.02593,0.01218,-0.42360,0.91329,1,0.01060,0.00180,-0.05295,0.41600,-0.06150,0.02277,0.03730,1
5.5105,-0.10300,0.01553,0.00584,0.00133,-0.03983,0.00367,1.68667,-0.00000,0.00000,0.02654,0.01777,0.02741,0.01148,-0.42360,0.91330,1,0.01060,0.00180,-0.05295,0.41600,-0.06150,0.02277,0.03730,1
5.5125,-0.10300,0.01553,0.00576,0.00134,-0.04127,0.00428,1.68667,-0.00000,0.00000,0.02574,0.01785,0.02875,0.01090,-0.42354,0.91337,1,0.01060,0.00180,-0.05295,0.41600,-0.06150,0.02277,0.03730,1
5.5145,-0.10300,0.01553,0.00567,0.00135,-0.04259,0.00478,1.68667,-0.00000,0.00000,0.02491,0.01794,0.02997,0.01045,-0.42349,0.91344,1,0.01060,0.00180,-0.05295,0.41600,-0.06150,0.02277,0.03730,1
5.5166,-0.10300,0.01553,0.00559,0.00136,-0.04379,0.00517,1.68667,-0.00000,0.00000,0.02406,0.01804,0.03105,0.01013,-0.42342,0.91344,1,0.01060,0.00180,-0.05295,0.41600,-0.06150,0.02277,0.03730,1
5.5186,-0.10300,0.01553,0.00550,0.00137,-0.04488,0.00543,1.68667,-0.00000,0.00000,0.02319,0.01814,0.03201,0.00994,-0.42336,0.91349,1,0.01060,0.00180,-0.05295,0.41600,-0.06150,0.02277,0.03730,1
5.5206,-0.10300,0.01553,0.00541,0.00138,-0.04585,0.00558,1.68667,-0.00000,0.00000,0.02230,0.01825,0.03285,0.00988,-0.42330,0.91350,1,0.01060,0.00180,-0.05295,0.41600,-0.06150,0.02277,0.03730,1
5.5226,-0.10300,0.01553,0.00531,0.00139,-0.04670,0.00562,1.68667,-0.00000,0.00000,0.02139,0.01836,0.03355,0.00994,-0.42326,0.91353,1,0.01060,0.00180,-0.05295,0.41600,-0.06150,0.02277,0.03730,1
5.5246,-0.10300,0.01553,0.00522,0.00140,-0.04743,0.00553,1.68667,-0.00000,0.00000,0.02046,0.01847,0.03413,0.01013,-0.42314,0.91360,1,0.01060,0.00180,-0.05295,0.41600,-0.06150,0.02277,0.03730,1
5.5266,-0.10300,0.01553,0.00512,0.00141,-0.04805,0.00533,1.68667,-0.00000,0.00000,0.01952,0.01858,0.03457,0.01045,-0.42311,0.91361,1,0.01060,0.00180,-0.05295,0.41600,-0.06150,0.02277,0.03730,1
5.5286,-0.10300,0.01553,0.00503,0.00142,-0.04854,0.00502,1.68667,-0.00000,0.00000,0.01857,0.01868,0.03489,0.01090,-0.42302,0.91363,1,0.01060,0.00180,-0.05295,0.41600,-0.06150,0.02277,0.03730,1
5.5306,-0.10202,0.01749,0.00668,0.00074,-0.04324,0.00394,1.67668,-0.00000,0.00000,0.03517,0.01256,0.03517,0.01148,-0.42293,0.91365,1,0.00973,0.00002,-0.05364,0.41375,-0.06088,0.02495,0.03724,1
5.5326,-0.10202,0.01749,0.00660,0.00075,-0.04361,0.00340,1.67668,-0.00000,0.00000,0.03432,0.01263,0.03532,0.01218,-0.42293,0.91360,1,0.00973,0.00002,-0.05364,0.41375,-0.06088,0.02495,0.03724,1
5.5346,-0.10202,0.01749,0.00651,0.00076,-0.04386,0.00275,1.67668,-0.00000,0.00000,0.03346,0.01269,0.03534,0.01276,-0.42278,0.91370,1,0.00973,0.00002,-0.05364,0.41375,-0.06088,0.02495,0.03724,1
5.5366,-0.10202,0.01749,0.00642,0.00076,-0.04399,0.00221,1.67668,-0.00000,0.00000,0.03259,0.01274,0.03523,0.01321,-0.42272,0.91372,1,0.00973,0.00002,-0.05364,0.41375,-0.06088,0.02495,0.03724,1
5.5386,-0.10202,0.01749,0.00633,0.00077,-0.04401,0.00179,1.67668,-0.00000,0.00000,0.03172,0.01278,0.03500,0.01353,-0.42270,0.91371,1,0.00973,0.00002,-0.05364,0.41375,-0.06088,0.02495,0.03724,1
5.5406,-0.10202,0.01749,0.00625,0.00077,-0.04391,0.00149,1.67668,-0.00000,0.00000,0.03086,0.01281,0.03464,0.01372,-0.42266,0.91372,1,0.00973,0.00002,-0.05364,0.41375,-0.06088,0.02495,0.03724,1
5.5426,-0.10202,0.01749,0.00616,0.00077,-0.04369,0.00130,1.67668,-0.00000,0.00000,0.03000,0.01284,0.03415,0.01378,-0.42257,0.91379,1,0.00973,0.00002,-0.05364,0.41375,-0.06088,0.02495,0.03724,1
5.5447,-0.10202,0.01749,0.00607,0.00077,-0.04335,0.00122,1.67668,-0.00000,0.00000,0.02914,0.01286,0.03353,0.01372,-0.42256,0.91375,1,0.00973,0.00002,-0.05364,0.41375,-0.06088,0.02495,0.03724,1
5.5467,-0.10202,0.01749,0.00599,0.00078,-0.04289,0.00127,1.67668,-0.00000,0.00000,0.02829,0.01289,0.03278,0.01353,-0.42250,0.91383,1,0.00973,0.00002,-0.05364,0.41375,-0.06088,0.02495,0.03724,1
5.5487,-0.10202,0.01749,0.00590,0.00078,-0.04232,0.00143,1.67668,-0.00000,0.00000,0.02745,0.01291,0.03191,0.01321,-0.42247,0.91385,1,0.00973,0.00002,-0.05364,0.41375,-0.06088,0.02495,0.03724,1
5.5507,-0.10202,0.01749,0.00582,0.00078,-0.04163,0.00171,1.67668,-0.00000,0.00000,0.02663,0.01294,0.03090,0.01294,-0.42243,0.91383,1,0.00973,0.00002,-0.05364,0.41375,-0.06088,0.02495,0.03724,1
5.5527,-0.10202,0.01749,0.00573,0.00079,-0.04082,0.00193,1.67668,-0.00000,0.00000,0.02582,0.01298,0.02977,0.01281,-0.42239,0.91383,1,0.00973,0.00002,-0.05364,0.41375,-0.06088,0.02495,0.03724,1
5.5547,-0.10202,0.01749,0.00565,0.00079,-0.03989,0.00204,1.67668,-0.00000,0.00000,0.02502,0.01302,0.02851,0.01280,-0.42234,0.91390,1,0.00973,0.00002,-0.05364,0.41375,-0.06088,0.02495,0.03724,1
5.5567,-0.10202,0.01749,0.00557,0.00079,-0.03884,0.00203,1.67668,-0.00000,0.00000,0.02425,0.01306,0.02713,0.01292,-0.42235,0.91388,1,0.00973,0.00002,-0.05364,0.41375,-0.06088,0.02495,0.03724,1
5.5587,-0.10202,0.01749,0.00550,0.00080,-0.03768,0.00191,1.67668,-0.00000,0.00000,0.02350,0.01310,0.02561,0.01310,-0.42230,0.91391,1,0.00973,0.00002,-0.05364,0.41375,-0.06088,0.02495,0.03724,1
5.5607,-0.10202,0.01749,0.00542,0.00080,-0.03640,0.00173,1.67668,-0.00000,0.00000,0.02277,0.01313,0.02401,0.01314,-0.42226,0.91389,1,0.00973,0.00002,-0.05364,0.41375,-0.06088,0.02495,0.03724,1
5.5627,-0.10202,0.01749,0.00535,0.00080,-0.03504,0.00168,1.67668,-0.00000,0.00000,0.02206,0.01317,0.02241,0.01317,-0.42223,0.91394,1,0.00973,0.00002,-0.05364,0.41375,-0.06088,0.02495,0.03724,1
5.5647,-0.10202,0.01749,0.00528,0.00081,-0.03368,0.00164,1.67668,-0.00000,0.00000,0.02139,0.01320,0.02094,0.01320,-0.42223,0.91392,1,0.00973,0.00002,-0.05364,0.41375,-0.06088,0.02495,0.03724,1
5.5667,-0.10202,0.01749,0.00522,0.00081,-0.03243,0.00160,1.67668,-0.00000,0.00000,0.02074,0.01323,0.01960,0.01323,-0.42220,0.91393,1,0.00973,0.00002,-0.05364,0.41375,-0.06088,0.02495,0.03724,1
5.5687,-0.10202,0.01749,0.00515,0.00081,-0.03130,0.00156,1.67668,-0.00000,0.00000,0.02011,0.01326,0.01838,0.01326,-0.42217,0.91400,1,0.00973,0.00002,-0.05364,0.41375,-0.06088,0.02495,0.03724,1
5.5707,-0.10202,0.01749,0.00509,0.00082,-0.03029,0.00151,1.67668,-0.00000,0.00000,0.01950,0.01329,0.01729,0.01329,-0.42214,0.91401,1,0.00973,0.00002,-0.05364,0.41375,-0.06088,0.02495,0.03724,1
5.5728,-0.10202,0.01749,0.00503,0.00082,-0.02939,0.00147,1.67668,-0.00000,0.00000,0.01892,0.01332,0.01633,0.01332,-0.42210,0.91406,1,0.00973,0.00002,-0.05364,0.41375,-0.06088,0.02495,0.03724,1
5.5747,-0.10202,0.01749,0.00497,0.00082,-0.02861,0.00143,1.67668,-0.00000,0.00000,0.01835,0.01335,0.01550,0.01335,-0.42213,0.91406,1,0.00973,0.00002,-0.05364,0.41375,-0.06088,0.02495,0.03724,1
5.5768,-0.10202,0.01749,0.00492,0.00083,-0.02794,0.00139,1.67668,-0.00000,0.00000,0.01779,0.01338,0.01480,0.01338,-0.42202,0.91411,1,0.00973,0.00002,-0.05364,0.41375,-0.06088,0.02495,0.03724,1
5.5788,-0.10202,0.01749,0.00486,0.00083,-0.02738,0.00135,1.67668,-0.00000,0.00000,0.01724,0.01340,0.01422,0.01340,-0.42200,0.91414,1,0.00973,0.00002,-0.05364,0.41375,-0.06088,0.02495,0.03724,1
5.5808,-0.10202,0.01749,0.00481,0.00083,-0.02695,0.00131,1.67668,-0.00000,0.00000,0.01671,0.01343,0.01377,0.01343,-0.42194,0.91417,1,0.00973,0.00002,-0.05364,0.41375,-0.06088,0.02495,0.03724,1
5.5828,-0.10202,0.01749,0.00475,0.00083,-0.02662,0.00127,1.67668,-0.00000,0.00000,0.01618,0.01346,0.01345,0.01346,-0.42193,0.91417,1,0.00973,0.00002,-0.05364,0.41375,-0.06088,0.02495,0.03724,1
5.5848,-0.10202,0.01749,0.00470,0.00084,-0.02642,0.00123,1.67668,-0.00000,0.00000,0.01566,0.01348,0.01326,0.01348,-0.42184,0.91426,1,0.00973,0.00002,-0.05364,0.41375,-0.06088,0.02495,0.03724,1
5.5868,-0.10202,0.01749,0.00465,0.00084,-0.02632,0.00119,1.67668,-0.00000,0.00000,0.01514,0.01350,0.01320,0.01350,-0.42178,0.91427,1,0.00973,0.00002,-0.05364,0.41375,-0.06088,0.02495,0.03724,1
5.5888,-0.10202,0.01749,0.00460,0.00084,-0.02635,0.00116,1.67668,-0.00000,0.00000,0.01462,0.01353,0.01326,0.01353,-0.42173,0.91430,1,0.00973,0.00002,-0.05364,0.41375,-0.06088,0.02495,0.03724,1
5.5908,-0.10202,0.01749,0.00454,0.00084,-0.02649,0.00112,1.67668,-0.00000,0.00000,0.01410,0.01355,0.01345,0.01355,-0.42170,0.91435,1,0.00973,0.00002,-0.05364,0.41375,-0.06088,0.02495,0.03724,1
5.5928,-0.10202,0.01749,0.00449,0.00085,-0.02674,0.00109,1.67668,-0.00000,0.00000,0.01358,0.01357,0.01358,0.01357,-0.42167,0.91435,1,0.00973,0.00002,-0.05364,0.41375,-0.06088,0.02495,0.03724,1
5.5948,-0.10202,0.01749,0.00444,0.00085,-0.02693,0.00105,1.67668,-0.00000,0.00000,0.01305,0.01359,0.01358,0.01359,-0.42161,0.91441,1,0.00973,0.00002,-0.05364,0.41375,-0.06088,0.02495,0.03724,1
5.5968,-0.10001,0.01917,0.00562,-0.00038,-0.02161,-0.00326,1.68588,-0.00000,0.00000,0.02528,0.00200,0.01371,0.01349,-0.42149,0.91448,1,0.00786,-0.00152,-0.05421,0.41160,-0.06099,0.02729,0.03823,1
5.5988,-0.10001,0.01917,0.00557,-0.00039,-0.02183,-0.00316,1.68588,-0.00000,0.00000,0.02485,0.00194,0.01396,0.01325,-0.42149,0.91448,1,0.00786,-0.00152,-0.05421,0.41160,-0.06099,0.02729,0.03823,1
5.6008,-0.10001,0.01917,0.00553,-0.00039,-0.02216,-0.00294,1.68588,-0.00000,0.00000,0.02442,0.00188,0.01434,0.01289,-0.42146,0.91452,1,0.00786,-0.00152,-0.05421,0.41160,-0.06099,0.02729,0.03823,1
5.6028,-0.10001,0.01917,0.00549,-0.00040,-0.02260,-0.00260,1.68588,-0.00000,0.00000,0.02398,0.00183,0.01485,0.01240,-0.42146,0.91454,1,0.00786,-0.00152,-0.05421,0.41160,-0.06099,0.02729,0.03823,1
5.6049,-0.10001,0.01917,0.00544,-0.00040,-0.02317,-0.00215,1.68588,-0.00000,0.00000,0.02353,0.00178,0.01549,0.01178,-0.42138,0.91460,1,0.00786,-0.00152,-0.05421,0.41160,-0.06099,0.02729,0.03823,1
5.6069,-0.10001,0.01917,0.00539,-0.00041,-0.02384,-0.00158,1.68588,-0.00000,0.00000,0.02307,0.00174,0.01626,0.01103,-0.42129,0.91464,1,0.00786,-0.00152,-0.05421,0.41160,-0.06099,0.02729,0.03823,1
5.6089,-0.10001,0.01917,0.00534,-0.00041,-0.02464,-0.00089,1.68588,-0.00000,0.00000,0.02259,0.00172,0.01716,0.01016,-0.42130,0.91466,1,0.00786,-0.00152,-0.05421,0.41160,-0.06099,0.02729,0.03823,1
5.6109,-0.10001,0.01917,0.00529,-0.00041,-0.02554,-0.00009,1.68588,-0.00000,0.00000,0.02210,0.00171,0.01818,0.00915,-0.42122,0.91471,1,0.00786,-0.00152,-0.05421,0.41160,-0.06099,0.02729,0.03823,1
5.6129,-0.10001,0.01917,0.00524,-0.00041,-0.02657,0.00083,1.68588,-0.00000,0.00000,0.02158,0.00172,0.01933,0.00802,-0.42118,0.91475,1,0.00786,-0.00152,-0.05421,0.41160,-0.06099,0.02729,0.03823,1
5.6149,-0.10001,0.01917,0.00519,-0.00041,-0.02770,0.00186,1.68588,-0.00000,0.00000,0.02105,0.00174,0.02061,0.00676,-0.42113,0.91476,1,0.00786,-0.00152,-0.05421,0.41160,-0.06099,0.02729,0.03823,1
5.6169,-0.10001,0.01917,0.00513,-0.00040,-0.02896,0.00302,1.68588,-0.00000,0.00000,0.02049,0.00179,0.02176,0.00538,-0.42110,0.91474,1,0.00786,-0.00152,-0.05421,0.41160,-0.06099,0.02729,0.03823,1
5.6189,-0.10001,0.01917,0.00507,-0.00040,-0.03009,0.00428,1.68588,-0.00000,0.00000,0.01991,0.00186,0.02278,0.00386,-0.42106,0.91479,1,0.00786,-0.00152,-0.05421,0.41160,-0.06099,0.02729,0.03823,1
5.6209,-0.10001,0.01917,0.00501,-0.00039,-0.03111,0.00567,1.68588,-0.00000,0.00000,0.01931,0.00196,0.02368,0.00226,-0.42102,0.91479,1,0.00786,-0.00152,-0.05421,0.41160,-0.06099,0.02729,0.03823,1
5.6229,-0.10001,0.01917,0.00495,-0.00037,-0.03202,0.00713,1.68588,-0.00000,0.00000,0.01869,0.00209,0.02444,0.00079,-0.42097,0.91484,1,0.00786,-0.00152,-0.05421,0.41160,-0.06099,0.02729,0.03823,1
5.6249,-0.10001,0.01917,0.00488,-0.00036,-0.03280,0.00847,1.68588,-0.00000,0.00000,0.01805,0.00224,0.02508,-0.00056,-0.42094,0.91484,1,0.00786,-0.00152,-0.05421,0.41160,-0.06099,0.02729,0.03823,1
5.6269,-0.10001,0.01917,0.00482,-0.00034,-0.03347,0.00970,1.68588,-0.00000,0.00000,0.01740,0.00242,0.02559,-0.00177,-0.42089,0.91481,1,0.00786,-0.00152,-0.05421,0.41160,-0.06099,0.02729,0.03823,1
5.6289,-0.10001,0.01917,0.00475,-0.00032,-0.03401,0.01081,1.68588,-0.00000,0.00000,0.01673,0.00262,0.02598,-0.00286,-0.42081,0.91486,1,0.00786,-0.00152,-0.05421,0.41160,-0.06099,0.02729,0.03823,1
5.6310,-0.10001,0.01917,0.00468,-0.00030,-0.03445,0.01181,1.68588,-0.00000,0.00000,0.01606,0.00284,0.02623,-0.00382,-0.42078,0.91485,1,0.00786,-0.00152,-0.05421,0.41160,-0.06099,0.02729,0.03823,1
5.6330,-0.10001,0.01917,0.00461,-0.00027,-0.03476,0.01268,1.68588,-0.00000,0.00000,0.01538,0.00308,0.02636,-0.00465,-0.42072,0.91485,1,0.00786,-0.00152,-0.05421,0.41160,-0.06099,0.02729,0.03823,1
5.6350,-0.10001,0.01917,0.00454,-0.00024,-0.03496,0.01345,1.68588,-0.00000,0.00000,0.01469,0.00334,0.02636,-0.00536,-0.42067,0.91486,1,0.00786,-0.00152,-0.05421,0.41160,-0.06099,0.02729,0.03823,1
5.6370,-0.10001,0.01917,0.00447,-0.00022,-0.03503,0.01409,1.68588,-0.00000,0.00000,0.01401,0.00361,0.02623,-0.00593,-0.42066,0.91482,1,0.00786,-0.00152,-0.05421,0.41160,-0.06099,0.02729,0.03823,1
5.6390,-0.10001,0.01917,0.00440,-0.00019,-0.03499,0.01462,1.68588,-0.00000,0.00000,0.01332,0.00389,0.02597,-0.00638,-0.42058,0.91481,1,0.00786,-0.00152,-0.05421,0.41160,-0.06099,0.02729,0.03823,1
5.6410,-0.10001,0.01917,0.00433,-0.00016,-0.03484,0.01503,1.68588,-0.00000,0.00000,0.01263,0.00419,0.02558,-0.00670,-0.42048,0.91484,1,0.00786,-0.00152,-0.05421,0.41160,-0.06099,0.02729,0.03823,1
5.6430,-0.10001,0.01917,0.00426,-0.00013,-0.03456,0.01532,1.68588,-0.00000,0.00000,0.01195,0.00448,0.02507,-0.00689,-0.42050,0.91478,1,0.00786,-0.00152,-0.05421,0.41160,-0.06099,0.02729,0.03823,1
5.6450,-0.10001,0.01917,0.00419,-0.00010,-0.03417,0.01550,1.68588,-0.00000,0.00000,0.01127,0.00479,0.02443,-0.00696,-0.42046,0.91479,1,0.00786,-0.00152,-0.05421,0.41160,-0.06099,0.02729,0.03823,1
5.6470,-0.10001,0.01917,0.00413,-0.00007,-0.03366,0.01555,1.68588,-0.00000,0.00000,0.01060,0.00509,0.02366,-0.00689,-0.42035,0.91477,1,0.00786,-0.00152,-0.05421,0.41160,-0.06099,0.02729,0.03823,1
5.6490,-0.10001,0.01917,0.00406,-0.00004,-0.03303,0.01550,1.68588,-0.00000,0.00000,0.00995,0.00540,0.02276,-0.00670,-0.42038,0.91474,1,0.00786,-0.00152,-0.05421,0.41160,-0.06099,0.02729,0.03823,1
5.6510,-0.10001,0.01917,0.00399,-0.00000,-0.03229,0.01532,1.68588,-0.00000,0.00000,0.00930,0.00570,0.02174,-0.00638,-0.42030,0.91478,1,0.00786,-0.00152,-0.05421,0.41160,-0.06099,0.02729,0.03823,1
5.6531,-0.10001,0.01917,0.00393,0.00003,-0.03143,0.01503,1.68588,-0.00000,0.00000,0.00868,0.00600,0.02059,-0.00593,-0.42031,0.91475,1,0.00786,-0.00152,-0.05421,0.41160,-0.06099,0.02729,0.03823,1
5.6551,-0.10001,0.01917,0.00387,0.00006,-0.03045,0.01462,1.68588,-0.00000,0.00000,0.00807,0.00629,0.01930,-0.00536,-0.42030,0.91473,1,0.00786,-0.00152,-0.05421,0.41160,-0.06099,0.02729,0.03823,1
5.6571,-0.10001,0.01917,0.00381,0.00008,-0.02935,0.01410,1.68588,-0.00000,0.00000,0.00748,0.00658,0.01790,-0.00465,-0.42025,0.91473,1,0.00786,-0.00152,-0.05421,0.41160,-0.06099,0.02729,0.03823,1
5.6591,-0.10001,0.01917,0.00375,0.00011,-0.02814,0.01345,1.68588,-0.00000,0.00000,0.00691,0.00685,0.01636,-0.00382,-0.42021,0.91470,1,0.00786,-0.00152,-0.05421,0.41160,-0.06099,0.02729,0.03823,1
5.6611,-0.10001,0.01917,0.00370,0.00014,-0.02680,0.01270,1.68588,-0.00000,0.00000,0.00637,0.00710,0.01476,-0.00286,-0.42021,0.91467,1,0.00786,-0.00152,-0.05421,0.41160,-0.06099,0.02729,0.03823,1
5.6631,-0.09838,0.01935,0.00437,-0.00049,-0.02497,0.01168,1.67968,-0.00000,0.00000,0.01348,0.00094,0.01329,-0.00177,-0.42013,0.91467,1,0.00639,-0.00169,-0.05595,0.41111,-0.05939,0.02811,0.03440,1
5.6651,-0.09838,0.01935,0.00432,-0.00047,-0.02371,0.01070,1.67968,-0.00000,0.00000,0.01300,0.00116,0.01194,-0.00056,-0.42013,0.91467,1,0.00639,-0.00169,-0.05595,0.41111,-0.05939,0.02811,0.03440,1
5.6671,-0.09838,0.01935,0.00427,-0.00045,-0.02256,0.00960,1.67968,-0.00000,0.00000,0.01254,0.00136,0.01073,0.00079,-0.42016,0.91466,1,0.00639,-0.00169,-0.05595,0.41111,-0.05939,0.02811,0.03440,1
5.6691,-0.09838,0.01935,0.00423,-0.00043,-0.02153,0.00838,1.67968,-0.00000,0.00000,0.01211,0.00154,0.00964,0.00200,-0.42010,0.91468,1,0.00639,-0.00169,-0.05595,0.41111,-0.05939,0.02811,0.03440,1
5.6711,-0.09838,0.01935,0.00419,-0.00042,-0.02062,0.00729,1.67968,-0.00000,0.00000,0.01170,0.00169,0.00868,0.00309,-0.42012,0.91464,1,0.00639,-0.00169,-0.05595,0.41111,-0.05939,0.02811,0.03440,1
5.6731,-0.09838,0.01935,0.00415,-0.00040,-0.01982,0.00630,1.67968,-0.00000,0.00000,0.01130,0.00183,0.00785,0.00405,-0.42008,0.91462,1,0.00639,-0.00169,-0.05595,0.41111,-0.05939,0.02811,0.03440,1
5.6751,-0.09838,0.01935,0.00411,-0.00039,-0.01914,0.00544,1.67968,-0.00000,0.00000,0.01091,0.00194,0.00714,0.00488,-0.42010,0.91462,1,0.00639,-0.00169,-0.05595,0.41111,-0.05939,0.02811,0.03440,1
5.6771,-0.09838,0.01935,0.00407,-0.00038,-0.01857,0.00469,1.67968,-0.00000,0.00000,0.01054,0.00204,0.00657,0.00559,-0.42006,0.91468,1,0.00639,-0.00169,-0.05595,0.41111,-0.05939,0.02811,0.03440,1
5.6791,-0.09838,0.01935,0.00403,-0.00037,-0.01812,0.00406,1.67968,-0.00000,0.00000,0.01018,0.00213,0.00612,0.00616,-0.42006,0.91465,1,0.00639,-0.00169,-0.05595,0.41111,-0.05939,0.02811,0.03440,1
5.6812,-0.09838,0.01935,0.00400,-0.00037,-0.01778,0.00354,1.67968,-0.00000,0.00000,0.00983,0.00220,0.00580,0.00661,-0.42004,0.91468,1,0.00639,-0.00169,-0.05595,0.41111,-0.05939,0.02811,0.03440,1
5.6832,-0.09838,0.01935,0.00396,-0.00036,-0.01756,0.00314,1.67968,-0.00000,0.00000,0.00948,0.00227,0.00561,0.00693,-0.42003,0.91472,1,0.00639,-0.00169,-0.05595,0.41111,-0.05939,0.02811,0.03440,1
5.6852,-0.09838,0.01935,0.00393,-0.00035,-0.01746,0.00285,1.67968,-0.00000,0.00000,0.00914,0.00233,0.00554,0.00712,-0.41996,0.91471,1,0.00639,-0.00169,-0.05595,0.41111,-0.05939,0.02811,0.03440,1
5.6872,-0.09838,0.01935,0.00389,-0.00035,-0.01747,0.00268,1.67968,-0.00000,0.00000,0.00879,0.00238,0.00561,0.00719,-0.41999,0.91476,1,0.00639,-0.00169,-0.05595,0.41111,-0.05939,0.02811,0.03440,1
5.6892,-0.09838,0.01935,0.00386,-0.00034,-0.01759,0.00263,1.67968,-0.00000,0.00000,0.00845,0.00244,0.00580,0.00712,-0.41998,0.91475,1,0.00639,-0.00169,-0.05595,0.41111,-0.05939,0.02811,0.03440,1
5.6912,-0.09838,0.01935,0.00382,-0.00034,-0.01784,0.00270,1.67968,-0.00000,0.00000,0.00810,0.00249,0.00612,0.00693,-0.41997,0.91478,1,0.00639,-0.00169,-0.05595,0.41111,-0.05939,0.02811,0.03440,1
5.6932,-0.09838,0.01935,0.00379,-0.00033,-0.01820,0.00288,1.67968,-0.00000,0.00000,0.00774,0.00254,0.00657,0.00661,-0.41997,0.91482,1,0.00639,-0.00169,-0.05595,0.41111,-0.05939,0.02811,0.03440,1
5.6952,-0.09838,0.01935,0.00375,-0.00033,-0.01867,0.00317,1.67968,-0.00000,0.00000,0.00738,0.00260,0.00714,0.00616,-0.41992,0.91481,1,0.00639,-0.00169,-0.05595,0.41111,-0.05939,0.02811,0.03440,1
5.6972,-0.09838,0.01935,0.00371,-0.00032,-0.01926,0.00359,1.67968,-0.00000,0.00000,0.00701,0.00267,0.00759,0.00559,-0.41987,0.91483,1,0.00639,-0.00169,-0.05595,0.41111,-0.05939,0.02811,0.03440,1
5.6992,-0.09838,0.01935,0.00367,-0.00031,-0.01973,0.00412,1.67968,-0.00000,0.00000,0.00663,0.00274,0.00791,0.00488,-0.41984,0.91481,1,0.00639,-0.00169,-0.05595,0.41111,-0.05939,0.02811,0.03440,1
5.7012,-0.09838,0.01935,0.00363,-0.00030,-0.02009,0.00476,1.67968,-0.00000,0.00000,0.00623,0.00283,0.00810,0.00405,-0.41982,0.91486,1,0.00639,-0.00169,-0.05595,0.41111,-0.05939,0.02811,0.03440,1
5.7032,-0.09838,0.01935,0.00359,-0.00029,-0.02033,0.00552,1.67968,-0.00000,0.00000,0.00584,0.00293,0.00817,0.00309,-0.41985,0.91483,1,0.00639,-0.00169,-0.05595,0.41111,-0.05939,0.02811,0.03440,1
5.7052,-0.09838,0.01935,0.00355,-0.00028,-0.02045,0.00640,1.67968,-0.00000,0.00000,0.00543,0.00305,0.00810,0.00226,-0.41981,0.91485,1,0.00639,-0.00169,-0.05595,0.41111,-0.05939,0.02811,0.03440,1
5.7072,-0.09838,0.01935,0.00351,-0.00027,-0.02045,0.00716,1.67968,-0.00000,0.00000,0.00503,0.00318,0.00791,0.00156,-0.41977,0.91487,1,0.00639,-0.00169,-0.05595,0.41111,-0.05939,0.02811,0.03440,1
5.7092,-0.09838,0.01935,0.00347,-0.00025,-0.02034,0.00781,1.67968,-0.00000,0.00000,0.00463,0.00333,0.00759,0.00098,-0.41973,0.91488,1,0.00639,-0.00169,-0.05595,0.41111,-0.05939,0.02811,0.03440,1
5.7112,-0.09838,0.01935,0.00343,-0.00024,-0.02011,0.00833,1.67968,-0.00000,0.00000,0.00423,0.00349,0.00714,0.00053,-0.41977,0.91485,1,0.00639,-0.00169,-0.05595,0.41111,-0.05939,0.02811,0.03440,1
5.7132,-0.09838,0.01935,0.00339,-0.00022,-0.01976,0.00874,1.67968,-0.00000,0.00000,0.00384,0.00366,0.00657,0.00021,-0.41970,0.91487,1,0.00639,-0.00169,-0.05595,0.41111,-0.05939,0.02811,0.03440,1
5.7152,-0.09838,0.01935,0.00335,-0.00020,-0.01930,0.00904,1.67968,-0.00000,0.00000,0.00346,0.00383,0.00586,0.00002,-0.41973,0.91488,1,0.00639,-0.00169,-0.05595,0.41111,-0.05939,0.02811,0.03440,1
5.7172,-0.09838,0.01935,0.00331,-0.00018,-0.01872,0.00922,1.67968,-0.00000,0.00000,0.00308,0.00401,0.00503,-0.00004,-0.41972,0.91484,1,0.00639,-0.00169,-0.05595,0.41111,-0.05939,0.02811,0.03440,1
5.7192,-0.09838,0.01935,0.00328,-0.00016,-0.01802,0.00928,1.67968,-0.00000,0.00000,0.00272,0.00419,0.00407,0.00002,-0.41970,0.91483,1,0.00639,-0.00169,-0.05595,0.41111,-0.05939,0.02811,0.03440,1
5.7212,-0.09838,0.01935,0.00324,-0.00015,-0.01720,0.00922,1.67968,-0.00000,0.00000,0.00237,0.00438,0.00298,0.00021,-0.41971,0.91483,1,0.00639,-0.00169,-0.05595,0.41111,-0.05939,0.02811,0.03440,1
5.7232,-0.09838,0.01935,0.00321,-0.00013,-0.01627,0.00905,1.67968,-0.00000,0.00000,0.00204,0.00456,0.00202,0.00053,-0.41971,0.91480,1,0.00639,-0.00169,-0.05595,0.41111,-0.05939,0.02811,0.03440,1
5.7252,-0.09838,0.01935,0.00318,-0.00011,-0.01546,0.00876,1.67968,-0.00000,0.00000,0.00173,0.00473,0.00119,0.00098,-0.41965,0.91484,1,0.00639,-0.00169,-0.05595,0.41111,-0.05939,0.02811,0.03440,1
5.7272,-0.09838,0.01935,0.00315,-0.00009,-0.01475,0.00835,1.67968,-0.00000,0.00000,0.00144,0.00490,0.00049,0.00156,-0.41975,0.91481,1,0.00639,-0.00169,-0.05595,0.41111,-0.05939,0.02811,0.03440,1
5.7292,-0.09838,0.01935,0.00312,-0.00008,-0.01417,0.00783,1.67968,-0.00000,0.00000,0.00115,0.00506,-0.00009,0.00226,-0.41968,0.91482,1,0.00639,-0.00169,-0.05595,0.41111,-0.05939,0.02811,0.03440,1
5.7313,-0.09707,0.01843,0.00380,-0.00034,-0.01178,0.00684,1.67529,-0.00000,0.00000,0.00824,0.00215,-0.00054,0.00284,-0.41970,0.91484,1,0.00520,-0.00085,-0.05714,0.41182,-0.05816,0.02767,0.03816,1
5.7333,-0.09707,0.01843,0.00377,-0.00033,-0.01144,0.00632,1.67529,-0.00000,0.00000,0.00801,0.00228,-0.00086,0.00328,-0.41970,0.91484,1,0.00520,-0.00085,-0.05714,0.41182,-0.05816,0.02767,0.03816,1
5.7353,-0.09707,0.01843,0.00375,-0.00032,-0.01122,0.00592,1.67529,-0.00000,0.00000,0.00778,0.00240,-0.00105,0.00360,-0.41971,0.91483,1,0.00520,-0.00085,-0.05714,0.41182,-0.05816,0.02767,0.03816,1
5.7373,-0.09707,0.01843,0.00373,-0.00031,-0.01111,0.00563,1.67529,-0.00000,0.00000,0.00756,0.00251,-0.00111,0.00380,-0.41972,0.91484,1,0.00520,-0.00085,-0.05714,0.41182,-0.05816,0.02767,0.03816,1
5.7393,-0.09707,0.01843,0.00371,-0.00030,-0.01112,0.00546,1.67529,-0.00000,0.00000,0.00735,0.00262,-0.00105,0.00386,-0.41972,0.91486,1,0.00520,-0.00085,-0.05714,0.41182,-0.05816,0.02767,0.03816,1
5.7413,-0.09707,0.01843,0.00368,-0.00028,-0.01124,0.00541,1.67529,-0.00000,0.00000,0.00713,0.00273,-0.00086,0.00380,-0.41976,0.91487,1,0.00520,-0.00085,-0.05714,0.41182,-0.05816,0.02767,0.03816,1
5.7433,-0.09707,0.01843,0.00366,-0.00027,-0.01148,0.00547,1.67529,-0.00000,0.00000,0.00690,0.00283,-0.00054,0.00360,-0.41967,0.91492,1,0.00520,-0.00085,-0.05714,0.41182,-0.05816,0.02767,0.03816,1
5.7453,-0.09707,0.01843,0.00364,-0.00026,-0.01184,0.00565,1.67529,-0.00000,0.00000,0.00667,0.00294,-0.00009,0.00328,-0.41967,0.91492,1,0.00520,-0.00085,-0.05714,0.41182,-0.05816,0.02767,0.03816,1
5.7473,-0.09707,0.01843,0.00361,-0.00025,-0.01231,0.00595,1.67529,-0.00000,0.00000,0.00643,0.00306,0.00049,0.00306,-0.41968,0.91496,1,0.00520,-0.00085,-0.05714,0.41182,-0.05816,0.02767,0.03816,1
5.7493,-0.09707,0.01843,0.00359,-0.00024,-0.01290,0.00616,1.67529,-0.00000,0.00000,0.00619,0.00318,0.00119,0.00296,-0.41970,0.91495,1,0.00520,-0.00085,-0.05714,0.41182,-0.05816,0.02767,0.03816,1
5.7513,-0.09707,0.01843,0.00356,-0.00023,-0.01360,0.00625,1.67529,-0.00000,0.00000,0.00593,0.00330,0.00202,0.00299,-0.41969,0.91493,1,0.00520,-0.00085,-0.05714,0.41182,-0.05816,0.02767,0.03816,1
5.7533,-0.09707,0.01843,0.00353,-0.00021,-0.01442,0.00623,1.67529,-0.00000,0.00000,0.00565,0.00342,0.00298,0.00314,-0.41967,0.91496,1,0.00520,-0.00085,-0.05714,0.41182,-0.05816,0.02767,0.03816,1
5.7553,-0.09707,0.01843,0.00350,-0.00020,-0.01535,0.00609,1.67529,-0.00000,0.00000,0.00536,0.00354,0.00407,0.00343,-0.41968,0.91492,1,0.00520,-0.00085,-0.05714,0.41182,-0.05816,0.02767,0.03816,1
5.7573,-0.09707,0.01843,0.00347,-0.00019,-0.01641,0.00584,1.67529,-0.00000,0.00000,0.00504,0.00366,0.00504,0.00366,-0.41967,0.91495,1,0.00520,-0.00085,-0.05714,0.41182,-0.05816,0.02767,0.03816,1
5.7593,-0.09707,0.01843,0.00344,-0.00018,-0.01735,0.00563,1.67529,-0.00000,0.00000,0.00471,0.00377,0.00589,0.00377,-0.41969,0.91495,1,0.00520,-0.00085,-0.05714,0.41182,-0.05816,0.02767,0.03816,1
5.7613,-0.09707,0.01843,0.00340,-0.00017,-0.01818,0.00553,1.67529,-0.00000,0.00000,0.00436,0.00388,0.00661,0.00388,-0.41963,0.91497,1,0.00520,-0.00085,-0.05714,0.41182,-0.05816,0.02767,0.03816,1
5.7633,-0.09707,0.01843,0.00337,-0.00016,-0.01890,0.00543,1.67529,-0.00000,0.00000,0.00400,0.00399,0.00720,0.00399,-0.41956,0.91498,1,0.00520,-0.00085,-0.05714,0.41182,-0.05816,0.02767,0.03816,1
5.7653,-0.09707,0.01843,0.00333,-0.00015,-0.01949,0.00534,1.67529,-0.00000,0.00000,0.00362,0.00410,0.00766,0.00410,-0.41954,0.91502,1,0.00520,-0.00085,-0.05714,0.41182,-0.05816,0.02767,0.03816,1
5.7673,-0.09707,0.01843,0.00329,-0.00014,-0.01997,0.00524,1.67529,-0.00000,0.00000,0.00323,0.00420,0.00800,0.00420,-0.41950,0.91503,1,0.00520,-0.00085,-0.05714,0.41182,-0.05816,0.02767,0.03816,1
5.7693,-0.09707,0.01843,0.00325,-0.00012,-0.02033,0.00515,1.67529,-0.00000,0.00000,0.00284,0.00430,0.00820,0.00430,-0.41949,0.91503,1,0.00520,-0.00085,-0.05714,0.41182,-0.05816,0.02767,0.03816,1
5.7713,-0.09707,0.01843,0.00321,-0.00011,-0.02058,0.00506,1.67529,-0.00000,0.00000,0.00243,0.00440,0.00828,0.00440,-0.41951,0.91507,1,0.00520,-0.00085,-0.05714,0.41182,-0.05816,0.02767,0.03816,1
5.7733,-0.09707,0.01843,0.00317,-0.00010,-0.02070,0.00497,1.67529,-0.00000,0.00000,0.00203,0.00450,0.00823,0.00450,-0.41951,0.91504,1,0.00520,-0.00085,-0.05714,0.41182,-0.05816,0.02767,0.03816,1
5.7753,-0.09707,0.01843,0.00312,-0.00009,-0.02071,0.00488,1.67529,-0.00000,0.00000,0.00162,0.00460,0.00805,0.00460,-0.41948,0.91505,1,0.00520,-0.00085,-0.05714,0.41182,-0.05816,0.02767,0.03816,1
5.7773,-0.09707,0.01843,0.00308,-0.00008,-0.02061,0.00480,1.67529,-0.00000,0.00000,0.00121,0.00469,0.00775,0.00469,-0.41945,0.91508,1,0.00520,-0.00085,-0.05714,0.41182,-0.05816,0.02767,0.03816,1
5.7793,-0.09707,0.01843,0.00304,-0.00008,-0.02038,0.00471,1.67529,-0.00000,0.00000,0.00081,0.00479,0.00731,0.00479,-0.41942,0.91510,1,0.00520,-0.00085,-0.05714,0.41182,-0.05816,0.02767,0.03816,1
5.7813,-0.09707,0.01843,0.00300,-0.00007,-0.02004,0.00463,1.67529,-0.00000,0.00000,0.00041,0.00488,0.00675,0.00488,-0.41945,0.91509,1,0.00520,-0.00085,-0.05714,0.41182,-0.05816,0.02767,0.03816,1
5.7833,-0.09707,0.01843,0.00296,-0.00006,-0.01958,0.00454,1.67529,-0.00000,0.00000,0.00002,0.00497,0.00606,0.00497,-0.41946,0.91511,1,0.00520,-0.00085,-0.05714,0.41182,-0.05816,0.02767,0.03816,1
5.7853,-0.09707,0.01843,0.00292,-0.00005,-0.01901,0.00446,1.67529,-0.00000,0.00000,-0.00036,0.00506,0.00524,0.00506,-0.41946,0.91512,1,0.00520,-0.00085,-0.05714,0.41182,-0.05816,0.02767,0.03816,1
5.7873,-0.09707,0.01843,0.00289,-0.00004,-0.01832,0.00438,1.67529,-0.00000,0.00000,-0.00073,0.00515,0.00430,0.00515,-0.41945,0.91508,1,0.00520,-0.00085,-0.05714,0.41182,-0.05816,0.02767,0.03816,1
5.7893,-0.09707,0.01843,0.00285,-0.00003,-0.01751,0.00430,1.67529,-0.00000,0.00000,-0.00108,0.00523,0.00322,0.00523,-0.41943,0.91514,1,0.00520,-0.00085,-0.05714,0.41182,-0.05816,0.02767,0.03816,1
5.7913,-0.09707,0.01843,0.00282,-0.00002,-0.01658,0.00423,1.67529,-0.00000,0.00000,-0.00141,0.00531,0.00202,0.00531,-0.41944,0.91515,1,0.00520,-0.00085,-0.05714,0.41182,-0.05816,0.02767,0.03816,1
5.7933,-0.09707,0.01843,0.00278,-0.00001,-0.01554,0.00415,1.67529,-0.00000,0.00000,-0.00173,0.00540,0.00069,0.00540,-0.41952,0.91513,1,0.00520,-0.00085,-0.05714,0.41182,-0.05816,0.02767,0.03816,1
5.7953,-0.09707,0.01843,0.00275,-0.00001,-0.01438,0.00408,1.67529,-0.00000,0.00000,-0.00202,0.00548,-0.00077,0.00548,-0.41946,0.91515,1,0.00520,-0.00085,-0.05714,0.41182,-0.05816,0.02767,0.03816,1
5.7973,-0.09707,0.01843,0.00273,0.00000,-0.01310,0.00400,1.67529,-0.00000,0.00000,-0.00229,0.00556,-0.00229,0.00556,-0.41951,0.91512,1,0.00520,-0.00085,-0.05714,0.41182,-0.05816,0.02767,0.03816,1
5.7993,-0.09681,0.01840,0.00345,-0.00034,-0.01136,0.00257,1.67073,-0.00000,0.00000,0.00491,0.00221,-0.00369,0.00551,-0.41952,0.91517,1,0.00494,-0.00082,-0.05951,0.41072,-0.05536,0.02889,0.03164,1
5.8013,-0.09681,0.01840,0.00343,-0.00033,-0.01015,0.00262,1.67073,-0.00000,0.00000,0.00470,0.00226,-0.00497,0.00533,-0.41952,0.91517,1,0.00494,-0.00082,-0.05951,0.41072,-0.05536,0.02889,0.03164,1
5.8033,-0.09681,0.01840,0.00341,-0.00033,-0.00906,0.00278,1.67073,-0.00000,0.00000,0.00451,0.00231,-0.00611,0.00503,-0.41953,0.91517,1,0.00494,-0.00082,-0.05951,0.41072,-0.05536,0.02889,0.03164,1
5.8053,-0.09681,0.01840,0.00339,-0.00032,-0.00808,0.00306,1.67073,-0.00000,0.00000,0.00434,0.00237,-0.00713,0.00460,-0.41957,0.91516,1,0.00494,-0.00082,-0.05951,0.41072,-0.05536,0.02889,0.03164,1
5.8073,-0.09681,0.01840,0.00338,-0.00031,-0.00722,0.00346,1.67073,-0.00000,0.00000,0.00419,0.00244,-0.00801,0.00404,-0.41964,0.91515,1,0.00494,-0.00082,-0.05951,0.41072,-0.05536,0.02889,0.03164,1
5.8093,-0.09681,0.01840,0.00336,-0.00031,-0.00647,0.00398,1.67073,-0.00000,0.00000,0.00405,0.00251,-0.00877,0.00335,-0.41959,0.91518,1,0.00494,-0.00082,-0.05951,0.41072,-0.05536,0.02889,0.03164,1
5.8113,-0.09681,0.01840,0.00335,-0.00030,-0.00584,0.00461,1.67073,-0.00000,0.00000,0.00393,0.00259,-0.00940,0.00259,-0.41960,0.91522,1,0.00494,-0.00082,-0.05951,0.41072,-0.05536,0.02889,0.03164,1
5.8133,-0.09681,0.01840,0.00334,-0.00029,-0.00532,0.00530,1.67073,-0.00000,0.00000,0.00382,0.00269,-0.00991,0.00197,-0.41967,0.91516,1,0.00494,-0.00082,-0.05951,0.41072,-0.05536,0.02889,0.03164,1
5.8153,-0.09681,0.01840,0.00333,-0.00028,-0.00492,0.00587,1.67073,-0.00000,0.00000,0.00372,0.00280,-0.01028,0.00147,-0.41963,0.91520,1,0.00494,-0.00082,-0.05951,0.41072,-0.05536,0.02889,0.03164,1
5.8173,-0.09681,0.01840,0.00332,-0.00026,-0.00464,0.00633,1.67073,-0.00000,0.00000,0.00363,0.00292,-0.01053,0.00110,-0.41970,0.91515,1,0.00494,-0.00082,-0.05951,0.41072,-0.05536,0.02889,0.03164,1
5.8193,-0.09681,0.01840,0.00331,-0.00025,-0.00447,0.00667,1.67073,-0.00000,0.00000,0.00354,0.00305,-0.01065,0.00086,-0.41966,0.91519,1,0.00494,-0.00082,-0.05951,0.41072,-0.05536,0.02889,0.03164,1
5.8213,-0.09681,0.01840,0.00330,-0.00024,-0.00442,0.00689,1.67073,-0.00000,0.00000,0.00345,0.00318,-0.01064,0.00075,-0.41967,0.91517,1,0.00494,-0.00082,-0.05951,0.41072,-0.05536,0.02889,0.03164,1
5.8233,-0.09681,0.01840,0.00329,-0.00022,-0.00449,0.00700,1.67073,-0.00000,0.00000,0.00336,0.00332,-0.01051,0.00076,-0.41966,0.91517,1,0.00494,-0.00082,-0.05951,0.41072,-0.05536,0.02889,0.03164,1
5.8253,-0.09681,0.01840,0.00328,-0.00021,-0.00467,0.00699,1.67073,-0.00000,0.00000,0.00327,0.00346,-0.01024,0.00091,-0.41974,0.91514,1,0.00494,-0.00082,-0.05951,0.41072,-0.05536,0.02889,0.03164,1
5.8273,-0.09681,0.01840,0.00327,-0.00020,-0.00497,0.00686,1.67073,-0.00000,0.00000,0.00318,0.00359,-0.00985,0.00118,-0.41967,0.91514,1,0.00494,-0.00082,-0.05951,0.41072,-0.05536,0.02889,0.03164,1
5.8293,-0.09681,0.01840,0.00326,-0.00018,-0.00539,0.00662,1.67073,-0.00000,0.00000,0.00308,0.00373,-0.00933,0.00158,-0.41970,0.91516,1,0.00494,-0.00082,-0.05951,0.41072,-0.05536,0.02889,0.03164,1
5.8313,-0.09681,0.01840,0.00325,-0.00017,-0.00592,0.00626,1.67073,-0.00000,0.00000,0.00296,0.00385,-0.00868,0.00210,-0.41971,0.91515,1,0.00494,-0.00082,-0.05951,0.41072,-0.05536,0.02889,0.03164,1
5.8333,-0.09681,0.01840,0.00324,-0.00016,-0.00656,0.00578,1.67073,-0.00000,0.00000,0.00284,0.00397,-0.00791,0.00276,-0.41971,0.91515,1,0.00494,-0.00082,-0.05951,0.41072,-0.05536,0.02889,0.03164,1
5.8353,-0.09681,0.01840,0.00323,-0.00015,-0.00733,0.00519,1.67073,-0.00000,0.00000,0.00270,0.00408,-0.00700,0.00354,-0.41977,0.91514,1,0.00494,-0.00082,-0.05951,0.41072,-0.05536,0.02889,0.03164,1
5.8373,-0.09681,0.01840,0.00321,-0.00014,-0.00821,0.00448,1.67073,-0.00000,0.00000,0.00255,0.00417,-0.00597,0.00419,-0.41966,0.91518,1,0.00494,-0.00082,-0.05951,0.41072,-0.05536,0.02889,0.03164,1
5.8393,-0.09681,0.01840,0.00319,-0.00013,-0.00920,0.00389,1.67073,-0.00000,0.00000,0.00238,0.00426,-0.00481,0.00472,-0.41971,0.91517,1,0.00494,-0.00082,-0.05951,0.41072,-0.05536,0.02889,0.03164,1
5.8413,-0.09681,0.01840,0.00317,-0.00012,-0.01031,0.00341,1.67073,-0.00000,0.00000,0.00219,0.00433,-0.00352,0.00512,-0.41966,0.91521,1,0.00494,-0.00082,-0.05951,0.41072,-0.05536,0.02889,0.03164,1
5.8433,-0.09681,0.01840,0.00315,-0.00011,-0.01154,0.00305,1.67073,-0.00000,0.00000,0.00197,0.00439,-0.00211,0.00539,-0.41969,0.91522,1,0.00494,-0.00082,-0.05951,0.41072,-0.05536,0.02889,0.03164,1
5.8453,-0.09681,0.01840,0.00313,-0.00011,-0.01288,0.00281,1.67073,-0.00000,0.00000,0.00173,0.00445,-0.00056,0.00553,-0.41962,0.91525,1,0.00494,-0.00082,-0.05951,0.41072,-0.05536,0.02889,0.03164,1
5.8473,-0.09681,0.01840,0.00310,-0.00010,-0.01434,0.00268,1.67073,-0.00000,0.00000,0.00147,0.00450,0.00104,0.00555,-0.41963,0.91526,1,0.00494,-0.00082,-0.05951,0.41072,-0.05536,0.02889,0.03164,1
5.8494,-0.09681,0.01840,0.00307,-0.00010,-0.01585,0.00267,1.67073,-0.00000,0.00000,0.00117,0.00456,0.00251,0.00544,-0.41961,0.91526,1,0.00494,-0.00082,-0.05951,0.41072,-0.05536,0.02889,0.03164,1
5.8514,-0.09681,0.01840,0.00304,-0.00009,-0.01724,0.00277,1.67073,-0.00000,0.00000,0.00084,0.00461,0.00385,0.00519,-0.41961,0.91530,1,0.00494,-0.00082,-0.05951,0.41072,-0.05536,0.02889,0.03164,1
5.8534,-0.09681,0.01840,0.00300,-0.00009,-0.01852,0.00299,1.67073,-0.00000,0.00000,0.00049,0.00467,0.00507,0.00483,-0.41960,0.91536,1,0.00494,-0.00082,-0.05951,0.41072,-0.05536,0.02889,0.03164,1
5.8554,-0.09681,0.01840,0.00296,-0.00008,-0.01968,0.00333,1.67073,-0.00000,0.00000,0.00011,0.00473,0.00616,0.00458,-0.41958,0.91532,1,0.00494,-0.00082,-0.05951,0.41072,-0.05536,0.02889,0.03164,1
5.8574,-0.09681,0.01840,0.00292,-0.00007,-0.02072,0.00355,1.67073,-0.00000,0.00000,-0.00028,0.00480,0.00712,0.00447,-0.41959,0.91537,1,0.00494,-0.00082,-0.05951,0.41072,-0.05536,0.02889,0.03164,1
5.8594,-0.09681,0.01840,0.00288,-0.00007,-0.02164,0.00365,1.67073,-0.00000,0.00000,-0.00070,0.00487,0.00795,0.00449,-0.41955,0.91537,1,0.00494,-0.00082,-0.05951,0.41072,-0.05536,0.02889,0.03164,1
5.8614,-0.09681,0.01840,0.00284,-0.00006,-0.02245,0.00364,1.67073,-0.00000,0.00000,-0.00113,0.00494,0.00865,0.00463,-0.41955,0.91537,1,0.00494,-0.00082,-0.05951,0.41072,-0.05536,0.02889,0.03164,1
5.8634,-0.09681,0.01840,0.00279,-0.00005,-0.02314,0.00351,1.67073,-0.00000,0.00000,-0.00158,0.00501,0.00923,0.00490,-0.41952,0.91535,1,0.00494,-0.00082,-0.05951,0.41072,-0.05536,0.02889,0.03164,1
5.8654,-0.09618,0.01776,0.00336,-0.00004,-0.02118,0.00360,1.67343,-0.00000,0.00000,0.00423,0.00497,0.00968,0.00504,-0.41955,0.91535,1,0.00437,-0.00023,-0.05850,0.41127,-0.05678,0.02840,0.03620,1
5.8688,-0.09618,0.01776,0.00332,-0.00003,-0.02165,0.00347,1.67343,-0.00000,0.00000,0.00381,0.00504,0.01000,0.00506,-0.41955,0.91535,1,0.00437,-0.00023,-0.05850,0.41127,-0.05678,0.02840,0.03620,1
5.8708,-0.09618,0.01776,0.00328,-0.00002,-0.02200,0.00346,1.67343,-0.00000,0.00000,0.00338,0.00510,0.01019,0.00510,-0.41952,0.91539,1,0.00437,-0.00023,-0.05850,0.41127,-0.05678,0.02840,0.03620,1
5.8728,-0.09618,0.01776,0.00323,-0.00002,-0.02223,0.00342,1.67343,-0.00000,0.00000,0.00295,0.00517,0.01025,0.00517,-0.41948,0.91542,1,0.00437,-0.00023,-0.05850,0.41127,-0.05678,0.02840,0.03620,1
5.8748,-0.09618,0.01776,0.00319,-0.00001,-0.02235,0.00336,1.67343,-0.00000,0.00000,0.00251,0.00524,0.01019,0.00524,-0.41951,0.91542,1,0.00437,-0.00023,-0.05850,0.41127,-0.05678,0.02840,0.03620,1
5.8768,-0.09618,0.01776,0.00314,-0.00000,-0.02234,0.00330,1.67343,-0.00000,0.00000,0.00207,0.00530,0.01000,0.00530,-0.41947,0.91542,1,0.00437,-0.00023,-0.05850,0.41127,-0.05678,0.02840,0.03620,1
5.8788,-0.09618,0.01776,0.00310,0.00000,-0.02222,0.00324,1.67343,-0.00000,0.00000,0.00163,0.00537,0.00968,0.00537,-0.41951,0.91542,1,0.00437,-0.00023,-0.05850,0.41127,-0.05678,0.02840,0.03620,1
5.8808,-0.09618,0.01776,0.00305,0.00001,-0.02199,0.00318,1.67343,-0.00000,0.00000,0.00120,0.00543,0.00923,0.00543,-0.41947,0.91542,1,0.00437,-0.00023,-0.05850,0.41127,-0.05678,0.02840,0.03620,1
5.8829,-0.09618,0.01776,0.00301,0.00002,-0.02163,0.00312,1.67343,-0.00000,0.00000,0.00077,0.00549,0.00865,0.00549,-0.41945,0.91545,1,0.00437,-0.00023,-0.05850,0.41127,-0.05678,0.02840,0.03620,1
5.8849,-0.09618,0.01776,0.00297,0.00002,-0.02116,0.00306,1.67343,-0.00000,0.00000,0.00035,0.00555,0.00795,0.00555,-0.41947,0.91544,1,0.00437,-0.00023,-0.05850,0.41127,-0.05678,0.02840,0.03620,1
5.8869,-0.09618,0.01776,0.00293,0.00003,-0.02058,0.00301,1.67343,-0.00000,0.00000,-0.00006,0.00561,0.00712,0.00561,-0.41944,0.91546,1,0.00437,-0.00023,-0.05850,0.41127,-0.05678,0.02840,0.03620,1
5.8889,-0.09618,0.01776,0.00289,0.00003,-0.01987,0.00295,1.67343,-0.00000,0.00000,-0.00046,0.00567,0.00616,0.00567,-0.41949,0.91543,1,0.00437,-0.00023,-0.05850,0.41127,-0.05678,0.02840,0.03620,1
5.8909,-0.09618,0.01776,0.00285,0.00004,-0.01905,0.00290,1.67343,-0.00000,0.00000,-0.00085,0.00573,0.00507,0.00573,-0.41942,0.91548,1,0.00437,-0.00023,-0.05850,0.41127,-0.05678,0.02840,0.03620,1
5.8929,-0.09618,0.01776,0.00281,0.00005,-0.01811,0.00285,1.67343,-0.00000,0.00000,-0.00121,0.00579,0.00385,0.00579,-0.41945,0.91544,1,0.00437,-0.00023,-0.05850,0.41127,-0.05678,0.02840,0.03620,1
5.8949,-0.09618,0.01776,0.00277,0.00005,-0.01705,0.00279,1.67343,-0.00000,0.00000,-0.00156,0.00584,0.00251,0.00584,-0.41944,0.91548,1,0.00437,-0.00023,-0.05850,0.41127,-0.05678,0.02840,0.03620,1
5.8969,-0.09618,0.01776,0.00274,0.00006,-0.01588,0.00274,1.67343,-0.00000,0.00000,-0.00188,0.00590,0.00104,0.00590,-0.41942,0.91549,1,0.00437,-0.00023,-0.05850,0.41127,-0.05678,0.02840,0.03620,1
5.8989,-0.09618,0.01776,0.00271,0.00006,-0.01459,0.00269,1.67343,-0.00000,0.00000,-0.00218,0.00595,-0.00056,0.00595,-0.41945,0.91549,1,0.00437,-0.00023,-0.05850,0.41127,-0.05678,0.02840,0.03620,1
5.9009,-0.09618,0.01776,0.00268,0.00007,-0.01318,0.00264,1.67343,-0.00000,0.00000,-0.00245,0.00600,-0.00216,0.00600,-0.41943,0.91550,1,0.00437,-0.00023,-0.05850,0.41127,-0.05678,0.02840,0.03620,1
5.9029,-0.09618,0.01776,0.00266,0.00007,-0.01178,0.00259,1.67343,-0.00000,0.00000,-0.00270,0.00605,-0.00363,0.00605,-0.41944,0.91549,1,0.00437,-0.00023,-0.05850,0.41127,-0.05678,0.02840,0.03620,1
5.9050,-0.09618,0.01776,0.00264,0.00008,-0.01048,0.00254,1.67343,-0.00000,0.00000,-0.00292,0.00610,-0.00498,0.00610,-0.41949,0.91549,1,0.00437,-0.00023,-0.05850,0.41127,-0.05678,0.02840,0.03620,1
5.9070,-0.09618,0.01776,0.00262,0.00008,-0.00931,0.00250,1.67343,-0.00000,0.00000,-0.00311,0.00615,-0.00619,0.00615,-0.41952,0.91550,1,0.00437,-0.00023,-0.05850,0.41127,-0.05678,0.02840,0.03620,1
5.9090,-0.09618,0.01776,0.00260,0.00009,-0.00825,0.00245,1.67343,-0.00000,0.00000,-0.00329,0.00620,-0.00728,0.00620,-0.41954,0.91554,1,0.00437,-0.00023,-0.05850,0.41127,-0.05678,0.02840,0.03620,1
5.9110,-0.09618,0.01776,0.00258,0.00009,-0.00731,0.00240,1.67343,-0.00000,0.00000,-0.00344,0.00625,-0.00824,0.00625,-0.41956,0.91550,1,0.00437,-0.00023,-0.05850,0.41127,-0.05678,0.02840,0.03620,1
5.9130,-0.09618,0.01776,0.00257,0.00010,-0.00648,0.00236,1.67343,-0.00000,0.00000,-0.00358,0.00630,-0.00907,0.00630,-0.41957,0.91552,1,0.00437,-0.00023,-0.05850,0.41127,-0.05678,0.02840,0.03620,1
5.9150,-0.09618,0.01776,0.00256,0.00010,-0.00577,0.00231,1.67343,-0.00000,0.00000,-0.00370,0.00634,-0.00978,0.00634,-0.41958,0.91557,1,0.00437,-0.00023,-0.05850,0.41127,-0.05678,0.02840,0.03620,1
5.9170,-0.09618,0.01776,0.00255,0.00011,-0.00517,0.00227,1.67343,-0.00000,0.00000,-0.00380,0.00639,-0.01035,0.00639,-0.41957,0.91560,1,0.00437,-0.00023,-0.05850,0.41127,-0.05678,0.02840,0.03620,1
5.9190,-0.09618,0.01776,0.00254,0.00011,-0.00470,0.00223,1.67343,-0.00000,0.00000,-0.00390,0.00643,-0.01080,0.00643,-0.41957,0.91560,1,0.00437,-0.00023,-0.05850,0.41127,-0.05678,0.02840,0.03620,1
5.9210,-0.09618,0.01776,0.00253,0.00012,-0.00433,0.00219,1.67343,-0.00000,0.00000,-0.00399,0.00648,-0.01112,0.00648,-0.41963,0.91558,1,0.00437,-0.00023,-0.05850,0.41127,-0.05678,0.02840,0.03620,1
5.9230,-0.09618,0.01776,0.00252,0.00012,-0.00409,0.00214,1.67343,-0.00000,0.00000,-0.00407,0.00652,-0.01131,0.00652,-0.41962,0.91559,1,0.00437,-0.00023,-0.05850,0.41127,-0.05678,0.02840,0.03620,1
5.9250,-0.09618,0.01776,0.00251,0.00013,-0.00396,0.00210,1.67343,-0.00000,0.00000,-0.00415,0.00656,-0.01138,0.00656,-0.41963,0.91564,1,0.00437,-0.00023,-0.05850,0.41127,-0.05678,0.02840,0.03620,1
5.9270,-0.09618,0.01776,0.00250,0.00013,-0.00394,0.00206,1.67343,-0.00000,0.00000,-0.00423,0.00660,-0.01131,0.00660,-0.41963,0.91562,1,0.00437,-0.00023,-0.05850,0.41127,-0.05678,0.02840,0.03620,1
5.9290,-0.09670,0.01811,0.00354,-0.00018,0.00044,0.00092,1.66594,-0.00000,0.00000,0.00578,0.00370,-0.01112,0.00651,-0.41966,0.91569,1,0.00486,-0.00055,-0.05803,0.41080,-0.05736,0.02878,0.03428,1
5.9310,-0.09670,0.01811,0.00354,-0.00017,0.00020,0.00100,1.66594,-0.00000,0.00000,0.00578,0.00372,-0.01080,0.00630,-0.41966,0.91569,1,0.00486,-0.00055,-0.05803,0.41080,-0.05736,0.02878,0.03428,1
5.9330,-0.09670,0.01811,0.00354,-0.00017,-0.00015,0.00120,1.66594,-0.00000,0.00000,0.00579,0.00374,-0.01035,0.00596,-0.41967,0.91566,1,0.00486,-0.00055,-0.05803,0.41080,-0.05736,0.02878,0.03428,1
5.9350,-0.09670,0.01811,0.00354,-0.00017,-0.00062,0.00152,1.66594,-0.00000,0.00000,0.00578,0.00377,-0.00978,0.00548,-0.41967,0.91571,1,0.00486,-0.00055,-0.05803,0.41080,-0.05736,0.02878,0.03428,1
5.9371,-0.09670,0.01811,0.00353,-0.00017,-0.00121,0.00195,1.66594,-0.00000,0.00000,0.00576,0.00381,-0.00907,0.00489,-0.41970,0.91572,1,0.00486,-0.00055,-0.05803,0.41080,-0.05736,0.02878,0.03428,1
5.9391,-0.09670,0.01811,0.00353,-0.00016,-0.00191,0.00250,1.66594,-0.00000,0.00000,0.00573,0.00385,-0.00824,0.00416,-0.41969,0.91572,1,0.00486,-0.00055,-0.05803,0.41080,-0.05736,0.02878,0.03428,1
5.9411,-0.09670,0.01811,0.00353,-0.00016,-0.00273,0.00316,1.66594,-0.00000,0.00000,0.00568,0.00391,-0.00728,0.00356,-0.41965,0.91575,1,0.00486,-0.00055,-0.05803,0.41080,-0.05736,0.02878,0.03428,1
5.9431,-0.09670,0.01811,0.00352,-0.00015,-0.00367,0.00371,1.66594,-0.00000,0.00000,0.00562,0.00397,-0.00619,0.00309,-0.41964,0.91576,1,0.00486,-0.00055,-0.05803,0.41080,-0.05736,0.02878,0.03428,1
5.9451,-0.09670,0.01811,0.00351,-0.00014,-0.00472,0.00414,1.66594,-0.00000,0.00000,0.00554,0.00405,-0.00498,0.00275,-0.41965,0.91574,1,0.00486,-0.00055,-0.05803,0.41080,-0.05736,0.02878,0.03428,1
5.9471,-0.09670,0.01811,0.00350,-0.00013,-0.00589,0.00445,1.66594,-0.00000,0.00000,0.00543,0.00413,-0.00363,0.00253,-0.41970,0.91576,1,0.00486,-0.00055,-0.05803,0.41080,-0.05736,0.02878,0.03428,1
5.9491,-0.09670,0.01811,0.00349,-0.00012,-0.00717,0.00465,1.66594,-0.00000,0.00000,0.00530,0.00422,-0.00216,0.00244,-0.41969,0.91574,1,0.00486,-0.00055,-0.05803,0.41080,-0.05736,0.02878,0.03428,1
5.9511,-0.09670,0.01811,0.00347,-0.00011,-0.00857,0.00473,1.66594,-0.00000,0.00000,0.00515,0.00432,-0.00056,0.00248,-0.41966,0.91577,1,0.00486,-0.00055,-0.05803,0.41080,-0.05736,0.02878,0.03428,1
5.9531,-0.09670,0.01811,0.00345,-0.00010,-0.01009,0.00469,1.66594,-0.00000,0.00000,0.00497,0.00441,0.00104,0.00265,-0.41969,0.91577,1,0.00486,-0.00055,-0.05803,0.41080,-0.05736,0.02878,0.03428,1
5.9551,-0.09670,0.01811,0.00343,-0.00009,-0.01160,0.00454,1.66594,-0.00000,0.00000,0.00475,0.00450,0.00264,0.00295,-0.41963,0.91578,1,0.00486,-0.00055,-0.05803,0.41080,-0.05736,0.02878,0.03428,1
5.9571,-0.09670,0.01811,0.00341,-0.00009,-0.01312,0.00427,1.66594,-0.00000,0.00000,0.00451,0.00459,0.00424,0.00338,-0.41965,0.91576,1,0.00486,-0.00055,-0.05803,0.41080,-0.05736,0.02878,0.03428,1
5.9591,-0.09670,0.01811,0.00338,-0.00008,-0.01463,0.00389,1.66594,-0.00000,0.00000,0.00424,0.00467,0.00571,0.00393,-0.41962,0.91576,1,0.00486,-0.00055,-0.05803,0.41080,-0.05736,0.02878,0.03428,1
5.9611,-0.09670,0.01811,0.00335,-0.00007,-0.01603,0.00339,1.66594,-0.00000,0.00000,0.00393,0.00474,0.00705,0.00461,-0.41963,0.91580,1,0.00486,-0.00055,-0.05803,0.41080,-0.05736,0.02878,0.03428,1
5.9631,-0.09670,0.01811,0.00331,-0.00006,-0.01731,0.00277,1.66594,-0.00000,0.00000,0.00361,0.00480,0.00827,0.00516,-0.41962,0.91580,1,0.00486,-0.00055,-0.05803,0.41080,-0.05736,0.02878,0.03428,1
5.9651,-0.09670,0.01811,0.00328,-0.00006,-0.01847,0.00227,1.66594,-0.00000,0.00000,0.00325,0.00485,0.00936,0.00559,-0.41953,0.91581,1,0.00486,-0.00055,-0.05803,0.41080,-0.05736,0.02878,0.03428,1
5.9671,-0.09670,0.01811,0.00324,-0.00006,-0.01952,0.00188,1.66594,-0.00000,0.00000,0.00288,0.00489,0.01032,0.00588,-0.41956,0.91583,1,0.00486,-0.00055,-0.05803,0.41080,-0.05736,0.02878,0.03428,1
5.9691,-0.09670,0.01811,0.00320,-0.00005,-0.02045,0.00161,1.66594,-0.00000,0.00000,0.00249,0.00492,0.01115,0.00605,-0.41955,0.91587,1,0.00486,-0.00055,-0.05803,0.41080,-0.05736,0.02878,0.03428,1
5.9711,-0.09670,0.01811,0.00316,-0.00005,-0.02126,0.00146,1.66594,-0.00000,0.00000,0.00208,0.00495,0.01185,0.00609,-0.41949,0.91588,1,0.00486,-0.00055,-0.05803,0.41080,-0.05736,0.02878,0.03428,1
5.9731,-0.09670,0.01811,0.00312,-0.00005,-0.02196,0.00142,1.66594,-0.00000,0.00000,0.00165,0.00498,0.01243,0.00601,-0.41946,0.91590,1,0.00486,-0.00055,-0.05803,0.41080,-0.05736,0.02878,0.03428,1
5.9751,-0.09670,0.01811,0.00307,-0.00004,-0.02254,0.00150,1.66594,-0.00000,0.00000,0.00121,0.00501,0.01288,0.00579,-0.41945,0.91591,1,0.00486,-0.00055,-0.05803,0.41080,-0.05736,0.02878,0.03428,1
5.9771,-0.09670,0.01811,0.00303,-0.00004,-0.02300,0.00170,1.66594,-0.00000,0.00000,0.00077,0.00504,0.01320,0.00545,-0.41942,0.91589,1,0.00486,-0.00055,-0.05803,0.41080,-0.05736,0.02878,0.03428,1
5.9791,-0.09670,0.01811,0.00298,-0.00004,-0.02334,0.00201,1.66594,-0.00000,0.00000,0.00031,0.00508,0.01339,0.00508,-0.41940,0.91592,1,0.00486,-0.00055,-0.05803,0.41080,-0.05736,0.02878,0.03428,1
5.9811,-0.09670,0.01811,0.00293,-0.00003,-0.02357,0.00235,1.66594,-0.00000,0.00000,-0.00015,0.00512,0.01345,0.00484,-0.41939,0.91592,1,0.00486,-0.00055,-0.05803,0.41080,-0.05736,0.02878,0.03428,1
5.9831,-0.09670,0.01811,0.00289,-0.00003,-0.02368,0.00257,1.66594,-0.00000,0.00000,-0.00062,0.00517,0.01339,0.00472,-0.41940,0.91592,1,0.00486,-0.00055,-0.05803,0.41080,-0.05736,0.02878,0.03428,1
5.9851,-0.09670,0.01811,0.00284,-0.00002,-0.02367,0.00267,1.66594,-0.00000,0.00000,-0.00108,0.00522,0.01320,0.00474,-0.41941,0.91590,1,0.00486,-0.00055,-0.05803,0.41080,-0.05736,0.02878,0.03428,1
5.9871,-0.09670,0.01811,0.00279,-0.00002,-0.02355,0.00266,1.66594,-0.00000,0.00000,-0.00155,0.00527,0.01288,0.00488,-0.41944,0.91588,1,0.00486,-0.00055,-0.05803,0.41080,-0.05736,0.02878,0.03428,1
5.9891,-0.09670,0.01811,0.00274,-0.00001,-0.02330,0.00253,1.66594,-0.00000,0.00000,-0.00201,0.00533,0.01243,0.00515,-0.41943,0.91586,1,0.00486,-0.00055,-0.05803,0.41080,-0.05736,0.02878,0.03428,1
5.9911,-0.09670,0.01811,0.00270,-0.00001,-0.02294,0.00229,1.66594,-0.00000,0.00000,-0.00246,0.00537,0.01185,0.00537,-0.41935,0.91589,1,0.00486,-0.00055,-0.05803,0.41080,-0.05736,0.02878,0.03428,1
5.9931,-0.09670,0.01811,0.00265,-0.00000,-0.02247,0.00208,1.66594,-0.00000,0.00000,-0.00291,0.00542,0.01115,0.00547,-0.41935,0.91588,1,0.00486,-0.00055,-0.05803,0.41080,-0.05736,0.02878,0.03428,1
5.9951,-0.09670,0.01811,0.00261,0.00000,-0.02187,0.00200,1.66594,-0.00000,0.00000,-0.00335,0.00546,0.01032,0.00546,-0.41935,0.91590,1,0.00486,-0.00055,-0.05803,0.41080,-0.05736,0.02878,0.03428,1
5.9971,-0.09670,0.01811,0.00256,0.00001,-0.02116,0.00201,1.66594,-0.00000,0.00000,-0.00377,0.00550,0.00936,0.00550,-0.41933,0.91592,1,0.00486,-0.00055,-0.05803,0.41080,-0.05736,0.02878,0.03428,1
5.9993,-0.09639,0.01839,0.00314,-0.00040,-0.02035,0.00024,1.66209,-0.00000,0.00000,0.00195,0.00161,0.00827,0.00541,-0.41935,0.91593,1,0.00460,-0.00081,-0.05602,0.41048,-0.05988,0.02893,0.03632,1
6.0013,-0.09639,0.01839,0.00310,-0.00040,-0.01941,0.00032,1.66209,-0.00000,0.00000,0.00156,0.00162,0.00705,0.00519,-0.41935,0.91593,1,0.00460,-0.00081,-0.05602,0.41048,-0.05988,0.02893,0.03632,1
6.0033,-0.09639,0.01839,0.00306,-0.00040,-0.01836,0.00053,1.66209,-0.00000,0.00000,0.00119,0.00162,0.00571,0.00485,-0.41935,0.91596,1,0.00460,-0.00081,-0.05602,0.41048,-0.05988,0.02893,0.03632,1
6.0053,-0.09639,0.01839,0.00302,-0.00039,-0.01719,0.00085,1.66209,-0.00000,0.00000,0.00084,0.00164,0.00424,0.00437,-0.41932,0.91596,1,0.00460,-0.00081,-0.05602,0.41048,-0.05988,0.02893,0.03632,1
6.0073,-0.09639,0.01839,0.00299,-0.00039,-0.01591,0.00129,1.66209,-0.00000,0.00000,0.00051,0.00166,0.00264,0.00377,-0.41928,0.91599,1,0.00460,-0.00081,-0.05602,0.41048,-0.05988,0.02893,0.03632,1
6.0093,-0.09639,0.01839,0.00296,-0.00039,-0.01451,0.00184,1.66209,-0.00000,0.00000,0.00021,0.00169,0.00104,0.00304,-0.41932,0.91600,1,0.00460,-0.00081,-0.05602,0.41048,-0.05988,0.02893,0.03632,1
6.0113,-0.09639,0.01839,0.00293,-0.00038,-0.01310,0.00251,1.66209,-0.00000,0.00000,-0.00006,0.00173,-0.00043,0.00219,-0.41931,0.91600,1,0.00460,-0.00081,-0.05602,0.41048,-0.05988,0.02893,0.03632,1
6.0133,-0.09639,0.01839,0.00291,-0.00038,-0.01182,0.00329,1.66209,-0.00000,0.00000,-0.00030,0.00179,-0.00178,0.00146,-0.41929,0.91601,1,0.00460,-0.00081,-0.05602,0.41048,-0.05988,0.02893,0.03632,1
6.0153,-0.09639,0.01839,0.00289,-0.00037,-0.01065,0.00396,1.66209,-0.00000,0.00000,-0.00053,0.00186,-0.00299,0.00086,-0.41933,0.91602,1,0.00460,-0.00081,-0.05602,0.41048,-0.05988,0.02893,0.03632,1
6.0173,-0.09639,0.01839,0.00287,-0.00036,-0.00959,0.00451,1.66209,-0.00000,0.00000,-0.00072,0.00194,-0.00408,0.00039,-0.41933,0.91605,1,0.00460,-0.00081,-0.05602,0.41048,-0.05988,0.02893,0.03632,1
6.0193,-0.09639,0.01839,0.00285,-0.00035,-0.00865,0.00495,1.66209,-0.00000,0.00000,-0.00090,0.00204,-0.00504,0.00004,-0.41931,0.91605,1,0.00460,-0.00081,-0.05602,0.41048,-0.05988,0.02893,0.03632,1
6.0213,-0.09639,0.01839,0.00283,-0.00034,-0.00783,0.00527,1.66209,-0.00000,0.00000,-0.00107,0.00214,-0.00587,-0.00018,-0.41931,0.91607,1,0.00460,-0.00081,-0.05602,0.41048,-0.05988,0.02893,0.03632,1
6.0233,-0.09639,0.01839,0.00282,-0.00033,-0.00713,0.00547,1.66209,-0.00000,0.00000,-0.00121,0.00224,-0.00658,-0.00026,-0.41933,0.91605,1,0.00460,-0.00081,-0.05602,0.41048,-0.05988,0.02893,0.03632,1
6.0253,-0.09639,0.01839,0.00280,-0.00032,-0.00654,0.00556,1.66209,-0.00000,0.00000,-0.00135,0.00235,-0.00715,-0.00022,-0.41938,0.91602,1,0.00460,-0.00081,-0.05602,0.41048,-0.05988,0.02893,0.03632,1
6.0273,-0.09639,0.01839,0.00279,-0.00031,-0.00606,0.00553,1.66209,-0.00000,0.00000,-0.00147,0.00246,-0.00760,-0.00006,-0.41935,0.91607,1,0.00460,-0.00081,-0.05602,0.41048,-0.05988,0.02893,0.03632,1
6.0293,-0.09639,0.01839,0.00278,-0.00030,-0.00570,0.00538,1.66209,-0.00000,0.00000,-0.00159,0.00257,-0.00792,0.00024,-0.41934,0.91608,1,0.00460,-0.00081,-0.05602,0.41048,-0.05988,0.02893,0.03632,1
6.0313,-0.09639,0.01839,0.00277,-0.00029,-0.00546,0.00512,1.66209,-0.00000,0.00000,-0.00170,0.00267,-0.00811,0.00066,-0.41941,0.91607,1,0.00460,-0.00081,-0.05602,0.41048,-0.05988,0.02893,0.03632,1
6.0333,-0.09639,0.01839,0.00276,-0.00028,-0.00534,0.00474,1.66209,-0.00000,0.00000,-0.00180,0.00277,-0.00818,0.00121,-0.41940,0.91604,1,0.00460,-0.00081,-0.05602,0.41048,-0.05988,0.02893,0.03632,1
6.0353,-0.09639,0.01839,0.00274,-0.00027,-0.00533,0.00424,1.66209,-0.00000,0.00000,-0.00191,0.00286,-0.00811,0.00189,-0.41938,0.91606,1,0.00460,-0.00081,-0.05602,0.41048,-0.05988,0.02893,0.03632,1
6.0373,-0.09639,0.01839,0.00273,-0.00026,-0.00543,0.00363,1.66209,-0.00000,0.00000,-0.00202,0.00293,-0.00792,0.00270,-0.41942,0.91607,1,0.00460,-0.00081,-0.05602,0.41048,-0.05988,0.02893,0.03632,1
6.0393,-0.09639,0.01839,0.00272,-0.00026,-0.00566,0.00290,1.66209,-0.00000,0.00000,-0.00212,0.00300,-0.00760,0.00338,-0.41940,0.91612,1,0.00460,-0.00081,-0.05602,0.41048,-0.05988,0.02893,0.03632,1
6.0413,-0.09639,0.01839,0.00271,-0.00025,-0.00600,0.00229,1.66209,-0.00000,0.00000,-0.00224,0.00305,-0.00715,0.00393,-0.41944,0.91612,1,0.00460,-0.00081,-0.05602,0.41048,-0.05988,0.02893,0.03632,1
6.0433,-0.09639,0.01839,0.00270,-0.00025,-0.00645,0.00179,1.66209,-0.00000,0.00000,-0.00236,0.00309,-0.00658,0.00435,-0.41945,0.91614,1,0.00460,-0.00081,-0.05602,0.41048,-0.05988,0.02893,0.03632,1
6.0453,-0.09639,0.01839,0.00269,-0.00024,-0.00702,0.00141,1.66209,-0.00000,0.00000,-0.00249,0.00312,-0.00587,0.00465,-0.41946,0.91613,1,0.00460,-0.00081,-0.05602,0.41048,-0.05988,0.02893,0.03632,1
6.0473,-0.09639,0.01839,0.00267,-0.00024,-0.00771,0.00114,1.66209,-0.00000,0.00000,-0.00264,0.00315,-0.00504,0.00482,-0.41948,0.91614,1,0.00460,-0.00081,-0.05602,0.41048,-0.05988,0.02893,0.03632,1
6.0493,-0.09639,0.01839,0.00265,-0.00024,-0.00852,0.00100,1.66209,-0.00000,0.00000,-0.00280,0.00317,-0.00408,0.00486,-0.41947,0.91617,1,0.00460,-0.00081,-0.05602,0.41048,-0.05988,0.02893,0.03632,1
6.0513,-0.09639,0.01839,0.00264,-0.00024,-0.00943,0.00096,1.66209,-0.00000,0.00000,-0.00298,0.00319,-0.00299,0.00477,-0.41949,0.91620,1,0.00460,-0.00081,-0.05602,0.41048,-0.05988,0.02893,0.03632,1
6.0533,-0.09639,0.01839,0.00262,-0.00023,-0.01047,0.00105,1.66209,-0.00000,0.00000,-0.00317,0.00321,-0.00203,0.00455,-0.41947,0.91621,1,0.00460,-0.00081,-0.05602,0.41048,-0.05988,0.02893,0.03632,1
6.0553,-0.09639,0.01839,0.00259,-0.00023,-0.01139,0.00125,1.66209,-0.00000,0.00000,-0.00339,0.00323,-0.00120,0.00421,-0.41944,0.91622,1,0.00460,-0.00081,-0.05602,0.41048,-0.05988,0.02893,0.03632,1
6.0573,-0.09639,0.01839,0.00257,-0.00023,-0.01219,0.00157,1.66209,-0.00000,0.00000,-0.00362,0.00326,-0.00050,0.00373,-0.41938,0.91622,1,0.00460,-0.00081,-0.05602,0.41048,-0.05988,0.02893,0.03632,1
6.0593,-0.09639,0.01839,0.00255,-0.00023,-0.01288,0.00200,1.66209,-0.00000,0.00000,-0.00387,0.00329,0.00008,0.00329,-0.41947,0.91619,1,0.00460,-0.00081,-0.05602,0.41048,-0.05988,0.02893,0.03632,1
6.0613,-0.09639,0.01839,0.00252,-0.00022,-0.01345,0.00241,1.66209,-0.00000,0.00000,-0.00412,0.00333,0.00053,0.00298,-0.41948,0.91619,1,0.00460,-0.00081,-0.05602,0.41048,-0.05988,0.02893,0.03632,1
6.0633,-0.09639,0.01839,0.00249,-0.00022,-0.01390,0.00270,1.66209,-0.00000,0.00000,-0.00439,0.00339,0.00085,0.00279,-0.41939,0.91624,1,0.00460,-0.00081,-0.05602,0.41048,-0.05988,0.02893,0.03632,1
6.0654,-0.09639,0.01839,0.00246,-0.00021,-0.01423,0.00287,1.66209,-0.00000,0.00000,-0.00467,0.00344,0.00104,0.00273,-0.41941,0.91622,1,0.00460,-0.00081,-0.05602,0.41048,-0.05988,0.02893,0.03632,1
6.0674,-0.09573,0.01892,0.00312,-0.00072,-0.01142,0.00113,1.65389,-0.00000,0.00000,0.00197,-0.00145,0.00136,0.00255,-0.41948,0.91621,1,0.00399,-0.00130,-0.05617,0.41041,-0.05972,0.02902,0.03780,1
6.0694,-0.09573,0.01892,0.00310,-0.00072,-0.01177,0.00131,1.65389,-0.00000,0.00000,0.00174,-0.00143,0.00174,0.00223,-0.41948,0.91621,1,0.00399,-0.00130,-0.05617,0.41041,-0.05972,0.02902,0.03780,1
6.0714,-0.09573,0.01892,0.00307,-0.00072,-0.01217,0.00161,1.65389,-0.00000,0.00000,0.00150,-0.00140,0.00199,0.00179,-0.41947,0.91619,1,0.00399,-0.00130,-0.05617,0.41041,-0.05972,0.02902,0.03780,1
6.0734,-0.09573,0.01892,0.00305,-0.00072,-0.01245,0.00203,1.65389,-0.00000,0.00000,0.00126,-0.00136,0.00212,0.00122,-0.41949,0.91618,1,0.00399,-0.00130,-0.05617,0.41041,-0.05972,0.02902,0.03780,1
6.0754,-0.09573,0.01892,0.00302,-0.00071,-0.01262,0.00256,1.65389,-0.00000,0.00000,0.00102,-0.00132,0.00212,0.00052,-0.41950,0.91616,1,0.00399,-0.00130,-0.05617,0.41041,-0.05972,0.02902,0.03780,1
6.0775,-0.09573,0.01892,0.00300,-0.00070,-0.01267,0.00321,1.65389,-0.00000,0.00000,0.00077,-0.00126,0.00199,-0.00031,-0.41948,0.91620,1,0.00399,-0.00130,-0.05617,0.41041,-0.05972,0.02902,0.03780,1
6.0795,-0.09573,0.01892,0.00297,-0.00070,-0.01261,0.00397,1.65389,-0.00000,0.00000,0.00052,-0.00119,0.00173,-0.00119,-0.41948,0.91620,1,0.00399,-0.00130,-0.05617,0.41041,-0.05972,0.02902,0.03780,1
6.0815,-0.09573,0.01892,0.00295,-0.00069,-0.01243,0.00478,1.65389,-0.00000,0.00000,0.00027,-0.00110,0.00134,-0.00194,-0.41948,0.91622,1,0.00399,-0.00130,-0.05617,0.41041,-0.05972,0.02902,0.03780,1
6.0835,-0.09573,0.01892,0.00292,-0.00068,-0.01213,0.00548,1.65389,-0.00000,0.00000,0.00003,-0.00100,0.00083,-0.00257,-0.41948,0.91622,1,0.00399,-0.00130,-0.05617,0.41041,-0.05972,0.02902,0.03780,1
6.0855,-0.09573,0.01892,0.00290,-0.00067,-0.01171,0.00606,1.65389,-0.00000,0.00000,-0.00020,-0.00089,0.00018,-0.00307,-0.41948,0.91617,1,0.00399,-0.00130,-0.05617,0.41041,-0.05972,0.02902,0.03780,1
6.0875,-0.09573,0.01892,0.00288,-0.00065,-0.01118,0.00653,1.65389,-0.00000,0.00000,-0.00043,-0.00076,-0.00043,-0.00344,-0.41949,0.91613,1,0.00399,-0.00130,-0.05617,0.41041,-0.05972,0.02902,0.03780,1
6.0895,-0.09573,0.01892,0.00285,-0.00064,-0.01067,0.00688,1.65389,-0.00000,0.00000,-0.00064,-0.00063,-0.00092,-0.00368,-0.41950,0.91615,1,0.00399,-0.00130,-0.05617,0.41041,-0.05972,0.02902,0.03780,1
6.0915,-0.09573,0.01892,0.00283,-0.00063,-0.01028,0.00711,1.65389,-0.00000,0.00000,-0.00085,-0.00049,-0.00127,-0.00380,-0.41954,0.91606,1,0.00399,-0.00130,-0.05617,0.41041,-0.05972,0.02902,0.03780,1
6.0935,-0.09573,0.01892,0.00281,-0.00061,-0.01000,0.00723,1.65389,-0.00000,0.00000,-0.00105,-0.00035,-0.00150,-0.00378,-0.41957,0.91608,1,0.00399,-0.00130,-0.05617,0.41041,-0.05972,0.02902,0.03780,1
6.0955,-0.09573,0.01892,0.00279,-0.00060,-0.00984,0.00722,1.65389,-0.00000,0.00000,-0.00125,-0.00021,-0.00161,-0.00364,-0.41956,0.91611,1,0.00399,-0.00130,-0.05617,0.41041,-0.05972,0.02902,0.03780,1
6.0977,-0.09573,0.01892,0.00277,-0.00058,-0.00980,0.00711,1.65389,-0.00000,0.00000,-0.00144,-0.00007,-0.00158,-0.00337,-0.41952,0.91610,1,0.00399,-0.00130,-0.05617,0.41041,-0.05972,0.02902,0.03780,1
6.0997,-0.09573,0.01892,0.00275,-0.00057,-0.00987,0.00687,1.65389,-0.00000,0.00000,-0.00163,0.00007,-0.00163,-0.00298,-0.41949,0.91611,1,0.00399,-0.00130,-0.05617,0.41041,-0.05972,0.02902,0.03780,1
6.1017,-0.09573,0.01892,0.00273,-0.00056,-0.00987,0.00652,1.65389,-0.00000,0.00000,-0.00183,0.00020,-0.00181,-0.00245,-0.41956,0.91611,1,0.00399,-0.00130,-0.05617,0.41041,-0.05972,0.02902,0.03780,1
6.1037,-0.09573,0.01892,0.00271,-0.00054,-0.00976,0.00605,1.65389,-0.00000,0.00000,-0.00202,0.00032,-0.00202,-0.00180,-0.41947,0.91613,1,0.00399,-0.00130,-0.05617,0.41041,-0.05972,0.02902,0.03780,1
6.1057,-0.09573,0.01892,0.00269,-0.00053,-0.00962,0.00547,1.65389,-0.00000,0.00000,-0.00221,0.00044,-0.00221,-0.00102,-0.41952,0.91610,1,0.00399,-0.00130,-0.05617,0.41041,-0.05972,0.02902,0.03780,1
6.1077,-0.09573,0.01892,0.00267,-0.00052,-0.00949,0.00477,1.65389,-0.00000,0.00000,-0.00240,0.00054,-0.00240,-0.00011,-0.41947,0.91614,1,0.00399,-0.00130,-0.05617,0.41041,-0.05972,0.02902,0.03780,1
6.1097,-0.09573,0.01892,0.00266,-0.00051,-0.00937,0.00395,1.65389,-0.00000,0.00000,-0.00258,0.00062,-0.00258,0.00067,-0.41948,0.91612,1,0.00399,-0.00130,-0.05617,0.41041,-0.05972,0.02902,0.03780,1
6.1117,-0.09573,0.01892,0.00264,-0.00051,-0.00925,0.00325,1.65389,-0.00000,0.00000,-0.00277,0.00069,-0.00277,0.00133,-0.41950,0.91610,1,0.00399,-0.00130,-0.05617,0.41041,-0.05972,0.02902,0.03780,1
6.1137,-0.09573,0.01892,0.00262,-0.00050,-0.00913,0.00266,1.65389,-0.00000,0.00000,-0.00295,0.00075,-0.00295,0.00185,-0.41950,0.91616,1,0.00399,-0.00130,-0.05617,0.41041,-0.05972,0.02902,0.03780,1
6.1157,-0.09573,0.01892,0.00260,-0.00050,-0.00901,0.00219,1.65389,-0.00000,0.00000,-0.00313,0.00080,-0.00313,0.00225,-0.41954,0.91613,1,0.00399,-0.00130,-0.05617,0.41041,-0.05972,0.02902,0.03780,1
6.1177,-0.09573,0.01892,0.00258,-0.00049,-0.00889,0.00184,1.65389,-0.00000,0.00000,-0.00330,0.00084,-0.00330,0.00252,-0.41950,0.91617,1,0.00399,-0.00130,-0.05617,0.41041,-0.05972,0.02902,0.03780,1
6.1197,-0.09573,0.01892,0.00257,-0.00049,-0.00878,0.00161,1.65389,-0.00000,0.00000,-0.00348,0.00087,-0.00348,0.00266,-0.41950,0.91616,1,0.00399,-0.00130,-0.05617,0.41041,-0.05972,0.02902,0.03780,1
6.1217,-0.09573,0.01892,0.00255,-0.00048,-0.00867,0.00149,1.65389,-0.00000,0.00000,-0.00365,0.00090,-0.00365,0.00267,-0.41950,0.91616,1,0.00399,-0.00130,-0.05617,0.41041,-0.05972,0.02902,0.03780,1
6.1237,-0.09573,0.01892,0.00253,-0.00048,-0.00855,0.00148,1.65389,-0.00000,0.00000,-0.00382,0.00093,-0.00382,0.00256,-0.41956,0.91617,1,0.00399,-0.00130,-0.05617,0.41041,-0.05972,0.02902,0.03780,1
6.1258,-0.09573,0.01892,0.00251,-0.00048,-0.00844,0.00159,1.65389,-0.00000,0.00000,-0.00398,0.00096,-0.00398,0.00232,-0.41953,0.91621,1,0.00399,-0.00130,-0.05617,0.41041,-0.05972,0.02902,0.03780,1
6.1278,-0.09573,0.01892,0.00250,-0.00048,-0.00834,0.00182,1.65389,-0.00000,0.00000,-0.00415,0.00100,-0.00415,0.00195,-0.41950,0.91621,1,0.00399,-0.00130,-0.05617,0.41041,-0.05972,0.02902,0.03780,1
6.1298,-0.09531,0.01896,0.00289,-0.00081,-0.00645,0.00088,1.65056,-0.00000,0.00000,-0.00017,-0.00233,-0.00419,0.00145,-0.41951,0.91623,1,0.00359,-0.00133,-0.05684,0.40994,-0.05874,0.02942,0.03496,1
6.1318,-0.09531,0.01896,0.00288,-0.00081,-0.00647,0.00135,1.65056,-0.00000,0.00000,-0.00030,-0.00230,-0.00410,0.00082,-0.41951,0.91623,1,0.00359,-0.00133,-0.05684,0.40994,-0.05874,0.02942,0.03496,1
6.1338,-0.09531,0.01896,0.00286,-0.00081,-0.00660,0.00193,1.65056,-0.00000,0.00000,-0.00043,-0.00227,-0.00388,0.00007,-0.41950,0.91628,1,0.00359,-0.00133,-0.05684,0.40994,-0.05874,0.02942,0.03496,1
6.1358,-0.09531,0.01896,0.00285,-0.00080,-0.00685,0.00263,1.65056,-0.00000,0.00000,-0.00056,-0.00223,-0.00353,-0.00082,-0.41957,0.91623,1,0.00359,-0.00133,-0.05684,0.40994,-0.05874,0.02942,0.03496,1
6.1378,-0.09531,0.01896,0.00283,-0.00080,-0.00722,0.00345,1.65056,-0.00000,0.00000,-0.00070,-0.00217,-0.00306,-0.00183,-0.41953,0.91625,1,0.00359,-0.00133,-0.05684,0.40994,-0.05874,0.02942,0.03496,1
6.1398,-0.09531,0.01896,0.00282,-0.00079,-0.00770,0.00438,1.65056,-0.00000,0.00000,-0.00085,-0.00209,-0.00245,-0.00271,-0.41960,0.91623,1,0.00359,-0.00133,-0.05684,0.40994,-0.05874,0.02942,0.03496,1
6.1418,-0.09531,0.01896,0.00280,-0.00078,-0.00829,0.00520,1.65056,-0.00000,0.00000,-0.00100,-0.00200,-0.00172,-0.00346,-0.41960,0.91624,1,0.00359,-0.00133,-0.05684,0.40994,-0.05874,0.02942,0.03496,1
6.1438,-0.09531,0.01896,0.00279,-0.00077,-0.00901,0.00590,1.65056,-0.00000,0.00000,-0.00117,-0.00189,-0.00112,-0.00409,-0.41952,0.91624,1,0.00359,-0.00133,-0.05684,0.40994,-0.05874,0.02942,0.03496,1
6.1458,-0.09531,0.01896,0.00277,-0.00076,-0.00961,0.00648,1.65056,-0.00000,0.00000,-0.00136,-0.00177,-0.00064,-0.00459,-0.41958,0.91621,1,0.00359,-0.00133,-0.05684,0.40994,-0.05874,0.02942,0.03496,1
6.1478,-0.09531,0.01896,0.00275,-0.00074,-0.01009,0.00695,1.65056,-0.00000,0.00000,-0.00155,-0.00163,-0.00030,-0.00496,-0.41955,0.91620,1,0.00359,-0.00133,-0.05684,0.40994,-0.05874,0.02942,0.03496,1
6.1498,-0.09531,0.01896,0.00273,-0.00073,-0.01045,0.00730,1.65056,-0.00000,0.00000,-0.00175,-0.00149,-0.00008,-0.00520,-0.41955,0.91622,1,0.00359,-0.00133,-0.05684,0.40994,-0.05874,0.02942,0.03496,1
6.1518,-0.09531,0.01896,0.00271,-0.00071,-0.01070,0.00753,1.65056,-0.00000,0.00000,-0.00196,-0.00135,0.00001,-0.00532,-0.41950,0.91618,1,0.00359,-0.00133,-0.05684,0.40994,-0.05874,0.02942,0.03496,1
6.1538,-0.09531,0.01896,0.00269,-0.00070,-0.01083,0.00765,1.65056,-0.00000,0.00000,-0.00217,-0.00120,-0.00002,-0.00531,-0.41946,0.91620,1,0.00359,-0.00133,-0.05684,0.40994,-0.05874,0.02942,0.03496,1
6.1558,-0.09531,0.01896,0.00266,-0.00068,-0.01084,0.00765,1.65056,-0.00000,0.00000,-0.00239,-0.00105,-0.00019,-0.00516,-0.41951,0.91615,1,0.00359,-0.00133,-0.05684,0.40994,-0.05874,0.02942,0.03496,1
6.1578,-0.09531,0.01896,0.00264,-0.00067,-0.01074,0.00753,1.65056,-0.00000,0.00000,-0.00260,-0.00090,-0.00048,-0.00489,-0.41951,0.91615,1,0.00359,-0.00133,-0.05684,0.40994,-0.05874,0.02942,0.03496,1
6.1598,-0.09531,0.01896,0.00262,-0.00065,-0.01052,0.00730,1.65056,-0.00000,0.00000,-0.00281,-0.00075,-0.00090,-0.00450,-0.41952,0.91616,1,0.00359,-0.00133,-0.05684,0.40994,-0.05874,0.02942,0.03496,1
6.1618,-0.09531,0.01896,0.00260,-0.00064,-0.01018,0.00695,1.65056,-0.00000,0.00000,-0.00301,-0.00061,-0.00145,-0.00397,-0.41954,0.91612,1,0.00359,-0.00133,-0.05684,0.40994,-0.05874,0.02942,0.03496,1
6.1638,-0.09531,0.01896,0.00258,-0.00063,-0.00973,0.00648,1.65056,-0.00000,0.00000,-0.00321,-0.00048,-0.00213,-0.00332,-0.41953,0.91614,1,0.00359,-0.00133,-0.05684,0.40994,-0.05874,0.02942,0.03496,1
6.1658,-0.09531,0.01896,0.00256,-0.00061,-0.00916,0.00590,1.65056,-0.00000,0.00000,-0.00339,-0.00036,-0.00294,-0.00254,-0.41956,0.91615,1,0.00359,-0.00133,-0.05684,0.40994,-0.05874,0.02942,0.03496,1
6.1678,-0.09531,0.01896,0.00254,-0.00060,-0.00847,0.00520,1.65056,-0.00000,0.00000,-0.00357,-0.00025,-0.00361,-0.00163,-0.41954,0.91610,1,0.00359,-0.00133,-0.05684,0.40994,-0.05874,0.02942,0.03496,1
6.1698,-0.09531,0.01896,0.00253,-0.00059,-0.00790,0.00438,1.65056,-0.00000,0.00000,-0.00373,-0.00015,-0.00416,-0.00059,-0.41963,0.91605,1,0.00359,-0.00133,-0.05684,0.40994,-0.05874,0.02942,0.03496,1
6.1718,-0.09531,0.01896,0.00251,-0.00059,-0.00745,0.00345,1.65056,-0.00000,0.00000,-0.00388,-0.00008,-0.00458,0.00032,-0.41952,0.91614,1,0.00359,-0.00133,-0.05684,0.40994,-0.05874,0.02942,0.03496,1
6.1738,-0.09531,0.01896,0.00250,-0.00058,-0.00711,0.00263,1.65056,-0.00000,0.00000,-0.00402,-0.00002,-0.00488,0.00110,-0.41959,0.91606,1,0.00359,-0.00133,-0.05684,0.40994,-0.05874,0.02942,0.03496,1
6.1758,-0.09531,0.01896,0.00248,-0.00058,-0.00689,0.00193,1.65056,-0.00000,0.00000,-0.00416,0.00003,-0.00504,0.00175,-0.41961,0.91608,1,0.00359,-0.00133,-0.05684,0.40994,-0.05874,0.02942,0.03496,1
6.1778,-0.09531,0.01896,0.00247,-0.00057,-0.00678,0.00135,1.65056,-0.00000,0.00000,-0.00429,0.00006,-0.00508,0.00228,-0.41968,0.91608,1,0.00359,-0.00133,-0.05684,0.40994,-0.05874,0.02942,0.03496,1
6.1798,-0.09531,0.01896,0.00246,-0.00057,-0.00679,0.00088,1.65056,-0.00000,0.00000,-0.00443,0.00008,-0.00499,0.00268,-0.41968,0.91609,1,0.00359,-0.00133,-0.05684,0.40994,-0.05874,0.02942,0.03496,1
6.1818,-0.09531,0.01896,0.00244,-0.00057,-0.00692,0.00053,1.65056,-0.00000,0.00000,-0.00456,0.00010,-0.00477,0.00294,-0.41966,0.91608,1,0.00359,-0.00133,-0.05684,0.40994,-0.05874,0.02942,0.03496,1
6.1838,-0.09531,0.01896,0.00243,-0.00057,-0.00716,0.00030,1.65056,-0.00000,0.00000,-0.00470,0.00010,-0.00468,0.00309,-0.41967,0.91608,1,0.00359,-0.00133,-0.05684,0.40994,-0.05874,0.02942,0.03496,1
6.1858,-0.09531,0.01896,0.00241,-0.00057,-0.00728,0.00018,1.65056,-0.00000,0.00000,-0.00484,0.00011,-0.00472,0.00310,-0.41965,0.91613,1,0.00359,-0.00133,-0.05684,0.40994,-0.05874,0.02942,0.03496,1
6.1878,-0.09531,0.01896,0.00240,-0.00057,-0.00729,0.00018,1.65056,-0.00000,0.00000,-0.00499,0.00011,-0.00488,0.00298,-0.41971,0.91610,1,0.00359,-0.00133,-0.05684,0.40994,-0.05874,0.02942,0.03496,1
6.1898,-0.09531,0.01896,0.00238,-0.00057,-0.00719,0.00029,1.65056,-0.00000,0.00000,-0.00513,0.00012,-0.00513,0.00274,-0.41974,0.91611,1,0.00359,-0.00133,-0.05684,0.40994,-0.05874,0.02942,0.03496,1
6.1918,-0.09531,0.01896,0.00237,-0.00057,-0.00700,0.00052,1.65056,-0.00000,0.00000,-0.00527,0.00013,-0.00527,0.00237,-0.41977,0.91611,1,0.00359,-0.00133,-0.05684,0.40994,-0.05874,0.02942,0.03496,1
6.1938,-0.09531,0.01896,0.00236,-0.00056,-0.00692,0.00087,1.65056,-0.00000,0.00000,-0.00541,0.00014,-0.00541,0.00187,-0.41978,0.91608,1,0.00359,-0.00133,-0.05684,0.40994,-0.05874,0.02942,0.03496,1
6.1959,-0.09495,0.01938,0.00265,-0.00110,-0.00581,-0.00107,1.66068,-0.00000,0.00000,-0.00241,-0.00499,-0.00541,0.00125,-0.41972,0.91612,1,0.00326,-0.00172,-0.05517,0.40911,-0.06099,0.03013,0.03169,1
6.1979,-0.09495,0.01938,0.00264,-0.00110,-0.00585,-0.00048,1.66068,-0.00000,0.00000,-0.00252,-0.00501,-0.00530,0.00049,-0.41974,0.91612,1,0.00326,-0.00172,-0.05517,0.40911,-0.06099,0.03013,0.03169,1
6.1999,-0.09495,0.01938,0.00263,-0.00110,-0.00601,0.00023,1.66068,-0.00000,0.00000,-0.00264,-0.00501,-0.00505,-0.00039,-0.41976,0.91613,1,0.00326,-0.00172,-0.05517,0.40911,-0.06099,0.03013,0.03169,1
6.2019,-0.09495,0.01938,0.00261,-0.00110,-0.00628,0.00105,1.66068,-0.00000,0.00000,-0.00276,-0.00500,-0.00467,-0.00140,-0.41978,0.91612,1,0.00326,-0.00172,-0.05517,0.40911,-0.06099,0.03013,0.03169,1
6.2039,-0.09495,0.01938,0.00260,-0.00110,-0.00666,0.00199,1.66068,-0.00000,0.00000,-0.00289,-0.00497,-0.00417,-0.00254,-0.41974,0.91613,1,0.00326,-0.00172,-0.05517,0.40911,-0.06099,0.03013,0.03169,1
6.2059,-0.09495,0.01938,0.00259,-0.00109,-0.00717,0.00304,1.66068,-0.00000,0.00000,-0.00302,-0.00492,-0.00354,-0.00381,-0.41974,0.91615,1,0.00326,-0.00172,-0.05517,0.40911,-0.06099,0.03013,0.03169,1
6.2079,-0.09495,0.01938,0.00257,-0.00108,-0.00779,0.00421,1.66068,-0.00000,0.00000,-0.00317,-0.00485,-0.00304,-0.00495,-0.41976,0.91612,1,0.00326,-0.00172,-0.05517,0.40911,-0.06099,0.03013,0.03169,1
6.2099,-0.09495,0.01938,0.00256,-0.00107,-0.00829,0.00527,1.66068,-0.00000,0.00000,-0.00333,-0.00476,-0.00266,-0.00596,-0.41978,0.91611,1,0.00326,-0.00172,-0.05517,0.40911,-0.06099,0.03013,0.03169,1
6.2119,-0.09495,0.01938,0.00254,-0.00106,-0.00868,0.00620,1.66068,-0.00000,0.00000,-0.00350,-0.00464,-0.00241,-0.00684,-0.41975,0.91612,1,0.00326,-0.00172,-0.05517,0.40911,-0.06099,0.03013,0.03169,1
6.2139,-0.09495,0.01938,0.00252,-0.00105,-0.00895,0.00702,1.66068,-0.00000,0.00000,-0.00367,-0.00451,-0.00230,-0.00760,-0.41972,0.91614,1,0.00326,-0.00172,-0.05517,0.40911,-0.06099,0.03013,0.03169,1
6.2159,-0.09495,0.01938,0.00250,-0.00103,-0.00910,0.00773,1.66068,-0.00000,0.00000,-0.00385,-0.00437,-0.00230,-0.00822,-0.41974,0.91608,1,0.00326,-0.00172,-0.05517,0.40911,-0.06099,0.03013,0.03169,1
6.2179,-0.09495,0.01938,0.00249,-0.00102,-0.00913,0.00832,1.66068,-0.00000,0.00000,-0.00403,-0.00421,-0.00244,-0.00872,-0.41974,0.91605,1,0.00326,-0.00172,-0.05517,0.40911,-0.06099,0.03013,0.03169,1
6.2199,-0.09495,0.01938,0.00247,-0.00100,-0.00905,0.00879,1.66068,-0.00000,0.00000,-0.00420,-0.00404,-0.00271,-0.00909,-0.41976,0.91603,1,0.00326,-0.00172,-0.05517,0.40911,-0.06099,0.03013,0.03169,1
6.2220,-0.09495,0.01938,0.00245,-0.00098,-0.00886,0.00914,1.66068,-0.00000,0.00000,-0.00438,-0.00386,-0.00310,-0.00933,-0.41978,0.91603,1,0.00326,-0.00172,-0.05517,0.40911,-0.06099,0.03013,0.03169,1
6.2240,-0.09495,0.01938,0.00243,-0.00097,-0.00854,0.00938,1.66068,-0.00000,0.00000,-0.00455,-0.00368,-0.00362,-0.00945,-0.41977,0.91604,1,0.00326,-0.00172,-0.05517,0.40911,-0.06099,0.03013,0.03169,1
6.2260,-0.09495,0.01938,0.00242,-0.00095,-0.00811,0.00950,1.66068,-0.00000,0.00000,-0.00472,-0.00350,-0.00427,-0.00944,-0.41976,0.91601,1,0.00326,-0.00172,-0.05517,0.40911,-0.06099,0.03013,0.03169,1
6.2280,-0.09495,0.01938,0.00240,-0.00093,-0.00756,0.00951,1.66068,-0.00000,0.00000,-0.00487,-0.00331,-0.00487,-0.00929,-0.41977,0.91602,1,0.00326,-0.00172,-0.05517,0.40911,-0.06099,0.03013,0.03169,1
6.2300,-0.09495,0.01938,0.00239,-0.00091,-0.00706,0.00939,1.66068,-0.00000,0.00000,-0.00501,-0.00312,-0.00534,-0.00902,-0.41984,0.91600,1,0.00326,-0.00172,-0.05517,0.40911,-0.06099,0.03013,0.03169,1
6.2320,-0.09495,0.01938,0.00237,-0.00089,-0.00667,0.00916,1.66068,-0.00000,0.00000,-0.00515,-0.00294,-0.00569,-0.00863,-0.41980,0.91599,1,0.00326,-0.00172,-0.05517,0.40911,-0.06099,0.03013,0.03169,1
6.2340,-0.09495,0.01938,0.00236,-0.00087,-0.00640,0.00882,1.66068,-0.00000,0.00000,-0.00528,-0.00276,-0.00591,-0.00810,-0.41987,0.91599,1,0.00326,-0.00172,-0.05517,0.40911,-0.06099,0.03013,0.03169,1
6.2360,-0.09495,0.01938,0.00235,-0.00085,-0.00624,0.00836,1.66068,-0.00000,0.00000,-0.00540,-0.00259,-0.00600,-0.00745,-0.41986,0.91596,1,0.00326,-0.00172,-0.05517,0.40911,-0.06099,0.03013,0.03169,1
6.2380,-0.09495,0.01938,0.00233,-0.00084,-0.00620,0.00778,1.66068,-0.00000,0.00000,-0.00553,-0.00244,-0.00596,-0.00667,-0.41986,0.91598,1,0.00326,-0.00172,-0.05517,0.40911,-0.06099,0.03013,0.03169,1
6.2400,-0.09495,0.01938,0.00232,-0.00082,-0.00628,0.00708,1.66068,-0.00000,0.00000,-0.00565,-0.00229,-0.00579,-0.00576,-0.41993,0.91593,1,0.00326,-0.00172,-0.05517,0.40911,-0.06099,0.03013,0.03169,1
6.2420,-0.09495,0.01938,0.00231,-0.00081,-0.00647,0.00627,1.66068,-0.00000,0.00000,-0.00577,-0.00216,-0.00575,-0.00472,-0.41990,0.91597,1,0.00326,-0.00172,-0.05517,0.40911,-0.06099,0.03013,0.03169,1
6.2440,-0.09495,0.01938,0.00230,-0.00080,-0.00655,0.00534,1.66068,-0.00000,0.00000,-0.00590,-0.00204,-0.00584,-0.00356,-0.41990,0.91596,1,0.00326,-0.00172,-0.05517,0.40911,-0.06099,0.03013,0.03169,1
6.2460,-0.09495,0.01938,0.00228,-0.00079,-0.00651,0.00430,1.66068,-0.00000,0.00000,-0.00603,-0.00195,-0.00603,-0.00226,-0.41986,0.91596,1,0.00326,-0.00172,-0.05517,0.40911,-0.06099,0.03013,0.03169,1
6.2480,-0.09495,0.01938,0.00227,-0.00078,-0.00638,0.00313,1.66068,-0.00000,0.00000,-0.00616,-0.00188,-0.00616,-0.00110,-0.41991,0.91597,1,0.00326,-0.00172,-0.05517,0.40911,-0.06099,0.03013,0.03169,1
6.2500,-0.09495,0.01938,0.00226,-0.00078,-0.00630,0.00209,1.66068,-0.00000,0.00000,-0.00628,-0.00182,-0.00628,-0.00006,-0.41986,0.91597,1,0.00326,-0.00172,-0.05517,0.40911,-0.06099,0.03013,0.03169,1
6.2520,-0.09495,0.01938,0.00224,-0.00077,-0.00623,0.00116,1.66068,-0.00000,0.00000,-0.00641,-0.00179,-0.00641,0.00085,-0.41991,0.91594,1,0.00326,-0.00172,-0.05517,0.40911,-0.06099,0.03013,0.03169,1
6.2540,-0.09495,0.01938,0.00223,-0.00077,-0.00616,0.00035,1.66068,-0.00000,0.00000,-0.00653,-0.00178,-0.00653,0.00163,-0.41988,0.91592,1,0.00326,-0.00172,-0.05517,0.40911,-0.06099,0.03013,0.03169,1
6.2560,-0.09495,0.01938,0.00222,-0.00077,-0.00609,-0.00035,1.66068,-0.00000,0.00000,-0.00665,-0.00178,-0.00665,0.00228,-0.41989,0.91594,1,0.00326,-0.00172,-0.05517,0.40911,-0.06099,0.03013,0.03169,1
6.2581,-0.09495,0.01938,0.00221,-0.00077,-0.00602,-0.00093,1.66068,-0.00000,0.00000,-0.00677,-0.00179,-0.00677,0.00281,-0.41996,0.91596,1,0.00326,-0.00172,-0.05517,0.40911,-0.06099,0.03013,0.03169,1
6.2600,-0.09495,0.01938,0.00220,-0.00078,-0.00595,-0.00139,1.66068,-0.00000,0.00000,-0.00688,-0.00181,-0.00688,0.00321,-0.41997,0.91598,1,0.00326,-0.00172,-0.05517,0.40911,-0.06099,0.03013,0.03169,1
6.2621,-0.09495,0.01938,0.00218,-0.00078,-0.00588,-0.00174,1.66068,-0.00000,0.00000,-0.00700,-0.00184,-0.00700,0.00348,-0.41999,0.91596,1,0.00326,-0.00172,-0.05517,0.40911,-0.06099,0.03013,0.03169,1
6.2641,-0.09495,0.01938,0.00217,-0.00078,-0.00581,-0.00197,1.66068,-0.00000,0.00000,-0.00712,-0.00188,-0.00712,0.00362,-0.42002,0.91596,1,0.00326,-0.00172,-0.05517,0.40911,-0.06099,0.03013,0.03169,1
6.2661,-0.09656,0.01977,0.00341,-0.00135,-0.00118,-0.00381,1.65075,-0.00000,0.00000,0.00460,-0.00736,-0.00710,0.00363,-0.42001,0.91599,1,0.00473,-0.00206,-0.05598,0.40906,-0.05924,0.02990,0.03584,1
6.2681,-0.09656,0.01977,0.00341,-0.00136,-0.00126,-0.00380,1.65075,-0.00000,0.00000,0.00458,-0.00743,-0.00696,0.00352,-0.42007,0.91597,1,0.00473,-0.00206,-0.05598,0.40906,-0.05924,0.02990,0.03584,1
6.2701,-0.09656,0.01977,0.00341,-0.00137,-0.00145,-0.00367,1.65075,-0.00000,0.00000,0.00455,-0.00750,-0.00669,0.00327,-0.42002,0.91597,1,0.00473,-0.00206,-0.05598,0.40906,-0.05924,0.02990,0.03584,1
6.2721,-0.09656,0.01977,0.00340,-0.00137,-0.00175,-0.00342,1.65075,-0.00000,0.00000,0.00452,-0.00757,-0.00630,0.00290,-0.42005,0.91594,1,0.00473,-0.00206,-0.05598,0.40906,-0.05924,0.02990,0.03584,1
6.2741,-0.09656,0.01977,0.00340,-0.00138,-0.00217,-0.00306,1.65075,-0.00000,0.00000,0.00448,-0.00764,-0.00577,0.00240,-0.42011,0.91596,1,0.00473,-0.00206,-0.05598,0.40906,-0.05924,0.02990,0.03584,1
6.2761,-0.09656,0.01977,0.00339,-0.00138,-0.00271,-0.00258,1.65075,-0.00000,0.00000,0.00443,-0.00769,-0.00512,0.00178,-0.42008,0.91596,1,0.00473,-0.00206,-0.05598,0.40906,-0.05924,0.02990,0.03584,1
6.2781,-0.09656,0.01977,0.00339,-0.00139,-0.00336,-0.00199,1.65075,-0.00000,0.00000,0.00437,-0.00774,-0.00434,0.00102,-0.42011,0.91596,1,0.00473,-0.00206,-0.05598,0.40906,-0.05924,0.02990,0.03584,1
6.2801,-0.09656,0.01977,0.00338,-0.00139,-0.00413,-0.00128,1.65075,-0.00000,0.00000,0.00430,-0.00777,-0.00343,0.00014,-0.42011,0.91595,1,0.00473,-0.00206,-0.05598,0.40906,-0.05924,0.02990,0.03584,1
6.2821,-0.09656,0.01977,0.00337,-0.00139,-0.00502,-0.00045,1.65075,-0.00000,0.00000,0.00421,-0.00779,-0.00239,-0.00087,-0.42010,0.91596,1,0.00473,-0.00206,-0.05598,0.40906,-0.05924,0.02990,0.03584,1
6.2841,-0.09656,0.01977,0.00336,-0.00139,-0.00602,0.00049,1.65075,-0.00000,0.00000,0.00410,-0.00779,-0.00123,-0.00201,-0.42009,0.91597,1,0.00473,-0.00206,-0.05598,0.40906,-0.05924,0.02990,0.03584,1
6.2861,-0.09656,0.01977,0.00335,-0.00139,-0.00714,0.00155,1.65075,-0.00000,0.00000,0.00397,-0.00777,0.00007,-0.00328,-0.42008,0.91599,1,0.00473,-0.00206,-0.05598,0.40906,-0.05924,0.02990,0.03584,1
6.2881,-0.09656,0.01977,0.00333,-0.00139,-0.00838,0.00273,1.65075,-0.00000,0.00000,0.00382,-0.00773,0.00149,-0.00467,-0.42004,0.91598,1,0.00473,-0.00206,-0.05598,0.40906,-0.05924,0.02990,0.03584,1
6.2901,-0.09656,0.01977,0.00331,-0.00138,-0.00973,0.00402,1.65075,-0.00000,0.00000,0.00364,-0.00766,0.00304,-0.00619,-0.42009,0.91596,1,0.00473,-0.00206,-0.05598,0.40906,-0.05924,0.02990,0.03584,1
6.2921,-0.09656,0.01977,0.00329,-0.00137,-0.01119,0.00543,1.65075,-0.00000,0.00000,0.00343,-0.00757,0.00446,-0.00759,-0.42012,0.91592,1,0.00473,-0.00206,-0.05598,0.40906,-0.05924,0.02990,0.03584,1
6.2941,-0.09656,0.01977,0.00327,-0.00136,-0.01254,0.00672,1.65075,-0.00000,0.00000,0.00320,-0.00745,0.00575,-0.00886,-0.42005,0.91596,1,0.00473,-0.00206,-0.05598,0.40906,-0.05924,0.02990,0.03584,1
6.2961,-0.09656,0.01977,0.00324,-0.00134,-0.01378,0.00790,1.65075,-0.00000,0.00000,0.00294,-0.00730,0.00692,-0.00999,-0.42001,0.91592,1,0.00473,-0.00206,-0.05598,0.40906,-0.05924,0.02990,0.03584,1
6.2981,-0.09656,0.01977,0.00321,-0.00133,-0.01489,0.00896,1.65075,-0.00000,0.00000,0.00266,-0.00714,0.00795,-0.01101,-0.42001,0.91595,1,0.00473,-0.00206,-0.05598,0.40906,-0.05924,0.02990,0.03584,1
6.3001,-0.09656,0.01977,0.00318,-0.00131,-0.01589,0.00990,1.65075,-0.00000,0.00000,0.00236,-0.00695,0.00886,-0.01189,-0.42000,0.91589,1,0.00473,-0.00206,-0.05598,0.40906,-0.05924,0.02990,0.03584,1
6.3021,-0.09656,0.01977,0.00315,-0.00129,-0.01678,0.01072,1.65075,-0.00000,0.00000,0.00203,-0.00675,0.00964,-0.01264,-0.42000,0.91587,1,0.00473,-0.00206,-0.05598,0.40906,-0.05924,0.02990,0.03584,1
6.3041,-0.09656,0.01977,0.00312,-0.00127,-0.01754,0.01143,1.65075,-0.00000,0.00000,0.00170,-0.00653,0.01030,-0.01327,-0.42002,0.91586,1,0.00473,-0.00206,-0.05598,0.40906,-0.05924,0.02990,0.03584,1
6.3061,-0.09656,0.01977,0.00308,-0.00124,-0.01819,0.01202,1.65075,-0.00000,0.00000,0.00135,-0.00630,0.01082,-0.01377,-0.41997,0.91584,1,0.00473,-0.00206,-0.05598,0.40906,-0.05924,0.02990,0.03584,1
6.3081,-0.09656,0.01977,0.00304,-0.00122,-0.01872,0.01250,1.65075,-0.00000,0.00000,0.00098,-0.00606,0.01122,-0.01414,-0.41990,0.91586,1,0.00473,-0.00206,-0.05598,0.40906,-0.05924,0.02990,0.03584,1
6.3101,-0.09656,0.01977,0.00301,-0.00119,-0.01914,0.01286,1.65075,-0.00000,0.00000,0.00061,-0.00581,0.01149,-0.01438,-0.41988,0.91579,1,0.00473,-0.00206,-0.05598,0.40906,-0.05924,0.02990,0.03584,1
6.3121,-0.09656,0.01977,0.00297,-0.00117,-0.01943,0.01310,1.65075,-0.00000,0.00000,0.00023,-0.00555,0.01163,-0.01450,-0.41988,0.91577,1,0.00473,-0.00206,-0.05598,0.40906,-0.05924,0.02990,0.03584,1
6.3141,-0.09656,0.01977,0.00293,-0.00114,-0.01961,0.01322,1.65075,-0.00000,0.00000,-0.00015,-0.00529,0.01164,-0.01448,-0.41981,0.91578,1,0.00473,-0.00206,-0.05598,0.40906,-0.05924,0.02990,0.03584,1
6.3161,-0.09656,0.01977,0.00289,-0.00111,-0.01968,0.01323,1.65075,-0.00000,0.00000,-0.00054,-0.00503,0.01153,-0.01434,-0.41983,0.91573,1,0.00473,-0.00206,-0.05598,0.40906,-0.05924,0.02990,0.03584,1
6.3181,-0.09656,0.01977,0.00285,-0.00109,-0.01962,0.01312,1.65075,-0.00000,0.00000,-0.00093,-0.00477,0.01128,-0.01407,-0.41982,0.91568,1,0.00473,-0.00206,-0.05598,0.40906,-0.05924,0.02990,0.03584,1
6.3201,-0.09656,0.01977,0.00281,-0.00106,-0.01945,0.01290,1.65075,-0.00000,0.00000,-0.00131,-0.00452,0.01091,-0.01368,-0.41978,0.91566,1,0.00473,-0.00206,-0.05598,0.40906,-0.05924,0.02990,0.03584,1
6.3221,-0.09656,0.01977,0.00277,-0.00104,-0.01916,0.01255,1.65075,-0.00000,0.00000,-0.00169,-0.00427,0.01041,-0.01315,-0.41984,0.91563,1,0.00473,-0.00206,-0.05598,0.40906,-0.05924,0.02990,0.03584,1
6.3241,-0.09656,0.01977,0.00273,-0.00101,-0.01876,0.01209,1.65075,-0.00000,0.00000,-0.00207,-0.00403,0.00979,-0.01250,-0.41983,0.91564,1,0.00473,-0.00206,-0.05598,0.40906,-0.05924,0.02990,0.03584,1
6.3261,-0.09656,0.01977,0.00270,-0.00099,-0.01824,0.01152,1.65075,-0.00000,0.00000,-0.00243,-0.00379,0.00903,-0.01172,-0.41981,0.91561,1,0.00473,-0.00206,-0.05598,0.40906,-0.05924,0.02990,0.03584,1
6.3283,-0.09419,0.01804,0.00221,-0.00046,-0.02094,0.01437,1.66240,-0.00000,0.00000,-0.00652,0.00092,0.00815,-0.01081,-0.41983,0.91555,1,0.00253,-0.00048,-0.05956,0.40889,-0.05531,0.03053,0.03508,1
6.3303,-0.09419,0.01804,0.00217,-0.00043,-0.02018,0.01355,1.66240,-0.00000,0.00000,-0.00692,0.00120,0.00714,-0.00977,-0.41976,0.91558,1,0.00253,-0.00048,-0.05956,0.40889,-0.05531,0.03053,0.03508,1
6.3323,-0.09419,0.01804,0.00213,-0.00040,-0.01930,0.01261,1.66240,-0.00000,0.00000,-0.00731,0.00145,0.00600,-0.00860,-0.41981,0.91554,1,0.00253,-0.00048,-0.05956,0.40889,-0.05531,0.03053,0.03508,1
6.3343,-0.09419,0.01804,0.00209,-0.00038,-0.01830,0.01156,1.66240,-0.00000,0.00000,-0.00768,0.00169,0.00473,-0.00731,-0.41978,0.91551,1,0.00253,-0.00048,-0.05956,0.40889,-0.05531,0.03053,0.03508,1
6.3363,-0.09419,0.01804,0.00206,-0.00036,-0.01718,0.01039,1.66240,-0.00000,0.00000,-0.00803,0.00191,0.00334,-0.00589,-0.41976,0.91550,1,0.00253,-0.00048,-0.05956,0.40889,-0.05531,0.03053,0.03508,1
6.3383,-0.09419,0.01804,0.00202,-0.00034,-0.01595,0.00911,1.66240,-0.00000,0.00000,-0.00836,0.00210,0.00181,-0.00434,-0.41980,0.91545,1,0.00253,-0.00048,-0.05956,0.40889,-0.05531,0.03053,0.03508,1
6.3403,-0.09419,0.01804,0.00199,-0.00032,-0.01460,0.00770,1.66240,-0.00000,0.00000,-0.00866,0.00226,0.00021,-0.00274,-0.41980,0.91548,1,0.00253,-0.00048,-0.05956,0.40889,-0.05531,0.03053,0.03508,1
6.3423,-0.09419,0.01804,0.00196,-0.00031,-0.01318,0.00625,1.66240,-0.00000,0.00000,-0.00893,0.00240,-0.00139,-0.00114,-0.41979,0.91548,1,0.00253,-0.00048,-0.05956,0.40889,-0.05531,0.03053,0.03508,1
6.3443,-0.09419,0.01804,0.00194,-0.00029,-0.01176,0.00481,1.66240,-0.00000,0.00000,-0.00918,0.00251,-0.00299,0.00046,-0.41982,0.91546,1,0.00253,-0.00048,-0.05956,0.40889,-0.05531,0.03053,0.03508,1
6.3463,-0.09419,0.01804,0.00192,-0.00029,-0.01034,0.00336,1.66240,-0.00000,0.00000,-0.00939,0.00259,-0.00459,0.00206,-0.41982,0.91546,1,0.00253,-0.00048,-0.05956,0.40889,-0.05531,0.03053,0.03508,1
6.3483,-0.09419,0.01804,0.00190,-0.00028,-0.00892,0.00191,1.66240,-0.00000,0.00000,-0.00958,0.00264,-0.00619,0.00353,-0.41984,0.91547,1,0.00253,-0.00048,-0.05956,0.40889,-0.05531,0.03053,0.03508,1
6.3503,-0.09419,0.01804,0.00188,-0.00028,-0.00750,0.00057,1.66240,-0.00000,0.00000,-0.00974,0.00267,-0.00779,0.00488,-0.41981,0.91548,1,0.00253,-0.00048,-0.05956,0.40889,-0.05531,0.03053,0.03508,1
6.3523,-0.09419,0.01804,0.00187,-0.00028,-0.00608,-0.00064,1.66240,-0.00000,0.00000,-0.00988,0.00267,-0.00939,0.00609,-0.41983,0.91547,1,0.00253,-0.00048,-0.05956,0.40889,-0.05531,0.03053,0.03508,1
6.3543,-0.09419,0.01804,0.00186,-0.00028,-0.00466,-0.00174,1.66240,-0.00000,0.00000,-0.00998,0.00264,-0.01086,0.00718,-0.41986,0.91550,1,0.00253,-0.00048,-0.05956,0.40889,-0.05531,0.03053,0.03508,1
6.3563,-0.09419,0.01804,0.00185,-0.00029,-0.00335,-0.00273,1.66240,-0.00000,0.00000,-0.01006,0.00260,-0.01220,0.00814,-0.41986,0.91548,1,0.00253,-0.00048,-0.05956,0.40889,-0.05531,0.03053,0.03508,1
6.3583,-0.09419,0.01804,0.00184,-0.00029,-0.00216,-0.00360,1.66240,-0.00000,0.00000,-0.01012,0.00254,-0.01342,0.00897,-0.41987,0.91551,1,0.00253,-0.00048,-0.05956,0.40889,-0.05531,0.03053,0.03508,1
6.3603,-0.09419,0.01804,0.00184,-0.00030,-0.00109,-0.00435,1.66240,-0.00000,0.00000,-0.01015,0.00246,-0.01451,0.00968,-0.41987,0.91554,1,0.00253,-0.00048,-0.05956,0.40889,-0.05531,0.03053,0.03508,1
6.3623,-0.09419,0.01804,0.00184,-0.00031,-0.00013,-0.00498,1.66240,-0.00000,0.00000,-0.01016,0.00237,-0.01547,0.01025,-0.41996,0.91551,1,0.00253,-0.00048,-0.05956,0.40889,-0.05531,0.03053,0.03508,1
6.3643,-0.09419,0.01804,0.00184,-0.00032,0.00071,-0.00550,1.66240,-0.00000,0.00000,-0.01016,0.00226,-0.01630,0.01070,-0.41995,0.91556,1,0.00253,-0.00048,-0.05956,0.40889,-0.05531,0.03053,0.03508,1
6.3663,-0.09419,0.01804,0.00184,-0.00033,0.00143,-0.00590,1.66240,-0.00000,0.00000,-0.01013,0.00215,-0.01700,0.01102,-0.41996,0.91557,1,0.00253,-0.00048,-0.05956,0.40889,-0.05531,0.03053,0.03508,1
6.3683,-0.09419,0.01804,0.00185,-0.00034,0.00204,-0.00618,1.66240,-0.00000,0.00000,-0.01010,0.00203,-0.01758,0.01121,-0.41999,0.91560,1,0.00253,-0.00048,-0.05956,0.40889,-0.05531,0.03053,0.03508,1
6.3703,-0.09419,0.01804,0.00185,-0.00036,0.00253,-0.00635,1.66240,-0.00000,0.00000,-0.01006,0.00191,-0.01803,0.01128,-0.42002,0.91561,1,0.00253,-0.00048,-0.05956,0.40889,-0.05531,0.03053,0.03508,1
6.3723,-0.09419,0.01804,0.00186,-0.00037,0.00290,-0.00640,1.66240,-0.00000,0.00000,-0.01000,0.00178,-0.01835,0.01121,-0.42007,0.91559,1,0.00253,-0.00048,-0.05956,0.40889,-0.05531,0.03053,0.03508,1
6.3743,-0.09419,0.01804,0.00186,-0.00038,0.00316,-0.00634,1.66240,-0.00000,0.00000,-0.00994,0.00166,-0.01854,0.01102,-0.42010,0.91564,1,0.00253,-0.00048,-0.05956,0.40889,-0.05531,0.03053,0.03508,1
6.3763,-0.09419,0.01804,0.00187,-0.00039,0.00330,-0.00616,1.66240,-0.00000,0.00000,-0.00988,0.00153,-0.01860,0.01070,-0.42015,0.91566,1,0.00253,-0.00048,-0.05956,0.40889,-0.05531,0.03053,0.03508,1
6.3783,-0.09419,0.01804,0.00187,-0.00041,0.00333,-0.00586,1.66240,-0.00000,0.00000,-0.00981,0.00142,-0.01854,0.01025,-0.42022,0.91565,1,0.00253,-0.00048,-0.05956,0.40889,-0.05531,0.03053,0.03508,1
6.3803,-0.09419,0.01804,0.00188,-0.00042,0.00323,-0.00545,1.66240,-0.00000,0.00000,-0.00975,0.00131,-0.01835,0.00968,-0.42024,0.91569,1,0.00253,-0.00048,-0.05956,0.40889,-0.05531,0.03053,0.03508,1
6.3823,-0.09419,0.01804,0.00189,-0.00043,0.00303,-0.00491,1.66240,-0.00000,0.00000,-0.00969,0.00120,-0.01803,0.00897,-0.42030,0.91569,1,0.00253,-0.00048,-0.05956,0.40889,-0.05531,0.03053,0.03508,1
6.3843,-0.09419,0.01804,0.00189,-0.00044,0.00270,-0.00427,1.66240,-0.00000,0.00000,-0.00963,0.00111,-0.01758,0.00814,-0.42027,0.91572,1,0.00253,-0.00048,-0.05956,0.40889,-0.05531,0.03053,0.03508,1
6.3863,-0.09419,0.01804,0.00190,-0.00044,0.00226,-0.00350,1.66240,-0.00000,0.00000,-0.00958,0.00104,-0.01700,0.00718,-0.42034,0.91574,1,0.00253,-0.00048,-0.05956,0.40889,-0.05531,0.03053,0.03508,1
6.3883,-0.09419,0.01804,0.00190,-0.00045,0.00170,-0.00262,1.66240,-0.00000,0.00000,-0.00954,0.00098,-0.01630,0.00609,-0.42032,0.91572,1,0.00253,-0.00048,-0.05956,0.40889,-0.05531,0.03053,0.03508,1
6.3903,-0.09419,0.01804,0.00190,-0.00045,0.00103,-0.00162,1.66240,-0.00000,0.00000,-0.00952,0.00093,-0.01547,0.00488,-0.42036,0.91573,1,0.00253,-0.00048,-0.05956,0.40889,-0.05531,0.03053,0.03508,1
6.3923,-0.09419,0.01804,0.00191,-0.00046,0.00024,-0.00051,1.66240,-0.00000,0.00000,-0.00950,0.00091,-0.01451,0.00353,-0.42030,0.91577,1,0.00253,-0.00048,-0.05956,0.40889,-0.05531,0.03053,0.03508,1
6.3943,-0.09419,0.01804,0.00191,-0.00046,-0.00067,0.00072,1.66240,-0.00000,0.00000,-0.00951,0.00092,-0.01342,0.00206,-0.42035,0.91575,1,0.00253,-0.00048,-0.05956,0.40889,-0.05531,0.03053,0.03508,1
6.3963,-0.09419,0.01804,0.00190,-0.00045,-0.00169,0.00207,1.66240,-0.00000,0.00000,-0.00953,0.00094,-0.01220,0.00072,-0.42035,0.91576,1,0.00253,-0.00048,-0.05956,0.40889,-0.05531,0.03053,0.03508,1
6.3983,-0.09384,0.01782,0.00216,-0.00049,0.00024,0.00121,1.63946,-0.00000,0.00000,-0.00690,0.00049,-0.01086,-0.00050,-0.42034,0.91576,1,0.00224,-0.00029,-0.05825,0.41015,-0.05702,0.02934,0.03310,1
6.4003,-0.09384,0.01782,0.00216,-0.00049,-0.00102,0.00233,1.63946,-0.00000,0.00000,-0.00690,0.00052,-0.00939,-0.00159,-0.42043,0.91573,1,0.00224,-0.00029,-0.05825,0.41015,-0.05702,0.02934,0.03310,1
6.4023,-0.09384,0.01782,0.00216,-0.00048,-0.00239,0.00332,1.63946,-0.00000,0.00000,-0.00694,0.00058,-0.00779,-0.00255,-0.42043,0.91572,1,0.00224,-0.00029,-0.05825,0.41015,-0.05702,0.02934,0.03310,1
6.4043,-0.09384,0.01782,0.00215,-0.00048,-0.00389,0.00420,1.63946,-0.00000,0.00000,-0.00700,0.00065,-0.00632,-0.00338,-0.42044,0.91571,1,0.00224,-0.00029,-0.05825,0.41015,-0.05702,0.02934,0.03310,1
6.4063,-0.09384,0.01782,0.00214,-0.00047,-0.00526,0.00497,1.63946,-0.00000,0.00000,-0.00709,0.00074,-0.00497,-0.00408,-0.42042,0.91571,1,0.00224,-0.00029,-0.05825,0.41015,-0.05702,0.02934,0.03310,1
6.4083,-0.09384,0.01782,0.00213,-0.00046,-0.00652,0.00562,1.63946,-0.00000,0.00000,-0.00720,0.00085,-0.00376,-0.00466,-0.42045,0.91570,1,0.00224,-0.00029,-0.05825,0.41015,-0.05702,0.02934,0.03310,1
6.4103,-0.09384,0.01782,0.00211,-0.00045,-0.00767,0.00615,1.63946,-0.00000,0.00000,-0.00734,0.00096,-0.00267,-0.00511,-0.42042,0.91571,1,0.00224,-0.00029,-0.05825,0.41015,-0.05702,0.02934,0.03310,1
6.4124,-0.09384,0.01782,0.00210,-0.00043,-0.00869,0.00656,1.63946,-0.00000,0.00000,-0.00751,0.00109,-0.00171,-0.00543,-0.42043,0.91569,1,0.00224,-0.00029,-0.05825,0.41015,-0.05702,0.02934,0.03310,1
6.4144,-0.09384,0.01782,0.00208,-0.00042,-0.00960,0.00686,1.63946,-0.00000,0.00000,-0.00769,0.00122,-0.00088,-0.00562,-0.42045,0.91567,1,0.00224,-0.00029,-0.05825,0.41015,-0.05702,0.02934,0.03310,1
6.4164,-0.09384,0.01782,0.00206,-0.00041,-0.01040,0.00704,1.63946,-0.00000,0.00000,-0.00788,0.00136,-0.00017,-0.00568,-0.42040,0.91565,1,0.00224,-0.00029,-0.05825,0.41015,-0.05702,0.02934,0.03310,1
6.4184,-0.09384,0.01782,0.00204,-0.00039,-0.01107,0.00711,1.63946,-0.00000,0.00000,-0.00809,0.00150,0.00040,-0.00562,-0.42042,0.91563,1,0.00224,-0.00029,-0.05825,0.41015,-0.05702,0.02934,0.03310,1
6.4204,-0.09384,0.01782,0.00202,-0.00038,-0.01163,0.00706,1.63946,-0.00000,0.00000,-0.00832,0.00163,0.00085,-0.00543,-0.42039,0.91566,1,0.00224,-0.00029,-0.05825,0.41015,-0.05702,0.02934,0.03310,1
6.4224,-0.09384,0.01782,0.00199,-0.00036,-0.01207,0.00689,1.63946,-0.00000,0.00000,-0.00855,0.00177,0.00117,-0.00511,-0.42042,0.91559,1,0.00224,-0.00029,-0.05825,0.41015,-0.05702,0.02934,0.03310,1
6.4244,-0.09384,0.01782,0.00197,-0.00035,-0.01240,0.00660,1.63946,-0.00000,0.00000,-0.00879,0.00190,0.00136,-0.00466,-0.42035,0.91564,1,0.00224,-0.00029,-0.05825,0.41015,-0.05702,0.02934,0.03310,1
6.4264,-0.09384,0.01782,0.00194,-0.00034,-0.01261,0.00620,1.63946,-0.00000,0.00000,-0.00904,0.00203,0.00143,-0.00408,-0.42041,0.91557,1,0.00224,-0.00029,-0.05825,0.41015,-0.05702,0.02934,0.03310,1
6.4284,-0.09384,0.01782,0.00192,-0.00033,-0.01270,0.00569,1.63946,-0.00000,0.00000,-0.00929,0.00215,0.00136,-0.00338,-0.42040,0.91555,1,0.00224,-0.00029,-0.05825,0.41015,-0.05702,0.02934,0.03310,1
6.4304,-0.09384,0.01782,0.00189,-0.00031,-0.01268,0.00505,1.63946,-0.00000,0.00000,-0.00954,0.00225,0.00117,-0.00255,-0.42043,0.91554,1,0.00224,-0.00029,-0.05825,0.41015,-0.05702,0.02934,0.03310,1
6.4324,-0.09384,0.01782,0.00187,-0.00031,-0.01254,0.00430,1.63946,-0.00000,0.00000,-0.00978,0.00235,0.00085,-0.00159,-0.42050,0.91553,1,0.00224,-0.00029,-0.05825,0.41015,-0.05702,0.02934,0.03310,1
6.4344,-0.09384,0.01782,0.00184,-0.00030,-0.01228,0.00343,1.63946,-0.00000,0.00000,-0.01003,0.00242,0.00040,-0.00050,-0.42051,0.91557,1,0.00224,-0.00029,-0.05825,0.41015,-0.05702,0.02934,0.03310,1
6.4364,-0.09384,0.01782,0.00182,-0.00029,-0.01190,0.00245,1.63946,-0.00000,0.00000,-0.01027,0.00248,-0.00017,0.00072,-0.42045,0.91555,1,0.00224,-0.00029,-0.05825,0.41015,-0.05702,0.02934,0.03310,1
6.4384,-0.09384,0.01782,0.00179,-0.00029,-0.01141,0.00135,1.63946,-0.00000,0.00000,-0.01049,0.00252,-0.00088,0.00206,-0.42045,0.91556,1,0.00224,-0.00029,-0.05825,0.41015,-0.05702,0.02934,0.03310,1
6.4404,-0.09384,0.01782,0.00177,-0.00029,-0.01080,0.00013,1.63946,-0.00000,0.00000,-0.01071,0.00253,-0.00171,0.00328,-0.42052,0.91555,1,0.00224,-0.00029,-0.05825,0.41015,-0.05702,0.02934,0.03310,1
6.4424,-0.09384,0.01782,0.00175,-0.00029,-0.01008,-0.00097,1.63946,-0.00000,0.00000,-0.01092,0.00252,-0.00267,0.00436,-0.42048,0.91556,1,0.00224,-0.00029,-0.05825,0.41015,-0.05702,0.02934,0.03310,1
6.4444,-0.09384,0.01782,0.00173,-0.00029,-0.00923,-0.00195,1.63946,-0.00000,0.00000,-0.01111,0.00249,-0.00376,0.00532,-0.42048,0.91558,1,0.00224,-0.00029,-0.05825,0.41015,-0.05702,0.02934,0.03310,1
6.4464,-0.09384,0.01782,0.00171,-0.00029,-0.00828,-0.00282,1.63946,-0.00000,0.00000,-0.01128,0.00245,-0.00497,0.00616,-0.42053,0.91559,1,0.00224,-0.00029,-0.05825,0.41015,-0.05702,0.02934,0.03310,1
6.4484,-0.09384,0.01782,0.00170,-0.00030,-0.00720,-0.00357,1.63946,-0.00000,0.00000,-0.01143,0.00238,-0.00632,0.00686,-0.42049,0.91563,1,0.00224,-0.00029,-0.05825,0.41015,-0.05702,0.02934,0.03310,1
6.4504,-0.09384,0.01782,0.00169,-0.00031,-0.00601,-0.00421,1.63946,-0.00000,0.00000,-0.01156,0.00231,-0.00779,0.00744,-0.42057,0.91565,1,0.00224,-0.00029,-0.05825,0.41015,-0.05702,0.02934,0.03310,1
6.4524,-0.09384,0.01782,0.00168,-0.00032,-0.00470,-0.00472,1.63946,-0.00000,0.00000,-0.01167,0.00222,-0.00939,0.00788,-0.42058,0.91567,1,0.00224,-0.00029,-0.05825,0.41015,-0.05702,0.02934,0.03310,1
6.4544,-0.09384,0.01782,0.00167,-0.00033,-0.00328,-0.00512,1.63946,-0.00000,0.00000,-0.01175,0.00212,-0.01099,0.00820,-0.42064,0.91566,1,0.00224,-0.00029,-0.05825,0.41015,-0.05702,0.02934,0.03310,1
6.4564,-0.09384,0.01782,0.00166,-0.00034,-0.00185,-0.00541,1.63946,-0.00000,0.00000,-0.01180,0.00202,-0.01246,0.00840,-0.42065,0.91570,1,0.00224,-0.00029,-0.05825,0.41015,-0.05702,0.02934,0.03310,1
6.4584,-0.09384,0.01782,0.00166,-0.00035,-0.00054,-0.00558,1.63946,-0.00000,0.00000,-0.01182,0.00191,-0.01380,0.00846,-0.42071,0.91572,1,0.00224,-0.00029,-0.05825,0.41015,-0.05702,0.02934,0.03310,1
6.4604,-0.09384,0.01782,0.00166,-0.00036,0.00065,-0.00563,1.63946,-0.00000,0.00000,-0.01182,0.00180,-0.01502,0.00840,-0.42073,0.91570,1,0.00224,-0.00029,-0.05825,0.41015,-0.05702,0.02934,0.03310,1
6.4624,-0.09384,0.01782,0.00166,-0.00037,0.00173,-0.00556,1.63946,-0.00000,0.00000,-0.01180,0.00169,-0.01611,0.00820,-0.42083,0.91570,1,0.00224,-0.00029,-0.05825,0.41015,-0.05702,0.02934,0.03310,1
6.4644,-0.09384,0.01782,0.00167,-0.00038,0.00269,-0.00538,1.63946,-0.00000,0.00000,-0.01175,0.00158,-0.01707,0.00788,-0.42088,0.91571,1,0.00224,-0.00029,-0.05825,0.41015,-0.05702,0.02934,0.03310,1
6.4664,-0.09384,0.01782,0.00167,-0.00039,0.00353,-0.00509,1.63946,-0.00000,0.00000,-0.01169,0.00148,-0.01790,0.00744,-0.42093,0.91576,1,0.00224,-0.00029,-0.05825,0.41015,-0.05702,0.02934,0.03310,1
6.4684,-0.09472,0.01774,0.00225,-0.00033,0.00541,-0.00526,1.63385,-0.00000,0.00000,-0.00631,0.00207,-0.01860,0.00686,-0.42098,0.91573,1,0.00305,-0.00022,-0.05605,0.41024,-0.05962,0.02906,0.03628,1
6.4704,-0.09472,0.01774,0.00226,-0.00034,0.00601,-0.00473,1.63385,-0.00000,0.00000,-0.00620,0.00197,-0.01918,0.00616,-0.42101,0.91576,1,0.00305,-0.00022,-0.05605,0.41024,-0.05962,0.02906,0.03628,1
6.4724,-0.09472,0.01774,0.00227,-0.00035,0.00650,-0.00408,1.63385,-0.00000,0.00000,-0.00608,0.00188,-0.01963,0.00532,-0.42103,0.91580,1,0.00305,-0.00022,-0.05605,0.41024,-0.05962,0.02906,0.03628,1
6.4744,-0.09472,0.01774,0.00228,-0.00036,0.00686,-0.00332,1.63385,-0.00000,0.00000,-0.00595,0.00181,-0.01995,0.00436,-0.42112,0.91576,1,0.00305,-0.00022,-0.05605,0.41024,-0.05962,0.02906,0.03628,1
6.4764,-0.09472,0.01774,0.00230,-0.00036,0.00711,-0.00244,1.63385,-0.00000,0.00000,-0.00581,0.00175,-0.02014,0.00328,-0.42107,0.91580,1,0.00305,-0.00022,-0.05605,0.41024,-0.05962,0.02906,0.03628,1
6.4784,-0.09472,0.01774,0.00231,-0.00037,0.00725,-0.00145,1.63385,-0.00000,0.00000,-0.00567,0.00172,-0.02020,0.00206,-0.42120,0.91577,1,0.00305,-0.00022,-0.05605,0.41024,-0.05962,0.02906,0.03628,1
6.4804,-0.09472,0.01774,0.00233,-0.00037,0.00726,-0.00033,1.63385,-0.00000,0.00000,-0.00553,0.00170,-0.02014,0.00097,-0.42115,0.91580,1,0.00305,-0.00022,-0.05605,0.41024,-0.05962,0.02906,0.03628,1
6.4825,-0.09472,0.01774,0.00234,-0.00037,0.00716,0.00066,1.63385,-0.00000,0.00000,-0.00538,0.00170,-0.01995,0.00001,-0.42123,0.91579,1,0.00305,-0.00022,-0.05605,0.41024,-0.05962,0.02906,0.03628,1
6.4845,-0.09472,0.01774,0.00235,-0.00037,0.00695,0.00154,1.63385,-0.00000,0.00000,-0.00524,0.00172,-0.01963,-0.00082,-0.42125,0.91579,1,0.00305,-0.00022,-0.05605,0.41024,-0.05962,0.02906,0.03628,1
6.4865,-0.09472,0.01774,0.00237,-0.00036,0.00661,0.00230,1.63385,-0.00000,0.00000,-0.00511,0.00176,-0.01918,-0.00152,-0.42128,0.91579,1,0.00305,-0.00022,-0.05605,0.41024,-0.05962,0.02906,0.03628,1
6.4885,-0.09472,0.01774,0.00238,-0.00036,0.00616,0.00295,1.63385,-0.00000,0.00000,-0.00499,0.00181,-0.01860,-0.00210,-0.42126,0.91580,1,0.00305,-0.00022,-0.05605,0.41024,-0.05962,0.02906,0.03628,1
6.4905,-0.09472,0.01774,0.00239,-0.00035,0.00560,0.00348,1.63385,-0.00000,0.00000,-0.00487,0.00188,-0.01790,-0.00255,-0.42127,0.91579,1,0.00305,-0.00022,-0.05605,0.41024,-0.05962,0.02906,0.03628,1
6.4925,-0.09472,0.01774,0.00240,-0.00034,0.00491,0.00389,1.63385,-0.00000,0.00000,-0.00477,0.00195,-0.01707,-0.00287,-0.42129,0.91579,1,0.00305,-0.00022,-0.05605,0.41024,-0.05962,0.02906,0.03628,1
6.4945,-0.09472,0.01774,0.00241,-0.00033,0.00412,0.00419,1.63385,-0.00000,0.00000,-0.00468,0.00203,-0.01611,-0.00306,-0.42133,0.91576,1,0.00305,-0.00022,-0.05605,0.41024,-0.05962,0.02906,0.03628,1
6.4965,-0.09472,0.01774,0.00242,-0.00033,0.00320,0.00437,1.63385,-0.00000,0.00000,-0.00461,0.00211,-0.01502,-0.00312,-0.42136,0.91578,1,0.00305,-0.00022,-0.05605,0.41024,-0.05962,0.02906,0.03628,1
6.4985,-0.09472,0.01774,0.00243,-0.00032,0.00217,0.00443,1.63385,-0.00000,0.00000,-0.00455,0.00220,-0.01380,-0.00306,-0.42133,0.91581,1,0.00305,-0.00022,-0.05605,0.41024,-0.05962,0.02906,0.03628,1
6.5005,-0.09472,0.01774,0.00243,-0.00031,0.00102,0.00438,1.63385,-0.00000,0.00000,-0.00452,0.00228,-0.01246,-0.00287,-0.42132,0.91579,1,0.00305,-0.00022,-0.05605,0.41024,-0.05962,0.02906,0.03628,1
6.5025,-0.09472,0.01774,0.00243,-0.00030,-0.00025,0.00421,1.63385,-0.00000,0.00000,-0.00451,0.00237,-0.01099,-0.00255,-0.42130,0.91582,1,0.00305,-0.00022,-0.05605,0.41024,-0.05962,0.02906,0.03628,1
6.5045,-0.09472,0.01774,0.00243,-0.00029,-0.00163,0.00393,1.63385,-0.00000,0.00000,-0.00453,0.00245,-0.00939,-0.00210,-0.42138,0.91579,1,0.00305,-0.00022,-0.05605,0.41024,-0.05962,0.02906,0.03628,1
6.5065,-0.09472,0.01774,0.00242,-0.00028,-0.00313,0.00352,1.63385,-0.00000,0.00000,-0.00458,0.00252,-0.00779,-0.00152,-0.42134,0.91581,1,0.00305,-0.00022,-0.05605,0.41024,-0.05962,0.02906,0.03628,1
6.5086,-0.09472,0.01774,0.00241,-0.00028,-0.00462,0.00301,1.63385,-0.00000,0.00000,-0.00466,0.00259,-0.00619,-0.00082,-0.42135,0.91579,1,0.00305,-0.00022,-0.05605,0.41024,-0.05962,0.02906,0.03628,1
6.5106,-0.09472,0.01774,0.00240,-0.00027,-0.00612,0.00237,1.63385,-0.00000,0.00000,-0.00476,0.00264,-0.00472,0.00001,-0.42137,0.91577,1,0.00305,-0.00022,-0.05605,0.41024,-0.05962,0.02906,0.03628,1
6.5126,-0.09472,0.01774,0.00239,-0.00027,-0.00750,0.00162,1.63385,-0.00000,0.00000,-0.00489,0.00268,-0.00337,0.00097,-0.42133,0.91580,1,0.00305,-0.00022,-0.05605,0.41024,-0.05962,0.02906,0.03628,1
6.5146,-0.09472,0.01774,0.00237,-0.00027,-0.00877,0.00075,1.63385,-0.00000,0.00000,-0.00506,0.00270,-0.00216,0.00206,-0.42138,0.91578,1,0.00305,-0.00022,-0.05605,0.41024,-0.05962,0.02906,0.03628,1
6.5166,-0.09472,0.01774,0.00236,-0.00027,-0.00991,-0.00023,1.63385,-0.00000,0.00000,-0.00524,0.00271,-0.00107,0.00302,-0.42134,0.91574,1,0.00305,-0.00022,-0.05605,0.41024,-0.05962,0.02906,0.03628,1
6.5186,-0.09472,0.01774,0.00233,-0.00027,-0.01094,-0.00110,1.63385,-0.00000,0.00000,-0.00544,0.00269,-0.00011,0.00385,-0.42139,0.91576,1,0.00305,-0.00022,-0.05605,0.41024,-0.05962,0.02906,0.03628,1
6.5206,-0.09472,0.01774,0.00231,-0.00027,-0.01186,-0.00185,1.63385,-0.00000,0.00000,-0.00567,0.00267,0.00072,0.00456,-0.42135,0.91583,1,0.00305,-0.00022,-0.05605,0.41024,-0.05962,0.02906,0.03628,1
6.5226,-0.09472,0.01774,0.00229,-0.00027,-0.01265,-0.00249,1.63385,-0.00000,0.00000,-0.00591,0.00262,0.00143,0.00513,-0.42139,0.91579,1,0.00305,-0.00022,-0.05605,0.41024,-0.05962,0.02906,0.03628,1
6.5246,-0.09472,0.01774,0.00226,-0.00028,-0.01334,-0.00301,1.63385,-0.00000,0.00000,-0.00617,0.00257,0.00200,0.00558,-0.42140,0.91579,1,0.00305,-0.00022,-0.05605,0.41024,-0.05962,0.02906,0.03628,1
6.5266,-0.09472,0.01774,0.00223,-0.00029,-0.01390,-0.00341,1.63385,-0.00000,0.00000,-0.00643,0.00251,0.00245,0.00590,-0.42136,0.91582,1,0.00305,-0.00022,-0.05605,0.41024,-0.05962,0.02906,0.03628,1
6.5286,-0.09472,0.01774,0.00221,-0.00029,-0.01434,-0.00369,1.63385,-0.00000,0.00000,-0.00671,0.00244,0.00277,0.00609,-0.42139,0.91580,1,0.00305,-0.00022,-0.05605,0.41024,-0.05962,0.02906,0.03628,1
6.5306,-0.09472,0.01774,0.00218,-0.00030,-0.01467,-0.00386,1.63385,-0.00000,0.00000,-0.00700,0.00236,0.00296,0.00616,-0.42135,0.91584,1,0.00305,-0.00022,-0.05605,0.41024,-0.05962,0.02906,0.03628,1
6.5326,-0.09570,0.01737,0.00300,-0.00002,-0.01236,-0.00246,1.63259,-0.00000,0.00000,0.00081,0.00504,0.00303,0.00609,-0.42141,0.91586,1,0.00395,0.00013,-0.05356,0.41108,-0.06266,0.02810,0.03857,1
6.5346,-0.09570,0.01737,0.00297,-0.00002,-0.01247,-0.00240,1.63259,-0.00000,0.00000,0.00056,0.00499,0.00296,0.00590,-0.42142,0.91585,1,0.00395,0.00013,-0.05356,0.41108,-0.06266,0.02810,0.03857,1
6.5366,-0.09570,0.01737,0.00295,-0.00003,-0.01247,-0.00223,1.63259,-0.00000,0.00000,0.00032,0.00495,0.00277,0.00558,-0.42138,0.91584,1,0.00395,0.00013,-0.05356,0.41108,-0.06266,0.02810,0.03857,1
6.5386,-0.09570,0.01737,0.00293,-0.00003,-0.01234,-0.00194,1.63259,-0.00000,0.00000,0.00007,0.00491,0.00245,0.00513,-0.42137,0.91591,1,0.00395,0.00013,-0.05356,0.41108,-0.06266,0.02810,0.03857,1
6.5406,-0.09570,0.01737,0.00290,-0.00003,-0.01210,-0.00153,1.63259,-0.00000,0.00000,-0.00017,0.00487,0.00200,0.00481,-0.42140,0.91589,1,0.00395,0.00013,-0.05356,0.41108,-0.06266,0.02810,0.03857,1
6.5427,-0.09570,0.01737,0.00288,-0.00004,-0.01175,-0.00124,1.63259,-0.00000,0.00000,-0.00040,0.00485,0.00143,0.00462,-0.42143,0.91589,1,0.00395,0.00013,-0.05356,0.41108,-0.06266,0.02810,0.03857,1
6.5447,-0.09570,0.01737,0.00285,-0.00004,-0.01127,-0.00106,1.63259,-0.00000,0.00000,-0.00063,0.00482,0.00072,0.00456,-0.42141,0.91590,1,0.00395,0.00013,-0.05356,0.41108,-0.06266,0.02810,0.03857,1
6.5467,-0.09570,0.01737,0.00283,-0.00004,-0.01069,-0.00100,1.63259,-0.00000,0.00000,-0.00084,0.00480,-0.00011,0.00462,-0.42137,0.91597,1,0.00395,0.00013,-0.05356,0.41108,-0.06266,0.02810,0.03857,1
6.5487,-0.09570,0.01737,0.00281,-0.00004,-0.00998,-0.00106,1.63259,-0.00000,0.00000,-0.00105,0.00478,-0.00105,0.00478,-0.42140,0.91595,1,0.00395,0.00013,-0.05356,0.41108,-0.06266,0.02810,0.03857,1
6.5507,-0.09570,0.01737,0.00279,-0.00005,-0.00917,-0.00121,1.63259,-0.00000,0.00000,-0.00124,0.00476,-0.00186,0.00482,-0.42139,0.91598,1,0.00395,0.00013,-0.05356,0.41108,-0.06266,0.02810,0.03857,1
6.5527,-0.09570,0.01737,0.00277,-0.00005,-0.00848,-0.00124,1.63259,-0.00000,0.00000,-0.00141,0.00474,-0.00255,0.00474,-0.42147,0.91599,1,0.00395,0.00013,-0.05356,0.41108,-0.06266,0.02810,0.03857,1
6.5547,-0.09570,0.01737,0.00276,-0.00005,-0.00791,-0.00116,1.63259,-0.00000,0.00000,-0.00157,0.00471,-0.00310,0.00471,-0.42146,0.91601,1,0.00395,0.00013,-0.05356,0.41108,-0.06266,0.02810,0.03857,1
6.5567,-0.09570,0.01737,0.00274,-0.00005,-0.00745,-0.00114,1.63259,-0.00000,0.00000,-0.00172,0.00469,-0.00353,0.00469,-0.42143,0.91605,1,0.00395,0.00013,-0.05356,0.41108,-0.06266,0.02810,0.03857,1
6.5587,-0.09570,0.01737,0.00273,-0.00006,-0.00711,-0.00112,1.63259,-0.00000,0.00000,-0.00187,0.00467,-0.00383,0.00467,-0.42146,0.91600,1,0.00395,0.00013,-0.05356,0.41108,-0.06266,0.02810,0.03857,1
6.5607,-0.09570,0.01737,0.00271,-0.00006,-0.00689,-0.00110,1.63259,-0.00000,0.00000,-0.00200,0.00465,-0.00401,0.00465,-0.42148,0.91605,1,0.00395,0.00013,-0.05356,0.41108,-0.06266,0.02810,0.03857,1
6.5627,-0.09570,0.01737,0.00270,-0.00006,-0.00678,-0.00108,1.63259,-0.00000,0.00000,-0.00214,0.00463,-0.00405,0.00463,-0.42153,0.91606,1,0.00395,0.00013,-0.05356,0.41108,-0.06266,0.02810,0.03857,1
6.5647,-0.09570,0.01737,0.00269,-0.00006,-0.00678,-0.00106,1.63259,-0.00000,0.00000,-0.00227,0.00460,-0.00397,0.00460,-0.42149,0.91606,1,0.00395,0.00013,-0.05356,0.41108,-0.06266,0.02810,0.03857,1
6.5668,-0.09570,0.01737,0.00267,-0.00006,-0.00691,-0.00104,1.63259,-0.00000,0.00000,-0.00241,0.00458,-0.00376,0.00458,-0.42150,0.91614,1,0.00395,0.00013,-0.05356,0.41108,-0.06266,0.02810,0.03857,1
6.5688,-0.09570,0.01737,0.00266,-0.00007,-0.00715,-0.00102,1.63259,-0.00000,0.00000,-0.00254,0.00456,-0.00342,0.00456,-0.42145,0.91614,1,0.00395,0.00013,-0.05356,0.41108,-0.06266,0.02810,0.03857,1
6.5708,-0.09570,0.01737,0.00264,-0.00007,-0.00750,-0.00100,1.63259,-0.00000,0.00000,-0.00269,0.00454,-0.00295,0.00454,-0.42149,0.91616,1,0.00395,0.00013,-0.05356,0.41108,-0.06266,0.02810,0.03857,1
6.5728,-0.09570,0.01737,0.00263,-0.00007,-0.00797,-0.00098,1.63259,-0.00000,0.00000,-0.00284,0.00452,-0.00261,0.00452,-0.42145,0.91619,1,0.00395,0.00013,-0.05356,0.41108,-0.06266,0.02810,0.03857,1
6.5748,-0.09570,0.01737,0.00261,-0.00007,-0.00833,-0.00096,1.63259,-0.00000,0.00000,-0.00300,0.00451,-0.00240,0.00451,-0.42145,0.91618,1,0.00395,0.00013,-0.05356,0.41108,-0.06266,0.02810,0.03857,1
6.5768,-0.09570,0.01737,0.00260,-0.00007,-0.00857,-0.00094,1.63259,-0.00000,0.00000,-0.00317,0.00449,-0.00232,0.00449,-0.42150,0.91618,1,0.00395,0.00013,-0.05356,0.41108,-0.06266,0.02810,0.03857,1
6.5788,-0.09570,0.01737,0.00258,-0.00008,-0.00869,-0.00092,1.63259,-0.00000,0.00000,-0.00334,0.00447,-0.00236,0.00447,-0.42147,0.91617,1,0.00395,0.00013,-0.05356,0.41108,-0.06266,0.02810,0.03857,1
6.5808,-0.09570,0.01737,0.00256,-0.00008,-0.00869,-0.00090,1.63259,-0.00000,0.00000,-0.00351,0.00445,-0.00253,0.00445,-0.42144,0.91618,1,0.00395,0.00013,-0.05356,0.41108,-0.06266,0.02810,0.03857,1
6.5828,-0.09570,0.01737,0.00254,-0.00008,-0.00858,-0.00089,1.63259,-0.00000,0.00000,-0.00368,0.00443,-0.00283,0.00443,-0.42144,0.91622,1,0.00395,0.00013,-0.05356,0.41108,-0.06266,0.02810,0.03857,1
6.5848,-0.09570,0.01737,0.00253,-0.00008,-0.00835,-0.00087,1.63259,-0.00000,0.00000,-0.00385,0.00442,-0.00326,0.00442,-0.42142,0.91622,1,0.00395,0.00013,-0.05356,0.41108,-0.06266,0.02810,0.03857,1
6.5869,-0.09570,0.01737,0.00251,-0.00008,-0.00801,-0.00085,1.63259,-0.00000,0.00000,-0.00401,0.00440,-0.00382,0.00440,-0.42143,0.91621,1,0.00395,0.00013,-0.05356,0.41108,-0.06266,0.02810,0.03857,1
6.5888,-0.09570,0.01737,0.00249,-0.00008,-0.00755,-0.00083,1.63259,-0.00000,0.00000,-0.00416,0.00438,-0.00425,0.00438,-0.42143,0.91623,1,0.00395,0.00013,-0.05356,0.41108,-0.06266,0.02810,0.03857,1
6.5909,-0.09570,0.01737,0.00248,-0.00009,-0.00720,-0.00082,1.63259,-0.00000,0.00000,-0.00430,0.00437,-0.00455,0.00437,-0.42147,0.91622,1,0.00395,0.00013,-0.05356,0.41108,-0.06266,0.02810,0.03857,1
6.5929,-0.09570,0.01737,0.00247,-0.00009,-0.00697,-0.00080,1.63259,-0.00000,0.00000,-0.00444,0.00435,-0.00472,0.00435,-0.42150,0.91620,1,0.00395,0.00013,-0.05356,0.41108,-0.06266,0.02810,0.03857,1
6.5949,-0.09570,0.01737,0.00245,-0.00009,-0.00686,-0.00079,1.63259,-0.00000,0.00000,-0.00458,0.00433,-0.00477,0.00433,-0.42147,0.91623,1,0.00395,0.00013,-0.05356,0.41108,-0.06266,0.02810,0.03857,1
6.5969,-0.09570,0.01737,0.00244,-0.00009,-0.00686,-0.00077,1.63259,-0.00000,0.00000,-0.00472,0.00432,-0.00472,0.00432,-0.42154,0.91619,1,0.00395,0.00013,-0.05356,0.41108,-0.06266,0.02810,0.03857,1
6.5989,-0.09551,0.01818,0.00300,-0.00039,-0.00462,-0.00181,1.62141,-0.00000,0.00000,0.00091,0.00159,-0.00454,0.00418,-0.42151,0.91621,1,0.00377,-0.00062,-0.05815,0.40981,-0.05674,0.02946,0.02939,1
6.6009,-0.09551,0.01818,0.00299,-0.00040,-0.00483,-0.00167,1.62141,-0.00000,0.00000,0.00082,0.00155,-0.00423,0.00390,-0.42154,0.91622,1,0.00377,-0.00062,-0.05815,0.40981,-0.05674,0.02946,0.02939,1
6.6029,-0.09551,0.01818,0.00298,-0.00040,-0.00516,-0.00142,1.62141,-0.00000,0.00000,0.00072,0.00152,-0.00379,0.00351,-0.42158,0.91620,1,0.00377,-0.00062,-0.05815,0.40981,-0.05674,0.02946,0.02939,1
6.6049,-0.09551,0.01818,0.00297,-0.00040,-0.00561,-0.00105,1.62141,-0.00000,0.00000,0.00061,0.00150,-0.00323,0.00298,-0.42158,0.91620,1,0.00377,-0.00062,-0.05815,0.40981,-0.05674,0.02946,0.02939,1
6.6069,-0.09551,0.01818,0.00296,-0.00040,-0.00618,-0.00056,1.62141,-0.00000,0.00000,0.00050,0.00148,-0.00254,0.00232,-0.42154,0.91621,1,0.00377,-0.00062,-0.05815,0.40981,-0.05674,0.02946,0.02939,1
6.6089,-0.09551,0.01818,0.00295,-0.00040,-0.00686,0.00004,1.62141,-0.00000,0.00000,0.00037,0.00147,-0.00172,0.00154,-0.42156,0.91623,1,0.00377,-0.00062,-0.05815,0.40981,-0.05674,0.02946,0.02939,1
6.6109,-0.09551,0.01818,0.00293,-0.00040,-0.00766,0.00076,1.62141,-0.00000,0.00000,0.00023,0.00148,-0.00077,0.00088,-0.42159,0.91622,1,0.00377,-0.00062,-0.05815,0.40981,-0.05674,0.02946,0.02939,1
6.6129,-0.09551,0.01818,0.00292,-0.00040,-0.00857,0.00136,1.62141,-0.00000,0.00000,0.00007,0.00150,0.00007,0.00036,-0.42163,0.91621,1,0.00377,-0.00062,-0.05815,0.40981,-0.05674,0.02946,0.02939,1
6.6149,-0.09551,0.01818,0.00290,-0.00040,-0.00938,0.00185,1.62141,-0.00000,0.00000,-0.00011,0.00154,0.00078,-0.00004,-0.42159,0.91622,1,0.00377,-0.00062,-0.05815,0.40981,-0.05674,0.02946,0.02939,1
6.6169,-0.09551,0.01818,0.00288,-0.00039,-0.01008,0.00222,1.62141,-0.00000,0.00000,-0.00030,0.00158,0.00136,-0.00031,-0.42163,0.91619,1,0.00377,-0.00062,-0.05815,0.40981,-0.05674,0.02946,0.02939,1
6.6189,-0.09551,0.01818,0.00286,-0.00039,-0.01066,0.00247,1.62141,-0.00000,0.00000,-0.00051,0.00162,0.00182,-0.00046,-0.42156,0.91623,1,0.00377,-0.00062,-0.05815,0.40981,-0.05674,0.02946,0.02939,1
6.6209,-0.09551,0.01818,0.00284,-0.00038,-0.01113,0.00261,1.62141,-0.00000,0.00000,-0.00072,0.00167,0.00214,-0.00047,-0.42157,0.91617,1,0.00377,-0.00062,-0.05815,0.40981,-0.05674,0.02946,0.02939,1
6.6229,-0.09551,0.01818,0.00282,-0.00038,-0.01148,0.00263,1.62141,-0.00000,0.00000,-0.00094,0.00172,0.00234,-0.00036,-0.42156,0.91621,1,0.00377,-0.00062,-0.05815,0.40981,-0.05674,0.02946,0.02939,1
6.6249,-0.09551,0.01818,0.00279,-0.00037,-0.01171,0.00253,1.62141,-0.00000,0.00000,-0.00117,0.00177,0.00242,-0.00012,-0.42158,0.91616,1,0.00377,-0.00062,-0.05815,0.40981,-0.05674,0.02946,0.02939,1
6.6270,-0.09551,0.01818,0.00277,-0.00037,-0.01182,0.00232,1.62141,-0.00000,0.00000,-0.00140,0.00182,0.00236,0.00025,-0.42152,0.91620,1,0.00377,-0.00062,-0.05815,0.40981,-0.05674,0.02946,0.02939,1
6.6290,-0.09551,0.01818,0.00275,-0.00036,-0.01182,0.00199,1.62141,-0.00000,0.00000,-0.00163,0.00186,0.00217,0.00075,-0.42151,0.91618,1,0.00377,-0.00062,-0.05815,0.40981,-0.05674,0.02946,0.02939,1
6.6310,-0.09551,0.01818,0.00272,-0.00036,-0.01170,0.00155,1.62141,-0.00000,0.00000,-0.00187,0.00190,0.00186,0.00137,-0.42154,0.91618,1,0.00377,-0.00062,-0.05815,0.40981,-0.05674,0.02946,0.02939,1
6.6330,-0.09551,0.01818,0.00270,-0.00036,-0.01146,0.00099,1.62141,-0.00000,0.00000,-0.00209,0.00192,0.00142,0.00192,-0.42150,0.91621,1,0.00377,-0.00062,-0.05815,0.40981,-0.05674,0.02946,0.02939,1
6.6350,-0.09551,0.01818,0.00268,-0.00036,-0.01111,0.00049,1.62141,-0.00000,0.00000,-0.00232,0.00194,0.00085,0.00235,-0.42151,0.91617,1,0.00377,-0.00062,-0.05815,0.40981,-0.05674,0.02946,0.02939,1
6.6370,-0.09551,0.01818,0.00265,-0.00036,-0.01064,0.00011,1.62141,-0.00000,0.00000,-0.00253,0.00194,0.00016,0.00264,-0.42157,0.91617,1,0.00377,-0.00062,-0.05815,0.40981,-0.05674,0.02946,0.02939,1
6.6390,-0.09551,0.01818,0.00263,-0.00036,-0.01005,-0.00015,1.62141,-0.00000,0.00000,-0.00273,0.00194,-0.00067,0.00281,-0.42156,0.91618,1,0.00377,-0.00062,-0.05815,0.40981,-0.05674,0.02946,0.02939,1
6.6410,-0.09551,0.01818,0.00261,-0.00036,-0.00935,-0.00030,1.62141,-0.00000,0.00000,-0.00292,0.00194,-0.00162,0.00285,-0.42162,0.91615,1,0.00377,-0.00062,-0.05815,0.40981,-0.05674,0.02946,0.02939,1
6.6430,-0.09551,0.01818,0.00260,-0.00036,-0.00853,-0.00033,1.62141,-0.00000,0.00000,-0.00310,0.00193,-0.00270,0.00277,-0.42164,0.91616,1,0.00377,-0.00062,-0.05815,0.40981,-0.05674,0.02946,0.02939,1
6.6450,-0.09551,0.01818,0.00258,-0.00036,-0.00760,-0.00024,1.62141,-0.00000,0.00000,-0.00326,0.00193,-0.00365,0.00255,-0.42165,0.91619,1,0.00377,-0.00062,-0.05815,0.40981,-0.05674,0.02946,0.02939,1
6.6470,-0.09551,0.01818,0.00257,-0.00036,-0.00678,-0.00004,1.62141,-0.00000,0.00000,-0.00340,0.00192,-0.00448,0.00221,-0.42162,0.91620,1,0.00377,-0.00062,-0.05815,0.40981,-0.05674,0.02946,0.02939,1
6.6490,-0.09551,0.01818,0.00255,-0.00036,-0.00607,0.00028,1.62141,-0.00000,0.00000,-0.00353,0.00193,-0.00517,0.00193,-0.42166,0.91622,1,0.00377,-0.00062,-0.05815,0.40981,-0.05674,0.02946,0.02939,1
6.6510,-0.09551,0.01818,0.00254,-0.00036,-0.00548,0.00054,1.62141,-0.00000,0.00000,-0.00364,0.00194,-0.00574,0.00177,-0.42172,0.91622,1,0.00377,-0.00062,-0.05815,0.40981,-0.05674,0.02946,0.02939,1
6.6530,-0.09551,0.01818,0.00253,-0.00036,-0.00501,0.00068,1.62141,-0.00000,0.00000,-0.00374,0.00195,-0.00618,0.00175,-0.42179,0.91615,1,0.00377,-0.00062,-0.05815,0.40981,-0.05674,0.02946,0.02939,1
6.6550,-0.09551,0.01818,0.00252,-0.00035,-0.00466,0.00071,1.62141,-0.00000,0.00000,-0.00384,0.00196,-0.00650,0.00185,-0.42177,0.91621,1,0.00377,-0.00062,-0.05815,0.40981,-0.05674,0.02946,0.02939,1
6.6570,-0.09551,0.01818,0.00251,-0.00035,-0.00442,0.00062,1.62141,-0.00000,0.00000,-0.00393,0.00197,-0.00668,0.00197,-0.42179,0.91619,1,0.00377,-0.00062,-0.05815,0.40981,-0.05674,0.02946,0.02939,1
6.6590,-0.09551,0.01818,0.00250,-0.00035,-0.00429,0.00052,1.62141,-0.00000,0.00000,-0.00401,0.00199,-0.00674,0.00199,-0.42184,0.91615,1,0.00377,-0.00062,-0.05815,0.40981,-0.05674,0.02946,0.02939,1
6.6610,-0.09551,0.01818,0.00250,-0.00035,-0.00429,0.00052,1.62141,-0.00000,0.00000,-0.00410,0.00200,-0.00666,0.00200,-0.42187,0.91617,1,0.00377,-0.00062,-0.05815,0.40981,-0.05674,0.02946,0.02939,1
6.6630,-0.09551,0.01818,0.00249,-0.00035,-0.00440,0.00051,1.62141,-0.00000,0.00000,-0.00418,0.00201,-0.00647,0.00201,-0.42191,0.91619,1,0.00377,-0.00062,-0.05815,0.40981,-0.05674,0.02946,0.02939,1
6.6650,-0.09565,0.01854,0.00305,-0.00065,-0.00255,-0.00065,1.63084,-0.00000,0.00000,0.00128,-0.00087,-0.00614,0.00189,-0.42188,0.91620,1,0.00390,-0.00095,-0.05546,0.40960,-0.06028,0.02955,0.03494,1
6.6670,-0.09565,0.01854,0.00304,-0.00065,-0.00290,-0.00053,1.63084,-0.00000,0.00000,0.00122,-0.00088,-0.00568,0.00164,-0.42188,0.91620,1,0.00390,-0.00095,-0.05546,0.40960,-0.06028,0.02955,0.03494,1
6.6690,-0.09565,0.01854,0.00303,-0.00066,-0.00337,-0.00029,1.63084,-0.00000,0.00000,0.00116,-0.00089,-0.00510,0.00127,-0.42189,0.91621,1,0.00390,-0.00095,-0.05546,0.40960,-0.06028,0.02955,0.03494,1
6.6710,-0.09565,0.01854,0.00303,-0.00066,-0.00395,0.00006,1.63084,-0.00000,0.00000,0.00109,-0.00089,-0.00439,0.00077,-0.42183,0.91627,1,0.00390,-0.00095,-0.05546,0.40960,-0.06028,0.02955,0.03494,1
6.6730,-0.09565,0.01854,0.00302,-0.00066,-0.00465,0.00052,1.63084,-0.00000,0.00000,0.00100,-0.00089,-0.00355,0.00014,-0.42189,0.91626,1,0.00390,-0.00095,-0.05546,0.40960,-0.06028,0.02955,0.03494,1
6.6750,-0.09565,0.01854,0.00301,-0.00065,-0.00547,0.00111,1.63084,-0.00000,0.00000,0.00090,-0.00087,-0.00258,-0.00062,-0.42185,0.91629,1,0.00390,-0.00095,-0.05546,0.40960,-0.06028,0.02955,0.03494,1
6.6770,-0.09565,0.01854,0.00300,-0.00065,-0.00640,0.00181,1.63084,-0.00000,0.00000,0.00079,-0.00084,-0.00148,-0.00125,-0.42186,0.91623,1,0.00390,-0.00095,-0.05546,0.40960,-0.06028,0.02955,0.03494,1
6.6790,-0.09565,0.01854,0.00298,-0.00065,-0.00745,0.00239,1.63084,-0.00000,0.00000,0.00065,-0.00080,-0.00026,-0.00175,-0.42179,0.91628,1,0.00390,-0.00095,-0.05546,0.40960,-0.06028,0.02955,0.03494,1
6.6810,-0.09565,0.01854,0.00297,-0.00064,-0.00862,0.00286,1.63084,-0.00000,0.00000,0.00049,-0.00075,0.00083,-0.00213,-0.42184,0.91627,1,0.00390,-0.00095,-0.05546,0.40960,-0.06028,0.02955,0.03494,1
6.6830,-0.09565,0.01854,0.00295,-0.00064,-0.00967,0.00321,1.63084,-0.00000,0.00000,0.00031,-0.00069,0.00180,-0.00237,-0.42184,0.91629,1,0.00390,-0.00095,-0.05546,0.40960,-0.06028,0.02955,0.03494,1
6.6850,-0.09565,0.01854,0.00293,-0.00063,-0.01060,0.00345,1.63084,-0.00000,0.00000,0.00011,-0.00062,0.00264,-0.00249,-0.42177,0.91630,1,0.00390,-0.00095,-0.05546,0.40960,-0.06028,0.02955,0.03494,1
6.6870,-0.09565,0.01854,0.00291,-0.00062,-0.01141,0.00357,1.63084,-0.00000,0.00000,-0.00010,-0.00056,0.00335,-0.00248,-0.42179,0.91629,1,0.00390,-0.00095,-0.05546,0.40960,-0.06028,0.02955,0.03494,1
6.6890,-0.09565,0.01854,0.00288,-0.00061,-0.01211,0.00357,1.63084,-0.00000,0.00000,-0.00033,-0.00049,0.00394,-0.00234,-0.42170,0.91631,1,0.00390,-0.00095,-0.05546,0.40960,-0.06028,0.02955,0.03494,1
6.6910,-0.09565,0.01854,0.00286,-0.00061,-0.01269,0.00345,1.63084,-0.00000,0.00000,-0.00058,-0.00042,0.00439,-0.00208,-0.42179,0.91627,1,0.00390,-0.00095,-0.05546,0.40960,-0.06028,0.02955,0.03494,1
6.6930,-0.09565,0.01854,0.00283,-0.00060,-0.01316,0.00322,1.63084,-0.00000,0.00000,-0.00083,-0.00035,0.00472,-0.00168,-0.42173,0.91625,1,0.00390,-0.00095,-0.05546,0.40960,-0.06028,0.02955,0.03494,1
6.6950,-0.09565,0.01854,0.00280,-0.00059,-0.01350,0.00287,1.63084,-0.00000,0.00000,-0.00110,-0.00029,0.00492,-0.00116,-0.42177,0.91623,1,0.00390,-0.00095,-0.05546,0.40960,-0.06028,0.02955,0.03494,1
6.6970,-0.09565,0.01854,0.00278,-0.00059,-0.01373,0.00241,1.63084,-0.00000,0.00000,-0.00136,-0.00024,0.00499,-0.00051,-0.42170,0.91625,1,0.00390,-0.00095,-0.05546,0.40960,-0.06028,0.02955,0.03494,1
6.6990,-0.09565,0.01854,0.00275,-0.00059,-0.01385,0.00183,1.63084,-0.00000,0.00000,-0.00164,-0.00020,0.00493,0.00001,-0.42170,0.91626,1,0.00390,-0.00095,-0.05546,0.40960,-0.06028,0.02955,0.03494,1
6.7010,-0.09565,0.01854,0.00272,-0.00058,-0.01385,0.00136,1.63084,-0.00000,0.00000,-0.00191,-0.00017,0.00475,0.00041,-0.42175,0.91620,1,0.00390,-0.00095,-0.05546,0.40960,-0.06028,0.02955,0.03494,1
6.7030,-0.09565,0.01854,0.00269,-0.00058,-0.01373,0.00102,1.63084,-0.00000,0.00000,-0.00218,-0.00014,0.00444,0.00067,-0.42171,0.91624,1,0.00390,-0.00095,-0.05546,0.40960,-0.06028,0.02955,0.03494,1
6.7050,-0.09565,0.01854,0.00267,-0.00058,-0.01349,0.00078,1.63084,-0.00000,0.00000,-0.00245,-0.00012,0.00400,0.00081,-0.42167,0.91624,1,0.00390,-0.00095,-0.05546,0.40960,-0.06028,0.02955,0.03494,1
6.7070,-0.09565,0.01854,0.00264,-0.00058,-0.01314,0.00067,1.63084,-0.00000,0.00000,-0.00271,-0.00011,0.00343,0.00082,-0.42170,0.91626,1,0.00390,-0.00095,-0.05546,0.40960,-0.06028,0.02955,0.03494,1
6.7090,-0.09565,0.01854,0.00262,-0.00058,-0.01267,0.00067,1.63084,-0.00000,0.00000,-0.00296,-0.00010,0.00273,0.00070,-0.42172,0.91625,1,0.00390,-0.00095,-0.05546,0.40960,-0.06028,0.02955,0.03494,1
6.7110,-0.09565,0.01854,0.00259,-0.00057,-0.01208,0.00079,1.63084,-0.00000,0.00000,-0.00321,-0.00008,0.00191,0.00046,-0.42167,0.91624,1,0.00390,-0.00095,-0.05546,0.40960,-0.06028,0.02955,0.03494,1
6.7130,-0.09565,0.01854,0.00257,-0.00057,-0.01137,0.00102,1.63084,-0.00000,0.00000,-0.00344,-0.00007,0.00095,0.00008,-0.42168,0.91622,1,0.00390,-0.00095,-0.05546,0.40960,-0.06028,0.02955,0.03494,1
6.7150,-0.09565,0.01854,0.00255,-0.00057,-0.01055,0.00137,1.63084,-0.00000,0.00000,-0.00365,-0.00004,-0.00013,-0.00016,-0.42172,0.91621,1,0.00390,-0.00095,-0.05546,0.40960,-0.06028,0.02955,0.03494,1
6.7170,-0.09565,0.01854,0.00252,-0.00057,-0.00962,0.00160,1.63084,-0.00000,0.00000,-0.00385,-0.00001,-0.00133,-0.00028,-0.42173,0.91623,1,0.00390,-0.00095,-0.05546,0.40960,-0.06028,0.02955,0.03494,1
6.7190,-0.09565,0.01854,0.00251,-0.00056,-0.00856,0.00172,1.63084,-0.00000,0.00000,-0.00403,0.00002,-0.00267,-0.00027,-0.42168,0.91622,1,0.00390,-0.00095,-0.05546,0.40960,-0.06028,0.02955,0.03494,1
6.7210,-0.09565,0.01854,0.00249,-0.00056,-0.00739,0.00172,1.63084,-0.00000,0.00000,-0.00419,0.00005,-0.00414,-0.00013,-0.42175,0.91620,1,0.00390,-0.00095,-0.05546,0.40960,-0.06028,0.02955,0.03494,1
6.7230,-0.09565,0.01854,0.00248,-0.00056,-0.00610,0.00161,1.63084,-0.00000,0.00000,-0.00432,0.00009,-0.00547,0.00009,-0.42176,0.91621,1,0.00390,-0.00095,-0.05546,0.40960,-0.06028,0.02955,0.03494,1
6.7250,-0.09565,0.01854,0.00247,-0.00055,-0.00493,0.00142,1.63084,-0.00000,0.00000,-0.00443,0.00012,-0.00668,0.00018,-0.42179,0.91621,1,0.00390,-0.00095,-0.05546,0.40960,-0.06028,0.02955,0.03494,1
6.7271,-0.09565,0.01854,0.00246,-0.00055,-0.00388,0.00134,1.63084,-0.00000,0.00000,-0.00452,0.00014,-0.00776,0.00014,-0.42181,0.91620,1,0.00390,-0.00095,-0.05546,0.40960,-0.06028,0.02955,0.03494,1
6.7291,-0.09565,0.01854,0.00245,-0.00055,-0.00294,0.00139,1.63084,-0.00000,0.00000,-0.00458,0.00017,-0.00871,0.00017,-0.42181,0.91620,1,0.00390,-0.00095,-0.05546,0.40960,-0.06028,0.02955,0.03494,1
6.7311,-0.09565,0.01854,0.00245,-0.00055,-0.00212,0.00137,1.63084,-0.00000,0.00000,-0.00463,0.00020,-0.00954,0.00020,-0.42186,0.91622,1,0.00390,-0.00095,-0.05546,0.40960,-0.06028,0.02955,0.03494,1
6.7331,-0.09565,0.01854,0.00244,-0.00054,-0.00141,0.00136,1.63084,-0.00000,0.00000,-0.00467,0.00022,-0.01023,0.00022,-0.42187,0.91621,1,0.00390,-0.00095,-0.05546,0.40960,-0.06028,0.02955,0.03494,1
6.7351,-0.09626,0.01851,0.00244,-0.00054,-0.00082,0.00134,1.62498,-0.00000,0.00000,-0.00487,0.00024,-0.01080,0.00024,-0.42190,0.91622,1,0.00446,-0.00092,-0.05493,0.41004,-0.06064,0.02899,0.03564,1
6.7371,-0.09626,0.01851,0.00330,-0.00072,0.00196,0.00039,1.62498,-0.00000,0.00000,0.00362,-0.00157,-0.01124,0.00013,-0.42197,0.91619,1,0.00446,-0.00092,-0.05493,0.41004,-0.06064,0.02899,0.03564,1
6.7391,-0.09626,0.01851,0.00331,-0.00072,0.00230,0.00050,1.62498,-0.00000,0.00000,0.00366,-0.00156,-0.01156,-0.00011,-0.42197,0.91619,1,0.00446,-0.00092,-0.05493,0.41004,-0.06064,0.02899,0.03564,1
6.7411,-0.09626,0.01851,0.00331,-0.00072,0.00253,0.00073,1.62498,-0.00000,0.00000,0.00371,-0.00155,-0.01174,-0.00047,-0.42193,0.91619,1,0.00446,-0.00092,-0.05493,0.41004,-0.06064,0.02899,0.03564,1
6.7431,-0.09626,0.01851,0.00332,-0.00072,0.00263,0.00108,1.62498,-0.00000,0.00000,0.00376,-0.00153,-0.01180,-0.00097,-0.42200,0.91620,1,0.00446,-0.00092,-0.05493,0.41004,-0.06064,0.02899,0.03564,1
6.7451,-0.09626,0.01851,0.00332,-0.00072,0.00263,0.00154,1.62498,-0.00000,0.00000,0.00381,-0.00151,-0.01172,-0.00151,-0.42197,0.91624,1,0.00446,-0.00092,-0.05493,0.41004,-0.06064,0.02899,0.03564,1
6.7471,-0.09626,0.01851,0.00333,-0.00071,0.00250,0.00204,1.62498,-0.00000,0.00000,0.00386,-0.00147,-0.01153,-0.00192,-0.42205,0.91620,1,0.00446,-0.00092,-0.05493,0.41004,-0.06064,0.02899,0.03564,1
6.7491,-0.09626,0.01851,0.00333,-0.00071,0.00226,0.00243,1.62498,-0.00000,0.00000,0.00391,-0.00143,-0.01120,-0.00220,-0.42200,0.91622,1,0.00446,-0.00092,-0.05493,0.41004,-0.06064,0.02899,0.03564,1
6.7511,-0.09626,0.01851,0.00334,-0.00070,0.00190,0.00270,1.62498,-0.00000,0.00000,0.00395,-0.00138,-0.01074,-0.00235,-0.42204,0.91621,1,0.00446,-0.00092,-0.05493,0.41004,-0.06064,0.02899,0.03564,1
6.7531,-0.09626,0.01851,0.00334,-0.00070,0.00143,0.00285,1.62498,-0.00000,0.00000,0.00398,-0.00132,-0.01016,-0.00238,-0.42207,0.91622,1,0.00446,-0.00092,-0.05493,0.41004,-0.06064,0.02899,0.03564,1
6.7551,-0.09626,0.01851,0.00334,-0.00069,0.00084,0.00289,1.62498,-0.00000,0.00000,0.00401,-0.00127,-0.00945,-0.00228,-0.42209,0.91619,1,0.00446,-0.00092,-0.05493,0.41004,-0.06064,0.02899,0.03564,1
6.7571,-0.09626,0.01851,0.00334,-0.00069,0.00013,0.00281,1.62498,-0.00000,0.00000,0.00402,-0.00121,-0.00861,-0.00205,-0.42209,0.91619,1,0.00446,-0.00092,-0.05493,0.41004,-0.06064,0.02899,0.03564,1
6.7591,-0.09626,0.01851,0.00334,-0.00068,-0.00069,0.00261,1.62498,-0.00000,0.00000,0.00401,-0.00116,-0.00764,-0.00169,-0.42207,0.91623,1,0.00446,-0.00092,-0.05493,0.41004,-0.06064,0.02899,0.03564,1
6.7611,-0.09626,0.01851,0.00334,-0.00068,-0.00163,0.00230,1.62498,-0.00000,0.00000,0.00399,-0.00111,-0.00654,-0.00121,-0.42213,0.91619,1,0.00446,-0.00092,-0.05493,0.41004,-0.06064,0.02899,0.03564,1
6.7632,-0.09626,0.01851,0.00334,-0.00067,-0.00268,0.00187,1.62498,-0.00000,0.00000,0.00395,-0.00107,-0.00532,-0.00085,-0.42207,0.91620,1,0.00446,-0.00092,-0.05493,0.41004,-0.06064,0.02899,0.03564,1
6.7652,-0.09626,0.01851,0.00333,-0.00067,-0.00385,0.00155,1.62498,-0.00000,0.00000,0.00388,-0.00103,-0.00397,-0.00062,-0.42214,0.91620,1,0.00446,-0.00092,-0.05493,0.41004,-0.06064,0.02899,0.03564,1
6.7672,-0.09626,0.01851,0.00332,-0.00067,-0.00514,0.00136,1.62498,-0.00000,0.00000,0.00379,-0.00101,-0.00249,-0.00052,-0.42210,0.91621,1,0.00446,-0.00092,-0.05493,0.41004,-0.06064,0.02899,0.03564,1
6.7692,-0.09626,0.01851,0.00331,-0.00066,-0.00655,0.00128,1.62498,-0.00000,0.00000,0.00368,-0.00098,-0.00089,-0.00054,-0.42209,0.91624,1,0.00446,-0.00092,-0.05493,0.41004,-0.06064,0.02899,0.03564,1
6.7712,-0.09626,0.01851,0.00329,-0.00066,-0.00806,0.00131,1.62498,-0.00000,0.00000,0.00353,-0.00095,0.00071,-0.00070,-0.42209,0.91623,1,0.00446,-0.00092,-0.05493,0.41004,-0.06064,0.02899,0.03564,1
6.7732,-0.09626,0.01851,0.00328,-0.00066,-0.00957,0.00146,1.62498,-0.00000,0.00000,0.00336,-0.00093,0.00231,-0.00093,-0.42210,0.91624,1,0.00446,-0.00092,-0.05493,0.41004,-0.06064,0.02899,0.03564,1
6.7752,-0.09626,0.01851,0.00326,-0.00066,-0.01109,0.00168,1.62498,-0.00000,0.00000,0.00316,-0.00090,0.00378,-0.00103,-0.42211,0.91624,1,0.00446,-0.00092,-0.05493,0.41004,-0.06064,0.02899,0.03564,1
6.7772,-0.09626,0.01851,0.00323,-0.00065,-0.01248,0.00179,1.62498,-0.00000,0.00000,0.00293,-0.00086,0.00513,-0.00100,-0.42212,0.91623,1,0.00446,-0.00092,-0.05493,0.41004,-0.06064,0.02899,0.03564,1
6.7792,-0.09626,0.01851,0.00321,-0.00065,-0.01376,0.00178,1.62498,-0.00000,0.00000,0.00267,-0.00083,0.00634,-0.00085,-0.42206,0.91624,1,0.00446,-0.00092,-0.05493,0.41004,-0.06064,0.02899,0.03564,1
6.7812,-0.09626,0.01851,0.00318,-0.00064,-0.01492,0.00165,1.62498,-0.00000,0.00000,0.00238,-0.00079,0.00743,-0.00079,-0.42209,0.91623,1,0.00446,-0.00092,-0.05493,0.41004,-0.06064,0.02899,0.03564,1
6.7832,-0.09626,0.01851,0.00315,-0.00064,-0.01597,0.00161,1.62498,-0.00000,0.00000,0.00208,-0.00076,0.00839,-0.00076,-0.42208,0.91622,1,0.00446,-0.00092,-0.05493,0.41004,-0.06064,0.02899,0.03564,1
6.7852,-0.09626,0.01851,0.00311,-0.00064,-0.01690,0.00159,1.62498,-0.00000,0.00000,0.00176,-0.00073,0.00922,-0.00073,-0.42203,0.91623,1,0.00446,-0.00092,-0.05493,0.41004,-0.06064,0.02899,0.03564,1
6.7872,-0.09626,0.01851,0.00308,-0.00064,-0.01771,0.00157,1.62498,-0.00000,0.00000,0.00142,-0.00070,0.00993,-0.00070,-0.42199,0.91622,1,0.00446,-0.00092,-0.05493,0.41004,-0.06064,0.02899,0.03564,1
6.7892,-0.09626,0.01851,0.00304,-0.00063,-0.01840,0.00156,1.62498,-0.00000,0.00000,0.00106,-0.00067,0.01050,-0.00067,-0.42202,0.91619,1,0.00446,-0.00092,-0.05493,0.41004,-0.06064,0.02899,0.03564,1
6.7912,-0.09626,0.01851,0.00301,-0.00063,-0.01898,0.00154,1.62498,-0.00000,0.00000,0.00069,-0.00064,0.01095,-0.00064,-0.42198,0.91621,1,0.00446,-0.00092,-0.05493,0.41004,-0.06064,0.02899,0.03564,1
6.7932,-0.09626,0.01851,0.00297,-0.00063,-0.01944,0.00152,1.62498,-0.00000,0.00000,0.00032,-0.00061,0.01127,-0.00061,-0.42197,0.91623,1,0.00446,-0.00092,-0.05493,0.41004,-0.06064,0.02899,0.03564,1
6.7952,-0.09626,0.01851,0.00293,-0.00062,-0.01978,0.00151,1.62498,-0.00000,0.00000,-0.00007,-0.00058,0.01146,-0.00058,-0.42197,0.91621,1,0.00446,-0.00092,-0.05493,0.41004,-0.06064,0.02899,0.03564,1
6.7972,-0.09626,0.01851,0.00289,-0.00062,-0.02001,0.00149,1.62498,-0.00000,0.00000,-0.00046,-0.00055,0.01153,-0.00055,-0.42195,0.91617,1,0.00446,-0.00092,-0.05493,0.41004,-0.06064,0.02899,0.03564,1
6.7992,-0.09626,0.01851,0.00285,-0.00062,-0.02012,0.00147,1.62498,-0.00000,0.00000,-0.00086,-0.00052,0.01146,-0.00052,-0.42195,0.91620,1,0.00446,-0.00092,-0.05493,0.41004,-0.06064,0.02899,0.03564,1
6.8012,-0.09605,0.01844,0.00330,-0.00071,-0.01926,0.00096,1.62760,-0.00000,0.00000,0.00363,-0.00148,0.01127,-0.00062,-0.42189,0.91618,1,0.00425,-0.00085,-0.05769,0.40921,-0.05720,0.02992,0.02589,1
6.8032,-0.09605,0.01844,0.00326,-0.00071,-0.01914,0.00106,1.62760,-0.00000,0.00000,0.00325,-0.00146,0.01095,-0.00084,-0.42189,0.91618,1,0.00425,-0.00085,-0.05769,0.40921,-0.05720,0.02992,0.02589,1
6.8052,-0.09605,0.01844,0.00322,-0.00071,-0.01891,0.00128,1.62760,-0.00000,0.00000,0.00288,-0.00143,0.01050,-0.00120,-0.42194,0.91617,1,0.00425,-0.00085,-0.05769,0.40921,-0.05720,0.02992,0.02589,1
6.8072,-0.09605,0.01844,0.00318,-0.00071,-0.01856,0.00161,1.62760,-0.00000,0.00000,0.00251,-0.00141,0.00993,-0.00143,-0.42191,0.91617,1,0.00425,-0.00085,-0.05769,0.40921,-0.05720,0.02992,0.02589,1
6.8093,-0.09605,0.01844,0.00315,-0.00070,-0.01809,0.00183,1.62760,-0.00000,0.00000,0.00215,-0.00137,0.00922,-0.00152,-0.42185,0.91620,1,0.00425,-0.00085,-0.05769,0.40921,-0.05720,0.02992,0.02589,1
6.8113,-0.09605,0.01844,0.00311,-0.00070,-0.01750,0.00194,1.62760,-0.00000,0.00000,0.00180,-0.00134,0.00839,-0.00150,-0.42185,0.91617,1,0.00425,-0.00085,-0.05769,0.40921,-0.05720,0.02992,0.02589,1
6.8133,-0.09605,0.01844,0.00308,-0.00069,-0.01680,0.00192,1.62760,-0.00000,0.00000,0.00146,-0.00130,0.00743,-0.00134,-0.42189,0.91614,1,0.00425,-0.00085,-0.05769,0.40921,-0.05720,0.02992,0.02589,1
6.8153,-0.09605,0.01844,0.00304,-0.00069,-0.01598,0.00179,1.62760,-0.00000,0.00000,0.00114,-0.00126,0.00634,-0.00126,-0.42188,0.91614,1,0.00425,-0.00085,-0.05769,0.40921,-0.05720,0.02992,0.02589,1
6.8173,-0.09605,0.01844,0.00301,-0.00069,-0.01505,0.00173,1.62760,-0.00000,0.00000,0.00083,-0.00123,0.00513,-0.00123,-0.42187,0.91613,1,0.00425,-0.00085,-0.05769,0.40921,-0.05720,0.02992,0.02589,1
6.8193,-0.09605,0.01844,0.00298,-0.00068,-0.01400,0.00171,1.62760,-0.00000,0.00000,0.00055,-0.00119,0.00378,-0.00119,-0.42187,0.91613,1,0.00425,-0.00085,-0.05769,0.40921,-0.05720,0.02992,0.02589,1
6.8213,-0.09605,0.01844,0.00296,-0.00068,-0.01283,0.00169,1.62760,-0.00000,0.00000,0.00028,-0.00116,0.00231,-0.00116,-0.42186,0.91615,1,0.00425,-0.00085,-0.05769,0.40921,-0.05720,0.02992,0.02589,1
6.8233,-0.09605,0.01844,0.00293,-0.00068,-0.01154,0.00168,1.62760,-0.00000,0.00000,0.00004,-0.00113,0.00071,-0.00113,-0.42183,0.91614,1,0.00425,-0.00085,-0.05769,0.40921,-0.05720,0.02992,0.02589,1
6.8253,-0.09605,0.01844,0.00291,-0.00067,-0.01014,0.00166,1.62760,-0.00000,0.00000,-0.00017,-0.00109,-0.00076,-0.00109,-0.42178,0.91615,1,0.00425,-0.00085,-0.05769,0.40921,-0.05720,0.02992,0.02589,1
6.8273,-0.09605,0.01844,0.00289,-0.00067,-0.00885,0.00164,1.62760,-0.00000,0.00000,-0.00036,-0.00106,-0.00211,-0.00106,-0.42184,0.91616,1,0.00425,-0.00085,-0.05769,0.40921,-0.05720,0.02992,0.02589,1
6.8293,-0.09605,0.01844,0.00288,-0.00067,-0.00768,0.00162,1.62760,-0.00000,0.00000,-0.00052,-0.00103,-0.00332,-0.00103,-0.42184,0.91615,1,0.00425,-0.00085,-0.05769,0.40921,-0.05720,0.02992,0.02589,1
6.8313,-0.09605,0.01844,0.00286,-0.00066,-0.00663,0.00160,1.62760,-0.00000,0.00000,-0.00066,-0.00100,-0.00441,-0.00100,-0.42183,0.91615,1,0.00425,-0.00085,-0.05769,0.40921,-0.05720,0.02992,0.02589,1
6.8333,-0.09605,0.01844,0.00285,-0.00066,-0.00569,0.00159,1.62760,-0.00000,0.00000,-0.00078,-0.00097,-0.00537,-0.00097,-0.42188,0.91615,1,0.00425,-0.00085,-0.05769,0.40921,-0.05720,0.02992,0.02589,1
6.8353,-0.09605,0.01844,0.00284,-0.00066,-0.00487,0.00157,1.62760,-0.00000,0.00000,-0.00088,-0.00093,-0.00620,-0.00093,-0.42182,0.91616,1,0.00425,-0.00085,-0.05769,0.40921,-0.05720,0.02992,0.02589,1
6.8373,-0.09605,0.01844,0.00283,-0.00065,-0.00416,0.00155,1.62760,-0.00000,0.00000,-0.00097,-0.00090,-0.00691,-0.00090,-0.42189,0.91613,1,0.00425,-0.00085,-0.05769,0.40921,-0.05720,0.02992,0.02589,1
6.8393,-0.09605,0.01844,0.00282,-0.00065,-0.00357,0.00154,1.62760,-0.00000,0.00000,-0.00105,-0.00087,-0.00748,-0.00087,-0.42187,0.91615,1,0.00425,-0.00085,-0.05769,0.40921,-0.05720,0.02992,0.02589,1
6.8413,-0.09605,0.01844,0.00281,-0.00065,-0.00310,0.00152,1.62760,-0.00000,0.00000,-0.00111,-0.00084,-0.00793,-0.00084,-0.42190,0.91613,1,0.00425,-0.00085,-0.05769,0.40921,-0.05720,0.02992,0.02589,1
6.8433,-0.09605,0.01844,0.00281,-0.00064,-0.00274,0.00151,1.62760,-0.00000,0.00000,-0.00117,-0.00081,-0.00825,-0.00081,-0.42186,0.91619,1,0.00425,-0.00085,-0.05769,0.40921,-0.05720,0.02992,0.02589,1
6.8453,-0.09605,0.01844,0.00280,-0.00064,-0.00250,0.00149,1.62760,-0.00000,0.00000,-0.00122,-0.00078,-0.00844,-0.00078,-0.42191,0.91615,1,0.00425,-0.00085,-0.05769,0.40921,-0.05720,0.02992,0.02589,1
6.8473,-0.09605,0.01844,0.00280,-0.00064,-0.00237,0.00147,1.62760,-0.00000,0.00000,-0.00127,-0.00075,-0.00851,-0.00075,-0.42190,0.91617,1,0.00425,-0.00085,-0.05769,0.40921,-0.05720,0.02992,0.02589,1
6.8493,-0.09605,0.01844,0.00279,-0.00064,-0.00237,0.00146,1.62760,-0.00000,0.00000,-0.00132,-0.00073,-0.00844,-0.00073,-0.42186,0.91620,1,0.00425,-0.00085,-0.05769,0.40921,-0.05720,0.02992,0.02589,1
6.8513,-0.09605,0.01844,0.00279,-0.00063,-0.00247,0.00144,1.62760,-0.00000,0.00000,-0.00137,-0.00070,-0.00825,-0.00070,-0.42194,0.91617,1,0.00425,-0.00085,-0.05769,0.40921,-0.05720,0.02992,0.02589,1
6.8533,-0.09605,0.01844,0.00278,-0.00063,-0.00270,0.00143,1.62760,-0.00000,0.00000,-0.00142,-0.00067,-0.00793,-0.00067,-0.42194,0.91620,1,0.00425,-0.00085,-0.05769,0.40921,-0.05720,0.02992,0.02589,1
6.8553,-0.09605,0.01844,0.00278,-0.00063,-0.00304,0.00142,1.62760,-0.00000,0.00000,-0.00147,-0.00064,-0.00748,-0.00064,-0.42194,0.91618,1,0.00425,-0.00085,-0.05769,0.40921,-0.05720,0.02992,0.02589,1
6.8573,-0.09605,0.01844,0.00277,-0.00062,-0.00349,0.00140,1.62760,-0.00000,0.00000,-0.00154,-0.00061,-0.00691,-0.00061,-0.42194,0.91618,1,0.00425,-0.00085,-0.05769,0.40921,-0.05720,0.02992,0.02589,1
6.8593,-0.09605,0.01844,0.00276,-0.00062,-0.00407,0.00139,1.62760,-0.00000,0.00000,-0.00161,-0.00059,-0.00620,-0.00059,-0.42193,0.91620,1,0.00425,-0.00085,-0.05769,0.40921,-0.05720,0.02992,0.02589,1
6.8613,-0.09605,0.01844,0.00276,-0.00062,-0.00476,0.00137,1.62760,-0.00000,0.00000,-0.00170,-0.00056,-0.00537,-0.00056,-0.42196,0.91620,1,0.00425,-0.00085,-0.05769,0.40921,-0.05720,0.02992,0.02589,1
6.8634,-0.09566,0.01847,0.00330,-0.00072,-0.00155,0.00098,1.64807,-0.00000,0.00000,0.00372,-0.00156,-0.00441,-0.00066,-0.42194,0.91618,1,0.00387,-0.00087,-0.05769,0.40921,-0.05720,0.02992,0.02589,1
6.8654,-0.09566,0.01847,0.00329,-0.00072,-0.00248,0.00109,1.64807,-0.00000,0.00000,0.00368,-0.00154,-0.00332,-0.00089,-0.42192,0.91623,1,0.00387,-0.00087,-0.05769,0.40921,-0.05720,0.02992,0.02589,1
6.8674,-0.09566,0.01847,0.00328,-0.00072,-0.00353,0.00131,1.64807,-0.00000,0.00000,0.00363,-0.00151,-0.00211,-0.00124,-0.42192,0.91623,1,0.00387,-0.00087,-0.05769,0.40921,-0.05720,0.02992,0.02589,1
6.8694,-0.09566,0.01847,0.00328,-0.00071,-0.00469,0.00164,1.64807,-0.00000,0.00000,0.00354,-0.00148,-0.00076,-0.00148,-0.42196,0.91619,1,0.00387,-0.00087,-0.05769,0.40921,-0.05720,0.02992,0.02589,1
6.8714,-0.09566,0.01847,0.00327,-0.00071,-0.00597,0.00187,1.64807,-0.00000,0.00000,0.00344,-0.00145,0.00071,-0.00159,-0.42190,0.91623,1,0.00387,-0.00087,-0.05769,0.40921,-0.05720,0.02992,0.02589,1
6.8734,-0.09566,0.01847,0.00325,-0.00071,-0.00737,0.00199,1.64807,-0.00000,0.00000,0.00331,-0.00141,0.00231,-0.00158,-0.42192,0.91619,1,0.00387,-0.00087,-0.05769,0.40921,-0.05720,0.02992,0.02589,1
6.8754,-0.09566,0.01847,0.00324,-0.00070,-0.00888,0.00198,1.64807,-0.00000,0.00000,0.00315,-0.00137,0.00378,-0.00143,-0.42188,0.91622,1,0.00387,-0.00087,-0.05769,0.40921,-0.05720,0.02992,0.02589,1
6.8774,-0.09566,0.01847,0.00322,-0.00070,-0.01028,0.00186,1.64807,-0.00000,0.00000,0.00296,-0.00133,0.00513,-0.00133,-0.42192,0.91617,1,0.00387,-0.00087,-0.05769,0.40921,-0.05720,0.02992,0.02589,1
6.8794,-0.09566,0.01847,0.00320,-0.00069,-0.01156,0.00179,1.64807,-0.00000,0.00000,0.00275,-0.00130,0.00634,-0.00130,-0.42194,0.91617,1,0.00387,-0.00087,-0.05769,0.40921,-0.05720,0.02992,0.02589,1
6.8814,-0.09566,0.01847,0.00317,-0.00069,-0.01272,0.00177,1.64807,-0.00000,0.00000,0.00251,-0.00126,0.00743,-0.00126,-0.42188,0.91615,1,0.00387,-0.00087,-0.05769,0.40921,-0.05720,0.02992,0.02589,1
6.8835,-0.09566,0.01847,0.00314,-0.00069,-0.01376,0.00175,1.64807,-0.00000,0.00000,0.00225,-0.00123,0.00839,-0.00123,-0.42184,0.91612,1,0.00387,-0.00087,-0.05769,0.40921,-0.05720,0.02992,0.02589,1
6.8855,-0.09566,0.01847,0.00312,-0.00068,-0.01469,0.00173,1.64807,-0.00000,0.00000,0.00197,-0.00119,0.00922,-0.00119,-0.42187,0.91610,1,0.00387,-0.00087,-0.05769,0.40921,-0.05720,0.02992,0.02589,1
6.8875,-0.09566,0.01847,0.00309,-0.00068,-0.01550,0.00171,1.64807,-0.00000,0.00000,0.00167,-0.00116,0.00993,-0.00116,-0.42187,0.91610,1,0.00387,-0.00087,-0.05769,0.40921,-0.05720,0.02992,0.02589,1
6.8895,-0.09566,0.01847,0.00305,-0.00068,-0.01620,0.00169,1.64807,-0.00000,0.00000,0.00136,-0.00113,0.01050,-0.00113,-0.42183,0.91612,1,0.00387,-0.00087,-0.05769,0.40921,-0.05720,0.02992,0.02589,1
6.8915,-0.09566,0.01847,0.00302,-0.00067,-0.01678,0.00167,1.64807,-0.00000,0.00000,0.00103,-0.00109,0.01095,-0.00109,-0.42181,0.91611,1,0.00387,-0.00087,-0.05769,0.40921,-0.05720,0.02992,0.02589,1
6.8935,-0.09566,0.01847,0.00299,-0.00067,-0.01724,0.00165,1.64807,-0.00000,0.00000,0.00070,-0.00106,0.01127,-0.00106,-0.42178,0.91613,1,0.00387,-0.00087,-0.05769,0.40921,-0.05720,0.02992,0.02589,1
6.8955,-0.09566,0.01847,0.00295,-0.00067,-0.01758,0.00164,1.64807,-0.00000,0.00000,0.00035,-0.00103,0.01146,-0.00103,-0.42176,0.91613,1,0.00387,-0.00087,-0.05769,0.40921,-0.05720,0.02992,0.02589,1
6.8975,-0.09566,0.01847,0.00292,-0.00066,-0.01781,0.00162,1.64807,-0.00000,0.00000,0.00001,-0.00100,0.01153,-0.00100,-0.42178,0.91612,1,0.00387,-0.00087,-0.05769,0.40921,-0.05720,0.02992,0.02589,1
6.8995,-0.09566,0.01847,0.00288,-0.00066,-0.01792,0.00160,1.64807,-0.00000,0.00000,-0.00034,-0.00097,0.01146,-0.00097,-0.42179,0.91609,1,0.00387,-0.00087,-0.05769,0.40921,-0.05720,0.02992,0.02589,1
6.9015,-0.09566,0.01847,0.00285,-0.00066,-0.01791,0.00158,1.64807,-0.00000,0.00000,-0.00070,-0.00093,0.01127,-0.00093,-0.42178,0.91605,1,0.00387,-0.00087,-0.05769,0.40921,-0.05720,0.02992,0.02589,1
6.9035,-0.09566,0.01847,0.00281,-0.00065,-0.01778,0.00157,1.64807,-0.00000,0.00000,-0.00105,-0.00090,0.01095,-0.00090,-0.42176,0.91610,1,0.00387,-0.00087,-0.05769,0.40921,-0.05720,0.02992,0.02589,1
6.9055,-0.09566,0.01847,0.00277,-0.00065,-0.01754,0.00155,1.64807,-0.00000,0.00000,-0.00140,-0.00087,0.01050,-0.00087,-0.42173,0.91610,1,0.00387,-0.00087,-0.05769,0.40921,-0.05720,0.02992,0.02589,1
6.9075,-0.09566,0.01847,0.00274,-0.00065,-0.01718,0.00153,1.64807,-0.00000,0.00000,-0.00174,-0.00084,0.00993,-0.00084,-0.42176,0.91609,1,0.00387,-0.00087,-0.05769,0.40921,-0.05720,0.02992,0.02589,1
6.9095,-0.09566,0.01847,0.00271,-0.00065,-0.01671,0.00152,1.64807,-0.00000,0.00000,-0.00207,-0.00081,0.00922,-0.00081,-0.42172,0.91608,1,0.00387,-0.00087,-0.05769,0.40921,-0.05720,0.02992,0.02589,1
6.9115,-0.09566,0.01847,0.00267,-0.00064,-0.01611,0.00150,1.64807,-0.00000,0.00000,-0.00239,-0.00078,0.00839,-0.00078,-0.42173,0.91605,1,0.00387,-0.00087,-0.05769,0.40921,-0.05720,0.02992,0.02589,1
6.9135,-0.09566,0.01847,0.00264,-0.00064,-0.01541,0.00149,1.64807,-0.00000,0.00000,-0.00270,-0.00075,0.00743,-0.00075,-0.42174,0.91609,1,0.00387,-0.00087,-0.05769,0.40921,-0.05720,0.02992,0.02589,1
6.9155,-0.09566,0.01847,0.00261,-0.00064,-0.01458,0.00147,1.64807,-0.00000,0.00000,-0.00300,-0.00072,0.00634,-0.00072,-0.42172,0.91610,1,0.00387,-0.00087,-0.05769,0.40921,-0.05720,0.02992,0.02589,1
6.9175,-0.09566,0.01847,0.00258,-0.00063,-0.01364,0.00146,1.64807,-0.00000,0.00000,-0.00328,-0.00069,0.00513,-0.00069,-0.42170,0.91606,1,0.00387,-0.00087,-0.05769,0.40921,-0.05720,0.02992,0.02589,1
6.9195,-0.09566,0.01847,0.00256,-0.00063,-0.01258,0.00144,1.64807,-0.00000,0.00000,-0.00353,-0.00067,0.00378,-0.00067,-0.42170,0.91606,1,0.00387,-0.00087,-0.05769,0.40921,-0.05720,0.02992,0.02589,1
6.9215,-0.09566,0.01847,0.00253,-0.00063,-0.01140,0.00143,1.64807,-0.00000,0.00000,-0.00377,-0.00064,0.00231,-0.00064,-0.42176,0.91606,1,0.00387,-0.00087,-0.05769,0.40921,-0.05720,0.02992,0.02589,1
6.9235,-0.09566,0.01847,0.00251,-0.00063,-0.01011,0.00141,1.64807,-0.00000,0.00000,-0.00398,-0.00061,0.00071,-0.00061,-0.42176,0.91606,1,0.00387,-0.00087,-0.05769,0.40921,-0.05720,0.02992,0.02589,1
6.9255,-0.09566,0.01847,0.00249,-0.00062,-0.00870,0.00140,1.64807,-0.00000,0.00000,-0.00417,-0.00058,-0.00089,-0.00058,-0.42170,0.91607,1,0.00387,-0.00087,-0.05769,0.40921,-0.05720,0.02992,0.02589,1
6.9275,-0.09566,0.01847,0.00248,-0.00062,-0.00729,0.00138,1.64807,-0.00000,0.00000,-0.00432,-0.00055,-0.00249,-0.00055,-0.42168,0.91607,1,0.00387,-0.00087,-0.05769,0.40921,-0.05720,0.02992,0.02589,1
6.9296,-0.09566,0.01847,0.00246,-0.00062,-0.00587,0.00137,1.64807,-0.00000,0.00000,-0.00445,-0.00053,-0.00409,-0.00053,-0.42178,0.91602,1,0.00387,-0.00087,-0.05769,0.40921,-0.05720,0.02992,0.02589,1
6.9316,-0.09566,0.01847,0.00245,-0.00061,-0.00446,0.00136,1.64807,-0.00000,0.00000,-0.00456,-0.00050,-0.00556,-0.00050,-0.42178,0.91602,1,0.00387,-0.00087,-0.05769,0.40921,-0.05720,0.02992,0.02589,1
6.9336,-0.09566,0.01847,0.00245,-0.00061,-0.00317,0.00134,1.64807,-0.00000,0.00000,-0.00463,-0.00047,-0.00691,-0.00047,-0.42179,0.91605,1,0.00387,-0.00087,-0.05769,0.40921,-0.05720,0.02992,0.02589,1
6.9356,-0.09673,0.01794,0.00346,-0.00046,0.00021,0.00184,1.63470,-0.00000,0.00000,0.00503,0.00084,-0.00812,-0.00032,-0.42177,0.91606,1,0.00491,-0.00040,-0.05207,0.41062,-0.06408,0.02822,0.03950,1
6.9376,-0.09673,0.01794,0.00346,-0.00046,0.00126,0.00171,1.63470,-0.00000,0.00000,0.00505,0.00088,-0.00921,-0.00004,-0.42180,0.91608,1,0.00491,-0.00040,-0.05207,0.41062,-0.06408,0.02822,0.03950,1
6.9396,-0.09673,0.01794,0.00347,-0.00045,0.00218,0.00146,1.63470,-0.00000,0.00000,0.00508,0.00091,-0.01017,0.00037,-0.42186,0.91602,1,0.00491,-0.00040,-0.05207,0.41062,-0.06408,0.02822,0.03950,1
6.9416,-0.09673,0.01794,0.00347,-0.00045,0.00300,0.00109,1.63470,-0.00000,0.00000,0.00513,0.00093,-0.01100,0.00091,-0.42182,0.91605,1,0.00491,-0.00040,-0.05207,0.41062,-0.06408,0.02822,0.03950,1
6.9436,-0.09673,0.01794,0.00348,-0.00045,0.00369,0.00061,1.63470,-0.00000,0.00000,0.00520,0.00095,-0.01171,0.00132,-0.42185,0.91609,1,0.00491,-0.00040,-0.05207,0.41062,-0.06408,0.02822,0.03950,1
6.9456,-0.09673,0.01794,0.00349,-0.00045,0.00427,0.00024,1.63470,-0.00000,0.00000,0.00528,0.00096,-0.01228,0.00160,-0.42185,0.91611,1,0.00491,-0.00040,-0.05207,0.41062,-0.06408,0.02822,0.03950,1
6.9476,-0.09673,0.01794,0.00349,-0.00045,0.00473,-0.00000,1.63470,-0.00000,0.00000,0.00536,0.00096,-0.01273,0.00176,-0.42188,0.91609,1,0.00491,-0.00040,-0.05207,0.41062,-0.06408,0.02822,0.03950,1
6.9496,-0.09673,0.01794,0.00350,-0.00045,0.00507,-0.00014,1.63470,-0.00000,0.00000,0.00546,0.00096,-0.01305,0.00179,-0.42189,0.91612,1,0.00491,-0.00040,-0.05207,0.41062,-0.06408,0.02822,0.03950,1
6.9516,-0.09673,0.01794,0.00351,-0.00045,0.00530,-0.00015,1.63470,-0.00000,0.00000,0.00556,0.00095,-0.01324,0.00168,-0.42184,0.91617,1,0.00491,-0.00040,-0.05207,0.41062,-0.06408,0.02822,0.03950,1
6.9536,-0.09673,0.01794,0.00353,-0.00045,0.00541,-0.00005,1.63470,-0.00000,0.00000,0.00567,0.00095,-0.01331,0.00146,-0.42188,0.91615,1,0.00491,-0.00040,-0.05207,0.41062,-0.06408,0.02822,0.03950,1
6.9556,-0.09673,0.01794,0.00354,-0.00045,0.00541,0.00016,1.63470,-0.00000,0.00000,0.00577,0.00095,-0.01324,0.00110,-0.42197,0.91612,1,0.00491,-0.00040,-0.05207,0.41062,-0.06408,0.02822,0.03950,1
6.9576,-0.09673,0.01794,0.00355,-0.00045,0.00529,0.00050,1.63470,-0.00000,0.00000,0.00588,0.00096,-0.01305,0.00087,-0.42195,0.91614,1,0.00491,-0.00040,-0.05207,0.41062,-0.06408,0.02822,0.03950,1
6.9596,-0.09673,0.01794,0.00356,-0.00045,0.00505,0.00071,1.63470,-0.00000,0.00000,0.00598,0.00097,-0.01273,0.00077,-0.42195,0.91614,1,0.00491,-0.00040,-0.05207,0.41062,-0.06408,0.02822,0.03950,1
6.9616,-0.09673,0.01794,0.00357,-0.00045,0.00469,0.00081,1.63470,-0.00000,0.00000,0.00608,0.00099,-0.01228,0.00079,-0.42200,0.91612,1,0.00491,-0.00040,-0.05207,0.41062,-0.06408,0.02822,0.03950,1
6.9636,-0.09673,0.01794,0.00358,-0.00044,0.00422,0.00080,1.63470,-0.00000,0.00000,0.00617,0.00100,-0.01171,0.00095,-0.42198,0.91616,1,0.00491,-0.00040,-0.05207,0.41062,-0.06408,0.02822,0.03950,1
6.9656,-0.09673,0.01794,0.00358,-0.00044,0.00364,0.00066,1.63470,-0.00000,0.00000,0.00624,0.00102,-0.01100,0.00102,-0.42200,0.91613,1,0.00491,-0.00040,-0.05207,0.41062,-0.06408,0.02822,0.03950,1
6.9676,-0.09673,0.01794,0.00359,-0.00044,0.00293,0.00061,1.63470,-0.00000,0.00000,0.00631,0.00103,-0.01017,0.00103,-0.42200,0.91613,1,0.00491,-0.00040,-0.05207,0.41062,-0.06408,0.02822,0.03950,1
6.9696,-0.09673,0.01794,0.00359,-0.00044,0.00211,0.00061,1.63470,-0.00000,0.00000,0.00636,0.00104,-0.00921,0.00104,-0.42203,0.91609,1,0.00491,-0.00040,-0.05207,0.41062,-0.06408,0.02822,0.03950,1
6.9716,-0.09673,0.01794,0.00360,-0.00044,0.00117,0.00060,1.63470,-0.00000,0.00000,0.00639,0.00105,-0.00812,0.00105,-0.42204,0.91611,1,0.00491,-0.00040,-0.05207,0.41062,-0.06408,0.02822,0.03950,1
6.9736,-0.09673,0.01794,0.00360,-0.00044,0.00012,0.00060,1.63470,-0.00000,0.00000,0.00640,0.00107,-0.00691,0.00107,-0.42204,0.91611,1,0.00491,-0.00040,-0.05207,0.41062,-0.06408,0.02822,0.03950,1
6.9756,-0.09673,0.01794,0.00360,-0.00044,-0.00105,0.00060,1.63470,-0.00000,0.00000,0.00639,0.00108,-0.00556,0.00108,-0.42200,0.91617,1,0.00491,-0.00040,-0.05207,0.41062,-0.06408,0.02822,0.03950,1
6.9776,-0.09673,0.01794,0.00360,-0.00044,-0.00233,0.00059,1.63470,-0.00000,0.00000,0.00636,0.00109,-0.00409,0.00109,-0.42200,0.91617,1,0.00491,-0.00040,-0.05207,0.41062,-0.06408,0.02822,0.03950,1
6.9796,-0.09673,0.01794,0.00359,-0.00044,-0.00374,0.00059,1.63470,-0.00000,0.00000,0.00630,0.00110,-0.00249,0.00110,-0.42199,0.91616,1,0.00491,-0.00040,-0.05207,0.41062,-0.06408,0.02822,0.03950,1
6.9817,-0.09673,0.01794,0.00358,-0.00043,-0.00526,0.00059,1.63470,-0.00000,0.00000,0.00621,0.00111,-0.00089,0.00111,-0.42204,0.91615,1,0.00491,-0.00040,-0.05207,0.41062,-0.06408,0.02822,0.03950,1
6.9837,-0.09673,0.01794,0.00357,-0.00043,-0.00677,0.00059,1.63470,-0.00000,0.00000,0.00609,0.00112,0.00071,0.00112,-0.42203,0.91619,1,0.00491,-0.00040,-0.05207,0.41062,-0.06408,0.02822,0.03950,1
6.9857,-0.09673,0.01794,0.00355,-0.00043,-0.00829,0.00058,1.63470,-0.00000,0.00000,0.00594,0.00114,0.00231,0.00114,-0.42204,0.91614,1,0.00491,-0.00040,-0.05207,0.41062,-0.06408,0.02822,0.03950,1
6.9877,-0.09673,0.01794,0.00354,-0.00043,-0.00981,0.00058,1.63470,-0.00000,0.00000,0.00577,0.00115,0.00391,0.00115,-0.42202,0.91614,1,0.00491,-0.00040,-0.05207,0.41062,-0.06408,0.02822,0.03950,1
6.9897,-0.09673,0.01794,0.00351,-0.00043,-0.01133,0.00058,1.63470,-0.00000,0.00000,0.00556,0.00116,0.00551,0.00116,-0.42206,0.91610,1,0.00491,-0.00040,-0.05207,0.41062,-0.06408,0.02822,0.03950,1
6.9917,-0.09673,0.01794,0.00349,-0.00043,-0.01284,0.00057,1.63470,-0.00000,0.00000,0.00532,0.00117,0.00698,0.00117,-0.42199,0.91614,1,0.00491,-0.00040,-0.05207,0.41062,-0.06408,0.02822,0.03950,1
6.9937,-0.09673,0.01794,0.00346,-0.00043,-0.01424,0.00057,1.63470,-0.00000,0.00000,0.00505,0.00118,0.00833,0.00118,-0.42199,0.91616,1,0.00491,-0.00040,-0.05207,0.41062,-0.06408,0.02822,0.03950,1
6.9957,-0.09673,0.01794,0.00343,-0.00043,-0.01553,0.00057,1.63470,-0.00000,0.00000,0.00476,0.00119,0.00954,0.00119,-0.42197,0.91610,1,0.00491,-0.00040,-0.05207,0.41062,-0.06408,0.02822,0.03950,1
6.9977,-0.09673,0.01794,0.00340,-0.00042,-0.01669,0.00057,1.63470,-0.00000,0.00000,0.00444,0.00120,0.01063,0.00120,-0.42194,0.91614,1,0.00491,-0.00040,-0.05207,0.41062,-0.06408,0.02822,0.03950,1
6.9997,-0.09566,0.01770,0.00359,-0.00027,-0.01617,0.00140,1.63846,-0.00000,0.00000,0.00664,0.00269,0.01159,0.00134,-0.42194,0.91615,1,0.00389,-0.00018,-0.05587,0.40920,-0.05966,0.02989,0.02855,1
7.0017,-0.09566,0.01770,0.00356,-0.00026,-0.01711,0.00127,1.63846,-0.00000,0.00000,0.00631,0.00272,0.01242,0.00161,-0.42192,0.91614,1,0.00389,-0.00018,-0.05587,0.40920,-0.05966,0.02989,0.02855,1
7.0037,-0.09566,0.01770,0.00352,-0.00026,-0.01793,0.00103,1.63846,-0.00000,0.00000,0.00597,0.00274,0.01313,0.00200,-0.42187,0.91613,1,0.00389,-0.00018,-0.05587,0.40920,-0.05966,0.02989,0.02855,1
7.0057,-0.09566,0.01770,0.00349,-0.00026,-0.01863,0.00068,1.63846,-0.00000,0.00000,0.00561,0.00276,0.01370,0.00253,-0.42190,0.91612,1,0.00389,-0.00018,-0.05587,0.40920,-0.05966,0.02989,0.02855,1
7.0077,-0.09566,0.01770,0.00345,-0.00026,-0.01922,0.00021,1.63846,-0.00000,0.00000,0.00524,0.00277,0.01415,0.00292,-0.42186,0.91611,1,0.00389,-0.00018,-0.05587,0.40920,-0.05966,0.02989,0.02855,1
7.0097,-0.09566,0.01770,0.00341,-0.00026,-0.01968,-0.00015,1.63846,-0.00000,0.00000,0.00485,0.00277,0.01447,0.00319,-0.42183,0.91616,1,0.00389,-0.00018,-0.05587,0.40920,-0.05966,0.02989,0.02855,1
7.0117,-0.09566,0.01770,0.00337,-0.00026,-0.02004,-0.00038,1.63846,-0.00000,0.00000,0.00446,0.00276,0.01466,0.00333,-0.42180,0.91615,1,0.00389,-0.00018,-0.05587,0.40920,-0.05966,0.02989,0.02855,1
7.0137,-0.09566,0.01770,0.00333,-0.00026,-0.02027,-0.00051,1.63846,-0.00000,0.00000,0.00407,0.00275,0.01473,0.00334,-0.42173,0.91618,1,0.00389,-0.00018,-0.05587,0.40920,-0.05966,0.02989,0.02855,1
7.0157,-0.09566,0.01770,0.00329,-0.00026,-0.02039,-0.00051,1.63846,-0.00000,0.00000,0.00367,0.00274,0.01466,0.00322,-0.42178,0.91616,1,0.00389,-0.00018,-0.05587,0.40920,-0.05966,0.02989,0.02855,1
7.0177,-0.09566,0.01770,0.00325,-0.00026,-0.02039,-0.00040,1.63846,-0.00000,0.00000,0.00326,0.00274,0.01447,0.00298,-0.42175,0.91619,1,0.00389,-0.00018,-0.05587,0.40920,-0.05966,0.02989,0.02855,1
7.0197,-0.09566,0.01770,0.00321,-0.00026,-0.02027,-0.00017,1.63846,-0.00000,0.00000,0.00286,0.00273,0.01415,0.00273,-0.42174,0.91619,1,0.00389,-0.00018,-0.05587,0.40920,-0.05966,0.02989,0.02855,1
7.0217,-0.09566,0.01770,0.00317,-0.00026,-0.02003,0.00006,1.63846,-0.00000,0.00000,0.00247,0.00273,0.01370,0.00261,-0.42169,0.91623,1,0.00389,-0.00018,-0.05587,0.40920,-0.05966,0.02989,0.02855,1
7.0237,-0.09566,0.01770,0.00313,-0.00026,-0.01968,0.00017,1.63846,-0.00000,0.00000,0.00208,0.00273,0.01313,0.00261,-0.42169,0.91619,1,0.00389,-0.00018,-0.05587,0.40920,-0.05966,0.02989,0.02855,1
7.0257,-0.09566,0.01770,0.00309,-0.00026,-0.01921,0.00017,1.63846,-0.00000,0.00000,0.00169,0.00273,0.01242,0.00273,-0.42170,0.91619,1,0.00389,-0.00018,-0.05587,0.40920,-0.05966,0.02989,0.02855,1
7.0277,-0.09566,0.01770,0.00305,-0.00026,-0.01863,0.00007,1.63846,-0.00000,0.00000,0.00132,0.00274,0.01159,0.00274,-0.42175,0.91614,1,0.00389,-0.00018,-0.05587,0.40920,-0.05966,0.02989,0.02855,1
7.0298,-0.09566,0.01770,0.00301,-0.00026,-0.01792,0.00007,1.63846,-0.00000,0.00000,0.00096,0.00274,0.01063,0.00274,-0.42167,0.91620,1,0.00389,-0.00018,-0.05587,0.40920,-0.05966,0.02989,0.02855,1
7.0318,-0.09566,0.01770,0.00298,-0.00026,-0.01710,0.00007,1.63846,-0.00000,0.00000,0.00062,0.00274,0.00954,0.00274,-0.42169,0.91616,1,0.00389,-0.00018,-0.05587,0.40920,-0.05966,0.02989,0.02855,1
7.0338,-0.09566,0.01770,0.00295,-0.00026,-0.01617,0.00008,1.63846,-0.00000,0.00000,0.00029,0.00274,0.00833,0.00274,-0.42165,0.91620,1,0.00389,-0.00018,-0.05587,0.40920,-0.05966,0.02989,0.02855,1
7.0358,-0.09566,0.01770,0.00291,-0.00026,-0.01511,0.00008,1.63846,-0.00000,0.00000,-0.00002,0.00274,0.00698,0.00274,-0.42165,0.91617,1,0.00389,-0.00018,-0.05587,0.40920,-0.05966,0.02989,0.02855,1
7.0378,-0.09566,0.01770,0.00289,-0.00026,-0.01394,0.00008,1.63846,-0.00000,0.00000,-0.00030,0.00274,0.00551,0.00274,-0.42162,0.91622,1,0.00389,-0.00018,-0.05587,0.40920,-0.05966,0.02989,0.02855,1
7.0398,-0.09566,0.01770,0.00286,-0.00026,-0.01266,0.00009,1.63846,-0.00000,0.00000,-0.00056,0.00275,0.00391,0.00275,-0.42160,0.91627,1,0.00389,-0.00018,-0.05587,0.40920,-0.05966,0.02989,0.02855,1
7.0418,-0.09566,0.01770,0.00284,-0.00026,-0.01125,0.00009,1.63846,-0.00000,0.00000,-0.00080,0.00275,0.00231,0.00275,-0.42158,0.91624,1,0.00389,-0.00018,-0.05587,0.40920,-0.05966,0.02989,0.02855,1
7.0438,-0.09566,0.01770,0.00281,-0.00026,-0.00985,0.00009,1.63846,-0.00000,0.00000,-0.00101,0.00275,0.00071,0.00275,-0.42170,0.91624,1,0.00389,-0.00018,-0.05587,0.40920,-0.05966,0.02989,0.02855,1
7.0458,-0.09566,0.01770,0.00280,-0.00026,-0.00844,0.00010,1.63846,-0.00000,0.00000,-0.00119,0.00275,-0.00089,0.00275,-0.42162,0.91627,1,0.00389,-0.00018,-0.05587,0.40920,-0.05966,0.02989,0.02855,1
7.0478,-0.09566,0.01770,0.00278,-0.00026,-0.00704,0.00010,1.63846,-0.00000,0.00000,-0.00134,0.00275,-0.00236,0.00275,-0.42161,0.91627,1,0.00389,-0.00018,-0.05587,0.40920,-0.05966,0.02989,0.02855,1
7.0498,-0.09566,0.01770,0.00277,-0.00026,-0.00575,0.00010,1.63846,-0.00000,0.00000,-0.00147,0.00275,-0.00371,0.00275,-0.42161,0.91627,1,0.00389,-0.00018,-0.05587,0.40920,-0.05966,0.02989,0.02855,1
7.0519,-0.09566,0.01770,0.00276,-0.00026,-0.00458,0.00011,1.63846,-0.00000,0.00000,-0.00157,0.00276,-0.00492,0.00276,-0.42163,0.91629,1,0.00389,-0.00018,-0.05587,0.40920,-0.05966,0.02989,0.02855,1
7.0539,-0.09566,0.01770,0.00275,-0.00026,-0.00352,0.00011,1.63846,-0.00000,0.00000,-0.00165,0.00276,-0.00601,0.00276,-0.42162,0.91627,1,0.00389,-0.00018,-0.05587,0.40920,-0.05966,0.02989,0.02855,1
7.0559,-0.09566,0.01770,0.00274,-0.00026,-0.00258,0.00011,1.63846,-0.00000,0.00000,-0.00171,0.00276,-0.00697,0.00276,-0.42165,0.91632,1,0.00389,-0.00018,-0.05587,0.40920,-0.05966,0.02989,0.02855,1
7.0579,-0.09566,0.01770,0.00274,-0.00026,-0.00176,0.00011,1.63846,-0.00000,0.00000,-0.00175,0.00276,-0.00780,0.00276,-0.42166,0.91635,1,0.00389,-0.00018,-0.05587,0.40920,-0.05966,0.02989,0.02855,1
7.0599,-0.09566,0.01770,0.00274,-0.00026,-0.00105,0.00012,1.63846,-0.00000,0.00000,-0.00178,0.00277,-0.00851,0.00277,-0.42165,0.91632,1,0.00389,-0.00018,-0.05587,0.40920,-0.05966,0.02989,0.02855,1
7.0619,-0.09566,0.01770,0.00273,-0.00026,-0.00046,0.00012,1.63846,-0.00000,0.00000,-0.00179,0.00277,-0.00908,0.00277,-0.42163,0.91632,1,0.00389,-0.00018,-0.05587,0.40920,-0.05966,0.02989,0.02855,1
7.0639,-0.09566,0.01770,0.00273,-0.00026,0.00002,0.00012,1.63846,-0.00000,0.00000,-0.00180,0.00277,-0.00953,0.00277,-0.42168,0.91637,1,0.00389,-0.00018,-0.05587,0.40920,-0.05966,0.02989,0.02855,1
7.0659,-0.09566,0.01770,0.00273,-0.00026,0.00038,0.00012,1.63846,-0.00000,0.00000,-0.00179,0.00277,-0.00985,0.00277,-0.42165,0.91634,1,0.00389,-0.00018,-0.05587,0.40920,-0.05966,0.02989,0.02855,1
7.0679,-0.09553,0.01794,0.00307,-0.00033,0.00210,-0.00013,1.64900,-0.00000,0.00000,0.00159,0.00213,-0.01004,0.00265,-0.42168,0.91635,1,0.00375,-0.00040,-0.05587,0.40920,-0.05966,0.02989,0.02855,1
7.0706,-0.09553,0.01794,0.00308,-0.00033,0.00222,-0.00001,1.64900,-0.00000,0.00000,0.00163,0.00213,-0.01011,0.00239,-0.42168,0.91637,1,0.00375,-0.00040,-0.05587,0.40920,-0.05966,0.02989,0.02855,1
7.0726,-0.09553,0.01794,0.00308,-0.00033,0.00222,0.00023,1.64900,-0.00000,0.00000,0.00167,0.00213,-0.01004,0.00213,-0.42173,0.91636,1,0.00375,-0.00040,-0.05587,0.40920,-0.05966,0.02989,0.02855,1
7.0746,-0.09553,0.01794,0.00309,-0.00033,0.00211,0.00047,1.64900,-0.00000,0.00000,0.00171,0.00214,-0.00985,0.00199,-0.42176,0.91633,1,0.00375,-0.00040,-0.05587,0.40920,-0.05966,0.02989,0.02855,1
7.0766,-0.09553,0.01794,0.00309,-0.00033,0.00188,0.00060,1.64900,-0.00000,0.00000,0.00175,0.00215,-0.00953,0.00199,-0.42175,0.91635,1,0.00375,-0.00040,-0.05587,0.40920,-0.05966,0.02989,0.02855,1
7.0786,-0.09553,0.01794,0.00309,-0.00033,0.00153,0.00061,1.64900,-0.00000,0.00000,0.00179,0.00216,-0.00908,0.00211,-0.42177,0.91636,1,0.00375,-0.00040,-0.05587,0.40920,-0.05966,0.02989,0.02855,1
7.0806,-0.09553,0.01794,0.00310,-0.00033,0.00107,0.00051,1.64900,-0.00000,0.00000,0.00181,0.00217,-0.00851,0.00217,-0.42180,0.91635,1,0.00375,-0.00040,-0.05587,0.40920,-0.05966,0.02989,0.02855,1
7.0826,-0.09553,0.01794,0.00310,-0.00033,0.00049,0.00046,1.64900,-0.00000,0.00000,0.00183,0.00218,-0.00780,0.00218,-0.42174,0.91635,1,0.00375,-0.00040,-0.05587,0.40920,-0.05966,0.02989,0.02855,1
7.0846,-0.09553,0.01794,0.00310,-0.00032,-0.00020,0.00045,1.64900,-0.00000,0.00000,0.00183,0.00219,-0.00697,0.00219,-0.42180,0.91636,1,0.00375,-0.00040,-0.05587,0.40920,-0.05966,0.02989,0.02855,1
7.0866,-0.09553,0.01794,0.00310,-0.00032,-0.00102,0.00045,1.64900,-0.00000,0.00000,0.00182,0.00220,-0.00601,0.00220,-0.42182,0.91635,1,0.00375,-0.00040,-0.05587,0.40920,-0.05966,0.02989,0.02855,1
7.0886,-0.09553,0.01794,0.00309,-0.00032,-0.00194,0.00045,1.64900,-0.00000,0.00000,0.00179,0.00221,-0.00492,0.00221,-0.42183,0.91634,1,0.00375,-0.00040,-0.05587,0.40920,-0.05966,0.02989,0.02855,1
7.0907,-0.09553,0.01794,0.00309,-0.00032,-0.00299,0.00045,1.64900,-0.00000,0.00000,0.00174,0.00222,-0.00371,0.00222,-0.42179,0.91636,1,0.00375,-0.00040,-0.05587,0.40920,-0.05966,0.02989,0.02855,1
7.0927,-0.09553,0.01794,0.00308,-0.00032,-0.00415,0.00045,1.64900,-0.00000,0.00000,0.00167,0.00222,-0.00236,0.00222,-0.42180,0.91638,1,0.00375,-0.00040,-0.05587,0.40920,-0.05966,0.02989,0.02855,1
7.0947,-0.09553,0.01794,0.00307,-0.00032,-0.00543,0.00044,1.64900,-0.00000,0.00000,0.00158,0.00223,-0.00089,0.00223,-0.42178,0.91638,1,0.00375,-0.00040,-0.05587,0.40920,-0.05966,0.02989,0.02855,1
7.0967,-0.09553,0.01794,0.00306,-0.00032,-0.00682,0.00044,1.64900,-0.00000,0.00000,0.00146,0.00224,0.00071,0.00224,-0.42175,0.91642,1,0.00375,-0.00040,-0.05587,0.40920,-0.05966,0.02989,0.02855,1
7.0987,-0.09553,0.01794,0.00305,-0.00032,-0.00833,0.00044,1.64900,-0.00000,0.00000,0.00131,0.00225,0.00218,0.00225,-0.42179,0.91638,1,0.00375,-0.00040,-0.05587,0.40920,-0.05966,0.02989,0.02855,1
7.1007,-0.09553,0.01794,0.00303,-0.00032,-0.00972,0.00044,1.64900,-0.00000,0.00000,0.00113,0.00226,0.00353,0.00226,-0.42179,0.91637,1,0.00375,-0.00040,-0.05587,0.40920,-0.05966,0.02989,0.02855,1
7.1027,-0.09553,0.01794,0.00301,-0.00032,-0.01099,0.00043,1.64900,-0.00000,0.00000,0.00093,0.00227,0.00474,0.00227,-0.42177,0.91637,1,0.00375,-0.00040,-0.05587,0.40920,-0.05966,0.02989,0.02855,1
7.1047,-0.09553,0.01794,0.00298,-0.00032,-0.01215,0.00043,1.64900,-0.00000,0.00000,0.00070,0.00228,0.00583,0.00228,-0.42175,0.91640,1,0.00375,-0.00040,-0.05587,0.40920,-0.05966,0.02989,0.02855,1
7.1067,-0.09553,0.01794,0.00296,-0.00031,-0.01319,0.00043,1.64900,-0.00000,0.00000,0.00045,0.00228,0.00679,0.00228,-0.42177,0.91639,1,0.00375,-0.00040,-0.05587,0.40920,-0.05966,0.02989,0.02855,1
7.1087,-0.09553,0.01794,0.00293,-0.00031,-0.01412,0.00043,1.64900,-0.00000,0.00000,0.00018,0.00229,0.00762,0.00229,-0.42170,0.91640,1,0.00375,-0.00040,-0.05587,0.40920,-0.05966,0.02989,0.02855,1
7.1107,-0.09553,0.01794,0.00290,-0.00031,-0.01493,0.00043,1.64900,-0.00000,0.00000,-0.00011,0.00230,0.00833,0.00230,-0.42172,0.91638,1,0.00375,-0.00040,-0.05587,0.40920,-0.05966,0.02989,0.02855,1
7.1127,-0.09553,0.01794,0.00287,-0.00031,-0.01562,0.00042,1.64900,-0.00000,0.00000,-0.00041,0.00231,0.00890,0.00231,-0.42171,0.91639,1,0.00375,-0.00040,-0.05587,0.40920,-0.05966,0.02989,0.02855,1
7.1147,-0.09553,0.01794,0.00284,-0.00031,-0.01619,0.00042,1.64900,-0.00000,0.00000,-0.00072,0.00232,0.00935,0.00232,-0.42178,0.91637,1,0.00375,-0.00040,-0.05587,0.40920,-0.05966,0.02989,0.02855,1
7.1167,-0.09553,0.01794,0.00281,-0.00031,-0.01665,0.00042,1.64900,-0.00000,0.00000,-0.00104,0.00233,0.00967,0.00233,-0.42171,0.91639,1,0.00375,-0.00040,-0.05587,0.40920,-0.05966,0.02989,0.02855,1
7.1187,-0.09553,0.01794,0.00277,-0.00031,-0.01699,0.00042,1.64900,-0.00000,0.00000,-0.00137,0.00233,0.00986,0.00233,-0.42168,0.91637,1,0.00375,-0.00040,-0.05587,0.40920,-0.05966,0.02989,0.02855,1
7.1208,-0.09553,0.01794,0.00274,-0.00031,-0.01721,0.00042,1.64900,-0.00000,0.00000,-0.00171,0.00234,0.00993,0.00234,-0.42170,0.91638,1,0.00375,-0.00040,-0.05587,0.40920,-0.05966,0.02989,0.02855,1
7.1228,-0.09553,0.01794,0.00270,-0.00031,-0.01732,0.00041,1.64900,-0.00000,0.00000,-0.00205,0.00235,0.00986,0.00235,-0.42171,0.91637,1,0.00375,-0.00040,-0.05587,0.40920,-0.05966,0.02989,0.02855,1
7.1248,-0.09553,0.01794,0.00267,-0.00031,-0.01731,0.00041,1.64900,-0.00000,0.00000,-0.00239,0.00236,0.00967,0.00236,-0.42168,0.91636,1,0.00375,-0.00040,-0.05587,0.40920,-0.05966,0.02989,0.02855,1
7.1268,-0.09553,0.01794,0.00264,-0.00031,-0.01718,0.00041,1.64900,-0.00000,0.00000,-0.00273,0.00237,0.00935,0.00237,-0.42164,0.91640,1,0.00375,-0.00040,-0.05587,0.40920,-0.05966,0.02989,0.02855,1
7.1288,-0.09553,0.01794,0.00260,-0.00031,-0.01694,0.00041,1.64900,-0.00000,0.00000,-0.00307,0.00237,0.00890,0.00237,-0.42168,0.91640,1,0.00375,-0.00040,-0.05587,0.40920,-0.05966,0.02989,0.02855,1
7.1308,-0.09553,0.01794,0.00257,-0.00030,-0.01657,0.00041,1.64900,-0.00000,0.00000,-0.00340,0.00238,0.00833,0.00238,-0.42167,0.91637,1,0.00375,-0.00040,-0.05587,0.40920,-0.05966,0.02989,0.02855,1
7.1328,-0.09553,0.01794,0.00253,-0.00030,-0.01610,0.00040,1.64900,-0.00000,0.00000,-0.00372,0.00239,0.00762,0.00239,-0.42163,0.91638,1,0.00375,-0.00040,-0.05587,0.40920,-0.05966,0.02989,0.02855,1
7.1348,-0.09553,0.01794,0.00250,-0.00030,-0.01550,0.00040,1.64900,-0.00000,0.00000,-0.00403,0.00240,0.00679,0.00240,-0.42167,0.91640,1,0.00375,-0.00040,-0.05587,0.40920,-0.05966,0.02989,0.02855,1
7.1368,-0.09576,0.01792,0.00294,-0.00033,-0.01513,0.00030,1.64812,-0.00000,0.00000,0.00018,0.00211,0.00583,0.00228,-0.42164,0.91640,1,0.00398,-0.00037,-0.05575,0.40984,-0.05960,0.02922,0.03663,1
7.1388,-0.09576,0.01792,0.00291,-0.00033,-0.01431,0.00041,1.64812,-0.00000,0.00000,-0.00011,0.00212,0.00474,0.00212,-0.42164,0.91640,1,0.00398,-0.00037,-0.05575,0.40984,-0.05960,0.02922,0.03663,1
7.1408,-0.09576,0.01792,0.00288,-0.00033,-0.01337,0.00057,1.64812,-0.00000,0.00000,-0.00038,0.00213,0.00353,0.00208,-0.42162,0.91637,1,0.00398,-0.00037,-0.05575,0.40984,-0.05960,0.02922,0.03663,1
7.1428,-0.09576,0.01792,0.00286,-0.00033,-0.01231,0.00060,1.64812,-0.00000,0.00000,-0.00064,0.00214,0.00218,0.00214,-0.42167,0.91639,1,0.00398,-0.00037,-0.05575,0.40984,-0.05960,0.02922,0.03663,1
7.1448,-0.09576,0.01792,0.00283,-0.00033,-0.01114,0.00056,1.64812,-0.00000,0.00000,-0.00087,0.00215,0.00071,0.00215,-0.42165,0.91639,1,0.00398,-0.00037,-0.05575,0.40984,-0.05960,0.02922,0.03663,1
7.1468,-0.09576,0.01792,0.00281,-0.00033,-0.00985,0.00055,1.64812,-0.00000,0.00000,-0.00107,0.00216,-0.00089,0.00216,-0.42159,0.91643,1,0.00398,-0.00037,-0.05575,0.40984,-0.05960,0.02922,0.03663,1
7.1489,-0.09576,0.01792,0.00279,-0.00033,-0.00845,0.00055,1.64812,-0.00000,0.00000,-0.00125,0.00217,-0.00236,0.00217,-0.42161,0.91642,1,0.00398,-0.00037,-0.05575,0.40984,-0.05960,0.02922,0.03663,1
7.1509,-0.09576,0.01792,0.00278,-0.00032,-0.00716,0.00055,1.64812,-0.00000,0.00000,-0.00141,0.00218,-0.00371,0.00218,-0.42165,0.91639,1,0.00398,-0.00037,-0.05575,0.40984,-0.05960,0.02922,0.03663,1
7.1529,-0.09576,0.01792,0.00276,-0.00032,-0.00599,0.00054,1.64812,-0.00000,0.00000,-0.00154,0.00219,-0.00492,0.00219,-0.42166,0.91642,1,0.00398,-0.00037,-0.05575,0.40984,-0.05960,0.02922,0.03663,1
7.1549,-0.09576,0.01792,0.00275,-0.00032,-0.00493,0.00054,1.64812,-0.00000,0.00000,-0.00164,0.00220,-0.00601,0.00220,-0.42169,0.91644,1,0.00398,-0.00037,-0.05575,0.40984,-0.05960,0.02922,0.03663,1
7.1569,-0.09576,0.01792,0.00274,-0.00032,-0.00399,0.00053,1.64812,-0.00000,0.00000,-0.00173,0.00221,-0.00697,0.00221,-0.42164,0.91645,1,0.00398,-0.00037,-0.05575,0.40984,-0.05960,0.02922,0.03663,1
7.1589,-0.09576,0.01792,0.00274,-0.00032,-0.00317,0.00053,1.64812,-0.00000,0.00000,-0.00180,0.00222,-0.00780,0.00222,-0.42172,0.91644,1,0.00398,-0.00037,-0.05575,0.40984,-0.05960,0.02922,0.03663,1
7.1609,-0.09576,0.01792,0.00273,-0.00032,-0.00246,0.00053,1.64812,-0.00000,0.00000,-0.00186,0.00224,-0.00851,0.00224,-0.42170,0.91647,1,0.00398,-0.00037,-0.05575,0.40984,-0.05960,0.02922,0.03663,1
7.1629,-0.09576,0.01792,0.00273,-0.00032,-0.00187,0.00052,1.64812,-0.00000,0.00000,-0.00190,0.00225,-0.00908,0.00225,-0.42174,0.91646,1,0.00398,-0.00037,-0.05575,0.40984,-0.05960,0.02922,0.03663,1
7.1649,-0.09576,0.01792,0.00272,-0.00032,-0.00139,0.00052,1.64812,-0.00000,0.00000,-0.00193,0.00226,-0.00953,0.00226,-0.42170,0.91652,1,0.00398,-0.00037,-0.05575,0.40984,-0.05960,0.02922,0.03663,1
7.1669,-0.09576,0.01792,0.00272,-0.00032,-0.00103,0.00051,1.64812,-0.00000,0.00000,-0.00196,0.00227,-0.00985,0.00227,-0.42172,0.91652,1,0.00398,-0.00037,-0.05575,0.40984,-0.05960,0.02922,0.03663,1
7.1689,-0.09576,0.01792,0.00272,-0.00031,-0.00079,0.00051,1.64812,-0.00000,0.00000,-0.00197,0.00228,-0.01004,0.00228,-0.42174,0.91651,1,0.00398,-0.00037,-0.05575,0.40984,-0.05960,0.02922,0.03663,1
7.1710,-0.09576,0.01792,0.00272,-0.00031,-0.00067,0.00051,1.64812,-0.00000,0.00000,-0.00199,0.00229,-0.01011,0.00229,-0.42170,0.91652,1,0.00398,-0.00037,-0.05575,0.40984,-0.05960,0.02922,0.03663,1
7.1730,-0.09576,0.01792,0.00272,-0.00031,-0.00066,0.00050,1.64812,-0.00000,0.00000,-0.00200,0.00230,-0.01004,0.00230,-0.42176,0.91652,1,0.00398,-0.00037,-0.05575,0.40984,-0.05960,0.02922,0.03663,1
7.1750,-0.09576,0.01792,0.00271,-0.00031,-0.00076,0.00050,1.64812,-0.00000,0.00000,-0.00201,0.00231,-0.00985,0.00231,-0.42171,0.91657,1,0.00398,-0.00037,-0.05575,0.40984,-0.05960,0.02922,0.03663,1
7.1770,-0.09576,0.01792,0.00271,-0.00031,-0.00099,0.00050,1.64812,-0.00000,0.00000,-0.00203,0.00232,-0.00953,0.00232,-0.42181,0.91654,1,0.00398,-0.00037,-0.05575,0.40984,-0.05960,0.02922,0.03663,1
7.1790,-0.09576,0.01792,0.00271,-0.00031,-0.00132,0.00049,1.64812,-0.00000,0.00000,-0.00205,0.00233,-0.00908,0.00233,-0.42182,0.91656,1,0.00398,-0.00037,-0.05575,0.40984,-0.05960,0.02922,0.03663,1
7.1810,-0.09576,0.01792,0.00271,-0.00031,-0.00178,0.00049,1.64812,-0.00000,0.00000,-0.00208,0.00233,-0.00851,0.00233,-0.42178,0.91656,1,0.00398,-0.00037,-0.05575,0.40984,-0.05960,0.02922,0.03663,1
7.1830,-0.09576,0.01792,0.00270,-0.00031,-0.00235,0.00049,1.64812,-0.00000,0.00000,-0.00213,0.00234,-0.00780,0.00234,-0.42177,0.91658,1,0.00398,-0.00037,-0.05575,0.40984,-0.05960,0.02922,0.03663,1
7.1850,-0.09576,0.01792,0.00270,-0.00031,-0.00304,0.00048,1.64812,-0.00000,0.00000,-0.00218,0.00235,-0.00697,0.00235,-0.42184,0.91655,1,0.00398,-0.00037,-0.05575,0.40984,-0.05960,0.02922,0.03663,1
7.1870,-0.09576,0.01792,0.00269,-0.00031,-0.00384,0.00048,1.64812,-0.00000,0.00000,-0.00225,0.00236,-0.00601,0.00236,-0.42184,0.91655,1,0.00398,-0.00037,-0.05575,0.40984,-0.05960,0.02922,0.03663,1
7.1890,-0.09576,0.01792,0.00268,-0.00031,-0.00477,0.00048,1.64812,-0.00000,0.00000,-0.00233,0.00237,-0.00492,0.00237,-0.42174,0.91662,1,0.00398,-0.00037,-0.05575,0.40984,-0.05960,0.02922,0.03663,1
7.1910,-0.09576,0.01792,0.00267,-0.00030,-0.00580,0.00047,1.64812,-0.00000,0.00000,-0.00244,0.00238,-0.00371,0.00238,-0.42183,0.91658,1,0.00398,-0.00037,-0.05575,0.40984,-0.05960,0.02922,0.03663,1
7.1930,-0.09576,0.01792,0.00266,-0.00030,-0.00695,0.00047,1.64812,-0.00000,0.00000,-0.00256,0.00239,-0.00256,0.00239,-0.42179,0.91659,1,0.00398,-0.00037,-0.05575,0.40984,-0.05960,0.02922,0.03663,1
7.1950,-0.09576,0.01792,0.00264,-0.00030,-0.00804,0.00047,1.64812,-0.00000,0.00000,-0.00271,0.00240,-0.00154,0.00240,-0.42185,0.91655,1,0.00398,-0.00037,-0.05575,0.40984,-0.05960,0.02922,0.03663,1
7.1971,-0.09576,0.01792,0.00263,-0.00030,-0.00901,0.00046,1.64812,-0.00000,0.00000,-0.00288,0.00241,-0.00065,0.00241,-0.42179,0.91663,1,0.00398,-0.00037,-0.05575,0.40984,-0.05960,0.02922,0.03663,1
7.1991,-0.09576,0.01792,0.00261,-0.00030,-0.00987,0.00046,1.64812,-0.00000,0.00000,-0.00306,0.00242,0.00011,0.00242,-0.42177,0.91663,1,0.00398,-0.00037,-0.05575,0.40984,-0.05960,0.02922,0.03663,1
7.2011,-0.09576,0.01792,0.00259,-0.00030,-0.01061,0.00046,1.64812,-0.00000,0.00000,-0.00326,0.00243,0.00074,0.00243,-0.42181,0.91661,1,0.00398,-0.00037,-0.05575,0.40984,-0.05960,0.02922,0.03663,1
7.2031,-0.09553,0.01868,0.00317,-0.00070,-0.00805,-0.00095,1.64248,-0.00000,0.00000,0.00256,-0.00131,0.00150,0.00231,-0.42174,0.91665,1,0.00378,-0.00107,-0.05628,0.40966,-0.05911,0.02948,0.04334,1
7.2051,-0.09553,0.01868,0.00316,-0.00070,-0.00880,-0.00083,1.64248,-0.00000,0.00000,0.00239,-0.00133,0.00239,0.00206,-0.42174,0.91665,1,0.00378,-0.00107,-0.05628,0.40966,-0.05911,0.02948,0.04334,1
7.2071,-0.09553,0.01868,0.00314,-0.00071,-0.00967,-0.00059,1.64248,-0.00000,0.00000,0.00221,-0.00134,0.00315,0.00169,-0.42176,0.91661,1,0.00378,-0.00107,-0.05628,0.40966,-0.05911,0.02948,0.04334,1
7.2091,-0.09553,0.01868,0.00312,-0.00071,-0.01041,-0.00024,1.64248,-0.00000,0.00000,0.00201,-0.00135,0.00379,0.00118,-0.42180,0.91659,1,0.00378,-0.00107,-0.05628,0.40966,-0.05911,0.02948,0.04334,1
7.2111,-0.09553,0.01868,0.00310,-0.00071,-0.01104,0.00023,1.64248,-0.00000,0.00000,0.00180,-0.00135,0.00429,0.00055,-0.42178,0.91660,1,0.00378,-0.00107,-0.05628,0.40966,-0.05911,0.02948,0.04334,1
7.2131,-0.09553,0.01868,0.00307,-0.00071,-0.01156,0.00082,1.64248,-0.00000,0.00000,0.00158,-0.00134,0.00467,-0.00021,-0.42183,0.91662,1,0.00378,-0.00107,-0.05628,0.40966,-0.05911,0.02948,0.04334,1
7.2151,-0.09553,0.01868,0.00305,-0.00070,-0.01196,0.00152,1.64248,-0.00000,0.00000,0.00135,-0.00132,0.00492,-0.00109,-0.42181,0.91660,1,0.00378,-0.00107,-0.05628,0.40966,-0.05911,0.02948,0.04334,1
7.2172,-0.09553,0.01868,0.00303,-0.00070,-0.01224,0.00234,1.64248,-0.00000,0.00000,0.00111,-0.00128,0.00504,-0.00185,-0.42176,0.91661,1,0.00378,-0.00107,-0.05628,0.40966,-0.05911,0.02948,0.04334,1
7.2192,-0.09553,0.01868,0.00300,-0.00069,-0.01240,0.00304,1.64248,-0.00000,0.00000,0.00087,-0.00123,0.00503,-0.00248,-0.42176,0.91659,1,0.00378,-0.00107,-0.05628,0.40966,-0.05911,0.02948,0.04334,1
7.2212,-0.09553,0.01868,0.00298,-0.00069,-0.01245,0.00363,1.64248,-0.00000,0.00000,0.00062,-0.00116,0.00490,-0.00299,-0.42177,0.91658,1,0.00378,-0.00107,-0.05628,0.40966,-0.05911,0.02948,0.04334,1
7.2232,-0.09553,0.01868,0.00295,-0.00068,-0.01238,0.00409,1.64248,-0.00000,0.00000,0.00038,-0.00108,0.00464,-0.00336,-0.42174,0.91658,1,0.00378,-0.00107,-0.05628,0.40966,-0.05911,0.02948,0.04334,1
7.2252,-0.09553,0.01868,0.00293,-0.00067,-0.01219,0.00445,1.64248,-0.00000,0.00000,0.00014,-0.00100,0.00425,-0.00361,-0.42173,0.91655,1,0.00378,-0.00107,-0.05628,0.40966,-0.05911,0.02948,0.04334,1
7.2272,-0.09553,0.01868,0.00290,-0.00066,-0.01189,0.00468,1.64248,-0.00000,0.00000,-0.00010,-0.00091,0.00373,-0.00373,-0.42179,0.91650,1,0.00378,-0.00107,-0.05628,0.40966,-0.05911,0.02948,0.04334,1
7.2292,-0.09553,0.01868,0.00288,-0.00065,-0.01147,0.00480,1.64248,-0.00000,0.00000,-0.00033,-0.00082,0.00308,-0.00372,-0.42176,0.91652,1,0.00378,-0.00107,-0.05628,0.40966,-0.05911,0.02948,0.04334,1
7.2312,-0.09553,0.01868,0.00286,-0.00064,-0.01093,0.00481,1.64248,-0.00000,0.00000,-0.00055,-0.00072,0.00231,-0.00358,-0.42182,0.91649,1,0.00378,-0.00107,-0.05628,0.40966,-0.05911,0.02948,0.04334,1
7.2332,-0.09553,0.01868,0.00284,-0.00063,-0.01028,0.00469,1.64248,-0.00000,0.00000,-0.00076,-0.00063,0.00140,-0.00331,-0.42177,0.91649,1,0.00378,-0.00107,-0.05628,0.40966,-0.05911,0.02948,0.04334,1
7.2352,-0.09553,0.01868,0.00282,-0.00062,-0.00951,0.00446,1.64248,-0.00000,0.00000,-0.00095,-0.00054,0.00037,-0.00292,-0.42180,0.91649,1,0.00378,-0.00107,-0.05628,0.40966,-0.05911,0.02948,0.04334,1
7.2372,-0.09553,0.01868,0.00280,-0.00062,-0.00862,0.00412,1.64248,-0.00000,0.00000,-0.00113,-0.00045,-0.00079,-0.00240,-0.42182,0.91647,1,0.00378,-0.00107,-0.05628,0.40966,-0.05911,0.02948,0.04334,1
7.2392,-0.09553,0.01868,0.00278,-0.00061,-0.00761,0.00365,1.64248,-0.00000,0.00000,-0.00129,-0.00038,-0.00182,-0.00175,-0.42176,0.91652,1,0.00378,-0.00107,-0.05628,0.40966,-0.05911,0.02948,0.04334,1
7.2412,-0.09553,0.01868,0.00277,-0.00060,-0.00673,0.00307,1.64248,-0.00000,0.00000,-0.00143,-0.00031,-0.00272,-0.00097,-0.42176,0.91649,1,0.00378,-0.00107,-0.05628,0.40966,-0.05911,0.02948,0.04334,1
7.2432,-0.09553,0.01868,0.00275,-0.00060,-0.00596,0.00238,1.64248,-0.00000,0.00000,-0.00156,-0.00026,-0.00349,-0.00026,-0.42177,0.91650,1,0.00378,-0.00107,-0.05628,0.40966,-0.05911,0.02948,0.04334,1
7.2452,-0.09553,0.01868,0.00274,-0.00059,-0.00530,0.00174,1.64248,-0.00000,0.00000,-0.00167,-0.00022,-0.00414,0.00033,-0.42179,0.91650,1,0.00378,-0.00107,-0.05628,0.40966,-0.05911,0.02948,0.04334,1
7.2472,-0.09553,0.01868,0.00273,-0.00059,-0.00476,0.00121,1.64248,-0.00000,0.00000,-0.00177,-0.00019,-0.00466,0.00079,-0.42182,0.91651,1,0.00378,-0.00107,-0.05628,0.40966,-0.05911,0.02948,0.04334,1
7.2492,-0.09553,0.01868,0.00272,-0.00059,-0.00434,0.00080,1.64248,-0.00000,0.00000,-0.00186,-0.00017,-0.00505,0.00113,-0.42177,0.91653,1,0.00378,-0.00107,-0.05628,0.40966,-0.05911,0.02948,0.04334,1
7.2512,-0.09553,0.01868,0.00272,-0.00059,-0.00403,0.00051,1.64248,-0.00000,0.00000,-0.00194,-0.00016,-0.00531,0.00133,-0.42177,0.91653,1,0.00378,-0.00107,-0.05628,0.40966,-0.05911,0.02948,0.04334,1
7.2533,-0.09553,0.01868,0.00271,-0.00058,-0.00384,0.00034,1.64248,-0.00000,0.00000,-0.00202,-0.00015,-0.00545,0.00141,-0.42178,0.91654,1,0.00378,-0.00107,-0.05628,0.40966,-0.05911,0.02948,0.04334,1
7.2553,-0.09553,0.01868,0.00270,-0.00058,-0.00377,0.00028,1.64248,-0.00000,0.00000,-0.00209,-0.00014,-0.00545,0.00136,-0.42185,0.91655,1,0.00378,-0.00107,-0.05628,0.40966,-0.05911,0.02948,0.04334,1
7.2573,-0.09553,0.01868,0.00269,-0.00058,-0.00381,0.00033,1.64248,-0.00000,0.00000,-0.00217,-0.00013,-0.00533,0.00118,-0.42184,0.91657,1,0.00378,-0.00107,-0.05628,0.40966,-0.05911,0.02948,0.04334,1
7.2593,-0.09553,0.01868,0.00268,-0.00058,-0.00397,0.00051,1.64248,-0.00000,0.00000,-0.00224,-0.00013,-0.00508,0.00087,-0.42184,0.91657,1,0.00378,-0.00107,-0.05628,0.40966,-0.05911,0.02948,0.04334,1
7.2613,-0.09553,0.01868,0.00268,-0.00058,-0.00424,0.00080,1.64248,-0.00000,0.00000,-0.00232,-0.00011,-0.00471,0.00044,-0.42187,0.91656,1,0.00378,-0.00107,-0.05628,0.40966,-0.05911,0.02948,0.04334,1
7.2633,-0.09553,0.01868,0.00267,-0.00058,-0.00463,0.00120,1.64248,-0.00000,0.00000,-0.00241,-0.00009,-0.00420,-0.00009,-0.42183,0.91659,1,0.00378,-0.00107,-0.05628,0.40966,-0.05911,0.02948,0.04334,1
7.2653,-0.09553,0.01868,0.00266,-0.00058,-0.00514,0.00169,1.64248,-0.00000,0.00000,-0.00251,-0.00007,-0.00357,-0.00050,-0.42183,0.91661,1,0.00378,-0.00107,-0.05628,0.40966,-0.05911,0.02948,0.04334,1
7.2675,-0.09587,0.01854,0.00326,-0.00070,-0.00268,0.00142,1.65471,-0.00000,0.00000,0.00332,-0.00135,-0.00281,-0.00102,-0.42185,0.91659,1,0.00406,-0.00094,-0.05628,0.40966,-0.05911,0.02948,0.04334,1
7.2695,-0.09587,0.01854,0.00325,-0.00070,-0.00343,0.00191,1.65471,-0.00000,0.00000,0.00326,-0.00132,-0.00192,-0.00143,-0.42185,0.91659,1,0.00406,-0.00094,-0.05628,0.40966,-0.05911,0.02948,0.04334,1
7.2715,-0.09587,0.01854,0.00325,-0.00070,-0.00430,0.00229,1.65471,-0.00000,0.00000,0.00318,-0.00128,-0.00090,-0.00170,-0.42185,0.91661,1,0.00406,-0.00094,-0.05628,0.40966,-0.05911,0.02948,0.04334,1
7.2735,-0.09587,0.01854,0.00324,-0.00069,-0.00528,0.00255,1.65471,-0.00000,0.00000,0.00309,-0.00123,0.00025,-0.00184,-0.42188,0.91661,1,0.00406,-0.00094,-0.05628,0.40966,-0.05911,0.02948,0.04334,1
7.2755,-0.09587,0.01854,0.00322,-0.00068,-0.00638,0.00269,1.65471,-0.00000,0.00000,0.00297,-0.00118,0.00152,-0.00186,-0.42181,0.91663,1,0.00406,-0.00094,-0.05628,0.40966,-0.05911,0.02948,0.04334,1
7.2775,-0.09587,0.01854,0.00321,-0.00068,-0.00759,0.00272,1.65471,-0.00000,0.00000,0.00283,-0.00113,0.00283,-0.00175,-0.42181,0.91662,1,0.00406,-0.00094,-0.05628,0.40966,-0.05911,0.02948,0.04334,1
7.2795,-0.09587,0.01854,0.00319,-0.00067,-0.00884,0.00263,1.65471,-0.00000,0.00000,0.00267,-0.00107,0.00402,-0.00151,-0.42181,0.91662,1,0.00406,-0.00094,-0.05628,0.40966,-0.05911,0.02948,0.04334,1
7.2815,-0.09587,0.01854,0.00318,-0.00067,-0.00998,0.00243,1.65471,-0.00000,0.00000,0.00249,-0.00102,0.00508,-0.00115,-0.42174,0.91664,1,0.00406,-0.00094,-0.05628,0.40966,-0.05911,0.02948,0.04334,1
7.2835,-0.09587,0.01854,0.00315,-0.00066,-0.01099,0.00210,1.65471,-0.00000,0.00000,0.00228,-0.00098,0.00601,-0.00091,-0.42174,0.91664,1,0.00406,-0.00094,-0.05628,0.40966,-0.05911,0.02948,0.04334,1
7.2856,-0.09587,0.01854,0.00313,-0.00066,-0.01189,0.00190,1.65471,-0.00000,0.00000,0.00206,-0.00094,0.00681,-0.00080,-0.42170,0.91665,1,0.00406,-0.00094,-0.05628,0.40966,-0.05911,0.02948,0.04334,1
7.2876,-0.09587,0.01854,0.00311,-0.00066,-0.01268,0.00181,1.65471,-0.00000,0.00000,0.00181,-0.00090,0.00748,-0.00081,-0.42164,0.91666,1,0.00406,-0.00094,-0.05628,0.40966,-0.05911,0.02948,0.04334,1
7.2896,-0.09587,0.01854,0.00308,-0.00065,-0.01334,0.00184,1.65471,-0.00000,0.00000,0.00156,-0.00087,0.00802,-0.00087,-0.42164,0.91663,1,0.00406,-0.00094,-0.05628,0.40966,-0.05911,0.02948,0.04334,1
7.2916,-0.09587,0.01854,0.00305,-0.00065,-0.01389,0.00190,1.65471,-0.00000,0.00000,0.00129,-0.00083,0.00844,-0.00083,-0.42166,0.91664,1,0.00406,-0.00094,-0.05628,0.40966,-0.05911,0.02948,0.04334,1
7.2936,-0.09587,0.01854,0.00303,-0.00065,-0.01433,0.00188,1.65471,-0.00000,0.00000,0.00101,-0.00079,0.00873,-0.00079,-0.42161,0.91665,1,0.00406,-0.00094,-0.05628,0.40966,-0.05911,0.02948,0.04334,1
7.2956,-0.09587,0.01854,0.00300,-0.00064,-0.01464,0.00185,1.65471,-0.00000,0.00000,0.00073,-0.00076,0.00889,-0.00076,-0.42158,0.91664,1,0.00406,-0.00094,-0.05628,0.40966,-0.05911,0.02948,0.04334,1
7.2976,-0.09587,0.01854,0.00297,-0.00064,-0.01484,0.00183,1.65471,-0.00000,0.00000,0.00044,-0.00072,0.00893,-0.00072,-0.42159,0.91662,1,0.00406,-0.00094,-0.05628,0.40966,-0.05911,0.02948,0.04334,1
7.2996,-0.09587,0.01854,0.00294,-0.00063,-0.01493,0.00181,1.65471,-0.00000,0.00000,0.00014,-0.00068,0.00883,-0.00068,-0.42161,0.91658,1,0.00406,-0.00094,-0.05628,0.40966,-0.05911,0.02948,0.04334,1
7.3016,-0.09587,0.01854,0.00291,-0.00063,-0.01489,0.00179,1.65471,-0.00000,0.00000,-0.00015,-0.00065,0.00861,-0.00065,-0.42160,0.91659,1,0.00406,-0.00094,-0.05628,0.40966,-0.05911,0.02948,0.04334,1
7.3036,-0.09587,0.01854,0.00288,-0.00063,-0.01474,0.00177,1.65471,-0.00000,0.00000,-0.00044,-0.00061,0.00826,-0.00061,-0.42160,0.91659,1,0.00406,-0.00094,-0.05628,0.40966,-0.05911,0.02948,0.04334,1
7.3056,-0.09587,0.01854,0.00285,-0.00062,-0.01447,0.00175,1.65471,-0.00000,0.00000,-0.00073,-0.00058,0.00778,-0.00058,-0.42158,0.91657,1,0.00406,-0.00094,-0.05628,0.40966,-0.05911,0.02948,0.04334,1
7.3076,-0.09587,0.01854,0.00282,-0.00062,-0.01409,0.00173,1.65471,-0.00000,0.00000,-0.00101,-0.00054,0.00717,-0.00054,-0.42156,0.91654,1,0.00406,-0.00094,-0.05628,0.40966,-0.05911,0.02948,0.04334,1
7.3097,-0.09587,0.01854,0.00279,-0.00062,-0.01358,0.00171,1.65471,-0.00000,0.00000,-0.00128,-0.00051,0.00644,-0.00051,-0.42158,0.91656,1,0.00406,-0.00094,-0.05628,0.40966,-0.05911,0.02948,0.04334,1
7.3117,-0.09587,0.01854,0.00277,-0.00061,-0.01297,0.00169,1.65471,-0.00000,0.00000,-0.00154,-0.00048,0.00557,-0.00048,-0.42157,0.91655,1,0.00406,-0.00094,-0.05628,0.40966,-0.05911,0.02948,0.04334,1
7.3137,-0.09587,0.01854,0.00274,-0.00061,-0.01223,0.00167,1.65471,-0.00000,0.00000,-0.00179,-0.00044,0.00458,-0.00044,-0.42158,0.91649,1,0.00406,-0.00094,-0.05628,0.40966,-0.05911,0.02948,0.04334,1
7.3157,-0.09587,0.01854,0.00272,-0.00061,-0.01138,0.00165,1.65471,-0.00000,0.00000,-0.00202,-0.00041,0.00346,-0.00041,-0.42158,0.91654,1,0.00406,-0.00094,-0.05628,0.40966,-0.05911,0.02948,0.04334,1
7.3177,-0.09587,0.01854,0.00270,-0.00060,-0.01041,0.00163,1.65471,-0.00000,0.00000,-0.00224,-0.00038,0.00222,-0.00038,-0.42165,0.91648,1,0.00406,-0.00094,-0.05628,0.40966,-0.05911,0.02948,0.04334,1
7.3197,-0.09587,0.01854,0.00268,-0.00060,-0.00932,0.00161,1.65471,-0.00000,0.00000,-0.00243,-0.00035,0.00084,-0.00035,-0.42161,0.91649,1,0.00406,-0.00094,-0.05628,0.40966,-0.05911,0.02948,0.04334,1
7.3217,-0.09587,0.01854,0.00266,-0.00060,-0.00812,0.00159,1.65471,-0.00000,0.00000,-0.00260,-0.00032,-0.00066,-0.00032,-0.42163,0.91651,1,0.00406,-0.00094,-0.05628,0.40966,-0.05911,0.02948,0.04334,1
7.3237,-0.09587,0.01854,0.00264,-0.00059,-0.00680,0.00157,1.65471,-0.00000,0.00000,-0.00275,-0.00028,-0.00226,-0.00028,-0.42164,0.91649,1,0.00406,-0.00094,-0.05628,0.40966,-0.05911,0.02948,0.04334,1
7.3257,-0.09587,0.01854,0.00263,-0.00059,-0.00539,0.00156,1.65471,-0.00000,0.00000,-0.00287,-0.00025,-0.00373,-0.00025,-0.42168,0.91647,1,0.00406,-0.00094,-0.05628,0.40966,-0.05911,0.02948,0.04334,1
