t,ex,ey,th_x,th_y,thd_x,thd_y,yaw,vref_x,vref_y,vfb_x,vfb_y,vcmd_x,vcmd_y,tcp_x,tcp_y,dans_cible,th_brut_x,th_brut_y,hx,hy,hdx,hdy,hdyaw,hbouge
0.0001,-0.51464,0.03293,0.00165,0.00150,0.00000,0.00000,1.41427,-0.00000,0.00000,0.01625,0.01473,0.00013,0.00013,0.01256,0.86005,0,0.00165,0.00150,0.00000,0.00000,0.00000,0.00000,0.00000,0
0.0020,-0.51464,0.03293,0.00165,0.00150,-0.00015,-0.00014,1.41427,-0.00014,0.00001,0.01625,0.01472,0.00038,0.00038,0.01261,0.86006,0,0.00165,0.00150,0.00000,0.00000,0.00000,0.00000,0.00000,0
0.0040,-0.51464,0.03293,0.00165,0.00150,-0.00041,-0.00040,1.41427,-0.00029,0.00002,0.01625,0.01472,0.00077,0.00077,0.01261,0.86004,0,0.00165,0.00150,0.00000,0.00000,0.00000,0.00000,0.00000,0
0.0060,-0.51464,0.03293,0.00165,0.00149,-0.00079,-0.00078,1.41427,-0.00043,0.00003,0.01623,0.01471,0.00128,0.00128,0.01257,0.86004,0,0.00165,0.00150,0.00000,0.00000,0.00000,0.00000,0.00000,0
0.0080,-0.51464,0.03293,0.00165,0.00149,-0.00128,-0.00127,1.41427,-0.00057,0.00004,0.01621,0.01469,0.00192,0.00192,0.01254,0.86005,0,0.00165,0.00150,0.00000,0.00000,0.00000,0.00000,0.00000,0
0.0100,-0.51464,0.03293,0.00164,0.00149,-0.00189,-0.00188,1.41427,-0.00071,0.00005,0.01618,0.01466,0.00269,0.00269,0.01258,0.86005,0,0.00165,0.00150,0.00000,0.00000,0.00000,0.00000,0.00000,0
0.0121,-0.51464,0.03293,0.00164,0.00148,-0.00262,-0.00260,1.41427,-0.00086,0.00005,0.01614,0.01461,0.00358,0.00358,0.01257,0.86007,0,0.00165,0.00150,0.00000,0.00000,0.00000,0.00000,0.00000,0
0.0141,-0.51864,0.03428,0.00306,0.00120,-0.00283,-0.00259,1.41334,-0.00100,0.00006,0.02855,0.01239,0.00461,0.00461,0.01256,0.86005,0,0.00450,0.00093,-0.10229,0.45105,0.00082,-0.00046,0.00182,0
0.0161,-0.51864,0.03428,0.00306,0.00120,-0.00381,-0.00355,1.41334,-0.00114,0.00007,0.02849,0.01233,0.00576,0.00576,0.01263,0.86006,0,0.00450,0.00093,-0.10229,0.45105,0.00082,-0.00046,0.00182,0
0.0181,-0.51864,0.03428,0.00305,0.00119,-0.00491,-0.00462,1.41334,-0.00129,0.00008,0.02840,0.01225,0.00704,0.00704,0.01264,0.86004,0,0.00450,0.00093,-0.10229,0.45105,0.00082,-0.00046,0.00182,0
0.0201,-0.51864,0.03428,0.00304,0.00118,-0.00613,-0.00580,1.41334,-0.00143,0.00009,0.02829,0.01214,0.00845,0.00845,0.01266,0.86009,0,0.00450,0.00093,-0.10229,0.45105,0.00082,-0.00046,0.00182,0
0.0221,-0.51864,0.03428,0.00302,0.00117,-0.00747,-0.00710,1.41334,-0.00157,0.00010,0.02816,0.01202,0.00998,0.00998,0.01261,0.86010,0,0.00450,0.00093,-0.10229,0.45105,0.00082,-0.00046,0.00182,0
0.0241,-0.51864,0.03428,0.00301,0.00115,-0.00892,-0.00852,1.41334,-0.00171,0.00011,0.02799,0.01186,0.01158,0.01158,0.01267,0.86013,0,0.00450,0.00093,-0.10229,0.45105,0.00082,-0.00046,0.00182,0
0.0261,-0.51864,0.03428,0.00299,0.00113,-0.01042,-0.00999,1.41334,-0.00186,0.00012,0.02780,0.01168,0.01318,0.01306,0.01268,0.86011,0,0.00450,0.00093,-0.10229,0.45105,0.00082,-0.00046,0.00182,0
0.0281,-0.51864,0.03428,0.00297,0.00111,-0.01193,-0.01135,1.41334,-0.00200,0.00013,0.02758,0.01147,0.01478,0.01440,0.01275,0.86017,0,0.00450,0.00093,-0.10229,0.45105,0.00082,-0.00046,0.00182,0
0.0301,-0.51864,0.03428,0.00294,0.00109,-0.01344,-0.01259,1.41334,-0.00214,0.00014,0.02733,0.01124,0.01638,0.01562,0.01281,0.86018,0,0.00450,0.00093,-0.10229,0.45105,0.00082,-0.00046,0.00182,0
0.0322,-0.51864,0.03428,0.00291,0.00106,-0.01494,-0.01372,1.41334,-0.00229,0.00015,0.02705,0.01098,0.01798,0.01670,0.01279,0.86021,0,0.00450,0.00093,-0.10229,0.45105,0.00082,-0.00046,0.00182,0
0.0342,-0.51864,0.03428,0.00288,0.00103,-0.01645,-0.01472,1.41334,-0.00243,0.00016,0.02674,0.01070,0.01958,0.01766,0.01284,0.86024,0,0.00450,0.00093,-0.10229,0.45105,0.00082,-0.00046,0.00182,0
0.0362,-0.51864,0.03428,0.00285,0.00100,-0.01796,-0.01561,1.41334,-0.00257,0.00016,0.02640,0.01040,0.02118,0.01850,0.01287,0.86025,0,0.00450,0.00093,-0.10229,0.45105,0.00082,-0.00046,0.00182,0
0.0382,-0.51864,0.03428,0.00281,0.00097,-0.01946,-0.01639,1.41334,-0.00272,0.00017,0.02603,0.01008,0.02278,0.01920,0.01288,0.86027,0,0.00450,0.00093,-0.10229,0.45105,0.00082,-0.00046,0.00182,0
0.0402,-0.51864,0.03428,0.00277,0.00094,-0.02096,-0.01704,1.41334,-0.00286,0.00018,0.02563,0.00976,0.02426,0.01978,0.01293,0.86031,0,0.00450,0.00093,-0.10229,0.45105,0.00082,-0.00046,0.00182,0
0.0422,-0.51864,0.03428,0.00273,0.00090,-0.02235,-0.01758,1.41334,-0.00300,0.00019,0.02520,0.00942,0.02560,0.02022,0.01299,0.86032,0,0.00450,0.00093,-0.10229,0.45105,0.00082,-0.00046,0.00182,0
0.0442,-0.51864,0.03428,0.00268,0.00087,-0.02362,-0.01801,1.41334,-0.00314,0.00020,0.02474,0.00907,0.02682,0.02054,0.01302,0.86036,0,0.00450,0.00093,-0.10229,0.45105,0.00082,-0.00046,0.00182,0
0.0462,-0.51864,0.03428,0.00263,0.00083,-0.02477,-0.01831,1.41334,-0.00329,0.00021,0.02427,0.00871,0.02790,0.02074,0.01307,0.86039,0,0.00450,0.00093,-0.10229,0.45105,0.00082,-0.00046,0.00182,0
0.0482,-0.51864,0.03428,0.00258,0.00079,-0.02581,-0.01850,1.41334,-0.00343,0.00022,0.02376,0.00835,0.02886,0.02080,0.01314,0.86042,0,0.00450,0.00093,-0.10229,0.45105,0.00082,-0.00046,0.00182,0
0.0502,-0.51864,0.03428,0.00253,0.00076,-0.02672,-0.01857,1.41334,-0.00357,0.00023,0.02325,0.00798,0.02970,0.02074,0.01315,0.86043,0,0.00450,0.00093,-0.10229,0.45105,0.00082,-0.00046,0.00182,0
0.0522,-0.51864,0.03428,0.00247,0.00072,-0.02752,-0.01853,1.41334,-0.00371,0.00024,0.02271,0.00762,0.03040,0.02054,0.01319,0.86046,0,0.00450,0.00093,-0.10229,0.45105,0.00082,-0.00046,0.00182,0
0.0542,-0.51864,0.03428,0.00242,0.00068,-0.02821,-0.01836,1.41334,-0.00385,0.00025,0.02216,0.00725,0.03098,0.02022,0.01326,0.86051,0,0.00450,0.00093,-0.10229,0.45105,0.00082,-0.00046,0.00182,0
0.0562,-0.51864,0.03428,0.00236,0.00065,-0.02877,-0.01808,1.41334,-0.00400,0.00026,0.02159,0.00690,0.03142,0.01978,0.01331,0.86054,0,0.00450,0.00093,-0.10229,0.45105,0.00082,-0.00046,0.00182,0
0.0582,-0.51864,0.03428,0.00230,0.00061,-0.02922,-0.01769,1.41334,-0.00414,0.00026,0.02102,0.00654,0.03174,0.01920,0.01334,0.86057,0,0.00450,0.00093,-0.10229,0.45105,0.00082,-0.00046,0.00182,0
0.0602,-0.51864,0.03428,0.00224,0.00057,-0.02955,-0.01717,1.41334,-0.00428,0.00027,0.02044,0.00620,0.03194,0.01850,0.01343,0.86063,0,0.00450,0.00093,-0.10229,0.45105,0.00082,-0.00046,0.00182,0
0.0622,-0.51864,0.03428,0.00219,0.00054,-0.02976,-0.01654,1.41334,-0.00442,0.00028,0.01985,0.00587,0.03200,0.01766,0.01353,0.86067,0,0.00450,0.00093,-0.10229,0.45105,0.00082,-0.00046,0.00182,0
0.0642,-0.51864,0.03428,0.00213,0.00051,-0.02986,-0.01580,1.41334,-0.00457,0.00029,0.01926,0.00555,0.03194,0.01670,0.01357,0.86067,0,0.00450,0.00093,-0.10229,0.45105,0.00082,-0.00046,0.00182,0
0.0662,-0.51864,0.03428,0.00207,0.00048,-0.02984,-0.01493,1.41334,-0.00471,0.00030,0.01867,0.00525,0.03174,0.01562,0.01360,0.86070,0,0.00450,0.00093,-0.10229,0.45105,0.00082,-0.00046,0.00182,0
0.0682,-0.51864,0.03428,0.00201,0.00045,-0.02970,-0.01395,1.41334,-0.00485,0.00031,0.01808,0.00497,0.03142,0.01440,0.01369,0.86076,0,0.00450,0.00093,-0.10229,0.45105,0.00082,-0.00046,0.00182,0
0.0702,-0.51864,0.03428,0.00195,0.00042,-0.02944,-0.01285,1.41334,-0.00499,0.00032,0.01749,0.00470,0.03098,0.01306,0.01374,0.86076,0,0.00450,0.00093,-0.10229,0.45105,0.00082,-0.00046,0.00182,0
0.0722,-0.51864,0.03428,0.00189,0.00040,-0.02907,-0.01164,1.41334,-0.00514,0.00033,0.01691,0.00446,0.03040,0.01158,0.01373,0.86078,0,0.00450,0.00093,-0.10229,0.45105,0.00082,-0.00046,0.00182,0
0.0742,-0.51864,0.03428,0.00183,0.00038,-0.02858,-0.01031,1.41334,-0.00528,0.00034,0.01634,0.00425,0.02970,0.00998,0.01380,0.86082,0,0.00450,0.00093,-0.10229,0.45105,0.00082,-0.00046,0.00182,0
0.0762,-0.51864,0.03428,0.00177,0.00036,-0.02797,-0.00886,1.41334,-0.00542,0.00035,0.01578,0.00406,0.02886,0.00838,0.01387,0.86081,0,0.00450,0.00093,-0.10229,0.45105,0.00082,-0.00046,0.00182,0
0.0782,-0.51864,0.03428,0.00172,0.00034,-0.02724,-0.00741,1.41334,-0.00556,0.00036,0.01523,0.00390,0.02790,0.00678,0.01391,0.86085,0,0.00450,0.00093,-0.10229,0.45105,0.00082,-0.00046,0.00182,0
0.0802,-0.51864,0.03428,0.00167,0.00033,-0.02640,-0.00596,1.41334,-0.00571,0.00037,0.01470,0.00377,0.02682,0.00518,0.01395,0.86087,0,0.00450,0.00093,-0.10229,0.45105,0.00082,-0.00046,0.00182,0
0.0822,-0.51864,0.03428,0.00161,0.00032,-0.02544,-0.00451,1.41334,-0.00585,0.00037,0.01419,0.00366,0.02560,0.00371,0.01407,0.86084,0,0.00450,0.00093,-0.10229,0.45105,0.00082,-0.00046,0.00182,0
0.0842,-0.52166,0.03547,0.01029,-0.00131,0.07459,-0.02324,1.41404,-0.00599,0.00038,0.09833,-0.01187,0.02451,0.00211,0.01410,0.86087,0,0.00715,0.00016,-0.10323,0.45047,0.00174,0.00026,0.00440,0
0.0862,-0.52166,0.03547,0.01044,-0.00136,0.07540,-0.02176,1.41404,-0.00614,0.00039,0.09980,-0.01231,0.02355,0.00051,0.01410,0.86087,0,0.00715,0.00016,-0.10323,0.45047,0.00174,0.00026,0.00440,0
0.0882,-0.52166,0.03547,0.01059,-0.00140,0.07608,-0.02028,1.41404,-0.00628,0.00040,0.10129,-0.01273,0.02272,-0.00109,0.01414,0.86089,0,0.00715,0.00016,-0.10323,0.45047,0.00174,0.00026,0.00440,0
0.0902,-0.52166,0.03547,0.01074,-0.00144,0.07664,-0.01880,1.41404,-0.00642,0.00041,0.10279,-0.01311,0.02202,-0.00269,0.01415,0.86090,0,0.00715,0.00016,-0.10323,0.45047,0.00174,0.00026,0.00440,0
0.0922,-0.52166,0.03547,0.01090,-0.00147,0.07709,-0.01732,1.41404,-0.00656,0.00042,0.10430,-0.01347,0.02144,-0.00429,0.01419,0.86090,0,0.00715,0.00016,-0.10323,0.45047,0.00174,0.00026,0.00440,0
0.0943,-0.52166,0.03547,0.01105,-0.00151,0.07741,-0.01584,1.41404,-0.00671,0.00043,0.10581,-0.01379,0.02099,-0.00589,0.01427,0.86089,0,0.00715,0.00016,-0.10323,0.45047,0.00174,0.00026,0.00440,0
0.0963,-0.52166,0.03547,0.01121,-0.00154,0.07762,-0.01436,1.41404,-0.00685,0.00044,0.10733,-0.01409,0.02067,-0.00749,0.01429,0.86090,0,0.00715,0.00016,-0.10323,0.45047,0.00174,0.00026,0.00440,0
0.0983,-0.52166,0.03547,0.01136,-0.00156,0.07771,-0.01287,1.41404,-0.00699,0.00045,0.10885,-0.01436,0.02048,-0.00909,0.01429,0.86089,0,0.00715,0.00016,-0.10323,0.45047,0.00174,0.00026,0.00440,0
0.1003,-0.52166,0.03547,0.01152,-0.00159,0.07768,-0.01139,1.41404,-0.00713,0.00046,0.11038,-0.01460,0.02042,-0.01069,0.01436,0.86089,0,0.00715,0.00016,-0.10323,0.45047,0.00174,0.00026,0.00440,0
0.1023,-0.52166,0.03547,0.01167,-0.00161,0.07753,-0.00991,1.41404,-0.00728,0.00047,0.11190,-0.01481,0.02048,-0.01229,0.01445,0.86086,0,0.00715,0.00016,-0.10323,0.45047,0.00174,0.00026,0.00440,0
0.1043,-0.52166,0.03547,0.01183,-0.00163,0.07726,-0.00842,1.41404,-0.00742,0.00047,0.11342,-0.01499,0.02067,-0.01389,0.01442,0.86085,0,0.00715,0.00016,-0.10323,0.45047,0.00174,0.00026,0.00440,0
0.1063,-0.52166,0.03547,0.01198,-0.00164,0.07687,-0.00694,1.41404,-0.00756,0.00048,0.11493,-0.01514,0.02099,-0.01536,0.01449,0.86084,0,0.00715,0.00016,-0.10323,0.45047,0.00174,0.00026,0.00440,0
0.1083,-0.52166,0.03547,0.01213,-0.00166,0.07636,-0.00557,1.41404,-0.00771,0.00049,0.11643,-0.01526,0.02144,-0.01670,0.01456,0.86079,0,0.00715,0.00016,-0.10323,0.45047,0.00174,0.00026,0.00440,0
0.1103,-0.52166,0.03547,0.01229,-0.00166,0.07573,-0.00432,1.41404,-0.00785,0.00050,0.11792,-0.01536,0.02202,-0.01792,0.01460,0.86078,0,0.00715,0.00016,-0.10323,0.45047,0.00174,0.00026,0.00440,0
0.1123,-0.52166,0.03547,0.01244,-0.00167,0.07499,-0.00319,1.41404,-0.00799,0.00051,0.11939,-0.01543,0.02272,-0.01901,0.01470,0.86074,0,0.00715,0.00016,-0.10323,0.45047,0.00174,0.00026,0.00440,0
0.1144,-0.52166,0.03547,0.01259,-0.00168,0.07412,-0.00217,1.41404,-0.00814,0.00052,0.12086,-0.01548,0.02355,-0.01997,0.01474,0.86070,0,0.00715,0.00016,-0.10323,0.45047,0.00174,0.00026,0.00440,0
0.1164,-0.52166,0.03547,0.01273,-0.00168,0.07314,-0.00126,1.41404,-0.00828,0.00053,0.12230,-0.01551,0.02451,-0.02080,0.01478,0.86067,0,0.00715,0.00016,-0.10323,0.45047,0.00174,0.00026,0.00440,0
0.1184,-0.52166,0.03547,0.01288,-0.00168,0.07203,-0.00048,1.41404,-0.00842,0.00054,0.12372,-0.01553,0.02560,-0.02150,0.01481,0.86065,0,0.00715,0.00016,-0.10323,0.45047,0.00174,0.00026,0.00440,0
0.1204,-0.52166,0.03547,0.01302,-0.00168,0.07081,0.00019,1.41404,-0.00856,0.00055,0.12512,-0.01553,0.02682,-0.02208,0.01490,0.86064,0,0.00715,0.00016,-0.10323,0.45047,0.00174,0.00026,0.00440,0
0.1224,-0.52166,0.03547,0.01316,-0.00168,0.06947,0.00075,1.41404,-0.00871,0.00056,0.12649,-0.01552,0.02816,-0.02253,0.01494,0.86058,0,0.00715,0.00016,-0.10323,0.45047,0.00174,0.00026,0.00440,0
0.1244,-0.52166,0.03547,0.01330,-0.00168,0.06801,0.00118,1.41404,-0.00885,0.00057,0.12784,-0.01550,0.02963,-0.02285,0.01499,0.86053,0,0.00715,0.00016,-0.10323,0.45047,0.00174,0.00026,0.00440,0
0.1264,-0.52166,0.03547,0.01343,-0.00168,0.06643,0.00150,1.41404,-0.00899,0.00058,0.12915,-0.01548,0.03123,-0.02304,0.01511,0.86052,0,0.00715,0.00016,-0.10323,0.45047,0.00174,0.00026,0.00440,0
0.1284,-0.52166,0.03547,0.01357,-0.00167,0.06474,0.00171,1.41404,-0.00914,0.00058,0.13044,-0.01545,0.03283,-0.02310,0.01516,0.86045,0,0.00715,0.00016,-0.10323,0.45047,0.00174,0.00026,0.00440,0
0.1304,-0.52166,0.03547,0.01369,-0.00167,0.06304,0.00180,1.41404,-0.00928,0.00059,0.13169,-0.01541,0.03443,-0.02304,0.01521,0.86040,0,0.00715,0.00016,-0.10323,0.45047,0.00174,0.00026,0.00440,0
0.1324,-0.52166,0.03547,0.01382,-0.00167,0.06133,0.00177,1.41404,-0.00942,0.00060,0.13290,-0.01538,0.03603,-0.02285,0.01526,0.86039,0,0.00715,0.00016,-0.10323,0.45047,0.00174,0.00026,0.00440,0
0.1344,-0.52166,0.03547,0.01394,-0.00166,0.05963,0.00162,1.41404,-0.00957,0.00061,0.13409,-0.01534,0.03763,-0.02253,0.01531,0.86035,0,0.00715,0.00016,-0.10323,0.45047,0.00174,0.00026,0.00440,0
0.1364,-0.52166,0.03547,0.01406,-0.00166,0.05793,0.00136,1.41404,-0.00971,0.00062,0.13523,-0.01531,0.03923,-0.02208,0.01540,0.86030,0,0.00715,0.00016,-0.10323,0.45047,0.00174,0.00026,0.00440,0
0.1385,-0.52166,0.03547,0.01417,-0.00166,0.05622,0.00098,1.41404,-0.00985,0.00063,0.13635,-0.01529,0.04083,-0.02150,0.01557,0.86025,0,0.00715,0.00016,-0.10323,0.45047,0.00174,0.00026,0.00440,0
0.1405,-0.52166,0.03547,0.01428,-0.00166,0.05451,0.00049,1.41404,-0.00999,0.00064,0.13743,-0.01527,0.04243,-0.02080,0.01557,0.86025,0,0.00715,0.00016,-0.10323,0.45047,0.00174,0.00026,0.00440,0
0.1425,-0.52166,0.03547,0.01439,-0.00166,0.05280,-0.00012,1.41404,-0.01014,0.00065,0.13848,-0.01527,0.04403,-0.01997,0.01565,0.86019,0,0.00715,0.00016,-0.10323,0.45047,0.00174,0.00026,0.00440,0
0.1445,-0.52166,0.03547,0.01449,-0.00166,0.05108,-0.00085,1.41404,-0.01028,0.00066,0.13949,-0.01528,0.04563,-0.01901,0.01572,0.86017,0,0.00715,0.00016,-0.10323,0.45047,0.00174,0.00026,0.00440,0
0.1465,-0.52166,0.03547,0.01459,-0.00166,0.04937,-0.00169,1.41404,-0.01042,0.00067,0.14047,-0.01530,0.04723,-0.01792,0.01594,0.86009,0,0.00715,0.00016,-0.10323,0.45047,0.00174,0.00026,0.00440,0
0.1485,-0.52333,0.03731,0.00967,-0.00100,0.01446,0.00395,1.41537,-0.01056,0.00068,0.09132,-0.00808,0.04883,-0.01670,0.01602,0.86008,0,0.00795,-0.00115,-0.10133,0.44932,-0.00075,0.00113,0.00306,0
0.1505,-0.52333,0.03731,0.00969,-0.00099,0.01283,0.00286,1.41537,-0.01071,0.00069,0.09158,-0.00801,0.05043,-0.01536,0.01602,0.86008,0,0.00795,-0.00115,-0.10133,0.44932,-0.00075,0.00113,0.00306,0
0.1525,-0.52333,0.03731,0.00972,-0.00099,0.01120,0.00166,1.41537,-0.01085,0.00069,0.09180,-0.00797,0.05203,-0.01389,0.01608,0.86002,0,0.00795,-0.00115,-0.10133,0.44932,-0.00075,0.00113,0.00306,0
0.1545,-0.52333,0.03731,0.00974,-0.00099,0.00957,0.00034,1.41537,-0.01099,0.00070,0.09200,-0.00795,0.05363,-0.01229,0.01622,0.86000,0,0.00795,-0.00115,-0.10133,0.44932,-0.00075,0.00113,0.00306,0
0.1565,-0.52333,0.03731,0.00976,-0.00099,0.00795,-0.00110,1.41537,-0.01113,0.00071,0.09216,-0.00795,0.05523,-0.01069,0.01628,0.85997,0,0.00795,-0.00115,-0.10133,0.44932,-0.00075,0.00113,0.00306,0
0.1585,-0.52333,0.03731,0.00977,-0.00099,0.00632,-0.00253,1.41537,-0.01128,0.00072,0.09230,-0.00799,0.05683,-0.00909,0.01639,0.85995,0,0.00795,-0.00115,-0.10133,0.44932,-0.00075,0.00113,0.00306,0
0.1605,-0.52333,0.03731,0.00978,-0.00100,0.00469,-0.00397,1.41537,-0.01142,0.00073,0.09239,-0.00805,0.05843,-0.00749,0.01651,0.85994,0,0.00795,-0.00115,-0.10133,0.44932,-0.00075,0.00113,0.00306,0
0.1625,-0.52333,0.03731,0.00979,-0.00101,0.00306,-0.00541,1.41537,-0.01156,0.00074,0.09246,-0.00814,0.06003,-0.00602,0.01655,0.85991,0,0.00795,-0.00115,-0.10133,0.44932,-0.00075,0.00113,0.00306,0
0.1645,-0.52333,0.03731,0.00979,-0.00102,0.00143,-0.00673,1.41537,-0.01171,0.00075,0.09250,-0.00826,0.06163,-0.00467,0.01673,0.85989,0,0.00795,-0.00115,-0.10133,0.44932,-0.00075,0.00113,0.00306,0
0.1665,-0.52333,0.03731,0.00979,-0.00104,-0.00020,-0.00793,1.41537,-0.01185,0.00076,0.09250,-0.00841,0.06323,-0.00346,0.01673,0.85989,0,0.00795,-0.00115,-0.10133,0.44932,-0.00075,0.00113,0.00306,0
0.1685,-0.52333,0.03731,0.00979,-0.00105,-0.00183,-0.00902,1.41537,-0.01199,0.00077,0.09247,-0.00857,0.06483,-0.00237,0.01689,0.85986,0,0.00795,-0.00115,-0.10133,0.44932,-0.00075,0.00113,0.00306,0
0.1706,-0.52333,0.03731,0.00979,-0.00107,-0.00346,-0.00999,1.41537,-0.01213,0.00078,0.09241,-0.00876,0.06643,-0.00141,0.01699,0.85985,0,0.00795,-0.00115,-0.10133,0.44932,-0.00075,0.00113,0.00306,0
0.1726,-0.52333,0.03731,0.00978,-0.00109,-0.00509,-0.01084,1.41537,-0.01228,0.00079,0.09231,-0.00896,0.06803,-0.00058,0.01712,0.85985,0,0.00795,-0.00115,-0.10133,0.44932,-0.00075,0.00113,0.00306,0
0.1746,-0.52333,0.03731,0.00977,-0.00111,-0.00672,-0.01158,1.41537,-0.01242,0.00079,0.09219,-0.00918,0.06963,0.00013,0.01720,0.85983,0,0.00795,-0.00115,-0.10133,0.44932,-0.00075,0.00113,0.00306,0
0.1766,-0.52333,0.03731,0.00975,-0.00114,-0.00834,-0.01220,1.41537,-0.01256,0.00080,0.09203,-0.00942,0.07123,0.00070,0.01730,0.85983,0,0.00795,-0.00115,-0.10133,0.44932,-0.00075,0.00113,0.00306,0
0.1786,-0.52333,0.03731,0.00973,-0.00116,-0.00997,-0.01270,1.41537,-0.01271,0.00081,0.09184,-0.00966,0.07283,0.00115,0.01749,0.85983,0,0.00795,-0.00115,-0.10133,0.44932,-0.00075,0.00113,0.00306,0
0.1806,-0.52333,0.03731,0.00971,-0.00119,-0.01160,-0.01308,1.41537,-0.01285,0.00082,0.09162,-0.00991,0.07443,0.00147,0.01761,0.85982,0,0.00795,-0.00115,-0.10133,0.44932,-0.00075,0.00113,0.00306,0
0.1826,-0.52333,0.03731,0.00969,-0.00122,-0.01323,-0.01335,1.41537,-0.01299,0.00083,0.09136,-0.01017,0.07603,0.00166,0.01790,0.85981,0,0.00795,-0.00115,-0.10133,0.44932,-0.00075,0.00113,0.00306,0
0.1846,-0.52333,0.03731,0.00966,-0.00124,-0.01485,-0.01351,1.41537,-0.01313,0.00084,0.09108,-0.01044,0.07763,0.00173,0.01790,0.85981,0,0.00795,-0.00115,-0.10133,0.44932,-0.00075,0.00113,0.00306,0
0.1866,-0.52333,0.03731,0.00963,-0.00127,-0.01648,-0.01354,1.41537,-0.01328,0.00085,0.09076,-0.01070,0.07910,0.00166,0.01820,0.85983,0,0.00795,-0.00115,-0.10133,0.44932,-0.00075,0.00113,0.00306,0
0.1886,-0.52333,0.03731,0.00959,-0.00130,-0.01799,-0.01346,1.41537,-0.01342,0.00086,0.09041,-0.01097,0.08045,0.00147,0.01835,0.85982,0,0.00795,-0.00115,-0.10133,0.44932,-0.00075,0.00113,0.00306,0
0.1906,-0.52333,0.03731,0.00956,-0.00132,-0.01938,-0.01326,1.41537,-0.01356,0.00087,0.09003,-0.01123,0.08166,0.00115,0.01849,0.85982,0,0.00795,-0.00115,-0.10133,0.44932,-0.00075,0.00113,0.00306,0
0.1926,-0.52333,0.03731,0.00952,-0.00135,-0.02066,-0.01295,1.41537,-0.01371,0.00088,0.08962,-0.01149,0.08275,0.00070,0.01849,0.85982,0,0.00795,-0.00115,-0.10133,0.44932,-0.00075,0.00113,0.00306,0
0.1947,-0.52333,0.03731,0.00947,-0.00137,-0.02181,-0.01251,1.41537,-0.01385,0.00089,0.08919,-0.01174,0.08371,0.00013,0.01883,0.85984,0,0.00795,-0.00115,-0.10133,0.44932,-0.00075,0.00113,0.00306,0
0.1967,-0.52333,0.03731,0.00943,-0.00140,-0.02285,-0.01197,1.41537,-0.01399,0.00090,0.08874,-0.01198,0.08454,-0.00058,0.01883,0.85984,0,0.00795,-0.00115,-0.10133,0.44932,-0.00075,0.00113,0.00306,0
0.1987,-0.52333,0.03731,0.00938,-0.00142,-0.02378,-0.01130,1.41537,-0.01413,0.00090,0.08827,-0.01221,0.08525,-0.00141,0.01917,0.85986,0,0.00795,-0.00115,-0.10133,0.44932,-0.00075,0.00113,0.00306,0
0.2007,-0.52333,0.03731,0.00933,-0.00144,-0.02458,-0.01052,1.41537,-0.01428,0.00091,0.08779,-0.01242,0.08582,-0.00237,0.01917,0.85986,0,0.00795,-0.00115,-0.10133,0.44932,-0.00075,0.00113,0.00306,0
0.2027,-0.52333,0.03731,0.00928,-0.00146,-0.02527,-0.00962,1.41537,-0.01442,0.00092,0.08728,-0.01262,0.08627,-0.00346,0.01937,0.85984,0,0.00795,-0.00115,-0.10133,0.44932,-0.00075,0.00113,0.00306,0
0.2047,-0.52333,0.03731,0.00923,-0.00148,-0.02584,-0.00860,1.41537,-0.01456,0.00093,0.08677,-0.01280,0.08659,-0.00467,0.01963,0.85984,0,0.00795,-0.00115,-0.10133,0.44932,-0.00075,0.00113,0.00306,0
0.2067,-0.52333,0.03731,0.00918,-0.00150,-0.02630,-0.00747,1.41537,-0.01471,0.00094,0.08624,-0.01295,0.08678,-0.00602,0.01977,0.85982,0,0.00795,-0.00115,-0.10133,0.44932,-0.00075,0.00113,0.00306,0
0.2087,-0.52333,0.03731,0.00913,-0.00151,-0.02664,-0.00622,1.41537,-0.01485,0.00095,0.08571,-0.01309,0.08685,-0.00749,0.01994,0.85983,0,0.00795,-0.00115,-0.10133,0.44932,-0.00075,0.00113,0.00306,0
0.2107,-0.52333,0.03731,0.00907,-0.00152,-0.02686,-0.00486,1.41537,-0.01499,0.00096,0.08517,-0.01320,0.08678,-0.00909,0.02013,0.85982,0,0.00795,-0.00115,-0.10133,0.44932,-0.00075,0.00113,0.00306,0
0.2128,-0.52371,0.03615,0.00725,-0.00090,-0.03690,-0.00244,1.41718,-0.01514,0.00097,0.06711,-0.00757,0.08659,-0.01056,0.02032,0.85982,0,0.00784,-0.00035,-0.11035,0.45025,0.00915,0.00179,-0.00160,1
0.2148,-0.52371,0.03615,0.00718,-0.00091,-0.03686,-0.00109,1.41718,-0.01528,0.00098,0.06637,-0.00760,0.08627,-0.01190,0.02042,0.85980,0,0.00784,-0.00035,-0.11035,0.45025,0.00915,0.00179,-0.00160,1
0.2168,-0.52371,0.03615,0.00711,-0.00091,-0.03669,0.00015,1.41718,-0.01542,0.00099,0.06563,-0.00761,0.08582,-0.01312,0.02057,0.85975,0,0.00784,-0.00035,-0.11035,0.45025,0.00915,0.00179,-0.00160,1
0.2188,-0.52371,0.03615,0.00703,-0.00091,-0.03641,0.00127,1.41718,-0.01557,0.00100,0.06490,-0.00760,0.08525,-0.01421,0.02067,0.85973,0,0.00784,-0.00035,-0.11035,0.45025,0.00915,0.00179,-0.00160,1
0.2208,-0.52371,0.03615,0.00696,-0.00090,-0.03601,0.00228,1.41718,-0.01571,0.00101,0.06418,-0.00756,0.08454,-0.01517,0.02083,0.85968,0,0.00784,-0.00035,-0.11035,0.45025,0.00915,0.00179,-0.00160,1
0.2228,-0.52371,0.03615,0.00689,-0.00090,-0.03549,0.00317,1.41718,-0.01585,0.00101,0.06346,-0.00751,0.08371,-0.01600,0.02094,0.85964,0,0.00784,-0.00035,-0.11035,0.45025,0.00915,0.00179,-0.00160,1
0.2248,-0.52371,0.03615,0.00682,-0.00089,-0.03486,0.00394,1.41718,-0.01599,0.00102,0.06275,-0.00744,0.08275,-0.01670,0.02108,0.85961,0,0.00784,-0.00035,-0.11035,0.45025,0.00915,0.00179,-0.00160,1
0.2268,-0.52371,0.03615,0.00675,-0.00088,-0.03410,0.00459,1.41718,-0.01614,0.00103,0.06206,-0.00735,0.08166,-0.01728,0.02123,0.85959,0,0.00784,-0.00035,-0.11035,0.45025,0.00915,0.00179,-0.00160,1
0.2288,-0.52371,0.03615,0.00668,-0.00087,-0.03323,0.00513,1.41718,-0.01628,0.00104,0.06139,-0.00725,0.08045,-0.01773,0.02136,0.85957,0,0.00784,-0.00035,-0.11035,0.45025,0.00915,0.00179,-0.00160,1
0.2308,-0.52371,0.03615,0.00662,-0.00086,-0.03225,0.00556,1.41718,-0.01642,0.00105,0.06073,-0.00715,0.07910,-0.01805,0.02153,0.85951,0,0.00784,-0.00035,-0.11035,0.45025,0.00915,0.00179,-0.00160,1
0.2328,-0.52371,0.03615,0.00655,-0.00085,-0.03114,0.00586,1.41718,-0.01657,0.00106,0.06009,-0.00704,0.07763,-0.01824,0.02166,0.85952,0,0.00784,-0.00035,-0.11035,0.45025,0.00915,0.00179,-0.00160,1
0.2349,-0.52371,0.03615,0.00649,-0.00084,-0.02992,0.00605,1.41718,-0.01671,0.00107,0.05948,-0.00692,0.07603,-0.01830,0.02181,0.85946,0,0.00784,-0.00035,-0.11035,0.45025,0.00915,0.00179,-0.00160,1
0.2369,-0.52371,0.03615,0.00643,-0.00083,-0.02858,0.00612,1.41718,-0.01685,0.00108,0.05889,-0.00680,0.07443,-0.01824,0.02195,0.85942,0,0.00784,-0.00035,-0.11035,0.45025,0.00915,0.00179,-0.00160,1
0.2389,-0.52371,0.03615,0.00638,-0.00081,-0.02724,0.00608,1.41718,-0.01700,0.00109,0.05833,-0.00668,0.07283,-0.01805,0.02206,0.85938,0,0.00784,-0.00035,-0.11035,0.45025,0.00915,0.00179,-0.00160,1
0.2409,-0.52371,0.03615,0.00633,-0.00080,-0.02590,0.00592,1.41718,-0.01714,0.00110,0.05779,-0.00656,0.07123,-0.01773,0.02215,0.85937,0,0.00784,-0.00035,-0.11035,0.45025,0.00915,0.00179,-0.00160,1
0.2429,-0.52371,0.03615,0.00628,-0.00079,-0.02455,0.00564,1.41718,-0.01728,0.00111,0.05728,-0.00644,0.06963,-0.01728,0.02233,0.85935,0,0.00784,-0.00035,-0.11035,0.45025,0.00915,0.00179,-0.00160,1
0.2449,-0.52371,0.03615,0.00623,-0.00078,-0.02321,0.00525,1.41718,-0.01742,0.00111,0.05680,-0.00633,0.06803,-0.01670,0.02246,0.85931,0,0.00784,-0.00035,-0.11035,0.45025,0.00915,0.00179,-0.00160,1
0.2469,-0.52371,0.03615,0.00618,-0.00077,-0.02186,0.00474,1.41718,-0.01757,0.00112,0.05634,-0.00624,0.06643,-0.01600,0.02254,0.85925,0,0.00784,-0.00035,-0.11035,0.45025,0.00915,0.00179,-0.00160,1
0.2489,-0.52371,0.03615,0.00614,-0.00076,-0.02052,0.00411,1.41718,-0.01771,0.00113,0.05591,-0.00615,0.06483,-0.01517,0.02266,0.85921,0,0.00784,-0.00035,-0.11035,0.45025,0.00915,0.00179,-0.00160,1
0.2509,-0.52371,0.03615,0.00610,-0.00075,-0.01917,0.00337,1.41718,-0.01785,0.00114,0.05550,-0.00607,0.06323,-0.01421,0.02281,0.85918,0,0.00784,-0.00035,-0.11035,0.45025,0.00915,0.00179,-0.00160,1
0.2530,-0.52371,0.03615,0.00606,-0.00075,-0.01783,0.00251,1.41718,-0.01800,0.00115,0.05512,-0.00601,0.06163,-0.01312,0.02294,0.85916,0,0.00784,-0.00035,-0.11035,0.45025,0.00915,0.00179,-0.00160,1
0.2549,-0.52371,0.03615,0.00603,-0.00074,-0.01648,0.00154,1.41718,-0.01814,0.00116,0.05477,-0.00597,0.06003,-0.01190,0.02305,0.85915,0,0.00784,-0.00035,-0.11035,0.45025,0.00915,0.00179,-0.00160,1
0.2569,-0.52371,0.03615,0.00600,-0.00074,-0.01513,0.00044,1.41718,-0.01828,0.00117,0.05445,-0.00595,0.05843,-0.01056,0.02316,0.85910,0,0.00784,-0.00035,-0.11035,0.45025,0.00915,0.00179,-0.00160,1
0.2590,-0.52371,0.03615,0.00597,-0.00074,-0.01378,-0.00077,1.41718,-0.01842,0.00118,0.05415,-0.00595,0.05683,-0.00909,0.02329,0.85906,0,0.00784,-0.00035,-0.11035,0.45025,0.00915,0.00179,-0.00160,1
0.2610,-0.52371,0.03615,0.00594,-0.00075,-0.01243,-0.00209,1.41718,-0.01857,0.00119,0.05387,-0.00598,0.05523,-0.00749,0.02342,0.85907,0,0.00784,-0.00035,-0.11035,0.45025,0.00915,0.00179,-0.00160,1
0.2630,-0.52371,0.03615,0.00592,-0.00075,-0.01109,-0.00353,1.41718,-0.01871,0.00120,0.05363,-0.00604,0.05363,-0.00589,0.02351,0.85904,0,0.00784,-0.00035,-0.11035,0.45025,0.00915,0.00179,-0.00160,1
0.2650,-0.52371,0.03615,0.00590,-0.00076,-0.00974,-0.00497,1.41718,-0.01885,0.00121,0.05341,-0.00612,0.05203,-0.00442,0.02363,0.85902,0,0.00784,-0.00035,-0.11035,0.45025,0.00915,0.00179,-0.00160,1
0.2670,-0.52371,0.03615,0.00588,-0.00077,-0.00839,-0.00630,1.41718,-0.01900,0.00122,0.05321,-0.00623,0.05043,-0.00307,0.02379,0.85900,0,0.00784,-0.00035,-0.11035,0.45025,0.00915,0.00179,-0.00160,1
0.2690,-0.52371,0.03615,0.00586,-0.00078,-0.00704,-0.00750,1.41718,-0.01914,0.00122,0.05305,-0.00636,0.04883,-0.00186,0.02386,0.85898,0,0.00784,-0.00035,-0.11035,0.45025,0.00915,0.00179,-0.00160,1
0.2710,-0.52371,0.03615,0.00585,-0.00080,-0.00569,-0.00860,1.41718,-0.01928,0.00123,0.05291,-0.00652,0.04723,-0.00077,0.02403,0.85897,0,0.00784,-0.00035,-0.11035,0.45025,0.00915,0.00179,-0.00160,1
0.2730,-0.52371,0.03615,0.00584,-0.00082,-0.00434,-0.00957,1.41718,-0.01943,0.00124,0.05279,-0.00670,0.04563,0.00019,0.02412,0.85895,0,0.00784,-0.00035,-0.11035,0.45025,0.00915,0.00179,-0.00160,1
0.2750,-0.52371,0.03615,0.00583,-0.00084,-0.00299,-0.01043,1.41718,-0.01957,0.00125,0.05270,-0.00689,0.04403,0.00102,0.02422,0.85893,0,0.00784,-0.00035,-0.11035,0.45025,0.00915,0.00179,-0.00160,1
0.2770,-0.52371,0.03615,0.00583,-0.00086,-0.00163,-0.01117,1.41718,-0.01971,0.00126,0.05264,-0.00711,0.04243,0.00173,0.02431,0.85892,0,0.00784,-0.00035,-0.11035,0.45025,0.00915,0.00179,-0.00160,1
0.2790,-0.52371,0.03615,0.00583,-0.00088,-0.00028,-0.01179,1.41718,-0.01985,0.00127,0.05261,-0.00733,0.04083,0.00230,0.02445,0.85896,0,0.00784,-0.00035,-0.11035,0.45025,0.00915,0.00179,-0.00160,1
0.2810,-0.52371,0.03615,0.00583,-0.00091,0.00107,-0.01230,1.41718,-0.02000,0.00128,0.05260,-0.00757,0.03923,0.00275,0.02458,0.85896,0,0.00784,-0.00035,-0.11035,0.45025,0.00915,0.00179,-0.00160,1
0.2830,-0.52163,0.03623,0.00488,-0.00082,-0.00114,-0.01215,1.41298,-0.02014,0.00129,0.04411,-0.00667,0.03763,0.00307,0.02465,0.85894,0,0.00503,-0.00069,-0.11738,0.45102,0.01641,0.00247,-0.00132,1
0.2850,-0.52163,0.03623,0.00488,-0.00084,0.00023,-0.01243,1.41298,-0.02028,0.00130,0.04409,-0.00691,0.03603,0.00326,0.02475,0.85898,0,0.00503,-0.00069,-0.11738,0.45102,0.01641,0.00247,-0.00132,1
0.2870,-0.52163,0.03623,0.00488,-0.00087,0.00159,-0.01259,1.41298,-0.02042,0.00131,0.04409,-0.00715,0.03443,0.00333,0.02487,0.85895,0,0.00503,-0.00069,-0.11738,0.45102,0.01641,0.00247,-0.00132,1
0.2890,-0.52163,0.03623,0.00489,-0.00089,0.00296,-0.01263,1.41298,-0.02056,0.00132,0.04412,-0.00740,0.03283,0.00326,0.02494,0.85895,0,0.00503,-0.00069,-0.11738,0.45102,0.01641,0.00247,-0.00132,1
0.2910,-0.52163,0.03623,0.00490,-0.00092,0.00433,-0.01256,1.41298,-0.02071,0.00132,0.04417,-0.00765,0.03123,0.00307,0.02504,0.85897,0,0.00503,-0.00069,-0.11738,0.45102,0.01641,0.00247,-0.00132,1
0.2930,-0.52163,0.03623,0.00491,-0.00094,0.00569,-0.01236,1.41298,-0.02085,0.00133,0.04426,-0.00789,0.02963,0.00275,0.02512,0.85898,0,0.00503,-0.00069,-0.11738,0.45102,0.01641,0.00247,-0.00132,1
0.2950,-0.52163,0.03623,0.00492,-0.00097,0.00706,-0.01206,1.41298,-0.02099,0.00134,0.04437,-0.00813,0.02803,0.00230,0.02522,0.85901,0,0.00503,-0.00069,-0.11738,0.45102,0.01641,0.00247,-0.00132,1
0.2970,-0.52163,0.03623,0.00493,-0.00099,0.00843,-0.01163,1.41298,-0.02113,0.00135,0.04450,-0.00836,0.02643,0.00173,0.02532,0.85902,0,0.00503,-0.00069,-0.11738,0.45102,0.01641,0.00247,-0.00132,1
0.2990,-0.52163,0.03623,0.00495,-0.00102,0.00979,-0.01109,1.41298,-0.02128,0.00136,0.04466,-0.00859,0.02483,0.00102,0.02535,0.85897,0,0.00503,-0.00069,-0.11738,0.45102,0.01641,0.00247,-0.00132,1
0.3010,-0.52163,0.03623,0.00497,-0.00104,0.01116,-0.01043,1.41298,-0.02142,0.00137,0.04485,-0.00880,0.02336,0.00019,0.02544,0.85903,0,0.00503,-0.00069,-0.11738,0.45102,0.01641,0.00247,-0.00132,1
0.3030,-0.52163,0.03623,0.00500,-0.00106,0.01241,-0.00966,1.41298,-0.02156,0.00138,0.04507,-0.00899,0.02202,-0.00077,0.02554,0.85902,0,0.00503,-0.00069,-0.11738,0.45102,0.01641,0.00247,-0.00132,1
0.3051,-0.52163,0.03623,0.00502,-0.00108,0.01354,-0.00876,1.41298,-0.02170,0.00139,0.04531,-0.00917,0.02080,-0.00186,0.02557,0.85902,0,0.00503,-0.00069,-0.11738,0.45102,0.01641,0.00247,-0.00132,1
0.3071,-0.52163,0.03623,0.00505,-0.00109,0.01456,-0.00775,1.41298,-0.02185,0.00140,0.04556,-0.00934,0.01971,-0.00307,0.02568,0.85904,0,0.00503,-0.00069,-0.11738,0.45102,0.01641,0.00247,-0.00132,1
0.3091,-0.52163,0.03623,0.00508,-0.00111,0.01545,-0.00663,1.41298,-0.02199,0.00141,0.04584,-0.00948,0.01875,-0.00442,0.02566,0.85901,0,0.00503,-0.00069,-0.11738,0.45102,0.01641,0.00247,-0.00132,1
0.3111,-0.52163,0.03623,0.00511,-0.00112,0.01624,-0.00539,1.41298,-0.02213,0.00142,0.04614,-0.00959,0.01792,-0.00589,0.02576,0.85900,0,0.00503,-0.00069,-0.11738,0.45102,0.01641,0.00247,-0.00132,1
0.3131,-0.52163,0.03623,0.00515,-0.00113,0.01690,-0.00403,1.41298,-0.02227,0.00143,0.04644,-0.00968,0.01722,-0.00749,0.02584,0.85900,0,0.00503,-0.00069,-0.11738,0.45102,0.01641,0.00247,-0.00132,1
0.3151,-0.52163,0.03623,0.00518,-0.00113,0.01745,-0.00255,1.41298,-0.02242,0.00143,0.04676,-0.00975,0.01664,-0.00896,0.02585,0.85901,0,0.00503,-0.00069,-0.11738,0.45102,0.01641,0.00247,-0.00132,1
0.3171,-0.52163,0.03623,0.00522,-0.00114,0.01788,-0.00120,1.41298,-0.02256,0.00144,0.04709,-0.00978,0.01619,-0.01030,0.02591,0.85900,0,0.00503,-0.00069,-0.11738,0.45102,0.01641,0.00247,-0.00132,1
0.3191,-0.52163,0.03623,0.00525,-0.00114,0.01819,0.00005,1.41298,-0.02270,0.00145,0.04743,-0.00979,0.01587,-0.01152,0.02593,0.85896,0,0.00503,-0.00069,-0.11738,0.45102,0.01641,0.00247,-0.00132,1
0.3211,-0.52163,0.03623,0.00529,-0.00114,0.01839,0.00117,1.41298,-0.02284,0.00146,0.04777,-0.00978,0.01568,-0.01261,0.02603,0.85893,0,0.00503,-0.00069,-0.11738,0.45102,0.01641,0.00247,-0.00132,1
0.3231,-0.52163,0.03623,0.00533,-0.00113,0.01847,0.00218,1.41298,-0.02298,0.00147,0.04812,-0.00975,0.01562,-0.01357,0.02607,0.85895,0,0.00503,-0.00069,-0.11738,0.45102,0.01641,0.00247,-0.00132,1
0.3251,-0.52163,0.03623,0.00536,-0.00113,0.01843,0.00307,1.41298,-0.02313,0.00148,0.04846,-0.00969,0.01568,-0.01440,0.02616,0.85892,0,0.00503,-0.00069,-0.11738,0.45102,0.01641,0.00247,-0.00132,1
0.3271,-0.52163,0.03623,0.00540,-0.00112,0.01828,0.00385,1.41298,-0.02327,0.00149,0.04880,-0.00962,0.01587,-0.01510,0.02614,0.85886,0,0.00503,-0.00069,-0.11738,0.45102,0.01641,0.00247,-0.00132,1
0.3291,-0.52163,0.03623,0.00544,-0.00111,0.01800,0.00451,1.41298,-0.02341,0.00150,0.04914,-0.00954,0.01619,-0.01568,0.02618,0.85884,0,0.00503,-0.00069,-0.11738,0.45102,0.01641,0.00247,-0.00132,1
0.3311,-0.52163,0.03623,0.00547,-0.00110,0.01761,0.00505,1.41298,-0.02355,0.00151,0.04947,-0.00945,0.01664,-0.01613,0.02623,0.85879,0,0.00503,-0.00069,-0.11738,0.45102,0.01641,0.00247,-0.00132,1
0.3331,-0.52163,0.03623,0.00551,-0.00109,0.01711,0.00548,1.41298,-0.02370,0.00152,0.04980,-0.00934,0.01722,-0.01645,0.02625,0.85872,0,0.00503,-0.00069,-0.11738,0.45102,0.01641,0.00247,-0.00132,1
0.3351,-0.52163,0.03623,0.00554,-0.00108,0.01649,0.00579,1.41298,-0.02384,0.00153,0.05011,-0.00923,0.01792,-0.01664,0.02633,0.85871,0,0.00503,-0.00069,-0.11738,0.45102,0.01641,0.00247,-0.00132,1
0.3371,-0.52163,0.03623,0.00557,-0.00107,0.01575,0.00598,1.41298,-0.02398,0.00153,0.05041,-0.00911,0.01875,-0.01670,0.02639,0.85870,0,0.00503,-0.00069,-0.11738,0.45102,0.01641,0.00247,-0.00132,1
0.3391,-0.52163,0.03623,0.00560,-0.00106,0.01489,0.00606,1.41298,-0.02412,0.00154,0.05069,-0.00899,0.01971,-0.01664,0.02642,0.85866,0,0.00503,-0.00069,-0.11738,0.45102,0.01641,0.00247,-0.00132,1
0.3411,-0.52163,0.03623,0.00563,-0.00105,0.01392,0.00602,1.41298,-0.02427,0.00155,0.05095,-0.00887,0.02080,-0.01645,0.02646,0.85860,0,0.00503,-0.00069,-0.11738,0.45102,0.01641,0.00247,-0.00132,1
0.3431,-0.52163,0.03623,0.00566,-0.00103,0.01283,0.00587,1.41298,-0.02441,0.00156,0.05120,-0.00875,0.02202,-0.01613,0.02658,0.85855,0,0.00503,-0.00069,-0.11738,0.45102,0.01641,0.00247,-0.00132,1
0.3451,-0.52163,0.03623,0.00568,-0.00102,0.01162,0.00559,1.41298,-0.02455,0.00157,0.05142,-0.00864,0.02336,-0.01568,0.02663,0.85851,0,0.00503,-0.00069,-0.11738,0.45102,0.01641,0.00247,-0.00132,1
0.3471,-0.52163,0.03623,0.00570,-0.00101,0.01030,0.00520,1.41298,-0.02469,0.00158,0.05161,-0.00853,0.02483,-0.01510,0.02667,0.85852,0,0.00503,-0.00069,-0.11738,0.45102,0.01641,0.00247,-0.00132,1
0.3491,-0.52163,0.03623,0.00572,-0.00100,0.00886,0.00470,1.41298,-0.02484,0.00159,0.05178,-0.00843,0.02643,-0.01440,0.02673,0.85850,0,0.00503,-0.00069,-0.11738,0.45102,0.01641,0.00247,-0.00132,1
0.3511,-0.52287,0.03738,0.00495,-0.00074,0.00681,0.00668,1.41565,-0.02498,0.00160,0.04362,-0.00541,0.02790,-0.01357,0.02674,0.85844,0,0.00377,-0.00076,-0.11738,0.45102,0.01641,0.00247,-0.00132,1
0.3531,-0.52287,0.03738,0.00496,-0.00073,0.00538,0.00594,1.41565,-0.02512,0.00161,0.04372,-0.00529,0.02925,-0.01261,0.02681,0.85844,0,0.00377,-0.00076,-0.11738,0.45102,0.01641,0.00247,-0.00132,1
0.3551,-0.52287,0.03738,0.00497,-0.00072,0.00407,0.00508,1.41565,-0.02527,0.00162,0.04380,-0.00518,0.03046,-0.01152,0.02687,0.85842,0,0.00377,-0.00076,-0.11738,0.45102,0.01641,0.00247,-0.00132,1
0.3571,-0.52287,0.03738,0.00497,-0.00071,0.00287,0.00410,1.41565,-0.02541,0.00163,0.04384,-0.00508,0.03155,-0.01030,0.02691,0.85839,0,0.00377,-0.00076,-0.11738,0.45102,0.01641,0.00247,-0.00132,1
0.3591,-0.52287,0.03738,0.00498,-0.00070,0.00180,0.00301,1.41565,-0.02555,0.00163,0.04387,-0.00501,0.03251,-0.00896,0.02700,0.85835,0,0.00377,-0.00076,-0.11738,0.45102,0.01641,0.00247,-0.00132,1
0.3612,-0.52287,0.03738,0.00498,-0.00070,0.00083,0.00180,1.41565,-0.02570,0.00164,0.04388,-0.00496,0.03334,-0.00749,0.02704,0.85831,0,0.00377,-0.00076,-0.11738,0.45102,0.01641,0.00247,-0.00132,1
0.3632,-0.52287,0.03738,0.00498,-0.00070,-0.00001,0.00047,1.41565,-0.02584,0.00165,0.04386,-0.00494,0.03405,-0.00589,0.02701,0.85829,0,0.00377,-0.00076,-0.11738,0.45102,0.01641,0.00247,-0.00132,1
0.3652,-0.52287,0.03738,0.00498,-0.00070,-0.00074,-0.00097,1.41565,-0.02598,0.00166,0.04383,-0.00494,0.03462,-0.00429,0.02708,0.85828,0,0.00377,-0.00076,-0.11738,0.45102,0.01641,0.00247,-0.00132,1
0.3672,-0.52287,0.03738,0.00498,-0.00070,-0.00135,-0.00241,1.41565,-0.02612,0.00167,0.04379,-0.00498,0.03507,-0.00282,0.02716,0.85826,0,0.00377,-0.00076,-0.11738,0.45102,0.01641,0.00247,-0.00132,1
0.3692,-0.52287,0.03738,0.00498,-0.00071,-0.00185,-0.00374,1.41565,-0.02627,0.00168,0.04374,-0.00504,0.03539,-0.00147,0.02725,0.85827,0,0.00377,-0.00076,-0.11738,0.45102,0.01641,0.00247,-0.00132,1
0.3712,-0.52287,0.03738,0.00497,-0.00071,-0.00223,-0.00495,1.41565,-0.02641,0.00169,0.04368,-0.00512,0.03558,-0.00026,0.02724,0.85828,0,0.00377,-0.00076,-0.11738,0.45102,0.01641,0.00247,-0.00132,1
0.3732,-0.52287,0.03738,0.00497,-0.00072,-0.00249,-0.00604,1.41565,-0.02655,0.00170,0.04361,-0.00523,0.03565,0.00083,0.02732,0.85827,0,0.00377,-0.00076,-0.11738,0.45102,0.01641,0.00247,-0.00132,1
0.3752,-0.52287,0.03738,0.00496,-0.00074,-0.00264,-0.00701,1.41565,-0.02669,0.00171,0.04354,-0.00535,0.03558,0.00179,0.02734,0.85826,0,0.00377,-0.00076,-0.11738,0.45102,0.01641,0.00247,-0.00132,1
0.3772,-0.52287,0.03738,0.00496,-0.00075,-0.00267,-0.00787,1.41565,-0.02684,0.00172,0.04347,-0.00550,0.03539,0.00262,0.02739,0.85827,0,0.00377,-0.00076,-0.11738,0.45102,0.01641,0.00247,-0.00132,1
0.3792,-0.52287,0.03738,0.00495,-0.00077,-0.00258,-0.00862,1.41565,-0.02698,0.00173,0.04339,-0.00566,0.03507,0.00333,0.02745,0.85827,0,0.00377,-0.00076,-0.11738,0.45102,0.01641,0.00247,-0.00132,1
0.3812,-0.52287,0.03738,0.00495,-0.00079,-0.00238,-0.00924,1.41565,-0.02712,0.00174,0.04332,-0.00583,0.03462,0.00390,0.02746,0.85827,0,0.00377,-0.00076,-0.11738,0.45102,0.01641,0.00247,-0.00132,1
0.3832,-0.52287,0.03738,0.00494,-0.00081,-0.00206,-0.00975,1.41565,-0.02726,0.00174,0.04326,-0.00602,0.03405,0.00435,0.02754,0.85830,0,0.00377,-0.00076,-0.11738,0.45102,0.01641,0.00247,-0.00132,1
0.3852,-0.52287,0.03738,0.00494,-0.00083,-0.00162,-0.01014,1.41565,-0.02741,0.00175,0.04320,-0.00621,0.03334,0.00467,0.02759,0.85836,0,0.00377,-0.00076,-0.11738,0.45102,0.01641,0.00247,-0.00132,1
0.3872,-0.52287,0.03738,0.00494,-0.00085,-0.00107,-0.01042,1.41565,-0.02755,0.00176,0.04315,-0.00641,0.03251,0.00486,0.02764,0.85833,0,0.00377,-0.00076,-0.11738,0.45102,0.01641,0.00247,-0.00132,1
0.3892,-0.52287,0.03738,0.00494,-0.00087,-0.00040,-0.01058,1.41565,-0.02769,0.00177,0.04311,-0.00662,0.03155,0.00493,0.02767,0.85832,0,0.00377,-0.00076,-0.11738,0.45102,0.01641,0.00247,-0.00132,1
0.3912,-0.52287,0.03738,0.00494,-0.00089,0.00038,-0.01062,1.41565,-0.02783,0.00178,0.04309,-0.00683,0.03046,0.00486,0.02778,0.85837,0,0.00377,-0.00076,-0.11738,0.45102,0.01641,0.00247,-0.00132,1
0.3932,-0.52287,0.03738,0.00494,-0.00091,0.00128,-0.01055,1.41565,-0.02798,0.00179,0.04309,-0.00703,0.02925,0.00467,0.02780,0.85836,0,0.00377,-0.00076,-0.11738,0.45102,0.01641,0.00247,-0.00132,1
0.3952,-0.52287,0.03738,0.00494,-0.00093,0.00230,-0.01035,1.41565,-0.02812,0.00180,0.04310,-0.00724,0.02790,0.00435,0.02784,0.85834,0,0.00377,-0.00076,-0.11738,0.45102,0.01641,0.00247,-0.00132,1
0.3972,-0.52287,0.03738,0.00495,-0.00095,0.00343,-0.01005,1.41565,-0.02826,0.00181,0.04313,-0.00744,0.02643,0.00390,0.02790,0.85836,0,0.00377,-0.00076,-0.11738,0.45102,0.01641,0.00247,-0.00132,1
0.3993,-0.52287,0.03738,0.00495,-0.00097,0.00468,-0.00962,1.41565,-0.02841,0.00182,0.04319,-0.00763,0.02483,0.00333,0.02795,0.85837,0,0.00377,-0.00076,-0.11738,0.45102,0.01641,0.00247,-0.00132,1
0.4013,-0.52287,0.03738,0.00496,-0.00099,0.00605,-0.00908,1.41565,-0.02855,0.00183,0.04327,-0.00781,0.02323,0.00262,0.02802,0.85837,0,0.00377,-0.00076,-0.11738,0.45102,0.01641,0.00247,-0.00132,1
0.4033,-0.52287,0.03738,0.00498,-0.00101,0.00741,-0.00842,1.41565,-0.02869,0.00184,0.04338,-0.00798,0.02163,0.00179,0.02807,0.85841,0,0.00377,-0.00076,-0.11738,0.45102,0.01641,0.00247,-0.00132,1
0.4053,-0.52287,0.03738,0.00499,-0.00102,0.00878,-0.00765,1.41565,-0.02883,0.00184,0.04352,-0.00814,0.02003,0.00083,0.02815,0.85840,0,0.00377,-0.00076,-0.11738,0.45102,0.01641,0.00247,-0.00132,1
0.4073,-0.52287,0.03738,0.00501,-0.00104,0.01015,-0.00676,1.41565,-0.02898,0.00185,0.04368,-0.00828,0.01843,-0.00026,0.02824,0.85840,0,0.00377,-0.00076,-0.11738,0.45102,0.01641,0.00247,-0.00132,1
0.4093,-0.52287,0.03738,0.00504,-0.00105,0.01151,-0.00575,1.41565,-0.02912,0.00186,0.04387,-0.00840,0.01683,-0.00147,0.02828,0.85835,0,0.00377,-0.00076,-0.11738,0.45102,0.01641,0.00247,-0.00132,1
0.4113,-0.52287,0.03738,0.00506,-0.00106,0.01287,-0.00462,1.41565,-0.02926,0.00187,0.04409,-0.00850,0.01523,-0.00282,0.02833,0.85840,0,0.00377,-0.00076,-0.11738,0.45102,0.01641,0.00247,-0.00132,1
0.4133,-0.52287,0.03738,0.00509,-0.00107,0.01424,-0.00338,1.41565,-0.02941,0.00188,0.04433,-0.00858,0.01376,-0.00429,0.02834,0.85841,0,0.00377,-0.00076,-0.11738,0.45102,0.01641,0.00247,-0.00132,1
0.4153,-0.52402,0.03564,0.00489,-0.00103,0.01339,-0.00415,1.41462,-0.02955,0.00189,0.04191,-0.00888,0.01236,-0.00589,0.02843,0.85842,0,0.00464,-0.00055,-0.11000,0.45330,0.00851,-0.00083,0.00292,1
0.4173,-0.52402,0.03564,0.00492,-0.00104,0.01457,-0.00267,1.41462,-0.02969,0.00190,0.04216,-0.00894,0.01109,-0.00736,0.02847,0.85840,0,0.00464,-0.00055,-0.11000,0.45330,0.00851,-0.00083,0.00292,1
0.4193,-0.52402,0.03564,0.00495,-0.00104,0.01564,-0.00132,1.41462,-0.02983,0.00191,0.04243,-0.00898,0.00994,-0.00870,0.02852,0.85835,0,0.00464,-0.00055,-0.11000,0.45330,0.00851,-0.00083,0.00292,1
0.4213,-0.52402,0.03564,0.00498,-0.00104,0.01659,-0.00008,1.41462,-0.02998,0.00192,0.04272,-0.00899,0.00892,-0.00992,0.02855,0.85833,0,0.00464,-0.00055,-0.11000,0.45330,0.00851,-0.00083,0.00292,1
0.4233,-0.52402,0.03564,0.00501,-0.00104,0.01743,0.00105,1.41462,-0.03012,0.00193,0.04304,-0.00898,0.00803,-0.01101,0.02867,0.85834,0,0.00464,-0.00055,-0.11000,0.45330,0.00851,-0.00083,0.00292,1
0.4253,-0.52402,0.03564,0.00505,-0.00104,0.01815,0.00206,1.41462,-0.03026,0.00194,0.04336,-0.00895,0.00727,-0.01197,0.02864,0.85831,0,0.00464,-0.00055,-0.11000,0.45330,0.00851,-0.00083,0.00292,1
0.4274,-0.52402,0.03564,0.00509,-0.00103,0.01875,0.00295,1.41462,-0.03041,0.00195,0.04370,-0.00890,0.00664,-0.01280,0.02867,0.85829,0,0.00464,-0.00055,-0.11000,0.45330,0.00851,-0.00083,0.00292,1
0.4294,-0.52402,0.03564,0.00512,-0.00102,0.01923,0.00372,1.41462,-0.03055,0.00195,0.04405,-0.00883,0.00613,-0.01350,0.02871,0.85824,0,0.00464,-0.00055,-0.11000,0.45330,0.00851,-0.00083,0.00292,1
0.4314,-0.52402,0.03564,0.00516,-0.00102,0.01960,0.00438,1.41462,-0.03069,0.00196,0.04441,-0.00875,0.00576,-0.01408,0.02870,0.85820,0,0.00464,-0.00055,-0.11000,0.45330,0.00851,-0.00083,0.00292,1
0.4334,-0.52402,0.03564,0.00520,-0.00101,0.01985,0.00492,1.41462,-0.03083,0.00197,0.04477,-0.00866,0.00551,-0.01453,0.02879,0.85822,0,0.00464,-0.00055,-0.11000,0.45330,0.00851,-0.00083,0.00292,1
0.4354,-0.52402,0.03564,0.00524,-0.00100,0.01998,0.00535,1.41462,-0.03098,0.00198,0.04514,-0.00855,0.00539,-0.01485,0.02883,0.85819,0,0.00464,-0.00055,-0.11000,0.45330,0.00851,-0.00083,0.00292,1
0.4374,-0.52402,0.03564,0.00528,-0.00099,0.02000,0.00566,1.41462,-0.03112,0.00199,0.04551,-0.00844,0.00539,-0.01504,0.02887,0.85813,0,0.00464,-0.00055,-0.11000,0.45330,0.00851,-0.00083,0.00292,1
0.4394,-0.52402,0.03564,0.00532,-0.00097,0.01990,0.00585,1.41462,-0.03126,0.00200,0.04587,-0.00833,0.00553,-0.01510,0.02885,0.85811,0,0.00464,-0.00055,-0.11000,0.45330,0.00851,-0.00083,0.00292,1
0.4414,-0.52402,0.03564,0.00536,-0.00096,0.01968,0.00592,1.41462,-0.03140,0.00201,0.04624,-0.00821,0.00579,-0.01504,0.02886,0.85805,0,0.00464,-0.00055,-0.11000,0.45330,0.00851,-0.00083,0.00292,1
0.4434,-0.52402,0.03564,0.00540,-0.00095,0.01934,0.00588,1.41462,-0.03155,0.00202,0.04660,-0.00809,0.00618,-0.01485,0.02890,0.85804,0,0.00464,-0.00055,-0.11000,0.45330,0.00851,-0.00083,0.00292,1
0.4454,-0.52402,0.03564,0.00544,-0.00094,0.01889,0.00572,1.41462,-0.03169,0.00203,0.04695,-0.00798,0.00670,-0.01453,0.02891,0.85803,0,0.00464,-0.00055,-0.11000,0.45330,0.00851,-0.00083,0.00292,1
0.4474,-0.52402,0.03564,0.00548,-0.00093,0.01832,0.00545,1.41462,-0.03183,0.00204,0.04729,-0.00787,0.00735,-0.01408,0.02896,0.85797,0,0.00464,-0.00055,-0.11000,0.45330,0.00851,-0.00083,0.00292,1
0.4494,-0.52402,0.03564,0.00551,-0.00092,0.01764,0.00506,1.41462,-0.03198,0.00205,0.04762,-0.00776,0.00812,-0.01350,0.02902,0.85794,0,0.00464,-0.00055,-0.11000,0.45330,0.00851,-0.00083,0.00292,1
0.4515,-0.52402,0.03564,0.00555,-0.00091,0.01683,0.00455,1.41462,-0.03212,0.00206,0.04793,-0.00766,0.00902,-0.01280,0.02902,0.85793,0,0.00464,-0.00055,-0.11000,0.45330,0.00851,-0.00083,0.00292,1
0.4535,-0.52402,0.03564,0.00558,-0.00090,0.01591,0.00393,1.41462,-0.03226,0.00206,0.04823,-0.00758,0.01005,-0.01197,0.02909,0.85790,0,0.00464,-0.00055,-0.11000,0.45330,0.00851,-0.00083,0.00292,1
0.4555,-0.52402,0.03564,0.00561,-0.00089,0.01487,0.00319,1.41462,-0.03241,0.00207,0.04850,-0.00751,0.01121,-0.01101,0.02907,0.85791,0,0.00464,-0.00055,-0.11000,0.45330,0.00851,-0.00083,0.00292,1
0.4575,-0.52402,0.03564,0.00564,-0.00089,0.01372,0.00233,1.41462,-0.03255,0.00208,0.04876,-0.00745,0.01250,-0.00992,0.02914,0.85789,0,0.00464,-0.00055,-0.11000,0.45330,0.00851,-0.00083,0.00292,1
0.4595,-0.52402,0.03564,0.00567,-0.00088,0.01245,0.00136,1.41462,-0.03269,0.00209,0.04899,-0.00741,0.01391,-0.00870,0.02914,0.85786,0,0.00464,-0.00055,-0.11000,0.45330,0.00851,-0.00083,0.00292,1
0.4615,-0.52402,0.03564,0.00569,-0.00088,0.01106,0.00027,1.41462,-0.03283,0.00210,0.04919,-0.00740,0.01546,-0.00736,0.02912,0.85784,0,0.00464,-0.00055,-0.11000,0.45330,0.00851,-0.00083,0.00292,1
0.4635,-0.52402,0.03564,0.00571,-0.00088,0.00956,-0.00094,1.41462,-0.03298,0.00211,0.04937,-0.00740,0.01687,-0.00589,0.02913,0.85784,0,0.00464,-0.00055,-0.11000,0.45330,0.00851,-0.00083,0.00292,1
0.4655,-0.52402,0.03564,0.00573,-0.00089,0.00817,-0.00226,1.41462,-0.03312,0.00212,0.04952,-0.00743,0.01816,-0.00454,0.02921,0.85782,0,0.00464,-0.00055,-0.11000,0.45330,0.00851,-0.00083,0.00292,1
0.4675,-0.52402,0.03564,0.00574,-0.00089,0.00690,-0.00347,1.41462,-0.03326,0.00213,0.04964,-0.00749,0.01932,-0.00333,0.02920,0.85776,0,0.00464,-0.00055,-0.11000,0.45330,0.00851,-0.00083,0.00292,1
0.4695,-0.52402,0.03564,0.00576,-0.00090,0.00574,-0.00456,1.41462,-0.03341,0.00214,0.04974,-0.00756,0.02035,-0.00224,0.02926,0.85779,0,0.00464,-0.00055,-0.11000,0.45330,0.00851,-0.00083,0.00292,1
0.4715,-0.52402,0.03564,0.00577,-0.00091,0.00470,-0.00553,1.41462,-0.03355,0.00215,0.04981,-0.00766,0.02125,-0.00128,0.02923,0.85778,0,0.00464,-0.00055,-0.11000,0.45330,0.00851,-0.00083,0.00292,1
0.4735,-0.52402,0.03564,0.00577,-0.00092,0.00378,-0.00639,1.41462,-0.03369,0.00216,0.04987,-0.00778,0.02202,-0.00045,0.02933,0.85776,0,0.00464,-0.00055,-0.11000,0.45330,0.00851,-0.00083,0.00292,1
0.4755,-0.52402,0.03564,0.00578,-0.00093,0.00297,-0.00713,1.41462,-0.03383,0.00216,0.04991,-0.00791,0.02267,0.00026,0.02939,0.85778,0,0.00464,-0.00055,-0.11000,0.45330,0.00851,-0.00083,0.00292,1
0.4776,-0.52402,0.03564,0.00579,-0.00095,0.00228,-0.00775,1.41462,-0.03398,0.00217,0.04993,-0.00805,0.02319,0.00083,0.02940,0.85779,0,0.00464,-0.00055,-0.11000,0.45330,0.00851,-0.00083,0.00292,1
0.4796,-0.52402,0.03564,0.00579,-0.00097,0.00170,-0.00826,1.41462,-0.03412,0.00218,0.04995,-0.00821,0.02358,0.00128,0.02942,0.85777,0,0.00464,-0.00055,-0.11000,0.45330,0.00851,-0.00083,0.00292,1
0.4816,-0.52477,0.03654,0.00547,-0.00114,0.00029,-0.00883,1.41371,-0.03427,0.00219,0.04649,-0.00956,0.02384,0.00160,0.02940,0.85777,0,0.00472,-0.00131,-0.11119,0.45257,0.00951,0.00014,-0.00150,1
0.4836,-0.52477,0.03654,0.00547,-0.00116,-0.00004,-0.00910,1.41371,-0.03441,0.00220,0.04647,-0.00974,0.02398,0.00179,0.02945,0.85781,0,0.00472,-0.00131,-0.11119,0.45257,0.00951,0.00014,-0.00150,1
0.4856,-0.52477,0.03654,0.00547,-0.00118,-0.00026,-0.00925,1.41371,-0.03455,0.00221,0.04644,-0.00992,0.02398,0.00186,0.02947,0.85782,0,0.00472,-0.00131,-0.11119,0.45257,0.00951,0.00014,-0.00150,1
0.4876,-0.52477,0.03654,0.00547,-0.00120,-0.00037,-0.00929,1.41371,-0.03470,0.00222,0.04640,-0.01010,0.02386,0.00179,0.02948,0.85784,0,0.00472,-0.00131,-0.11119,0.45257,0.00951,0.00014,-0.00150,1
0.4897,-0.52477,0.03654,0.00547,-0.00121,-0.00035,-0.00921,1.41371,-0.03484,0.00223,0.04637,-0.01028,0.02361,0.00160,0.02955,0.85784,0,0.00472,-0.00131,-0.11119,0.45257,0.00951,0.00014,-0.00150,1
0.4917,-0.52477,0.03654,0.00547,-0.00123,-0.00022,-0.00901,1.41371,-0.03498,0.00224,0.04633,-0.01046,0.02324,0.00128,0.02955,0.85787,0,0.00472,-0.00131,-0.11119,0.45257,0.00951,0.00014,-0.00150,1
0.4937,-0.52477,0.03654,0.00547,-0.00125,0.00002,-0.00870,1.41371,-0.03512,0.00225,0.04630,-0.01063,0.02273,0.00083,0.02954,0.85787,0,0.00472,-0.00131,-0.11119,0.45257,0.00951,0.00014,-0.00150,1
0.4957,-0.52477,0.03654,0.00547,-0.00127,0.00038,-0.00827,1.41371,-0.03527,0.00226,0.04628,-0.01079,0.02210,0.00026,0.02957,0.85785,0,0.00472,-0.00131,-0.11119,0.45257,0.00951,0.00014,-0.00150,1
0.4977,-0.52477,0.03654,0.00547,-0.00128,0.00086,-0.00772,1.41371,-0.03541,0.00227,0.04626,-0.01095,0.02134,-0.00045,0.02962,0.85785,0,0.00472,-0.00131,-0.11119,0.45257,0.00951,0.00014,-0.00150,1
0.4997,-0.52477,0.03654,0.00547,-0.00130,0.00146,-0.00706,1.41371,-0.03555,0.00227,0.04626,-0.01109,0.02045,-0.00128,0.02962,0.85784,0,0.00472,-0.00131,-0.11119,0.45257,0.00951,0.00014,-0.00150,1
0.5017,-0.52477,0.03654,0.00548,-0.00131,0.00217,-0.00628,1.41371,-0.03570,0.00228,0.04626,-0.01122,0.01943,-0.00224,0.02968,0.85785,0,0.00472,-0.00131,-0.11119,0.45257,0.00951,0.00014,-0.00150,1
0.5037,-0.52477,0.03654,0.00548,-0.00132,0.00299,-0.00538,1.41371,-0.03584,0.00229,0.04629,-0.01133,0.01829,-0.00333,0.02971,0.85786,0,0.00472,-0.00131,-0.11119,0.45257,0.00951,0.00014,-0.00150,1
0.5057,-0.52477,0.03654,0.00549,-0.00133,0.00394,-0.00437,1.41371,-0.03598,0.00230,0.04632,-0.01143,0.01701,-0.00454,0.02977,0.85786,0,0.00472,-0.00131,-0.11119,0.45257,0.00951,0.00014,-0.00150,1
0.5077,-0.52477,0.03654,0.00550,-0.00134,0.00500,-0.00324,1.41371,-0.03612,0.00231,0.04638,-0.01150,0.01561,-0.00589,0.02980,0.85789,0,0.00472,-0.00131,-0.11119,0.45257,0.00951,0.00014,-0.00150,1
0.5098,-0.52477,0.03654,0.00551,-0.00134,0.00617,-0.00199,1.41371,-0.03627,0.00232,0.04646,-0.01155,0.01408,-0.00736,0.02978,0.85784,0,0.00472,-0.00131,-0.11119,0.45257,0.00951,0.00014,-0.00150,1
0.5118,-0.52477,0.03654,0.00552,-0.00135,0.00746,-0.00063,1.41371,-0.03641,0.00233,0.04657,-0.01157,0.01248,-0.00896,0.02985,0.85786,0,0.00472,-0.00131,-0.11119,0.45257,0.00951,0.00014,-0.00150,1
0.5138,-0.52477,0.03654,0.00554,-0.00135,0.00882,0.00085,1.41371,-0.03655,0.00234,0.04670,-0.01157,0.01088,-0.01043,0.02991,0.85782,0,0.00472,-0.00131,-0.11119,0.45257,0.00951,0.00014,-0.00150,1
0.5158,-0.52477,0.03654,0.00556,-0.00134,0.01017,0.00221,1.41371,-0.03670,0.00235,0.04686,-0.01154,0.00941,-0.01178,0.02995,0.85782,0,0.00472,-0.00131,-0.11119,0.45257,0.00951,0.00014,-0.00150,1
0.5178,-0.52477,0.03654,0.00558,-0.00134,0.01141,0.00346,1.41371,-0.03684,0.00236,0.04704,-0.01148,0.00807,-0.01299,0.02996,0.85777,0,0.00472,-0.00131,-0.11119,0.45257,0.00951,0.00014,-0.00150,1
0.5198,-0.52477,0.03654,0.00560,-0.00133,0.01253,0.00458,1.41371,-0.03698,0.00237,0.04725,-0.01140,0.00685,-0.01408,0.02999,0.85775,0,0.00472,-0.00131,-0.11119,0.45257,0.00951,0.00014,-0.00150,1
0.5218,-0.52477,0.03654,0.00563,-0.00132,0.01354,0.00560,1.41371,-0.03713,0.00238,0.04747,-0.01130,0.00576,-0.01504,0.03002,0.85771,0,0.00472,-0.00131,-0.11119,0.45257,0.00951,0.00014,-0.00150,1
0.5238,-0.52477,0.03654,0.00566,-0.00131,0.01443,0.00649,1.41371,-0.03727,0.00238,0.04772,-0.01118,0.00480,-0.01587,0.03007,0.85772,0,0.00472,-0.00131,-0.11119,0.45257,0.00951,0.00014,-0.00150,1
0.5258,-0.52477,0.03654,0.00569,-0.00129,0.01520,0.00727,1.41371,-0.03741,0.00239,0.04798,-0.01104,0.00397,-0.01658,0.03006,0.85765,0,0.00472,-0.00131,-0.11119,0.45257,0.00951,0.00014,-0.00150,1
0.5278,-0.52477,0.03654,0.00572,-0.00128,0.01585,0.00794,1.41371,-0.03755,0.00240,0.04826,-0.01089,0.00327,-0.01715,0.03006,0.85766,0,0.00472,-0.00131,-0.11119,0.45257,0.00951,0.00014,-0.00150,1
0.5298,-0.52477,0.03654,0.00575,-0.00126,0.01639,0.00848,1.41371,-0.03770,0.00241,0.04854,-0.01072,0.00269,-0.01760,0.03011,0.85762,0,0.00472,-0.00131,-0.11119,0.45257,0.00951,0.00014,-0.00150,1
0.5319,-0.52477,0.03654,0.00578,-0.00125,0.01681,0.00891,1.41371,-0.03784,0.00242,0.04884,-0.01055,0.00224,-0.01792,0.03012,0.85761,0,0.00472,-0.00131,-0.11119,0.45257,0.00951,0.00014,-0.00150,1
0.5339,-0.52477,0.03654,0.00582,-0.00123,0.01711,0.00922,1.41371,-0.03798,0.00243,0.04914,-0.01037,0.00192,-0.01811,0.03012,0.85755,0,0.00472,-0.00131,-0.11119,0.45257,0.00951,0.00014,-0.00150,1
0.5359,-0.52477,0.03654,0.00585,-0.00121,0.01730,0.00942,1.41371,-0.03813,0.00244,0.04945,-0.01019,0.00173,-0.01818,0.03016,0.85753,0,0.00472,-0.00131,-0.11119,0.45257,0.00951,0.00014,-0.00150,1
0.5379,-0.52477,0.03654,0.00589,-0.00119,0.01737,0.00950,1.41371,-0.03827,0.00245,0.04976,-0.01000,0.00167,-0.01811,0.03018,0.85747,0,0.00472,-0.00131,-0.11119,0.45257,0.00951,0.00014,-0.00150,1
0.5399,-0.52477,0.03654,0.00592,-0.00117,0.01732,0.00946,1.41371,-0.03841,0.00246,0.05007,-0.00981,0.00173,-0.01792,0.03021,0.85745,0,0.00472,-0.00131,-0.11119,0.45257,0.00951,0.00014,-0.00150,1
0.5419,-0.52477,0.03654,0.00596,-0.00115,0.01716,0.00931,1.41371,-0.03855,0.00247,0.05038,-0.00962,0.00192,-0.01760,0.03020,0.85740,0,0.00472,-0.00131,-0.11119,0.45257,0.00951,0.00014,-0.00150,1
0.5439,-0.52477,0.03654,0.00599,-0.00113,0.01688,0.00904,1.41371,-0.03870,0.00248,0.05068,-0.00944,0.00224,-0.01715,0.03020,0.85736,0,0.00472,-0.00131,-0.11119,0.45257,0.00951,0.00014,-0.00150,1
0.5459,-0.52477,0.03654,0.00602,-0.00112,0.01648,0.00865,1.41371,-0.03884,0.00248,0.05098,-0.00926,0.00269,-0.01658,0.03022,0.85732,0,0.00472,-0.00131,-0.11119,0.45257,0.00951,0.00014,-0.00150,1
0.5479,-0.52477,0.03654,0.00606,-0.00110,0.01596,0.00814,1.41371,-0.03898,0.00249,0.05127,-0.00910,0.00327,-0.01587,0.03021,0.85731,0,0.00472,-0.00131,-0.11119,0.45257,0.00951,0.00014,-0.00150,1
0.5499,-0.52843,0.03793,0.00653,-0.00102,0.01844,0.00940,1.41760,-0.03912,0.00250,0.05441,-0.00777,0.00397,-0.01504,0.03025,0.85724,0,0.00627,-0.00127,-0.10800,0.45241,0.00602,-0.00025,0.00307,1
0.5519,-0.52843,0.03793,0.00656,-0.00100,0.01768,0.00866,1.41760,-0.03927,0.00251,0.05473,-0.00759,0.00480,-0.01408,0.03024,0.85719,0,0.00627,-0.00127,-0.10800,0.45241,0.00602,-0.00025,0.00307,1
0.5539,-0.52843,0.03793,0.00660,-0.00099,0.01681,0.00781,1.41760,-0.03941,0.00252,0.05504,-0.00743,0.00576,-0.01299,0.03027,0.85719,0,0.00627,-0.00127,-0.10800,0.45241,0.00602,-0.00025,0.00307,1
0.5559,-0.52843,0.03793,0.00663,-0.00097,0.01582,0.00683,1.41760,-0.03955,0.00253,0.05533,-0.00728,0.00685,-0.01178,0.03027,0.85720,0,0.00627,-0.00127,-0.10800,0.45241,0.00602,-0.00025,0.00307,1
0.5579,-0.52843,0.03793,0.00666,-0.00096,0.01471,0.00575,1.41760,-0.03969,0.00254,0.05560,-0.00715,0.00807,-0.01043,0.03028,0.85715,0,0.00627,-0.00127,-0.10800,0.45241,0.00602,-0.00025,0.00307,1
0.5599,-0.52843,0.03793,0.00669,-0.00095,0.01348,0.00454,1.41760,-0.03984,0.00255,0.05585,-0.00705,0.00941,-0.00896,0.03026,0.85713,0,0.00627,-0.00127,-0.10800,0.45241,0.00602,-0.00025,0.00307,1
0.5619,-0.52843,0.03793,0.00671,-0.00094,0.01214,0.00322,1.41760,-0.03998,0.00256,0.05607,-0.00697,0.01088,-0.00736,0.03030,0.85706,0,0.00627,-0.00127,-0.10800,0.45241,0.00602,-0.00025,0.00307,1
0.5639,-0.52843,0.03793,0.00674,-0.00094,0.01068,0.00178,1.41760,-0.04012,0.00257,0.05626,-0.00692,0.01248,-0.00576,0.03027,0.85706,0,0.00627,-0.00127,-0.10800,0.45241,0.00602,-0.00025,0.00307,1
0.5659,-0.52843,0.03793,0.00676,-0.00093,0.00911,0.00034,1.41760,-0.04026,0.00258,0.05642,-0.00690,0.01408,-0.00429,0.03037,0.85706,0,0.00627,-0.00127,-0.10800,0.45241,0.00602,-0.00025,0.00307,1
0.5679,-0.52843,0.03793,0.00677,-0.00093,0.00753,-0.00098,1.41760,-0.04041,0.00259,0.05655,-0.00690,0.01568,-0.00294,0.03036,0.85705,0,0.00627,-0.00127,-0.10800,0.45241,0.00602,-0.00025,0.00307,1
0.5699,-0.52843,0.03793,0.00679,-0.00094,0.00596,-0.00218,1.41760,-0.04055,0.00259,0.05665,-0.00693,0.01715,-0.00173,0.03044,0.85698,0,0.00627,-0.00127,-0.10800,0.45241,0.00602,-0.00025,0.00307,1
0.5719,-0.52843,0.03793,0.00680,-0.00094,0.00450,-0.00327,1.41760,-0.04069,0.00260,0.05672,-0.00698,0.01850,-0.00064,0.03042,0.85697,0,0.00627,-0.00127,-0.10800,0.45241,0.00602,-0.00025,0.00307,1
0.5739,-0.52843,0.03793,0.00681,-0.00095,0.00315,-0.00424,1.41760,-0.04083,0.00261,0.05677,-0.00705,0.01971,0.00032,0.03044,0.85699,0,0.00627,-0.00127,-0.10800,0.45241,0.00602,-0.00025,0.00307,1
0.5759,-0.52843,0.03793,0.00681,-0.00096,0.00193,-0.00510,1.41760,-0.04097,0.00262,0.05678,-0.00714,0.02080,0.00115,0.03048,0.85698,0,0.00627,-0.00127,-0.10800,0.45241,0.00602,-0.00025,0.00307,1
0.5779,-0.52843,0.03793,0.00681,-0.00097,0.00082,-0.00584,1.41760,-0.04112,0.00263,0.05678,-0.00725,0.02176,0.00186,0.03051,0.85699,0,0.00627,-0.00127,-0.10800,0.45241,0.00602,-0.00025,0.00307,1
0.5799,-0.52843,0.03793,0.00681,-0.00098,-0.00018,-0.00646,1.41760,-0.04126,0.00264,0.05675,-0.00737,0.02259,0.00243,0.03051,0.85698,0,0.00627,-0.00127,-0.10800,0.45241,0.00602,-0.00025,0.00307,1
0.5819,-0.52843,0.03793,0.00681,-0.00100,-0.00106,-0.00697,1.41760,-0.04140,0.00265,0.05670,-0.00750,0.02330,0.00288,0.03056,0.85695,0,0.00627,-0.00127,-0.10800,0.45241,0.00602,-0.00025,0.00307,1
0.5839,-0.52843,0.03793,0.00681,-0.00101,-0.00182,-0.00736,1.41760,-0.04155,0.00266,0.05664,-0.00764,0.02387,0.00320,0.03060,0.85696,0,0.00627,-0.00127,-0.10800,0.45241,0.00602,-0.00025,0.00307,1
0.5859,-0.52843,0.03793,0.00681,-0.00103,-0.00246,-0.00763,1.41760,-0.04169,0.00267,0.05657,-0.00778,0.02432,0.00339,0.03063,0.85696,0,0.00627,-0.00127,-0.10800,0.45241,0.00602,-0.00025,0.00307,1
0.5880,-0.52843,0.03793,0.00680,-0.00104,-0.00299,-0.00778,1.41760,-0.04183,0.00268,0.05648,-0.00793,0.02464,0.00346,0.03067,0.85698,0,0.00627,-0.00127,-0.10800,0.45241,0.00602,-0.00025,0.00307,1
0.5900,-0.52843,0.03793,0.00679,-0.00106,-0.00340,-0.00782,1.41760,-0.04197,0.00269,0.05638,-0.00808,0.02483,0.00339,0.03072,0.85698,0,0.00627,-0.00127,-0.10800,0.45241,0.00602,-0.00025,0.00307,1
0.5920,-0.52843,0.03793,0.00679,-0.00107,-0.00370,-0.00775,1.41760,-0.04212,0.00269,0.05628,-0.00823,0.02490,0.00320,0.03079,0.85702,0,0.00627,-0.00127,-0.10800,0.45241,0.00602,-0.00025,0.00307,1
0.5940,-0.52843,0.03793,0.00678,-0.00109,-0.00388,-0.00755,1.41760,-0.04226,0.00270,0.05617,-0.00838,0.02483,0.00288,0.03081,0.85706,0,0.00627,-0.00127,-0.10800,0.45241,0.00602,-0.00025,0.00307,1
0.5960,-0.52843,0.03793,0.00677,-0.00110,-0.00394,-0.00724,1.41760,-0.04240,0.00271,0.05606,-0.00853,0.02464,0.00243,0.03087,0.85704,0,0.00627,-0.00127,-0.10800,0.45241,0.00602,-0.00025,0.00307,1
0.5980,-0.52843,0.03793,0.00676,-0.00112,-0.00389,-0.00681,1.41760,-0.04255,0.00272,0.05595,-0.00866,0.02432,0.00186,0.03097,0.85704,0,0.00627,-0.00127,-0.10800,0.45241,0.00602,-0.00025,0.00307,1
0.6000,-0.52843,0.03793,0.00676,-0.00113,-0.00372,-0.00627,1.41760,-0.04269,0.00273,0.05584,-0.00879,0.02387,0.00115,0.03102,0.85705,0,0.00627,-0.00127,-0.10800,0.45241,0.00602,-0.00025,0.00307,1
0.6020,-0.52843,0.03793,0.00675,-0.00114,-0.00343,-0.00561,1.41760,-0.04283,0.00274,0.05574,-0.00890,0.02330,0.00032,0.03105,0.85706,0,0.00627,-0.00127,-0.10800,0.45241,0.00602,-0.00025,0.00307,1
0.6040,-0.52843,0.03793,0.00674,-0.00115,-0.00302,-0.00483,1.41760,-0.04297,0.00275,0.05564,-0.00900,0.02259,-0.00064,0.03109,0.85707,0,0.00627,-0.00127,-0.10800,0.45241,0.00602,-0.00025,0.00307,1
0.6060,-0.52843,0.03793,0.00674,-0.00116,-0.00251,-0.00394,1.41760,-0.04312,0.00276,0.05555,-0.00909,0.02176,-0.00173,0.03113,0.85706,0,0.00627,-0.00127,-0.10800,0.45241,0.00602,-0.00025,0.00307,1
0.6080,-0.52843,0.03793,0.00673,-0.00117,-0.00187,-0.00293,1.41760,-0.04326,0.00277,0.05547,-0.00915,0.02080,-0.00294,0.03110,0.85705,0,0.00627,-0.00127,-0.10800,0.45241,0.00602,-0.00025,0.00307,1
0.6100,-0.52843,0.03793,0.00673,-0.00117,-0.00112,-0.00180,1.41760,-0.04340,0.00278,0.05541,-0.00920,0.01971,-0.00429,0.03122,0.85706,0,0.00627,-0.00127,-0.10800,0.45241,0.00602,-0.00025,0.00307,1
0.6120,-0.53059,0.03857,0.00684,-0.00123,-0.00200,-0.00293,1.41688,-0.04354,0.00279,0.05562,-0.00955,0.01850,-0.00576,0.03130,0.85705,0,0.00710,-0.00097,-0.10198,0.45275,-0.00033,-0.00165,-0.00054,0
0.6140,-0.53059,0.03857,0.00684,-0.00124,-0.00102,-0.00157,1.41688,-0.04369,0.00280,0.05555,-0.00959,0.01715,-0.00710,0.03130,0.85705,0,0.00710,-0.00097,-0.10198,0.45275,-0.00033,-0.00165,-0.00054,0
0.6160,-0.53059,0.03857,0.00684,-0.00124,0.00008,-0.00032,1.41688,-0.04383,0.00280,0.05551,-0.00961,0.01568,-0.00832,0.03137,0.85703,0,0.00710,-0.00097,-0.10198,0.45275,-0.00033,-0.00165,-0.00054,0
0.6180,-0.53059,0.03857,0.00684,-0.00124,0.00130,0.00080,1.41688,-0.04397,0.00281,0.05549,-0.00960,0.01408,-0.00941,0.03140,0.85704,0,0.00710,-0.00097,-0.10198,0.45275,-0.00033,-0.00165,-0.00054,0
0.6200,-0.53059,0.03857,0.00684,-0.00124,0.00263,0.00182,1.41688,-0.04411,0.00282,0.05549,-0.00957,0.01248,-0.01037,0.03141,0.85703,0,0.00710,-0.00097,-0.10198,0.45275,-0.00033,-0.00165,-0.00054,0
0.6220,-0.53059,0.03857,0.00685,-0.00123,0.00396,0.00271,1.41688,-0.04426,0.00283,0.05552,-0.00952,0.01101,-0.01120,0.03146,0.85702,0,0.00710,-0.00097,-0.10198,0.45275,-0.00033,-0.00165,-0.00054,0
0.6241,-0.53059,0.03857,0.00686,-0.00123,0.00518,0.00349,1.41688,-0.04440,0.00284,0.05557,-0.00946,0.00967,-0.01190,0.03153,0.85699,0,0.00710,-0.00097,-0.10198,0.45275,-0.00033,-0.00165,-0.00054,0
0.6261,-0.53059,0.03857,0.00687,-0.00122,0.00628,0.00415,1.41688,-0.04454,0.00285,0.05565,-0.00938,0.00845,-0.01248,0.03150,0.85695,0,0.00710,-0.00097,-0.10198,0.45275,-0.00033,-0.00165,-0.00054,0
0.6281,-0.53059,0.03857,0.00688,-0.00121,0.00726,0.00470,1.41688,-0.04469,0.00286,0.05575,-0.00929,0.00736,-0.01293,0.03157,0.85695,0,0.00710,-0.00097,-0.10198,0.45275,-0.00033,-0.00165,-0.00054,0
0.6301,-0.53059,0.03857,0.00690,-0.00120,0.00813,0.00512,1.41688,-0.04483,0.00287,0.05586,-0.00920,0.00640,-0.01325,0.03159,0.85693,0,0.00710,-0.00097,-0.10198,0.45275,-0.00033,-0.00165,-0.00054,0
0.6321,-0.53059,0.03857,0.00692,-0.00119,0.00887,0.00544,1.41688,-0.04497,0.00288,0.05600,-0.00909,0.00557,-0.01344,0.03162,0.85691,0,0.00710,-0.00097,-0.10198,0.45275,-0.00033,-0.00165,-0.00054,0
0.6341,-0.53059,0.03857,0.00694,-0.00118,0.00951,0.00563,1.41688,-0.04511,0.00289,0.05614,-0.00898,0.00487,-0.01350,0.03170,0.85688,0,0.00710,-0.00097,-0.10198,0.45275,-0.00033,-0.00165,-0.00054,0
0.6361,-0.53059,0.03857,0.00695,-0.00117,0.01002,0.00571,1.41688,-0.04525,0.00290,0.05630,-0.00886,0.00429,-0.01344,0.03167,0.85689,0,0.00710,-0.00097,-0.10198,0.45275,-0.00033,-0.00165,-0.00054,0
0.6381,-0.53059,0.03857,0.00698,-0.00116,0.01042,0.00567,1.41688,-0.04540,0.00290,0.05646,-0.00875,0.00384,-0.01325,0.03165,0.85683,0,0.00710,-0.00097,-0.10198,0.45275,-0.00033,-0.00165,-0.00054,0
0.6401,-0.53059,0.03857,0.00700,-0.00115,0.01070,0.00552,1.41688,-0.04554,0.00291,0.05663,-0.00864,0.00352,-0.01293,0.03165,0.85682,0,0.00710,-0.00097,-0.10198,0.45275,-0.00033,-0.00165,-0.00054,0
0.6421,-0.53059,0.03857,0.00702,-0.00113,0.01087,0.00525,1.41688,-0.04568,0.00292,0.05681,-0.00853,0.00333,-0.01248,0.03170,0.85683,0,0.00710,-0.00097,-0.10198,0.45275,-0.00033,-0.00165,-0.00054,0
0.6441,-0.53059,0.03857,0.00704,-0.00112,0.01092,0.00486,1.41688,-0.04583,0.00293,0.05699,-0.00843,0.00327,-0.01190,0.03168,0.85678,0,0.00710,-0.00097,-0.10198,0.45275,-0.00033,-0.00165,-0.00054,0
0.6461,-0.53059,0.03857,0.00706,-0.00111,0.01085,0.00436,1.41688,-0.04597,0.00294,0.05716,-0.00833,0.00333,-0.01120,0.03168,0.85675,0,0.00710,-0.00097,-0.10198,0.45275,-0.00033,-0.00165,-0.00054,0
0.6481,-0.53059,0.03857,0.00708,-0.00111,0.01067,0.00374,1.41688,-0.04611,0.00295,0.05734,-0.00825,0.00352,-0.01037,0.03169,0.85673,0,0.00710,-0.00097,-0.10198,0.45275,-0.00033,-0.00165,-0.00054,0
0.6501,-0.53059,0.03857,0.00710,-0.00110,0.01037,0.00300,1.41688,-0.04626,0.00296,0.05751,-0.00818,0.00384,-0.00941,0.03175,0.85673,0,0.00710,-0.00097,-0.10198,0.45275,-0.00033,-0.00165,-0.00054,0
0.6521,-0.53059,0.03857,0.00712,-0.00110,0.00995,0.00215,1.41688,-0.04640,0.00297,0.05767,-0.00813,0.00429,-0.00832,0.03175,0.85669,0,0.00710,-0.00097,-0.10198,0.45275,-0.00033,-0.00165,-0.00054,0
0.6541,-0.53059,0.03857,0.00714,-0.00109,0.00941,0.00118,1.41688,-0.04654,0.00298,0.05782,-0.00810,0.00487,-0.00710,0.03177,0.85667,0,0.00710,-0.00097,-0.10198,0.45275,-0.00033,-0.00165,-0.00054,0
0.6561,-0.53059,0.03857,0.00716,-0.00109,0.00876,0.00009,1.41688,-0.04668,0.00299,0.05796,-0.00808,0.00557,-0.00576,0.03177,0.85665,0,0.00710,-0.00097,-0.10198,0.45275,-0.00033,-0.00165,-0.00054,0
0.6581,-0.53059,0.03857,0.00718,-0.00109,0.00799,-0.00111,1.41688,-0.04683,0.00300,0.05809,-0.00809,0.00640,-0.00454,0.03176,0.85662,0,0.00710,-0.00097,-0.10198,0.45275,-0.00033,-0.00165,-0.00054,0
0.6601,-0.53059,0.03857,0.00719,-0.00109,0.00711,-0.00220,1.41688,-0.04697,0.00301,0.05820,-0.00812,0.00736,-0.00346,0.03175,0.85663,0,0.00710,-0.00097,-0.10198,0.45275,-0.00033,-0.00165,-0.00054,0
0.6621,-0.53059,0.03857,0.00721,-0.00110,0.00611,-0.00317,1.41688,-0.04711,0.00301,0.05830,-0.00817,0.00845,-0.00250,0.03179,0.85662,0,0.00710,-0.00097,-0.10198,0.45275,-0.00033,-0.00165,-0.00054,0
0.6642,-0.53059,0.03857,0.00722,-0.00111,0.00499,-0.00402,1.41688,-0.04725,0.00302,0.05837,-0.00824,0.00967,-0.00166,0.03175,0.85660,0,0.00710,-0.00097,-0.10198,0.45275,-0.00033,-0.00165,-0.00054,0
0.6662,-0.53059,0.03857,0.00723,-0.00112,0.00375,-0.00476,1.41688,-0.04740,0.00303,0.05842,-0.00832,0.01101,-0.00096,0.03181,0.85657,0,0.00710,-0.00097,-0.10198,0.45275,-0.00033,-0.00165,-0.00054,0
0.6682,-0.53059,0.03857,0.00723,-0.00113,0.00240,-0.00538,1.41688,-0.04754,0.00304,0.05844,-0.00842,0.01223,-0.00038,0.03176,0.85658,0,0.00710,-0.00097,-0.10198,0.45275,-0.00033,-0.00165,-0.00054,0
0.6702,-0.53059,0.03857,0.00724,-0.00114,0.00117,-0.00588,1.41688,-0.04768,0.00305,0.05843,-0.00853,0.01331,0.00006,0.03177,0.85657,0,0.00710,-0.00097,-0.10198,0.45275,-0.00033,-0.00165,-0.00054,0
0.6722,-0.53059,0.03857,0.00724,-0.00115,0.00005,-0.00627,1.41688,-0.04782,0.00306,0.05841,-0.00864,0.01427,0.00038,0.03181,0.85655,0,0.00710,-0.00097,-0.10198,0.45275,-0.00033,-0.00165,-0.00054,0
0.6742,-0.53059,0.03857,0.00724,-0.00116,-0.00095,-0.00654,1.41688,-0.04797,0.00307,0.05836,-0.00877,0.01511,0.00058,0.03186,0.85655,0,0.00710,-0.00097,-0.10198,0.45275,-0.00033,-0.00165,-0.00054,0
0.6762,-0.53059,0.03857,0.00723,-0.00118,-0.00184,-0.00669,1.41688,-0.04811,0.00308,0.05830,-0.00889,0.01581,0.00064,0.03187,0.85657,0,0.00710,-0.00097,-0.10198,0.45275,-0.00033,-0.00165,-0.00054,0
0.6782,-0.53059,0.03857,0.00723,-0.00119,-0.00261,-0.00673,1.41688,-0.04825,0.00309,0.05821,-0.00902,0.01639,0.00058,0.03190,0.85655,0,0.00710,-0.00097,-0.10198,0.45275,-0.00033,-0.00165,-0.00054,0
0.6802,-0.53059,0.03857,0.00722,-0.00120,-0.00326,-0.00665,1.41688,-0.04839,0.00310,0.05812,-0.00915,0.01683,0.00038,0.03190,0.85653,0,0.00710,-0.00097,-0.10198,0.45275,-0.00033,-0.00165,-0.00054,0
0.6822,-0.52987,0.03763,0.00648,-0.00131,-0.00582,-0.00730,1.41759,-0.04854,0.00311,0.05103,-0.01061,0.01715,0.00006,0.03195,0.85653,0,0.00559,-0.00134,-0.10198,0.45275,-0.00033,-0.00165,-0.00054,0
0.6842,-0.52987,0.03763,0.00647,-0.00133,-0.00623,-0.00699,1.41759,-0.04868,0.00311,0.05087,-0.01075,0.01735,-0.00038,0.03195,0.85653,0,0.00559,-0.00134,-0.10198,0.45275,-0.00033,-0.00165,-0.00054,0
0.6862,-0.52987,0.03763,0.00645,-0.00134,-0.00652,-0.00656,1.41759,-0.04882,0.00312,0.05070,-0.01088,0.01741,-0.00096,0.03203,0.85656,0,0.00559,-0.00134,-0.10198,0.45275,-0.00033,-0.00165,-0.00054,0
0.6882,-0.52987,0.03763,0.00644,-0.00135,-0.00669,-0.00601,1.41759,-0.04897,0.00313,0.05053,-0.01100,0.01735,-0.00166,0.03206,0.85656,0,0.00559,-0.00134,-0.10198,0.45275,-0.00033,-0.00165,-0.00054,0
0.6902,-0.52987,0.03763,0.00643,-0.00136,-0.00675,-0.00535,1.41759,-0.04911,0.00314,0.05036,-0.01111,0.01715,-0.00250,0.03204,0.85657,0,0.00559,-0.00134,-0.10198,0.45275,-0.00033,-0.00165,-0.00054,0
0.6922,-0.52987,0.03763,0.00641,-0.00137,-0.00669,-0.00457,1.41759,-0.04925,0.00315,0.05019,-0.01120,0.01683,-0.00346,0.03208,0.85653,0,0.00559,-0.00134,-0.10198,0.45275,-0.00033,-0.00165,-0.00054,0
0.6942,-0.52987,0.03763,0.00640,-0.00138,-0.00651,-0.00367,1.41759,-0.04939,0.00316,0.05002,-0.01128,0.01639,-0.00454,0.03210,0.85653,0,0.00559,-0.00134,-0.10198,0.45275,-0.00033,-0.00165,-0.00054,0
0.6963,-0.52987,0.03763,0.00639,-0.00139,-0.00622,-0.00265,1.41759,-0.04954,0.00317,0.04986,-0.01134,0.01581,-0.00576,0.03210,0.85651,0,0.00559,-0.00134,-0.10198,0.45275,-0.00033,-0.00165,-0.00054,0
0.6983,-0.52987,0.03763,0.00638,-0.00139,-0.00581,-0.00152,1.41759,-0.04968,0.00318,0.04970,-0.01138,0.01511,-0.00710,0.03214,0.85653,0,0.00559,-0.00134,-0.10198,0.45275,-0.00033,-0.00165,-0.00054,0
0.7003,-0.52987,0.03763,0.00636,-0.00139,-0.00528,-0.00028,1.41759,-0.04982,0.00319,0.04955,-0.01140,0.01427,-0.00832,0.03213,0.85654,0,0.00559,-0.00134,-0.10198,0.45275,-0.00033,-0.00165,-0.00054,0
0.7023,-0.52987,0.03763,0.00635,-0.00139,-0.00464,0.00085,1.41759,-0.04997,0.00320,0.04941,-0.01139,0.01331,-0.00941,0.03217,0.85654,0,0.00559,-0.00134,-0.10198,0.45275,-0.00033,-0.00165,-0.00054,0
0.7043,-0.52987,0.03763,0.00635,-0.00139,-0.00388,0.00187,1.41759,-0.05011,0.00321,0.04929,-0.01136,0.01223,-0.01037,0.03224,0.85651,0,0.00559,-0.00134,-0.10198,0.45275,-0.00033,-0.00165,-0.00054,0
0.7063,-0.52987,0.03763,0.00634,-0.00139,-0.00300,0.00276,1.41759,-0.05025,0.00322,0.04918,-0.01131,0.01101,-0.01120,0.03224,0.85652,0,0.00559,-0.00134,-0.10198,0.45275,-0.00033,-0.00165,-0.00054,0
0.7083,-0.52987,0.03763,0.00633,-0.00138,-0.00201,0.00355,1.41759,-0.05039,0.00322,0.04909,-0.01125,0.00967,-0.01190,0.03228,0.85649,0,0.00559,-0.00134,-0.10198,0.45275,-0.00033,-0.00165,-0.00054,0
0.7103,-0.52987,0.03763,0.00633,-0.00137,-0.00090,0.00421,1.41759,-0.05054,0.00323,0.04902,-0.01117,0.00819,-0.01248,0.03229,0.85644,0,0.00559,-0.00134,-0.10198,0.45275,-0.00033,-0.00165,-0.00054,0
0.7123,-0.52987,0.03763,0.00633,-0.00136,0.00033,0.00476,1.41759,-0.05068,0.00324,0.04898,-0.01108,0.00659,-0.01293,0.03230,0.85639,0,0.00559,-0.00134,-0.10198,0.45275,-0.00033,-0.00165,-0.00054,0
0.7143,-0.52987,0.03763,0.00633,-0.00135,0.00167,0.00519,1.41759,-0.05082,0.00325,0.04895,-0.01097,0.00499,-0.01325,0.03229,0.85642,0,0.00559,-0.00134,-0.10198,0.45275,-0.00033,-0.00165,-0.00054,0
0.7163,-0.52987,0.03763,0.00634,-0.00134,0.00301,0.00550,1.41759,-0.05097,0.00326,0.04896,-0.01087,0.00339,-0.01344,0.03230,0.85636,0,0.00559,-0.00134,-0.10198,0.45275,-0.00033,-0.00165,-0.00054,0
0.7183,-0.52987,0.03763,0.00634,-0.00133,0.00435,0.00570,1.41759,-0.05111,0.00327,0.04899,-0.01075,0.00179,-0.01350,0.03236,0.85636,0,0.00559,-0.00134,-0.10198,0.45275,-0.00033,-0.00165,-0.00054,0
0.7203,-0.52987,0.03763,0.00635,-0.00132,0.00569,0.00578,1.41759,-0.05125,0.00328,0.04905,-0.01064,0.00019,-0.01344,0.03237,0.85635,0,0.00559,-0.00134,-0.10198,0.45275,-0.00033,-0.00165,-0.00054,0
0.7223,-0.52987,0.03763,0.00637,-0.00131,0.00703,0.00575,1.41759,-0.05139,0.00329,0.04913,-0.01052,-0.00141,-0.01325,0.03238,0.85632,0,0.00559,-0.00134,-0.10198,0.45275,-0.00033,-0.00165,-0.00054,0
0.7243,-0.52987,0.03763,0.00638,-0.00130,0.00837,0.00560,1.41759,-0.05154,0.00330,0.04924,-0.01041,-0.00288,-0.01293,0.03237,0.85634,0,0.00559,-0.00134,-0.10198,0.45275,-0.00033,-0.00165,-0.00054,0
0.7263,-0.52987,0.03763,0.00640,-0.00129,0.00960,0.00533,1.41759,-0.05168,0.00331,0.04938,-0.01030,-0.00422,-0.01248,0.03242,0.85627,0,0.00559,-0.00134,-0.10198,0.45275,-0.00033,-0.00165,-0.00054,0
0.7283,-0.52987,0.03763,0.00642,-0.00128,0.01070,0.00494,1.41759,-0.05182,0.00332,0.04954,-0.01019,-0.00544,-0.01190,0.03242,0.85628,0,0.00559,-0.00134,-0.10198,0.45275,-0.00033,-0.00165,-0.00054,0
0.7303,-0.52987,0.03763,0.00644,-0.00127,0.01170,0.00444,1.41759,-0.05196,0.00332,0.04972,-0.01010,-0.00653,-0.01120,0.03244,0.85623,0,0.00559,-0.00134,-0.10198,0.45275,-0.00033,-0.00165,-0.00054,0
0.7324,-0.52987,0.03763,0.00647,-0.00126,0.01257,0.00383,1.41759,-0.05211,0.00333,0.04991,-0.01002,-0.00749,-0.01037,0.03241,0.85621,0,0.00559,-0.00134,-0.10198,0.45275,-0.00033,-0.00165,-0.00054,0
0.7344,-0.52987,0.03763,0.00649,-0.00125,0.01333,0.00309,1.41759,-0.05225,0.00334,0.05013,-0.00994,-0.00832,-0.00941,0.03240,0.85620,0,0.00559,-0.00134,-0.10198,0.45275,-0.00033,-0.00165,-0.00054,0
0.7364,-0.52987,0.03763,0.00652,-0.00125,0.01397,0.00224,1.41759,-0.05239,0.00335,0.05035,-0.00989,-0.00902,-0.00832,0.03245,0.85616,0,0.00559,-0.00134,-0.10198,0.45275,-0.00033,-0.00165,-0.00054,0
0.7384,-0.52987,0.03763,0.00655,-0.00124,0.01449,0.00127,1.41759,-0.05253,0.00336,0.05059,-0.00985,-0.00960,-0.00710,0.03243,0.85617,0,0.00559,-0.00134,-0.10198,0.45275,-0.00033,-0.00165,-0.00054,0
0.7404,-0.52987,0.03763,0.00658,-0.00124,0.01489,0.00019,1.41759,-0.05268,0.00337,0.05084,-0.00983,-0.01005,-0.00602,0.03239,0.85613,0,0.00559,-0.00134,-0.10198,0.45275,-0.00033,-0.00165,-0.00054,0
0.7424,-0.52987,0.03763,0.00661,-0.00124,0.01518,-0.00078,1.41759,-0.05282,0.00338,0.05109,-0.00984,-0.01037,-0.00506,0.03240,0.85612,0,0.00559,-0.00134,-0.10198,0.45275,-0.00033,-0.00165,-0.00054,0
0.7444,-0.52987,0.03763,0.00664,-0.00124,0.01536,-0.00163,1.41759,-0.05296,0.00339,0.05135,-0.00986,-0.01056,-0.00422,0.03243,0.85613,0,0.00559,-0.00134,-0.10198,0.45275,-0.00033,-0.00165,-0.00054,0
0.7464,-0.52987,0.03763,0.00667,-0.00125,0.01541,-0.00236,1.41759,-0.05311,0.00340,0.05161,-0.00990,-0.01062,-0.00352,0.03237,0.85613,0,0.00559,-0.00134,-0.10198,0.45275,-0.00033,-0.00165,-0.00054,0
0.7484,-0.53159,0.03789,0.00646,-0.00116,0.01556,-0.00142,1.41905,-0.05325,0.00341,0.04886,-0.00895,-0.01056,-0.00294,0.03230,0.85609,0,0.00589,-0.00129,-0.10573,0.45367,0.00400,-0.00193,0.00131,0
0.7504,-0.53159,0.03789,0.00650,-0.00117,0.01538,-0.00192,1.41905,-0.05339,0.00342,0.04912,-0.00898,-0.01037,-0.00250,0.03230,0.85609,0,0.00589,-0.00129,-0.10573,0.45367,0.00400,-0.00193,0.00131,0
0.7524,-0.53159,0.03789,0.00653,-0.00117,0.01509,-0.00231,1.41905,-0.05353,0.00343,0.04938,-0.00902,-0.01005,-0.00218,0.03221,0.85609,0,0.00589,-0.00129,-0.10573,0.45367,0.00400,-0.00193,0.00131,0
0.7544,-0.53159,0.03789,0.00656,-0.00118,0.01469,-0.00258,1.41905,-0.05368,0.00343,0.04963,-0.00906,-0.00960,-0.00198,0.03223,0.85610,0,0.00589,-0.00129,-0.10573,0.45367,0.00400,-0.00193,0.00131,0
0.7564,-0.53159,0.03789,0.00658,-0.00118,0.01416,-0.00273,1.41905,-0.05382,0.00344,0.04987,-0.00911,-0.00902,-0.00192,0.03219,0.85611,0,0.00589,-0.00129,-0.10573,0.45367,0.00400,-0.00193,0.00131,0
0.7584,-0.53159,0.03789,0.00661,-0.00119,0.01352,-0.00277,1.41905,-0.05396,0.00345,0.05010,-0.00917,-0.00832,-0.00198,0.03224,0.85609,0,0.00589,-0.00129,-0.10573,0.45367,0.00400,-0.00193,0.00131,0
0.7604,-0.53159,0.03789,0.00664,-0.00119,0.01276,-0.00269,1.41905,-0.05410,0.00346,0.05031,-0.00922,-0.00749,-0.00218,0.03216,0.85607,0,0.00589,-0.00129,-0.10573,0.45367,0.00400,-0.00193,0.00131,0
0.7624,-0.53159,0.03789,0.00666,-0.00120,0.01189,-0.00249,1.41905,-0.05425,0.00347,0.05051,-0.00926,-0.00653,-0.00250,0.03216,0.85605,0,0.00589,-0.00129,-0.10573,0.45367,0.00400,-0.00193,0.00131,0
0.7644,-0.53159,0.03789,0.00669,-0.00120,0.01089,-0.00218,1.41905,-0.05439,0.00348,0.05069,-0.00931,-0.00544,-0.00294,0.03212,0.85606,0,0.00589,-0.00129,-0.10573,0.45367,0.00400,-0.00193,0.00131,0
0.7664,-0.53159,0.03789,0.00671,-0.00121,0.00978,-0.00175,1.41905,-0.05453,0.00349,0.05085,-0.00934,-0.00422,-0.00352,0.03215,0.85607,0,0.00589,-0.00129,-0.10573,0.45367,0.00400,-0.00193,0.00131,0
0.7684,-0.53159,0.03789,0.00672,-0.00121,0.00856,-0.00121,1.41905,-0.05467,0.00350,0.05099,-0.00937,-0.00313,-0.00422,0.03209,0.85605,0,0.00589,-0.00129,-0.10573,0.45367,0.00400,-0.00193,0.00131,0
0.7704,-0.53159,0.03789,0.00674,-0.00121,0.00745,-0.00055,1.41905,-0.05482,0.00351,0.05110,-0.00938,-0.00217,-0.00506,0.03206,0.85604,0,0.00589,-0.00129,-0.10573,0.45367,0.00400,-0.00193,0.00131,0
0.7724,-0.53159,0.03789,0.00675,-0.00121,0.00646,0.00023,1.41905,-0.05496,0.00352,0.05120,-0.00938,-0.00134,-0.00587,0.03211,0.85601,0,0.00589,-0.00129,-0.10573,0.45367,0.00400,-0.00193,0.00131,0
0.7744,-0.53159,0.03789,0.00677,-0.00121,0.00558,0.00099,1.41905,-0.05510,0.00353,0.05127,-0.00937,-0.00064,-0.00655,0.03210,0.85600,0,0.00589,-0.00129,-0.10573,0.45367,0.00400,-0.00193,0.00131,0
0.7764,-0.53159,0.03789,0.00678,-0.00121,0.00482,0.00163,1.41905,-0.05524,0.00353,0.05133,-0.00934,-0.00006,-0.00711,0.03212,0.85599,0,0.00589,-0.00129,-0.10573,0.45367,0.00400,-0.00193,0.00131,0
0.7784,-0.53159,0.03789,0.00679,-0.00120,0.00417,0.00216,1.41905,-0.05538,0.00354,0.05137,-0.00930,0.00039,-0.00754,0.03211,0.85596,0,0.00589,-0.00129,-0.10573,0.45367,0.00400,-0.00193,0.00131,0
0.7804,-0.53159,0.03789,0.00679,-0.00120,0.00365,0.00257,1.41905,-0.05553,0.00355,0.05141,-0.00925,0.00071,-0.00784,0.03217,0.85598,0,0.00589,-0.00129,-0.10573,0.45367,0.00400,-0.00193,0.00131,0
0.7824,-0.53159,0.03789,0.00680,-0.00119,0.00323,0.00287,1.41905,-0.05567,0.00356,0.05143,-0.00920,0.00090,-0.00801,0.03208,0.85592,0,0.00589,-0.00129,-0.10573,0.45367,0.00400,-0.00193,0.00131,0
0.7845,-0.53159,0.03789,0.00681,-0.00119,0.00294,0.00304,1.41905,-0.05582,0.00357,0.05144,-0.00913,0.00096,-0.00805,0.03211,0.85587,0,0.00589,-0.00129,-0.10573,0.45367,0.00400,-0.00193,0.00131,0
0.7865,-0.53159,0.03789,0.00681,-0.00118,0.00276,0.00311,1.41905,-0.05596,0.00358,0.05145,-0.00907,0.00090,-0.00797,0.03206,0.85586,0,0.00589,-0.00129,-0.10573,0.45367,0.00400,-0.00193,0.00131,0
0.7885,-0.53159,0.03789,0.00682,-0.00117,0.00269,0.00305,1.41905,-0.05610,0.00359,0.05146,-0.00901,0.00071,-0.00776,0.03206,0.85586,0,0.00589,-0.00129,-0.10573,0.45367,0.00400,-0.00193,0.00131,0
0.7905,-0.53159,0.03789,0.00682,-0.00117,0.00275,0.00288,1.41905,-0.05625,0.00360,0.05147,-0.00895,0.00039,-0.00742,0.03208,0.85577,0,0.00589,-0.00129,-0.10573,0.45367,0.00400,-0.00193,0.00131,0
0.7925,-0.53159,0.03789,0.00683,-0.00116,0.00292,0.00259,1.41905,-0.05639,0.00361,0.05148,-0.00889,-0.00006,-0.00695,0.03208,0.85577,0,0.00589,-0.00129,-0.10573,0.45367,0.00400,-0.00193,0.00131,0
0.7945,-0.53159,0.03789,0.00684,-0.00116,0.00320,0.00219,1.41905,-0.05653,0.00362,0.05150,-0.00884,-0.00064,-0.00635,0.03211,0.85579,0,0.00589,-0.00129,-0.10573,0.45367,0.00400,-0.00193,0.00131,0
0.7966,-0.53159,0.03789,0.00684,-0.00115,0.00360,0.00166,1.41905,-0.05667,0.00363,0.05152,-0.00880,-0.00134,-0.00563,0.03202,0.85576,0,0.00589,-0.00129,-0.10573,0.45367,0.00400,-0.00193,0.00131,0
0.7986,-0.53159,0.03789,0.00685,-0.00115,0.00412,0.00103,1.41905,-0.05682,0.00364,0.05155,-0.00877,-0.00217,-0.00503,0.03202,0.85576,0,0.00589,-0.00129,-0.10573,0.45367,0.00400,-0.00193,0.00131,0
0.8006,-0.53159,0.03789,0.00686,-0.00115,0.00475,0.00051,1.41905,-0.05696,0.00364,0.05159,-0.00875,-0.00313,-0.00457,0.03210,0.85572,0,0.00589,-0.00129,-0.10573,0.45367,0.00400,-0.00193,0.00131,0
0.8026,-0.53159,0.03789,0.00687,-0.00115,0.00550,0.00010,1.41905,-0.05710,0.00365,0.05165,-0.00874,-0.00422,-0.00423,0.03210,0.85572,0,0.00589,-0.00129,-0.10573,0.45367,0.00400,-0.00193,0.00131,0
0.8046,-0.53159,0.03789,0.00688,-0.00115,0.00637,-0.00019,1.41905,-0.05724,0.00366,0.05172,-0.00874,-0.00544,-0.00401,0.03203,0.85570,0,0.00589,-0.00129,-0.10573,0.45367,0.00400,-0.00193,0.00131,0
0.8066,-0.53159,0.03789,0.00689,-0.00115,0.00735,-0.00036,1.41905,-0.05739,0.00367,0.05181,-0.00874,-0.00653,-0.00393,0.03206,0.85570,0,0.00589,-0.00129,-0.10573,0.45367,0.00400,-0.00193,0.00131,0
0.8086,-0.53159,0.03789,0.00691,-0.00115,0.00822,-0.00042,1.41905,-0.05753,0.00368,0.05191,-0.00875,-0.00749,-0.00398,0.03206,0.85570,0,0.00589,-0.00129,-0.10573,0.45367,0.00400,-0.00193,0.00131,0
0.8106,-0.53159,0.03789,0.00693,-0.00115,0.00897,-0.00035,1.41905,-0.05767,0.00369,0.05204,-0.00875,-0.00832,-0.00415,0.03204,0.85571,0,0.00589,-0.00129,-0.10573,0.45367,0.00400,-0.00193,0.00131,0
0.8126,-0.53159,0.03789,0.00695,-0.00115,0.00960,-0.00018,1.41905,-0.05782,0.00370,0.05217,-0.00875,-0.00902,-0.00445,0.03205,0.85568,0,0.00589,-0.00129,-0.10573,0.45367,0.00400,-0.00193,0.00131,0
0.8146,-0.53373,0.03757,0.00631,-0.00087,0.00658,0.00146,1.41798,-0.05796,0.00371,0.04502,-0.00608,-0.00985,-0.00462,0.03199,0.85562,0,0.00563,-0.00074,-0.10573,0.45367,0.00400,-0.00193,0.00131,0
0.8166,-0.53373,0.03757,0.00633,-0.00087,0.00723,0.00163,1.41798,-0.05810,0.00372,0.04511,-0.00605,-0.01081,-0.00466,0.03193,0.85566,0,0.00563,-0.00074,-0.10573,0.45367,0.00400,-0.00193,0.00131,0
0.8186,-0.53373,0.03757,0.00634,-0.00086,0.00799,0.00169,1.41798,-0.05824,0.00373,0.04522,-0.00602,-0.01190,-0.00458,0.03193,0.85566,0,0.00563,-0.00074,-0.10573,0.45367,0.00400,-0.00193,0.00131,0
0.8206,-0.53373,0.03757,0.00636,-0.00086,0.00886,0.00163,1.41798,-0.05839,0.00374,0.04533,-0.00598,-0.01305,-0.00437,0.03201,0.85563,0,0.00563,-0.00074,-0.10573,0.45367,0.00400,-0.00193,0.00131,0
0.8226,-0.53373,0.03757,0.00638,-0.00086,0.00979,0.00145,1.41798,-0.05853,0.00374,0.04547,-0.00595,-0.01407,-0.00403,0.03200,0.85559,0,0.00563,-0.00074,-0.10573,0.45367,0.00400,-0.00193,0.00131,0
0.8246,-0.53373,0.03757,0.00640,-0.00085,0.01061,0.00115,1.41798,-0.05867,0.00375,0.04563,-0.00592,-0.01496,-0.00356,0.03197,0.85558,0,0.00563,-0.00074,-0.10573,0.45367,0.00400,-0.00193,0.00131,0
0.8266,-0.53373,0.03757,0.00642,-0.00085,0.01130,0.00074,1.41798,-0.05881,0.00376,0.04579,-0.00590,-0.01573,-0.00296,0.03197,0.85558,0,0.00563,-0.00074,-0.10573,0.45367,0.00400,-0.00193,0.00131,0
0.8286,-0.53373,0.03757,0.00644,-0.00085,0.01188,0.00022,1.41798,-0.05896,0.00377,0.04598,-0.00588,-0.01636,-0.00224,0.03198,0.85561,0,0.00563,-0.00074,-0.10573,0.45367,0.00400,-0.00193,0.00131,0
0.8307,-0.53373,0.03757,0.00647,-0.00085,0.01234,-0.00042,1.41798,-0.05910,0.00378,0.04617,-0.00588,-0.01687,-0.00164,0.03185,0.85560,0,0.00563,-0.00074,-0.10573,0.45367,0.00400,-0.00193,0.00131,0
0.8327,-0.53373,0.03757,0.00649,-0.00085,0.01269,-0.00095,1.41798,-0.05924,0.00379,0.04636,-0.00589,-0.01725,-0.00118,0.03189,0.85559,0,0.00563,-0.00074,-0.10573,0.45367,0.00400,-0.00193,0.00131,0
0.8347,-0.53373,0.03757,0.00652,-0.00085,0.01292,-0.00136,1.41798,-0.05939,0.00380,0.04657,-0.00591,-0.01750,-0.00084,0.03181,0.85562,0,0.00563,-0.00074,-0.10573,0.45367,0.00400,-0.00193,0.00131,0
0.8367,-0.53373,0.03757,0.00654,-0.00086,0.01303,-0.00165,1.41798,-0.05953,0.00381,0.04678,-0.00594,-0.01763,-0.00063,0.03184,0.85561,0,0.00563,-0.00074,-0.10573,0.45367,0.00400,-0.00193,0.00131,0
0.8387,-0.53373,0.03757,0.00657,-0.00086,0.01303,-0.00183,1.41798,-0.05967,0.00382,0.04698,-0.00597,-0.01762,-0.00054,0.03181,0.85562,0,0.00563,-0.00074,-0.10573,0.45367,0.00400,-0.00193,0.00131,0
0.8407,-0.53373,0.03757,0.00659,-0.00086,0.01291,-0.00189,1.41798,-0.05981,0.00383,0.04719,-0.00600,-0.01749,-0.00059,0.03180,0.85564,0,0.00563,-0.00074,-0.10573,0.45367,0.00400,-0.00193,0.00131,0
0.8427,-0.53373,0.03757,0.00662,-0.00087,0.01267,-0.00184,1.41798,-0.05996,0.00384,0.04740,-0.00604,-0.01723,-0.00076,0.03176,0.85561,0,0.00563,-0.00074,-0.10573,0.45367,0.00400,-0.00193,0.00131,0
0.8447,-0.53373,0.03757,0.00664,-0.00087,0.01231,-0.00166,1.41798,-0.06010,0.00385,0.04759,-0.00607,-0.01684,-0.00106,0.03176,0.85561,0,0.00563,-0.00074,-0.10573,0.45367,0.00400,-0.00193,0.00131,0
0.8467,-0.53373,0.03757,0.00667,-0.00087,0.01184,-0.00138,1.41798,-0.06024,0.00385,0.04778,-0.00610,-0.01633,-0.00149,0.03170,0.85562,0,0.00563,-0.00074,-0.10573,0.45367,0.00400,-0.00193,0.00131,0
0.8487,-0.53373,0.03757,0.00669,-0.00088,0.01125,-0.00097,1.41798,-0.06038,0.00386,0.04796,-0.00612,-0.01568,-0.00204,0.03167,0.85564,0,0.00563,-0.00074,-0.10573,0.45367,0.00400,-0.00193,0.00131,0
0.8507,-0.53373,0.03757,0.00671,-0.00088,0.01055,-0.00045,1.41798,-0.06053,0.00387,0.04813,-0.00613,-0.01491,-0.00247,0.03162,0.85562,0,0.00563,-0.00074,-0.10573,0.45367,0.00400,-0.00193,0.00131,0
0.8527,-0.53373,0.03757,0.00673,-0.00088,0.00973,-0.00005,1.41798,-0.06067,0.00388,0.04828,-0.00613,-0.01401,-0.00277,0.03161,0.85560,0,0.00563,-0.00074,-0.10573,0.45367,0.00400,-0.00193,0.00131,0
0.8548,-0.53373,0.03757,0.00675,-0.00088,0.00879,0.00024,1.41798,-0.06081,0.00389,0.04841,-0.00612,-0.01298,-0.00294,0.03160,0.85560,0,0.00563,-0.00074,-0.10573,0.45367,0.00400,-0.00193,0.00131,0
0.8567,-0.53373,0.03757,0.00677,-0.00088,0.00773,0.00042,1.41798,-0.06096,0.00390,0.04853,-0.00611,-0.01208,-0.00299,0.03157,0.85562,0,0.00563,-0.00074,-0.10573,0.45367,0.00400,-0.00193,0.00131,0
0.8588,-0.53373,0.03757,0.00678,-0.00088,0.00679,0.00047,1.41798,-0.06110,0.00391,0.04862,-0.00610,-0.01131,-0.00290,0.03151,0.85562,0,0.00563,-0.00074,-0.10573,0.45367,0.00400,-0.00193,0.00131,0
0.8608,-0.53373,0.03757,0.00680,-0.00088,0.00597,0.00041,1.41798,-0.06124,0.00392,0.04870,-0.00609,-0.01067,-0.00269,0.03151,0.85561,0,0.00563,-0.00074,-0.10573,0.45367,0.00400,-0.00193,0.00131,0
0.8628,-0.53373,0.03757,0.00681,-0.00088,0.00526,0.00023,1.41798,-0.06139,0.00393,0.04876,-0.00608,-0.01015,-0.00235,0.03149,0.85559,0,0.00563,-0.00074,-0.10573,0.45367,0.00400,-0.00193,0.00131,0
0.8648,-0.53373,0.03757,0.00682,-0.00088,0.00467,-0.00006,1.41798,-0.06153,0.00394,0.04881,-0.00608,-0.00976,-0.00214,0.03145,0.85558,0,0.00563,-0.00074,-0.10573,0.45367,0.00400,-0.00193,0.00131,0
0.8668,-0.53373,0.03757,0.00683,-0.00088,0.00420,-0.00024,1.41798,-0.06167,0.00395,0.04884,-0.00608,-0.00950,-0.00206,0.03140,0.85558,0,0.00563,-0.00074,-0.10573,0.45367,0.00400,-0.00193,0.00131,0
0.8688,-0.53373,0.03757,0.00683,-0.00088,0.00384,-0.00030,1.41798,-0.06181,0.00396,0.04887,-0.00608,-0.00937,-0.00210,0.03139,0.85557,0,0.00563,-0.00074,-0.10573,0.45367,0.00400,-0.00193,0.00131,0
0.8708,-0.53373,0.03757,0.00684,-0.00088,0.00360,-0.00024,1.41798,-0.06196,0.00396,0.04890,-0.00608,-0.00937,-0.00212,0.03133,0.85555,0,0.00563,-0.00074,-0.10573,0.45367,0.00400,-0.00193,0.00131,0
0.8728,-0.53373,0.03757,0.00685,-0.00088,0.00347,-0.00021,1.41798,-0.06210,0.00397,0.04892,-0.00608,-0.00949,-0.00211,0.03132,0.85555,0,0.00563,-0.00074,-0.10573,0.45367,0.00400,-0.00193,0.00131,0
0.8748,-0.53373,0.03757,0.00686,-0.00088,0.00346,-0.00020,1.41798,-0.06224,0.00398,0.04893,-0.00608,-0.00974,-0.00210,0.03131,0.85557,0,0.00563,-0.00074,-0.10573,0.45367,0.00400,-0.00193,0.00131,0
0.8769,-0.53373,0.03757,0.00686,-0.00088,0.00357,-0.00019,1.41798,-0.06239,0.00399,0.04895,-0.00608,-0.01012,-0.00209,0.03120,0.85553,0,0.00563,-0.00074,-0.10573,0.45367,0.00400,-0.00193,0.00131,0
0.8789,-0.53373,0.03757,0.00687,-0.00088,0.00379,-0.00019,1.41798,-0.06253,0.00400,0.04897,-0.00608,-0.01063,-0.00208,0.03124,0.85552,0,0.00563,-0.00074,-0.10573,0.45367,0.00400,-0.00193,0.00131,0
0.8809,-0.53373,0.03757,0.00688,-0.00088,0.00413,-0.00018,1.41798,-0.06267,0.00401,0.04900,-0.00608,-0.01127,-0.00207,0.03117,0.85554,0,0.00563,-0.00074,-0.10573,0.45367,0.00400,-0.00193,0.00131,0
0.8829,-0.53387,0.03747,0.00617,-0.00076,0.00149,0.00019,1.41908,-0.06282,0.00402,0.04196,-0.00498,-0.01203,-0.00194,0.03116,0.85552,0,0.00525,-0.00064,-0.10936,0.45354,0.00836,-0.00139,-0.00011,1
0.8849,-0.53387,0.03747,0.00618,-0.00076,0.00207,0.00008,1.41908,-0.06296,0.00403,0.04194,-0.00497,-0.01292,-0.00167,0.03110,0.85550,0,0.00525,-0.00064,-0.10936,0.45354,0.00836,-0.00139,-0.00011,1
0.8869,-0.53387,0.03747,0.00618,-0.00076,0.00277,-0.00015,1.41908,-0.06310,0.00404,0.04194,-0.00497,-0.01395,-0.00128,0.03104,0.85547,0,0.00525,-0.00064,-0.10936,0.45354,0.00836,-0.00139,-0.00011,1
0.8889,-0.53387,0.03747,0.00619,-0.00076,0.00359,-0.00049,1.41908,-0.06325,0.00405,0.04195,-0.00497,-0.01509,-0.00093,0.03101,0.85546,0,0.00525,-0.00064,-0.10936,0.45354,0.00836,-0.00139,-0.00011,1
0.8909,-0.53387,0.03747,0.00620,-0.00076,0.00452,-0.00080,1.41908,-0.06339,0.00406,0.04198,-0.00498,-0.01637,-0.00070,0.03095,0.85548,0,0.00525,-0.00064,-0.10936,0.45354,0.00836,-0.00139,-0.00011,1
0.8929,-0.53387,0.03747,0.00621,-0.00077,0.00557,-0.00099,1.41908,-0.06353,0.00406,0.04203,-0.00500,-0.01777,-0.00061,0.03088,0.85545,0,0.00525,-0.00064,-0.10936,0.45354,0.00836,-0.00139,-0.00011,1
0.8950,-0.53387,0.03747,0.00622,-0.00077,0.00674,-0.00107,1.41908,-0.06367,0.00407,0.04210,-0.00501,-0.01931,-0.00064,0.03089,0.85549,0,0.00525,-0.00064,-0.10936,0.45354,0.00836,-0.00139,-0.00011,1
0.8970,-0.53387,0.03747,0.00623,-0.00077,0.00802,-0.00102,1.41908,-0.06382,0.00408,0.04219,-0.00503,-0.02091,-0.00080,0.03080,0.85548,0,0.00525,-0.00064,-0.10936,0.45354,0.00836,-0.00139,-0.00011,1
0.8990,-0.53387,0.03747,0.00625,-0.00077,0.00936,-0.00087,1.41908,-0.06396,0.00409,0.04231,-0.00505,-0.02238,-0.00095,0.03075,0.85546,0,0.00525,-0.00064,-0.10936,0.45354,0.00836,-0.00139,-0.00011,1
0.9010,-0.53387,0.03747,0.00627,-0.00077,0.01059,-0.00071,1.41908,-0.06410,0.00410,0.04246,-0.00506,-0.02372,-0.00099,0.03070,0.85545,0,0.00525,-0.00064,-0.10936,0.45354,0.00836,-0.00139,-0.00011,1
0.9030,-0.53387,0.03747,0.00629,-0.00078,0.01170,-0.00067,1.41908,-0.06425,0.00411,0.04262,-0.00507,-0.02494,-0.00096,0.03069,0.85548,0,0.00525,-0.00064,-0.10936,0.45354,0.00836,-0.00139,-0.00011,1
0.9050,-0.53387,0.03747,0.00632,-0.00078,0.01269,-0.00068,1.41908,-0.06439,0.00412,0.04281,-0.00508,-0.02603,-0.00096,0.03060,0.85546,0,0.00525,-0.00064,-0.10936,0.45354,0.00836,-0.00139,-0.00011,1
0.9070,-0.53387,0.03747,0.00634,-0.00078,0.01357,-0.00066,1.41908,-0.06453,0.00413,0.04302,-0.00509,-0.02699,-0.00096,0.03064,0.85545,0,0.00525,-0.00064,-0.10936,0.45354,0.00836,-0.00139,-0.00011,1
0.9090,-0.53387,0.03747,0.00637,-0.00078,0.01433,-0.00065,1.41908,-0.06467,0.00414,0.04324,-0.00510,-0.02782,-0.00096,0.03056,0.85545,0,0.00525,-0.00064,-0.10936,0.45354,0.00836,-0.00139,-0.00011,1
0.9110,-0.53387,0.03747,0.00640,-0.00078,0.01497,-0.00063,1.41908,-0.06482,0.00415,0.04348,-0.00511,-0.02852,-0.00096,0.03054,0.85548,0,0.00525,-0.00064,-0.10936,0.45354,0.00836,-0.00139,-0.00011,1
0.9130,-0.53387,0.03747,0.00643,-0.00078,0.01549,-0.00062,1.41908,-0.06496,0.00416,0.04373,-0.00512,-0.02910,-0.00096,0.03050,0.85546,0,0.00525,-0.00064,-0.10936,0.45354,0.00836,-0.00139,-0.00011,1
0.9150,-0.53387,0.03747,0.00646,-0.00078,0.01590,-0.00060,1.41908,-0.06510,0.00417,0.04398,-0.00513,-0.02955,-0.00096,0.03047,0.85547,0,0.00525,-0.00064,-0.10936,0.45354,0.00836,-0.00139,-0.00011,1
0.9170,-0.53387,0.03747,0.00649,-0.00078,0.01619,-0.00059,1.41908,-0.06524,0.00417,0.04425,-0.00513,-0.02987,-0.00096,0.03043,0.85546,0,0.00525,-0.00064,-0.10936,0.45354,0.00836,-0.00139,-0.00011,1
0.9190,-0.53387,0.03747,0.00653,-0.00079,0.01637,-0.00058,1.41908,-0.06538,0.00418,0.04452,-0.00514,-0.03006,-0.00096,0.03044,0.85549,0,0.00525,-0.00064,-0.10936,0.45354,0.00836,-0.00139,-0.00011,1
0.9210,-0.53387,0.03747,0.00656,-0.00079,0.01642,-0.00056,1.41908,-0.06553,0.00419,0.04479,-0.00515,-0.03012,-0.00096,0.03039,0.85548,0,0.00525,-0.00064,-0.10936,0.45354,0.00836,-0.00139,-0.00011,1
0.9230,-0.53387,0.03747,0.00659,-0.00079,0.01636,-0.00055,1.41908,-0.06567,0.00420,0.04506,-0.00516,-0.03006,-0.00096,0.03042,0.85547,0,0.00525,-0.00064,-0.10936,0.45354,0.00836,-0.00139,-0.00011,1
0.9250,-0.53387,0.03747,0.00663,-0.00079,0.01619,-0.00054,1.41908,-0.06581,0.00421,0.04532,-0.00517,-0.02987,-0.00095,0.03030,0.85544,0,0.00525,-0.00064,-0.10936,0.45354,0.00836,-0.00139,-0.00011,1
0.9270,-0.53387,0.03747,0.00666,-0.00079,0.01589,-0.00053,1.41908,-0.06595,0.00422,0.04559,-0.00517,-0.02955,-0.00095,0.03029,0.85551,0,0.00525,-0.00064,-0.10936,0.45354,0.00836,-0.00139,-0.00011,1
0.9290,-0.53387,0.03747,0.00669,-0.00079,0.01548,-0.00051,1.41908,-0.06610,0.00423,0.04584,-0.00518,-0.02910,-0.00095,0.03026,0.85551,0,0.00525,-0.00064,-0.10936,0.45354,0.00836,-0.00139,-0.00011,1
0.9310,-0.53387,0.03747,0.00672,-0.00079,0.01496,-0.00050,1.41908,-0.06624,0.00424,0.04609,-0.00519,-0.02852,-0.00095,0.03019,0.85553,0,0.00525,-0.00064,-0.10936,0.45354,0.00836,-0.00139,-0.00011,1
0.9330,-0.53387,0.03747,0.00675,-0.00079,0.01431,-0.00049,1.41908,-0.06638,0.00425,0.04632,-0.00519,-0.02782,-0.00095,0.03019,0.85550,0,0.00525,-0.00064,-0.10936,0.45354,0.00836,-0.00139,-0.00011,1
0.9350,-0.53387,0.03747,0.00678,-0.00079,0.01355,-0.00048,1.41908,-0.06652,0.00426,0.04655,-0.00520,-0.02699,-0.00094,0.03012,0.85552,0,0.00525,-0.00064,-0.10936,0.45354,0.00836,-0.00139,-0.00011,1
0.9370,-0.53387,0.03747,0.00680,-0.00079,0.01267,-0.00047,1.41908,-0.06667,0.00427,0.04675,-0.00520,-0.02603,-0.00094,0.03009,0.85551,0,0.00525,-0.00064,-0.10936,0.45354,0.00836,-0.00139,-0.00011,1
0.9390,-0.53387,0.03747,0.00683,-0.00080,0.01168,-0.00046,1.41908,-0.06681,0.00427,0.04694,-0.00521,-0.02494,-0.00094,0.03010,0.85549,0,0.00525,-0.00064,-0.10936,0.45354,0.00836,-0.00139,-0.00011,1
0.9410,-0.53387,0.03747,0.00685,-0.00080,0.01057,-0.00044,1.41908,-0.06695,0.00428,0.04710,-0.00522,-0.02372,-0.00093,0.03003,0.85552,0,0.00525,-0.00064,-0.10936,0.45354,0.00836,-0.00139,-0.00011,1
0.9430,-0.53387,0.03747,0.00687,-0.00080,0.00934,-0.00043,1.41908,-0.06709,0.00429,0.04724,-0.00522,-0.02238,-0.00093,0.03001,0.85552,0,0.00525,-0.00064,-0.10936,0.45354,0.00836,-0.00139,-0.00011,1
0.9450,-0.53387,0.03747,0.00689,-0.00080,0.00800,-0.00042,1.41908,-0.06724,0.00430,0.04736,-0.00523,-0.02091,-0.00092,0.02995,0.85551,0,0.00525,-0.00064,-0.10936,0.45354,0.00836,-0.00139,-0.00011,1
0.9471,-0.53387,0.03747,0.00690,-0.00080,0.00653,-0.00041,1.41908,-0.06738,0.00431,0.04745,-0.00523,-0.01956,-0.00092,0.02992,0.85553,0,0.00525,-0.00064,-0.10936,0.45354,0.00836,-0.00139,-0.00011,1
0.9491,-0.53387,0.03747,0.00691,-0.00080,0.00519,-0.00040,1.41908,-0.06752,0.00432,0.04751,-0.00524,-0.01835,-0.00091,0.02986,0.85553,0,0.00525,-0.00064,-0.10936,0.45354,0.00836,-0.00139,-0.00011,1
0.9511,-0.53667,0.03822,0.00704,-0.00067,0.00618,0.00006,1.41800,-0.06767,0.00433,0.04762,-0.00366,-0.01726,-0.00078,0.02989,0.85549,0,0.00650,-0.00054,-0.10936,0.45354,0.00836,-0.00139,-0.00011,1
0.9531,-0.53667,0.03822,0.00705,-0.00067,0.00506,-0.00005,1.41800,-0.06781,0.00434,0.04768,-0.00366,-0.01630,-0.00052,0.02983,0.85548,0,0.00650,-0.00054,-0.10936,0.45354,0.00836,-0.00139,-0.00011,1
0.9551,-0.53667,0.03822,0.00706,-0.00067,0.00406,-0.00027,1.41800,-0.06795,0.00435,0.04771,-0.00366,-0.01547,-0.00013,0.02976,0.85549,0,0.00650,-0.00054,-0.10936,0.45354,0.00836,-0.00139,-0.00011,1
0.9571,-0.53667,0.03822,0.00707,-0.00067,0.00318,-0.00062,1.41800,-0.06810,0.00436,0.04773,-0.00367,-0.01476,0.00038,0.02976,0.85548,0,0.00650,-0.00054,-0.10936,0.45354,0.00836,-0.00139,-0.00011,1
0.9591,-0.53667,0.03822,0.00708,-0.00067,0.00241,-0.00107,1.41800,-0.06824,0.00437,0.04773,-0.00368,-0.01419,0.00077,0.02968,0.85552,0,0.00650,-0.00054,-0.10936,0.45354,0.00836,-0.00139,-0.00011,1
0.9611,-0.53667,0.03822,0.00708,-0.00068,0.00176,-0.00141,1.41800,-0.06838,0.00438,0.04771,-0.00370,-0.01374,0.00103,0.02968,0.85550,0,0.00650,-0.00054,-0.10936,0.45354,0.00836,-0.00139,-0.00011,1
0.9631,-0.53667,0.03822,0.00708,-0.00068,0.00123,-0.00164,1.41800,-0.06852,0.00438,0.04769,-0.00373,-0.01342,0.00117,0.02961,0.85550,0,0.00650,-0.00054,-0.10936,0.45354,0.00836,-0.00139,-0.00011,1
0.9651,-0.53667,0.03822,0.00709,-0.00068,0.00081,-0.00175,1.41800,-0.06867,0.00439,0.04765,-0.00376,-0.01323,0.00117,0.02961,0.85547,0,0.00650,-0.00054,-0.10936,0.45354,0.00836,-0.00139,-0.00011,1
0.9671,-0.53667,0.03822,0.00709,-0.00069,0.00051,-0.00174,1.41800,-0.06881,0.00440,0.04761,-0.00379,-0.01316,0.00105,0.02953,0.85550,0,0.00650,-0.00054,-0.10936,0.45354,0.00836,-0.00139,-0.00011,1
0.9691,-0.53667,0.03822,0.00709,-0.00069,0.00033,-0.00162,1.41800,-0.06895,0.00441,0.04757,-0.00382,-0.01323,0.00080,0.02946,0.85549,0,0.00650,-0.00054,-0.10936,0.45354,0.00836,-0.00139,-0.00011,1
0.9711,-0.53667,0.03822,0.00709,-0.00069,0.00026,-0.00137,1.41800,-0.06909,0.00442,0.04752,-0.00384,-0.01342,0.00058,0.02942,0.85548,0,0.00650,-0.00054,-0.10936,0.45354,0.00836,-0.00139,-0.00011,1
0.9731,-0.53667,0.03822,0.00709,-0.00070,0.00031,-0.00116,1.41800,-0.06923,0.00443,0.04747,-0.00386,-0.01374,0.00049,0.02939,0.85551,0,0.00650,-0.00054,-0.10936,0.45354,0.00836,-0.00139,-0.00011,1
0.9751,-0.53667,0.03822,0.00709,-0.00070,0.00047,-0.00107,1.41800,-0.06938,0.00444,0.04742,-0.00388,-0.01419,0.00053,0.02933,0.85551,0,0.00650,-0.00054,-0.10936,0.45354,0.00836,-0.00139,-0.00011,1
0.9771,-0.53667,0.03822,0.00709,-0.00070,0.00075,-0.00109,1.41800,-0.06952,0.00445,0.04738,-0.00390,-0.01476,0.00055,0.02928,0.85550,0,0.00650,-0.00054,-0.10936,0.45354,0.00836,-0.00139,-0.00011,1
0.9791,-0.53667,0.03822,0.00709,-0.00070,0.00115,-0.00110,1.41800,-0.06966,0.00446,0.04734,-0.00392,-0.01547,0.00054,0.02923,0.85550,0,0.00650,-0.00054,-0.10936,0.45354,0.00836,-0.00139,-0.00011,1
0.9811,-0.53667,0.03822,0.00710,-0.00070,0.00166,-0.00108,1.41800,-0.06980,0.00447,0.04731,-0.00394,-0.01630,0.00053,0.02922,0.85549,0,0.00650,-0.00054,-0.10936,0.45354,0.00836,-0.00139,-0.00011,1
0.9831,-0.53667,0.03822,0.00710,-0.00071,0.00229,-0.00106,1.41800,-0.06995,0.00448,0.04729,-0.00395,-0.01726,0.00052,0.02912,0.85548,0,0.00650,-0.00054,-0.10936,0.45354,0.00836,-0.00139,-0.00011,1
0.9851,-0.53667,0.03822,0.00710,-0.00071,0.00304,-0.00104,1.41800,-0.07009,0.00448,0.04729,-0.00397,-0.01835,0.00051,0.02906,0.85549,0,0.00650,-0.00054,-0.10936,0.45354,0.00836,-0.00139,-0.00011,1
0.9871,-0.53667,0.03822,0.00711,-0.00071,0.00390,-0.00102,1.41800,-0.07023,0.00449,0.04730,-0.00399,-0.01956,0.00051,0.02902,0.85547,0,0.00650,-0.00054,-0.10936,0.45354,0.00836,-0.00139,-0.00011,1
0.9891,-0.53667,0.03822,0.00712,-0.00071,0.00488,-0.00100,1.41800,-0.07037,0.00450,0.04733,-0.00400,-0.02091,0.00050,0.02897,0.85548,0,0.00650,-0.00054,-0.10936,0.45354,0.00836,-0.00139,-0.00011,1
0.9911,-0.53667,0.03822,0.00713,-0.00071,0.00597,-0.00098,1.41800,-0.07052,0.00451,0.04738,-0.00402,-0.02238,0.00049,0.02891,0.85550,0,0.00650,-0.00054,-0.10936,0.45354,0.00836,-0.00139,-0.00011,1
0.9931,-0.53667,0.03822,0.00714,-0.00072,0.00718,-0.00096,1.41800,-0.07066,0.00452,0.04746,-0.00403,-0.02372,0.00049,0.02890,0.85552,0,0.00650,-0.00054,-0.10936,0.45354,0.00836,-0.00139,-0.00011,1
0.9951,-0.53667,0.03822,0.00716,-0.00072,0.00828,-0.00094,1.41800,-0.07080,0.00453,0.04755,-0.00405,-0.02494,0.00048,0.02881,0.85549,0,0.00650,-0.00054,-0.10936,0.45354,0.00836,-0.00139,-0.00011,1
0.9971,-0.53667,0.03822,0.00718,-0.00072,0.00926,-0.00092,1.41800,-0.07094,0.00454,0.04767,-0.00406,-0.02603,0.00047,0.02876,0.85550,0,0.00650,-0.00054,-0.10936,0.45354,0.00836,-0.00139,-0.00011,1
0.9991,-0.53667,0.03822,0.00720,-0.00072,0.01012,-0.00091,1.41800,-0.07108,0.00455,0.04780,-0.00408,-0.02699,0.00047,0.02874,0.85552,0,0.00650,-0.00054,-0.10936,0.45354,0.00836,-0.00139,-0.00011,1
1.0011,-0.53667,0.03822,0.00722,-0.00072,0.01086,-0.00089,1.41800,-0.07123,0.00456,0.04795,-0.00409,-0.02782,0.00046,0.02864,0.85551,0,0.00650,-0.00054,-0.10936,0.45354,0.00836,-0.00139,-0.00011,1
1.0031,-0.53667,0.03822,0.00724,-0.00073,0.01149,-0.00087,1.41800,-0.07137,0.00457,0.04811,-0.00411,-0.02852,0.00046,0.02859,0.85550,0,0.00650,-0.00054,-0.10936,0.45354,0.00836,-0.00139,-0.00011,1
1.0051,-0.53667,0.03822,0.00726,-0.00073,0.01200,-0.00085,1.41800,-0.07151,0.00458,0.04829,-0.00412,-0.02910,0.00046,0.02858,0.85552,0,0.00650,-0.00054,-0.10936,0.45354,0.00836,-0.00139,-0.00011,1
1.0071,-0.53667,0.03822,0.00729,-0.00073,0.01239,-0.00084,1.41800,-0.07165,0.00458,0.04847,-0.00413,-0.02955,0.00045,0.02849,0.85553,0,0.00650,-0.00054,-0.10936,0.45354,0.00836,-0.00139,-0.00011,1
1.0091,-0.53667,0.03822,0.00731,-0.00073,0.01267,-0.00082,1.41800,-0.07180,0.00459,0.04866,-0.00415,-0.02987,0.00045,0.02849,0.85554,0,0.00650,-0.00054,-0.10936,0.45354,0.00836,-0.00139,-0.00011,1
1.0111,-0.53667,0.03822,0.00734,-0.00073,0.01283,-0.00080,1.41800,-0.07194,0.00460,0.04885,-0.00416,-0.03006,0.00044,0.02847,0.85552,0,0.00650,-0.00054,-0.10936,0.45354,0.00836,-0.00139,-0.00011,1
1.0131,-0.53667,0.03822,0.00736,-0.00073,0.01287,-0.00079,1.41800,-0.07208,0.00461,0.04905,-0.00417,-0.03012,0.00044,0.02839,0.85553,0,0.00650,-0.00054,-0.10936,0.45354,0.00836,-0.00139,-0.00011,1
1.0151,-0.53667,0.03822,0.00739,-0.00074,0.01280,-0.00077,1.41800,-0.07222,0.00462,0.04924,-0.00418,-0.03006,0.00044,0.02834,0.85553,0,0.00650,-0.00054,-0.10936,0.45354,0.00836,-0.00139,-0.00011,1
1.0171,-0.53667,0.03822,0.00742,-0.00074,0.01261,-0.00076,1.41800,-0.07237,0.00463,0.04943,-0.00419,-0.02987,0.00044,0.02830,0.85556,0,0.00650,-0.00054,-0.10936,0.45354,0.00836,-0.00139,-0.00011,1
1.0191,-0.53772,0.03740,0.00769,-0.00061,0.01378,-0.00035,1.41756,-0.07251,0.00464,0.05164,-0.00331,-0.02955,0.00056,0.02830,0.85554,0,0.00757,-0.00047,-0.10583,0.45447,0.00531,-0.00315,-0.00159,1
1.0211,-0.53772,0.03740,0.00772,-0.00062,0.01335,-0.00045,1.41756,-0.07265,0.00465,0.05185,-0.00331,-0.02910,0.00082,0.02825,0.85553,0,0.00757,-0.00047,-0.10583,0.45447,0.00531,-0.00315,-0.00159,1
1.0232,-0.53772,0.03740,0.00774,-0.00062,0.01281,-0.00067,1.41756,-0.07280,0.00466,0.05205,-0.00332,-0.02852,0.00120,0.02819,0.85552,0,0.00757,-0.00047,-0.10583,0.45447,0.00531,-0.00315,-0.00159,1
1.0252,-0.53772,0.03740,0.00777,-0.00062,0.01214,-0.00100,1.41756,-0.07294,0.00467,0.05224,-0.00333,-0.02782,0.00145,0.02814,0.85554,0,0.00757,-0.00047,-0.10583,0.45447,0.00531,-0.00315,-0.00159,1
1.0272,-0.53772,0.03740,0.00779,-0.00062,0.01136,-0.00122,1.41756,-0.07308,0.00468,0.05241,-0.00335,-0.02699,0.00158,0.02811,0.85553,0,0.00757,-0.00047,-0.10583,0.45447,0.00531,-0.00315,-0.00159,1
1.0292,-0.53772,0.03740,0.00781,-0.00062,0.01047,-0.00133,1.41756,-0.07322,0.00468,0.05256,-0.00337,-0.02603,0.00158,0.02802,0.85556,0,0.00757,-0.00047,-0.10583,0.45447,0.00531,-0.00315,-0.00159,1
1.0312,-0.53772,0.03740,0.00783,-0.00063,0.00946,-0.00131,1.41756,-0.07337,0.00469,0.05270,-0.00340,-0.02494,0.00145,0.02797,0.85554,0,0.00757,-0.00047,-0.10583,0.45447,0.00531,-0.00315,-0.00159,1
1.0332,-0.53772,0.03740,0.00785,-0.00063,0.00833,-0.00118,1.41756,-0.07351,0.00470,0.05282,-0.00342,-0.02372,0.00129,0.02798,0.85557,0,0.00757,-0.00047,-0.10583,0.45447,0.00531,-0.00315,-0.00159,1
1.0352,-0.53772,0.03740,0.00787,-0.00063,0.00708,-0.00103,1.41756,-0.07365,0.00471,0.05291,-0.00344,-0.02238,0.00125,0.02793,0.85557,0,0.00757,-0.00047,-0.10583,0.45447,0.00531,-0.00315,-0.00159,1
1.0372,-0.53772,0.03740,0.00788,-0.00063,0.00572,-0.00099,1.41756,-0.07379,0.00472,0.05298,-0.00345,-0.02091,0.00127,0.02789,0.85559,0,0.00757,-0.00047,-0.10583,0.45447,0.00531,-0.00315,-0.00159,1
1.0392,-0.53772,0.03740,0.00789,-0.00063,0.00424,-0.00099,1.41756,-0.07394,0.00473,0.05302,-0.00347,-0.01956,0.00126,0.02781,0.85556,0,0.00757,-0.00047,-0.10583,0.45447,0.00531,-0.00315,-0.00159,1
1.0412,-0.53772,0.03740,0.00789,-0.00064,0.00288,-0.00097,1.41756,-0.07408,0.00474,0.05303,-0.00348,-0.01835,0.00126,0.02777,0.85555,0,0.00757,-0.00047,-0.10583,0.45447,0.00531,-0.00315,-0.00159,1
1.0432,-0.53772,0.03740,0.00790,-0.00064,0.00163,-0.00096,1.41756,-0.07422,0.00475,0.05301,-0.00350,-0.01726,0.00125,0.02781,0.85557,0,0.00757,-0.00047,-0.10583,0.45447,0.00531,-0.00315,-0.00159,1
1.0452,-0.53772,0.03740,0.00790,-0.00064,0.00050,-0.00094,1.41756,-0.07436,0.00476,0.05297,-0.00351,-0.01630,0.00125,0.02773,0.85557,0,0.00757,-0.00047,-0.10583,0.45447,0.00531,-0.00315,-0.00159,1
1.0472,-0.53772,0.03740,0.00790,-0.00064,-0.00051,-0.00092,1.41756,-0.07450,0.00477,0.05291,-0.00353,-0.01547,0.00124,0.02774,0.85556,0,0.00757,-0.00047,-0.10583,0.45447,0.00531,-0.00315,-0.00159,1
1.0492,-0.53772,0.03740,0.00790,-0.00064,-0.00141,-0.00091,1.41756,-0.07465,0.00478,0.05284,-0.00354,-0.01476,0.00123,0.02769,0.85557,0,0.00757,-0.00047,-0.10583,0.45447,0.00531,-0.00315,-0.00159,1
1.0512,-0.53772,0.03740,0.00790,-0.00065,-0.00219,-0.00089,1.41756,-0.07479,0.00479,0.05274,-0.00356,-0.01419,0.00123,0.02763,0.85556,0,0.00757,-0.00047,-0.10583,0.45447,0.00531,-0.00315,-0.00159,1
1.0532,-0.53772,0.03740,0.00789,-0.00065,-0.00286,-0.00087,1.41756,-0.07493,0.00479,0.05263,-0.00357,-0.01374,0.00123,0.02759,0.85557,0,0.00757,-0.00047,-0.10583,0.45447,0.00531,-0.00315,-0.00159,1
1.0552,-0.53772,0.03740,0.00788,-0.00065,-0.00340,-0.00086,1.41756,-0.07507,0.00480,0.05251,-0.00358,-0.01342,0.00122,0.02756,0.85555,0,0.00757,-0.00047,-0.10583,0.45447,0.00531,-0.00315,-0.00159,1
1.0572,-0.53772,0.03740,0.00788,-0.00065,-0.00383,-0.00084,1.41756,-0.07522,0.00481,0.05238,-0.00359,-0.01323,0.00122,0.02753,0.85558,0,0.00757,-0.00047,-0.10583,0.45447,0.00531,-0.00315,-0.00159,1
1.0592,-0.53772,0.03740,0.00787,-0.00065,-0.00415,-0.00083,1.41756,-0.07536,0.00482,0.05224,-0.00361,-0.01316,0.00121,0.02745,0.85557,0,0.00757,-0.00047,-0.10583,0.45447,0.00531,-0.00315,-0.00159,1
1.0612,-0.53772,0.03740,0.00786,-0.00065,-0.00435,-0.00081,1.41756,-0.07550,0.00483,0.05209,-0.00362,-0.01323,0.00121,0.02741,0.85557,0,0.00757,-0.00047,-0.10583,0.45447,0.00531,-0.00315,-0.00159,1
1.0632,-0.53772,0.03740,0.00785,-0.00066,-0.00443,-0.00080,1.41756,-0.07564,0.00484,0.05195,-0.00363,-0.01342,0.00121,0.02737,0.85555,0,0.00757,-0.00047,-0.10583,0.45447,0.00531,-0.00315,-0.00159,1
1.0652,-0.53772,0.03740,0.00784,-0.00066,-0.00439,-0.00078,1.41756,-0.07579,0.00485,0.05180,-0.00364,-0.01374,0.00121,0.02732,0.85558,0,0.00757,-0.00047,-0.10583,0.45447,0.00531,-0.00315,-0.00159,1
1.0672,-0.53772,0.03740,0.00783,-0.00066,-0.00424,-0.00077,1.41756,-0.07593,0.00486,0.05165,-0.00365,-0.01419,0.00120,0.02728,0.85558,0,0.00757,-0.00047,-0.10583,0.45447,0.00531,-0.00315,-0.00159,1
1.0692,-0.53772,0.03740,0.00783,-0.00066,-0.00398,-0.00076,1.41756,-0.07607,0.00487,0.05151,-0.00367,-0.01476,0.00120,0.02725,0.85558,0,0.00757,-0.00047,-0.10583,0.45447,0.00531,-0.00315,-0.00159,1
1.0712,-0.53772,0.03740,0.00782,-0.00066,-0.00359,-0.00074,1.41756,-0.07621,0.00488,0.05138,-0.00368,-0.01547,0.00120,0.02720,0.85557,0,0.00757,-0.00047,-0.10583,0.45447,0.00531,-0.00315,-0.00159,1
1.0732,-0.53772,0.03740,0.00781,-0.00066,-0.00309,-0.00073,1.41756,-0.07636,0.00489,0.05125,-0.00369,-0.01630,0.00120,0.02718,0.85557,0,0.00757,-0.00047,-0.10583,0.45447,0.00531,-0.00315,-0.00159,1
1.0752,-0.53772,0.03740,0.00781,-0.00066,-0.00247,-0.00072,1.41756,-0.07650,0.00489,0.05113,-0.00370,-0.01726,0.00120,0.02706,0.85559,0,0.00757,-0.00047,-0.10583,0.45447,0.00531,-0.00315,-0.00159,1
1.0772,-0.53772,0.03740,0.00780,-0.00067,-0.00174,-0.00070,1.41756,-0.07664,0.00490,0.05103,-0.00371,-0.01835,0.00120,0.02706,0.85556,0,0.00757,-0.00047,-0.10583,0.45447,0.00531,-0.00315,-0.00159,1
1.0792,-0.53772,0.03740,0.00780,-0.00067,-0.00089,-0.00069,1.41756,-0.07678,0.00491,0.05094,-0.00372,-0.01956,0.00120,0.02702,0.85559,0,0.00757,-0.00047,-0.10583,0.45447,0.00531,-0.00315,-0.00159,1
1.0812,-0.53772,0.03740,0.00780,-0.00067,0.00008,-0.00068,1.41756,-0.07693,0.00492,0.05087,-0.00373,-0.02091,0.00119,0.02696,0.85560,0,0.00757,-0.00047,-0.10583,0.45447,0.00531,-0.00315,-0.00159,1
1.0833,-0.53872,0.03772,0.00822,-0.00064,0.00034,-0.00056,1.42018,-0.07707,0.00493,0.05451,-0.00334,-0.02238,0.00132,0.02692,0.85561,0,0.00877,-0.00058,-0.10543,0.45410,0.00491,-0.00291,-0.00211,1
1.0868,-0.53872,0.03772,0.00822,-0.00064,0.00153,-0.00067,1.42018,-0.07732,0.00495,0.05442,-0.00334,-0.02372,0.00158,0.02684,0.85561,0,0.00877,-0.00058,-0.10543,0.45410,0.00491,-0.00291,-0.00211,1
1.0888,-0.53872,0.03772,0.00822,-0.00065,0.00260,-0.00089,1.42018,-0.07746,0.00496,0.05440,-0.00335,-0.02494,0.00171,0.02676,0.85561,0,0.00877,-0.00058,-0.10543,0.45410,0.00491,-0.00291,-0.00211,1
1.0908,-0.53872,0.03772,0.00823,-0.00065,0.00356,-0.00099,1.42018,-0.07761,0.00497,0.05440,-0.00337,-0.02603,0.00171,0.02673,0.85559,0,0.00877,-0.00058,-0.10543,0.45410,0.00491,-0.00291,-0.00211,1
1.0928,-0.53872,0.03772,0.00824,-0.00065,0.00440,-0.00098,1.42018,-0.07775,0.00497,0.05442,-0.00338,-0.02699,0.00159,0.02670,0.85561,0,0.00877,-0.00058,-0.10543,0.45410,0.00491,-0.00291,-0.00211,1
1.0948,-0.53872,0.03772,0.00825,-0.00065,0.00513,-0.00087,1.42018,-0.07789,0.00498,0.05445,-0.00340,-0.02782,0.00159,0.02668,0.85560,0,0.00877,-0.00058,-0.10543,0.45410,0.00491,-0.00291,-0.00211,1
1.0968,-0.53872,0.03772,0.00826,-0.00065,0.00574,-0.00085,1.42018,-0.07804,0.00499,0.05449,-0.00341,-0.02852,0.00158,0.02664,0.85561,0,0.00877,-0.00058,-0.10543,0.45410,0.00491,-0.00291,-0.00211,1
1.0988,-0.53872,0.03772,0.00827,-0.00065,0.00623,-0.00084,1.42018,-0.07818,0.00500,0.05455,-0.00342,-0.02910,0.00158,0.02658,0.85561,0,0.00877,-0.00058,-0.10543,0.45410,0.00491,-0.00291,-0.00211,1
1.1008,-0.53872,0.03772,0.00828,-0.00066,0.00661,-0.00082,1.42018,-0.07832,0.00501,0.05461,-0.00343,-0.02955,0.00158,0.02653,0.85564,0,0.00877,-0.00058,-0.10543,0.45410,0.00491,-0.00291,-0.00211,1
1.1028,-0.53872,0.03772,0.00829,-0.00066,0.00687,-0.00081,1.42018,-0.07846,0.00502,0.05468,-0.00345,-0.02987,0.00157,0.02649,0.85563,0,0.00877,-0.00058,-0.10543,0.45410,0.00491,-0.00291,-0.00211,1
1.1048,-0.53872,0.03772,0.00831,-0.00066,0.00701,-0.00079,1.42018,-0.07861,0.00503,0.05475,-0.00346,-0.03006,0.00157,0.02638,0.85563,0,0.00877,-0.00058,-0.10543,0.45410,0.00491,-0.00291,-0.00211,1
1.1068,-0.53872,0.03772,0.00832,-0.00066,0.00703,-0.00078,1.42018,-0.07875,0.00504,0.05483,-0.00347,-0.03012,0.00157,0.02637,0.85566,0,0.00877,-0.00058,-0.10543,0.45410,0.00491,-0.00291,-0.00211,1
1.1088,-0.53872,0.03772,0.00834,-0.00066,0.00694,-0.00076,1.42018,-0.07889,0.00505,0.05490,-0.00348,-0.03006,0.00157,0.02635,0.85562,0,0.00877,-0.00058,-0.10543,0.45410,0.00491,-0.00291,-0.00211,1
1.1108,-0.53872,0.03772,0.00835,-0.00066,0.00674,-0.00075,1.42018,-0.07903,0.00506,0.05497,-0.00349,-0.02987,0.00156,0.02630,0.85565,0,0.00877,-0.00058,-0.10543,0.45410,0.00491,-0.00291,-0.00211,1
1.1128,-0.53872,0.03772,0.00836,-0.00067,0.00641,-0.00074,1.42018,-0.07918,0.00507,0.05504,-0.00350,-0.02955,0.00156,0.02628,0.85565,0,0.00877,-0.00058,-0.10543,0.45410,0.00491,-0.00291,-0.00211,1
1.1148,-0.53872,0.03772,0.00838,-0.00067,0.00597,-0.00072,1.42018,-0.07932,0.00508,0.05510,-0.00351,-0.02910,0.00156,0.02620,0.85566,0,0.00877,-0.00058,-0.10543,0.45410,0.00491,-0.00291,-0.00211,1
1.1168,-0.53872,0.03772,0.00839,-0.00067,0.00542,-0.00071,1.42018,-0.07946,0.00508,0.05515,-0.00352,-0.02852,0.00156,0.02618,0.85565,0,0.00877,-0.00058,-0.10543,0.45410,0.00491,-0.00291,-0.00211,1
1.1188,-0.53872,0.03772,0.00840,-0.00067,0.00474,-0.00070,1.42018,-0.07960,0.00509,0.05518,-0.00353,-0.02782,0.00156,0.02609,0.85565,0,0.00877,-0.00058,-0.10543,0.45410,0.00491,-0.00291,-0.00211,1
1.1208,-0.53872,0.03772,0.00841,-0.00067,0.00395,-0.00069,1.42018,-0.07975,0.00510,0.05521,-0.00354,-0.02699,0.00156,0.02613,0.85565,0,0.00877,-0.00058,-0.10543,0.45410,0.00491,-0.00291,-0.00211,1
1.1229,-0.53872,0.03772,0.00841,-0.00067,0.00305,-0.00067,1.42018,-0.07989,0.00511,0.05521,-0.00355,-0.02603,0.00156,0.02602,0.85566,0,0.00877,-0.00058,-0.10543,0.45410,0.00491,-0.00291,-0.00211,1
1.1249,-0.53872,0.03772,0.00842,-0.00067,0.00202,-0.00066,1.42018,-0.08003,0.00512,0.05520,-0.00356,-0.02494,0.00156,0.02598,0.85566,0,0.00877,-0.00058,-0.10543,0.45410,0.00491,-0.00291,-0.00211,1
1.1269,-0.53872,0.03772,0.00842,-0.00068,0.00088,-0.00065,1.42018,-0.08018,0.00513,0.05516,-0.00357,-0.02398,0.00156,0.02590,0.85562,0,0.00877,-0.00058,-0.10543,0.45410,0.00491,-0.00291,-0.00211,1
1.1289,-0.53872,0.03772,0.00842,-0.00068,-0.00014,-0.00064,1.42018,-0.08032,0.00514,0.05510,-0.00358,-0.02315,0.00156,0.02587,0.85564,0,0.00877,-0.00058,-0.10543,0.45410,0.00491,-0.00291,-0.00211,1
1.1309,-0.53872,0.03772,0.00842,-0.00068,-0.00105,-0.00063,1.42018,-0.08046,0.00515,0.05503,-0.00359,-0.02244,0.00156,0.02582,0.85563,0,0.00877,-0.00058,-0.10543,0.45410,0.00491,-0.00291,-0.00211,1
1.1329,-0.53872,0.03772,0.00842,-0.00068,-0.00184,-0.00061,1.42018,-0.08061,0.00516,0.05493,-0.00359,-0.02187,0.00156,0.02581,0.85567,0,0.00877,-0.00058,-0.10543,0.45410,0.00491,-0.00291,-0.00211,1
1.1349,-0.53872,0.03772,0.00841,-0.00068,-0.00251,-0.00060,1.42018,-0.08075,0.00517,0.05482,-0.00360,-0.02142,0.00156,0.02573,0.85565,0,0.00877,-0.00058,-0.10543,0.45410,0.00491,-0.00291,-0.00211,1
1.1369,-0.53872,0.03772,0.00841,-0.00068,-0.00307,-0.00059,1.42018,-0.08089,0.00518,0.05471,-0.00361,-0.02110,0.00157,0.02576,0.85565,0,0.00877,-0.00058,-0.10543,0.45410,0.00491,-0.00291,-0.00211,1
1.1390,-0.53872,0.03772,0.00840,-0.00068,-0.00351,-0.00058,1.42018,-0.08103,0.00518,0.05458,-0.00362,-0.02091,0.00157,0.02568,0.85567,0,0.00877,-0.00058,-0.10543,0.45410,0.00491,-0.00291,-0.00211,1
1.1410,-0.53872,0.03772,0.00839,-0.00068,-0.00383,-0.00057,1.42018,-0.08118,0.00519,0.05444,-0.00362,-0.02084,0.00157,0.02563,0.85570,0,0.00877,-0.00058,-0.10543,0.45410,0.00491,-0.00291,-0.00211,1
1.1430,-0.53872,0.03772,0.00839,-0.00068,-0.00404,-0.00056,1.42018,-0.08132,0.00520,0.05430,-0.00363,-0.02091,0.00157,0.02560,0.85562,0,0.00877,-0.00058,-0.10543,0.45410,0.00491,-0.00291,-0.00211,1
1.1450,-0.53872,0.03772,0.00838,-0.00069,-0.00413,-0.00055,1.42018,-0.08146,0.00521,0.05415,-0.00364,-0.02110,0.00157,0.02557,0.85564,0,0.00877,-0.00058,-0.10543,0.45410,0.00491,-0.00291,-0.00211,1
1.1470,-0.53872,0.03772,0.00837,-0.00069,-0.00411,-0.00054,1.42018,-0.08161,0.00522,0.05400,-0.00364,-0.02142,0.00158,0.02546,0.85566,0,0.00877,-0.00058,-0.10543,0.45410,0.00491,-0.00291,-0.00211,1
1.1490,-0.53910,0.03765,0.00889,-0.00094,-0.00233,-0.00139,1.41840,-0.08175,0.00523,0.05889,-0.00612,-0.02187,0.00145,0.02538,0.85566,0,0.00927,-0.00113,-0.10543,0.45410,0.00491,-0.00291,-0.00211,1
1.1510,-0.53910,0.03765,0.00888,-0.00094,-0.00208,-0.00126,1.41840,-0.08189,0.00524,0.05878,-0.00614,-0.02244,0.00120,0.02538,0.85566,0,0.00927,-0.00113,-0.10543,0.45410,0.00491,-0.00291,-0.00211,1
1.1530,-0.53910,0.03765,0.00888,-0.00094,-0.00172,-0.00101,1.41840,-0.08203,0.00525,0.05867,-0.00616,-0.02315,0.00082,0.02534,0.85566,0,0.00927,-0.00113,-0.10543,0.45410,0.00491,-0.00291,-0.00211,1
1.1550,-0.53910,0.03765,0.00888,-0.00094,-0.00124,-0.00065,1.41840,-0.08218,0.00526,0.05858,-0.00617,-0.02372,0.00031,0.02517,0.85566,0,0.00927,-0.00113,-0.10543,0.45410,0.00491,-0.00291,-0.00211,1
1.1570,-0.53910,0.03765,0.00887,-0.00094,-0.00087,-0.00017,1.41840,-0.08232,0.00527,0.05849,-0.00618,-0.02417,-0.00033,0.02514,0.85568,0,0.00927,-0.00113,-0.10543,0.45410,0.00491,-0.00291,-0.00211,1
1.1590,-0.53910,0.03765,0.00887,-0.00094,-0.00062,0.00043,1.41840,-0.08246,0.00528,0.05841,-0.00617,-0.02449,-0.00090,0.02512,0.85568,0,0.00927,-0.00113,-0.10543,0.45410,0.00491,-0.00291,-0.00211,1
1.1610,-0.53910,0.03765,0.00887,-0.00094,-0.00049,0.00096,1.41840,-0.08261,0.00529,0.05833,-0.00615,-0.02468,-0.00133,0.02499,0.85570,0,0.00927,-0.00113,-0.10543,0.45410,0.00491,-0.00291,-0.00211,1
1.1630,-0.53910,0.03765,0.00887,-0.00094,-0.00047,0.00137,1.41840,-0.08275,0.00529,0.05826,-0.00613,-0.02475,-0.00164,0.02495,0.85566,0,0.00927,-0.00113,-0.10543,0.45410,0.00491,-0.00291,-0.00211,1
1.1650,-0.53910,0.03765,0.00887,-0.00094,-0.00057,0.00167,1.41840,-0.08289,0.00530,0.05818,-0.00609,-0.02471,-0.00183,0.02489,0.85568,0,0.00927,-0.00113,-0.10543,0.45410,0.00491,-0.00291,-0.00211,1
1.1670,-0.53910,0.03765,0.00887,-0.00093,-0.00077,0.00185,1.41840,-0.08303,0.00531,0.05810,-0.00605,-0.02480,-0.00188,0.02482,0.85567,0,0.00927,-0.00113,-0.10543,0.45410,0.00491,-0.00291,-0.00211,1
1.1690,-0.53910,0.03765,0.00887,-0.00093,-0.00084,0.00192,1.41840,-0.08317,0.00532,0.05802,-0.00601,-0.02502,-0.00181,0.02475,0.85566,0,0.00927,-0.00113,-0.10543,0.45410,0.00491,-0.00291,-0.00211,1
1.1710,-0.53910,0.03765,0.00887,-0.00093,-0.00080,0.00187,1.41840,-0.08332,0.00533,0.05794,-0.00597,-0.02536,-0.00161,0.02472,0.85564,0,0.00927,-0.00113,-0.10543,0.45410,0.00491,-0.00291,-0.00211,1
1.1730,-0.53910,0.03765,0.00886,-0.00092,-0.00064,0.00170,1.41840,-0.08346,0.00534,0.05786,-0.00593,-0.02560,-0.00128,0.02465,0.85563,0,0.00927,-0.00113,-0.10543,0.45410,0.00491,-0.00291,-0.00211,1
1.1750,-0.53910,0.03765,0.00886,-0.00092,-0.00058,0.00142,1.41840,-0.08360,0.00535,0.05778,-0.00590,-0.02582,-0.00082,0.02462,0.85565,0,0.00927,-0.00113,-0.10543,0.45410,0.00491,-0.00291,-0.00211,1
1.1770,-0.53910,0.03765,0.00886,-0.00092,-0.00054,0.00102,1.41840,-0.08374,0.00536,0.05770,-0.00587,-0.02605,-0.00049,0.02459,0.85564,0,0.00927,-0.00113,-0.10543,0.45410,0.00491,-0.00291,-0.00211,1
1.1790,-0.53910,0.03765,0.00886,-0.00091,-0.00050,0.00074,1.41840,-0.08389,0.00537,0.05762,-0.00585,-0.02627,-0.00029,0.02453,0.85561,0,0.00927,-0.00113,-0.10543,0.45410,0.00491,-0.00291,-0.00211,1
1.1810,-0.53910,0.03765,0.00886,-0.00091,-0.00046,0.00057,1.41840,-0.08403,0.00538,0.05754,-0.00583,-0.02648,-0.00021,0.02444,0.85562,0,0.00927,-0.00113,-0.10543,0.45410,0.00491,-0.00291,-0.00211,1
1.1830,-0.53910,0.03765,0.00886,-0.00091,-0.00042,0.00052,1.41840,-0.08417,0.00539,0.05747,-0.00581,-0.02670,-0.00027,0.02444,0.85566,0,0.00927,-0.00113,-0.10543,0.45410,0.00491,-0.00291,-0.00211,1
1.1850,-0.53910,0.03765,0.00886,-0.00091,-0.00038,0.00058,1.41840,-0.08431,0.00539,0.05739,-0.00580,-0.02692,-0.00040,0.02440,0.85567,0,0.00927,-0.00113,-0.10543,0.45410,0.00491,-0.00291,-0.00211,1
1.1870,-0.53910,0.03765,0.00886,-0.00091,-0.00034,0.00073,1.41840,-0.08446,0.00540,0.05732,-0.00578,-0.02714,-0.00041,0.02435,0.85564,0,0.00927,-0.00113,-0.10543,0.45410,0.00491,-0.00291,-0.00211,1
1.1890,-0.53910,0.03765,0.00886,-0.00091,-0.00030,0.00075,1.41840,-0.08460,0.00541,0.05725,-0.00576,-0.02735,-0.00035,0.02432,0.85567,0,0.00927,-0.00113,-0.10543,0.45410,0.00491,-0.00291,-0.00211,1
1.1910,-0.53910,0.03765,0.00886,-0.00091,-0.00026,0.00071,1.41840,-0.08474,0.00542,0.05717,-0.00574,-0.02757,-0.00032,0.02429,0.85565,0,0.00927,-0.00113,-0.10543,0.45410,0.00491,-0.00291,-0.00211,1
1.1931,-0.53910,0.03765,0.00886,-0.00091,-0.00022,0.00070,1.41840,-0.08488,0.00543,0.05710,-0.00573,-0.02778,-0.00030,0.02418,0.85562,0,0.00927,-0.00113,-0.10543,0.45410,0.00491,-0.00291,-0.00211,1
1.1951,-0.53910,0.03765,0.00886,-0.00090,-0.00018,0.00069,1.41840,-0.08503,0.00544,0.05703,-0.00571,-0.02800,-0.00027,0.02413,0.85564,0,0.00927,-0.00113,-0.10543,0.45410,0.00491,-0.00291,-0.00211,1
1.1971,-0.53910,0.03765,0.00886,-0.00090,-0.00015,0.00068,1.41840,-0.08517,0.00545,0.05696,-0.00569,-0.02821,-0.00024,0.02421,0.85565,0,0.00927,-0.00113,-0.10543,0.45410,0.00491,-0.00291,-0.00211,1
1.1991,-0.53910,0.03765,0.00885,-0.00090,-0.00011,0.00067,1.41840,-0.08531,0.00546,0.05689,-0.00567,-0.02842,-0.00021,0.02410,0.85564,0,0.00927,-0.00113,-0.10543,0.45410,0.00491,-0.00291,-0.00211,1
1.2011,-0.53910,0.03765,0.00885,-0.00090,-0.00007,0.00067,1.41840,-0.08545,0.00547,0.05682,-0.00566,-0.02864,-0.00019,0.02401,0.85562,0,0.00927,-0.00113,-0.10543,0.45410,0.00491,-0.00291,-0.00211,1
1.2031,-0.53910,0.03765,0.00885,-0.00090,-0.00004,0.00066,1.41840,-0.08559,0.00548,0.05675,-0.00564,-0.02885,-0.00016,0.02398,0.85561,0,0.00927,-0.00113,-0.10543,0.45410,0.00491,-0.00291,-0.00211,1
1.2051,-0.53910,0.03765,0.00885,-0.00090,-0.00000,0.00065,1.41840,-0.08574,0.00549,0.05668,-0.00562,-0.02906,-0.00013,0.02390,0.85563,0,0.00927,-0.00113,-0.10543,0.45410,0.00491,-0.00291,-0.00211,1
1.2071,-0.53910,0.03765,0.00885,-0.00090,0.00003,0.00064,1.41840,-0.08588,0.00549,0.05661,-0.00560,-0.02927,-0.00011,0.02386,0.85563,0,0.00927,-0.00113,-0.10543,0.45410,0.00491,-0.00291,-0.00211,1
1.2091,-0.53910,0.03765,0.00885,-0.00090,0.00007,0.00063,1.41840,-0.08602,0.00550,0.05654,-0.00559,-0.02948,-0.00008,0.02378,0.85564,0,0.00927,-0.00113,-0.10543,0.45410,0.00491,-0.00291,-0.00211,1
1.2111,-0.53910,0.03765,0.00885,-0.00089,0.00010,0.00063,1.41840,-0.08617,0.00551,0.05647,-0.00557,-0.02969,-0.00006,0.02371,0.85566,0,0.00927,-0.00113,-0.10543,0.45410,0.00491,-0.00291,-0.00211,1
1.2131,-0.53910,0.03765,0.00885,-0.00089,0.00013,0.00062,1.41840,-0.08631,0.00552,0.05641,-0.00555,-0.02990,-0.00003,0.02367,0.85565,0,0.00927,-0.00113,-0.10543,0.45410,0.00491,-0.00291,-0.00211,1
1.2151,-0.53910,0.03765,0.00886,-0.00089,0.00016,0.00061,1.41840,-0.08645,0.00553,0.05634,-0.00554,-0.03011,-0.00001,0.02365,0.85565,0,0.00927,-0.00113,-0.10543,0.45410,0.00491,-0.00291,-0.00211,1
1.2171,-0.53910,0.03765,0.00886,-0.00089,0.00020,0.00060,1.41840,-0.08659,0.00554,0.05627,-0.00552,-0.03032,0.00002,0.02357,0.85565,0,0.00927,-0.00113,-0.10543,0.45410,0.00491,-0.00291,-0.00211,1
1.2191,-0.54065,0.03823,0.00988,-0.00119,0.00377,-0.00079,1.42214,-0.08674,0.00555,0.06562,-0.00824,-0.03040,-0.00008,0.02353,0.85563,0,0.01073,-0.00144,-0.09565,0.45458,-0.00530,-0.00517,0.00032,1
1.2211,-0.54065,0.03823,0.00988,-0.00119,0.00367,-0.00067,1.42214,-0.08688,0.00556,0.06562,-0.00825,-0.03035,-0.00031,0.02341,0.85566,0,0.01073,-0.00144,-0.09565,0.45458,-0.00530,-0.00517,0.00032,1
1.2231,-0.54065,0.03823,0.00989,-0.00119,0.00345,-0.00044,1.42214,-0.08702,0.00557,0.06562,-0.00826,-0.03018,-0.00067,0.02335,0.85563,0,0.01073,-0.00144,-0.09565,0.45458,-0.00530,-0.00517,0.00032,1
1.2251,-0.54065,0.03823,0.00990,-0.00119,0.00311,-0.00009,1.42214,-0.08716,0.00558,0.06562,-0.00826,-0.02987,-0.00116,0.02335,0.85566,0,0.01073,-0.00144,-0.09565,0.45458,-0.00530,-0.00517,0.00032,1
1.2271,-0.54065,0.03823,0.00990,-0.00119,0.00266,0.00037,1.42214,-0.08731,0.00559,0.06560,-0.00825,-0.02944,-0.00177,0.02327,0.85565,0,0.01073,-0.00144,-0.09565,0.45458,-0.00530,-0.00517,0.00032,1
1.2291,-0.54065,0.03823,0.00991,-0.00119,0.00209,0.00095,1.42214,-0.08745,0.00560,0.06558,-0.00823,-0.02888,-0.00251,0.02324,0.85567,0,0.01073,-0.00144,-0.09565,0.45458,-0.00530,-0.00517,0.00032,1
1.2311,-0.54065,0.03823,0.00991,-0.00119,0.00140,0.00165,1.42214,-0.08759,0.00560,0.06554,-0.00820,-0.02819,-0.00313,0.02317,0.85562,0,0.01073,-0.00144,-0.09565,0.45458,-0.00530,-0.00517,0.00032,1
1.2331,-0.54065,0.03823,0.00991,-0.00119,0.00060,0.00223,1.42214,-0.08773,0.00561,0.06549,-0.00816,-0.02738,-0.00362,0.02313,0.85565,0,0.01073,-0.00144,-0.09565,0.45458,-0.00530,-0.00517,0.00032,1
1.2351,-0.54065,0.03823,0.00991,-0.00118,-0.00032,0.00269,1.42214,-0.08787,0.00562,0.06543,-0.00811,-0.02643,-0.00397,0.02308,0.85565,0,0.01073,-0.00144,-0.09565,0.45458,-0.00530,-0.00517,0.00032,1
1.2371,-0.54065,0.03823,0.00991,-0.00118,-0.00135,0.00304,1.42214,-0.08802,0.00563,0.06534,-0.00805,-0.02536,-0.00421,0.02305,0.85562,0,0.01073,-0.00144,-0.09565,0.45458,-0.00530,-0.00517,0.00032,1
1.2391,-0.54065,0.03823,0.00991,-0.00117,-0.00250,0.00327,1.42214,-0.08816,0.00564,0.06523,-0.00798,-0.02416,-0.00431,0.02301,0.85565,0,0.01073,-0.00144,-0.09565,0.45458,-0.00530,-0.00517,0.00032,1
1.2411,-0.54065,0.03823,0.00990,-0.00116,-0.00377,0.00338,1.42214,-0.08830,0.00565,0.06510,-0.00791,-0.02309,-0.00428,0.02292,0.85563,0,0.01073,-0.00144,-0.09565,0.45458,-0.00530,-0.00517,0.00032,1
1.2431,-0.54065,0.03823,0.00989,-0.00116,-0.00492,0.00338,1.42214,-0.08844,0.00566,0.06494,-0.00784,-0.02215,-0.00413,0.02289,0.85559,0,0.01073,-0.00144,-0.09565,0.45458,-0.00530,-0.00517,0.00032,1
1.2451,-0.54065,0.03823,0.00988,-0.00115,-0.00596,0.00326,1.42214,-0.08859,0.00567,0.06476,-0.00777,-0.02133,-0.00385,0.02284,0.85557,0,0.01073,-0.00144,-0.09565,0.45458,-0.00530,-0.00517,0.00032,1
1.2471,-0.54065,0.03823,0.00987,-0.00114,-0.00687,0.00302,1.42214,-0.08873,0.00568,0.06457,-0.00770,-0.02064,-0.00344,0.02283,0.85556,0,0.01073,-0.00144,-0.09565,0.45458,-0.00530,-0.00517,0.00032,1
1.2491,-0.54065,0.03823,0.00985,-0.00114,-0.00768,0.00267,1.42214,-0.08887,0.00569,0.06435,-0.00764,-0.02008,-0.00290,0.02275,0.85559,0,0.01073,-0.00144,-0.09565,0.45458,-0.00530,-0.00517,0.00032,1
1.2511,-0.54065,0.03823,0.00984,-0.00113,-0.00836,0.00220,1.42214,-0.08901,0.00570,0.06412,-0.00759,-0.01965,-0.00223,0.02273,0.85554,0,0.01073,-0.00144,-0.09565,0.45458,-0.00530,-0.00517,0.00032,1
1.2531,-0.54065,0.03823,0.00982,-0.00113,-0.00893,0.00162,1.42214,-0.08916,0.00570,0.06388,-0.00755,-0.01935,-0.00170,0.02270,0.85556,0,0.01073,-0.00144,-0.09565,0.45458,-0.00530,-0.00517,0.00032,1
1.2551,-0.54065,0.03823,0.00980,-0.00113,-0.00938,0.00115,1.42214,-0.08930,0.00571,0.06363,-0.00752,-0.01917,-0.00129,0.02262,0.85555,0,0.01073,-0.00144,-0.09565,0.45458,-0.00530,-0.00517,0.00032,1
1.2571,-0.54065,0.03823,0.00978,-0.00112,-0.00971,0.00080,1.42214,-0.08944,0.00572,0.06337,-0.00749,-0.01912,-0.00101,0.02255,0.85558,0,0.01073,-0.00144,-0.09565,0.45458,-0.00530,-0.00517,0.00032,1
1.2591,-0.54065,0.03823,0.00976,-0.00112,-0.00993,0.00056,1.42214,-0.08958,0.00573,0.06311,-0.00748,-0.01920,-0.00085,0.02254,0.85554,0,0.01073,-0.00144,-0.09565,0.45458,-0.00530,-0.00517,0.00032,1
1.2611,-0.54065,0.03823,0.00974,-0.00112,-0.01003,0.00044,1.42214,-0.08973,0.00574,0.06284,-0.00746,-0.01941,-0.00083,0.02251,0.85552,0,0.01073,-0.00144,-0.09565,0.45458,-0.00530,-0.00517,0.00032,1
1.2631,-0.54065,0.03823,0.00972,-0.00112,-0.01002,0.00044,1.42214,-0.08987,0.00575,0.06257,-0.00745,-0.01975,-0.00093,0.02247,0.85553,0,0.01073,-0.00144,-0.09565,0.45458,-0.00530,-0.00517,0.00032,1
1.2652,-0.54065,0.03823,0.00970,-0.00112,-0.00988,0.00055,1.42214,-0.09001,0.00576,0.06230,-0.00743,-0.02021,-0.00116,0.02243,0.85553,0,0.01073,-0.00144,-0.09565,0.45458,-0.00530,-0.00517,0.00032,1
1.2672,-0.54065,0.03823,0.00968,-0.00112,-0.00963,0.00078,1.42214,-0.09016,0.00577,0.06204,-0.00742,-0.02080,-0.00152,0.02238,0.85554,0,0.01073,-0.00144,-0.09565,0.45458,-0.00530,-0.00517,0.00032,1
1.2692,-0.54065,0.03823,0.00967,-0.00112,-0.00927,0.00113,1.42214,-0.09030,0.00578,0.06178,-0.00739,-0.02152,-0.00175,0.02233,0.85556,0,0.01073,-0.00144,-0.09565,0.45458,-0.00530,-0.00517,0.00032,1
1.2712,-0.54065,0.03823,0.00965,-0.00111,-0.00878,0.00136,1.42214,-0.09044,0.00579,0.06153,-0.00736,-0.02237,-0.00185,0.02232,0.85555,0,0.01073,-0.00144,-0.09565,0.45458,-0.00530,-0.00517,0.00032,1
1.2732,-0.54065,0.03823,0.00963,-0.00111,-0.00819,0.00147,1.42214,-0.09058,0.00580,0.06129,-0.00733,-0.02335,-0.00183,0.02224,0.85551,0,0.01073,-0.00144,-0.09565,0.45458,-0.00530,-0.00517,0.00032,1
1.2752,-0.54065,0.03823,0.00961,-0.00111,-0.00747,0.00147,1.42214,-0.09073,0.00580,0.06106,-0.00730,-0.02445,-0.00167,0.02218,0.85552,0,0.01073,-0.00144,-0.09565,0.45458,-0.00530,-0.00517,0.00032,1
1.2772,-0.54065,0.03823,0.00960,-0.00110,-0.00664,0.00135,1.42214,-0.09087,0.00581,0.06085,-0.00726,-0.02568,-0.00145,0.02215,0.85551,0,0.01073,-0.00144,-0.09565,0.45458,-0.00530,-0.00517,0.00032,1
1.2792,-0.54065,0.03823,0.00959,-0.00110,-0.00569,0.00116,1.42214,-0.09101,0.00582,0.06066,-0.00724,-0.02704,-0.00136,0.02202,0.85549,0,0.01073,-0.00144,-0.09565,0.45458,-0.00530,-0.00517,0.00032,1
1.2812,-0.54065,0.03823,0.00958,-0.00110,-0.00462,0.00110,1.42214,-0.09115,0.00583,0.06048,-0.00721,-0.02853,-0.00138,0.02197,0.85547,0,0.01073,-0.00144,-0.09565,0.45458,-0.00530,-0.00517,0.00032,1
1.2832,-0.54125,0.03978,0.00990,-0.00126,-0.00446,0.00051,1.42573,-0.09130,0.00584,0.06331,-0.00816,-0.02989,-0.00152,0.02195,0.85547,0,0.01059,-0.00147,-0.10001,0.45289,-0.00056,-0.00294,0.00040,0
1.2852,-0.54125,0.03978,0.00989,-0.00126,-0.00339,0.00067,1.42573,-0.09144,0.00585,0.06316,-0.00814,-0.03112,-0.00180,0.02182,0.85550,0,0.01059,-0.00147,-0.10001,0.45289,-0.00056,-0.00294,0.00040,0
1.2872,-0.54125,0.03978,0.00988,-0.00126,-0.00245,0.00094,1.42573,-0.09158,0.00586,0.06303,-0.00812,-0.03223,-0.00220,0.02177,0.85549,0,0.01059,-0.00147,-0.10001,0.45289,-0.00056,-0.00294,0.00040,0
1.2892,-0.54125,0.03978,0.00988,-0.00125,-0.00162,0.00133,1.42573,-0.09173,0.00587,0.06291,-0.00809,-0.03321,-0.00248,0.02170,0.85547,0,0.01059,-0.00147,-0.10001,0.45289,-0.00056,-0.00294,0.00040,0
1.2912,-0.54125,0.03978,0.00988,-0.00125,-0.00091,0.00160,1.42573,-0.09187,0.00588,0.06282,-0.00806,-0.03405,-0.00263,0.02165,0.85551,0,0.01059,-0.00147,-0.10001,0.45289,-0.00056,-0.00294,0.00040,0
1.2932,-0.54125,0.03978,0.00988,-0.00125,-0.00032,0.00176,1.42573,-0.09201,0.00589,0.06273,-0.00802,-0.03477,-0.00265,0.02154,0.85550,0,0.01059,-0.00147,-0.10001,0.45289,-0.00056,-0.00294,0.00040,0
1.2952,-0.54125,0.03978,0.00988,-0.00125,0.00016,0.00180,1.42573,-0.09215,0.00590,0.06265,-0.00798,-0.03537,-0.00254,0.02147,0.85550,0,0.01059,-0.00147,-0.10001,0.45289,-0.00056,-0.00294,0.00040,0
1.2972,-0.54125,0.03978,0.00988,-0.00124,0.00052,0.00172,1.42573,-0.09230,0.00591,0.06259,-0.00794,-0.03583,-0.00230,0.02140,0.85549,0,0.01059,-0.00147,-0.10001,0.45289,-0.00056,-0.00294,0.00040,0
1.2992,-0.54125,0.03978,0.00988,-0.00124,0.00077,0.00153,1.42573,-0.09244,0.00591,0.06253,-0.00791,-0.03617,-0.00199,0.02139,0.85548,0,0.01059,-0.00147,-0.10001,0.45289,-0.00056,-0.00294,0.00040,0
1.3013,-0.54125,0.03978,0.00988,-0.00124,0.00090,0.00127,1.42573,-0.09258,0.00592,0.06247,-0.00787,-0.03637,-0.00181,0.02131,0.85548,0,0.01059,-0.00147,-0.10001,0.45289,-0.00056,-0.00294,0.00040,0
1.3033,-0.54125,0.03978,0.00988,-0.00123,0.00091,0.00113,1.42573,-0.09272,0.00593,0.06241,-0.00785,-0.03645,-0.00175,0.02124,0.85551,0,0.01059,-0.00147,-0.10001,0.45289,-0.00056,-0.00294,0.00040,0
1.3053,-0.54125,0.03978,0.00988,-0.00123,0.00081,0.00110,1.42573,-0.09287,0.00594,0.06235,-0.00782,-0.03641,-0.00183,0.02122,0.85548,0,0.01059,-0.00147,-0.10001,0.45289,-0.00056,-0.00294,0.00040,0
1.3073,-0.54125,0.03978,0.00988,-0.00123,0.00059,0.00119,1.42573,-0.09301,0.00595,0.06229,-0.00779,-0.03623,-0.00184,0.02115,0.85544,0,0.01059,-0.00147,-0.10001,0.45289,-0.00056,-0.00294,0.00040,0
1.3093,-0.54125,0.03978,0.00988,-0.00123,0.00025,0.00122,1.42573,-0.09315,0.00596,0.06223,-0.00776,-0.03593,-0.00180,0.02105,0.85547,0,0.01059,-0.00147,-0.10001,0.45289,-0.00056,-0.00294,0.00040,0
1.3113,-0.54125,0.03978,0.00988,-0.00122,-0.00020,0.00121,1.42573,-0.09329,0.00597,0.06215,-0.00774,-0.03550,-0.00177,0.02097,0.85548,0,0.01059,-0.00147,-0.10001,0.45289,-0.00056,-0.00294,0.00040,0
1.3133,-0.54125,0.03978,0.00988,-0.00122,-0.00077,0.00120,1.42573,-0.09344,0.00598,0.06207,-0.00771,-0.03494,-0.00173,0.02097,0.85542,0,0.01059,-0.00147,-0.10001,0.45289,-0.00056,-0.00294,0.00040,0
1.3153,-0.54125,0.03978,0.00988,-0.00122,-0.00145,0.00118,1.42573,-0.09358,0.00599,0.06197,-0.00768,-0.03425,-0.00169,0.02095,0.85550,0,0.01059,-0.00147,-0.10001,0.45289,-0.00056,-0.00294,0.00040,0
1.3173,-0.54125,0.03978,0.00988,-0.00122,-0.00226,0.00117,1.42573,-0.09372,0.00600,0.06186,-0.00765,-0.03343,-0.00165,0.02084,0.85548,0,0.01059,-0.00147,-0.10001,0.45289,-0.00056,-0.00294,0.00040,0
1.3193,-0.54125,0.03978,0.00987,-0.00121,-0.00317,0.00116,1.42573,-0.09386,0.00601,0.06173,-0.00762,-0.03249,-0.00162,0.02079,0.85545,0,0.01059,-0.00147,-0.10001,0.45289,-0.00056,-0.00294,0.00040,0
1.3213,-0.54125,0.03978,0.00986,-0.00121,-0.00421,0.00115,1.42573,-0.09401,0.00601,0.06158,-0.00760,-0.03167,-0.00158,0.02073,0.85546,0,0.01059,-0.00147,-0.10001,0.45289,-0.00056,-0.00294,0.00040,0
1.3233,-0.54125,0.03978,0.00986,-0.00121,-0.00512,0.00114,1.42573,-0.09415,0.00602,0.06142,-0.00757,-0.03098,-0.00154,0.02067,0.85546,0,0.01059,-0.00147,-0.10001,0.45289,-0.00056,-0.00294,0.00040,0
1.3253,-0.54125,0.03978,0.00984,-0.00121,-0.00593,0.00112,1.42573,-0.09429,0.00603,0.06123,-0.00754,-0.03042,-0.00151,0.02063,0.85542,0,0.01059,-0.00147,-0.10001,0.45289,-0.00056,-0.00294,0.00040,0
1.3273,-0.54125,0.03978,0.00983,-0.00121,-0.00661,0.00111,1.42573,-0.09443,0.00604,0.06103,-0.00751,-0.02999,-0.00147,0.02056,0.85544,0,0.01059,-0.00147,-0.10001,0.45289,-0.00056,-0.00294,0.00040,0
1.3293,-0.54125,0.03978,0.00982,-0.00120,-0.00718,0.00110,1.42573,-0.09458,0.00605,0.06082,-0.00749,-0.02969,-0.00144,0.02046,0.85543,0,0.01059,-0.00147,-0.10001,0.45289,-0.00056,-0.00294,0.00040,0
1.3313,-0.54125,0.03978,0.00980,-0.00120,-0.00763,0.00109,1.42573,-0.09472,0.00606,0.06060,-0.00746,-0.02951,-0.00140,0.02040,0.85542,0,0.01059,-0.00147,-0.10001,0.45289,-0.00056,-0.00294,0.00040,0
1.3333,-0.54125,0.03978,0.00979,-0.00120,-0.00796,0.00108,1.42573,-0.09486,0.00607,0.06037,-0.00743,-0.02947,-0.00137,0.02040,0.85546,0,0.01059,-0.00147,-0.10001,0.45289,-0.00056,-0.00294,0.00040,0
1.3353,-0.54125,0.03978,0.00977,-0.00120,-0.00818,0.00107,1.42573,-0.09500,0.00608,0.06014,-0.00741,-0.02955,-0.00133,0.02037,0.85543,0,0.01059,-0.00147,-0.10001,0.45289,-0.00056,-0.00294,0.00040,0
1.3373,-0.54125,0.03978,0.00976,-0.00119,-0.00828,0.00106,1.42573,-0.09514,0.00609,0.05990,-0.00738,-0.02975,-0.00130,0.02029,0.85544,0,0.01059,-0.00147,-0.10001,0.45289,-0.00056,-0.00294,0.00040,0
1.3393,-0.54125,0.03978,0.00974,-0.00119,-0.00827,0.00105,1.42573,-0.09529,0.00610,0.05966,-0.00736,-0.03009,-0.00126,0.02016,0.85541,0,0.01059,-0.00147,-0.10001,0.45289,-0.00056,-0.00294,0.00040,0
1.3413,-0.54125,0.03978,0.00972,-0.00119,-0.00813,0.00104,1.42573,-0.09543,0.00611,0.05942,-0.00733,-0.03055,-0.00123,0.02014,0.85540,0,0.01059,-0.00147,-0.10001,0.45289,-0.00056,-0.00294,0.00040,0
1.3433,-0.54125,0.03978,0.00971,-0.00119,-0.00788,0.00103,1.42573,-0.09557,0.00612,0.05919,-0.00731,-0.03115,-0.00119,0.02005,0.85542,0,0.01059,-0.00147,-0.10001,0.45289,-0.00056,-0.00294,0.00040,0
1.3453,-0.54125,0.03978,0.00969,-0.00119,-0.00752,0.00102,1.42573,-0.09572,0.00612,0.05896,-0.00728,-0.03187,-0.00116,0.01994,0.85538,0,0.01059,-0.00147,-0.10001,0.45289,-0.00056,-0.00294,0.00040,0
1.3473,-0.54125,0.03978,0.00968,-0.00118,-0.00704,0.00101,1.42573,-0.09586,0.00613,0.05874,-0.00726,-0.03271,-0.00112,0.01988,0.85537,0,0.01059,-0.00147,-0.10001,0.45289,-0.00056,-0.00294,0.00040,0
1.3493,-0.53965,0.04089,0.01006,-0.00145,-0.00591,0.00015,1.41927,-0.09600,0.00614,0.06304,-0.00942,-0.03343,-0.00122,0.01984,0.85539,0,0.01061,-0.00174,-0.09054,0.45251,-0.01101,-0.00414,0.00152,1
1.3513,-0.53965,0.04089,0.01005,-0.00145,-0.00543,0.00027,1.41927,-0.09614,0.00615,0.06286,-0.00941,-0.03403,-0.00144,0.01971,0.85538,0,0.01061,-0.00174,-0.09054,0.45251,-0.01101,-0.00414,0.00152,1
1.3534,-0.53965,0.04089,0.01003,-0.00145,-0.00507,0.00049,1.41927,-0.09629,0.00616,0.06267,-0.00940,-0.03449,-0.00179,0.01961,0.85537,0,0.01061,-0.00174,-0.09054,0.45251,-0.01101,-0.00414,0.00152,1
1.3554,-0.53965,0.04089,0.01003,-0.00145,-0.00483,0.00084,1.41927,-0.09643,0.00617,0.06250,-0.00938,-0.03483,-0.00227,0.01956,0.85534,0,0.01061,-0.00174,-0.09054,0.45251,-0.01101,-0.00414,0.00152,1
1.3574,-0.53965,0.04089,0.01002,-0.00144,-0.00470,0.00130,1.41927,-0.09657,0.00618,0.06233,-0.00935,-0.03504,-0.00287,0.01951,0.85536,0,0.01061,-0.00174,-0.09054,0.45251,-0.01101,-0.00414,0.00152,1
1.3594,-0.53965,0.04089,0.01001,-0.00144,-0.00469,0.00187,1.41927,-0.09672,0.00619,0.06216,-0.00932,-0.03512,-0.00335,0.01940,0.85534,0,0.01061,-0.00174,-0.09054,0.45251,-0.01101,-0.00414,0.00152,1
1.3614,-0.53965,0.04089,0.01000,-0.00144,-0.00480,0.00233,1.41927,-0.09686,0.00620,0.06199,-0.00927,-0.03507,-0.00370,0.01932,0.85538,0,0.01061,-0.00174,-0.09054,0.45251,-0.01101,-0.00414,0.00152,1
1.3634,-0.53965,0.04089,0.00999,-0.00143,-0.00502,0.00268,1.41927,-0.09700,0.00621,0.06181,-0.00922,-0.03515,-0.00392,0.01927,0.85538,0,0.01061,-0.00174,-0.09054,0.45251,-0.01101,-0.00414,0.00152,1
1.3654,-0.53965,0.04089,0.00998,-0.00143,-0.00513,0.00290,1.41927,-0.09715,0.00622,0.06164,-0.00916,-0.03536,-0.00402,0.01918,0.85536,0,0.01061,-0.00174,-0.09054,0.45251,-0.01101,-0.00414,0.00152,1
1.3674,-0.53965,0.04089,0.00997,-0.00142,-0.00511,0.00302,1.41927,-0.09729,0.00622,0.06146,-0.00909,-0.03569,-0.00398,0.01913,0.85534,0,0.01061,-0.00174,-0.09054,0.45251,-0.01101,-0.00414,0.00152,1
1.3694,-0.53965,0.04089,0.00996,-0.00141,-0.00499,0.00301,1.41927,-0.09743,0.00623,0.06128,-0.00903,-0.03615,-0.00382,0.01905,0.85533,0,0.01061,-0.00174,-0.09054,0.45251,-0.01101,-0.00414,0.00152,1
1.3714,-0.53965,0.04089,0.00995,-0.00141,-0.00474,0.00289,1.41927,-0.09757,0.00624,0.06111,-0.00897,-0.03648,-0.00353,0.01899,0.85533,0,0.01061,-0.00174,-0.09054,0.45251,-0.01101,-0.00414,0.00152,1
1.3734,-0.53965,0.04089,0.00994,-0.00140,-0.00462,0.00265,1.41927,-0.09772,0.00625,0.06093,-0.00891,-0.03678,-0.00311,0.01895,0.85531,0,0.01061,-0.00174,-0.09054,0.45251,-0.01101,-0.00414,0.00152,1
1.3754,-0.53965,0.04089,0.00993,-0.00140,-0.00453,0.00229,1.41927,-0.09786,0.00626,0.06077,-0.00885,-0.03709,-0.00259,0.01884,0.85528,0,0.01061,-0.00174,-0.09054,0.45251,-0.01101,-0.00414,0.00152,1
1.3774,-0.53965,0.04089,0.00992,-0.00139,-0.00442,0.00184,1.41927,-0.09800,0.00627,0.06060,-0.00881,-0.03740,-0.00220,0.01882,0.85531,0,0.01061,-0.00174,-0.09054,0.45251,-0.01101,-0.00414,0.00152,1
1.3794,-0.53965,0.04089,0.00991,-0.00139,-0.00432,0.00151,1.41927,-0.09814,0.00628,0.06043,-0.00877,-0.03771,-0.00193,0.01878,0.85533,0,0.01061,-0.00174,-0.09054,0.45251,-0.01101,-0.00414,0.00152,1
1.3815,-0.53965,0.04089,0.00990,-0.00139,-0.00421,0.00129,1.41927,-0.09829,0.00629,0.06027,-0.00874,-0.03802,-0.00179,0.01869,0.85528,0,0.01061,-0.00174,-0.09054,0.45251,-0.01101,-0.00414,0.00152,1
1.3835,-0.53965,0.04089,0.00989,-0.00139,-0.00411,0.00119,1.41927,-0.09843,0.00630,0.06011,-0.00871,-0.03832,-0.00178,0.01859,0.85530,0,0.01061,-0.00174,-0.09054,0.45251,-0.01101,-0.00414,0.00152,1
1.3855,-0.53965,0.04089,0.00989,-0.00138,-0.00401,0.00121,1.41927,-0.09857,0.00631,0.05995,-0.00868,-0.03862,-0.00190,0.01857,0.85529,0,0.01061,-0.00174,-0.09054,0.45251,-0.01101,-0.00414,0.00152,1
1.3875,-0.53965,0.04089,0.00988,-0.00138,-0.00391,0.00134,1.41927,-0.09872,0.00632,0.05979,-0.00865,-0.03892,-0.00215,0.01850,0.85529,0,0.01061,-0.00174,-0.09054,0.45251,-0.01101,-0.00414,0.00152,1
1.3895,-0.53965,0.04089,0.00987,-0.00138,-0.00382,0.00159,1.41927,-0.09886,0.00633,0.05964,-0.00861,-0.03922,-0.00229,0.01839,0.85529,0,0.01061,-0.00174,-0.09054,0.45251,-0.01101,-0.00414,0.00152,1
1.3915,-0.53965,0.04089,0.00986,-0.00137,-0.00372,0.00174,1.41927,-0.09900,0.00633,0.05949,-0.00858,-0.03952,-0.00230,0.01833,0.85531,0,0.01061,-0.00174,-0.09054,0.45251,-0.01101,-0.00414,0.00152,1
1.3935,-0.53965,0.04089,0.00985,-0.00137,-0.00363,0.00178,1.41927,-0.09914,0.00634,0.05933,-0.00854,-0.03981,-0.00219,0.01831,0.85530,0,0.01061,-0.00174,-0.09054,0.45251,-0.01101,-0.00414,0.00152,1
1.3955,-0.53965,0.04089,0.00985,-0.00137,-0.00353,0.00170,1.41927,-0.09929,0.00635,0.05918,-0.00850,-0.04011,-0.00214,0.01820,0.85528,0,0.01061,-0.00174,-0.09054,0.45251,-0.01101,-0.00414,0.00152,1
1.3975,-0.53965,0.04089,0.00984,-0.00136,-0.00344,0.00168,1.41927,-0.09943,0.00636,0.05903,-0.00846,-0.04040,-0.00210,0.01807,0.85529,0,0.01061,-0.00174,-0.09054,0.45251,-0.01101,-0.00414,0.00152,1
1.3995,-0.53965,0.04089,0.00983,-0.00136,-0.00335,0.00166,1.41927,-0.09957,0.00637,0.05889,-0.00842,-0.04069,-0.00205,0.01803,0.85527,0,0.01061,-0.00174,-0.09054,0.45251,-0.01101,-0.00414,0.00152,1
1.4015,-0.53965,0.04089,0.00983,-0.00136,-0.00326,0.00165,1.41927,-0.09972,0.00638,0.05874,-0.00838,-0.04097,-0.00200,0.01794,0.85527,0,0.01061,-0.00174,-0.09054,0.45251,-0.01101,-0.00414,0.00152,1
1.4036,-0.53965,0.04089,0.00982,-0.00135,-0.00318,0.00163,1.41927,-0.09986,0.00639,0.05860,-0.00834,-0.04126,-0.00196,0.01788,0.85528,0,0.01061,-0.00174,-0.09054,0.45251,-0.01101,-0.00414,0.00152,1
1.4056,-0.53965,0.04089,0.00981,-0.00135,-0.00309,0.00161,1.41927,-0.10000,0.00640,0.05846,-0.00831,-0.04155,-0.00191,0.01776,0.85526,0,0.01061,-0.00174,-0.09054,0.45251,-0.01101,-0.00414,0.00152,1
1.4076,-0.53965,0.04089,0.00981,-0.00135,-0.00301,0.00159,1.41927,-0.10015,0.00641,0.05832,-0.00827,-0.04183,-0.00186,0.01767,0.85527,0,0.01061,-0.00174,-0.09054,0.45251,-0.01101,-0.00414,0.00152,1
1.4096,-0.53965,0.04089,0.00980,-0.00134,-0.00292,0.00157,1.41927,-0.10029,0.00642,0.05818,-0.00823,-0.04211,-0.00182,0.01756,0.85525,0,0.01061,-0.00174,-0.09054,0.45251,-0.01101,-0.00414,0.00152,1
1.4116,-0.53965,0.04089,0.00980,-0.00134,-0.00284,0.00156,1.41927,-0.10043,0.00643,0.05804,-0.00820,-0.04239,-0.00177,0.01753,0.85527,0,0.01061,-0.00174,-0.09054,0.45251,-0.01101,-0.00414,0.00152,1
1.4136,-0.53965,0.04089,0.00979,-0.00134,-0.00276,0.00154,1.41927,-0.10057,0.00643,0.05790,-0.00816,-0.04267,-0.00173,0.01742,0.85527,0,0.01061,-0.00174,-0.09054,0.45251,-0.01101,-0.00414,0.00152,1
1.4156,-0.53811,0.04077,0.00998,-0.00114,-0.00198,0.00191,1.42128,-0.10072,0.00644,0.06032,-0.00626,-0.04282,-0.00156,0.01731,0.85527,0,0.01029,-0.00101,-0.09325,0.45231,-0.00785,-0.00361,-0.00046,1
1.4176,-0.53811,0.04077,0.00998,-0.00114,-0.00202,0.00177,1.42128,-0.10086,0.00645,0.06021,-0.00621,-0.04284,-0.00125,0.01728,0.85528,0,0.01029,-0.00101,-0.09325,0.45231,-0.00785,-0.00361,-0.00046,1
1.4196,-0.53811,0.04077,0.00997,-0.00113,-0.00218,0.00152,1.42128,-0.10100,0.00646,0.06008,-0.00618,-0.04274,-0.00083,0.01720,0.85527,0,0.01029,-0.00101,-0.09325,0.45231,-0.00785,-0.00361,-0.00046,1
1.4216,-0.53811,0.04077,0.00997,-0.00113,-0.00245,0.00115,1.42128,-0.10115,0.00647,0.05996,-0.00614,-0.04250,-0.00027,0.01706,0.85525,0,0.01029,-0.00101,-0.09325,0.45231,-0.00785,-0.00361,-0.00046,1
1.4236,-0.53811,0.04077,0.00996,-0.00113,-0.00284,0.00067,1.42128,-0.10129,0.00648,0.05982,-0.00612,-0.04214,0.00036,0.01700,0.85523,0,0.01029,-0.00101,-0.09325,0.45231,-0.00785,-0.00361,-0.00046,1
1.4256,-0.53811,0.04077,0.00996,-0.00113,-0.00335,0.00011,1.42128,-0.10143,0.00649,0.05968,-0.00611,-0.04175,0.00086,0.01691,0.85523,0,0.01029,-0.00101,-0.09325,0.45231,-0.00785,-0.00361,-0.00046,1
1.4276,-0.53811,0.04077,0.00995,-0.00113,-0.00388,-0.00032,1.42128,-0.10157,0.00650,0.05953,-0.00611,-0.04149,0.00123,0.01686,0.85523,0,0.01029,-0.00101,-0.09325,0.45231,-0.00785,-0.00361,-0.00046,1
1.4296,-0.53811,0.04077,0.00994,-0.00113,-0.00430,-0.00064,1.42128,-0.10172,0.00651,0.05937,-0.00611,-0.04135,0.00148,0.01678,0.85523,0,0.01029,-0.00101,-0.09325,0.45231,-0.00785,-0.00361,-0.00046,1
1.4317,-0.53811,0.04077,0.00993,-0.00113,-0.00459,-0.00084,1.42128,-0.10186,0.00652,0.05920,-0.00612,-0.04135,0.00159,0.01674,0.85525,0,0.01029,-0.00101,-0.09325,0.45231,-0.00785,-0.00361,-0.00046,1
1.4337,-0.53811,0.04077,0.00992,-0.00113,-0.00478,-0.00093,1.42128,-0.10200,0.00653,0.05902,-0.00613,-0.04147,0.00158,0.01657,0.85526,0,0.01029,-0.00101,-0.09325,0.45231,-0.00785,-0.00361,-0.00046,1
1.4357,-0.53811,0.04077,0.00991,-0.00113,-0.00484,-0.00090,1.42128,-0.10214,0.00654,0.05885,-0.00614,-0.04172,0.00144,0.01656,0.85526,0,0.01029,-0.00101,-0.09325,0.45231,-0.00785,-0.00361,-0.00046,1
1.4377,-0.53811,0.04077,0.00991,-0.00114,-0.00479,-0.00075,1.42128,-0.10229,0.00654,0.05867,-0.00615,-0.04210,0.00118,0.01647,0.85525,0,0.01029,-0.00101,-0.09325,0.45231,-0.00785,-0.00361,-0.00046,1
1.4397,-0.53811,0.04077,0.00990,-0.00114,-0.00462,-0.00049,1.42128,-0.10243,0.00655,0.05849,-0.00616,-0.04261,0.00078,0.01635,0.85529,0,0.01029,-0.00101,-0.09325,0.45231,-0.00785,-0.00361,-0.00046,1
1.4417,-0.53811,0.04077,0.00989,-0.00114,-0.00434,-0.00011,1.42128,-0.10257,0.00656,0.05832,-0.00616,-0.04324,0.00040,0.01633,0.85527,0,0.01029,-0.00101,-0.09325,0.45231,-0.00785,-0.00361,-0.00046,1
1.4437,-0.53811,0.04077,0.00988,-0.00114,-0.00394,0.00026,1.42128,-0.10272,0.00657,0.05816,-0.00616,-0.04400,0.00015,0.01621,0.85527,0,0.01029,-0.00101,-0.09325,0.45231,-0.00785,-0.00361,-0.00046,1
1.4457,-0.53811,0.04077,0.00987,-0.00114,-0.00342,0.00051,1.42128,-0.10286,0.00658,0.05800,-0.00614,-0.04485,0.00003,0.01610,0.85524,0,0.01029,-0.00101,-0.09325,0.45231,-0.00785,-0.00361,-0.00046,1
1.4477,-0.53811,0.04077,0.00987,-0.00114,-0.00282,0.00064,1.42128,-0.10300,0.00659,0.05786,-0.00613,-0.04558,0.00003,0.01604,0.85527,0,0.01029,-0.00101,-0.09325,0.45231,-0.00785,-0.00361,-0.00046,1
1.4497,-0.53811,0.04077,0.00986,-0.00113,-0.00234,0.00066,1.42128,-0.10314,0.00660,0.05773,-0.00611,-0.04618,0.00016,0.01593,0.85530,0,0.01029,-0.00101,-0.09325,0.45231,-0.00785,-0.00361,-0.00046,1
1.4517,-0.53811,0.04077,0.00986,-0.00113,-0.00197,0.00056,1.42128,-0.10329,0.00661,0.05760,-0.00609,-0.04664,0.00042,0.01585,0.85522,0,0.01029,-0.00101,-0.09325,0.45231,-0.00785,-0.00361,-0.00046,1
1.4537,-0.53811,0.04077,0.00985,-0.00113,-0.00172,0.00034,1.42128,-0.10343,0.00662,0.05748,-0.00608,-0.04698,0.00055,0.01574,0.85527,0,0.01029,-0.00101,-0.09325,0.45231,-0.00785,-0.00361,-0.00046,1
1.4557,-0.53811,0.04077,0.00985,-0.00113,-0.00159,0.00024,1.42128,-0.10357,0.00663,0.05737,-0.00607,-0.04720,0.00056,0.01563,0.85526,0,0.01029,-0.00101,-0.09325,0.45231,-0.00785,-0.00361,-0.00046,1
1.4578,-0.53811,0.04077,0.00985,-0.00113,-0.00157,0.00025,1.42128,-0.10372,0.00664,0.05725,-0.00606,-0.04728,0.00058,0.01549,0.85524,0,0.01029,-0.00101,-0.09325,0.45231,-0.00785,-0.00361,-0.00046,1
1.4598,-0.53811,0.04077,0.00984,-0.00113,-0.00167,0.00026,1.42128,-0.10386,0.00665,0.05714,-0.00605,-0.04724,0.00060,0.01542,0.85525,0,0.01029,-0.00101,-0.09325,0.45231,-0.00785,-0.00361,-0.00046,1
1.4618,-0.53811,0.04077,0.00984,-0.00113,-0.00189,0.00026,1.42128,-0.10400,0.00665,0.05702,-0.00603,-0.04707,0.00062,0.01528,0.85528,0,0.01029,-0.00101,-0.09325,0.45231,-0.00785,-0.00361,-0.00046,1
1.4638,-0.53811,0.04077,0.00983,-0.00113,-0.00222,0.00026,1.42128,-0.10415,0.00666,0.05689,-0.00602,-0.04702,0.00064,0.01524,0.85525,0,0.01029,-0.00101,-0.09325,0.45231,-0.00785,-0.00361,-0.00046,1
1.4658,-0.53811,0.04077,0.00983,-0.00113,-0.00243,0.00026,1.42128,-0.10429,0.00667,0.05676,-0.00601,-0.04711,0.00066,0.01512,0.85529,0,0.01029,-0.00101,-0.09325,0.45231,-0.00785,-0.00361,-0.00046,1
1.4678,-0.53811,0.04077,0.00982,-0.00113,-0.00253,0.00027,1.42128,-0.10443,0.00668,0.05663,-0.00600,-0.04732,0.00068,0.01505,0.85527,0,0.01029,-0.00101,-0.09325,0.45231,-0.00785,-0.00361,-0.00046,1
1.4698,-0.53811,0.04077,0.00982,-0.00113,-0.00251,0.00027,1.42128,-0.10457,0.00669,0.05650,-0.00599,-0.04766,0.00070,0.01497,0.85529,0,0.01029,-0.00101,-0.09325,0.45231,-0.00785,-0.00361,-0.00046,1
1.4718,-0.53811,0.04077,0.00981,-0.00113,-0.00238,0.00027,1.42128,-0.10472,0.00670,0.05637,-0.00598,-0.04813,0.00072,0.01492,0.85530,0,0.01029,-0.00101,-0.09325,0.45231,-0.00785,-0.00361,-0.00046,1
1.4738,-0.53811,0.04077,0.00981,-0.00113,-0.00213,0.00027,1.42128,-0.10486,0.00671,0.05624,-0.00597,-0.04862,0.00074,0.01474,0.85528,0,0.01029,-0.00101,-0.09325,0.45231,-0.00785,-0.00361,-0.00046,1
1.4759,-0.53811,0.04077,0.00981,-0.00113,-0.00185,0.00027,1.42128,-0.10500,0.00672,0.05611,-0.00596,-0.04899,0.00076,0.01474,0.85524,0,0.01029,-0.00101,-0.09325,0.45231,-0.00785,-0.00361,-0.00046,1
1.4779,-0.53811,0.04077,0.00980,-0.00113,-0.00169,0.00028,1.42128,-0.10515,0.00673,0.05599,-0.00595,-0.04923,0.00078,0.01462,0.85529,0,0.01029,-0.00101,-0.09325,0.45231,-0.00785,-0.00361,-0.00046,1
1.4799,-0.53811,0.04077,0.00980,-0.00113,-0.00165,0.00028,1.42128,-0.10529,0.00674,0.05588,-0.00594,-0.04941,0.00080,0.01453,0.85529,0,0.01029,-0.00101,-0.09325,0.45231,-0.00785,-0.00361,-0.00046,1
1.4819,-0.53811,0.04077,0.00980,-0.00112,-0.00166,0.00028,1.42128,-0.10543,0.00675,0.05576,-0.00593,-0.04967,0.00082,0.01442,0.85529,0,0.01029,-0.00101,-0.09325,0.45231,-0.00785,-0.00361,-0.00046,1
1.4839,-0.53811,0.04077,0.00979,-0.00112,-0.00160,0.00028,1.42128,-0.10557,0.00675,0.05564,-0.00592,-0.04993,0.00084,0.01433,0.85527,0,0.01029,-0.00101,-0.09325,0.45231,-0.00785,-0.00361,-0.00046,1
1.4859,-0.53603,0.04066,0.00935,-0.00081,-0.00276,0.00169,1.41931,-0.10572,0.00676,0.05203,-0.00283,-0.05032,0.00099,0.01412,0.85528,0,0.00905,-0.00058,-0.09325,0.45231,-0.00785,-0.00361,-0.00046,1
1.4879,-0.53603,0.04066,0.00934,-0.00080,-0.00257,0.00157,1.41931,-0.10586,0.00677,0.05189,-0.00280,-0.05083,0.00126,0.01412,0.85528,0,0.00905,-0.00058,-0.09325,0.45231,-0.00785,-0.00361,-0.00046,1
1.4899,-0.53603,0.04066,0.00934,-0.00080,-0.00227,0.00133,1.41931,-0.10600,0.00678,0.05176,-0.00276,-0.05148,0.00167,0.01401,0.85527,0,0.00905,-0.00058,-0.09325,0.45231,-0.00785,-0.00361,-0.00046,1
1.4919,-0.53603,0.04066,0.00934,-0.00080,-0.00185,0.00098,1.41931,-0.10614,0.00679,0.05163,-0.00273,-0.05225,0.00220,0.01396,0.85527,0,0.00905,-0.00058,-0.09325,0.45231,-0.00785,-0.00361,-0.00046,1
1.4939,-0.53603,0.04066,0.00933,-0.00080,-0.00132,0.00051,1.41931,-0.10629,0.00680,0.05152,-0.00271,-0.05315,0.00286,0.01384,0.85531,0,0.00905,-0.00058,-0.09325,0.45231,-0.00785,-0.00361,-0.00046,1
1.4959,-0.53603,0.04066,0.00933,-0.00080,-0.00067,-0.00008,1.41931,-0.10643,0.00681,0.05141,-0.00270,-0.05417,0.00365,0.01373,0.85529,0,0.00905,-0.00058,-0.09325,0.45231,-0.00785,-0.00361,-0.00046,1
1.4979,-0.53603,0.04066,0.00933,-0.00080,0.00010,-0.00078,1.41931,-0.10657,0.00682,0.05132,-0.00271,-0.05525,0.00431,0.01360,0.85529,0,0.00905,-0.00058,-0.09325,0.45231,-0.00785,-0.00361,-0.00046,1
1.4999,-0.53603,0.04066,0.00933,-0.00080,0.00091,-0.00137,1.41931,-0.10671,0.00683,0.05125,-0.00272,-0.05620,0.00484,0.01351,0.85531,0,0.00905,-0.00058,-0.09325,0.45231,-0.00785,-0.00361,-0.00046,1
1.5019,-0.53603,0.04066,0.00933,-0.00080,0.00161,-0.00184,1.41931,-0.10686,0.00684,0.05118,-0.00275,-0.05702,0.00524,0.01341,0.85534,0,0.00905,-0.00058,-0.09325,0.45231,-0.00785,-0.00361,-0.00046,1
1.5039,-0.53603,0.04066,0.00934,-0.00081,0.00219,-0.00219,1.41931,-0.10700,0.00685,0.05114,-0.00278,-0.05771,0.00552,0.01331,0.85534,0,0.00905,-0.00058,-0.09325,0.45231,-0.00785,-0.00361,-0.00046,1
1.5059,-0.53603,0.04066,0.00934,-0.00081,0.00265,-0.00243,1.41931,-0.10714,0.00686,0.05110,-0.00282,-0.05828,0.00567,0.01308,0.85535,0,0.00905,-0.00058,-0.09325,0.45231,-0.00785,-0.00361,-0.00046,1
1.5079,-0.53603,0.04066,0.00935,-0.00082,0.00300,-0.00255,1.41931,-0.10728,0.00686,0.05107,-0.00287,-0.05872,0.00569,0.01296,0.85538,0,0.00905,-0.00058,-0.09325,0.45231,-0.00785,-0.00361,-0.00046,1
1.5099,-0.53603,0.04066,0.00935,-0.00082,0.00323,-0.00255,1.41931,-0.10743,0.00687,0.05104,-0.00291,-0.05902,0.00558,0.01286,0.85535,0,0.00905,-0.00058,-0.09325,0.45231,-0.00785,-0.00361,-0.00046,1
1.5119,-0.53603,0.04066,0.00936,-0.00083,0.00334,-0.00244,1.41931,-0.10757,0.00688,0.05102,-0.00296,-0.05921,0.00534,0.01275,0.85539,0,0.00905,-0.00058,-0.09325,0.45231,-0.00785,-0.00361,-0.00046,1
1.5139,-0.53603,0.04066,0.00937,-0.00083,0.00334,-0.00221,1.41931,-0.10771,0.00689,0.05100,-0.00300,-0.05926,0.00498,0.01263,0.85539,0,0.00905,-0.00058,-0.09325,0.45231,-0.00785,-0.00361,-0.00046,1
1.5159,-0.53603,0.04066,0.00937,-0.00083,0.00322,-0.00186,1.41931,-0.10785,0.00690,0.05098,-0.00303,-0.05918,0.00449,0.01246,0.85541,0,0.00905,-0.00058,-0.09325,0.45231,-0.00785,-0.00361,-0.00046,1
1.5179,-0.53603,0.04066,0.00938,-0.00084,0.00299,-0.00140,1.41931,-0.10800,0.00691,0.05095,-0.00306,-0.05898,0.00387,0.01234,0.85539,0,0.00905,-0.00058,-0.09325,0.45231,-0.00785,-0.00361,-0.00046,1
1.5199,-0.53603,0.04066,0.00939,-0.00084,0.00264,-0.00082,1.41931,-0.10814,0.00692,0.05092,-0.00307,-0.05865,0.00338,0.01223,0.85539,0,0.00905,-0.00058,-0.09325,0.45231,-0.00785,-0.00361,-0.00046,1
1.5219,-0.53603,0.04066,0.00939,-0.00084,0.00217,-0.00036,1.41931,-0.10828,0.00693,0.05088,-0.00308,-0.05819,0.00301,0.01214,0.85540,0,0.00905,-0.00058,-0.09325,0.45231,-0.00785,-0.00361,-0.00046,1
1.5239,-0.53603,0.04066,0.00939,-0.00084,0.00158,-0.00001,1.41931,-0.10842,0.00694,0.05083,-0.00308,-0.05760,0.00278,0.01197,0.85539,0,0.00905,-0.00058,-0.09325,0.45231,-0.00785,-0.00361,-0.00046,1
1.5259,-0.53603,0.04066,0.00940,-0.00084,0.00088,0.00022,1.41931,-0.10857,0.00695,0.05077,-0.00307,-0.05714,0.00267,0.01193,0.85539,0,0.00905,-0.00058,-0.09325,0.45231,-0.00785,-0.00361,-0.00046,1
1.5279,-0.53603,0.04066,0.00940,-0.00084,0.00030,0.00033,1.41931,-0.10871,0.00696,0.05070,-0.00306,-0.05681,0.00269,0.01176,0.85543,0,0.00905,-0.00058,-0.09325,0.45231,-0.00785,-0.00361,-0.00046,1
1.5299,-0.53603,0.04066,0.00940,-0.00084,-0.00017,0.00033,1.41931,-0.10885,0.00696,0.05061,-0.00305,-0.05661,0.00284,0.01170,0.85541,0,0.00905,-0.00058,-0.09325,0.45231,-0.00785,-0.00361,-0.00046,1
1.5319,-0.53603,0.04066,0.00940,-0.00084,-0.00052,0.00021,1.41931,-0.10899,0.00697,0.05052,-0.00304,-0.05654,0.00311,0.01157,0.85539,0,0.00905,-0.00058,-0.09325,0.45231,-0.00785,-0.00361,-0.00046,1
1.5339,-0.53603,0.04066,0.00940,-0.00084,-0.00076,-0.00003,1.41931,-0.10913,0.00698,0.05042,-0.00303,-0.05659,0.00352,0.01151,0.85540,0,0.00905,-0.00058,-0.09325,0.45231,-0.00785,-0.00361,-0.00046,1
1.5359,-0.53603,0.04066,0.00939,-0.00084,-0.00088,-0.00038,1.41931,-0.10928,0.00699,0.05031,-0.00303,-0.05677,0.00396,0.01141,0.85543,0,0.00905,-0.00058,-0.09325,0.45231,-0.00785,-0.00361,-0.00046,1
1.5379,-0.53603,0.04066,0.00939,-0.00084,-0.00088,-0.00077,1.41931,-0.10942,0.00700,0.05021,-0.00303,-0.05708,0.00429,0.01131,0.85541,0,0.00905,-0.00058,-0.09325,0.45231,-0.00785,-0.00361,-0.00046,1
1.5399,-0.53603,0.04066,0.00939,-0.00084,-0.00077,-0.00105,1.41931,-0.10956,0.00701,0.05010,-0.00305,-0.05752,0.00448,0.01119,0.85542,0,0.00905,-0.00058,-0.09325,0.45231,-0.00785,-0.00361,-0.00046,1
1.5419,-0.53603,0.04066,0.00939,-0.00085,-0.00054,-0.00121,1.41931,-0.10970,0.00702,0.05000,-0.00306,-0.05808,0.00454,0.01107,0.85544,0,0.00905,-0.00058,-0.09325,0.45231,-0.00785,-0.00361,-0.00046,1
1.5439,-0.53603,0.04066,0.00939,-0.00085,-0.00019,-0.00126,1.41931,-0.10985,0.00703,0.04991,-0.00308,-0.05877,0.00448,0.01095,0.85544,0,0.00905,-0.00058,-0.09325,0.45231,-0.00785,-0.00361,-0.00046,1
1.5459,-0.53603,0.04066,0.00939,-0.00085,0.00027,-0.00118,1.41931,-0.10999,0.00704,0.04982,-0.00310,-0.05959,0.00429,0.01083,0.85542,0,0.00905,-0.00058,-0.09325,0.45231,-0.00785,-0.00361,-0.00046,1
1.5479,-0.53603,0.04066,0.00939,-0.00085,0.00085,-0.00099,1.41931,-0.11013,0.00705,0.04974,-0.00311,-0.06039,0.00397,0.01071,0.85546,0,0.00905,-0.00058,-0.09325,0.45231,-0.00785,-0.00361,-0.00046,1
1.5499,-0.53603,0.04066,0.00939,-0.00085,0.00140,-0.00069,1.41931,-0.11027,0.00706,0.04968,-0.00313,-0.06105,0.00378,0.01057,0.85546,0,0.00905,-0.00058,-0.09325,0.45231,-0.00785,-0.00361,-0.00046,1
1.5519,-0.53564,0.04102,0.00936,-0.00064,0.00145,0.00005,1.42151,-0.11042,0.00706,0.04940,-0.00090,-0.06159,0.00372,0.01033,0.85546,0,0.00926,-0.00042,-0.08753,0.45111,-0.01387,-0.00360,-0.00318,1
1.5539,-0.53564,0.04102,0.00936,-0.00064,0.00177,0.00012,1.42151,-0.11056,0.00707,0.04935,-0.00090,-0.06200,0.00378,0.01033,0.85546,0,0.00926,-0.00042,-0.08753,0.45111,-0.01387,-0.00360,-0.00318,1
1.5559,-0.53564,0.04102,0.00936,-0.00064,0.00198,0.00007,1.42151,-0.11070,0.00708,0.04929,-0.00089,-0.06228,0.00398,0.01015,0.85546,0,0.00926,-0.00042,-0.08753,0.45111,-0.01387,-0.00360,-0.00318,1
1.5579,-0.53564,0.04102,0.00937,-0.00064,0.00207,-0.00009,1.42151,-0.11084,0.00709,0.04925,-0.00088,-0.06243,0.00430,0.01010,0.85547,0,0.00926,-0.00042,-0.08753,0.45111,-0.01387,-0.00360,-0.00318,1
1.5599,-0.53564,0.04102,0.00937,-0.00064,0.00204,-0.00037,1.42151,-0.11099,0.00710,0.04920,-0.00088,-0.06246,0.00475,0.00990,0.85551,0,0.00926,-0.00042,-0.08753,0.45111,-0.01387,-0.00360,-0.00318,1
1.5619,-0.53564,0.04102,0.00938,-0.00064,0.00189,-0.00077,1.42151,-0.11113,0.00711,0.04915,-0.00089,-0.06236,0.00532,0.00979,0.85550,0,0.00926,-0.00042,-0.08753,0.45111,-0.01387,-0.00360,-0.00318,1
1.5639,-0.53564,0.04102,0.00938,-0.00065,0.00163,-0.00128,1.42151,-0.11127,0.00712,0.04909,-0.00090,-0.06218,0.00603,0.00963,0.85546,0,0.00926,-0.00042,-0.08753,0.45111,-0.01387,-0.00360,-0.00318,1
1.5659,-0.53564,0.04102,0.00938,-0.00065,0.00131,-0.00191,1.42151,-0.11141,0.00713,0.04903,-0.00093,-0.06213,0.00660,0.00950,0.85548,0,0.00926,-0.00042,-0.08753,0.45111,-0.01387,-0.00360,-0.00318,1
1.5679,-0.53564,0.04102,0.00939,-0.00065,0.00109,-0.00242,1.42151,-0.11156,0.00714,0.04897,-0.00096,-0.06221,0.00705,0.00947,0.85548,0,0.00926,-0.00042,-0.08753,0.45111,-0.01387,-0.00360,-0.00318,1
1.5699,-0.53564,0.04102,0.00939,-0.00066,0.00100,-0.00282,1.42151,-0.11170,0.00715,0.04890,-0.00101,-0.06242,0.00737,0.00931,0.85552,0,0.00926,-0.00042,-0.08753,0.45111,-0.01387,-0.00360,-0.00318,1
1.5719,-0.53564,0.04102,0.00939,-0.00067,0.00102,-0.00310,1.42151,-0.11184,0.00716,0.04883,-0.00106,-0.06275,0.00757,0.00921,0.85553,0,0.00926,-0.00042,-0.08753,0.45111,-0.01387,-0.00360,-0.00318,1
1.5740,-0.53564,0.04102,0.00939,-0.00067,0.00116,-0.00326,1.42151,-0.11198,0.00716,0.04876,-0.00112,-0.06321,0.00763,0.00911,0.85555,0,0.00926,-0.00042,-0.08753,0.45111,-0.01387,-0.00360,-0.00318,1
1.5760,-0.53564,0.04102,0.00939,-0.00068,0.00141,-0.00331,1.42151,-0.11213,0.00717,0.04870,-0.00118,-0.06355,0.00757,0.00900,0.85560,0,0.00926,-0.00042,-0.08753,0.45111,-0.01387,-0.00360,-0.00318,1
1.5780,-0.53564,0.04102,0.00940,-0.00069,0.00155,-0.00324,1.42151,-0.11227,0.00718,0.04864,-0.00124,-0.06376,0.00738,0.00885,0.85558,0,0.00926,-0.00042,-0.08753,0.45111,-0.01387,-0.00360,-0.00318,1
1.5800,-0.53564,0.04102,0.00940,-0.00069,0.00157,-0.00305,1.42151,-0.11241,0.00719,0.04858,-0.00129,-0.06384,0.00706,0.00876,0.85559,0,0.00926,-0.00042,-0.08753,0.45111,-0.01387,-0.00360,-0.00318,1
1.5820,-0.53564,0.04102,0.00940,-0.00070,0.00147,-0.00275,1.42151,-0.11255,0.00720,0.04852,-0.00134,-0.06404,0.00661,0.00864,0.85563,0,0.00926,-0.00042,-0.08753,0.45111,-0.01387,-0.00360,-0.00318,1
1.5840,-0.53564,0.04102,0.00941,-0.00070,0.00149,-0.00233,1.42151,-0.11269,0.00721,0.04845,-0.00139,-0.06424,0.00604,0.00848,0.85565,0,0.00926,-0.00042,-0.08753,0.45111,-0.01387,-0.00360,-0.00318,1
1.5860,-0.53564,0.04102,0.00941,-0.00071,0.00150,-0.00180,1.42151,-0.11284,0.00722,0.04839,-0.00142,-0.06444,0.00559,0.00837,0.85564,0,0.00926,-0.00042,-0.08753,0.45111,-0.01387,-0.00360,-0.00318,1
1.5880,-0.53564,0.04102,0.00941,-0.00071,0.00152,-0.00138,1.42151,-0.11298,0.00723,0.04833,-0.00145,-0.06465,0.00527,0.00821,0.85565,0,0.00926,-0.00042,-0.08753,0.45111,-0.01387,-0.00360,-0.00318,1
1.5900,-0.53564,0.04102,0.00942,-0.00071,0.00154,-0.00107,1.42151,-0.11312,0.00724,0.04827,-0.00147,-0.06485,0.00508,0.00810,0.85566,0,0.00926,-0.00042,-0.08753,0.45111,-0.01387,-0.00360,-0.00318,1
1.5920,-0.53564,0.04102,0.00942,-0.00071,0.00155,-0.00089,1.42151,-0.11326,0.00725,0.04821,-0.00148,-0.06505,0.00502,0.00800,0.85567,0,0.00926,-0.00042,-0.08753,0.45111,-0.01387,-0.00360,-0.00318,1
1.5940,-0.53564,0.04102,0.00942,-0.00072,0.00157,-0.00082,1.42151,-0.11341,0.00726,0.04815,-0.00149,-0.06525,0.00508,0.00791,0.85568,0,0.00926,-0.00042,-0.08753,0.45111,-0.01387,-0.00360,-0.00318,1
1.5960,-0.53564,0.04102,0.00942,-0.00072,0.00158,-0.00086,1.42151,-0.11355,0.00727,0.04809,-0.00150,-0.06546,0.00528,0.00773,0.85570,0,0.00926,-0.00042,-0.08753,0.45111,-0.01387,-0.00360,-0.00318,1
1.5980,-0.53564,0.04102,0.00943,-0.00072,0.00160,-0.00103,1.42151,-0.11369,0.00727,0.04803,-0.00151,-0.06566,0.00560,0.00759,0.85569,0,0.00926,-0.00042,-0.08753,0.45111,-0.01387,-0.00360,-0.00318,1
1.6000,-0.53564,0.04102,0.00943,-0.00072,0.00162,-0.00131,1.42151,-0.11383,0.00728,0.04797,-0.00153,-0.06586,0.00579,0.00747,0.85568,0,0.00926,-0.00042,-0.08753,0.45111,-0.01387,-0.00360,-0.00318,1
1.6020,-0.53564,0.04102,0.00943,-0.00072,0.00163,-0.00147,1.42151,-0.11398,0.00729,0.04792,-0.00155,-0.06606,0.00585,0.00740,0.85572,0,0.00926,-0.00042,-0.08753,0.45111,-0.01387,-0.00360,-0.00318,1
1.6040,-0.53564,0.04102,0.00944,-0.00073,0.00165,-0.00151,1.42151,-0.11412,0.00730,0.04786,-0.00158,-0.06626,0.00579,0.00721,0.85569,0,0.00926,-0.00042,-0.08753,0.45111,-0.01387,-0.00360,-0.00318,1
1.6060,-0.53564,0.04102,0.00944,-0.00073,0.00166,-0.00144,1.42151,-0.11426,0.00731,0.04780,-0.00160,-0.06646,0.00571,0.00708,0.85573,0,0.00926,-0.00042,-0.08753,0.45111,-0.01387,-0.00360,-0.00318,1
1.6080,-0.53564,0.04102,0.00944,-0.00073,0.00167,-0.00136,1.42151,-0.11440,0.00732,0.04774,-0.00162,-0.06667,0.00570,0.00692,0.85576,0,0.00926,-0.00042,-0.08753,0.45111,-0.01387,-0.00360,-0.00318,1
1.6100,-0.53564,0.04102,0.00945,-0.00074,0.00169,-0.00133,1.42151,-0.11455,0.00733,0.04768,-0.00164,-0.06687,0.00569,0.00681,0.85578,0,0.00926,-0.00042,-0.08753,0.45111,-0.01387,-0.00360,-0.00318,1
1.6120,-0.53564,0.04102,0.00945,-0.00074,0.00170,-0.00131,1.42151,-0.11469,0.00734,0.04762,-0.00166,-0.06707,0.00568,0.00665,0.85578,0,0.00926,-0.00042,-0.08753,0.45111,-0.01387,-0.00360,-0.00318,1
1.6140,-0.53564,0.04102,0.00945,-0.00074,0.00172,-0.00129,1.42151,-0.11483,0.00735,0.04756,-0.00168,-0.06727,0.00566,0.00650,0.85580,0,0.00926,-0.00042,-0.08753,0.45111,-0.01387,-0.00360,-0.00318,1
1.6160,-0.53477,0.04060,0.00949,-0.00050,0.00203,-0.00046,1.41853,-0.11497,0.00736,0.04812,0.00053,-0.06734,0.00578,0.00625,0.85581,0,0.00943,-0.00021,-0.08753,0.45111,-0.01387,-0.00360,-0.00318,1
1.6180,-0.53477,0.04060,0.00949,-0.00050,0.00193,-0.00056,1.41853,-0.11512,0.00737,0.04807,0.00052,-0.06729,0.00603,0.00625,0.85581,0,0.00943,-0.00021,-0.08753,0.45111,-0.01387,-0.00360,-0.00318,1
1.6200,-0.53477,0.04060,0.00949,-0.00050,0.00171,-0.00077,1.41853,-0.11526,0.00737,0.04801,0.00051,-0.06725,0.00640,0.00613,0.85582,0,0.00943,-0.00021,-0.08753,0.45111,-0.01387,-0.00360,-0.00318,1
1.6220,-0.53477,0.04060,0.00950,-0.00050,0.00150,-0.00110,1.41853,-0.11540,0.00738,0.04795,0.00050,-0.06733,0.00690,0.00603,0.85581,0,0.00943,-0.00021,-0.08753,0.45111,-0.01387,-0.00360,-0.00318,1
1.6240,-0.53477,0.04060,0.00950,-0.00051,0.00141,-0.00155,1.41853,-0.11554,0.00739,0.04789,0.00048,-0.06755,0.00753,0.00585,0.85583,0,0.00943,-0.00021,-0.08753,0.45111,-0.01387,-0.00360,-0.00318,1
1.6260,-0.53477,0.04060,0.00950,-0.00051,0.00144,-0.00211,1.41853,-0.11569,0.00740,0.04782,0.00045,-0.06786,0.00803,0.00576,0.85584,0,0.00943,-0.00021,-0.08753,0.45111,-0.01387,-0.00360,-0.00318,1
1.6280,-0.53477,0.04060,0.00950,-0.00052,0.00156,-0.00256,1.41853,-0.11583,0.00741,0.04776,0.00041,-0.06807,0.00841,0.00561,0.85584,0,0.00943,-0.00021,-0.08753,0.45111,-0.01387,-0.00360,-0.00318,1
1.6300,-0.53477,0.04060,0.00951,-0.00052,0.00157,-0.00289,1.41853,-0.11597,0.00742,0.04770,0.00036,-0.06827,0.00865,0.00547,0.85588,0,0.00943,-0.00021,-0.08753,0.45111,-0.01387,-0.00360,-0.00318,1
1.6320,-0.53477,0.04060,0.00951,-0.00053,0.00159,-0.00310,1.41853,-0.11611,0.00743,0.04764,0.00031,-0.06848,0.00877,0.00532,0.85585,0,0.00943,-0.00021,-0.08753,0.45111,-0.01387,-0.00360,-0.00318,1
1.6340,-0.53477,0.04060,0.00951,-0.00053,0.00161,-0.00320,1.41853,-0.11626,0.00744,0.04758,0.00025,-0.06868,0.00876,0.00527,0.85589,0,0.00943,-0.00021,-0.08753,0.45111,-0.01387,-0.00360,-0.00318,1
1.6360,-0.53477,0.04060,0.00952,-0.00054,0.00162,-0.00318,1.41853,-0.11640,0.00745,0.04751,0.00020,-0.06888,0.00862,0.00502,0.85592,0,0.00943,-0.00021,-0.08753,0.45111,-0.01387,-0.00360,-0.00318,1
1.6380,-0.53477,0.04060,0.00952,-0.00055,0.00164,-0.00304,1.41853,-0.11654,0.00746,0.04745,0.00014,-0.06909,0.00835,0.00494,0.85595,0,0.00943,-0.00021,-0.08753,0.45111,-0.01387,-0.00360,-0.00318,1
1.6400,-0.53477,0.04060,0.00952,-0.00055,0.00165,-0.00279,1.41853,-0.11668,0.00747,0.04739,0.00009,-0.06929,0.00796,0.00482,0.85593,0,0.00943,-0.00021,-0.08753,0.45111,-0.01387,-0.00360,-0.00318,1
1.6420,-0.53477,0.04060,0.00953,-0.00056,0.00167,-0.00242,1.41853,-0.11683,0.00747,0.04733,0.00005,-0.06949,0.00752,0.00458,0.85596,0,0.00943,-0.00021,-0.08753,0.45111,-0.01387,-0.00360,-0.00318,1
1.6440,-0.53477,0.04060,0.00953,-0.00056,0.00168,-0.00201,1.41853,-0.11697,0.00748,0.04727,0.00001,-0.06970,0.00721,0.00446,0.85596,0,0.00943,-0.00021,-0.08753,0.45111,-0.01387,-0.00360,-0.00318,1
1.6460,-0.53477,0.04060,0.00953,-0.00056,0.00170,-0.00172,1.41853,-0.11711,0.00749,0.04721,-0.00002,-0.06990,0.00703,0.00429,0.85597,0,0.00943,-0.00021,-0.08753,0.45111,-0.01387,-0.00360,-0.00318,1
1.6480,-0.53477,0.04060,0.00954,-0.00057,0.00171,-0.00154,1.41853,-0.11725,0.00750,0.04715,-0.00005,-0.07010,0.00697,0.00417,0.85599,0,0.00943,-0.00021,-0.08753,0.45111,-0.01387,-0.00360,-0.00318,1
1.6500,-0.53477,0.04060,0.00954,-0.00057,0.00173,-0.00148,1.41853,-0.11740,0.00751,0.04709,-0.00007,-0.07031,0.00704,0.00402,0.85601,0,0.00943,-0.00021,-0.08753,0.45111,-0.01387,-0.00360,-0.00318,1
1.6520,-0.53477,0.04060,0.00954,-0.00057,0.00174,-0.00154,1.41853,-0.11754,0.00752,0.04703,-0.00010,-0.07051,0.00725,0.00393,0.85600,0,0.00943,-0.00021,-0.08753,0.45111,-0.01387,-0.00360,-0.00318,1
1.6540,-0.53477,0.04060,0.00955,-0.00058,0.00175,-0.00171,1.41853,-0.11768,0.00753,0.04697,-0.00012,-0.07071,0.00741,0.00374,0.85602,0,0.00943,-0.00021,-0.08753,0.45111,-0.01387,-0.00360,-0.00318,1
1.6560,-0.53477,0.04060,0.00955,-0.00058,0.00177,-0.00185,1.41853,-0.11782,0.00754,0.04691,-0.00015,-0.07091,0.00744,0.00361,0.85603,0,0.00943,-0.00021,-0.08753,0.45111,-0.01387,-0.00360,-0.00318,1
1.6580,-0.53477,0.04060,0.00956,-0.00058,0.00178,-0.00187,1.41853,-0.11797,0.00755,0.04685,-0.00018,-0.07112,0.00737,0.00348,0.85605,0,0.00943,-0.00021,-0.08753,0.45111,-0.01387,-0.00360,-0.00318,1
1.6601,-0.53477,0.04060,0.00956,-0.00059,0.00179,-0.00179,1.41853,-0.11811,0.00756,0.04679,-0.00021,-0.07132,0.00735,0.00337,0.85607,0,0.00943,-0.00021,-0.08753,0.45111,-0.01387,-0.00360,-0.00318,1
1.6621,-0.53477,0.04060,0.00956,-0.00059,0.00181,-0.00176,1.41853,-0.11825,0.00757,0.04673,-0.00024,-0.07152,0.00733,0.00323,0.85608,0,0.00943,-0.00021,-0.08753,0.45111,-0.01387,-0.00360,-0.00318,1
1.6641,-0.53477,0.04060,0.00957,-0.00060,0.00182,-0.00173,1.41853,-0.11839,0.00758,0.04667,-0.00027,-0.07172,0.00731,0.00309,0.85611,0,0.00943,-0.00021,-0.08753,0.45111,-0.01387,-0.00360,-0.00318,1
1.6661,-0.53477,0.04060,0.00957,-0.00060,0.00183,-0.00170,1.41853,-0.11854,0.00758,0.04661,-0.00030,-0.07192,0.00729,0.00289,0.85611,0,0.00943,-0.00021,-0.08753,0.45111,-0.01387,-0.00360,-0.00318,1
1.6681,-0.53477,0.04060,0.00957,-0.00060,0.00184,-0.00168,1.41853,-0.11868,0.00759,0.04655,-0.00032,-0.07212,0.00727,0.00278,0.85613,0,0.00943,-0.00021,-0.08753,0.45111,-0.01387,-0.00360,-0.00318,1
1.6701,-0.53477,0.04060,0.00958,-0.00061,0.00186,-0.00165,1.41853,-0.11882,0.00760,0.04650,-0.00035,-0.07232,0.00725,0.00267,0.85617,0,0.00943,-0.00021,-0.08753,0.45111,-0.01387,-0.00360,-0.00318,1
1.6721,-0.53477,0.04060,0.00958,-0.00061,0.00187,-0.00162,1.41853,-0.11896,0.00761,0.04644,-0.00038,-0.07253,0.00723,0.00256,0.85618,0,0.00943,-0.00021,-0.08753,0.45111,-0.01387,-0.00360,-0.00318,1
1.6741,-0.53477,0.04060,0.00958,-0.00061,0.00188,-0.00160,1.41853,-0.11911,0.00762,0.04638,-0.00040,-0.07273,0.00722,0.00240,0.85622,0,0.00943,-0.00021,-0.08753,0.45111,-0.01387,-0.00360,-0.00318,1
1.6761,-0.53477,0.04060,0.00959,-0.00062,0.00189,-0.00157,1.41853,-0.11925,0.00763,0.04632,-0.00043,-0.07294,0.00720,0.00222,0.85620,0,0.00943,-0.00021,-0.08753,0.45111,-0.01387,-0.00360,-0.00318,1
1.6781,-0.53477,0.04060,0.00959,-0.00062,0.00191,-0.00154,1.41853,-0.11940,0.00764,0.04626,-0.00045,-0.07314,0.00719,0.00211,0.85622,0,0.00943,-0.00021,-0.08753,0.45111,-0.01387,-0.00360,-0.00318,1
1.6801,-0.53477,0.04060,0.00960,-0.00062,0.00192,-0.00152,1.41853,-0.11954,0.00765,0.04620,-0.00048,-0.07334,0.00717,0.00195,0.85623,0,0.00943,-0.00021,-0.08753,0.45111,-0.01387,-0.00360,-0.00318,1
1.6821,-0.53477,0.04060,0.00960,-0.00062,0.00193,-0.00150,1.41853,-0.11968,0.00766,0.04614,-0.00050,-0.07354,0.00716,0.00183,0.85622,0,0.00943,-0.00021,-0.08753,0.45111,-0.01387,-0.00360,-0.00318,1
1.6841,-0.53477,0.04060,0.00960,-0.00063,0.00194,-0.00147,1.41853,-0.11982,0.00767,0.04609,-0.00052,-0.07374,0.00714,0.00170,0.85624,0,0.00943,-0.00021,-0.08753,0.45111,-0.01387,-0.00360,-0.00318,1
1.6861,-0.53376,0.04132,0.00989,-0.00049,0.00293,-0.00073,1.42484,-0.11997,0.00768,0.04917,0.00111,-0.07381,0.00726,0.00138,0.85629,0,0.01005,-0.00033,-0.08759,0.45050,-0.01302,-0.00340,0.00297,1
1.6882,-0.53376,0.04132,0.00989,-0.00049,0.00282,-0.00083,1.42484,-0.12011,0.00768,0.04913,0.00110,-0.07375,0.00750,0.00138,0.85629,0,0.01005,-0.00033,-0.08759,0.45050,-0.01302,-0.00340,0.00297,1
1.6902,-0.53376,0.04132,0.00990,-0.00050,0.00259,-0.00104,1.42484,-0.12025,0.00769,0.04909,0.00109,-0.07357,0.00787,0.00121,0.85632,0,0.01005,-0.00033,-0.08759,0.45050,-0.01302,-0.00340,0.00297,1
1.6922,-0.53376,0.04132,0.00990,-0.00050,0.00225,-0.00137,1.42484,-0.12039,0.00770,0.04904,0.00107,-0.07326,0.00837,0.00108,0.85634,0,0.01005,-0.00033,-0.08759,0.45050,-0.01302,-0.00340,0.00297,1
1.6942,-0.53376,0.04132,0.00991,-0.00050,0.00179,-0.00181,1.42484,-0.12054,0.00771,0.04898,0.00104,-0.07282,0.00876,0.00092,0.85633,0,0.01005,-0.00033,-0.08759,0.45050,-0.01302,-0.00340,0.00297,1
1.6962,-0.53376,0.04132,0.00991,-0.00050,0.00121,-0.00215,1.42484,-0.12068,0.00772,0.04892,0.00101,-0.07225,0.00901,0.00077,0.85638,0,0.01005,-0.00033,-0.08759,0.45050,-0.01302,-0.00340,0.00297,1
1.6982,-0.53376,0.04132,0.00991,-0.00051,0.00052,-0.00238,1.42484,-0.12082,0.00773,0.04884,0.00097,-0.07181,0.00914,0.00064,0.85638,0,0.01005,-0.00033,-0.08759,0.45050,-0.01302,-0.00340,0.00297,1
1.7002,-0.53376,0.04132,0.00991,-0.00051,-0.00006,-0.00249,1.42484,-0.12096,0.00774,0.04875,0.00093,-0.07150,0.00915,0.00047,0.85640,0,0.01005,-0.00033,-0.08759,0.45050,-0.01302,-0.00340,0.00297,1
1.7022,-0.53376,0.04132,0.00991,-0.00052,-0.00052,-0.00248,1.42484,-0.12111,0.00775,0.04864,0.00089,-0.07132,0.00902,0.00036,0.85644,0,0.01005,-0.00033,-0.08759,0.45050,-0.01302,-0.00340,0.00297,1
1.7042,-0.53376,0.04132,0.00991,-0.00052,-0.00086,-0.00236,1.42484,-0.12125,0.00776,0.04853,0.00085,-0.07126,0.00877,0.00028,0.85644,0,0.01005,-0.00033,-0.08759,0.45050,-0.01302,-0.00340,0.00297,1
1.7062,-0.53376,0.04132,0.00991,-0.00053,-0.00109,-0.00212,1.42484,-0.12139,0.00777,0.04842,0.00081,-0.07133,0.00857,0.00010,0.85647,0,0.01005,-0.00033,-0.08759,0.45050,-0.01302,-0.00340,0.00297,1
1.7082,-0.53376,0.04132,0.00990,-0.00053,-0.00120,-0.00193,1.42484,-0.12153,0.00778,0.04830,0.00077,-0.07153,0.00851,-0.00004,0.85648,0,0.01005,-0.00033,-0.08759,0.45050,-0.01302,-0.00340,0.00297,1
1.7102,-0.53376,0.04132,0.00990,-0.00054,-0.00119,-0.00187,1.42484,-0.12168,0.00779,0.04818,0.00074,-0.07186,0.00853,-0.00018,0.85652,0,0.01005,-0.00033,-0.08759,0.45050,-0.01302,-0.00340,0.00297,1
1.7122,-0.53376,0.04132,0.00990,-0.00054,-0.00107,-0.00187,1.42484,-0.12182,0.00779,0.04806,0.00071,-0.07232,0.00851,-0.00034,0.85654,0,0.01005,-0.00033,-0.08759,0.45050,-0.01302,-0.00340,0.00297,1
1.7142,-0.53376,0.04132,0.00990,-0.00054,-0.00083,-0.00184,1.42484,-0.12196,0.00780,0.04794,0.00068,-0.07290,0.00849,-0.00044,0.85654,0,0.01005,-0.00033,-0.08759,0.45050,-0.01302,-0.00340,0.00297,1
1.7162,-0.53376,0.04132,0.00990,-0.00055,-0.00048,-0.00181,1.42484,-0.12210,0.00781,0.04783,0.00065,-0.07362,0.00846,-0.00060,0.85657,0,0.01005,-0.00033,-0.08759,0.45050,-0.01302,-0.00340,0.00297,1
1.7182,-0.53376,0.04132,0.00990,-0.00055,-0.00001,-0.00179,1.42484,-0.12224,0.00782,0.04773,0.00062,-0.07446,0.00844,-0.00074,0.85656,0,0.01005,-0.00033,-0.08759,0.45050,-0.01302,-0.00340,0.00297,1
1.7202,-0.53376,0.04132,0.00990,-0.00055,0.00058,-0.00176,1.42484,-0.12239,0.00783,0.04763,0.00059,-0.07517,0.00843,-0.00090,0.85660,0,0.01005,-0.00033,-0.08759,0.45050,-0.01302,-0.00340,0.00297,1
1.7222,-0.53376,0.04132,0.00990,-0.00056,0.00105,-0.00173,1.42484,-0.12253,0.00784,0.04755,0.00057,-0.07575,0.00841,-0.00105,0.85661,0,0.01005,-0.00033,-0.08759,0.45050,-0.01302,-0.00340,0.00297,1
1.7242,-0.53376,0.04132,0.00990,-0.00056,0.00140,-0.00170,1.42484,-0.12267,0.00785,0.04748,0.00054,-0.07621,0.00839,-0.00123,0.85660,0,0.01005,-0.00033,-0.08759,0.45050,-0.01302,-0.00340,0.00297,1
1.7262,-0.53376,0.04132,0.00990,-0.00057,0.00164,-0.00168,1.42484,-0.12281,0.00786,0.04741,0.00051,-0.07654,0.00837,-0.00142,0.85663,0,0.01005,-0.00033,-0.08759,0.45050,-0.01302,-0.00340,0.00297,1
1.7282,-0.53376,0.04132,0.00991,-0.00057,0.00177,-0.00165,1.42484,-0.12296,0.00787,0.04734,0.00049,-0.07674,0.00835,-0.00151,0.85666,0,0.01005,-0.00033,-0.08759,0.45050,-0.01302,-0.00340,0.00297,1
1.7302,-0.53376,0.04132,0.00991,-0.00057,0.00177,-0.00162,1.42484,-0.12310,0.00788,0.04728,0.00046,-0.07681,0.00834,-0.00172,0.85669,0,0.01005,-0.00033,-0.08759,0.45050,-0.01302,-0.00340,0.00297,1
1.7322,-0.53376,0.04132,0.00991,-0.00057,0.00166,-0.00160,1.42484,-0.12324,0.00789,0.04722,0.00043,-0.07676,0.00832,-0.00184,0.85668,0,0.01005,-0.00033,-0.08759,0.45050,-0.01302,-0.00340,0.00297,1
1.7342,-0.53376,0.04132,0.00992,-0.00058,0.00143,-0.00157,1.42484,-0.12339,0.00789,0.04715,0.00041,-0.07657,0.00830,-0.00204,0.85670,0,0.01005,-0.00033,-0.08759,0.45050,-0.01302,-0.00340,0.00297,1
1.7362,-0.53376,0.04132,0.00992,-0.00058,0.00109,-0.00155,1.42484,-0.12353,0.00790,0.04707,0.00039,-0.07646,0.00829,-0.00222,0.85671,0,0.01005,-0.00033,-0.08759,0.45050,-0.01302,-0.00340,0.00297,1
1.7382,-0.53376,0.04132,0.00992,-0.00058,0.00081,-0.00152,1.42484,-0.12367,0.00791,0.04699,0.00036,-0.07647,0.00827,-0.00234,0.85673,0,0.01005,-0.00033,-0.08759,0.45050,-0.01302,-0.00340,0.00297,1
1.7402,-0.53376,0.04132,0.00992,-0.00059,0.00064,-0.00150,1.42484,-0.12381,0.00792,0.04691,0.00034,-0.07661,0.00826,-0.00253,0.85677,0,0.01005,-0.00033,-0.08759,0.45050,-0.01302,-0.00340,0.00297,1
1.7422,-0.53376,0.04132,0.00992,-0.00059,0.00059,-0.00148,1.42484,-0.12396,0.00793,0.04682,0.00031,-0.07687,0.00825,-0.00264,0.85676,0,0.01005,-0.00033,-0.08759,0.45050,-0.01302,-0.00340,0.00297,1
1.7443,-0.53376,0.04132,0.00993,-0.00059,0.00065,-0.00145,1.42484,-0.12410,0.00794,0.04673,0.00029,-0.07727,0.00823,-0.00281,0.85678,0,0.01005,-0.00033,-0.08759,0.45050,-0.01302,-0.00340,0.00297,1
1.7463,-0.53376,0.04132,0.00993,-0.00060,0.00084,-0.00143,1.42484,-0.12424,0.00795,0.04665,0.00027,-0.07760,0.00822,-0.00298,0.85681,0,0.01005,-0.00033,-0.08759,0.45050,-0.01302,-0.00340,0.00297,1
1.7483,-0.53376,0.04132,0.00993,-0.00060,0.00096,-0.00141,1.42484,-0.12439,0.00796,0.04656,0.00025,-0.07782,0.00821,-0.00308,0.85684,0,0.01005,-0.00033,-0.08759,0.45050,-0.01302,-0.00340,0.00297,1
1.7503,-0.53435,0.04331,0.01052,-0.00066,0.00292,-0.00146,1.42300,-0.12453,0.00797,0.05207,0.00043,-0.07792,0.00832,-0.00338,0.85685,0,0.01103,-0.00066,-0.07946,0.44915,-0.02197,-0.00354,0.00561,1
1.7523,-0.53435,0.04331,0.01053,-0.00066,0.00283,-0.00155,1.42300,-0.12467,0.00798,0.05202,0.00041,-0.07789,0.00838,-0.00338,0.85685,0,0.01103,-0.00066,-0.07946,0.44915,-0.02197,-0.00354,0.00561,1
1.7543,-0.53435,0.04331,0.01053,-0.00067,0.00261,-0.00159,1.42300,-0.12481,0.00799,0.05198,0.00038,-0.07773,0.00837,-0.00348,0.85689,0,0.01103,-0.00066,-0.07946,0.44915,-0.02197,-0.00354,0.00561,1
1.7563,-0.53435,0.04331,0.01054,-0.00067,0.00228,-0.00157,1.42300,-0.12496,0.00799,0.05192,0.00036,-0.07745,0.00835,-0.00369,0.85691,0,0.01103,-0.00066,-0.07946,0.44915,-0.02197,-0.00354,0.00561,1
1.7583,-0.53435,0.04331,0.01054,-0.00067,0.00183,-0.00154,1.42300,-0.12510,0.00800,0.05186,0.00033,-0.07703,0.00834,-0.00378,0.85694,0,0.01103,-0.00066,-0.07946,0.44915,-0.02197,-0.00354,0.00561,1
1.7603,-0.53435,0.04331,0.01055,-0.00068,0.00127,-0.00151,1.42300,-0.12524,0.00801,0.05179,0.00031,-0.07649,0.00832,-0.00405,0.85691,0,0.01103,-0.00066,-0.07946,0.44915,-0.02197,-0.00354,0.00561,1
1.7623,-0.53435,0.04331,0.01055,-0.00068,0.00059,-0.00149,1.42300,-0.12539,0.00802,0.05171,0.00029,-0.07582,0.00831,-0.00415,0.85696,0,0.01103,-0.00066,-0.07946,0.44915,-0.02197,-0.00354,0.00561,1
1.7643,-0.53435,0.04331,0.01055,-0.00068,-0.00021,-0.00146,1.42300,-0.12553,0.00803,0.05161,0.00026,-0.07502,0.00830,-0.00427,0.85697,0,0.01103,-0.00066,-0.07946,0.44915,-0.02197,-0.00354,0.00561,1
1.7664,-0.53435,0.04331,0.01055,-0.00069,-0.00112,-0.00144,1.42300,-0.12567,0.00804,0.05150,0.00024,-0.07417,0.00828,-0.00441,0.85697,0,0.01103,-0.00066,-0.07946,0.44915,-0.02197,-0.00354,0.00561,1
1.7684,-0.53435,0.04331,0.01054,-0.00069,-0.00208,-0.00141,1.42300,-0.12581,0.00805,0.05137,0.00022,-0.07345,0.00827,-0.00457,0.85700,0,0.01103,-0.00066,-0.07946,0.44915,-0.02197,-0.00354,0.00561,1
1.7704,-0.53435,0.04331,0.01054,-0.00069,-0.00293,-0.00139,1.42300,-0.12596,0.00806,0.05122,0.00020,-0.07286,0.00826,-0.00473,0.85701,0,0.01103,-0.00066,-0.07946,0.44915,-0.02197,-0.00354,0.00561,1
1.7724,-0.53435,0.04331,0.01053,-0.00069,-0.00366,-0.00137,1.42300,-0.12610,0.00807,0.05105,0.00018,-0.07239,0.00825,-0.00484,0.85705,0,0.01103,-0.00066,-0.07946,0.44915,-0.02197,-0.00354,0.00561,1
1.7744,-0.53435,0.04331,0.01052,-0.00070,-0.00427,-0.00134,1.42300,-0.12624,0.00808,0.05087,0.00016,-0.07205,0.00824,-0.00500,0.85708,0,0.01103,-0.00066,-0.07946,0.44915,-0.02197,-0.00354,0.00561,1
1.7764,-0.53435,0.04331,0.01052,-0.00070,-0.00476,-0.00132,1.42300,-0.12639,0.00809,0.05068,0.00014,-0.07184,0.00823,-0.00514,0.85707,0,0.01103,-0.00066,-0.07946,0.44915,-0.02197,-0.00354,0.00561,1
1.7784,-0.53435,0.04331,0.01051,-0.00070,-0.00514,-0.00130,1.42300,-0.12653,0.00810,0.05048,0.00012,-0.07176,0.00821,-0.00528,0.85709,0,0.01103,-0.00066,-0.07946,0.44915,-0.02197,-0.00354,0.00561,1
1.7804,-0.53435,0.04331,0.01049,-0.00071,-0.00540,-0.00128,1.42300,-0.12667,0.00810,0.05028,0.00010,-0.07180,0.00821,-0.00544,0.85709,0,0.01103,-0.00066,-0.07946,0.44915,-0.02197,-0.00354,0.00561,1
1.7824,-0.53435,0.04331,0.01048,-0.00071,-0.00555,-0.00126,1.42300,-0.12682,0.00811,0.05007,0.00008,-0.07198,0.00820,-0.00555,0.85712,0,0.01103,-0.00066,-0.07946,0.44915,-0.02197,-0.00354,0.00561,1
1.7844,-0.53435,0.04331,0.01047,-0.00071,-0.00558,-0.00124,1.42300,-0.12696,0.00812,0.04985,0.00006,-0.07228,0.00819,-0.00573,0.85714,0,0.01103,-0.00066,-0.07946,0.44915,-0.02197,-0.00354,0.00561,1
1.7864,-0.53435,0.04331,0.01046,-0.00071,-0.00549,-0.00121,1.42300,-0.12710,0.00813,0.04964,0.00005,-0.07271,0.00818,-0.00588,0.85717,0,0.01103,-0.00066,-0.07946,0.44915,-0.02197,-0.00354,0.00561,1
1.7885,-0.53435,0.04331,0.01045,-0.00072,-0.00529,-0.00119,1.42300,-0.12724,0.00814,0.04944,0.00003,-0.07327,0.00817,-0.00597,0.85720,0,0.01103,-0.00066,-0.07946,0.44915,-0.02197,-0.00354,0.00561,1
1.7905,-0.53435,0.04331,0.01044,-0.00072,-0.00497,-0.00117,1.42300,-0.12739,0.00815,0.04923,0.00001,-0.07395,0.00816,-0.00617,0.85721,0,0.01103,-0.00066,-0.07946,0.44915,-0.02197,-0.00354,0.00561,1
1.7925,-0.53435,0.04331,0.01043,-0.00072,-0.00453,-0.00115,1.42300,-0.12753,0.00816,0.04904,-0.00000,-0.07477,0.00816,-0.00641,0.85722,0,0.01103,-0.00066,-0.07946,0.44915,-0.02197,-0.00354,0.00561,1
1.7945,-0.53435,0.04331,0.01042,-0.00072,-0.00398,-0.00114,1.42300,-0.12767,0.00817,0.04885,-0.00002,-0.07571,0.00815,-0.00641,0.85722,0,0.01103,-0.00066,-0.07946,0.44915,-0.02197,-0.00354,0.00561,1
1.7965,-0.53435,0.04331,0.01042,-0.00072,-0.00331,-0.00112,1.42300,-0.12782,0.00818,0.04868,-0.00004,-0.07678,0.00814,-0.00673,0.85726,0,0.01103,-0.00066,-0.07946,0.44915,-0.02197,-0.00354,0.00561,1
1.7985,-0.53435,0.04331,0.01041,-0.00073,-0.00252,-0.00110,1.42300,-0.12796,0.00819,0.04852,-0.00005,-0.07797,0.00814,-0.00673,0.85726,0,0.01103,-0.00066,-0.07946,0.44915,-0.02197,-0.00354,0.00561,1
1.8005,-0.53435,0.04331,0.01041,-0.00073,-0.00162,-0.00108,1.42300,-0.12810,0.00820,0.04837,-0.00007,-0.07930,0.00813,-0.00690,0.85729,0,0.01103,-0.00066,-0.07946,0.44915,-0.02197,-0.00354,0.00561,1
1.8025,-0.53435,0.04331,0.01040,-0.00073,-0.00060,-0.00106,1.42300,-0.12824,0.00821,0.04825,-0.00008,-0.08050,0.00813,-0.00710,0.85731,0,0.01103,-0.00066,-0.07946,0.44915,-0.02197,-0.00354,0.00561,1
1.8045,-0.53435,0.04331,0.01040,-0.00073,0.00031,-0.00104,1.42300,-0.12839,0.00821,0.04814,-0.00009,-0.08157,0.00812,-0.00742,0.85735,0,0.01103,-0.00066,-0.07946,0.44915,-0.02197,-0.00354,0.00561,1
1.8065,-0.53435,0.04331,0.01040,-0.00073,0.00109,-0.00102,1.42300,-0.12853,0.00822,0.04805,-0.00011,-0.08251,0.00812,-0.00742,0.85735,0,0.01103,-0.00066,-0.07946,0.44915,-0.02197,-0.00354,0.00561,1
1.8085,-0.53435,0.04331,0.01041,-0.00074,0.00176,-0.00101,1.42300,-0.12867,0.00823,0.04798,-0.00012,-0.08332,0.00811,-0.00779,0.85735,0,0.01103,-0.00066,-0.07946,0.44915,-0.02197,-0.00354,0.00561,1
1.8106,-0.53435,0.04331,0.01041,-0.00074,0.00232,-0.00099,1.42300,-0.12882,0.00824,0.04791,-0.00013,-0.08401,0.00811,-0.00779,0.85735,0,0.01103,-0.00066,-0.07946,0.44915,-0.02197,-0.00354,0.00561,1
1.8126,-0.53435,0.04331,0.01042,-0.00074,0.00276,-0.00097,1.42300,-0.12896,0.00825,0.04786,-0.00015,-0.08457,0.00810,-0.00800,0.85737,0,0.01103,-0.00066,-0.07946,0.44915,-0.02197,-0.00354,0.00561,1
1.8146,-0.53435,0.04331,0.01042,-0.00074,0.00308,-0.00096,1.42300,-0.12910,0.00826,0.04781,-0.00016,-0.08500,0.00810,-0.00818,0.85737,0,0.01103,-0.00066,-0.07946,0.44915,-0.02197,-0.00354,0.00561,1
1.8166,-0.53435,0.04331,0.01043,-0.00074,0.00328,-0.00094,1.42300,-0.12925,0.00827,0.04777,-0.00017,-0.08530,0.00810,-0.00853,0.85741,0,0.01103,-0.00066,-0.07946,0.44915,-0.02197,-0.00354,0.00561,1
1.8188,-0.53105,0.04285,0.01088,-0.00118,0.00457,-0.00242,1.42181,-0.12940,0.00828,0.05339,-0.00458,-0.08547,0.00797,-0.00874,0.85746,0,0.01138,-0.00149,-0.08272,0.44954,-0.01801,-0.00351,-0.00313,1
1.8208,-0.53105,0.04285,0.01089,-0.00118,0.00453,-0.00228,1.42181,-0.12954,0.00829,0.05338,-0.00462,-0.08552,0.00771,-0.00888,0.85746,0,0.01138,-0.00149,-0.08272,0.44954,-0.01801,-0.00351,-0.00313,1
1.8228,-0.53105,0.04285,0.01090,-0.00118,0.00438,-0.00202,1.42181,-0.12969,0.00830,0.05336,-0.00466,-0.08543,0.00732,-0.00906,0.85746,0,0.01138,-0.00149,-0.08272,0.44954,-0.01801,-0.00351,-0.00313,1
1.8248,-0.53105,0.04285,0.01090,-0.00119,0.00411,-0.00165,1.42181,-0.12983,0.00831,0.05334,-0.00469,-0.08522,0.00681,-0.00918,0.85747,0,0.01138,-0.00149,-0.08272,0.44954,-0.01801,-0.00351,-0.00313,1
1.8268,-0.53105,0.04285,0.01091,-0.00119,0.00372,-0.00116,1.42181,-0.12997,0.00832,0.05332,-0.00471,-0.08489,0.00616,-0.00934,0.85752,0,0.01138,-0.00149,-0.08272,0.44954,-0.01801,-0.00351,-0.00313,1
1.8288,-0.53105,0.04285,0.01092,-0.00119,0.00322,-0.00055,1.42181,-0.13011,0.00833,0.05328,-0.00472,-0.08442,0.00539,-0.00950,0.85750,0,0.01138,-0.00149,-0.08272,0.44954,-0.01801,-0.00351,-0.00313,1
1.8308,-0.53105,0.04285,0.01092,-0.00119,0.00260,0.00017,1.42181,-0.13026,0.00833,0.05323,-0.00472,-0.08382,0.00449,-0.00960,0.85754,0,0.01138,-0.00149,-0.08272,0.44954,-0.01801,-0.00351,-0.00313,1
1.8328,-0.53105,0.04285,0.01093,-0.00119,0.00187,0.00101,1.42181,-0.13040,0.00834,0.05317,-0.00470,-0.08310,0.00364,-0.00985,0.85753,0,0.01138,-0.00149,-0.08272,0.44954,-0.01801,-0.00351,-0.00313,1
1.8348,-0.53105,0.04285,0.01093,-0.00119,0.00101,0.00180,1.42181,-0.13054,0.00835,0.05310,-0.00466,-0.08225,0.00292,-0.00995,0.85755,0,0.01138,-0.00149,-0.08272,0.44954,-0.01801,-0.00351,-0.00313,1
1.8368,-0.53105,0.04285,0.01093,-0.00118,0.00005,0.00248,1.42181,-0.13069,0.00836,0.05300,-0.00462,-0.08127,0.00233,-0.01008,0.85756,0,0.01138,-0.00149,-0.08272,0.44954,-0.01801,-0.00351,-0.00313,1
1.8388,-0.53105,0.04285,0.01093,-0.00118,-0.00104,0.00304,1.42181,-0.13083,0.00837,0.05289,-0.00455,-0.08017,0.00186,-0.01018,0.85755,0,0.01138,-0.00149,-0.08272,0.44954,-0.01801,-0.00351,-0.00313,1
1.8408,-0.53105,0.04285,0.01093,-0.00117,-0.00224,0.00348,1.42181,-0.13097,0.00838,0.05275,-0.00448,-0.07893,0.00152,-0.01036,0.85757,0,0.01138,-0.00149,-0.08272,0.44954,-0.01801,-0.00351,-0.00313,1
1.8428,-0.53105,0.04285,0.01092,-0.00117,-0.00356,0.00381,1.42181,-0.13111,0.00839,0.05259,-0.00440,-0.07783,0.00131,-0.01048,0.85757,0,0.01138,-0.00149,-0.08272,0.44954,-0.01801,-0.00351,-0.00313,1
1.8448,-0.53105,0.04285,0.01091,-0.00116,-0.00476,0.00402,1.42181,-0.13126,0.00840,0.05240,-0.00432,-0.07685,0.00123,-0.01062,0.85757,0,0.01138,-0.00149,-0.08272,0.44954,-0.01801,-0.00351,-0.00313,1
1.8468,-0.53105,0.04285,0.01090,-0.00115,-0.00584,0.00412,1.42181,-0.13140,0.00841,0.05219,-0.00423,-0.07600,0.00128,-0.01078,0.85753,0,0.01138,-0.00149,-0.08272,0.44954,-0.01801,-0.00351,-0.00313,1
1.8488,-0.53105,0.04285,0.01089,-0.00114,-0.00681,0.00410,1.42181,-0.13154,0.00842,0.05196,-0.00415,-0.07527,0.00145,-0.01092,0.85758,0,0.01138,-0.00149,-0.08272,0.44954,-0.01801,-0.00351,-0.00313,1
1.8509,-0.53105,0.04285,0.01088,-0.00113,-0.00766,0.00396,1.42181,-0.13169,0.00843,0.05171,-0.00406,-0.07468,0.00175,-0.01108,0.85755,0,0.01138,-0.00149,-0.08272,0.44954,-0.01801,-0.00351,-0.00313,1
1.8529,-0.53105,0.04285,0.01086,-0.00113,-0.00839,0.00371,1.42181,-0.13183,0.00843,0.05145,-0.00398,-0.07421,0.00218,-0.01127,0.85754,0,0.01138,-0.00149,-0.08272,0.44954,-0.01801,-0.00351,-0.00313,1
1.8549,-0.53105,0.04285,0.01084,-0.00112,-0.00901,0.00334,1.42181,-0.13197,0.00844,0.05117,-0.00390,-0.07388,0.00274,-0.01139,0.85757,0,0.01138,-0.00149,-0.08272,0.44954,-0.01801,-0.00351,-0.00313,1
1.8569,-0.53105,0.04285,0.01082,-0.00111,-0.00951,0.00285,1.42181,-0.13211,0.00845,0.05088,-0.00383,-0.07367,0.00343,-0.01156,0.85757,0,0.01138,-0.00149,-0.08272,0.44954,-0.01801,-0.00351,-0.00313,1
1.8589,-0.53105,0.04285,0.01081,-0.00111,-0.00989,0.00224,1.42181,-0.13226,0.00846,0.05059,-0.00378,-0.07358,0.00424,-0.01170,0.85757,0,0.01138,-0.00149,-0.08272,0.44954,-0.01801,-0.00351,-0.00313,1
1.8609,-0.53105,0.04285,0.01079,-0.00110,-0.01016,0.00152,1.42181,-0.13240,0.00847,0.05028,-0.00373,-0.07363,0.00493,-0.01195,0.85756,0,0.01138,-0.00149,-0.08272,0.44954,-0.01801,-0.00351,-0.00313,1
1.8629,-0.53105,0.04285,0.01076,-0.00110,-0.01031,0.00092,1.42181,-0.13254,0.00848,0.04998,-0.00370,-0.07380,0.00548,-0.01211,0.85760,0,0.01138,-0.00149,-0.08272,0.44954,-0.01801,-0.00351,-0.00313,1
1.8649,-0.53105,0.04285,0.01074,-0.00110,-0.01035,0.00043,1.42181,-0.13268,0.00849,0.04967,-0.00368,-0.07410,0.00591,-0.01225,0.85761,0,0.01138,-0.00149,-0.08272,0.44954,-0.01801,-0.00351,-0.00313,1
1.8669,-0.53105,0.04285,0.01072,-0.00110,-0.01026,0.00006,1.42181,-0.13283,0.00850,0.04936,-0.00367,-0.07453,0.00621,-0.01241,0.85757,0,0.01138,-0.00149,-0.08272,0.44954,-0.01801,-0.00351,-0.00313,1
1.8689,-0.53105,0.04285,0.01070,-0.00110,-0.01006,-0.00019,1.42181,-0.13297,0.00851,0.04905,-0.00367,-0.07509,0.00639,-0.01253,0.85763,0,0.01138,-0.00149,-0.08272,0.44954,-0.01801,-0.00351,-0.00313,1
1.8709,-0.53105,0.04285,0.01068,-0.00110,-0.00975,-0.00033,1.42181,-0.13311,0.00852,0.04875,-0.00366,-0.07578,0.00643,-0.01277,0.85764,0,0.01138,-0.00149,-0.08272,0.44954,-0.01801,-0.00351,-0.00313,1
1.8729,-0.53105,0.04285,0.01066,-0.00110,-0.00931,-0.00035,1.42181,-0.13325,0.00853,0.04845,-0.00366,-0.07659,0.00635,-0.01291,0.85763,0,0.01138,-0.00149,-0.08272,0.44954,-0.01801,-0.00351,-0.00313,1
1.8749,-0.53105,0.04285,0.01065,-0.00110,-0.00876,-0.00026,1.42181,-0.13340,0.00854,0.04817,-0.00366,-0.07753,0.00614,-0.01307,0.85764,0,0.01138,-0.00149,-0.08272,0.44954,-0.01801,-0.00351,-0.00313,1
1.8769,-0.53105,0.04285,0.01063,-0.00110,-0.00810,-0.00005,1.42181,-0.13354,0.00854,0.04790,-0.00366,-0.07860,0.00580,-0.01324,0.85769,0,0.01138,-0.00149,-0.08272,0.44954,-0.01801,-0.00351,-0.00313,1
1.8790,-0.53105,0.04285,0.01061,-0.00110,-0.00731,0.00028,1.42181,-0.13368,0.00855,0.04764,-0.00365,-0.07980,0.00534,-0.01342,0.85767,0,0.01138,-0.00149,-0.08272,0.44954,-0.01801,-0.00351,-0.00313,1
1.8810,-0.53105,0.04285,0.01060,-0.00110,-0.00641,0.00072,1.42181,-0.13383,0.00856,0.04739,-0.00363,-0.08112,0.00493,-0.01355,0.85769,0,0.01138,-0.00149,-0.08272,0.44954,-0.01801,-0.00351,-0.00313,1
1.8830,-0.53105,0.04285,0.01059,-0.00110,-0.00540,0.00111,1.42181,-0.13397,0.00857,0.04717,-0.00361,-0.08258,0.00465,-0.01376,0.85771,0,0.01138,-0.00149,-0.08272,0.44954,-0.01801,-0.00351,-0.00313,1
1.8850,-0.53105,0.04285,0.01058,-0.00110,-0.00426,0.00139,1.42181,-0.13411,0.00858,0.04697,-0.00358,-0.08416,0.00450,-0.01390,0.85771,0,0.01138,-0.00149,-0.08272,0.44954,-0.01801,-0.00351,-0.00313,1
1.8870,-0.52857,0.04302,0.01110,-0.00149,-0.00344,0.00016,1.42440,-0.13426,0.00859,0.05301,-0.00742,-0.08561,0.00422,-0.01407,0.85770,0,0.01199,-0.00192,-0.07480,0.44861,-0.02656,-0.00406,-0.00179,1
1.8890,-0.52857,0.04302,0.01110,-0.00149,-0.00232,0.00044,1.42440,-0.13440,0.00860,0.05284,-0.00741,-0.08694,0.00381,-0.01422,0.85769,0,0.01199,-0.00192,-0.07480,0.44861,-0.02656,-0.00406,-0.00179,1
1.8910,-0.52857,0.04302,0.01109,-0.00149,-0.00131,0.00084,1.42440,-0.13454,0.00861,0.05270,-0.00739,-0.08814,0.00327,-0.01445,0.85770,0,0.01199,-0.00192,-0.07480,0.44861,-0.02656,-0.00406,-0.00179,1
1.8930,-0.52857,0.04302,0.01109,-0.00149,-0.00042,0.00135,1.42440,-0.13468,0.00862,0.05257,-0.00736,-0.08921,0.00261,-0.01463,0.85773,0,0.01199,-0.00192,-0.07480,0.44861,-0.02656,-0.00406,-0.00179,1
1.8950,-0.52857,0.04302,0.01109,-0.00149,0.00035,0.00199,1.42440,-0.13483,0.00863,0.05247,-0.00732,-0.09015,0.00182,-0.01479,0.85774,0,0.01199,-0.00192,-0.07480,0.44861,-0.02656,-0.00406,-0.00179,1
1.8970,-0.52857,0.04302,0.01109,-0.00148,0.00101,0.00273,1.42440,-0.13497,0.00864,0.05237,-0.00727,-0.09096,0.00115,-0.01501,0.85774,0,0.01199,-0.00192,-0.07480,0.44861,-0.02656,-0.00406,-0.00179,1
1.8990,-0.52857,0.04302,0.01110,-0.00148,0.00155,0.00336,1.42440,-0.13511,0.00864,0.05229,-0.00720,-0.09165,0.00062,-0.01516,0.85776,0,0.01199,-0.00192,-0.07480,0.44861,-0.02656,-0.00406,-0.00179,1
1.9010,-0.52857,0.04302,0.01110,-0.00147,0.00198,0.00388,1.42440,-0.13525,0.00865,0.05221,-0.00712,-0.09220,0.00021,-0.01539,0.85774,0,0.01199,-0.00192,-0.07480,0.44861,-0.02656,-0.00406,-0.00179,1
1.9030,-0.52857,0.04302,0.01110,-0.00146,0.00229,0.00427,1.42440,-0.13540,0.00866,0.05215,-0.00703,-0.09263,-0.00007,-0.01551,0.85774,0,0.01199,-0.00192,-0.07480,0.44861,-0.02656,-0.00406,-0.00179,1
1.9050,-0.52857,0.04302,0.01111,-0.00145,0.00248,0.00455,1.42440,-0.13554,0.00867,0.05209,-0.00694,-0.09294,-0.00023,-0.01564,0.85775,0,0.01199,-0.00192,-0.07480,0.44861,-0.02656,-0.00406,-0.00179,1
1.9070,-0.52857,0.04302,0.01111,-0.00144,0.00256,0.00472,1.42440,-0.13568,0.00868,0.05203,-0.00684,-0.09311,-0.00025,-0.01587,0.85770,0,0.01199,-0.00192,-0.07480,0.44861,-0.02656,-0.00406,-0.00179,1
1.9090,-0.52857,0.04302,0.01112,-0.00143,0.00252,0.00476,1.42440,-0.13582,0.00869,0.05197,-0.00674,-0.09316,-0.00015,-0.01602,0.85775,0,0.01199,-0.00192,-0.07480,0.44861,-0.02656,-0.00406,-0.00179,1
1.9110,-0.52857,0.04302,0.01112,-0.00142,0.00236,0.00470,1.42440,-0.13597,0.00870,0.05191,-0.00664,-0.09307,0.00009,-0.01616,0.85775,0,0.01199,-0.00192,-0.07480,0.44861,-0.02656,-0.00406,-0.00179,1
1.9130,-0.52857,0.04302,0.01113,-0.00141,0.00209,0.00451,1.42440,-0.13611,0.00871,0.05184,-0.00654,-0.09286,0.00045,-0.01631,0.85775,0,0.01199,-0.00192,-0.07480,0.44861,-0.02656,-0.00406,-0.00179,1
1.9150,-0.52857,0.04302,0.01113,-0.00141,0.00170,0.00421,1.42440,-0.13625,0.00872,0.05177,-0.00645,-0.09252,0.00093,-0.01651,0.85774,0,0.01199,-0.00192,-0.07480,0.44861,-0.02656,-0.00406,-0.00179,1
1.9170,-0.52857,0.04302,0.01113,-0.00140,0.00119,0.00379,1.42440,-0.13639,0.00873,0.05169,-0.00637,-0.09206,0.00155,-0.01663,0.85775,0,0.01199,-0.00192,-0.07480,0.44861,-0.02656,-0.00406,-0.00179,1
1.9190,-0.52857,0.04302,0.01114,-0.00139,0.00057,0.00325,1.42440,-0.13654,0.00874,0.05160,-0.00629,-0.09146,0.00229,-0.01688,0.85776,0,0.01199,-0.00192,-0.07480,0.44861,-0.02656,-0.00406,-0.00179,1
1.9210,-0.52857,0.04302,0.01114,-0.00138,-0.00017,0.00260,1.42440,-0.13668,0.00874,0.05149,-0.00622,-0.09074,0.00291,-0.01698,0.85777,0,0.01199,-0.00192,-0.07480,0.44861,-0.02656,-0.00406,-0.00179,1
1.9230,-0.52857,0.04302,0.01114,-0.00138,-0.00103,0.00207,1.42440,-0.13682,0.00875,0.05137,-0.00617,-0.08989,0.00340,-0.01720,0.85776,0,0.01199,-0.00192,-0.07480,0.44861,-0.02656,-0.00406,-0.00179,1
1.9250,-0.52857,0.04302,0.01113,-0.00138,-0.00200,0.00165,1.42440,-0.13696,0.00876,0.05123,-0.00613,-0.08891,0.00376,-0.01738,0.85777,0,0.01199,-0.00192,-0.07480,0.44861,-0.02656,-0.00406,-0.00179,1
1.9270,-0.52857,0.04302,0.01113,-0.00137,-0.00309,0.00135,1.42440,-0.13710,0.00877,0.05107,-0.00609,-0.08781,0.00399,-0.01753,0.85774,0,0.01199,-0.00192,-0.07480,0.44861,-0.02656,-0.00406,-0.00179,1
1.9290,-0.52857,0.04302,0.01112,-0.00137,-0.00429,0.00116,1.42440,-0.13725,0.00878,0.05089,-0.00606,-0.08657,0.00409,-0.01772,0.85778,0,0.01199,-0.00192,-0.07480,0.44861,-0.02656,-0.00406,-0.00179,1
1.9310,-0.52857,0.04302,0.01111,-0.00137,-0.00561,0.00109,1.42440,-0.13739,0.00879,0.05068,-0.00603,-0.08546,0.00407,-0.01782,0.85782,0,0.01199,-0.00192,-0.07480,0.44861,-0.02656,-0.00406,-0.00179,1
1.9330,-0.52857,0.04302,0.01110,-0.00137,-0.00681,0.00114,1.42440,-0.13753,0.00880,0.05045,-0.00600,-0.08449,0.00392,-0.01800,0.85779,0,0.01199,-0.00192,-0.07480,0.44861,-0.02656,-0.00406,-0.00179,1
1.9350,-0.52857,0.04302,0.01108,-0.00136,-0.00790,0.00130,1.42440,-0.13767,0.00881,0.05020,-0.00597,-0.08364,0.00364,-0.01818,0.85784,0,0.01199,-0.00192,-0.07480,0.44861,-0.02656,-0.00406,-0.00179,1
1.9370,-0.52857,0.04302,0.01107,-0.00136,-0.00887,0.00158,1.42440,-0.13782,0.00882,0.04992,-0.00594,-0.08291,0.00323,-0.01834,0.85784,0,0.01199,-0.00192,-0.07480,0.44861,-0.02656,-0.00406,-0.00179,1
1.9390,-0.52857,0.04302,0.01105,-0.00136,-0.00973,0.00197,1.42440,-0.13796,0.00883,0.04963,-0.00589,-0.08232,0.00293,-0.01848,0.85784,0,0.01199,-0.00192,-0.07480,0.44861,-0.02656,-0.00406,-0.00179,1
1.9410,-0.52857,0.04302,0.01103,-0.00135,-0.01046,0.00226,1.42440,-0.13810,0.00884,0.04932,-0.00584,-0.08185,0.00277,-0.01867,0.85783,0,0.01199,-0.00192,-0.07480,0.44861,-0.02656,-0.00406,-0.00179,1
1.9430,-0.52857,0.04302,0.01101,-0.00135,-0.01108,0.00244,1.42440,-0.13824,0.00885,0.04900,-0.00579,-0.08151,0.00273,-0.01887,0.85783,0,0.01199,-0.00192,-0.07480,0.44861,-0.02656,-0.00406,-0.00179,1
1.9450,-0.52857,0.04302,0.01098,-0.00134,-0.01159,0.00250,1.42440,-0.13839,0.00885,0.04866,-0.00574,-0.08130,0.00282,-0.01906,0.85783,0,0.01199,-0.00192,-0.07480,0.44861,-0.02656,-0.00406,-0.00179,1
1.9470,-0.52857,0.04302,0.01096,-0.00134,-0.01197,0.00244,1.42440,-0.13853,0.00886,0.04832,-0.00568,-0.08122,0.00304,-0.01920,0.85783,0,0.01199,-0.00192,-0.07480,0.44861,-0.02656,-0.00406,-0.00179,1
1.9490,-0.52857,0.04302,0.01093,-0.00133,-0.01224,0.00227,1.42440,-0.13867,0.00887,0.04797,-0.00563,-0.08127,0.00325,-0.01941,0.85782,0,0.01199,-0.00192,-0.07480,0.44861,-0.02656,-0.00406,-0.00179,1
1.9510,-0.52857,0.04302,0.01091,-0.00133,-0.01240,0.00210,1.42440,-0.13881,0.00888,0.04762,-0.00558,-0.08144,0.00333,-0.01957,0.85783,0,0.01199,-0.00192,-0.07480,0.44861,-0.02656,-0.00406,-0.00179,1
1.9530,-0.52857,0.04302,0.01089,-0.00133,-0.01243,0.00205,1.42440,-0.13896,0.00889,0.04726,-0.00553,-0.08174,0.00336,-0.01976,0.85782,0,0.01199,-0.00192,-0.07480,0.44861,-0.02656,-0.00406,-0.00179,1
1.9550,-0.52482,0.04281,0.01143,-0.00159,-0.01082,0.00096,1.42472,-0.13910,0.00890,0.05397,-0.00818,-0.08217,0.00327,-0.01994,0.85784,0,0.01213,-0.00190,-0.06913,0.44856,-0.03238,-0.00512,-0.00046,1
1.9571,-0.52482,0.04281,0.01140,-0.00158,-0.01063,0.00107,1.42472,-0.13924,0.00891,0.05365,-0.00815,-0.08273,0.00305,-0.02013,0.85786,0,0.01213,-0.00190,-0.06913,0.44856,-0.03238,-0.00512,-0.00046,1
1.9591,-0.52482,0.04281,0.01138,-0.00158,-0.01033,0.00130,1.42472,-0.13938,0.00892,0.05333,-0.00812,-0.08342,0.00270,-0.02029,0.85788,0,0.01213,-0.00190,-0.06913,0.44856,-0.03238,-0.00512,-0.00046,1
1.9611,-0.52482,0.04281,0.01136,-0.00158,-0.00990,0.00164,1.42472,-0.13952,0.00893,0.05302,-0.00809,-0.08423,0.00222,-0.02046,0.85787,0,0.01213,-0.00190,-0.06913,0.44856,-0.03238,-0.00512,-0.00046,1
1.9631,-0.52482,0.04281,0.01134,-0.00158,-0.00937,0.00211,1.42472,-0.13967,0.00894,0.05272,-0.00804,-0.08517,0.00161,-0.02056,0.85790,0,0.01213,-0.00190,-0.06913,0.44856,-0.03238,-0.00512,-0.00046,1
1.9651,-0.52482,0.04281,0.01133,-0.00157,-0.00871,0.00269,1.42472,-0.13981,0.00895,0.05243,-0.00799,-0.08624,0.00096,-0.02080,0.85789,0,0.01213,-0.00190,-0.06913,0.44856,-0.03238,-0.00512,-0.00046,1
1.9671,-0.52482,0.04281,0.01131,-0.00156,-0.00794,0.00331,1.42472,-0.13995,0.00895,0.05215,-0.00792,-0.08744,0.00043,-0.02099,0.85791,0,0.01213,-0.00190,-0.06913,0.44856,-0.03238,-0.00512,-0.00046,1
1.9691,-0.52482,0.04281,0.01129,-0.00156,-0.00706,0.00382,1.42472,-0.14009,0.00896,0.05189,-0.00784,-0.08851,0.00003,-0.02117,0.85790,0,0.01213,-0.00190,-0.06913,0.44856,-0.03238,-0.00512,-0.00046,1
1.9711,-0.52482,0.04281,0.01128,-0.00155,-0.00628,0.00421,1.42472,-0.14024,0.00897,0.05165,-0.00776,-0.08945,-0.00025,-0.02132,0.85790,0,0.01213,-0.00190,-0.06913,0.44856,-0.03238,-0.00512,-0.00046,1
1.9731,-0.52482,0.04281,0.01127,-0.00154,-0.00563,0.00449,1.42472,-0.14038,0.00898,0.05142,-0.00767,-0.09026,-0.00039,-0.02151,0.85791,0,0.01213,-0.00190,-0.06913,0.44856,-0.03238,-0.00512,-0.00046,1
1.9751,-0.52482,0.04281,0.01126,-0.00153,-0.00509,0.00464,1.42472,-0.14052,0.00899,0.05120,-0.00757,-0.09095,-0.00041,-0.02176,0.85789,0,0.01213,-0.00190,-0.06913,0.44856,-0.03238,-0.00512,-0.00046,1
1.9771,-0.52482,0.04281,0.01125,-0.00152,-0.00467,0.00469,1.42472,-0.14066,0.00900,0.05099,-0.00747,-0.09151,-0.00030,-0.02190,0.85792,0,0.01213,-0.00190,-0.06913,0.44856,-0.03238,-0.00512,-0.00046,1
1.9791,-0.52482,0.04281,0.01124,-0.00151,-0.00436,0.00461,1.42472,-0.14081,0.00901,0.05079,-0.00737,-0.09194,-0.00006,-0.02210,0.85791,0,0.01213,-0.00190,-0.06913,0.44856,-0.03238,-0.00512,-0.00046,1
1.9811,-0.52482,0.04281,0.01123,-0.00150,-0.00417,0.00442,1.42472,-0.14095,0.00902,0.05060,-0.00728,-0.09224,0.00031,-0.02229,0.85789,0,0.01213,-0.00190,-0.06913,0.44856,-0.03238,-0.00512,-0.00046,1
1.9831,-0.52482,0.04281,0.01122,-0.00150,-0.00410,0.00412,1.42472,-0.14109,0.00903,0.05040,-0.00718,-0.09241,0.00081,-0.02247,0.85790,0,0.01213,-0.00190,-0.06913,0.44856,-0.03238,-0.00512,-0.00046,1
1.9851,-0.52482,0.04281,0.01121,-0.00149,-0.00414,0.00369,1.42472,-0.14123,0.00904,0.05021,-0.00710,-0.09246,0.00143,-0.02266,0.85791,0,0.01213,-0.00190,-0.06913,0.44856,-0.03238,-0.00512,-0.00046,1
1.9871,-0.52482,0.04281,0.01121,-0.00148,-0.00430,0.00315,1.42472,-0.14138,0.00905,0.05001,-0.00703,-0.09237,0.00202,-0.02284,0.85792,0,0.01213,-0.00190,-0.06913,0.44856,-0.03238,-0.00512,-0.00046,1
1.9891,-0.52482,0.04281,0.01120,-0.00148,-0.00457,0.00264,1.42472,-0.14152,0.00905,0.04981,-0.00696,-0.09216,0.00248,-0.02299,0.85793,0,0.01213,-0.00190,-0.06913,0.44856,-0.03238,-0.00512,-0.00046,1
1.9911,-0.52482,0.04281,0.01119,-0.00147,-0.00496,0.00225,1.42472,-0.14166,0.00906,0.04960,-0.00691,-0.09206,0.00282,-0.02315,0.85793,0,0.01213,-0.00190,-0.06913,0.44856,-0.03238,-0.00512,-0.00046,1
1.9931,-0.52482,0.04281,0.01118,-0.00147,-0.00526,0.00197,1.42472,-0.14180,0.00907,0.04939,-0.00686,-0.09208,0.00302,-0.02334,0.85796,0,0.01213,-0.00190,-0.06913,0.44856,-0.03238,-0.00512,-0.00046,1
1.9951,-0.52482,0.04281,0.01117,-0.00146,-0.00544,0.00181,1.42472,-0.14194,0.00908,0.04917,-0.00681,-0.09222,0.00310,-0.02352,0.85795,0,0.01213,-0.00190,-0.06913,0.44856,-0.03238,-0.00512,-0.00046,1
1.9971,-0.52482,0.04281,0.01116,-0.00146,-0.00550,0.00176,1.42472,-0.14209,0.00909,0.04895,-0.00677,-0.09250,0.00305,-0.02363,0.85799,0,0.01213,-0.00190,-0.06913,0.44856,-0.03238,-0.00512,-0.00046,1
1.9991,-0.52482,0.04281,0.01115,-0.00146,-0.00545,0.00183,1.42472,-0.14223,0.00910,0.04873,-0.00673,-0.09291,0.00288,-0.02377,0.85800,0,0.01213,-0.00190,-0.06913,0.44856,-0.03238,-0.00512,-0.00046,1
2.0011,-0.52482,0.04281,0.01113,-0.00145,-0.00528,0.00202,1.42472,-0.14237,0.00911,0.04851,-0.00668,-0.09344,0.00257,-0.02396,0.85799,0,0.01213,-0.00190,-0.06913,0.44856,-0.03238,-0.00512,-0.00046,1
2.0031,-0.52482,0.04281,0.01112,-0.00145,-0.00500,0.00232,1.42472,-0.14251,0.00912,0.04829,-0.00663,-0.09410,0.00239,-0.02413,0.85797,0,0.01213,-0.00190,-0.06913,0.44856,-0.03238,-0.00512,-0.00046,1
2.0051,-0.52482,0.04281,0.01111,-0.00144,-0.00459,0.00251,1.42472,-0.14266,0.00913,0.04809,-0.00658,-0.09463,0.00234,-0.02428,0.85802,0,0.01213,-0.00190,-0.06913,0.44856,-0.03238,-0.00512,-0.00046,1
2.0071,-0.52482,0.04281,0.01111,-0.00144,-0.00431,0.00258,1.42472,-0.14280,0.00914,0.04788,-0.00652,-0.09504,0.00242,-0.02449,0.85801,0,0.01213,-0.00190,-0.06913,0.44856,-0.03238,-0.00512,-0.00046,1
2.0091,-0.52482,0.04281,0.01110,-0.00143,-0.00414,0.00253,1.42472,-0.14294,0.00915,0.04769,-0.00646,-0.09531,0.00263,-0.02470,0.85800,0,0.01213,-0.00190,-0.06913,0.44856,-0.03238,-0.00512,-0.00046,1
2.0111,-0.52482,0.04281,0.01109,-0.00143,-0.00408,0.00237,1.42472,-0.14308,0.00915,0.04749,-0.00641,-0.09560,0.00275,-0.02489,0.85799,0,0.01213,-0.00190,-0.06913,0.44856,-0.03238,-0.00512,-0.00046,1
2.0131,-0.52482,0.04281,0.01108,-0.00142,-0.00402,0.00229,1.42472,-0.14323,0.00916,0.04729,-0.00635,-0.09593,0.00281,-0.02511,0.85800,0,0.01213,-0.00190,-0.06913,0.44856,-0.03238,-0.00512,-0.00046,1
2.0151,-0.52482,0.04281,0.01107,-0.00142,-0.00392,0.00226,1.42472,-0.14337,0.00917,0.04710,-0.00630,-0.09627,0.00287,-0.02532,0.85799,0,0.01213,-0.00190,-0.06913,0.44856,-0.03238,-0.00512,-0.00046,1
2.0171,-0.52482,0.04281,0.01107,-0.00141,-0.00381,0.00223,1.42472,-0.14351,0.00918,0.04691,-0.00625,-0.09660,0.00293,-0.02551,0.85798,0,0.01213,-0.00190,-0.06913,0.44856,-0.03238,-0.00512,-0.00046,1
2.0191,-0.52138,0.04254,0.01152,-0.00111,-0.00192,0.00318,1.42534,-0.14366,0.00919,0.05265,-0.00338,-0.09681,0.00312,-0.02569,0.85801,0,0.01208,-0.00096,-0.06947,0.44765,-0.03193,-0.00430,-0.00105,1
2.0211,-0.52138,0.04254,0.01152,-0.00111,-0.00194,0.00303,1.42534,-0.14380,0.00920,0.05250,-0.00331,-0.09689,0.00344,-0.02584,0.85801,0,0.01208,-0.00096,-0.06947,0.44765,-0.03193,-0.00430,-0.00105,1
2.0231,-0.52138,0.04254,0.01151,-0.00110,-0.00207,0.00276,1.42534,-0.14394,0.00921,0.05235,-0.00325,-0.09684,0.00388,-0.02608,0.85802,0,0.01208,-0.00096,-0.06947,0.44765,-0.03193,-0.00430,-0.00105,1
2.0252,-0.52138,0.04254,0.01151,-0.00109,-0.00232,0.00238,1.42534,-0.14409,0.00922,0.05219,-0.00319,-0.09666,0.00445,-0.02627,0.85804,0,0.01208,-0.00096,-0.06947,0.44765,-0.03193,-0.00430,-0.00105,1
2.0272,-0.52138,0.04254,0.01150,-0.00109,-0.00269,0.00188,1.42534,-0.14423,0.00923,0.05202,-0.00314,-0.09636,0.00516,-0.02645,0.85805,0,0.01208,-0.00096,-0.06947,0.44765,-0.03193,-0.00430,-0.00105,1
2.0292,-0.52138,0.04254,0.01150,-0.00109,-0.00317,0.00126,1.42534,-0.14437,0.00924,0.05185,-0.00310,-0.09593,0.00598,-0.02665,0.85805,0,0.01208,-0.00096,-0.06947,0.44765,-0.03193,-0.00430,-0.00105,1
2.0312,-0.52138,0.04254,0.01149,-0.00109,-0.00377,0.00052,1.42534,-0.14451,0.00925,0.05166,-0.00308,-0.09537,0.00669,-0.02688,0.85809,0,0.01208,-0.00096,-0.06947,0.44765,-0.03193,-0.00430,-0.00105,1
2.0332,-0.52138,0.04254,0.01148,-0.00108,-0.00448,-0.00009,1.42534,-0.14466,0.00926,0.05147,-0.00307,-0.09468,0.00726,-0.02705,0.85810,0,0.01208,-0.00096,-0.06947,0.44765,-0.03193,-0.00430,-0.00105,1
2.0352,-0.52138,0.04254,0.01147,-0.00109,-0.00531,-0.00060,1.42534,-0.14480,0.00926,0.05125,-0.00306,-0.09386,0.00770,-0.02722,0.85809,0,0.01208,-0.00096,-0.06947,0.44765,-0.03193,-0.00430,-0.00105,1
2.0372,-0.52138,0.04254,0.01146,-0.00109,-0.00626,-0.00098,1.42534,-0.14494,0.00927,0.05102,-0.00307,-0.09317,0.00802,-0.02744,0.85812,0,0.01208,-0.00096,-0.06947,0.44765,-0.03193,-0.00430,-0.00105,1
2.0392,-0.52138,0.04254,0.01145,-0.00109,-0.00709,-0.00125,1.42534,-0.14509,0.00928,0.05078,-0.00309,-0.09261,0.00821,-0.02762,0.85813,0,0.01208,-0.00096,-0.06947,0.44765,-0.03193,-0.00430,-0.00105,1
2.0412,-0.52138,0.04254,0.01143,-0.00109,-0.00780,-0.00140,1.42534,-0.14523,0.00929,0.05051,-0.00311,-0.09218,0.00827,-0.02779,0.85818,0,0.01208,-0.00096,-0.06947,0.44765,-0.03193,-0.00430,-0.00105,1
2.0432,-0.52138,0.04254,0.01142,-0.00109,-0.00840,-0.00144,1.42534,-0.14537,0.00930,0.05024,-0.00313,-0.09187,0.00820,-0.02789,0.85816,0,0.01208,-0.00096,-0.06947,0.44765,-0.03193,-0.00430,-0.00105,1
2.0452,-0.52138,0.04254,0.01140,-0.00110,-0.00888,-0.00136,1.42534,-0.14551,0.00931,0.04995,-0.00315,-0.09170,0.00801,-0.02808,0.85821,0,0.01208,-0.00096,-0.06947,0.44765,-0.03193,-0.00430,-0.00105,1
2.0473,-0.52138,0.04254,0.01138,-0.00110,-0.00924,-0.00116,1.42534,-0.14566,0.00932,0.04965,-0.00316,-0.09165,0.00768,-0.02826,0.85824,0,0.01208,-0.00096,-0.06947,0.44765,-0.03193,-0.00430,-0.00105,1
2.0492,-0.52138,0.04254,0.01136,-0.00110,-0.00949,-0.00084,1.42534,-0.14580,0.00933,0.04935,-0.00318,-0.09173,0.00723,-0.02841,0.85823,0,0.01208,-0.00096,-0.06947,0.44765,-0.03193,-0.00430,-0.00105,1
2.0513,-0.52138,0.04254,0.01134,-0.00110,-0.00962,-0.00042,1.42534,-0.14594,0.00934,0.04905,-0.00318,-0.09193,0.00665,-0.02860,0.85824,0,0.01208,-0.00096,-0.06947,0.44765,-0.03193,-0.00430,-0.00105,1
2.0533,-0.52138,0.04254,0.01132,-0.00110,-0.00964,0.00013,1.42534,-0.14609,0.00935,0.04874,-0.00318,-0.09227,0.00617,-0.02881,0.85829,0,0.01208,-0.00096,-0.06947,0.44765,-0.03193,-0.00430,-0.00105,1
2.0553,-0.52138,0.04254,0.01130,-0.00110,-0.00953,0.00059,1.42534,-0.14623,0.00936,0.04843,-0.00316,-0.09273,0.00582,-0.02898,0.85827,0,0.01208,-0.00096,-0.06947,0.44765,-0.03193,-0.00430,-0.00105,1
2.0573,-0.52138,0.04254,0.01129,-0.00110,-0.00931,0.00093,1.42534,-0.14637,0.00937,0.04813,-0.00314,-0.09332,0.00559,-0.02918,0.85828,0,0.01208,-0.00096,-0.06947,0.44765,-0.03193,-0.00430,-0.00105,1
2.0593,-0.52138,0.04254,0.01127,-0.00110,-0.00898,0.00115,1.42534,-0.14652,0.00937,0.04783,-0.00311,-0.09404,0.00550,-0.02939,0.85830,0,0.01208,-0.00096,-0.06947,0.44765,-0.03193,-0.00430,-0.00105,1
2.0613,-0.52138,0.04254,0.01125,-0.00110,-0.00852,0.00126,1.42534,-0.14666,0.00938,0.04754,-0.00308,-0.09489,0.00553,-0.02960,0.85827,0,0.01208,-0.00096,-0.06947,0.44765,-0.03193,-0.00430,-0.00105,1
2.0633,-0.52138,0.04254,0.01123,-0.00109,-0.00795,0.00125,1.42534,-0.14680,0.00939,0.04726,-0.00305,-0.09587,0.00569,-0.02983,0.85829,0,0.01208,-0.00096,-0.06947,0.44765,-0.03193,-0.00430,-0.00105,1
2.0653,-0.52138,0.04254,0.01122,-0.00109,-0.00727,0.00113,1.42534,-0.14694,0.00940,0.04700,-0.00302,-0.09697,0.00597,-0.02999,0.85832,0,0.01208,-0.00096,-0.06947,0.44765,-0.03193,-0.00430,-0.00105,1
2.0673,-0.52138,0.04254,0.01120,-0.00109,-0.00646,0.00088,1.42534,-0.14709,0.00941,0.04674,-0.00299,-0.09820,0.00639,-0.03028,0.85830,0,0.01208,-0.00096,-0.06947,0.44765,-0.03193,-0.00430,-0.00105,1
2.0693,-0.52138,0.04254,0.01119,-0.00109,-0.00554,0.00053,1.42534,-0.14723,0.00942,0.04651,-0.00297,-0.09956,0.00668,-0.03046,0.85833,0,0.01208,-0.00096,-0.06947,0.44765,-0.03193,-0.00430,-0.00105,1
2.0714,-0.52138,0.04254,0.01118,-0.00109,-0.00451,0.00029,1.42534,-0.14737,0.00943,0.04629,-0.00295,-0.10105,0.00684,-0.03064,0.85832,0,0.01208,-0.00096,-0.06947,0.44765,-0.03193,-0.00430,-0.00105,1
2.0734,-0.52138,0.04254,0.01117,-0.00109,-0.00335,0.00016,1.42534,-0.14751,0.00944,0.04609,-0.00294,-0.10241,0.00687,-0.03087,0.85838,0,0.01208,-0.00096,-0.06947,0.44765,-0.03193,-0.00430,-0.00105,1
2.0754,-0.52138,0.04254,0.01117,-0.00109,-0.00232,0.00015,1.42534,-0.14766,0.00945,0.04592,-0.00293,-0.10364,0.00677,-0.03106,0.85836,0,0.01208,-0.00096,-0.06947,0.44765,-0.03193,-0.00430,-0.00105,1
2.0774,-0.52138,0.04254,0.01117,-0.00109,-0.00140,0.00026,1.42534,-0.14780,0.00946,0.04577,-0.00292,-0.10474,0.00654,-0.03125,0.85841,0,0.01208,-0.00096,-0.06947,0.44765,-0.03193,-0.00430,-0.00105,1
2.0794,-0.52138,0.04254,0.01116,-0.00109,-0.00059,0.00048,1.42534,-0.14794,0.00947,0.04563,-0.00290,-0.10572,0.00645,-0.03145,0.85843,0,0.01208,-0.00096,-0.06947,0.44765,-0.03193,-0.00430,-0.00105,1
2.0814,-0.52138,0.04254,0.01116,-0.00108,0.00009,0.00059,1.42534,-0.14809,0.00947,0.04550,-0.00288,-0.10656,0.00648,-0.03169,0.85842,0,0.01208,-0.00096,-0.06947,0.44765,-0.03193,-0.00430,-0.00105,1
2.0835,-0.51576,0.04163,0.01145,-0.00067,0.00067,0.00204,1.42317,-0.14824,0.00948,0.05049,0.00087,-0.10728,0.00664,-0.03188,0.85847,0,0.01204,-0.00030,-0.06006,0.44897,-0.04198,-0.00713,0.00199,1
2.0855,-0.51576,0.04163,0.01146,-0.00066,0.00112,0.00191,1.42317,-0.14838,0.00949,0.05039,0.00092,-0.10787,0.00692,-0.03207,0.85848,0,0.01204,-0.00030,-0.06006,0.44897,-0.04198,-0.00713,0.00199,1
2.0875,-0.51576,0.04163,0.01146,-0.00066,0.00145,0.00166,1.42317,-0.14852,0.00950,0.05030,0.00096,-0.10834,0.00734,-0.03230,0.85846,0,0.01204,-0.00030,-0.06006,0.44897,-0.04198,-0.00713,0.00199,1
2.0895,-0.51576,0.04163,0.01146,-0.00066,0.00167,0.00129,1.42317,-0.14867,0.00951,0.05021,0.00100,-0.10867,0.00788,-0.03250,0.85849,0,0.01204,-0.00030,-0.06006,0.44897,-0.04198,-0.00713,0.00199,1
2.0915,-0.51576,0.04163,0.01147,-0.00065,0.00177,0.00081,1.42317,-0.14881,0.00952,0.05012,0.00103,-0.10888,0.00855,-0.03267,0.85852,0,0.01204,-0.00030,-0.06006,0.44897,-0.04198,-0.00713,0.00199,1
2.0935,-0.51576,0.04163,0.01147,-0.00065,0.00175,0.00021,1.42317,-0.14895,0.00953,0.05004,0.00104,-0.10896,0.00935,-0.03293,0.85850,0,0.01204,-0.00030,-0.06006,0.44897,-0.04198,-0.00713,0.00199,1
2.0956,-0.51576,0.04163,0.01147,-0.00065,0.00162,-0.00050,1.42317,-0.14909,0.00954,0.04995,0.00105,-0.10891,0.01028,-0.03307,0.85854,0,0.01204,-0.00030,-0.06006,0.44897,-0.04198,-0.00713,0.00199,1
2.0976,-0.51576,0.04163,0.01148,-0.00066,0.00137,-0.00134,1.42317,-0.14924,0.00955,0.04986,0.00104,-0.10873,0.01108,-0.03333,0.85854,0,0.01204,-0.00030,-0.06006,0.44897,-0.04198,-0.00713,0.00199,1
2.0996,-0.51576,0.04163,0.01148,-0.00066,0.00101,-0.00205,1.42317,-0.14938,0.00956,0.04976,0.00101,-0.10843,0.01175,-0.03350,0.85857,0,0.01204,-0.00030,-0.06006,0.44897,-0.04198,-0.00713,0.00199,1
2.1016,-0.51576,0.04163,0.01148,-0.00066,0.00053,-0.00265,1.42317,-0.14952,0.00957,0.04966,0.00097,-0.10799,0.01229,-0.03367,0.85860,0,0.01204,-0.00030,-0.06006,0.44897,-0.04198,-0.00713,0.00199,1
2.1036,-0.51576,0.04163,0.01148,-0.00067,-0.00007,-0.00313,1.42317,-0.14966,0.00958,0.04954,0.00093,-0.10743,0.01271,-0.03390,0.85864,0,0.01204,-0.00030,-0.06006,0.44897,-0.04198,-0.00713,0.00199,1
2.1056,-0.51576,0.04163,0.01148,-0.00068,-0.00079,-0.00350,1.42317,-0.14969,0.00958,0.04942,0.00087,-0.10675,0.01300,-0.03414,0.85870,0,0.01204,-0.00030,-0.06006,0.44897,-0.04198,-0.00713,0.00199,1
2.1076,-0.51576,0.04163,0.01148,-0.00068,-0.00162,-0.00374,1.42317,-0.14969,0.00958,0.04927,0.00080,-0.10593,0.01315,-0.03429,0.85873,0,0.01204,-0.00030,-0.06006,0.44897,-0.04198,-0.00713,0.00199,1
2.1096,-0.51576,0.04163,0.01147,-0.00069,-0.00257,-0.00388,1.42317,-0.14969,0.00958,0.04911,0.00074,-0.10498,0.01319,-0.03454,0.85875,0,0.01204,-0.00030,-0.06006,0.44897,-0.04198,-0.00713,0.00199,1
2.1116,-0.51576,0.04163,0.01147,-0.00070,-0.00363,-0.00389,1.42317,-0.14969,0.00958,0.04893,0.00067,-0.10391,0.01309,-0.03473,0.85875,0,0.01204,-0.00030,-0.06006,0.44897,-0.04198,-0.00713,0.00199,1
2.1136,-0.51576,0.04163,0.01146,-0.00071,-0.00481,-0.00379,1.42317,-0.14969,0.00958,0.04873,0.00060,-0.10271,0.01286,-0.03494,0.85880,0,0.01204,-0.00030,-0.06006,0.44897,-0.04198,-0.00713,0.00199,1
2.1156,-0.51576,0.04163,0.01145,-0.00071,-0.00610,-0.00357,1.42317,-0.14969,0.00958,0.04850,0.00054,-0.10138,0.01251,-0.03513,0.85882,0,0.01204,-0.00030,-0.06006,0.44897,-0.04198,-0.00713,0.00199,1
2.1176,-0.51576,0.04163,0.01143,-0.00072,-0.00752,-0.00324,1.42317,-0.14969,0.00958,0.04824,0.00048,-0.10018,0.01203,-0.03535,0.85884,0,0.01204,-0.00030,-0.06006,0.44897,-0.04198,-0.00713,0.00199,1
2.1196,-0.51576,0.04163,0.01142,-0.00073,-0.00881,-0.00279,1.42317,-0.14969,0.00958,0.04796,0.00042,-0.09911,0.01142,-0.03555,0.85887,0,0.01204,-0.00030,-0.06006,0.44897,-0.04198,-0.00713,0.00199,1
2.1216,-0.51576,0.04163,0.01140,-0.00073,-0.00999,-0.00222,1.42317,-0.14969,0.00958,0.04766,0.00038,-0.09816,0.01068,-0.03574,0.85884,0,0.01204,-0.00030,-0.06006,0.44897,-0.04198,-0.00713,0.00199,1
2.1236,-0.51576,0.04163,0.01138,-0.00074,-0.01105,-0.00154,1.42317,-0.14969,0.00958,0.04733,0.00035,-0.09735,0.00993,-0.03591,0.85889,0,0.01204,-0.00030,-0.06006,0.44897,-0.04198,-0.00713,0.00199,1
2.1256,-0.51576,0.04163,0.01135,-0.00074,-0.01200,-0.00084,1.42317,-0.14969,0.00958,0.04698,0.00034,-0.09666,0.00931,-0.03612,0.85892,0,0.01204,-0.00030,-0.06006,0.44897,-0.04198,-0.00713,0.00199,1
2.1276,-0.51576,0.04163,0.01133,-0.00074,-0.01282,-0.00026,1.42317,-0.14969,0.00958,0.04662,0.00033,-0.09610,0.00881,-0.03632,0.85890,0,0.01204,-0.00030,-0.06006,0.44897,-0.04198,-0.00713,0.00199,1
2.1296,-0.51576,0.04163,0.01130,-0.00074,-0.01354,0.00020,1.42317,-0.14969,0.00958,0.04624,0.00034,-0.09566,0.00844,-0.03653,0.85894,0,0.01204,-0.00030,-0.06006,0.44897,-0.04198,-0.00713,0.00199,1
2.1317,-0.51576,0.04163,0.01128,-0.00074,-0.01413,0.00055,1.42317,-0.14969,0.00958,0.04585,0.00036,-0.09536,0.00820,-0.03672,0.85896,0,0.01204,-0.00030,-0.06006,0.44897,-0.04198,-0.00713,0.00199,1
2.1337,-0.51576,0.04163,0.01125,-0.00074,-0.01461,0.00078,1.42317,-0.14969,0.00958,0.04545,0.00038,-0.09518,0.00809,-0.03690,0.85900,0,0.01204,-0.00030,-0.06006,0.44897,-0.04198,-0.00713,0.00199,1
2.1357,-0.51576,0.04163,0.01122,-0.00073,-0.01497,0.00090,1.42317,-0.14969,0.00958,0.04503,0.00040,-0.09513,0.00810,-0.03707,0.85902,0,0.01204,-0.00030,-0.06006,0.44897,-0.04198,-0.00713,0.00199,1
2.1377,-0.51576,0.04163,0.01119,-0.00073,-0.01521,0.00090,1.42317,-0.14969,0.00958,0.04462,0.00043,-0.09521,0.00824,-0.03735,0.85905,0,0.01204,-0.00030,-0.06006,0.44897,-0.04198,-0.00713,0.00199,1
2.1397,-0.51576,0.04163,0.01116,-0.00073,-0.01534,0.00078,1.42317,-0.14969,0.00958,0.04420,0.00045,-0.09542,0.00852,-0.03751,0.85903,0,0.01204,-0.00030,-0.06006,0.44897,-0.04198,-0.00713,0.00199,1
2.1417,-0.51576,0.04163,0.01113,-0.00073,-0.01535,0.00055,1.42317,-0.14969,0.00958,0.04377,0.00047,-0.09576,0.00891,-0.03766,0.85904,0,0.01204,-0.00030,-0.06006,0.44897,-0.04198,-0.00713,0.00199,1
2.1437,-0.51576,0.04163,0.01109,-0.00073,-0.01524,0.00020,1.42317,-0.14969,0.00958,0.04335,0.00049,-0.09622,0.00944,-0.03790,0.85905,0,0.01204,-0.00030,-0.06006,0.44897,-0.04198,-0.00713,0.00199,1
2.1457,-0.51576,0.04163,0.01106,-0.00073,-0.01502,-0.00027,1.42317,-0.14969,0.00958,0.04293,0.00049,-0.09681,0.01007,-0.03809,0.85909,0,0.01204,-0.00030,-0.06006,0.44897,-0.04198,-0.00713,0.00199,1
2.1477,-0.51576,0.04163,0.01103,-0.00073,-0.01468,-0.00083,1.42317,-0.14969,0.00958,0.04252,0.00049,-0.09753,0.01057,-0.03831,0.85911,0,0.01204,-0.00030,-0.06006,0.44897,-0.04198,-0.00713,0.00199,1
2.1497,-0.51576,0.04163,0.01101,-0.00073,-0.01422,-0.00127,1.42317,-0.14969,0.00958,0.04212,0.00048,-0.09838,0.01095,-0.03852,0.85910,0,0.01204,-0.00030,-0.06006,0.44897,-0.04198,-0.00713,0.00199,1
2.1519,-0.51126,0.04230,0.01079,-0.00052,-0.01585,-0.00049,1.42759,-0.14969,0.00958,0.04168,0.00288,-0.09935,0.01145,-0.03895,0.85917,0,0.01116,-0.00028,-0.06699,0.44720,-0.03418,-0.00452,-0.00372,1
2.1539,-0.51126,0.04230,0.01076,-0.00052,-0.01516,-0.00094,1.42759,-0.14969,0.00958,0.04126,0.00288,-0.10045,0.01208,-0.03895,0.85917,0,0.01116,-0.00028,-0.06699,0.44720,-0.03418,-0.00452,-0.00372,1
2.1559,-0.51126,0.04230,0.01073,-0.00052,-0.01435,-0.00151,1.42759,-0.14969,0.00958,0.04084,0.00286,-0.10169,0.01258,-0.03920,0.85918,0,0.01116,-0.00028,-0.06699,0.44720,-0.03418,-0.00452,-0.00372,1
2.1579,-0.51126,0.04230,0.01070,-0.00052,-0.01342,-0.00195,1.42759,-0.14969,0.00958,0.04045,0.00283,-0.10305,0.01296,-0.03939,0.85920,0,0.01116,-0.00028,-0.06699,0.44720,-0.03418,-0.00452,-0.00372,1
2.1599,-0.51126,0.04230,0.01068,-0.00053,-0.01237,-0.00228,1.42759,-0.14969,0.00958,0.04008,0.00280,-0.10453,0.01321,-0.03960,0.85924,0,0.01116,-0.00028,-0.06699,0.44720,-0.03418,-0.00452,-0.00372,1
2.1619,-0.51126,0.04230,0.01065,-0.00053,-0.01121,-0.00250,1.42759,-0.14969,0.00958,0.03973,0.00276,-0.10613,0.01332,-0.03983,0.85925,0,0.01116,-0.00028,-0.06699,0.44720,-0.03418,-0.00452,-0.00372,1
2.1639,-0.51126,0.04230,0.01063,-0.00054,-0.00995,-0.00260,1.42759,-0.14969,0.00958,0.03940,0.00272,-0.10773,0.01331,-0.03999,0.85928,0,0.01116,-0.00028,-0.06699,0.44720,-0.03418,-0.00452,-0.00372,1
2.1659,-0.51126,0.04230,0.01061,-0.00054,-0.00868,-0.00258,1.42759,-0.14969,0.00958,0.03909,0.00268,-0.10933,0.01318,-0.04024,0.85933,0,0.01116,-0.00028,-0.06699,0.44720,-0.03418,-0.00452,-0.00372,1
2.1680,-0.51126,0.04230,0.01060,-0.00055,-0.00741,-0.00244,1.42759,-0.14969,0.00958,0.03881,0.00263,-0.11088,0.01291,-0.04048,0.85934,0,0.01116,-0.00028,-0.06699,0.44720,-0.03418,-0.00452,-0.00372,1
2.1700,-0.51126,0.04230,0.01058,-0.00055,-0.00620,-0.00219,1.42759,-0.14969,0.00958,0.03856,0.00260,-0.11230,0.01252,-0.04072,0.85937,0,0.01116,-0.00028,-0.06699,0.44720,-0.03418,-0.00452,-0.00372,1
2.1720,-0.51126,0.04230,0.01057,-0.00056,-0.00510,-0.00183,1.42759,-0.14969,0.00958,0.03833,0.00256,-0.11359,0.01214,-0.04093,0.85943,0,0.01116,-0.00028,-0.06699,0.44720,-0.03418,-0.00452,-0.00372,1
2.1740,-0.51126,0.04230,0.01056,-0.00056,-0.00411,-0.00147,1.42759,-0.14969,0.00958,0.03812,0.00254,-0.11475,0.01189,-0.04114,0.85940,0,0.01116,-0.00028,-0.06699,0.44720,-0.03418,-0.00452,-0.00372,1
2.1760,-0.51126,0.04230,0.01056,-0.00056,-0.00324,-0.00124,1.42759,-0.14969,0.00958,0.03792,0.00252,-0.11579,0.01177,-0.04144,0.85945,0,0.01116,-0.00028,-0.06699,0.44720,-0.03418,-0.00452,-0.00372,1
2.1780,-0.51126,0.04230,0.01055,-0.00056,-0.00249,-0.00112,1.42759,-0.14969,0.00958,0.03775,0.00250,-0.11670,0.01178,-0.04164,0.85946,0,0.01116,-0.00028,-0.06699,0.44720,-0.03418,-0.00452,-0.00372,1
2.1800,-0.51126,0.04230,0.01055,-0.00057,-0.00185,-0.00111,1.42759,-0.14969,0.00958,0.03759,0.00249,-0.11748,0.01192,-0.04188,0.85947,0,0.01116,-0.00028,-0.06699,0.44720,-0.03418,-0.00452,-0.00372,1
2.1820,-0.51126,0.04230,0.01054,-0.00057,-0.00133,-0.00123,1.42759,-0.14969,0.00958,0.03743,0.00248,-0.11813,0.01205,-0.04208,0.85948,0,0.01116,-0.00028,-0.06699,0.44720,-0.03418,-0.00452,-0.00372,1
2.1840,-0.51126,0.04230,0.01054,-0.00057,-0.00093,-0.00134,1.42759,-0.14969,0.00958,0.03729,0.00246,-0.11865,0.01206,-0.04227,0.85952,0,0.01116,-0.00028,-0.06699,0.44720,-0.03418,-0.00452,-0.00372,1
2.1860,-0.51126,0.04230,0.01054,-0.00057,-0.00064,-0.00134,1.42759,-0.14969,0.00958,0.03716,0.00244,-0.11905,0.01202,-0.04251,0.85954,0,0.01116,-0.00028,-0.06699,0.44720,-0.03418,-0.00452,-0.00372,1
2.1880,-0.51126,0.04230,0.01054,-0.00058,-0.00047,-0.00129,1.42759,-0.14969,0.00958,0.03703,0.00242,-0.11931,0.01200,-0.04278,0.85954,0,0.01116,-0.00028,-0.06699,0.44720,-0.03418,-0.00452,-0.00372,1
2.1900,-0.51126,0.04230,0.01054,-0.00058,-0.00041,-0.00126,1.42759,-0.14969,0.00958,0.03690,0.00240,-0.11945,0.01198,-0.04295,0.85956,0,0.01116,-0.00028,-0.06699,0.44720,-0.03418,-0.00452,-0.00372,1
2.1920,-0.51126,0.04230,0.01054,-0.00058,-0.00047,-0.00123,1.42759,-0.14969,0.00958,0.03677,0.00239,-0.11946,0.01196,-0.04317,0.85963,0,0.01116,-0.00028,-0.06699,0.44720,-0.03418,-0.00452,-0.00372,1
2.1940,-0.51126,0.04230,0.01054,-0.00058,-0.00065,-0.00121,1.42759,-0.14969,0.00958,0.03664,0.00237,-0.11935,0.01195,-0.04341,0.85967,0,0.01116,-0.00028,-0.06699,0.44720,-0.03418,-0.00452,-0.00372,1
2.1960,-0.51126,0.04230,0.01053,-0.00059,-0.00094,-0.00118,1.42759,-0.14969,0.00958,0.03650,0.00235,-0.11910,0.01193,-0.04362,0.85970,0,0.01116,-0.00028,-0.06699,0.44720,-0.03418,-0.00452,-0.00372,1
2.1980,-0.51126,0.04230,0.01053,-0.00059,-0.00136,-0.00116,1.42759,-0.14969,0.00958,0.03636,0.00234,-0.11873,0.01192,-0.04384,0.85971,0,0.01116,-0.00028,-0.06699,0.44720,-0.03418,-0.00452,-0.00372,1
2.2000,-0.51126,0.04230,0.01053,-0.00059,-0.00188,-0.00113,1.42759,-0.14969,0.00958,0.03621,0.00232,-0.11823,0.01190,-0.04411,0.85974,0,0.01116,-0.00028,-0.06699,0.44720,-0.03418,-0.00452,-0.00372,1
2.2020,-0.51126,0.04230,0.01052,-0.00059,-0.00252,-0.00111,1.42759,-0.14969,0.00958,0.03605,0.00231,-0.11760,0.01189,-0.04436,0.85978,0,0.01116,-0.00028,-0.06699,0.44720,-0.03418,-0.00452,-0.00372,1
2.2040,-0.51126,0.04230,0.01052,-0.00060,-0.00328,-0.00109,1.42759,-0.14969,0.00958,0.03587,0.00230,-0.11684,0.01187,-0.04457,0.85978,0,0.01116,-0.00028,-0.06699,0.44720,-0.03418,-0.00452,-0.00372,1
2.2060,-0.51126,0.04230,0.01051,-0.00060,-0.00416,-0.00106,1.42759,-0.14969,0.00958,0.03568,0.00228,-0.11596,0.01186,-0.04477,0.85983,0,0.01116,-0.00028,-0.06699,0.44720,-0.03418,-0.00452,-0.00372,1
2.2080,-0.51126,0.04230,0.01050,-0.00060,-0.00515,-0.00104,1.42759,-0.14969,0.00958,0.03547,0.00227,-0.11495,0.01185,-0.04496,0.85988,0,0.01116,-0.00028,-0.06699,0.44720,-0.03418,-0.00452,-0.00372,1
2.2100,-0.51126,0.04230,0.01049,-0.00060,-0.00626,-0.00102,1.42759,-0.14969,0.00958,0.03523,0.00226,-0.11406,0.01183,-0.04521,0.85984,0,0.01116,-0.00028,-0.06699,0.44720,-0.03418,-0.00452,-0.00372,1
2.2120,-0.51126,0.04230,0.01048,-0.00060,-0.00725,-0.00100,1.42759,-0.14969,0.00958,0.03498,0.00224,-0.11330,0.01182,-0.04542,0.85987,0,0.01116,-0.00028,-0.06699,0.44720,-0.03418,-0.00452,-0.00372,1
2.2140,-0.51126,0.04230,0.01046,-0.00061,-0.00812,-0.00097,1.42759,-0.14969,0.00958,0.03471,0.00223,-0.11268,0.01181,-0.04566,0.85992,0,0.01116,-0.00028,-0.06699,0.44720,-0.03418,-0.00452,-0.00372,1
2.2160,-0.50640,0.04324,0.01050,-0.00077,-0.00722,-0.00132,1.42654,-0.14969,0.00958,0.03690,0.00104,-0.11217,0.01167,-0.04619,0.85995,0,0.01058,-0.00088,-0.06699,0.44720,-0.03418,-0.00452,-0.00372,1
2.2180,-0.50640,0.04324,0.01048,-0.00077,-0.00786,-0.00118,1.42654,-0.14969,0.00958,0.03664,0.00103,-0.11180,0.01140,-0.04619,0.85995,0,0.01058,-0.00088,-0.06699,0.44720,-0.03418,-0.00452,-0.00372,1
2.2200,-0.50640,0.04324,0.01047,-0.00077,-0.00839,-0.00093,1.42654,-0.14969,0.00958,0.03636,0.00101,-0.11156,0.01101,-0.04634,0.85996,0,0.01058,-0.00088,-0.06699,0.44720,-0.03418,-0.00452,-0.00372,1
2.2220,-0.50640,0.04324,0.01045,-0.00077,-0.00880,-0.00055,1.42654,-0.14969,0.00958,0.03607,0.00101,-0.11144,0.01058,-0.04655,0.86000,0,0.01058,-0.00088,-0.06699,0.44720,-0.03418,-0.00452,-0.00372,1
2.2241,-0.50640,0.04324,0.01043,-0.00077,-0.00909,-0.00015,1.42654,-0.14969,0.00958,0.03577,0.00101,-0.11145,0.01029,-0.04679,0.86000,0,0.01058,-0.00088,-0.06699,0.44720,-0.03418,-0.00452,-0.00372,1
2.2261,-0.50640,0.04324,0.01041,-0.00077,-0.00927,0.00013,1.42654,-0.14969,0.00958,0.03547,0.00101,-0.11159,0.01012,-0.04702,0.86000,0,0.01058,-0.00088,-0.06699,0.44720,-0.03418,-0.00452,-0.00372,1
2.2281,-0.50640,0.04324,0.01040,-0.00077,-0.00933,0.00029,1.42654,-0.14969,0.00958,0.03517,0.00103,-0.11186,0.01008,-0.04727,0.86003,0,0.01058,-0.00088,-0.06699,0.44720,-0.03418,-0.00452,-0.00372,1
2.2301,-0.50640,0.04324,0.01038,-0.00077,-0.00927,0.00034,1.42654,-0.14969,0.00958,0.03486,0.00104,-0.11225,0.01017,-0.04754,0.86005,0,0.01058,-0.00088,-0.06699,0.44720,-0.03418,-0.00452,-0.00372,1
2.2321,-0.50640,0.04324,0.01036,-0.00077,-0.00909,0.00028,1.42654,-0.14969,0.00958,0.03456,0.00105,-0.11278,0.01039,-0.04775,0.86008,0,0.01058,-0.00088,-0.06699,0.44720,-0.03418,-0.00452,-0.00372,1
2.2341,-0.50640,0.04324,0.01034,-0.00077,-0.00880,0.00010,1.42654,-0.14969,0.00958,0.03427,0.00106,-0.11343,0.01064,-0.04803,0.86007,0,0.01058,-0.00088,-0.06699,0.44720,-0.03418,-0.00452,-0.00372,1
2.2361,-0.50640,0.04324,0.01032,-0.00077,-0.00839,-0.00012,1.42654,-0.14969,0.00958,0.03398,0.00107,-0.11421,0.01077,-0.04827,0.86010,0,0.01058,-0.00088,-0.06699,0.44720,-0.03418,-0.00452,-0.00372,1
2.2381,-0.50640,0.04324,0.01031,-0.00077,-0.00787,-0.00023,1.42654,-0.14969,0.00958,0.03370,0.00108,-0.11512,0.01077,-0.04847,0.86010,0,0.01058,-0.00088,-0.06699,0.44720,-0.03418,-0.00452,-0.00372,1
2.2401,-0.50640,0.04324,0.01029,-0.00077,-0.00723,-0.00022,1.42654,-0.14969,0.00958,0.03343,0.00108,-0.11615,0.01066,-0.04871,0.86012,0,0.01058,-0.00088,-0.06699,0.44720,-0.03418,-0.00452,-0.00372,1
2.2421,-0.50640,0.04324,0.01028,-0.00077,-0.00647,-0.00010,1.42654,-0.14969,0.00958,0.03318,0.00108,-0.11706,0.01066,-0.04898,0.86013,0,0.01058,-0.00088,-0.06699,0.44720,-0.03418,-0.00452,-0.00372,1
2.2441,-0.50640,0.04324,0.01027,-0.00077,-0.00583,-0.00009,1.42654,-0.14969,0.00958,0.03293,0.00109,-0.11784,0.01067,-0.04925,0.86016,0,0.01058,-0.00088,-0.06699,0.44720,-0.03418,-0.00452,-0.00372,1
2.2461,-0.50640,0.04324,0.01025,-0.00077,-0.00530,-0.00008,1.42654,-0.14969,0.00958,0.03271,0.00110,-0.11849,0.01067,-0.04945,0.86017,0,0.01058,-0.00088,-0.06699,0.44720,-0.03418,-0.00452,-0.00372,1
2.2481,-0.50640,0.04324,0.01024,-0.00077,-0.00489,-0.00007,1.42654,-0.14969,0.00958,0.03249,0.00110,-0.11901,0.01068,-0.04974,0.86024,0,0.01058,-0.00088,-0.06699,0.44720,-0.03418,-0.00452,-0.00372,1
2.2501,-0.50640,0.04324,0.01024,-0.00077,-0.00460,-0.00006,1.42654,-0.14969,0.00958,0.03227,0.00111,-0.11941,0.01069,-0.04993,0.86024,0,0.01058,-0.00088,-0.06699,0.44720,-0.03418,-0.00452,-0.00372,1
2.2521,-0.50640,0.04324,0.01023,-0.00077,-0.00442,-0.00005,1.42654,-0.14969,0.00958,0.03206,0.00112,-0.11967,0.01069,-0.05021,0.86026,0,0.01058,-0.00088,-0.06699,0.44720,-0.03418,-0.00452,-0.00372,1
2.2541,-0.50640,0.04324,0.01022,-0.00077,-0.00436,-0.00005,1.42654,-0.14969,0.00958,0.03186,0.00112,-0.11981,0.01070,-0.05044,0.86027,0,0.01058,-0.00088,-0.06699,0.44720,-0.03418,-0.00452,-0.00372,1
2.2561,-0.50640,0.04324,0.01021,-0.00077,-0.00442,-0.00004,1.42654,-0.14969,0.00958,0.03165,0.00113,-0.11982,0.01071,-0.05061,0.86030,0,0.01058,-0.00088,-0.06699,0.44720,-0.03418,-0.00452,-0.00372,1
2.2581,-0.50640,0.04324,0.01020,-0.00077,-0.00459,-0.00003,1.42654,-0.14969,0.00958,0.03144,0.00114,-0.11971,0.01071,-0.05091,0.86031,0,0.01058,-0.00088,-0.06699,0.44720,-0.03418,-0.00452,-0.00372,1
2.2601,-0.50640,0.04324,0.01019,-0.00077,-0.00488,-0.00002,1.42654,-0.14969,0.00958,0.03123,0.00114,-0.11946,0.01072,-0.05112,0.86035,0,0.01058,-0.00088,-0.06699,0.44720,-0.03418,-0.00452,-0.00372,1
2.2621,-0.50640,0.04324,0.01018,-0.00077,-0.00528,-0.00002,1.42654,-0.14969,0.00958,0.03101,0.00115,-0.11909,0.01073,-0.05134,0.86036,0,0.01058,-0.00088,-0.06699,0.44720,-0.03418,-0.00452,-0.00372,1
2.2641,-0.50640,0.04324,0.01017,-0.00077,-0.00580,-0.00001,1.42654,-0.14969,0.00958,0.03078,0.00116,-0.11885,0.01074,-0.05161,0.86039,0,0.01058,-0.00088,-0.06699,0.44720,-0.03418,-0.00452,-0.00372,1
2.2661,-0.50640,0.04324,0.01016,-0.00077,-0.00620,-0.00000,1.42654,-0.14969,0.00958,0.03054,0.00117,-0.11873,0.01074,-0.05175,0.86043,0,0.01058,-0.00088,-0.06699,0.44720,-0.03418,-0.00452,-0.00372,1
2.2681,-0.50640,0.04324,0.01014,-0.00077,-0.00649,0.00000,1.42654,-0.14969,0.00958,0.03030,0.00117,-0.11874,0.01075,-0.05200,0.86042,0,0.01058,-0.00088,-0.06699,0.44720,-0.03418,-0.00452,-0.00372,1
2.2701,-0.50640,0.04324,0.01013,-0.00077,-0.00666,0.00001,1.42654,-0.14969,0.00958,0.03005,0.00118,-0.11888,0.01076,-0.05224,0.86046,0,0.01058,-0.00088,-0.06699,0.44720,-0.03418,-0.00452,-0.00372,1
2.2721,-0.50640,0.04324,0.01012,-0.00077,-0.00671,0.00002,1.42654,-0.14969,0.00958,0.02980,0.00119,-0.11915,0.01077,-0.05245,0.86052,0,0.01058,-0.00088,-0.06699,0.44720,-0.03418,-0.00452,-0.00372,1
2.2741,-0.50640,0.04324,0.01010,-0.00077,-0.00665,0.00002,1.42654,-0.14969,0.00958,0.02955,0.00120,-0.11954,0.01077,-0.05270,0.86050,0,0.01058,-0.00088,-0.06699,0.44720,-0.03418,-0.00452,-0.00372,1
2.2761,-0.50640,0.04324,0.01009,-0.00077,-0.00647,0.00003,1.42654,-0.14969,0.00958,0.02930,0.00120,-0.12007,0.01078,-0.05287,0.86055,0,0.01058,-0.00088,-0.06699,0.44720,-0.03418,-0.00452,-0.00372,1
2.2781,-0.50640,0.04324,0.01008,-0.00077,-0.00618,0.00004,1.42654,-0.14969,0.00958,0.02905,0.00121,-0.12064,0.01079,-0.05308,0.86058,0,0.01058,-0.00088,-0.06699,0.44720,-0.03418,-0.00452,-0.00372,1
2.2801,-0.50640,0.04324,0.01007,-0.00077,-0.00583,0.00004,1.42654,-0.14969,0.00958,0.02881,0.00122,-0.12109,0.01080,-0.05334,0.86058,0,0.01058,-0.00088,-0.06699,0.44720,-0.03418,-0.00452,-0.00372,1
2.2821,-0.50640,0.04324,0.01006,-0.00077,-0.00561,0.00005,1.42654,-0.14969,0.00958,0.02858,0.00123,-0.12141,0.01081,-0.05358,0.86064,0,0.01058,-0.00088,-0.06699,0.44720,-0.03418,-0.00452,-0.00372,1
2.2841,-0.50640,0.04324,0.01004,-0.00077,-0.00549,0.00006,1.42654,-0.14969,0.00958,0.02835,0.00124,-0.12160,0.01082,-0.05380,0.86065,0,0.01058,-0.00088,-0.06699,0.44720,-0.03418,-0.00452,-0.00372,1
2.2861,-0.50640,0.04324,0.01003,-0.00077,-0.00550,0.00006,1.42654,-0.14969,0.00958,0.02813,0.00125,-0.12166,0.01083,-0.05411,0.86063,0,0.01058,-0.00088,-0.06699,0.44720,-0.03418,-0.00452,-0.00372,1
2.2881,-0.50190,0.04390,0.01043,-0.00102,-0.00363,-0.00079,1.42609,-0.14969,0.00958,0.03374,-0.00092,-0.12160,0.01071,-0.05458,0.86066,0,0.01097,-0.00123,-0.06370,0.44459,-0.03743,-0.00293,-0.00483,1
2.2901,-0.50190,0.04390,0.01043,-0.00102,-0.00388,-0.00066,1.42609,-0.14969,0.00958,0.03355,-0.00092,-0.12140,0.01046,-0.05458,0.86066,0,0.01097,-0.00123,-0.06370,0.44459,-0.03743,-0.00293,-0.00483,1
2.2921,-0.50190,0.04390,0.01042,-0.00102,-0.00424,-0.00042,1.42609,-0.14969,0.00958,0.03335,-0.00093,-0.12108,0.01008,-0.05486,0.86070,0,0.01097,-0.00123,-0.06370,0.44459,-0.03743,-0.00293,-0.00483,1
2.2941,-0.50190,0.04390,0.01041,-0.00102,-0.00471,-0.00006,1.42609,-0.14969,0.00958,0.03314,-0.00092,-0.12063,0.00958,-0.05507,0.86071,0,0.01097,-0.00123,-0.06370,0.44459,-0.03743,-0.00293,-0.00483,1
2.2961,-0.50190,0.04390,0.01040,-0.00102,-0.00531,0.00042,1.42609,-0.14969,0.00958,0.03292,-0.00091,-0.12006,0.00895,-0.05530,0.86078,0,0.01097,-0.00123,-0.06370,0.44459,-0.03743,-0.00293,-0.00483,1
2.2981,-0.50190,0.04390,0.01039,-0.00102,-0.00602,0.00101,1.42609,-0.14969,0.00958,0.03269,-0.00089,-0.11935,0.00845,-0.05558,0.86078,0,0.01097,-0.00123,-0.06370,0.44459,-0.03743,-0.00293,-0.00483,1
2.3001,-0.50190,0.04390,0.01037,-0.00102,-0.00684,0.00149,1.42609,-0.14969,0.00958,0.03244,-0.00086,-0.11852,0.00807,-0.05585,0.86077,0,0.01097,-0.00123,-0.06370,0.44459,-0.03743,-0.00293,-0.00483,1
2.3021,-0.50190,0.04390,0.01036,-0.00102,-0.00778,0.00184,1.42609,-0.14969,0.00958,0.03218,-0.00082,-0.11756,0.00782,-0.05605,0.86081,0,0.01097,-0.00123,-0.06370,0.44459,-0.03743,-0.00293,-0.00483,1
2.3041,-0.50190,0.04390,0.01034,-0.00101,-0.00884,0.00209,1.42609,-0.14969,0.00958,0.03189,-0.00077,-0.11673,0.00770,-0.05628,0.86084,0,0.01097,-0.00123,-0.06370,0.44459,-0.03743,-0.00293,-0.00483,1
2.3061,-0.50190,0.04390,0.01032,-0.00101,-0.00978,0.00221,1.42609,-0.14969,0.00958,0.03159,-0.00072,-0.11602,0.00771,-0.05652,0.86085,0,0.01097,-0.00123,-0.06370,0.44459,-0.03743,-0.00293,-0.00483,1
2.3081,-0.50190,0.04390,0.01030,-0.00100,-0.01061,0.00222,1.42609,-0.14969,0.00958,0.03127,-0.00067,-0.11544,0.00785,-0.05673,0.86086,0,0.01097,-0.00123,-0.06370,0.44459,-0.03743,-0.00293,-0.00483,1
2.3101,-0.50190,0.04390,0.01028,-0.00100,-0.01132,0.00212,1.42609,-0.14969,0.00958,0.03094,-0.00062,-0.11500,0.00812,-0.05696,0.86084,0,0.01097,-0.00123,-0.06370,0.44459,-0.03743,-0.00293,-0.00483,1
2.3121,-0.50190,0.04390,0.01026,-0.00099,-0.01191,0.00189,1.42609,-0.14969,0.00958,0.03059,-0.00057,-0.11467,0.00851,-0.05718,0.86089,0,0.01097,-0.00123,-0.06370,0.44459,-0.03743,-0.00293,-0.00483,1
2.3141,-0.50190,0.04390,0.01023,-0.00099,-0.01238,0.00155,1.42609,-0.14969,0.00958,0.03023,-0.00053,-0.11448,0.00903,-0.05740,0.86089,0,0.01097,-0.00123,-0.06370,0.44459,-0.03743,-0.00293,-0.00483,1
2.3161,-0.50190,0.04390,0.01021,-0.00099,-0.01274,0.00110,1.42609,-0.14969,0.00958,0.02986,-0.00050,-0.11442,0.00942,-0.05762,0.86094,0,0.01097,-0.00123,-0.06370,0.44459,-0.03743,-0.00293,-0.00483,1
2.3181,-0.50190,0.04390,0.01018,-0.00099,-0.01298,0.00076,1.42609,-0.14969,0.00958,0.02949,-0.00047,-0.11448,0.00969,-0.05783,0.86094,0,0.01097,-0.00123,-0.06370,0.44459,-0.03743,-0.00293,-0.00483,1
2.3201,-0.50190,0.04390,0.01016,-0.00099,-0.01310,0.00054,1.42609,-0.14969,0.00958,0.02911,-0.00045,-0.11467,0.00982,-0.05805,0.86094,0,0.01097,-0.00123,-0.06370,0.44459,-0.03743,-0.00293,-0.00483,1
2.3221,-0.50190,0.04390,0.01013,-0.00098,-0.01311,0.00043,1.42609,-0.14969,0.00958,0.02873,-0.00043,-0.11499,0.00983,-0.05829,0.86096,0,0.01097,-0.00123,-0.06370,0.44459,-0.03743,-0.00293,-0.00483,1
2.3241,-0.50190,0.04390,0.01011,-0.00098,-0.01300,0.00044,1.42609,-0.14969,0.00958,0.02836,-0.00042,-0.11544,0.00971,-0.05847,0.86101,0,0.01097,-0.00123,-0.06370,0.44459,-0.03743,-0.00293,-0.00483,1
2.3261,-0.50190,0.04390,0.01008,-0.00098,-0.01277,0.00056,1.42609,-0.14969,0.00958,0.02798,-0.00040,-0.11601,0.00947,-0.05877,0.86101,0,0.01097,-0.00123,-0.06370,0.44459,-0.03743,-0.00293,-0.00483,1
2.3281,-0.50190,0.04390,0.01005,-0.00098,-0.01243,0.00081,1.42609,-0.14969,0.00958,0.02762,-0.00038,-0.11672,0.00920,-0.05893,0.86103,0,0.01097,-0.00123,-0.06370,0.44459,-0.03743,-0.00293,-0.00483,1
2.3301,-0.50190,0.04390,0.01003,-0.00098,-0.01197,0.00107,1.42609,-0.14969,0.00958,0.02726,-0.00035,-0.11755,0.00906,-0.05922,0.86105,0,0.01097,-0.00123,-0.06370,0.44459,-0.03743,-0.00293,-0.00483,1
2.3321,-0.50190,0.04390,0.01001,-0.00098,-0.01139,0.00121,1.42609,-0.14969,0.00958,0.02691,-0.00032,-0.11851,0.00905,-0.05946,0.86112,0,0.01097,-0.00123,-0.06370,0.44459,-0.03743,-0.00293,-0.00483,1
2.3341,-0.50190,0.04390,0.00998,-0.00097,-0.01070,0.00124,1.42609,-0.14969,0.00958,0.02657,-0.00029,-0.11959,0.00916,-0.05968,0.86111,0,0.01097,-0.00123,-0.06370,0.44459,-0.03743,-0.00293,-0.00483,1
2.3361,-0.50190,0.04390,0.00996,-0.00097,-0.00989,0.00115,1.42609,-0.14969,0.00958,0.02625,-0.00026,-0.12081,0.00932,-0.06000,0.86111,0,0.01097,-0.00123,-0.06370,0.44459,-0.03743,-0.00293,-0.00483,1
2.3381,-0.50190,0.04390,0.00995,-0.00097,-0.00896,0.00103,1.42609,-0.14969,0.00958,0.02594,-0.00023,-0.12215,0.00935,-0.06021,0.86113,0,0.01097,-0.00123,-0.06370,0.44459,-0.03743,-0.00293,-0.00483,1
2.3401,-0.50190,0.04390,0.00993,-0.00097,-0.00792,0.00102,1.42609,-0.14969,0.00958,0.02566,-0.00020,-0.12362,0.00937,-0.06047,0.86112,0,0.01097,-0.00123,-0.06370,0.44459,-0.03743,-0.00293,-0.00483,1
2.3421,-0.50190,0.04390,0.00991,-0.00097,-0.00675,0.00101,1.42609,-0.14969,0.00958,0.02539,-0.00018,-0.12497,0.00940,-0.06078,0.86112,0,0.01097,-0.00123,-0.06370,0.44459,-0.03743,-0.00293,-0.00483,1
2.3441,-0.50190,0.04390,0.00990,-0.00096,-0.00571,0.00100,1.42609,-0.14969,0.00958,0.02515,-0.00015,-0.12618,0.00943,-0.06104,0.86114,0,0.01097,-0.00123,-0.06370,0.44459,-0.03743,-0.00293,-0.00483,1
2.3461,-0.50190,0.04390,0.00989,-0.00096,-0.00478,0.00100,1.42609,-0.14969,0.00958,0.02493,-0.00012,-0.12727,0.00946,-0.06128,0.86120,0,0.01097,-0.00123,-0.06370,0.44459,-0.03743,-0.00293,-0.00483,1
2.3481,-0.50190,0.04390,0.00988,-0.00096,-0.00397,0.00099,1.42609,-0.14969,0.00958,0.02472,-0.00009,-0.12823,0.00948,-0.06156,0.86116,0,0.01097,-0.00123,-0.06370,0.44459,-0.03743,-0.00293,-0.00483,1
2.3501,-0.50190,0.04390,0.00987,-0.00096,-0.00327,0.00098,1.42609,-0.14969,0.00958,0.02453,-0.00007,-0.12906,0.00951,-0.06185,0.86121,0,0.01097,-0.00123,-0.06370,0.44459,-0.03743,-0.00293,-0.00483,1
2.3521,-0.49748,0.04429,0.01042,-0.00112,-0.00167,0.00010,1.42729,-0.14969,0.00958,0.03153,-0.00151,-0.12976,0.00941,-0.06230,0.86127,0,0.01132,-0.00128,-0.06370,0.44459,-0.03743,-0.00293,-0.00483,1
2.3541,-0.49748,0.04429,0.01042,-0.00112,-0.00122,0.00021,1.42729,-0.14969,0.00958,0.03138,-0.00150,-0.13034,0.00918,-0.06230,0.86127,0,0.01132,-0.00128,-0.06370,0.44459,-0.03743,-0.00293,-0.00483,1
2.3562,-0.49748,0.04429,0.01041,-0.00112,-0.00088,0.00044,1.42729,-0.14969,0.00958,0.03124,-0.00148,-0.13078,0.00882,-0.06257,0.86129,0,0.01132,-0.00128,-0.06370,0.44459,-0.03743,-0.00293,-0.00483,1
2.3582,-0.49748,0.04429,0.01041,-0.00112,-0.00066,0.00078,1.42729,-0.14969,0.00958,0.03111,-0.00146,-0.13110,0.00834,-0.06280,0.86128,0,0.01132,-0.00128,-0.06370,0.44459,-0.03743,-0.00293,-0.00483,1
2.3602,-0.49748,0.04429,0.01041,-0.00112,-0.00056,0.00125,1.42729,-0.14969,0.00958,0.03097,-0.00144,-0.13129,0.00798,-0.06303,0.86136,0,0.01132,-0.00128,-0.06370,0.44459,-0.03743,-0.00293,-0.00483,1
2.3622,-0.49748,0.04429,0.01041,-0.00111,-0.00057,0.00159,1.42729,-0.14969,0.00958,0.03084,-0.00140,-0.13136,0.00775,-0.06334,0.86133,0,0.01132,-0.00128,-0.06370,0.44459,-0.03743,-0.00293,-0.00483,1
2.3642,-0.49748,0.04429,0.01041,-0.00111,-0.00070,0.00182,1.42729,-0.14969,0.00958,0.03071,-0.00136,-0.13129,0.00765,-0.06350,0.86139,0,0.01132,-0.00128,-0.06370,0.44459,-0.03743,-0.00293,-0.00483,1
2.3662,-0.49748,0.04429,0.01041,-0.00111,-0.00094,0.00193,1.42729,-0.14969,0.00958,0.03057,-0.00132,-0.13110,0.00768,-0.06376,0.86140,0,0.01132,-0.00128,-0.06370,0.44459,-0.03743,-0.00293,-0.00483,1
2.3682,-0.49748,0.04429,0.01040,-0.00110,-0.00130,0.00192,1.42729,-0.14969,0.00958,0.03043,-0.00127,-0.13078,0.00783,-0.06400,0.86142,0,0.01132,-0.00128,-0.06370,0.44459,-0.03743,-0.00293,-0.00483,1
2.3702,-0.49748,0.04429,0.01040,-0.00110,-0.00178,0.00180,1.42729,-0.14969,0.00958,0.03028,-0.00123,-0.13033,0.00812,-0.06425,0.86144,0,0.01132,-0.00128,-0.06370,0.44459,-0.03743,-0.00293,-0.00483,1
2.3722,-0.49748,0.04429,0.01040,-0.00110,-0.00237,0.00157,1.42729,-0.14969,0.00958,0.03012,-0.00119,-0.12975,0.00839,-0.06443,0.86148,0,0.01132,-0.00128,-0.06370,0.44459,-0.03743,-0.00293,-0.00483,1
2.3742,-0.49748,0.04429,0.01039,-0.00109,-0.00308,0.00133,1.42729,-0.14969,0.00958,0.02995,-0.00115,-0.12905,0.00854,-0.06474,0.86145,0,0.01132,-0.00128,-0.06370,0.44459,-0.03743,-0.00293,-0.00483,1
2.3762,-0.49748,0.04429,0.01038,-0.00109,-0.00391,0.00122,1.42729,-0.14969,0.00958,0.02976,-0.00112,-0.12822,0.00856,-0.06497,0.86149,0,0.01132,-0.00128,-0.06370,0.44459,-0.03743,-0.00293,-0.00483,1
2.3782,-0.49748,0.04429,0.01038,-0.00109,-0.00485,0.00122,1.42729,-0.14969,0.00958,0.02955,-0.00108,-0.12725,0.00849,-0.06523,0.86148,0,0.01132,-0.00128,-0.06370,0.44459,-0.03743,-0.00293,-0.00483,1
2.3802,-0.49748,0.04429,0.01037,-0.00109,-0.00591,0.00130,1.42729,-0.14969,0.00958,0.02933,-0.00105,-0.12617,0.00853,-0.06546,0.86151,0,0.01132,-0.00128,-0.06370,0.44459,-0.03743,-0.00293,-0.00483,1
2.3822,-0.49748,0.04429,0.01035,-0.00108,-0.00709,0.00129,1.42729,-0.14969,0.00958,0.02908,-0.00102,-0.12495,0.00856,-0.06570,0.86154,0,0.01132,-0.00128,-0.06370,0.44459,-0.03743,-0.00293,-0.00483,1
2.3842,-0.49748,0.04429,0.01034,-0.00108,-0.00838,0.00128,1.42729,-0.14969,0.00958,0.02881,-0.00099,-0.12360,0.00859,-0.06594,0.86157,0,0.01132,-0.00128,-0.06370,0.44459,-0.03743,-0.00293,-0.00483,1
2.3862,-0.49748,0.04429,0.01032,-0.00108,-0.00978,0.00127,1.42729,-0.14969,0.00958,0.02851,-0.00095,-0.12213,0.00862,-0.06621,0.86159,0,0.01132,-0.00128,-0.06370,0.44459,-0.03743,-0.00293,-0.00483,1
2.3882,-0.49748,0.04429,0.01030,-0.00108,-0.01130,0.00126,1.42729,-0.14969,0.00958,0.02818,-0.00092,-0.12079,0.00866,-0.06647,0.86163,0,0.01132,-0.00128,-0.06370,0.44459,-0.03743,-0.00293,-0.00483,1
2.3902,-0.49748,0.04429,0.01027,-0.00107,-0.01271,0.00125,1.42729,-0.14969,0.00958,0.02783,-0.00089,-0.11957,0.00869,-0.06671,0.86164,0,0.01132,-0.00128,-0.06370,0.44459,-0.03743,-0.00293,-0.00483,1
2.3922,-0.49748,0.04429,0.01025,-0.00107,-0.01400,0.00124,1.42729,-0.14969,0.00958,0.02744,-0.00086,-0.11848,0.00872,-0.06695,0.86164,0,0.01132,-0.00128,-0.06370,0.44459,-0.03743,-0.00293,-0.00483,1
2.3942,-0.49748,0.04429,0.01022,-0.00107,-0.01517,0.00123,1.42729,-0.14969,0.00958,0.02704,-0.00082,-0.11752,0.00875,-0.06711,0.86167,0,0.01132,-0.00128,-0.06370,0.44459,-0.03743,-0.00293,-0.00483,1
2.3962,-0.49748,0.04429,0.01019,-0.00107,-0.01623,0.00122,1.42729,-0.14969,0.00958,0.02661,-0.00079,-0.11669,0.00879,-0.06740,0.86166,0,0.01132,-0.00128,-0.06370,0.44459,-0.03743,-0.00293,-0.00483,1
2.3982,-0.49748,0.04429,0.01015,-0.00106,-0.01716,0.00121,1.42729,-0.14969,0.00958,0.02616,-0.00076,-0.11598,0.00882,-0.06762,0.86168,0,0.01132,-0.00128,-0.06370,0.44459,-0.03743,-0.00293,-0.00483,1
2.4002,-0.49748,0.04429,0.01012,-0.00106,-0.01799,0.00120,1.42729,-0.14969,0.00958,0.02569,-0.00073,-0.11541,0.00885,-0.06791,0.86170,0,0.01132,-0.00128,-0.06370,0.44459,-0.03743,-0.00293,-0.00483,1
2.4022,-0.49748,0.04429,0.01008,-0.00106,-0.01869,0.00119,1.42729,-0.14969,0.00958,0.02521,-0.00070,-0.11496,0.00888,-0.06815,0.86169,0,0.01132,-0.00128,-0.06370,0.44459,-0.03743,-0.00293,-0.00483,1
2.4042,-0.49748,0.04429,0.01004,-0.00106,-0.01928,0.00118,1.42729,-0.14969,0.00958,0.02472,-0.00067,-0.11464,0.00891,-0.06834,0.86171,0,0.01132,-0.00128,-0.06370,0.44459,-0.03743,-0.00293,-0.00483,1
2.4062,-0.49748,0.04429,0.01000,-0.00105,-0.01975,0.00117,1.42729,-0.14969,0.00958,0.02422,-0.00064,-0.11444,0.00894,-0.06861,0.86175,0,0.01132,-0.00128,-0.06370,0.44459,-0.03743,-0.00293,-0.00483,1
2.4082,-0.49748,0.04429,0.00996,-0.00105,-0.02010,0.00116,1.42729,-0.14969,0.00958,0.02370,-0.00061,-0.11438,0.00897,-0.06885,0.86174,0,0.01132,-0.00128,-0.06370,0.44459,-0.03743,-0.00293,-0.00483,1
2.4102,-0.49748,0.04429,0.00992,-0.00105,-0.02034,0.00115,1.42729,-0.14969,0.00958,0.02319,-0.00058,-0.11444,0.00900,-0.06905,0.86176,0,0.01132,-0.00128,-0.06370,0.44459,-0.03743,-0.00293,-0.00483,1
2.4122,-0.49748,0.04429,0.00988,-0.00105,-0.02045,0.00114,1.42729,-0.14969,0.00958,0.02267,-0.00055,-0.11463,0.00903,-0.06928,0.86180,0,0.01132,-0.00128,-0.06370,0.44459,-0.03743,-0.00293,-0.00483,1
2.4142,-0.49748,0.04429,0.00984,-0.00104,-0.02046,0.00113,1.42729,-0.14969,0.00958,0.02214,-0.00052,-0.11495,0.00906,-0.06953,0.86182,0,0.01132,-0.00128,-0.06370,0.44459,-0.03743,-0.00293,-0.00483,1
2.4162,-0.49748,0.04429,0.00980,-0.00104,-0.02034,0.00112,1.42729,-0.14969,0.00958,0.02162,-0.00049,-0.11540,0.00909,-0.06977,0.86183,0,0.01132,-0.00128,-0.06370,0.44459,-0.03743,-0.00293,-0.00483,1
2.4182,-0.49748,0.04429,0.00976,-0.00104,-0.02011,0.00112,1.42729,-0.14969,0.00958,0.02110,-0.00046,-0.11597,0.00912,-0.07001,0.86184,0,0.01132,-0.00128,-0.06370,0.44459,-0.03743,-0.00293,-0.00483,1
2.4202,-0.49748,0.04429,0.00972,-0.00104,-0.01976,0.00111,1.42729,-0.14969,0.00958,0.02059,-0.00043,-0.11668,0.00915,-0.07031,0.86184,0,0.01132,-0.00128,-0.06370,0.44459,-0.03743,-0.00293,-0.00483,1
2.4222,-0.49128,0.04304,0.01012,-0.00104,-0.01922,0.00115,1.42729,-0.14969,0.00958,0.02693,-0.00095,-0.11751,0.00905,-0.07080,0.86188,0,0.01121,-0.00110,-0.06370,0.44459,-0.03743,-0.00293,-0.00483,1
2.4242,-0.49128,0.04304,0.01009,-0.00104,-0.01865,0.00126,1.42729,-0.14969,0.00958,0.02643,-0.00092,-0.11847,0.00883,-0.07080,0.86188,0,0.01121,-0.00110,-0.06370,0.44459,-0.03743,-0.00293,-0.00483,1
2.4262,-0.49128,0.04304,0.01005,-0.00104,-0.01796,0.00149,1.42729,-0.14969,0.00958,0.02595,-0.00089,-0.11955,0.00869,-0.07102,0.86188,0,0.01121,-0.00110,-0.06370,0.44459,-0.03743,-0.00293,-0.00483,1
2.4282,-0.49128,0.04304,0.01002,-0.00103,-0.01715,0.00163,1.42729,-0.14969,0.00958,0.02549,-0.00085,-0.12077,0.00868,-0.07132,0.86190,0,0.01121,-0.00110,-0.06370,0.44459,-0.03743,-0.00293,-0.00483,1
2.4302,-0.49128,0.04304,0.00998,-0.00103,-0.01622,0.00166,1.42729,-0.14969,0.00958,0.02504,-0.00081,-0.12211,0.00877,-0.07156,0.86193,0,0.01121,-0.00110,-0.06370,0.44459,-0.03743,-0.00293,-0.00483,1
2.4322,-0.49128,0.04304,0.00995,-0.00103,-0.01517,0.00159,1.42729,-0.14969,0.00958,0.02461,-0.00077,-0.12358,0.00881,-0.07186,0.86192,0,0.01121,-0.00110,-0.06370,0.44459,-0.03743,-0.00293,-0.00483,1
2.4342,-0.49128,0.04304,0.00992,-0.00102,-0.01401,0.00158,1.42729,-0.14969,0.00958,0.02420,-0.00073,-0.12518,0.00885,-0.07212,0.86193,0,0.01121,-0.00110,-0.06370,0.44459,-0.03743,-0.00293,-0.00483,1
2.4362,-0.49128,0.04304,0.00989,-0.00102,-0.01274,0.00156,1.42729,-0.14969,0.00958,0.02382,-0.00069,-0.12665,0.00888,-0.07234,0.86195,0,0.01121,-0.00110,-0.06370,0.44459,-0.03743,-0.00293,-0.00483,1
2.4382,-0.49128,0.04304,0.00987,-0.00102,-0.01158,0.00154,1.42729,-0.14969,0.00958,0.02346,-0.00065,-0.12800,0.00892,-0.07264,0.86196,0,0.01121,-0.00110,-0.06370,0.44459,-0.03743,-0.00293,-0.00483,1
2.4402,-0.49128,0.04304,0.00985,-0.00101,-0.01053,0.00153,1.42729,-0.14969,0.00958,0.02313,-0.00062,-0.12921,0.00896,-0.07287,0.86199,0,0.01121,-0.00110,-0.06370,0.44459,-0.03743,-0.00293,-0.00483,1
2.4422,-0.49128,0.04304,0.00983,-0.00101,-0.00960,0.00151,1.42729,-0.14969,0.00958,0.02281,-0.00058,-0.13030,0.00900,-0.07311,0.86202,0,0.01121,-0.00110,-0.06370,0.44459,-0.03743,-0.00293,-0.00483,1
2.4442,-0.49128,0.04304,0.00981,-0.00101,-0.00879,0.00149,1.42729,-0.14969,0.00958,0.02251,-0.00054,-0.13126,0.00904,-0.07341,0.86201,0,0.01121,-0.00110,-0.06370,0.44459,-0.03743,-0.00293,-0.00483,1
2.4462,-0.49128,0.04304,0.00979,-0.00101,-0.00809,0.00148,1.42729,-0.14969,0.00958,0.02222,-0.00051,-0.13209,0.00907,-0.07371,0.86202,0,0.01121,-0.00110,-0.06370,0.44459,-0.03743,-0.00293,-0.00483,1
2.4482,-0.49128,0.04304,0.00978,-0.00100,-0.00751,0.00146,1.42729,-0.14969,0.00958,0.02195,-0.00047,-0.13279,0.00911,-0.07396,0.86203,0,0.01121,-0.00110,-0.06370,0.44459,-0.03743,-0.00293,-0.00483,1
2.4502,-0.49128,0.04304,0.00976,-0.00100,-0.00704,0.00145,1.42729,-0.14969,0.00958,0.02168,-0.00043,-0.13337,0.00915,-0.07420,0.86210,0,0.01121,-0.00110,-0.06370,0.44459,-0.03743,-0.00293,-0.00483,1
2.4522,-0.49128,0.04304,0.00975,-0.00100,-0.00669,0.00143,1.42729,-0.14969,0.00958,0.02143,-0.00040,-0.13382,0.00918,-0.07448,0.86209,0,0.01121,-0.00110,-0.06370,0.44459,-0.03743,-0.00293,-0.00483,1
2.4542,-0.49128,0.04304,0.00974,-0.00099,-0.00646,0.00142,1.42729,-0.14969,0.00958,0.02118,-0.00036,-0.13413,0.00922,-0.07476,0.86212,0,0.01121,-0.00110,-0.06370,0.44459,-0.03743,-0.00293,-0.00483,1
2.4562,-0.49128,0.04304,0.00972,-0.00099,-0.00634,0.00140,1.42729,-0.14969,0.00958,0.02093,-0.00033,-0.13433,0.00925,-0.07497,0.86213,0,0.01121,-0.00110,-0.06370,0.44459,-0.03743,-0.00293,-0.00483,1
2.4582,-0.49128,0.04304,0.00971,-0.00099,-0.00634,0.00139,1.42729,-0.14969,0.00958,0.02069,-0.00029,-0.13439,0.00929,-0.07520,0.86216,0,0.01121,-0.00110,-0.06370,0.44459,-0.03743,-0.00293,-0.00483,1
2.4602,-0.49128,0.04304,0.00970,-0.00099,-0.00646,0.00137,1.42729,-0.14969,0.00958,0.02044,-0.00026,-0.13432,0.00932,-0.07549,0.86216,0,0.01121,-0.00110,-0.06370,0.44459,-0.03743,-0.00293,-0.00483,1
2.4622,-0.49128,0.04304,0.00968,-0.00098,-0.00669,0.00136,1.42729,-0.14969,0.00958,0.02020,-0.00022,-0.13413,0.00936,-0.07575,0.86218,0,0.01121,-0.00110,-0.06370,0.44459,-0.03743,-0.00293,-0.00483,1
2.4642,-0.49128,0.04304,0.00967,-0.00098,-0.00704,0.00134,1.42729,-0.14969,0.00958,0.01994,-0.00019,-0.13381,0.00939,-0.07601,0.86222,0,0.01121,-0.00110,-0.06370,0.44459,-0.03743,-0.00293,-0.00483,1
2.4662,-0.49128,0.04304,0.00966,-0.00098,-0.00750,0.00133,1.42729,-0.14969,0.00958,0.01968,-0.00015,-0.13336,0.00942,-0.07618,0.86225,0,0.01121,-0.00110,-0.06370,0.44459,-0.03743,-0.00293,-0.00483,1
2.4682,-0.49128,0.04304,0.00964,-0.00097,-0.00808,0.00132,1.42729,-0.14969,0.00958,0.01940,-0.00012,-0.13278,0.00946,-0.07646,0.86227,0,0.01121,-0.00110,-0.06370,0.44459,-0.03743,-0.00293,-0.00483,1
2.4702,-0.49128,0.04304,0.00962,-0.00097,-0.00878,0.00130,1.42729,-0.14969,0.00958,0.01912,-0.00009,-0.13208,0.00949,-0.07676,0.86229,0,0.01121,-0.00110,-0.06370,0.44459,-0.03743,-0.00293,-0.00483,1
2.4722,-0.49128,0.04304,0.00961,-0.00097,-0.00959,0.00129,1.42729,-0.14969,0.00958,0.01882,-0.00005,-0.13125,0.00953,-0.07699,0.86228,0,0.01121,-0.00110,-0.06370,0.44459,-0.03743,-0.00293,-0.00483,1
2.4742,-0.49128,0.04304,0.00958,-0.00097,-0.01052,0.00128,1.42729,-0.14969,0.00958,0.01850,-0.00002,-0.13054,0.00956,-0.07721,0.86235,0,0.01121,-0.00110,-0.06370,0.44459,-0.03743,-0.00293,-0.00483,1
2.4762,-0.49128,0.04304,0.00956,-0.00096,-0.01133,0.00126,1.42729,-0.14969,0.00958,0.01817,0.00001,-0.12997,0.00959,-0.07744,0.86236,0,0.01121,-0.00110,-0.06370,0.44459,-0.03743,-0.00293,-0.00483,1
2.4782,-0.49128,0.04304,0.00954,-0.00096,-0.01202,0.00125,1.42729,-0.14969,0.00958,0.01782,0.00005,-0.12952,0.00962,-0.07771,0.86237,0,0.01121,-0.00110,-0.06370,0.44459,-0.03743,-0.00293,-0.00483,1
2.4802,-0.49128,0.04304,0.00952,-0.00096,-0.01260,0.00124,1.42729,-0.14969,0.00958,0.01745,0.00008,-0.12920,0.00966,-0.07801,0.86239,0,0.01121,-0.00110,-0.06370,0.44459,-0.03743,-0.00293,-0.00483,1
2.4822,-0.49128,0.04304,0.00949,-0.00096,-0.01306,0.00123,1.42729,-0.14969,0.00958,0.01708,0.00011,-0.12900,0.00969,-0.07822,0.86240,0,0.01121,-0.00110,-0.06370,0.44459,-0.03743,-0.00293,-0.00483,1
2.4842,-0.49128,0.04304,0.00946,-0.00095,-0.01341,0.00122,1.42729,-0.14969,0.00958,0.01670,0.00014,-0.12894,0.00972,-0.07847,0.86243,0,0.01121,-0.00110,-0.06370,0.44459,-0.03743,-0.00293,-0.00483,1
2.4862,-0.48702,0.04444,0.01068,-0.00114,-0.00845,0.00056,1.42546,-0.14969,0.00958,0.03021,-0.00108,-0.12875,0.00962,-0.07900,0.86248,0,0.01205,-0.00135,-0.04511,0.44273,-0.05716,-0.00464,0.00083,1
2.4882,-0.48702,0.04444,0.01066,-0.00114,-0.00881,0.00067,1.42546,-0.14969,0.00958,0.02992,-0.00106,-0.12842,0.00940,-0.07900,0.86248,0,0.01205,-0.00135,-0.04511,0.44273,-0.05716,-0.00464,0.00083,1
2.4902,-0.48702,0.04444,0.01064,-0.00113,-0.00929,0.00089,1.42546,-0.14969,0.00958,0.02963,-0.00104,-0.12798,0.00905,-0.07927,0.86249,0,0.01205,-0.00135,-0.04511,0.44273,-0.05716,-0.00464,0.00083,1
2.4922,-0.48702,0.04444,0.01062,-0.00113,-0.00989,0.00123,1.42546,-0.14969,0.00958,0.02932,-0.00101,-0.12740,0.00857,-0.07951,0.86249,0,0.01205,-0.00135,-0.04511,0.44273,-0.05716,-0.00464,0.00083,1
2.4942,-0.48702,0.04444,0.01060,-0.00113,-0.01061,0.00169,1.42546,-0.14969,0.00958,0.02899,-0.00098,-0.12669,0.00821,-0.07979,0.86255,0,0.01205,-0.00135,-0.04511,0.44273,-0.05716,-0.00464,0.00083,1
2.4962,-0.48702,0.04444,0.01058,-0.00112,-0.01143,0.00203,1.42546,-0.14969,0.00958,0.02866,-0.00093,-0.12586,0.00799,-0.08007,0.86256,0,0.01205,-0.00135,-0.04511,0.44273,-0.05716,-0.00464,0.00083,1
2.4983,-0.48702,0.04444,0.01055,-0.00112,-0.01238,0.00225,1.42546,-0.14969,0.00958,0.02830,-0.00088,-0.12490,0.00789,-0.08030,0.86259,0,0.01205,-0.00135,-0.04511,0.44273,-0.05716,-0.00464,0.00083,1
2.5003,-0.48702,0.04444,0.01053,-0.00112,-0.01344,0.00236,1.42546,-0.14969,0.00958,0.02793,-0.00083,-0.12381,0.00792,-0.08053,0.86259,0,0.01205,-0.00135,-0.04511,0.44273,-0.05716,-0.00464,0.00083,1
2.5023,-0.48702,0.04444,0.01050,-0.00111,-0.01462,0.00235,1.42546,-0.14969,0.00958,0.02753,-0.00078,-0.12259,0.00808,-0.08082,0.86259,0,0.01205,-0.00135,-0.04511,0.44273,-0.05716,-0.00464,0.00083,1
2.5043,-0.48702,0.04444,0.01047,-0.00111,-0.01591,0.00223,1.42546,-0.14969,0.00958,0.02711,-0.00072,-0.12151,0.00837,-0.08104,0.86262,0,0.01205,-0.00135,-0.04511,0.44273,-0.05716,-0.00464,0.00083,1
2.5063,-0.48702,0.04444,0.01044,-0.00110,-0.01709,0.00198,1.42546,-0.14969,0.00958,0.02667,-0.00067,-0.12054,0.00879,-0.08130,0.86262,0,0.01205,-0.00135,-0.04511,0.44273,-0.05716,-0.00464,0.00083,1
2.5083,-0.48702,0.04444,0.01040,-0.00110,-0.01815,0.00163,1.42546,-0.14969,0.00958,0.02620,-0.00063,-0.11971,0.00908,-0.08151,0.86263,0,0.01205,-0.00135,-0.04511,0.44273,-0.05716,-0.00464,0.00083,1
2.5103,-0.48702,0.04444,0.01036,-0.00110,-0.01909,0.00138,1.42546,-0.14969,0.00958,0.02571,-0.00059,-0.11901,0.00924,-0.08177,0.86268,0,0.01205,-0.00135,-0.04511,0.44273,-0.05716,-0.00464,0.00083,1
2.5123,-0.48702,0.04444,0.01033,-0.00109,-0.01991,0.00126,1.42546,-0.14969,0.00958,0.02521,-0.00056,-0.11843,0.00927,-0.08204,0.86267,0,0.01205,-0.00135,-0.04511,0.44273,-0.05716,-0.00464,0.00083,1
2.5143,-0.48702,0.04444,0.01029,-0.00109,-0.02062,0.00125,1.42546,-0.14969,0.00958,0.02469,-0.00053,-0.11798,0.00917,-0.08225,0.86271,0,0.01205,-0.00135,-0.04511,0.44273,-0.05716,-0.00464,0.00083,1
2.5163,-0.48702,0.04444,0.01024,-0.00109,-0.02121,0.00136,1.42546,-0.14969,0.00958,0.02416,-0.00049,-0.11766,0.00908,-0.08253,0.86273,0,0.01205,-0.00135,-0.04511,0.44273,-0.05716,-0.00464,0.00083,1
2.5183,-0.48702,0.04444,0.01020,-0.00109,-0.02168,0.00145,1.42546,-0.14969,0.00958,0.02362,-0.00046,-0.11747,0.00912,-0.08272,0.86275,0,0.01205,-0.00135,-0.04511,0.44273,-0.05716,-0.00464,0.00083,1
2.5204,-0.48702,0.04444,0.01016,-0.00108,-0.02204,0.00144,1.42546,-0.14969,0.00958,0.02307,-0.00042,-0.11740,0.00916,-0.08296,0.86280,0,0.01205,-0.00135,-0.04511,0.44273,-0.05716,-0.00464,0.00083,1
2.5224,-0.48702,0.04444,0.01011,-0.00108,-0.02228,0.00143,1.42546,-0.14969,0.00958,0.02251,-0.00039,-0.11747,0.00919,-0.08324,0.86279,0,0.01205,-0.00135,-0.04511,0.44273,-0.05716,-0.00464,0.00083,1
2.5244,-0.48702,0.04444,0.01007,-0.00108,-0.02240,0.00141,1.42546,-0.14969,0.00958,0.02195,-0.00035,-0.11766,0.00923,-0.08340,0.86281,0,0.01205,-0.00135,-0.04511,0.44273,-0.05716,-0.00464,0.00083,1
2.5264,-0.48702,0.04444,0.01002,-0.00107,-0.02241,0.00140,1.42546,-0.14969,0.00958,0.02139,-0.00032,-0.11798,0.00926,-0.08361,0.86288,0,0.01205,-0.00135,-0.04511,0.44273,-0.05716,-0.00464,0.00083,1
2.5284,-0.48702,0.04444,0.00998,-0.00107,-0.02229,0.00139,1.42546,-0.14969,0.00958,0.02083,-0.00028,-0.11842,0.00930,-0.08386,0.86286,0,0.01205,-0.00135,-0.04511,0.44273,-0.05716,-0.00464,0.00083,1
2.5304,-0.48702,0.04444,0.00993,-0.00107,-0.02206,0.00137,1.42546,-0.14969,0.00958,0.02027,-0.00025,-0.11900,0.00933,-0.08409,0.86285,0,0.01205,-0.00135,-0.04511,0.44273,-0.05716,-0.00464,0.00083,1
2.5324,-0.48702,0.04444,0.00989,-0.00107,-0.02172,0.00136,1.42546,-0.14969,0.00958,0.01972,-0.00021,-0.11970,0.00937,-0.08431,0.86287,0,0.01205,-0.00135,-0.04511,0.44273,-0.05716,-0.00464,0.00083,1
2.5344,-0.48702,0.04444,0.00985,-0.00106,-0.02125,0.00135,1.42546,-0.14969,0.00958,0.01918,-0.00018,-0.12053,0.00940,-0.08460,0.86293,0,0.01205,-0.00135,-0.04511,0.44273,-0.05716,-0.00464,0.00083,1
2.5364,-0.48702,0.04444,0.00981,-0.00106,-0.02067,0.00134,1.42546,-0.14969,0.00958,0.01864,-0.00014,-0.12149,0.00944,-0.08482,0.86292,0,0.01205,-0.00135,-0.04511,0.44273,-0.05716,-0.00464,0.00083,1
2.5384,-0.48702,0.04444,0.00976,-0.00106,-0.01997,0.00132,1.42546,-0.14969,0.00958,0.01812,-0.00011,-0.12258,0.00947,-0.08512,0.86294,0,0.01205,-0.00135,-0.04511,0.44273,-0.05716,-0.00464,0.00083,1
2.5404,-0.48702,0.04444,0.00973,-0.00105,-0.01916,0.00131,1.42546,-0.14969,0.00958,0.01762,-0.00007,-0.12379,0.00950,-0.08533,0.86294,0,0.01205,-0.00135,-0.04511,0.44273,-0.05716,-0.00464,0.00083,1
2.5424,-0.48702,0.04444,0.00969,-0.00105,-0.01823,0.00130,1.42546,-0.14969,0.00958,0.01713,-0.00004,-0.12514,0.00954,-0.08557,0.86301,0,0.01205,-0.00135,-0.04511,0.44273,-0.05716,-0.00464,0.00083,1
2.5445,-0.48702,0.04444,0.00965,-0.00105,-0.01718,0.00129,1.42546,-0.14969,0.00958,0.01666,-0.00001,-0.12661,0.00957,-0.08586,0.86301,0,0.01205,-0.00135,-0.04511,0.44273,-0.05716,-0.00464,0.00083,1
2.5465,-0.48702,0.04444,0.00962,-0.00105,-0.01601,0.00128,1.42546,-0.14969,0.00958,0.01622,0.00002,-0.12821,0.00960,-0.08614,0.86303,0,0.01205,-0.00135,-0.04511,0.44273,-0.05716,-0.00464,0.00083,1
2.5485,-0.48702,0.04444,0.00959,-0.00104,-0.01473,0.00127,1.42546,-0.14969,0.00958,0.01579,0.00006,-0.12981,0.00964,-0.08639,0.86309,0,0.01205,-0.00135,-0.04511,0.44273,-0.05716,-0.00464,0.00083,1
2.5505,-0.48702,0.04444,0.00956,-0.00104,-0.01345,0.00126,1.42546,-0.14969,0.00958,0.01540,0.00009,-0.13141,0.00967,-0.08665,0.86308,0,0.01205,-0.00135,-0.04511,0.44273,-0.05716,-0.00464,0.00083,1
2.5526,-0.48109,0.04470,0.01032,-0.00092,-0.01122,0.00165,1.42720,-0.14969,0.00958,0.02508,0.00136,-0.13288,0.00983,-0.08721,0.86312,0,0.01181,-0.00088,-0.03900,0.44180,-0.06395,-0.00479,0.00122,1
2.5546,-0.48109,0.04470,0.01029,-0.00092,-0.01007,0.00153,1.42720,-0.14969,0.00958,0.02475,0.00140,-0.13422,0.01012,-0.08747,0.86313,0,0.01181,-0.00088,-0.03900,0.44180,-0.06395,-0.00479,0.00122,1
2.5566,-0.48109,0.04470,0.01028,-0.00092,-0.00903,0.00128,1.42720,-0.14969,0.00958,0.02444,0.00144,-0.13544,0.01053,-0.08775,0.86318,0,0.01181,-0.00088,-0.03900,0.44180,-0.06395,-0.00479,0.00122,1
2.5586,-0.48109,0.04470,0.01026,-0.00092,-0.00810,0.00092,1.42720,-0.14969,0.00958,0.02415,0.00146,-0.13653,0.01104,-0.08775,0.86318,0,0.01181,-0.00088,-0.03900,0.44180,-0.06395,-0.00479,0.00122,1
2.5606,-0.48109,0.04470,0.01024,-0.00091,-0.00730,0.00047,1.42720,-0.14969,0.00958,0.02388,0.00149,-0.13749,0.01142,-0.08803,0.86318,0,0.01181,-0.00088,-0.03900,0.44180,-0.06395,-0.00479,0.00122,1
2.5626,-0.48109,0.04470,0.01023,-0.00091,-0.00661,0.00014,1.42720,-0.14969,0.00958,0.02363,0.00150,-0.13832,0.01168,-0.08835,0.86317,0,0.01181,-0.00088,-0.03900,0.44180,-0.06395,-0.00479,0.00122,1
2.5646,-0.48109,0.04470,0.01022,-0.00091,-0.00603,-0.00007,1.42720,-0.14969,0.00958,0.02338,0.00151,-0.13902,0.01180,-0.08888,0.86322,0,0.01181,-0.00088,-0.03900,0.44180,-0.06395,-0.00479,0.00122,1
2.5666,-0.48109,0.04470,0.01021,-0.00091,-0.00558,-0.00017,1.42720,-0.14969,0.00958,0.02315,0.00151,-0.13960,0.01180,-0.08888,0.86322,0,0.01181,-0.00088,-0.03900,0.44180,-0.06395,-0.00479,0.00122,1
2.5686,-0.48109,0.04470,0.01019,-0.00091,-0.00523,-0.00015,1.42720,-0.14969,0.00958,0.02292,0.00152,-0.14005,0.01167,-0.08912,0.86325,0,0.01181,-0.00088,-0.03900,0.44180,-0.06395,-0.00479,0.00122,1
2.5706,-0.48109,0.04470,0.01018,-0.00091,-0.00501,-0.00002,1.42720,-0.14969,0.00958,0.02270,0.00152,-0.14037,0.01141,-0.08936,0.86328,0,0.01181,-0.00088,-0.03900,0.44180,-0.06395,-0.00479,0.00122,1
2.5726,-0.48109,0.04470,0.01017,-0.00091,-0.00490,0.00023,1.42720,-0.14969,0.00958,0.02248,0.00153,-0.14056,0.01111,-0.08965,0.86329,0,0.01181,-0.00088,-0.03900,0.44180,-0.06395,-0.00479,0.00122,1
2.5746,-0.48109,0.04470,0.01016,-0.00091,-0.00490,0.00052,1.42720,-0.14969,0.00958,0.02227,0.00155,-0.14062,0.01094,-0.08993,0.86333,0,0.01181,-0.00088,-0.03900,0.44180,-0.06395,-0.00479,0.00122,1
2.5766,-0.48109,0.04470,0.01015,-0.00091,-0.00503,0.00069,1.42720,-0.14969,0.00958,0.02205,0.00157,-0.14056,0.01090,-0.09051,0.86337,0,0.01181,-0.00088,-0.03900,0.44180,-0.06395,-0.00479,0.00122,1
2.5786,-0.48109,0.04470,0.01014,-0.00091,-0.00527,0.00075,1.42720,-0.14969,0.00958,0.02183,0.00159,-0.14037,0.01098,-0.09051,0.86337,0,0.01181,-0.00088,-0.03900,0.44180,-0.06395,-0.00479,0.00122,1
2.5806,-0.48109,0.04470,0.01013,-0.00091,-0.00562,0.00069,1.42720,-0.14969,0.00958,0.02160,0.00161,-0.14005,0.01119,-0.09101,0.86339,0,0.01181,-0.00088,-0.03900,0.44180,-0.06395,-0.00479,0.00122,1
2.5826,-0.48109,0.04470,0.01012,-0.00091,-0.00609,0.00052,1.42720,-0.14969,0.00958,0.02137,0.00163,-0.13960,0.01127,-0.09101,0.86339,0,0.01181,-0.00088,-0.03900,0.44180,-0.06395,-0.00479,0.00122,1
2.5846,-0.48109,0.04470,0.01011,-0.00091,-0.00668,0.00046,1.42720,-0.14969,0.00958,0.02112,0.00165,-0.13902,0.01123,-0.09154,0.86344,0,0.01181,-0.00088,-0.03900,0.44180,-0.06395,-0.00479,0.00122,1
2.5866,-0.48109,0.04470,0.01009,-0.00091,-0.00738,0.00051,1.42720,-0.14969,0.00958,0.02086,0.00167,-0.13832,0.01124,-0.09154,0.86344,0,0.01181,-0.00088,-0.03900,0.44180,-0.06395,-0.00479,0.00122,1
2.5886,-0.48109,0.04470,0.01008,-0.00091,-0.00820,0.00051,1.42720,-0.14969,0.00958,0.02059,0.00168,-0.13749,0.01126,-0.09213,0.86346,0,0.01181,-0.00088,-0.03900,0.44180,-0.06395,-0.00479,0.00122,1
2.5906,-0.48109,0.04470,0.01006,-0.00090,-0.00914,0.00051,1.42720,-0.14969,0.00958,0.02030,0.00170,-0.13653,0.01128,-0.09213,0.86346,0,0.01181,-0.00088,-0.03900,0.44180,-0.06395,-0.00479,0.00122,1
2.5926,-0.48109,0.04470,0.01004,-0.00090,-0.01019,0.00051,1.42720,-0.14969,0.00958,0.01999,0.00172,-0.13544,0.01130,-0.09244,0.86348,0,0.01181,-0.00088,-0.03900,0.44180,-0.06395,-0.00479,0.00122,1
2.5946,-0.48109,0.04470,0.01002,-0.00090,-0.01136,0.00051,1.42720,-0.14969,0.00958,0.01966,0.00174,-0.13422,0.01131,-0.09296,0.86353,0,0.01181,-0.00088,-0.03900,0.44180,-0.06395,-0.00479,0.00122,1
2.5966,-0.48109,0.04470,0.01000,-0.00090,-0.01264,0.00051,1.42720,-0.14969,0.00958,0.01930,0.00175,-0.13288,0.01133,-0.09296,0.86353,0,0.01181,-0.00088,-0.03900,0.44180,-0.06395,-0.00479,0.00122,1
2.5986,-0.48109,0.04470,0.00997,-0.00090,-0.01404,0.00051,1.42720,-0.14969,0.00958,0.01892,0.00177,-0.13141,0.01135,-0.09347,0.86357,0,0.01181,-0.00088,-0.03900,0.44180,-0.06395,-0.00479,0.00122,1
2.6006,-0.48109,0.04470,0.00994,-0.00090,-0.01556,0.00051,1.42720,-0.14969,0.00958,0.01851,0.00179,-0.13006,0.01137,-0.09347,0.86357,0,0.01181,-0.00088,-0.03900,0.44180,-0.06395,-0.00479,0.00122,1
2.6026,-0.48109,0.04470,0.00991,-0.00090,-0.01696,0.00051,1.42720,-0.14969,0.00958,0.01807,0.00181,-0.12885,0.01139,-0.09371,0.86362,0,0.01181,-0.00088,-0.03900,0.44180,-0.06395,-0.00479,0.00122,1
2.6046,-0.48109,0.04470,0.00987,-0.00090,-0.01824,0.00051,1.42720,-0.14969,0.00958,0.01760,0.00183,-0.12776,0.01140,-0.09423,0.86363,0,0.01181,-0.00088,-0.03900,0.44180,-0.06395,-0.00479,0.00122,1
2.6066,-0.48109,0.04470,0.00984,-0.00090,-0.01940,0.00051,1.42720,-0.14969,0.00958,0.01711,0.00184,-0.12680,0.01142,-0.09446,0.86368,0,0.01181,-0.00088,-0.03900,0.44180,-0.06395,-0.00479,0.00122,1
2.6086,-0.48109,0.04470,0.00980,-0.00090,-0.02045,0.00051,1.42720,-0.14969,0.00958,0.01660,0.00186,-0.12597,0.01144,-0.09471,0.86370,0,0.01181,-0.00088,-0.03900,0.44180,-0.06395,-0.00479,0.00122,1
2.6106,-0.48109,0.04470,0.00975,-0.00089,-0.02138,0.00051,1.42720,-0.14969,0.00958,0.01607,0.00188,-0.12526,0.01146,-0.09471,0.86370,0,0.01181,-0.00088,-0.03900,0.44180,-0.06395,-0.00479,0.00122,1
2.6126,-0.48109,0.04470,0.00971,-0.00089,-0.02219,0.00051,1.42720,-0.14969,0.00958,0.01552,0.00190,-0.12469,0.01147,-0.09492,0.86372,0,0.01181,-0.00088,-0.03900,0.44180,-0.06395,-0.00479,0.00122,1
2.6146,-0.48109,0.04470,0.00966,-0.00089,-0.02289,0.00051,1.42720,-0.14969,0.00958,0.01495,0.00191,-0.12424,0.01149,-0.09549,0.86372,0,0.01181,-0.00088,-0.03900,0.44180,-0.06395,-0.00479,0.00122,1
2.6166,-0.48109,0.04470,0.00962,-0.00089,-0.02347,0.00051,1.42720,-0.14969,0.00958,0.01438,0.00193,-0.12392,0.01151,-0.09571,0.86377,0,0.01181,-0.00088,-0.03900,0.44180,-0.06395,-0.00479,0.00122,1
2.6187,-0.48109,0.04470,0.00957,-0.00089,-0.02393,0.00051,1.42720,-0.14969,0.00958,0.01379,0.00195,-0.12373,0.01153,-0.09571,0.86377,0,0.01181,-0.00088,-0.03900,0.44180,-0.06395,-0.00479,0.00122,1
2.6207,-0.47327,0.04466,0.01001,-0.00076,-0.02258,0.00100,1.42711,-0.14969,0.00958,0.02111,0.00321,-0.12366,0.01167,-0.09627,0.86381,0,0.01100,-0.00068,-0.03900,0.44180,-0.06395,-0.00479,0.00122,1
2.6227,-0.47327,0.04466,0.00996,-0.00076,-0.02281,0.00088,1.42711,-0.14969,0.00958,0.02054,0.00324,-0.12373,0.01195,-0.09645,0.86390,0,0.01100,-0.00068,-0.03900,0.44180,-0.06395,-0.00479,0.00122,1
2.6247,-0.47327,0.04466,0.00992,-0.00076,-0.02293,0.00065,1.42711,-0.14969,0.00958,0.01997,0.00326,-0.12392,0.01235,-0.09677,0.86389,0,0.01100,-0.00068,-0.03900,0.44180,-0.06395,-0.00479,0.00122,1
2.6267,-0.47327,0.04466,0.00987,-0.00076,-0.02293,0.00030,1.42711,-0.14969,0.00958,0.01940,0.00328,-0.12424,0.01286,-0.09702,0.86391,0,0.01100,-0.00068,-0.03900,0.44180,-0.06395,-0.00479,0.00122,1
2.6287,-0.47327,0.04466,0.00983,-0.00076,-0.02282,-0.00015,1.42711,-0.14969,0.00958,0.01883,0.00329,-0.12469,0.01324,-0.09731,0.86392,0,0.01100,-0.00068,-0.03900,0.44180,-0.06395,-0.00479,0.00122,1
2.6307,-0.47327,0.04466,0.00978,-0.00076,-0.02258,-0.00048,1.42711,-0.14969,0.00958,0.01826,0.00329,-0.12526,0.01349,-0.09756,0.86396,0,0.01100,-0.00068,-0.03900,0.44180,-0.06395,-0.00479,0.00122,1
2.6327,-0.47327,0.04466,0.00974,-0.00076,-0.02223,-0.00070,1.42711,-0.14969,0.00958,0.01770,0.00329,-0.12597,0.01361,-0.09780,0.86401,0,0.01100,-0.00068,-0.03900,0.44180,-0.06395,-0.00479,0.00122,1
2.6347,-0.47327,0.04466,0.00969,-0.00076,-0.02176,-0.00080,1.42711,-0.14969,0.00958,0.01715,0.00328,-0.12680,0.01360,-0.09780,0.86401,0,0.01100,-0.00068,-0.03900,0.44180,-0.06395,-0.00479,0.00122,1
2.6367,-0.47327,0.04466,0.00965,-0.00076,-0.02118,-0.00078,1.42711,-0.14969,0.00958,0.01661,0.00327,-0.12776,0.01347,-0.09830,0.86412,0,0.01100,-0.00068,-0.03900,0.44180,-0.06395,-0.00479,0.00122,1
2.6387,-0.47327,0.04466,0.00961,-0.00076,-0.02048,-0.00064,1.42711,-0.14969,0.00958,0.01608,0.00326,-0.12885,0.01321,-0.09858,0.86412,0,0.01100,-0.00068,-0.03900,0.44180,-0.06395,-0.00479,0.00122,1
2.6407,-0.47327,0.04466,0.00957,-0.00076,-0.01966,-0.00039,1.42711,-0.14969,0.00958,0.01556,0.00326,-0.13006,0.01284,-0.09887,0.86414,0,0.01100,-0.00068,-0.03900,0.44180,-0.06395,-0.00479,0.00122,1
2.6427,-0.47327,0.04466,0.00953,-0.00076,-0.01872,-0.00004,1.42711,-0.14969,0.00958,0.01507,0.00326,-0.13141,0.01260,-0.09912,0.86417,0,0.01100,-0.00068,-0.03900,0.44180,-0.06395,-0.00479,0.00122,1
2.6447,-0.47327,0.04466,0.00949,-0.00076,-0.01767,0.00019,1.42711,-0.14969,0.00958,0.01459,0.00327,-0.13288,0.01248,-0.09944,0.86423,0,0.01100,-0.00068,-0.03900,0.44180,-0.06395,-0.00479,0.00122,1
2.6467,-0.47327,0.04466,0.00946,-0.00076,-0.01650,0.00031,1.42711,-0.14969,0.00958,0.01413,0.00329,-0.13448,0.01250,-0.09971,0.86424,0,0.01100,-0.00068,-0.03900,0.44180,-0.06395,-0.00479,0.00122,1
2.6487,-0.47327,0.04466,0.00943,-0.00076,-0.01522,0.00031,1.42711,-0.14969,0.00958,0.01370,0.00330,-0.13600,0.01264,-0.09992,0.86427,0,0.01100,-0.00068,-0.03900,0.44180,-0.06395,-0.00479,0.00122,1
2.6507,-0.47327,0.04466,0.00940,-0.00076,-0.01400,0.00020,1.42711,-0.14969,0.00958,0.01329,0.00331,-0.13739,0.01289,-0.10023,0.86426,0,0.01100,-0.00068,-0.03900,0.44180,-0.06395,-0.00479,0.00122,1
2.6527,-0.47327,0.04466,0.00937,-0.00076,-0.01291,-0.00002,1.42711,-0.14969,0.00958,0.01290,0.00332,-0.13865,0.01302,-0.10055,0.86427,0,0.01100,-0.00068,-0.03900,0.44180,-0.06395,-0.00479,0.00122,1
2.6547,-0.47327,0.04466,0.00935,-0.00076,-0.01193,-0.00012,1.42711,-0.14969,0.00958,0.01254,0.00333,-0.13978,0.01301,-0.10076,0.86433,0,0.01100,-0.00068,-0.03900,0.44180,-0.06395,-0.00479,0.00122,1
2.6568,-0.47327,0.04466,0.00932,-0.00076,-0.01107,-0.00011,1.42711,-0.14969,0.00958,0.01219,0.00333,-0.14078,0.01291,-0.10104,0.86437,0,0.01100,-0.00068,-0.03900,0.44180,-0.06395,-0.00479,0.00122,1
2.6588,-0.47327,0.04466,0.00930,-0.00076,-0.01032,0.00000,1.42711,-0.14969,0.00958,0.01186,0.00334,-0.14166,0.01292,-0.10134,0.86438,0,0.01100,-0.00068,-0.03900,0.44180,-0.06395,-0.00479,0.00122,1
2.6608,-0.47327,0.04466,0.00928,-0.00076,-0.00969,0.00001,1.42711,-0.14969,0.00958,0.01155,0.00335,-0.14241,0.01293,-0.10162,0.86441,0,0.01100,-0.00068,-0.03900,0.44180,-0.06395,-0.00479,0.00122,1
2.6628,-0.47327,0.04466,0.00926,-0.00076,-0.00917,0.00002,1.42711,-0.14969,0.00958,0.01124,0.00336,-0.14303,0.01293,-0.10190,0.86445,0,0.01100,-0.00068,-0.03900,0.44180,-0.06395,-0.00479,0.00122,1
2.6648,-0.47327,0.04466,0.00924,-0.00076,-0.00877,0.00002,1.42711,-0.14969,0.00958,0.01094,0.00336,-0.14352,0.01294,-0.10222,0.86446,0,0.01100,-0.00068,-0.03900,0.44180,-0.06395,-0.00479,0.00122,1
2.6668,-0.47327,0.04466,0.00923,-0.00076,-0.00849,0.00003,1.42711,-0.14969,0.00958,0.01065,0.00337,-0.14389,0.01295,-0.10243,0.86449,0,0.01100,-0.00068,-0.03900,0.44180,-0.06395,-0.00479,0.00122,1
2.6688,-0.47327,0.04466,0.00921,-0.00076,-0.00832,0.00003,1.42711,-0.14969,0.00958,0.01037,0.00338,-0.14412,0.01296,-0.10276,0.86452,0,0.01100,-0.00068,-0.03900,0.44180,-0.06395,-0.00479,0.00122,1
2.6708,-0.47327,0.04466,0.00919,-0.00076,-0.00827,0.00004,1.42711,-0.14969,0.00958,0.01008,0.00339,-0.14423,0.01297,-0.10300,0.86456,0,0.01100,-0.00068,-0.03900,0.44180,-0.06395,-0.00479,0.00122,1
2.6728,-0.47327,0.04466,0.00918,-0.00076,-0.00833,0.00005,1.42711,-0.14969,0.00958,0.00980,0.00340,-0.14421,0.01298,-0.10334,0.86457,0,0.01100,-0.00068,-0.03900,0.44180,-0.06395,-0.00479,0.00122,1
2.6748,-0.47327,0.04466,0.00916,-0.00076,-0.00852,0.00005,1.42711,-0.14969,0.00958,0.00952,0.00341,-0.14407,0.01298,-0.10354,0.86458,0,0.01100,-0.00068,-0.03900,0.44180,-0.06395,-0.00479,0.00122,1
2.6768,-0.47327,0.04466,0.00914,-0.00076,-0.00881,0.00006,1.42711,-0.14969,0.00958,0.00922,0.00342,-0.14379,0.01299,-0.10382,0.86459,0,0.01100,-0.00068,-0.03900,0.44180,-0.06395,-0.00479,0.00122,1
2.6788,-0.47327,0.04466,0.00913,-0.00076,-0.00923,0.00006,1.42711,-0.14969,0.00958,0.00893,0.00342,-0.14339,0.01300,-0.10406,0.86461,0,0.01100,-0.00068,-0.03900,0.44180,-0.06395,-0.00479,0.00122,1
2.6808,-0.47327,0.04466,0.00911,-0.00076,-0.00975,0.00007,1.42711,-0.14969,0.00958,0.00862,0.00343,-0.14286,0.01301,-0.10438,0.86465,0,0.01100,-0.00068,-0.03900,0.44180,-0.06395,-0.00479,0.00122,1
2.6828,-0.47327,0.04466,0.00909,-0.00076,-0.01040,0.00007,1.42711,-0.14969,0.00958,0.00830,0.00344,-0.14220,0.01302,-0.10465,0.86467,0,0.01100,-0.00068,-0.03900,0.44180,-0.06395,-0.00479,0.00122,1
2.6849,-0.46718,0.04561,0.00928,-0.00069,-0.00869,0.00053,1.42799,-0.14969,0.00958,0.01250,0.00456,-0.14141,0.01316,-0.10491,0.86470,0,0.00984,-0.00064,-0.03298,0.43938,-0.07040,-0.00371,-0.00336,1
2.6869,-0.46718,0.04561,0.00926,-0.00069,-0.00957,0.00042,1.42799,-0.14969,0.00958,0.01220,0.00457,-0.14049,0.01342,-0.10519,0.86474,0,0.00984,-0.00064,-0.03298,0.43938,-0.07040,-0.00371,-0.00336,1
2.6889,-0.46718,0.04561,0.00924,-0.00069,-0.01057,0.00019,1.42799,-0.14969,0.00958,0.01188,0.00459,-0.13945,0.01382,-0.10545,0.86471,0,0.00984,-0.00064,-0.03298,0.43938,-0.07040,-0.00371,-0.00336,1
2.6909,-0.46718,0.04561,0.00922,-0.00069,-0.01168,-0.00016,1.42799,-0.14969,0.00958,0.01154,0.00460,-0.13828,0.01417,-0.10568,0.86474,0,0.00984,-0.00064,-0.03298,0.43938,-0.07040,-0.00371,-0.00336,1
2.6929,-0.46718,0.04561,0.00919,-0.00069,-0.01291,-0.00047,1.42799,-0.14969,0.00958,0.01118,0.00460,-0.13724,0.01440,-0.10599,0.86477,0,0.00984,-0.00064,-0.03298,0.43938,-0.07040,-0.00371,-0.00336,1
2.6949,-0.46718,0.04561,0.00917,-0.00069,-0.01402,-0.00067,1.42799,-0.14969,0.00958,0.01079,0.00459,-0.13632,0.01451,-0.10628,0.86476,0,0.00984,-0.00064,-0.03298,0.43938,-0.07040,-0.00371,-0.00336,1
2.6969,-0.46718,0.04561,0.00914,-0.00069,-0.01502,-0.00075,1.42799,-0.14969,0.00958,0.01039,0.00459,-0.13553,0.01448,-0.10652,0.86481,0,0.00984,-0.00064,-0.03298,0.43938,-0.07040,-0.00371,-0.00336,1
2.6989,-0.46718,0.04561,0.00911,-0.00069,-0.01589,-0.00071,1.42799,-0.14969,0.00958,0.00996,0.00458,-0.13487,0.01433,-0.10675,0.86485,0,0.00984,-0.00064,-0.03298,0.43938,-0.07040,-0.00371,-0.00336,1
2.7009,-0.46718,0.04561,0.00907,-0.00069,-0.01666,-0.00056,1.42799,-0.14969,0.00958,0.00952,0.00458,-0.13434,0.01415,-0.10701,0.86487,0,0.00984,-0.00064,-0.03298,0.43938,-0.07040,-0.00371,-0.00336,1
2.7029,-0.46718,0.04561,0.00904,-0.00069,-0.01730,-0.00039,1.42799,-0.14969,0.00958,0.00907,0.00457,-0.13394,0.01411,-0.10731,0.86490,0,0.00984,-0.00064,-0.03298,0.43938,-0.07040,-0.00371,-0.00336,1
2.7049,-0.46718,0.04561,0.00900,-0.00069,-0.01783,-0.00034,1.42799,-0.14969,0.00958,0.00860,0.00458,-0.13366,0.01415,-0.10758,0.86494,0,0.00984,-0.00064,-0.03298,0.43938,-0.07040,-0.00371,-0.00336,1
2.7069,-0.46718,0.04561,0.00897,-0.00069,-0.01824,-0.00036,1.42799,-0.14969,0.00958,0.00813,0.00458,-0.13352,0.01415,-0.10784,0.86496,0,0.00984,-0.00064,-0.03298,0.43938,-0.07040,-0.00371,-0.00336,1
2.7089,-0.46718,0.04561,0.00893,-0.00070,-0.01853,-0.00035,1.42799,-0.14969,0.00958,0.00765,0.00458,-0.13350,0.01415,-0.10812,0.86498,0,0.00984,-0.00064,-0.03298,0.43938,-0.07040,-0.00371,-0.00336,1
2.7109,-0.46718,0.04561,0.00889,-0.00070,-0.01871,-0.00034,1.42799,-0.14969,0.00958,0.00716,0.00458,-0.13361,0.01416,-0.10842,0.86499,0,0.00984,-0.00064,-0.03298,0.43938,-0.07040,-0.00371,-0.00336,1
2.7129,-0.46718,0.04561,0.00886,-0.00070,-0.01876,-0.00033,1.42799,-0.14969,0.00958,0.00667,0.00458,-0.13384,0.01416,-0.10867,0.86503,0,0.00984,-0.00064,-0.03298,0.43938,-0.07040,-0.00371,-0.00336,1
2.7149,-0.46718,0.04561,0.00882,-0.00070,-0.01871,-0.00032,1.42799,-0.14969,0.00958,0.00619,0.00458,-0.13421,0.01416,-0.10898,0.86504,0,0.00984,-0.00064,-0.03298,0.43938,-0.07040,-0.00371,-0.00336,1
2.7169,-0.46718,0.04561,0.00878,-0.00070,-0.01853,-0.00031,1.42799,-0.14969,0.00958,0.00570,0.00458,-0.13470,0.01416,-0.10929,0.86510,0,0.00984,-0.00064,-0.03298,0.43938,-0.07040,-0.00371,-0.00336,1
2.7189,-0.46718,0.04561,0.00874,-0.00070,-0.01824,-0.00029,1.42799,-0.14969,0.00958,0.00522,0.00458,-0.13532,0.01416,-0.10958,0.86508,0,0.00984,-0.00064,-0.03298,0.43938,-0.07040,-0.00371,-0.00336,1
2.7209,-0.46718,0.04561,0.00871,-0.00070,-0.01783,-0.00028,1.42799,-0.14969,0.00958,0.00474,0.00459,-0.13607,0.01416,-0.10982,0.86511,0,0.00984,-0.00064,-0.03298,0.43938,-0.07040,-0.00371,-0.00336,1
2.7229,-0.46718,0.04561,0.00867,-0.00070,-0.01730,-0.00027,1.42799,-0.14969,0.00958,0.00428,0.00459,-0.13695,0.01417,-0.11015,0.86515,0,0.00984,-0.00064,-0.03298,0.43938,-0.07040,-0.00371,-0.00336,1
2.7249,-0.46718,0.04561,0.00864,-0.00070,-0.01666,-0.00026,1.42799,-0.14969,0.00958,0.00382,0.00459,-0.13795,0.01417,-0.11041,0.86521,0,0.00984,-0.00064,-0.03298,0.43938,-0.07040,-0.00371,-0.00336,1
2.7269,-0.46718,0.04561,0.00861,-0.00070,-0.01590,-0.00025,1.42799,-0.14969,0.00958,0.00338,0.00459,-0.13908,0.01417,-0.11064,0.86525,0,0.00984,-0.00064,-0.03298,0.43938,-0.07040,-0.00371,-0.00336,1
2.7289,-0.46718,0.04561,0.00858,-0.00070,-0.01502,-0.00024,1.42799,-0.14969,0.00958,0.00296,0.00460,-0.14034,0.01417,-0.11093,0.86527,0,0.00984,-0.00064,-0.03298,0.43938,-0.07040,-0.00371,-0.00336,1
2.7309,-0.46718,0.04561,0.00855,-0.00070,-0.01403,-0.00023,1.42799,-0.14969,0.00958,0.00255,0.00460,-0.14173,0.01418,-0.11123,0.86532,0,0.00984,-0.00064,-0.03298,0.43938,-0.07040,-0.00371,-0.00336,1
2.7329,-0.46718,0.04561,0.00852,-0.00070,-0.01292,-0.00022,1.42799,-0.14969,0.00958,0.00217,0.00460,-0.14325,0.01418,-0.11151,0.86535,0,0.00984,-0.00064,-0.03298,0.43938,-0.07040,-0.00371,-0.00336,1
2.7349,-0.46718,0.04561,0.00850,-0.00070,-0.01169,-0.00021,1.42799,-0.14969,0.00958,0.00181,0.00461,-0.14485,0.01418,-0.11175,0.86539,0,0.00984,-0.00064,-0.03298,0.43938,-0.07040,-0.00371,-0.00336,1
2.7369,-0.46718,0.04561,0.00847,-0.00070,-0.01039,-0.00020,1.42799,-0.14969,0.00958,0.00147,0.00461,-0.14645,0.01419,-0.11209,0.86540,0,0.00984,-0.00064,-0.03298,0.43938,-0.07040,-0.00371,-0.00336,1
2.7389,-0.46718,0.04561,0.00845,-0.00070,-0.00908,-0.00019,1.42799,-0.14969,0.00958,0.00116,0.00461,-0.14805,0.01419,-0.11233,0.86545,0,0.00984,-0.00064,-0.03298,0.43938,-0.07040,-0.00371,-0.00336,1
2.7409,-0.46718,0.04561,0.00844,-0.00070,-0.00778,-0.00018,1.42799,-0.14969,0.00958,0.00087,0.00462,-0.14952,0.01419,-0.11265,0.86550,0,0.00984,-0.00064,-0.03298,0.43938,-0.07040,-0.00371,-0.00336,1
2.7429,-0.46718,0.04561,0.00842,-0.00070,-0.00659,-0.00018,1.42799,-0.14969,0.00958,0.00061,0.00462,-0.15087,0.01420,-0.11298,0.86548,0,0.00984,-0.00064,-0.03298,0.43938,-0.07040,-0.00371,-0.00336,1
2.7449,-0.46718,0.04561,0.00841,-0.00070,-0.00552,-0.00017,1.42799,-0.14969,0.00958,0.00037,0.00462,-0.15208,0.01420,-0.11325,0.86555,0,0.00984,-0.00064,-0.03298,0.43938,-0.07040,-0.00371,-0.00336,1
2.7469,-0.46718,0.04561,0.00840,-0.00071,-0.00456,-0.00016,1.42799,-0.14969,0.00958,0.00015,0.00463,-0.15317,0.01421,-0.11357,0.86560,0,0.00984,-0.00064,-0.03298,0.43938,-0.07040,-0.00371,-0.00336,1
2.7489,-0.46718,0.04561,0.00839,-0.00071,-0.00373,-0.00015,1.42799,-0.14969,0.00958,-0.00005,0.00463,-0.15413,0.01421,-0.11388,0.86559,0,0.00984,-0.00064,-0.03298,0.43938,-0.07040,-0.00371,-0.00336,1
2.7509,-0.46718,0.04561,0.00839,-0.00071,-0.00300,-0.00014,1.42799,-0.14969,0.00958,-0.00024,0.00464,-0.15496,0.01422,-0.11416,0.86566,0,0.00984,-0.00064,-0.03298,0.43938,-0.07040,-0.00371,-0.00336,1
2.7529,-0.45852,0.04504,0.00831,-0.00075,-0.00328,-0.00028,1.42916,-0.14969,0.00958,0.00234,0.00398,-0.15567,0.01409,-0.11448,0.86566,0,0.00883,-0.00078,-0.03921,0.43885,-0.06290,-0.00251,-0.00127,1
2.7549,-0.45852,0.04504,0.00830,-0.00075,-0.00279,-0.00016,1.42916,-0.14969,0.00958,0.00216,0.00398,-0.15624,0.01384,-0.11474,0.86574,0,0.00883,-0.00078,-0.03921,0.43885,-0.06290,-0.00251,-0.00127,1
2.7569,-0.45852,0.04504,0.00830,-0.00075,-0.00241,0.00008,1.42916,-0.14969,0.00958,0.00199,0.00399,-0.15669,0.01356,-0.11506,0.86573,0,0.00883,-0.00078,-0.03921,0.43885,-0.06290,-0.00251,-0.00127,1
2.7589,-0.45852,0.04504,0.00829,-0.00075,-0.00215,0.00035,1.42916,-0.14969,0.00958,0.00183,0.00400,-0.15701,0.01342,-0.11540,0.86576,0,0.00883,-0.00078,-0.03921,0.43885,-0.06290,-0.00251,-0.00127,1
2.7609,-0.45852,0.04504,0.00829,-0.00075,-0.00201,0.00050,1.42916,-0.14969,0.00958,0.00167,0.00402,-0.15720,0.01339,-0.11562,0.86581,0,0.00883,-0.00078,-0.03921,0.43885,-0.06290,-0.00251,-0.00127,1
2.7630,-0.45852,0.04504,0.00828,-0.00075,-0.00198,0.00053,1.42916,-0.14969,0.00958,0.00151,0.00403,-0.15727,0.01350,-0.11599,0.86582,0,0.00883,-0.00078,-0.03921,0.43885,-0.06290,-0.00251,-0.00127,1
2.7650,-0.45852,0.04504,0.00828,-0.00075,-0.00207,0.00045,1.42916,-0.14969,0.00958,0.00135,0.00405,-0.15720,0.01363,-0.11629,0.86583,0,0.00883,-0.00078,-0.03921,0.43885,-0.06290,-0.00251,-0.00127,1
2.7670,-0.45852,0.04504,0.00828,-0.00075,-0.00228,0.00035,1.42916,-0.14969,0.00958,0.00118,0.00407,-0.15701,0.01364,-0.11659,0.86589,0,0.00883,-0.00078,-0.03921,0.43885,-0.06290,-0.00251,-0.00127,1
2.7690,-0.45852,0.04504,0.00827,-0.00075,-0.00260,0.00034,1.42916,-0.14969,0.00958,0.00101,0.00408,-0.15669,0.01366,-0.11684,0.86592,0,0.00883,-0.00078,-0.03921,0.43885,-0.06290,-0.00251,-0.00127,1
2.7710,-0.45852,0.04504,0.00826,-0.00075,-0.00304,0.00034,1.42916,-0.14969,0.00958,0.00084,0.00409,-0.15624,0.01367,-0.11718,0.86594,0,0.00883,-0.00078,-0.03921,0.43885,-0.06290,-0.00251,-0.00127,1
2.7730,-0.45852,0.04504,0.00826,-0.00074,-0.00359,0.00034,1.42916,-0.14969,0.00958,0.00065,0.00411,-0.15567,0.01369,-0.11744,0.86595,0,0.00883,-0.00078,-0.03921,0.43885,-0.06290,-0.00251,-0.00127,1
2.7750,-0.45852,0.04504,0.00825,-0.00074,-0.00426,0.00034,1.42916,-0.14969,0.00958,0.00046,0.00412,-0.15496,0.01370,-0.11775,0.86601,0,0.00883,-0.00078,-0.03921,0.43885,-0.06290,-0.00251,-0.00127,1
2.7770,-0.45852,0.04504,0.00824,-0.00074,-0.00505,0.00034,1.42916,-0.14969,0.00958,0.00025,0.00414,-0.15413,0.01372,-0.11807,0.86602,0,0.00883,-0.00078,-0.03921,0.43885,-0.06290,-0.00251,-0.00127,1
2.7790,-0.45852,0.04504,0.00823,-0.00074,-0.00595,0.00035,1.42916,-0.14969,0.00958,0.00002,0.00415,-0.15317,0.01373,-0.11835,0.86604,0,0.00883,-0.00078,-0.03921,0.43885,-0.06290,-0.00251,-0.00127,1
2.7810,-0.45852,0.04504,0.00822,-0.00074,-0.00697,0.00035,1.42916,-0.14969,0.00958,-0.00023,0.00417,-0.15208,0.01374,-0.11863,0.86608,0,0.00883,-0.00078,-0.03921,0.43885,-0.06290,-0.00251,-0.00127,1
2.7830,-0.45852,0.04504,0.00820,-0.00074,-0.00811,0.00035,1.42916,-0.14969,0.00958,-0.00050,0.00418,-0.15087,0.01376,-0.11900,0.86609,0,0.00883,-0.00078,-0.03921,0.43885,-0.06290,-0.00251,-0.00127,1
2.7850,-0.45852,0.04504,0.00818,-0.00074,-0.00936,0.00035,1.42916,-0.14969,0.00958,-0.00079,0.00420,-0.14978,0.01377,-0.11923,0.86615,0,0.00883,-0.00078,-0.03921,0.43885,-0.06290,-0.00251,-0.00127,1
2.7870,-0.45852,0.04504,0.00816,-0.00074,-0.01049,0.00035,1.42916,-0.14969,0.00958,-0.00110,0.00421,-0.14882,0.01379,-0.11957,0.86618,0,0.00883,-0.00078,-0.03921,0.43885,-0.06290,-0.00251,-0.00127,1
2.7890,-0.45852,0.04504,0.00814,-0.00074,-0.01151,0.00035,1.42916,-0.14969,0.00958,-0.00144,0.00422,-0.14799,0.01380,-0.11986,0.86618,0,0.00883,-0.00078,-0.03921,0.43885,-0.06290,-0.00251,-0.00127,1
2.7910,-0.45852,0.04504,0.00812,-0.00074,-0.01241,0.00035,1.42916,-0.14969,0.00958,-0.00180,0.00424,-0.14728,0.01382,-0.12020,0.86618,0,0.00883,-0.00078,-0.03921,0.43885,-0.06290,-0.00251,-0.00127,1
2.7930,-0.45852,0.04504,0.00809,-0.00074,-0.01320,0.00035,1.42916,-0.14969,0.00958,-0.00217,0.00425,-0.14671,0.01383,-0.12046,0.86624,0,0.00883,-0.00078,-0.03921,0.43885,-0.06290,-0.00251,-0.00127,1
2.7950,-0.45852,0.04504,0.00807,-0.00074,-0.01386,0.00035,1.42916,-0.14969,0.00958,-0.00255,0.00427,-0.14626,0.01385,-0.12076,0.86625,0,0.00883,-0.00078,-0.03921,0.43885,-0.06290,-0.00251,-0.00127,1
2.7970,-0.45852,0.04504,0.00804,-0.00074,-0.01441,0.00035,1.42916,-0.14969,0.00958,-0.00295,0.00428,-0.14594,0.01386,-0.12105,0.86629,0,0.00883,-0.00078,-0.03921,0.43885,-0.06290,-0.00251,-0.00127,1
2.7990,-0.45852,0.04504,0.00801,-0.00074,-0.01485,0.00035,1.42916,-0.14969,0.00958,-0.00336,0.00430,-0.14575,0.01387,-0.12140,0.86628,0,0.00883,-0.00078,-0.03921,0.43885,-0.06290,-0.00251,-0.00127,1
2.8010,-0.45852,0.04504,0.00798,-0.00074,-0.01516,0.00035,1.42916,-0.14969,0.00958,-0.00377,0.00431,-0.14568,0.01389,-0.12173,0.86629,0,0.00883,-0.00078,-0.03921,0.43885,-0.06290,-0.00251,-0.00127,1
2.8030,-0.45852,0.04504,0.00795,-0.00073,-0.01536,0.00035,1.42916,-0.14969,0.00958,-0.00420,0.00433,-0.14575,0.01390,-0.12200,0.86635,0,0.00883,-0.00078,-0.03921,0.43885,-0.06290,-0.00251,-0.00127,1
2.8050,-0.45852,0.04504,0.00792,-0.00073,-0.01545,0.00035,1.42916,-0.14969,0.00958,-0.00462,0.00434,-0.14594,0.01392,-0.12231,0.86636,0,0.00883,-0.00078,-0.03921,0.43885,-0.06290,-0.00251,-0.00127,1
2.8070,-0.45852,0.04504,0.00789,-0.00073,-0.01541,0.00035,1.42916,-0.14969,0.00958,-0.00504,0.00435,-0.14626,0.01393,-0.12260,0.86640,0,0.00883,-0.00078,-0.03921,0.43885,-0.06290,-0.00251,-0.00127,1
2.8090,-0.45852,0.04504,0.00786,-0.00073,-0.01526,0.00035,1.42916,-0.14969,0.00958,-0.00546,0.00437,-0.14671,0.01395,-0.12293,0.86640,0,0.00883,-0.00078,-0.03921,0.43885,-0.06290,-0.00251,-0.00127,1
2.8110,-0.45852,0.04504,0.00783,-0.00073,-0.01499,0.00034,1.42916,-0.14969,0.00958,-0.00588,0.00438,-0.14728,0.01396,-0.12325,0.86643,0,0.00883,-0.00078,-0.03921,0.43885,-0.06290,-0.00251,-0.00127,1
2.8130,-0.45852,0.04504,0.00780,-0.00073,-0.01461,0.00034,1.42916,-0.14969,0.00958,-0.00629,0.00440,-0.14799,0.01398,-0.12350,0.86649,0,0.00883,-0.00078,-0.03921,0.43885,-0.06290,-0.00251,-0.00127,1
2.8150,-0.45852,0.04504,0.00777,-0.00073,-0.01411,0.00034,1.42916,-0.14969,0.00958,-0.00670,0.00441,-0.14882,0.01399,-0.12381,0.86649,0,0.00883,-0.00078,-0.03921,0.43885,-0.06290,-0.00251,-0.00127,1
2.8170,-0.45852,0.04504,0.00774,-0.00073,-0.01349,0.00034,1.42916,-0.14969,0.00958,-0.00709,0.00443,-0.14978,0.01401,-0.12414,0.86650,0,0.00883,-0.00078,-0.03921,0.43885,-0.06290,-0.00251,-0.00127,1
2.8190,-0.45852,0.04504,0.00771,-0.00073,-0.01275,0.00034,1.42916,-0.14969,0.00958,-0.00746,0.00444,-0.15087,0.01402,-0.12443,0.86654,0,0.00883,-0.00078,-0.03921,0.43885,-0.06290,-0.00251,-0.00127,1
2.8210,-0.45852,0.04504,0.00769,-0.00073,-0.01190,0.00034,1.42916,-0.14969,0.00958,-0.00783,0.00446,-0.15208,0.01403,-0.12477,0.86653,0,0.00883,-0.00078,-0.03921,0.43885,-0.06290,-0.00251,-0.00127,1
2.8230,-0.45068,0.04532,0.00758,-0.00094,-0.01320,-0.00041,1.42570,-0.14969,0.00958,-0.00590,0.00246,-0.15343,0.01392,-0.12508,0.86657,0,0.00811,-0.00113,-0.03441,0.43776,-0.06808,-0.00239,0.00256,1
2.8250,-0.45068,0.04532,0.00755,-0.00094,-0.01211,-0.00029,1.42570,-0.14969,0.00958,-0.00627,0.00246,-0.15490,0.01368,-0.12538,0.86659,0,0.00811,-0.00113,-0.03441,0.43776,-0.06808,-0.00239,0.00256,1
2.8270,-0.45068,0.04532,0.00753,-0.00094,-0.01091,-0.00005,1.42570,-0.14969,0.00958,-0.00662,0.00246,-0.15631,0.01331,-0.12569,0.86663,0,0.00811,-0.00113,-0.03441,0.43776,-0.06808,-0.00239,0.00256,1
2.8290,-0.45068,0.04532,0.00751,-0.00094,-0.00976,0.00030,1.42570,-0.14969,0.00958,-0.00694,0.00247,-0.15760,0.01281,-0.12601,0.86668,0,0.00811,-0.00113,-0.03441,0.43776,-0.06808,-0.00239,0.00256,1
2.8310,-0.45068,0.04532,0.00749,-0.00094,-0.00872,0.00077,1.42570,-0.14969,0.00958,-0.00724,0.00249,-0.15875,0.01219,-0.12630,0.86668,0,0.00811,-0.00113,-0.03441,0.43776,-0.06808,-0.00239,0.00256,1
2.8330,-0.45068,0.04532,0.00747,-0.00094,-0.00781,0.00136,1.42570,-0.14969,0.00958,-0.00752,0.00252,-0.15978,0.01169,-0.12664,0.86675,0,0.00811,-0.00113,-0.03441,0.43776,-0.06808,-0.00239,0.00256,1
2.8351,-0.45068,0.04532,0.00746,-0.00094,-0.00700,0.00183,1.42570,-0.14969,0.00958,-0.00779,0.00256,-0.16068,0.01132,-0.12701,0.86675,0,0.00811,-0.00113,-0.03441,0.43776,-0.06808,-0.00239,0.00256,1
2.8371,-0.45068,0.04532,0.00745,-0.00093,-0.00632,0.00218,1.42570,-0.14969,0.00958,-0.00804,0.00261,-0.16145,0.01108,-0.12734,0.86677,0,0.00811,-0.00113,-0.03441,0.43776,-0.06808,-0.00239,0.00256,1
2.8391,-0.45068,0.04532,0.00743,-0.00093,-0.00575,0.00241,1.42570,-0.14969,0.00958,-0.00828,0.00266,-0.16210,0.01096,-0.12759,0.86682,0,0.00811,-0.00113,-0.03441,0.43776,-0.06808,-0.00239,0.00256,1
2.8411,-0.45068,0.04532,0.00742,-0.00092,-0.00529,0.00253,1.42570,-0.14969,0.00958,-0.00851,0.00272,-0.16262,0.01098,-0.12794,0.86681,0,0.00811,-0.00113,-0.03441,0.43776,-0.06808,-0.00239,0.00256,1
2.8431,-0.45068,0.04532,0.00741,-0.00092,-0.00496,0.00254,1.42570,-0.14969,0.00958,-0.00873,0.00277,-0.16300,0.01112,-0.12823,0.86681,0,0.00811,-0.00113,-0.03441,0.43776,-0.06808,-0.00239,0.00256,1
2.8451,-0.45068,0.04532,0.00740,-0.00091,-0.00473,0.00242,1.42570,-0.14969,0.00958,-0.00895,0.00283,-0.16326,0.01139,-0.12857,0.86686,0,0.00811,-0.00113,-0.03441,0.43776,-0.06808,-0.00239,0.00256,1
2.8471,-0.45068,0.04532,0.00739,-0.00091,-0.00463,0.00219,1.42570,-0.14969,0.00958,-0.00916,0.00288,-0.16340,0.01179,-0.12888,0.86688,0,0.00811,-0.00113,-0.03441,0.43776,-0.06808,-0.00239,0.00256,1
2.8491,-0.45068,0.04532,0.00738,-0.00091,-0.00464,0.00185,1.42570,-0.14969,0.00958,-0.00937,0.00293,-0.16340,0.01232,-0.12917,0.86690,0,0.00811,-0.00113,-0.03441,0.43776,-0.06808,-0.00239,0.00256,1
2.8511,-0.45068,0.04532,0.00737,-0.00090,-0.00477,0.00139,1.42570,-0.14969,0.00958,-0.00958,0.00297,-0.16328,0.01271,-0.12954,0.86691,0,0.00811,-0.00113,-0.03441,0.43776,-0.06808,-0.00239,0.00256,1
2.8531,-0.45068,0.04532,0.00736,-0.00090,-0.00501,0.00104,1.42570,-0.14969,0.00958,-0.00980,0.00300,-0.16303,0.01299,-0.12976,0.86698,0,0.00811,-0.00113,-0.03441,0.43776,-0.06808,-0.00239,0.00256,1
2.8551,-0.45068,0.04532,0.00735,-0.00090,-0.00537,0.00081,1.42570,-0.14969,0.00958,-0.01002,0.00303,-0.16265,0.01313,-0.13006,0.86705,0,0.00811,-0.00113,-0.03441,0.43776,-0.06808,-0.00239,0.00256,1
2.8571,-0.45068,0.04532,0.00734,-0.00090,-0.00585,0.00070,1.42570,-0.14969,0.00958,-0.01025,0.00305,-0.16214,0.01314,-0.13039,0.86706,0,0.00811,-0.00113,-0.03441,0.43776,-0.06808,-0.00239,0.00256,1
2.8592,-0.45068,0.04532,0.00733,-0.00090,-0.00644,0.00070,1.42570,-0.14969,0.00958,-0.01049,0.00307,-0.16150,0.01303,-0.13070,0.86707,0,0.00811,-0.00113,-0.03441,0.43776,-0.06808,-0.00239,0.00256,1
2.8612,-0.45068,0.04532,0.00732,-0.00089,-0.00715,0.00082,1.42570,-0.14969,0.00958,-0.01075,0.00309,-0.16074,0.01279,-0.13102,0.86711,0,0.00811,-0.00113,-0.03441,0.43776,-0.06808,-0.00239,0.00256,1
2.8632,-0.45068,0.04532,0.00730,-0.00089,-0.00797,0.00105,1.42570,-0.14969,0.00958,-0.01102,0.00312,-0.16011,0.01267,-0.13137,0.86713,0,0.00811,-0.00113,-0.03441,0.43776,-0.06808,-0.00239,0.00256,1
2.8652,-0.45068,0.04532,0.00729,-0.00089,-0.00868,0.00117,1.42570,-0.14969,0.00958,-0.01130,0.00315,-0.15960,0.01269,-0.13160,0.86716,0,0.00811,-0.00113,-0.03441,0.43776,-0.06808,-0.00239,0.00256,1
2.8672,-0.45068,0.04532,0.00727,-0.00089,-0.00927,0.00118,1.42570,-0.14969,0.00958,-0.01160,0.00318,-0.15922,0.01276,-0.13187,0.86723,0,0.00811,-0.00113,-0.03441,0.43776,-0.06808,-0.00239,0.00256,1
2.8692,-0.45068,0.04532,0.00725,-0.00088,-0.00974,0.00113,1.42570,-0.14969,0.00958,-0.01190,0.00321,-0.15897,0.01279,-0.13222,0.86722,0,0.00811,-0.00113,-0.03441,0.43776,-0.06808,-0.00239,0.00256,1
2.8712,-0.45068,0.04532,0.00723,-0.00088,-0.01010,0.00112,1.42570,-0.14969,0.00958,-0.01222,0.00324,-0.15884,0.01282,-0.13249,0.86725,0,0.00811,-0.00113,-0.03441,0.43776,-0.06808,-0.00239,0.00256,1
2.8732,-0.45068,0.04532,0.00721,-0.00088,-0.01034,0.00110,1.42570,-0.14969,0.00958,-0.01254,0.00327,-0.15885,0.01285,-0.13281,0.86727,0,0.00811,-0.00113,-0.03441,0.43776,-0.06808,-0.00239,0.00256,1
2.8752,-0.45068,0.04532,0.00719,-0.00088,-0.01047,0.00109,1.42570,-0.14969,0.00958,-0.01287,0.00330,-0.15898,0.01288,-0.13313,0.86726,0,0.00811,-0.00113,-0.03441,0.43776,-0.06808,-0.00239,0.00256,1
2.8772,-0.45068,0.04532,0.00717,-0.00088,-0.01047,0.00108,1.42570,-0.14969,0.00958,-0.01319,0.00333,-0.15924,0.01291,-0.13351,0.86728,0,0.00811,-0.00113,-0.03441,0.43776,-0.06808,-0.00239,0.00256,1
2.8792,-0.45068,0.04532,0.00715,-0.00087,-0.01036,0.00107,1.42570,-0.14969,0.00958,-0.01352,0.00336,-0.15963,0.01294,-0.13384,0.86731,0,0.00811,-0.00113,-0.03441,0.43776,-0.06808,-0.00239,0.00256,1
2.8812,-0.45068,0.04532,0.00712,-0.00087,-0.01014,0.00106,1.42570,-0.14969,0.00958,-0.01384,0.00339,-0.16015,0.01296,-0.13413,0.86733,0,0.00811,-0.00113,-0.03441,0.43776,-0.06808,-0.00239,0.00256,1
2.8834,-0.44414,0.04588,0.00760,-0.00097,-0.00815,0.00070,1.42517,-0.14969,0.00958,-0.00668,0.00264,-0.16054,0.01287,-0.13452,0.86736,0,0.00831,-0.00112,-0.02191,0.43707,-0.08169,-0.00388,-0.00114,1
2.8854,-0.44414,0.04588,0.00758,-0.00097,-0.00793,0.00080,1.42517,-0.14969,0.00958,-0.00696,0.00266,-0.16080,0.01264,-0.13484,0.86738,0,0.00831,-0.00112,-0.02191,0.43707,-0.08169,-0.00388,-0.00114,1
2.8874,-0.44414,0.04588,0.00757,-0.00097,-0.00783,0.00103,1.42517,-0.14969,0.00958,-0.00724,0.00269,-0.16093,0.01228,-0.13517,0.86742,0,0.00831,-0.00112,-0.02191,0.43707,-0.08169,-0.00388,-0.00114,1
2.8894,-0.44414,0.04588,0.00755,-0.00097,-0.00784,0.00137,1.42517,-0.14969,0.00958,-0.00751,0.00272,-0.16093,0.01206,-0.13556,0.86744,0,0.00831,-0.00112,-0.02191,0.43707,-0.08169,-0.00388,-0.00114,1
2.8914,-0.44414,0.04588,0.00754,-0.00096,-0.00797,0.00159,1.42517,-0.14969,0.00958,-0.00778,0.00276,-0.16081,0.01196,-0.13590,0.86749,0,0.00831,-0.00112,-0.02191,0.43707,-0.08169,-0.00388,-0.00114,1
2.8934,-0.44414,0.04588,0.00752,-0.00096,-0.00822,0.00170,1.42517,-0.14969,0.00958,-0.00806,0.00280,-0.16056,0.01198,-0.13618,0.86746,0,0.00831,-0.00112,-0.02191,0.43707,-0.08169,-0.00388,-0.00114,1
2.8954,-0.44414,0.04588,0.00750,-0.00096,-0.00858,0.00169,1.42517,-0.14969,0.00958,-0.00835,0.00284,-0.16018,0.01214,-0.13653,0.86750,0,0.00831,-0.00112,-0.02191,0.43707,-0.08169,-0.00388,-0.00114,1
2.8974,-0.44414,0.04588,0.00749,-0.00095,-0.00906,0.00156,1.42517,-0.14969,0.00958,-0.00864,0.00288,-0.15967,0.01243,-0.13687,0.86753,0,0.00831,-0.00112,-0.02191,0.43707,-0.08169,-0.00388,-0.00114,1
2.8995,-0.44414,0.04588,0.00747,-0.00095,-0.00965,0.00132,1.42517,-0.14969,0.00958,-0.00895,0.00291,-0.15904,0.01258,-0.13720,0.86754,0,0.00831,-0.00112,-0.02191,0.43707,-0.08169,-0.00388,-0.00114,1
2.9015,-0.44414,0.04588,0.00745,-0.00095,-0.01036,0.00120,1.42517,-0.14969,0.00958,-0.00927,0.00295,-0.15853,0.01261,-0.13752,0.86756,0,0.00831,-0.00112,-0.02191,0.43707,-0.08169,-0.00388,-0.00114,1
2.9035,-0.44414,0.04588,0.00743,-0.00094,-0.01096,0.00119,1.42517,-0.14969,0.00958,-0.00960,0.00298,-0.15815,0.01255,-0.13775,0.86762,0,0.00831,-0.00112,-0.02191,0.43707,-0.08169,-0.00388,-0.00114,1
2.9055,-0.44414,0.04588,0.00740,-0.00094,-0.01143,0.00126,1.42517,-0.14969,0.00958,-0.00994,0.00301,-0.15790,0.01259,-0.13813,0.86759,0,0.00831,-0.00112,-0.02191,0.43707,-0.08169,-0.00388,-0.00114,1
2.9075,-0.44414,0.04588,0.00738,-0.00094,-0.01179,0.00124,1.42517,-0.14969,0.00958,-0.01028,0.00304,-0.15778,0.01262,-0.13843,0.86763,0,0.00831,-0.00112,-0.02191,0.43707,-0.08169,-0.00388,-0.00114,1
2.9095,-0.44414,0.04588,0.00736,-0.00094,-0.01204,0.00123,1.42517,-0.14969,0.00958,-0.01064,0.00307,-0.15778,0.01265,-0.13871,0.86767,0,0.00831,-0.00112,-0.02191,0.43707,-0.08169,-0.00388,-0.00114,1
2.9115,-0.44414,0.04588,0.00733,-0.00093,-0.01216,0.00122,1.42517,-0.14969,0.00958,-0.01100,0.00310,-0.15791,0.01268,-0.13902,0.86768,0,0.00831,-0.00112,-0.02191,0.43707,-0.08169,-0.00388,-0.00114,1
2.9135,-0.44414,0.04588,0.00731,-0.00093,-0.01217,0.00121,1.42517,-0.14969,0.00958,-0.01136,0.00314,-0.15817,0.01271,-0.13934,0.86771,0,0.00831,-0.00112,-0.02191,0.43707,-0.08169,-0.00388,-0.00114,1
2.9155,-0.44414,0.04588,0.00728,-0.00093,-0.01207,0.00119,1.42517,-0.14969,0.00958,-0.01171,0.00317,-0.15856,0.01274,-0.13962,0.86775,0,0.00831,-0.00112,-0.02191,0.43707,-0.08169,-0.00388,-0.00114,1
2.9175,-0.44414,0.04588,0.00726,-0.00093,-0.01184,0.00118,1.42517,-0.14969,0.00958,-0.01207,0.00320,-0.15908,0.01278,-0.13991,0.86777,0,0.00831,-0.00112,-0.02191,0.43707,-0.08169,-0.00388,-0.00114,1
2.9195,-0.44414,0.04588,0.00724,-0.00093,-0.01150,0.00117,1.42517,-0.14969,0.00958,-0.01242,0.00323,-0.15972,0.01281,-0.14024,0.86780,0,0.00831,-0.00112,-0.02191,0.43707,-0.08169,-0.00388,-0.00114,1
2.9215,-0.44414,0.04588,0.00721,-0.00092,-0.01105,0.00116,1.42517,-0.14969,0.00958,-0.01276,0.00326,-0.16050,0.01284,-0.14056,0.86781,0,0.00831,-0.00112,-0.02191,0.43707,-0.08169,-0.00388,-0.00114,1
2.9235,-0.44414,0.04588,0.00719,-0.00092,-0.01047,0.00115,1.42517,-0.14969,0.00958,-0.01309,0.00329,-0.16140,0.01287,-0.14084,0.86786,0,0.00831,-0.00112,-0.02191,0.43707,-0.08169,-0.00388,-0.00114,1
2.9255,-0.44414,0.04588,0.00717,-0.00092,-0.00978,0.00114,1.42517,-0.14969,0.00958,-0.01341,0.00332,-0.16242,0.01290,-0.14121,0.86786,0,0.00831,-0.00112,-0.02191,0.43707,-0.08169,-0.00388,-0.00114,1
2.9275,-0.44414,0.04588,0.00715,-0.00092,-0.00897,0.00113,1.42517,-0.14969,0.00958,-0.01372,0.00335,-0.16341,0.01293,-0.14154,0.86788,0,0.00831,-0.00112,-0.02191,0.43707,-0.08169,-0.00388,-0.00114,1
2.9295,-0.44414,0.04588,0.00714,-0.00091,-0.00820,0.00111,1.42517,-0.14969,0.00958,-0.01401,0.00338,-0.16427,0.01296,-0.14184,0.86794,0,0.00831,-0.00112,-0.02191,0.43707,-0.08169,-0.00388,-0.00114,1
2.9315,-0.44414,0.04588,0.00712,-0.00091,-0.00755,0.00110,1.42517,-0.14969,0.00958,-0.01428,0.00341,-0.16500,0.01299,-0.14221,0.86794,0,0.00831,-0.00112,-0.02191,0.43707,-0.08169,-0.00388,-0.00114,1
2.9335,-0.44414,0.04588,0.00711,-0.00091,-0.00701,0.00109,1.42517,-0.14969,0.00958,-0.01454,0.00344,-0.16560,0.01302,-0.14256,0.86797,0,0.00831,-0.00112,-0.02191,0.43707,-0.08169,-0.00388,-0.00114,1
2.9355,-0.44414,0.04588,0.00709,-0.00091,-0.00659,0.00108,1.42517,-0.14969,0.00958,-0.01480,0.00347,-0.16608,0.01305,-0.14287,0.86801,0,0.00831,-0.00112,-0.02191,0.43707,-0.08169,-0.00388,-0.00114,1
2.9375,-0.44414,0.04588,0.00708,-0.00091,-0.00629,0.00107,1.42517,-0.14969,0.00958,-0.01504,0.00350,-0.16642,0.01307,-0.14323,0.86801,0,0.00831,-0.00112,-0.02191,0.43707,-0.08169,-0.00388,-0.00114,1
2.9395,-0.44414,0.04588,0.00707,-0.00090,-0.00610,0.00106,1.42517,-0.14969,0.00958,-0.01529,0.00353,-0.16664,0.01310,-0.14352,0.86804,0,0.00831,-0.00112,-0.02191,0.43707,-0.08169,-0.00388,-0.00114,1
2.9415,-0.44414,0.04588,0.00705,-0.00090,-0.00603,0.00105,1.42517,-0.14969,0.00958,-0.01552,0.00355,-0.16673,0.01313,-0.14396,0.86807,0,0.00831,-0.00112,-0.02191,0.43707,-0.08169,-0.00388,-0.00114,1
2.9435,-0.44414,0.04588,0.00704,-0.00090,-0.00607,0.00104,1.42517,-0.14969,0.00958,-0.01576,0.00358,-0.16669,0.01316,-0.14424,0.86812,0,0.00831,-0.00112,-0.02191,0.43707,-0.08169,-0.00388,-0.00114,1
2.9455,-0.44414,0.04588,0.00703,-0.00090,-0.00623,0.00103,1.42517,-0.14969,0.00958,-0.01601,0.00361,-0.16653,0.01319,-0.14453,0.86814,0,0.00831,-0.00112,-0.02191,0.43707,-0.08169,-0.00388,-0.00114,1
2.9475,-0.44414,0.04588,0.00702,-0.00089,-0.00650,0.00102,1.42517,-0.14969,0.00958,-0.01625,0.00364,-0.16623,0.01322,-0.14481,0.86817,0,0.00831,-0.00112,-0.02191,0.43707,-0.08169,-0.00388,-0.00114,1
2.9495,-0.44414,0.04588,0.00700,-0.00089,-0.00690,0.00101,1.42517,-0.14969,0.00958,-0.01650,0.00367,-0.16607,0.01324,-0.14519,0.86817,0,0.00831,-0.00112,-0.02191,0.43707,-0.08169,-0.00388,-0.00114,1
2.9516,-0.44414,0.04588,0.00699,-0.00089,-0.00717,0.00100,1.42517,-0.14969,0.00958,-0.01676,0.00369,-0.16603,0.01327,-0.14550,0.86824,0,0.00831,-0.00112,-0.02191,0.43707,-0.08169,-0.00388,-0.00114,1
2.9536,-0.43712,0.04606,0.00762,-0.00075,-0.00488,0.00149,1.42683,-0.14969,0.00958,-0.00787,0.00521,-0.16586,0.01343,-0.14582,0.86826,0,0.00852,-0.00067,-0.02191,0.43707,-0.08169,-0.00388,-0.00114,1
2.9556,-0.43712,0.04606,0.00761,-0.00074,-0.00517,0.00137,1.42683,-0.14969,0.00958,-0.00809,0.00524,-0.16557,0.01371,-0.14614,0.86828,0,0.00852,-0.00067,-0.02191,0.43707,-0.08169,-0.00388,-0.00114,1
2.9576,-0.43712,0.04606,0.00760,-0.00074,-0.00557,0.00112,1.42683,-0.14969,0.00958,-0.00832,0.00528,-0.16515,0.01412,-0.14644,0.86831,0,0.00852,-0.00067,-0.02191,0.43707,-0.08169,-0.00388,-0.00114,1
2.9596,-0.43712,0.04606,0.00759,-0.00074,-0.00609,0.00076,1.42683,-0.14969,0.00958,-0.00855,0.00530,-0.16460,0.01466,-0.14674,0.86833,0,0.00852,-0.00067,-0.02191,0.43707,-0.08169,-0.00388,-0.00114,1
2.9616,-0.43712,0.04606,0.00757,-0.00074,-0.00672,0.00028,1.42683,-0.14969,0.00958,-0.00880,0.00532,-0.16392,0.01507,-0.14706,0.86836,0,0.00852,-0.00067,-0.02191,0.43707,-0.08169,-0.00388,-0.00114,1
2.9636,-0.43712,0.04606,0.00756,-0.00074,-0.00747,-0.00008,1.42683,-0.14969,0.00958,-0.00906,0.00533,-0.16311,0.01536,-0.14739,0.86839,0,0.00852,-0.00067,-0.02191,0.43707,-0.08169,-0.00388,-0.00114,1
2.9656,-0.43712,0.04606,0.00754,-0.00074,-0.00834,-0.00032,1.42683,-0.14969,0.00958,-0.00934,0.00533,-0.16218,0.01551,-0.14767,0.86843,0,0.00852,-0.00067,-0.02191,0.43707,-0.08169,-0.00388,-0.00114,1
2.9676,-0.43712,0.04606,0.00753,-0.00074,-0.00932,-0.00045,1.42683,-0.14969,0.00958,-0.00963,0.00533,-0.16112,0.01554,-0.14805,0.86847,0,0.00852,-0.00067,-0.02191,0.43707,-0.08169,-0.00388,-0.00114,1
2.9696,-0.43712,0.04606,0.00751,-0.00074,-0.01042,-0.00046,1.42683,-0.14969,0.00958,-0.00994,0.00533,-0.15993,0.01544,-0.14836,0.86850,0,0.00852,-0.00067,-0.02191,0.43707,-0.08169,-0.00388,-0.00114,1
2.9717,-0.43712,0.04606,0.00749,-0.00074,-0.01164,-0.00036,1.42683,-0.14969,0.00958,-0.01028,0.00533,-0.15887,0.01521,-0.14864,0.86852,0,0.00852,-0.00067,-0.02191,0.43707,-0.08169,-0.00388,-0.00114,1
2.9737,-0.43712,0.04606,0.00746,-0.00074,-0.01274,-0.00014,1.42683,-0.14969,0.00958,-0.01064,0.00534,-0.15793,0.01491,-0.14900,0.86859,0,0.00852,-0.00067,-0.02191,0.43707,-0.08169,-0.00388,-0.00114,1
2.9757,-0.43712,0.04606,0.00743,-0.00074,-0.01372,0.00015,1.42683,-0.14969,0.00958,-0.01102,0.00534,-0.15713,0.01474,-0.14927,0.86859,0,0.00852,-0.00067,-0.02191,0.43707,-0.08169,-0.00388,-0.00114,1
2.9777,-0.43712,0.04606,0.00741,-0.00074,-0.01458,0.00031,1.42683,-0.14969,0.00958,-0.01142,0.00536,-0.15645,0.01470,-0.14957,0.86862,0,0.00852,-0.00067,-0.02191,0.43707,-0.08169,-0.00388,-0.00114,1
2.9797,-0.43712,0.04606,0.00738,-0.00074,-0.01533,0.00037,1.42683,-0.14969,0.00958,-0.01184,0.00537,-0.15590,0.01479,-0.14995,0.86864,0,0.00852,-0.00067,-0.02191,0.43707,-0.08169,-0.00388,-0.00114,1
2.9817,-0.43712,0.04606,0.00734,-0.00074,-0.01596,0.00030,1.42683,-0.14969,0.00958,-0.01226,0.00538,-0.15548,0.01496,-0.15025,0.86865,0,0.00852,-0.00067,-0.02191,0.43707,-0.08169,-0.00388,-0.00114,1
2.9837,-0.43712,0.04606,0.00731,-0.00074,-0.01647,0.00016,1.42683,-0.14969,0.00958,-0.01270,0.00540,-0.15518,0.01501,-0.15063,0.86865,0,0.00852,-0.00067,-0.02191,0.43707,-0.08169,-0.00388,-0.00114,1
2.9857,-0.43712,0.04606,0.00728,-0.00074,-0.01687,0.00013,1.42683,-0.14969,0.00958,-0.01315,0.00541,-0.15502,0.01498,-0.15093,0.86870,0,0.00852,-0.00067,-0.02191,0.43707,-0.08169,-0.00388,-0.00114,1
2.9877,-0.43712,0.04606,0.00725,-0.00074,-0.01715,0.00016,1.42683,-0.14969,0.00958,-0.01361,0.00542,-0.15498,0.01499,-0.15128,0.86874,0,0.00852,-0.00067,-0.02191,0.43707,-0.08169,-0.00388,-0.00114,1
2.9897,-0.43712,0.04606,0.00721,-0.00074,-0.01731,0.00016,1.42683,-0.14969,0.00958,-0.01407,0.00543,-0.15507,0.01501,-0.15159,0.86875,0,0.00852,-0.00067,-0.02191,0.43707,-0.08169,-0.00388,-0.00114,1
2.9917,-0.43712,0.04606,0.00718,-0.00074,-0.01736,0.00017,1.42683,-0.14969,0.00958,-0.01453,0.00544,-0.15529,0.01502,-0.15192,0.86879,0,0.00852,-0.00067,-0.02191,0.43707,-0.08169,-0.00388,-0.00114,1
2.9937,-0.43712,0.04606,0.00714,-0.00074,-0.01729,0.00017,1.42683,-0.14969,0.00958,-0.01499,0.00545,-0.15564,0.01503,-0.15223,0.86881,0,0.00852,-0.00067,-0.02191,0.43707,-0.08169,-0.00388,-0.00114,1
2.9957,-0.43712,0.04606,0.00711,-0.00074,-0.01710,0.00017,1.42683,-0.14969,0.00958,-0.01545,0.00546,-0.15611,0.01504,-0.15255,0.86882,0,0.00852,-0.00067,-0.02191,0.43707,-0.08169,-0.00388,-0.00114,1
2.9977,-0.43712,0.04606,0.00707,-0.00074,-0.01679,0.00018,1.42683,-0.14969,0.00958,-0.01590,0.00547,-0.15671,0.01505,-0.15293,0.86887,0,0.00852,-0.00067,-0.02191,0.43707,-0.08169,-0.00388,-0.00114,1
2.9998,-0.43712,0.04606,0.00704,-0.00074,-0.01637,0.00018,1.42683,-0.14969,0.00958,-0.01635,0.00548,-0.15744,0.01506,-0.15321,0.86890,0,0.00852,-0.00067,-0.02191,0.43707,-0.08169,-0.00388,-0.00114,1
3.0018,-0.43712,0.04606,0.00701,-0.00073,-0.01583,0.00018,1.42683,-0.14969,0.00958,-0.01678,0.00549,-0.15830,0.01507,-0.15354,0.86891,0,0.00852,-0.00067,-0.02191,0.43707,-0.08169,-0.00388,-0.00114,1
3.0038,-0.43712,0.04606,0.00698,-0.00073,-0.01518,0.00019,1.42683,-0.14969,0.00958,-0.01721,0.00551,-0.15929,0.01508,-0.15385,0.86895,0,0.00852,-0.00067,-0.02191,0.43707,-0.08169,-0.00388,-0.00114,1
3.0058,-0.43712,0.04606,0.00695,-0.00073,-0.01441,0.00019,1.42683,-0.14969,0.00958,-0.01762,0.00552,-0.16040,0.01509,-0.15413,0.86899,0,0.00852,-0.00067,-0.02191,0.43707,-0.08169,-0.00388,-0.00114,1
3.0078,-0.43712,0.04606,0.00692,-0.00073,-0.01352,0.00019,1.42683,-0.14969,0.00958,-0.01802,0.00553,-0.16164,0.01511,-0.15459,0.86897,0,0.00852,-0.00067,-0.02191,0.43707,-0.08169,-0.00388,-0.00114,1
3.0098,-0.43712,0.04606,0.00689,-0.00073,-0.01251,0.00019,1.42683,-0.14969,0.00958,-0.01839,0.00554,-0.16301,0.01512,-0.15488,0.86899,0,0.00852,-0.00067,-0.02191,0.43707,-0.08169,-0.00388,-0.00114,1
3.0118,-0.43712,0.04606,0.00687,-0.00073,-0.01139,0.00020,1.42683,-0.14969,0.00958,-0.01875,0.00555,-0.16451,0.01513,-0.15523,0.86903,0,0.00852,-0.00067,-0.02191,0.43707,-0.08169,-0.00388,-0.00114,1
3.0138,-0.43712,0.04606,0.00685,-0.00073,-0.01015,0.00020,1.42683,-0.14969,0.00958,-0.01908,0.00556,-0.16611,0.01514,-0.15558,0.86908,0,0.00852,-0.00067,-0.02191,0.43707,-0.08169,-0.00388,-0.00114,1
3.0158,-0.43712,0.04606,0.00683,-0.00073,-0.00881,0.00020,1.42683,-0.14969,0.00958,-0.01939,0.00557,-0.16771,0.01515,-0.15590,0.86907,0,0.00852,-0.00067,-0.02191,0.43707,-0.08169,-0.00388,-0.00114,1
3.0178,-0.43712,0.04606,0.00681,-0.00073,-0.00748,0.00020,1.42683,-0.14969,0.00958,-0.01967,0.00559,-0.16931,0.01516,-0.15632,0.86912,0,0.00852,-0.00067,-0.02191,0.43707,-0.08169,-0.00388,-0.00114,1
3.0198,-0.43712,0.04606,0.00680,-0.00073,-0.00615,0.00021,1.42683,-0.14969,0.00958,-0.01992,0.00560,-0.17078,0.01518,-0.15659,0.86917,0,0.00852,-0.00067,-0.02191,0.43707,-0.08169,-0.00388,-0.00114,1
3.0218,-0.43712,0.04606,0.00679,-0.00073,-0.00493,0.00021,1.42683,-0.14969,0.00958,-0.02015,0.00561,-0.17213,0.01519,-0.15702,0.86913,0,0.00852,-0.00067,-0.02191,0.43707,-0.08169,-0.00388,-0.00114,1
3.0238,-0.42884,0.04573,0.00747,-0.00080,-0.00299,-0.00009,1.42940,-0.14969,0.00958,-0.01024,0.00481,-0.17334,0.01507,-0.15776,0.86922,0,0.00870,-0.00086,-0.01805,0.43485,-0.08535,-0.00282,0.00083,1
3.0258,-0.42884,0.04573,0.00747,-0.00080,-0.00202,0.00003,1.42940,-0.14969,0.00958,-0.01041,0.00481,-0.17443,0.01483,-0.15776,0.86922,0,0.00870,-0.00086,-0.01805,0.43485,-0.08535,-0.00282,0.00083,1
3.0278,-0.42884,0.04573,0.00746,-0.00080,-0.00116,0.00027,1.42940,-0.14969,0.00958,-0.01056,0.00482,-0.17539,0.01446,-0.15805,0.86926,0,0.00870,-0.00086,-0.01805,0.43485,-0.08535,-0.00282,0.00083,1
3.0298,-0.42884,0.04573,0.00746,-0.00080,-0.00042,0.00062,1.42940,-0.14969,0.00958,-0.01070,0.00484,-0.17622,0.01421,-0.15844,0.86928,0,0.00870,-0.00086,-0.01805,0.43485,-0.08535,-0.00282,0.00083,1
3.0318,-0.42884,0.04573,0.00746,-0.00080,0.00020,0.00086,1.42940,-0.14969,0.00958,-0.01082,0.00486,-0.17693,0.01409,-0.15868,0.86935,0,0.00870,-0.00086,-0.01805,0.43485,-0.08535,-0.00282,0.00083,1
3.0338,-0.42884,0.04573,0.00746,-0.00080,0.00071,0.00098,1.42940,-0.14969,0.00958,-0.01093,0.00489,-0.17750,0.01411,-0.15905,0.86937,0,0.00870,-0.00086,-0.01805,0.43485,-0.08535,-0.00282,0.00083,1
3.0358,-0.42884,0.04573,0.00746,-0.00079,0.00110,0.00098,1.42940,-0.14969,0.00958,-0.01103,0.00492,-0.17795,0.01425,-0.15937,0.86943,0,0.00870,-0.00086,-0.01805,0.43485,-0.08535,-0.00282,0.00083,1
3.0378,-0.42884,0.04573,0.00747,-0.00079,0.00137,0.00087,1.42940,-0.14969,0.00958,-0.01113,0.00494,-0.17827,0.01451,-0.15966,0.86946,0,0.00870,-0.00086,-0.01805,0.43485,-0.08535,-0.00282,0.00083,1
3.0399,-0.42884,0.04573,0.00747,-0.00079,0.00153,0.00064,1.42940,-0.14969,0.00958,-0.01122,0.00496,-0.17846,0.01465,-0.16006,0.86948,0,0.00870,-0.00086,-0.01805,0.43485,-0.08535,-0.00282,0.00083,1
3.0419,-0.42884,0.04573,0.00747,-0.00079,0.00157,0.00053,1.42940,-0.14969,0.00958,-0.01131,0.00498,-0.17853,0.01467,-0.16036,0.86952,0,0.00870,-0.00086,-0.01805,0.43485,-0.08535,-0.00282,0.00083,1
3.0439,-0.42884,0.04573,0.00748,-0.00079,0.00150,0.00053,1.42940,-0.14969,0.00958,-0.01140,0.00500,-0.17846,0.01458,-0.16073,0.86958,0,0.00870,-0.00086,-0.01805,0.43485,-0.08535,-0.00282,0.00083,1
3.0459,-0.42884,0.04573,0.00748,-0.00079,0.00130,0.00062,1.42940,-0.14969,0.00958,-0.01149,0.00502,-0.17827,0.01460,-0.16103,0.86955,0,0.00870,-0.00086,-0.01805,0.43485,-0.08535,-0.00282,0.00083,1
3.0479,-0.42884,0.04573,0.00748,-0.00079,0.00100,0.00062,1.42940,-0.14969,0.00958,-0.01159,0.00504,-0.17795,0.01462,-0.16137,0.86959,0,0.00870,-0.00086,-0.01805,0.43485,-0.08535,-0.00282,0.00083,1
3.0499,-0.42884,0.04573,0.00748,-0.00078,0.00057,0.00062,1.42940,-0.14969,0.00958,-0.01169,0.00506,-0.17750,0.01464,-0.16171,0.86968,0,0.00870,-0.00086,-0.01805,0.43485,-0.08535,-0.00282,0.00083,1
3.0519,-0.42884,0.04573,0.00748,-0.00078,0.00003,0.00061,1.42940,-0.14969,0.00958,-0.01180,0.00508,-0.17693,0.01466,-0.16206,0.86970,0,0.00870,-0.00086,-0.01805,0.43485,-0.08535,-0.00282,0.00083,1
3.0539,-0.42884,0.04573,0.00748,-0.00078,-0.00063,0.00061,1.42940,-0.14969,0.00958,-0.01193,0.00510,-0.17622,0.01468,-0.16237,0.86971,0,0.00870,-0.00086,-0.01805,0.43485,-0.08535,-0.00282,0.00083,1
3.0559,-0.42884,0.04573,0.00748,-0.00078,-0.00140,0.00060,1.42940,-0.14969,0.00958,-0.01207,0.00512,-0.17539,0.01470,-0.16271,0.86974,0,0.00870,-0.00086,-0.01805,0.43485,-0.08535,-0.00282,0.00083,1
3.0579,-0.42884,0.04573,0.00748,-0.00078,-0.00229,0.00060,1.42940,-0.14969,0.00958,-0.01223,0.00514,-0.17443,0.01472,-0.16304,0.86979,0,0.00870,-0.00086,-0.01805,0.43485,-0.08535,-0.00282,0.00083,1
3.0599,-0.42884,0.04573,0.00747,-0.00078,-0.00330,0.00060,1.42940,-0.14969,0.00958,-0.01240,0.00516,-0.17334,0.01474,-0.16342,0.86984,0,0.00870,-0.00086,-0.01805,0.43485,-0.08535,-0.00282,0.00083,1
3.0619,-0.42884,0.04573,0.00746,-0.00078,-0.00442,0.00059,1.42940,-0.14969,0.00958,-0.01260,0.00518,-0.17213,0.01476,-0.16378,0.86983,0,0.00870,-0.00086,-0.01805,0.43485,-0.08535,-0.00282,0.00083,1
3.0639,-0.42884,0.04573,0.00745,-0.00078,-0.00566,0.00059,1.42940,-0.14969,0.00958,-0.01282,0.00520,-0.17078,0.01478,-0.16411,0.86987,0,0.00870,-0.00086,-0.01805,0.43485,-0.08535,-0.00282,0.00083,1
3.0659,-0.42884,0.04573,0.00744,-0.00077,-0.00701,0.00058,1.42940,-0.14969,0.00958,-0.01306,0.00522,-0.16931,0.01479,-0.16442,0.86987,0,0.00870,-0.00086,-0.01805,0.43485,-0.08535,-0.00282,0.00083,1
3.0679,-0.42884,0.04573,0.00742,-0.00077,-0.00848,0.00058,1.42940,-0.14969,0.00958,-0.01333,0.00524,-0.16771,0.01481,-0.16476,0.86995,0,0.00870,-0.00086,-0.01805,0.43485,-0.08535,-0.00282,0.00083,1
3.0699,-0.42884,0.04573,0.00741,-0.00077,-0.01007,0.00058,1.42940,-0.14969,0.00958,-0.01363,0.00525,-0.16611,0.01483,-0.16506,0.87001,0,0.00870,-0.00086,-0.01805,0.43485,-0.08535,-0.00282,0.00083,1
3.0719,-0.42884,0.04573,0.00738,-0.00077,-0.01165,0.00057,1.42940,-0.14969,0.00958,-0.01397,0.00527,-0.16451,0.01485,-0.16538,0.87001,0,0.00870,-0.00086,-0.01805,0.43485,-0.08535,-0.00282,0.00083,1
3.0739,-0.42884,0.04573,0.00736,-0.00077,-0.01324,0.00057,1.42940,-0.14969,0.00958,-0.01433,0.00529,-0.16304,0.01487,-0.16575,0.87005,0,0.00870,-0.00086,-0.01805,0.43485,-0.08535,-0.00282,0.00083,1
3.0759,-0.42884,0.04573,0.00733,-0.00077,-0.01471,0.00057,1.42940,-0.14969,0.00958,-0.01473,0.00531,-0.16169,0.01489,-0.16606,0.87007,0,0.00870,-0.00086,-0.01805,0.43485,-0.08535,-0.00282,0.00083,1
3.0779,-0.42884,0.04573,0.00730,-0.00077,-0.01606,0.00056,1.42940,-0.14969,0.00958,-0.01515,0.00533,-0.16048,0.01491,-0.16644,0.87009,0,0.00870,-0.00086,-0.01805,0.43485,-0.08535,-0.00282,0.00083,1
3.0799,-0.42884,0.04573,0.00727,-0.00077,-0.01730,0.00056,1.42940,-0.14969,0.00958,-0.01560,0.00535,-0.15939,0.01493,-0.16669,0.87012,0,0.00870,-0.00086,-0.01805,0.43485,-0.08535,-0.00282,0.00083,1
3.0819,-0.42884,0.04573,0.00723,-0.00077,-0.01841,0.00056,1.42940,-0.14969,0.00958,-0.01607,0.00537,-0.15843,0.01495,-0.16700,0.87020,0,0.00870,-0.00086,-0.01805,0.43485,-0.08535,-0.00282,0.00083,1
3.0839,-0.42884,0.04573,0.00719,-0.00076,-0.01941,0.00055,1.42940,-0.14969,0.00958,-0.01656,0.00539,-0.15760,0.01496,-0.16731,0.87022,0,0.00870,-0.00086,-0.01805,0.43485,-0.08535,-0.00282,0.00083,1
3.0859,-0.42884,0.04573,0.00715,-0.00076,-0.02030,0.00055,1.42940,-0.14969,0.00958,-0.01707,0.00540,-0.15689,0.01498,-0.16761,0.87025,0,0.00870,-0.00086,-0.01805,0.43485,-0.08535,-0.00282,0.00083,1
3.0879,-0.42884,0.04573,0.00711,-0.00076,-0.02106,0.00055,1.42940,-0.14969,0.00958,-0.01760,0.00542,-0.15632,0.01500,-0.16794,0.87026,0,0.00870,-0.00086,-0.01805,0.43485,-0.08535,-0.00282,0.00083,1
3.0899,-0.42066,0.04548,0.00786,-0.00089,-0.01882,0.00008,1.42830,-0.14969,0.00958,-0.00707,0.00403,-0.15587,0.01489,-0.16829,0.87028,0,0.00889,-0.00103,-0.01805,0.43485,-0.08535,-0.00282,0.00083,1
3.0919,-0.42066,0.04548,0.00782,-0.00089,-0.01937,0.00019,1.42830,-0.14969,0.00958,-0.00757,0.00404,-0.15555,0.01465,-0.16859,0.87031,0,0.00889,-0.00103,-0.01805,0.43485,-0.08535,-0.00282,0.00083,1
3.0939,-0.42066,0.04548,0.00779,-0.00089,-0.01980,0.00042,1.42830,-0.14969,0.00958,-0.00807,0.00405,-0.15536,0.01429,-0.16896,0.87030,0,0.00889,-0.00103,-0.01805,0.43485,-0.08535,-0.00282,0.00083,1
3.0960,-0.42066,0.04548,0.00775,-0.00089,-0.02011,0.00077,1.42830,-0.14969,0.00958,-0.00859,0.00407,-0.15529,0.01379,-0.16924,0.87036,0,0.00889,-0.00103,-0.01805,0.43485,-0.08535,-0.00282,0.00083,1
3.0980,-0.42066,0.04548,0.00770,-0.00089,-0.02031,0.00124,1.42830,-0.14969,0.00958,-0.00910,0.00410,-0.15536,0.01343,-0.16955,0.87042,0,0.00889,-0.00103,-0.01805,0.43485,-0.08535,-0.00282,0.00083,1
3.1000,-0.42066,0.04548,0.00766,-0.00089,-0.02039,0.00159,1.42830,-0.14969,0.00958,-0.00963,0.00413,-0.15555,0.01319,-0.16989,0.87044,0,0.00889,-0.00103,-0.01805,0.43485,-0.08535,-0.00282,0.00083,1
3.1020,-0.42066,0.04548,0.00762,-0.00088,-0.02035,0.00182,1.42830,-0.14969,0.00958,-0.01015,0.00417,-0.15587,0.01308,-0.17023,0.87042,0,0.00889,-0.00103,-0.01805,0.43485,-0.08535,-0.00282,0.00083,1
3.1040,-0.42066,0.04548,0.00758,-0.00088,-0.02019,0.00193,1.42830,-0.14969,0.00958,-0.01067,0.00422,-0.15632,0.01310,-0.17060,0.87046,0,0.00889,-0.00103,-0.01805,0.43485,-0.08535,-0.00282,0.00083,1
3.1060,-0.42066,0.04548,0.00754,-0.00088,-0.01992,0.00193,1.42830,-0.14969,0.00958,-0.01118,0.00426,-0.15689,0.01325,-0.17090,0.87047,0,0.00889,-0.00103,-0.01805,0.43485,-0.08535,-0.00282,0.00083,1
3.1080,-0.42066,0.04548,0.00750,-0.00087,-0.01953,0.00181,1.42830,-0.14969,0.00958,-0.01169,0.00431,-0.15760,0.01352,-0.17126,0.87050,0,0.00889,-0.00103,-0.01805,0.43485,-0.08535,-0.00282,0.00083,1
3.1100,-0.42066,0.04548,0.00746,-0.00087,-0.01902,0.00158,1.42830,-0.14969,0.00958,-0.01219,0.00435,-0.15843,0.01392,-0.17152,0.87053,0,0.00889,-0.00103,-0.01805,0.43485,-0.08535,-0.00282,0.00083,1
3.1120,-0.42066,0.04548,0.00743,-0.00087,-0.01840,0.00123,1.42830,-0.14969,0.00958,-0.01268,0.00438,-0.15939,0.01420,-0.17191,0.87055,0,0.00889,-0.00103,-0.01805,0.43485,-0.08535,-0.00282,0.00083,1
3.1140,-0.42066,0.04548,0.00739,-0.00086,-0.01766,0.00099,1.42830,-0.14969,0.00958,-0.01315,0.00441,-0.16048,0.01434,-0.17224,0.87055,0,0.00889,-0.00103,-0.01805,0.43485,-0.08535,-0.00282,0.00083,1
3.1160,-0.42066,0.04548,0.00736,-0.00086,-0.01680,0.00088,1.42830,-0.14969,0.00958,-0.01361,0.00444,-0.16169,0.01436,-0.17261,0.87061,0,0.00889,-0.00103,-0.01805,0.43485,-0.08535,-0.00282,0.00083,1
3.1180,-0.42066,0.04548,0.00732,-0.00086,-0.01582,0.00088,1.42830,-0.14969,0.00958,-0.01405,0.00447,-0.16304,0.01425,-0.17295,0.87064,0,0.00889,-0.00103,-0.01805,0.43485,-0.08535,-0.00282,0.00083,1
3.1200,-0.42066,0.04548,0.00729,-0.00086,-0.01473,0.00099,1.42830,-0.14969,0.00958,-0.01447,0.00449,-0.16425,0.01407,-0.17324,0.87069,0,0.00889,-0.00103,-0.01805,0.43485,-0.08535,-0.00282,0.00083,1
3.1220,-0.42066,0.04548,0.00727,-0.00086,-0.01376,0.00117,1.42830,-0.14969,0.00958,-0.01487,0.00452,-0.16534,0.01401,-0.17362,0.87072,0,0.00889,-0.00103,-0.01805,0.43485,-0.08535,-0.00282,0.00083,1
3.1240,-0.42066,0.04548,0.00724,-0.00085,-0.01290,0.00124,1.42830,-0.14969,0.00958,-0.01525,0.00455,-0.16630,0.01408,-0.17392,0.87077,0,0.00889,-0.00103,-0.01805,0.43485,-0.08535,-0.00282,0.00083,1
3.1260,-0.42066,0.04548,0.00721,-0.00085,-0.01215,0.00119,1.42830,-0.14969,0.00958,-0.01562,0.00458,-0.16713,0.01416,-0.17429,0.87078,0,0.00889,-0.00103,-0.01805,0.43485,-0.08535,-0.00282,0.00083,1
3.1280,-0.42066,0.04548,0.00719,-0.00085,-0.01152,0.00114,1.42830,-0.14969,0.00958,-0.01597,0.00461,-0.16784,0.01419,-0.17458,0.87083,0,0.00889,-0.00103,-0.01805,0.43485,-0.08535,-0.00282,0.00083,1
3.1300,-0.42066,0.04548,0.00717,-0.00085,-0.01101,0.00112,1.42830,-0.14969,0.00958,-0.01632,0.00464,-0.16841,0.01422,-0.17489,0.87087,0,0.00889,-0.00103,-0.01805,0.43485,-0.08535,-0.00282,0.00083,1
3.1320,-0.42066,0.04548,0.00715,-0.00085,-0.01062,0.00111,1.42830,-0.14969,0.00958,-0.01665,0.00467,-0.16886,0.01425,-0.17529,0.87087,0,0.00889,-0.00103,-0.01805,0.43485,-0.08535,-0.00282,0.00083,1
3.1340,-0.42066,0.04548,0.00712,-0.00084,-0.01034,0.00110,1.42830,-0.14969,0.00958,-0.01697,0.00470,-0.16918,0.01428,-0.17561,0.87085,0,0.00889,-0.00103,-0.01805,0.43485,-0.08535,-0.00282,0.00083,1
3.1360,-0.42066,0.04548,0.00710,-0.00084,-0.01017,0.00109,1.42830,-0.14969,0.00958,-0.01730,0.00473,-0.16937,0.01431,-0.17594,0.87088,0,0.00889,-0.00103,-0.01805,0.43485,-0.08535,-0.00282,0.00083,1
3.1380,-0.42066,0.04548,0.00708,-0.00084,-0.01012,0.00108,1.42830,-0.14969,0.00958,-0.01761,0.00476,-0.16944,0.01434,-0.17626,0.87094,0,0.00889,-0.00103,-0.01805,0.43485,-0.08535,-0.00282,0.00083,1
3.1401,-0.42066,0.04548,0.00706,-0.00084,-0.01019,0.00106,1.42830,-0.14969,0.00958,-0.01794,0.00479,-0.16937,0.01437,-0.17655,0.87099,0,0.00889,-0.00103,-0.01805,0.43485,-0.08535,-0.00282,0.00083,1
3.1421,-0.42066,0.04548,0.00704,-0.00083,-0.01037,0.00105,1.42830,-0.14969,0.00958,-0.01826,0.00482,-0.16918,0.01440,-0.17692,0.87104,0,0.00889,-0.00103,-0.01805,0.43485,-0.08535,-0.00282,0.00083,1
3.1441,-0.42066,0.04548,0.00702,-0.00083,-0.01067,0.00104,1.42830,-0.14969,0.00958,-0.01859,0.00485,-0.16886,0.01442,-0.17728,0.87109,0,0.00889,-0.00103,-0.01805,0.43485,-0.08535,-0.00282,0.00083,1
3.1461,-0.42066,0.04548,0.00700,-0.00083,-0.01109,0.00103,1.42830,-0.14969,0.00958,-0.01892,0.00487,-0.16861,0.01445,-0.17760,0.87107,0,0.00889,-0.00103,-0.01805,0.43485,-0.08535,-0.00282,0.00083,1
3.1481,-0.42066,0.04548,0.00698,-0.00083,-0.01144,0.00102,1.42830,-0.14969,0.00958,-0.01926,0.00490,-0.16849,0.01448,-0.17794,0.87106,0,0.00889,-0.00103,-0.01805,0.43485,-0.08535,-0.00282,0.00083,1
3.1501,-0.42066,0.04548,0.00695,-0.00083,-0.01167,0.00101,1.42830,-0.14969,0.00958,-0.01961,0.00493,-0.16850,0.01451,-0.17828,0.87114,0,0.00889,-0.00103,-0.01805,0.43485,-0.08535,-0.00282,0.00083,1
3.1521,-0.42066,0.04548,0.00693,-0.00082,-0.01179,0.00100,1.42830,-0.14969,0.00958,-0.01996,0.00496,-0.16864,0.01454,-0.17859,0.87117,0,0.00889,-0.00103,-0.01805,0.43485,-0.08535,-0.00282,0.00083,1
3.1541,-0.41219,0.04586,0.00772,-0.00094,-0.00839,0.00030,1.42607,-0.14969,0.00958,-0.00893,0.00401,-0.16864,0.01443,-0.17925,0.87122,0,0.00894,-0.00106,-0.00908,0.43272,-0.09477,-0.00260,-0.00295,1
3.1561,-0.41219,0.04586,0.00770,-0.00094,-0.00852,0.00041,1.42607,-0.14969,0.00958,-0.00921,0.00402,-0.16852,0.01421,-0.17925,0.87122,0,0.00894,-0.00106,-0.00908,0.43272,-0.09477,-0.00260,-0.00295,1
3.1581,-0.41219,0.04586,0.00769,-0.00093,-0.00877,0.00063,1.42607,-0.14969,0.00958,-0.00950,0.00404,-0.16827,0.01385,-0.17957,0.87127,0,0.00894,-0.00106,-0.00908,0.43272,-0.09477,-0.00260,-0.00295,1
3.1601,-0.41219,0.04586,0.00767,-0.00093,-0.00913,0.00098,1.42607,-0.14969,0.00958,-0.00980,0.00407,-0.16790,0.01362,-0.17987,0.87129,0,0.00894,-0.00106,-0.00908,0.43272,-0.09477,-0.00260,-0.00295,1
3.1621,-0.41219,0.04586,0.00765,-0.00093,-0.00961,0.00120,1.42607,-0.14969,0.00958,-0.01011,0.00409,-0.16739,0.01352,-0.18022,0.87133,0,0.00894,-0.00106,-0.00908,0.43272,-0.09477,-0.00260,-0.00295,1
3.1642,-0.41219,0.04586,0.00763,-0.00093,-0.01020,0.00131,1.42607,-0.14969,0.00958,-0.01042,0.00413,-0.16676,0.01355,-0.18061,0.87135,0,0.00894,-0.00106,-0.00908,0.43272,-0.09477,-0.00260,-0.00295,1
3.1662,-0.41219,0.04586,0.00761,-0.00093,-0.01091,0.00130,1.42607,-0.14969,0.00958,-0.01075,0.00416,-0.16600,0.01370,-0.18092,0.87133,0,0.00894,-0.00106,-0.00908,0.43272,-0.09477,-0.00260,-0.00295,1
3.1682,-0.41219,0.04586,0.00759,-0.00092,-0.01174,0.00117,1.42607,-0.14969,0.00958,-0.01109,0.00419,-0.16511,0.01377,-0.18128,0.87140,0,0.00894,-0.00106,-0.00908,0.43272,-0.09477,-0.00260,-0.00295,1
3.1702,-0.41219,0.04586,0.00756,-0.00092,-0.01268,0.00113,1.42607,-0.14969,0.00958,-0.01145,0.00422,-0.16409,0.01380,-0.18158,0.87141,0,0.00894,-0.00106,-0.00908,0.43272,-0.09477,-0.00260,-0.00295,1
3.1722,-0.41219,0.04586,0.00753,-0.00092,-0.01374,0.00112,1.42607,-0.14969,0.00958,-0.01183,0.00425,-0.16295,0.01383,-0.18191,0.87144,0,0.00894,-0.00106,-0.00908,0.43272,-0.09477,-0.00260,-0.00295,1
3.1742,-0.41219,0.04586,0.00751,-0.00092,-0.01492,0.00111,1.42607,-0.14969,0.00958,-0.01223,0.00428,-0.16193,0.01386,-0.18225,0.87145,0,0.00894,-0.00106,-0.00908,0.43272,-0.09477,-0.00260,-0.00295,1
3.1762,-0.41219,0.04586,0.00748,-0.00091,-0.01598,0.00110,1.42607,-0.14969,0.00958,-0.01266,0.00431,-0.16104,0.01389,-0.18256,0.87148,0,0.00894,-0.00106,-0.00908,0.43272,-0.09477,-0.00260,-0.00295,1
3.1782,-0.41219,0.04586,0.00744,-0.00091,-0.01692,0.00109,1.42607,-0.14969,0.00958,-0.01310,0.00434,-0.16028,0.01392,-0.18288,0.87155,0,0.00894,-0.00106,-0.00908,0.43272,-0.09477,-0.00260,-0.00295,1
3.1802,-0.41219,0.04586,0.00741,-0.00091,-0.01774,0.00108,1.42607,-0.14969,0.00958,-0.01356,0.00437,-0.15964,0.01395,-0.18322,0.87151,0,0.00894,-0.00106,-0.00908,0.43272,-0.09477,-0.00260,-0.00295,1
3.1822,-0.41219,0.04586,0.00737,-0.00091,-0.01845,0.00107,1.42607,-0.14969,0.00958,-0.01404,0.00440,-0.15914,0.01398,-0.18351,0.87157,0,0.00894,-0.00106,-0.00908,0.43272,-0.09477,-0.00260,-0.00295,1
3.1842,-0.41219,0.04586,0.00733,-0.00091,-0.01904,0.00106,1.42607,-0.14969,0.00958,-0.01453,0.00443,-0.15876,0.01400,-0.18379,0.87163,0,0.00894,-0.00106,-0.00908,0.43272,-0.09477,-0.00260,-0.00295,1
3.1862,-0.41219,0.04586,0.00730,-0.00090,-0.01952,0.00105,1.42607,-0.14969,0.00958,-0.01503,0.00445,-0.15851,0.01403,-0.18412,0.87164,0,0.00894,-0.00106,-0.00908,0.43272,-0.09477,-0.00260,-0.00295,1
3.1882,-0.41219,0.04586,0.00726,-0.00090,-0.01987,0.00104,1.42607,-0.14969,0.00958,-0.01553,0.00448,-0.15838,0.01406,-0.18445,0.87167,0,0.00894,-0.00106,-0.00908,0.43272,-0.09477,-0.00260,-0.00295,1
3.1902,-0.41219,0.04586,0.00722,-0.00090,-0.02011,0.00103,1.42607,-0.14969,0.00958,-0.01605,0.00451,-0.15839,0.01409,-0.18479,0.87169,0,0.00894,-0.00106,-0.00908,0.43272,-0.09477,-0.00260,-0.00295,1
3.1922,-0.41219,0.04586,0.00718,-0.00090,-0.02023,0.00102,1.42607,-0.14969,0.00958,-0.01656,0.00454,-0.15852,0.01412,-0.18513,0.87172,0,0.00894,-0.00106,-0.00908,0.43272,-0.09477,-0.00260,-0.00295,1
3.1942,-0.41219,0.04586,0.00714,-0.00090,-0.02024,0.00101,1.42607,-0.14969,0.00958,-0.01708,0.00457,-0.15879,0.01414,-0.18542,0.87176,0,0.00894,-0.00106,-0.00908,0.43272,-0.09477,-0.00260,-0.00295,1
3.1962,-0.41219,0.04586,0.00709,-0.00089,-0.02013,0.00100,1.42607,-0.14969,0.00958,-0.01760,0.00459,-0.15918,0.01417,-0.18570,0.87178,0,0.00894,-0.00106,-0.00908,0.43272,-0.09477,-0.00260,-0.00295,1
3.1982,-0.41219,0.04586,0.00705,-0.00089,-0.01990,0.00099,1.42607,-0.14969,0.00958,-0.01811,0.00462,-0.15969,0.01420,-0.18605,0.87179,0,0.00894,-0.00106,-0.00908,0.43272,-0.09477,-0.00260,-0.00295,1
3.2002,-0.41219,0.04586,0.00702,-0.00089,-0.01955,0.00098,1.42607,-0.14969,0.00958,-0.01862,0.00465,-0.16034,0.01423,-0.18639,0.87182,0,0.00894,-0.00106,-0.00908,0.43272,-0.09477,-0.00260,-0.00295,1
3.2022,-0.41219,0.04586,0.00698,-0.00089,-0.01909,0.00097,1.42607,-0.14969,0.00958,-0.01912,0.00468,-0.16111,0.01425,-0.18672,0.87183,0,0.00894,-0.00106,-0.00908,0.43272,-0.09477,-0.00260,-0.00295,1
3.2042,-0.41219,0.04586,0.00694,-0.00089,-0.01851,0.00096,1.42607,-0.14969,0.00958,-0.01961,0.00470,-0.16202,0.01428,-0.18703,0.87189,0,0.00894,-0.00106,-0.00908,0.43272,-0.09477,-0.00260,-0.00295,1
3.2062,-0.41219,0.04586,0.00690,-0.00088,-0.01781,0.00096,1.42607,-0.14969,0.00958,-0.02009,0.00473,-0.16305,0.01431,-0.18737,0.87189,0,0.00894,-0.00106,-0.00908,0.43272,-0.09477,-0.00260,-0.00295,1
3.2082,-0.41219,0.04586,0.00687,-0.00088,-0.01700,0.00095,1.42607,-0.14969,0.00958,-0.02055,0.00475,-0.16420,0.01433,-0.18766,0.87193,0,0.00894,-0.00106,-0.00908,0.43272,-0.09477,-0.00260,-0.00295,1
3.2102,-0.41219,0.04586,0.00683,-0.00088,-0.01607,0.00094,1.42607,-0.14969,0.00958,-0.02099,0.00478,-0.16549,0.01436,-0.18803,0.87194,0,0.00894,-0.00106,-0.00908,0.43272,-0.09477,-0.00260,-0.00295,1
3.2122,-0.41219,0.04586,0.00680,-0.00088,-0.01502,0.00093,1.42607,-0.14969,0.00958,-0.02142,0.00481,-0.16690,0.01438,-0.18832,0.87200,0,0.00894,-0.00106,-0.00908,0.43272,-0.09477,-0.00260,-0.00295,1
3.2142,-0.41219,0.04586,0.00677,-0.00088,-0.01386,0.00092,1.42607,-0.14969,0.00958,-0.02182,0.00483,-0.16844,0.01441,-0.18868,0.87203,0,0.00894,-0.00106,-0.00908,0.43272,-0.09477,-0.00260,-0.00295,1
3.2162,-0.41219,0.04586,0.00675,-0.00087,-0.01258,0.00091,1.42607,-0.14969,0.00958,-0.02221,0.00486,-0.17004,0.01444,-0.18904,0.87206,0,0.00894,-0.00106,-0.00908,0.43272,-0.09477,-0.00260,-0.00295,1
3.2182,-0.41219,0.04586,0.00672,-0.00087,-0.01124,0.00091,1.42607,-0.14969,0.00958,-0.02256,0.00488,-0.17164,0.01446,-0.18938,0.87208,0,0.00894,-0.00106,-0.00908,0.43272,-0.09477,-0.00260,-0.00295,1
3.2202,-0.41219,0.04586,0.00670,-0.00087,-0.00991,0.00090,1.42607,-0.14969,0.00958,-0.02289,0.00491,-0.17312,0.01449,-0.18977,0.87208,0,0.00894,-0.00106,-0.00908,0.43272,-0.09477,-0.00260,-0.00295,1
3.2222,-0.40231,0.04562,0.00723,-0.00090,-0.00854,0.00079,1.42639,-0.14969,0.00958,-0.01392,0.00456,-0.17446,0.01439,-0.19044,0.87220,0,0.00845,-0.00096,-0.00199,0.43214,-0.10259,-0.00323,-0.00451,1
3.2242,-0.40231,0.04562,0.00721,-0.00090,-0.00745,0.00090,1.42639,-0.14969,0.00958,-0.01420,0.00459,-0.17568,0.01417,-0.19044,0.87220,0,0.00845,-0.00096,-0.00199,0.43214,-0.10259,-0.00323,-0.00451,1
3.2262,-0.40231,0.04562,0.00720,-0.00089,-0.00647,0.00111,1.42639,-0.14969,0.00958,-0.01446,0.00462,-0.17676,0.01407,-0.19083,0.87221,0,0.00845,-0.00096,-0.00199,0.43214,-0.10259,-0.00323,-0.00451,1
3.2283,-0.40231,0.04562,0.00718,-0.00089,-0.00561,0.00121,1.42639,-0.14969,0.00958,-0.01470,0.00465,-0.17772,0.01411,-0.19113,0.87225,0,0.00845,-0.00096,-0.00199,0.43214,-0.10259,-0.00323,-0.00451,1
3.2303,-0.40231,0.04562,0.00717,-0.00089,-0.00487,0.00120,1.42639,-0.14969,0.00958,-0.01492,0.00468,-0.17856,0.01426,-0.19151,0.87227,0,0.00845,-0.00096,-0.00199,0.43214,-0.10259,-0.00323,-0.00451,1
3.2323,-0.40231,0.04562,0.00716,-0.00089,-0.00424,0.00108,1.42639,-0.14969,0.00958,-0.01513,0.00471,-0.17926,0.01429,-0.19184,0.87230,0,0.00845,-0.00096,-0.00199,0.43214,-0.10259,-0.00323,-0.00451,1
3.2343,-0.40231,0.04562,0.00716,-0.00088,-0.00372,0.00107,1.42639,-0.14969,0.00958,-0.01533,0.00474,-0.17984,0.01431,-0.19221,0.87234,0,0.00845,-0.00096,-0.00199,0.43214,-0.10259,-0.00323,-0.00451,1
3.2363,-0.40231,0.04562,0.00715,-0.00088,-0.00333,0.00106,1.42639,-0.14969,0.00958,-0.01552,0.00477,-0.18028,0.01434,-0.19255,0.87237,0,0.00845,-0.00096,-0.00199,0.43214,-0.10259,-0.00323,-0.00451,1
3.2383,-0.40231,0.04562,0.00714,-0.00088,-0.00305,0.00105,1.42639,-0.14969,0.00958,-0.01570,0.00479,-0.18060,0.01437,-0.19287,0.87243,0,0.00845,-0.00096,-0.00199,0.43214,-0.10259,-0.00323,-0.00451,1
3.2403,-0.40231,0.04562,0.00714,-0.00088,-0.00288,0.00104,1.42639,-0.14969,0.00958,-0.01588,0.00482,-0.18080,0.01440,-0.19322,0.87243,0,0.00845,-0.00096,-0.00199,0.43214,-0.10259,-0.00323,-0.00451,1
3.2423,-0.40231,0.04562,0.00713,-0.00088,-0.00284,0.00103,1.42639,-0.14969,0.00958,-0.01606,0.00485,-0.18086,0.01443,-0.19353,0.87247,0,0.00845,-0.00096,-0.00199,0.43214,-0.10259,-0.00323,-0.00451,1
3.2443,-0.40231,0.04562,0.00712,-0.00087,-0.00291,0.00102,1.42639,-0.14969,0.00958,-0.01623,0.00488,-0.18080,0.01446,-0.19388,0.87250,0,0.00845,-0.00096,-0.00199,0.43214,-0.10259,-0.00323,-0.00451,1
3.2463,-0.40231,0.04562,0.00712,-0.00087,-0.00309,0.00101,1.42639,-0.14969,0.00958,-0.01641,0.00491,-0.18060,0.01448,-0.19425,0.87255,0,0.00845,-0.00096,-0.00199,0.43214,-0.10259,-0.00323,-0.00451,1
3.2483,-0.40231,0.04562,0.00711,-0.00087,-0.00339,0.00100,1.42639,-0.14969,0.00958,-0.01659,0.00493,-0.18028,0.01451,-0.19460,0.87257,0,0.00845,-0.00096,-0.00199,0.43214,-0.10259,-0.00323,-0.00451,1
3.2503,-0.40231,0.04562,0.00711,-0.00087,-0.00381,0.00099,1.42639,-0.14969,0.00958,-0.01679,0.00496,-0.17984,0.01454,-0.19497,0.87259,0,0.00845,-0.00096,-0.00199,0.43214,-0.10259,-0.00323,-0.00451,1
3.2523,-0.40231,0.04562,0.00710,-0.00087,-0.00434,0.00098,1.42639,-0.14969,0.00958,-0.01699,0.00499,-0.17926,0.01456,-0.19525,0.87264,0,0.00845,-0.00096,-0.00199,0.43214,-0.10259,-0.00323,-0.00451,1
3.2543,-0.40231,0.04562,0.00709,-0.00086,-0.00499,0.00097,1.42639,-0.14969,0.00958,-0.01720,0.00501,-0.17856,0.01459,-0.19557,0.87265,0,0.00845,-0.00096,-0.00199,0.43214,-0.10259,-0.00323,-0.00451,1
3.2563,-0.40231,0.04562,0.00708,-0.00086,-0.00576,0.00096,1.42639,-0.14969,0.00958,-0.01742,0.00504,-0.17772,0.01462,-0.19602,0.87265,0,0.00845,-0.00096,-0.00199,0.43214,-0.10259,-0.00323,-0.00451,1
3.2583,-0.40231,0.04562,0.00706,-0.00086,-0.00664,0.00095,1.42639,-0.14969,0.00958,-0.01766,0.00507,-0.17676,0.01464,-0.19631,0.87271,0,0.00845,-0.00096,-0.00199,0.43214,-0.10259,-0.00323,-0.00451,1
3.2603,-0.40231,0.04562,0.00705,-0.00086,-0.00764,0.00094,1.42639,-0.14969,0.00958,-0.01792,0.00509,-0.17568,0.01467,-0.19661,0.87273,0,0.00845,-0.00096,-0.00199,0.43214,-0.10259,-0.00323,-0.00451,1
3.2623,-0.40231,0.04562,0.00703,-0.00086,-0.00876,0.00094,1.42639,-0.14969,0.00958,-0.01821,0.00512,-0.17446,0.01470,-0.19703,0.87274,0,0.00845,-0.00096,-0.00199,0.43214,-0.10259,-0.00323,-0.00451,1
3.2643,-0.40231,0.04562,0.00702,-0.00085,-0.00999,0.00093,1.42639,-0.14969,0.00958,-0.01851,0.00515,-0.17312,0.01472,-0.19740,0.87276,0,0.00845,-0.00096,-0.00199,0.43214,-0.10259,-0.00323,-0.00451,1
3.2663,-0.40231,0.04562,0.00699,-0.00085,-0.01133,0.00092,1.42639,-0.14969,0.00958,-0.01884,0.00517,-0.17164,0.01475,-0.19770,0.87279,0,0.00845,-0.00096,-0.00199,0.43214,-0.10259,-0.00323,-0.00451,1
3.2683,-0.40231,0.04562,0.00697,-0.00085,-0.01279,0.00091,1.42639,-0.14969,0.00958,-0.01920,0.00520,-0.17004,0.01477,-0.19809,0.87282,0,0.00845,-0.00096,-0.00199,0.43214,-0.10259,-0.00323,-0.00451,1
3.2703,-0.40231,0.04562,0.00694,-0.00085,-0.01437,0.00090,1.42639,-0.14969,0.00958,-0.01958,0.00522,-0.16857,0.01480,-0.19842,0.87282,0,0.00845,-0.00096,-0.00199,0.43214,-0.10259,-0.00323,-0.00451,1
3.2723,-0.40231,0.04562,0.00691,-0.00085,-0.01583,0.00089,1.42639,-0.14969,0.00958,-0.02000,0.00525,-0.16723,0.01483,-0.19876,0.87285,0,0.00845,-0.00096,-0.00199,0.43214,-0.10259,-0.00323,-0.00451,1
3.2743,-0.40231,0.04562,0.00688,-0.00085,-0.01718,0.00089,1.42639,-0.14969,0.00958,-0.02045,0.00527,-0.16601,0.01485,-0.19910,0.87288,0,0.00845,-0.00096,-0.00199,0.43214,-0.10259,-0.00323,-0.00451,1
3.2763,-0.40231,0.04562,0.00684,-0.00084,-0.01841,0.00088,1.42639,-0.14969,0.00958,-0.02092,0.00530,-0.16492,0.01488,-0.19939,0.87291,0,0.00845,-0.00096,-0.00199,0.43214,-0.10259,-0.00323,-0.00451,1
3.2783,-0.40231,0.04562,0.00681,-0.00084,-0.01952,0.00087,1.42639,-0.14969,0.00958,-0.02141,0.00532,-0.16396,0.01490,-0.19974,0.87291,0,0.00845,-0.00096,-0.00199,0.43214,-0.10259,-0.00323,-0.00451,1
3.2803,-0.40231,0.04562,0.00677,-0.00084,-0.02051,0.00086,1.42639,-0.14969,0.00958,-0.02192,0.00535,-0.16313,0.01493,-0.20011,0.87292,0,0.00845,-0.00096,-0.00199,0.43214,-0.10259,-0.00323,-0.00451,1
3.2824,-0.40231,0.04562,0.00672,-0.00084,-0.02139,0.00085,1.42639,-0.14969,0.00958,-0.02246,0.00537,-0.16243,0.01495,-0.20036,0.87300,0,0.00845,-0.00096,-0.00199,0.43214,-0.10259,-0.00323,-0.00451,1
3.2844,-0.40231,0.04562,0.00668,-0.00084,-0.02214,0.00085,1.42639,-0.14969,0.00958,-0.02301,0.00540,-0.16185,0.01497,-0.20074,0.87303,0,0.00845,-0.00096,-0.00199,0.43214,-0.10259,-0.00323,-0.00451,1
3.2864,-0.40231,0.04562,0.00664,-0.00084,-0.02279,0.00084,1.42639,-0.14969,0.00958,-0.02357,0.00542,-0.16140,0.01500,-0.20102,0.87304,0,0.00845,-0.00096,-0.00199,0.43214,-0.10259,-0.00323,-0.00451,1
3.2884,-0.40231,0.04562,0.00659,-0.00083,-0.02331,0.00083,1.42639,-0.14969,0.00958,-0.02414,0.00545,-0.16108,0.01502,-0.20137,0.87309,0,0.00845,-0.00096,-0.00199,0.43214,-0.10259,-0.00323,-0.00451,1
3.2904,-0.39103,0.04476,0.00714,-0.00083,-0.02163,0.00081,1.42462,-0.14969,0.00958,-0.01430,0.00510,-0.16089,0.01492,-0.20203,0.87312,0,0.00817,-0.00087,0.00310,0.43244,-0.10814,-0.00435,-0.00198,1
3.2924,-0.39103,0.04476,0.00710,-0.00083,-0.02193,0.00092,1.42462,-0.14969,0.00958,-0.01485,0.00512,-0.16083,0.01470,-0.20203,0.87312,0,0.00817,-0.00087,0.00310,0.43244,-0.10814,-0.00435,-0.00198,1
3.2944,-0.39103,0.04476,0.00706,-0.00083,-0.02211,0.00114,1.42462,-0.14969,0.00958,-0.01540,0.00515,-0.16089,0.01461,-0.20237,0.87315,0,0.00817,-0.00087,0.00310,0.43244,-0.10814,-0.00435,-0.00198,1
3.2964,-0.39103,0.04476,0.00701,-0.00083,-0.02218,0.00124,1.42462,-0.14969,0.00958,-0.01595,0.00518,-0.16108,0.01464,-0.20272,0.87320,0,0.00817,-0.00087,0.00310,0.43244,-0.10814,-0.00435,-0.00198,1
3.2984,-0.39103,0.04476,0.00697,-0.00083,-0.02213,0.00122,1.42462,-0.14969,0.00958,-0.01651,0.00521,-0.16140,0.01479,-0.20307,0.87322,0,0.00817,-0.00087,0.00310,0.43244,-0.10814,-0.00435,-0.00198,1
3.3005,-0.39103,0.04476,0.00692,-0.00082,-0.02196,0.00110,1.42462,-0.14969,0.00958,-0.01707,0.00524,-0.16185,0.01482,-0.20375,0.87324,0,0.00817,-0.00087,0.00310,0.43244,-0.10814,-0.00435,-0.00198,1
3.3025,-0.39103,0.04476,0.00688,-0.00082,-0.02168,0.00109,1.42462,-0.14969,0.00958,-0.01762,0.00527,-0.16243,0.01485,-0.20375,0.87324,0,0.00817,-0.00087,0.00310,0.43244,-0.10814,-0.00435,-0.00198,1
3.3045,-0.39103,0.04476,0.00684,-0.00082,-0.02127,0.00107,1.42462,-0.14969,0.00958,-0.01816,0.00530,-0.16313,0.01488,-0.20407,0.87329,0,0.00817,-0.00087,0.00310,0.43244,-0.10814,-0.00435,-0.00198,1
3.3065,-0.39103,0.04476,0.00679,-0.00082,-0.02075,0.00106,1.42462,-0.14969,0.00958,-0.01870,0.00533,-0.16396,0.01491,-0.20441,0.87332,0,0.00817,-0.00087,0.00310,0.43244,-0.10814,-0.00435,-0.00198,1
3.3085,-0.39103,0.04476,0.00675,-0.00081,-0.02012,0.00105,1.42462,-0.14969,0.00958,-0.01922,0.00536,-0.16492,0.01494,-0.20478,0.87334,0,0.00817,-0.00087,0.00310,0.43244,-0.10814,-0.00435,-0.00198,1
3.3105,-0.39103,0.04476,0.00671,-0.00081,-0.01937,0.00104,1.42462,-0.14969,0.00958,-0.01973,0.00539,-0.16601,0.01496,-0.20508,0.87338,0,0.00817,-0.00087,0.00310,0.43244,-0.10814,-0.00435,-0.00198,1
3.3125,-0.39103,0.04476,0.00668,-0.00081,-0.01850,0.00103,1.42462,-0.14969,0.00958,-0.02022,0.00541,-0.16723,0.01499,-0.20545,0.87341,0,0.00817,-0.00087,0.00310,0.43244,-0.10814,-0.00435,-0.00198,1
3.3145,-0.39103,0.04476,0.00664,-0.00081,-0.01751,0.00102,1.42462,-0.14969,0.00958,-0.02069,0.00544,-0.16857,0.01502,-0.20611,0.87344,0,0.00817,-0.00087,0.00310,0.43244,-0.10814,-0.00435,-0.00198,1
3.3165,-0.39103,0.04476,0.00661,-0.00081,-0.01640,0.00101,1.42462,-0.14969,0.00958,-0.02115,0.00547,-0.17004,0.01505,-0.20611,0.87344,0,0.00817,-0.00087,0.00310,0.43244,-0.10814,-0.00435,-0.00198,1
3.3185,-0.39103,0.04476,0.00657,-0.00080,-0.01518,0.00100,1.42462,-0.14969,0.00958,-0.02158,0.00550,-0.17139,0.01508,-0.20643,0.87352,0,0.00817,-0.00087,0.00310,0.43244,-0.10814,-0.00435,-0.00198,1
3.3205,-0.39103,0.04476,0.00655,-0.00080,-0.01408,0.00098,1.42462,-0.14969,0.00958,-0.02198,0.00552,-0.17260,0.01510,-0.20681,0.87352,0,0.00817,-0.00087,0.00310,0.43244,-0.10814,-0.00435,-0.00198,1
3.3225,-0.39103,0.04476,0.00652,-0.00080,-0.01309,0.00097,1.42462,-0.14969,0.00958,-0.02237,0.00555,-0.17369,0.01513,-0.20715,0.87354,0,0.00817,-0.00087,0.00310,0.43244,-0.10814,-0.00435,-0.00198,1
3.3245,-0.39103,0.04476,0.00649,-0.00080,-0.01221,0.00096,1.42462,-0.14969,0.00958,-0.02274,0.00558,-0.17465,0.01516,-0.20755,0.87357,0,0.00817,-0.00087,0.00310,0.43244,-0.10814,-0.00435,-0.00198,1
3.3265,-0.39103,0.04476,0.00647,-0.00080,-0.01146,0.00095,1.42462,-0.14969,0.00958,-0.02309,0.00560,-0.17548,0.01518,-0.20785,0.87360,0,0.00817,-0.00087,0.00310,0.43244,-0.10814,-0.00435,-0.00198,1
3.3286,-0.39103,0.04476,0.00645,-0.00079,-0.01082,0.00094,1.42462,-0.14969,0.00958,-0.02343,0.00563,-0.17619,0.01521,-0.20820,0.87366,0,0.00817,-0.00087,0.00310,0.43244,-0.10814,-0.00435,-0.00198,1
3.3306,-0.39103,0.04476,0.00643,-0.00079,-0.01029,0.00093,1.42462,-0.14969,0.00958,-0.02376,0.00566,-0.17676,0.01524,-0.20857,0.87367,0,0.00817,-0.00087,0.00310,0.43244,-0.10814,-0.00435,-0.00198,1
3.3326,-0.39103,0.04476,0.00641,-0.00079,-0.00988,0.00092,1.42462,-0.14969,0.00958,-0.02408,0.00568,-0.17721,0.01526,-0.20891,0.87366,0,0.00817,-0.00087,0.00310,0.43244,-0.10814,-0.00435,-0.00198,1
3.3346,-0.39103,0.04476,0.00639,-0.00079,-0.00959,0.00091,1.42462,-0.14969,0.00958,-0.02439,0.00571,-0.17753,0.01529,-0.20925,0.87374,0,0.00817,-0.00087,0.00310,0.43244,-0.10814,-0.00435,-0.00198,1
3.3366,-0.39103,0.04476,0.00637,-0.00079,-0.00941,0.00091,1.42462,-0.14969,0.00958,-0.02470,0.00573,-0.17772,0.01531,-0.20953,0.87378,0,0.00817,-0.00087,0.00310,0.43244,-0.10814,-0.00435,-0.00198,1
3.3386,-0.39103,0.04476,0.00635,-0.00079,-0.00935,0.00090,1.42462,-0.14969,0.00958,-0.02500,0.00576,-0.17779,0.01534,-0.20988,0.87384,0,0.00817,-0.00087,0.00310,0.43244,-0.10814,-0.00435,-0.00198,1
3.3406,-0.39103,0.04476,0.00633,-0.00078,-0.00940,0.00089,1.42462,-0.14969,0.00958,-0.02531,0.00579,-0.17772,0.01536,-0.21058,0.87389,0,0.00817,-0.00087,0.00310,0.43244,-0.10814,-0.00435,-0.00198,1
3.3426,-0.39103,0.04476,0.00631,-0.00078,-0.00957,0.00088,1.42462,-0.14969,0.00958,-0.02561,0.00581,-0.17753,0.01539,-0.21058,0.87389,0,0.00817,-0.00087,0.00310,0.43244,-0.10814,-0.00435,-0.00198,1
3.3446,-0.39103,0.04476,0.00629,-0.00078,-0.00986,0.00087,1.42462,-0.14969,0.00958,-0.02592,0.00584,-0.17721,0.01541,-0.21090,0.87393,0,0.00817,-0.00087,0.00310,0.43244,-0.10814,-0.00435,-0.00198,1
3.3466,-0.39103,0.04476,0.00627,-0.00078,-0.01026,0.00086,1.42462,-0.14969,0.00958,-0.02624,0.00586,-0.17676,0.01544,-0.21125,0.87397,0,0.00817,-0.00087,0.00310,0.43244,-0.10814,-0.00435,-0.00198,1
3.3486,-0.39103,0.04476,0.00625,-0.00078,-0.01078,0.00085,1.42462,-0.14969,0.00958,-0.02657,0.00588,-0.17626,0.01546,-0.21163,0.87399,0,0.00817,-0.00087,0.00310,0.43244,-0.10814,-0.00435,-0.00198,1
3.3506,-0.39103,0.04476,0.00623,-0.00078,-0.01135,0.00084,1.42462,-0.14969,0.00958,-0.02691,0.00591,-0.17589,0.01549,-0.21229,0.87405,0,0.00817,-0.00087,0.00310,0.43244,-0.10814,-0.00435,-0.00198,1
3.3526,-0.39103,0.04476,0.00621,-0.00077,-0.01180,0.00084,1.42462,-0.14969,0.00958,-0.02725,0.00593,-0.17564,0.01551,-0.21229,0.87405,0,0.00817,-0.00087,0.00310,0.43244,-0.10814,-0.00435,-0.00198,1
3.3546,-0.38196,0.04516,0.00649,-0.00071,-0.00982,0.00102,1.42649,-0.14969,0.00958,-0.02093,0.00668,-0.17527,0.01566,-0.21302,0.87412,0,0.00717,-0.00070,-0.00033,0.43066,-0.10401,-0.00239,-0.00631,1
3.3566,-0.38196,0.04516,0.00647,-0.00071,-0.01027,0.00090,1.42649,-0.14969,0.00958,-0.02125,0.00671,-0.17477,0.01594,-0.21302,0.87412,0,0.00717,-0.00070,-0.00033,0.43066,-0.10401,-0.00239,-0.00631,1
3.3586,-0.38196,0.04516,0.00645,-0.00071,-0.01085,0.00066,1.42649,-0.14969,0.00958,-0.02157,0.00673,-0.17414,0.01631,-0.21365,0.87419,0,0.00717,-0.00070,-0.00033,0.43066,-0.10401,-0.00239,-0.00631,1
3.3606,-0.38196,0.04516,0.00643,-0.00071,-0.01153,0.00034,1.42649,-0.14969,0.00958,-0.02191,0.00675,-0.17338,0.01655,-0.21365,0.87419,0,0.00717,-0.00070,-0.00033,0.43066,-0.10401,-0.00239,-0.00631,1
3.3626,-0.38196,0.04516,0.00640,-0.00071,-0.01234,0.00013,1.42649,-0.14969,0.00958,-0.02227,0.00676,-0.17249,0.01666,-0.21400,0.87417,0,0.00717,-0.00070,-0.00033,0.43066,-0.10401,-0.00239,-0.00631,1
3.3646,-0.38196,0.04516,0.00638,-0.00071,-0.01326,0.00005,1.42649,-0.14969,0.00958,-0.02264,0.00677,-0.17173,0.01664,-0.21434,0.87422,0,0.00717,-0.00070,-0.00033,0.43066,-0.10401,-0.00239,-0.00631,1
3.3666,-0.38196,0.04516,0.00635,-0.00071,-0.01406,0.00007,1.42649,-0.14969,0.00958,-0.02303,0.00678,-0.17110,0.01649,-0.21467,0.87425,0,0.00717,-0.00070,-0.00033,0.43066,-0.10401,-0.00239,-0.00631,1
3.3686,-0.38196,0.04516,0.00632,-0.00071,-0.01474,0.00022,1.42649,-0.14969,0.00958,-0.02343,0.00679,-0.17060,0.01637,-0.21534,0.87432,0,0.00717,-0.00070,-0.00033,0.43066,-0.10401,-0.00239,-0.00631,1
3.3706,-0.38196,0.04516,0.00629,-0.00071,-0.01531,0.00035,1.42649,-0.14969,0.00958,-0.02385,0.00680,-0.17023,0.01637,-0.21573,0.87432,0,0.00717,-0.00070,-0.00033,0.43066,-0.10401,-0.00239,-0.00631,1
3.3726,-0.38196,0.04516,0.00626,-0.00071,-0.01576,0.00036,1.42649,-0.14969,0.00958,-0.02428,0.00682,-0.16998,0.01640,-0.21573,0.87432,0,0.00717,-0.00070,-0.00033,0.43066,-0.10401,-0.00239,-0.00631,1
3.3746,-0.38196,0.04516,0.00623,-0.00071,-0.01610,0.00035,1.42649,-0.14969,0.00958,-0.02471,0.00683,-0.16986,0.01641,-0.21639,0.87439,0,0.00717,-0.00070,-0.00033,0.43066,-0.10401,-0.00239,-0.00631,1
3.3766,-0.38196,0.04516,0.00620,-0.00071,-0.01632,0.00035,1.42649,-0.14969,0.00958,-0.02515,0.00685,-0.16987,0.01642,-0.21677,0.87441,0,0.00717,-0.00070,-0.00033,0.43066,-0.10401,-0.00239,-0.00631,1
3.3786,-0.38196,0.04516,0.00616,-0.00071,-0.01642,0.00035,1.42649,-0.14969,0.00958,-0.02559,0.00686,-0.17001,0.01644,-0.21709,0.87439,0,0.00717,-0.00070,-0.00033,0.43066,-0.10401,-0.00239,-0.00631,1
3.3806,-0.38196,0.04516,0.00613,-0.00070,-0.01640,0.00034,1.42649,-0.14969,0.00958,-0.02603,0.00688,-0.17028,0.01645,-0.21709,0.87439,0,0.00717,-0.00070,-0.00033,0.43066,-0.10401,-0.00239,-0.00631,1
3.3826,-0.38196,0.04516,0.00610,-0.00070,-0.01627,0.00034,1.42649,-0.14969,0.00958,-0.02647,0.00689,-0.17067,0.01647,-0.21784,0.87447,0,0.00717,-0.00070,-0.00033,0.43066,-0.10401,-0.00239,-0.00631,1
3.3846,-0.38196,0.04516,0.00607,-0.00070,-0.01602,0.00034,1.42649,-0.14969,0.00958,-0.02691,0.00690,-0.17119,0.01648,-0.21819,0.87446,0,0.00717,-0.00070,-0.00033,0.43066,-0.10401,-0.00239,-0.00631,1
3.3866,-0.38196,0.04516,0.00603,-0.00070,-0.01565,0.00034,1.42649,-0.14969,0.00958,-0.02734,0.00692,-0.17184,0.01650,-0.21851,0.87451,0,0.00717,-0.00070,-0.00033,0.43066,-0.10401,-0.00239,-0.00631,1
3.3886,-0.38196,0.04516,0.00600,-0.00070,-0.01517,0.00034,1.42649,-0.14969,0.00958,-0.02777,0.00693,-0.17262,0.01651,-0.21889,0.87455,0,0.00717,-0.00070,-0.00033,0.43066,-0.10401,-0.00239,-0.00631,1
3.3906,-0.38196,0.04516,0.00597,-0.00070,-0.01457,0.00034,1.42649,-0.14969,0.00958,-0.02818,0.00695,-0.17353,0.01653,-0.21927,0.87459,0,0.00717,-0.00070,-0.00033,0.43066,-0.10401,-0.00239,-0.00631,1
3.3926,-0.38196,0.04516,0.00595,-0.00070,-0.01385,0.00034,1.42649,-0.14969,0.00958,-0.02858,0.00696,-0.17456,0.01654,-0.21965,0.87460,0,0.00717,-0.00070,-0.00033,0.43066,-0.10401,-0.00239,-0.00631,1
3.3947,-0.38196,0.04516,0.00592,-0.00070,-0.01301,0.00034,1.42649,-0.14969,0.00958,-0.02896,0.00698,-0.17572,0.01655,-0.21992,0.87469,0,0.00717,-0.00070,-0.00033,0.43066,-0.10401,-0.00239,-0.00631,1
3.3967,-0.38196,0.04516,0.00589,-0.00070,-0.01206,0.00034,1.42649,-0.14969,0.00958,-0.02933,0.00699,-0.17701,0.01657,-0.22033,0.87468,0,0.00717,-0.00070,-0.00033,0.43066,-0.10401,-0.00239,-0.00631,1
3.3987,-0.38196,0.04516,0.00587,-0.00070,-0.01100,0.00034,1.42649,-0.14969,0.00958,-0.02968,0.00701,-0.17843,0.01658,-0.22068,0.87471,0,0.00717,-0.00070,-0.00033,0.43066,-0.10401,-0.00239,-0.00631,1
3.4007,-0.38196,0.04516,0.00585,-0.00070,-0.00981,0.00034,1.42649,-0.14969,0.00958,-0.03000,0.00702,-0.17972,0.01660,-0.22101,0.87478,0,0.00717,-0.00070,-0.00033,0.43066,-0.10401,-0.00239,-0.00631,1
3.4027,-0.38196,0.04516,0.00583,-0.00070,-0.00874,0.00034,1.42649,-0.14969,0.00958,-0.03031,0.00703,-0.18088,0.01661,-0.22146,0.87477,0,0.00717,-0.00070,-0.00033,0.43066,-0.10401,-0.00239,-0.00631,1
3.4047,-0.38196,0.04516,0.00581,-0.00070,-0.00779,0.00034,1.42649,-0.14969,0.00958,-0.03059,0.00705,-0.18191,0.01663,-0.22183,0.87480,0,0.00717,-0.00070,-0.00033,0.43066,-0.10401,-0.00239,-0.00631,1
3.4067,-0.38196,0.04516,0.00580,-0.00070,-0.00695,0.00034,1.42649,-0.14969,0.00958,-0.03086,0.00706,-0.18282,0.01664,-0.22217,0.87484,0,0.00717,-0.00070,-0.00033,0.43066,-0.10401,-0.00239,-0.00631,1
3.4087,-0.38196,0.04516,0.00579,-0.00070,-0.00623,0.00034,1.42649,-0.14969,0.00958,-0.03110,0.00708,-0.18360,0.01666,-0.22252,0.87490,0,0.00717,-0.00070,-0.00033,0.43066,-0.10401,-0.00239,-0.00631,1
3.4107,-0.38196,0.04516,0.00577,-0.00069,-0.00563,0.00034,1.42649,-0.14969,0.00958,-0.03134,0.00709,-0.18425,0.01667,-0.22290,0.87496,0,0.00717,-0.00070,-0.00033,0.43066,-0.10401,-0.00239,-0.00631,1
3.4127,-0.38196,0.04516,0.00576,-0.00069,-0.00514,0.00034,1.42649,-0.14969,0.00958,-0.03157,0.00711,-0.18477,0.01668,-0.22328,0.87498,0,0.00717,-0.00070,-0.00033,0.43066,-0.10401,-0.00239,-0.00631,1
3.4147,-0.38196,0.04516,0.00575,-0.00069,-0.00477,0.00033,1.42649,-0.14969,0.00958,-0.03179,0.00712,-0.18516,0.01670,-0.22362,0.87504,0,0.00717,-0.00070,-0.00033,0.43066,-0.10401,-0.00239,-0.00631,1
3.4167,-0.38196,0.04516,0.00574,-0.00069,-0.00451,0.00033,1.42649,-0.14969,0.00958,-0.03200,0.00713,-0.18543,0.01671,-0.22395,0.87506,0,0.00717,-0.00070,-0.00033,0.43066,-0.10401,-0.00239,-0.00631,1
3.4187,-0.38196,0.04516,0.00574,-0.00069,-0.00437,0.00033,1.42649,-0.14969,0.00958,-0.03220,0.00715,-0.18557,0.01673,-0.22429,0.87509,0,0.00717,-0.00070,-0.00033,0.43066,-0.10401,-0.00239,-0.00631,1
3.4207,-0.38196,0.04516,0.00573,-0.00069,-0.00435,0.00033,1.42649,-0.14969,0.00958,-0.03241,0.00716,-0.18558,0.01674,-0.22471,0.87514,0,0.00717,-0.00070,-0.00033,0.43066,-0.10401,-0.00239,-0.00631,1
3.4227,-0.37152,0.04522,0.00588,-0.00074,-0.00369,0.00015,1.42733,-0.14969,0.00958,-0.02687,0.00670,-0.18546,0.01663,-0.22502,0.87518,0,0.00647,-0.00080,0.00519,0.42924,-0.11021,-0.00198,-0.00555,1
3.4247,-0.37152,0.04522,0.00587,-0.00074,-0.00390,0.00027,1.42733,-0.14969,0.00958,-0.02707,0.00671,-0.18521,0.01639,-0.22541,0.87521,0,0.00647,-0.00080,0.00519,0.42924,-0.11021,-0.00198,-0.00555,1
3.4267,-0.37152,0.04522,0.00586,-0.00074,-0.00423,0.00050,1.42733,-0.14969,0.00958,-0.02727,0.00672,-0.18484,0.01627,-0.22579,0.87527,0,0.00647,-0.00080,0.00519,0.42924,-0.11021,-0.00198,-0.00555,1
3.4288,-0.37152,0.04522,0.00585,-0.00074,-0.00467,0.00062,1.42733,-0.14969,0.00958,-0.02748,0.00674,-0.18434,0.01629,-0.22611,0.87530,0,0.00647,-0.00080,0.00519,0.42924,-0.11021,-0.00198,-0.00555,1
3.4308,-0.37152,0.04522,0.00584,-0.00074,-0.00524,0.00062,1.42733,-0.14969,0.00958,-0.02769,0.00676,-0.18371,0.01634,-0.22647,0.87536,0,0.00647,-0.00080,0.00519,0.42924,-0.11021,-0.00198,-0.00555,1
3.4328,-0.37152,0.04522,0.00583,-0.00074,-0.00591,0.00058,1.42733,-0.14969,0.00958,-0.02792,0.00678,-0.18295,0.01636,-0.22685,0.87537,0,0.00647,-0.00080,0.00519,0.42924,-0.11021,-0.00198,-0.00555,1
3.4348,-0.37152,0.04522,0.00582,-0.00074,-0.00670,0.00058,1.42733,-0.14969,0.00958,-0.02817,0.00680,-0.18206,0.01638,-0.22716,0.87539,0,0.00647,-0.00080,0.00519,0.42924,-0.11021,-0.00198,-0.00555,1
3.4368,-0.37152,0.04522,0.00581,-0.00074,-0.00761,0.00058,1.42733,-0.14969,0.00958,-0.02843,0.00682,-0.18105,0.01640,-0.22752,0.87545,0,0.00647,-0.00080,0.00519,0.42924,-0.11021,-0.00198,-0.00555,1
3.4388,-0.37152,0.04522,0.00579,-0.00073,-0.00864,0.00057,1.42733,-0.14963,0.00957,-0.02871,0.00684,-0.17991,0.01641,-0.22787,0.87551,0,0.00647,-0.00080,0.00519,0.42924,-0.11021,-0.00198,-0.00555,1
3.4408,-0.37152,0.04522,0.00577,-0.00073,-0.00978,0.00057,1.42733,-0.14949,0.00956,-0.02901,0.00686,-0.17864,0.01642,-0.22820,0.87553,0,0.00647,-0.00080,0.00519,0.42924,-0.11021,-0.00198,-0.00555,1
3.4428,-0.37152,0.04522,0.00575,-0.00073,-0.01104,0.00057,1.42733,-0.14935,0.00956,-0.02933,0.00688,-0.17749,0.01643,-0.22856,0.87558,0,0.00647,-0.00080,0.00519,0.42924,-0.11021,-0.00198,-0.00555,1
3.4448,-0.37152,0.04522,0.00573,-0.00073,-0.01218,0.00058,1.42733,-0.14921,0.00955,-0.02968,0.00690,-0.17648,0.01644,-0.22887,0.87563,0,0.00647,-0.00080,0.00519,0.42924,-0.11021,-0.00198,-0.00555,1
3.4468,-0.37152,0.04522,0.00570,-0.00073,-0.01320,0.00058,1.42733,-0.14906,0.00954,-0.03005,0.00691,-0.17559,0.01645,-0.22920,0.87567,0,0.00647,-0.00080,0.00519,0.42924,-0.11021,-0.00198,-0.00555,1
3.4488,-0.37152,0.04522,0.00567,-0.00073,-0.01411,0.00059,1.42733,-0.14892,0.00953,-0.03044,0.00693,-0.17484,0.01646,-0.22955,0.87568,0,0.00647,-0.00080,0.00519,0.42924,-0.11021,-0.00198,-0.00555,1
3.4508,-0.37152,0.04522,0.00564,-0.00073,-0.01490,0.00059,1.42733,-0.14878,0.00952,-0.03084,0.00695,-0.17421,0.01647,-0.22991,0.87575,0,0.00647,-0.00080,0.00519,0.42924,-0.11021,-0.00198,-0.00555,1
3.4528,-0.37152,0.04522,0.00561,-0.00073,-0.01557,0.00059,1.42733,-0.14864,0.00951,-0.03126,0.00697,-0.17370,0.01648,-0.23024,0.87578,0,0.00647,-0.00080,0.00519,0.42924,-0.11021,-0.00198,-0.00555,1
3.4548,-0.37152,0.04522,0.00558,-0.00072,-0.01613,0.00060,1.42733,-0.14849,0.00950,-0.03170,0.00699,-0.17333,0.01649,-0.23061,0.87581,0,0.00647,-0.00080,0.00519,0.42924,-0.11021,-0.00198,-0.00555,1
3.4568,-0.37152,0.04522,0.00555,-0.00072,-0.01657,0.00060,1.42733,-0.14835,0.00949,-0.03214,0.00701,-0.17308,0.01650,-0.23099,0.87584,0,0.00647,-0.00080,0.00519,0.42924,-0.11021,-0.00198,-0.00555,1
3.4588,-0.37152,0.04522,0.00552,-0.00072,-0.01689,0.00060,1.42733,-0.14821,0.00948,-0.03258,0.00703,-0.17297,0.01651,-0.23131,0.87586,0,0.00647,-0.00080,0.00519,0.42924,-0.11021,-0.00198,-0.00555,1
3.4608,-0.37152,0.04522,0.00548,-0.00072,-0.01709,0.00061,1.42733,-0.14806,0.00947,-0.03304,0.00705,-0.17298,0.01652,-0.23172,0.87587,0,0.00647,-0.00080,0.00519,0.42924,-0.11021,-0.00198,-0.00555,1
3.4628,-0.37152,0.04522,0.00545,-0.00072,-0.01718,0.00061,1.42733,-0.14792,0.00946,-0.03349,0.00707,-0.17311,0.01653,-0.23209,0.87590,0,0.00647,-0.00080,0.00519,0.42924,-0.11021,-0.00198,-0.00555,1
3.4648,-0.37152,0.04522,0.00541,-0.00072,-0.01715,0.00061,1.42733,-0.14778,0.00946,-0.03395,0.00709,-0.17338,0.01654,-0.23247,0.87594,0,0.00647,-0.00080,0.00519,0.42924,-0.11021,-0.00198,-0.00555,1
3.4669,-0.37152,0.04522,0.00538,-0.00072,-0.01701,0.00062,1.42733,-0.14763,0.00945,-0.03441,0.00711,-0.17377,0.01655,-0.23283,0.87598,0,0.00647,-0.00080,0.00519,0.42924,-0.11021,-0.00198,-0.00555,1
3.4689,-0.37152,0.04522,0.00535,-0.00072,-0.01674,0.00062,1.42733,-0.14749,0.00944,-0.03486,0.00713,-0.17429,0.01657,-0.23317,0.87599,0,0.00647,-0.00080,0.00519,0.42924,-0.11021,-0.00198,-0.00555,1
3.4709,-0.37152,0.04522,0.00531,-0.00071,-0.01636,0.00062,1.42733,-0.14735,0.00943,-0.03530,0.00715,-0.17494,0.01658,-0.23358,0.87600,0,0.00647,-0.00080,0.00519,0.42924,-0.11021,-0.00198,-0.00555,1
3.4729,-0.37152,0.04522,0.00528,-0.00071,-0.01587,0.00063,1.42733,-0.14721,0.00942,-0.03574,0.00717,-0.17572,0.01659,-0.23392,0.87603,0,0.00647,-0.00080,0.00519,0.42924,-0.11021,-0.00198,-0.00555,1
3.4749,-0.37152,0.04522,0.00525,-0.00071,-0.01525,0.00063,1.42733,-0.14706,0.00941,-0.03616,0.00719,-0.17663,0.01660,-0.23427,0.87604,0,0.00647,-0.00080,0.00519,0.42924,-0.11021,-0.00198,-0.00555,1
3.4769,-0.37152,0.04522,0.00522,-0.00071,-0.01452,0.00063,1.42733,-0.14692,0.00940,-0.03657,0.00721,-0.17766,0.01661,-0.23468,0.87610,0,0.00647,-0.00080,0.00519,0.42924,-0.11021,-0.00198,-0.00555,1
3.4789,-0.37152,0.04522,0.00519,-0.00071,-0.01367,0.00064,1.42733,-0.14678,0.00939,-0.03697,0.00723,-0.17882,0.01662,-0.23502,0.87612,0,0.00647,-0.00080,0.00519,0.42924,-0.11021,-0.00198,-0.00555,1
3.4809,-0.37152,0.04522,0.00517,-0.00071,-0.01271,0.00064,1.42733,-0.14663,0.00938,-0.03734,0.00725,-0.18011,0.01663,-0.23541,0.87618,0,0.00647,-0.00080,0.00519,0.42924,-0.11021,-0.00198,-0.00555,1
3.4829,-0.37152,0.04522,0.00514,-0.00071,-0.01163,0.00064,1.42733,-0.14649,0.00937,-0.03770,0.00727,-0.18153,0.01664,-0.23583,0.87620,0,0.00647,-0.00080,0.00519,0.42924,-0.11021,-0.00198,-0.00555,1
3.4849,-0.37152,0.04522,0.00512,-0.00071,-0.01043,0.00064,1.42733,-0.14635,0.00936,-0.03803,0.00729,-0.18308,0.01665,-0.23618,0.87623,0,0.00647,-0.00080,0.00519,0.42924,-0.11021,-0.00198,-0.00555,1
3.4869,-0.37152,0.04522,0.00510,-0.00070,-0.00912,0.00065,1.42733,-0.14621,0.00935,-0.03834,0.00731,-0.18455,0.01666,-0.23654,0.87624,0,0.00647,-0.00080,0.00519,0.42924,-0.11021,-0.00198,-0.00555,1
3.4889,-0.36246,0.04592,0.00536,-0.00081,-0.00888,0.00028,1.42382,-0.14607,0.00935,-0.03228,0.00656,-0.18590,0.01655,-0.23693,0.87627,0,0.00627,-0.00093,0.00961,0.42762,-0.11515,-0.00124,-0.00355,1
3.4909,-0.36246,0.04592,0.00534,-0.00081,-0.00775,0.00040,1.42382,-0.14592,0.00934,-0.03256,0.00657,-0.18712,0.01630,-0.23734,0.87626,0,0.00627,-0.00093,0.00961,0.42762,-0.11515,-0.00124,-0.00355,1
3.4929,-0.36246,0.04592,0.00533,-0.00081,-0.00673,0.00063,1.42382,-0.14578,0.00933,-0.03282,0.00659,-0.18821,0.01593,-0.23769,0.87634,0,0.00627,-0.00093,0.00961,0.42762,-0.11515,-0.00124,-0.00355,1
3.4949,-0.36246,0.04592,0.00532,-0.00081,-0.00584,0.00099,1.42382,-0.14564,0.00932,-0.03306,0.00661,-0.18917,0.01568,-0.23809,0.87637,0,0.00627,-0.00093,0.00961,0.42762,-0.11515,-0.00124,-0.00355,1
3.4969,-0.36246,0.04592,0.00530,-0.00080,-0.00506,0.00122,1.42382,-0.14550,0.00931,-0.03328,0.00664,-0.19000,0.01557,-0.23843,0.87637,0,0.00627,-0.00093,0.00961,0.42762,-0.11515,-0.00124,-0.00355,1
3.4989,-0.36246,0.04592,0.00530,-0.00080,-0.00439,0.00134,1.42382,-0.14535,0.00930,-0.03349,0.00667,-0.19071,0.01558,-0.23885,0.87644,0,0.00627,-0.00093,0.00961,0.42762,-0.11515,-0.00124,-0.00355,1
3.5009,-0.36246,0.04592,0.00529,-0.00080,-0.00385,0.00135,1.42382,-0.14521,0.00929,-0.03369,0.00671,-0.19129,0.01572,-0.23925,0.87643,0,0.00627,-0.00093,0.00961,0.42762,-0.11515,-0.00124,-0.00355,1
3.5029,-0.36246,0.04592,0.00528,-0.00080,-0.00342,0.00124,1.42382,-0.14507,0.00928,-0.03388,0.00674,-0.19174,0.01598,-0.23957,0.87650,0,0.00627,-0.00093,0.00961,0.42762,-0.11515,-0.00124,-0.00355,1
3.5049,-0.36246,0.04592,0.00527,-0.00079,-0.00310,0.00101,1.42382,-0.14493,0.00927,-0.03406,0.00677,-0.19206,0.01612,-0.23992,0.87655,0,0.00627,-0.00093,0.00961,0.42762,-0.11515,-0.00124,-0.00355,1
3.5069,-0.36246,0.04592,0.00527,-0.00079,-0.00290,0.00090,1.42382,-0.14478,0.00926,-0.03423,0.00679,-0.19225,0.01613,-0.24029,0.87656,0,0.00627,-0.00093,0.00961,0.42762,-0.11515,-0.00124,-0.00355,1
3.5089,-0.36246,0.04592,0.00526,-0.00079,-0.00282,0.00090,1.42382,-0.14464,0.00925,-0.03440,0.00682,-0.19232,0.01607,-0.24065,0.87662,0,0.00627,-0.00093,0.00961,0.42762,-0.11515,-0.00124,-0.00355,1
3.5109,-0.36246,0.04592,0.00526,-0.00079,-0.00285,0.00097,1.42382,-0.14450,0.00925,-0.03457,0.00685,-0.19226,0.01609,-0.24101,0.87665,0,0.00627,-0.00093,0.00961,0.42762,-0.11515,-0.00124,-0.00355,1
3.5129,-0.36246,0.04592,0.00525,-0.00079,-0.00300,0.00097,1.42382,-0.14436,0.00924,-0.03475,0.00687,-0.19207,0.01611,-0.24143,0.87668,0,0.00627,-0.00093,0.00961,0.42762,-0.11515,-0.00124,-0.00355,1
3.5149,-0.36246,0.04592,0.00524,-0.00079,-0.00327,0.00097,1.42382,-0.14421,0.00923,-0.03493,0.00690,-0.19175,0.01613,-0.24180,0.87672,0,0.00627,-0.00093,0.00961,0.42762,-0.11515,-0.00124,-0.00355,1
3.5169,-0.36246,0.04592,0.00524,-0.00078,-0.00365,0.00096,1.42382,-0.14407,0.00922,-0.03511,0.00692,-0.19130,0.01614,-0.24211,0.87679,0,0.00627,-0.00093,0.00961,0.42762,-0.11515,-0.00124,-0.00355,1
3.5189,-0.36246,0.04592,0.00523,-0.00078,-0.00415,0.00096,1.42382,-0.14393,0.00921,-0.03530,0.00695,-0.19073,0.01616,-0.24254,0.87680,0,0.00627,-0.00093,0.00961,0.42762,-0.11515,-0.00124,-0.00355,1
3.5209,-0.36246,0.04592,0.00522,-0.00078,-0.00477,0.00096,1.42382,-0.14379,0.00920,-0.03550,0.00698,-0.19003,0.01618,-0.24286,0.87687,0,0.00627,-0.00093,0.00961,0.42762,-0.11515,-0.00124,-0.00355,1
3.5229,-0.36246,0.04592,0.00521,-0.00078,-0.00550,0.00096,1.42382,-0.14364,0.00919,-0.03572,0.00700,-0.18920,0.01619,-0.24322,0.87692,0,0.00627,-0.00093,0.00961,0.42762,-0.11515,-0.00124,-0.00355,1
3.5249,-0.36246,0.04592,0.00520,-0.00078,-0.00634,0.00096,1.42382,-0.14350,0.00918,-0.03595,0.00703,-0.18824,0.01621,-0.24360,0.87694,0,0.00627,-0.00093,0.00961,0.42762,-0.11515,-0.00124,-0.00355,1
3.5269,-0.36246,0.04592,0.00518,-0.00077,-0.00731,0.00095,1.42382,-0.14336,0.00917,-0.03620,0.00706,-0.18715,0.01623,-0.24390,0.87699,0,0.00627,-0.00093,0.00961,0.42762,-0.11515,-0.00124,-0.00355,1
3.5289,-0.36246,0.04592,0.00517,-0.00077,-0.00839,0.00095,1.42382,-0.14322,0.00916,-0.03647,0.00708,-0.18594,0.01625,-0.24428,0.87704,0,0.00627,-0.00093,0.00961,0.42762,-0.11515,-0.00124,-0.00355,1
3.5309,-0.36246,0.04592,0.00515,-0.00077,-0.00958,0.00095,1.42382,-0.14308,0.00915,-0.03676,0.00711,-0.18460,0.01626,-0.24466,0.87703,0,0.00627,-0.00093,0.00961,0.42762,-0.11515,-0.00124,-0.00355,1
3.5329,-0.36246,0.04592,0.00513,-0.00077,-0.01089,0.00095,1.42382,-0.14293,0.00915,-0.03708,0.00713,-0.18313,0.01628,-0.24504,0.87706,0,0.00627,-0.00093,0.00961,0.42762,-0.11515,-0.00124,-0.00355,1
3.5349,-0.36246,0.04592,0.00511,-0.00077,-0.01232,0.00095,1.42382,-0.14279,0.00914,-0.03742,0.00716,-0.18153,0.01630,-0.24532,0.87715,0,0.00627,-0.00093,0.00961,0.42762,-0.11515,-0.00124,-0.00355,1
3.5369,-0.36246,0.04592,0.00508,-0.00076,-0.01386,0.00095,1.42382,-0.14265,0.00913,-0.03779,0.00719,-0.18006,0.01631,-0.24571,0.87717,0,0.00627,-0.00093,0.00961,0.42762,-0.11515,-0.00124,-0.00355,1
3.5389,-0.36246,0.04592,0.00505,-0.00076,-0.01529,0.00094,1.42382,-0.14251,0.00912,-0.03819,0.00721,-0.17872,0.01633,-0.24604,0.87719,0,0.00627,-0.00093,0.00961,0.42762,-0.11515,-0.00124,-0.00355,1
3.5410,-0.36246,0.04592,0.00502,-0.00076,-0.01660,0.00094,1.42382,-0.14236,0.00911,-0.03862,0.00724,-0.17750,0.01635,-0.24644,0.87721,0,0.00627,-0.00093,0.00961,0.42762,-0.11515,-0.00124,-0.00355,1
3.5430,-0.36246,0.04592,0.00499,-0.00076,-0.01779,0.00094,1.42382,-0.14222,0.00910,-0.03907,0.00726,-0.17642,0.01636,-0.24678,0.87726,0,0.00627,-0.00093,0.00961,0.42762,-0.11515,-0.00124,-0.00355,1
3.5450,-0.36246,0.04592,0.00495,-0.00076,-0.01887,0.00094,1.42382,-0.14208,0.00909,-0.03955,0.00729,-0.17546,0.01638,-0.24711,0.87729,0,0.00627,-0.00093,0.00961,0.42762,-0.11515,-0.00124,-0.00355,1
3.5470,-0.36246,0.04592,0.00491,-0.00075,-0.01983,0.00094,1.42382,-0.14194,0.00908,-0.04004,0.00732,-0.17463,0.01640,-0.24747,0.87733,0,0.00627,-0.00093,0.00961,0.42762,-0.11515,-0.00124,-0.00355,1
3.5490,-0.36246,0.04592,0.00487,-0.00075,-0.02067,0.00094,1.42382,-0.14179,0.00907,-0.04055,0.00734,-0.17393,0.01641,-0.24783,0.87736,0,0.00627,-0.00093,0.00961,0.42762,-0.11515,-0.00124,-0.00355,1
3.5510,-0.36246,0.04592,0.00483,-0.00075,-0.02139,0.00093,1.42382,-0.14165,0.00906,-0.04108,0.00737,-0.17335,0.01643,-0.24818,0.87741,0,0.00627,-0.00093,0.00961,0.42762,-0.11515,-0.00124,-0.00355,1
3.5530,-0.36246,0.04592,0.00478,-0.00075,-0.02200,0.00093,1.42382,-0.14151,0.00905,-0.04162,0.00739,-0.17291,0.01645,-0.24852,0.87740,0,0.00627,-0.00093,0.00961,0.42762,-0.11515,-0.00124,-0.00355,1
3.5550,-0.36246,0.04592,0.00474,-0.00075,-0.02249,0.00093,1.42382,-0.14137,0.00904,-0.04217,0.00742,-0.17259,0.01646,-0.24892,0.87742,0,0.00627,-0.00093,0.00961,0.42762,-0.11515,-0.00124,-0.00355,1
3.5570,-0.36246,0.04592,0.00469,-0.00075,-0.02286,0.00093,1.42382,-0.14122,0.00904,-0.04273,0.00744,-0.17240,0.01648,-0.24923,0.87747,0,0.00627,-0.00093,0.00961,0.42762,-0.11515,-0.00124,-0.00355,1
3.5590,-0.35209,0.04520,0.00550,-0.00052,-0.02046,0.00170,1.42455,-0.14108,0.00903,-0.03076,0.00938,-0.17208,0.01662,-0.24959,0.87751,0,0.00676,-0.00037,0.01447,0.42713,-0.12037,-0.00166,-0.00501,1
3.5610,-0.35209,0.04520,0.00546,-0.00052,-0.02084,0.00158,1.42455,-0.14094,0.00902,-0.03128,0.00942,-0.17189,0.01690,-0.24995,0.87755,0,0.00676,-0.00037,0.01447,0.42713,-0.12037,-0.00166,-0.00501,1
3.5630,-0.35209,0.04520,0.00542,-0.00051,-0.02111,0.00134,1.42455,-0.14080,0.00901,-0.03181,0.00946,-0.17183,0.01730,-0.25027,0.87758,0,0.00676,-0.00037,0.01447,0.42713,-0.12037,-0.00166,-0.00501,1
3.5650,-0.35209,0.04520,0.00537,-0.00051,-0.02126,0.00099,1.42455,-0.14065,0.00900,-0.03234,0.00949,-0.17189,0.01783,-0.25067,0.87756,0,0.00676,-0.00037,0.01447,0.42713,-0.12037,-0.00166,-0.00501,1
3.5670,-0.35209,0.04520,0.00533,-0.00051,-0.02130,0.00052,1.42455,-0.14051,0.00899,-0.03287,0.00951,-0.17209,0.01848,-0.25106,0.87764,0,0.00676,-0.00037,0.01447,0.42713,-0.12037,-0.00166,-0.00501,1
3.5690,-0.35209,0.04520,0.00529,-0.00051,-0.02122,-0.00007,1.42455,-0.14037,0.00898,-0.03340,0.00952,-0.17241,0.01901,-0.25137,0.87762,0,0.00676,-0.00037,0.01447,0.42713,-0.12037,-0.00166,-0.00501,1
3.5710,-0.35209,0.04520,0.00525,-0.00051,-0.02102,-0.00054,1.42455,-0.14023,0.00897,-0.03393,0.00952,-0.17286,0.01941,-0.25172,0.87770,0,0.00676,-0.00037,0.01447,0.42713,-0.12037,-0.00166,-0.00501,1
3.5730,-0.35209,0.04520,0.00521,-0.00051,-0.02070,-0.00090,1.42455,-0.14008,0.00896,-0.03445,0.00952,-0.17344,0.01968,-0.25211,0.87770,0,0.00676,-0.00037,0.01447,0.42713,-0.12037,-0.00166,-0.00501,1
3.5750,-0.35209,0.04520,0.00516,-0.00051,-0.02027,-0.00113,1.42455,-0.13994,0.00895,-0.03497,0.00950,-0.17414,0.01983,-0.25242,0.87773,0,0.00676,-0.00037,0.01447,0.42713,-0.12037,-0.00166,-0.00501,1
3.5770,-0.35209,0.04520,0.00512,-0.00052,-0.01972,-0.00126,1.42455,-0.13980,0.00894,-0.03547,0.00949,-0.17498,0.01984,-0.25277,0.87780,0,0.00676,-0.00037,0.01447,0.42713,-0.12037,-0.00166,-0.00501,1
3.5790,-0.35209,0.04520,0.00509,-0.00052,-0.01905,-0.00126,1.42455,-0.13966,0.00894,-0.03597,0.00947,-0.17568,0.01973,-0.25313,0.87786,0,0.00676,-0.00037,0.01447,0.42713,-0.12037,-0.00166,-0.00501,1
3.5810,-0.35209,0.04520,0.00505,-0.00052,-0.01850,-0.00115,1.42455,-0.13951,0.00893,-0.03645,0.00945,-0.17626,0.01949,-0.25350,0.87787,0,0.00676,-0.00037,0.01447,0.42713,-0.12037,-0.00166,-0.00501,1
3.5830,-0.35209,0.04520,0.00501,-0.00052,-0.01806,-0.00092,1.42455,-0.13937,0.00892,-0.03692,0.00944,-0.17671,0.01912,-0.25393,0.87790,0,0.00676,-0.00037,0.01447,0.42713,-0.12037,-0.00166,-0.00501,1
3.5850,-0.35209,0.04520,0.00498,-0.00052,-0.01774,-0.00058,1.42455,-0.13923,0.00891,-0.03738,0.00943,-0.17703,0.01863,-0.25425,0.87795,0,0.00676,-0.00037,0.01447,0.42713,-0.12037,-0.00166,-0.00501,1
3.5870,-0.35209,0.04520,0.00494,-0.00053,-0.01754,-0.00012,1.42455,-0.13909,0.00890,-0.03784,0.00943,-0.17723,0.01826,-0.25463,0.87800,0,0.00676,-0.00037,0.01447,0.42713,-0.12037,-0.00166,-0.00501,1
3.5890,-0.35209,0.04520,0.00491,-0.00052,-0.01745,0.00022,1.42455,-0.13894,0.00889,-0.03830,0.00944,-0.17729,0.01802,-0.25503,0.87801,0,0.00676,-0.00037,0.01447,0.42713,-0.12037,-0.00166,-0.00501,1
3.5910,-0.35209,0.04520,0.00487,-0.00052,-0.01747,0.00045,1.42455,-0.13880,0.00888,-0.03875,0.00946,-0.17749,0.01791,-0.25535,0.87804,0,0.00676,-0.00037,0.01447,0.42713,-0.12037,-0.00166,-0.00501,1
3.5930,-0.35209,0.04520,0.00484,-0.00052,-0.01738,0.00056,1.42455,-0.13866,0.00887,-0.03920,0.00947,-0.17781,0.01793,-0.25571,0.87808,0,0.00676,-0.00037,0.01447,0.42713,-0.12037,-0.00166,-0.00501,1
3.5950,-0.35209,0.04520,0.00480,-0.00052,-0.01718,0.00055,1.42455,-0.13852,0.00886,-0.03966,0.00949,-0.17817,0.01807,-0.25608,0.87811,0,0.00676,-0.00037,0.01447,0.42713,-0.12037,-0.00166,-0.00501,1
3.5970,-0.35209,0.04520,0.00477,-0.00052,-0.01693,0.00043,1.42455,-0.13838,0.00885,-0.04010,0.00951,-0.17848,0.01834,-0.25637,0.87816,0,0.00676,-0.00037,0.01447,0.42713,-0.12037,-0.00166,-0.00501,1
3.5990,-0.35209,0.04520,0.00473,-0.00052,-0.01674,0.00019,1.42455,-0.13823,0.00884,-0.04054,0.00952,-0.17878,0.01849,-0.25677,0.87814,0,0.00676,-0.00037,0.01447,0.42713,-0.12037,-0.00166,-0.00501,1
3.6010,-0.35209,0.04520,0.00470,-0.00052,-0.01655,0.00007,1.42455,-0.13809,0.00884,-0.04098,0.00953,-0.17907,0.01850,-0.25708,0.87820,0,0.00676,-0.00037,0.01447,0.42713,-0.12037,-0.00166,-0.00501,1
3.6030,-0.35209,0.04520,0.00467,-0.00052,-0.01636,0.00007,1.42455,-0.13795,0.00883,-0.04142,0.00954,-0.17936,0.01839,-0.25747,0.87826,0,0.00676,-0.00037,0.01447,0.42713,-0.12037,-0.00166,-0.00501,1
3.6050,-0.35209,0.04520,0.00463,-0.00052,-0.01618,0.00018,1.42455,-0.13781,0.00882,-0.04185,0.00955,-0.17965,0.01837,-0.25782,0.87828,0,0.00676,-0.00037,0.01447,0.42713,-0.12037,-0.00166,-0.00501,1
3.6070,-0.35209,0.04520,0.00460,-0.00052,-0.01600,0.00021,1.42455,-0.13766,0.00881,-0.04227,0.00956,-0.17994,0.01837,-0.25816,0.87835,0,0.00676,-0.00037,0.01447,0.42713,-0.12037,-0.00166,-0.00501,1
3.6090,-0.35209,0.04520,0.00457,-0.00052,-0.01582,0.00022,1.42455,-0.13752,0.00880,-0.04270,0.00957,-0.18022,0.01837,-0.25849,0.87840,0,0.00676,-0.00037,0.01447,0.42713,-0.12037,-0.00166,-0.00501,1
3.6110,-0.35209,0.04520,0.00454,-0.00052,-0.01565,0.00023,1.42455,-0.13738,0.00879,-0.04312,0.00958,-0.18050,0.01837,-0.25888,0.87842,0,0.00676,-0.00037,0.01447,0.42713,-0.12037,-0.00166,-0.00501,1
3.6130,-0.35209,0.04520,0.00451,-0.00052,-0.01548,0.00023,1.42455,-0.13724,0.00878,-0.04353,0.00959,-0.18077,0.01837,-0.25920,0.87848,0,0.00676,-0.00037,0.01447,0.42713,-0.12037,-0.00166,-0.00501,1
3.6150,-0.35209,0.04520,0.00448,-0.00052,-0.01531,0.00024,1.42455,-0.13709,0.00877,-0.04395,0.00960,-0.18104,0.01838,-0.25959,0.87849,0,0.00676,-0.00037,0.01447,0.42713,-0.12037,-0.00166,-0.00501,1
3.6170,-0.35209,0.04520,0.00445,-0.00052,-0.01514,0.00025,1.42455,-0.13695,0.00876,-0.04436,0.00962,-0.18131,0.01838,-0.25994,0.87854,0,0.00676,-0.00037,0.01447,0.42713,-0.12037,-0.00166,-0.00501,1
3.6190,-0.35209,0.04520,0.00442,-0.00052,-0.01498,0.00026,1.42455,-0.13681,0.00875,-0.04476,0.00963,-0.18157,0.01838,-0.26030,0.87857,0,0.00676,-0.00037,0.01447,0.42713,-0.12037,-0.00166,-0.00501,1
3.6210,-0.34177,0.04516,0.00503,-0.00052,-0.01222,0.00033,1.41967,-0.13667,0.00874,-0.03472,0.00954,-0.18171,0.01829,-0.26068,0.87859,0,0.00623,-0.00054,0.01215,0.42587,-0.11754,-0.00030,-0.00847,1
3.6230,-0.34177,0.04516,0.00500,-0.00052,-0.01219,0.00043,1.41967,-0.13652,0.00874,-0.03507,0.00956,-0.18171,0.01829,-0.26104,0.87864,0,0.00623,-0.00054,0.01215,0.42587,-0.11754,-0.00030,-0.00847,1
3.6250,-0.34177,0.04516,0.00498,-0.00052,-0.01227,0.00043,1.41967,-0.13638,0.00873,-0.03542,0.00957,-0.18159,0.01830,-0.26142,0.87865,0,0.00623,-0.00054,0.01215,0.42587,-0.11754,-0.00030,-0.00847,1
3.6271,-0.34177,0.04516,0.00495,-0.00052,-0.01247,0.00044,1.41967,-0.13624,0.00872,-0.03578,0.00959,-0.18134,0.01830,-0.26184,0.87866,0,0.00623,-0.00054,0.01215,0.42587,-0.11754,-0.00030,-0.00847,1
3.6291,-0.34177,0.04516,0.00493,-0.00052,-0.01278,0.00044,1.41967,-0.13610,0.00871,-0.03613,0.00960,-0.18097,0.01831,-0.26215,0.87870,0,0.00623,-0.00054,0.01215,0.42587,-0.11754,-0.00030,-0.00847,1
3.6311,-0.34177,0.04516,0.00490,-0.00052,-0.01321,0.00044,1.41967,-0.13595,0.00870,-0.03650,0.00962,-0.18046,0.01832,-0.26257,0.87871,0,0.00623,-0.00054,0.01215,0.42587,-0.11754,-0.00030,-0.00847,1
3.6331,-0.34177,0.04516,0.00488,-0.00052,-0.01376,0.00045,1.41967,-0.13581,0.00869,-0.03687,0.00963,-0.17983,0.01832,-0.26293,0.87875,0,0.00623,-0.00054,0.01215,0.42587,-0.11754,-0.00030,-0.00847,1
3.6351,-0.34177,0.04516,0.00485,-0.00052,-0.01442,0.00045,1.41967,-0.13567,0.00868,-0.03726,0.00965,-0.17907,0.01833,-0.26325,0.87877,0,0.00623,-0.00054,0.01215,0.42587,-0.11754,-0.00030,-0.00847,1
3.6371,-0.34177,0.04516,0.00482,-0.00052,-0.01520,0.00045,1.41967,-0.13552,0.00867,-0.03766,0.00967,-0.17818,0.01834,-0.26364,0.87881,0,0.00623,-0.00054,0.01215,0.42587,-0.11754,-0.00030,-0.00847,1
3.6391,-0.34177,0.04516,0.00479,-0.00052,-0.01609,0.00046,1.41967,-0.13538,0.00866,-0.03808,0.00968,-0.17717,0.01834,-0.26398,0.87887,0,0.00623,-0.00054,0.01215,0.42587,-0.11754,-0.00030,-0.00847,1
3.6411,-0.34177,0.04516,0.00475,-0.00052,-0.01710,0.00046,1.41967,-0.13524,0.00865,-0.03851,0.00970,-0.17602,0.01835,-0.26432,0.87889,0,0.00623,-0.00054,0.01215,0.42587,-0.11754,-0.00030,-0.00847,1
3.6431,-0.34177,0.04516,0.00472,-0.00051,-0.01822,0.00046,1.41967,-0.13509,0.00864,-0.03897,0.00971,-0.17475,0.01836,-0.26472,0.87890,0,0.00623,-0.00054,0.01215,0.42587,-0.11754,-0.00030,-0.00847,1
3.6451,-0.34177,0.04516,0.00468,-0.00051,-0.01946,0.00046,1.41967,-0.13495,0.00863,-0.03945,0.00973,-0.17360,0.01836,-0.26499,0.87899,0,0.00623,-0.00054,0.01215,0.42587,-0.11754,-0.00030,-0.00847,1
3.6471,-0.34177,0.04516,0.00464,-0.00051,-0.02059,0.00047,1.41967,-0.13481,0.00863,-0.03995,0.00975,-0.17259,0.01837,-0.26540,0.87900,0,0.00623,-0.00054,0.01215,0.42587,-0.11754,-0.00030,-0.00847,1
3.6492,-0.34177,0.04516,0.00460,-0.00051,-0.02159,0.00047,1.41967,-0.13467,0.00862,-0.04047,0.00976,-0.17170,0.01838,-0.26572,0.87903,0,0.00623,-0.00054,0.01215,0.42587,-0.11754,-0.00030,-0.00847,1
3.6511,-0.34177,0.04516,0.00456,-0.00051,-0.02248,0.00047,1.41967,-0.13452,0.00861,-0.04102,0.00978,-0.17094,0.01839,-0.26605,0.87908,0,0.00623,-0.00054,0.01215,0.42587,-0.11754,-0.00030,-0.00847,1
3.6532,-0.34177,0.04516,0.00451,-0.00051,-0.02325,0.00048,1.41967,-0.13438,0.00860,-0.04157,0.00979,-0.17031,0.01839,-0.26636,0.87913,0,0.00623,-0.00054,0.01215,0.42587,-0.11754,-0.00030,-0.00847,1
3.6552,-0.34177,0.04516,0.00446,-0.00051,-0.02391,0.00048,1.41967,-0.13424,0.00859,-0.04215,0.00981,-0.16980,0.01840,-0.26671,0.87917,0,0.00623,-0.00054,0.01215,0.42587,-0.11754,-0.00030,-0.00847,1
3.6572,-0.34177,0.04516,0.00441,-0.00051,-0.02444,0.00048,1.41967,-0.13409,0.00858,-0.04273,0.00983,-0.16943,0.01841,-0.26701,0.87919,0,0.00623,-0.00054,0.01215,0.42587,-0.11754,-0.00030,-0.00847,1
3.6592,-0.34177,0.04516,0.00436,-0.00051,-0.02486,0.00048,1.41967,-0.13395,0.00857,-0.04332,0.00984,-0.16918,0.01841,-0.26738,0.87924,0,0.00623,-0.00054,0.01215,0.42587,-0.11754,-0.00030,-0.00847,1
3.6612,-0.34177,0.04516,0.00431,-0.00051,-0.02517,0.00049,1.41967,-0.13381,0.00856,-0.04392,0.00986,-0.16906,0.01842,-0.26772,0.87928,0,0.00623,-0.00054,0.01215,0.42587,-0.11754,-0.00030,-0.00847,1
3.6632,-0.34177,0.04516,0.00426,-0.00051,-0.02535,0.00049,1.41967,-0.13367,0.00855,-0.04453,0.00988,-0.16906,0.01843,-0.26810,0.87928,0,0.00623,-0.00054,0.01215,0.42587,-0.11754,-0.00030,-0.00847,1
3.6652,-0.34177,0.04516,0.00421,-0.00050,-0.02542,0.00049,1.41967,-0.13352,0.00854,-0.04513,0.00989,-0.16920,0.01844,-0.26844,0.87931,0,0.00623,-0.00054,0.01215,0.42587,-0.11754,-0.00030,-0.00847,1
3.6672,-0.34177,0.04516,0.00416,-0.00050,-0.02537,0.00049,1.41967,-0.13338,0.00853,-0.04574,0.00991,-0.16946,0.01844,-0.26876,0.87936,0,0.00623,-0.00054,0.01215,0.42587,-0.11754,-0.00030,-0.00847,1
3.6692,-0.34177,0.04516,0.00411,-0.00050,-0.02520,0.00049,1.41967,-0.13324,0.00852,-0.04634,0.00993,-0.16986,0.01845,-0.26908,0.87941,0,0.00623,-0.00054,0.01215,0.42587,-0.11754,-0.00030,-0.00847,1
3.6712,-0.34177,0.04516,0.00406,-0.00050,-0.02492,0.00050,1.41967,-0.13309,0.00852,-0.04694,0.00994,-0.17037,0.01846,-0.26947,0.87947,0,0.00623,-0.00054,0.01215,0.42587,-0.11754,-0.00030,-0.00847,1
3.6732,-0.34177,0.04516,0.00401,-0.00050,-0.02452,0.00050,1.41967,-0.13295,0.00851,-0.04754,0.00996,-0.17102,0.01847,-0.26978,0.87950,0,0.00623,-0.00054,0.01215,0.42587,-0.11754,-0.00030,-0.00847,1
3.6752,-0.34177,0.04516,0.00396,-0.00050,-0.02400,0.00050,1.41967,-0.13281,0.00850,-0.04812,0.00998,-0.17180,0.01847,-0.27019,0.87954,0,0.00623,-0.00054,0.01215,0.42587,-0.11754,-0.00030,-0.00847,1
3.6773,-0.34177,0.04516,0.00392,-0.00050,-0.02336,0.00050,1.41967,-0.13267,0.00849,-0.04869,0.00999,-0.17270,0.01848,-0.27052,0.87954,0,0.00623,-0.00054,0.01215,0.42587,-0.11754,-0.00030,-0.00847,1
3.6793,-0.34177,0.04516,0.00387,-0.00050,-0.02261,0.00051,1.41967,-0.13252,0.00848,-0.04925,0.01001,-0.17373,0.01849,-0.27088,0.87961,0,0.00623,-0.00054,0.01215,0.42587,-0.11754,-0.00030,-0.00847,1
3.6813,-0.34177,0.04516,0.00383,-0.00050,-0.02174,0.00051,1.41967,-0.13238,0.00847,-0.04980,0.01003,-0.17489,0.01850,-0.27119,0.87962,0,0.00623,-0.00054,0.01215,0.42587,-0.11754,-0.00030,-0.00847,1
3.6833,-0.34177,0.04516,0.00378,-0.00050,-0.02076,0.00051,1.41967,-0.13224,0.00846,-0.05032,0.01004,-0.17618,0.01850,-0.27163,0.87965,0,0.00623,-0.00054,0.01215,0.42587,-0.11754,-0.00030,-0.00847,1
3.6853,-0.34177,0.04516,0.00374,-0.00049,-0.01965,0.00051,1.41967,-0.13209,0.00845,-0.05083,0.01006,-0.17760,0.01851,-0.27195,0.87971,0,0.00623,-0.00054,0.01215,0.42587,-0.11754,-0.00030,-0.00847,1
3.6873,-0.34177,0.04516,0.00371,-0.00049,-0.01843,0.00051,1.41967,-0.13195,0.00844,-0.05131,0.01008,-0.17914,0.01852,-0.27230,0.87976,0,0.00623,-0.00054,0.01215,0.42587,-0.11754,-0.00030,-0.00847,1
3.6893,-0.34177,0.04516,0.00367,-0.00049,-0.01709,0.00051,1.41967,-0.13181,0.00843,-0.05176,0.01009,-0.18074,0.01853,-0.27269,0.87977,0,0.00623,-0.00054,0.01215,0.42587,-0.11754,-0.00030,-0.00847,1
3.6913,-0.34177,0.04516,0.00364,-0.00049,-0.01570,0.00052,1.41967,-0.13166,0.00842,-0.05219,0.01011,-0.18234,0.01853,-0.27307,0.87984,0,0.00623,-0.00054,0.01215,0.42587,-0.11754,-0.00030,-0.00847,1
3.6934,-0.33128,0.04536,0.00464,-0.00063,-0.01270,0.00003,1.42258,-0.13152,0.00841,-0.03826,0.00883,-0.18381,0.01841,-0.27345,0.87988,0,0.00648,-0.00077,0.02265,0.42456,-0.12980,-0.00054,-0.00447,1
3.6954,-0.33128,0.04536,0.00461,-0.00063,-0.01144,0.00015,1.42258,-0.13138,0.00841,-0.03860,0.00883,-0.18515,0.01817,-0.27380,0.87991,0,0.00648,-0.00077,0.02265,0.42456,-0.12980,-0.00054,-0.00447,1
3.6974,-0.33128,0.04536,0.00459,-0.00063,-0.01030,0.00039,1.42258,-0.13123,0.00840,-0.03892,0.00885,-0.18637,0.01779,-0.27415,0.87999,0,0.00648,-0.00077,0.02265,0.42456,-0.12980,-0.00054,-0.00447,1
3.6994,-0.33128,0.04536,0.00457,-0.00063,-0.00928,0.00074,1.42258,-0.13109,0.00839,-0.03922,0.00886,-0.18746,0.01729,-0.27452,0.88004,0,0.00648,-0.00077,0.02265,0.42456,-0.12980,-0.00054,-0.00447,1
3.7014,-0.33128,0.04536,0.00455,-0.00063,-0.00837,0.00121,1.42258,-0.13095,0.00838,-0.03950,0.00889,-0.18842,0.01691,-0.27488,0.88005,0,0.00648,-0.00077,0.02265,0.42456,-0.12980,-0.00054,-0.00447,1
3.7034,-0.33128,0.04536,0.00454,-0.00062,-0.00758,0.00156,1.42258,-0.13080,0.00837,-0.03976,0.00892,-0.18925,0.01666,-0.27529,0.88006,0,0.00648,-0.00077,0.02265,0.42456,-0.12980,-0.00054,-0.00447,1
3.7054,-0.33128,0.04536,0.00452,-0.00062,-0.00690,0.00180,1.42258,-0.13066,0.00836,-0.04000,0.00896,-0.18995,0.01654,-0.27571,0.88008,0,0.00648,-0.00077,0.02265,0.42456,-0.12980,-0.00054,-0.00447,1
3.7074,-0.33128,0.04536,0.00451,-0.00062,-0.00634,0.00192,1.42258,-0.13052,0.00835,-0.04024,0.00901,-0.19053,0.01655,-0.27608,0.88012,0,0.00648,-0.00077,0.02265,0.42456,-0.12980,-0.00054,-0.00447,1
3.7094,-0.33128,0.04536,0.00450,-0.00061,-0.00590,0.00192,1.42258,-0.13038,0.00834,-0.04046,0.00905,-0.19098,0.01668,-0.27639,0.88018,0,0.00648,-0.00077,0.02265,0.42456,-0.12980,-0.00054,-0.00447,1
3.7114,-0.33128,0.04536,0.00449,-0.00061,-0.00557,0.00181,1.42258,-0.13024,0.00833,-0.04068,0.00910,-0.19130,0.01695,-0.27673,0.88020,0,0.00648,-0.00077,0.02265,0.42456,-0.12980,-0.00054,-0.00447,1
3.7134,-0.33128,0.04536,0.00448,-0.00061,-0.00536,0.00158,1.42258,-0.13009,0.00832,-0.04089,0.00914,-0.19149,0.01734,-0.27715,0.88021,0,0.00648,-0.00077,0.02265,0.42456,-0.12980,-0.00054,-0.00447,1
3.7154,-0.33128,0.04536,0.00447,-0.00060,-0.00527,0.00124,1.42258,-0.12995,0.00831,-0.04110,0.00917,-0.19155,0.01760,-0.27750,0.88028,0,0.00648,-0.00077,0.02265,0.42456,-0.12980,-0.00054,-0.00447,1
3.7174,-0.33128,0.04536,0.00446,-0.00060,-0.00529,0.00101,1.42258,-0.12981,0.00831,-0.04131,0.00920,-0.19149,0.01774,-0.27785,0.88030,0,0.00648,-0.00077,0.02265,0.42456,-0.12980,-0.00054,-0.00447,1
3.7195,-0.33128,0.04536,0.00444,-0.00060,-0.00542,0.00089,1.42258,-0.12966,0.00830,-0.04152,0.00922,-0.19130,0.01775,-0.27824,0.88035,0,0.00648,-0.00077,0.02265,0.42456,-0.12980,-0.00054,-0.00447,1
3.7215,-0.33128,0.04536,0.00443,-0.00060,-0.00568,0.00090,1.42258,-0.12952,0.00829,-0.04173,0.00925,-0.19098,0.01763,-0.27863,0.88037,0,0.00648,-0.00077,0.02265,0.42456,-0.12980,-0.00054,-0.00447,1
3.7235,-0.33128,0.04536,0.00442,-0.00060,-0.00605,0.00102,1.42258,-0.12938,0.00828,-0.04195,0.00927,-0.19053,0.01755,-0.27897,0.88041,0,0.00648,-0.00077,0.02265,0.42456,-0.12980,-0.00054,-0.00447,1
3.7255,-0.33128,0.04536,0.00441,-0.00059,-0.00653,0.00110,1.42258,-0.12924,0.00827,-0.04218,0.00930,-0.18995,0.01757,-0.27928,0.88051,0,0.00648,-0.00077,0.02265,0.42456,-0.12980,-0.00054,-0.00447,1
3.7275,-0.33128,0.04536,0.00440,-0.00059,-0.00714,0.00109,1.42258,-0.12909,0.00826,-0.04242,0.00933,-0.18925,0.01759,-0.27973,0.88052,0,0.00648,-0.00077,0.02265,0.42456,-0.12980,-0.00054,-0.00447,1
3.7295,-0.33128,0.04536,0.00438,-0.00059,-0.00785,0.00108,1.42258,-0.12895,0.00825,-0.04267,0.00936,-0.18842,0.01761,-0.28001,0.88057,0,0.00648,-0.00077,0.02265,0.42456,-0.12980,-0.00054,-0.00447,1
3.7315,-0.33128,0.04536,0.00436,-0.00059,-0.00869,0.00108,1.42258,-0.12881,0.00824,-0.04294,0.00939,-0.18746,0.01763,-0.28041,0.88061,0,0.00648,-0.00077,0.02265,0.42456,-0.12980,-0.00054,-0.00447,1
3.7335,-0.33128,0.04536,0.00435,-0.00058,-0.00964,0.00107,1.42258,-0.12866,0.00823,-0.04322,0.00941,-0.18637,0.01765,-0.28080,0.88065,0,0.00648,-0.00077,0.02265,0.42456,-0.12980,-0.00054,-0.00447,1
3.7355,-0.33128,0.04536,0.00433,-0.00058,-0.01070,0.00106,1.42258,-0.12852,0.00822,-0.04352,0.00944,-0.18515,0.01766,-0.28113,0.88065,0,0.00648,-0.00077,0.02265,0.42456,-0.12980,-0.00054,-0.00447,1
3.7375,-0.33128,0.04536,0.00430,-0.00058,-0.01189,0.00106,1.42258,-0.12838,0.00821,-0.04385,0.00947,-0.18381,0.01768,-0.28144,0.88069,0,0.00648,-0.00077,0.02265,0.42456,-0.12980,-0.00054,-0.00447,1
3.7395,-0.33128,0.04536,0.00428,-0.00058,-0.01318,0.00105,1.42258,-0.12824,0.00820,-0.04420,0.00950,-0.18234,0.01770,-0.28180,0.88074,0,0.00648,-0.00077,0.02265,0.42456,-0.12980,-0.00054,-0.00447,1
3.7415,-0.33128,0.04536,0.00425,-0.00058,-0.01460,0.00104,1.42258,-0.12809,0.00820,-0.04457,0.00952,-0.18074,0.01772,-0.28220,0.88073,0,0.00648,-0.00077,0.02265,0.42456,-0.12980,-0.00054,-0.00447,1
3.7435,-0.33128,0.04536,0.00422,-0.00057,-0.01613,0.00104,1.42258,-0.12795,0.00819,-0.04498,0.00955,-0.17914,0.01774,-0.28255,0.88077,0,0.00648,-0.00077,0.02265,0.42456,-0.12980,-0.00054,-0.00447,1
3.7455,-0.33128,0.04536,0.00419,-0.00057,-0.01766,0.00103,1.42258,-0.12781,0.00818,-0.04541,0.00958,-0.17754,0.01775,-0.28289,0.88086,0,0.00648,-0.00077,0.02265,0.42456,-0.12980,-0.00054,-0.00447,1
3.7475,-0.33128,0.04536,0.00415,-0.00057,-0.01919,0.00103,1.42258,-0.12767,0.00817,-0.04588,0.00960,-0.17594,0.01777,-0.28325,0.88087,0,0.00648,-0.00077,0.02265,0.42456,-0.12980,-0.00054,-0.00447,1
3.7495,-0.33128,0.04536,0.00411,-0.00057,-0.02071,0.00102,1.42258,-0.12752,0.00816,-0.04637,0.00963,-0.17434,0.01779,-0.28361,0.88092,0,0.00648,-0.00077,0.02265,0.42456,-0.12980,-0.00054,-0.00447,1
3.7516,-0.33128,0.04536,0.00407,-0.00057,-0.02224,0.00101,1.42258,-0.12738,0.00815,-0.04690,0.00966,-0.17287,0.01781,-0.28397,0.88094,0,0.00648,-0.00077,0.02265,0.42456,-0.12980,-0.00054,-0.00447,1
3.7535,-0.33128,0.04536,0.00402,-0.00056,-0.02365,0.00101,1.42258,-0.12724,0.00814,-0.04745,0.00968,-0.17152,0.01782,-0.28429,0.88098,0,0.00648,-0.00077,0.02265,0.42456,-0.12980,-0.00054,-0.00447,1
3.7556,-0.32107,0.04572,0.00449,-0.00070,-0.02187,0.00021,1.41981,-0.12709,0.00813,-0.03880,0.00845,-0.17005,0.01771,-0.28466,0.88099,0,0.00538,-0.00085,0.01794,0.42299,-0.12405,0.00135,-0.00913,1
3.7576,-0.32107,0.04572,0.00445,-0.00070,-0.02328,0.00033,1.41981,-0.12695,0.00812,-0.03935,0.00846,-0.16845,0.01748,-0.28498,0.88102,0,0.00538,-0.00085,0.01794,0.42299,-0.12405,0.00135,-0.00913,1
3.7596,-0.32107,0.04572,0.00440,-0.00070,-0.02482,0.00055,1.41981,-0.12681,0.00811,-0.03993,0.00848,-0.16685,0.01711,-0.28529,0.88111,0,0.00538,-0.00085,0.01794,0.42299,-0.12405,0.00135,-0.00913,1
3.7616,-0.32107,0.04572,0.00435,-0.00070,-0.02635,0.00090,1.41981,-0.12667,0.00810,-0.04053,0.00850,-0.16538,0.01661,-0.28562,0.88114,0,0.00538,-0.00085,0.01794,0.42299,-0.12405,0.00135,-0.00913,1
3.7636,-0.32107,0.04572,0.00430,-0.00070,-0.02776,0.00136,1.41981,-0.12652,0.00810,-0.04116,0.00853,-0.16403,0.01625,-0.28602,0.88113,0,0.00538,-0.00085,0.01794,0.42299,-0.12405,0.00135,-0.00913,1
3.7656,-0.32107,0.04572,0.00424,-0.00070,-0.02906,0.00171,1.41981,-0.12638,0.00809,-0.04182,0.00857,-0.16282,0.01601,-0.28643,0.88118,0,0.00538,-0.00085,0.01794,0.42299,-0.12405,0.00135,-0.00913,1
3.7676,-0.32107,0.04572,0.00418,-0.00069,-0.03024,0.00194,1.41981,-0.12624,0.00808,-0.04251,0.00861,-0.16173,0.01590,-0.28674,0.88125,0,0.00538,-0.00085,0.01794,0.42299,-0.12405,0.00135,-0.00913,1
3.7696,-0.32107,0.04572,0.00412,-0.00069,-0.03130,0.00205,1.41981,-0.12610,0.00807,-0.04322,0.00865,-0.16077,0.01591,-0.28705,0.88125,0,0.00538,-0.00085,0.01794,0.42299,-0.12405,0.00135,-0.00913,1
3.7716,-0.32107,0.04572,0.00405,-0.00068,-0.03225,0.00205,1.41981,-0.12595,0.00806,-0.04394,0.00870,-0.15994,0.01606,-0.28740,0.88129,0,0.00538,-0.00085,0.01794,0.42299,-0.12405,0.00135,-0.00913,1
3.7736,-0.32107,0.04572,0.00399,-0.00068,-0.03308,0.00193,1.41981,-0.12581,0.00805,-0.04469,0.00875,-0.15923,0.01633,-0.28770,0.88132,0,0.00538,-0.00085,0.01794,0.42299,-0.12405,0.00135,-0.00913,1
3.7756,-0.32107,0.04572,0.00392,-0.00068,-0.03378,0.00169,1.41981,-0.12567,0.00804,-0.04544,0.00879,-0.15866,0.01673,-0.28802,0.88134,0,0.00538,-0.00085,0.01794,0.42299,-0.12405,0.00135,-0.00913,1
3.7776,-0.32107,0.04572,0.00385,-0.00067,-0.03438,0.00134,1.41981,-0.12553,0.00803,-0.04622,0.00882,-0.15821,0.01701,-0.28831,0.88137,0,0.00538,-0.00085,0.01794,0.42299,-0.12405,0.00135,-0.00913,1
3.7796,-0.32107,0.04572,0.00378,-0.00067,-0.03485,0.00110,1.41981,-0.12538,0.00802,-0.04700,0.00885,-0.15789,0.01715,-0.28862,0.88140,0,0.00538,-0.00085,0.01794,0.42299,-0.12405,0.00135,-0.00913,1
3.7816,-0.32107,0.04572,0.00371,-0.00067,-0.03521,0.00098,1.41981,-0.12524,0.00801,-0.04779,0.00888,-0.15770,0.01717,-0.28900,0.88146,0,0.00538,-0.00085,0.01794,0.42299,-0.12405,0.00135,-0.00913,1
3.7836,-0.32107,0.04572,0.00364,-0.00067,-0.03545,0.00098,1.41981,-0.12510,0.00800,-0.04858,0.00891,-0.15763,0.01706,-0.28932,0.88149,0,0.00538,-0.00085,0.01794,0.42299,-0.12405,0.00135,-0.00913,1
3.7856,-0.32107,0.04572,0.00357,-0.00067,-0.03557,0.00109,1.41981,-0.12495,0.00799,-0.04938,0.00893,-0.15770,0.01693,-0.28964,0.88151,0,0.00538,-0.00085,0.01794,0.42299,-0.12405,0.00135,-0.00913,1
3.7876,-0.32107,0.04572,0.00350,-0.00066,-0.03557,0.00122,1.41981,-0.12481,0.00799,-0.05018,0.00896,-0.15789,0.01693,-0.28998,0.88157,0,0.00538,-0.00085,0.01794,0.42299,-0.12405,0.00135,-0.00913,1
3.7896,-0.32107,0.04572,0.00343,-0.00066,-0.03546,0.00124,1.41981,-0.12467,0.00798,-0.05098,0.00899,-0.15821,0.01697,-0.29030,0.88161,0,0.00538,-0.00085,0.01794,0.42299,-0.12405,0.00135,-0.00913,1
3.7916,-0.32107,0.04572,0.00336,-0.00066,-0.03523,0.00121,1.41981,-0.12453,0.00797,-0.05178,0.00902,-0.15866,0.01699,-0.29061,0.88167,0,0.00538,-0.00085,0.01794,0.42299,-0.12405,0.00135,-0.00913,1
3.7936,-0.32107,0.04572,0.00329,-0.00066,-0.03488,0.00120,1.41981,-0.12439,0.00796,-0.05257,0.00905,-0.15923,0.01701,-0.29095,0.88169,0,0.00538,-0.00085,0.01794,0.42299,-0.12405,0.00135,-0.00913,1
3.7956,-0.32107,0.04572,0.00322,-0.00065,-0.03441,0.00119,1.41981,-0.12424,0.00795,-0.05335,0.00908,-0.15994,0.01703,-0.29125,0.88170,0,0.00538,-0.00085,0.01794,0.42299,-0.12405,0.00135,-0.00913,1
3.7976,-0.32107,0.04572,0.00315,-0.00065,-0.03383,0.00118,1.41981,-0.12410,0.00794,-0.05412,0.00911,-0.16077,0.01705,-0.29162,0.88173,0,0.00538,-0.00085,0.01794,0.42299,-0.12405,0.00135,-0.00913,1
3.7996,-0.32107,0.04572,0.00309,-0.00065,-0.03313,0.00118,1.41981,-0.12396,0.00793,-0.05488,0.00914,-0.16173,0.01707,-0.29193,0.88175,0,0.00538,-0.00085,0.01794,0.42299,-0.12405,0.00135,-0.00913,1
3.8016,-0.32107,0.04572,0.00302,-0.00065,-0.03231,0.00117,1.41981,-0.12382,0.00792,-0.05562,0.00917,-0.16282,0.01710,-0.29225,0.88179,0,0.00538,-0.00085,0.01794,0.42299,-0.12405,0.00135,-0.00913,1
3.8036,-0.32107,0.04572,0.00296,-0.00064,-0.03137,0.00116,1.41981,-0.12367,0.00791,-0.05634,0.00920,-0.16403,0.01712,-0.29257,0.88180,0,0.00538,-0.00085,0.01794,0.42299,-0.12405,0.00135,-0.00913,1
3.8056,-0.32107,0.04572,0.00289,-0.00064,-0.03032,0.00116,1.41981,-0.12353,0.00790,-0.05705,0.00923,-0.16538,0.01714,-0.29290,0.88186,0,0.00538,-0.00085,0.01794,0.42299,-0.12405,0.00135,-0.00913,1
3.8076,-0.32107,0.04572,0.00284,-0.00064,-0.02915,0.00115,1.41981,-0.12339,0.00789,-0.05773,0.00926,-0.16685,0.01716,-0.29326,0.88190,0,0.00538,-0.00085,0.01794,0.42299,-0.12405,0.00135,-0.00913,1
3.8097,-0.32107,0.04572,0.00278,-0.00064,-0.02786,0.00114,1.41981,-0.12324,0.00789,-0.05840,0.00929,-0.16845,0.01717,-0.29360,0.88194,0,0.00538,-0.00085,0.01794,0.42299,-0.12405,0.00135,-0.00913,1
3.8117,-0.32107,0.04572,0.00272,-0.00063,-0.02645,0.00114,1.41981,-0.12310,0.00788,-0.05903,0.00932,-0.17005,0.01719,-0.29394,0.88198,0,0.00538,-0.00085,0.01794,0.42299,-0.12405,0.00135,-0.00913,1
3.8137,-0.32107,0.04572,0.00267,-0.00063,-0.02504,0.00113,1.41981,-0.12296,0.00787,-0.05963,0.00935,-0.17165,0.01721,-0.29432,0.88200,0,0.00538,-0.00085,0.01794,0.42299,-0.12405,0.00135,-0.00913,1
3.8157,-0.32107,0.04572,0.00262,-0.00063,-0.02363,0.00112,1.41981,-0.12282,0.00786,-0.06021,0.00938,-0.17325,0.01723,-0.29462,0.88206,0,0.00538,-0.00085,0.01794,0.42299,-0.12405,0.00135,-0.00913,1
3.8177,-0.32107,0.04572,0.00258,-0.00063,-0.02223,0.00112,1.41981,-0.12267,0.00785,-0.06076,0.00940,-0.17485,0.01725,-0.29494,0.88207,0,0.00538,-0.00085,0.01794,0.42299,-0.12405,0.00135,-0.00913,1
3.8198,-0.30894,0.04460,0.00321,-0.00085,-0.02013,0.00012,1.42052,-0.12253,0.00784,-0.04979,0.00676,-0.17632,0.01714,-0.29573,0.88210,0,0.00515,-0.00108,0.02282,0.42289,-0.12964,0.00075,-0.00182,1
3.8218,-0.30894,0.04460,0.00317,-0.00085,-0.01885,0.00023,1.42052,-0.12238,0.00783,-0.05027,0.00677,-0.17767,0.01691,-0.29573,0.88210,0,0.00515,-0.00108,0.02282,0.42289,-0.12964,0.00075,-0.00182,1
3.8238,-0.30894,0.04460,0.00313,-0.00085,-0.01768,0.00046,1.42052,-0.12224,0.00782,-0.05073,0.00679,-0.17888,0.01654,-0.29607,0.88216,0,0.00515,-0.00108,0.02282,0.42289,-0.12964,0.00075,-0.00182,1
3.8258,-0.30894,0.04460,0.00310,-0.00085,-0.01663,0.00081,1.42052,-0.12210,0.00781,-0.05117,0.00680,-0.17997,0.01605,-0.29647,0.88217,0,0.00515,-0.00108,0.02282,0.42289,-0.12964,0.00075,-0.00182,1
3.8278,-0.30894,0.04460,0.00307,-0.00085,-0.01570,0.00127,1.42052,-0.12195,0.00780,-0.05158,0.00683,-0.18093,0.01543,-0.29680,0.88217,0,0.00515,-0.00108,0.02282,0.42289,-0.12964,0.00075,-0.00182,1
3.8298,-0.30894,0.04460,0.00304,-0.00084,-0.01488,0.00185,1.42052,-0.12181,0.00779,-0.05198,0.00687,-0.18176,0.01468,-0.29712,0.88225,0,0.00515,-0.00108,0.02282,0.42289,-0.12964,0.00075,-0.00182,1
3.8318,-0.30894,0.04460,0.00301,-0.00084,-0.01418,0.00255,1.42052,-0.12167,0.00778,-0.05236,0.00692,-0.18247,0.01406,-0.29743,0.88231,0,0.00515,-0.00108,0.02282,0.42289,-0.12964,0.00075,-0.00182,1
3.8338,-0.30894,0.04460,0.00298,-0.00083,-0.01359,0.00313,1.42052,-0.12153,0.00778,-0.05274,0.00698,-0.18304,0.01357,-0.29783,0.88231,0,0.00515,-0.00108,0.02282,0.42289,-0.12964,0.00075,-0.00182,1
3.8358,-0.30894,0.04460,0.00295,-0.00083,-0.01312,0.00359,1.42052,-0.12139,0.00777,-0.05310,0.00705,-0.18349,0.01320,-0.29820,0.88232,0,0.00515,-0.00108,0.02282,0.42289,-0.12964,0.00075,-0.00182,1
3.8378,-0.30894,0.04460,0.00293,-0.00082,-0.01276,0.00393,1.42052,-0.12124,0.00776,-0.05345,0.00713,-0.18381,0.01296,-0.29856,0.88234,0,0.00515,-0.00108,0.02282,0.42289,-0.12964,0.00075,-0.00182,1
3.8398,-0.30894,0.04460,0.00290,-0.00081,-0.01252,0.00416,1.42052,-0.12110,0.00775,-0.05379,0.00722,-0.18400,0.01286,-0.29889,0.88236,0,0.00515,-0.00108,0.02282,0.42289,-0.12964,0.00075,-0.00182,1
3.8418,-0.30894,0.04460,0.00288,-0.00080,-0.01240,0.00428,1.42052,-0.12096,0.00774,-0.05413,0.00731,-0.18407,0.01287,-0.29925,0.88238,0,0.00515,-0.00108,0.02282,0.42289,-0.12964,0.00075,-0.00182,1
3.8438,-0.30894,0.04460,0.00285,-0.00079,-0.01239,0.00427,1.42052,-0.12082,0.00773,-0.05448,0.00740,-0.18400,0.01302,-0.29962,0.88238,0,0.00515,-0.00108,0.02282,0.42289,-0.12964,0.00075,-0.00182,1
3.8458,-0.30894,0.04460,0.00283,-0.00079,-0.01250,0.00415,1.42052,-0.12067,0.00772,-0.05482,0.00749,-0.18381,0.01330,-0.29994,0.88243,0,0.00515,-0.00108,0.02282,0.42289,-0.12964,0.00075,-0.00182,1
3.8478,-0.30894,0.04460,0.00280,-0.00078,-0.01273,0.00392,1.42052,-0.12053,0.00771,-0.05516,0.00757,-0.18349,0.01370,-0.30035,0.88244,0,0.00515,-0.00108,0.02282,0.42289,-0.12964,0.00075,-0.00182,1
3.8498,-0.30894,0.04460,0.00278,-0.00077,-0.01307,0.00357,1.42052,-0.12039,0.00770,-0.05551,0.00765,-0.18304,0.01423,-0.30063,0.88250,0,0.00515,-0.00108,0.02282,0.42289,-0.12964,0.00075,-0.00182,1
3.8518,-0.30894,0.04460,0.00275,-0.00076,-0.01352,0.00310,1.42052,-0.12025,0.00769,-0.05587,0.00772,-0.18247,0.01489,-0.30098,0.88253,0,0.00515,-0.00108,0.02282,0.42289,-0.12964,0.00075,-0.00182,1
3.8538,-0.30894,0.04460,0.00272,-0.00076,-0.01410,0.00251,1.42052,-0.12010,0.00768,-0.05624,0.00778,-0.18176,0.01547,-0.30137,0.88254,0,0.00515,-0.00108,0.02282,0.42289,-0.12964,0.00075,-0.00182,1
3.8558,-0.30894,0.04460,0.00269,-0.00075,-0.01478,0.00200,1.42052,-0.11996,0.00768,-0.05662,0.00784,-0.18093,0.01592,-0.30174,0.88259,0,0.00515,-0.00108,0.02282,0.42289,-0.12964,0.00075,-0.00182,1
3.8578,-0.30894,0.04460,0.00266,-0.00075,-0.01559,0.00160,1.42052,-0.11982,0.00767,-0.05701,0.00788,-0.17997,0.01624,-0.30204,0.88260,0,0.00515,-0.00108,0.02282,0.42289,-0.12964,0.00075,-0.00182,1
3.8598,-0.30894,0.04460,0.00263,-0.00075,-0.01651,0.00132,1.42052,-0.11968,0.00766,-0.05742,0.00791,-0.17888,0.01644,-0.30241,0.88263,0,0.00515,-0.00108,0.02282,0.42289,-0.12964,0.00075,-0.00182,1
3.8618,-0.30894,0.04460,0.00260,-0.00074,-0.01754,0.00116,1.42052,-0.11954,0.00765,-0.05786,0.00794,-0.17767,0.01650,-0.30272,0.88269,0,0.00515,-0.00108,0.02282,0.42289,-0.12964,0.00075,-0.00182,1
3.8638,-0.30894,0.04460,0.00256,-0.00074,-0.01869,0.00111,1.42052,-0.11939,0.00764,-0.05831,0.00797,-0.17658,0.01644,-0.30308,0.88268,0,0.00515,-0.00108,0.02282,0.42289,-0.12964,0.00075,-0.00182,1
3.8658,-0.30894,0.04460,0.00252,-0.00074,-0.01973,0.00118,1.42052,-0.11925,0.00763,-0.05878,0.00800,-0.17562,0.01625,-0.30349,0.88275,0,0.00515,-0.00108,0.02282,0.42289,-0.12964,0.00075,-0.00182,1
3.8678,-0.30894,0.04460,0.00248,-0.00074,-0.02064,0.00137,1.42052,-0.11911,0.00762,-0.05927,0.00803,-0.17479,0.01593,-0.30385,0.88277,0,0.00515,-0.00108,0.02282,0.42289,-0.12964,0.00075,-0.00182,1
3.8698,-0.30894,0.04460,0.00244,-0.00073,-0.02144,0.00167,1.42052,-0.11897,0.00761,-0.05978,0.00807,-0.17408,0.01568,-0.30412,0.88285,0,0.00515,-0.00108,0.02282,0.42289,-0.12964,0.00075,-0.00182,1
3.8718,-0.30894,0.04460,0.00240,-0.00073,-0.02213,0.00191,1.42052,-0.11882,0.00760,-0.06031,0.00811,-0.17351,0.01555,-0.30447,0.88285,0,0.00515,-0.00108,0.02282,0.42289,-0.12964,0.00075,-0.00182,1
3.8738,-0.30894,0.04460,0.00235,-0.00073,-0.02269,0.00204,1.42052,-0.11868,0.00759,-0.06084,0.00815,-0.17306,0.01555,-0.30485,0.88285,0,0.00515,-0.00108,0.02282,0.42289,-0.12964,0.00075,-0.00182,1
3.8758,-0.30894,0.04460,0.00231,-0.00072,-0.02314,0.00206,1.42052,-0.11854,0.00758,-0.06139,0.00820,-0.17274,0.01568,-0.30516,0.88291,0,0.00515,-0.00108,0.02282,0.42289,-0.12964,0.00075,-0.00182,1
3.8778,-0.30894,0.04460,0.00226,-0.00072,-0.02347,0.00195,1.42052,-0.11840,0.00758,-0.06194,0.00824,-0.17255,0.01582,-0.30554,0.88291,0,0.00515,-0.00108,0.02282,0.42289,-0.12964,0.00075,-0.00182,1
3.8798,-0.30894,0.04460,0.00221,-0.00072,-0.02368,0.00184,1.42052,-0.11825,0.00757,-0.06250,0.00829,-0.17248,0.01585,-0.30591,0.88296,0,0.00515,-0.00108,0.02282,0.42289,-0.12964,0.00075,-0.00182,1
3.8818,-0.30894,0.04460,0.00216,-0.00071,-0.02378,0.00182,1.42052,-0.11811,0.00756,-0.06306,0.00833,-0.17255,0.01589,-0.30624,0.88300,0,0.00515,-0.00108,0.02282,0.42289,-0.12964,0.00075,-0.00182,1
3.8838,-0.30894,0.04460,0.00212,-0.00071,-0.02376,0.00180,1.42052,-0.11797,0.00755,-0.06363,0.00837,-0.17274,0.01592,-0.30655,0.88302,0,0.00515,-0.00108,0.02282,0.42289,-0.12964,0.00075,-0.00182,1
3.8858,-0.30894,0.04460,0.00207,-0.00070,-0.02362,0.00178,1.42052,-0.11783,0.00754,-0.06419,0.00841,-0.17306,0.01595,-0.30696,0.88303,0,0.00515,-0.00108,0.02282,0.42289,-0.12964,0.00075,-0.00182,1
3.8878,-0.30894,0.04460,0.00202,-0.00070,-0.02337,0.00177,1.42052,-0.11768,0.00753,-0.06474,0.00845,-0.17351,0.01598,-0.30735,0.88306,0,0.00515,-0.00108,0.02282,0.42289,-0.12964,0.00075,-0.00182,1
3.8898,-0.29756,0.04523,0.00275,-0.00069,-0.02102,0.00148,1.42049,-0.11754,0.00752,-0.05316,0.00884,-0.17383,0.01614,-0.30767,0.88313,0,0.00419,-0.00073,0.02686,0.42094,-0.13457,0.00202,-0.00678,1
3.8918,-0.29756,0.04523,0.00271,-0.00069,-0.02077,0.00135,1.42049,-0.11740,0.00751,-0.05366,0.00887,-0.17402,0.01639,-0.30801,0.88319,0,0.00419,-0.00073,0.02686,0.42094,-0.13457,0.00202,-0.00678,1
3.8938,-0.29756,0.04523,0.00266,-0.00068,-0.02065,0.00114,1.42049,-0.11726,0.00750,-0.05417,0.00890,-0.17408,0.01650,-0.30840,0.88320,0,0.00419,-0.00073,0.02686,0.42094,-0.13457,0.00202,-0.00678,1
3.8958,-0.29756,0.04523,0.00262,-0.00068,-0.02063,0.00105,1.42049,-0.11711,0.00749,-0.05467,0.00893,-0.17402,0.01648,-0.30873,0.88326,0,0.00419,-0.00073,0.02686,0.42094,-0.13457,0.00202,-0.00678,1
3.8979,-0.29756,0.04523,0.00258,-0.00068,-0.02074,0.00107,1.42049,-0.11697,0.00748,-0.05517,0.00896,-0.17383,0.01644,-0.30909,0.88329,0,0.00419,-0.00073,0.02686,0.42094,-0.13457,0.00202,-0.00678,1
3.8999,-0.29756,0.04523,0.00254,-0.00068,-0.02096,0.00113,1.42049,-0.11683,0.00747,-0.05567,0.00899,-0.17351,0.01646,-0.30949,0.88331,0,0.00419,-0.00073,0.02686,0.42094,-0.13457,0.00202,-0.00678,1
3.9019,-0.29756,0.04523,0.00250,-0.00067,-0.02129,0.00112,1.42049,-0.11669,0.00747,-0.05618,0.00901,-0.17306,0.01648,-0.30984,0.88336,0,0.00419,-0.00073,0.02686,0.42094,-0.13457,0.00202,-0.00678,1
3.9039,-0.29756,0.04523,0.00245,-0.00067,-0.02174,0.00112,1.42049,-0.11654,0.00746,-0.05670,0.00904,-0.17274,0.01650,-0.31018,0.88338,0,0.00419,-0.00073,0.02686,0.42094,-0.13457,0.00202,-0.00678,1
3.9059,-0.29756,0.04523,0.00241,-0.00067,-0.02208,0.00111,1.42049,-0.11640,0.00745,-0.05722,0.00907,-0.17255,0.01652,-0.31051,0.88344,0,0.00419,-0.00073,0.02686,0.42094,-0.13457,0.00202,-0.00678,1
3.9079,-0.29756,0.04523,0.00237,-0.00067,-0.02229,0.00110,1.42049,-0.11626,0.00744,-0.05775,0.00910,-0.17248,0.01654,-0.31085,0.88349,0,0.00419,-0.00073,0.02686,0.42094,-0.13457,0.00202,-0.00678,1
3.9099,-0.29756,0.04523,0.00232,-0.00066,-0.02239,0.00110,1.42049,-0.11612,0.00743,-0.05828,0.00913,-0.17255,0.01656,-0.31120,0.88349,0,0.00419,-0.00073,0.02686,0.42094,-0.13457,0.00202,-0.00678,1
3.9119,-0.29756,0.04523,0.00228,-0.00066,-0.02238,0.00109,1.42049,-0.11597,0.00742,-0.05882,0.00915,-0.17274,0.01657,-0.31153,0.88352,0,0.00419,-0.00073,0.02686,0.42094,-0.13457,0.00202,-0.00678,1
3.9139,-0.29756,0.04523,0.00223,-0.00066,-0.02224,0.00109,1.42049,-0.11583,0.00741,-0.05935,0.00918,-0.17306,0.01659,-0.31188,0.88356,0,0.00419,-0.00073,0.02686,0.42094,-0.13457,0.00202,-0.00678,1
3.9159,-0.29756,0.04523,0.00219,-0.00066,-0.02199,0.00108,1.42049,-0.11569,0.00740,-0.05988,0.00921,-0.17351,0.01661,-0.31220,0.88364,0,0.00419,-0.00073,0.02686,0.42094,-0.13457,0.00202,-0.00678,1
3.9179,-0.29756,0.04523,0.00214,-0.00066,-0.02162,0.00108,1.42049,-0.11555,0.00739,-0.06040,0.00924,-0.17408,0.01663,-0.31254,0.88365,0,0.00419,-0.00073,0.02686,0.42094,-0.13457,0.00202,-0.00678,1
3.9199,-0.29756,0.04523,0.00210,-0.00065,-0.02113,0.00107,1.42049,-0.11540,0.00738,-0.06091,0.00926,-0.17479,0.01665,-0.31290,0.88368,0,0.00419,-0.00073,0.02686,0.42094,-0.13457,0.00202,-0.00678,1
3.9219,-0.29756,0.04523,0.00206,-0.00065,-0.02053,0.00107,1.42049,-0.11526,0.00737,-0.06141,0.00929,-0.17562,0.01666,-0.31325,0.88371,0,0.00419,-0.00073,0.02686,0.42094,-0.13457,0.00202,-0.00678,1
3.9239,-0.29756,0.04523,0.00202,-0.00065,-0.01981,0.00107,1.42049,-0.11512,0.00737,-0.06190,0.00932,-0.17658,0.01668,-0.31356,0.88377,0,0.00419,-0.00073,0.02686,0.42094,-0.13457,0.00202,-0.00678,1
3.9259,-0.29756,0.04523,0.00198,-0.00065,-0.01897,0.00106,1.42049,-0.11498,0.00736,-0.06238,0.00934,-0.17741,0.01670,-0.31395,0.88378,0,0.00419,-0.00073,0.02686,0.42094,-0.13457,0.00202,-0.00678,1
3.9279,-0.29756,0.04523,0.00194,-0.00065,-0.01825,0.00106,1.42049,-0.11483,0.00735,-0.06284,0.00937,-0.17811,0.01672,-0.31429,0.88385,0,0.00419,-0.00073,0.02686,0.42094,-0.13457,0.00202,-0.00678,1
3.9299,-0.29756,0.04523,0.00191,-0.00064,-0.01764,0.00105,1.42049,-0.11469,0.00734,-0.06328,0.00940,-0.17869,0.01673,-0.31469,0.88386,0,0.00419,-0.00073,0.02686,0.42094,-0.13457,0.00202,-0.00678,1
3.9319,-0.29756,0.04523,0.00187,-0.00064,-0.01715,0.00105,1.42049,-0.11455,0.00733,-0.06371,0.00942,-0.17914,0.01675,-0.31505,0.88389,0,0.00419,-0.00073,0.02686,0.42094,-0.13457,0.00202,-0.00678,1
3.9339,-0.29756,0.04523,0.00184,-0.00064,-0.01678,0.00104,1.42049,-0.11441,0.00732,-0.06414,0.00945,-0.17946,0.01677,-0.31539,0.88391,0,0.00419,-0.00073,0.02686,0.42094,-0.13457,0.00202,-0.00678,1
3.9359,-0.29756,0.04523,0.00181,-0.00064,-0.01652,0.00104,1.42049,-0.11427,0.00731,-0.06456,0.00948,-0.17965,0.01679,-0.31576,0.88395,0,0.00419,-0.00073,0.02686,0.42094,-0.13457,0.00202,-0.00678,1
3.9379,-0.29756,0.04523,0.00177,-0.00064,-0.01638,0.00103,1.42049,-0.11412,0.00730,-0.06497,0.00950,-0.17971,0.01680,-0.31611,0.88399,0,0.00419,-0.00073,0.02686,0.42094,-0.13457,0.00202,-0.00678,1
3.9399,-0.29756,0.04523,0.00174,-0.00063,-0.01635,0.00103,1.42049,-0.11398,0.00729,-0.06539,0.00953,-0.17965,0.01682,-0.31651,0.88400,0,0.00419,-0.00073,0.02686,0.42094,-0.13457,0.00202,-0.00678,1
3.9419,-0.29756,0.04523,0.00171,-0.00063,-0.01644,0.00103,1.42049,-0.11384,0.00728,-0.06580,0.00955,-0.17964,0.01684,-0.31687,0.88404,0,0.00419,-0.00073,0.02686,0.42094,-0.13457,0.00202,-0.00678,1
3.9439,-0.29756,0.04523,0.00167,-0.00063,-0.01648,0.00102,1.42049,-0.11370,0.00727,-0.06622,0.00958,-0.17976,0.01685,-0.31724,0.88408,0,0.00419,-0.00073,0.02686,0.42094,-0.13457,0.00202,-0.00678,1
3.9459,-0.29756,0.04523,0.00164,-0.00063,-0.01640,0.00102,1.42049,-0.11355,0.00727,-0.06663,0.00961,-0.18000,0.01687,-0.31758,0.88408,0,0.00419,-0.00073,0.02686,0.42094,-0.13457,0.00202,-0.00678,1
3.9479,-0.29756,0.04523,0.00161,-0.00062,-0.01621,0.00101,1.42049,-0.11341,0.00726,-0.06704,0.00963,-0.18037,0.01689,-0.31799,0.88413,0,0.00419,-0.00073,0.02686,0.42094,-0.13457,0.00202,-0.00678,1
3.9499,-0.29756,0.04523,0.00158,-0.00062,-0.01590,0.00101,1.42049,-0.11327,0.00725,-0.06745,0.00966,-0.18072,0.01690,-0.31833,0.88414,0,0.00419,-0.00073,0.02686,0.42094,-0.13457,0.00202,-0.00678,1
3.9519,-0.29756,0.04523,0.00154,-0.00062,-0.01561,0.00100,1.42049,-0.11313,0.00724,-0.06785,0.00968,-0.18098,0.01692,-0.31861,0.88418,0,0.00419,-0.00073,0.02686,0.42094,-0.13457,0.00202,-0.00678,1
3.9539,-0.29756,0.04523,0.00151,-0.00062,-0.01540,0.00100,1.42049,-0.11298,0.00723,-0.06825,0.00971,-0.18123,0.01694,-0.31902,0.88420,0,0.00419,-0.00073,0.02686,0.42094,-0.13457,0.00202,-0.00678,1
3.9559,-0.29756,0.04523,0.00148,-0.00062,-0.01520,0.00100,1.42049,-0.11284,0.00722,-0.06864,0.00973,-0.18148,0.01695,-0.31936,0.88424,0,0.00419,-0.00073,0.02686,0.42094,-0.13457,0.00202,-0.00678,1
3.9579,-0.28384,0.04120,0.00196,-0.00056,-0.01316,0.00118,1.42385,-0.11270,0.00721,-0.05853,0.00868,-0.18160,0.01684,-0.32012,0.88428,0,0.00313,-0.00056,0.02187,0.42363,-0.12771,-0.00014,-0.00408,1
3.9599,-0.28384,0.04120,0.00194,-0.00056,-0.01309,0.00129,1.42385,-0.11256,0.00720,-0.05888,0.00871,-0.18159,0.01660,-0.32012,0.88428,0,0.00313,-0.00056,0.02187,0.42363,-0.12771,-0.00014,-0.00408,1
3.9619,-0.28384,0.04120,0.00191,-0.00056,-0.01313,0.00152,1.42385,-0.11241,0.00719,-0.05923,0.00874,-0.18146,0.01623,-0.32049,0.88430,0,0.00313,-0.00056,0.02187,0.42363,-0.12771,-0.00014,-0.00408,1
3.9639,-0.28384,0.04120,0.00188,-0.00055,-0.01329,0.00186,1.42385,-0.11227,0.00718,-0.05958,0.00878,-0.18120,0.01596,-0.32085,0.88435,0,0.00313,-0.00056,0.02187,0.42363,-0.12771,-0.00014,-0.00408,1
3.9659,-0.28384,0.04120,0.00186,-0.00055,-0.01356,0.00212,1.42385,-0.11213,0.00717,-0.05993,0.00882,-0.18080,0.01582,-0.32113,0.88437,0,0.00313,-0.00056,0.02187,0.42363,-0.12771,-0.00014,-0.00408,1
3.9679,-0.28384,0.04120,0.00183,-0.00054,-0.01395,0.00226,1.42385,-0.11199,0.00717,-0.06029,0.00887,-0.18029,0.01580,-0.32154,0.88441,0,0.00313,-0.00056,0.02187,0.42363,-0.12771,-0.00014,-0.00408,1
3.9699,-0.28384,0.04120,0.00180,-0.00054,-0.01445,0.00228,1.42385,-0.11184,0.00716,-0.06066,0.00892,-0.17964,0.01592,-0.32187,0.88446,0,0.00313,-0.00056,0.02187,0.42363,-0.12771,-0.00014,-0.00408,1
3.9719,-0.28384,0.04120,0.00177,-0.00053,-0.01507,0.00219,1.42385,-0.11170,0.00715,-0.06104,0.00897,-0.17886,0.01612,-0.32226,0.88444,0,0.00313,-0.00056,0.02187,0.42363,-0.12771,-0.00014,-0.00408,1
3.9739,-0.28384,0.04120,0.00174,-0.00053,-0.01580,0.00201,1.42385,-0.11156,0.00714,-0.06144,0.00902,-0.17796,0.01620,-0.32261,0.88450,0,0.00313,-0.00056,0.02187,0.42363,-0.12771,-0.00014,-0.00408,1
3.9759,-0.28384,0.04120,0.00171,-0.00053,-0.01665,0.00195,1.42385,-0.11141,0.00713,-0.06185,0.00907,-0.17693,0.01619,-0.32289,0.88456,0,0.00313,-0.00056,0.02187,0.42363,-0.12771,-0.00014,-0.00408,1
3.9780,-0.28384,0.04120,0.00167,-0.00052,-0.01762,0.00197,1.42385,-0.11127,0.00712,-0.06227,0.00911,-0.17577,0.01623,-0.32326,0.88461,0,0.00313,-0.00056,0.02187,0.42363,-0.12771,-0.00014,-0.00408,1
3.9800,-0.28384,0.04120,0.00164,-0.00052,-0.01870,0.00194,1.42385,-0.11113,0.00711,-0.06272,0.00915,-0.17448,0.01626,-0.32367,0.88459,0,0.00313,-0.00056,0.02187,0.42363,-0.12771,-0.00014,-0.00408,1
3.9820,-0.28384,0.04120,0.00160,-0.00051,-0.01990,0.00192,1.42385,-0.11098,0.00710,-0.06319,0.00920,-0.17332,0.01630,-0.32400,0.88462,0,0.00313,-0.00056,0.02187,0.42363,-0.12771,-0.00014,-0.00408,1
3.9840,-0.28384,0.04120,0.00156,-0.00051,-0.02098,0.00190,1.42385,-0.11084,0.00709,-0.06368,0.00924,-0.17229,0.01633,-0.32434,0.88469,0,0.00313,-0.00056,0.02187,0.42363,-0.12771,-0.00014,-0.00408,1
3.9860,-0.28384,0.04120,0.00151,-0.00051,-0.02195,0.00188,1.42385,-0.11070,0.00708,-0.06419,0.00928,-0.17139,0.01637,-0.32472,0.88469,0,0.00313,-0.00056,0.02187,0.42363,-0.12771,-0.00014,-0.00408,1
3.9880,-0.28384,0.04120,0.00147,-0.00050,-0.02279,0.00185,1.42385,-0.11056,0.00707,-0.06472,0.00933,-0.17062,0.01640,-0.32505,0.88474,0,0.00313,-0.00056,0.02187,0.42363,-0.12771,-0.00014,-0.00408,1
3.9900,-0.28384,0.04120,0.00142,-0.00050,-0.02352,0.00183,1.42385,-0.11041,0.00706,-0.06527,0.00937,-0.16997,0.01643,-0.32541,0.88479,0,0.00313,-0.00056,0.02187,0.42363,-0.12771,-0.00014,-0.00408,1
3.9920,-0.28384,0.04120,0.00138,-0.00050,-0.02414,0.00181,1.42385,-0.11027,0.00706,-0.06582,0.00941,-0.16945,0.01647,-0.32576,0.88481,0,0.00313,-0.00056,0.02187,0.42363,-0.12771,-0.00014,-0.00408,1
3.9940,-0.28384,0.04120,0.00133,-0.00049,-0.02463,0.00179,1.42385,-0.11013,0.00705,-0.06639,0.00945,-0.16906,0.01650,-0.32607,0.88487,0,0.00313,-0.00056,0.02187,0.42363,-0.12771,-0.00014,-0.00408,1
3.9960,-0.28384,0.04120,0.00128,-0.00049,-0.02501,0.00177,1.42385,-0.10999,0.00704,-0.06697,0.00949,-0.16880,0.01653,-0.32641,0.88486,0,0.00313,-0.00056,0.02187,0.42363,-0.12771,-0.00014,-0.00408,1
3.9980,-0.28384,0.04120,0.00123,-0.00049,-0.02527,0.00175,1.42385,-0.10984,0.00703,-0.06755,0.00953,-0.16866,0.01656,-0.32674,0.88493,0,0.00313,-0.00056,0.02187,0.42363,-0.12771,-0.00014,-0.00408,1
4.0000,-0.28384,0.04120,0.00118,-0.00048,-0.02541,0.00173,1.42385,-0.10970,0.00702,-0.06814,0.00957,-0.16865,0.01659,-0.32703,0.88498,0,0.00313,-0.00056,0.02187,0.42363,-0.12771,-0.00014,-0.00408,1
4.0020,-0.28384,0.04120,0.00113,-0.00048,-0.02544,0.00171,1.42385,-0.10956,0.00701,-0.06872,0.00961,-0.16878,0.01662,-0.32737,0.88500,0,0.00313,-0.00056,0.02187,0.42363,-0.12771,-0.00014,-0.00408,1
4.0040,-0.28384,0.04120,0.00107,-0.00048,-0.02535,0.00169,1.42385,-0.10942,0.00700,-0.06931,0.00965,-0.16903,0.01665,-0.32772,0.88507,0,0.00313,-0.00056,0.02187,0.42363,-0.12771,-0.00014,-0.00408,1
4.0060,-0.28384,0.04120,0.00102,-0.00047,-0.02514,0.00167,1.42385,-0.10927,0.00699,-0.06990,0.00969,-0.16940,0.01668,-0.32807,0.88506,0,0.00313,-0.00056,0.02187,0.42363,-0.12771,-0.00014,-0.00408,1
4.0080,-0.28384,0.04120,0.00097,-0.00047,-0.02481,0.00165,1.42385,-0.10913,0.00698,-0.07048,0.00973,-0.16991,0.01671,-0.32836,0.88510,0,0.00313,-0.00056,0.02187,0.42363,-0.12771,-0.00014,-0.00408,1
4.0100,-0.28384,0.04120,0.00092,-0.00047,-0.02437,0.00164,1.42385,-0.10899,0.00697,-0.07105,0.00977,-0.17054,0.01674,-0.32870,0.88519,0,0.00313,-0.00056,0.02187,0.42363,-0.12771,-0.00014,-0.00408,1
4.0120,-0.28384,0.04120,0.00088,-0.00046,-0.02381,0.00162,1.42385,-0.10885,0.00696,-0.07161,0.00980,-0.17130,0.01677,-0.32911,0.88518,0,0.00313,-0.00056,0.02187,0.42363,-0.12771,-0.00014,-0.00408,1
4.0140,-0.28384,0.04120,0.00083,-0.00046,-0.02313,0.00160,1.42385,-0.10871,0.00696,-0.07216,0.00984,-0.17219,0.01680,-0.32943,0.88523,0,0.00313,-0.00056,0.02187,0.42363,-0.12771,-0.00014,-0.00408,1
4.0160,-0.28384,0.04120,0.00078,-0.00046,-0.02234,0.00158,1.42385,-0.10856,0.00695,-0.07269,0.00988,-0.17321,0.01682,-0.32979,0.88525,0,0.00313,-0.00056,0.02187,0.42363,-0.12771,-0.00014,-0.00408,1
4.0180,-0.28384,0.04120,0.00074,-0.00045,-0.02143,0.00157,1.42385,-0.10842,0.00694,-0.07321,0.00991,-0.17435,0.01685,-0.33015,0.88531,0,0.00313,-0.00056,0.02187,0.42363,-0.12771,-0.00014,-0.00408,1
4.0200,-0.28384,0.04120,0.00070,-0.00045,-0.02040,0.00155,1.42385,-0.10828,0.00693,-0.07371,0.00995,-0.17563,0.01688,-0.33050,0.88533,0,0.00313,-0.00056,0.02187,0.42363,-0.12771,-0.00014,-0.00408,1
4.0220,-0.28384,0.04120,0.00066,-0.00045,-0.01925,0.00153,1.42385,-0.10814,0.00692,-0.07418,0.00999,-0.17703,0.01690,-0.33082,0.88539,0,0.00313,-0.00056,0.02187,0.42363,-0.12771,-0.00014,-0.00408,1
4.0240,-0.28384,0.04120,0.00062,-0.00044,-0.01799,0.00152,1.42385,-0.10799,0.00691,-0.07464,0.01002,-0.17856,0.01693,-0.33127,0.88538,0,0.00313,-0.00056,0.02187,0.42363,-0.12771,-0.00014,-0.00408,1
4.0260,-0.28384,0.04120,0.00059,-0.00044,-0.01661,0.00150,1.42385,-0.10785,0.00690,-0.07506,0.01006,-0.18016,0.01696,-0.33157,0.88546,0,0.00313,-0.00056,0.02187,0.42363,-0.12771,-0.00014,-0.00408,1
4.0280,-0.27065,0.04016,0.00121,-0.00050,-0.01511,0.00128,1.43204,-0.10771,0.00689,-0.06371,0.00910,-0.18163,0.01686,-0.33234,0.88553,0,0.00281,-0.00061,0.02395,0.42294,-0.13054,0.00037,-0.00209,1
4.0300,-0.27065,0.04016,0.00118,-0.00049,-0.01380,0.00138,1.43204,-0.10757,0.00688,-0.06408,0.00913,-0.18297,0.01663,-0.33234,0.88553,0,0.00281,-0.00061,0.02395,0.42294,-0.13054,0.00037,-0.00209,1
4.0320,-0.27065,0.04016,0.00116,-0.00049,-0.01260,0.00159,1.43204,-0.10742,0.00687,-0.06442,0.00917,-0.18419,0.01627,-0.33276,0.88557,0,0.00281,-0.00061,0.02395,0.42294,-0.13054,0.00037,-0.00209,1
4.0340,-0.27065,0.04016,0.00113,-0.00049,-0.01151,0.00193,1.43204,-0.10728,0.00686,-0.06475,0.00921,-0.18528,0.01604,-0.33316,0.88557,0,0.00281,-0.00061,0.02395,0.42294,-0.13054,0.00037,-0.00209,1
4.0360,-0.27065,0.04016,0.00111,-0.00048,-0.01054,0.00215,1.43204,-0.10714,0.00685,-0.06505,0.00925,-0.18624,0.01594,-0.33350,0.88563,0,0.00281,-0.00061,0.02395,0.42294,-0.13054,0.00037,-0.00209,1
4.0380,-0.27065,0.04016,0.00109,-0.00048,-0.00969,0.00225,1.43204,-0.10700,0.00685,-0.06533,0.00930,-0.18707,0.01596,-0.33388,0.88568,0,0.00281,-0.00061,0.02395,0.42294,-0.13054,0.00037,-0.00209,1
4.0400,-0.27065,0.04016,0.00107,-0.00047,-0.00895,0.00223,1.43204,-0.10685,0.00684,-0.06560,0.00935,-0.18777,0.01612,-0.33424,0.88568,0,0.00281,-0.00061,0.02395,0.42294,-0.13054,0.00037,-0.00209,1
4.0420,-0.27065,0.04016,0.00106,-0.00047,-0.00833,0.00210,1.43204,-0.10671,0.00683,-0.06586,0.00940,-0.18835,0.01623,-0.33453,0.88575,0,0.00281,-0.00061,0.02395,0.42294,-0.13054,0.00037,-0.00209,1
4.0440,-0.27065,0.04016,0.00104,-0.00047,-0.00782,0.00201,1.43204,-0.10657,0.00682,-0.06610,0.00944,-0.18880,0.01626,-0.33497,0.88574,0,0.00281,-0.00061,0.02395,0.42294,-0.13054,0.00037,-0.00209,1
4.0460,-0.27065,0.04016,0.00102,-0.00046,-0.00743,0.00198,1.43204,-0.10643,0.00681,-0.06634,0.00949,-0.18912,0.01630,-0.33528,0.88580,0,0.00281,-0.00061,0.02395,0.42294,-0.13054,0.00037,-0.00209,1
4.0480,-0.27065,0.04016,0.00101,-0.00046,-0.00716,0.00196,1.43204,-0.10628,0.00680,-0.06657,0.00953,-0.18931,0.01633,-0.33566,0.88581,0,0.00281,-0.00061,0.02395,0.42294,-0.13054,0.00037,-0.00209,1
4.0500,-0.27065,0.04016,0.00100,-0.00045,-0.00700,0.00194,1.43204,-0.10614,0.00679,-0.06679,0.00958,-0.18937,0.01637,-0.33597,0.88587,0,0.00281,-0.00061,0.02395,0.42294,-0.13054,0.00037,-0.00209,1
4.0520,-0.27065,0.04016,0.00098,-0.00045,-0.00696,0.00191,1.43204,-0.10600,0.00678,-0.06701,0.00962,-0.18931,0.01640,-0.33635,0.88589,0,0.00281,-0.00061,0.02395,0.42294,-0.13054,0.00037,-0.00209,1
4.0541,-0.27065,0.04016,0.00097,-0.00045,-0.00704,0.00189,1.43204,-0.10586,0.00677,-0.06723,0.00966,-0.18912,0.01644,-0.33671,0.88594,0,0.00281,-0.00061,0.02395,0.42294,-0.13054,0.00037,-0.00209,1
4.0561,-0.27065,0.04016,0.00095,-0.00044,-0.00723,0.00187,1.43204,-0.10572,0.00676,-0.06746,0.00970,-0.18880,0.01647,-0.33712,0.88596,0,0.00281,-0.00061,0.02395,0.42294,-0.13054,0.00037,-0.00209,1
4.0581,-0.27065,0.04016,0.00094,-0.00044,-0.00754,0.00184,1.43204,-0.10557,0.00675,-0.06769,0.00975,-0.18835,0.01650,-0.33746,0.88600,0,0.00281,-0.00061,0.02395,0.42294,-0.13054,0.00037,-0.00209,1
4.0601,-0.27065,0.04016,0.00092,-0.00043,-0.00796,0.00182,1.43204,-0.10543,0.00675,-0.06793,0.00979,-0.18777,0.01653,-0.33783,0.88603,0,0.00281,-0.00061,0.02395,0.42294,-0.13054,0.00037,-0.00209,1
4.0621,-0.27065,0.04016,0.00091,-0.00043,-0.00850,0.00180,1.43204,-0.10529,0.00674,-0.06817,0.00983,-0.18707,0.01657,-0.33819,0.88606,0,0.00281,-0.00061,0.02395,0.42294,-0.13054,0.00037,-0.00209,1
4.0641,-0.27065,0.04016,0.00089,-0.00043,-0.00916,0.00178,1.43204,-0.10515,0.00673,-0.06843,0.00987,-0.18624,0.01660,-0.33863,0.88607,0,0.00281,-0.00061,0.02395,0.42294,-0.13054,0.00037,-0.00209,1
4.0661,-0.27065,0.04016,0.00087,-0.00042,-0.00993,0.00176,1.43204,-0.10500,0.00672,-0.06870,0.00991,-0.18528,0.01663,-0.33889,0.88612,0,0.00281,-0.00061,0.02395,0.42294,-0.13054,0.00037,-0.00209,1
4.0681,-0.27065,0.04016,0.00085,-0.00042,-0.01082,0.00174,1.43204,-0.10486,0.00671,-0.06899,0.00995,-0.18419,0.01666,-0.33924,0.88613,0,0.00281,-0.00061,0.02395,0.42294,-0.13054,0.00037,-0.00209,1
4.0701,-0.27065,0.04016,0.00083,-0.00042,-0.01182,0.00172,1.43204,-0.10472,0.00670,-0.06930,0.00999,-0.18297,0.01669,-0.33965,0.88615,0,0.00281,-0.00061,0.02395,0.42294,-0.13054,0.00037,-0.00209,1
4.0721,-0.27065,0.04016,0.00080,-0.00041,-0.01294,0.00170,1.43204,-0.10458,0.00669,-0.06963,0.01003,-0.18163,0.01672,-0.33997,0.88617,0,0.00281,-0.00061,0.02395,0.42294,-0.13054,0.00037,-0.00209,1
4.0741,-0.27065,0.04016,0.00077,-0.00041,-0.01418,0.00168,1.43204,-0.10443,0.00668,-0.06998,0.01007,-0.18016,0.01675,-0.34037,0.88624,0,0.00281,-0.00061,0.02395,0.42294,-0.13054,0.00037,-0.00209,1
4.0761,-0.27065,0.04016,0.00075,-0.00041,-0.01553,0.00166,1.43204,-0.10429,0.00667,-0.07035,0.01010,-0.17856,0.01678,-0.34074,0.88626,0,0.00281,-0.00061,0.02395,0.42294,-0.13054,0.00037,-0.00209,1
4.0781,-0.27065,0.04016,0.00071,-0.00040,-0.01699,0.00164,1.43204,-0.10415,0.00666,-0.07075,0.01014,-0.17696,0.01681,-0.34107,0.88629,0,0.00281,-0.00061,0.02395,0.42294,-0.13054,0.00037,-0.00209,1
4.0801,-0.27065,0.04016,0.00068,-0.00040,-0.01846,0.00162,1.43204,-0.10401,0.00665,-0.07119,0.01018,-0.17536,0.01683,-0.34145,0.88631,0,0.00281,-0.00061,0.02395,0.42294,-0.13054,0.00037,-0.00209,1
4.0821,-0.27065,0.04016,0.00064,-0.00040,-0.01993,0.00160,1.43204,-0.10386,0.00665,-0.07165,0.01022,-0.17388,0.01686,-0.34177,0.88635,0,0.00281,-0.00061,0.02395,0.42294,-0.13054,0.00037,-0.00209,1
4.0841,-0.27065,0.04016,0.00060,-0.00039,-0.02128,0.00158,1.43204,-0.10372,0.00664,-0.07214,0.01025,-0.17254,0.01689,-0.34214,0.88637,0,0.00281,-0.00061,0.02395,0.42294,-0.13054,0.00037,-0.00209,1
4.0861,-0.27065,0.04016,0.00055,-0.00039,-0.02251,0.00156,1.43204,-0.10358,0.00663,-0.07265,0.01029,-0.17132,0.01692,-0.34245,0.88641,0,0.00281,-0.00061,0.02395,0.42294,-0.13054,0.00037,-0.00209,1
4.0881,-0.27065,0.04016,0.00051,-0.00039,-0.02362,0.00155,1.43204,-0.10344,0.00662,-0.07319,0.01033,-0.17024,0.01694,-0.34280,0.88646,0,0.00281,-0.00061,0.02395,0.42294,-0.13054,0.00037,-0.00209,1
4.0901,-0.25974,0.03943,0.00098,-0.00021,-0.02179,0.00212,1.42676,-0.10329,0.00661,-0.06428,0.01175,-0.16902,0.01710,-0.34354,0.88650,0,0.00189,-0.00013,0.02787,0.42235,-0.13487,0.00026,-0.00676,1
4.0921,-0.25974,0.03943,0.00093,-0.00021,-0.02291,0.00198,1.42676,-0.10315,0.00660,-0.06480,0.01179,-0.16793,0.01738,-0.34354,0.88650,0,0.00189,-0.00013,0.02787,0.42235,-0.13487,0.00026,-0.00676,1
4.0941,-0.25974,0.03943,0.00089,-0.00021,-0.02392,0.00173,1.42676,-0.10301,0.00659,-0.06535,0.01183,-0.16697,0.01779,-0.34382,0.88652,0,0.00189,-0.00013,0.02787,0.42235,-0.13487,0.00026,-0.00676,1
4.0961,-0.25974,0.03943,0.00084,-0.00020,-0.02481,0.00136,1.42676,-0.10287,0.00658,-0.06591,0.01187,-0.16614,0.01833,-0.34419,0.88655,0,0.00189,-0.00013,0.02787,0.42235,-0.13487,0.00026,-0.00676,1
4.0981,-0.25974,0.03943,0.00079,-0.00020,-0.02558,0.00087,1.42676,-0.10272,0.00657,-0.06649,0.01190,-0.16544,0.01874,-0.34447,0.88661,0,0.00189,-0.00013,0.02787,0.42235,-0.13487,0.00026,-0.00676,1
4.1001,-0.25974,0.03943,0.00074,-0.00020,-0.02623,0.00050,1.42676,-0.10258,0.00656,-0.06708,0.01191,-0.16486,0.01902,-0.34485,0.88663,0,0.00189,-0.00013,0.02787,0.42235,-0.13487,0.00026,-0.00676,1
4.1021,-0.25974,0.03943,0.00068,-0.00020,-0.02677,0.00025,1.42676,-0.10244,0.00655,-0.06768,0.01193,-0.16441,0.01918,-0.34523,0.88663,0,0.00189,-0.00013,0.02787,0.42235,-0.13487,0.00026,-0.00676,1
4.1041,-0.25974,0.03943,0.00063,-0.00020,-0.02718,0.00011,1.42676,-0.10230,0.00655,-0.06829,0.01194,-0.16409,0.01921,-0.34557,0.88670,0,0.00189,-0.00013,0.02787,0.42235,-0.13487,0.00026,-0.00676,1
4.1061,-0.25974,0.03943,0.00057,-0.00020,-0.02748,0.00009,1.42676,-0.10216,0.00654,-0.06891,0.01194,-0.16390,0.01910,-0.34587,0.88673,0,0.00189,-0.00013,0.02787,0.42235,-0.13487,0.00026,-0.00676,1
4.1081,-0.25974,0.03943,0.00052,-0.00020,-0.02767,0.00018,1.42676,-0.10201,0.00653,-0.06954,0.01195,-0.16384,0.01888,-0.34627,0.88676,0,0.00189,-0.00013,0.02787,0.42235,-0.13487,0.00026,-0.00676,1
4.1101,-0.25974,0.03943,0.00046,-0.00020,-0.02773,0.00040,1.42676,-0.10187,0.00652,-0.07016,0.01196,-0.16390,0.01852,-0.34653,0.88681,0,0.00189,-0.00013,0.02787,0.42235,-0.13487,0.00026,-0.00676,1
4.1121,-0.25974,0.03943,0.00041,-0.00020,-0.02768,0.00072,1.42676,-0.10173,0.00651,-0.07079,0.01198,-0.16409,0.01829,-0.34693,0.88684,0,0.00189,-0.00013,0.02787,0.42235,-0.13487,0.00026,-0.00676,1
4.1141,-0.25974,0.03943,0.00035,-0.00019,-0.02751,0.00094,1.42676,-0.10159,0.00650,-0.07142,0.01200,-0.16441,0.01819,-0.34722,0.88693,0,0.00189,-0.00013,0.02787,0.42235,-0.13487,0.00026,-0.00676,1
4.1161,-0.25974,0.03943,0.00030,-0.00019,-0.02723,0.00103,1.42676,-0.10144,0.00649,-0.07204,0.01202,-0.16486,0.01821,-0.34760,0.88695,0,0.00189,-0.00013,0.02787,0.42235,-0.13487,0.00026,-0.00676,1
4.1181,-0.25974,0.03943,0.00024,-0.00019,-0.02683,0.00101,1.42676,-0.10130,0.00648,-0.07265,0.01205,-0.16544,0.01837,-0.34795,0.88694,0,0.00189,-0.00013,0.02787,0.42235,-0.13487,0.00026,-0.00676,1
4.1201,-0.25974,0.03943,0.00019,-0.00019,-0.02631,0.00087,1.42676,-0.10116,0.00647,-0.07325,0.01207,-0.16614,0.01854,-0.34829,0.88701,0,0.00189,-0.00013,0.02787,0.42235,-0.13487,0.00026,-0.00676,1
4.1221,-0.25974,0.03943,0.00014,-0.00019,-0.02567,0.00072,1.42676,-0.10102,0.00646,-0.07384,0.01209,-0.16697,0.01859,-0.34867,0.88699,0,0.00189,-0.00013,0.02787,0.42235,-0.13487,0.00026,-0.00676,1
4.1241,-0.25974,0.03943,0.00009,-0.00019,-0.02491,0.00068,1.42676,-0.10087,0.00645,-0.07442,0.01211,-0.16793,0.01857,-0.34899,0.88703,0,0.00189,-0.00013,0.02787,0.42235,-0.13487,0.00026,-0.00676,1
4.1261,-0.25974,0.03943,0.00004,-0.00018,-0.02404,0.00070,1.42676,-0.10073,0.00645,-0.07499,0.01213,-0.16902,0.01858,-0.34934,0.88708,0,0.00189,-0.00013,0.02787,0.42235,-0.13487,0.00026,-0.00676,1
4.1281,-0.25974,0.03943,-0.00001,-0.00018,-0.02305,0.00070,1.42676,-0.10059,0.00644,-0.07553,0.01215,-0.17024,0.01859,-0.34971,0.88711,0,0.00189,-0.00013,0.02787,0.42235,-0.13487,0.00026,-0.00676,1
4.1301,-0.25974,0.03943,-0.00005,-0.00018,-0.02194,0.00069,1.42676,-0.10045,0.00643,-0.07605,0.01217,-0.17158,0.01860,-0.35001,0.88717,0,0.00189,-0.00013,0.02787,0.42235,-0.13487,0.00026,-0.00676,1
4.1321,-0.25974,0.03943,-0.00010,-0.00018,-0.02072,0.00069,1.42676,-0.10031,0.00642,-0.07655,0.01219,-0.17305,0.01861,-0.35038,0.88722,0,0.00189,-0.00013,0.02787,0.42235,-0.13487,0.00026,-0.00676,1
4.1341,-0.25974,0.03943,-0.00014,-0.00018,-0.01938,0.00068,1.42676,-0.10016,0.00641,-0.07703,0.01221,-0.17465,0.01861,-0.35071,0.88727,0,0.00189,-0.00013,0.02787,0.42235,-0.13487,0.00026,-0.00676,1
4.1361,-0.25974,0.03943,-0.00017,-0.00018,-0.01792,0.00068,1.42676,-0.10002,0.00640,-0.07747,0.01222,-0.17625,0.01862,-0.35103,0.88734,0,0.00189,-0.00013,0.02787,0.42235,-0.13487,0.00026,-0.00676,1
4.1381,-0.25974,0.03943,-0.00021,-0.00018,-0.01646,0.00067,1.42676,-0.09988,0.00639,-0.07789,0.01224,-0.17777,0.01863,-0.35141,0.88735,0,0.00189,-0.00013,0.02787,0.42235,-0.13487,0.00026,-0.00676,1
4.1401,-0.25974,0.03943,-0.00024,-0.00017,-0.01508,0.00066,1.42676,-0.09974,0.00638,-0.07828,0.01226,-0.17916,0.01864,-0.35181,0.88739,0,0.00189,-0.00013,0.02787,0.42235,-0.13487,0.00026,-0.00676,1
4.1421,-0.25974,0.03943,-0.00027,-0.00017,-0.01381,0.00066,1.42676,-0.09959,0.00637,-0.07865,0.01228,-0.18042,0.01865,-0.35214,0.88745,0,0.00189,-0.00013,0.02787,0.42235,-0.13487,0.00026,-0.00676,1
4.1441,-0.25974,0.03943,-0.00029,-0.00017,-0.01266,0.00065,1.42676,-0.09945,0.00636,-0.07899,0.01230,-0.18156,0.01866,-0.35248,0.88750,0,0.00189,-0.00013,0.02787,0.42235,-0.13487,0.00026,-0.00676,1
4.1461,-0.25974,0.03943,-0.00032,-0.00017,-0.01162,0.00065,1.42676,-0.09931,0.00635,-0.07931,0.01232,-0.18257,0.01867,-0.35284,0.88752,0,0.00189,-0.00013,0.02787,0.42235,-0.13487,0.00026,-0.00676,1
4.1481,-0.25974,0.03943,-0.00034,-0.00017,-0.01070,0.00064,1.42676,-0.09917,0.00634,-0.07960,0.01233,-0.18344,0.01868,-0.35320,0.88753,0,0.00189,-0.00013,0.02787,0.42235,-0.13487,0.00026,-0.00676,1
4.1501,-0.25974,0.03943,-0.00036,-0.00017,-0.00989,0.00064,1.42676,-0.09902,0.00634,-0.07989,0.01235,-0.18420,0.01869,-0.35359,0.88757,0,0.00189,-0.00013,0.02787,0.42235,-0.13487,0.00026,-0.00676,1
4.1521,-0.25974,0.03943,-0.00038,-0.00017,-0.00920,0.00063,1.42676,-0.09888,0.00633,-0.08015,0.01237,-0.18482,0.01869,-0.35395,0.88761,0,0.00189,-0.00013,0.02787,0.42235,-0.13487,0.00026,-0.00676,1
4.1541,-0.25974,0.03943,-0.00040,-0.00017,-0.00863,0.00063,1.42676,-0.09874,0.00632,-0.08041,0.01239,-0.18531,0.01870,-0.35432,0.88766,0,0.00189,-0.00013,0.02787,0.42235,-0.13487,0.00026,-0.00676,1
4.1561,-0.25974,0.03943,-0.00041,-0.00016,-0.00817,0.00063,1.42676,-0.09859,0.00631,-0.08065,0.01240,-0.18568,0.01871,-0.35465,0.88772,0,0.00189,-0.00013,0.02787,0.42235,-0.13487,0.00026,-0.00676,1
4.1582,-0.24789,0.03840,0.00068,-0.00010,-0.00391,0.00094,1.42806,-0.09845,0.00630,-0.06517,0.01267,-0.18592,0.01885,-0.35540,0.88781,0,0.00243,-0.00008,0.02708,0.42172,-0.13370,0.00081,-0.00799,1
4.1602,-0.24789,0.03840,0.00068,-0.00009,-0.00371,0.00081,1.42806,-0.09830,0.00629,-0.06533,0.01269,-0.18603,0.01898,-0.35540,0.88781,0,0.00243,-0.00008,0.02708,0.42172,-0.13370,0.00081,-0.00799,1
4.1622,-0.24789,0.03840,0.00067,-0.00009,-0.00362,0.00069,1.42806,-0.09816,0.00628,-0.06548,0.01271,-0.18601,0.01899,-0.35569,0.88784,0,0.00243,-0.00008,0.02708,0.42172,-0.13370,0.00081,-0.00799,1
4.1642,-0.24789,0.03840,0.00066,-0.00009,-0.00364,0.00068,1.42806,-0.09802,0.00627,-0.06563,0.01273,-0.18587,0.01900,-0.35617,0.88783,0,0.00243,-0.00008,0.02708,0.42172,-0.13370,0.00081,-0.00799,1
4.1662,-0.24789,0.03840,0.00066,-0.00009,-0.00379,0.00068,1.42806,-0.09788,0.00626,-0.06578,0.01275,-0.18559,0.01901,-0.35652,0.88787,0,0.00243,-0.00008,0.02708,0.42172,-0.13370,0.00081,-0.00799,1
4.1682,-0.24789,0.03840,0.00065,-0.00009,-0.00405,0.00067,1.42806,-0.09773,0.00625,-0.06593,0.01277,-0.18519,0.01902,-0.35684,0.88794,0,0.00243,-0.00008,0.02708,0.42172,-0.13370,0.00081,-0.00799,1
4.1702,-0.24789,0.03840,0.00064,-0.00009,-0.00442,0.00066,1.42806,-0.09759,0.00624,-0.06610,0.01279,-0.18466,0.01903,-0.35720,0.88799,0,0.00243,-0.00008,0.02708,0.42172,-0.13370,0.00081,-0.00799,1
4.1722,-0.24789,0.03840,0.00063,-0.00009,-0.00492,0.00066,1.42806,-0.09745,0.00623,-0.06627,0.01280,-0.18401,0.01904,-0.35754,0.88800,0,0.00243,-0.00008,0.02708,0.42172,-0.13370,0.00081,-0.00799,1
4.1742,-0.24789,0.03840,0.00062,-0.00008,-0.00553,0.00065,1.42806,-0.09731,0.00623,-0.06645,0.01282,-0.18322,0.01905,-0.35793,0.88803,0,0.00243,-0.00008,0.02708,0.42172,-0.13370,0.00081,-0.00799,1
4.1762,-0.24789,0.03840,0.00061,-0.00008,-0.00625,0.00064,1.42806,-0.09716,0.00622,-0.06664,0.01284,-0.18231,0.01906,-0.35827,0.88807,0,0.00243,-0.00008,0.02708,0.42172,-0.13370,0.00081,-0.00799,1
4.1782,-0.24789,0.03840,0.00059,-0.00008,-0.00709,0.00064,1.42806,-0.09702,0.00621,-0.06685,0.01286,-0.18127,0.01907,-0.35860,0.88814,0,0.00243,-0.00008,0.02708,0.42172,-0.13370,0.00081,-0.00799,1
4.1802,-0.24789,0.03840,0.00058,-0.00008,-0.00805,0.00063,1.42806,-0.09688,0.00620,-0.06708,0.01288,-0.18010,0.01907,-0.35894,0.88817,0,0.00243,-0.00008,0.02708,0.42172,-0.13370,0.00081,-0.00799,1
4.1823,-0.24789,0.03840,0.00056,-0.00008,-0.00912,0.00063,1.42806,-0.09674,0.00619,-0.06732,0.01289,-0.17880,0.01908,-0.35931,0.88819,0,0.00243,-0.00008,0.02708,0.42172,-0.13370,0.00081,-0.00799,1
4.1843,-0.24789,0.03840,0.00054,-0.00008,-0.01031,0.00062,1.42806,-0.09659,0.00618,-0.06759,0.01291,-0.17737,0.01909,-0.35977,0.88817,0,0.00243,-0.00008,0.02708,0.42172,-0.13370,0.00081,-0.00799,1
4.1863,-0.24789,0.03840,0.00052,-0.00008,-0.01161,0.00061,1.42806,-0.09645,0.00617,-0.06788,0.01293,-0.17582,0.01910,-0.35998,0.88830,0,0.00243,-0.00008,0.02708,0.42172,-0.13370,0.00081,-0.00799,1
4.1883,-0.24789,0.03840,0.00050,-0.00008,-0.01303,0.00061,1.42806,-0.09631,0.00616,-0.06820,0.01294,-0.17422,0.01911,-0.36036,0.88830,0,0.00243,-0.00008,0.02708,0.42172,-0.13370,0.00081,-0.00799,1
4.1903,-0.24789,0.03840,0.00047,-0.00007,-0.01450,0.00060,1.42806,-0.09617,0.00615,-0.06855,0.01296,-0.17262,0.01911,-0.36069,0.88835,0,0.00243,-0.00008,0.02708,0.42172,-0.13370,0.00081,-0.00799,1
4.1923,-0.24789,0.03840,0.00044,-0.00007,-0.01596,0.00060,1.42806,-0.09603,0.00614,-0.06893,0.01298,-0.17102,0.01912,-0.36106,0.88836,0,0.00243,-0.00008,0.02708,0.42172,-0.13370,0.00081,-0.00799,1
4.1943,-0.24789,0.03840,0.00040,-0.00007,-0.01742,0.00059,1.42806,-0.09588,0.00613,-0.06933,0.01299,-0.16942,0.01913,-0.36137,0.88842,0,0.00243,-0.00008,0.02708,0.42172,-0.13370,0.00081,-0.00799,1
4.1963,-0.24789,0.03840,0.00037,-0.00007,-0.01888,0.00058,1.42806,-0.09574,0.00613,-0.06977,0.01301,-0.16782,0.01914,-0.36171,0.88845,0,0.00243,-0.00008,0.02708,0.42172,-0.13370,0.00081,-0.00799,1
4.1983,-0.24789,0.03840,0.00033,-0.00007,-0.02034,0.00058,1.42806,-0.09560,0.00612,-0.07023,0.01303,-0.16622,0.01914,-0.36207,0.88849,0,0.00243,-0.00008,0.02708,0.42172,-0.13370,0.00081,-0.00799,1
4.2003,-0.24789,0.03840,0.00029,-0.00007,-0.02180,0.00057,1.42806,-0.09546,0.00611,-0.07072,0.01304,-0.16475,0.01915,-0.36247,0.88847,0,0.00243,-0.00008,0.02708,0.42172,-0.13370,0.00081,-0.00799,1
4.2023,-0.24789,0.03840,0.00024,-0.00007,-0.02314,0.00057,1.42806,-0.09531,0.00610,-0.07124,0.01306,-0.16341,0.01916,-0.36275,0.88855,0,0.00243,-0.00008,0.02708,0.42172,-0.13370,0.00081,-0.00799,1
4.2043,-0.24789,0.03840,0.00019,-0.00007,-0.02437,0.00056,1.42806,-0.09517,0.00609,-0.07178,0.01308,-0.16219,0.01916,-0.36307,0.88858,0,0.00243,-0.00008,0.02708,0.42172,-0.13370,0.00081,-0.00799,1
4.2063,-0.24789,0.03840,0.00014,-0.00007,-0.02548,0.00056,1.42806,-0.09503,0.00608,-0.07235,0.01309,-0.16110,0.01917,-0.36340,0.88863,0,0.00243,-0.00008,0.02708,0.42172,-0.13370,0.00081,-0.00799,1
4.2083,-0.24789,0.03840,0.00009,-0.00006,-0.02647,0.00055,1.42806,-0.09489,0.00607,-0.07294,0.01311,-0.16014,0.01918,-0.36372,0.88865,0,0.00243,-0.00008,0.02708,0.42172,-0.13370,0.00081,-0.00799,1
4.2103,-0.24789,0.03840,0.00004,-0.00006,-0.02734,0.00055,1.42806,-0.09474,0.00606,-0.07354,0.01312,-0.15931,0.01918,-0.36408,0.88870,0,0.00243,-0.00008,0.02708,0.42172,-0.13370,0.00081,-0.00799,1
4.2123,-0.24789,0.03840,-0.00002,-0.00006,-0.02810,0.00054,1.42806,-0.09460,0.00605,-0.07416,0.01314,-0.15861,0.01919,-0.36440,0.88870,0,0.00243,-0.00008,0.02708,0.42172,-0.13370,0.00081,-0.00799,1
4.2143,-0.24789,0.03840,-0.00007,-0.00006,-0.02874,0.00054,1.42806,-0.09446,0.00604,-0.07480,0.01315,-0.15803,0.01920,-0.36468,0.88876,0,0.00243,-0.00008,0.02708,0.42172,-0.13370,0.00081,-0.00799,1
4.2163,-0.24789,0.03840,-0.00013,-0.00006,-0.02926,0.00053,1.42806,-0.09432,0.00603,-0.07544,0.01317,-0.15758,0.01920,-0.36498,0.88880,0,0.00243,-0.00008,0.02708,0.42172,-0.13370,0.00081,-0.00799,1
4.2183,-0.24789,0.03840,-0.00019,-0.00006,-0.02966,0.00053,1.42806,-0.09417,0.00603,-0.07610,0.01318,-0.15726,0.01921,-0.36531,0.88887,0,0.00243,-0.00008,0.02708,0.42172,-0.13370,0.00081,-0.00799,1
4.2203,-0.24789,0.03840,-0.00025,-0.00006,-0.02995,0.00052,1.42806,-0.09403,0.00602,-0.07676,0.01320,-0.15707,0.01922,-0.36565,0.88892,0,0.00243,-0.00008,0.02708,0.42172,-0.13370,0.00081,-0.00799,1
4.2223,-0.24789,0.03840,-0.00031,-0.00006,-0.03011,0.00052,1.42806,-0.09389,0.00601,-0.07743,0.01321,-0.15701,0.01922,-0.36597,0.88894,0,0.00243,-0.00008,0.02708,0.42172,-0.13370,0.00081,-0.00799,1
4.2243,-0.24789,0.03840,-0.00037,-0.00006,-0.03017,0.00052,1.42806,-0.09375,0.00600,-0.07810,0.01323,-0.15707,0.01923,-0.36628,0.88899,0,0.00243,-0.00008,0.02708,0.42172,-0.13370,0.00081,-0.00799,1
4.2266,-0.23569,0.03704,0.00041,-0.00013,-0.02849,0.00026,1.42971,-0.09358,0.00599,-0.06567,0.01200,-0.15726,0.01911,-0.36696,0.88906,0,0.00208,-0.00021,0.02905,0.42234,-0.13599,-0.00001,-0.00508,1
4.2286,-0.23569,0.03704,0.00035,-0.00013,-0.02832,0.00037,1.42971,-0.09344,0.00598,-0.06630,0.01201,-0.15758,0.01886,-0.36696,0.88906,0,0.00208,-0.00021,0.02905,0.42234,-0.13599,-0.00001,-0.00508,1
4.2306,-0.23569,0.03704,0.00029,-0.00012,-0.02803,0.00060,1.42971,-0.09330,0.00597,-0.06693,0.01202,-0.15803,0.01848,-0.36762,0.88912,0,0.00208,-0.00021,0.02905,0.42234,-0.13599,-0.00001,-0.00508,1
4.2326,-0.23569,0.03704,0.00024,-0.00012,-0.02763,0.00095,1.42971,-0.09315,0.00596,-0.06755,0.01204,-0.15861,0.01800,-0.36762,0.88912,0,0.00208,-0.00021,0.02905,0.42234,-0.13599,-0.00001,-0.00508,1
4.2346,-0.23569,0.03704,0.00018,-0.00012,-0.02711,0.00138,1.42971,-0.09301,0.00595,-0.06817,0.01207,-0.15931,0.01765,-0.36824,0.88922,0,0.00208,-0.00021,0.02905,0.42234,-0.13599,-0.00001,-0.00508,1
4.2366,-0.23569,0.03704,0.00013,-0.00012,-0.02647,0.00170,1.42971,-0.09287,0.00594,-0.06877,0.01210,-0.16014,0.01743,-0.36860,0.88924,0,0.00208,-0.00021,0.02905,0.42234,-0.13599,-0.00001,-0.00508,1
4.2386,-0.23569,0.03704,0.00008,-0.00011,-0.02571,0.00190,1.42971,-0.09273,0.00593,-0.06936,0.01214,-0.16110,0.01734,-0.36893,0.88929,0,0.00208,-0.00021,0.02905,0.42234,-0.13599,-0.00001,-0.00508,1
4.2406,-0.23569,0.03704,0.00003,-0.00011,-0.02484,0.00199,1.42971,-0.09258,0.00592,-0.06993,0.01219,-0.16219,0.01738,-0.36923,0.88936,0,0.00208,-0.00021,0.02905,0.42234,-0.13599,-0.00001,-0.00508,1
4.2426,-0.23569,0.03704,-0.00002,-0.00011,-0.02385,0.00196,1.42971,-0.09244,0.00591,-0.07048,0.01223,-0.16315,0.01754,-0.36961,0.88936,0,0.00208,-0.00021,0.02905,0.42234,-0.13599,-0.00001,-0.00508,1
4.2446,-0.23569,0.03704,-0.00007,-0.00010,-0.02298,0.00181,1.42971,-0.09230,0.00591,-0.07102,0.01227,-0.16398,0.01783,-0.36991,0.88941,0,0.00208,-0.00021,0.02905,0.42234,-0.13599,-0.00001,-0.00508,1
4.2466,-0.23569,0.03704,-0.00012,-0.00010,-0.02222,0.00155,1.42971,-0.09216,0.00590,-0.07154,0.01231,-0.16469,0.01821,-0.37030,0.88940,0,0.00208,-0.00021,0.02905,0.42234,-0.13599,-0.00001,-0.00508,1
4.2487,-0.23569,0.03704,-0.00016,-0.00010,-0.02158,0.00121,1.42971,-0.09201,0.00589,-0.07204,0.01234,-0.16526,0.01845,-0.37062,0.88947,0,0.00208,-0.00021,0.02905,0.42234,-0.13599,-0.00001,-0.00508,1
4.2507,-0.23569,0.03704,-0.00020,-0.00009,-0.02105,0.00099,1.42971,-0.09187,0.00588,-0.07253,0.01237,-0.16571,0.01857,-0.37097,0.88949,0,0.00208,-0.00021,0.02905,0.42234,-0.13599,-0.00001,-0.00508,1
4.2527,-0.23569,0.03704,-0.00024,-0.00009,-0.02064,0.00088,1.42971,-0.09173,0.00587,-0.07302,0.01239,-0.16603,0.01856,-0.37134,0.88953,0,0.00208,-0.00021,0.02905,0.42234,-0.13599,-0.00001,-0.00508,1
4.2547,-0.23569,0.03704,-0.00028,-0.00009,-0.02034,0.00090,1.42971,-0.09158,0.00586,-0.07350,0.01241,-0.16622,0.01842,-0.37160,0.88961,0,0.00208,-0.00021,0.02905,0.42234,-0.13599,-0.00001,-0.00508,1
4.2567,-0.23569,0.03704,-0.00032,-0.00009,-0.02016,0.00103,1.42971,-0.09144,0.00585,-0.07397,0.01244,-0.16629,0.01829,-0.37194,0.88966,0,0.00208,-0.00021,0.02905,0.42234,-0.13599,-0.00001,-0.00508,1
4.2587,-0.23569,0.03704,-0.00037,-0.00009,-0.02010,0.00114,1.42971,-0.09130,0.00584,-0.07444,0.01246,-0.16622,0.01829,-0.37225,0.88967,0,0.00208,-0.00021,0.02905,0.42234,-0.13599,-0.00001,-0.00508,1
4.2607,-0.23569,0.03704,-0.00041,-0.00008,-0.02015,0.00114,1.42971,-0.09115,0.00583,-0.07491,0.01249,-0.16606,0.01832,-0.37257,0.88974,0,0.00208,-0.00021,0.02905,0.42234,-0.13599,-0.00001,-0.00508,1
4.2627,-0.23569,0.03704,-0.00045,-0.00008,-0.02028,0.00111,1.42971,-0.09101,0.00582,-0.07538,0.01252,-0.16603,0.01834,-0.37289,0.88981,0,0.00208,-0.00021,0.02905,0.42234,-0.13599,-0.00001,-0.00508,1
4.2647,-0.23569,0.03704,-0.00049,-0.00008,-0.02031,0.00110,1.42971,-0.09087,0.00581,-0.07585,0.01254,-0.16612,0.01836,-0.37321,0.88984,0,0.00208,-0.00021,0.02905,0.42234,-0.13599,-0.00001,-0.00508,1
4.2667,-0.23569,0.03704,-0.00053,-0.00008,-0.02021,0.00109,1.42971,-0.09073,0.00580,-0.07632,0.01257,-0.16635,0.01838,-0.37353,0.88986,0,0.00208,-0.00021,0.02905,0.42234,-0.13599,-0.00001,-0.00508,1
4.2687,-0.23569,0.03704,-0.00057,-0.00008,-0.02000,0.00107,1.42971,-0.09058,0.00580,-0.07679,0.01260,-0.16670,0.01839,-0.37388,0.88989,0,0.00208,-0.00021,0.02905,0.42234,-0.13599,-0.00001,-0.00508,1
4.2707,-0.23569,0.03704,-0.00061,-0.00007,-0.01967,0.00106,1.42971,-0.09044,0.00579,-0.07725,0.01262,-0.16718,0.01841,-0.37418,0.88989,0,0.00208,-0.00021,0.02905,0.42234,-0.13599,-0.00001,-0.00508,1
4.2728,-0.23569,0.03704,-0.00065,-0.00007,-0.01922,0.00104,1.42971,-0.09030,0.00578,-0.07771,0.01265,-0.16778,0.01842,-0.37452,0.88993,0,0.00208,-0.00021,0.02905,0.42234,-0.13599,-0.00001,-0.00508,1
4.2748,-0.23569,0.03704,-0.00068,-0.00007,-0.01866,0.00103,1.42971,-0.09015,0.00577,-0.07815,0.01267,-0.16831,0.01844,-0.37481,0.88999,0,0.00208,-0.00021,0.02905,0.42234,-0.13599,-0.00001,-0.00508,1
4.2768,-0.23569,0.03704,-0.00072,-0.00007,-0.01816,0.00102,1.42971,-0.09001,0.00576,-0.07859,0.01270,-0.16871,0.01846,-0.37514,0.89002,0,0.00208,-0.00021,0.02905,0.42234,-0.13599,-0.00001,-0.00508,1
4.2788,-0.23569,0.03704,-0.00076,-0.00007,-0.01779,0.00100,1.42971,-0.08987,0.00575,-0.07901,0.01272,-0.16897,0.01847,-0.37553,0.89002,0,0.00208,-0.00021,0.02905,0.42234,-0.13599,-0.00001,-0.00508,1
4.2808,-0.23569,0.03704,-0.00079,-0.00006,-0.01753,0.00099,1.42971,-0.08972,0.00574,-0.07943,0.01275,-0.16916,0.01849,-0.37590,0.89004,0,0.00208,-0.00021,0.02905,0.42234,-0.13599,-0.00001,-0.00508,1
4.2828,-0.23569,0.03704,-0.00083,-0.00006,-0.01735,0.00098,1.42971,-0.08958,0.00573,-0.07985,0.01277,-0.16943,0.01850,-0.37620,0.89010,0,0.00208,-0.00021,0.02905,0.42234,-0.13599,-0.00001,-0.00508,1
4.2848,-0.23569,0.03704,-0.00086,-0.00006,-0.01708,0.00097,1.42971,-0.08944,0.00572,-0.08026,0.01279,-0.16970,0.01852,-0.37658,0.89012,0,0.00208,-0.00021,0.02905,0.42234,-0.13599,-0.00001,-0.00508,1
4.2868,-0.23569,0.03704,-0.00089,-0.00006,-0.01683,0.00095,1.42971,-0.08930,0.00571,-0.08066,0.01282,-0.16996,0.01853,-0.37694,0.89018,0,0.00208,-0.00021,0.02905,0.42234,-0.13599,-0.00001,-0.00508,1
4.2888,-0.23569,0.03704,-0.00093,-0.00006,-0.01657,0.00094,1.42971,-0.08915,0.00570,-0.08107,0.01284,-0.17022,0.01854,-0.37726,0.89018,0,0.00208,-0.00021,0.02905,0.42234,-0.13599,-0.00001,-0.00508,1
4.2909,-0.22346,0.03680,-0.00021,-0.00031,-0.01345,-0.00015,1.42673,-0.08901,0.00570,-0.06920,0.01024,-0.17035,0.01843,-0.37758,0.89023,0,0.00118,-0.00056,0.02996,0.42149,-0.13700,0.00059,-0.00289,1
4.2929,-0.22346,0.03680,-0.00024,-0.00031,-0.01333,-0.00004,1.42673,-0.08887,0.00569,-0.06954,0.01024,-0.17035,0.01819,-0.37797,0.89023,0,0.00118,-0.00056,0.02996,0.42149,-0.13700,0.00059,-0.00289,1
4.2949,-0.22346,0.03680,-0.00027,-0.00031,-0.01333,0.00019,1.42673,-0.08872,0.00568,-0.06987,0.01025,-0.17022,0.01782,-0.37832,0.89026,0,0.00118,-0.00056,0.02996,0.42149,-0.13700,0.00059,-0.00289,1
4.2969,-0.22346,0.03680,-0.00029,-0.00031,-0.01344,0.00053,1.42673,-0.08858,0.00567,-0.07021,0.01026,-0.16997,0.01732,-0.37869,0.89025,0,0.00118,-0.00056,0.02996,0.42149,-0.13700,0.00059,-0.00289,1
4.2989,-0.22346,0.03680,-0.00032,-0.00031,-0.01366,0.00099,1.42673,-0.08844,0.00566,-0.07054,0.01028,-0.16958,0.01669,-0.37899,0.89034,0,0.00118,-0.00056,0.02996,0.42149,-0.13700,0.00059,-0.00289,1
4.3009,-0.22346,0.03680,-0.00035,-0.00031,-0.01400,0.00156,1.42673,-0.08830,0.00565,-0.07089,0.01031,-0.16907,0.01596,-0.37937,0.89039,0,0.00118,-0.00056,0.02996,0.42149,-0.13700,0.00059,-0.00289,1
4.3029,-0.22346,0.03680,-0.00038,-0.00030,-0.01446,0.00224,1.42673,-0.08815,0.00564,-0.07124,0.01035,-0.16843,0.01535,-0.37966,0.89043,0,0.00118,-0.00056,0.02996,0.42149,-0.13700,0.00059,-0.00289,1
4.3049,-0.22346,0.03680,-0.00041,-0.00030,-0.01504,0.00280,1.42673,-0.08801,0.00563,-0.07160,0.01040,-0.16767,0.01487,-0.38000,0.89044,0,0.00118,-0.00056,0.02996,0.42149,-0.13700,0.00059,-0.00289,1
4.3069,-0.22346,0.03680,-0.00044,-0.00029,-0.01573,0.00324,1.42673,-0.08787,0.00562,-0.07197,0.01047,-0.16677,0.01451,-0.38041,0.89048,0,0.00118,-0.00056,0.02996,0.42149,-0.13700,0.00059,-0.00289,1
4.3089,-0.22346,0.03680,-0.00047,-0.00028,-0.01653,0.00357,1.42673,-0.08773,0.00561,-0.07236,0.01054,-0.16575,0.01429,-0.38063,0.89049,0,0.00118,-0.00056,0.02996,0.42149,-0.13700,0.00059,-0.00289,1
4.3109,-0.22346,0.03680,-0.00050,-0.00028,-0.01745,0.00378,1.42673,-0.08758,0.00560,-0.07276,0.01062,-0.16460,0.01419,-0.38097,0.89054,0,0.00118,-0.00056,0.02996,0.42149,-0.13700,0.00059,-0.00289,1
4.3129,-0.22346,0.03680,-0.00054,-0.00027,-0.01849,0.00387,1.42673,-0.08744,0.00559,-0.07319,0.01070,-0.16332,0.01422,-0.38136,0.89051,0,0.00118,-0.00056,0.02996,0.42149,-0.13700,0.00059,-0.00289,1
4.3149,-0.22346,0.03680,-0.00058,-0.00026,-0.01964,0.00384,1.42673,-0.08730,0.00559,-0.07363,0.01078,-0.16191,0.01438,-0.38168,0.89056,0,0.00118,-0.00056,0.02996,0.42149,-0.13700,0.00059,-0.00289,1
4.3169,-0.22346,0.03680,-0.00062,-0.00025,-0.02091,0.00370,1.42673,-0.08716,0.00558,-0.07410,0.01086,-0.16063,0.01467,-0.38196,0.89056,0,0.00118,-0.00056,0.02996,0.42149,-0.13700,0.00059,-0.00289,1
4.3189,-0.22346,0.03680,-0.00066,-0.00025,-0.02206,0.00345,1.42673,-0.08701,0.00557,-0.07460,0.01093,-0.15948,0.01508,-0.38227,0.89065,0,0.00118,-0.00056,0.02996,0.42149,-0.13700,0.00059,-0.00289,1
4.3209,-0.22346,0.03680,-0.00071,-0.00024,-0.02309,0.00308,1.42673,-0.08687,0.00556,-0.07511,0.01100,-0.15846,0.01563,-0.38253,0.89071,0,0.00118,-0.00056,0.02996,0.42149,-0.13700,0.00059,-0.00289,1
4.3229,-0.22346,0.03680,-0.00075,-0.00023,-0.02401,0.00259,1.42673,-0.08673,0.00555,-0.07564,0.01106,-0.15756,0.01630,-0.38288,0.89072,0,0.00118,-0.00056,0.02996,0.42149,-0.13700,0.00059,-0.00289,1
4.3249,-0.22346,0.03680,-0.00080,-0.00023,-0.02481,0.00198,1.42673,-0.08659,0.00554,-0.07619,0.01111,-0.15680,0.01684,-0.38314,0.89080,0,0.00118,-0.00056,0.02996,0.42149,-0.13700,0.00059,-0.00289,1
4.3269,-0.22346,0.03680,-0.00085,-0.00023,-0.02549,0.00149,1.42673,-0.08645,0.00553,-0.07676,0.01115,-0.15616,0.01725,-0.38349,0.89083,0,0.00118,-0.00056,0.02996,0.42149,-0.13700,0.00059,-0.00289,1
4.3289,-0.22346,0.03680,-0.00090,-0.00022,-0.02605,0.00112,1.42673,-0.08630,0.00552,-0.07733,0.01118,-0.15565,0.01754,-0.38375,0.89089,0,0.00118,-0.00056,0.02996,0.42149,-0.13700,0.00059,-0.00289,1
4.3309,-0.22346,0.03680,-0.00096,-0.00022,-0.02650,0.00086,1.42673,-0.08616,0.00551,-0.07792,0.01120,-0.15526,0.01770,-0.38407,0.89092,0,0.00118,-0.00056,0.02996,0.42149,-0.13700,0.00059,-0.00289,1
4.3329,-0.22346,0.03680,-0.00101,-0.00022,-0.02683,0.00072,1.42673,-0.08602,0.00550,-0.07851,0.01122,-0.15501,0.01773,-0.38444,0.89088,0,0.00118,-0.00056,0.02996,0.42149,-0.13700,0.00059,-0.00289,1
4.3349,-0.22346,0.03680,-0.00106,-0.00022,-0.02704,0.00070,1.42673,-0.08588,0.00549,-0.07911,0.01124,-0.15488,0.01763,-0.38471,0.89099,0,0.00118,-0.00056,0.02996,0.42149,-0.13700,0.00059,-0.00289,1
4.3369,-0.22346,0.03680,-0.00112,-0.00022,-0.02714,0.00079,1.42673,-0.08573,0.00549,-0.07971,0.01126,-0.15488,0.01741,-0.38504,0.89101,0,0.00118,-0.00056,0.02996,0.42149,-0.13700,0.00059,-0.00289,1
4.3389,-0.22346,0.03680,-0.00117,-0.00022,-0.02712,0.00100,1.42673,-0.08559,0.00548,-0.08031,0.01128,-0.15501,0.01705,-0.38534,0.89107,0,0.00118,-0.00056,0.02996,0.42149,-0.13700,0.00059,-0.00289,1
4.3409,-0.22346,0.03680,-0.00123,-0.00021,-0.02698,0.00132,1.42673,-0.08545,0.00547,-0.08092,0.01131,-0.15527,0.01677,-0.38565,0.89111,0,0.00118,-0.00056,0.02996,0.42149,-0.13700,0.00059,-0.00289,1
4.3429,-0.22346,0.03680,-0.00128,-0.00021,-0.02672,0.00158,1.42673,-0.08531,0.00546,-0.08151,0.01134,-0.15566,0.01662,-0.38602,0.89110,0,0.00118,-0.00056,0.02996,0.42149,-0.13700,0.00059,-0.00289,1
4.3449,-0.22346,0.03680,-0.00133,-0.00021,-0.02635,0.00172,1.42673,-0.08516,0.00545,-0.08210,0.01138,-0.15617,0.01660,-0.38637,0.89114,0,0.00118,-0.00056,0.02996,0.42149,-0.13700,0.00059,-0.00289,1
4.3469,-0.22346,0.03680,-0.00138,-0.00020,-0.02586,0.00175,1.42673,-0.08502,0.00544,-0.08268,0.01142,-0.15681,0.01670,-0.38665,0.89120,0,0.00118,-0.00056,0.02996,0.42149,-0.13700,0.00059,-0.00289,1
4.3489,-0.22346,0.03680,-0.00144,-0.00020,-0.02525,0.00166,1.42673,-0.08488,0.00543,-0.08326,0.01145,-0.15758,0.01688,-0.38699,0.89119,0,0.00118,-0.00056,0.02996,0.42149,-0.13700,0.00059,-0.00289,1
4.3509,-0.22346,0.03680,-0.00149,-0.00020,-0.02452,0.00150,1.42673,-0.08473,0.00542,-0.08381,0.01149,-0.15848,0.01694,-0.38732,0.89125,0,0.00118,-0.00056,0.02996,0.42149,-0.13700,0.00059,-0.00289,1
4.3529,-0.22346,0.03680,-0.00153,-0.00019,-0.02368,0.00145,1.42673,-0.08459,0.00541,-0.08436,0.01152,-0.15950,0.01693,-0.38764,0.89126,0,0.00118,-0.00056,0.02996,0.42149,-0.13700,0.00059,-0.00289,1
4.3549,-0.22346,0.03680,-0.00158,-0.00019,-0.02272,0.00146,1.42673,-0.08445,0.00540,-0.08488,0.01156,-0.16065,0.01696,-0.38795,0.89129,0,0.00118,-0.00056,0.02996,0.42149,-0.13700,0.00059,-0.00289,1
4.3570,-0.22346,0.03680,-0.00162,-0.00019,-0.02164,0.00144,1.42673,-0.08431,0.00539,-0.08539,0.01159,-0.16193,0.01698,-0.38828,0.89134,0,0.00118,-0.00056,0.02996,0.42149,-0.13700,0.00059,-0.00289,1
4.3590,-0.21230,0.03674,-0.00076,-0.00033,-0.01957,0.00080,1.42539,-0.08416,0.00538,-0.07251,0.01016,-0.16309,0.01688,-0.38864,0.89138,0,0.00116,-0.00052,0.03144,0.42035,-0.13898,0.00152,-0.00342,1
4.3610,-0.21230,0.03674,-0.00080,-0.00033,-0.01851,0.00090,1.42539,-0.08402,0.00538,-0.07295,0.01018,-0.16411,0.01665,-0.38898,0.89144,0,0.00116,-0.00052,0.03144,0.42035,-0.13898,0.00152,-0.00342,1
4.3630,-0.21230,0.03674,-0.00084,-0.00033,-0.01756,0.00111,1.42539,-0.08388,0.00537,-0.07337,0.01021,-0.16501,0.01628,-0.38931,0.89146,0,0.00116,-0.00052,0.03144,0.42035,-0.13898,0.00152,-0.00342,1
4.3650,-0.21230,0.03674,-0.00087,-0.00032,-0.01673,0.00145,1.42539,-0.08373,0.00536,-0.07378,0.01024,-0.16578,0.01580,-0.38966,0.89152,0,0.00116,-0.00052,0.03144,0.42035,-0.13898,0.00152,-0.00342,1
4.3670,-0.21230,0.03674,-0.00090,-0.00032,-0.01602,0.00190,1.42539,-0.08359,0.00535,-0.07417,0.01028,-0.16642,0.01544,-0.39002,0.89153,0,0.00116,-0.00052,0.03144,0.42035,-0.13898,0.00152,-0.00342,1
4.3690,-0.21230,0.03674,-0.00094,-0.00032,-0.01542,0.00223,1.42539,-0.08345,0.00534,-0.07454,0.01032,-0.16693,0.01520,-0.39036,0.89156,0,0.00116,-0.00052,0.03144,0.42035,-0.13898,0.00152,-0.00342,1
4.3710,-0.21230,0.03674,-0.00097,-0.00031,-0.01493,0.00245,1.42539,-0.08331,0.00533,-0.07491,0.01037,-0.16732,0.01510,-0.39064,0.89157,0,0.00116,-0.00052,0.03144,0.42035,-0.13898,0.00152,-0.00342,1
4.3730,-0.21230,0.03674,-0.00099,-0.00031,-0.01456,0.00255,1.42539,-0.08316,0.00532,-0.07527,0.01042,-0.16757,0.01512,-0.39095,0.89163,0,0.00116,-0.00052,0.03144,0.42035,-0.13898,0.00152,-0.00342,1
4.3750,-0.21230,0.03674,-0.00102,-0.00030,-0.01431,0.00253,1.42539,-0.08302,0.00531,-0.07562,0.01048,-0.16770,0.01527,-0.39127,0.89164,0,0.00116,-0.00052,0.03144,0.42035,-0.13898,0.00152,-0.00342,1
4.3771,-0.21230,0.03674,-0.00105,-0.00030,-0.01418,0.00240,1.42539,-0.08288,0.00530,-0.07597,0.01053,-0.16770,0.01555,-0.39166,0.89167,0,0.00116,-0.00052,0.03144,0.42035,-0.13898,0.00152,-0.00342,1
4.3791,-0.21230,0.03674,-0.00108,-0.00029,-0.01416,0.00215,1.42539,-0.08273,0.00529,-0.07631,0.01058,-0.16758,0.01587,-0.39191,0.89169,0,0.00116,-0.00052,0.03144,0.42035,-0.13898,0.00152,-0.00342,1
4.3811,-0.21230,0.03674,-0.00111,-0.00029,-0.01425,0.00187,1.42539,-0.08259,0.00528,-0.07666,0.01062,-0.16732,0.01607,-0.39226,0.89171,0,0.00116,-0.00052,0.03144,0.42035,-0.13898,0.00152,-0.00342,1
4.3831,-0.21230,0.03674,-0.00114,-0.00029,-0.01446,0.00170,1.42539,-0.08245,0.00528,-0.07701,0.01066,-0.16694,0.01613,-0.39261,0.89173,0,0.00116,-0.00052,0.03144,0.42035,-0.13898,0.00152,-0.00342,1
4.3851,-0.21230,0.03674,-0.00117,-0.00028,-0.01479,0.00164,1.42539,-0.08231,0.00527,-0.07736,0.01070,-0.16643,0.01607,-0.39292,0.89179,0,0.00116,-0.00052,0.03144,0.42035,-0.13898,0.00152,-0.00342,1
4.3871,-0.21230,0.03674,-0.00120,-0.00028,-0.01523,0.00171,1.42539,-0.08216,0.00526,-0.07772,0.01074,-0.16579,0.01599,-0.39327,0.89180,0,0.00116,-0.00052,0.03144,0.42035,-0.13898,0.00152,-0.00342,1
4.3891,-0.21230,0.03674,-0.00123,-0.00028,-0.01579,0.00178,1.42539,-0.08202,0.00525,-0.07809,0.01078,-0.16502,0.01602,-0.39352,0.89185,0,0.00116,-0.00052,0.03144,0.42035,-0.13898,0.00152,-0.00342,1
4.3911,-0.21230,0.03674,-0.00126,-0.00027,-0.01647,0.00175,1.42539,-0.08188,0.00524,-0.07848,0.01082,-0.16413,0.01605,-0.39386,0.89189,0,0.00116,-0.00052,0.03144,0.42035,-0.13898,0.00152,-0.00342,1
4.3931,-0.21230,0.03674,-0.00129,-0.00027,-0.01726,0.00173,1.42539,-0.08174,0.00523,-0.07887,0.01085,-0.16311,0.01608,-0.39420,0.89187,0,0.00116,-0.00052,0.03144,0.42035,-0.13898,0.00152,-0.00342,1
4.3951,-0.21230,0.03674,-0.00133,-0.00026,-0.01816,0.00171,1.42539,-0.08159,0.00522,-0.07929,0.01089,-0.16195,0.01611,-0.39451,0.89194,0,0.00116,-0.00052,0.03144,0.42035,-0.13898,0.00152,-0.00342,1
4.3971,-0.21230,0.03674,-0.00137,-0.00026,-0.01918,0.00169,1.42539,-0.08145,0.00521,-0.07972,0.01093,-0.16093,0.01614,-0.39482,0.89197,0,0.00116,-0.00052,0.03144,0.42035,-0.13898,0.00152,-0.00342,1
4.3991,-0.21230,0.03674,-0.00141,-0.00026,-0.02009,0.00167,1.42539,-0.08131,0.00520,-0.08017,0.01097,-0.16004,0.01617,-0.39518,0.89200,0,0.00116,-0.00052,0.03144,0.42035,-0.13898,0.00152,-0.00342,1
4.4011,-0.21230,0.03674,-0.00145,-0.00025,-0.02088,0.00165,1.42539,-0.08117,0.00519,-0.08064,0.01100,-0.15927,0.01620,-0.39542,0.89201,0,0.00116,-0.00052,0.03144,0.42035,-0.13898,0.00152,-0.00342,1
4.4031,-0.21230,0.03674,-0.00149,-0.00025,-0.02155,0.00162,1.42539,-0.08102,0.00518,-0.08112,0.01104,-0.15863,0.01622,-0.39576,0.89203,0,0.00116,-0.00052,0.03144,0.42035,-0.13898,0.00152,-0.00342,1
4.4051,-0.21230,0.03674,-0.00153,-0.00025,-0.02210,0.00160,1.42539,-0.08088,0.00518,-0.08162,0.01108,-0.15812,0.01625,-0.39605,0.89205,0,0.00116,-0.00052,0.03144,0.42035,-0.13898,0.00152,-0.00342,1
4.4071,-0.21230,0.03674,-0.00158,-0.00025,-0.02254,0.00158,1.42539,-0.08074,0.00517,-0.08212,0.01111,-0.15774,0.01628,-0.39641,0.89211,0,0.00116,-0.00052,0.03144,0.42035,-0.13898,0.00152,-0.00342,1
4.4091,-0.21230,0.03674,-0.00162,-0.00024,-0.02286,0.00156,1.42539,-0.08060,0.00516,-0.08263,0.01115,-0.15748,0.01630,-0.39670,0.89210,0,0.00116,-0.00052,0.03144,0.42035,-0.13898,0.00152,-0.00342,1
4.4111,-0.21230,0.03674,-0.00167,-0.00024,-0.02306,0.00155,1.42539,-0.08045,0.00515,-0.08315,0.01118,-0.15735,0.01633,-0.39704,0.89215,0,0.00116,-0.00052,0.03144,0.42035,-0.13898,0.00152,-0.00342,1
4.4131,-0.21230,0.03674,-0.00172,-0.00024,-0.02314,0.00153,1.42539,-0.08031,0.00514,-0.08367,0.01122,-0.15736,0.01635,-0.39732,0.89219,0,0.00116,-0.00052,0.03144,0.42035,-0.13898,0.00152,-0.00342,1
4.4151,-0.21230,0.03674,-0.00176,-0.00023,-0.02311,0.00151,1.42539,-0.08017,0.00513,-0.08418,0.01125,-0.15748,0.01638,-0.39769,0.89220,0,0.00116,-0.00052,0.03144,0.42035,-0.13898,0.00152,-0.00342,1
4.4171,-0.21230,0.03674,-0.00181,-0.00023,-0.02296,0.00149,1.42539,-0.08003,0.00512,-0.08470,0.01128,-0.15774,0.01640,-0.39804,0.89220,0,0.00116,-0.00052,0.03144,0.42035,-0.13898,0.00152,-0.00342,1
4.4191,-0.21230,0.03674,-0.00185,-0.00023,-0.02269,0.00147,1.42539,-0.07989,0.00511,-0.08522,0.01132,-0.15813,0.01643,-0.39834,0.89222,0,0.00116,-0.00052,0.03144,0.42035,-0.13898,0.00152,-0.00342,1
4.4211,-0.21230,0.03674,-0.00190,-0.00022,-0.02231,0.00145,1.42539,-0.07974,0.00510,-0.08572,0.01135,-0.15864,0.01645,-0.39869,0.89225,0,0.00116,-0.00052,0.03144,0.42035,-0.13898,0.00152,-0.00342,1
4.4231,-0.21230,0.03674,-0.00194,-0.00022,-0.02181,0.00143,1.42539,-0.07960,0.00509,-0.08622,0.01138,-0.15928,0.01647,-0.39906,0.89225,0,0.00116,-0.00052,0.03144,0.42035,-0.13898,0.00152,-0.00342,1
4.4251,-0.21230,0.03674,-0.00199,-0.00022,-0.02119,0.00142,1.42539,-0.07945,0.00508,-0.08671,0.01141,-0.16005,0.01650,-0.39935,0.89230,0,0.00116,-0.00052,0.03144,0.42035,-0.13898,0.00152,-0.00342,1
4.4273,-0.19950,0.03641,-0.00139,-0.00055,-0.01929,0.00023,1.42504,-0.07930,0.00507,-0.07580,0.00806,-0.16069,0.01639,-0.39968,0.89233,0,0.00001,-0.00089,0.02914,0.41938,-0.13655,0.00279,-0.00648,1
4.4293,-0.19950,0.03641,-0.00143,-0.00055,-0.01869,0.00033,1.42504,-0.07916,0.00506,-0.07623,0.00807,-0.16120,0.01616,-0.40001,0.89235,0,0.00001,-0.00089,0.02914,0.41938,-0.13655,0.00279,-0.00648,1
4.4313,-0.19950,0.03641,-0.00146,-0.00054,-0.01819,0.00055,1.42504,-0.07902,0.00506,-0.07666,0.00808,-0.16159,0.01580,-0.40038,0.89237,0,0.00001,-0.00089,0.02914,0.41938,-0.13655,0.00279,-0.00648,1
4.4333,-0.19950,0.03641,-0.00150,-0.00054,-0.01782,0.00089,1.42504,-0.07888,0.00505,-0.07708,0.00810,-0.16185,0.01531,-0.40072,0.89241,0,0.00001,-0.00089,0.02914,0.41938,-0.13655,0.00279,-0.00648,1
4.4353,-0.19950,0.03641,-0.00154,-0.00054,-0.01755,0.00134,1.42504,-0.07873,0.00504,-0.07749,0.00813,-0.16197,0.01469,-0.40105,0.89245,0,0.00001,-0.00089,0.02914,0.41938,-0.13655,0.00279,-0.00648,1
4.4373,-0.19950,0.03641,-0.00157,-0.00054,-0.01741,0.00192,1.42504,-0.07859,0.00503,-0.07790,0.00816,-0.16198,0.01395,-0.40137,0.89245,0,0.00001,-0.00089,0.02914,0.41938,-0.13655,0.00279,-0.00648,1
4.4393,-0.19950,0.03641,-0.00161,-0.00053,-0.01738,0.00260,1.42504,-0.07845,0.00502,-0.07830,0.00821,-0.16185,0.01323,-0.40175,0.89248,0,0.00001,-0.00089,0.02914,0.41938,-0.13655,0.00279,-0.00648,1
4.4414,-0.19950,0.03641,-0.00164,-0.00053,-0.01747,0.00326,1.42504,-0.07830,0.00501,-0.07871,0.00827,-0.16159,0.01265,-0.40205,0.89248,0,0.00001,-0.00089,0.02914,0.41938,-0.13655,0.00279,-0.00648,1
4.4434,-0.19950,0.03641,-0.00168,-0.00052,-0.01767,0.00380,1.42504,-0.07816,0.00500,-0.07912,0.00835,-0.16121,0.01219,-0.40235,0.89254,0,0.00001,-0.00089,0.02914,0.41938,-0.13655,0.00279,-0.00648,1
4.4454,-0.19950,0.03641,-0.00171,-0.00051,-0.01798,0.00423,1.42504,-0.07802,0.00499,-0.07953,0.00843,-0.16070,0.01186,-0.40268,0.89259,0,0.00001,-0.00089,0.02914,0.41938,-0.13655,0.00279,-0.00648,1
4.4474,-0.19950,0.03641,-0.00175,-0.00050,-0.01842,0.00454,1.42504,-0.07787,0.00498,-0.07995,0.00852,-0.16006,0.01166,-0.40292,0.89262,0,0.00001,-0.00089,0.02914,0.41938,-0.13655,0.00279,-0.00648,1
4.4494,-0.19950,0.03641,-0.00179,-0.00049,-0.01897,0.00473,1.42504,-0.07773,0.00497,-0.08038,0.00862,-0.15929,0.01158,-0.40328,0.89262,0,0.00001,-0.00089,0.02914,0.41938,-0.13655,0.00279,-0.00648,1
4.4514,-0.19950,0.03641,-0.00182,-0.00048,-0.01963,0.00481,1.42504,-0.07759,0.00496,-0.08082,0.00871,-0.15841,0.01163,-0.40362,0.89263,0,0.00001,-0.00089,0.02914,0.41938,-0.13655,0.00279,-0.00648,1
4.4534,-0.19950,0.03641,-0.00186,-0.00047,-0.02040,0.00477,1.42504,-0.07745,0.00496,-0.08128,0.00881,-0.15766,0.01182,-0.40388,0.89270,0,0.00001,-0.00089,0.02914,0.41938,-0.13655,0.00279,-0.00648,1
4.4554,-0.19950,0.03641,-0.00191,-0.00047,-0.02105,0.00461,1.42504,-0.07730,0.00495,-0.08175,0.00891,-0.15703,0.01213,-0.40421,0.89272,0,0.00001,-0.00089,0.02914,0.41938,-0.13655,0.00279,-0.00648,1
4.4574,-0.19950,0.03641,-0.00195,-0.00046,-0.02159,0.00434,1.42504,-0.07716,0.00494,-0.08223,0.00900,-0.15653,0.01256,-0.40443,0.89279,0,0.00001,-0.00089,0.02914,0.41938,-0.13655,0.00279,-0.00648,1
4.4594,-0.19950,0.03641,-0.00199,-0.00045,-0.02200,0.00395,1.42504,-0.07702,0.00493,-0.08272,0.00909,-0.15616,0.01313,-0.40473,0.89280,0,0.00001,-0.00089,0.02914,0.41938,-0.13655,0.00279,-0.00648,1
4.4614,-0.19950,0.03641,-0.00204,-0.00044,-0.02230,0.00344,1.42504,-0.07687,0.00492,-0.08322,0.00916,-0.15592,0.01382,-0.40499,0.89287,0,0.00001,-0.00089,0.02914,0.41938,-0.13655,0.00279,-0.00648,1
4.4634,-0.19950,0.03641,-0.00208,-0.00043,-0.02249,0.00282,1.42504,-0.07673,0.00491,-0.08372,0.00923,-0.15581,0.01439,-0.40528,0.89292,0,0.00001,-0.00089,0.02914,0.41938,-0.13655,0.00279,-0.00648,1
4.4655,-0.19950,0.03641,-0.00213,-0.00043,-0.02255,0.00231,1.42504,-0.07658,0.00490,-0.08423,0.00928,-0.15582,0.01483,-0.40559,0.89292,0,0.00001,-0.00089,0.02914,0.41938,-0.13655,0.00279,-0.00648,1
4.4675,-0.19950,0.03641,-0.00217,-0.00043,-0.02250,0.00192,1.42504,-0.07644,0.00489,-0.08473,0.00933,-0.15596,0.01514,-0.40589,0.89300,0,0.00001,-0.00089,0.02914,0.41938,-0.13655,0.00279,-0.00648,1
4.4695,-0.19950,0.03641,-0.00222,-0.00042,-0.02233,0.00165,1.42504,-0.07630,0.00488,-0.08524,0.00937,-0.15623,0.01532,-0.40618,0.89304,0,0.00001,-0.00089,0.02914,0.41938,-0.13655,0.00279,-0.00648,1
4.4715,-0.19950,0.03641,-0.00226,-0.00042,-0.02205,0.00149,1.42504,-0.07616,0.00487,-0.08573,0.00940,-0.15663,0.01537,-0.40651,0.89304,0,0.00001,-0.00089,0.02914,0.41938,-0.13655,0.00279,-0.00648,1
4.4735,-0.19950,0.03641,-0.00230,-0.00042,-0.02164,0.00145,1.42504,-0.07601,0.00486,-0.08622,0.00944,-0.15715,0.01530,-0.40676,0.89311,0,0.00001,-0.00089,0.02914,0.41938,-0.13655,0.00279,-0.00648,1
4.4755,-0.19950,0.03641,-0.00235,-0.00041,-0.02112,0.00152,1.42504,-0.07587,0.00485,-0.08671,0.00947,-0.15781,0.01510,-0.40713,0.89316,0,0.00001,-0.00089,0.02914,0.41938,-0.13655,0.00279,-0.00648,1
4.4775,-0.19950,0.03641,-0.00239,-0.00041,-0.02049,0.00171,1.42504,-0.07573,0.00485,-0.08718,0.00950,-0.15859,0.01476,-0.40752,0.89314,0,0.00001,-0.00089,0.02914,0.41938,-0.13655,0.00279,-0.00648,1
4.4795,-0.19950,0.03641,-0.00243,-0.00041,-0.01973,0.00202,1.42504,-0.07559,0.00484,-0.08763,0.00954,-0.15950,0.01438,-0.40779,0.89323,0,0.00001,-0.00089,0.02914,0.41938,-0.13655,0.00279,-0.00648,1
4.4815,-0.19950,0.03641,-0.00247,-0.00040,-0.01886,0.00238,1.42504,-0.07544,0.00483,-0.08807,0.00959,-0.16054,0.01413,-0.40821,0.89322,0,0.00001,-0.00089,0.02914,0.41938,-0.13655,0.00279,-0.00648,1
4.4835,-0.19950,0.03641,-0.00250,-0.00040,-0.01787,0.00262,1.42504,-0.07530,0.00482,-0.08849,0.00964,-0.16170,0.01400,-0.40853,0.89325,0,0.00001,-0.00089,0.02914,0.41938,-0.13655,0.00279,-0.00648,1
4.4855,-0.19950,0.03641,-0.00254,-0.00039,-0.01677,0.00274,1.42504,-0.07516,0.00481,-0.08890,0.00970,-0.16300,0.01400,-0.40887,0.89323,0,0.00001,-0.00089,0.02914,0.41938,-0.13655,0.00279,-0.00648,1
4.4875,-0.19950,0.03641,-0.00257,-0.00039,-0.01555,0.00275,1.42504,-0.07502,0.00480,-0.08927,0.00976,-0.16429,0.01413,-0.40923,0.89326,0,0.00001,-0.00089,0.02914,0.41938,-0.13655,0.00279,-0.00648,1
4.4895,-0.19950,0.03641,-0.00260,-0.00038,-0.01432,0.00264,1.42504,-0.07488,0.00479,-0.08963,0.00982,-0.16546,0.01438,-0.40958,0.89326,0,0.00001,-0.00089,0.02914,0.41938,-0.13655,0.00279,-0.00648,1
4.4915,-0.19950,0.03641,-0.00263,-0.00038,-0.01322,0.00241,1.42504,-0.07473,0.00478,-0.08996,0.00987,-0.16649,0.01465,-0.40989,0.89330,0,0.00001,-0.00089,0.02914,0.41938,-0.13655,0.00279,-0.00648,1
4.4935,-0.18826,0.03630,-0.00086,-0.00090,-0.00755,0.00051,1.43290,-0.07459,0.00477,-0.06813,0.00466,-0.16740,0.01479,-0.41024,0.89333,0,0.00153,-0.00146,0.01839,0.42085,-0.12593,0.00378,-0.00624,1
4.4955,-0.18826,0.03630,-0.00087,-0.00090,-0.00671,0.00039,1.43290,-0.07445,0.00476,-0.06833,0.00467,-0.16819,0.01481,-0.41058,0.89337,0,0.00153,-0.00146,0.01839,0.42085,-0.12593,0.00378,-0.00624,1
4.4975,-0.18826,0.03630,-0.00089,-0.00090,-0.00598,0.00040,1.43290,-0.07430,0.00475,-0.06851,0.00468,-0.16884,0.01469,-0.41097,0.89336,0,0.00153,-0.00146,0.01839,0.42085,-0.12593,0.00378,-0.00624,1
4.4996,-0.18826,0.03630,-0.00090,-0.00090,-0.00537,0.00052,1.43290,-0.07416,0.00474,-0.06868,0.00469,-0.16937,0.01445,-0.41127,0.89343,0,0.00153,-0.00146,0.01839,0.42085,-0.12593,0.00378,-0.00624,1
4.5016,-0.18826,0.03630,-0.00091,-0.00090,-0.00488,0.00075,1.43290,-0.07402,0.00474,-0.06885,0.00471,-0.16976,0.01408,-0.41165,0.89345,0,0.00153,-0.00146,0.01839,0.42085,-0.12593,0.00378,-0.00624,1
4.5036,-0.18826,0.03630,-0.00092,-0.00089,-0.00450,0.00111,1.43290,-0.07388,0.00473,-0.06900,0.00473,-0.17003,0.01358,-0.41194,0.89351,0,0.00153,-0.00146,0.01839,0.42085,-0.12593,0.00378,-0.00624,1
4.5056,-0.18826,0.03630,-0.00093,-0.00089,-0.00424,0.00158,1.43290,-0.07373,0.00472,-0.06914,0.00476,-0.17018,0.01295,-0.41231,0.89353,0,0.00153,-0.00146,0.01839,0.42085,-0.12593,0.00378,-0.00624,1
4.5076,-0.18826,0.03630,-0.00094,-0.00089,-0.00409,0.00216,1.43290,-0.07359,0.00471,-0.06928,0.00480,-0.17019,0.01220,-0.41262,0.89355,0,0.00153,-0.00146,0.01839,0.42085,-0.12593,0.00378,-0.00624,1
4.5096,-0.18826,0.03630,-0.00094,-0.00088,-0.00406,0.00287,1.43290,-0.07345,0.00470,-0.06942,0.00486,-0.17008,0.01131,-0.41287,0.89364,0,0.00153,-0.00146,0.01839,0.42085,-0.12593,0.00378,-0.00624,1
4.5116,-0.18826,0.03630,-0.00095,-0.00088,-0.00415,0.00368,1.43290,-0.07330,0.00469,-0.06956,0.00492,-0.16983,0.01030,-0.41326,0.89358,0,0.00153,-0.00146,0.01839,0.42085,-0.12593,0.00378,-0.00624,1
4.5136,-0.18826,0.03630,-0.00096,-0.00087,-0.00435,0.00462,1.43290,-0.07316,0.00468,-0.06970,0.00501,-0.16946,0.00942,-0.41359,0.89362,0,0.00153,-0.00146,0.01839,0.42085,-0.12593,0.00378,-0.00624,1
4.5156,-0.18826,0.03630,-0.00097,-0.00086,-0.00467,0.00544,1.43290,-0.07302,0.00467,-0.06985,0.00511,-0.16897,0.00866,-0.41389,0.89362,0,0.00153,-0.00146,0.01839,0.42085,-0.12593,0.00378,-0.00624,1
4.5176,-0.18826,0.03630,-0.00098,-0.00085,-0.00511,0.00614,1.43290,-0.07288,0.00466,-0.07001,0.00523,-0.16834,0.00804,-0.41421,0.89368,0,0.00153,-0.00146,0.01839,0.42085,-0.12593,0.00378,-0.00624,1
4.5196,-0.18826,0.03630,-0.00099,-0.00083,-0.00566,0.00672,1.43290,-0.07273,0.00465,-0.07017,0.00536,-0.16759,0.00754,-0.41454,0.89362,0,0.00153,-0.00146,0.01839,0.42085,-0.12593,0.00378,-0.00624,1
4.5216,-0.18826,0.03630,-0.00100,-0.00082,-0.00633,0.00719,1.43290,-0.07259,0.00464,-0.07035,0.00550,-0.16670,0.00717,-0.41493,0.89365,0,0.00153,-0.00146,0.01839,0.42085,-0.12593,0.00378,-0.00624,1
4.5237,-0.18826,0.03630,-0.00102,-0.00081,-0.00711,0.00754,1.43290,-0.07245,0.00464,-0.07054,0.00565,-0.16569,0.00692,-0.41519,0.89369,0,0.00153,-0.00146,0.01839,0.42085,-0.12593,0.00378,-0.00624,1
4.5257,-0.18826,0.03630,-0.00103,-0.00079,-0.00801,0.00778,1.43290,-0.07230,0.00463,-0.07075,0.00580,-0.16456,0.00681,-0.41552,0.89373,0,0.00153,-0.00146,0.01839,0.42085,-0.12593,0.00378,-0.00624,1
4.5277,-0.18826,0.03630,-0.00105,-0.00077,-0.00903,0.00790,1.43290,-0.07216,0.00462,-0.07097,0.00596,-0.16329,0.00682,-0.41586,0.89368,0,0.00153,-0.00146,0.01839,0.42085,-0.12593,0.00378,-0.00624,1
4.5297,-0.18826,0.03630,-0.00107,-0.00076,-0.01016,0.00790,1.43290,-0.07202,0.00461,-0.07122,0.00612,-0.16189,0.00696,-0.41620,0.89369,0,0.00153,-0.00146,0.01839,0.42085,-0.12593,0.00378,-0.00624,1
4.5317,-0.18826,0.03630,-0.00109,-0.00074,-0.01141,0.00778,1.43290,-0.07187,0.00460,-0.07149,0.00628,-0.16037,0.00723,-0.41653,0.89375,0,0.00153,-0.00146,0.01839,0.42085,-0.12593,0.00378,-0.00624,1
4.5337,-0.18826,0.03630,-0.00111,-0.00073,-0.01277,0.00755,1.43290,-0.07173,0.00459,-0.07178,0.00643,-0.15877,0.00763,-0.41678,0.89379,0,0.00153,-0.00146,0.01839,0.42085,-0.12593,0.00378,-0.00624,1
4.5357,-0.18826,0.03630,-0.00114,-0.00071,-0.01420,0.00720,1.43290,-0.07159,0.00458,-0.07211,0.00658,-0.15717,0.00815,-0.41709,0.89378,0,0.00153,-0.00146,0.01839,0.42085,-0.12593,0.00378,-0.00624,1
4.5377,-0.18826,0.03630,-0.00117,-0.00070,-0.01564,0.00674,1.43290,-0.07145,0.00457,-0.07246,0.00672,-0.15557,0.00881,-0.41739,0.89382,0,0.00153,-0.00146,0.01839,0.42085,-0.12593,0.00378,-0.00624,1
4.5397,-0.18826,0.03630,-0.00120,-0.00069,-0.01707,0.00616,1.43290,-0.07130,0.00456,-0.07284,0.00685,-0.15397,0.00959,-0.41771,0.89385,0,0.00153,-0.00146,0.01839,0.42085,-0.12593,0.00378,-0.00624,1
4.5417,-0.18826,0.03630,-0.00124,-0.00067,-0.01850,0.00546,1.43290,-0.07116,0.00455,-0.07324,0.00697,-0.15237,0.01050,-0.41802,0.89385,0,0.00153,-0.00146,0.01839,0.42085,-0.12593,0.00378,-0.00624,1
4.5437,-0.18826,0.03630,-0.00128,-0.00066,-0.01993,0.00464,1.43290,-0.07102,0.00454,-0.07368,0.00707,-0.15077,0.01153,-0.41833,0.89389,0,0.00153,-0.00146,0.01839,0.42085,-0.12593,0.00378,-0.00624,1
4.5457,-0.18826,0.03630,-0.00132,-0.00066,-0.02137,0.00371,1.43290,-0.07088,0.00453,-0.07414,0.00716,-0.14917,0.01244,-0.41867,0.89389,0,0.00153,-0.00146,0.01839,0.42085,-0.12593,0.00378,-0.00624,1
4.5478,-0.18826,0.03630,-0.00136,-0.00065,-0.02280,0.00290,1.43290,-0.07073,0.00453,-0.07463,0.00723,-0.14757,0.01322,-0.41897,0.89394,0,0.00153,-0.00146,0.01839,0.42085,-0.12593,0.00378,-0.00624,1
4.5498,-0.18826,0.03630,-0.00141,-0.00064,-0.02422,0.00220,1.43290,-0.07059,0.00452,-0.07515,0.00728,-0.14597,0.01388,-0.41917,0.89400,0,0.00153,-0.00146,0.01839,0.42085,-0.12593,0.00378,-0.00624,1
4.5518,-0.18826,0.03630,-0.00146,-0.00064,-0.02565,0.00162,1.43290,-0.07045,0.00451,-0.07570,0.00732,-0.14450,0.01440,-0.41955,0.89399,0,0.00153,-0.00146,0.01839,0.42085,-0.12593,0.00378,-0.00624,1
4.5538,-0.18826,0.03630,-0.00151,-0.00064,-0.02696,0.00115,1.43290,-0.07030,0.00450,-0.07627,0.00735,-0.14316,0.01480,-0.41983,0.89405,0,0.00153,-0.00146,0.01839,0.42085,-0.12593,0.00378,-0.00624,1
4.5558,-0.18826,0.03630,-0.00157,-0.00064,-0.02816,0.00080,1.43290,-0.07016,0.00449,-0.07687,0.00738,-0.14194,0.01507,-0.42016,0.89406,0,0.00153,-0.00146,0.01839,0.42085,-0.12593,0.00378,-0.00624,1
4.5578,-0.18826,0.03630,-0.00162,-0.00063,-0.02923,0.00057,1.43290,-0.07002,0.00448,-0.07749,0.00739,-0.14085,0.01521,-0.42046,0.89410,0,0.00153,-0.00146,0.01839,0.42085,-0.12593,0.00378,-0.00624,1
4.5598,-0.17960,0.03626,0.00120,-0.00082,-0.01981,0.00049,1.45366,-0.06988,0.00447,-0.04633,0.00559,-0.13964,0.01522,-0.42070,0.89414,0,0.00434,-0.00126,0.01658,0.42066,-0.12521,0.00480,-0.00608,1
4.5618,-0.17960,0.03626,0.00116,-0.00082,-0.02094,0.00049,1.45366,-0.06973,0.00446,-0.04679,0.00560,-0.13829,0.01511,-0.42103,0.89419,0,0.00434,-0.00126,0.01658,0.42066,-0.12521,0.00480,-0.00608,1
4.5638,-0.17960,0.03626,0.00111,-0.00082,-0.02218,0.00061,1.45366,-0.06959,0.00445,-0.04727,0.00561,-0.13682,0.01486,-0.42133,0.89421,0,0.00434,-0.00126,0.01658,0.42066,-0.12521,0.00480,-0.00608,1
4.5658,-0.17960,0.03626,0.00107,-0.00081,-0.02354,0.00084,1.45366,-0.06945,0.00444,-0.04777,0.00563,-0.13522,0.01449,-0.42156,0.89425,0,0.00434,-0.00126,0.01658,0.42066,-0.12521,0.00480,-0.00608,1
4.5678,-0.17960,0.03626,0.00102,-0.00081,-0.02501,0.00120,1.45366,-0.06931,0.00443,-0.04831,0.00566,-0.13362,0.01399,-0.42189,0.89425,0,0.00434,-0.00126,0.01658,0.42066,-0.12521,0.00480,-0.00608,1
4.5698,-0.17960,0.03626,0.00097,-0.00081,-0.02648,0.00166,1.45366,-0.06916,0.00443,-0.04887,0.00569,-0.13202,0.01337,-0.42208,0.89432,0,0.00434,-0.00126,0.01658,0.42066,-0.12521,0.00480,-0.00608,1
4.5718,-0.17960,0.03626,0.00091,-0.00080,-0.02795,0.00225,1.45366,-0.06902,0.00442,-0.04946,0.00573,-0.13042,0.01261,-0.42249,0.89426,0,0.00434,-0.00126,0.01658,0.42066,-0.12521,0.00480,-0.00608,1
4.5738,-0.17960,0.03626,0.00086,-0.00080,-0.02942,0.00295,1.45366,-0.06888,0.00441,-0.05008,0.00578,-0.12882,0.01173,-0.42273,0.89432,0,0.00434,-0.00126,0.01658,0.42066,-0.12521,0.00480,-0.00608,1
4.5758,-0.17960,0.03626,0.00080,-0.00079,-0.03089,0.00376,1.45366,-0.06874,0.00440,-0.05073,0.00585,-0.12722,0.01072,-0.42299,0.89435,0,0.00434,-0.00126,0.01658,0.42066,-0.12521,0.00480,-0.00608,1
4.5778,-0.17960,0.03626,0.00073,-0.00078,-0.03236,0.00470,1.45366,-0.06859,0.00439,-0.05141,0.00594,-0.12562,0.00983,-0.42328,0.89437,0,0.00434,-0.00126,0.01658,0.42066,-0.12521,0.00480,-0.00608,1
4.5798,-0.17960,0.03626,0.00067,-0.00077,-0.03382,0.00551,1.45366,-0.06845,0.00438,-0.05211,0.00604,-0.12402,0.00908,-0.42352,0.89441,0,0.00434,-0.00126,0.01658,0.42066,-0.12521,0.00480,-0.00608,1
4.5818,-0.17960,0.03626,0.00060,-0.00076,-0.03529,0.00621,1.45366,-0.06831,0.00437,-0.05285,0.00616,-0.12242,0.00845,-0.42374,0.89445,0,0.00434,-0.00126,0.01658,0.42066,-0.12521,0.00480,-0.00608,1
4.5838,-0.17960,0.03626,0.00053,-0.00075,-0.03675,0.00680,1.45366,-0.06817,0.00436,-0.05361,0.00630,-0.12095,0.00795,-0.42399,0.89445,0,0.00434,-0.00126,0.01658,0.42066,-0.12521,0.00480,-0.00608,1
4.5858,-0.17960,0.03626,0.00045,-0.00074,-0.03810,0.00726,1.45366,-0.06802,0.00435,-0.05440,0.00644,-0.11960,0.00758,-0.42429,0.89445,0,0.00434,-0.00126,0.01658,0.42066,-0.12521,0.00480,-0.00608,1
4.5878,-0.17960,0.03626,0.00037,-0.00072,-0.03933,0.00761,1.45366,-0.06788,0.00434,-0.05522,0.00659,-0.11839,0.00734,-0.42455,0.89447,0,0.00434,-0.00126,0.01658,0.42066,-0.12521,0.00480,-0.00608,1
4.5898,-0.17960,0.03626,0.00029,-0.00071,-0.04044,0.00785,1.45366,-0.06774,0.00433,-0.05606,0.00674,-0.11730,0.00722,-0.42473,0.89448,0,0.00434,-0.00126,0.01658,0.42066,-0.12521,0.00480,-0.00608,1
4.5918,-0.17960,0.03626,0.00021,-0.00069,-0.04143,0.00796,1.45366,-0.06760,0.00433,-0.05692,0.00690,-0.11634,0.00724,-0.42501,0.89449,0,0.00434,-0.00126,0.01658,0.42066,-0.12521,0.00480,-0.00608,1
4.5938,-0.17960,0.03626,0.00013,-0.00067,-0.04230,0.00796,1.45366,-0.06746,0.00432,-0.05779,0.00706,-0.11551,0.00738,-0.42526,0.89451,0,0.00434,-0.00126,0.01658,0.42066,-0.12521,0.00480,-0.00608,1
4.5958,-0.17960,0.03626,0.00004,-0.00066,-0.04306,0.00785,1.45366,-0.06731,0.00431,-0.05869,0.00722,-0.11480,0.00765,-0.42548,0.89451,0,0.00434,-0.00126,0.01658,0.42066,-0.12521,0.00480,-0.00608,1
4.5978,-0.17960,0.03626,-0.00004,-0.00064,-0.04370,0.00761,1.45366,-0.06717,0.00430,-0.05960,0.00738,-0.11423,0.00804,-0.42570,0.89457,0,0.00434,-0.00126,0.01658,0.42066,-0.12521,0.00480,-0.00608,1
4.5999,-0.17960,0.03626,-0.00013,-0.00063,-0.04422,0.00727,1.45366,-0.06702,0.00429,-0.06052,0.00753,-0.11378,0.00857,-0.42589,0.89458,0,0.00434,-0.00126,0.01658,0.42066,-0.12521,0.00480,-0.00608,1
4.6019,-0.17960,0.03626,-0.00022,-0.00061,-0.04462,0.00680,1.45366,-0.06688,0.00428,-0.06144,0.00767,-0.11346,0.00922,-0.42608,0.89465,0,0.00434,-0.00126,0.01658,0.42066,-0.12521,0.00480,-0.00608,1
4.6039,-0.17960,0.03626,-0.00031,-0.00060,-0.04491,0.00622,1.45366,-0.06674,0.00427,-0.06238,0.00780,-0.11327,0.01000,-0.42631,0.89466,0,0.00434,-0.00126,0.01658,0.42066,-0.12521,0.00480,-0.00608,1
4.6059,-0.17960,0.03626,-0.00040,-0.00059,-0.04507,0.00552,1.45366,-0.06660,0.00426,-0.06332,0.00792,-0.11320,0.01091,-0.42650,0.89470,0,0.00434,-0.00126,0.01658,0.42066,-0.12521,0.00480,-0.00608,1
4.6079,-0.17960,0.03626,-0.00049,-0.00058,-0.04512,0.00470,1.45366,-0.06646,0.00425,-0.06426,0.00802,-0.11327,0.01195,-0.42681,0.89468,0,0.00434,-0.00126,0.01658,0.42066,-0.12521,0.00480,-0.00608,1
4.6099,-0.17960,0.03626,-0.00058,-0.00057,-0.04505,0.00377,1.45366,-0.06631,0.00424,-0.06520,0.00811,-0.11346,0.01286,-0.42702,0.89469,0,0.00434,-0.00126,0.01658,0.42066,-0.12521,0.00480,-0.00608,1
4.6119,-0.17960,0.03626,-0.00067,-0.00056,-0.04487,0.00295,1.45366,-0.06617,0.00423,-0.06614,0.00818,-0.11378,0.01364,-0.42730,0.89474,0,0.00434,-0.00126,0.01658,0.42066,-0.12521,0.00480,-0.00608,1
4.6139,-0.17960,0.03626,-0.00076,-0.00056,-0.04456,0.00225,1.45366,-0.06603,0.00422,-0.06707,0.00823,-0.11423,0.01429,-0.42749,0.89475,0,0.00434,-0.00126,0.01658,0.42066,-0.12521,0.00480,-0.00608,1
4.6159,-0.17960,0.03626,-0.00085,-0.00055,-0.04414,0.00167,1.45366,-0.06589,0.00422,-0.06799,0.00828,-0.11480,0.01482,-0.42776,0.89475,0,0.00434,-0.00126,0.01658,0.42066,-0.12521,0.00480,-0.00608,1
4.6179,-0.17960,0.03626,-0.00094,-0.00055,-0.04360,0.00120,1.45366,-0.06574,0.00421,-0.06891,0.00831,-0.11551,0.01521,-0.42799,0.89479,0,0.00434,-0.00126,0.01658,0.42066,-0.12521,0.00480,-0.00608,1
4.6199,-0.17960,0.03626,-0.00102,-0.00055,-0.04294,0.00085,1.45366,-0.06560,0.00420,-0.06981,0.00833,-0.11634,0.01548,-0.42822,0.89482,0,0.00434,-0.00126,0.01658,0.42066,-0.12521,0.00480,-0.00608,1
4.6219,-0.17960,0.03626,-0.00111,-0.00055,-0.04216,0.00061,1.45366,-0.06546,0.00419,-0.07070,0.00835,-0.11730,0.01562,-0.42847,0.89484,0,0.00434,-0.00126,0.01658,0.42066,-0.12521,0.00480,-0.00608,1
4.6239,-0.17960,0.03626,-0.00119,-0.00055,-0.04127,0.00050,1.45366,-0.06531,0.00418,-0.07158,0.00836,-0.11839,0.01564,-0.42875,0.89483,0,0.00434,-0.00126,0.01658,0.42066,-0.12521,0.00480,-0.00608,1
4.6259,-0.17206,0.03383,0.00318,-0.00021,-0.02682,0.00200,1.50057,-0.06517,0.00417,-0.02560,0.01066,-0.11935,0.01552,-0.42928,0.89488,0,0.00882,-0.00018,0.01349,0.42023,-0.12103,0.00534,-0.00995,1
4.6279,-0.17206,0.03383,0.00313,-0.00021,-0.02600,0.00211,1.50057,-0.06503,0.00416,-0.02618,0.01071,-0.12018,0.01528,-0.42928,0.89488,0,0.00882,-0.00018,0.01349,0.42023,-0.12103,0.00534,-0.00995,1
4.6299,-0.17206,0.03383,0.00307,-0.00021,-0.02530,0.00234,1.50057,-0.06488,0.00415,-0.02673,0.01075,-0.12088,0.01491,-0.42952,0.89489,0,0.00882,-0.00018,0.01349,0.42023,-0.12103,0.00534,-0.00995,1
4.6319,-0.17206,0.03383,0.00302,-0.00020,-0.02472,0.00268,1.50057,-0.06474,0.00414,-0.02728,0.01081,-0.12146,0.01466,-0.42979,0.89492,0,0.00882,-0.00018,0.01349,0.42023,-0.12103,0.00534,-0.00995,1
4.6339,-0.17206,0.03383,0.00298,-0.00019,-0.02425,0.00290,1.50057,-0.06460,0.00413,-0.02781,0.01087,-0.12191,0.01455,-0.43006,0.89495,0,0.00882,-0.00018,0.01349,0.42023,-0.12103,0.00534,-0.00995,1
4.6359,-0.17206,0.03383,0.00293,-0.00019,-0.02389,0.00301,1.50057,-0.06446,0.00412,-0.02834,0.01093,-0.12223,0.01456,-0.43030,0.89495,0,0.00882,-0.00018,0.01349,0.42023,-0.12103,0.00534,-0.00995,1
4.6379,-0.17206,0.03383,0.00288,-0.00018,-0.02365,0.00300,1.50057,-0.06432,0.00412,-0.02885,0.01099,-0.12242,0.01470,-0.43058,0.89499,0,0.00882,-0.00018,0.01349,0.42023,-0.12103,0.00534,-0.00995,1
4.6399,-0.17206,0.03383,0.00283,-0.00018,-0.02353,0.00288,1.50057,-0.06417,0.00411,-0.02937,0.01105,-0.12248,0.01497,-0.43083,0.89499,0,0.00882,-0.00018,0.01349,0.42023,-0.12103,0.00534,-0.00995,1
4.6419,-0.17206,0.03383,0.00279,-0.00017,-0.02352,0.00263,1.50057,-0.06403,0.00410,-0.02988,0.01111,-0.12242,0.01520,-0.43102,0.89505,0,0.00882,-0.00018,0.01349,0.42023,-0.12103,0.00534,-0.00995,1
4.6439,-0.17206,0.03383,0.00274,-0.00017,-0.02362,0.00243,1.50057,-0.06389,0.00409,-0.03040,0.01116,-0.12223,0.01531,-0.43129,0.89508,0,0.00882,-0.00018,0.01349,0.42023,-0.12103,0.00534,-0.00995,1
4.6459,-0.17206,0.03383,0.00269,-0.00016,-0.02385,0.00233,1.50057,-0.06375,0.00408,-0.03092,0.01121,-0.12191,0.01529,-0.43147,0.89512,0,0.00882,-0.00018,0.01349,0.42023,-0.12103,0.00534,-0.00995,1
4.6479,-0.17206,0.03383,0.00264,-0.00016,-0.02418,0.00235,1.50057,-0.06360,0.00407,-0.03144,0.01126,-0.12146,0.01533,-0.43173,0.89510,0,0.00882,-0.00018,0.01349,0.42023,-0.12103,0.00534,-0.00995,1
4.6499,-0.17206,0.03383,0.00259,-0.00015,-0.02464,0.00232,1.50057,-0.06346,0.00406,-0.03197,0.01131,-0.12088,0.01537,-0.43194,0.89516,0,0.00882,-0.00018,0.01349,0.42023,-0.12103,0.00534,-0.00995,1
4.6519,-0.17206,0.03383,0.00254,-0.00015,-0.02521,0.00229,1.50057,-0.06332,0.00405,-0.03251,0.01136,-0.12018,0.01541,-0.43220,0.89520,0,0.00882,-0.00018,0.01349,0.42023,-0.12103,0.00534,-0.00995,1
4.6539,-0.17206,0.03383,0.00249,-0.00014,-0.02589,0.00225,1.50057,-0.06318,0.00404,-0.03307,0.01141,-0.11935,0.01545,-0.43237,0.89522,0,0.00882,-0.00018,0.01349,0.42023,-0.12103,0.00534,-0.00995,1
4.6559,-0.17206,0.03383,0.00244,-0.00014,-0.02669,0.00222,1.50057,-0.06303,0.00403,-0.03363,0.01145,-0.11839,0.01549,-0.43261,0.89530,0,0.00882,-0.00018,0.01349,0.42023,-0.12103,0.00534,-0.00995,1
4.6580,-0.17206,0.03383,0.00239,-0.00013,-0.02761,0.00219,1.50057,-0.06289,0.00402,-0.03422,0.01150,-0.11730,0.01552,-0.43284,0.89531,0,0.00882,-0.00018,0.01349,0.42023,-0.12103,0.00534,-0.00995,1
4.6600,-0.17206,0.03383,0.00233,-0.00013,-0.02864,0.00216,1.50057,-0.06275,0.00401,-0.03482,0.01155,-0.11608,0.01556,-0.43308,0.89532,0,0.00882,-0.00018,0.01349,0.42023,-0.12103,0.00534,-0.00995,1
4.6620,-0.17206,0.03383,0.00227,-0.00013,-0.02978,0.00213,1.50057,-0.06261,0.00401,-0.03545,0.01159,-0.11474,0.01560,-0.43328,0.89538,0,0.00882,-0.00018,0.01349,0.42023,-0.12103,0.00534,-0.00995,1
4.6640,-0.17206,0.03383,0.00221,-0.00012,-0.03104,0.00209,1.50057,-0.06246,0.00400,-0.03610,0.01164,-0.11327,0.01563,-0.43353,0.89541,0,0.00882,-0.00018,0.01349,0.42023,-0.12103,0.00534,-0.00995,1
4.6660,-0.17206,0.03383,0.00215,-0.00012,-0.03242,0.00206,1.50057,-0.06232,0.00399,-0.03677,0.01168,-0.11167,0.01567,-0.43371,0.89546,0,0.00882,-0.00018,0.01349,0.42023,-0.12103,0.00534,-0.00995,1
4.6680,-0.17206,0.03383,0.00208,-0.00011,-0.03391,0.00203,1.50057,-0.06218,0.00398,-0.03747,0.01172,-0.11007,0.01570,-0.43395,0.89549,0,0.00882,-0.00018,0.01349,0.42023,-0.12103,0.00534,-0.00995,1
4.6700,-0.17206,0.03383,0.00201,-0.00011,-0.03540,0.00201,1.50057,-0.06204,0.00397,-0.03821,0.01177,-0.10847,0.01574,-0.43416,0.89549,0,0.00882,-0.00018,0.01349,0.42023,-0.12103,0.00534,-0.00995,1
4.6720,-0.17206,0.03383,0.00194,-0.00011,-0.03689,0.00198,1.50057,-0.06189,0.00396,-0.03897,0.01181,-0.10687,0.01577,-0.43436,0.89555,0,0.00882,-0.00018,0.01349,0.42023,-0.12103,0.00534,-0.00995,1
4.6740,-0.17206,0.03383,0.00186,-0.00010,-0.03838,0.00195,1.50057,-0.06175,0.00395,-0.03976,0.01185,-0.10527,0.01580,-0.43461,0.89556,0,0.00882,-0.00018,0.01349,0.42023,-0.12103,0.00534,-0.00995,1
4.6760,-0.17206,0.03383,0.00179,-0.00010,-0.03986,0.00192,1.50057,-0.06161,0.00394,-0.04058,0.01189,-0.10367,0.01583,-0.43477,0.89561,0,0.00882,-0.00018,0.01349,0.42023,-0.12103,0.00534,-0.00995,1
4.6780,-0.17206,0.03383,0.00171,-0.00009,-0.04135,0.00189,1.50057,-0.06147,0.00393,-0.04142,0.01193,-0.10220,0.01587,-0.43499,0.89566,0,0.00882,-0.00018,0.01349,0.42023,-0.12103,0.00534,-0.00995,1
4.6800,-0.17206,0.03383,0.00162,-0.00009,-0.04271,0.00187,1.50057,-0.06133,0.00392,-0.04230,0.01197,-0.10085,0.01590,-0.43522,0.89568,0,0.00882,-0.00018,0.01349,0.42023,-0.12103,0.00534,-0.00995,1
4.6820,-0.17206,0.03383,0.00153,-0.00009,-0.04396,0.00184,1.50057,-0.06118,0.00391,-0.04320,0.01201,-0.09964,0.01593,-0.43541,0.89572,0,0.00882,-0.00018,0.01349,0.42023,-0.12103,0.00534,-0.00995,1
4.6840,-0.17206,0.03383,0.00145,-0.00008,-0.04509,0.00181,1.50057,-0.06104,0.00391,-0.04413,0.01205,-0.09855,0.01596,-0.43564,0.89575,0,0.00882,-0.00018,0.01349,0.42023,-0.12103,0.00534,-0.00995,1
4.6860,-0.17206,0.03383,0.00135,-0.00008,-0.04611,0.00179,1.50057,-0.06090,0.00390,-0.04507,0.01209,-0.09759,0.01599,-0.43586,0.89577,0,0.00882,-0.00018,0.01349,0.42023,-0.12103,0.00534,-0.00995,1
4.6880,-0.17206,0.03383,0.00126,-0.00008,-0.04700,0.00176,1.50057,-0.06076,0.00389,-0.04604,0.01213,-0.09676,0.01602,-0.43605,0.89578,0,0.00882,-0.00018,0.01349,0.42023,-0.12103,0.00534,-0.00995,1
4.6900,-0.17206,0.03383,0.00117,-0.00007,-0.04778,0.00174,1.50057,-0.06061,0.00388,-0.04702,0.01217,-0.09605,0.01604,-0.43628,0.89581,0,0.00882,-0.00018,0.01349,0.42023,-0.12103,0.00534,-0.00995,1
4.6920,-0.17206,0.03383,0.00107,-0.00007,-0.04844,0.00171,1.50057,-0.06047,0.00387,-0.04802,0.01220,-0.09548,0.01607,-0.43642,0.89587,0,0.00882,-0.00018,0.01349,0.42023,-0.12103,0.00534,-0.00995,1
4.6940,-0.16685,0.03322,0.00733,-0.00015,-0.02706,0.00140,1.53595,-0.06033,0.00386,0.01567,0.01120,-0.09477,0.01597,-0.43689,0.89590,0,0.01430,-0.00030,0.01958,0.41807,-0.12885,0.00674,-0.00973,1
4.6960,-0.16685,0.03322,0.00728,-0.00014,-0.02783,0.00149,1.53595,-0.06018,0.00385,0.01508,0.01123,-0.09394,0.01574,-0.43689,0.89590,0,0.01430,-0.00030,0.01958,0.41807,-0.12885,0.00674,-0.00973,1
4.6980,-0.16685,0.03322,0.00722,-0.00014,-0.02871,0.00170,1.53595,-0.06004,0.00384,0.01447,0.01127,-0.09298,0.01539,-0.43708,0.89592,0,0.01430,-0.00030,0.01958,0.41807,-0.12885,0.00674,-0.00973,1
4.7000,-0.16685,0.03322,0.00717,-0.00014,-0.02971,0.00203,1.53595,-0.05990,0.00383,0.01385,0.01131,-0.09189,0.01514,-0.43725,0.89597,0,0.01430,-0.00030,0.01958,0.41807,-0.12885,0.00674,-0.00973,1
4.7020,-0.16685,0.03322,0.00710,-0.00013,-0.03083,0.00225,1.53595,-0.05976,0.00382,0.01321,0.01135,-0.09068,0.01502,-0.43749,0.89598,0,0.01430,-0.00030,0.01958,0.41807,-0.12885,0.00674,-0.00973,1
4.7040,-0.16685,0.03322,0.00704,-0.00013,-0.03206,0.00236,1.53595,-0.05961,0.00381,0.01254,0.01140,-0.08933,0.01503,-0.43764,0.89603,0,0.01430,-0.00030,0.01958,0.41807,-0.12885,0.00674,-0.00973,1
4.7060,-0.16685,0.03322,0.00698,-0.00012,-0.03340,0.00236,1.53595,-0.05947,0.00381,0.01185,0.01145,-0.08786,0.01517,-0.43780,0.89609,0,0.01430,-0.00030,0.01958,0.41807,-0.12885,0.00674,-0.00973,1
4.7081,-0.16685,0.03322,0.00691,-0.00012,-0.03486,0.00223,1.53595,-0.05933,0.00380,0.01113,0.01150,-0.08626,0.01530,-0.43804,0.89607,0,0.01430,-0.00030,0.01958,0.41807,-0.12885,0.00674,-0.00973,1
4.7101,-0.16685,0.03322,0.00684,-0.00011,-0.03644,0.00212,1.53595,-0.05918,0.00379,0.01038,0.01155,-0.08466,0.01533,-0.43824,0.89611,0,0.01430,-0.00030,0.01958,0.41807,-0.12885,0.00674,-0.00973,1
4.7121,-0.16685,0.03322,0.00676,-0.00011,-0.03802,0.00209,1.53595,-0.05904,0.00378,0.00960,0.01159,-0.08306,0.01537,-0.43840,0.89613,0,0.01430,-0.00030,0.01958,0.41807,-0.12885,0.00674,-0.00973,1
4.7141,-0.16685,0.03322,0.00668,-0.00010,-0.03959,0.00206,1.53595,-0.05890,0.00377,0.00879,0.01163,-0.08146,0.01540,-0.43851,0.89621,0,0.01430,-0.00030,0.01958,0.41807,-0.12885,0.00674,-0.00973,1
4.7161,-0.16685,0.03322,0.00660,-0.00010,-0.04116,0.00203,1.53595,-0.05876,0.00376,0.00795,0.01168,-0.07986,0.01544,-0.43868,0.89621,0,0.01430,-0.00030,0.01958,0.41807,-0.12885,0.00674,-0.00973,1
4.7181,-0.16685,0.03322,0.00652,-0.00010,-0.04273,0.00200,1.53595,-0.05861,0.00375,0.00707,0.01172,-0.07826,0.01547,-0.43879,0.89630,0,0.01430,-0.00030,0.01958,0.41807,-0.12885,0.00674,-0.00973,1
4.7201,-0.16685,0.03322,0.00643,-0.00009,-0.04430,0.00197,1.53595,-0.05847,0.00374,0.00617,0.01176,-0.07666,0.01550,-0.43900,0.89628,0,0.01430,-0.00030,0.01958,0.41807,-0.12885,0.00674,-0.00973,1
4.7221,-0.16685,0.03322,0.00634,-0.00009,-0.04587,0.00194,1.53595,-0.05833,0.00373,0.00524,0.01180,-0.07506,0.01554,-0.43914,0.89636,0,0.01430,-0.00030,0.01958,0.41807,-0.12885,0.00674,-0.00973,1
4.7241,-0.16685,0.03322,0.00625,-0.00008,-0.04743,0.00192,1.53595,-0.05819,0.00372,0.00427,0.01184,-0.07346,0.01557,-0.43925,0.89643,0,0.01430,-0.00030,0.01958,0.41807,-0.12885,0.00674,-0.00973,1
4.7261,-0.16685,0.03322,0.00615,-0.00008,-0.04900,0.00189,1.53595,-0.05804,0.00371,0.00328,0.01189,-0.07186,0.01560,-0.43945,0.89641,0,0.01430,-0.00030,0.01958,0.41807,-0.12885,0.00674,-0.00973,1
4.7281,-0.16685,0.03322,0.00605,-0.00008,-0.05056,0.00186,1.53595,-0.05790,0.00370,0.00225,0.01193,-0.07026,0.01563,-0.43963,0.89647,0,0.01430,-0.00030,0.01958,0.41807,-0.12885,0.00674,-0.00973,1
4.7301,-0.16685,0.03322,0.00595,-0.00007,-0.05212,0.00183,1.53595,-0.05776,0.00370,0.00119,0.01196,-0.06866,0.01566,-0.43975,0.89647,0,0.01430,-0.00030,0.01958,0.41807,-0.12885,0.00674,-0.00973,1
4.7321,-0.16685,0.03322,0.00584,-0.00007,-0.05368,0.00181,1.53595,-0.05762,0.00369,0.00011,0.01200,-0.06706,0.01569,-0.43985,0.89653,0,0.01430,-0.00030,0.01958,0.41807,-0.12885,0.00674,-0.00973,1
4.7341,-0.16685,0.03322,0.00574,-0.00007,-0.05523,0.00178,1.53595,-0.05747,0.00368,-0.00101,0.01204,-0.06546,0.01572,-0.44006,0.89655,0,0.01430,-0.00030,0.01958,0.41807,-0.12885,0.00674,-0.00973,1
4.7361,-0.16685,0.03322,0.00562,-0.00006,-0.05679,0.00176,1.53595,-0.05733,0.00367,-0.00216,0.01208,-0.06386,0.01575,-0.44010,0.89661,0,0.01430,-0.00030,0.01958,0.41807,-0.12885,0.00674,-0.00973,1
4.7381,-0.16685,0.03322,0.00551,-0.00006,-0.05834,0.00173,1.53595,-0.05719,0.00366,-0.00334,0.01212,-0.06226,0.01578,-0.44027,0.89663,0,0.01430,-0.00030,0.01958,0.41807,-0.12885,0.00674,-0.00973,1
4.7401,-0.16685,0.03322,0.00539,-0.00006,-0.05989,0.00171,1.53595,-0.05705,0.00365,-0.00455,0.01215,-0.06079,0.01580,-0.44041,0.89666,0,0.01430,-0.00030,0.01958,0.41807,-0.12885,0.00674,-0.00973,1
4.7421,-0.16685,0.03322,0.00527,-0.00005,-0.06132,0.00168,1.53595,-0.05691,0.00364,-0.00578,0.01219,-0.05944,0.01583,-0.44055,0.89670,0,0.01430,-0.00030,0.01958,0.41807,-0.12885,0.00674,-0.00973,1
4.7441,-0.16685,0.03322,0.00515,-0.00005,-0.06264,0.00166,1.53595,-0.05676,0.00363,-0.00705,0.01223,-0.05823,0.01586,-0.44065,0.89671,0,0.01430,-0.00030,0.01958,0.41807,-0.12885,0.00674,-0.00973,1
4.7461,-0.16685,0.03322,0.00502,-0.00005,-0.06383,0.00164,1.53595,-0.05662,0.00362,-0.00834,0.01226,-0.05714,0.01588,-0.44079,0.89675,0,0.01430,-0.00030,0.01958,0.41807,-0.12885,0.00674,-0.00973,1
4.7481,-0.16685,0.03322,0.00489,-0.00004,-0.06491,0.00161,1.53595,-0.05648,0.00361,-0.00965,0.01230,-0.05618,0.01591,-0.44093,0.89677,0,0.01430,-0.00030,0.01958,0.41807,-0.12885,0.00674,-0.00973,1
4.7501,-0.16685,0.03322,0.00476,-0.00004,-0.06586,0.00159,1.53595,-0.05634,0.00360,-0.01098,0.01233,-0.05535,0.01593,-0.44105,0.89681,0,0.01430,-0.00030,0.01958,0.41807,-0.12885,0.00674,-0.00973,1
4.7521,-0.16685,0.03322,0.00463,-0.00004,-0.06670,0.00157,1.53595,-0.05619,0.00360,-0.01233,0.01236,-0.05464,0.01596,-0.44121,0.89680,0,0.01430,-0.00030,0.01958,0.41807,-0.12885,0.00674,-0.00973,1
4.7541,-0.16685,0.03322,0.00449,-0.00003,-0.06742,0.00155,1.53595,-0.05605,0.00359,-0.01370,0.01240,-0.05407,0.01598,-0.44133,0.89680,0,0.01430,-0.00030,0.01958,0.41807,-0.12885,0.00674,-0.00973,1
4.7561,-0.16292,0.03149,0.01214,-0.00091,-0.04157,-0.00157,1.59894,-0.05591,0.00358,0.06307,0.00309,-0.05336,0.01588,-0.44158,0.89688,0,0.02131,-0.00176,0.01668,0.41932,-0.12428,0.00550,-0.00330,1
4.7581,-0.16292,0.03149,0.01206,-0.00091,-0.04242,-0.00146,1.59894,-0.05577,0.00357,0.06220,0.00306,-0.05253,0.01565,-0.44158,0.89688,0,0.02131,-0.00176,0.01668,0.41932,-0.12428,0.00550,-0.00330,1
4.7601,-0.16292,0.03149,0.01197,-0.00091,-0.04339,-0.00124,1.59894,-0.05562,0.00356,0.06131,0.00304,-0.05157,0.01529,-0.44174,0.89687,0,0.02131,-0.00176,0.01668,0.41932,-0.12428,0.00550,-0.00330,1
4.7621,-0.16292,0.03149,0.01188,-0.00092,-0.04448,-0.00089,1.59894,-0.05548,0.00355,0.06040,0.00302,-0.05048,0.01480,-0.44179,0.89691,0,0.02131,-0.00176,0.01668,0.41932,-0.12428,0.00550,-0.00330,1
4.7641,-0.16292,0.03149,0.01179,-0.00092,-0.04567,-0.00043,1.59894,-0.05534,0.00354,0.05947,0.00301,-0.04927,0.01419,-0.44195,0.89697,0,0.02131,-0.00176,0.01668,0.41932,-0.12428,0.00550,-0.00330,1
4.7661,-0.16292,0.03149,0.01170,-0.00092,-0.04699,0.00014,1.59894,-0.05520,0.00353,0.05852,0.00301,-0.04792,0.01344,-0.44210,0.89697,0,0.02131,-0.00176,0.01668,0.41932,-0.12428,0.00550,-0.00330,1
4.7681,-0.16292,0.03149,0.01160,-0.00092,-0.04842,0.00083,1.59894,-0.05505,0.00352,0.05753,0.00302,-0.04645,0.01257,-0.44220,0.89700,0,0.02131,-0.00176,0.01668,0.41932,-0.12428,0.00550,-0.00330,1
4.7701,-0.16292,0.03149,0.01151,-0.00091,-0.04996,0.00164,1.59894,-0.05491,0.00351,0.05652,0.00305,-0.04485,0.01157,-0.44230,0.89705,0,0.02131,-0.00176,0.01668,0.41932,-0.12428,0.00550,-0.00330,1
4.7722,-0.16292,0.03149,0.01140,-0.00091,-0.05162,0.00257,1.59894,-0.05477,0.00350,0.05548,0.00310,-0.04325,0.01044,-0.44241,0.89702,0,0.02131,-0.00176,0.01668,0.41932,-0.12428,0.00550,-0.00330,1
4.7742,-0.16292,0.03149,0.01130,-0.00090,-0.05327,0.00361,1.59894,-0.05462,0.00349,0.05440,0.00316,-0.04165,0.00919,-0.44256,0.89703,0,0.02131,-0.00176,0.01668,0.41932,-0.12428,0.00550,-0.00330,1
4.7762,-0.16292,0.03149,0.01119,-0.00090,-0.05493,0.00477,1.59894,-0.05448,0.00349,0.05329,0.00325,-0.04005,0.00780,-0.44256,0.89709,0,0.02131,-0.00176,0.01668,0.41932,-0.12428,0.00550,-0.00330,1
4.7782,-0.16292,0.03149,0.01108,-0.00089,-0.05658,0.00604,1.59894,-0.05434,0.00348,0.05215,0.00335,-0.03845,0.00655,-0.44262,0.89712,0,0.02131,-0.00176,0.01668,0.41932,-0.12428,0.00550,-0.00330,1
4.7802,-0.16292,0.03149,0.01096,-0.00087,-0.05823,0.00720,1.59894,-0.05419,0.00347,0.05098,0.00349,-0.03685,0.00542,-0.44268,0.89713,0,0.02131,-0.00176,0.01668,0.41932,-0.12428,0.00550,-0.00330,1
4.7822,-0.16292,0.03149,0.01085,-0.00086,-0.05987,0.00824,1.59894,-0.05405,0.00346,0.04977,0.00364,-0.03525,0.00442,-0.44278,0.89714,0,0.02131,-0.00176,0.01668,0.41932,-0.12428,0.00550,-0.00330,1
4.7842,-0.16292,0.03149,0.01073,-0.00084,-0.06152,0.00916,1.59894,-0.05391,0.00345,0.04853,0.00382,-0.03365,0.00355,-0.44288,0.89712,0,0.02131,-0.00176,0.01668,0.41932,-0.12428,0.00550,-0.00330,1
4.7862,-0.16292,0.03149,0.01060,-0.00082,-0.06316,0.00997,1.59894,-0.05377,0.00344,0.04726,0.00401,-0.03205,0.00281,-0.44297,0.89715,0,0.02131,-0.00176,0.01668,0.41932,-0.12428,0.00550,-0.00330,1
4.7882,-0.16292,0.03149,0.01047,-0.00080,-0.06480,0.01066,1.59894,-0.05362,0.00343,0.04596,0.00421,-0.03045,0.00219,-0.44305,0.89717,0,0.02131,-0.00176,0.01668,0.41932,-0.12428,0.00550,-0.00330,1
4.7902,-0.16292,0.03149,0.01034,-0.00078,-0.06644,0.01123,1.59894,-0.05348,0.00342,0.04463,0.00443,-0.02885,0.00170,-0.44310,0.89714,0,0.02131,-0.00176,0.01668,0.41932,-0.12428,0.00550,-0.00330,1
4.7922,-0.16292,0.03149,0.01021,-0.00075,-0.06808,0.01169,1.59894,-0.05334,0.00341,0.04326,0.00466,-0.02725,0.00134,-0.44318,0.89716,0,0.02131,-0.00176,0.01668,0.41932,-0.12428,0.00550,-0.00330,1
4.7942,-0.16292,0.03149,0.01007,-0.00073,-0.06971,0.01203,1.59894,-0.05319,0.00340,0.04186,0.00490,-0.02565,0.00111,-0.44325,0.89718,0,0.02131,-0.00176,0.01668,0.41932,-0.12428,0.00550,-0.00330,1
4.7963,-0.16292,0.03149,0.00993,-0.00071,-0.07134,0.01225,1.59894,-0.05305,0.00339,0.04043,0.00514,-0.02405,0.00101,-0.44330,0.89719,0,0.02131,-0.00176,0.01668,0.41932,-0.12428,0.00550,-0.00330,1
4.7983,-0.16292,0.03149,0.00978,-0.00068,-0.07297,0.01236,1.59894,-0.05291,0.00339,0.03897,0.00538,-0.02245,0.00103,-0.44342,0.89718,0,0.02131,-0.00176,0.01668,0.41932,-0.12428,0.00550,-0.00330,1
4.8003,-0.16292,0.03149,0.00964,-0.00066,-0.07460,0.01235,1.59894,-0.05277,0.00338,0.03747,0.00563,-0.02085,0.00118,-0.44339,0.89721,0,0.02131,-0.00176,0.01668,0.41932,-0.12428,0.00550,-0.00330,1
4.8023,-0.16292,0.03149,0.00949,-0.00063,-0.07622,0.01222,1.59894,-0.05262,0.00337,0.03595,0.00587,-0.01925,0.00147,-0.44346,0.89723,0,0.02131,-0.00176,0.01668,0.41932,-0.12428,0.00550,-0.00330,1
4.8043,-0.16292,0.03149,0.00933,-0.00061,-0.07784,0.01198,1.59894,-0.05248,0.00336,0.03439,0.00611,-0.01778,0.00187,-0.44350,0.89724,0,0.02131,-0.00176,0.01668,0.41932,-0.12428,0.00550,-0.00330,1
4.8063,-0.16292,0.03149,0.00917,-0.00059,-0.07934,0.01161,1.59894,-0.05234,0.00335,0.03280,0.00635,-0.01644,0.00241,-0.44358,0.89720,0,0.02131,-0.00176,0.01668,0.41932,-0.12428,0.00550,-0.00330,1
4.8083,-0.16292,0.03149,0.00901,-0.00056,-0.08072,0.01114,1.59894,-0.05219,0.00334,0.03118,0.00657,-0.01522,0.00307,-0.44362,0.89722,0,0.02131,-0.00176,0.01668,0.41932,-0.12428,0.00550,-0.00330,1
4.8103,-0.16292,0.03149,0.00885,-0.00054,-0.08199,0.01054,1.59894,-0.05205,0.00333,0.02954,0.00679,-0.01413,0.00387,-0.44357,0.89727,0,0.02131,-0.00176,0.01668,0.41932,-0.12428,0.00550,-0.00330,1
4.8123,-0.16292,0.03149,0.00869,-0.00052,-0.08313,0.00983,1.59894,-0.05191,0.00332,0.02787,0.00699,-0.01317,0.00479,-0.44362,0.89731,0,0.02131,-0.00176,0.01668,0.41932,-0.12428,0.00550,-0.00330,1
4.8143,-0.16292,0.03149,0.00852,-0.00050,-0.08415,0.00900,1.59894,-0.05177,0.00331,0.02619,0.00718,-0.01234,0.00584,-0.44362,0.89733,0,0.02131,-0.00176,0.01668,0.41932,-0.12428,0.00550,-0.00330,1
4.8163,-0.16292,0.03149,0.00835,-0.00048,-0.08506,0.00806,1.59894,-0.05162,0.00330,0.02448,0.00735,-0.01164,0.00701,-0.44370,0.89732,0,0.02131,-0.00176,0.01668,0.41932,-0.12428,0.00550,-0.00330,1
4.8184,-0.16292,0.03149,0.00818,-0.00047,-0.08584,0.00700,1.59894,-0.05148,0.00329,0.02276,0.00750,-0.01106,0.00832,-0.44367,0.89735,0,0.02131,-0.00176,0.01668,0.41932,-0.12428,0.00550,-0.00330,1
4.8204,-0.16292,0.03149,0.00801,-0.00046,-0.08651,0.00582,1.59894,-0.05134,0.00328,0.02102,0.00763,-0.01061,0.00975,-0.44375,0.89734,0,0.02131,-0.00176,0.01668,0.41932,-0.12428,0.00550,-0.00330,1
4.8224,-0.16292,0.03149,0.00783,-0.00045,-0.08705,0.00453,1.59894,-0.05119,0.00328,0.01927,0.00774,-0.01029,0.01105,-0.44375,0.89737,0,0.02131,-0.00176,0.01668,0.41932,-0.12428,0.00550,-0.00330,1
4.8244,-0.16292,0.03149,0.00766,-0.00044,-0.08748,0.00335,1.59894,-0.05105,0.00327,0.01751,0.00782,-0.01010,0.01223,-0.44376,0.89743,0,0.02131,-0.00176,0.01668,0.41932,-0.12428,0.00550,-0.00330,1
4.8264,-0.16292,0.03149,0.00748,-0.00043,-0.08779,0.00229,1.59894,-0.05091,0.00326,0.01575,0.00787,-0.01004,0.01328,-0.44380,0.89747,0,0.02131,-0.00176,0.01668,0.41932,-0.12428,0.00550,-0.00330,1
4.8284,-0.15872,0.02977,0.01658,-0.00122,-0.05724,0.00017,1.63677,-0.05077,0.00325,0.10694,-0.00056,-0.00984,0.01420,-0.44389,0.89747,0,0.02762,-0.00236,0.01268,0.41900,-0.12095,0.00692,0.00042,1
4.8304,-0.15872,0.02977,0.01647,-0.00122,-0.05771,-0.00064,1.63677,-0.05062,0.00324,0.10577,-0.00056,-0.00952,0.01499,-0.44389,0.89747,0,0.02762,-0.00236,0.01268,0.41900,-0.12095,0.00692,0.00042,1
4.8324,-0.15872,0.02977,0.01635,-0.00122,-0.05829,-0.00134,1.63677,-0.05048,0.00323,0.10459,-0.00058,-0.00908,0.01566,-0.44391,0.89753,0,0.02762,-0.00236,0.01268,0.41900,-0.12095,0.00692,0.00042,1
4.8344,-0.15872,0.02977,0.01624,-0.00123,-0.05898,-0.00192,1.63677,-0.05034,0.00322,0.10339,-0.00061,-0.00850,0.01619,-0.44388,0.89759,0,0.02762,-0.00236,0.01268,0.41900,-0.12095,0.00692,0.00042,1
4.8364,-0.15872,0.02977,0.01612,-0.00123,-0.05979,-0.00239,1.63677,-0.05020,0.00321,0.10218,-0.00065,-0.00780,0.01660,-0.44394,0.89763,0,0.02762,-0.00236,0.01268,0.41900,-0.12095,0.00692,0.00042,1
4.8384,-0.15872,0.02977,0.01600,-0.00124,-0.06072,-0.00274,1.63677,-0.05005,0.00320,0.10096,-0.00070,-0.00696,0.01688,-0.44398,0.89767,0,0.02762,-0.00236,0.01268,0.41900,-0.12095,0.00692,0.00042,1
4.8404,-0.15872,0.02977,0.01587,-0.00124,-0.06176,-0.00297,1.63677,-0.04991,0.00319,0.09971,-0.00075,-0.00600,0.01703,-0.44403,0.89770,0,0.02762,-0.00236,0.01268,0.41900,-0.12095,0.00692,0.00042,1
4.8424,-0.15872,0.02977,0.01575,-0.00125,-0.06291,-0.00309,1.63677,-0.04977,0.00318,0.09845,-0.00081,-0.00492,0.01706,-0.44403,0.89775,0,0.02762,-0.00236,0.01268,0.41900,-0.12095,0.00692,0.00042,1
4.8444,-0.15872,0.02977,0.01562,-0.00125,-0.06418,-0.00309,1.63677,-0.04963,0.00318,0.09716,-0.00087,-0.00370,0.01695,-0.44405,0.89779,0,0.02762,-0.00236,0.01268,0.41900,-0.12095,0.00692,0.00042,1
4.8465,-0.15872,0.02977,0.01549,-0.00126,-0.06556,-0.00297,1.63677,-0.04948,0.00317,0.09584,-0.00092,-0.00236,0.01672,-0.44408,0.89779,0,0.02762,-0.00236,0.01268,0.41900,-0.12095,0.00692,0.00042,1
4.8485,-0.15872,0.02977,0.01536,-0.00127,-0.06706,-0.00274,1.63677,-0.04933,0.00316,0.09449,-0.00098,-0.00088,0.01636,-0.44406,0.89782,0,0.02762,-0.00236,0.01268,0.41900,-0.12095,0.00692,0.00042,1
4.8505,-0.15872,0.02977,0.01522,-0.00127,-0.06866,-0.00239,1.63677,-0.04919,0.00315,0.09312,-0.00103,0.00072,0.01587,-0.44406,0.89782,0,0.02762,-0.00236,0.01268,0.41900,-0.12095,0.00692,0.00042,1
4.8525,-0.15872,0.02977,0.01509,-0.00127,-0.07039,-0.00192,1.63677,-0.04905,0.00314,0.09171,-0.00107,0.00232,0.01526,-0.44403,0.89788,0,0.02762,-0.00236,0.01268,0.41900,-0.12095,0.00692,0.00042,1
4.8545,-0.15872,0.02977,0.01494,-0.00128,-0.07211,-0.00134,1.63677,-0.04890,0.00313,0.09027,-0.00110,0.00392,0.01452,-0.44407,0.89791,0,0.02762,-0.00236,0.01268,0.41900,-0.12095,0.00692,0.00042,1
4.8565,-0.15872,0.02977,0.01480,-0.00128,-0.07383,-0.00064,1.63677,-0.04876,0.00312,0.08879,-0.00111,0.00552,0.01364,-0.44404,0.89794,0,0.02762,-0.00236,0.01268,0.41900,-0.12095,0.00692,0.00042,1
4.8586,-0.15872,0.02977,0.01465,-0.00128,-0.07554,0.00018,1.63677,-0.04862,0.00311,0.08728,-0.00111,0.00712,0.01264,-0.44399,0.89802,0,0.02762,-0.00236,0.01268,0.41900,-0.12095,0.00692,0.00042,1
4.8606,-0.15872,0.02977,0.01449,-0.00128,-0.07725,0.00111,1.63677,-0.04848,0.00310,0.08574,-0.00110,0.00872,0.01152,-0.44399,0.89802,0,0.02762,-0.00236,0.01268,0.41900,-0.12095,0.00692,0.00042,1
4.8626,-0.15872,0.02977,0.01434,-0.00128,-0.07896,0.00216,1.63677,-0.04833,0.00309,0.08417,-0.00106,0.01032,0.01026,-0.44393,0.89805,0,0.02762,-0.00236,0.01268,0.41900,-0.12095,0.00692,0.00042,1
4.8646,-0.15872,0.02977,0.01418,-0.00127,-0.08067,0.00332,1.63677,-0.04819,0.00308,0.08256,-0.00101,0.01192,0.00888,-0.44393,0.89805,0,0.02762,-0.00236,0.01268,0.41900,-0.12095,0.00692,0.00042,1
4.8666,-0.15872,0.02977,0.01402,-0.00126,-0.08237,0.00460,1.63677,-0.04805,0.00307,0.08091,-0.00093,0.01352,0.00737,-0.44390,0.89809,0,0.02762,-0.00236,0.01268,0.41900,-0.12095,0.00692,0.00042,1
4.8686,-0.15872,0.02977,0.01385,-0.00125,-0.08407,0.00600,1.63677,-0.04791,0.00307,0.07924,-0.00082,0.01512,0.00577,-0.44390,0.89809,0,0.02762,-0.00236,0.01268,0.41900,-0.12095,0.00692,0.00042,1
4.8706,-0.15872,0.02977,0.01368,-0.00124,-0.08577,0.00747,1.63677,-0.04776,0.00306,0.07753,-0.00069,0.01672,0.00417,-0.44386,0.89810,0,0.02762,-0.00236,0.01268,0.41900,-0.12095,0.00692,0.00042,1
4.8726,-0.15872,0.02977,0.01351,-0.00122,-0.08747,0.00895,1.63677,-0.04762,0.00305,0.07578,-0.00052,0.01832,0.00257,-0.44376,0.89817,0,0.02762,-0.00236,0.01268,0.41900,-0.12095,0.00692,0.00042,1
4.8746,-0.15872,0.02977,0.01333,-0.00120,-0.08916,0.01042,1.63677,-0.04748,0.00304,0.07401,-0.00033,0.01992,0.00109,-0.44378,0.89819,0,0.02762,-0.00236,0.01268,0.41900,-0.12095,0.00692,0.00042,1
4.8766,-0.15872,0.02977,0.01315,-0.00118,-0.09085,0.01178,1.63677,-0.04733,0.00303,0.07220,-0.00011,0.02152,-0.00025,-0.44375,0.89816,0,0.02762,-0.00236,0.01268,0.41900,-0.12095,0.00692,0.00042,1
4.8786,-0.15872,0.02977,0.01297,-0.00116,-0.09253,0.01303,1.63677,-0.04719,0.00302,0.07036,0.00014,0.02312,-0.00147,-0.44376,0.89818,0,0.02762,-0.00236,0.01268,0.41900,-0.12095,0.00692,0.00042,1
4.8806,-0.15872,0.02977,0.01278,-0.00113,-0.09421,0.01415,1.63677,-0.04705,0.00301,0.06848,0.00041,0.02459,-0.00255,-0.44370,0.89818,0,0.02762,-0.00236,0.01268,0.41900,-0.12095,0.00692,0.00042,1
4.8827,-0.15872,0.02977,0.01259,-0.00110,-0.09577,0.01516,1.63677,-0.04690,0.00300,0.06657,0.00070,0.02593,-0.00351,-0.44367,0.89814,0,0.02762,-0.00236,0.01268,0.41900,-0.12095,0.00692,0.00042,1
4.8847,-0.15872,0.02977,0.01240,-0.00107,-0.09722,0.01605,1.63677,-0.04676,0.00299,0.06464,0.00101,0.02715,-0.00435,-0.44360,0.89817,0,0.02762,-0.00236,0.01268,0.41900,-0.12095,0.00692,0.00042,1
4.8867,-0.15872,0.02977,0.01220,-0.00103,-0.09854,0.01683,1.63677,-0.04662,0.00298,0.06267,0.00133,0.02824,-0.00505,-0.44361,0.89815,0,0.02762,-0.00236,0.01268,0.41900,-0.12095,0.00692,0.00042,1
4.8887,-0.15872,0.02977,0.01200,-0.00100,-0.09974,0.01748,1.63677,-0.04648,0.00297,0.06069,0.00167,0.02920,-0.00563,-0.44361,0.89811,0,0.02762,-0.00236,0.01268,0.41900,-0.12095,0.00692,0.00042,1
4.8907,-0.15872,0.02977,0.01180,-0.00096,-0.10082,0.01803,1.63677,-0.04633,0.00296,0.05867,0.00203,0.03003,-0.00607,-0.44356,0.89810,0,0.02762,-0.00236,0.01268,0.41900,-0.12095,0.00692,0.00042,1
4.8927,-0.15872,0.02977,0.01160,-0.00093,-0.10179,0.01845,1.63677,-0.04619,0.00296,0.05664,0.00239,0.03073,-0.00639,-0.44352,0.89811,0,0.02762,-0.00236,0.01268,0.41900,-0.12095,0.00692,0.00042,1
4.8947,-0.15199,0.03003,0.01990,-0.00205,-0.07410,0.01498,1.64773,-0.04605,0.00295,0.14097,-0.00858,0.03156,-0.00659,-0.44347,0.89808,0,0.03081,-0.00338,-0.00270,0.42098,-0.10539,0.00829,-0.00091,1
4.8967,-0.15199,0.03003,0.01975,-0.00202,-0.07520,0.01519,1.64773,-0.04590,0.00294,0.13946,-0.00828,0.03252,-0.00665,-0.44344,0.89810,0,0.03081,-0.00338,-0.00270,0.42098,-0.10539,0.00829,-0.00091,1
4.8987,-0.15199,0.03003,0.01960,-0.00199,-0.07643,0.01528,1.64773,-0.04576,0.00293,0.13793,-0.00798,0.03361,-0.00659,-0.44336,0.89808,0,0.03081,-0.00338,-0.00270,0.42098,-0.10539,0.00829,-0.00091,1
4.9007,-0.15199,0.03003,0.01944,-0.00196,-0.07776,0.01526,1.64773,-0.04562,0.00292,0.13638,-0.00767,0.03483,-0.00639,-0.44338,0.89805,0,0.03081,-0.00338,-0.00270,0.42098,-0.10539,0.00829,-0.00091,1
4.9027,-0.15199,0.03003,0.01929,-0.00193,-0.07921,0.01512,1.64773,-0.04548,0.00291,0.13480,-0.00737,0.03617,-0.00607,-0.44327,0.89805,0,0.03081,-0.00338,-0.00270,0.42098,-0.10539,0.00829,-0.00091,1
4.9047,-0.15199,0.03003,0.01913,-0.00190,-0.08077,0.01486,1.64773,-0.04533,0.00290,0.13319,-0.00707,0.03764,-0.00563,-0.44324,0.89806,0,0.03081,-0.00338,-0.00270,0.42098,-0.10539,0.00829,-0.00091,1
4.9067,-0.15199,0.03003,0.01896,-0.00187,-0.08245,0.01449,1.64773,-0.04519,0.00289,0.13155,-0.00678,0.03924,-0.00505,-0.44318,0.89800,0,0.03081,-0.00338,-0.00270,0.42098,-0.10539,0.00829,-0.00091,1
4.9088,-0.15199,0.03003,0.01880,-0.00184,-0.08424,0.01400,1.64773,-0.04505,0.00288,0.12987,-0.00650,0.04084,-0.00435,-0.44308,0.89802,0,0.03081,-0.00338,-0.00270,0.42098,-0.10539,0.00829,-0.00091,1
4.9108,-0.15199,0.03003,0.01863,-0.00182,-0.08602,0.01339,1.64773,-0.04490,0.00287,0.12816,-0.00623,0.04244,-0.00351,-0.44295,0.89804,0,0.03081,-0.00338,-0.00270,0.42098,-0.10539,0.00829,-0.00091,1
4.9128,-0.15199,0.03003,0.01845,-0.00179,-0.08781,0.01267,1.64773,-0.04476,0.00286,0.12641,-0.00597,0.04404,-0.00281,-0.44291,0.89798,0,0.03081,-0.00338,-0.00270,0.42098,-0.10539,0.00829,-0.00091,1
4.9148,-0.15199,0.03003,0.01828,-0.00177,-0.08959,0.01206,1.64773,-0.04462,0.00285,0.12463,-0.00572,0.04564,-0.00223,-0.44283,0.89801,0,0.03081,-0.00338,-0.00270,0.42098,-0.10539,0.00829,-0.00091,1
4.9168,-0.15199,0.03003,0.01809,-0.00174,-0.09136,0.01157,1.64773,-0.04448,0.00285,0.12281,-0.00549,0.04724,-0.00179,-0.44270,0.89800,0,0.03081,-0.00338,-0.00270,0.42098,-0.10539,0.00829,-0.00091,1
4.9188,-0.15199,0.03003,0.01791,-0.00172,-0.09314,0.01119,1.64773,-0.04433,0.00284,0.12096,-0.00526,0.04884,-0.00147,-0.44266,0.89803,0,0.03081,-0.00338,-0.00270,0.42098,-0.10539,0.00829,-0.00091,1
4.9208,-0.15199,0.03003,0.01772,-0.00170,-0.09491,0.01093,1.64773,-0.04419,0.00283,0.11908,-0.00504,0.05044,-0.00127,-0.44261,0.89798,0,0.03081,-0.00338,-0.00270,0.42098,-0.10539,0.00829,-0.00091,1
4.9228,-0.15199,0.03003,0.01753,-0.00168,-0.09667,0.01078,1.64773,-0.04405,0.00282,0.11716,-0.00483,0.05204,-0.00121,-0.44248,0.89802,0,0.03081,-0.00338,-0.00270,0.42098,-0.10539,0.00829,-0.00091,1
4.9248,-0.15199,0.03003,0.01734,-0.00165,-0.09843,0.01075,1.64773,-0.04390,0.00281,0.11520,-0.00461,0.05364,-0.00127,-0.44240,0.89800,0,0.03081,-0.00338,-0.00270,0.42098,-0.10539,0.00829,-0.00091,1
4.9269,-0.15199,0.03003,0.01714,-0.00163,-0.10019,0.01084,1.64773,-0.04376,0.00280,0.11321,-0.00440,0.05524,-0.00147,-0.44235,0.89799,0,0.03081,-0.00338,-0.00270,0.42098,-0.10539,0.00829,-0.00091,1
4.9289,-0.15199,0.03003,0.01693,-0.00161,-0.10195,0.01104,1.64773,-0.04362,0.00279,0.11119,-0.00418,0.05684,-0.00153,-0.44222,0.89798,0,0.03081,-0.00338,-0.00270,0.42098,-0.10539,0.00829,-0.00091,1
4.9309,-0.15199,0.03003,0.01673,-0.00159,-0.10370,0.01113,1.64773,-0.04347,0.00278,0.10913,-0.00396,0.05844,-0.00147,-0.44212,0.89800,0,0.03081,-0.00338,-0.00270,0.42098,-0.10539,0.00829,-0.00091,1
4.9329,-0.15199,0.03003,0.01652,-0.00157,-0.10545,0.01110,1.64773,-0.04333,0.00277,0.10704,-0.00374,0.06004,-0.00127,-0.44206,0.89796,0,0.03081,-0.00338,-0.00270,0.42098,-0.10539,0.00829,-0.00091,1
4.9349,-0.15199,0.03003,0.01631,-0.00154,-0.10719,0.01095,1.64773,-0.04319,0.00276,0.10491,-0.00352,0.06164,-0.00095,-0.44194,0.89796,0,0.03081,-0.00338,-0.00270,0.42098,-0.10539,0.00829,-0.00091,1
4.9369,-0.15199,0.03003,0.01609,-0.00152,-0.10893,0.01069,1.64773,-0.04305,0.00275,0.10275,-0.00330,0.06312,-0.00055,-0.44187,0.89791,0,0.03081,-0.00338,-0.00270,0.42098,-0.10539,0.00829,-0.00091,1
4.9389,-0.15199,0.03003,0.01587,-0.00150,-0.11055,0.01035,1.64773,-0.04290,0.00275,0.10055,-0.00310,0.06446,-0.00027,-0.44181,0.89790,0,0.03081,-0.00338,-0.00270,0.42098,-0.10539,0.00829,-0.00091,1
4.9409,-0.15199,0.03003,0.01565,-0.00148,-0.11205,0.01012,1.64773,-0.04276,0.00274,0.09833,-0.00289,0.06568,-0.00013,-0.44166,0.89791,0,0.03081,-0.00338,-0.00270,0.42098,-0.10539,0.00829,-0.00091,1
4.9429,-0.15199,0.03003,0.01542,-0.00146,-0.11343,0.01002,1.64773,-0.04262,0.00273,0.09608,-0.00269,0.06676,0.00004,-0.44154,0.89792,0,0.03081,-0.00338,-0.00270,0.42098,-0.10539,0.00829,-0.00091,1
4.9449,-0.15199,0.03003,0.01520,-0.00144,-0.11469,0.00989,1.64773,-0.04248,0.00272,0.09380,-0.00249,0.06772,0.00022,-0.44141,0.89791,0,0.03081,-0.00338,-0.00270,0.42098,-0.10539,0.00829,-0.00091,1
4.9469,-0.15199,0.03003,0.01496,-0.00142,-0.11583,0.00975,1.64773,-0.04234,0.00271,0.09149,-0.00230,0.06856,0.00041,-0.44125,0.89793,0,0.03081,-0.00338,-0.00270,0.42098,-0.10539,0.00829,-0.00091,1
4.9489,-0.15199,0.03003,0.01473,-0.00140,-0.11685,0.00960,1.64773,-0.04219,0.00270,0.08917,-0.00210,0.06926,0.00059,-0.44117,0.89795,0,0.03081,-0.00338,-0.00270,0.42098,-0.10539,0.00829,-0.00091,1
4.9509,-0.15199,0.03003,0.01450,-0.00138,-0.11775,0.00946,1.64773,-0.04205,0.00269,0.08683,-0.00192,0.06984,0.00078,-0.44101,0.89794,0,0.03081,-0.00338,-0.00270,0.42098,-0.10539,0.00829,-0.00091,1
4.9529,-0.15199,0.03003,0.01426,-0.00136,-0.11852,0.00932,1.64773,-0.04191,0.00268,0.08447,-0.00173,0.07028,0.00095,-0.44086,0.89796,0,0.03081,-0.00338,-0.00270,0.42098,-0.10539,0.00829,-0.00091,1
4.9549,-0.15199,0.03003,0.01402,-0.00135,-0.11918,0.00918,1.64773,-0.04176,0.00267,0.08210,-0.00154,0.07060,0.00113,-0.44075,0.89795,0,0.03081,-0.00338,-0.00270,0.42098,-0.10539,0.00829,-0.00091,1
4.9573,-0.13708,0.04663,0.02043,-0.00216,-0.09752,0.00581,1.64291,-0.04159,0.00266,0.15110,-0.00292,0.07105,0.00118,-0.44050,0.89796,0,0.03066,-0.00329,-0.01602,0.40018,-0.09863,0.03223,0.00000,1
4.9602,-0.13708,0.04663,0.02024,-0.00215,-0.09829,0.00581,1.64291,-0.04139,0.00265,0.14912,-0.00281,0.07163,0.00109,-0.44050,0.89796,0,0.03066,-0.00329,-0.01602,0.40018,-0.09863,0.03223,0.00000,1
4.9622,-0.13708,0.04663,0.02004,-0.00214,-0.09917,0.00592,1.64291,-0.04124,0.00264,0.14715,-0.00269,0.07233,0.00089,-0.44034,0.89797,0,0.03066,-0.00329,-0.01602,0.40018,-0.09863,0.03223,0.00000,1
4.9642,-0.13708,0.04663,0.01984,-0.00213,-0.10016,0.00615,1.64291,-0.04110,0.00263,0.14515,-0.00257,0.07316,0.00055,-0.44023,0.89793,0,0.03066,-0.00329,-0.01602,0.40018,-0.09863,0.03223,0.00000,1
4.9662,-0.13708,0.04663,0.01964,-0.00211,-0.10126,0.00649,1.64291,-0.04096,0.00262,0.14314,-0.00244,0.07412,0.00018,-0.44015,0.89791,0,0.03066,-0.00329,-0.01602,0.40018,-0.09863,0.03223,0.00000,1
4.9683,-0.13708,0.04663,0.01944,-0.00210,-0.10248,0.00686,1.64291,-0.04081,0.00261,0.14110,-0.00231,0.07521,-0.00006,-0.43997,0.89793,0,0.03066,-0.00329,-0.01602,0.40018,-0.09863,0.03223,0.00000,1
4.9703,-0.13708,0.04663,0.01923,-0.00209,-0.10381,0.00712,1.64291,-0.04067,0.00260,0.13904,-0.00217,0.07643,-0.00017,-0.43985,0.89793,0,0.03066,-0.00329,-0.01602,0.40018,-0.09863,0.03223,0.00000,1
4.9723,-0.13708,0.04663,0.01902,-0.00207,-0.10526,0.00726,1.64291,-0.04053,0.00259,0.13695,-0.00202,0.07777,-0.00016,-0.43967,0.89792,0,0.03066,-0.00329,-0.01602,0.40018,-0.09863,0.03223,0.00000,1
4.9743,-0.13708,0.04663,0.01881,-0.00206,-0.10681,0.00728,1.64291,-0.04039,0.00258,0.13483,-0.00188,0.07924,-0.00001,-0.43952,0.89793,0,0.03066,-0.00329,-0.01602,0.40018,-0.09863,0.03223,0.00000,1
4.9763,-0.13708,0.04663,0.01859,-0.00204,-0.10848,0.00719,1.64291,-0.04024,0.00257,0.13268,-0.00173,0.08084,0.00026,-0.43939,0.89793,0,0.03066,-0.00329,-0.01602,0.40018,-0.09863,0.03223,0.00000,1
4.9783,-0.13708,0.04663,0.01837,-0.00203,-0.11026,0.00698,1.64291,-0.04010,0.00257,0.13049,-0.00159,0.08244,0.00066,-0.43917,0.89795,0,0.03066,-0.00329,-0.01602,0.40018,-0.09863,0.03223,0.00000,1
4.9803,-0.13708,0.04663,0.01815,-0.00201,-0.11204,0.00665,1.64291,-0.03996,0.00256,0.12827,-0.00146,0.08404,0.00110,-0.43903,0.89791,0,0.03066,-0.00329,-0.01602,0.40018,-0.09863,0.03223,0.00000,1
4.9823,-0.13708,0.04663,0.01793,-0.00200,-0.11381,0.00628,1.64291,-0.03982,0.00255,0.12602,-0.00133,0.08564,0.00141,-0.43883,0.89793,0,0.03066,-0.00329,-0.01602,0.40018,-0.09863,0.03223,0.00000,1
4.9843,-0.13708,0.04663,0.01770,-0.00199,-0.11558,0.00603,1.64291,-0.03967,0.00254,0.12373,-0.00120,0.08712,0.00160,-0.43863,0.89794,0,0.03066,-0.00329,-0.01602,0.40018,-0.09863,0.03223,0.00000,1
4.9863,-0.13708,0.04663,0.01746,-0.00198,-0.11723,0.00590,1.64291,-0.03953,0.00253,0.12141,-0.00108,0.08846,0.00165,-0.43844,0.89794,0,0.03066,-0.00329,-0.01602,0.40018,-0.09863,0.03223,0.00000,1
4.9883,-0.13708,0.04663,0.01723,-0.00197,-0.11876,0.00588,1.64291,-0.03939,0.00252,0.11905,-0.00097,0.08968,0.00158,-0.43825,0.89799,0,0.03066,-0.00329,-0.01602,0.40018,-0.09863,0.03223,0.00000,1
4.9903,-0.13708,0.04663,0.01699,-0.00195,-0.12017,0.00598,1.64291,-0.03924,0.00251,0.11667,-0.00085,0.09076,0.00164,-0.43805,0.89797,0,0.03066,-0.00329,-0.01602,0.40018,-0.09863,0.03223,0.00000,1
4.9923,-0.13708,0.04663,0.01675,-0.00194,-0.12145,0.00597,1.64291,-0.03910,0.00250,0.11426,-0.00073,0.09172,0.00177,-0.43783,0.89800,0,0.03066,-0.00329,-0.01602,0.40018,-0.09863,0.03223,0.00000,1
4.9943,-0.13708,0.04663,0.01650,-0.00193,-0.12262,0.00588,1.64291,-0.03896,0.00249,0.11183,-0.00061,0.09256,0.00188,-0.43763,0.89800,0,0.03066,-0.00329,-0.01602,0.40018,-0.09863,0.03223,0.00000,1
4.9963,-0.13708,0.04663,0.01626,-0.00192,-0.12367,0.00581,1.64291,-0.03882,0.00248,0.10938,-0.00049,0.09326,0.00199,-0.43746,0.89799,0,0.03066,-0.00329,-0.01602,0.40018,-0.09863,0.03223,0.00000,1
4.9984,-0.13708,0.04663,0.01601,-0.00191,-0.12459,0.00575,1.64291,-0.03867,0.00247,0.10690,-0.00038,0.09384,0.00210,-0.43724,0.89803,0,0.03066,-0.00329,-0.01602,0.40018,-0.09863,0.03223,0.00000,1
5.0004,-0.13708,0.04663,0.01576,-0.00190,-0.12539,0.00569,1.64291,-0.03853,0.00247,0.10441,-0.00026,0.09428,0.00220,-0.43708,0.89799,0,0.03066,-0.00329,-0.01602,0.40018,-0.09863,0.03223,0.00000,1
5.0024,-0.13708,0.04663,0.01551,-0.00188,-0.12608,0.00562,1.64291,-0.03839,0.00246,0.10190,-0.00015,0.09460,0.00231,-0.43686,0.89803,0,0.03066,-0.00329,-0.01602,0.40018,-0.09863,0.03223,0.00000,1
5.0044,-0.13708,0.04663,0.01526,-0.00187,-0.12664,0.00556,1.64291,-0.03824,0.00245,0.09939,-0.00004,0.09480,0.00241,-0.43669,0.89803,0,0.03066,-0.00329,-0.01602,0.40018,-0.09863,0.03223,0.00000,1
5.0064,-0.13708,0.04663,0.01500,-0.00186,-0.12708,0.00550,1.64291,-0.03810,0.00244,0.09686,0.00007,0.09486,0.00251,-0.43646,0.89803,0,0.03066,-0.00329,-0.01602,0.40018,-0.09863,0.03223,0.00000,1
5.0084,-0.13708,0.04663,0.01475,-0.00185,-0.12740,0.00544,1.64291,-0.03796,0.00243,0.09433,0.00018,0.09480,0.00261,-0.43631,0.89803,0,0.03066,-0.00329,-0.01602,0.40018,-0.09863,0.03223,0.00000,1
5.0104,-0.13708,0.04663,0.01449,-0.00184,-0.12760,0.00538,1.64291,-0.03781,0.00242,0.09179,0.00029,0.09460,0.00271,-0.43611,0.89803,0,0.03066,-0.00329,-0.01602,0.40018,-0.09863,0.03223,0.00000,1
5.0124,-0.13708,0.04663,0.01424,-0.00183,-0.12768,0.00533,1.64291,-0.03767,0.00241,0.08924,0.00040,0.09428,0.00281,-0.43597,0.89803,0,0.03066,-0.00329,-0.01602,0.40018,-0.09863,0.03223,0.00000,1
5.0144,-0.13708,0.04663,0.01398,-0.00182,-0.12763,0.00527,1.64291,-0.03753,0.00240,0.08670,0.00051,0.09384,0.00291,-0.43580,0.89800,0,0.03066,-0.00329,-0.01602,0.40018,-0.09863,0.03223,0.00000,1
5.0164,-0.13708,0.04663,0.01373,-0.00181,-0.12747,0.00521,1.64291,-0.03739,0.00239,0.08416,0.00061,0.09326,0.00300,-0.43567,0.89804,0,0.03066,-0.00329,-0.01602,0.40018,-0.09863,0.03223,0.00000,1
5.0185,-0.13708,0.04663,0.01347,-0.00180,-0.12719,0.00516,1.64291,-0.03724,0.00238,0.08163,0.00072,0.09256,0.00310,-0.43550,0.89800,0,0.03066,-0.00329,-0.01602,0.40018,-0.09863,0.03223,0.00000,1
5.0205,-0.13708,0.04663,0.01322,-0.00179,-0.12678,0.00510,1.64291,-0.03710,0.00237,0.07910,0.00082,0.09172,0.00319,-0.43550,0.89800,0,0.03066,-0.00329,-0.01602,0.40018,-0.09863,0.03223,0.00000,1
5.0225,-0.13708,0.04663,0.01296,-0.00178,-0.12625,0.00505,1.64291,-0.03696,0.00236,0.07658,0.00092,0.09076,0.00328,-0.43513,0.89810,0,0.03066,-0.00329,-0.01602,0.40018,-0.09863,0.03223,0.00000,1
5.0245,-0.13708,0.04663,0.01271,-0.00177,-0.12561,0.00500,1.64291,-0.03682,0.00236,0.07407,0.00102,0.08968,0.00338,-0.43503,0.89804,0,0.03066,-0.00329,-0.01602,0.40018,-0.09863,0.03223,0.00000,1
5.0265,-0.12398,0.04121,0.01646,-0.00117,-0.11297,0.00693,1.66859,-0.03667,0.00235,0.11616,0.00472,0.08846,0.00360,-0.43472,0.89802,0,0.02499,-0.00088,-0.02562,0.40277,-0.08857,0.03175,0.01689,1
5.0285,-0.12398,0.04121,0.01624,-0.00116,-0.11216,0.00675,1.66859,-0.03653,0.00234,0.11391,0.00486,0.08712,0.00394,-0.43472,0.89802,0,0.02499,-0.00088,-0.02562,0.40277,-0.08857,0.03175,0.01689,1
5.0305,-0.12398,0.04121,0.01601,-0.00114,-0.11122,0.00646,1.66859,-0.03639,0.00233,0.11169,0.00499,0.08564,0.00442,-0.43462,0.89800,0,0.02499,-0.00088,-0.02562,0.40277,-0.08857,0.03175,0.01689,1
5.0325,-0.12398,0.04121,0.01579,-0.00113,-0.11016,0.00604,1.66859,-0.03624,0.00232,0.10948,0.00512,0.08404,0.00502,-0.43437,0.89803,0,0.02499,-0.00088,-0.02562,0.40277,-0.08857,0.03175,0.01689,1
5.0345,-0.12398,0.04121,0.01557,-0.00112,-0.10898,0.00551,1.66859,-0.03610,0.00231,0.10729,0.00523,0.08244,0.00575,-0.43425,0.89802,0,0.02499,-0.00088,-0.02562,0.40277,-0.08857,0.03175,0.01689,1
5.0365,-0.12398,0.04121,0.01535,-0.00111,-0.10780,0.00487,1.66859,-0.03596,0.00230,0.10513,0.00534,0.08084,0.00661,-0.43406,0.89806,0,0.02499,-0.00088,-0.02562,0.40277,-0.08857,0.03175,0.01689,1
5.0385,-0.12398,0.04121,0.01514,-0.00110,-0.10662,0.00411,1.66859,-0.03582,0.00229,0.10299,0.00543,0.07924,0.00760,-0.43395,0.89805,0,0.02499,-0.00088,-0.02562,0.40277,-0.08857,0.03175,0.01689,1
5.0405,-0.12398,0.04121,0.01493,-0.00109,-0.10543,0.00323,1.66859,-0.03567,0.00228,0.10088,0.00550,0.07764,0.00846,-0.43378,0.89807,0,0.02499,-0.00088,-0.02562,0.40277,-0.08857,0.03175,0.01689,1
5.0425,-0.12398,0.04121,0.01472,-0.00109,-0.10423,0.00247,1.66859,-0.03553,0.00227,0.09879,0.00556,0.07604,0.00919,-0.43350,0.89809,0,0.02499,-0.00088,-0.02562,0.40277,-0.08857,0.03175,0.01689,1
5.0445,-0.12398,0.04121,0.01451,-0.00108,-0.10304,0.00182,1.66859,-0.03539,0.00226,0.09672,0.00560,0.07444,0.00980,-0.43350,0.89809,0,0.02499,-0.00088,-0.02562,0.40277,-0.08857,0.03175,0.01689,1
5.0465,-0.12398,0.04121,0.01431,-0.00108,-0.10184,0.00129,1.66859,-0.03525,0.00226,0.09467,0.00563,0.07284,0.01027,-0.43334,0.89810,0,0.02499,-0.00088,-0.02562,0.40277,-0.08857,0.03175,0.01689,1
5.0485,-0.12398,0.04121,0.01410,-0.00108,-0.10063,0.00088,1.66859,-0.03510,0.00225,0.09265,0.00566,0.07124,0.01062,-0.43319,0.89813,0,0.02499,-0.00088,-0.02562,0.40277,-0.08857,0.03175,0.01689,1
5.0505,-0.12398,0.04121,0.01390,-0.00108,-0.09943,0.00058,1.66859,-0.03496,0.00224,0.09066,0.00567,0.06964,0.01084,-0.43302,0.89814,0,0.02499,-0.00088,-0.02562,0.40277,-0.08857,0.03175,0.01689,1
5.0525,-0.12398,0.04121,0.01371,-0.00108,-0.09822,0.00040,1.66859,-0.03482,0.00223,0.08869,0.00568,0.06804,0.01093,-0.43288,0.89815,0,0.02499,-0.00088,-0.02562,0.40277,-0.08857,0.03175,0.01689,1
5.0545,-0.12398,0.04121,0.01351,-0.00107,-0.09700,0.00034,1.66859,-0.03468,0.00222,0.08674,0.00569,0.06644,0.01090,-0.43280,0.89817,0,0.02499,-0.00088,-0.02562,0.40277,-0.08857,0.03175,0.01689,1
5.0565,-0.12398,0.04121,0.01332,-0.00107,-0.09578,0.00039,1.66859,-0.03453,0.00221,0.08481,0.00570,0.06484,0.01073,-0.43264,0.89820,0,0.02499,-0.00088,-0.02562,0.40277,-0.08857,0.03175,0.01689,1
5.0585,-0.12398,0.04121,0.01313,-0.00107,-0.09456,0.00056,1.66859,-0.03439,0.00220,0.08291,0.00571,0.06324,0.01044,-0.43253,0.89822,0,0.02499,-0.00088,-0.02562,0.40277,-0.08857,0.03175,0.01689,1
5.0605,-0.12398,0.04121,0.01294,-0.00107,-0.09334,0.00084,1.66859,-0.03425,0.00219,0.08103,0.00573,0.06164,0.01002,-0.43246,0.89819,0,0.02499,-0.00088,-0.02562,0.40277,-0.08857,0.03175,0.01689,1
5.0625,-0.12398,0.04121,0.01275,-0.00107,-0.09211,0.00124,1.66859,-0.03411,0.00218,0.07918,0.00575,0.06004,0.00947,-0.43223,0.89826,0,0.02499,-0.00088,-0.02562,0.40277,-0.08857,0.03175,0.01689,1
5.0645,-0.12398,0.04121,0.01257,-0.00107,-0.09088,0.00176,1.66859,-0.03396,0.00217,0.07735,0.00578,0.05844,0.00879,-0.43216,0.89821,0,0.02499,-0.00088,-0.02562,0.40277,-0.08857,0.03175,0.01689,1
5.0665,-0.12398,0.04121,0.01239,-0.00106,-0.08964,0.00239,1.66859,-0.03382,0.00216,0.07555,0.00582,0.05684,0.00799,-0.43200,0.89827,0,0.02499,-0.00088,-0.02562,0.40277,-0.08857,0.03175,0.01689,1
5.0685,-0.12398,0.04121,0.01221,-0.00106,-0.08841,0.00314,1.66859,-0.03368,0.00215,0.07377,0.00588,0.05524,0.00731,-0.43191,0.89826,0,0.02499,-0.00088,-0.02562,0.40277,-0.08857,0.03175,0.01689,1
5.0705,-0.12398,0.04121,0.01204,-0.00105,-0.08717,0.00378,1.66859,-0.03354,0.00215,0.07202,0.00595,0.05364,0.00676,-0.43184,0.89829,0,0.02499,-0.00088,-0.02562,0.40277,-0.08857,0.03175,0.01689,1
5.0725,-0.12398,0.04121,0.01186,-0.00104,-0.08592,0.00429,1.66859,-0.03340,0.00214,0.07029,0.00603,0.05204,0.00634,-0.43169,0.89827,0,0.02499,-0.00088,-0.02562,0.40277,-0.08857,0.03175,0.01689,1
5.0745,-0.12398,0.04121,0.01169,-0.00103,-0.08467,0.00470,1.66859,-0.03325,0.00213,0.06858,0.00612,0.05044,0.00605,-0.43161,0.89829,0,0.02499,-0.00088,-0.02562,0.40277,-0.08857,0.03175,0.01689,1
5.0765,-0.12398,0.04121,0.01153,-0.00102,-0.08342,0.00498,1.66859,-0.03311,0.00212,0.06690,0.00622,0.04884,0.00589,-0.43147,0.89831,0,0.02499,-0.00088,-0.02562,0.40277,-0.08857,0.03175,0.01689,1
5.0786,-0.12398,0.04121,0.01136,-0.00101,-0.08217,0.00515,1.66859,-0.03297,0.00211,0.06525,0.00632,0.04724,0.00585,-0.43124,0.89832,0,0.02499,-0.00088,-0.02562,0.40277,-0.08857,0.03175,0.01689,1
5.0806,-0.12398,0.04121,0.01120,-0.00100,-0.08092,0.00520,1.66859,-0.03282,0.00210,0.06361,0.00642,0.04564,0.00594,-0.43114,0.89831,0,0.02499,-0.00088,-0.02562,0.40277,-0.08857,0.03175,0.01689,1
5.0826,-0.12398,0.04121,0.01104,-0.00099,-0.07966,0.00513,1.66859,-0.03268,0.00209,0.06201,0.00653,0.04404,0.00616,-0.43114,0.89831,0,0.02499,-0.00088,-0.02562,0.40277,-0.08857,0.03175,0.01689,1
5.0846,-0.12398,0.04121,0.01088,-0.00098,-0.07840,0.00495,1.66859,-0.03254,0.00208,0.06043,0.00663,0.04244,0.00651,-0.43104,0.89835,0,0.02499,-0.00088,-0.02562,0.40277,-0.08857,0.03175,0.01689,1
5.0866,-0.12398,0.04121,0.01072,-0.00097,-0.07713,0.00465,1.66859,-0.03240,0.00207,0.05887,0.00672,0.04084,0.00699,-0.43094,0.89832,0,0.02499,-0.00088,-0.02562,0.40277,-0.08857,0.03175,0.01689,1
5.0886,-0.12398,0.04121,0.01057,-0.00096,-0.07587,0.00424,1.66859,-0.03225,0.00206,0.05734,0.00681,0.03924,0.00759,-0.43082,0.89840,0,0.02499,-0.00088,-0.02562,0.40277,-0.08857,0.03175,0.01689,1
5.0906,-0.12398,0.04121,0.01042,-0.00096,-0.07460,0.00370,1.66859,-0.03211,0.00205,0.05583,0.00689,0.03764,0.00832,-0.43062,0.89838,0,0.02499,-0.00088,-0.02562,0.40277,-0.08857,0.03175,0.01689,1
5.0926,-0.11053,0.03910,0.01255,0.00004,-0.06534,0.00703,1.66008,-0.03197,0.00205,0.08216,0.01583,0.03617,0.00918,-0.43056,0.89842,0,0.01796,0.00079,-0.03563,0.40181,-0.07909,0.03490,0.02313,1
5.0946,-0.11053,0.03910,0.01242,0.00005,-0.06422,0.00625,1.66008,-0.03182,0.00204,0.08086,0.01597,0.03483,0.01017,-0.43042,0.89843,0,0.01796,0.00079,-0.03563,0.40181,-0.07909,0.03490,0.02313,1
5.0966,-0.11053,0.03910,0.01229,0.00006,-0.06322,0.00535,1.66008,-0.03168,0.00203,0.07958,0.01608,0.03361,0.01128,-0.43042,0.89843,0,0.01796,0.00079,-0.03563,0.40181,-0.07909,0.03490,0.02313,1
5.0986,-0.11053,0.03910,0.01217,0.00007,-0.06233,0.00433,1.66008,-0.03154,0.00202,0.07832,0.01618,0.03252,0.01253,-0.43029,0.89849,0,0.01796,0.00079,-0.03563,0.40181,-0.07909,0.03490,0.02313,1
5.1006,-0.11053,0.03910,0.01204,0.00008,-0.06156,0.00320,1.66008,-0.03140,0.00201,0.07707,0.01626,0.03156,0.01390,-0.43029,0.89849,0,0.01796,0.00079,-0.03563,0.40181,-0.07909,0.03490,0.02313,1
5.1026,-0.11053,0.03910,0.01192,0.00009,-0.06090,0.00195,1.66008,-0.03126,0.00200,0.07584,0.01631,0.03073,0.01540,-0.43021,0.89855,0,0.01796,0.00079,-0.03563,0.40181,-0.07909,0.03490,0.02313,1
5.1046,-0.11053,0.03910,0.01180,0.00009,-0.06035,0.00059,1.66008,-0.03111,0.00199,0.07462,0.01633,0.03003,0.01700,-0.43007,0.89858,0,0.01796,0.00079,-0.03563,0.40181,-0.07909,0.03490,0.02313,1
5.1066,-0.11053,0.03910,0.01168,0.00009,-0.05992,-0.00087,1.66008,-0.03097,0.00198,0.07341,0.01633,0.02945,0.01847,-0.42998,0.89862,0,0.01796,0.00079,-0.03563,0.40181,-0.07909,0.03490,0.02313,1
5.1086,-0.11053,0.03910,0.01156,0.00008,-0.05960,-0.00221,1.66008,-0.03083,0.00197,0.07221,0.01630,0.02900,0.01982,-0.42998,0.89862,0,0.01796,0.00079,-0.03563,0.40181,-0.07909,0.03490,0.02313,1
5.1106,-0.11053,0.03910,0.01144,0.00008,-0.05940,-0.00343,1.66008,-0.03068,0.00196,0.07102,0.01625,0.02868,0.02103,-0.42982,0.89873,0,0.01796,0.00079,-0.03563,0.40181,-0.07909,0.03490,0.02313,1
5.1126,-0.11053,0.03910,0.01132,0.00007,-0.05931,-0.00454,1.66008,-0.03054,0.00195,0.06983,0.01617,0.02849,0.02212,-0.42976,0.89877,0,0.01796,0.00079,-0.03563,0.40181,-0.07909,0.03490,0.02313,1
5.1146,-0.11053,0.03910,0.01120,0.00006,-0.05933,-0.00553,1.66008,-0.03040,0.00195,0.06863,0.01608,0.02843,0.02308,-0.42976,0.89877,0,0.01796,0.00079,-0.03563,0.40181,-0.07909,0.03490,0.02313,1
5.1167,-0.11053,0.03910,0.01109,0.00005,-0.05947,-0.00640,1.66008,-0.03026,0.00194,0.06744,0.01596,0.02849,0.02391,-0.42966,0.89886,0,0.01796,0.00079,-0.03563,0.40181,-0.07909,0.03490,0.02313,1
5.1187,-0.11053,0.03910,0.01097,0.00004,-0.05972,-0.00716,1.66008,-0.03011,0.00193,0.06624,0.01583,0.02868,0.02462,-0.42954,0.89889,0,0.01796,0.00079,-0.03563,0.40181,-0.07909,0.03490,0.02313,1
5.1207,-0.11053,0.03910,0.01085,0.00002,-0.06009,-0.00780,1.66008,-0.02997,0.00192,0.06504,0.01568,0.02900,0.02519,-0.42943,0.89899,0,0.01796,0.00079,-0.03563,0.40181,-0.07909,0.03490,0.02313,1
5.1227,-0.11053,0.03910,0.01073,0.00000,-0.06057,-0.00832,1.66008,-0.02983,0.00191,0.06383,0.01553,0.02945,0.02564,-0.42938,0.89905,0,0.01796,0.00079,-0.03563,0.40181,-0.07909,0.03490,0.02313,1
5.1247,-0.11053,0.03910,0.01060,-0.00001,-0.06117,-0.00873,1.66008,-0.02969,0.00190,0.06261,0.01536,0.03003,0.02596,-0.42931,0.89910,0,0.01796,0.00079,-0.03563,0.40181,-0.07909,0.03490,0.02313,1
5.1267,-0.11053,0.03910,0.01048,-0.00003,-0.06188,-0.00902,1.66008,-0.02954,0.00189,0.06137,0.01519,0.03073,0.02615,-0.42924,0.89918,0,0.01796,0.00079,-0.03563,0.40181,-0.07909,0.03490,0.02313,1
5.1287,-0.11053,0.03910,0.01036,-0.00005,-0.06270,-0.00919,1.66008,-0.02940,0.00188,0.06012,0.01501,0.03131,0.02622,-0.42915,0.89922,0,0.01796,0.00079,-0.03563,0.40181,-0.07909,0.03490,0.02313,1
5.1307,-0.11053,0.03910,0.01023,-0.00007,-0.06341,-0.00925,1.66008,-0.02926,0.00187,0.05886,0.01483,0.03176,0.02615,-0.42907,0.89928,0,0.01796,0.00079,-0.03563,0.40181,-0.07909,0.03490,0.02313,1
5.1327,-0.11053,0.03910,0.01010,-0.00009,-0.06399,-0.00919,1.66008,-0.02911,0.00186,0.05758,0.01465,0.03208,0.02596,-0.42901,0.89932,0,0.01796,0.00079,-0.03563,0.40181,-0.07909,0.03490,0.02313,1
5.1347,-0.11053,0.03910,0.00997,-0.00010,-0.06446,-0.00901,1.66008,-0.02897,0.00185,0.05629,0.01447,0.03227,0.02564,-0.42893,0.89937,0,0.01796,0.00079,-0.03563,0.40181,-0.07909,0.03490,0.02313,1
5.1367,-0.11053,0.03910,0.00984,-0.00012,-0.06481,-0.00872,1.66008,-0.02883,0.00184,0.05500,0.01430,0.03233,0.02519,-0.42888,0.89944,0,0.01796,0.00079,-0.03563,0.40181,-0.07909,0.03490,0.02313,1
5.1387,-0.11053,0.03910,0.00972,-0.00014,-0.06504,-0.00831,1.66008,-0.02868,0.00184,0.05370,0.01413,0.03227,0.02462,-0.42874,0.89949,0,0.01796,0.00079,-0.03563,0.40181,-0.07909,0.03490,0.02313,1
5.1407,-0.11053,0.03910,0.00958,-0.00015,-0.06516,-0.00779,1.66008,-0.02854,0.00183,0.05239,0.01397,0.03208,0.02391,-0.42872,0.89952,0,0.01796,0.00079,-0.03563,0.40181,-0.07909,0.03490,0.02313,1
5.1428,-0.11053,0.03910,0.00945,-0.00017,-0.06515,-0.00714,1.66008,-0.02840,0.00182,0.05109,0.01383,0.03176,0.02308,-0.42866,0.89956,0,0.01796,0.00079,-0.03563,0.40181,-0.07909,0.03490,0.02313,1
5.1448,-0.11053,0.03910,0.00932,-0.00018,-0.06502,-0.00638,1.66008,-0.02826,0.00181,0.04979,0.01370,0.03131,0.02212,-0.42854,0.89964,0,0.01796,0.00079,-0.03563,0.40181,-0.07909,0.03490,0.02313,1
5.1468,-0.11053,0.03910,0.00919,-0.00019,-0.06478,-0.00551,1.66008,-0.02811,0.00180,0.04849,0.01358,0.03073,0.02103,-0.42856,0.89965,0,0.01796,0.00079,-0.03563,0.40181,-0.07909,0.03490,0.02313,1
5.1488,-0.11053,0.03910,0.00907,-0.00020,-0.06442,-0.00451,1.66008,-0.02797,0.00179,0.04719,0.01348,0.03003,0.01982,-0.42847,0.89970,0,0.01796,0.00079,-0.03563,0.40181,-0.07909,0.03490,0.02313,1
5.1508,-0.11053,0.03910,0.00894,-0.00021,-0.06394,-0.00340,1.66008,-0.02783,0.00178,0.04591,0.01341,0.02920,0.01847,-0.42843,0.89974,0,0.01796,0.00079,-0.03563,0.40181,-0.07909,0.03490,0.02313,1
5.1528,-0.11053,0.03910,0.00881,-0.00022,-0.06334,-0.00218,1.66008,-0.02768,0.00177,0.04463,0.01335,0.02824,0.01700,-0.42841,0.89977,0,0.01796,0.00079,-0.03563,0.40181,-0.07909,0.03490,0.02313,1
5.1548,-0.11053,0.03910,0.00868,-0.00022,-0.06262,-0.00084,1.66008,-0.02754,0.00176,0.04337,0.01333,0.02715,0.01540,-0.42837,0.89982,0,0.01796,0.00079,-0.03563,0.40181,-0.07909,0.03490,0.02313,1
5.1568,-0.11053,0.03910,0.00856,-0.00022,-0.06178,0.00062,1.66008,-0.02740,0.00175,0.04212,0.01333,0.02593,0.01393,-0.42830,0.89983,0,0.01796,0.00079,-0.03563,0.40181,-0.07909,0.03490,0.02313,1
5.1588,-0.11053,0.03910,0.00844,-0.00022,-0.06082,0.00196,1.66008,-0.02726,0.00174,0.04090,0.01335,0.02459,0.01258,-0.42826,0.89986,0,0.01796,0.00079,-0.03563,0.40181,-0.07909,0.03490,0.02313,1
5.1609,-0.10370,0.03584,0.01028,0.00114,-0.05425,0.00622,1.65943,-0.02710,0.00173,0.06172,0.02541,0.02337,0.01137,-0.42825,0.89985,0,0.01450,0.00261,-0.04171,0.40203,-0.07377,0.03630,0.01873,1
5.1630,-0.10370,0.03584,0.01017,0.00115,-0.05332,0.00731,1.65943,-0.02696,0.00173,0.06064,0.02555,0.02228,0.01028,-0.42822,0.89989,0,0.01450,0.00261,-0.04171,0.40203,-0.07377,0.03630,0.01873,1
5.1650,-0.10370,0.03584,0.01006,0.00117,-0.05251,0.00827,1.65943,-0.02682,0.00172,0.05957,0.02570,0.02132,0.00932,-0.42816,0.89989,0,0.01450,0.00261,-0.04171,0.40203,-0.07377,0.03630,0.01873,1
5.1670,-0.10370,0.03584,0.00996,0.00119,-0.05182,0.00913,1.65943,-0.02668,0.00171,0.05852,0.02588,0.02049,0.00849,-0.42813,0.89995,0,0.01450,0.00261,-0.04171,0.40203,-0.07377,0.03630,0.01873,1
5.1690,-0.10370,0.03584,0.00986,0.00120,-0.05124,0.00986,1.65943,-0.02653,0.00170,0.05749,0.02606,0.01979,0.00778,-0.42810,0.89991,0,0.01450,0.00261,-0.04171,0.40203,-0.07377,0.03630,0.01873,1
5.1710,-0.10370,0.03584,0.00975,0.00123,-0.05077,0.01048,1.65943,-0.02639,0.00169,0.05646,0.02627,0.01921,0.00721,-0.42803,0.89997,0,0.01450,0.00261,-0.04171,0.40203,-0.07377,0.03630,0.01873,1
5.1730,-0.10370,0.03584,0.00965,0.00125,-0.05042,0.01098,1.65943,-0.02625,0.00168,0.05545,0.02648,0.01876,0.00676,-0.42801,0.89995,0,0.01450,0.00261,-0.04171,0.40203,-0.07377,0.03630,0.01873,1
5.1750,-0.10370,0.03584,0.00955,0.00127,-0.05018,0.01137,1.65943,-0.02611,0.00167,0.05444,0.02670,0.01844,0.00644,-0.42795,0.89995,0,0.01450,0.00261,-0.04171,0.40203,-0.07377,0.03630,0.01873,1
5.1770,-0.10370,0.03584,0.00945,0.00129,-0.05006,0.01163,1.65943,-0.02596,0.00166,0.05343,0.02693,0.01825,0.00625,-0.42792,0.89999,0,0.01450,0.00261,-0.04171,0.40203,-0.07377,0.03630,0.01873,1
5.1790,-0.10370,0.03584,0.00935,0.00132,-0.05005,0.01178,1.65943,-0.02582,0.00165,0.05242,0.02716,0.01819,0.00618,-0.42785,0.90000,0,0.01450,0.00261,-0.04171,0.40203,-0.07377,0.03630,0.01873,1
5.1810,-0.10370,0.03584,0.00925,0.00134,-0.05016,0.01182,1.65943,-0.02568,0.00164,0.05142,0.02739,0.01825,0.00625,-0.42785,0.89995,0,0.01450,0.00261,-0.04171,0.40203,-0.07377,0.03630,0.01873,1
5.1830,-0.10370,0.03584,0.00915,0.00136,-0.05038,0.01174,1.65943,-0.02554,0.00163,0.05041,0.02763,0.01844,0.00644,-0.42775,0.89999,0,0.01450,0.00261,-0.04171,0.40203,-0.07377,0.03630,0.01873,1
5.1850,-0.10370,0.03584,0.00905,0.00139,-0.05071,0.01154,1.65943,-0.02540,0.00162,0.04939,0.02786,0.01876,0.00676,-0.42772,0.90002,0,0.01450,0.00261,-0.04171,0.40203,-0.07377,0.03630,0.01873,1
5.1870,-0.10370,0.03584,0.00895,0.00141,-0.05116,0.01122,1.65943,-0.02525,0.00162,0.04837,0.02808,0.01921,0.00721,-0.42758,0.90006,0,0.01450,0.00261,-0.04171,0.40203,-0.07377,0.03630,0.01873,1
5.1890,-0.10370,0.03584,0.00885,0.00143,-0.05173,0.01079,1.65943,-0.02511,0.00161,0.04734,0.02830,0.01979,0.00778,-0.42754,0.90007,0,0.01450,0.00261,-0.04171,0.40203,-0.07377,0.03630,0.01873,1
5.1910,-0.10370,0.03584,0.00874,0.00145,-0.05241,0.01024,1.65943,-0.02497,0.00160,0.04629,0.02851,0.02049,0.00849,-0.42751,0.90007,0,0.01450,0.00261,-0.04171,0.40203,-0.07377,0.03630,0.01873,1
5.1930,-0.10370,0.03584,0.00864,0.00147,-0.05320,0.00957,1.65943,-0.02483,0.00159,0.04523,0.02870,0.02107,0.00932,-0.42743,0.90010,0,0.01450,0.00261,-0.04171,0.40203,-0.07377,0.03630,0.01873,1
5.1950,-0.10370,0.03584,0.00853,0.00149,-0.05388,0.00879,1.65943,-0.02468,0.00158,0.04416,0.02889,0.02152,0.01028,-0.42736,0.90016,0,0.01450,0.00261,-0.04171,0.40203,-0.07377,0.03630,0.01873,1
5.1970,-0.10370,0.03584,0.00842,0.00151,-0.05443,0.00789,1.65943,-0.02454,0.00157,0.04307,0.02905,0.02184,0.01137,-0.42731,0.90016,0,0.01450,0.00261,-0.04171,0.40203,-0.07377,0.03630,0.01873,1
5.1990,-0.10370,0.03584,0.00831,0.00152,-0.05487,0.00687,1.65943,-0.02440,0.00156,0.04198,0.02920,0.02203,0.01258,-0.42729,0.90017,0,0.01450,0.00261,-0.04171,0.40203,-0.07377,0.03630,0.01873,1
5.2010,-0.10370,0.03584,0.00820,0.00153,-0.05519,0.00574,1.65943,-0.02426,0.00155,0.04088,0.02932,0.02209,0.01393,-0.42721,0.90022,0,0.01450,0.00261,-0.04171,0.40203,-0.07377,0.03630,0.01873,1
5.2030,-0.10370,0.03584,0.00809,0.00154,-0.05539,0.00449,1.65943,-0.02411,0.00154,0.03977,0.02942,0.02203,0.01540,-0.42710,0.90027,0,0.01450,0.00261,-0.04171,0.40203,-0.07377,0.03630,0.01873,1
5.2050,-0.10370,0.03584,0.00798,0.00155,-0.05548,0.00312,1.65943,-0.02397,0.00153,0.03866,0.02950,0.02184,0.01700,-0.42710,0.90027,0,0.01450,0.00261,-0.04171,0.40203,-0.07377,0.03630,0.01873,1
5.2070,-0.10370,0.03584,0.00787,0.00156,-0.05544,0.00164,1.65943,-0.02383,0.00152,0.03755,0.02955,0.02152,0.01860,-0.42708,0.90030,0,0.01450,0.00261,-0.04171,0.40203,-0.07377,0.03630,0.01873,1
5.2090,-0.10370,0.03584,0.00776,0.00156,-0.05529,0.00016,1.65943,-0.02369,0.00152,0.03644,0.02957,0.02107,0.02020,-0.42695,0.90038,0,0.01450,0.00261,-0.04171,0.40203,-0.07377,0.03630,0.01873,1
5.2110,-0.10370,0.03584,0.00765,0.00156,-0.05502,-0.00132,1.65943,-0.02354,0.00151,0.03533,0.02956,0.02049,0.02180,-0.42699,0.90037,0,0.01450,0.00261,-0.04171,0.40203,-0.07377,0.03630,0.01873,1
5.2130,-0.10370,0.03584,0.00754,0.00155,-0.05463,-0.00281,1.65943,-0.02340,0.00150,0.03424,0.02952,0.01979,0.02340,-0.42695,0.90045,0,0.01450,0.00261,-0.04171,0.40203,-0.07377,0.03630,0.01873,1
5.2150,-0.10370,0.03584,0.00743,0.00155,-0.05412,-0.00429,1.65943,-0.02326,0.00149,0.03315,0.02945,0.01896,0.02500,-0.42693,0.90049,0,0.01450,0.00261,-0.04171,0.40203,-0.07377,0.03630,0.01873,1
5.2170,-0.10370,0.03584,0.00732,0.00154,-0.05349,-0.00577,1.65943,-0.02312,0.00148,0.03207,0.02935,0.01800,0.02660,-0.42695,0.90049,0,0.01450,0.00261,-0.04171,0.40203,-0.07377,0.03630,0.01873,1
5.2190,-0.10370,0.03584,0.00722,0.00152,-0.05275,-0.00725,1.65943,-0.02297,0.00147,0.03101,0.02923,0.01691,0.02820,-0.42695,0.90049,0,0.01450,0.00261,-0.04171,0.40203,-0.07377,0.03630,0.01873,1
5.2210,-0.10370,0.03584,0.00711,0.00151,-0.05189,-0.00873,1.65943,-0.02283,0.00146,0.02996,0.02907,0.01569,0.02980,-0.42690,0.90063,0,0.01450,0.00261,-0.04171,0.40203,-0.07377,0.03630,0.01873,1
5.2230,-0.10370,0.03584,0.00701,0.00149,-0.05091,-0.01021,1.65943,-0.02269,0.00145,0.02893,0.02888,0.01435,0.03127,-0.42688,0.90067,0,0.01450,0.00261,-0.04171,0.40203,-0.07377,0.03630,0.01873,1
5.2250,-0.10370,0.03584,0.00691,0.00147,-0.04981,-0.01158,1.65943,-0.02255,0.00144,0.02792,0.02867,0.01288,0.03262,-0.42686,0.90069,0,0.01450,0.00261,-0.04171,0.40203,-0.07377,0.03630,0.01873,1
5.2270,-0.09799,0.03256,0.00856,0.00290,-0.04400,-0.00687,1.66579,-0.02240,0.00143,0.04640,0.04147,0.01153,0.03409,-0.42684,0.90079,1,0.01235,0.00404,-0.04851,0.40295,-0.06680,0.03682,0.02507,1
5.2290,-0.09799,0.03256,0.00847,0.00288,-0.04293,-0.00826,1.66579,-0.02226,0.00142,0.04553,0.04132,0.01032,0.03569,-0.42687,0.90083,1,0.01235,0.00404,-0.04851,0.40295,-0.06680,0.03682,0.02507,1
5.2310,-0.09799,0.03256,0.00838,0.00287,-0.04197,-0.00977,1.66579,-0.02212,0.00142,0.04467,0.04114,0.00923,0.03729,-0.42680,0.90091,1,0.01235,0.00404,-0.04851,0.40295,-0.06680,0.03682,0.02507,1
5.2330,-0.09799,0.03256,0.00830,0.00285,-0.04113,-0.01127,1.66579,-0.02198,0.00141,0.04384,0.04094,0.00827,0.03889,-0.42685,0.90099,1,0.01235,0.00404,-0.04851,0.40295,-0.06680,0.03682,0.02507,1
5.2350,-0.09799,0.03256,0.00822,0.00282,-0.04040,-0.01278,1.66579,-0.02183,0.00140,0.04302,0.04070,0.00744,0.04049,-0.42680,0.90104,1,0.01235,0.00404,-0.04851,0.40295,-0.06680,0.03682,0.02507,1
5.2370,-0.09799,0.03256,0.00814,0.00279,-0.03979,-0.01428,1.66579,-0.02169,0.00139,0.04221,0.04044,0.00673,0.04196,-0.42678,0.90111,1,0.01235,0.00404,-0.04851,0.40295,-0.06680,0.03682,0.02507,1
5.2390,-0.09799,0.03256,0.00806,0.00276,-0.03930,-0.01567,1.66579,-0.02155,0.00138,0.04142,0.04014,0.00616,0.04330,-0.42676,0.90117,1,0.01235,0.00404,-0.04851,0.40295,-0.06680,0.03682,0.02507,1
5.2410,-0.09799,0.03256,0.00798,0.00273,-0.03891,-0.01694,1.66579,-0.02141,0.00137,0.04063,0.03982,0.00571,0.04452,-0.42675,0.90126,1,0.01235,0.00404,-0.04851,0.40295,-0.06680,0.03682,0.02507,1
5.2431,-0.09799,0.03256,0.00790,0.00270,-0.03865,-0.01809,1.66579,-0.02126,0.00136,0.03985,0.03948,0.00539,0.04561,-0.42665,0.90143,1,0.01235,0.00404,-0.04851,0.40295,-0.06680,0.03682,0.02507,1
5.2450,-0.09799,0.03256,0.00783,0.00266,-0.03850,-0.01913,1.66579,-0.02112,0.00135,0.03907,0.03912,0.00520,0.04657,-0.42665,0.90147,1,0.01235,0.00404,-0.04851,0.40295,-0.06680,0.03682,0.02507,1
5.2470,-0.09799,0.03256,0.00775,0.00262,-0.03846,-0.02005,1.66579,-0.02098,0.00134,0.03830,0.03873,0.00513,0.04740,-0.42664,0.90154,1,0.01235,0.00404,-0.04851,0.40295,-0.06680,0.03682,0.02507,1
5.2491,-0.09799,0.03256,0.00767,0.00258,-0.03854,-0.02085,1.66579,-0.02084,0.00133,0.03753,0.03833,0.00520,0.04810,-0.42660,0.90165,1,0.01235,0.00404,-0.04851,0.40295,-0.06680,0.03682,0.02507,1
5.2511,-0.09799,0.03256,0.00760,0.00254,-0.03873,-0.02153,1.66579,-0.02069,0.00132,0.03675,0.03791,0.00539,0.04868,-0.42662,0.90174,1,0.01235,0.00404,-0.04851,0.40295,-0.06680,0.03682,0.02507,1
5.2531,-0.09799,0.03256,0.00752,0.00249,-0.03904,-0.02210,1.66579,-0.02055,0.00131,0.03597,0.03749,0.00571,0.04913,-0.42653,0.90187,1,0.01235,0.00404,-0.04851,0.40295,-0.06680,0.03682,0.02507,1
5.2551,-0.09799,0.03256,0.00744,0.00245,-0.03946,-0.02255,1.66579,-0.02041,0.00131,0.03518,0.03705,0.00616,0.04945,-0.42651,0.90199,1,0.01235,0.00404,-0.04851,0.40295,-0.06680,0.03682,0.02507,1
5.2571,-0.09799,0.03256,0.00736,0.00240,-0.04000,-0.02289,1.66579,-0.02027,0.00130,0.03438,0.03660,0.00673,0.04964,-0.42652,0.90205,1,0.01235,0.00404,-0.04851,0.40295,-0.06680,0.03682,0.02507,1
5.2591,-0.09799,0.03256,0.00728,0.00236,-0.04065,-0.02310,1.66579,-0.02012,0.00129,0.03357,0.03615,0.00744,0.04970,-0.42644,0.90217,1,0.01235,0.00404,-0.04851,0.40295,-0.06680,0.03682,0.02507,1
5.2611,-0.09799,0.03256,0.00720,0.00231,-0.04142,-0.02320,1.66579,-0.01998,0.00128,0.03275,0.03569,0.00827,0.04964,-0.42643,0.90225,1,0.01235,0.00404,-0.04851,0.40295,-0.06680,0.03682,0.02507,1
5.2631,-0.09799,0.03256,0.00711,0.00226,-0.04231,-0.02318,1.66579,-0.01984,0.00127,0.03191,0.03524,0.00923,0.04945,-0.42640,0.90238,1,0.01235,0.00404,-0.04851,0.40295,-0.06680,0.03682,0.02507,1
5.2651,-0.09799,0.03256,0.00703,0.00222,-0.04330,-0.02305,1.66579,-0.01970,0.00126,0.03105,0.03479,0.01032,0.04913,-0.42639,0.90245,1,0.01235,0.00404,-0.04851,0.40295,-0.06680,0.03682,0.02507,1
5.2671,-0.09799,0.03256,0.00694,0.00217,-0.04442,-0.02280,1.66579,-0.01955,0.00125,0.03017,0.03434,0.01128,0.04868,-0.42637,0.90253,1,0.01235,0.00404,-0.04851,0.40295,-0.06680,0.03682,0.02507,1
5.2691,-0.09799,0.03256,0.00685,0.00213,-0.04541,-0.02243,1.66579,-0.01941,0.00124,0.02927,0.03389,0.01211,0.04810,-0.42633,0.90267,1,0.01235,0.00404,-0.04851,0.40295,-0.06680,0.03682,0.02507,1
5.2711,-0.09799,0.03256,0.00676,0.00208,-0.04629,-0.02194,1.66579,-0.01927,0.00123,0.02835,0.03346,0.01281,0.04740,-0.42623,0.90276,1,0.01235,0.00404,-0.04851,0.40295,-0.06680,0.03682,0.02507,1
5.2731,-0.09799,0.03256,0.00667,0.00204,-0.04704,-0.02134,1.66579,-0.01913,0.00122,0.02742,0.03303,0.01339,0.04657,-0.42625,0.90278,1,0.01235,0.00404,-0.04851,0.40295,-0.06680,0.03682,0.02507,1
5.2751,-0.09799,0.03256,0.00657,0.00200,-0.04769,-0.02062,1.66579,-0.01898,0.00121,0.02647,0.03262,0.01384,0.04561,-0.42617,0.90288,1,0.01235,0.00404,-0.04851,0.40295,-0.06680,0.03682,0.02507,1
5.2771,-0.09799,0.03256,0.00647,0.00196,-0.04821,-0.01978,1.66579,-0.01884,0.00121,0.02551,0.03222,0.01416,0.04452,-0.42611,0.90301,1,0.01235,0.00404,-0.04851,0.40295,-0.06680,0.03682,0.02507,1
5.2791,-0.09799,0.03256,0.00638,0.00192,-0.04861,-0.01882,1.66579,-0.01870,0.00120,0.02454,0.03184,0.01435,0.04330,-0.42607,0.90313,1,0.01235,0.00404,-0.04851,0.40295,-0.06680,0.03682,0.02507,1
5.2811,-0.09799,0.03256,0.00628,0.00188,-0.04890,-0.01775,1.66579,-0.01856,0.00119,0.02357,0.03148,0.01441,0.04196,-0.42607,0.90318,1,0.01235,0.00404,-0.04851,0.40295,-0.06680,0.03682,0.02507,1
5.2831,-0.09799,0.03256,0.00618,0.00185,-0.04907,-0.01656,1.66579,-0.01841,0.00118,0.02259,0.03115,0.01435,0.04049,-0.42599,0.90331,1,0.01235,0.00404,-0.04851,0.40295,-0.06680,0.03682,0.02507,1
5.2851,-0.09799,0.03256,0.00608,0.00182,-0.04912,-0.01526,1.66579,-0.01827,0.00117,0.02161,0.03084,0.01416,0.03889,-0.42603,0.90333,1,0.01235,0.00404,-0.04851,0.40295,-0.06680,0.03682,0.02507,1
5.2871,-0.09799,0.03256,0.00599,0.00179,-0.04905,-0.01383,1.66579,-0.01813,0.00116,0.02063,0.03055,0.01384,0.03729,-0.42603,0.90344,1,0.01235,0.00404,-0.04851,0.40295,-0.06680,0.03682,0.02507,1
5.2891,-0.09799,0.03256,0.00589,0.00176,-0.04886,-0.01241,1.66579,-0.01799,0.00115,0.01965,0.03029,0.01339,0.03569,-0.42603,0.90349,1,0.01235,0.00404,-0.04851,0.40295,-0.06680,0.03682,0.02507,1
5.2911,-0.09799,0.03256,0.00579,0.00174,-0.04856,-0.01099,1.66579,-0.01785,0.00114,0.01868,0.03006,0.01281,0.03409,-0.42604,0.90352,1,0.01235,0.00404,-0.04851,0.40295,-0.06680,0.03682,0.02507,1
5.2931,-0.09799,0.03256,0.00569,0.00172,-0.04813,-0.00956,1.66579,-0.01770,0.00113,0.01771,0.02986,0.01211,0.03249,-0.42600,0.90362,1,0.01235,0.00404,-0.04851,0.40295,-0.06680,0.03682,0.02507,1
5.2951,-0.09256,0.02899,0.00821,0.00265,-0.03940,-0.00664,1.66645,-0.01756,0.00112,0.04460,0.03763,0.01153,0.03102,-0.42596,0.90366,1,0.01232,0.00434,-0.05477,0.40568,-0.05976,0.03538,0.03658,1
5.2971,-0.09256,0.02899,0.00813,0.00264,-0.03902,-0.00535,1.66645,-0.01741,0.00111,0.04381,0.03751,0.01108,0.02967,-0.42597,0.90372,1,0.01232,0.00434,-0.05477,0.40568,-0.05976,0.03538,0.03658,1
5.2991,-0.09256,0.02899,0.00805,0.00263,-0.03876,-0.00418,1.66645,-0.01727,0.00111,0.04303,0.03742,0.01076,0.02846,-0.42595,0.90378,1,0.01232,0.00434,-0.05477,0.40568,-0.05976,0.03538,0.03658,1
5.3011,-0.09256,0.02899,0.00797,0.00262,-0.03861,-0.00312,1.66645,-0.01713,0.00110,0.04226,0.03735,0.01057,0.02737,-0.42597,0.90382,1,0.01232,0.00434,-0.05477,0.40568,-0.05976,0.03538,0.03658,1
5.3031,-0.09256,0.02899,0.00790,0.00262,-0.03857,-0.00217,1.66645,-0.01699,0.00109,0.04148,0.03730,0.01051,0.02641,-0.42599,0.90388,1,0.01232,0.00434,-0.05477,0.40568,-0.05976,0.03538,0.03658,1
5.3051,-0.09256,0.02899,0.00782,0.00261,-0.03865,-0.00135,1.66645,-0.01685,0.00108,0.04071,0.03726,0.01057,0.02558,-0.42596,0.90393,1,0.01232,0.00434,-0.05477,0.40568,-0.05976,0.03538,0.03658,1
5.3071,-0.09256,0.02899,0.00774,0.00261,-0.03885,-0.00064,1.66645,-0.01670,0.00107,0.03993,0.03724,0.01076,0.02487,-0.42596,0.90396,1,0.01232,0.00434,-0.05477,0.40568,-0.05976,0.03538,0.03658,1
5.3091,-0.09256,0.02899,0.00766,0.00261,-0.03916,-0.00004,1.66645,-0.01656,0.00106,0.03915,0.03724,0.01108,0.02430,-0.42596,0.90404,1,0.01232,0.00434,-0.05477,0.40568,-0.05976,0.03538,0.03658,1
5.3111,-0.09256,0.02899,0.00758,0.00261,-0.03959,0.00043,1.66645,-0.01642,0.00105,0.03836,0.03724,0.01153,0.02385,-0.42592,0.90409,1,0.01232,0.00434,-0.05477,0.40568,-0.05976,0.03538,0.03658,1
5.3131,-0.09256,0.02899,0.00750,0.00261,-0.04013,0.00079,1.66645,-0.01628,0.00104,0.03757,0.03725,0.01211,0.02353,-0.42587,0.90412,1,0.01232,0.00434,-0.05477,0.40568,-0.05976,0.03538,0.03658,1
5.3151,-0.09256,0.02899,0.00742,0.00261,-0.04078,0.00104,1.66645,-0.01613,0.00103,0.03676,0.03727,0.01281,0.02334,-0.42584,0.90420,1,0.01232,0.00434,-0.05477,0.40568,-0.05976,0.03538,0.03658,1
5.3172,-0.09256,0.02899,0.00734,0.00262,-0.04155,0.00116,1.66645,-0.01599,0.00102,0.03594,0.03730,0.01364,0.02327,-0.42581,0.90424,1,0.01232,0.00434,-0.05477,0.40568,-0.05976,0.03538,0.03658,1
5.3192,-0.09256,0.02899,0.00726,0.00262,-0.04244,0.00118,1.66645,-0.01585,0.00101,0.03510,0.03732,0.01460,0.02334,-0.42583,0.90426,1,0.01232,0.00434,-0.05477,0.40568,-0.05976,0.03538,0.03658,1
5.3212,-0.09256,0.02899,0.00717,0.00262,-0.04344,0.00107,1.66645,-0.01571,0.00100,0.03424,0.03734,0.01569,0.02353,-0.42575,0.90435,1,0.01232,0.00434,-0.05477,0.40568,-0.05976,0.03538,0.03658,1
5.3232,-0.09256,0.02899,0.00708,0.00262,-0.04455,0.00085,1.66645,-0.01556,0.00100,0.03336,0.03736,0.01691,0.02385,-0.42572,0.90439,1,0.01232,0.00434,-0.05477,0.40568,-0.05976,0.03538,0.03658,1
5.3252,-0.09256,0.02899,0.00699,0.00262,-0.04578,0.00051,1.66645,-0.01542,0.00099,0.03246,0.03738,0.01800,0.02430,-0.42560,0.90449,1,0.01232,0.00434,-0.05477,0.40568,-0.05976,0.03538,0.03658,1
5.3272,-0.09256,0.02899,0.00690,0.00263,-0.04690,0.00006,1.66645,-0.01528,0.00098,0.03153,0.03738,0.01896,0.02487,-0.42562,0.90456,1,0.01232,0.00434,-0.05477,0.40568,-0.05976,0.03538,0.03658,1
5.3292,-0.09256,0.02899,0.00681,0.00262,-0.04789,-0.00051,1.66645,-0.01514,0.00097,0.03059,0.03738,0.01979,0.02558,-0.42560,0.90457,1,0.01232,0.00434,-0.05477,0.40568,-0.05976,0.03538,0.03658,1
5.3312,-0.09256,0.02899,0.00671,0.00262,-0.04876,-0.00120,1.66645,-0.01499,0.00096,0.02963,0.03736,0.02049,0.02641,-0.42552,0.90464,1,0.01232,0.00434,-0.05477,0.40568,-0.05976,0.03538,0.03658,1
5.3332,-0.09256,0.02899,0.00661,0.00262,-0.04952,-0.00200,1.66645,-0.01485,0.00095,0.02865,0.03733,0.02107,0.02737,-0.42549,0.90464,1,0.01232,0.00434,-0.05477,0.40568,-0.05976,0.03538,0.03658,1
5.3352,-0.09256,0.02899,0.00651,0.00261,-0.05016,-0.00292,1.66645,-0.01471,0.00094,0.02765,0.03728,0.02152,0.02846,-0.42544,0.90472,1,0.01232,0.00434,-0.05477,0.40568,-0.05976,0.03538,0.03658,1
5.3372,-0.09256,0.02899,0.00641,0.00261,-0.05068,-0.00396,1.66645,-0.01457,0.00093,0.02665,0.03722,0.02184,0.02967,-0.42543,0.90477,1,0.01232,0.00434,-0.05477,0.40568,-0.05976,0.03538,0.03658,1
5.3392,-0.09256,0.02899,0.00631,0.00260,-0.05109,-0.00511,1.66645,-0.01442,0.00092,0.02564,0.03713,0.02203,0.03102,-0.42542,0.90483,1,0.01232,0.00434,-0.05477,0.40568,-0.05976,0.03538,0.03658,1
5.3412,-0.09256,0.02899,0.00621,0.00259,-0.05137,-0.00638,1.66645,-0.01428,0.00091,0.02462,0.03702,0.02209,0.03249,-0.42539,0.90484,1,0.01232,0.00434,-0.05477,0.40568,-0.05976,0.03538,0.03658,1
5.3432,-0.09256,0.02899,0.00610,0.00257,-0.05154,-0.00776,1.66645,-0.01414,0.00090,0.02359,0.03688,0.02203,0.03409,-0.42532,0.90494,1,0.01232,0.00434,-0.05477,0.40568,-0.05976,0.03538,0.03658,1
5.3452,-0.09256,0.02899,0.00600,0.00256,-0.05159,-0.00926,1.66645,-0.01400,0.00090,0.02257,0.03671,0.02184,0.03569,-0.42527,0.90501,1,0.01232,0.00434,-0.05477,0.40568,-0.05976,0.03538,0.03658,1
5.3472,-0.09256,0.02899,0.00590,0.00254,-0.05152,-0.01076,1.66645,-0.01385,0.00089,0.02154,0.03652,0.02152,0.03729,-0.42526,0.90507,1,0.01232,0.00434,-0.05477,0.40568,-0.05976,0.03538,0.03658,1
5.3492,-0.09256,0.02899,0.00579,0.00251,-0.05133,-0.01226,1.66645,-0.01371,0.00088,0.02052,0.03629,0.02107,0.03876,-0.42523,0.90512,1,0.01232,0.00434,-0.05477,0.40568,-0.05976,0.03538,0.03658,1
5.3512,-0.09256,0.02899,0.00569,0.00249,-0.05102,-0.01364,1.66645,-0.01357,0.00087,0.01950,0.03604,0.02049,0.04010,-0.42527,0.90517,1,0.01232,0.00434,-0.05477,0.40568,-0.05976,0.03538,0.03658,1
5.3532,-0.09256,0.02899,0.00559,0.00246,-0.05060,-0.01491,1.66645,-0.01343,0.00086,0.01849,0.03576,0.01979,0.04132,-0.42527,0.90523,1,0.01232,0.00434,-0.05477,0.40568,-0.05976,0.03538,0.03658,1
5.3552,-0.09256,0.02899,0.00549,0.00243,-0.05005,-0.01606,1.66645,-0.01328,0.00085,0.01749,0.03545,0.01896,0.04241,-0.42518,0.90534,1,0.01232,0.00434,-0.05477,0.40568,-0.05976,0.03538,0.03658,1
5.3572,-0.09256,0.02899,0.00539,0.00239,-0.04939,-0.01709,1.66645,-0.01314,0.00084,0.01650,0.03513,0.01800,0.04337,-0.42518,0.90541,1,0.01232,0.00434,-0.05477,0.40568,-0.05976,0.03538,0.03658,1
5.3592,-0.09256,0.02899,0.00529,0.00236,-0.04861,-0.01800,1.66645,-0.01300,0.00083,0.01553,0.03478,0.01691,0.04420,-0.42511,0.90551,1,0.01232,0.00434,-0.05477,0.40568,-0.05976,0.03538,0.03658,1
5.3612,-0.09256,0.02899,0.00520,0.00232,-0.04772,-0.01880,1.66645,-0.01286,0.00082,0.01457,0.03442,0.01569,0.04490,-0.42513,0.90559,1,0.01232,0.00434,-0.05477,0.40568,-0.05976,0.03538,0.03658,1
5.3632,-0.08873,0.02516,0.00810,0.00219,-0.03823,-0.01937,1.68153,-0.01271,0.00081,0.04465,0.03155,0.01460,0.04548,-0.42509,0.90566,1,0.01274,0.00237,-0.06256,0.40868,-0.05064,0.03376,0.02127,1
5.3652,-0.08873,0.02516,0.00802,0.00215,-0.03738,-0.01993,1.68153,-0.01257,0.00080,0.04390,0.03116,0.01364,0.04593,-0.42507,0.90576,1,0.01274,0.00237,-0.06256,0.40868,-0.05064,0.03376,0.02127,1
5.3672,-0.08873,0.02516,0.00795,0.00211,-0.03665,-0.02038,1.68153,-0.01243,0.00080,0.04316,0.03076,0.01281,0.04625,-0.42504,0.90584,1,0.01274,0.00237,-0.06256,0.40868,-0.05064,0.03376,0.02127,1
5.3692,-0.08873,0.02516,0.00788,0.00207,-0.03603,-0.02070,1.68153,-0.01229,0.00079,0.04244,0.03036,0.01211,0.04644,-0.42503,0.90593,1,0.01274,0.00237,-0.06256,0.40868,-0.05064,0.03376,0.02127,1
5.3712,-0.08873,0.02516,0.00780,0.00202,-0.03553,-0.02091,1.68153,-0.01214,0.00078,0.04172,0.02995,0.01153,0.04650,-0.42500,0.90604,1,0.01274,0.00237,-0.06256,0.40868,-0.05064,0.03376,0.02127,1
5.3732,-0.08873,0.02516,0.00773,0.00198,-0.03515,-0.02101,1.68153,-0.01200,0.00077,0.04102,0.02954,0.01108,0.04644,-0.42496,0.90611,1,0.01274,0.00237,-0.06256,0.40868,-0.05064,0.03376,0.02127,1
5.3752,-0.08873,0.02516,0.00766,0.00194,-0.03488,-0.02098,1.68153,-0.01186,0.00076,0.04032,0.02913,0.01076,0.04625,-0.42492,0.90623,1,0.01274,0.00237,-0.06256,0.40868,-0.05064,0.03376,0.02127,1
5.3772,-0.08873,0.02516,0.00759,0.00190,-0.03472,-0.02084,1.68153,-0.01172,0.00075,0.03962,0.02872,0.01057,0.04593,-0.42489,0.90630,1,0.01274,0.00237,-0.06256,0.40868,-0.05064,0.03376,0.02127,1
5.3792,-0.08873,0.02516,0.00753,0.00186,-0.03468,-0.02058,1.68153,-0.01157,0.00074,0.03893,0.02831,0.01051,0.04548,-0.42484,0.90638,1,0.01274,0.00237,-0.06256,0.40868,-0.05064,0.03376,0.02127,1
5.3812,-0.08873,0.02516,0.00746,0.00182,-0.03475,-0.02021,1.68153,-0.01143,0.00073,0.03824,0.02791,0.01057,0.04490,-0.42482,0.90649,1,0.01274,0.00237,-0.06256,0.40868,-0.05064,0.03376,0.02127,1
5.3832,-0.08873,0.02516,0.00739,0.00178,-0.03494,-0.01972,1.68153,-0.01129,0.00072,0.03754,0.02752,0.01076,0.04420,-0.42478,0.90660,1,0.01274,0.00237,-0.06256,0.40868,-0.05064,0.03376,0.02127,1
5.3852,-0.08873,0.02516,0.00732,0.00174,-0.03525,-0.01911,1.68153,-0.01115,0.00071,0.03684,0.02713,0.01108,0.04337,-0.42475,0.90671,1,0.01274,0.00237,-0.06256,0.40868,-0.05064,0.03376,0.02127,1
5.3872,-0.08873,0.02516,0.00724,0.00170,-0.03567,-0.01838,1.68153,-0.01100,0.00070,0.03614,0.02677,0.01153,0.04241,-0.42467,0.90676,1,0.01274,0.00237,-0.06256,0.40868,-0.05064,0.03376,0.02127,1
5.3892,-0.08873,0.02516,0.00717,0.00166,-0.03620,-0.01754,1.68153,-0.01086,0.00070,0.03542,0.02641,0.01211,0.04132,-0.42465,0.90684,1,0.01274,0.00237,-0.06256,0.40868,-0.05064,0.03376,0.02127,1
5.3912,-0.08873,0.02516,0.00710,0.00163,-0.03685,-0.01658,1.68153,-0.01072,0.00069,0.03469,0.02608,0.01281,0.04010,-0.42464,0.90695,1,0.01274,0.00237,-0.06256,0.40868,-0.05064,0.03376,0.02127,1
5.3932,-0.08873,0.02516,0.00703,0.00160,-0.03762,-0.01550,1.68153,-0.01058,0.00068,0.03395,0.02576,0.01364,0.03876,-0.42456,0.90703,1,0.01274,0.00237,-0.06256,0.40868,-0.05064,0.03376,0.02127,1
5.3952,-0.08873,0.02516,0.00695,0.00157,-0.03850,-0.01431,1.68153,-0.01044,0.00067,0.03320,0.02547,0.01460,0.03729,-0.42449,0.90712,1,0.01274,0.00237,-0.06256,0.40868,-0.05064,0.03376,0.02127,1
5.3972,-0.08873,0.02516,0.00687,0.00154,-0.03949,-0.01300,1.68153,-0.01029,0.00066,0.03242,0.02520,0.01569,0.03569,-0.42448,0.90719,1,0.01274,0.00237,-0.06256,0.40868,-0.05064,0.03376,0.02127,1
5.3992,-0.08873,0.02516,0.00679,0.00152,-0.04060,-0.01157,1.68153,-0.01015,0.00065,0.03162,0.02496,0.01691,0.03409,-0.42437,0.90730,1,0.01274,0.00237,-0.06256,0.40868,-0.05064,0.03376,0.02127,1
5.4013,-0.08873,0.02516,0.00671,0.00149,-0.04183,-0.01014,1.68153,-0.01001,0.00064,0.03080,0.02475,0.01825,0.03249,-0.42434,0.90738,1,0.01274,0.00237,-0.06256,0.40868,-0.05064,0.03376,0.02127,1
5.4032,-0.08873,0.02516,0.00662,0.00148,-0.04317,-0.00871,1.68153,-0.00986,0.00063,0.02996,0.02456,0.01972,0.03089,-0.42433,0.90747,1,0.01274,0.00237,-0.06256,0.40868,-0.05064,0.03376,0.02127,1
5.4053,-0.08873,0.02516,0.00654,0.00146,-0.04462,-0.00728,1.68153,-0.00972,0.00062,0.02909,0.02441,0.02107,0.02929,-0.42416,0.90754,1,0.01274,0.00237,-0.06256,0.40868,-0.05064,0.03376,0.02127,1
5.4073,-0.08873,0.02516,0.00645,0.00145,-0.04596,-0.00585,1.68153,-0.00958,0.00061,0.02819,0.02428,0.02228,0.02769,-0.42416,0.90761,1,0.01274,0.00237,-0.06256,0.40868,-0.05064,0.03376,0.02127,1
5.4093,-0.08873,0.02516,0.00635,0.00144,-0.04718,-0.00443,1.68153,-0.00944,0.00060,0.02726,0.02418,0.02337,0.02609,-0.42410,0.90772,1,0.01274,0.00237,-0.06256,0.40868,-0.05064,0.03376,0.02127,1
5.4113,-0.08873,0.02516,0.00626,0.00143,-0.04828,-0.00300,1.68153,-0.00929,0.00059,0.02632,0.02410,0.02433,0.02462,-0.42404,0.90778,1,0.01274,0.00237,-0.06256,0.40868,-0.05064,0.03376,0.02127,1
5.4133,-0.08873,0.02516,0.00616,0.00142,-0.04926,-0.00168,1.68153,-0.00915,0.00059,0.02535,0.02406,0.02516,0.02327,-0.42395,0.90786,1,0.01274,0.00237,-0.06256,0.40868,-0.05064,0.03376,0.02127,1
5.4153,-0.08873,0.02516,0.00606,0.00142,-0.05012,-0.00049,1.68153,-0.00901,0.00058,0.02437,0.02404,0.02587,0.02206,-0.42397,0.90790,1,0.01274,0.00237,-0.06256,0.40868,-0.05064,0.03376,0.02127,1
5.4173,-0.08873,0.02516,0.00596,0.00142,-0.05087,0.00059,1.68153,-0.00886,0.00057,0.02336,0.02404,0.02644,0.02097,-0.42392,0.90791,1,0.01274,0.00237,-0.06256,0.40868,-0.05064,0.03376,0.02127,1
5.4193,-0.08873,0.02516,0.00586,0.00142,-0.05150,0.00156,1.68153,-0.00872,0.00056,0.02235,0.02406,0.02689,0.02001,-0.42388,0.90795,1,0.01274,0.00237,-0.06256,0.40868,-0.05064,0.03376,0.02127,1
5.4213,-0.08873,0.02516,0.00575,0.00143,-0.05201,0.00240,1.68153,-0.00858,0.00055,0.02133,0.02410,0.02721,0.01918,-0.42386,0.90800,1,0.01274,0.00237,-0.06256,0.40868,-0.05064,0.03376,0.02127,1
5.4233,-0.08873,0.02516,0.00565,0.00143,-0.05240,0.00313,1.68153,-0.00844,0.00054,0.02029,0.02416,0.02740,0.01847,-0.42378,0.90809,1,0.01274,0.00237,-0.06256,0.40868,-0.05064,0.03376,0.02127,1
5.4253,-0.08790,0.02689,0.00808,0.00092,-0.04389,0.00202,1.66270,-0.00829,0.00053,0.04451,0.01984,0.02772,0.01790,-0.42376,0.90811,1,0.01204,0.00081,-0.06443,0.40719,-0.04921,0.03566,0.03124,1
5.4273,-0.08790,0.02689,0.00799,0.00093,-0.04432,0.00253,1.66270,-0.00815,0.00052,0.04363,0.01989,0.02817,0.01745,-0.42373,0.90814,1,0.01204,0.00081,-0.06443,0.40719,-0.04921,0.03566,0.03124,1
5.4293,-0.08790,0.02689,0.00790,0.00093,-0.04487,0.00292,1.66270,-0.00801,0.00051,0.04275,0.01994,0.02875,0.01713,-0.42367,0.90814,1,0.01204,0.00081,-0.06443,0.40719,-0.04921,0.03566,0.03124,1
5.4313,-0.08790,0.02689,0.00781,0.00094,-0.04553,0.00319,1.66270,-0.00787,0.00050,0.04185,0.02000,0.02945,0.01694,-0.42371,0.90815,1,0.01204,0.00081,-0.06443,0.40719,-0.04921,0.03566,0.03124,1
5.4333,-0.08790,0.02689,0.00772,0.00095,-0.04631,0.00335,1.66270,-0.00772,0.00049,0.04094,0.02007,0.03028,0.01687,-0.42364,0.90820,1,0.01204,0.00081,-0.06443,0.40719,-0.04921,0.03566,0.03124,1
5.4353,-0.08790,0.02689,0.00762,0.00095,-0.04720,0.00339,1.66270,-0.00758,0.00049,0.04002,0.02014,0.03124,0.01694,-0.42360,0.90826,1,0.01204,0.00081,-0.06443,0.40719,-0.04921,0.03566,0.03124,1
5.4373,-0.08790,0.02689,0.00753,0.00096,-0.04821,0.00332,1.66270,-0.00744,0.00048,0.03907,0.02020,0.03208,0.01713,-0.42351,0.90829,1,0.01204,0.00081,-0.06443,0.40719,-0.04921,0.03566,0.03124,1
5.4393,-0.08790,0.02689,0.00743,0.00097,-0.04909,0.00313,1.66270,-0.00730,0.00047,0.03811,0.02027,0.03278,0.01745,-0.42352,0.90828,1,0.01204,0.00081,-0.06443,0.40719,-0.04921,0.03566,0.03124,1
5.4413,-0.08790,0.02689,0.00733,0.00097,-0.04986,0.00282,1.66270,-0.00715,0.00046,0.03713,0.02032,0.03336,0.01790,-0.42341,0.90837,1,0.01204,0.00081,-0.06443,0.40719,-0.04921,0.03566,0.03124,1
5.4434,-0.08790,0.02689,0.00723,0.00098,-0.05052,0.00239,1.66270,-0.00701,0.00045,0.03614,0.02038,0.03380,0.01847,-0.42339,0.90840,1,0.01204,0.00081,-0.06443,0.40719,-0.04921,0.03566,0.03124,1
5.4454,-0.08790,0.02689,0.00713,0.00098,-0.05105,0.00185,1.66270,-0.00687,0.00044,0.03513,0.02042,0.03412,0.01918,-0.42334,0.90844,1,0.01204,0.00081,-0.06443,0.40719,-0.04921,0.03566,0.03124,1
5.4474,-0.08790,0.02689,0.00703,0.00099,-0.05147,0.00119,1.66270,-0.00673,0.00043,0.03412,0.02045,0.03432,0.02001,-0.42327,0.90848,1,0.01204,0.00081,-0.06443,0.40719,-0.04921,0.03566,0.03124,1
5.4494,-0.08790,0.02689,0.00692,0.00099,-0.05176,0.00042,1.66270,-0.00658,0.00042,0.03310,0.02046,0.03438,0.02089,-0.42324,0.90851,1,0.01204,0.00081,-0.06443,0.40719,-0.04921,0.03566,0.03124,1
5.4514,-0.08790,0.02689,0.00682,0.00099,-0.05194,-0.00040,1.66270,-0.00644,0.00041,0.03207,0.02047,0.03432,0.02164,-0.42308,0.90854,1,0.01204,0.00081,-0.06443,0.40719,-0.04921,0.03566,0.03124,1
5.4534,-0.08790,0.02689,0.00672,0.00099,-0.05200,-0.00110,1.66270,-0.00630,0.00040,0.03104,0.02045,0.03412,0.02226,-0.42303,0.90860,1,0.01204,0.00081,-0.06443,0.40719,-0.04921,0.03566,0.03124,1
5.4554,-0.08790,0.02689,0.00661,0.00098,-0.05195,-0.00168,1.66270,-0.00616,0.00039,0.03001,0.02042,0.03380,0.02275,-0.42296,0.90866,1,0.01204,0.00081,-0.06443,0.40719,-0.04921,0.03566,0.03124,1
5.4574,-0.08790,0.02689,0.00651,0.00098,-0.05177,-0.00215,1.66270,-0.00601,0.00038,0.02899,0.02039,0.03336,0.02312,-0.42295,0.90866,1,0.01204,0.00081,-0.06443,0.40719,-0.04921,0.03566,0.03124,1
5.4594,-0.08790,0.02689,0.00641,0.00097,-0.05148,-0.00250,1.66270,-0.00587,0.00038,0.02797,0.02034,0.03278,0.02336,-0.42286,0.90872,1,0.01204,0.00081,-0.06443,0.40719,-0.04921,0.03566,0.03124,1
5.4614,-0.08790,0.02689,0.00630,0.00097,-0.05107,-0.00273,1.66270,-0.00573,0.00037,0.02695,0.02029,0.03208,0.02347,-0.42283,0.90877,1,0.01204,0.00081,-0.06443,0.40719,-0.04921,0.03566,0.03124,1
5.4634,-0.08790,0.02689,0.00620,0.00096,-0.05054,-0.00285,1.66270,-0.00559,0.00036,0.02595,0.02024,0.03124,0.02345,-0.42276,0.90881,1,0.01204,0.00081,-0.06443,0.40719,-0.04921,0.03566,0.03124,1
5.4654,-0.08790,0.02689,0.00610,0.00096,-0.04989,-0.00285,1.66270,-0.00544,0.00035,0.02496,0.02018,0.03028,0.02331,-0.42274,0.90885,1,0.01204,0.00081,-0.06443,0.40719,-0.04921,0.03566,0.03124,1
5.4674,-0.08790,0.02689,0.00600,0.00095,-0.04912,-0.00274,1.66270,-0.00530,0.00034,0.02398,0.02012,0.02920,0.02303,-0.42268,0.90889,1,0.01204,0.00081,-0.06443,0.40719,-0.04921,0.03566,0.03124,1
5.4694,-0.08790,0.02689,0.00590,0.00095,-0.04824,-0.00250,1.66270,-0.00516,0.00033,0.02302,0.02007,0.02798,0.02263,-0.42266,0.90893,1,0.01204,0.00081,-0.06443,0.40719,-0.04921,0.03566,0.03124,1
5.4714,-0.08790,0.02689,0.00581,0.00094,-0.04724,-0.00216,1.66270,-0.00502,0.00032,0.02207,0.02003,0.02664,0.02210,-0.42268,0.90893,1,0.01204,0.00081,-0.06443,0.40719,-0.04921,0.03566,0.03124,1
5.4734,-0.08790,0.02689,0.00572,0.00094,-0.04612,-0.00169,1.66270,-0.00487,0.00031,0.02115,0.01999,0.02516,0.02145,-0.42263,0.90895,1,0.01204,0.00081,-0.06443,0.40719,-0.04921,0.03566,0.03124,1
5.4754,-0.08790,0.02689,0.00562,0.00094,-0.04488,-0.00111,1.66270,-0.00473,0.00030,0.02025,0.01996,0.02356,0.02066,-0.42259,0.90901,1,0.01204,0.00081,-0.06443,0.40719,-0.04921,0.03566,0.03124,1
5.4774,-0.08790,0.02689,0.00554,0.00093,-0.04352,-0.00041,1.66270,-0.00459,0.00029,0.01938,0.01995,0.02196,0.02000,-0.42258,0.90904,1,0.01204,0.00081,-0.06443,0.40719,-0.04921,0.03566,0.03124,1
5.4794,-0.08790,0.02689,0.00545,0.00093,-0.04216,0.00017,1.66270,-0.00445,0.00028,0.01853,0.01995,0.02036,0.01947,-0.42255,0.90905,1,0.01204,0.00081,-0.06443,0.40719,-0.04921,0.03566,0.03124,1
5.4814,-0.08790,0.02689,0.00537,0.00094,-0.04080,0.00063,1.66270,-0.00431,0.00028,0.01771,0.01995,0.01876,0.01907,-0.42252,0.90909,1,0.01204,0.00081,-0.06443,0.40719,-0.04921,0.03566,0.03124,1
5.4834,-0.08790,0.02689,0.00529,0.00094,-0.03944,0.00098,1.66270,-0.00416,0.00027,0.01692,0.01997,0.01716,0.01880,-0.42249,0.90911,1,0.01204,0.00081,-0.06443,0.40719,-0.04921,0.03566,0.03124,1
5.4854,-0.08790,0.02689,0.00521,0.00094,-0.03808,0.00121,1.66270,-0.00402,0.00026,0.01615,0.01999,0.01556,0.01865,-0.42246,0.90916,1,0.01204,0.00081,-0.06443,0.40719,-0.04921,0.03566,0.03124,1
5.4874,-0.08790,0.02689,0.00514,0.00094,-0.03672,0.00133,1.66270,-0.00388,0.00025,0.01541,0.02002,0.01396,0.01864,-0.42244,0.90917,1,0.01204,0.00081,-0.06443,0.40719,-0.04921,0.03566,0.03124,1
5.4894,-0.08790,0.02689,0.00506,0.00094,-0.03535,0.00133,1.66270,-0.00373,0.00024,0.01470,0.02004,0.01236,0.01875,-0.42236,0.90918,1,0.01204,0.00081,-0.06443,0.40719,-0.04921,0.03566,0.03124,1
5.4914,-0.08790,0.02689,0.00499,0.00095,-0.03399,0.00121,1.66270,-0.00359,0.00023,0.01402,0.02007,0.01076,0.01899,-0.42234,0.90924,1,0.01204,0.00081,-0.06443,0.40719,-0.04921,0.03566,0.03124,1
5.4934,-0.08790,0.02689,0.00493,0.00095,-0.03262,0.00098,1.66270,-0.00345,0.00022,0.01336,0.02009,0.00929,0.01935,-0.42229,0.90934,1,0.01204,0.00081,-0.06443,0.40719,-0.04921,0.03566,0.03124,1
5.4954,-0.08624,0.02886,0.00687,-0.00015,-0.02554,-0.00343,1.65955,-0.00331,0.00021,0.03317,0.01002,0.00795,0.01959,-0.42224,0.90936,1,0.01051,-0.00099,-0.06694,0.40504,-0.04683,0.03813,0.03520,1
5.4974,-0.08624,0.02886,0.00682,-0.00016,-0.02444,-0.00364,1.65955,-0.00316,0.00020,0.03268,0.00995,0.00673,0.01970,-0.42225,0.90939,1,0.01051,-0.00099,-0.06694,0.40504,-0.04683,0.03813,0.03520,1
5.4994,-0.08624,0.02886,0.00678,-0.00017,-0.02346,-0.00374,1.65955,-0.00302,0.00019,0.03220,0.00988,0.00564,0.01968,-0.42219,0.90943,1,0.01051,-0.00099,-0.06694,0.40504,-0.04683,0.03813,0.03520,1
5.5014,-0.08624,0.02886,0.00673,-0.00018,-0.02259,-0.00372,1.65955,-0.00288,0.00018,0.03175,0.00981,0.00468,0.01954,-0.42218,0.90946,1,0.01051,-0.00099,-0.06694,0.40504,-0.04683,0.03813,0.03520,1
5.5034,-0.08624,0.02886,0.00669,-0.00018,-0.02183,-0.00359,1.65955,-0.00274,0.00018,0.03131,0.00974,0.00385,0.01927,-0.42219,0.90950,1,0.01051,-0.00099,-0.06694,0.40504,-0.04683,0.03813,0.03520,1
5.5054,-0.08624,0.02886,0.00664,-0.00019,-0.02119,-0.00334,1.65955,-0.00259,0.00017,0.03088,0.00967,0.00315,0.01886,-0.42205,0.90958,1,0.01051,-0.00099,-0.06694,0.40504,-0.04683,0.03813,0.03520,1
5.5075,-0.08624,0.02886,0.00660,-0.00020,-0.02067,-0.00297,1.65955,-0.00245,0.00016,0.03047,0.00961,0.00257,0.01833,-0.42205,0.90962,1,0.01051,-0.00099,-0.06694,0.40504,-0.04683,0.03813,0.03520,1
5.5095,-0.08624,0.02886,0.00656,-0.00020,-0.02026,-0.00248,1.65955,-0.00231,0.00015,0.03007,0.00955,0.00212,0.01768,-0.42203,0.90969,1,0.01051,-0.00099,-0.06694,0.40504,-0.04683,0.03813,0.03520,1
5.5115,-0.08624,0.02886,0.00652,-0.00021,-0.01997,-0.00188,1.65955,-0.00216,0.00014,0.02967,0.00951,0.00180,0.01689,-0.42200,0.90969,1,0.01051,-0.00099,-0.06694,0.40504,-0.04683,0.03813,0.03520,1
5.5135,-0.08624,0.02886,0.00648,-0.00021,-0.01980,-0.00116,1.65955,-0.00202,0.00013,0.02927,0.00948,0.00161,0.01598,-0.42197,0.90972,1,0.01051,-0.00099,-0.06694,0.40504,-0.04683,0.03813,0.03520,1
5.5155,-0.08624,0.02886,0.00644,-0.00021,-0.01974,-0.00033,1.65955,-0.00188,0.00012,0.02888,0.00946,0.00155,0.01494,-0.42194,0.90979,1,0.01051,-0.00099,-0.06694,0.40504,-0.04683,0.03813,0.03520,1
5.5175,-0.08624,0.02886,0.00640,-0.00021,-0.01979,0.00062,1.65955,-0.00174,0.00011,0.02849,0.00947,0.00161,0.01377,-0.42196,0.90978,1,0.01051,-0.00099,-0.06694,0.40504,-0.04683,0.03813,0.03520,1
5.5195,-0.08624,0.02886,0.00636,-0.00021,-0.01997,0.00169,1.65955,-0.00159,0.00010,0.02810,0.00949,0.00180,0.01247,-0.42197,0.90977,1,0.01051,-0.00099,-0.06694,0.40504,-0.04683,0.03813,0.03520,1
5.5215,-0.08624,0.02886,0.00632,-0.00020,-0.02025,0.00287,1.65955,-0.00145,0.00009,0.02770,0.00954,0.00212,0.01104,-0.42192,0.90982,1,0.01051,-0.00099,-0.06694,0.40504,-0.04683,0.03813,0.03520,1
5.5235,-0.08624,0.02886,0.00628,-0.00020,-0.02066,0.00417,1.65955,-0.00131,0.00008,0.02730,0.00960,0.00257,0.00969,-0.42190,0.90984,1,0.01051,-0.00099,-0.06694,0.40504,-0.04683,0.03813,0.03520,1
5.5255,-0.08624,0.02886,0.00624,-0.00019,-0.02117,0.00541,1.65955,-0.00117,0.00007,0.02689,0.00970,0.00315,0.00846,-0.42185,0.90991,1,0.01051,-0.00099,-0.06694,0.40504,-0.04683,0.03813,0.03520,1
5.5275,-0.08624,0.02886,0.00619,-0.00018,-0.02181,0.00653,1.65955,-0.00102,0.00007,0.02646,0.00982,0.00385,0.00736,-0.42186,0.90990,1,0.01051,-0.00099,-0.06694,0.40504,-0.04683,0.03813,0.03520,1
5.5295,-0.08624,0.02886,0.00615,-0.00016,-0.02256,0.00753,1.65955,-0.00088,0.00006,0.02603,0.00995,0.00468,0.00639,-0.42182,0.90990,1,0.01051,-0.00099,-0.06694,0.40504,-0.04683,0.03813,0.03520,1
5.5316,-0.08624,0.02886,0.00610,-0.00015,-0.02342,0.00842,1.65955,-0.00074,0.00005,0.02557,0.01011,0.00564,0.00554,-0.42186,0.90991,1,0.01051,-0.00099,-0.06694,0.40504,-0.04683,0.03813,0.03520,1
5.5336,-0.08624,0.02886,0.00606,-0.00013,-0.02440,0.00919,1.65955,-0.00059,0.00004,0.02510,0.01028,0.00673,0.00482,-0.42186,0.90992,1,0.01051,-0.00099,-0.06694,0.40504,-0.04683,0.03813,0.03520,1
5.5356,-0.08624,0.02886,0.00601,-0.00011,-0.02550,0.00984,1.65955,-0.00045,0.00003,0.02461,0.01047,0.00795,0.00424,-0.42183,0.90991,1,0.01051,-0.00099,-0.06694,0.40504,-0.04683,0.03813,0.03520,1
5.5376,-0.08624,0.02886,0.00595,-0.00009,-0.02671,0.01038,1.65955,-0.00031,0.00002,0.02410,0.01067,0.00929,0.00377,-0.42176,0.90997,1,0.01051,-0.00099,-0.06694,0.40504,-0.04683,0.03813,0.03520,1
5.5396,-0.08624,0.02886,0.00590,-0.00007,-0.02804,0.01080,1.65955,-0.00016,0.00001,0.02356,0.01088,0.01076,0.00344,-0.42175,0.90995,1,0.01051,-0.00099,-0.06694,0.40504,-0.04683,0.03813,0.03520,1
5.5416,-0.08624,0.02886,0.00584,-0.00005,-0.02948,0.01110,1.65955,-0.00002,0.00000,0.02299,0.01110,0.01236,0.00324,-0.42168,0.90998,1,0.01051,-0.00099,-0.06694,0.40504,-0.04683,0.03813,0.03520,1
5.5436,-0.08624,0.02886,0.00578,-0.00002,-0.03104,0.01129,1.65955,-0.00000,0.00000,0.02240,0.01132,0.01396,0.00316,-0.42168,0.91001,1,0.01051,-0.00099,-0.06694,0.40504,-0.04683,0.03813,0.03520,1
5.5456,-0.08624,0.02886,0.00572,-0.00000,-0.03259,0.01136,1.65955,-0.00000,0.00000,0.02177,0.01154,0.01556,0.00321,-0.42161,0.91000,1,0.01051,-0.00099,-0.06694,0.40504,-0.04683,0.03813,0.03520,1
5.5476,-0.08624,0.02886,0.00565,0.00002,-0.03415,0.01131,1.65955,-0.00000,0.00000,0.02111,0.01176,0.01716,0.00339,-0.42156,0.91006,1,0.01051,-0.00099,-0.06694,0.40504,-0.04683,0.03813,0.03520,1
5.5496,-0.08624,0.02886,0.00558,0.00004,-0.03570,0.01115,1.65955,-0.00000,0.00000,0.02043,0.01198,0.01876,0.00370,-0.42156,0.91005,1,0.01051,-0.00099,-0.06694,0.40504,-0.04683,0.03813,0.03520,1
5.5516,-0.08624,0.02886,0.00551,0.00007,-0.03725,0.01087,1.65955,-0.00000,0.00000,0.01971,0.01220,0.02024,0.00413,-0.42146,0.91006,1,0.01051,-0.00099,-0.06694,0.40504,-0.04683,0.03813,0.03520,1
5.5537,-0.08624,0.02886,0.00543,0.00009,-0.03869,0.01047,1.65955,-0.00000,0.00000,0.01896,0.01241,0.02158,0.00470,-0.42142,0.91006,1,0.01051,-0.00099,-0.06694,0.40504,-0.04683,0.03813,0.03520,1
5.5557,-0.08624,0.02886,0.00535,0.00011,-0.04001,0.00995,1.65955,-0.00000,0.00000,0.01819,0.01261,0.02280,0.00539,-0.42132,0.91010,1,0.01051,-0.00099,-0.06694,0.40504,-0.04683,0.03813,0.03520,1
5.5577,-0.08624,0.02886,0.00527,0.00013,-0.04120,0.00932,1.65955,-0.00000,0.00000,0.01739,0.01280,0.02388,0.00621,-0.42136,0.91010,1,0.01051,-0.00099,-0.06694,0.40504,-0.04683,0.03813,0.03520,1
5.5597,-0.08624,0.02886,0.00519,0.00015,-0.04229,0.00858,1.65955,-0.00000,0.00000,0.01657,0.01298,0.02484,0.00715,-0.42133,0.91009,1,0.01051,-0.00099,-0.06694,0.40504,-0.04683,0.03813,0.03520,1
5.5617,-0.08407,0.03079,0.00634,-0.00118,-0.03838,0.00494,1.65558,-0.00000,0.00000,0.02872,0.00070,0.02593,0.00797,-0.42128,0.91010,1,0.00854,-0.00275,-0.06373,0.40256,-0.05149,0.04029,0.03282,1
5.5637,-0.08407,0.03079,0.00626,-0.00117,-0.03948,0.00422,1.65558,-0.00000,0.00000,0.02795,0.00079,0.02715,0.00867,-0.42121,0.91012,1,0.00854,-0.00275,-0.06373,0.40256,-0.05149,0.04029,0.03282,1
5.5657,-0.08407,0.03079,0.00618,-0.00116,-0.04069,0.00361,1.65558,-0.00000,0.00000,0.02716,0.00087,0.02824,0.00923,-0.42118,0.91014,1,0.00854,-0.00275,-0.06373,0.40256,-0.05149,0.04029,0.03282,1
5.5677,-0.08407,0.03079,0.00610,-0.00116,-0.04179,0.00312,1.65558,-0.00000,0.00000,0.02635,0.00093,0.02920,0.00966,-0.42121,0.91013,1,0.00854,-0.00275,-0.06373,0.40256,-0.05149,0.04029,0.03282,1
5.5697,-0.08407,0.03079,0.00601,-0.00115,-0.04277,0.00274,1.65558,-0.00000,0.00000,0.02552,0.00099,0.03003,0.00997,-0.42115,0.91015,1,0.00854,-0.00275,-0.06373,0.40256,-0.05149,0.04029,0.03282,1
5.5717,-0.08407,0.03079,0.00592,-0.00115,-0.04363,0.00248,1.65558,-0.00000,0.00000,0.02467,0.00104,0.03073,0.01015,-0.42113,0.91016,1,0.00854,-0.00275,-0.06373,0.40256,-0.05149,0.04029,0.03282,1
5.5737,-0.08407,0.03079,0.00584,-0.00114,-0.04437,0.00234,1.65558,-0.00000,0.00000,0.02380,0.00109,0.03131,0.01020,-0.42107,0.91024,1,0.00854,-0.00275,-0.06373,0.40256,-0.05149,0.04029,0.03282,1
5.5757,-0.08407,0.03079,0.00575,-0.00114,-0.04500,0.00231,1.65558,-0.00000,0.00000,0.02292,0.00113,0.03176,0.01012,-0.42100,0.91023,1,0.00854,-0.00275,-0.06373,0.40256,-0.05149,0.04029,0.03282,1
5.5777,-0.08407,0.03079,0.00566,-0.00113,-0.04551,0.00240,1.65558,-0.00000,0.00000,0.02203,0.00118,0.03208,0.00992,-0.42097,0.91023,1,0.00854,-0.00275,-0.06373,0.40256,-0.05149,0.04029,0.03282,1
5.5797,-0.08407,0.03079,0.00557,-0.00113,-0.04590,0.00261,1.65558,-0.00000,0.00000,0.02113,0.00123,0.03227,0.00959,-0.42092,0.91025,1,0.00854,-0.00275,-0.06373,0.40256,-0.05149,0.04029,0.03282,1
5.5817,-0.08407,0.03079,0.00547,-0.00112,-0.04617,0.00293,1.65558,-0.00000,0.00000,0.02023,0.00128,0.03233,0.00913,-0.42079,0.91030,1,0.00854,-0.00275,-0.06373,0.40256,-0.05149,0.04029,0.03282,1
5.5837,-0.08407,0.03079,0.00538,-0.00111,-0.04632,0.00337,1.65558,-0.00000,0.00000,0.01932,0.00135,0.03227,0.00854,-0.42080,0.91027,1,0.00854,-0.00275,-0.06373,0.40256,-0.05149,0.04029,0.03282,1
5.5857,-0.08407,0.03079,0.00529,-0.00111,-0.04636,0.00393,1.65558,-0.00000,0.00000,0.01840,0.00142,0.03208,0.00782,-0.42074,0.91027,1,0.00854,-0.00275,-0.06373,0.40256,-0.05149,0.04029,0.03282,1
5.5877,-0.08407,0.03079,0.00520,-0.00110,-0.04628,0.00460,1.65558,-0.00000,0.00000,0.01749,0.00150,0.03176,0.00698,-0.42067,0.91034,1,0.00854,-0.00275,-0.06373,0.40256,-0.05149,0.04029,0.03282,1
5.5897,-0.08407,0.03079,0.00510,-0.00109,-0.04608,0.00538,1.65558,-0.00000,0.00000,0.01658,0.00160,0.03131,0.00600,-0.42066,0.91031,1,0.00854,-0.00275,-0.06373,0.40256,-0.05149,0.04029,0.03282,1
5.5918,-0.08407,0.03079,0.00501,-0.00108,-0.04576,0.00629,1.65558,-0.00000,0.00000,0.01568,0.00172,0.03073,0.00490,-0.42064,0.91029,1,0.00854,-0.00275,-0.06373,0.40256,-0.05149,0.04029,0.03282,1
5.5938,-0.08407,0.03079,0.00492,-0.00106,-0.04532,0.00731,1.65558,-0.00000,0.00000,0.01478,0.00185,0.03003,0.00367,-0.42061,0.91033,1,0.00854,-0.00275,-0.06373,0.40256,-0.05149,0.04029,0.03282,1
5.5958,-0.08407,0.03079,0.00483,-0.00105,-0.04477,0.00844,1.65558,-0.00000,0.00000,0.01390,0.00200,0.02920,0.00232,-0.42052,0.91031,1,0.00854,-0.00275,-0.06373,0.40256,-0.05149,0.04029,0.03282,1
5.5978,-0.08407,0.03079,0.00474,-0.00103,-0.04409,0.00970,1.65558,-0.00000,0.00000,0.01302,0.00218,0.02824,0.00109,-0.42047,0.91036,1,0.00854,-0.00275,-0.06373,0.40256,-0.05149,0.04029,0.03282,1
5.5998,-0.08407,0.03079,0.00465,-0.00101,-0.04330,0.01083,1.65558,-0.00000,0.00000,0.01216,0.00238,0.02715,-0.00001,-0.42036,0.91040,1,0.00854,-0.00275,-0.06373,0.40256,-0.05149,0.04029,0.03282,1
5.6018,-0.08407,0.03079,0.00457,-0.00099,-0.04240,0.01185,1.65558,-0.00000,0.00000,0.01132,0.00261,0.02593,-0.00098,-0.42037,0.91034,1,0.00854,-0.00275,-0.06373,0.40256,-0.05149,0.04029,0.03282,1
5.6038,-0.08407,0.03079,0.00448,-0.00096,-0.04137,0.01275,1.65558,-0.00000,0.00000,0.01050,0.00285,0.02459,-0.00183,-0.42031,0.91035,1,0.00854,-0.00275,-0.06373,0.40256,-0.05149,0.04029,0.03282,1
5.6058,-0.08407,0.03079,0.00440,-0.00094,-0.04023,0.01353,1.65558,-0.00000,0.00000,0.00969,0.00311,0.02312,-0.00255,-0.42026,0.91035,1,0.00854,-0.00275,-0.06373,0.40256,-0.05149,0.04029,0.03282,1
5.6078,-0.08407,0.03079,0.00432,-0.00091,-0.03896,0.01420,1.65558,-0.00000,0.00000,0.00891,0.00338,0.02152,-0.00314,-0.42019,0.91037,1,0.00854,-0.00275,-0.06373,0.40256,-0.05149,0.04029,0.03282,1
5.6098,-0.08407,0.03079,0.00425,-0.00088,-0.03759,0.01475,1.65558,-0.00000,0.00000,0.00816,0.00367,0.01992,-0.00360,-0.42012,0.91039,1,0.00854,-0.00275,-0.06373,0.40256,-0.05149,0.04029,0.03282,1
5.6118,-0.08407,0.03079,0.00417,-0.00085,-0.03621,0.01519,1.65558,-0.00000,0.00000,0.00743,0.00396,0.01832,-0.00393,-0.42008,0.91037,1,0.00854,-0.00275,-0.06373,0.40256,-0.05149,0.04029,0.03282,1
5.6138,-0.08407,0.03079,0.00410,-0.00082,-0.03482,0.01550,1.65558,-0.00000,0.00000,0.00674,0.00426,0.01672,-0.00413,-0.42007,0.91036,1,0.00854,-0.00275,-0.06373,0.40256,-0.05149,0.04029,0.03282,1
5.6159,-0.08407,0.03079,0.00403,-0.00079,-0.03344,0.01570,1.65558,-0.00000,0.00000,0.00606,0.00457,0.01512,-0.00421,-0.42003,0.91034,1,0.00854,-0.00275,-0.06373,0.40256,-0.05149,0.04029,0.03282,1
5.6179,-0.08407,0.03079,0.00397,-0.00076,-0.03206,0.01579,1.65558,-0.00000,0.00000,0.00542,0.00488,0.01352,-0.00416,-0.41995,0.91040,1,0.00854,-0.00275,-0.06373,0.40256,-0.05149,0.04029,0.03282,1
5.6199,-0.08407,0.03079,0.00391,-0.00072,-0.03067,0.01575,1.65558,-0.00000,0.00000,0.00480,0.00519,0.01192,-0.00398,-0.41997,0.91038,1,0.00854,-0.00275,-0.06373,0.40256,-0.05149,0.04029,0.03282,1
5.6219,-0.08407,0.03079,0.00385,-0.00069,-0.02929,0.01560,1.65558,-0.00000,0.00000,0.00421,0.00550,0.01032,-0.00367,-0.41990,0.91039,1,0.00854,-0.00275,-0.06373,0.40256,-0.05149,0.04029,0.03282,1
5.6239,-0.08407,0.03079,0.00379,-0.00066,-0.02790,0.01533,1.65558,-0.00000,0.00000,0.00365,0.00580,0.00872,-0.00324,-0.41990,0.91038,1,0.00854,-0.00275,-0.06373,0.40256,-0.05149,0.04029,0.03282,1
5.6259,-0.08407,0.03079,0.00373,-0.00063,-0.02651,0.01495,1.65558,-0.00000,0.00000,0.00311,0.00610,0.00712,-0.00267,-0.41983,0.91037,1,0.00854,-0.00275,-0.06373,0.40256,-0.05149,0.04029,0.03282,1
5.6279,-0.08277,0.03117,0.00482,-0.00168,-0.02229,0.01182,1.64155,-0.00000,0.00000,0.01434,-0.00408,0.00564,-0.00224,-0.41984,0.91040,1,0.00739,-0.00312,-0.06280,0.40225,-0.05261,0.04045,0.03080,1
5.6299,-0.08277,0.03117,0.00478,-0.00166,-0.02103,0.01145,1.64155,-0.00000,0.00000,0.01391,-0.00385,0.00430,-0.00193,-0.41982,0.91037,1,0.00739,-0.00312,-0.06280,0.40225,-0.05261,0.04045,0.03080,1
5.6319,-0.08277,0.03117,0.00474,-0.00164,-0.01990,0.01120,1.64155,-0.00000,0.00000,0.01351,-0.00363,0.00308,-0.00175,-0.41977,0.91039,1,0.00739,-0.00312,-0.06280,0.40225,-0.05261,0.04045,0.03080,1
5.6339,-0.08277,0.03117,0.00470,-0.00161,-0.01888,0.01107,1.64155,-0.00000,0.00000,0.01313,-0.00341,0.00200,-0.00170,-0.41970,0.91044,1,0.00739,-0.00312,-0.06280,0.40225,-0.05261,0.04045,0.03080,1
5.6359,-0.08277,0.03117,0.00466,-0.00159,-0.01797,0.01105,1.64155,-0.00000,0.00000,0.01276,-0.00320,0.00104,-0.00178,-0.41975,0.91042,1,0.00739,-0.00312,-0.06280,0.40225,-0.05261,0.04045,0.03080,1
5.6379,-0.08277,0.03117,0.00463,-0.00157,-0.01718,0.01115,1.64155,-0.00000,0.00000,0.01242,-0.00298,0.00020,-0.00198,-0.41973,0.91042,1,0.00739,-0.00312,-0.06280,0.40225,-0.05261,0.04045,0.03080,1
5.6399,-0.08277,0.03117,0.00459,-0.00155,-0.01650,0.01136,1.64155,-0.00000,0.00000,0.01209,-0.00276,-0.00050,-0.00231,-0.41969,0.91044,1,0.00739,-0.00312,-0.06280,0.40225,-0.05261,0.04045,0.03080,1
5.6419,-0.08277,0.03117,0.00456,-0.00152,-0.01595,0.01169,1.64155,-0.00000,0.00000,0.01177,-0.00253,-0.00108,-0.00253,-0.41972,0.91041,1,0.00739,-0.00312,-0.06280,0.40225,-0.05261,0.04045,0.03080,1
5.6439,-0.08277,0.03117,0.00453,-0.00150,-0.01550,0.01191,1.64155,-0.00000,0.00000,0.01146,-0.00230,-0.00152,-0.00261,-0.41970,0.91045,1,0.00739,-0.00312,-0.06280,0.40225,-0.05261,0.04045,0.03080,1
5.6459,-0.08277,0.03117,0.00450,-0.00148,-0.01518,0.01202,1.64155,-0.00000,0.00000,0.01116,-0.00206,-0.00184,-0.00257,-0.41972,0.91042,1,0.00739,-0.00312,-0.06280,0.40225,-0.05261,0.04045,0.03080,1
5.6479,-0.08277,0.03117,0.00447,-0.00145,-0.01496,0.01200,1.64155,-0.00000,0.00000,0.01086,-0.00182,-0.00204,-0.00240,-0.41974,0.91041,1,0.00739,-0.00312,-0.06280,0.40225,-0.05261,0.04045,0.03080,1
5.6499,-0.08277,0.03117,0.00444,-0.00143,-0.01487,0.01187,1.64155,-0.00000,0.00000,0.01057,-0.00159,-0.00210,-0.00210,-0.41972,0.91037,1,0.00739,-0.00312,-0.06280,0.40225,-0.05261,0.04045,0.03080,1
5.6519,-0.08277,0.03117,0.00441,-0.00141,-0.01489,0.01163,1.64155,-0.00000,0.00000,0.01027,-0.00136,-0.00204,-0.00167,-0.41975,0.91038,1,0.00739,-0.00312,-0.06280,0.40225,-0.05261,0.04045,0.03080,1
5.6539,-0.08277,0.03117,0.00438,-0.00138,-0.01502,0.01126,1.64155,-0.00000,0.00000,0.00998,-0.00113,-0.00184,-0.00113,-0.41975,0.91036,1,0.00739,-0.00312,-0.06280,0.40225,-0.05261,0.04045,0.03080,1
5.6559,-0.08277,0.03117,0.00435,-0.00136,-0.01528,0.01080,1.64155,-0.00000,0.00000,0.00968,-0.00092,-0.00152,-0.00072,-0.41978,0.91034,1,0.00739,-0.00312,-0.06280,0.40225,-0.05261,0.04045,0.03080,1
5.6579,-0.08277,0.03117,0.00432,-0.00134,-0.01564,0.01044,1.64155,-0.00000,0.00000,0.00938,-0.00071,-0.00108,-0.00043,-0.41977,0.91034,1,0.00739,-0.00312,-0.06280,0.40225,-0.05261,0.04045,0.03080,1
5.6599,-0.08277,0.03117,0.00429,-0.00132,-0.01613,0.01021,1.64155,-0.00000,0.00000,0.00906,-0.00050,-0.00050,-0.00027,-0.41973,0.91038,1,0.00739,-0.00312,-0.06280,0.40225,-0.05261,0.04045,0.03080,1
5.6619,-0.08277,0.03117,0.00425,-0.00130,-0.01673,0.01009,1.64155,-0.00000,0.00000,0.00874,-0.00030,0.00020,-0.00024,-0.41979,0.91035,1,0.00739,-0.00312,-0.06280,0.40225,-0.05261,0.04045,0.03080,1
5.6639,-0.08277,0.03117,0.00422,-0.00128,-0.01744,0.01008,1.64155,-0.00000,0.00000,0.00841,-0.00011,0.00104,-0.00011,-0.41982,0.91036,1,0.00739,-0.00312,-0.06280,0.40225,-0.05261,0.04045,0.03080,1
5.6659,-0.08277,0.03117,0.00418,-0.00126,-0.01827,0.00998,1.64155,-0.00000,0.00000,0.00805,0.00009,0.00200,0.00009,-0.41975,0.91037,1,0.00739,-0.00312,-0.06280,0.40225,-0.05261,0.04045,0.03080,1
5.6679,-0.08277,0.03117,0.00415,-0.00124,-0.01922,0.00982,1.64155,-0.00000,0.00000,0.00768,0.00029,0.00308,0.00029,-0.41977,0.91040,1,0.00739,-0.00312,-0.06280,0.40225,-0.05261,0.04045,0.03080,1
5.6699,-0.08277,0.03117,0.00411,-0.00122,-0.02028,0.00966,1.64155,-0.00000,0.00000,0.00730,0.00048,0.00430,0.00048,-0.41975,0.91038,1,0.00739,-0.00312,-0.06280,0.40225,-0.05261,0.04045,0.03080,1
5.6719,-0.08277,0.03117,0.00406,-0.00120,-0.02146,0.00951,1.64155,-0.00000,0.00000,0.00689,0.00067,0.00564,0.00067,-0.41977,0.91038,1,0.00739,-0.00312,-0.06280,0.40225,-0.05261,0.04045,0.03080,1
5.6739,-0.08277,0.03117,0.00402,-0.00118,-0.02275,0.00936,1.64155,-0.00000,0.00000,0.00645,0.00085,0.00686,0.00085,-0.41976,0.91039,1,0.00739,-0.00312,-0.06280,0.40225,-0.05261,0.04045,0.03080,1
5.6760,-0.08277,0.03117,0.00397,-0.00116,-0.02393,0.00921,1.64155,-0.00000,0.00000,0.00599,0.00104,0.00795,0.00104,-0.41975,0.91035,1,0.00739,-0.00312,-0.06280,0.40225,-0.05261,0.04045,0.03080,1
5.6780,-0.08277,0.03117,0.00392,-0.00114,-0.02499,0.00907,1.64155,-0.00000,0.00000,0.00551,0.00122,0.00891,0.00122,-0.41972,0.91041,1,0.00739,-0.00312,-0.06280,0.40225,-0.05261,0.04045,0.03080,1
5.6800,-0.08277,0.03117,0.00387,-0.00113,-0.02593,0.00892,1.64155,-0.00000,0.00000,0.00501,0.00139,0.00974,0.00139,-0.41970,0.91041,1,0.00739,-0.00312,-0.06280,0.40225,-0.05261,0.04045,0.03080,1
5.6820,-0.08277,0.03117,0.00382,-0.00111,-0.02675,0.00878,1.64155,-0.00000,0.00000,0.00449,0.00157,0.01044,0.00157,-0.41967,0.91041,1,0.00739,-0.00312,-0.06280,0.40225,-0.05261,0.04045,0.03080,1
5.6840,-0.08277,0.03117,0.00377,-0.00109,-0.02746,0.00864,1.64155,-0.00000,0.00000,0.00396,0.00174,0.01102,0.00174,-0.41962,0.91042,1,0.00739,-0.00312,-0.06280,0.40225,-0.05261,0.04045,0.03080,1
5.6860,-0.08277,0.03117,0.00371,-0.00107,-0.02805,0.00851,1.64155,-0.00000,0.00000,0.00341,0.00191,0.01147,0.00191,-0.41960,0.91044,1,0.00739,-0.00312,-0.06280,0.40225,-0.05261,0.04045,0.03080,1
5.6880,-0.08277,0.03117,0.00365,-0.00106,-0.02852,0.00837,1.64155,-0.00000,0.00000,0.00285,0.00207,0.01179,0.00207,-0.41956,0.91045,1,0.00739,-0.00312,-0.06280,0.40225,-0.05261,0.04045,0.03080,1
5.6900,-0.08277,0.03117,0.00360,-0.00104,-0.02888,0.00824,1.64155,-0.00000,0.00000,0.00229,0.00224,0.01198,0.00224,-0.41956,0.91045,1,0.00739,-0.00312,-0.06280,0.40225,-0.05261,0.04045,0.03080,1
5.6920,-0.08277,0.03117,0.00354,-0.00102,-0.02911,0.00811,1.64155,-0.00000,0.00000,0.00172,0.00240,0.01204,0.00240,-0.41959,0.91044,1,0.00739,-0.00312,-0.06280,0.40225,-0.05261,0.04045,0.03080,1
5.6940,-0.07907,0.03122,0.00329,-0.00196,-0.03000,0.00444,1.63640,-0.00000,0.00000,0.00070,-0.00678,0.01198,0.00243,-0.41955,0.91042,1,0.00397,-0.00315,-0.06669,0.40183,-0.04874,0.04163,0.02944,1
5.6960,-0.07907,0.03122,0.00323,-0.00195,-0.03000,0.00445,1.63640,-0.00000,0.00000,0.00011,-0.00669,0.01179,0.00234,-0.41955,0.91042,1,0.00397,-0.00315,-0.06669,0.40183,-0.04874,0.04163,0.02944,1
5.6980,-0.07907,0.03122,0.00317,-0.00194,-0.02988,0.00457,1.63640,-0.00000,0.00000,-0.00048,-0.00660,0.01147,0.00211,-0.41955,0.91042,1,0.00397,-0.00315,-0.06669,0.40183,-0.04874,0.04163,0.02944,1
5.7000,-0.07907,0.03122,0.00311,-0.00193,-0.02965,0.00480,1.63640,-0.00000,0.00000,-0.00106,-0.00651,0.01102,0.00176,-0.41951,0.91046,1,0.00397,-0.00315,-0.06669,0.40183,-0.04874,0.04163,0.02944,1
5.7020,-0.07907,0.03122,0.00305,-0.00192,-0.02929,0.00516,1.63640,-0.00000,0.00000,-0.00164,-0.00641,0.01044,0.00128,-0.41952,0.91043,1,0.00397,-0.00315,-0.06669,0.40183,-0.04874,0.04163,0.02944,1
5.7040,-0.07907,0.03122,0.00299,-0.00191,-0.02882,0.00563,1.63640,-0.00000,0.00000,-0.00221,-0.00631,0.00974,0.00067,-0.41952,0.91046,1,0.00397,-0.00315,-0.06669,0.40183,-0.04874,0.04163,0.02944,1
5.7060,-0.07907,0.03122,0.00293,-0.00190,-0.02824,0.00621,1.63640,-0.00000,0.00000,-0.00278,-0.00619,0.00891,-0.00006,-0.41953,0.91045,1,0.00397,-0.00315,-0.06669,0.40183,-0.04874,0.04163,0.02944,1
5.7080,-0.07907,0.03122,0.00288,-0.00188,-0.02753,0.00691,1.63640,-0.00000,0.00000,-0.00332,-0.00606,0.00795,-0.00092,-0.41947,0.91048,1,0.00397,-0.00315,-0.06669,0.40183,-0.04874,0.04163,0.02944,1
5.7100,-0.07907,0.03122,0.00282,-0.00187,-0.02671,0.00773,1.63640,-0.00000,0.00000,-0.00386,-0.00592,0.00686,-0.00191,-0.41948,0.91048,1,0.00397,-0.00315,-0.06669,0.40183,-0.04874,0.04163,0.02944,1
5.7120,-0.07907,0.03122,0.00277,-0.00185,-0.02577,0.00867,1.63640,-0.00000,0.00000,-0.00437,-0.00575,0.00564,-0.00303,-0.41948,0.91046,1,0.00397,-0.00315,-0.06669,0.40183,-0.04874,0.04163,0.02944,1
5.7140,-0.07907,0.03122,0.00272,-0.00184,-0.02471,0.00972,1.63640,-0.00000,0.00000,-0.00487,-0.00557,0.00430,-0.00428,-0.41945,0.91047,1,0.00397,-0.00315,-0.06669,0.40183,-0.04874,0.04163,0.02944,1
5.7160,-0.07907,0.03122,0.00267,-0.00181,-0.02354,0.01088,1.63640,-0.00000,0.00000,-0.00535,-0.00537,0.00283,-0.00540,-0.41953,0.91043,1,0.00397,-0.00315,-0.06669,0.40183,-0.04874,0.04163,0.02944,1
5.7180,-0.07907,0.03122,0.00263,-0.00179,-0.02225,0.01193,1.63640,-0.00000,0.00000,-0.00580,-0.00515,0.00123,-0.00639,-0.41946,0.91043,1,0.00397,-0.00315,-0.06669,0.40183,-0.04874,0.04163,0.02944,1
5.7200,-0.07907,0.03122,0.00258,-0.00177,-0.02084,0.01286,1.63640,-0.00000,0.00000,-0.00622,-0.00490,-0.00037,-0.00725,-0.41941,0.91045,1,0.00397,-0.00315,-0.06669,0.40183,-0.04874,0.04163,0.02944,1
5.7220,-0.07907,0.03122,0.00254,-0.00174,-0.01943,0.01368,1.63640,-0.00000,0.00000,-0.00662,-0.00464,-0.00197,-0.00799,-0.41948,0.91041,1,0.00397,-0.00315,-0.06669,0.40183,-0.04874,0.04163,0.02944,1
5.7240,-0.07907,0.03122,0.00250,-0.00171,-0.01802,0.01438,1.63640,-0.00000,0.00000,-0.00698,-0.00437,-0.00357,-0.00860,-0.41947,0.91037,1,0.00397,-0.00315,-0.06669,0.40183,-0.04874,0.04163,0.02944,1
5.7260,-0.07907,0.03122,0.00247,-0.00168,-0.01661,0.01496,1.63640,-0.00000,0.00000,-0.00733,-0.00408,-0.00517,-0.00908,-0.41941,0.91039,1,0.00397,-0.00315,-0.06669,0.40183,-0.04874,0.04163,0.02944,1
5.7280,-0.07907,0.03122,0.00244,-0.00165,-0.01520,0.01543,1.63640,-0.00000,0.00000,-0.00764,-0.00378,-0.00677,-0.00943,-0.41939,0.91034,1,0.00397,-0.00315,-0.06669,0.40183,-0.04874,0.04163,0.02944,1
5.7300,-0.07907,0.03122,0.00241,-0.00162,-0.01378,0.01577,1.63640,-0.00000,0.00000,-0.00792,-0.00347,-0.00824,-0.00965,-0.41941,0.91038,1,0.00397,-0.00315,-0.06669,0.40183,-0.04874,0.04163,0.02944,1
5.7320,-0.07907,0.03122,0.00238,-0.00159,-0.01249,0.01600,1.63640,-0.00000,0.00000,-0.00818,-0.00316,-0.00959,-0.00975,-0.41943,0.91036,1,0.00397,-0.00315,-0.06669,0.40183,-0.04874,0.04163,0.02944,1
5.7340,-0.07907,0.03122,0.00236,-0.00156,-0.01131,0.01612,1.63640,-0.00000,0.00000,-0.00842,-0.00284,-0.01080,-0.00971,-0.41947,0.91032,1,0.00397,-0.00315,-0.06669,0.40183,-0.04874,0.04163,0.02944,1
5.7360,-0.07907,0.03122,0.00234,-0.00153,-0.01024,0.01612,1.63640,-0.00000,0.00000,-0.00863,-0.00252,-0.01189,-0.00955,-0.41944,0.91032,1,0.00397,-0.00315,-0.06669,0.40183,-0.04874,0.04163,0.02944,1
5.7380,-0.07907,0.03122,0.00232,-0.00149,-0.00930,0.01600,1.63640,-0.00000,0.00000,-0.00882,-0.00221,-0.01285,-0.00926,-0.41944,0.91030,1,0.00397,-0.00315,-0.06669,0.40183,-0.04874,0.04163,0.02944,1
5.7400,-0.07907,0.03122,0.00230,-0.00146,-0.00846,0.01576,1.63640,-0.00000,0.00000,-0.00899,-0.00190,-0.01368,-0.00885,-0.41947,0.91029,1,0.00397,-0.00315,-0.06669,0.40183,-0.04874,0.04163,0.02944,1
5.7420,-0.07907,0.03122,0.00228,-0.00143,-0.00775,0.01541,1.63640,-0.00000,0.00000,-0.00915,-0.00159,-0.01439,-0.00830,-0.41953,0.91026,1,0.00397,-0.00315,-0.06669,0.40183,-0.04874,0.04163,0.02944,1
5.7440,-0.07907,0.03122,0.00227,-0.00140,-0.00715,0.01494,1.63640,-0.00000,0.00000,-0.00930,-0.00129,-0.01496,-0.00763,-0.41953,0.91025,1,0.00397,-0.00315,-0.06669,0.40183,-0.04874,0.04163,0.02944,1
5.7460,-0.07907,0.03122,0.00226,-0.00137,-0.00667,0.01435,1.63640,-0.00000,0.00000,-0.00944,-0.00100,-0.01541,-0.00683,-0.41953,0.91023,1,0.00397,-0.00315,-0.06669,0.40183,-0.04874,0.04163,0.02944,1
5.7480,-0.07907,0.03122,0.00224,-0.00134,-0.00630,0.01364,1.63640,-0.00000,0.00000,-0.00956,-0.00073,-0.01573,-0.00590,-0.41955,0.91025,1,0.00397,-0.00315,-0.06669,0.40183,-0.04874,0.04163,0.02944,1
5.7500,-0.07907,0.03122,0.00223,-0.00132,-0.00605,0.01282,1.63640,-0.00000,0.00000,-0.00969,-0.00047,-0.01592,-0.00484,-0.41958,0.91024,1,0.00397,-0.00315,-0.06669,0.40183,-0.04874,0.04163,0.02944,1
5.7520,-0.07907,0.03122,0.00222,-0.00129,-0.00591,0.01188,1.63640,-0.00000,0.00000,-0.00980,-0.00022,-0.01599,-0.00366,-0.41959,0.91023,1,0.00397,-0.00315,-0.06669,0.40183,-0.04874,0.04163,0.02944,1
5.7540,-0.07907,0.03122,0.00221,-0.00127,-0.00589,0.01083,1.63640,-0.00000,0.00000,-0.00992,-0.00000,-0.01592,-0.00234,-0.41956,0.91022,1,0.00397,-0.00315,-0.06669,0.40183,-0.04874,0.04163,0.02944,1
5.7560,-0.07907,0.03122,0.00219,-0.00125,-0.00599,0.00966,1.63640,-0.00000,0.00000,-0.01004,0.00020,-0.01573,-0.00090,-0.41961,0.91021,1,0.00397,-0.00315,-0.06669,0.40183,-0.04874,0.04163,0.02944,1
5.7580,-0.07907,0.03122,0.00218,-0.00123,-0.00620,0.00837,1.63640,-0.00000,0.00000,-0.01016,0.00038,-0.01541,0.00041,-0.41962,0.91022,1,0.00397,-0.00315,-0.06669,0.40183,-0.04874,0.04163,0.02944,1
5.7600,-0.07907,0.03122,0.00217,-0.00121,-0.00653,0.00720,1.63640,-0.00000,0.00000,-0.01028,0.00053,-0.01496,0.00159,-0.41961,0.91023,1,0.00397,-0.00315,-0.06669,0.40183,-0.04874,0.04163,0.02944,1
5.7621,-0.07882,0.03100,0.00283,-0.00181,-0.00286,0.00573,1.63557,-0.00000,0.00000,-0.00366,-0.00537,-0.01439,0.00265,-0.41967,0.91023,1,0.00374,-0.00294,-0.06569,0.40223,-0.05000,0.04118,0.02683,1
5.7641,-0.07882,0.03100,0.00283,-0.00179,-0.00343,0.00480,1.63557,-0.00000,0.00000,-0.00372,-0.00526,-0.01368,0.00358,-0.41967,0.91023,1,0.00374,-0.00294,-0.06569,0.40223,-0.05000,0.04118,0.02683,1
5.7661,-0.07882,0.03100,0.00282,-0.00179,-0.00412,0.00399,1.63557,-0.00000,0.00000,-0.00379,-0.00518,-0.01285,0.00438,-0.41972,0.91024,1,0.00374,-0.00294,-0.06569,0.40223,-0.05000,0.04118,0.02683,1
5.7681,-0.07882,0.03100,0.00281,-0.00178,-0.00493,0.00329,1.63557,-0.00000,0.00000,-0.00388,-0.00510,-0.01189,0.00505,-0.41971,0.91026,1,0.00374,-0.00294,-0.06569,0.40223,-0.05000,0.04118,0.02683,1
5.7701,-0.07882,0.03100,0.00280,-0.00177,-0.00585,0.00271,1.63557,-0.00000,0.00000,-0.00399,-0.00505,-0.01080,0.00560,-0.41972,0.91025,1,0.00374,-0.00294,-0.06569,0.40223,-0.05000,0.04118,0.02683,1
5.7721,-0.07882,0.03100,0.00279,-0.00177,-0.00689,0.00225,1.63557,-0.00000,0.00000,-0.00411,-0.00500,-0.00959,0.00602,-0.41978,0.91023,1,0.00374,-0.00294,-0.06569,0.40223,-0.05000,0.04118,0.02683,1
5.7741,-0.07882,0.03100,0.00277,-0.00176,-0.00805,0.00190,1.63557,-0.00000,0.00000,-0.00426,-0.00496,-0.00824,0.00630,-0.41975,0.91026,1,0.00374,-0.00294,-0.06569,0.40223,-0.05000,0.04118,0.02683,1
5.7761,-0.07882,0.03100,0.00275,-0.00176,-0.00932,0.00167,1.63557,-0.00000,0.00000,-0.00443,-0.00492,-0.00677,0.00647,-0.41975,0.91026,1,0.00374,-0.00294,-0.06569,0.40223,-0.05000,0.04118,0.02683,1
5.7781,-0.07882,0.03100,0.00273,-0.00176,-0.01070,0.00155,1.63557,-0.00000,0.00000,-0.00463,-0.00489,-0.00517,0.00650,-0.41982,0.91024,1,0.00374,-0.00294,-0.06569,0.40223,-0.05000,0.04118,0.02683,1
5.7801,-0.07882,0.03100,0.00271,-0.00175,-0.01221,0.00155,1.63557,-0.00000,0.00000,-0.00485,-0.00486,-0.00370,0.00640,-0.41985,0.91023,1,0.00374,-0.00294,-0.06569,0.40223,-0.05000,0.04118,0.02683,1
5.7821,-0.07882,0.03100,0.00269,-0.00175,-0.01359,0.00167,1.63557,-0.00000,0.00000,-0.00511,-0.00483,-0.00236,0.00618,-0.41981,0.91024,1,0.00374,-0.00294,-0.06569,0.40223,-0.05000,0.04118,0.02683,1
5.7841,-0.07882,0.03100,0.00266,-0.00175,-0.01486,0.00191,1.63557,-0.00000,0.00000,-0.00539,-0.00479,-0.00114,0.00583,-0.41985,0.91028,1,0.00374,-0.00294,-0.06569,0.40223,-0.05000,0.04118,0.02683,1
5.7861,-0.07882,0.03100,0.00263,-0.00174,-0.01601,0.00226,1.63557,-0.00000,0.00000,-0.00569,-0.00475,-0.00005,0.00535,-0.41978,0.91026,1,0.00374,-0.00294,-0.06569,0.40223,-0.05000,0.04118,0.02683,1
5.7881,-0.07882,0.03100,0.00259,-0.00174,-0.01705,0.00272,1.63557,-0.00000,0.00000,-0.00602,-0.00470,0.00091,0.00474,-0.41981,0.91027,1,0.00374,-0.00294,-0.06569,0.40223,-0.05000,0.04118,0.02683,1
5.7901,-0.07882,0.03100,0.00256,-0.00173,-0.01797,0.00331,1.63557,-0.00000,0.00000,-0.00636,-0.00464,0.00174,0.00401,-0.41980,0.91027,1,0.00374,-0.00294,-0.06569,0.40223,-0.05000,0.04118,0.02683,1
5.7921,-0.07882,0.03100,0.00252,-0.00172,-0.01877,0.00400,1.63557,-0.00000,0.00000,-0.00672,-0.00457,0.00244,0.00314,-0.41983,0.91028,1,0.00374,-0.00294,-0.06569,0.40223,-0.05000,0.04118,0.02683,1
5.7941,-0.07882,0.03100,0.00248,-0.00172,-0.01945,0.00482,1.63557,-0.00000,0.00000,-0.00710,-0.00448,0.00302,0.00215,-0.41987,0.91024,1,0.00374,-0.00294,-0.06569,0.40223,-0.05000,0.04118,0.02683,1
5.7961,-0.07882,0.03100,0.00244,-0.00171,-0.02002,0.00575,1.63557,-0.00000,0.00000,-0.00749,-0.00438,0.00347,0.00103,-0.41982,0.91028,1,0.00374,-0.00294,-0.06569,0.40223,-0.05000,0.04118,0.02683,1
5.7981,-0.07882,0.03100,0.00240,-0.00169,-0.02047,0.00680,1.63557,-0.00000,0.00000,-0.00789,-0.00426,0.00379,-0.00021,-0.41984,0.91027,1,0.00374,-0.00294,-0.06569,0.40223,-0.05000,0.04118,0.02683,1
5.8001,-0.07882,0.03100,0.00236,-0.00168,-0.02080,0.00796,1.63557,-0.00000,0.00000,-0.00829,-0.00411,0.00398,-0.00159,-0.41982,0.91028,1,0.00374,-0.00294,-0.06569,0.40223,-0.05000,0.04118,0.02683,1
5.8021,-0.07882,0.03100,0.00232,-0.00166,-0.02102,0.00924,1.63557,-0.00000,0.00000,-0.00870,-0.00394,0.00404,-0.00309,-0.41980,0.91027,1,0.00374,-0.00294,-0.06569,0.40223,-0.05000,0.04118,0.02683,1
5.8041,-0.07882,0.03100,0.00228,-0.00164,-0.02112,0.01064,1.63557,-0.00000,0.00000,-0.00912,-0.00375,0.00398,-0.00447,-0.41985,0.91026,1,0.00374,-0.00294,-0.06569,0.40223,-0.05000,0.04118,0.02683,1
5.8061,-0.07882,0.03100,0.00224,-0.00162,-0.02110,0.01192,1.63557,-0.00000,0.00000,-0.00953,-0.00352,0.00379,-0.00571,-0.41978,0.91028,1,0.00374,-0.00294,-0.06569,0.40223,-0.05000,0.04118,0.02683,1
5.8081,-0.07882,0.03100,0.00219,-0.00159,-0.02096,0.01308,1.63557,-0.00000,0.00000,-0.00995,-0.00328,0.00347,-0.00683,-0.41985,0.91025,1,0.00374,-0.00294,-0.06569,0.40223,-0.05000,0.04118,0.02683,1
5.8101,-0.07882,0.03100,0.00215,-0.00157,-0.02071,0.01412,1.63557,-0.00000,0.00000,-0.01036,-0.00301,0.00302,-0.00782,-0.41981,0.91027,1,0.00374,-0.00294,-0.06569,0.40223,-0.05000,0.04118,0.02683,1
5.8121,-0.07882,0.03100,0.00211,-0.00154,-0.02034,0.01505,1.63557,-0.00000,0.00000,-0.01076,-0.00272,0.00244,-0.00869,-0.41984,0.91022,1,0.00374,-0.00294,-0.06569,0.40223,-0.05000,0.04118,0.02683,1
5.8141,-0.07882,0.03100,0.00207,-0.00151,-0.01985,0.01586,1.63557,-0.00000,0.00000,-0.01116,-0.00242,0.00174,-0.00942,-0.41982,0.91022,1,0.00374,-0.00294,-0.06569,0.40223,-0.05000,0.04118,0.02683,1
5.8161,-0.07882,0.03100,0.00203,-0.00147,-0.01925,0.01656,1.63557,-0.00000,0.00000,-0.01154,-0.00210,0.00091,-0.01003,-0.41986,0.91015,1,0.00374,-0.00294,-0.06569,0.40223,-0.05000,0.04118,0.02683,1
5.8181,-0.07882,0.03100,0.00199,-0.00144,-0.01853,0.01714,1.63557,-0.00000,0.00000,-0.01191,-0.00177,-0.00005,-0.01051,-0.41982,0.91017,1,0.00374,-0.00294,-0.06569,0.40223,-0.05000,0.04118,0.02683,1
5.8201,-0.07882,0.03100,0.00196,-0.00140,-0.01769,0.01760,1.63557,-0.00000,0.00000,-0.01227,-0.00143,-0.00114,-0.01086,-0.41982,0.91014,1,0.00374,-0.00294,-0.06569,0.40223,-0.05000,0.04118,0.02683,1
5.8221,-0.07882,0.03100,0.00192,-0.00137,-0.01673,0.01794,1.63557,-0.00000,0.00000,-0.01261,-0.00108,-0.00236,-0.01108,-0.41987,0.91014,1,0.00374,-0.00294,-0.06569,0.40223,-0.05000,0.04118,0.02683,1
5.8241,-0.07882,0.03100,0.00189,-0.00133,-0.01566,0.01817,1.63557,-0.00000,0.00000,-0.01293,-0.00072,-0.00370,-0.01118,-0.41981,0.91016,1,0.00374,-0.00294,-0.06569,0.40223,-0.05000,0.04118,0.02683,1
5.8261,-0.07882,0.03100,0.00186,-0.00130,-0.01447,0.01828,1.63557,-0.00000,0.00000,-0.01322,-0.00036,-0.00517,-0.01115,-0.41983,0.91011,1,0.00374,-0.00294,-0.06569,0.40223,-0.05000,0.04118,0.02683,1
5.8281,-0.07938,0.03040,0.00268,-0.00163,-0.01235,0.01748,1.61867,-0.00000,0.00000,-0.00534,-0.00391,-0.00652,-0.01098,-0.41982,0.91007,1,0.00427,-0.00241,-0.06447,0.40291,-0.05124,0.04035,0.02924,1
5.8301,-0.07938,0.03040,0.00266,-0.00160,-0.01117,0.01736,1.61867,-0.00000,0.00000,-0.00557,-0.00357,-0.00773,-0.01070,-0.41982,0.91007,1,0.00427,-0.00241,-0.06447,0.40291,-0.05124,0.04035,0.02924,1
5.8321,-0.07938,0.03040,0.00264,-0.00156,-0.01012,0.01713,1.61867,-0.00000,0.00000,-0.00578,-0.00323,-0.00882,-0.01028,-0.41989,0.91005,1,0.00427,-0.00241,-0.06447,0.40291,-0.05124,0.04035,0.02924,1
5.8342,-0.07938,0.03040,0.00262,-0.00153,-0.00917,0.01678,1.61867,-0.00000,0.00000,-0.00597,-0.00289,-0.00978,-0.00973,-0.41986,0.91005,1,0.00427,-0.00241,-0.06447,0.40291,-0.05124,0.04035,0.02924,1
5.8362,-0.07938,0.03040,0.00260,-0.00150,-0.00835,0.01631,1.61867,-0.00000,0.00000,-0.00614,-0.00257,-0.01061,-0.00906,-0.41985,0.91008,1,0.00427,-0.00241,-0.06447,0.40291,-0.05124,0.04035,0.02924,1
5.8382,-0.07938,0.03040,0.00259,-0.00146,-0.00764,0.01572,1.61867,-0.00000,0.00000,-0.00630,-0.00225,-0.01132,-0.00826,-0.41990,0.91005,1,0.00427,-0.00241,-0.06447,0.40291,-0.05124,0.04035,0.02924,1
5.8402,-0.07938,0.03040,0.00257,-0.00143,-0.00704,0.01502,1.61867,-0.00000,0.00000,-0.00644,-0.00195,-0.01189,-0.00733,-0.41993,0.91002,1,0.00427,-0.00241,-0.06447,0.40291,-0.05124,0.04035,0.02924,1
5.8422,-0.07938,0.03040,0.00256,-0.00140,-0.00656,0.01420,1.61867,-0.00000,0.00000,-0.00658,-0.00166,-0.01234,-0.00627,-0.41995,0.90998,1,0.00427,-0.00241,-0.06447,0.40291,-0.05124,0.04035,0.02924,1
5.8442,-0.07938,0.03040,0.00255,-0.00138,-0.00620,0.01326,1.61867,-0.00000,0.00000,-0.00670,-0.00139,-0.01266,-0.00509,-0.41994,0.91001,1,0.00427,-0.00241,-0.06447,0.40291,-0.05124,0.04035,0.02924,1
5.8462,-0.07938,0.03040,0.00253,-0.00135,-0.00596,0.01221,1.61867,-0.00000,0.00000,-0.00682,-0.00114,-0.01285,-0.00378,-0.41991,0.91003,1,0.00427,-0.00241,-0.06447,0.40291,-0.05124,0.04035,0.02924,1
5.8482,-0.07938,0.03040,0.00252,-0.00133,-0.00583,0.01104,1.61867,-0.00000,0.00000,-0.00694,-0.00091,-0.01292,-0.00234,-0.41997,0.91002,1,0.00427,-0.00241,-0.06447,0.40291,-0.05124,0.04035,0.02924,1
5.8502,-0.07938,0.03040,0.00251,-0.00131,-0.00581,0.00975,1.61867,-0.00000,0.00000,-0.00705,-0.00071,-0.01285,-0.00077,-0.41995,0.91000,1,0.00427,-0.00241,-0.06447,0.40291,-0.05124,0.04035,0.02924,1
5.8522,-0.07938,0.03040,0.00250,-0.00129,-0.00592,0.00835,1.61867,-0.00000,0.00000,-0.00717,-0.00053,-0.01266,0.00067,-0.41996,0.91000,1,0.00427,-0.00241,-0.06447,0.40291,-0.05124,0.04035,0.02924,1
5.8543,-0.07938,0.03040,0.00249,-0.00127,-0.00614,0.00706,1.61867,-0.00000,0.00000,-0.00729,-0.00038,-0.01234,0.00199,-0.41996,0.91002,1,0.00427,-0.00241,-0.06447,0.40291,-0.05124,0.04035,0.02924,1
5.8563,-0.07938,0.03040,0.00247,-0.00126,-0.00647,0.00589,1.61867,-0.00000,0.00000,-0.00741,-0.00025,-0.01189,0.00317,-0.41996,0.91001,1,0.00427,-0.00241,-0.06447,0.40291,-0.05124,0.04035,0.02924,1
5.8583,-0.07938,0.03040,0.00246,-0.00125,-0.00692,0.00484,1.61867,-0.00000,0.00000,-0.00754,-0.00014,-0.01132,0.00423,-0.42001,0.91006,1,0.00427,-0.00241,-0.06447,0.40291,-0.05124,0.04035,0.02924,1
5.8603,-0.07938,0.03040,0.00245,-0.00124,-0.00749,0.00390,1.61867,-0.00000,0.00000,-0.00769,-0.00006,-0.01061,0.00516,-0.42001,0.91007,1,0.00427,-0.00241,-0.06447,0.40291,-0.05124,0.04035,0.02924,1
5.8623,-0.07938,0.03040,0.00243,-0.00123,-0.00817,0.00307,1.61867,-0.00000,0.00000,-0.00784,0.00001,-0.00978,0.00596,-0.42003,0.91006,1,0.00427,-0.00241,-0.06447,0.40291,-0.05124,0.04035,0.02924,1
5.8643,-0.07938,0.03040,0.00241,-0.00123,-0.00897,0.00237,1.61867,-0.00000,0.00000,-0.00801,0.00006,-0.00882,0.00663,-0.42001,0.91009,1,0.00427,-0.00241,-0.06447,0.40291,-0.05124,0.04035,0.02924,1
5.8663,-0.07938,0.03040,0.00239,-0.00123,-0.00989,0.00178,1.61867,-0.00000,0.00000,-0.00819,0.00010,-0.00799,0.00718,-0.42011,0.91008,1,0.00427,-0.00241,-0.06447,0.40291,-0.05124,0.04035,0.02924,1
5.8683,-0.07938,0.03040,0.00237,-0.00122,-0.01069,0.00131,1.61867,-0.00000,0.00000,-0.00840,0.00013,-0.00728,0.00759,-0.42008,0.91012,1,0.00427,-0.00241,-0.06447,0.40291,-0.05124,0.04035,0.02924,1
5.8703,-0.07938,0.03040,0.00235,-0.00122,-0.01137,0.00095,1.61867,-0.00000,0.00000,-0.00861,0.00016,-0.00671,0.00788,-0.42004,0.91012,1,0.00427,-0.00241,-0.06447,0.40291,-0.05124,0.04035,0.02924,1
5.8723,-0.07938,0.03040,0.00233,-0.00122,-0.01193,0.00071,1.61867,-0.00000,0.00000,-0.00884,0.00017,-0.00626,0.00804,-0.42004,0.91017,1,0.00427,-0.00241,-0.06447,0.40291,-0.05124,0.04035,0.02924,1
5.8743,-0.07938,0.03040,0.00230,-0.00122,-0.01238,0.00058,1.61867,-0.00000,0.00000,-0.00908,0.00019,-0.00594,0.00808,-0.42010,0.91012,1,0.00427,-0.00241,-0.06447,0.40291,-0.05124,0.04035,0.02924,1
5.8764,-0.07938,0.03040,0.00228,-0.00122,-0.01271,0.00057,1.61867,-0.00000,0.00000,-0.00933,0.00020,-0.00575,0.00798,-0.42007,0.91014,1,0.00427,-0.00241,-0.06447,0.40291,-0.05124,0.04035,0.02924,1
5.8784,-0.07938,0.03040,0.00225,-0.00121,-0.01293,0.00068,1.61867,-0.00000,0.00000,-0.00958,0.00021,-0.00568,0.00776,-0.42012,0.91015,1,0.00427,-0.00241,-0.06447,0.40291,-0.05124,0.04035,0.02924,1
5.8804,-0.07938,0.03040,0.00223,-0.00121,-0.01302,0.00091,1.61867,-0.00000,0.00000,-0.00984,0.00022,-0.00575,0.00741,-0.42011,0.91014,1,0.00427,-0.00241,-0.06447,0.40291,-0.05124,0.04035,0.02924,1
5.8824,-0.07938,0.03040,0.00220,-0.00121,-0.01301,0.00125,1.61867,-0.00000,0.00000,-0.01009,0.00025,-0.00594,0.00693,-0.42018,0.91012,1,0.00427,-0.00241,-0.06447,0.40291,-0.05124,0.04035,0.02924,1
5.8844,-0.07938,0.03040,0.00218,-0.00121,-0.01287,0.00171,1.61867,-0.00000,0.00000,-0.01035,0.00028,-0.00626,0.00632,-0.42019,0.91011,1,0.00427,-0.00241,-0.06447,0.40291,-0.05124,0.04035,0.02924,1
5.8864,-0.07938,0.03040,0.00215,-0.00120,-0.01262,0.00228,1.61867,-0.00000,0.00000,-0.01060,0.00031,-0.00671,0.00558,-0.42022,0.91014,1,0.00427,-0.00241,-0.06447,0.40291,-0.05124,0.04035,0.02924,1
5.8884,-0.07938,0.03040,0.00212,-0.00120,-0.01225,0.00297,1.61867,-0.00000,0.00000,-0.01084,0.00037,-0.00728,0.00472,-0.42024,0.91014,1,0.00427,-0.00241,-0.06447,0.40291,-0.05124,0.04035,0.02924,1
5.8904,-0.07938,0.03040,0.00210,-0.00119,-0.01176,0.00377,1.61867,-0.00000,0.00000,-0.01108,0.00043,-0.00799,0.00373,-0.42029,0.91012,1,0.00427,-0.00241,-0.06447,0.40291,-0.05124,0.04035,0.02924,1
5.8924,-0.07938,0.03040,0.00208,-0.00118,-0.01116,0.00470,1.61867,-0.00000,0.00000,-0.01130,0.00052,-0.00882,0.00261,-0.42034,0.91012,1,0.00427,-0.00241,-0.06447,0.40291,-0.05124,0.04035,0.02924,1
5.8944,-0.07938,0.03040,0.00206,-0.00117,-0.01044,0.00573,1.61867,-0.00000,0.00000,-0.01152,0.00062,-0.00978,0.00136,-0.42038,0.91010,1,0.00427,-0.00241,-0.06447,0.40291,-0.05124,0.04035,0.02924,1
5.8964,-0.07904,0.03060,0.00281,-0.00191,-0.00795,0.00202,1.61769,-0.00000,0.00000,-0.00392,-0.00659,-0.01061,-0.00001,-0.42041,0.91006,1,0.00393,-0.00258,-0.06927,0.40249,-0.04534,0.04123,0.02539,1
5.8987,-0.07904,0.03060,0.00280,-0.00191,-0.00725,0.00331,1.61769,-0.00000,0.00000,-0.00407,-0.00653,-0.01132,-0.00151,-0.42047,0.91006,1,0.00393,-0.00258,-0.06927,0.40249,-0.04534,0.04123,0.02539,1
5.9007,-0.07904,0.03060,0.00279,-0.00190,-0.00666,0.00471,1.61769,-0.00000,0.00000,-0.00421,-0.00646,-0.01189,-0.00311,-0.42051,0.91003,1,0.00393,-0.00258,-0.06927,0.40249,-0.04534,0.04123,0.02539,1
5.9027,-0.07904,0.03060,0.00277,-0.00189,-0.00618,0.00620,1.61769,-0.00000,0.00000,-0.00434,-0.00635,-0.01234,-0.00471,-0.42051,0.91005,1,0.00393,-0.00258,-0.06927,0.40249,-0.04534,0.04123,0.02539,1
5.9047,-0.07904,0.03060,0.00276,-0.00188,-0.00582,0.00768,1.61769,-0.00000,0.00000,-0.00445,-0.00621,-0.01266,-0.00621,-0.42061,0.90998,1,0.00393,-0.00258,-0.06927,0.40249,-0.04534,0.04123,0.02539,1
5.9067,-0.07904,0.03060,0.00275,-0.00186,-0.00558,0.00908,1.61769,-0.00000,0.00000,-0.00457,-0.00605,-0.01285,-0.00758,-0.42069,0.90999,1,0.00393,-0.00258,-0.06927,0.40249,-0.04534,0.04123,0.02539,1
5.9087,-0.07904,0.03060,0.00274,-0.00184,-0.00546,0.01036,1.61769,-0.00000,0.00000,-0.00467,-0.00586,-0.01292,-0.00882,-0.42070,0.90995,1,0.00393,-0.00258,-0.06927,0.40249,-0.04534,0.04123,0.02539,1
5.9107,-0.07904,0.03060,0.00273,-0.00182,-0.00545,0.01152,1.61769,-0.00000,0.00000,-0.00478,-0.00564,-0.01285,-0.00994,-0.42067,0.90997,1,0.00393,-0.00258,-0.06927,0.40249,-0.04534,0.04123,0.02539,1
5.9127,-0.07904,0.03060,0.00272,-0.00179,-0.00555,0.01256,1.61769,-0.00000,0.00000,-0.00489,-0.00540,-0.01266,-0.01092,-0.42075,0.90994,1,0.00393,-0.00258,-0.06927,0.40249,-0.04534,0.04123,0.02539,1
5.9147,-0.07904,0.03060,0.00270,-0.00177,-0.00578,0.01349,1.61769,-0.00000,0.00000,-0.00500,-0.00515,-0.01234,-0.01178,-0.42078,0.90990,1,0.00393,-0.00258,-0.06927,0.40249,-0.04534,0.04123,0.02539,1
5.9167,-0.07904,0.03060,0.00269,-0.00174,-0.00612,0.01430,1.61769,-0.00000,0.00000,-0.00512,-0.00487,-0.01189,-0.01251,-0.42080,0.90987,1,0.00393,-0.00258,-0.06927,0.40249,-0.04534,0.04123,0.02539,1
5.9187,-0.07904,0.03060,0.00268,-0.00171,-0.00657,0.01499,1.61769,-0.00000,0.00000,-0.00524,-0.00459,-0.01132,-0.01311,-0.42085,0.90979,1,0.00393,-0.00258,-0.06927,0.40249,-0.04534,0.04123,0.02539,1
5.9208,-0.07904,0.03060,0.00267,-0.00168,-0.00714,0.01557,1.61769,-0.00000,0.00000,-0.00538,-0.00429,-0.01061,-0.01358,-0.42082,0.90981,1,0.00393,-0.00258,-0.06927,0.40249,-0.04534,0.04123,0.02539,1
5.9228,-0.07904,0.03060,0.00265,-0.00165,-0.00783,0.01603,1.61769,-0.00000,0.00000,-0.00553,-0.00397,-0.00978,-0.01393,-0.42082,0.90978,1,0.00393,-0.00258,-0.06927,0.40249,-0.04534,0.04123,0.02539,1
5.9248,-0.07904,0.03060,0.00264,-0.00162,-0.00863,0.01637,1.61769,-0.00000,0.00000,-0.00569,-0.00366,-0.00882,-0.01414,-0.42079,0.90976,1,0.00393,-0.00258,-0.06927,0.40249,-0.04534,0.04123,0.02539,1
5.9268,-0.07904,0.03060,0.00262,-0.00158,-0.00955,0.01659,1.61769,-0.00000,0.00000,-0.00587,-0.00333,-0.00773,-0.01423,-0.42075,0.90978,1,0.00393,-0.00258,-0.06927,0.40249,-0.04534,0.04123,0.02539,1
5.9288,-0.07904,0.03060,0.00260,-0.00155,-0.01059,0.01670,1.61769,-0.00000,0.00000,-0.00606,-0.00300,-0.00652,-0.01419,-0.42077,0.90977,1,0.00393,-0.00258,-0.06927,0.40249,-0.04534,0.04123,0.02539,1
5.9308,-0.07904,0.03060,0.00257,-0.00152,-0.01174,0.01669,1.61769,-0.00000,0.00000,-0.00628,-0.00267,-0.00543,-0.01403,-0.42079,0.90973,1,0.00393,-0.00258,-0.06927,0.40249,-0.04534,0.04123,0.02539,1
5.9328,-0.07904,0.03060,0.00255,-0.00148,-0.01277,0.01657,1.61769,-0.00000,0.00000,-0.00653,-0.00235,-0.00447,-0.01373,-0.42077,0.90976,1,0.00393,-0.00258,-0.06927,0.40249,-0.04534,0.04123,0.02539,1
5.9348,-0.07904,0.03060,0.00252,-0.00145,-0.01369,0.01633,1.61769,-0.00000,0.00000,-0.00679,-0.00202,-0.00364,-0.01331,-0.42079,0.90973,1,0.00393,-0.00258,-0.06927,0.40249,-0.04534,0.04123,0.02539,1
5.9368,-0.07904,0.03060,0.00250,-0.00142,-0.01449,0.01597,1.61769,-0.00000,0.00000,-0.00706,-0.00171,-0.00293,-0.01276,-0.42079,0.90970,1,0.00393,-0.00258,-0.06927,0.40249,-0.04534,0.04123,0.02539,1
5.9388,-0.07904,0.03060,0.00247,-0.00139,-0.01517,0.01549,1.61769,-0.00000,0.00000,-0.00735,-0.00140,-0.00236,-0.01208,-0.42075,0.90971,1,0.00393,-0.00258,-0.06927,0.40249,-0.04534,0.04123,0.02539,1
5.9409,-0.07904,0.03060,0.00243,-0.00136,-0.01574,0.01490,1.61769,-0.00000,0.00000,-0.00766,-0.00110,-0.00191,-0.01127,-0.42074,0.90967,1,0.00393,-0.00258,-0.06927,0.40249,-0.04534,0.04123,0.02539,1
5.9429,-0.07904,0.03060,0.00240,-0.00133,-0.01619,0.01419,1.61769,-0.00000,0.00000,-0.00797,-0.00081,-0.00159,-0.01034,-0.42074,0.90969,1,0.00393,-0.00258,-0.06927,0.40249,-0.04534,0.04123,0.02539,1
5.9449,-0.07904,0.03060,0.00237,-0.00130,-0.01652,0.01336,1.61769,-0.00000,0.00000,-0.00830,-0.00054,-0.00140,-0.00928,-0.42077,0.90966,1,0.00393,-0.00258,-0.06927,0.40249,-0.04534,0.04123,0.02539,1
5.9469,-0.07904,0.03060,0.00234,-0.00127,-0.01674,0.01242,1.61769,-0.00000,0.00000,-0.00862,-0.00029,-0.00133,-0.00808,-0.42075,0.90967,1,0.00393,-0.00258,-0.06927,0.40249,-0.04534,0.04123,0.02539,1
5.9489,-0.07904,0.03060,0.00230,-0.00125,-0.01684,0.01136,1.61769,-0.00000,0.00000,-0.00895,-0.00005,-0.00140,-0.00677,-0.42074,0.90966,1,0.00393,-0.00258,-0.06927,0.40249,-0.04534,0.04123,0.02539,1
5.9509,-0.07904,0.03060,0.00227,-0.00123,-0.01682,0.01018,1.61769,-0.00000,0.00000,-0.00928,0.00016,-0.00159,-0.00532,-0.42079,0.90961,1,0.00393,-0.00258,-0.06927,0.40249,-0.04534,0.04123,0.02539,1
5.9529,-0.07904,0.03060,0.00224,-0.00121,-0.01669,0.00889,1.61769,-0.00000,0.00000,-0.00961,0.00035,-0.00191,-0.00374,-0.42082,0.90965,1,0.00393,-0.00258,-0.06927,0.40249,-0.04534,0.04123,0.02539,1
5.9550,-0.07904,0.03060,0.00220,-0.00119,-0.01644,0.00748,1.61769,-0.00000,0.00000,-0.00994,0.00051,-0.00236,-0.00214,-0.42081,0.90963,1,0.00393,-0.00258,-0.06927,0.40249,-0.04534,0.04123,0.02539,1
5.9570,-0.07904,0.03060,0.00217,-0.00118,-0.01607,0.00604,1.61769,-0.00000,0.00000,-0.01026,0.00064,-0.00293,-0.00054,-0.42085,0.90962,1,0.00393,-0.00258,-0.06927,0.40249,-0.04534,0.04123,0.02539,1
5.9590,-0.07904,0.03060,0.00214,-0.00117,-0.01558,0.00461,1.61769,-0.00000,0.00000,-0.01057,0.00075,-0.00364,0.00093,-0.42087,0.90964,1,0.00393,-0.00258,-0.06927,0.40249,-0.04534,0.04123,0.02539,1
5.9610,-0.07904,0.03060,0.00211,-0.00116,-0.01498,0.00329,1.61769,-0.00000,0.00000,-0.01087,0.00082,-0.00447,0.00227,-0.42085,0.90961,1,0.00393,-0.00258,-0.06927,0.40249,-0.04534,0.04123,0.02539,1
5.9630,-0.08104,0.02996,0.00375,-0.00130,-0.00978,0.00308,1.61684,-0.00000,0.00000,0.00443,-0.00079,-0.00517,0.00349,-0.42085,0.90961,1,0.00577,-0.00200,-0.06688,0.40300,-0.04811,0.04045,0.02912,1
5.9650,-0.08104,0.02996,0.00373,-0.00129,-0.00921,0.00200,1.61684,-0.00000,0.00000,0.00425,-0.00074,-0.00575,0.00458,-0.42084,0.90963,1,0.00577,-0.00200,-0.06688,0.40300,-0.04811,0.04045,0.02912,1
5.9670,-0.08104,0.02996,0.00371,-0.00129,-0.00875,0.00103,1.61684,-0.00000,0.00000,0.00407,-0.00071,-0.00620,0.00554,-0.42087,0.90963,1,0.00577,-0.00200,-0.06688,0.40300,-0.04811,0.04045,0.02912,1
5.9690,-0.08104,0.02996,0.00369,-0.00129,-0.00841,0.00018,1.61684,-0.00000,0.00000,0.00390,-0.00070,-0.00652,0.00637,-0.42086,0.90970,1,0.00577,-0.00200,-0.06688,0.40300,-0.04811,0.04045,0.02912,1
5.9710,-0.08104,0.02996,0.00367,-0.00129,-0.00819,-0.00055,1.61684,-0.00000,0.00000,0.00374,-0.00070,-0.00671,0.00707,-0.42093,0.90969,1,0.00577,-0.00200,-0.06688,0.40300,-0.04811,0.04045,0.02912,1
5.9730,-0.08104,0.02996,0.00366,-0.00129,-0.00808,-0.00117,1.61684,-0.00000,0.00000,0.00358,-0.00072,-0.00677,0.00765,-0.42095,0.90970,1,0.00577,-0.00200,-0.06688,0.40300,-0.04811,0.04045,0.02912,1
5.9750,-0.08104,0.02996,0.00364,-0.00129,-0.00808,-0.00167,1.61684,-0.00000,0.00000,0.00342,-0.00075,-0.00671,0.00810,-0.42098,0.90974,1,0.00577,-0.00200,-0.06688,0.40300,-0.04811,0.04045,0.02912,1
5.9770,-0.08104,0.02996,0.00363,-0.00130,-0.00821,-0.00205,1.61684,-0.00000,0.00000,0.00326,-0.00078,-0.00652,0.00842,-0.42098,0.90972,1,0.00577,-0.00200,-0.06688,0.40300,-0.04811,0.04045,0.02912,1
5.9790,-0.08104,0.02996,0.00361,-0.00130,-0.00844,-0.00232,1.61684,-0.00000,0.00000,0.00309,-0.00083,-0.00620,0.00861,-0.42105,0.90973,1,0.00577,-0.00200,-0.06688,0.40300,-0.04811,0.04045,0.02912,1
5.9810,-0.08104,0.02996,0.00359,-0.00131,-0.00880,-0.00247,1.61684,-0.00000,0.00000,0.00292,-0.00087,-0.00575,0.00867,-0.42102,0.90972,1,0.00577,-0.00200,-0.06688,0.40300,-0.04811,0.04045,0.02912,1
5.9830,-0.08104,0.02996,0.00357,-0.00131,-0.00927,-0.00251,1.61684,-0.00000,0.00000,0.00275,-0.00092,-0.00517,0.00861,-0.42103,0.90976,1,0.00577,-0.00200,-0.06688,0.40300,-0.04811,0.04045,0.02912,1
5.9850,-0.08104,0.02996,0.00355,-0.00132,-0.00986,-0.00243,1.61684,-0.00000,0.00000,0.00256,-0.00097,-0.00447,0.00842,-0.42101,0.90975,1,0.00577,-0.00200,-0.06688,0.40300,-0.04811,0.04045,0.02912,1
5.9870,-0.08104,0.02996,0.00353,-0.00132,-0.01056,-0.00223,1.61684,-0.00000,0.00000,0.00236,-0.00102,-0.00364,0.00810,-0.42101,0.90980,1,0.00577,-0.00200,-0.06688,0.40300,-0.04811,0.04045,0.02912,1
5.9890,-0.08104,0.02996,0.00351,-0.00133,-0.01138,-0.00191,1.61684,-0.00000,0.00000,0.00214,-0.00106,-0.00268,0.00765,-0.42099,0.90982,1,0.00577,-0.00200,-0.06688,0.40300,-0.04811,0.04045,0.02912,1
5.9910,-0.08104,0.02996,0.00349,-0.00133,-0.01231,-0.00148,1.61684,-0.00000,0.00000,0.00191,-0.00109,-0.00159,0.00707,-0.42101,0.90979,1,0.00577,-0.00200,-0.06688,0.40300,-0.04811,0.04045,0.02912,1
5.9930,-0.08104,0.02996,0.00346,-0.00133,-0.01336,-0.00093,1.61684,-0.00000,0.00000,0.00166,-0.00111,-0.00037,0.00637,-0.42105,0.90979,1,0.00577,-0.00200,-0.06688,0.40300,-0.04811,0.04045,0.02912,1
5.9950,-0.08104,0.02996,0.00343,-0.00133,-0.01453,-0.00027,1.61684,-0.00000,0.00000,0.00138,-0.00113,0.00097,0.00554,-0.42102,0.90982,1,0.00577,-0.00200,-0.06688,0.40300,-0.04811,0.04045,0.02912,1
5.9970,-0.08104,0.02996,0.00340,-0.00133,-0.01581,0.00051,1.61684,-0.00000,0.00000,0.00108,-0.00112,0.00219,0.00458,-0.42101,0.90983,1,0.00577,-0.00200,-0.06688,0.40300,-0.04811,0.04045,0.02912,1
5.9990,-0.08104,0.02996,0.00337,-0.00133,-0.01698,0.00141,1.61684,-0.00000,0.00000,0.00076,-0.00111,0.00328,0.00349,-0.42103,0.90979,1,0.00577,-0.00200,-0.06688,0.40300,-0.04811,0.04045,0.02912,1
6.0010,-0.08104,0.02996,0.00334,-0.00133,-0.01803,0.00242,1.61684,-0.00000,0.00000,0.00042,-0.00107,0.00424,0.00227,-0.42091,0.90985,1,0.00577,-0.00200,-0.06688,0.40300,-0.04811,0.04045,0.02912,1
6.0030,-0.08104,0.02996,0.00330,-0.00132,-0.01896,0.00355,1.61684,-0.00000,0.00000,0.00005,-0.00101,0.00507,0.00093,-0.42093,0.90985,1,0.00577,-0.00200,-0.06688,0.40300,-0.04811,0.04045,0.02912,1
6.0050,-0.08104,0.02996,0.00326,-0.00131,-0.01977,0.00479,1.61684,-0.00000,0.00000,-0.00033,-0.00093,0.00577,-0.00054,-0.42090,0.90987,1,0.00577,-0.00200,-0.06688,0.40300,-0.04811,0.04045,0.02912,1
6.0070,-0.08104,0.02996,0.00322,-0.00130,-0.02047,0.00615,1.61684,-0.00000,0.00000,-0.00073,-0.00082,0.00635,-0.00189,-0.42087,0.90988,1,0.00577,-0.00200,-0.06688,0.40300,-0.04811,0.04045,0.02912,1
6.0090,-0.08104,0.02996,0.00318,-0.00129,-0.02105,0.00740,1.61684,-0.00000,0.00000,-0.00113,-0.00069,0.00680,-0.00310,-0.42086,0.90983,1,0.00577,-0.00200,-0.06688,0.40300,-0.04811,0.04045,0.02912,1
6.0110,-0.08104,0.02996,0.00314,-0.00127,-0.02151,0.00853,1.61684,-0.00000,0.00000,-0.00155,-0.00053,0.00712,-0.00419,-0.42080,0.90986,1,0.00577,-0.00200,-0.06688,0.40300,-0.04811,0.04045,0.02912,1
6.0130,-0.08104,0.02996,0.00309,-0.00125,-0.02186,0.00954,1.61684,-0.00000,0.00000,-0.00198,-0.00035,0.00731,-0.00515,-0.42078,0.90985,1,0.00577,-0.00200,-0.06688,0.40300,-0.04811,0.04045,0.02912,1
6.0150,-0.08104,0.02996,0.00305,-0.00123,-0.02209,0.01043,1.61684,-0.00000,0.00000,-0.00241,-0.00016,0.00737,-0.00598,-0.42080,0.90980,1,0.00577,-0.00200,-0.06688,0.40300,-0.04811,0.04045,0.02912,1
6.0170,-0.08104,0.02996,0.00301,-0.00121,-0.02220,0.01121,1.61684,-0.00000,0.00000,-0.00285,0.00006,0.00731,-0.00669,-0.42080,0.90979,1,0.00577,-0.00200,-0.06688,0.40300,-0.04811,0.04045,0.02912,1
6.0190,-0.08104,0.02996,0.00296,-0.00119,-0.02219,0.01187,1.61684,-0.00000,0.00000,-0.00328,0.00029,0.00712,-0.00726,-0.42076,0.90978,1,0.00577,-0.00200,-0.06688,0.40300,-0.04811,0.04045,0.02912,1
6.0210,-0.08104,0.02996,0.00292,-0.00116,-0.02207,0.01242,1.61684,-0.00000,0.00000,-0.00372,0.00052,0.00680,-0.00771,-0.42075,0.90973,1,0.00577,-0.00200,-0.06688,0.40300,-0.04811,0.04045,0.02912,1
6.0230,-0.08104,0.02996,0.00287,-0.00114,-0.02183,0.01284,1.61684,-0.00000,0.00000,-0.00415,0.00077,0.00635,-0.00803,-0.42076,0.90972,1,0.00577,-0.00200,-0.06688,0.40300,-0.04811,0.04045,0.02912,1
6.0250,-0.08104,0.02996,0.00283,-0.00111,-0.02147,0.01315,1.61684,-0.00000,0.00000,-0.00458,0.00103,0.00577,-0.00822,-0.42075,0.90973,1,0.00577,-0.00200,-0.06688,0.40300,-0.04811,0.04045,0.02912,1
6.0270,-0.08104,0.02996,0.00279,-0.00109,-0.02100,0.01335,1.61684,-0.00000,0.00000,-0.00500,0.00129,0.00507,-0.00829,-0.42072,0.90968,1,0.00577,-0.00200,-0.06688,0.40300,-0.04811,0.04045,0.02912,1
6.0290,-0.08104,0.02996,0.00275,-0.00106,-0.02041,0.01342,1.61684,-0.00000,0.00000,-0.00540,0.00155,0.00424,-0.00822,-0.42074,0.90970,1,0.00577,-0.00200,-0.06688,0.40300,-0.04811,0.04045,0.02912,1
6.0312,-0.08138,0.03025,0.00408,-0.00155,-0.01647,0.01211,1.62511,-0.00000,0.00000,0.00759,-0.00313,0.00353,-0.00803,-0.42072,0.90969,1,0.00607,-0.00226,-0.06396,0.40238,-0.05201,0.04082,0.02740,1
6.0332,-0.08138,0.03025,0.00405,-0.00152,-0.01590,0.01196,1.62511,-0.00000,0.00000,0.00727,-0.00289,0.00296,-0.00771,-0.42074,0.90969,1,0.00607,-0.00226,-0.06396,0.40238,-0.05201,0.04082,0.02740,1
6.0352,-0.08138,0.03025,0.00402,-0.00150,-0.01545,0.01169,1.62511,-0.00000,0.00000,0.00696,-0.00266,0.00251,-0.00726,-0.42078,0.90962,1,0.00607,-0.00226,-0.06396,0.40238,-0.05201,0.04082,0.02740,1
6.0372,-0.08138,0.03025,0.00399,-0.00148,-0.01511,0.01131,1.62511,-0.00000,0.00000,0.00666,-0.00243,0.00219,-0.00669,-0.42075,0.90968,1,0.00607,-0.00226,-0.06396,0.40238,-0.05201,0.04082,0.02740,1
6.0392,-0.08138,0.03025,0.00396,-0.00145,-0.01489,0.01082,1.62511,-0.00000,0.00000,0.00637,-0.00222,0.00200,-0.00598,-0.42076,0.90961,1,0.00607,-0.00226,-0.06396,0.40238,-0.05201,0.04082,0.02740,1
6.0412,-0.08138,0.03025,0.00393,-0.00143,-0.01478,0.01020,1.62511,-0.00000,0.00000,0.00608,-0.00201,0.00193,-0.00515,-0.42077,0.90964,1,0.00607,-0.00226,-0.06396,0.40238,-0.05201,0.04082,0.02740,1
6.0432,-0.08138,0.03025,0.00390,-0.00141,-0.01480,0.00947,1.62511,-0.00000,0.00000,0.00579,-0.00182,0.00200,-0.00419,-0.42080,0.90958,1,0.00607,-0.00226,-0.06396,0.40238,-0.05201,0.04082,0.02740,1
6.0452,-0.08138,0.03025,0.00387,-0.00140,-0.01492,0.00862,1.62511,-0.00000,0.00000,0.00549,-0.00164,0.00219,-0.00310,-0.42081,0.90961,1,0.00607,-0.00226,-0.06396,0.40238,-0.05201,0.04082,0.02740,1
6.0472,-0.08138,0.03025,0.00384,-0.00138,-0.01516,0.00766,1.62511,-0.00000,0.00000,0.00520,-0.00148,0.00251,-0.00189,-0.42076,0.90965,1,0.00607,-0.00226,-0.06396,0.40238,-0.05201,0.04082,0.02740,1
6.0492,-0.08138,0.03025,0.00381,-0.00137,-0.01552,0.00658,1.62511,-0.00000,0.00000,0.00490,-0.00134,0.00296,-0.00080,-0.42073,0.90966,1,0.00607,-0.00226,-0.06396,0.40238,-0.05201,0.04082,0.02740,1
6.0513,-0.08138,0.03025,0.00377,-0.00135,-0.01600,0.00561,1.62511,-0.00000,0.00000,0.00459,-0.00122,0.00353,0.00016,-0.42077,0.90964,1,0.00607,-0.00226,-0.06396,0.40238,-0.05201,0.04082,0.02740,1
6.0533,-0.08138,0.03025,0.00374,-0.00134,-0.01659,0.00476,1.62511,-0.00000,0.00000,0.00426,-0.00112,0.00424,0.00099,-0.42075,0.90965,1,0.00607,-0.00226,-0.06396,0.40238,-0.05201,0.04082,0.02740,1
6.0553,-0.08138,0.03025,0.00371,-0.00133,-0.01729,0.00403,1.62511,-0.00000,0.00000,0.00393,-0.00103,0.00481,0.00170,-0.42071,0.90967,1,0.00607,-0.00226,-0.06396,0.40238,-0.05201,0.04082,0.02740,1
6.0573,-0.08138,0.03025,0.00367,-0.00133,-0.01788,0.00341,1.62511,-0.00000,0.00000,0.00359,-0.00096,0.00526,0.00227,-0.42073,0.90967,1,0.00607,-0.00226,-0.06396,0.40238,-0.05201,0.04082,0.02740,1
6.0593,-0.08138,0.03025,0.00364,-0.00132,-0.01836,0.00291,1.62511,-0.00000,0.00000,0.00323,-0.00089,0.00558,0.00272,-0.42069,0.90969,1,0.00607,-0.00226,-0.06396,0.40238,-0.05201,0.04082,0.02740,1
6.0613,-0.08138,0.03025,0.00360,-0.00131,-0.01871,0.00253,1.62511,-0.00000,0.00000,0.00286,-0.00084,0.00577,0.00304,-0.42073,0.90966,1,0.00607,-0.00226,-0.06396,0.40238,-0.05201,0.04082,0.02740,1
6.0633,-0.08138,0.03025,0.00356,-0.00131,-0.01895,0.00226,1.62511,-0.00000,0.00000,0.00249,-0.00079,0.00584,0.00323,-0.42069,0.90969,1,0.00607,-0.00226,-0.06396,0.40238,-0.05201,0.04082,0.02740,1
6.0653,-0.08138,0.03025,0.00352,-0.00131,-0.01907,0.00211,1.62511,-0.00000,0.00000,0.00212,-0.00075,0.00577,0.00330,-0.42067,0.90970,1,0.00607,-0.00226,-0.06396,0.40238,-0.05201,0.04082,0.02740,1
6.0673,-0.08138,0.03025,0.00349,-0.00130,-0.01907,0.00208,1.62511,-0.00000,0.00000,0.00174,-0.00071,0.00558,0.00323,-0.42066,0.90970,1,0.00607,-0.00226,-0.06396,0.40238,-0.05201,0.04082,0.02740,1
6.0693,-0.08138,0.03025,0.00345,-0.00130,-0.01896,0.00216,1.62511,-0.00000,0.00000,0.00137,-0.00067,0.00526,0.00304,-0.42065,0.90971,1,0.00607,-0.00226,-0.06396,0.40238,-0.05201,0.04082,0.02740,1
6.0714,-0.08138,0.03025,0.00341,-0.00129,-0.01873,0.00235,1.62511,-0.00000,0.00000,0.00100,-0.00062,0.00481,0.00272,-0.42063,0.90969,1,0.00607,-0.00226,-0.06396,0.40238,-0.05201,0.04082,0.02740,1
6.0734,-0.08138,0.03025,0.00337,-0.00129,-0.01838,0.00267,1.62511,-0.00000,0.00000,0.00063,-0.00057,0.00424,0.00227,-0.42069,0.90969,1,0.00607,-0.00226,-0.06396,0.40238,-0.05201,0.04082,0.02740,1
6.0754,-0.08138,0.03025,0.00334,-0.00128,-0.01792,0.00310,1.62511,-0.00000,0.00000,0.00028,-0.00052,0.00353,0.00170,-0.42066,0.90973,1,0.00607,-0.00226,-0.06396,0.40238,-0.05201,0.04082,0.02740,1
6.0774,-0.08138,0.03025,0.00330,-0.00128,-0.01734,0.00364,1.62511,-0.00000,0.00000,-0.00007,-0.00045,0.00270,0.00099,-0.42074,0.90972,1,0.00607,-0.00226,-0.06396,0.40238,-0.05201,0.04082,0.02740,1
6.0794,-0.08138,0.03025,0.00327,-0.00127,-0.01664,0.00431,1.62511,-0.00000,0.00000,-0.00040,-0.00037,0.00174,0.00016,-0.42070,0.90975,1,0.00607,-0.00226,-0.06396,0.40238,-0.05201,0.04082,0.02740,1
6.0814,-0.08138,0.03025,0.00323,-0.00126,-0.01582,0.00509,1.62511,-0.00000,0.00000,-0.00072,-0.00028,0.00065,-0.00054,-0.42071,0.90975,1,0.00607,-0.00226,-0.06396,0.40238,-0.05201,0.04082,0.02740,1
6.0834,-0.08138,0.03025,0.00320,-0.00125,-0.01489,0.00575,1.62511,-0.00000,0.00000,-0.00103,-0.00017,-0.00056,-0.00112,-0.42074,0.90967,1,0.00607,-0.00226,-0.06396,0.40238,-0.05201,0.04082,0.02740,1
6.0854,-0.08138,0.03025,0.00318,-0.00124,-0.01384,0.00629,1.62511,-0.00000,0.00000,-0.00131,-0.00005,-0.00165,-0.00157,-0.42075,0.90967,1,0.00607,-0.00226,-0.06396,0.40238,-0.05201,0.04082,0.02740,1
6.0874,-0.08138,0.03025,0.00315,-0.00122,-0.01291,0.00672,1.62511,-0.00000,0.00000,-0.00157,0.00007,-0.00261,-0.00189,-0.42074,0.90969,1,0.00607,-0.00226,-0.06396,0.40238,-0.05201,0.04082,0.02740,1
6.0913,-0.08138,0.03025,0.00312,-0.00121,-0.01209,0.00704,1.62511,-0.00000,0.00000,-0.00182,0.00021,-0.00344,-0.00208,-0.42079,0.90965,1,0.00607,-0.00226,-0.06396,0.40238,-0.05201,0.04082,0.02740,1
6.0933,-0.08138,0.03025,0.00310,-0.00119,-0.01139,0.00723,1.62511,-0.00000,0.00000,-0.00205,0.00035,-0.00415,-0.00214,-0.42084,0.90959,1,0.00607,-0.00226,-0.06396,0.40238,-0.05201,0.04082,0.02740,1
6.0953,-0.08138,0.03025,0.00308,-0.00118,-0.01081,0.00731,1.62511,-0.00000,0.00000,-0.00227,0.00049,-0.00472,-0.00208,-0.42085,0.90962,1,0.00607,-0.00226,-0.06396,0.40238,-0.05201,0.04082,0.02740,1
6.0974,-0.08138,0.03025,0.00306,-0.00116,-0.01034,0.00727,1.62511,-0.00000,0.00000,-0.00248,0.00064,-0.00517,-0.00189,-0.42084,0.90961,1,0.00607,-0.00226,-0.06396,0.40238,-0.05201,0.04082,0.02740,1
6.0994,-0.08145,0.02948,0.00433,-0.00131,-0.00628,0.00622,1.61829,-0.00000,0.00000,0.00999,-0.00107,-0.00549,-0.00157,-0.42086,0.90959,1,0.00615,-0.00156,-0.06527,0.40230,-0.04987,0.04079,0.02921,1
6.1014,-0.08145,0.02948,0.00431,-0.00130,-0.00606,0.00595,1.61829,-0.00000,0.00000,0.00987,-0.00095,-0.00568,-0.00112,-0.42090,0.90958,1,0.00615,-0.00156,-0.06527,0.40230,-0.04987,0.04079,0.02921,1
6.1034,-0.08145,0.02948,0.00430,-0.00128,-0.00596,0.00557,1.61829,-0.00000,0.00000,0.00975,-0.00084,-0.00575,-0.00080,-0.42087,0.90959,1,0.00615,-0.00156,-0.06527,0.40230,-0.04987,0.04079,0.02921,1
6.1054,-0.08145,0.02948,0.00429,-0.00127,-0.00598,0.00530,1.61829,-0.00000,0.00000,0.00963,-0.00073,-0.00568,-0.00061,-0.42082,0.90962,1,0.00615,-0.00156,-0.06527,0.40230,-0.04987,0.04079,0.02921,1
6.1074,-0.08145,0.02948,0.00428,-0.00126,-0.00612,0.00515,1.61829,-0.00000,0.00000,0.00951,-0.00063,-0.00549,-0.00054,-0.42087,0.90961,1,0.00615,-0.00156,-0.06527,0.40230,-0.04987,0.04079,0.02921,1
6.1094,-0.08145,0.02948,0.00427,-0.00125,-0.00637,0.00511,1.61829,-0.00000,0.00000,0.00939,-0.00053,-0.00517,-0.00053,-0.42084,0.90962,1,0.00615,-0.00156,-0.06527,0.40230,-0.04987,0.04079,0.02921,1
6.1114,-0.08145,0.02948,0.00425,-0.00124,-0.00673,0.00512,1.61829,-0.00000,0.00000,0.00926,-0.00043,-0.00472,-0.00043,-0.42090,0.90960,1,0.00615,-0.00156,-0.06527,0.40230,-0.04987,0.04079,0.02921,1
6.1134,-0.08145,0.02948,0.00424,-0.00123,-0.00722,0.00505,1.61829,-0.00000,0.00000,0.00912,-0.00033,-0.00415,-0.00033,-0.42085,0.90962,1,0.00615,-0.00156,-0.06527,0.40230,-0.04987,0.04079,0.02921,1
6.1154,-0.08145,0.02948,0.00422,-0.00122,-0.00781,0.00498,1.61829,-0.00000,0.00000,0.00897,-0.00023,-0.00344,-0.00023,-0.42084,0.90962,1,0.00615,-0.00156,-0.06527,0.40230,-0.04987,0.04079,0.02921,1
6.1174,-0.08145,0.02948,0.00421,-0.00121,-0.00853,0.00491,1.61829,-0.00000,0.00000,0.00881,-0.00013,-0.00261,-0.00013,-0.42084,0.90962,1,0.00615,-0.00156,-0.06527,0.40230,-0.04987,0.04079,0.02921,1
6.1195,-0.08145,0.02948,0.00419,-0.00120,-0.00936,0.00485,1.61829,-0.00000,0.00000,0.00864,-0.00003,-0.00165,-0.00003,-0.42083,0.90965,1,0.00615,-0.00156,-0.06527,0.40230,-0.04987,0.04079,0.02921,1
6.1215,-0.08145,0.02948,0.00417,-0.00119,-0.01031,0.00478,1.61829,-0.00000,0.00000,0.00844,0.00006,-0.00056,0.00006,-0.42076,0.90968,1,0.00615,-0.00156,-0.06527,0.40230,-0.04987,0.04079,0.02921,1
6.1235,-0.08145,0.02948,0.00415,-0.00118,-0.01137,0.00472,1.61829,-0.00000,0.00000,0.00823,0.00015,0.00065,0.00015,-0.42084,0.90961,1,0.00615,-0.00156,-0.06527,0.40230,-0.04987,0.04079,0.02921,1
6.1255,-0.08145,0.02948,0.00412,-0.00117,-0.01255,0.00465,1.61829,-0.00000,0.00000,0.00800,0.00025,0.00200,0.00025,-0.42081,0.90960,1,0.00615,-0.00156,-0.06527,0.40230,-0.04987,0.04079,0.02921,1
6.1275,-0.08145,0.02948,0.00410,-0.00116,-0.01384,0.00459,1.61829,-0.00000,0.00000,0.00774,0.00034,0.00347,0.00034,-0.42079,0.90963,1,0.00615,-0.00156,-0.06527,0.40230,-0.04987,0.04079,0.02921,1
6.1295,-0.08145,0.02948,0.00407,-0.00116,-0.01526,0.00453,1.61829,-0.00000,0.00000,0.00745,0.00043,0.00507,0.00043,-0.42074,0.90966,1,0.00615,-0.00156,-0.06527,0.40230,-0.04987,0.04079,0.02921,1
6.1315,-0.08145,0.02948,0.00404,-0.00115,-0.01678,0.00447,1.61829,-0.00000,0.00000,0.00713,0.00051,0.00667,0.00051,-0.42076,0.90966,1,0.00615,-0.00156,-0.06527,0.40230,-0.04987,0.04079,0.02921,1
6.1335,-0.08145,0.02948,0.00400,-0.00114,-0.01831,0.00441,1.61829,-0.00000,0.00000,0.00679,0.00060,0.00814,0.00060,-0.42072,0.90964,1,0.00615,-0.00156,-0.06527,0.40230,-0.04987,0.04079,0.02921,1
6.1355,-0.08145,0.02948,0.00396,-0.00113,-0.01972,0.00435,1.61829,-0.00000,0.00000,0.00641,0.00069,0.00948,0.00069,-0.42066,0.90966,1,0.00615,-0.00156,-0.06527,0.40230,-0.04987,0.04079,0.02921,1
6.1375,-0.08145,0.02948,0.00392,-0.00112,-0.02101,0.00429,1.61829,-0.00000,0.00000,0.00601,0.00077,0.01070,0.00077,-0.42064,0.90966,1,0.00615,-0.00156,-0.06527,0.40230,-0.04987,0.04079,0.02921,1
6.1395,-0.08145,0.02948,0.00388,-0.00111,-0.02218,0.00423,1.61829,-0.00000,0.00000,0.00559,0.00086,0.01179,0.00086,-0.42058,0.90969,1,0.00615,-0.00156,-0.06527,0.40230,-0.04987,0.04079,0.02921,1
6.1415,-0.08145,0.02948,0.00383,-0.00110,-0.02324,0.00417,1.61829,-0.00000,0.00000,0.00514,0.00094,0.01275,0.00094,-0.42053,0.90969,1,0.00615,-0.00156,-0.06527,0.40230,-0.04987,0.04079,0.02921,1
6.1436,-0.08145,0.02948,0.00379,-0.00109,-0.02418,0.00412,1.61829,-0.00000,0.00000,0.00468,0.00102,0.01358,0.00102,-0.42057,0.90967,1,0.00615,-0.00156,-0.06527,0.40230,-0.04987,0.04079,0.02921,1
6.1455,-0.08145,0.02948,0.00374,-0.00109,-0.02500,0.00406,1.61829,-0.00000,0.00000,0.00419,0.00110,0.01428,0.00110,-0.42050,0.90969,1,0.00615,-0.00156,-0.06527,0.40230,-0.04987,0.04079,0.02921,1
6.1476,-0.08145,0.02948,0.00369,-0.00108,-0.02571,0.00401,1.61829,-0.00000,0.00000,0.00369,0.00118,0.01486,0.00118,-0.42049,0.90970,1,0.00615,-0.00156,-0.06527,0.40230,-0.04987,0.04079,0.02921,1
6.1496,-0.08145,0.02948,0.00363,-0.00107,-0.02630,0.00396,1.61829,-0.00000,0.00000,0.00318,0.00126,0.01531,0.00126,-0.42044,0.90971,1,0.00615,-0.00156,-0.06527,0.40230,-0.04987,0.04079,0.02921,1
6.1516,-0.08145,0.02948,0.00358,-0.00106,-0.02677,0.00390,1.61829,-0.00000,0.00000,0.00266,0.00134,0.01563,0.00134,-0.42044,0.90972,1,0.00615,-0.00156,-0.06527,0.40230,-0.04987,0.04079,0.02921,1
6.1536,-0.08145,0.02948,0.00353,-0.00105,-0.02712,0.00385,1.61829,-0.00000,0.00000,0.00213,0.00141,0.01582,0.00141,-0.42041,0.90974,1,0.00615,-0.00156,-0.06527,0.40230,-0.04987,0.04079,0.02921,1
6.1556,-0.08145,0.02948,0.00347,-0.00105,-0.02736,0.00380,1.61829,-0.00000,0.00000,0.00159,0.00149,0.01588,0.00149,-0.42044,0.90971,1,0.00615,-0.00156,-0.06527,0.40230,-0.04987,0.04079,0.02921,1
6.1576,-0.08145,0.02948,0.00342,-0.00104,-0.02748,0.00375,1.61829,-0.00000,0.00000,0.00105,0.00156,0.01582,0.00156,-0.42042,0.90973,1,0.00615,-0.00156,-0.06527,0.40230,-0.04987,0.04079,0.02921,1
6.1596,-0.08145,0.02948,0.00336,-0.00103,-0.02748,0.00370,1.61829,-0.00000,0.00000,0.00051,0.00164,0.01563,0.00164,-0.42037,0.90972,1,0.00615,-0.00156,-0.06527,0.40230,-0.04987,0.04079,0.02921,1
6.1618,-0.08107,0.02827,0.00414,-0.00064,-0.02546,0.00500,1.62573,-0.00000,0.00000,0.00834,0.00503,0.01531,0.00184,-0.42039,0.90971,1,0.00576,-0.00045,-0.06657,0.40244,-0.04813,0.04075,0.03034,1
6.1638,-0.08107,0.02827,0.00409,-0.00063,-0.02525,0.00482,1.62573,-0.00000,0.00000,0.00784,0.00513,0.01486,0.00217,-0.42036,0.90971,1,0.00576,-0.00045,-0.06657,0.40244,-0.04813,0.04075,0.03034,1
6.1658,-0.08107,0.02827,0.00404,-0.00062,-0.02491,0.00454,1.62573,-0.00000,0.00000,0.00734,0.00522,0.01428,0.00262,-0.42029,0.90977,1,0.00576,-0.00045,-0.06657,0.40244,-0.04813,0.04075,0.03034,1
6.1678,-0.08107,0.02827,0.00399,-0.00061,-0.02446,0.00413,1.62573,-0.00000,0.00000,0.00686,0.00531,0.01358,0.00321,-0.42034,0.90971,1,0.00576,-0.00045,-0.06657,0.40244,-0.04813,0.04075,0.03034,1
6.1698,-0.08107,0.02827,0.00394,-0.00060,-0.02389,0.00361,1.62573,-0.00000,0.00000,0.00638,0.00538,0.01275,0.00392,-0.42033,0.90976,1,0.00576,-0.00045,-0.06657,0.40244,-0.04813,0.04075,0.03034,1
6.1718,-0.08107,0.02827,0.00390,-0.00060,-0.02320,0.00297,1.62573,-0.00000,0.00000,0.00592,0.00545,0.01179,0.00476,-0.42031,0.90973,1,0.00576,-0.00045,-0.06657,0.40244,-0.04813,0.04075,0.03034,1
6.1738,-0.08107,0.02827,0.00385,-0.00059,-0.02240,0.00222,1.62573,-0.00000,0.00000,0.00547,0.00550,0.01070,0.00550,-0.42033,0.90972,1,0.00576,-0.00045,-0.06657,0.40244,-0.04813,0.04075,0.03034,1
6.1758,-0.08107,0.02827,0.00381,-0.00059,-0.02147,0.00156,1.62573,-0.00000,0.00000,0.00504,0.00554,0.00948,0.00611,-0.42032,0.90972,1,0.00576,-0.00045,-0.06657,0.40244,-0.04813,0.04075,0.03034,1
6.1778,-0.08107,0.02827,0.00377,-0.00058,-0.02044,0.00102,1.62573,-0.00000,0.00000,0.00463,0.00556,0.00814,0.00658,-0.42036,0.90973,1,0.00576,-0.00045,-0.06657,0.40244,-0.04813,0.04075,0.03034,1
6.1799,-0.08107,0.02827,0.00373,-0.00058,-0.01928,0.00059,1.62573,-0.00000,0.00000,0.00424,0.00558,0.00667,0.00693,-0.42031,0.90971,1,0.00576,-0.00045,-0.06657,0.40244,-0.04813,0.04075,0.03034,1
6.1819,-0.08107,0.02827,0.00369,-0.00058,-0.01801,0.00029,1.62573,-0.00000,0.00000,0.00387,0.00559,0.00507,0.00716,-0.42028,0.90979,1,0.00576,-0.00045,-0.06657,0.40244,-0.04813,0.04075,0.03034,1
6.1839,-0.08107,0.02827,0.00365,-0.00058,-0.01662,0.00009,1.62573,-0.00000,0.00000,0.00353,0.00559,0.00353,0.00725,-0.42038,0.90971,1,0.00576,-0.00045,-0.06657,0.40244,-0.04813,0.04075,0.03034,1
6.1859,-0.08107,0.02827,0.00362,-0.00058,-0.01528,0.00002,1.62573,-0.00000,0.00000,0.00321,0.00559,0.00212,0.00722,-0.42031,0.90976,1,0.00576,-0.00045,-0.06657,0.40244,-0.04813,0.04075,0.03034,1
6.1879,-0.08107,0.02827,0.00359,-0.00058,-0.01407,0.00006,1.62573,-0.00000,0.00000,0.00293,0.00559,0.00083,0.00706,-0.42030,0.90977,1,0.00576,-0.00045,-0.06657,0.40244,-0.04813,0.04075,0.03034,1
6.1899,-0.08107,0.02827,0.00357,-0.00058,-0.01296,0.00022,1.62573,-0.00000,0.00000,0.00266,0.00559,-0.00032,0.00677,-0.42035,0.90979,1,0.00576,-0.00045,-0.06657,0.40244,-0.04813,0.04075,0.03034,1
6.1919,-0.08107,0.02827,0.00354,-0.00058,-0.01198,0.00049,1.62573,-0.00000,0.00000,0.00241,0.00560,-0.00135,0.00635,-0.42035,0.90979,1,0.00576,-0.00045,-0.06657,0.40244,-0.04813,0.04075,0.03034,1
6.1939,-0.08107,0.02827,0.00352,-0.00058,-0.01110,0.00088,1.62573,-0.00000,0.00000,0.00219,0.00561,-0.00225,0.00580,-0.42037,0.90980,1,0.00576,-0.00045,-0.06657,0.40244,-0.04813,0.04075,0.03034,1
6.1959,-0.08107,0.02827,0.00350,-0.00058,-0.01035,0.00139,1.62573,-0.00000,0.00000,0.00198,0.00564,-0.00302,0.00539,-0.42036,0.90977,1,0.00576,-0.00045,-0.06657,0.40244,-0.04813,0.04075,0.03034,1
6.1979,-0.08107,0.02827,0.00348,-0.00057,-0.00971,0.00177,1.62573,-0.00000,0.00000,0.00178,0.00567,-0.00366,0.00510,-0.42039,0.90979,1,0.00576,-0.00045,-0.06657,0.40244,-0.04813,0.04075,0.03034,1
6.1999,-0.08107,0.02827,0.00346,-0.00057,-0.00919,0.00205,1.62573,-0.00000,0.00000,0.00159,0.00571,-0.00418,0.00494,-0.42037,0.90979,1,0.00576,-0.00045,-0.06657,0.40244,-0.04813,0.04075,0.03034,1
6.2019,-0.08107,0.02827,0.00344,-0.00057,-0.00878,0.00220,1.62573,-0.00000,0.00000,0.00142,0.00575,-0.00456,0.00490,-0.42036,0.90979,1,0.00576,-0.00045,-0.06657,0.40244,-0.04813,0.04075,0.03034,1
6.2039,-0.08107,0.02827,0.00342,-0.00056,-0.00849,0.00225,1.62573,-0.00000,0.00000,0.00125,0.00579,-0.00482,0.00500,-0.42029,0.90984,1,0.00576,-0.00045,-0.06657,0.40244,-0.04813,0.04075,0.03034,1
6.2059,-0.08107,0.02827,0.00341,-0.00056,-0.00832,0.00217,1.62573,-0.00000,0.00000,0.00108,0.00583,-0.00495,0.00522,-0.42033,0.90982,1,0.00576,-0.00045,-0.06657,0.40244,-0.04813,0.04075,0.03034,1
6.2080,-0.08107,0.02827,0.00339,-0.00055,-0.00826,0.00198,1.62573,-0.00000,0.00000,0.00092,0.00588,-0.00495,0.00557,-0.42034,0.90984,1,0.00576,-0.00045,-0.06657,0.40244,-0.04813,0.04075,0.03034,1
6.2100,-0.08107,0.02827,0.00337,-0.00055,-0.00831,0.00167,1.62573,-0.00000,0.00000,0.00075,0.00591,-0.00483,0.00591,-0.42031,0.90982,1,0.00576,-0.00045,-0.06657,0.40244,-0.04813,0.04075,0.03034,1
6.2120,-0.08107,0.02827,0.00336,-0.00055,-0.00849,0.00137,1.62573,-0.00000,0.00000,0.00059,0.00594,-0.00458,0.00612,-0.42037,0.90980,1,0.00576,-0.00045,-0.06657,0.40244,-0.04813,0.04075,0.03034,1
6.2140,-0.08107,0.02827,0.00334,-0.00054,-0.00878,0.00119,1.62573,-0.00000,0.00000,0.00042,0.00597,-0.00420,0.00621,-0.42039,0.90982,1,0.00576,-0.00045,-0.06657,0.40244,-0.04813,0.04075,0.03034,1
6.2160,-0.08107,0.02827,0.00332,-0.00054,-0.00918,0.00112,1.62573,-0.00000,0.00000,0.00024,0.00599,-0.00369,0.00616,-0.42040,0.90984,1,0.00576,-0.00045,-0.06657,0.40244,-0.04813,0.04075,0.03034,1
6.2180,-0.08107,0.02827,0.00330,-0.00054,-0.00970,0.00117,1.62573,-0.00000,0.00000,0.00006,0.00601,-0.00305,0.00601,-0.42032,0.90989,1,0.00576,-0.00045,-0.06657,0.40244,-0.04813,0.04075,0.03034,1
6.2200,-0.08107,0.02827,0.00328,-0.00054,-0.01034,0.00132,1.62573,-0.00000,0.00000,-0.00014,0.00604,-0.00228,0.00599,-0.42035,0.90990,1,0.00576,-0.00045,-0.06657,0.40244,-0.04813,0.04075,0.03034,1
6.2220,-0.08107,0.02827,0.00326,-0.00053,-0.01110,0.00135,1.62573,-0.00000,0.00000,-0.00035,0.00606,-0.00139,0.00606,-0.42035,0.90989,1,0.00576,-0.00045,-0.06657,0.40244,-0.04813,0.04075,0.03034,1
6.2240,-0.08107,0.02827,0.00324,-0.00053,-0.01197,0.00129,1.62573,-0.00000,0.00000,-0.00058,0.00609,-0.00058,0.00609,-0.42032,0.90997,1,0.00576,-0.00045,-0.06657,0.40244,-0.04813,0.04075,0.03034,1
6.2260,-0.08107,0.02827,0.00321,-0.00053,-0.01276,0.00127,1.62573,-0.00000,0.00000,-0.00082,0.00611,0.00011,0.00611,-0.42032,0.90991,1,0.00576,-0.00045,-0.06657,0.40244,-0.04813,0.04075,0.03034,1
6.2280,-0.08107,0.02827,0.00319,-0.00053,-0.01344,0.00126,1.62573,-0.00000,0.00000,-0.00108,0.00614,0.00066,0.00614,-0.42026,0.90997,1,0.00576,-0.00045,-0.06657,0.40244,-0.04813,0.04075,0.03034,1
6.2302,-0.07962,0.02725,0.00369,0.00005,-0.01061,0.00342,1.62002,-0.00000,0.00000,0.00450,0.01139,0.00135,0.00629,-0.42030,0.90996,1,0.00448,0.00048,-0.06657,0.40244,-0.04813,0.04075,0.03034,1
6.2322,-0.07962,0.02725,0.00367,0.00006,-0.01129,0.00328,1.62002,-0.00000,0.00000,0.00428,0.01146,0.00216,0.00657,-0.42030,0.90996,1,0.00448,0.00048,-0.06657,0.40244,-0.04813,0.04075,0.03034,1
6.2342,-0.07962,0.02725,0.00365,0.00006,-0.01210,0.00303,1.62002,-0.00000,0.00000,0.00405,0.01152,0.00310,0.00698,-0.42023,0.91000,1,0.00448,0.00048,-0.06657,0.40244,-0.04813,0.04075,0.03034,1
6.2362,-0.07962,0.02725,0.00362,0.00007,-0.01302,0.00265,1.62002,-0.00000,0.00000,0.00381,0.01158,0.00391,0.00752,-0.42019,0.91003,1,0.00448,0.00048,-0.06657,0.40244,-0.04813,0.04075,0.03034,1
6.2382,-0.07962,0.02725,0.00360,0.00007,-0.01382,0.00216,1.62002,-0.00000,0.00000,0.00354,0.01162,0.00460,0.00818,-0.42023,0.91003,1,0.00448,0.00048,-0.06657,0.40244,-0.04813,0.04075,0.03034,1
6.2402,-0.07962,0.02725,0.00357,0.00008,-0.01450,0.00156,1.62002,-0.00000,0.00000,0.00326,0.01166,0.00515,0.00898,-0.42023,0.91002,1,0.00448,0.00048,-0.06657,0.40244,-0.04813,0.04075,0.03034,1
6.2422,-0.07962,0.02725,0.00354,0.00008,-0.01507,0.00083,1.62002,-0.00000,0.00000,0.00297,0.01168,0.00558,0.00990,-0.42020,0.91006,1,0.00448,0.00048,-0.06657,0.40244,-0.04813,0.04075,0.03034,1
6.2442,-0.07962,0.02725,0.00351,0.00008,-0.01552,-0.00000,1.62002,-0.00000,0.00000,0.00267,0.01169,0.00588,0.01095,-0.42028,0.91004,1,0.00448,0.00048,-0.06657,0.40244,-0.04813,0.04075,0.03034,1
6.2462,-0.07962,0.02725,0.00348,0.00008,-0.01586,-0.00096,1.62002,-0.00000,0.00000,0.00236,0.01168,0.00605,0.01187,-0.42022,0.91007,1,0.00448,0.00048,-0.06657,0.40244,-0.04813,0.04075,0.03034,1
6.2482,-0.07962,0.02725,0.00344,0.00008,-0.01608,-0.00180,1.62002,-0.00000,0.00000,0.00205,0.01165,0.00610,0.01266,-0.42018,0.91010,1,0.00448,0.00048,-0.06657,0.40244,-0.04813,0.04075,0.03034,1
6.2502,-0.07962,0.02725,0.00341,0.00007,-0.01618,-0.00252,1.62002,-0.00000,0.00000,0.00173,0.01161,0.00601,0.01332,-0.42019,0.91011,1,0.00448,0.00048,-0.06657,0.40244,-0.04813,0.04075,0.03034,1
6.2522,-0.07962,0.02725,0.00338,0.00007,-0.01616,-0.00313,1.62002,-0.00000,0.00000,0.00141,0.01156,0.00580,0.01386,-0.42014,0.91017,1,0.00448,0.00048,-0.06657,0.40244,-0.04813,0.04075,0.03034,1
6.2543,-0.07962,0.02725,0.00335,0.00006,-0.01603,-0.00361,1.62002,-0.00000,0.00000,0.00110,0.01149,0.00546,0.01427,-0.42012,0.91018,1,0.00448,0.00048,-0.06657,0.40244,-0.04813,0.04075,0.03034,1
6.2563,-0.07962,0.02725,0.00332,0.00005,-0.01578,-0.00399,1.62002,-0.00000,0.00000,0.00078,0.01142,0.00499,0.01455,-0.42010,0.91022,1,0.00448,0.00048,-0.06657,0.40244,-0.04813,0.04075,0.03034,1
6.2583,-0.07962,0.02725,0.00329,0.00004,-0.01541,-0.00424,1.62002,-0.00000,0.00000,0.00048,0.01133,0.00440,0.01470,-0.42020,0.91019,1,0.00448,0.00048,-0.06657,0.40244,-0.04813,0.04075,0.03034,1
6.2603,-0.07962,0.02725,0.00325,0.00004,-0.01493,-0.00438,1.62002,-0.00000,0.00000,0.00018,0.01125,0.00367,0.01473,-0.42016,0.91025,1,0.00448,0.00048,-0.06657,0.40244,-0.04813,0.04075,0.03034,1
6.2623,-0.07962,0.02725,0.00323,0.00003,-0.01433,-0.00441,1.62002,-0.00000,0.00000,-0.00011,0.01116,0.00282,0.01463,-0.42016,0.91023,1,0.00448,0.00048,-0.06657,0.40244,-0.04813,0.04075,0.03034,1
6.2643,-0.07962,0.02725,0.00320,0.00002,-0.01361,-0.00431,1.62002,-0.00000,0.00000,-0.00038,0.01108,0.00184,0.01439,-0.42015,0.91031,1,0.00448,0.00048,-0.06657,0.40244,-0.04813,0.04075,0.03034,1
6.2663,-0.07962,0.02725,0.00317,0.00001,-0.01278,-0.00410,1.62002,-0.00000,0.00000,-0.00064,0.01099,0.00074,0.01404,-0.42020,0.91031,1,0.00448,0.00048,-0.06657,0.40244,-0.04813,0.04075,0.03034,1
6.2683,-0.07962,0.02725,0.00315,0.00000,-0.01183,-0.00378,1.62002,-0.00000,0.00000,-0.00089,0.01092,-0.00050,0.01355,-0.42011,0.91037,1,0.00448,0.00048,-0.06657,0.40244,-0.04813,0.04075,0.03034,1
6.2703,-0.07962,0.02725,0.00312,-0.00001,-0.01076,-0.00333,1.62002,-0.00000,0.00000,-0.00111,0.01085,-0.00161,0.01293,-0.42016,0.91037,1,0.00448,0.00048,-0.06657,0.40244,-0.04813,0.04075,0.03034,1
6.2723,-0.07962,0.02725,0.00310,-0.00001,-0.00981,-0.00277,1.62002,-0.00000,0.00000,-0.00131,0.01079,-0.00259,0.01219,-0.42020,0.91035,1,0.00448,0.00048,-0.06657,0.40244,-0.04813,0.04075,0.03034,1
6.2743,-0.07962,0.02725,0.00308,-0.00002,-0.00897,-0.00210,1.62002,-0.00000,0.00000,-0.00150,0.01074,-0.00344,0.01132,-0.42020,0.91038,1,0.00448,0.00048,-0.06657,0.40244,-0.04813,0.04075,0.03034,1
6.2764,-0.07962,0.02725,0.00307,-0.00002,-0.00825,-0.00131,1.62002,-0.00000,0.00000,-0.00167,0.01071,-0.00416,0.01058,-0.42020,0.91041,1,0.00448,0.00048,-0.06657,0.40244,-0.04813,0.04075,0.03034,1
6.2784,-0.07962,0.02725,0.00305,-0.00002,-0.00765,-0.00063,1.62002,-0.00000,0.00000,-0.00182,0.01069,-0.00476,0.00996,-0.42023,0.91042,1,0.00448,0.00048,-0.06657,0.40244,-0.04813,0.04075,0.03034,1
6.2804,-0.07962,0.02725,0.00304,-0.00002,-0.00716,-0.00007,1.62002,-0.00000,0.00000,-0.00197,0.01068,-0.00523,0.00947,-0.42028,0.91041,1,0.00448,0.00048,-0.06657,0.40244,-0.04813,0.04075,0.03034,1
6.2824,-0.07962,0.02725,0.00302,-0.00002,-0.00679,0.00037,1.62002,-0.00000,0.00000,-0.00210,0.01068,-0.00557,0.00912,-0.42029,0.91041,1,0.00448,0.00048,-0.06657,0.40244,-0.04813,0.04075,0.03034,1
6.2844,-0.07962,0.02725,0.00301,-0.00002,-0.00653,0.00070,1.62002,-0.00000,0.00000,-0.00224,0.01069,-0.00578,0.00888,-0.42032,0.91044,1,0.00448,0.00048,-0.06657,0.40244,-0.04813,0.04075,0.03034,1
6.2864,-0.07962,0.02725,0.00300,-0.00002,-0.00639,0.00091,1.62002,-0.00000,0.00000,-0.00236,0.01071,-0.00586,0.00878,-0.42036,0.91046,1,0.00448,0.00048,-0.06657,0.40244,-0.04813,0.04075,0.03034,1
6.2884,-0.07962,0.02725,0.00298,-0.00002,-0.00637,0.00100,1.62002,-0.00000,0.00000,-0.00249,0.01073,-0.00582,0.00881,-0.42030,0.91049,1,0.00448,0.00048,-0.06657,0.40244,-0.04813,0.04075,0.03034,1
6.2904,-0.07962,0.02725,0.00297,-0.00002,-0.00647,0.00098,1.62002,-0.00000,0.00000,-0.00261,0.01075,-0.00564,0.00896,-0.42033,0.91049,1,0.00448,0.00048,-0.06657,0.40244,-0.04813,0.04075,0.03034,1
6.2924,-0.07962,0.02725,0.00296,-0.00001,-0.00667,0.00084,1.62002,-0.00000,0.00000,-0.00274,0.01077,-0.00534,0.00924,-0.42030,0.91052,1,0.00448,0.00048,-0.06657,0.40244,-0.04813,0.04075,0.03034,1
6.2944,-0.07962,0.02725,0.00294,-0.00001,-0.00700,0.00059,1.62002,-0.00000,0.00000,-0.00288,0.01078,-0.00492,0.00965,-0.42032,0.91053,1,0.00448,0.00048,-0.06657,0.40244,-0.04813,0.04075,0.03034,1
6.2966,-0.08037,0.02803,0.00392,-0.00019,-0.00323,-0.00032,1.62180,-0.00000,0.00000,0.00644,0.00937,-0.00436,0.00993,-0.42030,0.91057,1,0.00518,-0.00023,-0.06493,0.40259,-0.05023,0.04048,0.02788,1
6.2986,-0.08037,0.02803,0.00391,-0.00019,-0.00381,-0.00057,1.62180,-0.00000,0.00000,0.00637,0.00936,-0.00367,0.01008,-0.42025,0.91067,1,0.00518,-0.00023,-0.06493,0.40259,-0.05023,0.04048,0.02788,1
6.3006,-0.08037,0.02803,0.00391,-0.00019,-0.00450,-0.00070,1.62180,-0.00000,0.00000,0.00629,0.00935,-0.00286,0.01011,-0.42030,0.91064,1,0.00518,-0.00023,-0.06493,0.40259,-0.05023,0.04048,0.02788,1
6.3026,-0.08037,0.02803,0.00390,-0.00019,-0.00531,-0.00072,1.62180,-0.00000,0.00000,0.00619,0.00933,-0.00192,0.01000,-0.42030,0.91064,1,0.00518,-0.00023,-0.06493,0.40259,-0.05023,0.04048,0.02788,1
6.3046,-0.08037,0.02803,0.00388,-0.00019,-0.00623,-0.00063,1.62180,-0.00000,0.00000,0.00608,0.00932,-0.00085,0.00977,-0.42027,0.91069,1,0.00518,-0.00023,-0.06493,0.40259,-0.05023,0.04048,0.02788,1
6.3066,-0.08037,0.02803,0.00387,-0.00019,-0.00727,-0.00041,1.62180,-0.00000,0.00000,0.00595,0.00931,0.00034,0.00941,-0.42022,0.91072,1,0.00518,-0.00023,-0.06493,0.40259,-0.05023,0.04048,0.02788,1
6.3086,-0.08037,0.02803,0.00386,-0.00019,-0.00843,-0.00008,1.62180,-0.00000,0.00000,0.00579,0.00930,0.00167,0.00918,-0.42022,0.91072,1,0.00518,-0.00023,-0.06493,0.40259,-0.05023,0.04048,0.02788,1
6.3106,-0.08037,0.02803,0.00384,-0.00019,-0.00970,0.00013,1.62180,-0.00000,0.00000,0.00561,0.00930,0.00312,0.00908,-0.42020,0.91078,1,0.00518,-0.00023,-0.06493,0.40259,-0.05023,0.04048,0.02788,1
6.3126,-0.08037,0.02803,0.00382,-0.00019,-0.01109,0.00023,1.62180,-0.00000,0.00000,0.00541,0.00931,0.00470,0.00911,-0.42022,0.91080,1,0.00518,-0.00023,-0.06493,0.40259,-0.05023,0.04048,0.02788,1
6.3146,-0.08037,0.02803,0.00379,-0.00019,-0.01259,0.00021,1.62180,-0.00000,0.00000,0.00518,0.00931,0.00615,0.00926,-0.42022,0.91080,1,0.00518,-0.00023,-0.06493,0.40259,-0.05023,0.04048,0.02788,1
6.3166,-0.08037,0.02803,0.00377,-0.00019,-0.01398,0.00007,1.62180,-0.00000,0.00000,0.00491,0.00931,0.00748,0.00931,-0.42018,0.91079,1,0.00518,-0.00023,-0.06493,0.40259,-0.05023,0.04048,0.02788,1
6.3186,-0.08037,0.02803,0.00374,-0.00019,-0.01525,0.00003,1.62180,-0.00000,0.00000,0.00463,0.00932,0.00867,0.00932,-0.42020,0.91078,1,0.00518,-0.00023,-0.06493,0.40259,-0.05023,0.04048,0.02788,1
6.3206,-0.08037,0.02803,0.00371,-0.00019,-0.01640,0.00003,1.62180,-0.00000,0.00000,0.00431,0.00932,0.00974,0.00932,-0.42013,0.91083,1,0.00518,-0.00023,-0.06493,0.40259,-0.05023,0.04048,0.02788,1
6.3226,-0.08037,0.02803,0.00367,-0.00019,-0.01744,0.00003,1.62180,-0.00000,0.00000,0.00398,0.00932,0.01068,0.00932,-0.42013,0.91083,1,0.00518,-0.00023,-0.06493,0.40259,-0.05023,0.04048,0.02788,1
6.3246,-0.08037,0.02803,0.00364,-0.00019,-0.01836,0.00003,1.62180,-0.00000,0.00000,0.00363,0.00932,0.01149,0.00932,-0.42011,0.91086,1,0.00518,-0.00023,-0.06493,0.40259,-0.05023,0.04048,0.02788,1
6.3266,-0.08037,0.02803,0.00360,-0.00019,-0.01916,0.00004,1.62180,-0.00000,0.00000,0.00326,0.00932,0.01218,0.00932,-0.42009,0.91087,1,0.00518,-0.00023,-0.06493,0.40259,-0.05023,0.04048,0.02788,1
6.3286,-0.08037,0.02803,0.00356,-0.00019,-0.01985,0.00004,1.62180,-0.00000,0.00000,0.00288,0.00932,0.01273,0.00932,-0.42001,0.91091,1,0.00518,-0.00023,-0.06493,0.40259,-0.05023,0.04048,0.02788,1
6.3306,-0.08037,0.02803,0.00352,-0.00019,-0.02042,0.00004,1.62180,-0.00000,0.00000,0.00248,0.00932,0.01316,0.00932,-0.42006,0.91093,1,0.00518,-0.00023,-0.06493,0.40259,-0.05023,0.04048,0.02788,1
6.3326,-0.08037,0.02803,0.00348,-0.00019,-0.02087,0.00004,1.62180,-0.00000,0.00000,0.00207,0.00932,0.01346,0.00932,-0.41997,0.91097,1,0.00518,-0.00023,-0.06493,0.40259,-0.05023,0.04048,0.02788,1
6.3346,-0.08037,0.02803,0.00344,-0.00019,-0.02120,0.00005,1.62180,-0.00000,0.00000,0.00166,0.00932,0.01363,0.00932,-0.42003,0.91095,1,0.00518,-0.00023,-0.06493,0.40259,-0.05023,0.04048,0.02788,1
6.3366,-0.08037,0.02803,0.00339,-0.00019,-0.02142,0.00005,1.62180,-0.00000,0.00000,0.00124,0.00932,0.01368,0.00932,-0.41997,0.91093,1,0.00518,-0.00023,-0.06493,0.40259,-0.05023,0.04048,0.02788,1
6.3386,-0.08037,0.02803,0.00335,-0.00019,-0.02152,0.00005,1.62180,-0.00000,0.00000,0.00082,0.00932,0.01360,0.00932,-0.41998,0.91097,1,0.00518,-0.00023,-0.06493,0.40259,-0.05023,0.04048,0.02788,1
6.3406,-0.08037,0.02803,0.00331,-0.00019,-0.02150,0.00005,1.62180,-0.00000,0.00000,0.00039,0.00932,0.01338,0.00932,-0.41992,0.91098,1,0.00518,-0.00023,-0.06493,0.40259,-0.05023,0.04048,0.02788,1
6.3426,-0.08037,0.02803,0.00326,-0.00019,-0.02137,0.00006,1.62180,-0.00000,0.00000,-0.00003,0.00933,0.01304,0.00933,-0.41989,0.91103,1,0.00518,-0.00023,-0.06493,0.40259,-0.05023,0.04048,0.02788,1
6.3446,-0.08037,0.02803,0.00322,-0.00019,-0.02111,0.00006,1.62180,-0.00000,0.00000,-0.00044,0.00933,0.01258,0.00933,-0.41989,0.91103,1,0.00518,-0.00023,-0.06493,0.40259,-0.05023,0.04048,0.02788,1
6.3466,-0.08037,0.02803,0.00318,-0.00019,-0.02075,0.00006,1.62180,-0.00000,0.00000,-0.00086,0.00933,0.01198,0.00933,-0.41980,0.91107,1,0.00518,-0.00023,-0.06493,0.40259,-0.05023,0.04048,0.02788,1
6.3486,-0.08037,0.02803,0.00314,-0.00019,-0.02026,0.00006,1.62180,-0.00000,0.00000,-0.00126,0.00933,0.01126,0.00933,-0.41987,0.91104,1,0.00518,-0.00023,-0.06493,0.40259,-0.05023,0.04048,0.02788,1
6.3506,-0.08037,0.02803,0.00310,-0.00019,-0.01966,0.00007,1.62180,-0.00000,0.00000,-0.00165,0.00933,0.01041,0.00933,-0.41984,0.91102,1,0.00518,-0.00023,-0.06493,0.40259,-0.05023,0.04048,0.02788,1
6.3526,-0.08037,0.02803,0.00306,-0.00019,-0.01894,0.00007,1.62180,-0.00000,0.00000,-0.00203,0.00933,0.00943,0.00933,-0.41988,0.91105,1,0.00518,-0.00023,-0.06493,0.40259,-0.05023,0.04048,0.02788,1
6.3547,-0.08037,0.02803,0.00302,-0.00019,-0.01810,0.00007,1.62180,-0.00000,0.00000,-0.00240,0.00933,0.00832,0.00933,-0.41984,0.91109,1,0.00518,-0.00023,-0.06493,0.40259,-0.05023,0.04048,0.02788,1
6.3567,-0.08037,0.02803,0.00299,-0.00019,-0.01715,0.00007,1.62180,-0.00000,0.00000,-0.00274,0.00933,0.00708,0.00933,-0.41983,0.91107,1,0.00518,-0.00023,-0.06493,0.40259,-0.05023,0.04048,0.02788,1
6.3587,-0.08037,0.02803,0.00296,-0.00019,-0.01608,0.00008,1.62180,-0.00000,0.00000,-0.00307,0.00934,0.00572,0.00934,-0.41980,0.91109,1,0.00518,-0.00023,-0.06493,0.40259,-0.05023,0.04048,0.02788,1
6.3607,-0.08037,0.02803,0.00292,-0.00019,-0.01489,0.00008,1.62180,-0.00000,0.00000,-0.00338,0.00934,0.00423,0.00934,-0.41982,0.91113,1,0.00518,-0.00023,-0.06493,0.40259,-0.05023,0.04048,0.02788,1
6.3627,-0.08021,0.02863,0.00358,-0.00051,-0.01334,-0.00103,1.62511,-0.00000,0.00000,0.00314,0.00646,0.00286,0.00921,-0.41988,0.91112,1,0.00504,-0.00079,-0.06462,0.40177,-0.05110,0.04138,0.02587,1
6.3647,-0.08021,0.02863,0.00355,-0.00051,-0.01217,-0.00091,1.62511,-0.00000,0.00000,0.00288,0.00644,0.00163,0.00896,-0.41987,0.91115,1,0.00504,-0.00079,-0.06462,0.40177,-0.05110,0.04138,0.02587,1
6.3667,-0.08021,0.02863,0.00353,-0.00051,-0.01111,-0.00067,1.62511,-0.00000,0.00000,0.00266,0.00643,0.00052,0.00857,-0.41987,0.91115,1,0.00504,-0.00079,-0.06462,0.40177,-0.05110,0.04138,0.02587,1
6.3687,-0.08021,0.02863,0.00351,-0.00051,-0.01016,-0.00031,1.62511,-0.00000,0.00000,0.00245,0.00642,-0.00046,0.00806,-0.41987,0.91119,1,0.00504,-0.00079,-0.06462,0.40177,-0.05110,0.04138,0.02587,1
6.3707,-0.08021,0.02863,0.00349,-0.00051,-0.00933,0.00016,1.62511,-0.00000,0.00000,0.00225,0.00641,-0.00131,0.00742,-0.41987,0.91124,1,0.00504,-0.00079,-0.06462,0.40177,-0.05110,0.04138,0.02587,1
6.3727,-0.08021,0.02863,0.00347,-0.00051,-0.00862,0.00075,1.62511,-0.00000,0.00000,0.00208,0.00642,-0.00204,0.00666,-0.41985,0.91124,1,0.00504,-0.00079,-0.06462,0.40177,-0.05110,0.04138,0.02587,1
6.3747,-0.08021,0.02863,0.00346,-0.00051,-0.00802,0.00146,1.62511,-0.00000,0.00000,0.00191,0.00645,-0.00263,0.00602,-0.41988,0.91126,1,0.00504,-0.00079,-0.06462,0.40177,-0.05110,0.04138,0.02587,1
6.3767,-0.08021,0.02863,0.00344,-0.00051,-0.00754,0.00205,1.62511,-0.00000,0.00000,0.00176,0.00648,-0.00310,0.00551,-0.41986,0.91125,1,0.00504,-0.00079,-0.06462,0.40177,-0.05110,0.04138,0.02587,1
6.3787,-0.08021,0.02863,0.00343,-0.00050,-0.00718,0.00252,1.62511,-0.00000,0.00000,0.00162,0.00652,-0.00344,0.00513,-0.41985,0.91127,1,0.00504,-0.00079,-0.06462,0.40177,-0.05110,0.04138,0.02587,1
6.3807,-0.08021,0.02863,0.00341,-0.00050,-0.00693,0.00288,1.62511,-0.00000,0.00000,0.00148,0.00658,-0.00365,0.00487,-0.41986,0.91129,1,0.00504,-0.00079,-0.06462,0.40177,-0.05110,0.04138,0.02587,1
6.3827,-0.08021,0.02863,0.00340,-0.00049,-0.00680,0.00312,1.62511,-0.00000,0.00000,0.00134,0.00664,-0.00373,0.00475,-0.41989,0.91130,1,0.00504,-0.00079,-0.06462,0.40177,-0.05110,0.04138,0.02587,1
6.3847,-0.08021,0.02863,0.00338,-0.00048,-0.00678,0.00324,1.62511,-0.00000,0.00000,0.00121,0.00670,-0.00369,0.00475,-0.41981,0.91134,1,0.00504,-0.00079,-0.06462,0.40177,-0.05110,0.04138,0.02587,1
6.3867,-0.08021,0.02863,0.00337,-0.00048,-0.00688,0.00325,1.62511,-0.00000,0.00000,0.00107,0.00676,-0.00352,0.00488,-0.41984,0.91134,1,0.00504,-0.00079,-0.06462,0.40177,-0.05110,0.04138,0.02587,1
6.3887,-0.08021,0.02863,0.00336,-0.00047,-0.00710,0.00314,1.62511,-0.00000,0.00000,0.00094,0.00683,-0.00322,0.00513,-0.41983,0.91138,1,0.00504,-0.00079,-0.06462,0.40177,-0.05110,0.04138,0.02587,1
6.3907,-0.08021,0.02863,0.00334,-0.00046,-0.00743,0.00291,1.62511,-0.00000,0.00000,0.00079,0.00689,-0.00279,0.00552,-0.41979,0.91140,1,0.00504,-0.00079,-0.06462,0.40177,-0.05110,0.04138,0.02587,1
6.3927,-0.08021,0.02863,0.00333,-0.00046,-0.00788,0.00257,1.62511,-0.00000,0.00000,0.00064,0.00694,-0.00223,0.00603,-0.41982,0.91140,1,0.00504,-0.00079,-0.06462,0.40177,-0.05110,0.04138,0.02587,1
6.3947,-0.08021,0.02863,0.00331,-0.00045,-0.00845,0.00211,1.62511,-0.00000,0.00000,0.00048,0.00699,-0.00155,0.00667,-0.41984,0.91143,1,0.00504,-0.00079,-0.06462,0.40177,-0.05110,0.04138,0.02587,1
6.3967,-0.08021,0.02863,0.00329,-0.00045,-0.00913,0.00154,1.62511,-0.00000,0.00000,0.00031,0.00702,-0.00074,0.00719,-0.41980,0.91146,1,0.00504,-0.00079,-0.06462,0.40177,-0.05110,0.04138,0.02587,1
6.3987,-0.08021,0.02863,0.00327,-0.00045,-0.00992,0.00108,1.62511,-0.00000,0.00000,0.00012,0.00705,0.00012,0.00757,-0.41977,0.91151,1,0.00504,-0.00079,-0.06462,0.40177,-0.05110,0.04138,0.02587,1
6.4007,-0.08021,0.02863,0.00325,-0.00045,-0.01076,0.00074,1.62511,-0.00000,0.00000,-0.00008,0.00707,0.00085,0.00783,-0.41980,0.91149,1,0.00504,-0.00079,-0.06462,0.40177,-0.05110,0.04138,0.02587,1
6.4027,-0.08021,0.02863,0.00323,-0.00044,-0.01148,0.00051,1.62511,-0.00000,0.00000,-0.00030,0.00708,0.00145,0.00796,-0.41972,0.91154,1,0.00504,-0.00079,-0.06462,0.40177,-0.05110,0.04138,0.02587,1
6.4047,-0.08021,0.02863,0.00321,-0.00044,-0.01208,0.00040,1.62511,-0.00000,0.00000,-0.00053,0.00709,0.00192,0.00796,-0.41974,0.91154,1,0.00504,-0.00079,-0.06462,0.40177,-0.05110,0.04138,0.02587,1
6.4067,-0.08021,0.02863,0.00318,-0.00044,-0.01257,0.00041,1.62511,-0.00000,0.00000,-0.00078,0.00709,0.00227,0.00784,-0.41975,0.91158,1,0.00504,-0.00079,-0.06462,0.40177,-0.05110,0.04138,0.02587,1
6.4087,-0.08021,0.02863,0.00316,-0.00044,-0.01294,0.00053,1.62511,-0.00000,0.00000,-0.00103,0.00710,0.00249,0.00758,-0.41973,0.91160,1,0.00504,-0.00079,-0.06462,0.40177,-0.05110,0.04138,0.02587,1
6.4107,-0.08021,0.02863,0.00313,-0.00044,-0.01319,0.00077,1.62511,-0.00000,0.00000,-0.00128,0.00712,0.00257,0.00720,-0.41972,0.91163,1,0.00504,-0.00079,-0.06462,0.40177,-0.05110,0.04138,0.02587,1
6.4127,-0.08021,0.02863,0.00310,-0.00044,-0.01333,0.00112,1.62511,-0.00000,0.00000,-0.00154,0.00713,0.00254,0.00694,-0.41974,0.91162,1,0.00504,-0.00079,-0.06462,0.40177,-0.05110,0.04138,0.02587,1
6.4147,-0.08021,0.02863,0.00308,-0.00044,-0.01335,0.00136,1.62511,-0.00000,0.00000,-0.00181,0.00716,0.00237,0.00682,-0.41973,0.91164,1,0.00504,-0.00079,-0.06462,0.40177,-0.05110,0.04138,0.02587,1
6.4167,-0.08021,0.02863,0.00305,-0.00043,-0.01325,0.00149,1.62511,-0.00000,0.00000,-0.00207,0.00719,0.00207,0.00682,-0.41975,0.91164,1,0.00504,-0.00079,-0.06462,0.40177,-0.05110,0.04138,0.02587,1
6.4187,-0.08021,0.02863,0.00302,-0.00043,-0.01304,0.00149,1.62511,-0.00000,0.00000,-0.00233,0.00722,0.00165,0.00695,-0.41980,0.91163,1,0.00504,-0.00079,-0.06462,0.40177,-0.05110,0.04138,0.02587,1
6.4208,-0.08021,0.02863,0.00300,-0.00043,-0.01270,0.00138,1.62511,-0.00000,0.00000,-0.00258,0.00724,0.00110,0.00721,-0.41977,0.91163,1,0.00504,-0.00079,-0.06462,0.40177,-0.05110,0.04138,0.02587,1
6.4228,-0.08021,0.02863,0.00297,-0.00042,-0.01226,0.00115,1.62511,-0.00000,0.00000,-0.00283,0.00727,0.00042,0.00734,-0.41979,0.91165,1,0.00504,-0.00079,-0.06462,0.40177,-0.05110,0.04138,0.02587,1
6.4248,-0.08021,0.02863,0.00295,-0.00042,-0.01169,0.00104,1.62511,-0.00000,0.00000,-0.00306,0.00729,-0.00039,0.00734,-0.41975,0.91168,1,0.00504,-0.00079,-0.06462,0.40177,-0.05110,0.04138,0.02587,1
6.4268,-0.08021,0.02863,0.00293,-0.00042,-0.01101,0.00105,1.62511,-0.00000,0.00000,-0.00329,0.00731,-0.00132,0.00731,-0.41978,0.91169,1,0.00504,-0.00079,-0.06462,0.40177,-0.05110,0.04138,0.02587,1
6.4289,-0.07949,0.02905,0.00343,-0.00079,-0.00937,-0.00036,1.63150,-0.00000,0.00000,0.00197,0.00385,-0.00213,0.00716,-0.41984,0.91165,1,0.00434,-0.00116,-0.06756,0.40124,-0.04775,0.04228,0.02643,1
6.4309,-0.07949,0.02905,0.00341,-0.00079,-0.00870,-0.00021,1.63150,-0.00000,0.00000,0.00179,0.00384,-0.00281,0.00688,-0.41983,0.91174,1,0.00434,-0.00116,-0.06756,0.40124,-0.04775,0.04228,0.02643,1
6.4329,-0.07949,0.02905,0.00340,-0.00079,-0.00814,0.00006,1.63150,-0.00000,0.00000,0.00162,0.00384,-0.00336,0.00647,-0.41986,0.91170,1,0.00434,-0.00116,-0.06756,0.40124,-0.04775,0.04228,0.02643,1
6.4349,-0.07949,0.02905,0.00338,-0.00079,-0.00770,0.00045,1.63150,-0.00000,0.00000,0.00147,0.00385,-0.00378,0.00593,-0.41989,0.91170,1,0.00434,-0.00116,-0.06756,0.40124,-0.04775,0.04228,0.02643,1
6.4369,-0.07949,0.02905,0.00337,-0.00079,-0.00738,0.00095,1.63150,-0.00000,0.00000,0.00132,0.00386,-0.00408,0.00527,-0.41987,0.91178,1,0.00434,-0.00116,-0.06756,0.40124,-0.04775,0.04228,0.02643,1
6.4389,-0.07949,0.02905,0.00335,-0.00079,-0.00717,0.00157,1.63150,-0.00000,0.00000,0.00118,0.00388,-0.00425,0.00447,-0.41990,0.91179,1,0.00434,-0.00116,-0.06756,0.40124,-0.04775,0.04228,0.02643,1
6.4409,-0.07949,0.02905,0.00334,-0.00078,-0.00708,0.00230,1.63150,-0.00000,0.00000,0.00104,0.00392,-0.00428,0.00381,-0.41997,0.91174,1,0.00434,-0.00116,-0.06756,0.40124,-0.04775,0.04228,0.02643,1
6.4429,-0.07949,0.02905,0.00332,-0.00078,-0.00710,0.00292,1.63150,-0.00000,0.00000,0.00090,0.00397,-0.00420,0.00327,-0.41996,0.91175,1,0.00434,-0.00116,-0.06756,0.40124,-0.04775,0.04228,0.02643,1
6.4449,-0.07949,0.02905,0.00331,-0.00077,-0.00724,0.00342,1.63150,-0.00000,0.00000,0.00075,0.00404,-0.00398,0.00286,-0.41996,0.91177,1,0.00434,-0.00116,-0.06756,0.40124,-0.04775,0.04228,0.02643,1
6.4469,-0.07949,0.02905,0.00329,-0.00076,-0.00750,0.00381,1.63150,-0.00000,0.00000,0.00061,0.00411,-0.00363,0.00258,-0.41996,0.91175,1,0.00434,-0.00116,-0.06756,0.40124,-0.04775,0.04228,0.02643,1
6.4489,-0.07949,0.02905,0.00328,-0.00076,-0.00787,0.00408,1.63150,-0.00000,0.00000,0.00046,0.00419,-0.00316,0.00243,-0.41995,0.91175,1,0.00434,-0.00116,-0.06756,0.40124,-0.04775,0.04228,0.02643,1
6.4509,-0.07949,0.02905,0.00326,-0.00075,-0.00836,0.00423,1.63150,-0.00000,0.00000,0.00030,0.00427,-0.00256,0.00240,-0.41995,0.91178,1,0.00434,-0.00116,-0.06756,0.40124,-0.04775,0.04228,0.02643,1
6.4529,-0.07949,0.02905,0.00324,-0.00074,-0.00896,0.00427,1.63150,-0.00000,0.00000,0.00013,0.00435,-0.00183,0.00250,-0.42000,0.91174,1,0.00434,-0.00116,-0.06756,0.40124,-0.04775,0.04228,0.02643,1
6.4549,-0.07949,0.02905,0.00323,-0.00073,-0.00968,0.00419,1.63150,-0.00000,0.00000,-0.00005,0.00443,-0.00098,0.00273,-0.41994,0.91177,1,0.00434,-0.00116,-0.06756,0.40124,-0.04775,0.04228,0.02643,1
6.4569,-0.07949,0.02905,0.00321,-0.00072,-0.01052,0.00399,1.63150,-0.00000,0.00000,-0.00025,0.00451,-0.00025,0.00309,-0.41991,0.91182,1,0.00434,-0.00116,-0.06756,0.40124,-0.04775,0.04228,0.02643,1
6.4589,-0.07949,0.02905,0.00318,-0.00071,-0.01123,0.00368,1.63150,-0.00000,0.00000,-0.00047,0.00459,0.00035,0.00358,-0.41992,0.91180,1,0.00434,-0.00116,-0.06756,0.40124,-0.04775,0.04228,0.02643,1
6.4609,-0.07949,0.02905,0.00316,-0.00071,-0.01184,0.00325,1.63150,-0.00000,0.00000,-0.00069,0.00466,0.00083,0.00419,-0.41985,0.91185,1,0.00434,-0.00116,-0.06756,0.40124,-0.04775,0.04228,0.02643,1
6.4629,-0.07949,0.02905,0.00314,-0.00070,-0.01232,0.00270,1.63150,-0.00000,0.00000,-0.00093,0.00472,0.00117,0.00472,-0.41987,0.91186,1,0.00434,-0.00116,-0.06756,0.40124,-0.04775,0.04228,0.02643,1
6.4649,-0.07949,0.02905,0.00311,-0.00070,-0.01269,0.00224,1.63150,-0.00000,0.00000,-0.00118,0.00477,0.00139,0.00511,-0.41983,0.91189,1,0.00434,-0.00116,-0.06756,0.40124,-0.04775,0.04228,0.02643,1
6.4669,-0.07949,0.02905,0.00309,-0.00069,-0.01294,0.00189,1.63150,-0.00000,0.00000,-0.00143,0.00481,0.00148,0.00538,-0.41979,0.91188,1,0.00434,-0.00116,-0.06756,0.40124,-0.04775,0.04228,0.02643,1
6.4689,-0.07949,0.02905,0.00306,-0.00069,-0.01308,0.00166,1.63150,-0.00000,0.00000,-0.00169,0.00484,0.00144,0.00552,-0.41979,0.91193,1,0.00434,-0.00116,-0.06756,0.40124,-0.04775,0.04228,0.02643,1
6.4709,-0.07949,0.02905,0.00303,-0.00069,-0.01310,0.00155,1.63150,-0.00000,0.00000,-0.00194,0.00487,0.00127,0.00553,-0.41982,0.91190,1,0.00434,-0.00116,-0.06756,0.40124,-0.04775,0.04228,0.02643,1
6.4729,-0.07949,0.02905,0.00301,-0.00068,-0.01300,0.00155,1.63150,-0.00000,0.00000,-0.00220,0.00490,0.00098,0.00541,-0.41981,0.91189,1,0.00434,-0.00116,-0.06756,0.40124,-0.04775,0.04228,0.02643,1
6.4749,-0.07949,0.02905,0.00298,-0.00068,-0.01278,0.00167,1.63150,-0.00000,0.00000,-0.00245,0.00494,0.00055,0.00516,-0.41981,0.91193,1,0.00434,-0.00116,-0.06756,0.40124,-0.04775,0.04228,0.02643,1
6.4769,-0.07949,0.02905,0.00296,-0.00068,-0.01245,0.00191,1.63150,-0.00000,0.00000,-0.00270,0.00497,0.00000,0.00497,-0.41986,0.91193,1,0.00434,-0.00116,-0.06756,0.40124,-0.04775,0.04228,0.02643,1
6.4789,-0.07949,0.02905,0.00293,-0.00067,-0.01200,0.00209,1.63150,-0.00000,0.00000,-0.00294,0.00501,-0.00068,0.00491,-0.41987,0.91193,1,0.00434,-0.00116,-0.06756,0.40124,-0.04775,0.04228,0.02643,1
6.4809,-0.07949,0.02905,0.00291,-0.00067,-0.01144,0.00216,1.63150,-0.00000,0.00000,-0.00317,0.00505,-0.00148,0.00497,-0.41989,0.91192,1,0.00434,-0.00116,-0.06756,0.40124,-0.04775,0.04228,0.02643,1
6.4829,-0.07949,0.02905,0.00289,-0.00066,-0.01075,0.00212,1.63150,-0.00000,0.00000,-0.00339,0.00509,-0.00242,0.00509,-0.41988,0.91197,1,0.00434,-0.00116,-0.06756,0.40124,-0.04775,0.04228,0.02643,1
6.4849,-0.07949,0.02905,0.00287,-0.00066,-0.00996,0.00202,1.63150,-0.00000,0.00000,-0.00360,0.00513,-0.00348,0.00513,-0.41993,0.91193,1,0.00434,-0.00116,-0.06756,0.40124,-0.04775,0.04228,0.02643,1
6.4869,-0.07949,0.02905,0.00285,-0.00066,-0.00904,0.00199,1.63150,-0.00000,0.00000,-0.00378,0.00517,-0.00442,0.00517,-0.41995,0.91191,1,0.00434,-0.00116,-0.06756,0.40124,-0.04775,0.04228,0.02643,1
6.4889,-0.07949,0.02905,0.00283,-0.00065,-0.00824,0.00197,1.63150,-0.00000,0.00000,-0.00395,0.00521,-0.00522,0.00521,-0.41993,0.91198,1,0.00434,-0.00116,-0.06756,0.40124,-0.04775,0.04228,0.02643,1
6.4909,-0.07949,0.02905,0.00281,-0.00065,-0.00756,0.00194,1.63150,-0.00000,0.00000,-0.00411,0.00525,-0.00590,0.00525,-0.41998,0.91196,1,0.00434,-0.00116,-0.06756,0.40124,-0.04775,0.04228,0.02643,1
6.4929,-0.07949,0.02905,0.00280,-0.00064,-0.00699,0.00192,1.63150,-0.00000,0.00000,-0.00425,0.00529,-0.00646,0.00529,-0.41999,0.91197,1,0.00434,-0.00116,-0.06756,0.40124,-0.04775,0.04228,0.02643,1
6.4949,-0.07949,0.02905,0.00279,-0.00064,-0.00654,0.00190,1.63150,-0.00000,0.00000,-0.00439,0.00533,-0.00688,0.00533,-0.42003,0.91197,1,0.00434,-0.00116,-0.06756,0.40124,-0.04775,0.04228,0.02643,1
6.4970,-0.07949,0.02905,0.00277,-0.00064,-0.00620,0.00187,1.63150,-0.00000,0.00000,-0.00451,0.00536,-0.00717,0.00536,-0.42004,0.91203,1,0.00434,-0.00116,-0.06756,0.40124,-0.04775,0.04228,0.02643,1
6.4990,-0.07949,0.02905,0.00276,-0.00063,-0.00598,0.00185,1.63150,-0.00000,0.00000,-0.00463,0.00540,-0.00734,0.00540,-0.42002,0.91205,1,0.00434,-0.00116,-0.06756,0.40124,-0.04775,0.04228,0.02643,1
6.5010,-0.08078,0.02935,0.00404,-0.00105,-0.00197,0.00000,1.62311,-0.00000,0.00000,0.00741,0.00139,-0.00738,0.00531,-0.42011,0.91202,1,0.00557,-0.00145,-0.06597,0.40078,-0.04932,0.04235,0.02503,1
6.5030,-0.08078,0.02935,0.00403,-0.00105,-0.00201,0.00010,1.62311,-0.00000,0.00000,0.00737,0.00140,-0.00729,0.00509,-0.42004,0.91207,1,0.00557,-0.00145,-0.06597,0.40078,-0.04932,0.04235,0.02503,1
6.5050,-0.08078,0.02935,0.00403,-0.00105,-0.00216,0.00032,1.62311,-0.00000,0.00000,0.00733,0.00140,-0.00707,0.00474,-0.42004,0.91208,1,0.00557,-0.00145,-0.06597,0.40078,-0.04932,0.04235,0.02503,1
6.5070,-0.08078,0.02935,0.00402,-0.00105,-0.00243,0.00066,1.62311,-0.00000,0.00000,0.00728,0.00141,-0.00673,0.00427,-0.42007,0.91204,1,0.00557,-0.00145,-0.06597,0.40078,-0.04932,0.04235,0.02503,1
6.5090,-0.08078,0.02935,0.00402,-0.00105,-0.00282,0.00111,1.62311,-0.00000,0.00000,0.00723,0.00143,-0.00626,0.00366,-0.42002,0.91213,1,0.00557,-0.00145,-0.06597,0.40078,-0.04932,0.04235,0.02503,1
6.5110,-0.08078,0.02935,0.00401,-0.00105,-0.00332,0.00167,1.62311,-0.00000,0.00000,0.00717,0.00145,-0.00566,0.00293,-0.42002,0.91215,1,0.00557,-0.00145,-0.06597,0.40078,-0.04932,0.04235,0.02503,1
6.5130,-0.08078,0.02935,0.00401,-0.00104,-0.00394,0.00236,1.62311,-0.00000,0.00000,0.00710,0.00149,-0.00493,0.00207,-0.42006,0.91215,1,0.00557,-0.00145,-0.06597,0.40078,-0.04932,0.04235,0.02503,1
6.5150,-0.08078,0.02935,0.00400,-0.00104,-0.00467,0.00316,1.62311,-0.00000,0.00000,0.00702,0.00155,-0.00407,0.00134,-0.42000,0.91217,1,0.00557,-0.00145,-0.06597,0.40078,-0.04932,0.04235,0.02503,1
6.5170,-0.08078,0.02935,0.00399,-0.00103,-0.00552,0.00384,1.62311,-0.00000,0.00000,0.00692,0.00162,-0.00308,0.00074,-0.42001,0.91213,1,0.00557,-0.00145,-0.06597,0.40078,-0.04932,0.04235,0.02503,1
6.5190,-0.08078,0.02935,0.00397,-0.00102,-0.00649,0.00441,1.62311,-0.00000,0.00000,0.00680,0.00170,-0.00197,0.00026,-0.42004,0.91216,1,0.00557,-0.00145,-0.06597,0.40078,-0.04932,0.04235,0.02503,1
6.5210,-0.08078,0.02935,0.00396,-0.00101,-0.00757,0.00486,1.62311,-0.00000,0.00000,0.00666,0.00179,-0.00073,-0.00008,-0.42005,0.91214,1,0.00557,-0.00145,-0.06597,0.40078,-0.04932,0.04235,0.02503,1
6.5230,-0.08078,0.02935,0.00394,-0.00100,-0.00877,0.00519,1.62311,-0.00000,0.00000,0.00650,0.00189,0.00064,-0.00030,-0.42001,0.91218,1,0.00557,-0.00145,-0.06597,0.40078,-0.04932,0.04235,0.02503,1
6.5250,-0.08078,0.02935,0.00393,-0.00099,-0.01008,0.00541,1.62311,-0.00000,0.00000,0.00631,0.00199,0.00213,-0.00039,-0.41997,0.91220,1,0.00557,-0.00145,-0.06597,0.40078,-0.04932,0.04235,0.02503,1
6.5271,-0.08078,0.02935,0.00390,-0.00098,-0.01151,0.00551,1.62311,-0.00000,0.00000,0.00610,0.00210,0.00373,-0.00036,-0.42000,0.91215,1,0.00557,-0.00145,-0.06597,0.40078,-0.04932,0.04235,0.02503,1
6.5290,-0.08078,0.02935,0.00388,-0.00097,-0.01304,0.00549,1.62311,-0.00000,0.00000,0.00586,0.00221,0.00533,-0.00019,-0.41995,0.91215,1,0.00557,-0.00145,-0.06597,0.40078,-0.04932,0.04235,0.02503,1
6.5310,-0.08078,0.02935,0.00385,-0.00096,-0.01456,0.00536,1.62311,-0.00000,0.00000,0.00559,0.00231,0.00681,0.00010,-0.41994,0.91215,1,0.00557,-0.00145,-0.06597,0.40078,-0.04932,0.04235,0.02503,1
6.5330,-0.08078,0.02935,0.00382,-0.00095,-0.01596,0.00511,1.62311,-0.00000,0.00000,0.00529,0.00242,0.00815,0.00052,-0.41987,0.91219,1,0.00557,-0.00145,-0.06597,0.40078,-0.04932,0.04235,0.02503,1
6.5350,-0.08078,0.02935,0.00379,-0.00094,-0.01725,0.00474,1.62311,-0.00000,0.00000,0.00496,0.00251,0.00937,0.00107,-0.41990,0.91215,1,0.00557,-0.00145,-0.06597,0.40078,-0.04932,0.04235,0.02503,1
6.5370,-0.08078,0.02935,0.00375,-0.00093,-0.01843,0.00426,1.62311,-0.00000,0.00000,0.00461,0.00260,0.01045,0.00175,-0.41989,0.91217,1,0.00557,-0.00145,-0.06597,0.40078,-0.04932,0.04235,0.02503,1
6.5390,-0.08078,0.02935,0.00371,-0.00092,-0.01948,0.00366,1.62311,-0.00000,0.00000,0.00424,0.00268,0.01141,0.00255,-0.41982,0.91217,1,0.00557,-0.00145,-0.06597,0.40078,-0.04932,0.04235,0.02503,1
6.5410,-0.08078,0.02935,0.00367,-0.00091,-0.02042,0.00295,1.62311,-0.00000,0.00000,0.00384,0.00275,0.01225,0.00323,-0.41978,0.91218,1,0.00557,-0.00145,-0.06597,0.40078,-0.04932,0.04235,0.02503,1
6.5430,-0.08078,0.02935,0.00363,-0.00091,-0.02124,0.00235,1.62311,-0.00000,0.00000,0.00343,0.00280,0.01295,0.00378,-0.41972,0.91221,1,0.00557,-0.00145,-0.06597,0.40078,-0.04932,0.04235,0.02503,1
6.5451,-0.08078,0.02935,0.00359,-0.00090,-0.02194,0.00187,1.62311,-0.00000,0.00000,0.00301,0.00284,0.01353,0.00420,-0.41975,0.91217,1,0.00557,-0.00145,-0.06597,0.40078,-0.04932,0.04235,0.02503,1
6.5471,-0.08078,0.02935,0.00355,-0.00090,-0.02253,0.00150,1.62311,-0.00000,0.00000,0.00257,0.00287,0.01397,0.00449,-0.41971,0.91219,1,0.00557,-0.00145,-0.06597,0.40078,-0.04932,0.04235,0.02503,1
6.5491,-0.08078,0.02935,0.00350,-0.00090,-0.02300,0.00125,1.62311,-0.00000,0.00000,0.00212,0.00290,0.01429,0.00465,-0.41966,0.91223,1,0.00557,-0.00145,-0.06597,0.40078,-0.04932,0.04235,0.02503,1
6.5511,-0.08078,0.02935,0.00345,-0.00090,-0.02335,0.00112,1.62311,-0.00000,0.00000,0.00167,0.00292,0.01449,0.00469,-0.41963,0.91226,1,0.00557,-0.00145,-0.06597,0.40078,-0.04932,0.04235,0.02503,1
6.5531,-0.08078,0.02935,0.00341,-0.00089,-0.02359,0.00110,1.62311,-0.00000,0.00000,0.00120,0.00294,0.01455,0.00460,-0.41957,0.91228,1,0.00557,-0.00145,-0.06597,0.40078,-0.04932,0.04235,0.02503,1
6.5551,-0.08078,0.02935,0.00336,-0.00089,-0.02371,0.00120,1.62311,-0.00000,0.00000,0.00074,0.00297,0.01449,0.00438,-0.41953,0.91228,1,0.00557,-0.00145,-0.06597,0.40078,-0.04932,0.04235,0.02503,1
6.5571,-0.08078,0.02935,0.00331,-0.00089,-0.02371,0.00141,1.62311,-0.00000,0.00000,0.00027,0.00299,0.01429,0.00403,-0.41956,0.91228,1,0.00557,-0.00145,-0.06597,0.40078,-0.04932,0.04235,0.02503,1
6.5591,-0.08078,0.02935,0.00326,-0.00089,-0.02359,0.00174,1.62311,-0.00000,0.00000,-0.00019,0.00302,0.01397,0.00356,-0.41955,0.91229,1,0.00557,-0.00145,-0.06597,0.40078,-0.04932,0.04235,0.02503,1
6.5611,-0.08078,0.02935,0.00322,-0.00088,-0.02336,0.00219,1.62311,-0.00000,0.00000,-0.00065,0.00306,0.01353,0.00306,-0.41953,0.91223,1,0.00557,-0.00145,-0.06597,0.40078,-0.04932,0.04235,0.02503,1
6.5631,-0.08078,0.02935,0.00317,-0.00088,-0.02300,0.00266,1.62311,-0.00000,0.00000,-0.00111,0.00311,0.01295,0.00270,-0.41953,0.91230,1,0.00557,-0.00145,-0.06597,0.40078,-0.04932,0.04235,0.02503,1
6.5651,-0.08078,0.02935,0.00313,-0.00087,-0.02254,0.00300,1.62311,-0.00000,0.00000,-0.00156,0.00317,0.01225,0.00246,-0.41947,0.91226,1,0.00557,-0.00145,-0.06597,0.40078,-0.04932,0.04235,0.02503,1
6.5671,-0.08078,0.02935,0.00308,-0.00087,-0.02195,0.00323,1.62837,-0.00000,0.00000,-0.00200,0.00323,0.01141,0.00235,-0.41950,0.91225,1,0.00533,-0.00090,-0.06637,0.40058,-0.04932,0.04235,0.02503,1
6.5691,-0.08055,0.02876,0.00377,-0.00080,-0.02066,0.00361,1.62837,-0.00000,0.00000,0.00483,0.00365,0.01045,0.00237,-0.41956,0.91222,1,0.00533,-0.00090,-0.06637,0.40058,-0.04936,0.04280,0.02243,1
6.5711,-0.08055,0.02876,0.00372,-0.00079,-0.01986,0.00360,1.62837,-0.00000,0.00000,0.00443,0.00373,0.00937,0.00252,-0.41944,0.91226,1,0.00533,-0.00090,-0.06637,0.40058,-0.04936,0.04280,0.02243,1
6.5732,-0.08055,0.02876,0.00369,-0.00078,-0.01893,0.00348,1.62837,-0.00000,0.00000,0.00405,0.00380,0.00815,0.00279,-0.41953,0.91223,1,0.00533,-0.00090,-0.06637,0.40058,-0.04936,0.04280,0.02243,1
6.5752,-0.08055,0.02876,0.00365,-0.00078,-0.01789,0.00325,1.62837,-0.00000,0.00000,0.00369,0.00386,0.00681,0.00319,-0.41955,0.91221,1,0.00533,-0.00090,-0.06637,0.40058,-0.04936,0.04280,0.02243,1
6.5772,-0.08055,0.02876,0.00361,-0.00077,-0.01674,0.00290,1.62837,-0.00000,0.00000,0.00335,0.00392,0.00533,0.00372,-0.41954,0.91225,1,0.00533,-0.00090,-0.06637,0.40058,-0.04936,0.04280,0.02243,1
6.5792,-0.08055,0.02876,0.00358,-0.00077,-0.01546,0.00243,1.62837,-0.00000,0.00000,0.00303,0.00397,0.00373,0.00413,-0.41948,0.91223,1,0.00533,-0.00090,-0.06637,0.40058,-0.04936,0.04280,0.02243,1
6.5812,-0.08055,0.02876,0.00355,-0.00076,-0.01407,0.00207,1.62837,-0.00000,0.00000,0.00274,0.00402,0.00226,0.00440,-0.41952,0.91223,1,0.00533,-0.00090,-0.06637,0.40058,-0.04936,0.04280,0.02243,1
6.5832,-0.08055,0.02876,0.00353,-0.00076,-0.01280,0.00184,1.62837,-0.00000,0.00000,0.00247,0.00406,0.00092,0.00455,-0.41946,0.91228,1,0.00533,-0.00090,-0.06637,0.40058,-0.04936,0.04280,0.02243,1
6.5852,-0.08055,0.02876,0.00350,-0.00075,-0.01164,0.00172,1.62837,-0.00000,0.00000,0.00223,0.00409,-0.00030,0.00457,-0.41951,0.91228,1,0.00533,-0.00090,-0.06637,0.40058,-0.04936,0.04280,0.02243,1
6.5872,-0.08055,0.02876,0.00348,-0.00075,-0.01059,0.00171,1.62837,-0.00000,0.00000,0.00201,0.00413,-0.00139,0.00446,-0.41946,0.91231,1,0.00533,-0.00090,-0.06637,0.40058,-0.04936,0.04280,0.02243,1
6.5892,-0.08055,0.02876,0.00346,-0.00075,-0.00966,0.00183,1.62837,-0.00000,0.00000,0.00182,0.00416,-0.00235,0.00422,-0.41949,0.91232,1,0.00533,-0.00090,-0.06637,0.40058,-0.04936,0.04280,0.02243,1
6.5912,-0.08055,0.02876,0.00344,-0.00074,-0.00885,0.00206,1.62837,-0.00000,0.00000,0.00163,0.00420,-0.00318,0.00411,-0.41952,0.91233,1,0.00533,-0.00090,-0.06637,0.40058,-0.04936,0.04280,0.02243,1
6.5932,-0.08055,0.02876,0.00342,-0.00074,-0.00816,0.00217,1.62837,-0.00000,0.00000,0.00147,0.00424,-0.00388,0.00413,-0.41953,0.91233,1,0.00533,-0.00090,-0.06637,0.40058,-0.04936,0.04280,0.02243,1
6.5952,-0.08055,0.02876,0.00341,-0.00073,-0.00758,0.00217,1.62837,-0.00000,0.00000,0.00131,0.00428,-0.00446,0.00428,-0.41949,0.91234,1,0.00533,-0.00090,-0.06637,0.40058,-0.04936,0.04280,0.02243,1
6.5972,-0.08055,0.02876,0.00339,-0.00073,-0.00712,0.00204,1.62837,-0.00000,0.00000,0.00117,0.00432,-0.00491,0.00432,-0.41951,0.91238,1,0.00533,-0.00090,-0.06637,0.40058,-0.04936,0.04280,0.02243,1
6.5992,-0.08055,0.02876,0.00338,-0.00073,-0.00677,0.00201,1.62837,-0.00000,0.00000,0.00103,0.00436,-0.00523,0.00436,-0.41951,0.91241,1,0.00533,-0.00090,-0.06637,0.40058,-0.04936,0.04280,0.02243,1
6.6013,-0.08055,0.02876,0.00337,-0.00072,-0.00654,0.00199,1.62837,-0.00000,0.00000,0.00090,0.00440,-0.00542,0.00440,-0.41944,0.91242,1,0.00533,-0.00090,-0.06637,0.40058,-0.04936,0.04280,0.02243,1
6.6033,-0.08055,0.02876,0.00335,-0.00072,-0.00642,0.00197,1.62837,-0.00000,0.00000,0.00077,0.00444,-0.00548,0.00444,-0.41948,0.91240,1,0.00533,-0.00090,-0.06637,0.40058,-0.04936,0.04280,0.02243,1
6.6053,-0.08055,0.02876,0.00334,-0.00071,-0.00642,0.00194,1.62837,-0.00000,0.00000,0.00065,0.00448,-0.00542,0.00448,-0.41949,0.91241,1,0.00533,-0.00090,-0.06637,0.40058,-0.04936,0.04280,0.02243,1
6.6073,-0.08055,0.02876,0.00333,-0.00071,-0.00654,0.00192,1.62837,-0.00000,0.00000,0.00052,0.00452,-0.00523,0.00452,-0.41952,0.91241,1,0.00533,-0.00090,-0.06637,0.40058,-0.04936,0.04280,0.02243,1
6.6093,-0.08055,0.02876,0.00331,-0.00071,-0.00677,0.00190,1.62837,-0.00000,0.00000,0.00039,0.00456,-0.00491,0.00456,-0.41952,0.91242,1,0.00533,-0.00090,-0.06637,0.40058,-0.04936,0.04280,0.02243,1
6.6113,-0.08055,0.02876,0.00330,-0.00070,-0.00712,0.00188,1.62837,-0.00000,0.00000,0.00025,0.00459,-0.00446,0.00459,-0.41955,0.91244,1,0.00533,-0.00090,-0.06637,0.40058,-0.04936,0.04280,0.02243,1
6.6133,-0.08055,0.02876,0.00329,-0.00070,-0.00759,0.00186,1.62837,-0.00000,0.00000,0.00010,0.00463,-0.00388,0.00463,-0.41955,0.91246,1,0.00533,-0.00090,-0.06637,0.40058,-0.04936,0.04280,0.02243,1
6.6153,-0.08055,0.02876,0.00327,-0.00069,-0.00817,0.00184,1.62837,-0.00000,0.00000,-0.00005,0.00467,-0.00318,0.00467,-0.41957,0.91248,1,0.00533,-0.00090,-0.06637,0.40058,-0.04936,0.04280,0.02243,1
6.6173,-0.08055,0.02876,0.00325,-0.00069,-0.00887,0.00182,1.62837,-0.00000,0.00000,-0.00022,0.00470,-0.00235,0.00470,-0.41961,0.91246,1,0.00533,-0.00090,-0.06637,0.40058,-0.04936,0.04280,0.02243,1
6.6193,-0.08055,0.02876,0.00323,-0.00069,-0.00968,0.00180,1.62837,-0.00000,0.00000,-0.00040,0.00474,-0.00139,0.00474,-0.41959,0.91246,1,0.00533,-0.00090,-0.06637,0.40058,-0.04936,0.04280,0.02243,1
6.6214,-0.08055,0.02876,0.00321,-0.00068,-0.01061,0.00178,1.62837,-0.00000,0.00000,-0.00060,0.00477,-0.00055,0.00477,-0.41957,0.91250,1,0.00533,-0.00090,-0.06637,0.40058,-0.04936,0.04280,0.02243,1
6.6234,-0.08055,0.02876,0.00319,-0.00068,-0.01143,0.00176,1.62837,-0.00000,0.00000,-0.00082,0.00481,0.00015,0.00481,-0.41950,0.91255,1,0.00533,-0.00090,-0.06637,0.40058,-0.04936,0.04280,0.02243,1
6.6254,-0.08055,0.02876,0.00317,-0.00068,-0.01212,0.00174,1.62837,-0.00000,0.00000,-0.00105,0.00484,0.00073,0.00484,-0.41954,0.91251,1,0.00533,-0.00090,-0.06637,0.40058,-0.04936,0.04280,0.02243,1
6.6274,-0.07987,0.02854,0.00382,-0.00065,-0.00885,0.00182,1.63148,-0.00000,0.00000,0.00565,0.00503,0.00143,0.00501,-0.41958,0.91251,1,0.00469,-0.00070,-0.06984,0.39995,-0.04513,0.04374,0.02807,1
6.6294,-0.07987,0.02854,0.00380,-0.00065,-0.00956,0.00168,1.63148,-0.00000,0.00000,0.00547,0.00506,0.00226,0.00506,-0.41956,0.91254,1,0.00469,-0.00070,-0.06984,0.39995,-0.04513,0.04374,0.02807,1
6.6314,-0.07987,0.02854,0.00378,-0.00064,-0.01038,0.00164,1.63148,-0.00000,0.00000,0.00527,0.00509,0.00322,0.00509,-0.41950,0.91253,1,0.00469,-0.00070,-0.06984,0.39995,-0.04513,0.04374,0.02807,1
6.6334,-0.07987,0.02854,0.00376,-0.00064,-0.01132,0.00162,1.63148,-0.00000,0.00000,0.00506,0.00512,0.00431,0.00512,-0.41954,0.91255,1,0.00469,-0.00070,-0.06984,0.39995,-0.04513,0.04374,0.02807,1
6.6354,-0.07987,0.02854,0.00374,-0.00064,-0.01238,0.00161,1.63148,-0.00000,0.00000,0.00483,0.00516,0.00527,0.00516,-0.41948,0.91258,1,0.00469,-0.00070,-0.06984,0.39995,-0.04513,0.04374,0.02807,1
6.6374,-0.07987,0.02854,0.00371,-0.00063,-0.01332,0.00159,1.63148,-0.00000,0.00000,0.00457,0.00519,0.00610,0.00519,-0.41954,0.91254,1,0.00469,-0.00070,-0.06984,0.39995,-0.04513,0.04374,0.02807,1
6.6394,-0.07987,0.02854,0.00368,-0.00063,-0.01414,0.00157,1.63148,-0.00000,0.00000,0.00430,0.00522,0.00681,0.00522,-0.41955,0.91254,1,0.00469,-0.00070,-0.06984,0.39995,-0.04513,0.04374,0.02807,1
6.6414,-0.07987,0.02854,0.00366,-0.00063,-0.01484,0.00155,1.63148,-0.00000,0.00000,0.00402,0.00525,0.00738,0.00525,-0.41956,0.91254,1,0.00469,-0.00070,-0.06984,0.39995,-0.04513,0.04374,0.02807,1
6.6434,-0.07987,0.02854,0.00362,-0.00062,-0.01543,0.00154,1.63148,-0.00000,0.00000,0.00372,0.00528,0.00783,0.00528,-0.41948,0.91260,1,0.00469,-0.00070,-0.06984,0.39995,-0.04513,0.04374,0.02807,1
6.6454,-0.07987,0.02854,0.00359,-0.00062,-0.01590,0.00152,1.63148,-0.00000,0.00000,0.00341,0.00531,0.00815,0.00531,-0.41947,0.91259,1,0.00469,-0.00070,-0.06984,0.39995,-0.04513,0.04374,0.02807,1
6.6474,-0.07987,0.02854,0.00356,-0.00062,-0.01626,0.00150,1.63148,-0.00000,0.00000,0.00309,0.00534,0.00834,0.00534,-0.41949,0.91258,1,0.00469,-0.00070,-0.06984,0.39995,-0.04513,0.04374,0.02807,1
6.6495,-0.07987,0.02854,0.00353,-0.00061,-0.01649,0.00149,1.63148,-0.00000,0.00000,0.00277,0.00537,0.00841,0.00537,-0.41952,0.91259,1,0.00469,-0.00070,-0.06984,0.39995,-0.04513,0.04374,0.02807,1
6.6515,-0.07987,0.02854,0.00350,-0.00061,-0.01661,0.00147,1.63148,-0.00000,0.00000,0.00245,0.00540,0.00834,0.00540,-0.41944,0.91259,1,0.00469,-0.00070,-0.06984,0.39995,-0.04513,0.04374,0.02807,1
6.6535,-0.07987,0.02854,0.00346,-0.00061,-0.01662,0.00146,1.63148,-0.00000,0.00000,0.00212,0.00543,0.00815,0.00543,-0.41940,0.91261,1,0.00469,-0.00070,-0.06984,0.39995,-0.04513,0.04374,0.02807,1
6.6555,-0.07987,0.02854,0.00343,-0.00061,-0.01650,0.00144,1.63148,-0.00000,0.00000,0.00179,0.00546,0.00783,0.00546,-0.41943,0.91262,1,0.00469,-0.00070,-0.06984,0.39995,-0.04513,0.04374,0.02807,1
6.6575,-0.07987,0.02854,0.00340,-0.00060,-0.01627,0.00143,1.63148,-0.00000,0.00000,0.00147,0.00548,0.00738,0.00548,-0.41945,0.91263,1,0.00469,-0.00070,-0.06984,0.39995,-0.04513,0.04374,0.02807,1
6.6595,-0.07987,0.02854,0.00336,-0.00060,-0.01593,0.00141,1.63148,-0.00000,0.00000,0.00115,0.00551,0.00681,0.00551,-0.41941,0.91265,1,0.00469,-0.00070,-0.06984,0.39995,-0.04513,0.04374,0.02807,1
6.6615,-0.07987,0.02854,0.00333,-0.00060,-0.01546,0.00140,1.63148,-0.00000,0.00000,0.00085,0.00554,0.00610,0.00554,-0.41944,0.91266,1,0.00469,-0.00070,-0.06984,0.39995,-0.04513,0.04374,0.02807,1
6.6635,-0.07987,0.02854,0.00330,-0.00059,-0.01488,0.00138,1.63148,-0.00000,0.00000,0.00055,0.00557,0.00527,0.00557,-0.41945,0.91266,1,0.00469,-0.00070,-0.06984,0.39995,-0.04513,0.04374,0.02807,1
6.6655,-0.07987,0.02854,0.00327,-0.00059,-0.01418,0.00137,1.63148,-0.00000,0.00000,0.00026,0.00559,0.00431,0.00559,-0.41943,0.91266,1,0.00469,-0.00070,-0.06984,0.39995,-0.04513,0.04374,0.02807,1
6.6675,-0.07987,0.02854,0.00325,-0.00059,-0.01337,0.00135,1.63148,-0.00000,0.00000,-0.00001,0.00562,0.00322,0.00562,-0.41942,0.91266,1,0.00469,-0.00070,-0.06984,0.39995,-0.04513,0.04374,0.02807,1
6.6695,-0.07987,0.02854,0.00322,-0.00059,-0.01244,0.00134,1.63148,-0.00000,0.00000,-0.00026,0.00565,0.00201,0.00565,-0.41941,0.91269,1,0.00469,-0.00070,-0.06984,0.39995,-0.04513,0.04374,0.02807,1
6.6715,-0.07987,0.02854,0.00320,-0.00058,-0.01139,0.00133,1.63148,-0.00000,0.00000,-0.00050,0.00567,0.00066,0.00567,-0.41949,0.91269,1,0.00469,-0.00070,-0.06984,0.39995,-0.04513,0.04374,0.02807,1
6.6735,-0.07987,0.02854,0.00317,-0.00058,-0.01022,0.00131,1.63148,-0.00000,0.00000,-0.00071,0.00570,-0.00071,0.00570,-0.41944,0.91270,1,0.00469,-0.00070,-0.06984,0.39995,-0.04513,0.04374,0.02807,1
6.6756,-0.07987,0.02854,0.00316,-0.00058,-0.00903,0.00130,1.63148,-0.00000,0.00000,-0.00090,0.00572,-0.00196,0.00572,-0.41944,0.91272,1,0.00469,-0.00070,-0.06984,0.39995,-0.04513,0.04374,0.02807,1
6.6776,-0.07987,0.02854,0.00314,-0.00058,-0.00795,0.00129,1.63148,-0.00000,0.00000,-0.00107,0.00575,-0.00307,0.00575,-0.41950,0.91272,1,0.00469,-0.00070,-0.06984,0.39995,-0.04513,0.04374,0.02807,1
6.6796,-0.07987,0.02854,0.00312,-0.00057,-0.00699,0.00127,1.63148,-0.00000,0.00000,-0.00121,0.00578,-0.00406,0.00578,-0.41948,0.91275,1,0.00469,-0.00070,-0.06984,0.39995,-0.04513,0.04374,0.02807,1
6.6816,-0.07987,0.02854,0.00311,-0.00057,-0.00615,0.00126,1.63148,-0.00000,0.00000,-0.00134,0.00580,-0.00493,0.00580,-0.41948,0.91275,1,0.00469,-0.00070,-0.06984,0.39995,-0.04513,0.04374,0.02807,1
6.6836,-0.07987,0.02854,0.00310,-0.00057,-0.00542,0.00125,1.63148,-0.00000,0.00000,-0.00146,0.00583,-0.00566,0.00583,-0.41951,0.91275,1,0.00469,-0.00070,-0.06984,0.39995,-0.04513,0.04374,0.02807,1
6.6856,-0.07987,0.02854,0.00309,-0.00057,-0.00481,0.00123,1.63148,-0.00000,0.00000,-0.00156,0.00585,-0.00627,0.00585,-0.41952,0.91281,1,0.00469,-0.00070,-0.06984,0.39995,-0.04513,0.04374,0.02807,1
6.6876,-0.07987,0.02854,0.00308,-0.00056,-0.00431,0.00122,1.63148,-0.00000,0.00000,-0.00165,0.00587,-0.00674,0.00587,-0.41947,0.91283,1,0.00469,-0.00070,-0.06984,0.39995,-0.04513,0.04374,0.02807,1
6.6896,-0.07987,0.02854,0.00307,-0.00056,-0.00393,0.00121,1.63148,-0.00000,0.00000,-0.00173,0.00590,-0.00709,0.00590,-0.41954,0.91281,1,0.00469,-0.00070,-0.06984,0.39995,-0.04513,0.04374,0.02807,1
6.6916,-0.07987,0.02854,0.00306,-0.00056,-0.00367,0.00120,1.63148,-0.00000,0.00000,-0.00180,0.00592,-0.00731,0.00592,-0.41952,0.91285,1,0.00469,-0.00070,-0.06984,0.39995,-0.04513,0.04374,0.02807,1
6.6936,-0.07987,0.02854,0.00306,-0.00056,-0.00352,0.00119,1.63148,-0.00000,0.00000,-0.00188,0.00594,-0.00741,0.00594,-0.41956,0.91283,1,0.00469,-0.00070,-0.06984,0.39995,-0.04513,0.04374,0.02807,1
6.6956,-0.07987,0.02854,0.00305,-0.00055,-0.00349,0.00118,1.63148,-0.00000,0.00000,-0.00194,0.00597,-0.00737,0.00597,-0.41952,0.91290,1,0.00469,-0.00070,-0.06984,0.39995,-0.04513,0.04374,0.02807,1
6.6977,-0.08125,0.02822,0.00443,-0.00045,0.00168,0.00153,1.63096,-0.00000,0.00000,0.01107,0.00689,-0.00721,0.00612,-0.41953,0.91289,1,0.00599,-0.00041,-0.06534,0.39978,-0.05066,0.04341,0.02822,1
6.6997,-0.08125,0.02822,0.00443,-0.00044,0.00145,0.00140,1.63096,-0.00000,0.00000,0.01110,0.00691,-0.00692,0.00640,-0.41953,0.91294,1,0.00599,-0.00041,-0.06534,0.39978,-0.05066,0.04341,0.02822,1
6.7017,-0.08125,0.02822,0.00443,-0.00044,0.00111,0.00115,1.63096,-0.00000,0.00000,0.01112,0.00694,-0.00650,0.00681,-0.41952,0.91296,1,0.00599,-0.00041,-0.06534,0.39978,-0.05066,0.04341,0.02822,1
6.7037,-0.08125,0.02822,0.00444,-0.00044,0.00065,0.00079,1.63096,-0.00000,0.00000,0.01114,0.00696,-0.00596,0.00709,-0.41954,0.91296,1,0.00599,-0.00041,-0.06534,0.39978,-0.05066,0.04341,0.02822,1
6.7057,-0.08125,0.02822,0.00444,-0.00044,0.00007,0.00054,1.63096,-0.00000,0.00000,0.01115,0.00697,-0.00528,0.00724,-0.41954,0.91297,1,0.00599,-0.00041,-0.06534,0.39978,-0.05066,0.04341,0.02822,1
6.7077,-0.08125,0.02822,0.00444,-0.00044,-0.00062,0.00041,1.63096,-0.00000,0.00000,0.01114,0.00698,-0.00448,0.00726,-0.41949,0.91300,1,0.00599,-0.00041,-0.06534,0.39978,-0.05066,0.04341,0.02822,1
6.7097,-0.08125,0.02822,0.00443,-0.00044,-0.00143,0.00040,1.63096,-0.00000,0.00000,0.01112,0.00699,-0.00355,0.00715,-0.41953,0.91303,1,0.00599,-0.00041,-0.06534,0.39978,-0.05066,0.04341,0.02822,1
6.7117,-0.08125,0.02822,0.00443,-0.00044,-0.00235,0.00050,1.63096,-0.00000,0.00000,0.01108,0.00700,-0.00249,0.00700,-0.41952,0.91306,1,0.00599,-0.00041,-0.06534,0.39978,-0.05066,0.04341,0.02822,1
6.7138,-0.08125,0.02822,0.00442,-0.00043,-0.00340,0.00065,1.63096,-0.00000,0.00000,0.01103,0.00701,-0.00130,0.00697,-0.41954,0.91307,1,0.00599,-0.00041,-0.06534,0.39978,-0.05066,0.04341,0.02822,1
6.7158,-0.08125,0.02822,0.00442,-0.00043,-0.00455,0.00069,1.63096,-0.00000,0.00000,0.01095,0.00702,0.00001,0.00702,-0.41949,0.91311,1,0.00599,-0.00041,-0.06534,0.39978,-0.05066,0.04341,0.02822,1
6.7178,-0.08125,0.02822,0.00441,-0.00043,-0.00583,0.00065,1.63096,-0.00000,0.00000,0.01085,0.00704,0.00145,0.00704,-0.41949,0.91307,1,0.00599,-0.00041,-0.06534,0.39978,-0.05066,0.04341,0.02822,1
6.7198,-0.08125,0.02822,0.00439,-0.00043,-0.00722,0.00064,1.63096,-0.00000,0.00000,0.01072,0.00705,0.00302,0.00705,-0.41944,0.91315,1,0.00599,-0.00041,-0.06534,0.39978,-0.05066,0.04341,0.02822,1
6.7218,-0.08125,0.02822,0.00438,-0.00043,-0.00872,0.00064,1.63096,-0.00000,0.00000,0.01056,0.00706,0.00462,0.00706,-0.41940,0.91315,1,0.00599,-0.00041,-0.06534,0.39978,-0.05066,0.04341,0.02822,1
6.7238,-0.08125,0.02822,0.00436,-0.00043,-0.01025,0.00063,1.63096,-0.00000,0.00000,0.01038,0.00707,0.00622,0.00707,-0.41942,0.91316,1,0.00599,-0.00041,-0.06534,0.39978,-0.05066,0.04341,0.02822,1
6.7258,-0.08125,0.02822,0.00434,-0.00043,-0.01179,0.00063,1.63096,-0.00000,0.00000,0.01016,0.00709,0.00782,0.00709,-0.41942,0.91316,1,0.00599,-0.00041,-0.06534,0.39978,-0.05066,0.04341,0.02822,1
6.7279,-0.08125,0.02822,0.00431,-0.00043,-0.01332,0.00063,1.63096,-0.00000,0.00000,0.00991,0.00710,0.00942,0.00710,-0.41941,0.91318,1,0.00599,-0.00041,-0.06534,0.39978,-0.05066,0.04341,0.02822,1
6.7299,-0.08125,0.02822,0.00428,-0.00042,-0.01485,0.00062,1.63096,-0.00000,0.00000,0.00963,0.00711,0.01089,0.00711,-0.41939,0.91320,1,0.00599,-0.00041,-0.06534,0.39978,-0.05066,0.04341,0.02822,1
6.7319,-0.08125,0.02822,0.00425,-0.00042,-0.01626,0.00062,1.63096,-0.00000,0.00000,0.00933,0.00712,0.01224,0.00712,-0.41934,0.91320,1,0.00599,-0.00041,-0.06534,0.39978,-0.05066,0.04341,0.02822,1
6.7339,-0.08125,0.02822,0.00422,-0.00042,-0.01756,0.00062,1.63096,-0.00000,0.00000,0.00900,0.00713,0.01345,0.00713,-0.41934,0.91319,1,0.00599,-0.00041,-0.06534,0.39978,-0.05066,0.04341,0.02822,1
6.7359,-0.08125,0.02822,0.00418,-0.00042,-0.01874,0.00061,1.63096,-0.00000,0.00000,0.00864,0.00715,0.01454,0.00715,-0.41934,0.91321,1,0.00599,-0.00041,-0.06534,0.39978,-0.05066,0.04341,0.02822,1
6.7379,-0.08125,0.02822,0.00414,-0.00042,-0.01980,0.00061,1.63096,-0.00000,0.00000,0.00826,0.00716,0.01550,0.00716,-0.41932,0.91323,1,0.00599,-0.00041,-0.06534,0.39978,-0.05066,0.04341,0.02822,1
6.7399,-0.08125,0.02822,0.00410,-0.00042,-0.02075,0.00060,1.63096,-0.00000,0.00000,0.00786,0.00717,0.01633,0.00717,-0.41920,0.91327,1,0.00599,-0.00041,-0.06534,0.39978,-0.05066,0.04341,0.02822,1
6.7419,-0.08125,0.02822,0.00406,-0.00042,-0.02158,0.00060,1.63096,-0.00000,0.00000,0.00744,0.00718,0.01704,0.00718,-0.41921,0.91329,1,0.00599,-0.00041,-0.06534,0.39978,-0.05066,0.04341,0.02822,1
6.7439,-0.08125,0.02822,0.00402,-0.00042,-0.02229,0.00060,1.63096,-0.00000,0.00000,0.00701,0.00719,0.01761,0.00719,-0.41921,0.91325,1,0.00599,-0.00041,-0.06534,0.39978,-0.05066,0.04341,0.02822,1
6.7459,-0.08125,0.02822,0.00397,-0.00041,-0.02288,0.00059,1.63096,-0.00000,0.00000,0.00657,0.00721,0.01806,0.00721,-0.41914,0.91331,1,0.00599,-0.00041,-0.06534,0.39978,-0.05066,0.04341,0.02822,1
6.7479,-0.08125,0.02822,0.00392,-0.00041,-0.02336,0.00059,1.63096,-0.00000,0.00000,0.00611,0.00722,0.01838,0.00722,-0.41913,0.91330,1,0.00599,-0.00041,-0.06534,0.39978,-0.05066,0.04341,0.02822,1
6.7499,-0.08125,0.02822,0.00388,-0.00041,-0.02372,0.00059,1.63096,-0.00000,0.00000,0.00565,0.00723,0.01857,0.00723,-0.41905,0.91334,1,0.00599,-0.00041,-0.06534,0.39978,-0.05066,0.04341,0.02822,1
6.7519,-0.08125,0.02822,0.00383,-0.00041,-0.02396,0.00058,1.63096,-0.00000,0.00000,0.00518,0.00724,0.01864,0.00724,-0.41902,0.91336,1,0.00599,-0.00041,-0.06534,0.39978,-0.05066,0.04341,0.02822,1
6.7539,-0.08125,0.02822,0.00378,-0.00041,-0.02409,0.00058,1.63096,-0.00000,0.00000,0.00471,0.00725,0.01857,0.00725,-0.41903,0.91333,1,0.00599,-0.00041,-0.06534,0.39978,-0.05066,0.04341,0.02822,1
6.7559,-0.08125,0.02822,0.00373,-0.00041,-0.02409,0.00058,1.63096,-0.00000,0.00000,0.00423,0.00726,0.01838,0.00726,-0.41899,0.91331,1,0.00599,-0.00041,-0.06534,0.39978,-0.05066,0.04341,0.02822,1
6.7579,-0.08125,0.02822,0.00369,-0.00041,-0.02398,0.00058,1.63096,-0.00000,0.00000,0.00376,0.00728,0.01806,0.00728,-0.41900,0.91330,1,0.00599,-0.00041,-0.06534,0.39978,-0.05066,0.04341,0.02822,1
6.7599,-0.08125,0.02822,0.00364,-0.00041,-0.02376,0.00057,1.63096,-0.00000,0.00000,0.00329,0.00729,0.01761,0.00729,-0.41896,0.91335,1,0.00599,-0.00041,-0.06534,0.39978,-0.05066,0.04341,0.02822,1
6.7619,-0.08125,0.02822,0.00359,-0.00041,-0.02342,0.00057,1.63096,-0.00000,0.00000,0.00283,0.00730,0.01704,0.00730,-0.41895,0.91336,1,0.00599,-0.00041,-0.06534,0.39978,-0.05066,0.04341,0.02822,1
6.7639,-0.08125,0.02822,0.00354,-0.00040,-0.02295,0.00057,1.63096,-0.00000,0.00000,0.00237,0.00731,0.01633,0.00731,-0.41895,0.91331,1,0.00599,-0.00041,-0.06534,0.39978,-0.05066,0.04341,0.02822,1
6.7659,-0.08013,0.02800,0.00379,-0.00029,-0.02333,0.00097,1.62497,-0.00000,0.00000,0.00521,0.00839,0.01550,0.00745,-0.41888,0.91338,1,0.00494,-0.00021,-0.06809,0.40007,-0.04724,0.04343,0.02805,1
6.7679,-0.08013,0.02800,0.00374,-0.00028,-0.02264,0.00085,1.62497,-0.00000,0.00000,0.00476,0.00840,0.01454,0.00772,-0.41888,0.91338,1,0.00494,-0.00021,-0.06809,0.40007,-0.04724,0.04343,0.02805,1
6.7699,-0.08013,0.02800,0.00370,-0.00028,-0.02183,0.00061,1.62497,-0.00000,0.00000,0.00432,0.00842,0.01345,0.00811,-0.41888,0.91341,1,0.00494,-0.00021,-0.06809,0.40007,-0.04724,0.04343,0.02805,1
6.7720,-0.08013,0.02800,0.00365,-0.00028,-0.02091,0.00026,1.62497,-0.00000,0.00000,0.00390,0.00843,0.01224,0.00843,-0.41888,0.91336,1,0.00494,-0.00021,-0.06809,0.40007,-0.04724,0.04343,0.02805,1
6.7740,-0.08013,0.02800,0.00361,-0.00028,-0.01987,-0.00003,1.62497,-0.00000,0.00000,0.00350,0.00843,0.01089,0.00862,-0.41889,0.91341,1,0.00494,-0.00021,-0.06809,0.40007,-0.04724,0.04343,0.02805,1
6.7760,-0.08013,0.02800,0.00357,-0.00028,-0.01871,-0.00019,1.62497,-0.00000,0.00000,0.00312,0.00843,0.00942,0.00868,-0.41882,0.91342,1,0.00494,-0.00021,-0.06809,0.40007,-0.04724,0.04343,0.02805,1
6.7780,-0.08013,0.02800,0.00354,-0.00028,-0.01743,-0.00024,1.62497,-0.00000,0.00000,0.00276,0.00842,0.00782,0.00861,-0.41892,0.91339,1,0.00494,-0.00021,-0.06809,0.40007,-0.04724,0.04343,0.02805,1
6.7800,-0.08013,0.02800,0.00350,-0.00028,-0.01604,-0.00018,1.62497,-0.00000,0.00000,0.00243,0.00842,0.00622,0.00842,-0.41884,0.91344,1,0.00494,-0.00021,-0.06809,0.40007,-0.04724,0.04343,0.02805,1
6.7820,-0.08013,0.02800,0.00347,-0.00028,-0.01465,0.00000,1.62497,-0.00000,0.00000,0.00213,0.00842,0.00462,0.00836,-0.41888,0.91347,1,0.00494,-0.00021,-0.06809,0.40007,-0.04724,0.04343,0.02805,1
6.7840,-0.08013,0.02800,0.00345,-0.00028,-0.01326,0.00006,1.62497,-0.00000,0.00000,0.00186,0.00842,0.00302,0.00842,-0.41878,0.91351,1,0.00494,-0.00021,-0.06809,0.40007,-0.04724,0.04343,0.02805,1
6.7860,-0.08013,0.02800,0.00342,-0.00028,-0.01186,0.00001,1.62497,-0.00000,0.00000,0.00161,0.00842,0.00155,0.00842,-0.41880,0.91355,1,0.00494,-0.00021,-0.06809,0.40007,-0.04724,0.04343,0.02805,1
6.7880,-0.08013,0.02800,0.00340,-0.00028,-0.01058,0.00002,1.62497,-0.00000,0.00000,0.00139,0.00842,0.00021,0.00842,-0.41877,0.91354,1,0.00494,-0.00021,-0.06809,0.40007,-0.04724,0.04343,0.02805,1
6.7900,-0.08013,0.02800,0.00338,-0.00028,-0.00942,0.00002,1.62497,-0.00000,0.00000,0.00119,0.00842,-0.00101,0.00842,-0.41878,0.91359,1,0.00494,-0.00021,-0.06809,0.40007,-0.04724,0.04343,0.02805,1
6.7920,-0.08013,0.02800,0.00336,-0.00028,-0.00838,0.00003,1.62497,-0.00000,0.00000,0.00102,0.00842,-0.00210,0.00842,-0.41882,0.91357,1,0.00494,-0.00021,-0.06809,0.40007,-0.04724,0.04343,0.02805,1
6.7940,-0.08013,0.02800,0.00334,-0.00028,-0.00745,0.00003,1.62497,-0.00000,0.00000,0.00086,0.00842,-0.00306,0.00842,-0.41878,0.91362,1,0.00494,-0.00021,-0.06809,0.40007,-0.04724,0.04343,0.02805,1
6.7960,-0.08013,0.02800,0.00333,-0.00028,-0.00663,0.00004,1.62497,-0.00000,0.00000,0.00072,0.00842,-0.00389,0.00842,-0.41879,0.91364,1,0.00494,-0.00021,-0.06809,0.40007,-0.04724,0.04343,0.02805,1
6.7980,-0.08013,0.02800,0.00332,-0.00028,-0.00594,0.00004,1.62497,-0.00000,0.00000,0.00060,0.00842,-0.00459,0.00842,-0.41879,0.91363,1,0.00494,-0.00021,-0.06809,0.40007,-0.04724,0.04343,0.02805,1
6.8001,-0.08013,0.02800,0.00331,-0.00028,-0.00536,0.00004,1.62497,-0.00000,0.00000,0.00049,0.00842,-0.00517,0.00842,-0.41878,0.91368,1,0.00494,-0.00021,-0.06809,0.40007,-0.04724,0.04343,0.02805,1
6.8021,-0.08013,0.02800,0.00330,-0.00028,-0.00489,0.00005,1.62497,-0.00000,0.00000,0.00039,0.00842,-0.00562,0.00842,-0.41877,0.91370,1,0.00494,-0.00021,-0.06809,0.40007,-0.04724,0.04343,0.02805,1
6.8041,-0.08013,0.02800,0.00329,-0.00028,-0.00454,0.00005,1.62497,-0.00000,0.00000,0.00029,0.00842,-0.00594,0.00842,-0.41879,0.91371,1,0.00494,-0.00021,-0.06809,0.40007,-0.04724,0.04343,0.02805,1
6.8061,-0.08013,0.02800,0.00328,-0.00028,-0.00431,0.00006,1.62497,-0.00000,0.00000,0.00021,0.00843,-0.00613,0.00843,-0.41879,0.91374,1,0.00494,-0.00021,-0.06809,0.40007,-0.04724,0.04343,0.02805,1
6.8081,-0.08013,0.02800,0.00327,-0.00028,-0.00419,0.00006,1.62497,-0.00000,0.00000,0.00012,0.00843,-0.00619,0.00843,-0.41884,0.91374,1,0.00494,-0.00021,-0.06809,0.40007,-0.04724,0.04343,0.02805,1
6.8101,-0.08013,0.02800,0.00326,-0.00028,-0.00419,0.00007,1.62497,-0.00000,0.00000,0.00004,0.00843,-0.00613,0.00843,-0.41886,0.91379,1,0.00494,-0.00021,-0.06809,0.40007,-0.04724,0.04343,0.02805,1
6.8121,-0.08013,0.02800,0.00325,-0.00028,-0.00431,0.00007,1.62497,-0.00000,0.00000,-0.00004,0.00843,-0.00594,0.00843,-0.41884,0.91377,1,0.00494,-0.00021,-0.06809,0.40007,-0.04724,0.04343,0.02805,1
6.8141,-0.08013,0.02800,0.00324,-0.00028,-0.00454,0.00007,1.62497,-0.00000,0.00000,-0.00013,0.00843,-0.00562,0.00843,-0.41889,0.91379,1,0.00494,-0.00021,-0.06809,0.40007,-0.04724,0.04343,0.02805,1
6.8161,-0.08013,0.02800,0.00323,-0.00028,-0.00489,0.00008,1.62497,-0.00000,0.00000,-0.00022,0.00843,-0.00517,0.00843,-0.41891,0.91379,1,0.00494,-0.00021,-0.06809,0.40007,-0.04724,0.04343,0.02805,1
6.8181,-0.08013,0.02800,0.00322,-0.00028,-0.00535,0.00008,1.62497,-0.00000,0.00000,-0.00032,0.00843,-0.00459,0.00843,-0.41891,0.91381,1,0.00494,-0.00021,-0.06809,0.40007,-0.04724,0.04343,0.02805,1
6.8201,-0.08013,0.02800,0.00321,-0.00028,-0.00594,0.00008,1.62497,-0.00000,0.00000,-0.00043,0.00844,-0.00389,0.00844,-0.41886,0.91385,1,0.00494,-0.00021,-0.06809,0.40007,-0.04724,0.04343,0.02805,1
6.8221,-0.08013,0.02800,0.00320,-0.00028,-0.00663,0.00009,1.62497,-0.00000,0.00000,-0.00056,0.00844,-0.00306,0.00844,-0.41886,0.91386,1,0.00494,-0.00021,-0.06809,0.40007,-0.04724,0.04343,0.02805,1
6.8241,-0.08013,0.02800,0.00319,-0.00028,-0.00745,0.00009,1.62497,-0.00000,0.00000,-0.00070,0.00844,-0.00210,0.00844,-0.41884,0.91385,1,0.00494,-0.00021,-0.06809,0.40007,-0.04724,0.04343,0.02805,1
6.8261,-0.08013,0.02800,0.00317,-0.00028,-0.00838,0.00009,1.62497,-0.00000,0.00000,-0.00085,0.00844,-0.00101,0.00844,-0.41887,0.91389,1,0.00494,-0.00021,-0.06809,0.40007,-0.04724,0.04343,0.02805,1
6.8281,-0.08013,0.02800,0.00315,-0.00028,-0.00942,0.00010,1.62497,-0.00000,0.00000,-0.00103,0.00844,-0.00005,0.00844,-0.41886,0.91388,1,0.00494,-0.00021,-0.06809,0.40007,-0.04724,0.04343,0.02805,1
6.8302,-0.08013,0.02800,0.00313,-0.00028,-0.01035,0.00010,1.62497,-0.00000,0.00000,-0.00122,0.00844,0.00078,0.00844,-0.41886,0.91390,1,0.00494,-0.00021,-0.06809,0.40007,-0.04724,0.04343,0.02805,1
6.8322,-0.08020,0.02844,0.00405,-0.00045,-0.00619,-0.00050,1.61963,-0.00000,0.00000,0.00776,0.00690,0.00174,0.00832,-0.41879,0.91397,1,0.00502,-0.00061,-0.06707,0.39987,-0.04858,0.04354,0.03134,1
6.8342,-0.08020,0.02844,0.00404,-0.00046,-0.00714,-0.00038,1.61963,-0.00000,0.00000,0.00763,0.00689,0.00283,0.00806,-0.41879,0.91397,1,0.00502,-0.00061,-0.06707,0.39987,-0.04858,0.04354,0.03134,1
6.8362,-0.08020,0.02844,0.00402,-0.00046,-0.00820,-0.00014,1.61963,-0.00000,0.00000,0.00748,0.00689,0.00405,0.00768,-0.41878,0.91396,1,0.00502,-0.00061,-0.06707,0.39987,-0.04858,0.04354,0.03134,1
6.8382,-0.08020,0.02844,0.00400,-0.00046,-0.00938,0.00021,1.61963,-0.00000,0.00000,0.00731,0.00689,0.00539,0.00717,-0.41877,0.91398,1,0.00502,-0.00061,-0.06707,0.39987,-0.04858,0.04354,0.03134,1
6.8402,-0.08020,0.02844,0.00398,-0.00046,-0.01067,0.00069,1.61963,-0.00000,0.00000,0.00711,0.00690,0.00686,0.00679,-0.41876,0.91398,1,0.00502,-0.00061,-0.06707,0.39987,-0.04858,0.04354,0.03134,1
6.8422,-0.08020,0.02844,0.00396,-0.00045,-0.01208,0.00104,1.61963,-0.00000,0.00000,0.00688,0.00691,0.00821,0.00654,-0.41878,0.91396,1,0.00502,-0.00061,-0.06707,0.39987,-0.04858,0.04354,0.03134,1
6.8442,-0.08020,0.02844,0.00393,-0.00045,-0.01337,0.00128,1.61963,-0.00000,0.00000,0.00663,0.00694,0.00942,0.00641,-0.41878,0.91400,1,0.00502,-0.00061,-0.06707,0.39987,-0.04858,0.04354,0.03134,1
6.8462,-0.08020,0.02844,0.00391,-0.00045,-0.01454,0.00140,1.61963,-0.00000,0.00000,0.00636,0.00696,0.01051,0.00641,-0.41873,0.91400,1,0.00502,-0.00061,-0.06707,0.39987,-0.04858,0.04354,0.03134,1
6.8482,-0.08020,0.02844,0.00388,-0.00045,-0.01560,0.00141,1.61963,-0.00000,0.00000,0.00606,0.00699,0.01147,0.00654,-0.41866,0.91402,1,0.00502,-0.00061,-0.06707,0.39987,-0.04858,0.04354,0.03134,1
6.8502,-0.08020,0.02844,0.00384,-0.00044,-0.01654,0.00130,1.61963,-0.00000,0.00000,0.00575,0.00702,0.01230,0.00680,-0.41872,0.91401,1,0.00502,-0.00061,-0.06707,0.39987,-0.04858,0.04354,0.03134,1
6.8522,-0.08020,0.02844,0.00381,-0.00044,-0.01737,0.00107,1.61963,-0.00000,0.00000,0.00541,0.00704,0.01301,0.00704,-0.41876,0.91399,1,0.00502,-0.00061,-0.06707,0.39987,-0.04858,0.04354,0.03134,1
6.8542,-0.08020,0.02844,0.00377,-0.00044,-0.01808,0.00086,1.61963,-0.00000,0.00000,0.00506,0.00706,0.01358,0.00715,-0.41867,0.91405,1,0.00502,-0.00061,-0.06707,0.39987,-0.04858,0.04354,0.03134,1
6.8562,-0.08020,0.02844,0.00374,-0.00044,-0.01867,0.00077,1.61963,-0.00000,0.00000,0.00470,0.00708,0.01403,0.00714,-0.41869,0.91402,1,0.00502,-0.00061,-0.06707,0.39987,-0.04858,0.04354,0.03134,1
6.8583,-0.08020,0.02844,0.00370,-0.00044,-0.01914,0.00079,1.61963,-0.00000,0.00000,0.00433,0.00709,0.01435,0.00709,-0.41859,0.91407,1,0.00502,-0.00061,-0.06707,0.39987,-0.04858,0.04354,0.03134,1
6.8603,-0.08020,0.02844,0.00366,-0.00043,-0.01949,0.00084,1.61963,-0.00000,0.00000,0.00395,0.00711,0.01454,0.00711,-0.41855,0.91408,1,0.00502,-0.00061,-0.06707,0.39987,-0.04858,0.04354,0.03134,1
6.8623,-0.08020,0.02844,0.00362,-0.00043,-0.01973,0.00083,1.61963,-0.00000,0.00000,0.00356,0.00712,0.01461,0.00712,-0.41857,0.91406,1,0.00502,-0.00061,-0.06707,0.39987,-0.04858,0.04354,0.03134,1
6.8643,-0.08020,0.02844,0.00358,-0.00043,-0.01986,0.00082,1.61963,-0.00000,0.00000,0.00317,0.00714,0.01454,0.00714,-0.41850,0.91411,1,0.00502,-0.00061,-0.06707,0.39987,-0.04858,0.04354,0.03134,1
6.8663,-0.08020,0.02844,0.00354,-0.00043,-0.01986,0.00082,1.61963,-0.00000,0.00000,0.00278,0.00716,0.01435,0.00716,-0.41851,0.91414,1,0.00502,-0.00061,-0.06707,0.39987,-0.04858,0.04354,0.03134,1
6.8683,-0.08020,0.02844,0.00350,-0.00043,-0.01975,0.00081,1.61963,-0.00000,0.00000,0.00239,0.00717,0.01403,0.00717,-0.41848,0.91415,1,0.00502,-0.00061,-0.06707,0.39987,-0.04858,0.04354,0.03134,1
6.8703,-0.08020,0.02844,0.00346,-0.00043,-0.01952,0.00080,1.61963,-0.00000,0.00000,0.00201,0.00719,0.01358,0.00719,-0.41840,0.91418,1,0.00502,-0.00061,-0.06707,0.39987,-0.04858,0.04354,0.03134,1
6.8723,-0.08020,0.02844,0.00343,-0.00042,-0.01917,0.00080,1.61963,-0.00000,0.00000,0.00163,0.00720,0.01301,0.00720,-0.41839,0.91417,1,0.00502,-0.00061,-0.06707,0.39987,-0.04858,0.04354,0.03134,1
6.8743,-0.08020,0.02844,0.00339,-0.00042,-0.01871,0.00079,1.61963,-0.00000,0.00000,0.00125,0.00722,0.01230,0.00722,-0.41838,0.91418,1,0.00502,-0.00061,-0.06707,0.39987,-0.04858,0.04354,0.03134,1
6.8763,-0.08020,0.02844,0.00335,-0.00042,-0.01813,0.00078,1.61963,-0.00000,0.00000,0.00089,0.00723,0.01147,0.00723,-0.41839,0.91420,1,0.00502,-0.00061,-0.06707,0.39987,-0.04858,0.04354,0.03134,1
6.8783,-0.08020,0.02844,0.00332,-0.00042,-0.01743,0.00078,1.61963,-0.00000,0.00000,0.00054,0.00725,0.01051,0.00725,-0.41835,0.91420,1,0.00502,-0.00061,-0.06707,0.39987,-0.04858,0.04354,0.03134,1
6.8803,-0.08020,0.02844,0.00328,-0.00042,-0.01662,0.00077,1.61963,-0.00000,0.00000,0.00021,0.00727,0.00942,0.00727,-0.41833,0.91421,1,0.00502,-0.00061,-0.06707,0.39987,-0.04858,0.04354,0.03134,1
6.8823,-0.08020,0.02844,0.00325,-0.00042,-0.01569,0.00076,1.61963,-0.00000,0.00000,-0.00011,0.00728,0.00821,0.00728,-0.41838,0.91422,1,0.00502,-0.00061,-0.06707,0.39987,-0.04858,0.04354,0.03134,1
6.8843,-0.08020,0.02844,0.00322,-0.00041,-0.01464,0.00076,1.61963,-0.00000,0.00000,-0.00041,0.00730,0.00686,0.00730,-0.41830,0.91428,1,0.00502,-0.00061,-0.06707,0.39987,-0.04858,0.04354,0.03134,1
6.8863,-0.08020,0.02844,0.00319,-0.00041,-0.01347,0.00075,1.61963,-0.00000,0.00000,-0.00069,0.00731,0.00539,0.00731,-0.41831,0.91429,1,0.00502,-0.00061,-0.06707,0.39987,-0.04858,0.04354,0.03134,1
6.8883,-0.08020,0.02844,0.00316,-0.00041,-0.01219,0.00074,1.61963,-0.00000,0.00000,-0.00094,0.00732,0.00379,0.00732,-0.41835,0.91428,1,0.00502,-0.00061,-0.06707,0.39987,-0.04858,0.04354,0.03134,1
6.8903,-0.08020,0.02844,0.00314,-0.00041,-0.01079,0.00074,1.61963,-0.00000,0.00000,-0.00117,0.00734,0.00219,0.00734,-0.41830,0.91430,1,0.00502,-0.00061,-0.06707,0.39987,-0.04858,0.04354,0.03134,1
6.8923,-0.08020,0.02844,0.00312,-0.00041,-0.00939,0.00073,1.61963,-0.00000,0.00000,-0.00136,0.00735,0.00059,0.00735,-0.41830,0.91430,1,0.00502,-0.00061,-0.06707,0.39987,-0.04858,0.04354,0.03134,1
6.8943,-0.08020,0.02844,0.00310,-0.00041,-0.00799,0.00073,1.61963,-0.00000,0.00000,-0.00153,0.00737,-0.00101,0.00737,-0.41830,0.91433,1,0.00502,-0.00061,-0.06707,0.39987,-0.04858,0.04354,0.03134,1
6.8963,-0.07997,0.02967,0.00359,-0.00110,-0.00664,-0.00177,1.63579,-0.00000,0.00000,0.00338,0.00110,-0.00248,0.00725,-0.41836,0.91437,1,0.00478,-0.00173,-0.06942,0.39785,-0.04623,0.04579,0.02776,1
6.8983,-0.07997,0.02967,0.00358,-0.00110,-0.00536,-0.00165,1.63579,-0.00000,0.00000,0.00326,0.00106,-0.00383,0.00701,-0.41836,0.91437,1,0.00478,-0.00173,-0.06942,0.39785,-0.04623,0.04579,0.02776,1
6.9004,-0.07997,0.02967,0.00357,-0.00110,-0.00420,-0.00141,1.63579,-0.00000,0.00000,0.00317,0.00103,-0.00504,0.00664,-0.41841,0.91436,1,0.00478,-0.00173,-0.06942,0.39785,-0.04623,0.04579,0.02776,1
6.9024,-0.07997,0.02967,0.00357,-0.00110,-0.00316,-0.00105,1.63579,-0.00000,0.00000,0.00310,0.00101,-0.00613,0.00615,-0.41841,0.91440,1,0.00478,-0.00173,-0.06942,0.39785,-0.04623,0.04579,0.02776,1
6.9044,-0.07997,0.02967,0.00356,-0.00111,-0.00224,-0.00058,1.63579,-0.00000,0.00000,0.00305,0.00099,-0.00709,0.00552,-0.41832,0.91442,1,0.00478,-0.00173,-0.06942,0.39785,-0.04623,0.04579,0.02776,1
6.9064,-0.07997,0.02967,0.00356,-0.00111,-0.00143,0.00001,1.63579,-0.00000,0.00000,0.00301,0.00099,-0.00792,0.00477,-0.41837,0.91444,1,0.00478,-0.00173,-0.06942,0.39785,-0.04623,0.04579,0.02776,1
6.9084,-0.07997,0.02967,0.00355,-0.00111,-0.00073,0.00071,1.63579,-0.00000,0.00000,0.00299,0.00099,-0.00863,0.00388,-0.41836,0.91447,1,0.00478,-0.00173,-0.06942,0.39785,-0.04623,0.04579,0.02776,1
6.9104,-0.07997,0.02967,0.00355,-0.00110,-0.00016,0.00153,1.63579,-0.00000,0.00000,0.00298,0.00101,-0.00920,0.00288,-0.41834,0.91450,1,0.00478,-0.00173,-0.06942,0.39785,-0.04623,0.04579,0.02776,1
6.9124,-0.07997,0.02967,0.00355,-0.00110,0.00030,0.00247,1.63579,-0.00000,0.00000,0.00298,0.00105,-0.00965,0.00174,-0.41840,0.91449,1,0.00478,-0.00173,-0.06942,0.39785,-0.04623,0.04579,0.02776,1
6.9144,-0.07997,0.02967,0.00355,-0.00109,0.00065,0.00352,1.63579,-0.00000,0.00000,0.00299,0.00111,-0.00997,0.00073,-0.41841,0.91448,1,0.00478,-0.00173,-0.06942,0.39785,-0.04623,0.04579,0.02776,1
6.9164,-0.07997,0.02967,0.00356,-0.00109,0.00087,0.00446,1.63579,-0.00000,0.00000,0.00300,0.00119,-0.01016,-0.00015,-0.41839,0.91449,1,0.00478,-0.00173,-0.06942,0.39785,-0.04623,0.04579,0.02776,1
6.9184,-0.07997,0.02967,0.00356,-0.00108,0.00099,0.00528,1.63579,-0.00000,0.00000,0.00302,0.00129,-0.01023,-0.00091,-0.41842,0.91448,1,0.00478,-0.00173,-0.06942,0.39785,-0.04623,0.04579,0.02776,1
6.9204,-0.07997,0.02967,0.00356,-0.00106,0.00098,0.00599,1.63579,-0.00000,0.00000,0.00304,0.00140,-0.01016,-0.00153,-0.41842,0.91446,1,0.00478,-0.00173,-0.06942,0.39785,-0.04623,0.04579,0.02776,1
6.9224,-0.07997,0.02967,0.00356,-0.00105,0.00086,0.00657,1.63579,-0.00000,0.00000,0.00306,0.00152,-0.00997,-0.00203,-0.41849,0.91446,1,0.00478,-0.00173,-0.06942,0.39785,-0.04623,0.04579,0.02776,1
6.9244,-0.07997,0.02967,0.00356,-0.00104,0.00062,0.00704,1.63579,-0.00000,0.00000,0.00308,0.00166,-0.00965,-0.00240,-0.41848,0.91446,1,0.00478,-0.00173,-0.06942,0.39785,-0.04623,0.04579,0.02776,1
6.9264,-0.07997,0.02967,0.00356,-0.00102,0.00027,0.00740,1.63579,-0.00000,0.00000,0.00308,0.00180,-0.00920,-0.00264,-0.41846,0.91447,1,0.00478,-0.00173,-0.06942,0.39785,-0.04623,0.04579,0.02776,1
6.9284,-0.07997,0.02967,0.00356,-0.00101,-0.00020,0.00764,1.63579,-0.00000,0.00000,0.00308,0.00195,-0.00863,-0.00276,-0.41855,0.91442,1,0.00478,-0.00173,-0.06942,0.39785,-0.04623,0.04579,0.02776,1
6.9304,-0.07997,0.02967,0.00356,-0.00099,-0.00079,0.00776,1.63579,-0.00000,0.00000,0.00307,0.00210,-0.00792,-0.00274,-0.41853,0.91445,1,0.00478,-0.00173,-0.06942,0.39785,-0.04623,0.04579,0.02776,1
6.9324,-0.07997,0.02967,0.00356,-0.00098,-0.00150,0.00776,1.63579,-0.00000,0.00000,0.00305,0.00225,-0.00709,-0.00260,-0.41856,0.91441,1,0.00478,-0.00173,-0.06942,0.39785,-0.04623,0.04579,0.02776,1
6.9344,-0.07997,0.02967,0.00356,-0.00096,-0.00232,0.00765,1.63579,-0.00000,0.00000,0.00301,0.00240,-0.00613,-0.00233,-0.41851,0.91445,1,0.00478,-0.00173,-0.06942,0.39785,-0.04623,0.04579,0.02776,1
6.9364,-0.07997,0.02967,0.00355,-0.00095,-0.00325,0.00742,1.63579,-0.00000,0.00000,0.00296,0.00255,-0.00504,-0.00193,-0.41847,0.91446,1,0.00478,-0.00173,-0.06942,0.39785,-0.04623,0.04579,0.02776,1
6.9384,-0.07997,0.02967,0.00354,-0.00093,-0.00430,0.00707,1.63579,-0.00000,0.00000,0.00289,0.00269,-0.00383,-0.00140,-0.41852,0.91444,1,0.00478,-0.00173,-0.06942,0.39785,-0.04623,0.04579,0.02776,1
6.9404,-0.07997,0.02967,0.00353,-0.00092,-0.00547,0.00661,1.63579,-0.00000,0.00000,0.00279,0.00283,-0.00248,-0.00075,-0.41853,0.91440,1,0.00478,-0.00173,-0.06942,0.39785,-0.04623,0.04579,0.02776,1
6.9424,-0.07997,0.02967,0.00352,-0.00091,-0.00676,0.00603,1.63579,-0.00000,0.00000,0.00267,0.00295,-0.00101,0.00003,-0.41857,0.91440,1,0.00478,-0.00173,-0.06942,0.39785,-0.04623,0.04579,0.02776,1
6.9444,-0.07997,0.02967,0.00351,-0.00089,-0.00816,0.00534,1.63579,-0.00000,0.00000,0.00252,0.00306,0.00059,0.00094,-0.41856,0.91441,1,0.00478,-0.00173,-0.06942,0.39785,-0.04623,0.04579,0.02776,1
6.9464,-0.07997,0.02967,0.00349,-0.00089,-0.00967,0.00453,1.63579,-0.00000,0.00000,0.00235,0.00316,0.00219,0.00198,-0.41853,0.91446,1,0.00478,-0.00173,-0.06942,0.39785,-0.04623,0.04579,0.02776,1
6.9484,-0.07997,0.02967,0.00347,-0.00088,-0.01119,0.00360,1.63579,-0.00000,0.00000,0.00214,0.00324,0.00366,0.00315,-0.41847,0.91443,1,0.00478,-0.00173,-0.06942,0.39785,-0.04623,0.04579,0.02776,1
6.9504,-0.07997,0.02967,0.00344,-0.00087,-0.01259,0.00255,1.63579,-0.00000,0.00000,0.00191,0.00330,0.00501,0.00419,-0.41849,0.91443,1,0.00478,-0.00173,-0.06942,0.39785,-0.04623,0.04579,0.02776,1
6.9524,-0.07997,0.02967,0.00342,-0.00087,-0.01387,0.00162,1.63579,-0.00000,0.00000,0.00165,0.00334,0.00622,0.00510,-0.41847,0.91441,1,0.00478,-0.00173,-0.06942,0.39785,-0.04623,0.04579,0.02776,1
6.9544,-0.07997,0.02967,0.00339,-0.00086,-0.01504,0.00081,1.63579,-0.00000,0.00000,0.00136,0.00337,0.00731,0.00588,-0.41845,0.91447,1,0.00478,-0.00173,-0.06942,0.39785,-0.04623,0.04579,0.02776,1
6.9564,-0.07997,0.02967,0.00336,-0.00086,-0.01609,0.00012,1.63579,-0.00000,0.00000,0.00106,0.00337,0.00827,0.00653,-0.41847,0.91444,1,0.00478,-0.00173,-0.06942,0.39785,-0.04623,0.04579,0.02776,1
6.9585,-0.07997,0.02967,0.00333,-0.00086,-0.01702,-0.00046,1.63579,-0.00000,0.00000,0.00073,0.00337,0.00910,0.00706,-0.41844,0.91447,1,0.00478,-0.00173,-0.06942,0.39785,-0.04623,0.04579,0.02776,1
6.9605,-0.07997,0.02967,0.00329,-0.00087,-0.01783,-0.00093,1.63579,-0.00000,0.00000,0.00039,0.00336,0.00981,0.00746,-0.41844,0.91447,1,0.00478,-0.00173,-0.06942,0.39785,-0.04623,0.04579,0.02776,1
6.9625,-0.07997,0.02967,0.00325,-0.00087,-0.01853,-0.00127,1.63579,-0.00000,0.00000,0.00003,0.00334,0.01038,0.00773,-0.41840,0.91444,1,0.00478,-0.00173,-0.06942,0.39785,-0.04623,0.04579,0.02776,1
6.9645,-0.07895,0.02991,0.00341,-0.00132,-0.01821,-0.00253,1.62702,-0.00000,0.00000,0.00193,-0.00107,0.01083,0.00787,-0.41836,0.91448,1,0.00386,-0.00195,-0.07073,0.39728,-0.04488,0.04655,0.02900,1
6.9665,-0.07895,0.02991,0.00337,-0.00133,-0.01868,-0.00263,1.62702,-0.00000,0.00000,0.00156,-0.00112,0.01115,0.00789,-0.41836,0.91448,1,0.00386,-0.00195,-0.07073,0.39728,-0.04488,0.04655,0.02900,1
6.9685,-0.07895,0.02991,0.00333,-0.00133,-0.01903,-0.00262,1.62702,-0.00000,0.00000,0.00119,-0.00117,0.01134,0.00777,-0.41835,0.91450,1,0.00386,-0.00195,-0.07073,0.39728,-0.04488,0.04655,0.02900,1
6.9705,-0.07895,0.02991,0.00329,-0.00134,-0.01926,-0.00250,1.62702,-0.00000,0.00000,0.00082,-0.00122,0.01141,0.00753,-0.41837,0.91454,1,0.00386,-0.00195,-0.07073,0.39728,-0.04488,0.04655,0.02900,1
6.9725,-0.07895,0.02991,0.00325,-0.00134,-0.01938,-0.00225,1.62702,-0.00000,0.00000,0.00044,-0.00127,0.01134,0.00716,-0.41836,0.91455,1,0.00386,-0.00195,-0.07073,0.39728,-0.04488,0.04655,0.02900,1
6.9745,-0.07895,0.02991,0.00321,-0.00135,-0.01938,-0.00189,1.62702,-0.00000,0.00000,0.00005,-0.00131,0.01115,0.00666,-0.41836,0.91455,1,0.00386,-0.00195,-0.07073,0.39728,-0.04488,0.04655,0.02900,1
6.9765,-0.07895,0.02991,0.00318,-0.00135,-0.01926,-0.00141,1.62702,-0.00000,0.00000,-0.00033,-0.00134,0.01083,0.00604,-0.41832,0.91459,1,0.00386,-0.00195,-0.07073,0.39728,-0.04488,0.04655,0.02900,1
6.9785,-0.07895,0.02991,0.00314,-0.00135,-0.01902,-0.00082,1.62702,-0.00000,0.00000,-0.00070,-0.00136,0.01038,0.00528,-0.41835,0.91457,1,0.00386,-0.00195,-0.07073,0.39728,-0.04488,0.04655,0.02900,1
6.9805,-0.07895,0.02991,0.00310,-0.00136,-0.01867,-0.00011,1.62702,-0.00000,0.00000,-0.00107,-0.00137,0.00981,0.00440,-0.41835,0.91456,1,0.00386,-0.00195,-0.07073,0.39728,-0.04488,0.04655,0.02900,1
6.9825,-0.07895,0.02991,0.00306,-0.00135,-0.01820,0.00071,1.62702,-0.00000,0.00000,-0.00144,-0.00137,0.00910,0.00339,-0.41827,0.91461,1,0.00386,-0.00195,-0.07073,0.39728,-0.04488,0.04655,0.02900,1
6.9845,-0.07895,0.02991,0.00303,-0.00135,-0.01761,0.00165,1.62702,-0.00000,0.00000,-0.00179,-0.00134,0.00827,0.00225,-0.41829,0.91459,1,0.00386,-0.00195,-0.07073,0.39728,-0.04488,0.04655,0.02900,1
6.9865,-0.07895,0.02991,0.00299,-0.00135,-0.01691,0.00271,1.62702,-0.00000,0.00000,-0.00213,-0.00130,0.00731,0.00099,-0.41832,0.91461,1,0.00386,-0.00195,-0.07073,0.39728,-0.04488,0.04655,0.02900,1
6.9885,-0.07895,0.02991,0.00296,-0.00134,-0.01609,0.00389,1.62702,-0.00000,0.00000,-0.00245,-0.00123,0.00622,-0.00040,-0.41832,0.91461,1,0.00386,-0.00195,-0.07073,0.39728,-0.04488,0.04655,0.02900,1
6.9905,-0.07895,0.02991,0.00293,-0.00133,-0.01515,0.00518,1.62702,-0.00000,0.00000,-0.00276,-0.00115,0.00501,-0.00167,-0.41829,0.91462,1,0.00386,-0.00195,-0.07073,0.39728,-0.04488,0.04655,0.02900,1
6.9925,-0.07895,0.02991,0.00290,-0.00132,-0.01410,0.00635,1.62702,-0.00000,0.00000,-0.00305,-0.00103,0.00366,-0.00281,-0.41829,0.91461,1,0.00386,-0.00195,-0.07073,0.39728,-0.04488,0.04655,0.02900,1
6.9945,-0.07895,0.02991,0.00287,-0.00131,-0.01293,0.00741,1.62702,-0.00000,0.00000,-0.00331,-0.00090,0.00219,-0.00382,-0.41827,0.91461,1,0.00386,-0.00195,-0.07073,0.39728,-0.04488,0.04655,0.02900,1
6.9965,-0.07895,0.02991,0.00285,-0.00129,-0.01164,0.00835,1.62702,-0.00000,0.00000,-0.00356,-0.00074,0.00059,-0.00470,-0.41827,0.91461,1,0.00386,-0.00195,-0.07073,0.39728,-0.04488,0.04655,0.02900,1
6.9986,-0.07895,0.02991,0.00283,-0.00127,-0.01024,0.00917,1.62702,-0.00000,0.00000,-0.00377,-0.00057,-0.00101,-0.00545,-0.41827,0.91461,1,0.00386,-0.00195,-0.07073,0.39728,-0.04488,0.04655,0.02900,1
7.0006,-0.07895,0.02991,0.00281,-0.00125,-0.00883,0.00988,1.62702,-0.00000,0.00000,-0.00396,-0.00038,-0.00261,-0.00608,-0.41827,0.91461,1,0.00386,-0.00195,-0.07073,0.39728,-0.04488,0.04655,0.02900,1
7.0026,-0.07895,0.02991,0.00279,-0.00123,-0.00743,0.01047,1.62702,-0.00000,0.00000,-0.00412,-0.00018,-0.00412,-0.00658,-0.41825,0.91460,1,0.00386,-0.00195,-0.07073,0.39728,-0.04488,0.04655,0.02900,1
7.0046,-0.07895,0.02991,0.00278,-0.00121,-0.00611,0.01095,1.62702,-0.00000,0.00000,-0.00425,0.00003,-0.00550,-0.00695,-0.41825,0.91461,1,0.00386,-0.00195,-0.07073,0.39728,-0.04488,0.04655,0.02900,1
7.0066,-0.07895,0.02991,0.00277,-0.00119,-0.00490,0.01130,1.62702,-0.00000,0.00000,-0.00436,0.00025,-0.00676,-0.00719,-0.41828,0.91458,1,0.00386,-0.00195,-0.07073,0.39728,-0.04488,0.04655,0.02900,1
7.0086,-0.07895,0.02991,0.00276,-0.00117,-0.00381,0.01154,1.62702,-0.00000,0.00000,-0.00445,0.00047,-0.00788,-0.00730,-0.41828,0.91458,1,0.00386,-0.00195,-0.07073,0.39728,-0.04488,0.04655,0.02900,1
7.0106,-0.07895,0.02991,0.00275,-0.00114,-0.00283,0.01167,1.62702,-0.00000,0.00000,-0.00451,0.00070,-0.00888,-0.00729,-0.41826,0.91460,1,0.00386,-0.00195,-0.07073,0.39728,-0.04488,0.04655,0.02900,1
7.0126,-0.07895,0.02991,0.00275,-0.00112,-0.00197,0.01167,1.62702,-0.00000,0.00000,-0.00456,0.00093,-0.00975,-0.00714,-0.41833,0.91455,1,0.00386,-0.00195,-0.07073,0.39728,-0.04488,0.04655,0.02900,1
7.0146,-0.07895,0.02991,0.00274,-0.00110,-0.00123,0.01156,1.62702,-0.00000,0.00000,-0.00459,0.00116,-0.01049,-0.00687,-0.41835,0.91455,1,0.00386,-0.00195,-0.07073,0.39728,-0.04488,0.04655,0.02900,1
7.0166,-0.07895,0.02991,0.00274,-0.00107,-0.00060,0.01134,1.62702,-0.00000,0.00000,-0.00461,0.00139,-0.01111,-0.00648,-0.41835,0.91455,1,0.00386,-0.00195,-0.07073,0.39728,-0.04488,0.04655,0.02900,1
7.0186,-0.07895,0.02991,0.00274,-0.00105,-0.00010,0.01099,1.62702,-0.00000,0.00000,-0.00462,0.00160,-0.01159,-0.00595,-0.41835,0.91450,1,0.00386,-0.00195,-0.07073,0.39728,-0.04488,0.04655,0.02900,1
7.0206,-0.07895,0.02991,0.00274,-0.00103,0.00030,0.01053,1.62702,-0.00000,0.00000,-0.00461,0.00182,-0.01195,-0.00530,-0.41837,0.91452,1,0.00386,-0.00195,-0.07073,0.39728,-0.04488,0.04655,0.02900,1
7.0226,-0.07895,0.02991,0.00274,-0.00101,0.00057,0.00996,1.62702,-0.00000,0.00000,-0.00461,0.00202,-0.01218,-0.00451,-0.41838,0.91451,1,0.00386,-0.00195,-0.07073,0.39728,-0.04488,0.04655,0.02900,1
7.0247,-0.07895,0.02991,0.00274,-0.00099,0.00074,0.00926,1.62702,-0.00000,0.00000,-0.00459,0.00221,-0.01229,-0.00360,-0.41835,0.91452,1,0.00386,-0.00195,-0.07073,0.39728,-0.04488,0.04655,0.02900,1
7.0267,-0.07895,0.02991,0.00274,-0.00097,0.00078,0.00845,1.62702,-0.00000,0.00000,-0.00458,0.00238,-0.01226,-0.00256,-0.41836,0.91451,1,0.00386,-0.00195,-0.07073,0.39728,-0.04488,0.04655,0.02900,1
7.0287,-0.07895,0.02991,0.00275,-0.00096,0.00071,0.00753,1.62702,-0.00000,0.00000,-0.00456,0.00254,-0.01211,-0.00140,-0.41837,0.91453,1,0.00386,-0.00195,-0.07073,0.39728,-0.04488,0.04655,0.02900,1
7.0307,-0.07895,0.02991,0.00275,-0.00094,0.00052,0.00648,1.62702,-0.00000,0.00000,-0.00455,0.00268,-0.01182,-0.00010,-0.41836,0.91452,1,0.00386,-0.00195,-0.07073,0.39728,-0.04488,0.04655,0.02900,1
7.0327,-0.07943,0.02933,0.00350,-0.00093,0.00402,0.00759,1.62510,-0.00000,0.00000,0.00262,0.00259,-0.01141,0.00132,-0.41842,0.91451,1,0.00430,-0.00142,-0.06821,0.39779,-0.04789,0.04579,0.02622,1
7.0347,-0.07943,0.02933,0.00350,-0.00092,0.00359,0.00631,1.62510,-0.00000,0.00000,0.00270,0.00272,-0.01088,0.00272,-0.41843,0.91450,1,0.00430,-0.00142,-0.06821,0.39779,-0.04789,0.04579,0.02622,1
7.0367,-0.07943,0.02933,0.00351,-0.00090,0.00303,0.00505,1.62510,-0.00000,0.00000,0.00276,0.00284,-0.01021,0.00400,-0.41844,0.91454,1,0.00430,-0.00142,-0.06821,0.39779,-0.04789,0.04579,0.02622,1
7.0387,-0.07943,0.02933,0.00351,-0.00089,0.00237,0.00391,1.62510,-0.00000,0.00000,0.00281,0.00292,-0.00942,0.00515,-0.41844,0.91455,1,0.00430,-0.00142,-0.06821,0.39779,-0.04789,0.04579,0.02622,1
7.0407,-0.07943,0.02933,0.00352,-0.00089,0.00158,0.00288,1.62510,-0.00000,0.00000,0.00285,0.00299,-0.00850,0.00617,-0.41847,0.91456,1,0.00430,-0.00142,-0.06821,0.39779,-0.04789,0.04579,0.02622,1
7.0427,-0.07943,0.02933,0.00352,-0.00088,0.00068,0.00196,1.62510,-0.00000,0.00000,0.00287,0.00304,-0.00745,0.00707,-0.41848,0.91459,1,0.00430,-0.00142,-0.06821,0.39779,-0.04789,0.04579,0.02622,1
7.0447,-0.07943,0.02933,0.00352,-0.00088,-0.00034,0.00117,1.62510,-0.00000,0.00000,0.00288,0.00307,-0.00627,0.00783,-0.41851,0.91458,1,0.00430,-0.00142,-0.06821,0.39779,-0.04789,0.04579,0.02622,1
7.0467,-0.07943,0.02933,0.00352,-0.00088,-0.00147,0.00049,1.62510,-0.00000,0.00000,0.00286,0.00309,-0.00496,0.00847,-0.41847,0.91461,1,0.00430,-0.00142,-0.06821,0.39779,-0.04789,0.04579,0.02622,1
7.0488,-0.07943,0.02933,0.00352,-0.00088,-0.00272,-0.00008,1.62510,-0.00000,0.00000,0.00282,0.00309,-0.00353,0.00898,-0.41851,0.91458,1,0.00430,-0.00142,-0.06821,0.39779,-0.04789,0.04579,0.02622,1
7.0508,-0.07943,0.02933,0.00351,-0.00088,-0.00408,-0.00052,1.62510,-0.00000,0.00000,0.00275,0.00308,-0.00197,0.00936,-0.41852,0.91460,1,0.00430,-0.00142,-0.06821,0.39779,-0.04789,0.04579,0.02622,1
7.0528,-0.07943,0.02933,0.00350,-0.00088,-0.00557,-0.00086,1.62510,-0.00000,0.00000,0.00266,0.00307,-0.00037,0.00962,-0.41848,0.91464,1,0.00430,-0.00142,-0.06821,0.39779,-0.04789,0.04579,0.02622,1
7.0548,-0.07943,0.02933,0.00349,-0.00088,-0.00708,-0.00107,1.62510,-0.00000,0.00000,0.00253,0.00305,0.00123,0.00974,-0.41851,0.91465,1,0.00430,-0.00142,-0.06821,0.39779,-0.04789,0.04579,0.02622,1
7.0568,-0.07943,0.02933,0.00347,-0.00088,-0.00860,-0.00117,1.62510,-0.00000,0.00000,0.00238,0.00303,0.00270,0.00974,-0.41847,0.91469,1,0.00430,-0.00142,-0.06821,0.39779,-0.04789,0.04579,0.02622,1
7.0588,-0.07943,0.02933,0.00345,-0.00089,-0.01000,-0.00115,1.62510,-0.00000,0.00000,0.00220,0.00301,0.00405,0.00961,-0.41853,0.91466,1,0.00430,-0.00142,-0.06821,0.39779,-0.04789,0.04579,0.02622,1
7.0608,-0.07943,0.02933,0.00343,-0.00089,-0.01128,-0.00102,1.62510,-0.00000,0.00000,0.00199,0.00299,0.00526,0.00935,-0.41851,0.91469,1,0.00430,-0.00142,-0.06821,0.39779,-0.04789,0.04579,0.02622,1
7.0628,-0.07943,0.02933,0.00341,-0.00089,-0.01245,-0.00077,1.62510,-0.00000,0.00000,0.00175,0.00297,0.00635,0.00896,-0.41852,0.91471,1,0.00430,-0.00142,-0.06821,0.39779,-0.04789,0.04579,0.02622,1
7.0648,-0.07943,0.02933,0.00338,-0.00089,-0.01350,-0.00040,1.62510,-0.00000,0.00000,0.00150,0.00296,0.00731,0.00845,-0.41848,0.91472,1,0.00430,-0.00142,-0.06821,0.39779,-0.04789,0.04579,0.02622,1
7.0668,-0.07943,0.02933,0.00335,-0.00089,-0.01443,0.00008,1.62510,-0.00000,0.00000,0.00122,0.00295,0.00814,0.00781,-0.41848,0.91474,1,0.00430,-0.00142,-0.06821,0.39779,-0.04789,0.04579,0.02622,1
7.0689,-0.07943,0.02933,0.00332,-0.00089,-0.01524,0.00068,1.62510,-0.00000,0.00000,0.00093,0.00296,0.00885,0.00704,-0.41851,0.91473,1,0.00430,-0.00142,-0.06821,0.39779,-0.04789,0.04579,0.02622,1
7.0709,-0.07943,0.02933,0.00329,-0.00089,-0.01594,0.00140,1.62510,-0.00000,0.00000,0.00062,0.00298,0.00942,0.00614,-0.41852,0.91477,1,0.00430,-0.00142,-0.06821,0.39779,-0.04789,0.04579,0.02622,1
7.0729,-0.07943,0.02933,0.00326,-0.00089,-0.01653,0.00223,1.62510,-0.00000,0.00000,0.00030,0.00302,0.00987,0.00511,-0.41846,0.91476,1,0.00430,-0.00142,-0.06821,0.39779,-0.04789,0.04579,0.02622,1
7.0749,-0.07943,0.02933,0.00323,-0.00088,-0.01699,0.00318,1.62510,-0.00000,0.00000,-0.00003,0.00307,0.01019,0.00396,-0.41852,0.91476,1,0.00430,-0.00142,-0.06821,0.39779,-0.04789,0.04579,0.02622,1
7.0769,-0.07943,0.02933,0.00319,-0.00087,-0.01734,0.00425,1.62510,-0.00000,0.00000,-0.00036,0.00314,0.01038,0.00293,-0.41848,0.91478,1,0.00430,-0.00142,-0.06821,0.39779,-0.04789,0.04579,0.02622,1
7.0789,-0.07943,0.02933,0.00316,-0.00086,-0.01757,0.00519,1.62510,-0.00000,0.00000,-0.00071,0.00324,0.01045,0.00203,-0.41846,0.91476,1,0.00430,-0.00142,-0.06821,0.39779,-0.04789,0.04579,0.02622,1
7.0809,-0.07943,0.02933,0.00312,-0.00085,-0.01768,0.00603,1.62510,-0.00000,0.00000,-0.00105,0.00335,0.01038,0.00126,-0.41846,0.91480,1,0.00430,-0.00142,-0.06821,0.39779,-0.04789,0.04579,0.02622,1
7.0829,-0.07943,0.02933,0.00309,-0.00084,-0.01768,0.00674,1.62510,-0.00000,0.00000,-0.00140,0.00347,0.01019,0.00062,-0.41848,0.91477,1,0.00430,-0.00142,-0.06821,0.39779,-0.04789,0.04579,0.02622,1
7.0849,-0.07943,0.02933,0.00305,-0.00083,-0.01756,0.00734,1.62510,-0.00000,0.00000,-0.00175,0.00361,0.00987,0.00011,-0.41845,0.91477,1,0.00430,-0.00142,-0.06821,0.39779,-0.04789,0.04579,0.02622,1
7.0870,-0.07943,0.02933,0.00302,-0.00081,-0.01732,0.00782,1.62510,-0.00000,0.00000,-0.00209,0.00376,0.00942,-0.00028,-0.41836,0.91478,1,0.00430,-0.00142,-0.06821,0.39779,-0.04789,0.04579,0.02622,1
7.0890,-0.07943,0.02933,0.00298,-0.00079,-0.01697,0.00819,1.62510,-0.00000,0.00000,-0.00243,0.00392,0.00885,-0.00054,-0.41834,0.91480,1,0.00430,-0.00142,-0.06821,0.39779,-0.04789,0.04579,0.02622,1
7.0910,-0.07943,0.02933,0.00295,-0.00078,-0.01650,0.00844,1.62510,-0.00000,0.00000,-0.00276,0.00408,0.00814,-0.00067,-0.41841,0.91477,1,0.00430,-0.00142,-0.06821,0.39779,-0.04789,0.04579,0.02622,1
7.0930,-0.07943,0.02933,0.00292,-0.00076,-0.01591,0.00857,1.62510,-0.00000,0.00000,-0.00308,0.00425,0.00731,-0.00067,-0.41836,0.91479,1,0.00430,-0.00142,-0.06821,0.39779,-0.04789,0.04579,0.02622,1
7.0950,-0.07943,0.02933,0.00288,-0.00074,-0.01520,0.00858,1.62510,-0.00000,0.00000,-0.00338,0.00442,0.00635,-0.00054,-0.41838,0.91476,1,0.00430,-0.00142,-0.06821,0.39779,-0.04789,0.04579,0.02622,1
7.0970,-0.07943,0.02933,0.00286,-0.00073,-0.01438,0.00848,1.62510,-0.00000,0.00000,-0.00367,0.00459,0.00526,-0.00029,-0.41831,0.91479,1,0.00430,-0.00142,-0.06821,0.39779,-0.04789,0.04579,0.02622,1
7.0990,-0.07960,0.02827,0.00331,-0.00050,-0.01403,0.00919,1.62417,-0.00000,0.00000,0.00072,0.00638,0.00405,0.00009,-0.41833,0.91480,1,0.00446,-0.00045,-0.06793,0.39803,-0.04813,0.04551,0.02920,1
7.1010,-0.07960,0.02827,0.00328,-0.00048,-0.01299,0.00885,1.62417,-0.00000,0.00000,0.00046,0.00656,0.00270,0.00060,-0.41831,0.91478,1,0.00446,-0.00045,-0.06793,0.39803,-0.04813,0.04551,0.02920,1
7.1030,-0.07960,0.02827,0.00326,-0.00047,-0.01182,0.00840,1.62417,-0.00000,0.00000,0.00021,0.00673,0.00123,0.00124,-0.41837,0.91479,1,0.00446,-0.00045,-0.06793,0.39803,-0.04813,0.04551,0.02920,1
7.1050,-0.07960,0.02827,0.00324,-0.00045,-0.01054,0.00782,1.62417,-0.00000,0.00000,-0.00001,0.00689,-0.00011,0.00200,-0.41833,0.91479,1,0.00446,-0.00045,-0.06793,0.39803,-0.04813,0.04551,0.02920,1
7.1070,-0.07960,0.02827,0.00322,-0.00043,-0.00938,0.00714,1.62417,-0.00000,0.00000,-0.00020,0.00704,-0.00133,0.00290,-0.41835,0.91477,1,0.00446,-0.00045,-0.06793,0.39803,-0.04813,0.04551,0.02920,1
7.1090,-0.07960,0.02827,0.00320,-0.00042,-0.00833,0.00633,1.62417,-0.00000,0.00000,-0.00038,0.00717,-0.00242,0.00392,-0.41835,0.91479,1,0.00446,-0.00045,-0.06793,0.39803,-0.04813,0.04551,0.02920,1
7.1110,-0.07960,0.02827,0.00318,-0.00041,-0.00740,0.00541,1.62417,-0.00000,0.00000,-0.00053,0.00728,-0.00338,0.00507,-0.41835,0.91480,1,0.00446,-0.00045,-0.06793,0.39803,-0.04813,0.04551,0.02920,1
7.1130,-0.07960,0.02827,0.00317,-0.00040,-0.00658,0.00437,1.62417,-0.00000,0.00000,-0.00067,0.00738,-0.00421,0.00635,-0.41836,0.91480,1,0.00446,-0.00045,-0.06793,0.39803,-0.04813,0.04551,0.02920,1
7.1150,-0.07960,0.02827,0.00316,-0.00039,-0.00588,0.00322,1.62417,-0.00000,0.00000,-0.00079,0.00746,-0.00491,0.00750,-0.41836,0.91483,1,0.00446,-0.00045,-0.06793,0.39803,-0.04813,0.04551,0.02920,1
7.1170,-0.07960,0.02827,0.00314,-0.00039,-0.00529,0.00218,1.62417,-0.00000,0.00000,-0.00090,0.00751,-0.00549,0.00852,-0.41833,0.91488,1,0.00446,-0.00045,-0.06793,0.39803,-0.04813,0.04551,0.02920,1
7.1190,-0.07960,0.02827,0.00313,-0.00038,-0.00483,0.00126,1.62417,-0.00000,0.00000,-0.00100,0.00754,-0.00594,0.00941,-0.41835,0.91490,1,0.00446,-0.00045,-0.06793,0.39803,-0.04813,0.04551,0.02920,1
7.1210,-0.07960,0.02827,0.00312,-0.00038,-0.00448,0.00045,1.62417,-0.00000,0.00000,-0.00109,0.00756,-0.00626,0.01018,-0.41833,0.91493,1,0.00446,-0.00045,-0.06793,0.39803,-0.04813,0.04551,0.02920,1
7.1230,-0.07960,0.02827,0.00312,-0.00038,-0.00424,-0.00024,1.62417,-0.00000,0.00000,-0.00118,0.00756,-0.00645,0.01081,-0.41835,0.91495,1,0.00446,-0.00045,-0.06793,0.39803,-0.04813,0.04551,0.02920,1
7.1250,-0.07960,0.02827,0.00311,-0.00038,-0.00412,-0.00081,1.62417,-0.00000,0.00000,-0.00126,0.00755,-0.00651,0.01132,-0.41833,0.91500,1,0.00446,-0.00045,-0.06793,0.39803,-0.04813,0.04551,0.02920,1
7.1271,-0.07960,0.02827,0.00310,-0.00038,-0.00412,-0.00127,1.62417,-0.00000,0.00000,-0.00134,0.00753,-0.00645,0.01171,-0.41832,0.91501,1,0.00446,-0.00045,-0.06793,0.39803,-0.04813,0.04551,0.02920,1
7.1291,-0.07960,0.02827,0.00309,-0.00039,-0.00423,-0.00161,1.62417,-0.00000,0.00000,-0.00142,0.00750,-0.00626,0.01196,-0.41835,0.91505,1,0.00446,-0.00045,-0.06793,0.39803,-0.04813,0.04551,0.02920,1
7.1311,-0.07960,0.02827,0.00308,-0.00039,-0.00446,-0.00183,1.62417,-0.00000,0.00000,-0.00151,0.00747,-0.00594,0.01209,-0.41839,0.91506,1,0.00446,-0.00045,-0.06793,0.39803,-0.04813,0.04551,0.02920,1
7.1331,-0.07960,0.02827,0.00307,-0.00039,-0.00481,-0.00194,1.62417,-0.00000,0.00000,-0.00160,0.00743,-0.00549,0.01208,-0.41839,0.91509,1,0.00446,-0.00045,-0.06793,0.39803,-0.04813,0.04551,0.02920,1
7.1351,-0.07960,0.02827,0.00306,-0.00040,-0.00527,-0.00193,1.62417,-0.00000,0.00000,-0.00170,0.00739,-0.00491,0.01195,-0.41839,0.91510,1,0.00446,-0.00045,-0.06793,0.39803,-0.04813,0.04551,0.02920,1
7.1371,-0.07960,0.02827,0.00305,-0.00040,-0.00585,-0.00180,1.62417,-0.00000,0.00000,-0.00181,0.00736,-0.00421,0.01169,-0.41841,0.91512,1,0.00446,-0.00045,-0.06793,0.39803,-0.04813,0.04551,0.02920,1
7.1391,-0.07960,0.02827,0.00304,-0.00040,-0.00654,-0.00156,1.62417,-0.00000,0.00000,-0.00193,0.00732,-0.00338,0.01131,-0.41836,0.91517,1,0.00446,-0.00045,-0.06793,0.39803,-0.04813,0.04551,0.02920,1
7.1411,-0.07960,0.02827,0.00303,-0.00041,-0.00735,-0.00120,1.62417,-0.00000,0.00000,-0.00207,0.00730,-0.00242,0.01079,-0.41835,0.91519,1,0.00446,-0.00045,-0.06793,0.39803,-0.04813,0.04551,0.02920,1
7.1431,-0.07960,0.02827,0.00301,-0.00041,-0.00828,-0.00073,1.62417,-0.00000,0.00000,-0.00222,0.00728,-0.00158,0.01015,-0.41842,0.91521,1,0.00446,-0.00045,-0.06793,0.39803,-0.04813,0.04551,0.02920,1
7.1451,-0.07960,0.02827,0.00299,-0.00041,-0.00909,-0.00014,1.62417,-0.00000,0.00000,-0.00239,0.00727,-0.00088,0.00938,-0.41841,0.91521,1,0.00446,-0.00045,-0.06793,0.39803,-0.04813,0.04551,0.02920,1
7.1471,-0.07960,0.02827,0.00297,-0.00041,-0.00978,0.00057,1.62417,-0.00000,0.00000,-0.00258,0.00727,-0.00030,0.00848,-0.41841,0.91523,1,0.00446,-0.00045,-0.06793,0.39803,-0.04813,0.04551,0.02920,1
7.1491,-0.07960,0.02827,0.00295,-0.00041,-0.01036,0.00139,1.62417,-0.00000,0.00000,-0.00278,0.00729,0.00014,0.00746,-0.41840,0.91524,1,0.00446,-0.00045,-0.06793,0.39803,-0.04813,0.04551,0.02920,1
7.1511,-0.07960,0.02827,0.00293,-0.00040,-0.01082,0.00233,1.62417,-0.00000,0.00000,-0.00298,0.00733,0.00046,0.00656,-0.41845,0.91525,1,0.00446,-0.00045,-0.06793,0.39803,-0.04813,0.04551,0.02920,1
7.1531,-0.07960,0.02827,0.00291,-0.00040,-0.01116,0.00316,1.62417,-0.00000,0.00000,-0.00320,0.00738,0.00066,0.00579,-0.41843,0.91527,1,0.00446,-0.00045,-0.06793,0.39803,-0.04813,0.04551,0.02920,1
7.1551,-0.07960,0.02827,0.00289,-0.00039,-0.01138,0.00386,1.62417,-0.00000,0.00000,-0.00342,0.00745,0.00072,0.00515,-0.41839,0.91527,1,0.00446,-0.00045,-0.06793,0.39803,-0.04813,0.04551,0.02920,1
7.1571,-0.07960,0.02827,0.00287,-0.00038,-0.01149,0.00446,1.62417,-0.00000,0.00000,-0.00365,0.00753,0.00066,0.00463,-0.41843,0.91528,1,0.00446,-0.00045,-0.06793,0.39803,-0.04813,0.04551,0.02920,1
7.1591,-0.07960,0.02827,0.00284,-0.00037,-0.01149,0.00493,1.62417,-0.00000,0.00000,-0.00387,0.00763,0.00046,0.00424,-0.41842,0.91528,1,0.00446,-0.00045,-0.06793,0.39803,-0.04813,0.04551,0.02920,1
7.1611,-0.07960,0.02827,0.00282,-0.00036,-0.01136,0.00529,1.62417,-0.00000,0.00000,-0.00410,0.00773,0.00014,0.00399,-0.41842,0.91529,1,0.00446,-0.00045,-0.06793,0.39803,-0.04813,0.04551,0.02920,1
7.1631,-0.07960,0.02827,0.00280,-0.00035,-0.01112,0.00553,1.62417,-0.00000,0.00000,-0.00432,0.00783,-0.00030,0.00386,-0.41844,0.91528,1,0.00446,-0.00045,-0.06793,0.39803,-0.04813,0.04551,0.02920,1
7.1651,-0.07960,0.02827,0.00277,-0.00034,-0.01076,0.00565,1.62417,-0.00000,0.00000,-0.00453,0.00794,-0.00088,0.00385,-0.41847,0.91529,1,0.00446,-0.00045,-0.06793,0.39803,-0.04813,0.04551,0.02920,1
7.1671,-0.07818,0.02785,0.00279,-0.00020,-0.01057,0.00566,1.61942,-0.00000,0.00000,-0.00378,0.00917,-0.00158,0.00398,-0.41847,0.91528,1,0.00315,-0.00007,-0.07094,0.39745,-0.04468,0.04645,0.02700,1
7.1691,-0.07818,0.02785,0.00277,-0.00019,-0.00997,0.00555,1.61942,-0.00000,0.00000,-0.00399,0.00928,-0.00242,0.00423,-0.41845,0.91531,1,0.00315,-0.00007,-0.07094,0.39745,-0.04468,0.04645,0.02700,1
7.1711,-0.07818,0.02785,0.00275,-0.00018,-0.00927,0.00532,1.61942,-0.00000,0.00000,-0.00418,0.00939,-0.00338,0.00461,-0.41851,0.91528,1,0.00315,-0.00007,-0.07094,0.39745,-0.04468,0.04645,0.02700,1
7.1732,-0.07818,0.02785,0.00274,-0.00017,-0.00844,0.00498,1.61942,-0.00000,0.00000,-0.00435,0.00949,-0.00435,0.00512,-0.41855,0.91530,1,0.00315,-0.00007,-0.07094,0.39745,-0.04468,0.04645,0.02700,1
7.1752,-0.07818,0.02785,0.00272,-0.00016,-0.00761,0.00452,1.61942,-0.00000,0.00000,-0.00451,0.00959,-0.00520,0.00576,-0.41855,0.91530,1,0.00315,-0.00007,-0.07094,0.39745,-0.04468,0.04645,0.02700,1
7.1772,-0.07818,0.02785,0.00271,-0.00015,-0.00688,0.00394,1.61942,-0.00000,0.00000,-0.00465,0.00967,-0.00592,0.00653,-0.41854,0.91532,1,0.00315,-0.00007,-0.07094,0.39745,-0.04468,0.04645,0.02700,1
7.1792,-0.07818,0.02785,0.00269,-0.00014,-0.00628,0.00325,1.61942,-0.00000,0.00000,-0.00478,0.00974,-0.00651,0.00742,-0.41861,0.91527,1,0.00315,-0.00007,-0.07094,0.39745,-0.04468,0.04645,0.02700,1
7.1812,-0.07818,0.02785,0.00268,-0.00014,-0.00579,0.00244,1.61942,-0.00000,0.00000,-0.00490,0.00980,-0.00697,0.00844,-0.41866,0.91531,1,0.00315,-0.00007,-0.07094,0.39745,-0.04468,0.04645,0.02700,1
7.1832,-0.07818,0.02785,0.00267,-0.00013,-0.00542,0.00151,1.61942,-0.00000,0.00000,-0.00501,0.00983,-0.00730,0.00959,-0.41870,0.91533,1,0.00315,-0.00007,-0.07094,0.39745,-0.04468,0.04645,0.02700,1
7.1852,-0.07818,0.02785,0.00266,-0.00013,-0.00516,0.00047,1.61942,-0.00000,0.00000,-0.00511,0.00985,-0.00751,0.01061,-0.41865,0.91539,1,0.00315,-0.00007,-0.07094,0.39745,-0.04468,0.04645,0.02700,1
7.1872,-0.07818,0.02785,0.00265,-0.00013,-0.00502,-0.00046,1.61942,-0.00000,0.00000,-0.00521,0.00985,-0.00759,0.01151,-0.41868,0.91539,1,0.00315,-0.00007,-0.07094,0.39745,-0.04468,0.04645,0.02700,1
7.1892,-0.07818,0.02785,0.00264,-0.00013,-0.00499,-0.00127,1.61942,-0.00000,0.00000,-0.00531,0.00984,-0.00754,0.01227,-0.41871,0.91544,1,0.00315,-0.00007,-0.07094,0.39745,-0.04468,0.04645,0.02700,1
7.1912,-0.07818,0.02785,0.00263,-0.00014,-0.00509,-0.00196,1.61942,-0.00000,0.00000,-0.00541,0.00980,-0.00736,0.01291,-0.41881,0.91541,1,0.00315,-0.00007,-0.07094,0.39745,-0.04468,0.04645,0.02700,1
7.1932,-0.07818,0.02785,0.00262,-0.00014,-0.00529,-0.00254,1.61942,-0.00000,0.00000,-0.00551,0.00976,-0.00706,0.01342,-0.41867,0.91545,1,0.00315,-0.00007,-0.07094,0.39745,-0.04468,0.04645,0.02700,1
7.1952,-0.07818,0.02785,0.00261,-0.00015,-0.00562,-0.00300,1.61942,-0.00000,0.00000,-0.00562,0.00971,-0.00662,0.01380,-0.41870,0.91549,1,0.00315,-0.00007,-0.07094,0.39745,-0.04468,0.04645,0.02700,1
7.1972,-0.07818,0.02785,0.00260,-0.00015,-0.00606,-0.00334,1.61942,-0.00000,0.00000,-0.00574,0.00964,-0.00606,0.01406,-0.41874,0.91553,1,0.00315,-0.00007,-0.07094,0.39745,-0.04468,0.04645,0.02700,1
7.1992,-0.07818,0.02785,0.00258,-0.00016,-0.00661,-0.00357,1.61942,-0.00000,0.00000,-0.00586,0.00958,-0.00563,0.01418,-0.41868,0.91560,1,0.00315,-0.00007,-0.07094,0.39745,-0.04468,0.04645,0.02700,1
7.2012,-0.07818,0.02785,0.00257,-0.00017,-0.00705,-0.00368,1.61942,-0.00000,0.00000,-0.00600,0.00950,-0.00532,0.01418,-0.41870,0.91560,1,0.00315,-0.00007,-0.07094,0.39745,-0.04468,0.04645,0.02700,1
7.2032,-0.07818,0.02785,0.00255,-0.00017,-0.00738,-0.00368,1.61942,-0.00000,0.00000,-0.00614,0.00943,-0.00515,0.01405,-0.41872,0.91565,1,0.00315,-0.00007,-0.07094,0.39745,-0.04468,0.04645,0.02700,1
7.2052,-0.07818,0.02785,0.00254,-0.00018,-0.00758,-0.00356,1.61942,-0.00000,0.00000,-0.00628,0.00936,-0.00510,0.01379,-0.41866,0.91567,1,0.00315,-0.00007,-0.07094,0.39745,-0.04468,0.04645,0.02700,1
7.2073,-0.07818,0.02785,0.00252,-0.00019,-0.00767,-0.00332,1.61942,-0.00000,0.00000,-0.00643,0.00929,-0.00518,0.01341,-0.41872,0.91571,1,0.00315,-0.00007,-0.07094,0.39745,-0.04468,0.04645,0.02700,1
7.2093,-0.07818,0.02785,0.00251,-0.00019,-0.00765,-0.00296,1.61942,-0.00000,0.00000,-0.00659,0.00923,-0.00538,0.01289,-0.41867,0.91577,1,0.00315,-0.00007,-0.07094,0.39745,-0.04468,0.04645,0.02700,1
7.2113,-0.07818,0.02785,0.00249,-0.00020,-0.00750,-0.00249,1.61942,-0.00000,0.00000,-0.00673,0.00918,-0.00572,0.01225,-0.41869,0.91575,1,0.00315,-0.00007,-0.07094,0.39745,-0.04468,0.04645,0.02700,1
7.2133,-0.07818,0.02785,0.00248,-0.00020,-0.00724,-0.00190,1.61942,-0.00000,0.00000,-0.00688,0.00913,-0.00618,0.01148,-0.41874,0.91578,1,0.00315,-0.00007,-0.07094,0.39745,-0.04468,0.04645,0.02700,1
7.2153,-0.07818,0.02785,0.00246,-0.00021,-0.00687,-0.00120,1.61942,-0.00000,0.00000,-0.00702,0.00910,-0.00677,0.01058,-0.41875,0.91584,1,0.00315,-0.00007,-0.07094,0.39745,-0.04468,0.04645,0.02700,1
7.2173,-0.07818,0.02785,0.00245,-0.00021,-0.00637,-0.00038,1.61942,-0.00000,0.00000,-0.00715,0.00909,-0.00723,0.00955,-0.41871,0.91584,1,0.00315,-0.00007,-0.07094,0.39745,-0.04468,0.04645,0.02700,1
7.2193,-0.07818,0.02785,0.00244,-0.00021,-0.00600,0.00056,1.61942,-0.00000,0.00000,-0.00727,0.00909,-0.00757,0.00866,-0.41875,0.91588,1,0.00315,-0.00007,-0.07094,0.39745,-0.04468,0.04645,0.02700,1
7.2213,-0.07818,0.02785,0.00243,-0.00021,-0.00574,0.00138,1.61942,-0.00000,0.00000,-0.00739,0.00911,-0.00777,0.00789,-0.41872,0.91591,1,0.00315,-0.00007,-0.07094,0.39745,-0.04468,0.04645,0.02700,1
7.2233,-0.07818,0.02785,0.00242,-0.00020,-0.00559,0.00208,1.61942,-0.00000,0.00000,-0.00750,0.00914,-0.00785,0.00724,-0.41877,0.91594,1,0.00315,-0.00007,-0.07094,0.39745,-0.04468,0.04645,0.02700,1
7.2253,-0.07818,0.02785,0.00241,-0.00020,-0.00556,0.00267,1.61942,-0.00000,0.00000,-0.00761,0.00919,-0.00780,0.00673,-0.41882,0.91594,1,0.00315,-0.00007,-0.07094,0.39745,-0.04468,0.04645,0.02700,1
7.2273,-0.07818,0.02785,0.00239,-0.00019,-0.00565,0.00314,1.61942,-0.00000,0.00000,-0.00772,0.00925,-0.00772,0.00634,-0.41886,0.91597,1,0.00315,-0.00007,-0.07094,0.39745,-0.04468,0.04645,0.02700,1
7.2293,-0.07818,0.02785,0.00238,-0.00019,-0.00577,0.00349,1.61942,-0.00000,0.00000,-0.00783,0.00931,-0.00776,0.00608,-0.41882,0.91602,1,0.00315,-0.00007,-0.07094,0.39745,-0.04468,0.04645,0.02700,1
7.2313,-0.07818,0.02785,0.00237,-0.00018,-0.00577,0.00373,1.61942,-0.00000,0.00000,-0.00794,0.00938,-0.00793,0.00595,-0.41886,0.91601,1,0.00315,-0.00007,-0.07094,0.39745,-0.04468,0.04645,0.02700,1
7.2335,-0.07847,0.02733,0.00278,0.00009,-0.00449,0.00418,1.62429,-0.00000,0.00000,-0.00404,0.01179,-0.00797,0.00595,-0.41879,0.91606,1,0.00341,0.00040,-0.07169,0.39719,-0.04377,0.04676,0.02505,1
7.2355,-0.07847,0.02733,0.00277,0.00010,-0.00450,0.00418,1.62429,-0.00000,0.00000,-0.00413,0.01187,-0.00788,0.00608,-0.41886,0.91606,1,0.00341,0.00040,-0.07169,0.39719,-0.04377,0.04676,0.02505,1
7.2375,-0.07847,0.02733,0.00276,0.00010,-0.00463,0.00407,1.62429,-0.00000,0.00000,-0.00422,0.01195,-0.00767,0.00633,-0.41889,0.91605,1,0.00341,0.00040,-0.07169,0.39719,-0.04377,0.04676,0.02505,1
7.2395,-0.07847,0.02733,0.00275,0.00011,-0.00487,0.00383,1.62429,-0.00000,0.00000,-0.00432,0.01203,-0.00733,0.00671,-0.41887,0.91611,1,0.00341,0.00040,-0.07169,0.39719,-0.04377,0.04676,0.02505,1
7.2415,-0.07847,0.02733,0.00274,0.00012,-0.00523,0.00349,1.62429,-0.00000,0.00000,-0.00441,0.01210,-0.00685,0.00722,-0.41888,0.91612,1,0.00341,0.00040,-0.07169,0.39719,-0.04377,0.04676,0.02505,1
7.2435,-0.07847,0.02733,0.00273,0.00013,-0.00571,0.00302,1.62429,-0.00000,0.00000,-0.00452,0.01217,-0.00626,0.00786,-0.41894,0.91615,1,0.00341,0.00040,-0.07169,0.39719,-0.04377,0.04676,0.02505,1
7.2455,-0.07847,0.02733,0.00272,0.00013,-0.00630,0.00244,1.62429,-0.00000,0.00000,-0.00464,0.01222,-0.00553,0.00863,-0.41901,0.91615,1,0.00341,0.00040,-0.07169,0.39719,-0.04377,0.04676,0.02505,1
7.2476,-0.07847,0.02733,0.00270,0.00014,-0.00701,0.00174,1.62429,-0.00000,0.00000,-0.00477,0.01226,-0.00477,0.00952,-0.41897,0.91617,1,0.00341,0.00040,-0.07169,0.39719,-0.04377,0.04676,0.02505,1
7.2496,-0.07847,0.02733,0.00269,0.00014,-0.00775,0.00092,1.62429,-0.00000,0.00000,-0.00492,0.01229,-0.00414,0.01054,-0.41897,0.91619,1,0.00341,0.00040,-0.07169,0.39719,-0.04377,0.04676,0.02505,1
7.2516,-0.07847,0.02733,0.00267,0.00014,-0.00837,-0.00001,1.62429,-0.00000,0.00000,-0.00508,0.01230,-0.00364,0.01169,-0.41893,0.91622,1,0.00341,0.00040,-0.07169,0.39719,-0.04377,0.04676,0.02505,1
7.2536,-0.07847,0.02733,0.00266,0.00014,-0.00887,-0.00105,1.62429,-0.00000,0.00000,-0.00525,0.01229,-0.00327,0.01271,-0.41895,0.91620,1,0.00341,0.00040,-0.07169,0.39719,-0.04377,0.04676,0.02505,1
7.2556,-0.07847,0.02733,0.00264,0.00013,-0.00926,-0.00199,1.62429,-0.00000,0.00000,-0.00542,0.01226,-0.00302,0.01361,-0.41887,0.91627,1,0.00341,0.00040,-0.07169,0.39719,-0.04377,0.04676,0.02505,1
7.2576,-0.07847,0.02733,0.00262,0.00013,-0.00953,-0.00280,1.62429,-0.00000,0.00000,-0.00561,0.01221,-0.00290,0.01437,-0.41892,0.91628,1,0.00341,0.00040,-0.07169,0.39719,-0.04377,0.04676,0.02505,1
7.2596,-0.07847,0.02733,0.00260,0.00012,-0.00968,-0.00350,1.62429,-0.00000,0.00000,-0.00580,0.01215,-0.00291,0.01501,-0.41892,0.91631,1,0.00341,0.00040,-0.07169,0.39719,-0.04377,0.04676,0.02505,1
7.2616,-0.07847,0.02733,0.00258,0.00012,-0.00972,-0.00408,1.62429,-0.00000,0.00000,-0.00599,0.01207,-0.00305,0.01552,-0.41888,0.91635,1,0.00341,0.00040,-0.07169,0.39719,-0.04377,0.04676,0.02505,1
7.2636,-0.07847,0.02733,0.00256,0.00011,-0.00964,-0.00455,1.62429,-0.00000,0.00000,-0.00618,0.01199,-0.00332,0.01590,-0.41891,0.91634,1,0.00341,0.00040,-0.07169,0.39719,-0.04377,0.04676,0.02505,1
7.2656,-0.07847,0.02733,0.00254,0.00010,-0.00944,-0.00489,1.62429,-0.00000,0.00000,-0.00637,0.01190,-0.00371,0.01615,-0.41893,0.91639,1,0.00341,0.00040,-0.07169,0.39719,-0.04377,0.04676,0.02505,1
7.2677,-0.07847,0.02733,0.00252,0.00009,-0.00913,-0.00513,1.62429,-0.00000,0.00000,-0.00655,0.01180,-0.00423,0.01628,-0.41896,0.91640,1,0.00341,0.00040,-0.07169,0.39719,-0.04377,0.04676,0.02505,1
7.2697,-0.07847,0.02733,0.00251,0.00008,-0.00870,-0.00524,1.62429,-0.00000,0.00000,-0.00672,0.01169,-0.00488,0.01628,-0.41898,0.91640,1,0.00341,0.00040,-0.07169,0.39719,-0.04377,0.04676,0.02505,1
7.2717,-0.07847,0.02733,0.00249,0.00007,-0.00815,-0.00524,1.62429,-0.00000,0.00000,-0.00689,0.01159,-0.00566,0.01615,-0.41907,0.91638,1,0.00341,0.00040,-0.07169,0.39719,-0.04377,0.04676,0.02505,1
7.2737,-0.07847,0.02733,0.00247,0.00006,-0.00749,-0.00512,1.62429,-0.00000,0.00000,-0.00704,0.01149,-0.00657,0.01589,-0.41903,0.91643,1,0.00341,0.00040,-0.07169,0.39719,-0.04377,0.04676,0.02505,1
7.2757,-0.07847,0.02733,0.00246,0.00005,-0.00671,-0.00489,1.62429,-0.00000,0.00000,-0.00718,0.01139,-0.00734,0.01550,-0.41907,0.91643,1,0.00341,0.00040,-0.07169,0.39719,-0.04377,0.04676,0.02505,1
7.2777,-0.07847,0.02733,0.00245,0.00004,-0.00605,-0.00454,1.62429,-0.00000,0.00000,-0.00731,0.01130,-0.00799,0.01499,-0.41910,0.91643,1,0.00341,0.00040,-0.07169,0.39719,-0.04377,0.04676,0.02505,1
7.2797,-0.07847,0.02733,0.00244,0.00003,-0.00550,-0.00407,1.62429,-0.00000,0.00000,-0.00742,0.01121,-0.00852,0.01435,-0.41908,0.91647,1,0.00341,0.00040,-0.07169,0.39719,-0.04377,0.04676,0.02505,1
7.2817,-0.07847,0.02733,0.00242,0.00002,-0.00507,-0.00349,1.62429,-0.00000,0.00000,-0.00753,0.01114,-0.00891,0.01358,-0.41919,0.91645,1,0.00341,0.00040,-0.07169,0.39719,-0.04377,0.04676,0.02505,1
7.2837,-0.07847,0.02733,0.00242,0.00001,-0.00475,-0.00279,1.62429,-0.00000,0.00000,-0.00762,0.01108,-0.00918,0.01268,-0.41918,0.91648,1,0.00341,0.00040,-0.07169,0.39719,-0.04377,0.04676,0.02505,1
7.2857,-0.07847,0.02733,0.00241,0.00001,-0.00455,-0.00197,1.62429,-0.00000,0.00000,-0.00772,0.01103,-0.00932,0.01165,-0.41923,0.91649,1,0.00341,0.00040,-0.07169,0.39719,-0.04377,0.04676,0.02505,1
7.2877,-0.07847,0.02733,0.00240,0.00001,-0.00447,-0.00104,1.62429,-0.00000,0.00000,-0.00780,0.01100,-0.00933,0.01075,-0.41926,0.91652,1,0.00341,0.00040,-0.07169,0.39719,-0.04377,0.04676,0.02505,1
7.2897,-0.07847,0.02733,0.00239,0.00001,-0.00450,-0.00022,1.62429,-0.00000,0.00000,-0.00789,0.01099,-0.00921,0.00998,-0.41924,0.91657,1,0.00341,0.00040,-0.07169,0.39719,-0.04377,0.04676,0.02505,1
7.2917,-0.07847,0.02733,0.00238,0.00001,-0.00465,0.00048,1.62429,-0.00000,0.00000,-0.00798,0.01099,-0.00896,0.00934,-0.41926,0.91658,1,0.00341,0.00040,-0.07169,0.39719,-0.04377,0.04676,0.02505,1
7.2937,-0.07847,0.02733,0.00237,0.00001,-0.00492,0.00106,1.62429,-0.00000,0.00000,-0.00808,0.01101,-0.00859,0.00883,-0.41930,0.91659,1,0.00341,0.00040,-0.07169,0.39719,-0.04377,0.04676,0.02505,1
7.2958,-0.07847,0.02733,0.00236,0.00001,-0.00530,0.00153,1.62429,-0.00000,0.00000,-0.00818,0.01103,-0.00818,0.00844,-0.41931,0.91661,1,0.00341,0.00040,-0.07169,0.39719,-0.04377,0.04676,0.02505,1
7.2978,-0.07851,0.02781,0.00275,-0.00012,-0.00420,0.00030,1.62359,-0.00000,0.00000,-0.00434,0.00993,-0.00764,0.00818,-0.41930,0.91665,1,0.00344,-0.00003,-0.07187,0.39637,-0.04376,0.04759,0.02518,1
7.2998,-0.07851,0.02781,0.00274,-0.00012,-0.00474,0.00053,1.62359,-0.00000,0.00000,-0.00443,0.00994,-0.00697,0.00805,-0.41926,0.91667,1,0.00344,-0.00003,-0.07187,0.39637,-0.04376,0.04759,0.02518,1
7.3018,-0.07851,0.02781,0.00273,-0.00012,-0.00539,0.00066,1.62359,-0.00000,0.00000,-0.00453,0.00995,-0.00618,0.00805,-0.41930,0.91666,1,0.00344,-0.00003,-0.07187,0.39637,-0.04376,0.04759,0.02518,1
7.3038,-0.07851,0.02781,0.00272,-0.00012,-0.00616,0.00066,1.62359,-0.00000,0.00000,-0.00464,0.00996,-0.00526,0.00817,-0.41932,0.91670,1,0.00344,-0.00003,-0.07187,0.39637,-0.04376,0.04759,0.02518,1
7.3058,-0.07851,0.02781,0.00271,-0.00012,-0.00705,0.00055,1.62359,-0.00000,0.00000,-0.00477,0.00998,-0.00446,0.00843,-0.41925,0.91677,1,0.00344,-0.00003,-0.07187,0.39637,-0.04376,0.04759,0.02518,1
7.3078,-0.07851,0.02781,0.00269,-0.00012,-0.00782,0.00032,1.62359,-0.00000,0.00000,-0.00492,0.00998,-0.00380,0.00881,-0.41927,0.91676,1,0.00344,-0.00003,-0.07187,0.39637,-0.04376,0.04759,0.02518,1
7.3098,-0.07851,0.02781,0.00268,-0.00012,-0.00847,-0.00003,1.62359,-0.00000,0.00000,-0.00508,0.00999,-0.00326,0.00932,-0.41931,0.91677,1,0.00344,-0.00003,-0.07187,0.39637,-0.04376,0.04759,0.02518,1
7.3118,-0.07851,0.02781,0.00266,-0.00012,-0.00901,-0.00049,1.62359,-0.00000,0.00000,-0.00525,0.00998,-0.00285,0.00996,-0.41931,0.91682,1,0.00344,-0.00003,-0.07187,0.39637,-0.04376,0.04759,0.02518,1
7.3138,-0.07851,0.02781,0.00264,-0.00012,-0.00943,-0.00107,1.62359,-0.00000,0.00000,-0.00543,0.00997,-0.00257,0.01047,-0.41922,0.91687,1,0.00344,-0.00003,-0.07187,0.39637,-0.04376,0.04759,0.02518,1
7.3158,-0.07851,0.02781,0.00262,-0.00012,-0.00973,-0.00153,1.62359,-0.00000,0.00000,-0.00562,0.00994,-0.00242,0.01085,-0.41922,0.91690,1,0.00344,-0.00003,-0.07187,0.39637,-0.04376,0.04759,0.02518,1
7.3179,-0.07851,0.02781,0.00260,-0.00012,-0.00992,-0.00187,1.62359,-0.00000,0.00000,-0.00581,0.00991,-0.00239,0.01110,-0.41925,0.91689,1,0.00344,-0.00003,-0.07187,0.39637,-0.04376,0.04759,0.02518,1
7.3199,-0.07851,0.02781,0.00258,-0.00013,-0.00999,-0.00210,1.62359,-0.00000,0.00000,-0.00601,0.00987,-0.00249,0.01123,-0.41921,0.91695,1,0.00344,-0.00003,-0.07187,0.39637,-0.04376,0.04759,0.02518,1
7.3219,-0.07851,0.02781,0.00256,-0.00013,-0.00994,-0.00221,1.62359,-0.00000,0.00000,-0.00621,0.00983,-0.00272,0.01123,-0.41923,0.91697,1,0.00344,-0.00003,-0.07187,0.39637,-0.04376,0.04759,0.02518,1
7.3239,-0.07851,0.02781,0.00254,-0.00014,-0.00978,-0.00221,1.62359,-0.00000,0.00000,-0.00640,0.00978,-0.00308,0.01109,-0.41923,0.91698,1,0.00344,-0.00003,-0.07187,0.39637,-0.04376,0.04759,0.02518,1
7.3259,-0.07851,0.02781,0.00252,-0.00014,-0.00950,-0.00209,1.62359,-0.00000,0.00000,-0.00659,0.00974,-0.00357,0.01084,-0.41929,0.91701,1,0.00344,-0.00003,-0.07187,0.39637,-0.04376,0.04759,0.02518,1
7.3279,-0.07851,0.02781,0.00250,-0.00014,-0.00910,-0.00185,1.62359,-0.00000,0.00000,-0.00677,0.00970,-0.00418,0.01045,-0.41924,0.91705,1,0.00344,-0.00003,-0.07187,0.39637,-0.04376,0.04759,0.02518,1
7.3299,-0.07851,0.02781,0.00249,-0.00015,-0.00858,-0.00149,1.62359,-0.00000,0.00000,-0.00695,0.00967,-0.00492,0.00994,-0.41933,0.91703,1,0.00344,-0.00003,-0.07187,0.39637,-0.04376,0.04759,0.02518,1
7.3319,-0.07851,0.02781,0.00247,-0.00015,-0.00795,-0.00102,1.62359,-0.00000,0.00000,-0.00711,0.00965,-0.00579,0.00955,-0.41930,0.91707,1,0.00344,-0.00003,-0.07187,0.39637,-0.04376,0.04759,0.02518,1
7.3339,-0.07851,0.02781,0.00245,-0.00015,-0.00721,-0.00067,1.62359,-0.00000,0.00000,-0.00726,0.00963,-0.00679,0.00929,-0.41934,0.91708,1,0.00344,-0.00003,-0.07187,0.39637,-0.04376,0.04759,0.02518,1
7.3360,-0.07851,0.02781,0.00244,-0.00015,-0.00634,-0.00043,1.62359,-0.00000,0.00000,-0.00739,0.00962,-0.00766,0.00916,-0.41937,0.91706,1,0.00344,-0.00003,-0.07187,0.39637,-0.04376,0.04759,0.02518,1
7.3380,-0.07851,0.02781,0.00243,-0.00015,-0.00559,-0.00031,1.62359,-0.00000,0.00000,-0.00751,0.00961,-0.00840,0.00916,-0.41937,0.91713,1,0.00344,-0.00003,-0.07187,0.39637,-0.04376,0.04759,0.02518,1
7.3400,-0.07851,0.02781,0.00242,-0.00015,-0.00496,-0.00031,1.62359,-0.00000,0.00000,-0.00761,0.00960,-0.00902,0.00928,-0.41947,0.91710,1,0.00344,-0.00003,-0.07187,0.39637,-0.04376,0.04759,0.02518,1
7.3420,-0.07851,0.02781,0.00241,-0.00016,-0.00445,-0.00042,1.62359,-0.00000,0.00000,-0.00771,0.00960,-0.00950,0.00954,-0.41947,0.91709,1,0.00344,-0.00003,-0.07187,0.39637,-0.04376,0.04759,0.02518,1
7.3440,-0.07851,0.02781,0.00240,-0.00016,-0.00405,-0.00065,1.62359,-0.00000,0.00000,-0.00779,0.00959,-0.00986,0.00966,-0.41948,0.91714,1,0.00344,-0.00003,-0.07187,0.39637,-0.04376,0.04759,0.02518,1
7.3460,-0.07851,0.02781,0.00239,-0.00016,-0.00377,-0.00076,1.62359,-0.00000,0.00000,-0.00787,0.00957,-0.01009,0.00966,-0.41950,0.91712,1,0.00344,-0.00003,-0.07187,0.39637,-0.04376,0.04759,0.02518,1
7.3480,-0.07851,0.02781,0.00238,-0.00016,-0.00360,-0.00075,1.62359,-0.00000,0.00000,-0.00794,0.00956,-0.01019,0.00956,-0.41958,0.91714,1,0.00344,-0.00003,-0.07187,0.39637,-0.04376,0.04759,0.02518,1
7.3500,-0.07851,0.02781,0.00238,-0.00016,-0.00355,-0.00066,1.62359,-0.00000,0.00000,-0.00801,0.00954,-0.01017,0.00954,-0.41956,0.91713,1,0.00344,-0.00003,-0.07187,0.39637,-0.04376,0.04759,0.02518,1
7.3520,-0.07851,0.02781,0.00237,-0.00016,-0.00361,-0.00064,1.62359,-0.00000,0.00000,-0.00808,0.00953,-0.01001,0.00953,-0.41957,0.91721,1,0.00344,-0.00003,-0.07187,0.39637,-0.04376,0.04759,0.02518,1
7.3540,-0.07851,0.02781,0.00236,-0.00016,-0.00380,-0.00063,1.62359,-0.00000,0.00000,-0.00815,0.00952,-0.00973,0.00952,-0.41958,0.91725,1,0.00344,-0.00003,-0.07187,0.39637,-0.04376,0.04759,0.02518,1
7.3560,-0.07851,0.02781,0.00235,-0.00016,-0.00409,-0.00061,1.62359,-0.00000,0.00000,-0.00823,0.00951,-0.00932,0.00951,-0.41955,0.91725,1,0.00344,-0.00003,-0.07187,0.39637,-0.04376,0.04759,0.02518,1
7.3580,-0.07851,0.02781,0.00235,-0.00017,-0.00451,-0.00060,1.62359,-0.00000,0.00000,-0.00831,0.00949,-0.00878,0.00949,-0.41955,0.91725,1,0.00344,-0.00003,-0.07187,0.39637,-0.04376,0.04759,0.02518,1
7.3600,-0.07851,0.02781,0.00234,-0.00017,-0.00504,-0.00058,1.62359,-0.00000,0.00000,-0.00841,0.00948,-0.00837,0.00948,-0.41959,0.91734,1,0.00344,-0.00003,-0.07187,0.39637,-0.04376,0.04759,0.02518,1
7.3620,-0.07851,0.02781,0.00233,-0.00017,-0.00545,-0.00057,1.62359,-0.00000,0.00000,-0.00851,0.00947,-0.00809,0.00947,-0.41958,0.91734,1,0.00344,-0.00003,-0.07187,0.39637,-0.04376,0.04759,0.02518,1
7.3640,-0.07851,0.02781,0.00232,-0.00017,-0.00575,-0.00056,1.62359,-0.00000,0.00000,-0.00862,0.00946,-0.00794,0.00946,-0.41959,0.91737,1,0.00344,-0.00003,-0.07187,0.39637,-0.04376,0.04759,0.02518,1
7.3660,-0.07940,0.02868,0.00325,-0.00055,-0.00228,-0.00186,1.61966,-0.00000,0.00000,0.00023,0.00605,-0.00766,0.00932,-0.41962,0.91740,1,0.00430,-0.00084,-0.06744,0.39584,-0.04942,0.04769,0.02589,1
7.3680,-0.07940,0.02868,0.00325,-0.00055,-0.00260,-0.00173,1.61966,-0.00000,0.00000,0.00019,0.00601,-0.00725,0.00905,-0.41962,0.91740,1,0.00430,-0.00084,-0.06744,0.39584,-0.04942,0.04769,0.02589,1
7.3700,-0.07940,0.02868,0.00324,-0.00056,-0.00303,-0.00147,1.61966,-0.00000,0.00000,0.00013,0.00598,-0.00671,0.00866,-0.41959,0.91742,1,0.00430,-0.00084,-0.06744,0.39584,-0.04942,0.04769,0.02589,1
7.3721,-0.07940,0.02868,0.00323,-0.00056,-0.00358,-0.00111,1.61966,-0.00000,0.00000,0.00007,0.00596,-0.00604,0.00814,-0.41962,0.91743,1,0.00430,-0.00084,-0.06744,0.39584,-0.04942,0.04769,0.02589,1
7.3741,-0.07940,0.02868,0.00323,-0.00056,-0.00424,-0.00062,1.61966,-0.00000,0.00000,-0.00001,0.00594,-0.00525,0.00749,-0.41960,0.91744,1,0.00430,-0.00084,-0.06744,0.39584,-0.04942,0.04769,0.02589,1
7.3761,-0.07940,0.02868,0.00322,-0.00056,-0.00502,-0.00002,1.61966,-0.00000,0.00000,-0.00010,0.00593,-0.00433,0.00671,-0.41965,0.91747,1,0.00430,-0.00084,-0.06744,0.39584,-0.04942,0.04769,0.02589,1
7.3781,-0.07940,0.02868,0.00321,-0.00056,-0.00591,0.00070,1.61966,-0.00000,0.00000,-0.00021,0.00594,-0.00328,0.00594,-0.41968,0.91746,1,0.00430,-0.00084,-0.06744,0.39584,-0.04942,0.04769,0.02589,1
7.3801,-0.07940,0.02868,0.00319,-0.00056,-0.00692,0.00141,1.61966,-0.00000,0.00000,-0.00034,0.00596,-0.00210,0.00530,-0.41967,0.91749,1,0.00430,-0.00084,-0.06744,0.39584,-0.04942,0.04769,0.02589,1
7.3821,-0.07940,0.02868,0.00318,-0.00056,-0.00805,0.00200,1.61966,-0.00000,0.00000,-0.00048,0.00599,-0.00079,0.00479,-0.41968,0.91750,1,0.00430,-0.00084,-0.06744,0.39584,-0.04942,0.04769,0.02589,1
7.3841,-0.07940,0.02868,0.00316,-0.00055,-0.00929,0.00247,1.61966,-0.00000,0.00000,-0.00065,0.00604,0.00038,0.00441,-0.41971,0.91747,1,0.00430,-0.00084,-0.06744,0.39584,-0.04942,0.04769,0.02589,1
7.3861,-0.07940,0.02868,0.00314,-0.00055,-0.01042,0.00283,1.61966,-0.00000,0.00000,-0.00085,0.00609,0.00143,0.00415,-0.41968,0.91748,1,0.00430,-0.00084,-0.06744,0.39584,-0.04942,0.04769,0.02589,1
7.3881,-0.07940,0.02868,0.00312,-0.00054,-0.01143,0.00307,1.61966,-0.00000,0.00000,-0.00106,0.00615,0.00236,0.00402,-0.41969,0.91753,1,0.00430,-0.00084,-0.06744,0.39584,-0.04942,0.04769,0.02589,1
7.3901,-0.07940,0.02868,0.00310,-0.00053,-0.01232,0.00320,1.61966,-0.00000,0.00000,-0.00130,0.00621,0.00315,0.00402,-0.41964,0.91750,1,0.00430,-0.00084,-0.06744,0.39584,-0.04942,0.04769,0.02589,1
7.3921,-0.07940,0.02868,0.00307,-0.00053,-0.01310,0.00321,1.61966,-0.00000,0.00000,-0.00155,0.00627,0.00381,0.00415,-0.41970,0.91749,1,0.00430,-0.00084,-0.06744,0.39584,-0.04942,0.04769,0.02589,1
7.3941,-0.07940,0.02868,0.00304,-0.00052,-0.01376,0.00310,1.61966,-0.00000,0.00000,-0.00181,0.00633,0.00435,0.00441,-0.41967,0.91755,1,0.00430,-0.00084,-0.06744,0.39584,-0.04942,0.04769,0.02589,1
7.3961,-0.07940,0.02868,0.00302,-0.00052,-0.01430,0.00287,1.61966,-0.00000,0.00000,-0.00209,0.00639,0.00476,0.00479,-0.41966,0.91753,1,0.00430,-0.00084,-0.06744,0.39584,-0.04942,0.04769,0.02589,1
7.3981,-0.07940,0.02868,0.00299,-0.00051,-0.01473,0.00253,1.61966,-0.00000,0.00000,-0.00237,0.00645,0.00504,0.00531,-0.41966,0.91754,1,0.00430,-0.00084,-0.06744,0.39584,-0.04942,0.04769,0.02589,1
7.4001,-0.07940,0.02868,0.00296,-0.00051,-0.01504,0.00208,1.61966,-0.00000,0.00000,-0.00267,0.00649,0.00520,0.00595,-0.41957,0.91759,1,0.00430,-0.00084,-0.06744,0.39584,-0.04942,0.04769,0.02589,1
7.4021,-0.07940,0.02868,0.00293,-0.00050,-0.01523,0.00150,1.61966,-0.00000,0.00000,-0.00296,0.00653,0.00522,0.00653,-0.41957,0.91758,1,0.00430,-0.00084,-0.06744,0.39584,-0.04942,0.04769,0.02589,1
7.4041,-0.07940,0.02868,0.00290,-0.00050,-0.01530,0.00099,1.61966,-0.00000,0.00000,-0.00327,0.00655,0.00512,0.00698,-0.41960,0.91757,1,0.00430,-0.00084,-0.06744,0.39584,-0.04942,0.04769,0.02589,1
7.4061,-0.07940,0.02868,0.00287,-0.00050,-0.01526,0.00058,1.61966,-0.00000,0.00000,-0.00357,0.00657,0.00489,0.00730,-0.41956,0.91762,1,0.00430,-0.00084,-0.06744,0.39584,-0.04942,0.04769,0.02589,1
7.4081,-0.07940,0.02868,0.00284,-0.00050,-0.01510,0.00030,1.61966,-0.00000,0.00000,-0.00386,0.00658,0.00453,0.00750,-0.41957,0.91762,1,0.00430,-0.00084,-0.06744,0.39584,-0.04942,0.04769,0.02589,1
7.4101,-0.07940,0.02868,0.00281,-0.00050,-0.01483,0.00013,1.61966,-0.00000,0.00000,-0.00416,0.00658,0.00405,0.00756,-0.41956,0.91762,1,0.00430,-0.00084,-0.06744,0.39584,-0.04942,0.04769,0.02589,1
7.4121,-0.07940,0.02868,0.00278,-0.00050,-0.01444,0.00008,1.61966,-0.00000,0.00000,-0.00445,0.00658,0.00343,0.00750,-0.41952,0.91766,1,0.00430,-0.00084,-0.06744,0.39584,-0.04942,0.04769,0.02589,1
7.4141,-0.07940,0.02868,0.00275,-0.00050,-0.01393,0.00014,1.61966,-0.00000,0.00000,-0.00473,0.00658,0.00269,0.00732,-0.41950,0.91768,1,0.00430,-0.00084,-0.06744,0.39584,-0.04942,0.04769,0.02589,1
7.4161,-0.07940,0.02868,0.00272,-0.00050,-0.01330,0.00032,1.61966,-0.00000,0.00000,-0.00499,0.00659,0.00182,0.00700,-0.41954,0.91768,1,0.00430,-0.00084,-0.06744,0.39584,-0.04942,0.04769,0.02589,1
7.4181,-0.07940,0.02868,0.00269,-0.00050,-0.01256,0.00062,1.61966,-0.00000,0.00000,-0.00525,0.00660,0.00082,0.00660,-0.41958,0.91769,1,0.00430,-0.00084,-0.06744,0.39584,-0.04942,0.04769,0.02589,1
7.4201,-0.07940,0.02868,0.00267,-0.00049,-0.01170,0.00099,1.61966,-0.00000,0.00000,-0.00549,0.00661,-0.00030,0.00632,-0.41960,0.91770,1,0.00430,-0.00084,-0.06744,0.39584,-0.04942,0.04769,0.02589,1
7.4221,-0.07940,0.02868,0.00265,-0.00049,-0.01072,0.00125,1.61966,-0.00000,0.00000,-0.00571,0.00664,-0.00156,0.00618,-0.41964,0.91771,1,0.00430,-0.00084,-0.06744,0.39584,-0.04942,0.04769,0.02589,1
