t,ex,ey,th_x,th_y,thd_x,thd_y,yaw,vref_x,vref_y,vfb_x,vfb_y,vcmd_x,vcmd_y,tcp_x,tcp_y,dans_cible,th_brut_x,th_brut_y
0.0000,-0.39624,-0.00427,-0.02448,-0.00129,0.00000,0.00000,0.46315,-0.00000,-0.00000,-0.11572,-0.00610,-0.00013,-0.00013,0.10633,0.84814,0,-0.02448,-0.00129
0.0020,-0.39624,-0.00427,-0.02448,-0.00129,0.00052,0.00013,0.46315,-0.00014,-0.00000,-0.11572,-0.00610,-0.00038,-0.00038,0.10635,0.84810,0,-0.02448,-0.00129
0.0040,-0.39624,-0.00427,-0.02448,-0.00129,0.00115,0.00037,0.46315,-0.00028,-0.00000,-0.11571,-0.00609,-0.00077,-0.00077,0.10634,0.84814,0,-0.02448,-0.00129
0.0060,-0.39624,-0.00427,-0.02447,-0.00129,0.00189,0.00072,0.46315,-0.00042,-0.00000,-0.11569,-0.00609,-0.00128,-0.00128,0.10637,0.84815,0,-0.02448,-0.00129
0.0080,-0.39624,-0.00427,-0.02447,-0.00129,0.00274,0.00118,0.46315,-0.00056,-0.00001,-0.11567,-0.00608,-0.00192,-0.00192,0.10629,0.84811,0,-0.02448,-0.00129
0.0100,-0.39624,-0.00427,-0.02446,-0.00128,0.00369,0.00175,0.46315,-0.00069,-0.00001,-0.11564,-0.00607,-0.00269,-0.00269,0.10633,0.84809,0,-0.02448,-0.00129
0.0120,-0.39624,-0.00427,-0.02445,-0.00128,0.00476,0.00243,0.46315,-0.00083,-0.00001,-0.11560,-0.00605,-0.00358,-0.00358,0.10632,0.84810,0,-0.02448,-0.00129
0.0140,-0.39624,-0.00427,-0.02444,-0.00127,0.00593,0.00321,0.46315,-0.00097,-0.00001,-0.11555,-0.00602,-0.00461,-0.00461,0.10632,0.84810,0,-0.02448,-0.00129
0.0161,-0.39624,-0.00427,-0.02443,-0.00127,0.00722,0.00411,0.46315,-0.00111,-0.00001,-0.11549,-0.00598,-0.00576,-0.00576,0.10630,0.84810,0,-0.02448,-0.00129
0.0181,-0.39624,-0.00427,-0.02441,-0.00126,0.00861,0.00512,0.46315,-0.00125,-0.00001,-0.11542,-0.00594,-0.00704,-0.00678,0.10630,0.84805,0,-0.02448,-0.00129
0.0201,-0.39624,-0.00427,-0.02439,-0.00125,0.01012,0.00601,0.46315,-0.00139,-0.00001,-0.11533,-0.00589,-0.00845,-0.00768,0.10628,0.84809,0,-0.02448,-0.00129
0.0221,-0.39624,-0.00427,-0.02437,-0.00123,0.01173,0.00680,0.46315,-0.00153,-0.00002,-0.11523,-0.00583,-0.00998,-0.00845,0.10626,0.84808,0,-0.02448,-0.00129
0.0241,-0.39624,-0.00427,-0.02435,-0.00122,0.01345,0.00748,0.46315,-0.00166,-0.00002,-0.11511,-0.00576,-0.01158,-0.00909,0.10615,0.84802,0,-0.02448,-0.00129
0.0261,-0.39624,-0.00427,-0.02432,-0.00120,0.01522,0.00804,0.46315,-0.00180,-0.00002,-0.11498,-0.00569,-0.01318,-0.00960,0.10620,0.84804,0,-0.02448,-0.00129
0.0281,-0.39624,-0.00427,-0.02429,-0.00119,0.01700,0.00850,0.46315,-0.00194,-0.00002,-0.11482,-0.00561,-0.01478,-0.00998,0.10617,0.84798,0,-0.02448,-0.00129
0.0301,-0.39624,-0.00427,-0.02425,-0.00117,0.01877,0.00885,0.46315,-0.00208,-0.00002,-0.11466,-0.00553,-0.01638,-0.01024,0.10608,0.84797,0,-0.02448,-0.00129
0.0321,-0.39624,-0.00427,-0.02421,-0.00115,0.02055,0.00909,0.46315,-0.00222,-0.00002,-0.11447,-0.00544,-0.01798,-0.01037,0.10607,0.84797,0,-0.02448,-0.00129
0.0341,-0.39624,-0.00427,-0.02417,-0.00113,0.02232,0.00921,0.46315,-0.00236,-0.00003,-0.11427,-0.00536,-0.01958,-0.01037,0.10603,0.84799,0,-0.02448,-0.00129
0.0361,-0.39578,-0.00374,-0.02454,-0.00104,0.02284,0.00921,0.45213,-0.00250,-0.00003,-0.11588,-0.00475,-0.02118,-0.01024,0.10602,0.84796,0,-0.02525,-0.00110
0.0382,-0.39578,-0.00374,-0.02449,-0.00102,0.02462,0.00911,0.45213,-0.00264,-0.00003,-0.11566,-0.00466,-0.02278,-0.00998,0.10598,0.84795,0,-0.02525,-0.00110
0.0402,-0.39578,-0.00374,-0.02444,-0.00100,0.02640,0.00891,0.45213,-0.00278,-0.00003,-0.11542,-0.00458,-0.02438,-0.00960,0.10592,0.84795,0,-0.02525,-0.00110
0.0422,-0.39578,-0.00374,-0.02438,-0.00098,0.02818,0.00860,0.45213,-0.00291,-0.00003,-0.11516,-0.00450,-0.02598,-0.00909,0.10585,0.84796,0,-0.02525,-0.00110
0.0442,-0.39578,-0.00374,-0.02433,-0.00097,0.02995,0.00818,0.45213,-0.00305,-0.00003,-0.11489,-0.00442,-0.02758,-0.00845,0.10584,0.84795,0,-0.02525,-0.00110
0.0462,-0.39578,-0.00374,-0.02427,-0.00095,0.03172,0.00765,0.45213,-0.00319,-0.00003,-0.11460,-0.00434,-0.02918,-0.00768,0.10576,0.84791,0,-0.02525,-0.00110
0.0482,-0.39578,-0.00374,-0.02420,-0.00094,0.03350,0.00701,0.45213,-0.00333,-0.00004,-0.11429,-0.00427,-0.03078,-0.00678,0.10574,0.84789,0,-0.02525,-0.00110
0.0502,-0.39578,-0.00374,-0.02413,-0.00092,0.03527,0.00626,0.45213,-0.00347,-0.00004,-0.11397,-0.00421,-0.03238,-0.00576,0.10568,0.84790,0,-0.02525,-0.00110
0.0522,-0.39578,-0.00374,-0.02406,-0.00091,0.03704,0.00540,0.45213,-0.00361,-0.00004,-0.11363,-0.00415,-0.03398,-0.00461,0.10566,0.84789,0,-0.02525,-0.00110
0.0542,-0.39578,-0.00374,-0.02398,-0.00090,0.03881,0.00443,0.45213,-0.00375,-0.00004,-0.11328,-0.00411,-0.03558,-0.00358,0.10558,0.84785,0,-0.02525,-0.00110
0.0562,-0.39578,-0.00374,-0.02390,-0.00089,0.04058,0.00357,0.45213,-0.00389,-0.00004,-0.11290,-0.00407,-0.03718,-0.00269,0.10552,0.84789,0,-0.02525,-0.00110
0.0582,-0.39578,-0.00374,-0.02382,-0.00089,0.04234,0.00282,0.45213,-0.00403,-0.00004,-0.11251,-0.00404,-0.03878,-0.00192,0.10543,0.84784,0,-0.02525,-0.00110
0.0603,-0.39578,-0.00374,-0.02373,-0.00088,0.04411,0.00217,0.45213,-0.00417,-0.00004,-0.11211,-0.00402,-0.04038,-0.00128,0.10538,0.84789,0,-0.02525,-0.00110
0.0623,-0.39578,-0.00374,-0.02364,-0.00088,0.04587,0.00164,0.45213,-0.00430,-0.00005,-0.11168,-0.00400,-0.04198,-0.00077,0.10536,0.84786,0,-0.02525,-0.00110
0.0643,-0.39578,-0.00374,-0.02355,-0.00088,0.04763,0.00122,0.45213,-0.00444,-0.00005,-0.11124,-0.00398,-0.04358,-0.00038,0.10528,0.84784,0,-0.02525,-0.00110
0.0663,-0.39578,-0.00374,-0.02345,-0.00087,0.04939,0.00091,0.45213,-0.00458,-0.00005,-0.11079,-0.00397,-0.04518,-0.00013,0.10520,0.84787,0,-0.02525,-0.00110
0.0683,-0.39578,-0.00374,-0.02335,-0.00087,0.05115,0.00070,0.45213,-0.00472,-0.00005,-0.11032,-0.00397,-0.04678,-0.00000,0.10514,0.84780,0,-0.02525,-0.00110
0.0703,-0.39578,-0.00374,-0.02325,-0.00087,0.05291,0.00061,0.45213,-0.00486,-0.00005,-0.10983,-0.00396,-0.04838,-0.00000,0.10502,0.84784,0,-0.02525,-0.00110
0.0723,-0.39578,-0.00374,-0.02314,-0.00087,0.05467,0.00062,0.45213,-0.00500,-0.00005,-0.10932,-0.00396,-0.04998,-0.00013,0.10497,0.84784,0,-0.02525,-0.00110
0.0743,-0.39578,-0.00374,-0.02303,-0.00087,0.05642,0.00075,0.45213,-0.00513,-0.00006,-0.10880,-0.00395,-0.05158,-0.00038,0.10489,0.84784,0,-0.02525,-0.00110
0.0763,-0.39578,-0.00374,-0.02292,-0.00087,0.05817,0.00098,0.45213,-0.00527,-0.00006,-0.10826,-0.00394,-0.05318,-0.00077,0.10477,0.84782,0,-0.02525,-0.00110
0.0783,-0.39578,-0.00374,-0.02280,-0.00086,0.05992,0.00132,0.45213,-0.00541,-0.00006,-0.10771,-0.00393,-0.05478,-0.00128,0.10467,0.84783,0,-0.02525,-0.00110
0.0803,-0.39578,-0.00374,-0.02268,-0.00086,0.06167,0.00177,0.45213,-0.00555,-0.00006,-0.10713,-0.00392,-0.05638,-0.00192,0.10459,0.84781,0,-0.02525,-0.00110
0.0823,-0.39578,-0.00374,-0.02255,-0.00086,0.06341,0.00233,0.45213,-0.00569,-0.00006,-0.10655,-0.00390,-0.05798,-0.00269,0.10449,0.84782,0,-0.02525,-0.00110
0.0843,-0.39578,-0.00374,-0.02242,-0.00085,0.06515,0.00301,0.45213,-0.00583,-0.00006,-0.10594,-0.00387,-0.05958,-0.00358,0.10439,0.84781,0,-0.02525,-0.00110
0.0863,-0.39578,-0.00374,-0.02229,-0.00085,0.06690,0.00379,0.45213,-0.00597,-0.00006,-0.10532,-0.00384,-0.06118,-0.00435,0.10429,0.84779,0,-0.02525,-0.00110
0.0884,-0.39578,-0.00374,-0.02215,-0.00084,0.06863,0.00446,0.45213,-0.00611,-0.00007,-0.10468,-0.00380,-0.06278,-0.00499,0.10420,0.84781,0,-0.02525,-0.00110
0.0904,-0.39578,-0.00374,-0.02202,-0.00083,0.07037,0.00502,0.45213,-0.00625,-0.00007,-0.10403,-0.00375,-0.06438,-0.00550,0.10409,0.84782,0,-0.02525,-0.00110
0.0924,-0.39578,-0.00374,-0.02187,-0.00082,0.07210,0.00547,0.45213,-0.00639,-0.00007,-0.10336,-0.00371,-0.06598,-0.00589,0.10392,0.84779,0,-0.02525,-0.00110
0.0944,-0.39578,-0.00374,-0.02173,-0.00081,0.07383,0.00581,0.45213,-0.00652,-0.00007,-0.10267,-0.00365,-0.06758,-0.00614,0.10383,0.84779,0,-0.02525,-0.00110
0.0964,-0.39578,-0.00374,-0.02158,-0.00079,0.07556,0.00604,0.45213,-0.00666,-0.00007,-0.10197,-0.00360,-0.06918,-0.00627,0.10371,0.84777,0,-0.02525,-0.00110
0.0984,-0.39578,-0.00374,-0.02143,-0.00078,0.07729,0.00616,0.45213,-0.00680,-0.00007,-0.10125,-0.00354,-0.07078,-0.00627,0.10359,0.84774,0,-0.02525,-0.00110
0.1004,-0.39623,-0.00379,-0.02301,-0.00110,0.06217,0.00262,0.44559,-0.00694,-0.00007,-0.10889,-0.00504,-0.07238,-0.00614,0.10345,0.84775,0,-0.02486,-0.00106
0.1024,-0.39623,-0.00379,-0.02288,-0.00109,0.06392,0.00253,0.44559,-0.00708,-0.00008,-0.10830,-0.00501,-0.07398,-0.00589,0.10333,0.84775,0,-0.02486,-0.00106
0.1044,-0.39623,-0.00379,-0.02276,-0.00109,0.06567,0.00233,0.44559,-0.00722,-0.00008,-0.10769,-0.00499,-0.07558,-0.00550,0.10321,0.84772,0,-0.02486,-0.00106
0.1064,-0.39623,-0.00379,-0.02262,-0.00108,0.06741,0.00202,0.44559,-0.00736,-0.00008,-0.10706,-0.00497,-0.07718,-0.00505,0.10306,0.84772,0,-0.02486,-0.00106
0.1084,-0.39623,-0.00379,-0.02249,-0.00108,0.06916,0.00165,0.44559,-0.00749,-0.00008,-0.10642,-0.00495,-0.07878,-0.00473,0.10288,0.84769,0,-0.02486,-0.00106
0.1104,-0.39623,-0.00379,-0.02235,-0.00107,0.07090,0.00139,0.44559,-0.00763,-0.00008,-0.10576,-0.00494,-0.08038,-0.00453,0.10276,0.84771,0,-0.02486,-0.00106
0.1124,-0.39623,-0.00379,-0.02220,-0.00107,0.07264,0.00124,0.44559,-0.00777,-0.00008,-0.10509,-0.00493,-0.08198,-0.00446,0.10262,0.84772,0,-0.02486,-0.00106
0.1145,-0.39623,-0.00379,-0.02206,-0.00107,0.07437,0.00120,0.44559,-0.00791,-0.00009,-0.10440,-0.00492,-0.08358,-0.00452,0.10243,0.84768,0,-0.02486,-0.00106
0.1164,-0.39623,-0.00379,-0.02190,-0.00107,0.07611,0.00126,0.44559,-0.00805,-0.00009,-0.10369,-0.00490,-0.08518,-0.00470,0.10237,0.84766,0,-0.02486,-0.00106
0.1184,-0.39623,-0.00379,-0.02175,-0.00106,0.07784,0.00144,0.44559,-0.00819,-0.00009,-0.10297,-0.00489,-0.08678,-0.00498,0.10220,0.84767,0,-0.02486,-0.00106
0.1205,-0.39623,-0.00379,-0.02159,-0.00106,0.07957,0.00169,0.44559,-0.00833,-0.00009,-0.10223,-0.00488,-0.08838,-0.00513,0.10198,0.84767,0,-0.02486,-0.00106
0.1225,-0.39623,-0.00379,-0.02143,-0.00106,0.08129,0.00184,0.44559,-0.00847,-0.00009,-0.10148,-0.00486,-0.08998,-0.00515,0.10183,0.84761,0,-0.02486,-0.00106
0.1245,-0.39623,-0.00379,-0.02127,-0.00105,0.08302,0.00187,0.44559,-0.00860,-0.00009,-0.10070,-0.00484,-0.09158,-0.00504,0.10164,0.84761,0,-0.02486,-0.00106
0.1265,-0.39623,-0.00379,-0.02110,-0.00105,0.08474,0.00180,0.44559,-0.00874,-0.00009,-0.09992,-0.00483,-0.09318,-0.00492,0.10149,0.84760,0,-0.02486,-0.00106
0.1285,-0.39623,-0.00379,-0.02093,-0.00105,0.08646,0.00171,0.44559,-0.00888,-0.00010,-0.09911,-0.00481,-0.09478,-0.00490,0.10128,0.84762,0,-0.02486,-0.00106
0.1305,-0.39623,-0.00379,-0.02075,-0.00104,0.08817,0.00172,0.44559,-0.00902,-0.00010,-0.09829,-0.00479,-0.09638,-0.00489,0.10112,0.84760,0,-0.02486,-0.00106
0.1325,-0.39623,-0.00379,-0.02058,-0.00104,0.08988,0.00172,0.44559,-0.00916,-0.00010,-0.09746,-0.00478,-0.09798,-0.00488,0.10093,0.84754,0,-0.02486,-0.00106
0.1345,-0.39623,-0.00379,-0.02040,-0.00104,0.09159,0.00173,0.44559,-0.00930,-0.00010,-0.09660,-0.00476,-0.09958,-0.00486,0.10072,0.84754,0,-0.02486,-0.00106
0.1365,-0.39623,-0.00379,-0.02021,-0.00103,0.09330,0.00173,0.44559,-0.00944,-0.00010,-0.09574,-0.00474,-0.10118,-0.00485,0.10055,0.84753,0,-0.02486,-0.00106
0.1385,-0.39623,-0.00379,-0.02002,-0.00103,0.09500,0.00174,0.44559,-0.00957,-0.00010,-0.09485,-0.00473,-0.10278,-0.00483,0.10030,0.84750,0,-0.02486,-0.00106
0.1405,-0.39623,-0.00379,-0.01983,-0.00103,0.09670,0.00174,0.44559,-0.00971,-0.00010,-0.09395,-0.00471,-0.10426,-0.00482,0.10020,0.84748,0,-0.02486,-0.00106
0.1425,-0.39623,-0.00379,-0.01964,-0.00102,0.09828,0.00175,0.44559,-0.00985,-0.00011,-0.09303,-0.00470,-0.10560,-0.00480,0.09993,0.84752,0,-0.02486,-0.00106
0.1445,-0.39623,-0.00379,-0.01944,-0.00102,0.09976,0.00175,0.44559,-0.00999,-0.00011,-0.09210,-0.00468,-0.10682,-0.00479,0.09977,0.84746,0,-0.02486,-0.00106
0.1465,-0.39623,-0.00379,-0.01924,-0.00102,0.10112,0.00175,0.44559,-0.01013,-0.00011,-0.09116,-0.00466,-0.10790,-0.00477,0.09952,0.84749,0,-0.02486,-0.00106
0.1486,-0.39623,-0.00379,-0.01903,-0.00101,0.10237,0.00176,0.44559,-0.01027,-0.00011,-0.09021,-0.00465,-0.10886,-0.00476,0.09936,0.84748,0,-0.02486,-0.00106
0.1506,-0.39623,-0.00379,-0.01883,-0.00101,0.10350,0.00176,0.44559,-0.01041,-0.00011,-0.08924,-0.00463,-0.10970,-0.00474,0.09917,0.84745,0,-0.02486,-0.00106
0.1526,-0.39623,-0.00379,-0.01862,-0.00101,0.10452,0.00177,0.44559,-0.01055,-0.00011,-0.08826,-0.00461,-0.11040,-0.00473,0.09886,0.84744,0,-0.02486,-0.00106
0.1546,-0.39623,-0.00379,-0.01841,-0.00100,0.10543,0.00177,0.44559,-0.01069,-0.00012,-0.08727,-0.00460,-0.11098,-0.00471,0.09867,0.84744,0,-0.02486,-0.00106
0.1566,-0.39623,-0.00379,-0.01820,-0.00100,0.10623,0.00177,0.44559,-0.01083,-0.00012,-0.08628,-0.00458,-0.11142,-0.00470,0.09847,0.84741,0,-0.02486,-0.00106
0.1586,-0.39623,-0.00379,-0.01798,-0.00099,0.10691,0.00178,0.44559,-0.01096,-0.00012,-0.08528,-0.00456,-0.11174,-0.00468,0.09825,0.84743,0,-0.02486,-0.00106
0.1606,-0.39623,-0.00379,-0.01777,-0.00099,0.10748,0.00178,0.44559,-0.01110,-0.00012,-0.08427,-0.00455,-0.11194,-0.00467,0.09802,0.84742,0,-0.02486,-0.00106
0.1626,-0.39623,-0.00379,-0.01755,-0.00099,0.10794,0.00178,0.44559,-0.01124,-0.00012,-0.08326,-0.00453,-0.11200,-0.00465,0.09784,0.84742,0,-0.02486,-0.00106
0.1646,-0.39623,-0.00379,-0.01734,-0.00098,0.10829,0.00179,0.44559,-0.01138,-0.00012,-0.08225,-0.00451,-0.11194,-0.00463,0.09757,0.84741,0,-0.02486,-0.00106
0.1666,-0.40060,-0.00428,-0.01693,-0.00051,0.11100,0.00468,0.44104,-0.01152,-0.00012,-0.08163,-0.00242,-0.11174,-0.00449,0.09738,0.84739,0,-0.02111,-0.00064
0.1686,-0.40060,-0.00428,-0.01671,-0.00050,0.11112,0.00457,0.44104,-0.01166,-0.00013,-0.08058,-0.00237,-0.11142,-0.00422,0.09720,0.84739,0,-0.02111,-0.00064
0.1706,-0.40060,-0.00428,-0.01648,-0.00049,0.11112,0.00434,0.44104,-0.01180,-0.00013,-0.07954,-0.00233,-0.11098,-0.00382,0.09698,0.84739,0,-0.02111,-0.00064
0.1726,-0.40060,-0.00428,-0.01626,-0.00048,0.11101,0.00401,0.44104,-0.01193,-0.00013,-0.07850,-0.00229,-0.11040,-0.00329,0.09677,0.84734,0,-0.02111,-0.00064
0.1747,-0.40060,-0.00428,-0.01604,-0.00048,0.11079,0.00357,0.44104,-0.01207,-0.00013,-0.07745,-0.00225,-0.10970,-0.00264,0.09660,0.84739,0,-0.02111,-0.00064
0.1767,-0.40060,-0.00428,-0.01582,-0.00047,0.11045,0.00301,0.44104,-0.01221,-0.00013,-0.07642,-0.00222,-0.10886,-0.00211,0.09636,0.84735,0,-0.02111,-0.00064
0.1787,-0.40060,-0.00428,-0.01560,-0.00046,0.11000,0.00257,0.44104,-0.01235,-0.00013,-0.07538,-0.00220,-0.10790,-0.00171,0.09618,0.84735,0,-0.02111,-0.00064
0.1807,-0.40060,-0.00428,-0.01538,-0.00046,0.10943,0.00224,0.44104,-0.01249,-0.00013,-0.07435,-0.00217,-0.10682,-0.00144,0.09596,0.84733,0,-0.02111,-0.00064
0.1827,-0.40060,-0.00428,-0.01516,-0.00045,0.10876,0.00201,0.44104,-0.01263,-0.00014,-0.07333,-0.00215,-0.10560,-0.00130,0.09573,0.84732,0,-0.02111,-0.00064
0.1847,-0.40060,-0.00428,-0.01494,-0.00045,0.10797,0.00190,0.44104,-0.01277,-0.00014,-0.07231,-0.00214,-0.10426,-0.00128,0.09554,0.84736,0,-0.02111,-0.00064
0.1867,-0.40060,-0.00428,-0.01473,-0.00045,0.10706,0.00189,0.44104,-0.01291,-0.00014,-0.07130,-0.00212,-0.10278,-0.00139,0.09541,0.84732,0,-0.02111,-0.00064
0.1887,-0.40060,-0.00428,-0.01452,-0.00044,0.10605,0.00200,0.44104,-0.01305,-0.00014,-0.07030,-0.00210,-0.10118,-0.00163,0.09519,0.84734,0,-0.02111,-0.00064
0.1907,-0.40060,-0.00428,-0.01430,-0.00044,0.10492,0.00221,0.44104,-0.01318,-0.00014,-0.06931,-0.00208,-0.09958,-0.00200,0.09498,0.84733,0,-0.02111,-0.00064
0.1927,-0.40060,-0.00428,-0.01410,-0.00043,0.10379,0.00253,0.44104,-0.01332,-0.00014,-0.06833,-0.00206,-0.09798,-0.00224,0.09483,0.84736,0,-0.02111,-0.00064
0.1947,-0.40060,-0.00428,-0.01389,-0.00043,0.10265,0.00274,0.44104,-0.01346,-0.00014,-0.06737,-0.00203,-0.09638,-0.00236,0.09462,0.84735,0,-0.02111,-0.00064
0.1968,-0.40060,-0.00428,-0.01368,-0.00042,0.10151,0.00285,0.44104,-0.01360,-0.00015,-0.06641,-0.00201,-0.09478,-0.00234,0.09445,0.84731,0,-0.02111,-0.00064
0.1988,-0.40060,-0.00428,-0.01348,-0.00042,0.10037,0.00284,0.44104,-0.01374,-0.00015,-0.06546,-0.00198,-0.09318,-0.00220,0.09424,0.84728,0,-0.02111,-0.00064
0.2008,-0.40060,-0.00428,-0.01328,-0.00041,0.09922,0.00273,0.44104,-0.01388,-0.00015,-0.06453,-0.00195,-0.09158,-0.00210,0.09410,0.84725,0,-0.02111,-0.00064
0.2028,-0.40060,-0.00428,-0.01309,-0.00041,0.09808,0.00265,0.44104,-0.01402,-0.00015,-0.06360,-0.00193,-0.08998,-0.00208,0.09386,0.84727,0,-0.02111,-0.00064
0.2048,-0.40060,-0.00428,-0.01289,-0.00040,0.09692,0.00264,0.44104,-0.01416,-0.00015,-0.06269,-0.00190,-0.08838,-0.00206,0.09369,0.84724,0,-0.02111,-0.00064
0.2068,-0.40060,-0.00428,-0.01270,-0.00040,0.09577,0.00262,0.44104,-0.01430,-0.00015,-0.06179,-0.00188,-0.08678,-0.00203,0.09353,0.84726,0,-0.02111,-0.00064
0.2088,-0.40060,-0.00428,-0.01251,-0.00039,0.09461,0.00261,0.44104,-0.01443,-0.00016,-0.06090,-0.00185,-0.08518,-0.00201,0.09331,0.84724,0,-0.02111,-0.00064
0.2108,-0.40060,-0.00428,-0.01232,-0.00038,0.09345,0.00260,0.44104,-0.01457,-0.00016,-0.06002,-0.00183,-0.08358,-0.00199,0.09316,0.84727,0,-0.02111,-0.00064
0.2128,-0.40060,-0.00428,-0.01213,-0.00038,0.09228,0.00258,0.44104,-0.01471,-0.00016,-0.05915,-0.00180,-0.08198,-0.00196,0.09297,0.84726,0,-0.02111,-0.00064
0.2148,-0.40060,-0.00428,-0.01195,-0.00037,0.09111,0.00257,0.44104,-0.01485,-0.00016,-0.05829,-0.00178,-0.08038,-0.00194,0.09285,0.84727,0,-0.02111,-0.00064
0.2168,-0.40060,-0.00428,-0.01177,-0.00037,0.08994,0.00256,0.44104,-0.01499,-0.00016,-0.05744,-0.00176,-0.07878,-0.00192,0.09268,0.84728,0,-0.02111,-0.00064
0.2188,-0.40060,-0.00428,-0.01159,-0.00036,0.08877,0.00254,0.44104,-0.01513,-0.00016,-0.05661,-0.00173,-0.07718,-0.00190,0.09255,0.84727,0,-0.02111,-0.00064
0.2208,-0.40060,-0.00428,-0.01141,-0.00036,0.08759,0.00253,0.44104,-0.01526,-0.00016,-0.05578,-0.00171,-0.07558,-0.00187,0.09235,0.84725,0,-0.02111,-0.00064
0.2228,-0.40060,-0.00428,-0.01124,-0.00035,0.08641,0.00252,0.44104,-0.01540,-0.00017,-0.05497,-0.00168,-0.07398,-0.00185,0.09223,0.84724,0,-0.02111,-0.00064
0.2248,-0.40060,-0.00428,-0.01107,-0.00035,0.08523,0.00251,0.44104,-0.01554,-0.00017,-0.05416,-0.00166,-0.07238,-0.00183,0.09207,0.84725,0,-0.02111,-0.00064
0.2269,-0.40060,-0.00428,-0.01090,-0.00034,0.08404,0.00249,0.44104,-0.01568,-0.00017,-0.05337,-0.00164,-0.07078,-0.00181,0.09195,0.84722,0,-0.02111,-0.00064
0.2289,-0.40060,-0.00428,-0.01073,-0.00034,0.08286,0.00248,0.44104,-0.01582,-0.00017,-0.05259,-0.00161,-0.06918,-0.00178,0.09178,0.84725,0,-0.02111,-0.00064
0.2309,-0.40060,-0.00428,-0.01057,-0.00033,0.08166,0.00247,0.44104,-0.01596,-0.00017,-0.05183,-0.00159,-0.06771,-0.00176,0.09165,0.84725,0,-0.02111,-0.00064
0.2329,-0.40060,-0.00428,-0.01041,-0.00033,0.08058,0.00245,0.44104,-0.01610,-0.00017,-0.05107,-0.00157,-0.06637,-0.00174,0.09152,0.84726,0,-0.02111,-0.00064
0.2349,-0.40901,-0.00453,-0.01006,-0.00031,0.08023,0.00280,0.43608,-0.01624,-0.00017,-0.05194,-0.00153,-0.06515,-0.00170,0.09134,0.84725,0,-0.01387,-0.00043
0.2369,-0.40901,-0.00453,-0.00990,-0.00030,0.07935,0.00277,0.43608,-0.01638,-0.00018,-0.05120,-0.00150,-0.06406,-0.00168,0.09122,0.84724,0,-0.01387,-0.00043
0.2389,-0.40901,-0.00453,-0.00974,-0.00029,0.07859,0.00275,0.43608,-0.01652,-0.00018,-0.05046,-0.00147,-0.06310,-0.00165,0.09111,0.84727,0,-0.01387,-0.00043
0.2409,-0.40901,-0.00453,-0.00958,-0.00029,0.07793,0.00274,0.43608,-0.01665,-0.00018,-0.04973,-0.00145,-0.06227,-0.00163,0.09096,0.84727,0,-0.01387,-0.00043
0.2429,-0.40901,-0.00453,-0.00943,-0.00028,0.07737,0.00272,0.43608,-0.01679,-0.00018,-0.04901,-0.00142,-0.06157,-0.00160,0.09082,0.84725,0,-0.01387,-0.00043
0.2450,-0.40901,-0.00453,-0.00927,-0.00028,0.07693,0.00270,0.43608,-0.01693,-0.00018,-0.04829,-0.00140,-0.06099,-0.00158,0.09066,0.84727,0,-0.01387,-0.00043
0.2470,-0.40901,-0.00453,-0.00912,-0.00027,0.07658,0.00269,0.43608,-0.01707,-0.00018,-0.04757,-0.00137,-0.06054,-0.00156,0.09058,0.84726,0,-0.01387,-0.00043
0.2490,-0.40901,-0.00453,-0.00897,-0.00027,0.07635,0.00267,0.43608,-0.01721,-0.00019,-0.04686,-0.00135,-0.06022,-0.00153,0.09042,0.84726,0,-0.01387,-0.00043
0.2510,-0.40901,-0.00453,-0.00881,-0.00026,0.07623,0.00266,0.43608,-0.01735,-0.00019,-0.04615,-0.00132,-0.06003,-0.00151,0.09024,0.84725,0,-0.01387,-0.00043
0.2530,-0.40901,-0.00453,-0.00866,-0.00026,0.07621,0.00264,0.43608,-0.01749,-0.00019,-0.04544,-0.00130,-0.05997,-0.00149,0.09017,0.84727,0,-0.01387,-0.00043
0.2550,-0.40901,-0.00453,-0.00851,-0.00025,0.07629,0.00262,0.43608,-0.01763,-0.00019,-0.04473,-0.00127,-0.06003,-0.00146,0.09000,0.84727,0,-0.01387,-0.00043
0.2570,-0.40901,-0.00453,-0.00836,-0.00025,0.07649,0.00261,0.43608,-0.01777,-0.00019,-0.04401,-0.00125,-0.06022,-0.00144,0.08985,0.84728,0,-0.01387,-0.00043
0.2590,-0.40901,-0.00453,-0.00820,-0.00024,0.07679,0.00259,0.43608,-0.01790,-0.00019,-0.04330,-0.00122,-0.06054,-0.00142,0.08969,0.84728,0,-0.01387,-0.00043
0.2610,-0.40901,-0.00453,-0.00805,-0.00024,0.07720,0.00258,0.43608,-0.01804,-0.00019,-0.04258,-0.00120,-0.06074,-0.00139,0.08956,0.84723,0,-0.01387,-0.00043
0.2630,-0.40901,-0.00453,-0.00789,-0.00023,0.07749,0.00256,0.43608,-0.01818,-0.00020,-0.04186,-0.00117,-0.06080,-0.00137,0.08945,0.84727,0,-0.01387,-0.00043
0.2650,-0.40901,-0.00453,-0.00774,-0.00023,0.07767,0.00255,0.43608,-0.01832,-0.00020,-0.04114,-0.00115,-0.06074,-0.00135,0.08927,0.84726,0,-0.01387,-0.00043
0.2670,-0.40901,-0.00453,-0.00758,-0.00022,0.07775,0.00253,0.43608,-0.01846,-0.00020,-0.04042,-0.00113,-0.06054,-0.00133,0.08914,0.84723,0,-0.01387,-0.00043
0.2691,-0.40901,-0.00453,-0.00743,-0.00022,0.07771,0.00251,0.43608,-0.01860,-0.00020,-0.03969,-0.00110,-0.06022,-0.00130,0.08905,0.84725,0,-0.01387,-0.00043
0.2711,-0.40901,-0.00453,-0.00727,-0.00021,0.07755,0.00250,0.43608,-0.01874,-0.00020,-0.03897,-0.00108,-0.05978,-0.00128,0.08889,0.84724,0,-0.01387,-0.00043
0.2731,-0.40901,-0.00453,-0.00712,-0.00021,0.07729,0.00248,0.43608,-0.01888,-0.00020,-0.03825,-0.00106,-0.05920,-0.00126,0.08880,0.84721,0,-0.01387,-0.00043
0.2751,-0.40901,-0.00453,-0.00696,-0.00020,0.07691,0.00247,0.43608,-0.01901,-0.00020,-0.03753,-0.00103,-0.05850,-0.00124,0.08866,0.84723,0,-0.01387,-0.00043
0.2771,-0.40901,-0.00453,-0.00681,-0.00020,0.07643,0.00245,0.43608,-0.01915,-0.00021,-0.03682,-0.00101,-0.05766,-0.00122,0.08859,0.84724,0,-0.01387,-0.00043
0.2791,-0.40901,-0.00453,-0.00666,-0.00019,0.07582,0.00244,0.43608,-0.01929,-0.00021,-0.03611,-0.00099,-0.05670,-0.00119,0.08846,0.84723,0,-0.01387,-0.00043
0.2811,-0.40901,-0.00453,-0.00651,-0.00019,0.07511,0.00242,0.43608,-0.01943,-0.00021,-0.03541,-0.00096,-0.05562,-0.00117,0.08834,0.84718,0,-0.01387,-0.00043
0.2831,-0.40901,-0.00453,-0.00636,-0.00018,0.07429,0.00241,0.43608,-0.01957,-0.00021,-0.03471,-0.00094,-0.05440,-0.00115,0.08823,0.84716,0,-0.01387,-0.00043
0.2851,-0.40901,-0.00453,-0.00621,-0.00018,0.07335,0.00239,0.43608,-0.01971,-0.00021,-0.03403,-0.00092,-0.05331,-0.00113,0.08810,0.84719,0,-0.01387,-0.00043
0.2871,-0.40901,-0.00453,-0.00606,-0.00017,0.07252,0.00238,0.43608,-0.01985,-0.00021,-0.03335,-0.00090,-0.05235,-0.00111,0.08803,0.84720,0,-0.01387,-0.00043
0.2891,-0.40901,-0.00453,-0.00592,-0.00017,0.07180,0.00236,0.43608,-0.01999,-0.00022,-0.03268,-0.00087,-0.05152,-0.00109,0.08790,0.84719,0,-0.01387,-0.00043
0.2911,-0.40901,-0.00453,-0.00578,-0.00016,0.07119,0.00235,0.43608,-0.02013,-0.00022,-0.03202,-0.00085,-0.05082,-0.00107,0.08781,0.84718,0,-0.01387,-0.00043
0.2932,-0.40901,-0.00453,-0.00563,-0.00016,0.07068,0.00233,0.43608,-0.02026,-0.00022,-0.03136,-0.00083,-0.05024,-0.00105,0.08775,0.84719,0,-0.01387,-0.00043
0.2952,-0.40901,-0.00453,-0.00549,-0.00015,0.07028,0.00232,0.43608,-0.02040,-0.00022,-0.03070,-0.00081,-0.04979,-0.00103,0.08762,0.84710,0,-0.01387,-0.00043
0.2972,-0.40901,-0.00453,-0.00535,-0.00015,0.06998,0.00230,0.43608,-0.02054,-0.00022,-0.03005,-0.00079,-0.04947,-0.00101,0.08757,0.84714,0,-0.01387,-0.00043
0.2992,-0.40901,-0.00453,-0.00521,-0.00014,0.06980,0.00229,0.43608,-0.02068,-0.00022,-0.02940,-0.00076,-0.04928,-0.00099,0.08747,0.84711,0,-0.01387,-0.00043
0.3012,-0.41680,-0.00393,-0.00450,-0.00063,0.07213,0.00050,0.42849,-0.02082,-0.00022,-0.02839,-0.00287,-0.04921,-0.00110,0.08738,0.84714,0,-0.00726,-0.00094
0.3032,-0.41680,-0.00393,-0.00436,-0.00062,0.07214,0.00060,0.42849,-0.02096,-0.00023,-0.02772,-0.00286,-0.04901,-0.00133,0.08730,0.84711,0,-0.00726,-0.00094
0.3052,-0.41680,-0.00393,-0.00421,-0.00062,0.07204,0.00081,0.42849,-0.02110,-0.00023,-0.02705,-0.00286,-0.04868,-0.00170,0.08715,0.84712,0,-0.00726,-0.00094
0.3072,-0.41680,-0.00393,-0.00407,-0.00062,0.07182,0.00113,0.42849,-0.02124,-0.00023,-0.02638,-0.00285,-0.04823,-0.00219,0.08703,0.84709,0,-0.00726,-0.00094
0.3092,-0.41680,-0.00393,-0.00392,-0.00062,0.07150,0.00156,0.42849,-0.02138,-0.00023,-0.02572,-0.00283,-0.04764,-0.00281,0.08698,0.84707,0,-0.00726,-0.00094
0.3113,-0.41680,-0.00393,-0.00378,-0.00062,0.07106,0.00210,0.42849,-0.02152,-0.00023,-0.02505,-0.00282,-0.04693,-0.00330,0.08686,0.84709,0,-0.00726,-0.00094
0.3133,-0.41680,-0.00393,-0.00364,-0.00061,0.07052,0.00254,0.42849,-0.02165,-0.00023,-0.02440,-0.00280,-0.04609,-0.00366,0.08671,0.84708,0,-0.00726,-0.00094
0.3153,-0.41680,-0.00393,-0.00350,-0.00061,0.06986,0.00286,0.42849,-0.02179,-0.00023,-0.02375,-0.00277,-0.04538,-0.00390,0.08661,0.84709,0,-0.00726,-0.00094
0.3173,-0.41680,-0.00393,-0.00336,-0.00060,0.06930,0.00307,0.42849,-0.02193,-0.00024,-0.02310,-0.00274,-0.04479,-0.00401,0.08653,0.84709,0,-0.00726,-0.00094
0.3193,-0.41680,-0.00393,-0.00322,-0.00059,0.06886,0.00317,0.42849,-0.02207,-0.00024,-0.02246,-0.00271,-0.04434,-0.00399,0.08646,0.84708,0,-0.00726,-0.00094
0.3213,-0.41680,-0.00393,-0.00309,-0.00059,0.06852,0.00316,0.42849,-0.02221,-0.00024,-0.02183,-0.00268,-0.04401,-0.00384,0.08636,0.84705,0,-0.00726,-0.00094
0.3233,-0.41680,-0.00393,-0.00295,-0.00058,0.06829,0.00305,0.42849,-0.02235,-0.00024,-0.02119,-0.00265,-0.04356,-0.00356,0.08627,0.84698,0,-0.00726,-0.00094
0.3253,-0.41680,-0.00393,-0.00281,-0.00057,0.06795,0.00282,0.42849,-0.02249,-0.00024,-0.02056,-0.00263,-0.04305,-0.00316,0.08615,0.84706,0,-0.00726,-0.00094
0.3273,-0.41680,-0.00393,-0.00268,-0.00057,0.06756,0.00248,0.42849,-0.02262,-0.00024,-0.01994,-0.00260,-0.04256,-0.00285,0.08609,0.84703,0,-0.00726,-0.00094
0.3293,-0.41680,-0.00393,-0.00254,-0.00056,0.06718,0.00223,0.42849,-0.02276,-0.00025,-0.01931,-0.00258,-0.04208,-0.00266,0.08601,0.84700,0,-0.00726,-0.00094
0.3313,-0.41680,-0.00393,-0.00241,-0.00056,0.06681,0.00208,0.42849,-0.02290,-0.00025,-0.01869,-0.00256,-0.04160,-0.00260,0.08592,0.84703,0,-0.00726,-0.00094
0.3334,-0.41680,-0.00393,-0.00228,-0.00056,0.06643,0.00204,0.42849,-0.02304,-0.00025,-0.01808,-0.00254,-0.04112,-0.00267,0.08584,0.84702,0,-0.00726,-0.00094
0.3354,-0.41680,-0.00393,-0.00214,-0.00055,0.06606,0.00211,0.42849,-0.02318,-0.00025,-0.01746,-0.00252,-0.04065,-0.00277,0.08575,0.84705,0,-0.00726,-0.00094
0.3374,-0.41680,-0.00393,-0.00201,-0.00055,0.06569,0.00220,0.42849,-0.02332,-0.00025,-0.01686,-0.00250,-0.04017,-0.00275,0.08568,0.84706,0,-0.00726,-0.00094
0.3394,-0.41680,-0.00393,-0.00188,-0.00054,0.06532,0.00219,0.42849,-0.02346,-0.00025,-0.01625,-0.00248,-0.03971,-0.00273,0.08562,0.84705,0,-0.00726,-0.00094
0.3414,-0.41680,-0.00393,-0.00175,-0.00054,0.06495,0.00218,0.42849,-0.02360,-0.00025,-0.01565,-0.00246,-0.03924,-0.00271,0.08557,0.84706,0,-0.00726,-0.00094
0.3434,-0.41680,-0.00393,-0.00162,-0.00053,0.06458,0.00218,0.42849,-0.02373,-0.00026,-0.01505,-0.00244,-0.03878,-0.00269,0.08549,0.84706,0,-0.00726,-0.00094
0.3454,-0.41680,-0.00393,-0.00149,-0.00053,0.06421,0.00217,0.42849,-0.02387,-0.00026,-0.01446,-0.00242,-0.03833,-0.00268,0.08542,0.84704,0,-0.00726,-0.00094
0.3474,-0.41680,-0.00393,-0.00136,-0.00053,0.06384,0.00216,0.42849,-0.02401,-0.00026,-0.01386,-0.00240,-0.03787,-0.00266,0.08530,0.84704,0,-0.00726,-0.00094
0.3494,-0.41680,-0.00393,-0.00124,-0.00052,0.06348,0.00215,0.42849,-0.02415,-0.00026,-0.01328,-0.00238,-0.03743,-0.00264,0.08520,0.84700,0,-0.00726,-0.00094
0.3514,-0.41680,-0.00393,-0.00111,-0.00052,0.06311,0.00215,0.42849,-0.02429,-0.00026,-0.01269,-0.00236,-0.03698,-0.00262,0.08517,0.84700,0,-0.00726,-0.00094
0.3534,-0.41680,-0.00393,-0.00098,-0.00051,0.06275,0.00214,0.42849,-0.02443,-0.00026,-0.01211,-0.00234,-0.03654,-0.00260,0.08505,0.84700,0,-0.00726,-0.00094
0.3554,-0.41680,-0.00393,-0.00086,-0.00051,0.06238,0.00213,0.42849,-0.02457,-0.00026,-0.01154,-0.00232,-0.03610,-0.00258,0.08498,0.84698,0,-0.00726,-0.00094
0.3574,-0.41680,-0.00393,-0.00073,-0.00050,0.06202,0.00213,0.42849,-0.02470,-0.00027,-0.01096,-0.00230,-0.03567,-0.00256,0.08485,0.84701,0,-0.00726,-0.00094
0.3594,-0.41680,-0.00393,-0.00061,-0.00050,0.06166,0.00212,0.42849,-0.02484,-0.00027,-0.01039,-0.00228,-0.03524,-0.00255,0.08481,0.84703,0,-0.00726,-0.00094
0.3614,-0.41680,-0.00393,-0.00049,-0.00050,0.06130,0.00211,0.42849,-0.02498,-0.00027,-0.00983,-0.00226,-0.03481,-0.00253,0.08469,0.84695,0,-0.00726,-0.00094
0.3634,-0.41680,-0.00393,-0.00037,-0.00049,0.06094,0.00210,0.42849,-0.02512,-0.00027,-0.00926,-0.00224,-0.03438,-0.00251,0.08464,0.84698,0,-0.00726,-0.00094
0.3654,-0.41680,-0.00393,-0.00024,-0.00049,0.06058,0.00210,0.42849,-0.02526,-0.00027,-0.00870,-0.00222,-0.03396,-0.00249,0.08450,0.84700,0,-0.00726,-0.00094
0.3674,-0.41680,-0.00393,-0.00012,-0.00048,0.06022,0.00209,0.42264,-0.02540,-0.00027,-0.00815,-0.00220,-0.03355,-0.00247,0.08447,0.84698,0,-0.00342,-0.00136
0.3694,-0.42129,-0.00344,-0.00045,-0.00097,0.05832,0.00020,0.42264,-0.02554,-0.00027,-0.01107,-0.00434,-0.03326,-0.00258,0.08434,0.84696,0,-0.00342,-0.00136
0.3714,-0.42129,-0.00344,-0.00034,-0.00097,0.05808,0.00031,0.42264,-0.02567,-0.00028,-0.01053,-0.00434,-0.03310,-0.00282,0.08434,0.84696,0,-0.00342,-0.00136
0.3734,-0.42129,-0.00344,-0.00022,-0.00097,0.05795,0.00053,0.42264,-0.02581,-0.00028,-0.01000,-0.00434,-0.03307,-0.00319,0.08429,0.84695,0,-0.00342,-0.00136
0.3754,-0.42129,-0.00344,-0.00010,-0.00097,0.05792,0.00086,0.42264,-0.02595,-0.00028,-0.00947,-0.00433,-0.03316,-0.00368,0.08419,0.84695,0,-0.00342,-0.00136
0.3774,-0.42129,-0.00344,0.00001,-0.00096,0.05800,0.00129,0.42264,-0.02609,-0.00028,-0.00894,-0.00432,-0.03339,-0.00430,0.08410,0.84695,0,-0.00342,-0.00136
0.3794,-0.42129,-0.00344,0.00013,-0.00096,0.05819,0.00184,0.42264,-0.02623,-0.00028,-0.00840,-0.00431,-0.03374,-0.00480,0.08406,0.84691,0,-0.00342,-0.00136
0.3814,-0.42129,-0.00344,0.00024,-0.00096,0.05849,0.00228,0.42264,-0.02637,-0.00028,-0.00787,-0.00429,-0.03422,-0.00516,0.08399,0.84690,0,-0.00342,-0.00136
0.3834,-0.42129,-0.00344,0.00036,-0.00095,0.05889,0.00261,0.42264,-0.02650,-0.00029,-0.00733,-0.00426,-0.03457,-0.00540,0.08392,0.84689,0,-0.00342,-0.00136
0.3854,-0.42129,-0.00344,0.00048,-0.00095,0.05918,0.00283,0.42264,-0.02664,-0.00029,-0.00678,-0.00424,-0.03479,-0.00551,0.08383,0.84686,0,-0.00342,-0.00136
0.3874,-0.42129,-0.00344,0.00060,-0.00094,0.05936,0.00294,0.42264,-0.02678,-0.00029,-0.00624,-0.00421,-0.03489,-0.00549,0.08377,0.84685,0,-0.00342,-0.00136
0.3894,-0.42129,-0.00344,0.00072,-0.00093,0.05943,0.00294,0.42264,-0.02692,-0.00029,-0.00569,-0.00418,-0.03486,-0.00535,0.08371,0.84684,0,-0.00342,-0.00136
0.3914,-0.42129,-0.00344,0.00084,-0.00093,0.05939,0.00283,0.42264,-0.02706,-0.00029,-0.00515,-0.00416,-0.03470,-0.00507,0.08356,0.84681,0,-0.00342,-0.00136
0.3934,-0.42129,-0.00344,0.00096,-0.00092,0.05924,0.00261,0.42264,-0.02719,-0.00029,-0.00460,-0.00413,-0.03441,-0.00467,0.08351,0.84681,0,-0.00342,-0.00136
0.3954,-0.42129,-0.00344,0.00107,-0.00092,0.05897,0.00228,0.42264,-0.02733,-0.00029,-0.00406,-0.00411,-0.03399,-0.00439,0.08342,0.84682,0,-0.00342,-0.00136
0.3974,-0.42129,-0.00344,0.00119,-0.00091,0.05860,0.00206,0.42264,-0.02747,-0.00030,-0.00352,-0.00409,-0.03345,-0.00425,0.08333,0.84677,0,-0.00342,-0.00136
0.3994,-0.42129,-0.00344,0.00131,-0.00091,0.05811,0.00195,0.42264,-0.02761,-0.00030,-0.00299,-0.00407,-0.03278,-0.00423,0.08326,0.84678,0,-0.00342,-0.00136
0.4014,-0.42129,-0.00344,0.00142,-0.00091,0.05751,0.00195,0.42264,-0.02775,-0.00030,-0.00246,-0.00405,-0.03198,-0.00434,0.08325,0.84677,0,-0.00342,-0.00136
0.4034,-0.42129,-0.00344,0.00154,-0.00090,0.05680,0.00206,0.42264,-0.02789,-0.00030,-0.00193,-0.00403,-0.03105,-0.00433,0.08312,0.84677,0,-0.00342,-0.00136
0.4054,-0.42129,-0.00344,0.00165,-0.00090,0.05598,0.00207,0.42264,-0.02802,-0.00030,-0.00142,-0.00401,-0.02999,-0.00432,0.08310,0.84674,0,-0.00342,-0.00136
0.4074,-0.42129,-0.00344,0.00176,-0.00089,0.05504,0.00207,0.42264,-0.02816,-0.00030,-0.00091,-0.00399,-0.02906,-0.00430,0.08302,0.84673,0,-0.00342,-0.00136
0.4094,-0.42129,-0.00344,0.00187,-0.00089,0.05422,0.00207,0.42264,-0.02830,-0.00030,-0.00041,-0.00397,-0.02826,-0.00428,0.08294,0.84672,0,-0.00342,-0.00136
0.4114,-0.42129,-0.00344,0.00198,-0.00089,0.05350,0.00207,0.42264,-0.02844,-0.00031,0.00008,-0.00396,-0.02759,-0.00426,0.08287,0.84675,0,-0.00342,-0.00136
0.4134,-0.42129,-0.00344,0.00208,-0.00088,0.05289,0.00207,0.42264,-0.02858,-0.00031,0.00057,-0.00394,-0.02705,-0.00424,0.08287,0.84667,0,-0.00342,-0.00136
0.4154,-0.42129,-0.00344,0.00219,-0.00088,0.05239,0.00207,0.42264,-0.02872,-0.00031,0.00105,-0.00392,-0.02663,-0.00423,0.08282,0.84665,0,-0.00342,-0.00136
0.4174,-0.42129,-0.00344,0.00229,-0.00087,0.05200,0.00207,0.42264,-0.02885,-0.00031,0.00152,-0.00390,-0.02634,-0.00421,0.08280,0.84664,0,-0.00342,-0.00136
0.4194,-0.42129,-0.00344,0.00240,-0.00087,0.05171,0.00207,0.42264,-0.02899,-0.00031,0.00200,-0.00388,-0.02618,-0.00419,0.08275,0.84660,0,-0.00342,-0.00136
0.4214,-0.42129,-0.00344,0.00250,-0.00086,0.05153,0.00207,0.42264,-0.02913,-0.00031,0.00247,-0.00386,-0.02615,-0.00417,0.08271,0.84660,0,-0.00342,-0.00136
0.4234,-0.42129,-0.00344,0.00260,-0.00086,0.05146,0.00206,0.42264,-0.02927,-0.00032,0.00294,-0.00384,-0.02625,-0.00415,0.08267,0.84663,0,-0.00342,-0.00136
0.4255,-0.42129,-0.00344,0.00271,-0.00086,0.05149,0.00206,0.42264,-0.02941,-0.00032,0.00341,-0.00382,-0.02622,-0.00414,0.08261,0.84663,0,-0.00342,-0.00136
0.4275,-0.42129,-0.00344,0.00281,-0.00085,0.05142,0.00206,0.42264,-0.02955,-0.00032,0.00388,-0.00380,-0.02606,-0.00412,0.08252,0.84658,0,-0.00342,-0.00136
0.4295,-0.42129,-0.00344,0.00291,-0.00085,0.05123,0.00206,0.42264,-0.02969,-0.00032,0.00434,-0.00378,-0.02577,-0.00410,0.08254,0.84660,0,-0.00342,-0.00136
0.4315,-0.42129,-0.00344,0.00301,-0.00084,0.05094,0.00206,0.42264,-0.02982,-0.00032,0.00481,-0.00376,-0.02535,-0.00408,0.08251,0.84657,0,-0.00342,-0.00136
0.4335,-0.42466,-0.00325,0.00231,-0.00118,0.04807,0.00077,0.41531,-0.02996,-0.00032,0.00043,-0.00527,-0.02506,-0.00419,0.08233,0.84656,0,-0.00054,-0.00152
0.4355,-0.42466,-0.00325,0.00240,-0.00117,0.04779,0.00089,0.41531,-0.03010,-0.00032,0.00086,-0.00527,-0.02490,-0.00443,0.08233,0.84656,0,-0.00054,-0.00152
0.4375,-0.42466,-0.00325,0.00250,-0.00117,0.04761,0.00111,0.41531,-0.03024,-0.00033,0.00130,-0.00526,-0.02487,-0.00480,0.08224,0.84654,0,-0.00054,-0.00152
0.4395,-0.42466,-0.00325,0.00259,-0.00117,0.04753,0.00144,0.41531,-0.03038,-0.00033,0.00173,-0.00525,-0.02497,-0.00529,0.08219,0.84655,0,-0.00054,-0.00152
0.4415,-0.42466,-0.00325,0.00269,-0.00117,0.04757,0.00189,0.41531,-0.03052,-0.00033,0.00216,-0.00523,-0.02519,-0.00566,0.08214,0.84656,0,-0.00054,-0.00152
0.4435,-0.42466,-0.00325,0.00278,-0.00116,0.04772,0.00222,0.41531,-0.03065,-0.00033,0.00259,-0.00521,-0.02554,-0.00590,0.08207,0.84653,0,-0.00054,-0.00152
0.4455,-0.42466,-0.00325,0.00288,-0.00116,0.04797,0.00244,0.41531,-0.03079,-0.00033,0.00303,-0.00519,-0.02602,-0.00601,0.08199,0.84653,0,-0.00054,-0.00152
0.4475,-0.42466,-0.00325,0.00298,-0.00115,0.04833,0.00255,0.41531,-0.03093,-0.00033,0.00346,-0.00517,-0.02663,-0.00599,0.08195,0.84650,0,-0.00054,-0.00152
0.4495,-0.42466,-0.00325,0.00307,-0.00115,0.04879,0.00256,0.41531,-0.03107,-0.00033,0.00390,-0.00514,-0.02717,-0.00584,0.08197,0.84653,0,-0.00054,-0.00152
0.4515,-0.42466,-0.00325,0.00317,-0.00114,0.04920,0.00245,0.41531,-0.03121,-0.00034,0.00435,-0.00512,-0.02758,-0.00557,0.08189,0.84652,0,-0.00054,-0.00152
0.4535,-0.42466,-0.00325,0.00327,-0.00114,0.04949,0.00224,0.41531,-0.03135,-0.00034,0.00479,-0.00510,-0.02786,-0.00542,0.08182,0.84651,0,-0.00054,-0.00152
0.4555,-0.42466,-0.00325,0.00337,-0.00113,0.04968,0.00213,0.41531,-0.03149,-0.00034,0.00524,-0.00508,-0.02801,-0.00541,0.08172,0.84647,0,-0.00054,-0.00152
0.4575,-0.42466,-0.00325,0.00347,-0.00113,0.04975,0.00214,0.41531,-0.03162,-0.00034,0.00570,-0.00506,-0.02804,-0.00540,0.08167,0.84645,0,-0.00054,-0.00152
0.4595,-0.42466,-0.00325,0.00357,-0.00112,0.04971,0.00215,0.41531,-0.03176,-0.00034,0.00615,-0.00504,-0.02793,-0.00538,0.08165,0.84649,0,-0.00054,-0.00152
0.4615,-0.42466,-0.00325,0.00367,-0.00112,0.04956,0.00215,0.41531,-0.03190,-0.00034,0.00660,-0.00502,-0.02770,-0.00536,0.08160,0.84648,0,-0.00054,-0.00152
0.4635,-0.42466,-0.00325,0.00377,-0.00112,0.04930,0.00215,0.41531,-0.03204,-0.00035,0.00705,-0.00500,-0.02734,-0.00534,0.08153,0.84646,0,-0.00054,-0.00152
0.4655,-0.42466,-0.00325,0.00386,-0.00111,0.04893,0.00215,0.41531,-0.03218,-0.00035,0.00749,-0.00497,-0.02686,-0.00532,0.08150,0.84650,0,-0.00054,-0.00152
0.4675,-0.42466,-0.00325,0.00396,-0.00111,0.04845,0.00216,0.41531,-0.03231,-0.00035,0.00793,-0.00495,-0.02624,-0.00530,0.08146,0.84648,0,-0.00054,-0.00152
0.4695,-0.42466,-0.00325,0.00406,-0.00110,0.04785,0.00216,0.41531,-0.03245,-0.00035,0.00837,-0.00493,-0.02550,-0.00528,0.08144,0.84647,0,-0.00054,-0.00152
0.4715,-0.42466,-0.00325,0.00415,-0.00110,0.04715,0.00216,0.41531,-0.03259,-0.00035,0.00880,-0.00491,-0.02463,-0.00527,0.08140,0.84644,0,-0.00054,-0.00152
0.4735,-0.42466,-0.00325,0.00425,-0.00109,0.04633,0.00216,0.41531,-0.03273,-0.00035,0.00922,-0.00489,-0.02363,-0.00525,0.08135,0.84645,0,-0.00054,-0.00152
0.4755,-0.42466,-0.00325,0.00434,-0.00109,0.04540,0.00217,0.41531,-0.03287,-0.00035,0.00963,-0.00487,-0.02276,-0.00523,0.08136,0.84643,0,-0.00054,-0.00152
0.4775,-0.42466,-0.00325,0.00443,-0.00109,0.04459,0.00217,0.41531,-0.03301,-0.00036,0.01004,-0.00485,-0.02202,-0.00521,0.08125,0.84638,0,-0.00054,-0.00152
0.4795,-0.42466,-0.00325,0.00452,-0.00108,0.04387,0.00217,0.41531,-0.03314,-0.00036,0.01044,-0.00483,-0.02140,-0.00519,0.08122,0.84639,0,-0.00054,-0.00152
0.4815,-0.42466,-0.00325,0.00460,-0.00108,0.04327,0.00217,0.41531,-0.03328,-0.00036,0.01083,-0.00481,-0.02092,-0.00517,0.08120,0.84636,0,-0.00054,-0.00152
0.4835,-0.42466,-0.00325,0.00469,-0.00107,0.04278,0.00217,0.41531,-0.03342,-0.00036,0.01122,-0.00479,-0.02056,-0.00515,0.08116,0.84636,0,-0.00054,-0.00152
0.4855,-0.42466,-0.00325,0.00477,-0.00107,0.04239,0.00218,0.41531,-0.03356,-0.00036,0.01160,-0.00477,-0.02033,-0.00513,0.08111,0.84638,0,-0.00054,-0.00152
0.4875,-0.42466,-0.00325,0.00486,-0.00106,0.04211,0.00218,0.41531,-0.03370,-0.00036,0.01198,-0.00475,-0.02022,-0.00511,0.08103,0.84636,0,-0.00054,-0.00152
0.4895,-0.42466,-0.00325,0.00494,-0.00106,0.04194,0.00218,0.41531,-0.03384,-0.00036,0.01235,-0.00473,-0.02025,-0.00510,0.08102,0.84635,0,-0.00054,-0.00152
0.4915,-0.42466,-0.00325,0.00503,-0.00106,0.04188,0.00218,0.41531,-0.03398,-0.00037,0.01273,-0.00471,-0.02040,-0.00508,0.08097,0.84631,0,-0.00054,-0.00152
0.4935,-0.42466,-0.00325,0.00511,-0.00105,0.04192,0.00218,0.41531,-0.03412,-0.00037,0.01311,-0.00469,-0.02068,-0.00506,0.08094,0.84630,0,-0.00054,-0.00152
0.4955,-0.42466,-0.00325,0.00519,-0.00105,0.04207,0.00218,0.41531,-0.03425,-0.00037,0.01348,-0.00467,-0.02084,-0.00504,0.08092,0.84632,0,-0.00054,-0.00152
0.4975,-0.42466,-0.00325,0.00528,-0.00104,0.04212,0.00219,0.41531,-0.03439,-0.00037,0.01386,-0.00465,-0.02086,-0.00502,0.08086,0.84629,0,-0.00054,-0.00152
0.4996,-0.42399,0.00255,0.00471,-0.00143,0.03995,0.00089,0.40721,-0.03453,-0.00037,0.01136,-0.00476,-0.02101,-0.00513,0.08076,0.84627,0,0.00220,-0.00188
0.5016,-0.42399,0.00255,0.00479,-0.00143,0.04000,0.00100,0.40721,-0.03467,-0.00037,0.01172,-0.00475,-0.02130,-0.00513,0.08076,0.84627,0,0.00220,-0.00188
0.5036,-0.42399,0.00255,0.00487,-0.00143,0.04016,0.00102,0.40721,-0.03481,-0.00037,0.01207,-0.00474,-0.02171,-0.00512,0.08071,0.84628,0,0.00220,-0.00188
0.5056,-0.42399,0.00255,0.00495,-0.00143,0.04043,0.00104,0.40721,-0.03495,-0.00038,0.01243,-0.00473,-0.02224,-0.00511,0.08064,0.84628,0,0.00220,-0.00188
0.5076,-0.42399,0.00255,0.00503,-0.00143,0.04080,0.00106,0.40721,-0.03508,-0.00038,0.01280,-0.00472,-0.02265,-0.00510,0.08058,0.84624,0,0.00220,-0.00188
0.5096,-0.42399,0.00255,0.00511,-0.00142,0.04107,0.00107,0.40721,-0.03522,-0.00038,0.01316,-0.00471,-0.02293,-0.00509,0.08059,0.84624,0,0.00220,-0.00188
0.5116,-0.42399,0.00255,0.00520,-0.00142,0.04122,0.00109,0.40721,-0.03536,-0.00038,0.01353,-0.00470,-0.02309,-0.00508,0.08053,0.84621,0,0.00220,-0.00188
0.5136,-0.42399,0.00255,0.00528,-0.00142,0.04126,0.00111,0.40721,-0.03550,-0.00038,0.01390,-0.00469,-0.02311,-0.00508,0.08037,0.84623,0,0.00220,-0.00188
0.5156,-0.42399,0.00255,0.00536,-0.00142,0.04119,0.00112,0.40721,-0.03564,-0.00038,0.01427,-0.00468,-0.02301,-0.00507,0.08036,0.84622,0,0.00220,-0.00188
0.5176,-0.42399,0.00255,0.00544,-0.00141,0.04101,0.00114,0.40721,-0.03578,-0.00039,0.01463,-0.00467,-0.02278,-0.00506,0.08033,0.84620,0,0.00220,-0.00188
0.5196,-0.42399,0.00255,0.00553,-0.00141,0.04072,0.00116,0.40721,-0.03591,-0.00039,0.01500,-0.00466,-0.02242,-0.00505,0.08023,0.84619,0,0.00220,-0.00188
0.5216,-0.42399,0.00255,0.00561,-0.00141,0.04032,0.00117,0.40721,-0.03605,-0.00039,0.01536,-0.00465,-0.02193,-0.00504,0.08013,0.84620,0,0.00220,-0.00188
0.5236,-0.42399,0.00255,0.00569,-0.00141,0.03981,0.00119,0.40721,-0.03619,-0.00039,0.01572,-0.00464,-0.02132,-0.00503,0.08012,0.84617,0,0.00220,-0.00188
0.5256,-0.42399,0.00255,0.00577,-0.00140,0.03919,0.00120,0.40721,-0.03633,-0.00039,0.01607,-0.00463,-0.02057,-0.00502,0.08008,0.84616,0,0.00220,-0.00188
0.5276,-0.42399,0.00255,0.00584,-0.00140,0.03845,0.00122,0.40721,-0.03647,-0.00039,0.01641,-0.00462,-0.01996,-0.00501,0.08005,0.84612,0,0.00220,-0.00188
0.5296,-0.42399,0.00255,0.00592,-0.00140,0.03783,0.00123,0.40721,-0.03661,-0.00039,0.01675,-0.00461,-0.01947,-0.00500,0.08001,0.84614,0,0.00220,-0.00188
0.5316,-0.42399,0.00255,0.00600,-0.00140,0.03731,0.00125,0.40721,-0.03675,-0.00040,0.01709,-0.00460,-0.01911,-0.00499,0.08006,0.84614,0,0.00220,-0.00188
0.5336,-0.42399,0.00255,0.00607,-0.00140,0.03690,0.00126,0.40721,-0.03688,-0.00040,0.01742,-0.00458,-0.01888,-0.00498,0.07998,0.84612,0,0.00220,-0.00188
0.5356,-0.42399,0.00255,0.00614,-0.00139,0.03660,0.00128,0.40721,-0.03702,-0.00040,0.01774,-0.00457,-0.01878,-0.00497,0.07997,0.84612,0,0.00220,-0.00188
0.5376,-0.42399,0.00255,0.00622,-0.00139,0.03641,0.00129,0.40721,-0.03716,-0.00040,0.01806,-0.00456,-0.01881,-0.00496,0.07992,0.84611,0,0.00220,-0.00188
0.5396,-0.42399,0.00255,0.00629,-0.00139,0.03633,0.00131,0.40721,-0.03730,-0.00040,0.01839,-0.00455,-0.01891,-0.00495,0.07990,0.84608,0,0.00220,-0.00188
0.5416,-0.42399,0.00255,0.00636,-0.00138,0.03631,0.00132,0.40721,-0.03744,-0.00040,0.01871,-0.00454,-0.01889,-0.00494,0.07989,0.84607,0,0.00220,-0.00188
0.5436,-0.42399,0.00255,0.00643,-0.00138,0.03618,0.00134,0.40721,-0.03758,-0.00040,0.01903,-0.00452,-0.01874,-0.00493,0.07983,0.84607,0,0.00220,-0.00188
0.5456,-0.42399,0.00255,0.00651,-0.00138,0.03595,0.00135,0.40721,-0.03771,-0.00041,0.01935,-0.00451,-0.01847,-0.00492,0.07977,0.84603,0,0.00220,-0.00188
0.5476,-0.42399,0.00255,0.00658,-0.00138,0.03560,0.00136,0.40721,-0.03785,-0.00041,0.01966,-0.00450,-0.01819,-0.00491,0.07978,0.84604,0,0.00220,-0.00188
0.5496,-0.42399,0.00255,0.00665,-0.00137,0.03525,0.00138,0.40721,-0.03799,-0.00041,0.01997,-0.00449,-0.01802,-0.00489,0.07970,0.84601,0,0.00220,-0.00188
0.5516,-0.42399,0.00255,0.00672,-0.00137,0.03499,0.00139,0.40721,-0.03813,-0.00041,0.02028,-0.00447,-0.01785,-0.00488,0.07971,0.84604,0,0.00220,-0.00188
0.5536,-0.42399,0.00255,0.00679,-0.00137,0.03473,0.00140,0.40721,-0.03827,-0.00041,0.02059,-0.00446,-0.01768,-0.00487,0.07966,0.84605,0,0.00220,-0.00188
0.5556,-0.42399,0.00255,0.00686,-0.00137,0.03447,0.00142,0.40721,-0.03841,-0.00041,0.02089,-0.00445,-0.01751,-0.00486,0.07956,0.84601,0,0.00220,-0.00188
0.5576,-0.42399,0.00255,0.00693,-0.00136,0.03421,0.00143,0.40721,-0.03854,-0.00042,0.02119,-0.00443,-0.01735,-0.00485,0.07958,0.84598,0,0.00220,-0.00188
0.5596,-0.42399,0.00255,0.00699,-0.00136,0.03396,0.00144,0.40721,-0.03868,-0.00042,0.02149,-0.00442,-0.01719,-0.00484,0.07947,0.84598,0,0.00220,-0.00188
0.5616,-0.42399,0.00255,0.00706,-0.00136,0.03370,0.00145,0.40721,-0.03882,-0.00042,0.02179,-0.00441,-0.01703,-0.00482,0.07947,0.84597,0,0.00220,-0.00188
0.5636,-0.42399,0.00255,0.00713,-0.00135,0.03345,0.00147,0.40721,-0.03896,-0.00042,0.02208,-0.00439,-0.01688,-0.00481,0.07940,0.84599,0,0.00220,-0.00188
0.5656,-0.42399,0.00255,0.00720,-0.00135,0.03319,0.00148,0.40721,-0.03910,-0.00042,0.02238,-0.00438,-0.01672,-0.00480,0.07938,0.84600,0,0.00220,-0.00188
0.5676,-0.42399,0.00255,0.00726,-0.00135,0.03294,0.00149,0.40721,-0.03924,-0.00042,0.02266,-0.00437,-0.01657,-0.00479,0.07934,0.84595,0,0.00220,-0.00188
0.5696,-0.42681,0.00198,0.00665,-0.00134,0.02998,0.00152,0.39823,-0.03938,-0.00042,0.01891,-0.00450,-0.01655,-0.00490,0.07922,0.84594,0,0.00461,-0.00139
0.5716,-0.42681,0.00198,0.00671,-0.00134,0.02985,0.00164,0.39823,-0.03951,-0.00043,0.01917,-0.00449,-0.01665,-0.00491,0.07922,0.84594,0,0.00461,-0.00139
0.5737,-0.42681,0.00198,0.00677,-0.00133,0.02983,0.00167,0.39823,-0.03965,-0.00043,0.01942,-0.00447,-0.01689,-0.00490,0.07922,0.84595,0,0.00461,-0.00139
0.5757,-0.42681,0.00198,0.00683,-0.00133,0.02991,0.00168,0.39823,-0.03979,-0.00043,0.01968,-0.00446,-0.01725,-0.00489,0.07920,0.84594,0,0.00461,-0.00139
0.5777,-0.42681,0.00198,0.00689,-0.00133,0.03011,0.00169,0.39823,-0.03993,-0.00043,0.01994,-0.00444,-0.01774,-0.00487,0.07921,0.84592,0,0.00461,-0.00139
0.5797,-0.42681,0.00198,0.00695,-0.00132,0.03041,0.00170,0.39823,-0.04007,-0.00043,0.02020,-0.00443,-0.01835,-0.00486,0.07918,0.84591,0,0.00461,-0.00139
0.5817,-0.42681,0.00198,0.00701,-0.00132,0.03082,0.00171,0.39823,-0.04021,-0.00043,0.02047,-0.00441,-0.01910,-0.00484,0.07917,0.84590,0,0.00461,-0.00139
0.5837,-0.42681,0.00198,0.00707,-0.00132,0.03133,0.00172,0.39823,-0.04035,-0.00043,0.02074,-0.00439,-0.01972,-0.00483,0.07914,0.84591,0,0.00461,-0.00139
0.5857,-0.42681,0.00198,0.00714,-0.00131,0.03174,0.00173,0.39823,-0.04048,-0.00044,0.02101,-0.00438,-0.02021,-0.00481,0.07903,0.84586,0,0.00461,-0.00139
0.5877,-0.42681,0.00198,0.00720,-0.00131,0.03204,0.00174,0.39823,-0.04062,-0.00044,0.02129,-0.00436,-0.02057,-0.00480,0.07902,0.84591,0,0.00461,-0.00139
0.5897,-0.42681,0.00198,0.00727,-0.00131,0.03223,0.00175,0.39823,-0.04076,-0.00044,0.02157,-0.00434,-0.02080,-0.00478,0.07900,0.84588,0,0.00461,-0.00139
0.5917,-0.42681,0.00198,0.00733,-0.00130,0.03230,0.00176,0.39823,-0.04090,-0.00044,0.02185,-0.00433,-0.02091,-0.00477,0.07896,0.84589,0,0.00461,-0.00139
0.5937,-0.42681,0.00198,0.00739,-0.00130,0.03227,0.00177,0.39823,-0.04104,-0.00044,0.02213,-0.00431,-0.02088,-0.00475,0.07890,0.84586,0,0.00461,-0.00139
0.5957,-0.42681,0.00198,0.00746,-0.00130,0.03212,0.00178,0.39823,-0.04118,-0.00044,0.02241,-0.00430,-0.02073,-0.00474,0.07879,0.84587,0,0.00461,-0.00139
0.5977,-0.42681,0.00198,0.00752,-0.00129,0.03187,0.00179,0.39823,-0.04131,-0.00044,0.02269,-0.00428,-0.02045,-0.00472,0.07878,0.84587,0,0.00461,-0.00139
0.5997,-0.42681,0.00198,0.00759,-0.00129,0.03150,0.00179,0.39823,-0.04145,-0.00045,0.02296,-0.00426,-0.02005,-0.00471,0.07878,0.84586,0,0.00461,-0.00139
0.6017,-0.42681,0.00198,0.00765,-0.00129,0.03103,0.00180,0.39823,-0.04159,-0.00045,0.02323,-0.00425,-0.01951,-0.00469,0.07872,0.84585,0,0.00461,-0.00139
0.6037,-0.42681,0.00198,0.00771,-0.00128,0.03044,0.00181,0.39823,-0.04173,-0.00045,0.02350,-0.00423,-0.01885,-0.00468,0.07868,0.84579,0,0.00461,-0.00139
0.6057,-0.42681,0.00198,0.00777,-0.00128,0.02974,0.00182,0.39823,-0.04187,-0.00045,0.02376,-0.00421,-0.01811,-0.00466,0.07862,0.84580,0,0.00461,-0.00139
0.6077,-0.42681,0.00198,0.00783,-0.00127,0.02898,0.00183,0.39823,-0.04201,-0.00045,0.02401,-0.00419,-0.01750,-0.00465,0.07861,0.84579,0,0.00461,-0.00139
0.6097,-0.42681,0.00198,0.00789,-0.00127,0.02832,0.00184,0.39823,-0.04215,-0.00045,0.02426,-0.00418,-0.01701,-0.00463,0.07857,0.84581,0,0.00461,-0.00139
0.6117,-0.42681,0.00198,0.00794,-0.00127,0.02778,0.00184,0.39823,-0.04228,-0.00046,0.02450,-0.00416,-0.01666,-0.00462,0.07858,0.84580,0,0.00461,-0.00139
0.6137,-0.42681,0.00198,0.00800,-0.00126,0.02734,0.00185,0.39823,-0.04242,-0.00046,0.02473,-0.00414,-0.01643,-0.00460,0.07854,0.84579,0,0.00461,-0.00139
0.6157,-0.42681,0.00198,0.00805,-0.00126,0.02701,0.00186,0.39823,-0.04256,-0.00046,0.02496,-0.00413,-0.01633,-0.00458,0.07853,0.84578,0,0.00461,-0.00139
0.6177,-0.42681,0.00198,0.00811,-0.00126,0.02679,0.00187,0.39823,-0.04270,-0.00046,0.02519,-0.00411,-0.01636,-0.00457,0.07847,0.84578,0,0.00461,-0.00139
0.6197,-0.42681,0.00198,0.00816,-0.00125,0.02667,0.00187,0.39823,-0.04284,-0.00046,0.02542,-0.00409,-0.01652,-0.00455,0.07849,0.84576,0,0.00461,-0.00139
0.6217,-0.42681,0.00198,0.00821,-0.00125,0.02667,0.00188,0.39823,-0.04298,-0.00046,0.02565,-0.00407,-0.01680,-0.00454,0.07846,0.84571,0,0.00461,-0.00139
0.6237,-0.42681,0.00198,0.00827,-0.00125,0.02677,0.00189,0.39823,-0.04311,-0.00046,0.02587,-0.00406,-0.01721,-0.00452,0.07845,0.84569,0,0.00461,-0.00139
0.6257,-0.42681,0.00198,0.00832,-0.00124,0.02699,0.00190,0.39823,-0.04325,-0.00047,0.02610,-0.00404,-0.01750,-0.00450,0.07841,0.84573,0,0.00461,-0.00139
0.6278,-0.42681,0.00198,0.00837,-0.00124,0.02709,0.00190,0.39823,-0.04339,-0.00047,0.02633,-0.00402,-0.01765,-0.00449,0.07838,0.84571,0,0.00461,-0.00139
0.6298,-0.42681,0.00198,0.00843,-0.00123,0.02708,0.00191,0.39823,-0.04353,-0.00047,0.02656,-0.00400,-0.01768,-0.00447,0.07832,0.84569,0,0.00461,-0.00139
0.6318,-0.42681,0.00198,0.00848,-0.00123,0.02696,0.00192,0.39823,-0.04367,-0.00047,0.02679,-0.00399,-0.01758,-0.00446,0.07829,0.84569,0,0.00461,-0.00139
0.6338,-0.42681,0.00198,0.00854,-0.00123,0.02673,0.00192,0.39823,-0.04381,-0.00047,0.02702,-0.00397,-0.01735,-0.00444,0.07821,0.84567,0,0.00461,-0.00139
0.6358,-0.43050,0.00086,0.00877,-0.00077,0.02717,0.00348,0.38975,-0.04395,-0.00047,0.02700,-0.00214,-0.01700,-0.00430,0.07814,0.84564,0,0.00780,-0.00044
0.6378,-0.43050,0.00086,0.00883,-0.00076,0.02672,0.00337,0.38975,-0.04409,-0.00047,0.02723,-0.00211,-0.01677,-0.00402,0.07814,0.84564,0,0.00780,-0.00044
0.6398,-0.43050,0.00086,0.00888,-0.00075,0.02638,0.00315,0.38975,-0.04422,-0.00048,0.02745,-0.00207,-0.01667,-0.00362,0.07808,0.84562,0,0.00780,-0.00044
0.6418,-0.43050,0.00086,0.00893,-0.00075,0.02614,0.00282,0.38975,-0.04436,-0.00048,0.02767,-0.00205,-0.01669,-0.00309,0.07806,0.84564,0,0.00780,-0.00044
0.6438,-0.43050,0.00086,0.00898,-0.00074,0.02601,0.00238,0.38975,-0.04450,-0.00048,0.02789,-0.00202,-0.01661,-0.00250,0.07804,0.84564,0,0.00780,-0.00044
0.6458,-0.43050,0.00086,0.00903,-0.00074,0.02579,0.00189,0.38975,-0.04464,-0.00048,0.02811,-0.00200,-0.01653,-0.00204,0.07803,0.84562,0,0.00780,-0.00044
0.6478,-0.43050,0.00086,0.00909,-0.00074,0.02557,0.00150,0.38975,-0.04478,-0.00048,0.02833,-0.00199,-0.01645,-0.00170,0.07793,0.84561,0,0.00780,-0.00044
0.6498,-0.43050,0.00086,0.00914,-0.00073,0.02535,0.00123,0.38975,-0.04492,-0.00048,0.02854,-0.00197,-0.01638,-0.00149,0.07791,0.84561,0,0.00780,-0.00044
0.6518,-0.43050,0.00086,0.00919,-0.00073,0.02513,0.00106,0.38975,-0.04506,-0.00049,0.02875,-0.00196,-0.01630,-0.00141,0.07789,0.84560,0,0.00780,-0.00044
0.6538,-0.43050,0.00086,0.00924,-0.00073,0.02491,0.00100,0.38975,-0.04519,-0.00049,0.02896,-0.00195,-0.01623,-0.00146,0.07784,0.84558,0,0.00780,-0.00044
0.6558,-0.43050,0.00086,0.00929,-0.00073,0.02469,0.00106,0.38975,-0.04533,-0.00049,0.02917,-0.00195,-0.01616,-0.00164,0.07782,0.84561,0,0.00780,-0.00044
0.6578,-0.43050,0.00086,0.00934,-0.00072,0.02448,0.00122,0.38975,-0.04547,-0.00049,0.02937,-0.00193,-0.01610,-0.00194,0.07784,0.84559,0,0.00780,-0.00044
0.6598,-0.43050,0.00086,0.00939,-0.00072,0.02426,0.00149,0.38975,-0.04561,-0.00049,0.02958,-0.00192,-0.01603,-0.00237,0.07776,0.84557,0,0.00780,-0.00044
0.6618,-0.43050,0.00086,0.00943,-0.00072,0.02405,0.00187,0.38975,-0.04575,-0.00049,0.02978,-0.00191,-0.01597,-0.00268,0.07772,0.84564,0,0.00780,-0.00044
0.6638,-0.43050,0.00086,0.00948,-0.00071,0.02384,0.00215,0.38975,-0.04589,-0.00049,0.02998,-0.00189,-0.01591,-0.00285,0.07775,0.84562,0,0.00780,-0.00044
0.6658,-0.43050,0.00086,0.00953,-0.00071,0.02362,0.00231,0.38975,-0.04602,-0.00050,0.03017,-0.00187,-0.01585,-0.00290,0.07771,0.84557,0,0.00780,-0.00044
0.6678,-0.43050,0.00086,0.00958,-0.00070,0.02341,0.00236,0.38975,-0.04616,-0.00050,0.03037,-0.00185,-0.01579,-0.00282,0.07773,0.84559,0,0.00780,-0.00044
0.6698,-0.43050,0.00086,0.00962,-0.00070,0.02320,0.00230,0.38975,-0.04630,-0.00050,0.03056,-0.00182,-0.01574,-0.00261,0.07767,0.84555,0,0.00780,-0.00044
0.6718,-0.43050,0.00086,0.00967,-0.00070,0.02299,0.00214,0.38975,-0.04644,-0.00050,0.03075,-0.00180,-0.01569,-0.00230,0.07762,0.84552,0,0.00780,-0.00044
0.6738,-0.43050,0.00086,0.00971,-0.00069,0.02279,0.00188,0.38975,-0.04658,-0.00050,0.03094,-0.00178,-0.01564,-0.00212,0.07760,0.84549,0,0.00780,-0.00044
0.6758,-0.43050,0.00086,0.00976,-0.00069,0.02258,0.00174,0.38975,-0.04671,-0.00050,0.03113,-0.00177,-0.01559,-0.00207,0.07758,0.84551,0,0.00780,-0.00044
0.6778,-0.43050,0.00086,0.00980,-0.00068,0.02237,0.00170,0.38975,-0.04685,-0.00050,0.03131,-0.00175,-0.01554,-0.00214,0.07751,0.84549,0,0.00780,-0.00044
0.6798,-0.43050,0.00086,0.00985,-0.00068,0.02217,0.00178,0.38975,-0.04699,-0.00051,0.03149,-0.00174,-0.01550,-0.00224,0.07744,0.84553,0,0.00780,-0.00044
0.6818,-0.43050,0.00086,0.00989,-0.00068,0.02197,0.00188,0.38975,-0.04713,-0.00051,0.03167,-0.00172,-0.01546,-0.00223,0.07743,0.84553,0,0.00780,-0.00044
0.6838,-0.43050,0.00086,0.00994,-0.00067,0.02176,0.00187,0.38975,-0.04727,-0.00051,0.03185,-0.00170,-0.01542,-0.00221,0.07743,0.84553,0,0.00780,-0.00044
0.6858,-0.43050,0.00086,0.00998,-0.00067,0.02156,0.00187,0.38975,-0.04741,-0.00051,0.03203,-0.00168,-0.01538,-0.00219,0.07733,0.84547,0,0.00780,-0.00044
0.6878,-0.43050,0.00086,0.01002,-0.00067,0.02136,0.00187,0.38975,-0.04754,-0.00051,0.03220,-0.00167,-0.01534,-0.00218,0.07729,0.84550,0,0.00780,-0.00044
0.6898,-0.43050,0.00086,0.01007,-0.00066,0.02116,0.00187,0.38975,-0.04768,-0.00051,0.03237,-0.00165,-0.01531,-0.00216,0.07725,0.84550,0,0.00780,-0.00044
0.6918,-0.43050,0.00086,0.01011,-0.00066,0.02096,0.00186,0.38975,-0.04782,-0.00051,0.03255,-0.00163,-0.01528,-0.00215,0.07717,0.84549,0,0.00780,-0.00044
0.6938,-0.43050,0.00086,0.01015,-0.00066,0.02076,0.00186,0.38975,-0.04796,-0.00052,0.03271,-0.00161,-0.01525,-0.00213,0.07720,0.84546,0,0.00780,-0.00044
0.6958,-0.43050,0.00086,0.01019,-0.00065,0.02057,0.00186,0.38975,-0.04810,-0.00052,0.03288,-0.00160,-0.01522,-0.00211,0.07716,0.84546,0,0.00780,-0.00044
0.6978,-0.43050,0.00086,0.01023,-0.00065,0.02037,0.00186,0.38975,-0.04824,-0.00052,0.03304,-0.00158,-0.01519,-0.00210,0.07715,0.84547,0,0.00780,-0.00044
0.6998,-0.43050,0.00086,0.01027,-0.00064,0.02018,0.00185,0.38975,-0.04837,-0.00052,0.03321,-0.00156,-0.01517,-0.00208,0.07710,0.84545,0,0.00780,-0.00044
0.7018,-0.43344,-0.00022,0.01074,0.00000,0.02141,0.00438,0.38384,-0.04851,-0.00052,0.03450,0.00117,-0.01501,-0.00194,0.07704,0.84546,0,0.01025,0.00048
0.7038,-0.43344,-0.00022,0.01078,0.00001,0.02109,0.00425,0.38384,-0.04865,-0.00052,0.03467,0.00121,-0.01473,-0.00167,0.07704,0.84546,0,0.01025,0.00048
0.7058,-0.43344,-0.00022,0.01082,0.00002,0.02067,0.00402,0.38384,-0.04879,-0.00053,0.03484,0.00125,-0.01433,-0.00127,0.07703,0.84545,0,0.01025,0.00048
0.7078,-0.43344,-0.00022,0.01086,0.00003,0.02014,0.00368,0.38384,-0.04893,-0.00053,0.03500,0.00128,-0.01392,-0.00074,0.07695,0.84545,0,0.01025,0.00048
0.7098,-0.43344,-0.00022,0.01090,0.00003,0.01962,0.00323,0.38384,-0.04907,-0.00053,0.03516,0.00132,-0.01365,-0.00008,0.07699,0.84544,0,0.01025,0.00048
0.7118,-0.43344,-0.00022,0.01094,0.00004,0.01920,0.00267,0.38384,-0.04920,-0.00053,0.03532,0.00134,-0.01351,0.00070,0.07693,0.84541,0,0.01025,0.00048
0.7138,-0.43344,-0.00022,0.01098,0.00004,0.01889,0.00199,0.38384,-0.04934,-0.00053,0.03547,0.00137,-0.01349,0.00136,0.07697,0.84543,0,0.01025,0.00048
0.7158,-0.43344,-0.00022,0.01102,0.00005,0.01869,0.00143,0.38384,-0.04948,-0.00053,0.03561,0.00138,-0.01360,0.00188,0.07684,0.84539,0,0.01025,0.00048
0.7178,-0.43344,-0.00022,0.01106,0.00005,0.01860,0.00098,0.38384,-0.04962,-0.00053,0.03576,0.00139,-0.01384,0.00228,0.07683,0.84544,0,0.01025,0.00048
0.7198,-0.43344,-0.00022,0.01109,0.00005,0.01862,0.00064,0.38384,-0.04976,-0.00054,0.03591,0.00140,-0.01395,0.00255,0.07684,0.84544,0,0.01025,0.00048
0.7218,-0.43344,-0.00022,0.01113,0.00005,0.01853,0.00041,0.38384,-0.04990,-0.00054,0.03605,0.00141,-0.01393,0.00270,0.07677,0.84545,0,0.01025,0.00048
0.7238,-0.43344,-0.00022,0.01117,0.00005,0.01832,0.00028,0.38384,-0.05003,-0.00054,0.03620,0.00141,-0.01384,0.00271,0.07677,0.84547,0,0.01025,0.00048
0.7258,-0.43344,-0.00022,0.01120,0.00005,0.01805,0.00027,0.38384,-0.05017,-0.00054,0.03634,0.00141,-0.01383,0.00260,0.07674,0.84547,0,0.01025,0.00048
0.7278,-0.43344,-0.00022,0.01124,0.00005,0.01786,0.00036,0.38384,-0.05031,-0.00054,0.03648,0.00141,-0.01383,0.00236,0.07669,0.84551,0,0.01025,0.00048
0.7298,-0.43344,-0.00022,0.01127,0.00006,0.01767,0.00057,0.38384,-0.05045,-0.00054,0.03662,0.00142,-0.01383,0.00199,0.07664,0.84548,0,0.01025,0.00048
0.7318,-0.43344,-0.00022,0.01131,0.00006,0.01748,0.00088,0.38384,-0.05059,-0.00054,0.03675,0.00142,-0.01384,0.00150,0.07660,0.84548,0,0.01025,0.00048
0.7338,-0.43344,-0.00022,0.01134,0.00006,0.01729,0.00130,0.38384,-0.05073,-0.00055,0.03689,0.00143,-0.01384,0.00089,0.07654,0.84549,0,0.01025,0.00048
0.7358,-0.43344,-0.00022,0.01138,0.00006,0.01711,0.00182,0.38384,-0.05086,-0.00055,0.03702,0.00145,-0.01385,0.00041,0.07651,0.84551,0,0.01025,0.00048
0.7378,-0.43344,-0.00022,0.01141,0.00007,0.01692,0.00223,0.38384,-0.05100,-0.00055,0.03715,0.00147,-0.01385,0.00005,0.07650,0.84552,0,0.01025,0.00048
0.7398,-0.43344,-0.00022,0.01145,0.00007,0.01674,0.00253,0.38384,-0.05114,-0.00055,0.03728,0.00149,-0.01386,-0.00017,0.07645,0.84548,0,0.01025,0.00048
0.7418,-0.43344,-0.00022,0.01148,0.00008,0.01655,0.00273,0.38384,-0.05128,-0.00055,0.03740,0.00151,-0.01388,-0.00027,0.07646,0.84551,0,0.01025,0.00048
0.7438,-0.43344,-0.00022,0.01151,0.00008,0.01637,0.00281,0.38384,-0.05142,-0.00055,0.03753,0.00154,-0.01389,-0.00024,0.07641,0.84549,0,0.01025,0.00048
0.7458,-0.43344,-0.00022,0.01155,0.00009,0.01619,0.00278,0.38384,-0.05156,-0.00056,0.03765,0.00157,-0.01390,-0.00008,0.07638,0.84551,0,0.01025,0.00048
0.7478,-0.43344,-0.00022,0.01158,0.00009,0.01600,0.00264,0.38384,-0.05169,-0.00056,0.03777,0.00159,-0.01392,0.00021,0.07643,0.84548,0,0.01025,0.00048
0.7498,-0.43344,-0.00022,0.01161,0.00010,0.01582,0.00240,0.38384,-0.05183,-0.00056,0.03789,0.00161,-0.01394,0.00062,0.07637,0.84544,0,0.01025,0.00048
0.7518,-0.43344,-0.00022,0.01164,0.00010,0.01565,0.00204,0.38384,-0.05197,-0.00056,0.03801,0.00164,-0.01396,0.00108,0.07636,0.84548,0,0.01025,0.00048
0.7538,-0.43344,-0.00022,0.01167,0.00011,0.01547,0.00165,0.38384,-0.05211,-0.00056,0.03813,0.00165,-0.01398,0.00140,0.07629,0.84545,0,0.01025,0.00048
0.7558,-0.43344,-0.00022,0.01170,0.00011,0.01529,0.00137,0.38384,-0.05225,-0.00056,0.03824,0.00167,-0.01401,0.00160,0.07629,0.84553,0,0.01025,0.00048
0.7578,-0.43344,-0.00022,0.01173,0.00011,0.01511,0.00120,0.38384,-0.05239,-0.00056,0.03835,0.00168,-0.01403,0.00167,0.07629,0.84549,0,0.01025,0.00048
0.7598,-0.43344,-0.00022,0.01176,0.00011,0.01494,0.00113,0.38384,-0.05252,-0.00057,0.03846,0.00169,-0.01406,0.00162,0.07625,0.84551,0,0.01025,0.00048
0.7619,-0.43344,-0.00022,0.01179,0.00012,0.01476,0.00118,0.38384,-0.05266,-0.00057,0.03857,0.00170,-0.01409,0.00143,0.07623,0.84553,0,0.01025,0.00048
0.7639,-0.41501,0.00020,0.01226,-0.00008,0.01607,0.00041,0.37283,-0.05280,-0.00057,0.04629,0.00092,-0.01399,0.00112,0.07617,0.84555,0,0.01203,-0.00031
0.7659,-0.41501,0.00020,0.01229,-0.00008,0.01578,0.00068,0.37283,-0.05294,-0.00057,0.04641,0.00092,-0.01377,0.00068,0.07617,0.84555,0,0.01203,-0.00031
0.7679,-0.41501,0.00020,0.01233,-0.00007,0.01538,0.00106,0.37283,-0.05308,-0.00057,0.04652,0.00093,-0.01341,0.00036,0.07618,0.84555,0,0.01203,-0.00031
0.7699,-0.41501,0.00020,0.01236,-0.00007,0.01487,0.00133,0.37283,-0.05322,-0.00057,0.04663,0.00094,-0.01293,0.00016,0.07612,0.84553,0,0.01203,-0.00031
0.7719,-0.41501,0.00020,0.01238,-0.00007,0.01425,0.00150,0.37283,-0.05335,-0.00057,0.04674,0.00095,-0.01232,0.00010,0.07611,0.84555,0,0.01203,-0.00031
0.7739,-0.41501,0.00020,0.01241,-0.00007,0.01352,0.00155,0.37283,-0.05349,-0.00058,0.04684,0.00097,-0.01158,0.00016,0.07604,0.84553,0,0.01203,-0.00031
0.7759,-0.41501,0.00020,0.01244,-0.00006,0.01268,0.00150,0.37283,-0.05363,-0.00058,0.04693,0.00098,-0.01071,0.00036,0.07606,0.84557,0,0.01203,-0.00031
0.7779,-0.41501,0.00020,0.01246,-0.00006,0.01173,0.00134,0.37283,-0.05377,-0.00058,0.04701,0.00099,-0.00972,0.00042,0.07604,0.84555,0,0.01203,-0.00031
0.7799,-0.41501,0.00020,0.01249,-0.00006,0.01067,0.00128,0.37283,-0.05391,-0.00058,0.04709,0.00101,-0.00860,0.00043,0.07600,0.84552,0,0.01203,-0.00031
0.7819,-0.41501,0.00020,0.01251,-0.00005,0.00950,0.00128,0.37283,-0.05405,-0.00058,0.04715,0.00102,-0.00735,0.00044,0.07601,0.84551,0,0.01203,-0.00031
0.7839,-0.41501,0.00020,0.01252,-0.00005,0.00822,0.00127,0.37283,-0.05418,-0.00058,0.04720,0.00103,-0.00622,0.00045,0.07599,0.84550,0,0.01203,-0.00031
0.7859,-0.41501,0.00020,0.01254,-0.00005,0.00705,0.00126,0.37283,-0.05432,-0.00058,0.04724,0.00104,-0.00523,0.00046,0.07597,0.84553,0,0.01203,-0.00031
0.7879,-0.41501,0.00020,0.01255,-0.00005,0.00599,0.00125,0.37283,-0.05446,-0.00059,0.04727,0.00105,-0.00436,0.00047,0.07603,0.84550,0,0.01203,-0.00031
0.7899,-0.41501,0.00020,0.01256,-0.00004,0.00504,0.00125,0.37283,-0.05460,-0.00059,0.04729,0.00106,-0.00362,0.00048,0.07603,0.84551,0,0.01203,-0.00031
0.7919,-0.41501,0.00020,0.01257,-0.00004,0.00420,0.00124,0.37283,-0.05474,-0.00059,0.04730,0.00108,-0.00301,0.00049,0.07600,0.84554,0,0.01203,-0.00031
0.7939,-0.41501,0.00020,0.01258,-0.00004,0.00347,0.00123,0.37283,-0.05488,-0.00059,0.04730,0.00109,-0.00253,0.00050,0.07599,0.84554,0,0.01203,-0.00031
0.7959,-0.41501,0.00020,0.01259,-0.00004,0.00284,0.00122,0.37283,-0.05501,-0.00059,0.04730,0.00110,-0.00218,0.00051,0.07602,0.84551,0,0.01203,-0.00031
0.7979,-0.41501,0.00020,0.01259,-0.00003,0.00233,0.00122,0.37283,-0.05515,-0.00059,0.04729,0.00111,-0.00195,0.00052,0.07606,0.84551,0,0.01203,-0.00031
0.7999,-0.41501,0.00020,0.01260,-0.00003,0.00192,0.00121,0.37283,-0.05529,-0.00060,0.04728,0.00112,-0.00185,0.00052,0.07599,0.84554,0,0.01203,-0.00031
0.8019,-0.41501,0.00020,0.01260,-0.00003,0.00163,0.00120,0.37283,-0.05543,-0.00060,0.04726,0.00113,-0.00188,0.00053,0.07605,0.84554,0,0.01203,-0.00031
0.8039,-0.41501,0.00020,0.01260,-0.00003,0.00144,0.00119,0.37283,-0.05557,-0.00060,0.04724,0.00114,-0.00204,0.00054,0.07601,0.84558,0,0.01203,-0.00031
0.8059,-0.41501,0.00020,0.01261,-0.00002,0.00137,0.00118,0.37283,-0.05571,-0.00060,0.04722,0.00115,-0.00232,0.00055,0.07601,0.84558,0,0.01203,-0.00031
0.8079,-0.41501,0.00020,0.01261,-0.00002,0.00140,0.00118,0.37283,-0.05584,-0.00060,0.04720,0.00116,-0.00274,0.00056,0.07596,0.84558,0,0.01203,-0.00031
0.8099,-0.41501,0.00020,0.01261,-0.00002,0.00154,0.00117,0.37283,-0.05598,-0.00060,0.04718,0.00117,-0.00328,0.00057,0.07598,0.84556,0,0.01203,-0.00031
0.8119,-0.41501,0.00020,0.01261,-0.00002,0.00179,0.00116,0.37283,-0.05612,-0.00060,0.04717,0.00119,-0.00395,0.00058,0.07600,0.84551,0,0.01203,-0.00031
0.8139,-0.41501,0.00020,0.01262,-0.00002,0.00215,0.00115,0.37283,-0.05626,-0.00061,0.04715,0.00120,-0.00474,0.00059,0.07600,0.84551,0,0.01203,-0.00031
0.8159,-0.41501,0.00020,0.01262,-0.00001,0.00262,0.00115,0.37283,-0.05640,-0.00061,0.04714,0.00121,-0.00567,0.00060,0.07593,0.84554,0,0.01203,-0.00031
0.8179,-0.41501,0.00020,0.01263,-0.00001,0.00320,0.00114,0.37283,-0.05654,-0.00061,0.04713,0.00122,-0.00672,0.00061,0.07593,0.84554,0,0.01203,-0.00031
0.8199,-0.41501,0.00020,0.01264,-0.00001,0.00389,0.00113,0.37283,-0.05667,-0.00061,0.04713,0.00123,-0.00791,0.00062,0.07591,0.84557,0,0.01203,-0.00031
0.8219,-0.41501,0.00020,0.01264,-0.00001,0.00469,0.00112,0.37283,-0.05681,-0.00061,0.04714,0.00124,-0.00921,0.00063,0.07591,0.84557,0,0.01203,-0.00031
0.8239,-0.41501,0.00020,0.01265,-0.00000,0.00559,0.00112,0.37283,-0.05695,-0.00061,0.04715,0.00125,-0.01040,0.00063,0.07581,0.84560,0,0.01203,-0.00031
0.8259,-0.41501,0.00020,0.01267,-0.00000,0.00639,0.00111,0.37283,-0.05709,-0.00061,0.04718,0.00126,-0.01145,0.00064,0.07585,0.84560,0,0.01203,-0.00031
0.8279,-0.41501,0.00020,0.01268,0.00000,0.00708,0.00110,0.37283,-0.05723,-0.00062,0.04720,0.00127,-0.01238,0.00065,0.07568,0.84557,0,0.01203,-0.00031
0.8299,-0.41501,0.00020,0.01269,0.00000,0.00766,0.00109,0.37283,-0.05737,-0.00062,0.04724,0.00128,-0.01317,0.00066,0.07568,0.84557,0,0.01203,-0.00031
0.8319,-0.41501,0.00020,0.01271,0.00000,0.00813,0.00109,0.37283,-0.05751,-0.00062,0.04728,0.00129,-0.01384,0.00067,0.07573,0.84558,0,0.01203,-0.00031
0.8339,-0.41501,0.00020,0.01273,0.00001,0.00848,0.00108,0.37283,-0.05765,-0.00062,0.04732,0.00130,-0.01438,0.00068,0.07562,0.84559,0,0.01203,-0.00031
0.8360,-0.41501,0.00020,0.01274,0.00001,0.00873,0.00107,0.36698,-0.05779,-0.00062,0.04737,0.00131,-0.01480,0.00069,0.07560,0.84561,0,0.01217,-0.00030
0.8380,-0.41521,0.00019,0.01250,-0.00013,0.00736,0.00059,0.36698,-0.05793,-0.00062,0.04613,0.00065,-0.01508,0.00057,0.07557,0.84558,0,0.01217,-0.00030
0.8400,-0.41521,0.00019,0.01252,-0.00013,0.00739,0.00069,0.36698,-0.05806,-0.00063,0.04616,0.00065,-0.01524,0.00032,0.07557,0.84558,0,0.01217,-0.00030
0.8420,-0.41521,0.00019,0.01253,-0.00013,0.00732,0.00091,0.36698,-0.05820,-0.00063,0.04620,0.00066,-0.01527,0.00003,0.07549,0.84557,0,0.01217,-0.00030
0.8440,-0.41521,0.00019,0.01255,-0.00012,0.00713,0.00115,0.36698,-0.05834,-0.00063,0.04623,0.00067,-0.01517,-0.00012,0.07549,0.84558,0,0.01217,-0.00030
0.8460,-0.41521,0.00019,0.01256,-0.00012,0.00684,0.00129,0.36698,-0.05848,-0.00063,0.04626,0.00068,-0.01494,-0.00015,0.07544,0.84562,0,0.01217,-0.00030
0.8480,-0.41521,0.00019,0.01257,-0.00012,0.00643,0.00131,0.36698,-0.05862,-0.00063,0.04629,0.00069,-0.01459,-0.00005,0.07545,0.84559,0,0.01217,-0.00030
0.8500,-0.41521,0.00019,0.01259,-0.00012,0.00592,0.00123,0.36698,-0.05876,-0.00063,0.04631,0.00071,-0.01411,0.00007,0.07543,0.84562,0,0.01217,-0.00030
0.8520,-0.41521,0.00019,0.01260,-0.00011,0.00529,0.00113,0.36698,-0.05890,-0.00063,0.04633,0.00072,-0.01350,0.00008,0.07537,0.84560,0,0.01217,-0.00030
0.8541,-0.41521,0.00019,0.01261,-0.00011,0.00456,0.00112,0.36698,-0.05904,-0.00064,0.04634,0.00073,-0.01276,0.00009,0.07539,0.84559,0,0.01217,-0.00030
0.8561,-0.41521,0.00019,0.01261,-0.00011,0.00372,0.00111,0.36698,-0.05917,-0.00064,0.04634,0.00074,-0.01215,0.00010,0.07534,0.84559,0,0.01217,-0.00030
0.8581,-0.41521,0.00019,0.01262,-0.00011,0.00298,0.00111,0.36698,-0.05931,-0.00064,0.04634,0.00075,-0.01167,0.00011,0.07537,0.84558,0,0.01217,-0.00030
0.8601,-0.41521,0.00019,0.01263,-0.00011,0.00236,0.00110,0.36698,-0.05945,-0.00064,0.04633,0.00076,-0.01131,0.00012,0.07533,0.84559,0,0.01217,-0.00030
0.8621,-0.41521,0.00019,0.01263,-0.00010,0.00185,0.00110,0.36698,-0.05959,-0.00064,0.04631,0.00077,-0.01108,0.00012,0.07536,0.84560,0,0.01217,-0.00030
0.8641,-0.41521,0.00019,0.01263,-0.00010,0.00144,0.00109,0.36698,-0.05973,-0.00064,0.04629,0.00078,-0.01099,0.00013,0.07532,0.84560,0,0.01217,-0.00030
0.8661,-0.41521,0.00019,0.01264,-0.00010,0.00114,0.00109,0.36698,-0.05987,-0.00064,0.04627,0.00079,-0.01102,0.00014,0.07533,0.84558,0,0.01217,-0.00030
0.8681,-0.41521,0.00019,0.01264,-0.00010,0.00096,0.00108,0.36698,-0.06001,-0.00065,0.04624,0.00080,-0.01117,0.00015,0.07531,0.84557,0,0.01217,-0.00030
0.8701,-0.41521,0.00019,0.01264,-0.00009,0.00088,0.00107,0.36698,-0.06014,-0.00065,0.04622,0.00081,-0.01146,0.00016,0.07526,0.84556,0,0.01217,-0.00030
0.8721,-0.41521,0.00019,0.01264,-0.00009,0.00091,0.00107,0.36698,-0.06028,-0.00065,0.04619,0.00082,-0.01187,0.00017,0.07526,0.84555,0,0.01217,-0.00030
0.8741,-0.41521,0.00019,0.01264,-0.00009,0.00105,0.00106,0.36698,-0.06042,-0.00065,0.04616,0.00083,-0.01241,0.00017,0.07518,0.84557,0,0.01217,-0.00030
0.8761,-0.41521,0.00019,0.01265,-0.00009,0.00130,0.00106,0.36698,-0.06056,-0.00065,0.04614,0.00084,-0.01308,0.00018,0.07514,0.84559,0,0.01217,-0.00030
0.8781,-0.41521,0.00019,0.01265,-0.00009,0.00166,0.00105,0.36698,-0.06070,-0.00065,0.04611,0.00084,-0.01388,0.00019,0.07510,0.84556,0,0.01217,-0.00030
0.8801,-0.41521,0.00019,0.01265,-0.00008,0.00213,0.00105,0.36698,-0.06084,-0.00066,0.04610,0.00085,-0.01474,0.00020,0.07505,0.84558,0,0.01217,-0.00030
0.8821,-0.41521,0.00019,0.01266,-0.00008,0.00266,0.00104,0.36698,-0.06098,-0.00066,0.04608,0.00086,-0.01548,0.00021,0.07503,0.84558,0,0.01217,-0.00030
0.8841,-0.41521,0.00019,0.01266,-0.00008,0.00307,0.00104,0.36698,-0.06112,-0.00066,0.04607,0.00087,-0.01608,0.00022,0.07495,0.84558,0,0.01217,-0.00030
0.8861,-0.41521,0.00019,0.01267,-0.00008,0.00338,0.00103,0.36698,-0.06125,-0.00066,0.04607,0.00088,-0.01656,0.00022,0.07498,0.84558,0,0.01217,-0.00030
0.8881,-0.41521,0.00019,0.01268,-0.00008,0.00358,0.00103,0.36698,-0.06139,-0.00066,0.04606,0.00089,-0.01691,0.00023,0.07486,0.84563,0,0.01217,-0.00030
0.8902,-0.41521,0.00019,0.01268,-0.00007,0.00366,0.00102,0.36698,-0.06153,-0.00066,0.04606,0.00090,-0.01714,0.00024,0.07486,0.84564,0,0.01217,-0.00030
0.8921,-0.41521,0.00019,0.01269,-0.00007,0.00364,0.00101,0.36698,-0.06167,-0.00066,0.04606,0.00091,-0.01723,0.00025,0.07474,0.84560,0,0.01217,-0.00030
0.8942,-0.41521,0.00019,0.01270,-0.00007,0.00351,0.00101,0.36698,-0.06181,-0.00067,0.04605,0.00092,-0.01720,0.00025,0.07472,0.84561,0,0.01217,-0.00030
0.8962,-0.41521,0.00019,0.01271,-0.00007,0.00327,0.00100,0.36698,-0.06195,-0.00067,0.04605,0.00093,-0.01704,0.00026,0.07465,0.84559,0,0.01217,-0.00030
0.8982,-0.41521,0.00019,0.01271,-0.00007,0.00292,0.00100,0.36698,-0.06209,-0.00067,0.04604,0.00094,-0.01675,0.00027,0.07465,0.84559,0,0.01217,-0.00030
0.9002,-0.41521,0.00019,0.01272,-0.00006,0.00246,0.00099,0.36698,-0.06222,-0.00067,0.04603,0.00095,-0.01633,0.00028,0.07464,0.84560,0,0.01217,-0.00030
0.9023,-0.41330,-0.00025,0.01159,0.00003,-0.00183,0.00130,0.35887,-0.06237,-0.00067,0.04125,0.00126,-0.01604,0.00041,0.07459,0.84559,0,0.01052,0.00007
0.9043,-0.41330,-0.00025,0.01159,0.00003,-0.00227,0.00119,0.35887,-0.06251,-0.00067,0.04120,0.00127,-0.01588,0.00060,0.07465,0.84566,0,0.01052,0.00007
0.9063,-0.41330,-0.00025,0.01159,0.00004,-0.00260,0.00102,0.35887,-0.06265,-0.00067,0.04114,0.00128,-0.01585,0.00066,0.07454,0.84560,0,0.01052,0.00007
0.9083,-0.41330,-0.00025,0.01158,0.00004,-0.00283,0.00097,0.35887,-0.06279,-0.00068,0.04107,0.00129,-0.01594,0.00062,0.07457,0.84563,0,0.01052,0.00007
0.9103,-0.41330,-0.00025,0.01157,0.00004,-0.00294,0.00101,0.35887,-0.06292,-0.00068,0.04101,0.00130,-0.01617,0.00063,0.07456,0.84562,0,0.01052,0.00007
0.9123,-0.41330,-0.00025,0.01157,0.00004,-0.00294,0.00100,0.35887,-0.06306,-0.00068,0.04094,0.00131,-0.01652,0.00063,0.07453,0.84564,0,0.01052,0.00007
0.9143,-0.41330,-0.00025,0.01156,0.00004,-0.00284,0.00099,0.35887,-0.06320,-0.00068,0.04088,0.00132,-0.01700,0.00064,0.07451,0.84564,0,0.01052,0.00007
0.9163,-0.41330,-0.00025,0.01156,0.00005,-0.00262,0.00099,0.35887,-0.06334,-0.00068,0.04081,0.00133,-0.01760,0.00065,0.07445,0.84565,0,0.01052,0.00007
0.9183,-0.41330,-0.00025,0.01155,0.00005,-0.00230,0.00098,0.35887,-0.06348,-0.00068,0.04075,0.00134,-0.01834,0.00066,0.07444,0.84564,0,0.01052,0.00007
0.9203,-0.41330,-0.00025,0.01155,0.00005,-0.00186,0.00097,0.35887,-0.06362,-0.00069,0.04069,0.00135,-0.01920,0.00066,0.07443,0.84564,0,0.01052,0.00007
0.9223,-0.41330,-0.00025,0.01154,0.00005,-0.00132,0.00097,0.35887,-0.06375,-0.00069,0.04064,0.00136,-0.02019,0.00067,0.07440,0.84559,0,0.01052,0.00007
0.9243,-0.41330,-0.00025,0.01154,0.00005,-0.00066,0.00096,0.35887,-0.06389,-0.00069,0.04059,0.00137,-0.02131,0.00068,0.07435,0.84561,0,0.01052,0.00007
0.9264,-0.41330,-0.00025,0.01154,0.00006,0.00010,0.00095,0.35887,-0.06403,-0.00069,0.04055,0.00137,-0.02256,0.00068,0.07426,0.84565,0,0.01052,0.00007
0.9284,-0.41330,-0.00025,0.01154,0.00006,0.00097,0.00094,0.35887,-0.06417,-0.00069,0.04052,0.00138,-0.02368,0.00069,0.07419,0.84564,0,0.01052,0.00007
0.9304,-0.41330,-0.00025,0.01155,0.00006,0.00173,0.00094,0.35887,-0.06431,-0.00069,0.04049,0.00139,-0.02467,0.00070,0.07417,0.84566,0,0.01052,0.00007
0.9324,-0.41330,-0.00025,0.01155,0.00006,0.00239,0.00093,0.35887,-0.06445,-0.00069,0.04047,0.00140,-0.02553,0.00071,0.07410,0.84562,0,0.01052,0.00007
0.9344,-0.41330,-0.00025,0.01156,0.00006,0.00293,0.00092,0.35887,-0.06459,-0.00070,0.04046,0.00141,-0.02627,0.00071,0.07402,0.84566,0,0.01052,0.00007
0.9364,-0.41330,-0.00025,0.01156,0.00007,0.00337,0.00092,0.35887,-0.06473,-0.00070,0.04045,0.00142,-0.02687,0.00072,0.07399,0.84567,0,0.01052,0.00007
0.9384,-0.41330,-0.00025,0.01157,0.00007,0.00369,0.00091,0.35887,-0.06486,-0.00070,0.04044,0.00142,-0.02735,0.00073,0.07386,0.84564,0,0.01052,0.00007
0.9404,-0.41330,-0.00025,0.01158,0.00007,0.00391,0.00090,0.35887,-0.06500,-0.00070,0.04044,0.00143,-0.02770,0.00073,0.07380,0.84568,0,0.01052,0.00007
0.9424,-0.41330,-0.00025,0.01158,0.00007,0.00401,0.00090,0.35887,-0.06514,-0.00070,0.04044,0.00144,-0.02793,0.00074,0.07381,0.84562,0,0.01052,0.00007
0.9444,-0.41330,-0.00025,0.01159,0.00007,0.00401,0.00089,0.35887,-0.06528,-0.00070,0.04044,0.00145,-0.02802,0.00075,0.07374,0.84566,0,0.01052,0.00007
0.9464,-0.41330,-0.00025,0.01160,0.00007,0.00389,0.00088,0.35887,-0.06542,-0.00070,0.04044,0.00146,-0.02799,0.00075,0.07369,0.84565,0,0.01052,0.00007
0.9484,-0.41330,-0.00025,0.01161,0.00008,0.00367,0.00088,0.35887,-0.06556,-0.00071,0.04043,0.00146,-0.02783,0.00076,0.07364,0.84565,0,0.01052,0.00007
0.9504,-0.41330,-0.00025,0.01161,0.00008,0.00334,0.00087,0.35887,-0.06570,-0.00071,0.04043,0.00147,-0.02754,0.00076,0.07363,0.84563,0,0.01052,0.00007
0.9524,-0.41330,-0.00025,0.01162,0.00008,0.00290,0.00086,0.35887,-0.06583,-0.00071,0.04042,0.00148,-0.02712,0.00077,0.07358,0.84569,0,0.01052,0.00007
0.9544,-0.41330,-0.00025,0.01163,0.00008,0.00235,0.00085,0.35887,-0.06597,-0.00071,0.04040,0.00149,-0.02658,0.00078,0.07359,0.84569,0,0.01052,0.00007
0.9564,-0.41330,-0.00025,0.01163,0.00008,0.00168,0.00085,0.35887,-0.06611,-0.00071,0.04038,0.00149,-0.02590,0.00078,0.07354,0.84563,0,0.01052,0.00007
0.9584,-0.41330,-0.00025,0.01163,0.00008,0.00091,0.00084,0.35887,-0.06625,-0.00071,0.04035,0.00150,-0.02536,0.00079,0.07350,0.84568,0,0.01052,0.00007
0.9605,-0.41330,-0.00025,0.01163,0.00009,0.00025,0.00083,0.35887,-0.06639,-0.00071,0.04032,0.00151,-0.02494,0.00080,0.07343,0.84566,0,0.01052,0.00007
0.9625,-0.41330,-0.00025,0.01163,0.00009,-0.00030,0.00083,0.35887,-0.06653,-0.00072,0.04028,0.00152,-0.02465,0.00080,0.07346,0.84567,0,0.01052,0.00007
0.9645,-0.41330,-0.00025,0.01163,0.00009,-0.00074,0.00082,0.35887,-0.06667,-0.00072,0.04023,0.00152,-0.02449,0.00081,0.07343,0.84566,0,0.01052,0.00007
0.9665,-0.41136,0.00022,0.01028,-0.00010,-0.00476,0.00015,0.35245,-0.06681,-0.00072,0.03439,0.00075,-0.02446,0.00068,0.07340,0.84567,0,0.00888,-0.00032
0.9685,-0.41136,0.00022,0.01027,-0.00010,-0.00496,0.00026,0.35245,-0.06694,-0.00072,0.03431,0.00075,-0.02455,0.00043,0.07338,0.84566,0,0.00888,-0.00032
0.9705,-0.41136,0.00022,0.01026,-0.00010,-0.00505,0.00048,0.35245,-0.06708,-0.00072,0.03422,0.00076,-0.02478,0.00006,0.07330,0.84567,0,0.00888,-0.00032
0.9725,-0.41136,0.00022,0.01025,-0.00010,-0.00503,0.00080,0.35245,-0.06722,-0.00072,0.03413,0.00076,-0.02513,-0.00019,0.07327,0.84567,0,0.00888,-0.00032
0.9745,-0.41136,0.00022,0.01024,-0.00010,-0.00490,0.00102,0.35245,-0.06736,-0.00073,0.03404,0.00077,-0.02561,-0.00032,0.07319,0.84569,0,0.00888,-0.00032
0.9765,-0.41136,0.00022,0.01023,-0.00010,-0.00467,0.00112,0.35245,-0.06750,-0.00073,0.03396,0.00078,-0.02621,-0.00031,0.07311,0.84565,0,0.00888,-0.00032
0.9785,-0.41136,0.00022,0.01022,-0.00009,-0.00432,0.00112,0.35245,-0.06764,-0.00073,0.03387,0.00079,-0.02695,-0.00018,0.07307,0.84567,0,0.00888,-0.00032
0.9805,-0.41136,0.00022,0.01022,-0.00009,-0.00386,0.00101,0.35245,-0.06778,-0.00073,0.03379,0.00080,-0.02781,0.00007,0.07302,0.84567,0,0.00888,-0.00032
0.9826,-0.41136,0.00022,0.01021,-0.00009,-0.00330,0.00080,0.35245,-0.06792,-0.00073,0.03372,0.00081,-0.02880,0.00019,0.07293,0.84565,0,0.00888,-0.00032
0.9846,-0.41136,0.00022,0.01020,-0.00009,-0.00262,0.00070,0.35245,-0.06806,-0.00073,0.03365,0.00081,-0.02992,0.00018,0.07280,0.84566,0,0.00888,-0.00032
0.9866,-0.41136,0.00022,0.01020,-0.00009,-0.00183,0.00071,0.35245,-0.06819,-0.00073,0.03359,0.00082,-0.03117,0.00009,0.07273,0.84567,0,0.00888,-0.00032
0.9886,-0.41136,0.00022,0.01020,-0.00009,-0.00094,0.00079,0.35245,-0.06833,-0.00074,0.03353,0.00083,-0.03254,0.00009,0.07268,0.84564,0,0.00888,-0.00032
0.9906,-0.41136,0.00022,0.01020,-0.00008,0.00007,0.00078,0.35245,-0.06847,-0.00074,0.03349,0.00083,-0.03405,0.00010,0.07256,0.84562,0,0.00888,-0.00032
0.9926,-0.41136,0.00022,0.01020,-0.00008,0.00118,0.00078,0.35245,-0.06861,-0.00074,0.03345,0.00084,-0.03542,0.00010,0.07253,0.84567,0,0.00888,-0.00032
0.9946,-0.41136,0.00022,0.01020,-0.00008,0.00218,0.00078,0.35245,-0.06875,-0.00074,0.03343,0.00085,-0.03667,0.00011,0.07243,0.84565,0,0.00888,-0.00032
0.9966,-0.41136,0.00022,0.01021,-0.00008,0.00308,0.00077,0.35245,-0.06889,-0.00074,0.03341,0.00086,-0.03779,0.00011,0.07235,0.84566,0,0.00888,-0.00032
0.9986,-0.41136,0.00022,0.01021,-0.00008,0.00386,0.00077,0.35245,-0.06902,-0.00074,0.03340,0.00086,-0.03878,0.00012,0.07228,0.84566,0,0.00888,-0.00032
1.0006,-0.41136,0.00022,0.01022,-0.00008,0.00454,0.00077,0.35245,-0.06916,-0.00074,0.03340,0.00087,-0.03964,0.00012,0.07220,0.84570,0,0.00888,-0.00032
1.0026,-0.41136,0.00022,0.01023,-0.00008,0.00510,0.00076,0.35245,-0.06930,-0.00075,0.03341,0.00088,-0.04038,0.00013,0.07210,0.84566,0,0.00888,-0.00032
1.0046,-0.41136,0.00022,0.01024,-0.00007,0.00556,0.00076,0.35245,-0.06944,-0.00075,0.03341,0.00088,-0.04098,0.00013,0.07198,0.84567,0,0.00888,-0.00032
1.0066,-0.41136,0.00022,0.01025,-0.00007,0.00591,0.00076,0.35245,-0.06958,-0.00075,0.03343,0.00089,-0.04146,0.00014,0.07196,0.84567,0,0.00888,-0.00032
1.0086,-0.41136,0.00022,0.01026,-0.00007,0.00614,0.00075,0.35245,-0.06972,-0.00075,0.03344,0.00090,-0.04181,0.00015,0.07183,0.84564,0,0.00888,-0.00032
1.0106,-0.41136,0.00022,0.01028,-0.00007,0.00627,0.00075,0.35245,-0.06985,-0.00075,0.03346,0.00090,-0.04204,0.00015,0.07179,0.84568,0,0.00888,-0.00032
1.0126,-0.41136,0.00022,0.01029,-0.00007,0.00629,0.00075,0.35245,-0.06999,-0.00075,0.03348,0.00091,-0.04213,0.00016,0.07175,0.84572,0,0.00888,-0.00032
1.0146,-0.41136,0.00022,0.01030,-0.00007,0.00620,0.00074,0.35245,-0.07013,-0.00076,0.03349,0.00092,-0.04210,0.00016,0.07164,0.84566,0,0.00888,-0.00032
1.0166,-0.41136,0.00022,0.01031,-0.00006,0.00600,0.00074,0.35245,-0.07027,-0.00076,0.03351,0.00092,-0.04194,0.00017,0.07159,0.84566,0,0.00888,-0.00032
1.0186,-0.41136,0.00022,0.01033,-0.00006,0.00569,0.00074,0.35245,-0.07041,-0.00076,0.03352,0.00093,-0.04165,0.00017,0.07152,0.84565,0,0.00888,-0.00032
1.0206,-0.41136,0.00022,0.01034,-0.00006,0.00527,0.00073,0.35245,-0.07055,-0.00076,0.03353,0.00094,-0.04123,0.00018,0.07142,0.84566,0,0.00888,-0.00032
1.0226,-0.41136,0.00022,0.01035,-0.00006,0.00474,0.00073,0.35245,-0.07068,-0.00076,0.03354,0.00094,-0.04069,0.00018,0.07136,0.84567,0,0.00888,-0.00032
1.0246,-0.41136,0.00022,0.01036,-0.00006,0.00410,0.00073,0.35245,-0.07082,-0.00076,0.03353,0.00095,-0.04001,0.00019,0.07129,0.84566,0,0.00888,-0.00032
1.0266,-0.41136,0.00022,0.01036,-0.00006,0.00335,0.00072,0.35245,-0.07096,-0.00076,0.03353,0.00095,-0.03921,0.00019,0.07122,0.84564,0,0.00888,-0.00032
1.0286,-0.41136,0.00022,0.01037,-0.00006,0.00249,0.00072,0.35245,-0.07110,-0.00077,0.03351,0.00096,-0.03828,0.00020,0.07115,0.84565,0,0.00888,-0.00032
1.0306,-0.41136,0.00022,0.01037,-0.00005,0.00152,0.00072,0.35245,-0.07124,-0.00077,0.03349,0.00097,-0.03748,0.00020,0.07107,0.84567,0,0.00888,-0.00032
1.0326,-0.40065,-0.00022,0.00887,-0.00045,-0.00272,-0.00064,0.35375,-0.07138,-0.00077,0.02953,-0.00101,-0.03681,0.00008,0.07104,0.84562,0,0.00722,-0.00084
1.0346,-0.40065,-0.00022,0.00886,-0.00045,-0.00344,-0.00052,0.35375,-0.07152,-0.00077,0.02946,-0.00102,-0.03626,-0.00017,0.07095,0.84560,0,0.00722,-0.00084
1.0366,-0.40065,-0.00022,0.00885,-0.00045,-0.00405,-0.00030,0.35375,-0.07166,-0.00077,0.02938,-0.00102,-0.03585,-0.00055,0.07092,0.84566,0,0.00722,-0.00084
1.0386,-0.40065,-0.00022,0.00884,-0.00045,-0.00456,0.00003,0.35375,-0.07179,-0.00077,0.02930,-0.00103,-0.03556,-0.00106,0.07088,0.84567,0,0.00722,-0.00084
1.0406,-0.40065,-0.00022,0.00883,-0.00045,-0.00495,0.00047,0.35375,-0.07193,-0.00077,0.02921,-0.00102,-0.03540,-0.00170,0.07081,0.84569,0,0.00722,-0.00084
1.0426,-0.40065,-0.00022,0.00882,-0.00045,-0.00524,0.00102,0.35375,-0.07207,-0.00078,0.02912,-0.00102,-0.03536,-0.00220,0.07070,0.84567,0,0.00722,-0.00084
1.0446,-0.40065,-0.00022,0.00881,-0.00044,-0.00542,0.00146,0.35375,-0.07221,-0.00078,0.02903,-0.00101,-0.03546,-0.00258,0.07062,0.84564,0,0.00722,-0.00084
1.0466,-0.40065,-0.00022,0.00880,-0.00044,-0.00548,0.00179,0.35375,-0.07235,-0.00078,0.02893,-0.00099,-0.03568,-0.00283,0.07059,0.84562,0,0.00722,-0.00084
1.0486,-0.40065,-0.00022,0.00879,-0.00044,-0.00544,0.00202,0.35375,-0.07249,-0.00078,0.02884,-0.00097,-0.03603,-0.00296,0.07049,0.84563,0,0.00722,-0.00084
1.0506,-0.40065,-0.00022,0.00878,-0.00043,-0.00529,0.00213,0.35375,-0.07262,-0.00078,0.02874,-0.00096,-0.03651,-0.00295,0.07040,0.84563,0,0.00722,-0.00084
1.0526,-0.40065,-0.00022,0.00877,-0.00043,-0.00502,0.00213,0.35375,-0.07276,-0.00078,0.02865,-0.00094,-0.03712,-0.00282,0.07032,0.84561,0,0.00722,-0.00084
1.0546,-0.40065,-0.00022,0.00876,-0.00042,-0.00465,0.00202,0.35375,-0.07290,-0.00079,0.02856,-0.00092,-0.03785,-0.00256,0.07024,0.84557,0,0.00722,-0.00084
1.0566,-0.40065,-0.00022,0.00875,-0.00042,-0.00417,0.00181,0.35375,-0.07304,-0.00079,0.02847,-0.00090,-0.03872,-0.00217,0.07017,0.84561,0,0.00722,-0.00084
1.0586,-0.40065,-0.00022,0.00874,-0.00042,-0.00358,0.00148,0.35375,-0.07318,-0.00079,0.02839,-0.00088,-0.03971,-0.00167,0.07000,0.84557,0,0.00722,-0.00084
1.0606,-0.40065,-0.00022,0.00874,-0.00041,-0.00288,0.00107,0.35375,-0.07332,-0.00079,0.02832,-0.00087,-0.04083,-0.00130,0.06990,0.84558,0,0.00722,-0.00084
1.0626,-0.40065,-0.00022,0.00873,-0.00041,-0.00207,0.00076,0.35375,-0.07345,-0.00079,0.02825,-0.00086,-0.04207,-0.00106,0.06983,0.84557,0,0.00722,-0.00084
1.0646,-0.40065,-0.00022,0.00873,-0.00041,-0.00115,0.00056,0.35375,-0.07359,-0.00079,0.02819,-0.00086,-0.04345,-0.00095,0.06972,0.84562,0,0.00722,-0.00084
1.0666,-0.40065,-0.00022,0.00873,-0.00041,-0.00012,0.00047,0.35375,-0.07373,-0.00079,0.02814,-0.00085,-0.04495,-0.00096,0.06961,0.84559,0,0.00722,-0.00084
1.0687,-0.40065,-0.00022,0.00873,-0.00041,0.00102,0.00049,0.35375,-0.07387,-0.00080,0.02810,-0.00085,-0.04633,-0.00111,0.06951,0.84563,0,0.00722,-0.00084
1.0707,-0.40065,-0.00022,0.00873,-0.00041,0.00205,0.00062,0.35375,-0.07401,-0.00080,0.02807,-0.00085,-0.04757,-0.00138,0.06939,0.84562,0,0.00722,-0.00084
1.0727,-0.40065,-0.00022,0.00874,-0.00041,0.00297,0.00086,0.35375,-0.07415,-0.00080,0.02805,-0.00084,-0.04869,-0.00164,0.06928,0.84562,0,0.00722,-0.00084
1.0747,-0.40065,-0.00022,0.00874,-0.00041,0.00378,0.00108,0.35375,-0.07428,-0.00080,0.02804,-0.00083,-0.04968,-0.00177,0.06917,0.84561,0,0.00722,-0.00084
1.0767,-0.40065,-0.00022,0.00875,-0.00040,0.00448,0.00120,0.35375,-0.07442,-0.00080,0.02803,-0.00082,-0.05055,-0.00177,0.06910,0.84560,0,0.00722,-0.00084
1.0787,-0.40065,-0.00022,0.00876,-0.00040,0.00507,0.00121,0.35375,-0.07456,-0.00080,0.02803,-0.00081,-0.05128,-0.00164,0.06897,0.84563,0,0.00722,-0.00084
1.0807,-0.40065,-0.00022,0.00877,-0.00040,0.00555,0.00111,0.35375,-0.07470,-0.00080,0.02804,-0.00080,-0.05189,-0.00160,0.06892,0.84553,0,0.00722,-0.00084
1.0827,-0.40065,-0.00022,0.00878,-0.00040,0.00592,0.00108,0.35375,-0.07484,-0.00081,0.02805,-0.00079,-0.05237,-0.00159,0.06882,0.84555,0,0.00722,-0.00084
1.0847,-0.40065,-0.00022,0.00880,-0.00039,0.00618,0.00108,0.35375,-0.07498,-0.00081,0.02806,-0.00078,-0.05272,-0.00159,0.06871,0.84556,0,0.00722,-0.00084
1.0867,-0.40065,-0.00022,0.00881,-0.00039,0.00633,0.00108,0.35375,-0.07511,-0.00081,0.02807,-0.00077,-0.05294,-0.00158,0.06863,0.84552,0,0.00722,-0.00084
1.0887,-0.40065,-0.00022,0.00882,-0.00039,0.00638,0.00108,0.35375,-0.07525,-0.00081,0.02809,-0.00076,-0.05304,-0.00157,0.06850,0.84550,0,0.00722,-0.00084
1.0907,-0.40065,-0.00022,0.00883,-0.00039,0.00631,0.00108,0.35375,-0.07539,-0.00081,0.02810,-0.00075,-0.05300,-0.00156,0.06843,0.84553,0,0.00722,-0.00084
1.0927,-0.40065,-0.00022,0.00885,-0.00039,0.00613,0.00108,0.35375,-0.07553,-0.00081,0.02812,-0.00074,-0.05284,-0.00155,0.06836,0.84551,0,0.00722,-0.00084
1.0947,-0.40065,-0.00022,0.00886,-0.00038,0.00585,0.00108,0.35375,-0.07567,-0.00081,0.02813,-0.00073,-0.05255,-0.00154,0.06829,0.84551,0,0.00722,-0.00084
1.0967,-0.40065,-0.00022,0.00887,-0.00038,0.00545,0.00108,0.35375,-0.07581,-0.00082,0.02814,-0.00072,-0.05214,-0.00154,0.06819,0.84551,0,0.00722,-0.00084
1.0987,-0.40065,-0.00022,0.00888,-0.00038,0.00494,0.00108,0.35375,-0.07595,-0.00082,0.02814,-0.00071,-0.05159,-0.00153,0.06804,0.84550,0,0.00722,-0.00084
1.1007,-0.40065,-0.00022,0.00889,-0.00038,0.00433,0.00108,0.35375,-0.07609,-0.00082,0.02814,-0.00070,-0.05092,-0.00152,0.06803,0.84550,0,0.00722,-0.00084
1.1027,-0.40006,0.00062,0.00785,-0.00099,0.00143,-0.00138,0.34621,-0.07623,-0.00082,0.02335,-0.00337,-0.05037,-0.00164,0.06796,0.84549,0,0.00673,-0.00155
1.1047,-0.40006,0.00062,0.00785,-0.00100,0.00083,-0.00126,0.34621,-0.07636,-0.00082,0.02332,-0.00339,-0.04996,-0.00189,0.06784,0.84546,0,0.00673,-0.00155
1.1068,-0.40006,0.00062,0.00785,-0.00100,0.00034,-0.00103,0.34621,-0.07650,-0.00082,0.02327,-0.00340,-0.04967,-0.00226,0.06778,0.84548,0,0.00673,-0.00155
1.1088,-0.40006,0.00062,0.00785,-0.00100,-0.00003,-0.00070,0.34621,-0.07664,-0.00083,0.02323,-0.00341,-0.04950,-0.00277,0.06766,0.84549,0,0.00673,-0.00155
1.1108,-0.40006,0.00062,0.00785,-0.00100,-0.00030,-0.00025,0.34621,-0.07678,-0.00083,0.02318,-0.00341,-0.04947,-0.00340,0.06758,0.84546,0,0.00673,-0.00155
1.1128,-0.40006,0.00062,0.00785,-0.00100,-0.00046,0.00031,0.34621,-0.07692,-0.00083,0.02313,-0.00341,-0.04957,-0.00416,0.06751,0.84545,0,0.00673,-0.00155
1.1148,-0.40006,0.00062,0.00785,-0.00100,-0.00051,0.00097,0.34621,-0.07706,-0.00083,0.02308,-0.00341,-0.04979,-0.00479,0.06740,0.84547,0,0.00673,-0.00155
1.1168,-0.40006,0.00062,0.00785,-0.00100,-0.00045,0.00153,0.34621,-0.07720,-0.00083,0.02303,-0.00340,-0.05014,-0.00529,0.06728,0.84550,0,0.00673,-0.00155
1.1188,-0.40006,0.00062,0.00785,-0.00100,-0.00029,0.00198,0.34621,-0.07733,-0.00083,0.02298,-0.00338,-0.05062,-0.00567,0.06718,0.84545,0,0.00673,-0.00155
1.1208,-0.40006,0.00062,0.00785,-0.00099,-0.00001,0.00232,0.34621,-0.07747,-0.00083,0.02293,-0.00336,-0.05123,-0.00592,0.06704,0.84544,0,0.00673,-0.00155
1.1228,-0.40006,0.00062,0.00785,-0.00099,0.00038,0.00255,0.34621,-0.07761,-0.00084,0.02289,-0.00334,-0.05196,-0.00604,0.06696,0.84539,0,0.00673,-0.00155
1.1248,-0.40006,0.00062,0.00785,-0.00098,0.00088,0.00266,0.34621,-0.07775,-0.00084,0.02285,-0.00331,-0.05282,-0.00603,0.06686,0.84539,0,0.00673,-0.00155
1.1268,-0.40006,0.00062,0.00785,-0.00098,0.00148,0.00267,0.34621,-0.07789,-0.00084,0.02281,-0.00329,-0.05382,-0.00589,0.06677,0.84538,0,0.00673,-0.00155
1.1288,-0.40006,0.00062,0.00786,-0.00097,0.00220,0.00257,0.34621,-0.07803,-0.00084,0.02278,-0.00326,-0.05493,-0.00563,0.06664,0.84538,0,0.00673,-0.00155
1.1308,-0.40006,0.00062,0.00786,-0.00097,0.00302,0.00236,0.34621,-0.07816,-0.00084,0.02276,-0.00324,-0.05593,-0.00524,0.06647,0.84539,0,0.00673,-0.00155
1.1328,-0.40006,0.00062,0.00787,-0.00096,0.00374,0.00204,0.34621,-0.07830,-0.00084,0.02275,-0.00322,-0.05679,-0.00472,0.06637,0.84534,0,0.00673,-0.00155
1.1348,-0.40006,0.00062,0.00788,-0.00096,0.00434,0.00162,0.34621,-0.07844,-0.00084,0.02274,-0.00320,-0.05752,-0.00407,0.06625,0.84537,0,0.00673,-0.00155
1.1368,-0.40006,0.00062,0.00789,-0.00095,0.00484,0.00108,0.34621,-0.07858,-0.00085,0.02273,-0.00319,-0.05813,-0.00355,0.06608,0.84537,0,0.00673,-0.00155
1.1388,-0.40006,0.00062,0.00790,-0.00095,0.00522,0.00065,0.34621,-0.07872,-0.00085,0.02273,-0.00318,-0.05861,-0.00316,0.06599,0.84534,0,0.00673,-0.00155
1.1408,-0.40006,0.00062,0.00791,-0.00095,0.00550,0.00033,0.34621,-0.07885,-0.00085,0.02274,-0.00318,-0.05896,-0.00289,0.06580,0.84533,0,0.00673,-0.00155
1.1428,-0.40006,0.00062,0.00792,-0.00095,0.00567,0.00012,0.34621,-0.07899,-0.00085,0.02274,-0.00318,-0.05918,-0.00276,0.06572,0.84537,0,0.00673,-0.00155
1.1448,-0.40006,0.00062,0.00793,-0.00095,0.00572,0.00002,0.34621,-0.07913,-0.00085,0.02275,-0.00318,-0.05928,-0.00275,0.06566,0.84538,0,0.00673,-0.00155
1.1468,-0.40006,0.00062,0.00794,-0.00095,0.00567,0.00003,0.34621,-0.07927,-0.00085,0.02276,-0.00318,-0.05925,-0.00287,0.06552,0.84536,0,0.00673,-0.00155
1.1488,-0.40006,0.00062,0.00795,-0.00095,0.00551,0.00015,0.34621,-0.07941,-0.00086,0.02276,-0.00318,-0.05908,-0.00312,0.06537,0.84536,0,0.00673,-0.00155
1.1508,-0.40006,0.00062,0.00796,-0.00095,0.00524,0.00037,0.34621,-0.07955,-0.00086,0.02276,-0.00318,-0.05880,-0.00349,0.06527,0.84538,0,0.00673,-0.00155
1.1528,-0.40006,0.00062,0.00797,-0.00095,0.00486,0.00071,0.34621,-0.07969,-0.00086,0.02276,-0.00317,-0.05838,-0.00400,0.06521,0.84534,0,0.00673,-0.00155
1.1548,-0.40006,0.00062,0.00798,-0.00095,0.00437,0.00116,0.34621,-0.07982,-0.00086,0.02276,-0.00316,-0.05783,-0.00437,0.06508,0.84532,0,0.00673,-0.00155
1.1568,-0.40006,0.00062,0.00799,-0.00094,0.00377,0.00150,0.34621,-0.07996,-0.00086,0.02275,-0.00315,-0.05721,-0.00462,0.06498,0.84531,0,0.00673,-0.00155
1.1588,-0.40006,0.00062,0.00800,-0.00094,0.00310,0.00172,0.34621,-0.08010,-0.00086,0.02273,-0.00314,-0.05672,-0.00474,0.06490,0.84527,0,0.00673,-0.00155
1.1608,-0.40006,0.00062,0.00800,-0.00094,0.00255,0.00184,0.34621,-0.08024,-0.00086,0.02271,-0.00312,-0.05636,-0.00473,0.06481,0.84527,0,0.00673,-0.00155
1.1628,-0.40006,0.00062,0.00801,-0.00093,0.00210,0.00185,0.34621,-0.08038,-0.00087,0.02269,-0.00310,-0.05612,-0.00459,0.06466,0.84526,0,0.00673,-0.00155
1.1648,-0.40006,0.00062,0.00801,-0.00093,0.00177,0.00175,0.34621,-0.08052,-0.00087,0.02266,-0.00309,-0.05601,-0.00433,0.06460,0.84524,0,0.00673,-0.00155
1.1668,-0.40006,0.00062,0.00801,-0.00093,0.00154,0.00154,0.34621,-0.08065,-0.00087,0.02262,-0.00307,-0.05603,-0.00394,0.06451,0.84523,0,0.00673,-0.00155
1.1688,-0.40006,0.00062,0.00802,-0.00092,0.00142,0.00122,0.34621,-0.08079,-0.00087,0.02259,-0.00306,-0.05618,-0.00368,0.06436,0.84524,0,0.00673,-0.00155
1.1708,-0.40006,0.00062,0.00802,-0.00092,0.00142,0.00101,0.34621,-0.08093,-0.00087,0.02255,-0.00305,-0.05646,-0.00354,0.06426,0.84522,0,0.00673,-0.00155
1.1728,-0.39329,0.00082,0.00764,-0.00127,0.00082,-0.00035,0.34207,-0.08107,-0.00087,0.02274,-0.00463,-0.05686,-0.00354,0.06418,0.84522,0,0.00708,-0.00161
1.1748,-0.39329,0.00082,0.00764,-0.00127,0.00104,-0.00033,0.34207,-0.08121,-0.00087,0.02270,-0.00463,-0.05739,-0.00366,0.06405,0.84523,0,0.00708,-0.00161
1.1768,-0.39329,0.00082,0.00764,-0.00127,0.00137,-0.00021,0.34207,-0.08135,-0.00088,0.02266,-0.00463,-0.05805,-0.00391,0.06394,0.84522,0,0.00708,-0.00161
1.1789,-0.39329,0.00082,0.00765,-0.00127,0.00180,0.00003,0.34207,-0.08149,-0.00088,0.02263,-0.00463,-0.05884,-0.00428,0.06382,0.84526,0,0.00708,-0.00161
1.1809,-0.39329,0.00082,0.00765,-0.00127,0.00235,0.00037,0.34207,-0.08163,-0.00088,0.02260,-0.00463,-0.05950,-0.00479,0.06369,0.84524,0,0.00708,-0.00161
1.1829,-0.39329,0.00082,0.00766,-0.00127,0.00278,0.00082,0.34207,-0.08176,-0.00088,0.02257,-0.00463,-0.06003,-0.00542,0.06354,0.84524,0,0.00708,-0.00161
1.1849,-0.39329,0.00082,0.00766,-0.00127,0.00311,0.00139,0.34207,-0.08190,-0.00088,0.02255,-0.00462,-0.06044,-0.00593,0.06343,0.84524,0,0.00708,-0.00161
1.1869,-0.39329,0.00082,0.00767,-0.00126,0.00332,0.00184,0.34207,-0.08204,-0.00088,0.02253,-0.00460,-0.06071,-0.00631,0.06328,0.84523,0,0.00708,-0.00161
1.1889,-0.39329,0.00082,0.00768,-0.00126,0.00343,0.00218,0.34207,-0.08218,-0.00088,0.02252,-0.00458,-0.06086,-0.00656,0.06311,0.84520,0,0.00708,-0.00161
1.1909,-0.39329,0.00082,0.00768,-0.00125,0.00343,0.00242,0.34207,-0.08232,-0.00089,0.02250,-0.00456,-0.06088,-0.00668,0.06297,0.84517,0,0.00708,-0.00161
1.1929,-0.39329,0.00082,0.00769,-0.00125,0.00332,0.00254,0.34207,-0.08246,-0.00089,0.02248,-0.00454,-0.06077,-0.00667,0.06283,0.84517,0,0.00708,-0.00161
1.1949,-0.39329,0.00082,0.00770,-0.00124,0.00310,0.00256,0.34207,-0.08259,-0.00089,0.02246,-0.00452,-0.06054,-0.00654,0.06273,0.84516,0,0.00708,-0.00161
1.1969,-0.39329,0.00082,0.00770,-0.00124,0.00276,0.00246,0.34207,-0.08273,-0.00089,0.02244,-0.00449,-0.06029,-0.00627,0.06255,0.84513,0,0.00708,-0.00161
1.1989,-0.39329,0.00082,0.00771,-0.00123,0.00243,0.00226,0.34207,-0.08287,-0.00089,0.02242,-0.00447,-0.06018,-0.00588,0.06246,0.84512,0,0.00708,-0.00161
1.2009,-0.39329,0.00082,0.00771,-0.00123,0.00220,0.00195,0.34207,-0.08301,-0.00089,0.02239,-0.00445,-0.06019,-0.00536,0.06232,0.84512,0,0.00708,-0.00161
1.2029,-0.39329,0.00082,0.00772,-0.00123,0.00208,0.00152,0.34207,-0.08315,-0.00090,0.02236,-0.00444,-0.06033,-0.00497,0.06227,0.84507,0,0.00708,-0.00161
1.2049,-0.39329,0.00082,0.00772,-0.00122,0.00207,0.00121,0.34207,-0.08329,-0.00090,0.02233,-0.00442,-0.06060,-0.00471,0.06218,0.84509,0,0.00708,-0.00161
1.2069,-0.39329,0.00082,0.00772,-0.00122,0.00217,0.00101,0.34207,-0.08342,-0.00090,0.02230,-0.00441,-0.06099,-0.00458,0.06205,0.84510,0,0.00708,-0.00161
1.2089,-0.39329,0.00082,0.00773,-0.00122,0.00238,0.00091,0.34207,-0.08356,-0.00090,0.02227,-0.00441,-0.06129,-0.00457,0.06194,0.84510,0,0.00708,-0.00161
1.2109,-0.39329,0.00082,0.00773,-0.00122,0.00251,0.00093,0.34207,-0.08370,-0.00090,0.02224,-0.00440,-0.06147,-0.00469,0.06187,0.84509,0,0.00708,-0.00161
1.2129,-0.39329,0.00082,0.00774,-0.00122,0.00253,0.00105,0.34207,-0.08384,-0.00090,0.02222,-0.00439,-0.06162,-0.00494,0.06175,0.84508,0,0.00708,-0.00161
1.2149,-0.39329,0.00082,0.00774,-0.00121,0.00253,0.00128,0.34207,-0.08398,-0.00090,0.02219,-0.00438,-0.06179,-0.00528,0.06160,0.84507,0,0.00708,-0.00161
1.2169,-0.39329,0.00082,0.00775,-0.00121,0.00254,0.00160,0.34207,-0.08412,-0.00091,0.02216,-0.00436,-0.06195,-0.00550,0.06149,0.84508,0,0.00708,-0.00161
1.2189,-0.39329,0.00082,0.00775,-0.00121,0.00255,0.00180,0.34207,-0.08425,-0.00091,0.02214,-0.00435,-0.06212,-0.00558,0.06133,0.84504,0,0.00708,-0.00161
1.2209,-0.39329,0.00082,0.00776,-0.00120,0.00256,0.00189,0.34207,-0.08439,-0.00091,0.02211,-0.00433,-0.06228,-0.00554,0.06120,0.84502,0,0.00708,-0.00161
1.2229,-0.39329,0.00082,0.00776,-0.00120,0.00257,0.00188,0.34207,-0.08453,-0.00091,0.02208,-0.00432,-0.06245,-0.00537,0.06111,0.84500,0,0.00708,-0.00161
1.2249,-0.39329,0.00082,0.00777,-0.00120,0.00259,0.00175,0.34207,-0.08467,-0.00091,0.02206,-0.00430,-0.06262,-0.00521,0.06098,0.84498,0,0.00708,-0.00161
1.2269,-0.39329,0.00082,0.00777,-0.00119,0.00260,0.00164,0.34207,-0.08481,-0.00091,0.02203,-0.00428,-0.06278,-0.00518,0.06084,0.84497,0,0.00708,-0.00161
1.2289,-0.39329,0.00082,0.00778,-0.00119,0.00261,0.00163,0.34207,-0.08495,-0.00091,0.02200,-0.00427,-0.06295,-0.00518,0.06071,0.84491,0,0.00708,-0.00161
1.2309,-0.39329,0.00082,0.00778,-0.00119,0.00262,0.00165,0.34207,-0.08509,-0.00092,0.02198,-0.00425,-0.06311,-0.00517,0.06057,0.84494,0,0.00708,-0.00161
1.2329,-0.38473,0.00156,0.00772,-0.00168,0.00226,0.00006,0.33118,-0.08523,-0.00092,0.02417,-0.00636,-0.06315,-0.00528,0.06042,0.84487,0,0.00755,-0.00223
1.2350,-0.38473,0.00156,0.00772,-0.00168,0.00216,0.00018,0.33118,-0.08536,-0.00092,0.02414,-0.00636,-0.06306,-0.00553,0.06033,0.84494,0,0.00755,-0.00223
1.2370,-0.38473,0.00156,0.00772,-0.00168,0.00195,0.00042,0.33118,-0.08550,-0.00092,0.02410,-0.00636,-0.06284,-0.00590,0.06020,0.84489,0,0.00755,-0.00223
1.2390,-0.38473,0.00156,0.00773,-0.00168,0.00164,0.00077,0.33118,-0.08564,-0.00092,0.02407,-0.00635,-0.06249,-0.00640,0.06008,0.84491,0,0.00755,-0.00223
1.2410,-0.38473,0.00156,0.00773,-0.00168,0.00121,0.00122,0.33118,-0.08578,-0.00092,0.02403,-0.00634,-0.06202,-0.00702,0.05994,0.84490,0,0.00755,-0.00223
1.2430,-0.38473,0.00156,0.00773,-0.00167,0.00068,0.00178,0.33118,-0.08592,-0.00093,0.02399,-0.00633,-0.06167,-0.00752,0.05979,0.84487,0,0.00755,-0.00223
1.2450,-0.38473,0.00156,0.00773,-0.00167,0.00025,0.00224,0.33118,-0.08606,-0.00093,0.02394,-0.00631,-0.06145,-0.00789,0.05966,0.84486,0,0.00755,-0.00223
1.2470,-0.38473,0.00156,0.00773,-0.00166,-0.00007,0.00258,0.33118,-0.08619,-0.00093,0.02389,-0.00629,-0.06136,-0.00813,0.05957,0.84486,0,0.00755,-0.00223
1.2490,-0.38473,0.00156,0.00773,-0.00166,-0.00028,0.00282,0.33118,-0.08633,-0.00093,0.02384,-0.00626,-0.06139,-0.00825,0.05943,0.84481,0,0.00755,-0.00223
1.2510,-0.38473,0.00156,0.00773,-0.00165,-0.00037,0.00294,0.33118,-0.08647,-0.00093,0.02378,-0.00624,-0.06156,-0.00824,0.05935,0.84484,0,0.00755,-0.00223
1.2530,-0.38473,0.00156,0.00773,-0.00165,-0.00036,0.00296,0.33118,-0.08661,-0.00093,0.02373,-0.00621,-0.06185,-0.00809,0.05926,0.84477,0,0.00755,-0.00223
1.2550,-0.38473,0.00156,0.00773,-0.00164,-0.00024,0.00286,0.33118,-0.08675,-0.00093,0.02367,-0.00618,-0.06227,-0.00782,0.05916,0.84478,0,0.00755,-0.00223
1.2570,-0.38473,0.00156,0.00773,-0.00163,-0.00001,0.00266,0.33118,-0.08689,-0.00094,0.02362,-0.00616,-0.06282,-0.00743,0.05902,0.84475,0,0.00755,-0.00223
1.2590,-0.38473,0.00156,0.00773,-0.00163,0.00033,0.00235,0.33118,-0.08702,-0.00094,0.02357,-0.00613,-0.06346,-0.00707,0.05894,0.84471,0,0.00755,-0.00223
1.2610,-0.38473,0.00156,0.00773,-0.00163,0.00074,0.00207,0.33118,-0.08716,-0.00094,0.02352,-0.00611,-0.06396,-0.00685,0.05878,0.84476,0,0.00755,-0.00223
1.2630,-0.38473,0.00156,0.00773,-0.00162,0.00104,0.00191,0.33118,-0.08730,-0.00094,0.02348,-0.00610,-0.06434,-0.00675,0.05864,0.84472,0,0.00755,-0.00223
1.2650,-0.38473,0.00156,0.00774,-0.00162,0.00124,0.00185,0.33118,-0.08744,-0.00094,0.02344,-0.00608,-0.06459,-0.00678,0.05855,0.84473,0,0.00755,-0.00223
1.2670,-0.38473,0.00156,0.00774,-0.00161,0.00132,0.00190,0.33118,-0.08758,-0.00094,0.02339,-0.00606,-0.06472,-0.00693,0.05835,0.84470,0,0.00755,-0.00223
1.2690,-0.38473,0.00156,0.00774,-0.00161,0.00130,0.00206,0.33118,-0.08772,-0.00094,0.02335,-0.00604,-0.06471,-0.00699,0.05822,0.84468,0,0.00755,-0.00223
1.2710,-0.38473,0.00156,0.00774,-0.00161,0.00116,0.00214,0.33118,-0.08785,-0.00095,0.02331,-0.00602,-0.06458,-0.00697,0.05806,0.84469,0,0.00755,-0.00223
1.2730,-0.38473,0.00156,0.00775,-0.00160,0.00092,0.00215,0.33118,-0.08799,-0.00095,0.02327,-0.00600,-0.06457,-0.00695,0.05793,0.84469,0,0.00755,-0.00223
1.2750,-0.38473,0.00156,0.00775,-0.00160,0.00078,0.00216,0.33118,-0.08813,-0.00095,0.02323,-0.00598,-0.06469,-0.00693,0.05781,0.84465,0,0.00755,-0.00223
1.2770,-0.38473,0.00156,0.00775,-0.00159,0.00076,0.00217,0.33118,-0.08827,-0.00095,0.02318,-0.00597,-0.06494,-0.00692,0.05770,0.84461,0,0.00755,-0.00223
1.2790,-0.38473,0.00156,0.00775,-0.00159,0.00084,0.00218,0.33118,-0.08841,-0.00095,0.02313,-0.00594,-0.06527,-0.00690,0.05753,0.84461,0,0.00755,-0.00223
1.2810,-0.38473,0.00156,0.00775,-0.00158,0.00099,0.00219,0.33118,-0.08855,-0.00095,0.02309,-0.00592,-0.06547,-0.00688,0.05738,0.84460,0,0.00755,-0.00223
1.2830,-0.38473,0.00156,0.00775,-0.00158,0.00104,0.00220,0.33118,-0.08868,-0.00096,0.02305,-0.00590,-0.06564,-0.00686,0.05729,0.84460,0,0.00755,-0.00223
1.2850,-0.38473,0.00156,0.00776,-0.00158,0.00105,0.00221,0.33118,-0.08882,-0.00096,0.02300,-0.00588,-0.06582,-0.00684,0.05715,0.84458,0,0.00755,-0.00223
1.2870,-0.38473,0.00156,0.00776,-0.00157,0.00107,0.00222,0.33118,-0.08896,-0.00096,0.02296,-0.00586,-0.06600,-0.00682,0.05706,0.84453,0,0.00755,-0.00223
1.2890,-0.38473,0.00156,0.00776,-0.00157,0.00110,0.00223,0.33118,-0.08910,-0.00096,0.02292,-0.00584,-0.06618,-0.00680,0.05690,0.84451,0,0.00755,-0.00223
1.2910,-0.38473,0.00156,0.00776,-0.00156,0.00112,0.00224,0.33118,-0.08924,-0.00096,0.02287,-0.00582,-0.06636,-0.00678,0.05680,0.84456,0,0.00755,-0.00223
1.2930,-0.38473,0.00156,0.00777,-0.00156,0.00115,0.00225,0.33118,-0.08938,-0.00096,0.02283,-0.00580,-0.06655,-0.00676,0.05660,0.84449,0,0.00755,-0.00223
1.2950,-0.38473,0.00156,0.00777,-0.00155,0.00117,0.00226,0.33118,-0.08951,-0.00096,0.02279,-0.00578,-0.06673,-0.00675,0.05653,0.84453,0,0.00755,-0.00223
1.2970,-0.38473,0.00156,0.00777,-0.00155,0.00120,0.00227,0.33118,-0.08965,-0.00097,0.02275,-0.00576,-0.06691,-0.00673,0.05641,0.84452,0,0.00755,-0.00223
1.2990,-0.38473,0.00156,0.00777,-0.00154,0.00122,0.00228,0.33118,-0.08979,-0.00097,0.02270,-0.00574,-0.06709,-0.00671,0.05635,0.84449,0,0.00755,-0.00223
1.3010,-0.37908,0.00174,0.00783,-0.00170,0.00176,0.00151,0.31939,-0.08993,-0.00097,0.02460,-0.00641,-0.06714,-0.00682,0.05618,0.84447,0,0.00780,-0.00190
1.3030,-0.37908,0.00174,0.00783,-0.00169,0.00167,0.00163,0.31939,-0.09007,-0.00097,0.02457,-0.00639,-0.06707,-0.00705,0.05607,0.84443,0,0.00780,-0.00190
1.3050,-0.37908,0.00174,0.00783,-0.00169,0.00148,0.00186,0.31939,-0.09021,-0.00097,0.02453,-0.00638,-0.06686,-0.00735,0.05592,0.84445,0,0.00780,-0.00190
1.3070,-0.37908,0.00174,0.00784,-0.00169,0.00117,0.00214,0.31939,-0.09035,-0.00097,0.02448,-0.00636,-0.06653,-0.00751,0.05581,0.84443,0,0.00780,-0.00190
1.3090,-0.37908,0.00174,0.00784,-0.00168,0.00076,0.00231,0.31939,-0.09048,-0.00097,0.02444,-0.00634,-0.06607,-0.00755,0.05564,0.84443,0,0.00780,-0.00190
1.3110,-0.37908,0.00174,0.00784,-0.00168,0.00023,0.00237,0.31939,-0.09062,-0.00098,0.02439,-0.00632,-0.06574,-0.00747,0.05554,0.84442,0,0.00780,-0.00190
1.3130,-0.37908,0.00174,0.00784,-0.00167,-0.00018,0.00232,0.31939,-0.09076,-0.00098,0.02433,-0.00629,-0.06554,-0.00727,0.05539,0.84440,0,0.00780,-0.00190
1.3150,-0.37908,0.00174,0.00784,-0.00167,-0.00049,0.00219,0.31939,-0.09090,-0.00098,0.02428,-0.00627,-0.06546,-0.00720,0.05521,0.84438,0,0.00780,-0.00190
1.3170,-0.37908,0.00174,0.00784,-0.00166,-0.00068,0.00216,0.31939,-0.09104,-0.00098,0.02422,-0.00625,-0.06551,-0.00723,0.05513,0.84434,0,0.00780,-0.00190
1.3190,-0.37908,0.00174,0.00784,-0.00166,-0.00077,0.00221,0.31939,-0.09118,-0.00098,0.02416,-0.00623,-0.06570,-0.00721,0.05495,0.84430,0,0.00780,-0.00190
1.3210,-0.37908,0.00174,0.00783,-0.00165,-0.00075,0.00222,0.31939,-0.09131,-0.00098,0.02409,-0.00621,-0.06600,-0.00720,0.05486,0.84429,0,0.00780,-0.00190
1.3230,-0.37908,0.00174,0.00783,-0.00165,-0.00062,0.00223,0.31939,-0.09145,-0.00098,0.02403,-0.00619,-0.06644,-0.00718,0.05469,0.84431,0,0.00780,-0.00190
1.3250,-0.37908,0.00174,0.00783,-0.00165,-0.00037,0.00224,0.31939,-0.09159,-0.00099,0.02397,-0.00617,-0.06701,-0.00716,0.05456,0.84431,0,0.00780,-0.00190
1.3270,-0.37908,0.00174,0.00783,-0.00164,-0.00002,0.00226,0.31939,-0.09173,-0.00099,0.02392,-0.00615,-0.06770,-0.00714,0.05446,0.84432,0,0.00780,-0.00190
1.3290,-0.37908,0.00174,0.00783,-0.00164,0.00044,0.00227,0.31939,-0.09187,-0.00099,0.02386,-0.00613,-0.06826,-0.00712,0.05430,0.84427,0,0.00780,-0.00190
1.3310,-0.37908,0.00174,0.00783,-0.00163,0.00079,0.00228,0.31939,-0.09201,-0.00099,0.02381,-0.00611,-0.06870,-0.00710,0.05420,0.84426,0,0.00780,-0.00190
1.3330,-0.37908,0.00174,0.00784,-0.00163,0.00103,0.00229,0.31939,-0.09215,-0.00099,0.02377,-0.00609,-0.06901,-0.00708,0.05402,0.84426,0,0.00780,-0.00190
1.3351,-0.37908,0.00174,0.00784,-0.00162,0.00116,0.00230,0.31939,-0.09228,-0.00099,0.02372,-0.00607,-0.06919,-0.00706,0.05385,0.84424,0,0.00780,-0.00190
1.3371,-0.37908,0.00174,0.00784,-0.00162,0.00119,0.00231,0.31939,-0.09242,-0.00100,0.02368,-0.00605,-0.06924,-0.00704,0.05377,0.84422,0,0.00780,-0.00190
1.3391,-0.37908,0.00174,0.00784,-0.00161,0.00110,0.00232,0.31939,-0.09256,-0.00100,0.02363,-0.00602,-0.06917,-0.00702,0.05363,0.84423,0,0.00780,-0.00190
1.3411,-0.37908,0.00174,0.00784,-0.00161,0.00090,0.00233,0.31939,-0.09270,-0.00100,0.02359,-0.00600,-0.06912,-0.00700,0.05344,0.84420,0,0.00780,-0.00190
1.3431,-0.37908,0.00174,0.00785,-0.00160,0.00073,0.00234,0.31939,-0.09284,-0.00100,0.02354,-0.00598,-0.06919,-0.00698,0.05336,0.84421,0,0.00780,-0.00190
1.3451,-0.37908,0.00174,0.00785,-0.00160,0.00066,0.00235,0.31939,-0.09298,-0.00100,0.02349,-0.00596,-0.06940,-0.00696,0.05320,0.84416,0,0.00780,-0.00190
1.3471,-0.37908,0.00174,0.00785,-0.00159,0.00071,0.00236,0.31939,-0.09312,-0.00100,0.02344,-0.00594,-0.06968,-0.00694,0.05305,0.84410,0,0.00780,-0.00190
1.3491,-0.37908,0.00174,0.00785,-0.00159,0.00081,0.00237,0.31939,-0.09325,-0.00100,0.02339,-0.00592,-0.06986,-0.00692,0.05296,0.84413,0,0.00780,-0.00190
1.3511,-0.37908,0.00174,0.00785,-0.00159,0.00084,0.00238,0.31939,-0.09339,-0.00101,0.02334,-0.00590,-0.07005,-0.00690,0.05280,0.84413,0,0.00780,-0.00190
1.3531,-0.37908,0.00174,0.00785,-0.00158,0.00087,0.00239,0.31939,-0.09353,-0.00101,0.02329,-0.00587,-0.07024,-0.00688,0.05259,0.84409,0,0.00780,-0.00190
1.3551,-0.37908,0.00174,0.00786,-0.00158,0.00090,0.00240,0.31939,-0.09367,-0.00101,0.02325,-0.00585,-0.07042,-0.00686,0.05249,0.84409,0,0.00780,-0.00190
1.3571,-0.37908,0.00174,0.00786,-0.00157,0.00093,0.00240,0.31939,-0.09381,-0.00101,0.02320,-0.00583,-0.07061,-0.00684,0.05236,0.84408,0,0.00780,-0.00190
1.3591,-0.37908,0.00174,0.00786,-0.00157,0.00095,0.00241,0.31939,-0.09395,-0.00101,0.02315,-0.00581,-0.07080,-0.00682,0.05223,0.84406,0,0.00780,-0.00190
1.3611,-0.37908,0.00174,0.00786,-0.00156,0.00098,0.00242,0.31939,-0.09408,-0.00101,0.02310,-0.00578,-0.07098,-0.00680,0.05207,0.84404,0,0.00780,-0.00190
1.3631,-0.37908,0.00174,0.00786,-0.00156,0.00101,0.00243,0.31939,-0.09422,-0.00101,0.02306,-0.00576,-0.07117,-0.00678,0.05189,0.84404,0,0.00780,-0.00190
1.3651,-0.37908,0.00174,0.00787,-0.00155,0.00103,0.00244,0.31939,-0.09436,-0.00102,0.02301,-0.00574,-0.07135,-0.00676,0.05176,0.84401,0,0.00780,-0.00190
1.3671,-0.37908,0.00174,0.00787,-0.00155,0.00106,0.00245,0.31939,-0.09450,-0.00102,0.02296,-0.00572,-0.07154,-0.00674,0.05168,0.84401,0,0.00780,-0.00190
1.3691,-0.37908,0.00174,0.00787,-0.00154,0.00109,0.00245,0.31939,-0.09464,-0.00102,0.02292,-0.00569,-0.07172,-0.00671,0.05152,0.84399,0,0.00780,-0.00190
1.3711,-0.37519,0.00094,0.00743,-0.00132,-0.00001,0.00320,0.32272,-0.09478,-0.00102,0.02194,-0.00488,-0.07204,-0.00657,0.05138,0.84399,0,0.00696,-0.00122
1.3731,-0.37519,0.00094,0.00743,-0.00131,0.00013,0.00310,0.32272,-0.09492,-0.00102,0.02188,-0.00485,-0.07248,-0.00629,0.05122,0.84398,0,0.00696,-0.00122
1.3751,-0.37519,0.00094,0.00743,-0.00131,0.00038,0.00288,0.32272,-0.09505,-0.00102,0.02183,-0.00482,-0.07305,-0.00588,0.05110,0.84394,0,0.00696,-0.00122
1.3771,-0.37519,0.00094,0.00743,-0.00130,0.00074,0.00256,0.32272,-0.09519,-0.00103,0.02178,-0.00479,-0.07349,-0.00561,0.05102,0.84398,0,0.00696,-0.00122
1.3791,-0.37519,0.00094,0.00743,-0.00129,0.00100,0.00234,0.32272,-0.09533,-0.00103,0.02173,-0.00477,-0.07380,-0.00546,0.05087,0.84393,0,0.00696,-0.00122
1.3811,-0.37519,0.00094,0.00743,-0.00129,0.00114,0.00224,0.32272,-0.09547,-0.00103,0.02168,-0.00475,-0.07398,-0.00544,0.05064,0.84391,0,0.00696,-0.00122
1.3831,-0.37519,0.00094,0.00744,-0.00129,0.00117,0.00224,0.32272,-0.09561,-0.00103,0.02163,-0.00473,-0.07404,-0.00554,0.05055,0.84392,0,0.00696,-0.00122
1.3851,-0.37519,0.00094,0.00744,-0.00128,0.00110,0.00235,0.32272,-0.09575,-0.00103,0.02159,-0.00471,-0.07416,-0.00574,0.05040,0.84389,0,0.00696,-0.00122
1.3871,-0.37519,0.00094,0.00744,-0.00128,0.00107,0.00254,0.32272,-0.09588,-0.00103,0.02154,-0.00469,-0.07434,-0.00581,0.05022,0.84388,0,0.00696,-0.00122
1.3891,-0.37519,0.00094,0.00744,-0.00127,0.00111,0.00262,0.32272,-0.09602,-0.00103,0.02149,-0.00466,-0.07453,-0.00575,0.05006,0.84389,0,0.00696,-0.00122
1.3911,-0.37519,0.00094,0.00745,-0.00127,0.00114,0.00260,0.32272,-0.09616,-0.00104,0.02145,-0.00464,-0.07471,-0.00567,0.04993,0.84387,0,0.00696,-0.00122
1.3931,-0.37519,0.00094,0.00745,-0.00126,0.00117,0.00255,0.32272,-0.09630,-0.00104,0.02140,-0.00461,-0.07490,-0.00565,0.04974,0.84382,0,0.00696,-0.00122
1.3951,-0.37519,0.00094,0.00745,-0.00126,0.00121,0.00255,0.32272,-0.09644,-0.00104,0.02135,-0.00459,-0.07508,-0.00563,0.04959,0.84383,0,0.00696,-0.00122
1.3971,-0.37519,0.00094,0.00745,-0.00125,0.00124,0.00256,0.32272,-0.09658,-0.00104,0.02131,-0.00457,-0.07527,-0.00561,0.04944,0.84382,0,0.00696,-0.00122
1.3991,-0.37519,0.00094,0.00746,-0.00125,0.00127,0.00256,0.32272,-0.09671,-0.00104,0.02126,-0.00454,-0.07545,-0.00559,0.04929,0.84381,0,0.00696,-0.00122
1.4011,-0.37519,0.00094,0.00746,-0.00124,0.00130,0.00256,0.32272,-0.09685,-0.00104,0.02121,-0.00452,-0.07564,-0.00556,0.04908,0.84379,0,0.00696,-0.00122
1.4032,-0.37519,0.00094,0.00746,-0.00124,0.00134,0.00256,0.32272,-0.09699,-0.00104,0.02117,-0.00450,-0.07582,-0.00554,0.04903,0.84380,0,0.00696,-0.00122
1.4052,-0.37519,0.00094,0.00746,-0.00123,0.00137,0.00256,0.32272,-0.09713,-0.00105,0.02112,-0.00447,-0.07601,-0.00552,0.04880,0.84380,0,0.00696,-0.00122
1.4072,-0.37519,0.00094,0.00747,-0.00123,0.00140,0.00256,0.32272,-0.09727,-0.00105,0.02108,-0.00445,-0.07619,-0.00550,0.04867,0.84381,0,0.00696,-0.00122
1.4092,-0.37519,0.00094,0.00747,-0.00122,0.00143,0.00257,0.32272,-0.09741,-0.00105,0.02103,-0.00443,-0.07637,-0.00547,0.04851,0.84374,0,0.00696,-0.00122
1.4112,-0.37519,0.00094,0.00747,-0.00121,0.00146,0.00257,0.32272,-0.09754,-0.00105,0.02099,-0.00440,-0.07656,-0.00545,0.04840,0.84378,0,0.00696,-0.00122
1.4132,-0.37519,0.00094,0.00747,-0.00121,0.00150,0.00257,0.32272,-0.09768,-0.00105,0.02094,-0.00438,-0.07674,-0.00543,0.04823,0.84377,0,0.00696,-0.00122
1.4152,-0.37519,0.00094,0.00748,-0.00120,0.00153,0.00257,0.32272,-0.09782,-0.00105,0.02090,-0.00436,-0.07692,-0.00541,0.04808,0.84375,0,0.00696,-0.00122
1.4172,-0.37519,0.00094,0.00748,-0.00120,0.00156,0.00257,0.32272,-0.09796,-0.00105,0.02085,-0.00433,-0.07710,-0.00539,0.04798,0.84374,0,0.00696,-0.00122
1.4192,-0.37519,0.00094,0.00748,-0.00119,0.00159,0.00257,0.32272,-0.09810,-0.00106,0.02081,-0.00431,-0.07729,-0.00536,0.04781,0.84373,0,0.00696,-0.00122
1.4212,-0.37519,0.00094,0.00749,-0.00119,0.00162,0.00257,0.32272,-0.09824,-0.00106,0.02077,-0.00428,-0.07747,-0.00534,0.04769,0.84371,0,0.00696,-0.00122
1.4232,-0.37519,0.00094,0.00749,-0.00118,0.00165,0.00257,0.32272,-0.09838,-0.00106,0.02072,-0.00426,-0.07765,-0.00532,0.04754,0.84370,0,0.00696,-0.00122
1.4252,-0.37519,0.00094,0.00749,-0.00118,0.00168,0.00258,0.32272,-0.09851,-0.00106,0.02068,-0.00424,-0.07783,-0.00530,0.04735,0.84371,0,0.00696,-0.00122
1.4272,-0.37519,0.00094,0.00750,-0.00117,0.00171,0.00258,0.32272,-0.09865,-0.00106,0.02064,-0.00421,-0.07802,-0.00528,0.04720,0.84369,0,0.00696,-0.00122
1.4292,-0.37519,0.00094,0.00750,-0.00117,0.00174,0.00258,0.32272,-0.09879,-0.00106,0.02059,-0.00419,-0.07820,-0.00525,0.04706,0.84367,0,0.00696,-0.00122
1.4312,-0.37519,0.00094,0.00750,-0.00116,0.00177,0.00258,0.32272,-0.09893,-0.00107,0.02055,-0.00417,-0.07838,-0.00523,0.04690,0.84365,0,0.00696,-0.00122
1.4332,-0.37519,0.00094,0.00751,-0.00116,0.00180,0.00258,0.32272,-0.09907,-0.00107,0.02051,-0.00414,-0.07856,-0.00521,0.04674,0.84367,0,0.00696,-0.00122
1.4353,-0.36773,-0.00002,0.00635,-0.00079,-0.00213,0.00381,0.31667,-0.09921,-0.00107,0.01723,-0.00270,-0.07887,-0.00506,0.04663,0.84364,0,0.00523,-0.00057
1.4373,-0.36773,-0.00002,0.00635,-0.00079,-0.00197,0.00369,0.31667,-0.09935,-0.00107,0.01715,-0.00267,-0.07931,-0.00478,0.04646,0.84362,0,0.00523,-0.00057
1.4393,-0.36773,-0.00002,0.00635,-0.00078,-0.00170,0.00347,0.31667,-0.09949,-0.00107,0.01707,-0.00264,-0.07987,-0.00437,0.04624,0.84361,0,0.00523,-0.00057
1.4413,-0.36773,-0.00002,0.00634,-0.00077,-0.00133,0.00313,0.31667,-0.09963,-0.00107,0.01700,-0.00260,-0.08056,-0.00384,0.04613,0.84363,0,0.00523,-0.00057
1.4433,-0.36773,-0.00002,0.00634,-0.00077,-0.00084,0.00269,0.31667,-0.09977,-0.00107,0.01693,-0.00258,-0.08138,-0.00343,0.04597,0.84360,0,0.00523,-0.00057
1.4453,-0.36773,-0.00002,0.00634,-0.00076,-0.00025,0.00236,0.31667,-0.09990,-0.00108,0.01686,-0.00255,-0.08233,-0.00316,0.04584,0.84359,0,0.00523,-0.00057
1.4473,-0.36773,-0.00002,0.00634,-0.00076,0.00046,0.00213,0.31667,-0.10004,-0.00108,0.01680,-0.00253,-0.08324,-0.00300,0.04565,0.84359,0,0.00523,-0.00057
1.4493,-0.36773,-0.00002,0.00634,-0.00075,0.00113,0.00201,0.31667,-0.10018,-0.00108,0.01675,-0.00252,-0.08402,-0.00298,0.04546,0.84359,0,0.00523,-0.00057
1.4514,-0.36773,-0.00002,0.00634,-0.00075,0.00168,0.00201,0.31667,-0.10032,-0.00108,0.01670,-0.00250,-0.08466,-0.00309,0.04534,0.84360,0,0.00523,-0.00057
1.4534,-0.36773,-0.00002,0.00635,-0.00074,0.00213,0.00211,0.31667,-0.10046,-0.00108,0.01666,-0.00248,-0.08519,-0.00332,0.04515,0.84358,0,0.00523,-0.00057
1.4554,-0.36773,-0.00002,0.00635,-0.00074,0.00247,0.00232,0.31667,-0.10060,-0.00108,0.01662,-0.00246,-0.08558,-0.00354,0.04495,0.84359,0,0.00523,-0.00057
1.4574,-0.36773,-0.00002,0.00636,-0.00073,0.00270,0.00252,0.31667,-0.10074,-0.00108,0.01659,-0.00244,-0.08584,-0.00363,0.04475,0.84361,0,0.00523,-0.00057
1.4594,-0.36773,-0.00002,0.00636,-0.00073,0.00282,0.00261,0.31667,-0.10088,-0.00109,0.01655,-0.00241,-0.08598,-0.00359,0.04459,0.84354,0,0.00523,-0.00057
1.4614,-0.36773,-0.00002,0.00637,-0.00072,0.00283,0.00259,0.31667,-0.10102,-0.00109,0.01652,-0.00239,-0.08599,-0.00348,0.04437,0.84355,0,0.00523,-0.00057
1.4634,-0.36773,-0.00002,0.00637,-0.00072,0.00273,0.00250,0.31667,-0.10115,-0.00109,0.01648,-0.00236,-0.08587,-0.00345,0.04429,0.84355,0,0.00523,-0.00057
1.4654,-0.36773,-0.00002,0.00638,-0.00071,0.00252,0.00250,0.31667,-0.10129,-0.00109,0.01645,-0.00234,-0.08562,-0.00343,0.04409,0.84351,0,0.00523,-0.00057
1.4674,-0.36773,-0.00002,0.00638,-0.00071,0.00220,0.00249,0.31667,-0.10143,-0.00109,0.01641,-0.00232,-0.08525,-0.00341,0.04393,0.84352,0,0.00523,-0.00057
1.4694,-0.36773,-0.00002,0.00639,-0.00070,0.00178,0.00248,0.31667,-0.10157,-0.00109,0.01637,-0.00230,-0.08500,-0.00339,0.04374,0.84351,0,0.00523,-0.00057
1.4714,-0.36773,-0.00002,0.00639,-0.00070,0.00146,0.00248,0.31667,-0.10171,-0.00110,0.01632,-0.00227,-0.08488,-0.00337,0.04355,0.84352,0,0.00523,-0.00057
1.4734,-0.36773,-0.00002,0.00639,-0.00069,0.00125,0.00247,0.31667,-0.10185,-0.00110,0.01627,-0.00225,-0.08489,-0.00335,0.04340,0.84351,0,0.00523,-0.00057
1.4754,-0.36773,-0.00002,0.00640,-0.00069,0.00115,0.00246,0.31667,-0.10199,-0.00110,0.01622,-0.00223,-0.08503,-0.00333,0.04327,0.84351,0,0.00523,-0.00057
1.4774,-0.36773,-0.00002,0.00640,-0.00068,0.00116,0.00246,0.31667,-0.10213,-0.00110,0.01617,-0.00220,-0.08529,-0.00330,0.04312,0.84350,0,0.00523,-0.00057
1.4794,-0.36773,-0.00002,0.00640,-0.00068,0.00128,0.00245,0.31667,-0.10226,-0.00110,0.01612,-0.00218,-0.08569,-0.00328,0.04297,0.84351,0,0.00523,-0.00057
1.4814,-0.36773,-0.00002,0.00640,-0.00067,0.00151,0.00244,0.31667,-0.10240,-0.00110,0.01607,-0.00216,-0.08621,-0.00326,0.04280,0.84347,0,0.00523,-0.00057
1.4835,-0.36773,-0.00002,0.00641,-0.00067,0.00185,0.00244,0.31667,-0.10254,-0.00110,0.01603,-0.00214,-0.08660,-0.00324,0.04264,0.84349,0,0.00523,-0.00057
1.4855,-0.36773,-0.00002,0.00641,-0.00067,0.00207,0.00243,0.31667,-0.10268,-0.00111,0.01598,-0.00212,-0.08687,-0.00322,0.04247,0.84348,0,0.00523,-0.00057
1.4875,-0.36773,-0.00002,0.00642,-0.00066,0.00219,0.00242,0.31667,-0.10282,-0.00111,0.01594,-0.00209,-0.08700,-0.00320,0.04227,0.84343,0,0.00523,-0.00057
1.4895,-0.36773,-0.00002,0.00642,-0.00066,0.00220,0.00242,0.31667,-0.10296,-0.00111,0.01590,-0.00207,-0.08706,-0.00318,0.04214,0.84345,0,0.00523,-0.00057
1.4915,-0.36773,-0.00002,0.00642,-0.00065,0.00214,0.00241,0.31667,-0.10310,-0.00111,0.01586,-0.00205,-0.08724,-0.00316,0.04189,0.84344,0,0.00523,-0.00057
1.4935,-0.36773,-0.00002,0.00643,-0.00065,0.00219,0.00240,0.31667,-0.10324,-0.00111,0.01582,-0.00203,-0.08742,-0.00314,0.04172,0.84343,0,0.00523,-0.00057
1.4955,-0.36773,-0.00002,0.00643,-0.00064,0.00223,0.00240,0.31667,-0.10337,-0.00111,0.01578,-0.00200,-0.08760,-0.00312,0.04157,0.84345,0,0.00523,-0.00057
1.4975,-0.36773,-0.00002,0.00644,-0.00064,0.00228,0.00239,0.31667,-0.10351,-0.00111,0.01573,-0.00198,-0.08778,-0.00310,0.04139,0.84342,0,0.00523,-0.00057
1.4995,-0.36773,-0.00002,0.00644,-0.00063,0.00233,0.00238,0.31667,-0.10365,-0.00112,0.01569,-0.00196,-0.08796,-0.00308,0.04120,0.84340,0,0.00523,-0.00057
1.5016,-0.36510,-0.00075,0.00469,-0.00022,-0.00370,0.00377,0.31017,-0.10379,-0.00112,0.00812,-0.00022,-0.08827,-0.00293,0.04084,0.84339,0,0.00299,0.00006
1.5036,-0.36510,-0.00075,0.00468,-0.00021,-0.00351,0.00364,0.31017,-0.10393,-0.00112,0.00803,-0.00019,-0.08871,-0.00265,0.04084,0.84339,0,0.00299,0.00006
1.5056,-0.36510,-0.00075,0.00467,-0.00020,-0.00322,0.00341,0.31017,-0.10407,-0.00112,0.00793,-0.00015,-0.08927,-0.00225,0.04064,0.84336,0,0.00299,0.00006
1.5076,-0.36510,-0.00075,0.00467,-0.00020,-0.00281,0.00307,0.31017,-0.10421,-0.00112,0.00784,-0.00012,-0.08996,-0.00172,0.04044,0.84337,0,0.00299,0.00006
1.5096,-0.36510,-0.00075,0.00466,-0.00019,-0.00230,0.00262,0.31017,-0.10435,-0.00112,0.00775,-0.00010,-0.09078,-0.00122,0.04032,0.84340,0,0.00299,0.00006
1.5116,-0.36510,-0.00075,0.00466,-0.00019,-0.00167,0.00220,0.31017,-0.10449,-0.00113,0.00767,-0.00008,-0.09173,-0.00086,0.04008,0.84337,0,0.00299,0.00006
1.5136,-0.36510,-0.00075,0.00466,-0.00018,-0.00094,0.00189,0.31017,-0.10463,-0.00113,0.00760,-0.00006,-0.09281,-0.00062,0.03987,0.84337,0,0.00299,0.00006
1.5157,-0.36510,-0.00075,0.00465,-0.00018,-0.00010,0.00169,0.31017,-0.10477,-0.00113,0.00753,-0.00004,-0.09401,-0.00051,0.03970,0.84336,0,0.00299,0.00006
1.5177,-0.36510,-0.00075,0.00466,-0.00017,0.00085,0.00160,0.31017,-0.10491,-0.00113,0.00747,-0.00003,-0.09535,-0.00053,0.03950,0.84337,0,0.00299,0.00006
1.5197,-0.36510,-0.00075,0.00466,-0.00017,0.00191,0.00162,0.31017,-0.10505,-0.00113,0.00742,-0.00001,-0.09681,-0.00068,0.03931,0.84333,0,0.00299,0.00006
1.5217,-0.36510,-0.00075,0.00466,-0.00017,0.00308,0.00175,0.31017,-0.10519,-0.00113,0.00738,0.00000,-0.09814,-0.00095,0.03913,0.84336,0,0.00299,0.00006
1.5237,-0.36510,-0.00075,0.00467,-0.00016,0.00414,0.00198,0.31017,-0.10532,-0.00113,0.00735,0.00002,-0.09934,-0.00111,0.03889,0.84337,0,0.00299,0.00006
1.5257,-0.36510,-0.00075,0.00468,-0.00016,0.00510,0.00212,0.31017,-0.10546,-0.00114,0.00733,0.00004,-0.10042,-0.00115,0.03876,0.84337,0,0.00299,0.00006
1.5277,-0.36510,-0.00075,0.00469,-0.00016,0.00594,0.00216,0.31017,-0.10560,-0.00114,0.00732,0.00006,-0.10137,-0.00108,0.03856,0.84338,0,0.00299,0.00006
1.5297,-0.36510,-0.00075,0.00470,-0.00015,0.00667,0.00210,0.31017,-0.10574,-0.00114,0.00731,0.00008,-0.10219,-0.00106,0.03827,0.84337,0,0.00299,0.00006
1.5317,-0.36510,-0.00075,0.00472,-0.00015,0.00729,0.00209,0.31017,-0.10588,-0.00114,0.00732,0.00010,-0.10288,-0.00104,0.03812,0.84333,0,0.00299,0.00006
1.5337,-0.36510,-0.00075,0.00473,-0.00014,0.00780,0.00207,0.31017,-0.10602,-0.00114,0.00732,0.00012,-0.10345,-0.00103,0.03791,0.84335,0,0.00299,0.00006
1.5357,-0.36510,-0.00075,0.00475,-0.00014,0.00821,0.00206,0.31017,-0.10615,-0.00114,0.00734,0.00013,-0.10388,-0.00101,0.03767,0.84332,0,0.00299,0.00006
1.5377,-0.36510,-0.00075,0.00477,-0.00013,0.00850,0.00205,0.31017,-0.10629,-0.00114,0.00735,0.00015,-0.10419,-0.00099,0.03748,0.84332,0,0.00299,0.00006
1.5397,-0.36510,-0.00075,0.00478,-0.00013,0.00868,0.00204,0.31017,-0.10643,-0.00115,0.00737,0.00017,-0.10437,-0.00097,0.03728,0.84333,0,0.00299,0.00006
1.5417,-0.36510,-0.00075,0.00480,-0.00013,0.00876,0.00202,0.31017,-0.10657,-0.00115,0.00739,0.00019,-0.10442,-0.00096,0.03707,0.84331,0,0.00299,0.00006
1.5437,-0.36510,-0.00075,0.00482,-0.00012,0.00872,0.00201,0.31017,-0.10671,-0.00115,0.00741,0.00021,-0.10435,-0.00094,0.03686,0.84334,0,0.00299,0.00006
1.5457,-0.36510,-0.00075,0.00483,-0.00012,0.00857,0.00200,0.31017,-0.10684,-0.00115,0.00742,0.00023,-0.10415,-0.00092,0.03669,0.84332,0,0.00299,0.00006
1.5477,-0.36510,-0.00075,0.00485,-0.00011,0.00832,0.00199,0.31017,-0.10698,-0.00115,0.00744,0.00025,-0.10381,-0.00091,0.03648,0.84332,0,0.00299,0.00006
1.5497,-0.36510,-0.00075,0.00487,-0.00011,0.00795,0.00197,0.31017,-0.10712,-0.00115,0.00745,0.00026,-0.10335,-0.00089,0.03624,0.84333,0,0.00299,0.00006
1.5517,-0.36510,-0.00075,0.00488,-0.00011,0.00748,0.00196,0.31017,-0.10726,-0.00116,0.00746,0.00028,-0.10277,-0.00087,0.03604,0.84333,0,0.00299,0.00006
1.5537,-0.36510,-0.00075,0.00490,-0.00010,0.00690,0.00195,0.31017,-0.10740,-0.00116,0.00746,0.00030,-0.10205,-0.00086,0.03582,0.84330,0,0.00299,0.00006
1.5557,-0.36510,-0.00075,0.00491,-0.00010,0.00620,0.00194,0.31017,-0.10754,-0.00116,0.00746,0.00032,-0.10121,-0.00084,0.03564,0.84333,0,0.00299,0.00006
1.5577,-0.36510,-0.00075,0.00492,-0.00009,0.00540,0.00192,0.31017,-0.10767,-0.00116,0.00745,0.00033,-0.10024,-0.00083,0.03547,0.84331,0,0.00299,0.00006
1.5597,-0.36510,-0.00075,0.00493,-0.00009,0.00449,0.00191,0.31017,-0.10781,-0.00116,0.00743,0.00035,-0.09939,-0.00081,0.03526,0.84329,0,0.00299,0.00006
1.5617,-0.36510,-0.00075,0.00494,-0.00009,0.00368,0.00190,0.31017,-0.10795,-0.00116,0.00741,0.00037,-0.09868,-0.00079,0.03508,0.84333,0,0.00299,0.00006
1.5637,-0.36510,-0.00075,0.00495,-0.00008,0.00299,0.00189,0.31017,-0.10809,-0.00116,0.00737,0.00039,-0.09809,-0.00078,0.03494,0.84331,0,0.00299,0.00006
1.5657,-0.36510,-0.00075,0.00495,-0.00008,0.00240,0.00188,0.31017,-0.10823,-0.00117,0.00733,0.00040,-0.09763,-0.00076,0.03476,0.84330,0,0.00299,0.00006
1.5677,-0.36510,-0.00075,0.00496,-0.00008,0.00193,0.00186,0.31017,-0.10837,-0.00117,0.00729,0.00042,-0.09730,-0.00075,0.03462,0.84332,0,0.00299,0.00006
1.5697,-0.36346,-0.00027,0.00336,-0.00018,-0.00294,0.00145,0.30440,-0.10851,-0.00117,0.00018,0.00008,-0.09710,-0.00086,0.03418,0.84330,0,0.00159,-0.00035
1.5717,-0.36346,-0.00027,0.00336,-0.00017,-0.00317,0.00155,0.30440,-0.10864,-0.00117,0.00009,0.00010,-0.09702,-0.00107,0.03418,0.84330,0,0.00159,-0.00035
1.5737,-0.36346,-0.00027,0.00335,-0.00017,-0.00330,0.00174,0.30440,-0.10878,-0.00117,-0.00001,0.00011,-0.09707,-0.00116,0.03398,0.84328,0,0.00159,-0.00035
1.5757,-0.36346,-0.00027,0.00334,-0.00017,-0.00331,0.00181,0.30440,-0.10892,-0.00117,-0.00010,0.00013,-0.09725,-0.00112,0.03378,0.84325,0,0.00159,-0.00035
1.5777,-0.36346,-0.00027,0.00334,-0.00016,-0.00321,0.00178,0.30440,-0.10906,-0.00117,-0.00020,0.00014,-0.09756,-0.00103,0.03361,0.84333,0,0.00159,-0.00035
1.5797,-0.36346,-0.00027,0.00333,-0.00016,-0.00300,0.00171,0.30440,-0.10920,-0.00118,-0.00030,0.00016,-0.09800,-0.00102,0.03335,0.84329,0,0.00159,-0.00035
1.5817,-0.36346,-0.00027,0.00333,-0.00016,-0.00268,0.00170,0.30440,-0.10934,-0.00118,-0.00039,0.00018,-0.09856,-0.00100,0.03315,0.84326,0,0.00159,-0.00035
1.5837,-0.36346,-0.00027,0.00332,-0.00015,-0.00226,0.00169,0.30440,-0.10947,-0.00118,-0.00048,0.00019,-0.09926,-0.00099,0.03295,0.84331,0,0.00159,-0.00035
1.5857,-0.36346,-0.00027,0.00332,-0.00015,-0.00172,0.00168,0.30440,-0.10961,-0.00118,-0.00056,0.00021,-0.10008,-0.00097,0.03275,0.84331,0,0.00159,-0.00035
1.5878,-0.36346,-0.00027,0.00331,-0.00015,-0.00107,0.00167,0.30440,-0.10975,-0.00118,-0.00064,0.00022,-0.10102,-0.00096,0.03248,0.84329,0,0.00159,-0.00035
1.5898,-0.36346,-0.00027,0.00331,-0.00014,-0.00032,0.00166,0.30440,-0.10989,-0.00118,-0.00071,0.00024,-0.10210,-0.00095,0.03231,0.84326,0,0.00159,-0.00035
1.5918,-0.36346,-0.00027,0.00331,-0.00014,0.00055,0.00165,0.30440,-0.11003,-0.00118,-0.00078,0.00025,-0.10331,-0.00093,0.03204,0.84329,0,0.00159,-0.00035
1.5938,-0.36346,-0.00027,0.00331,-0.00014,0.00152,0.00164,0.30440,-0.11017,-0.00119,-0.00083,0.00027,-0.10464,-0.00092,0.03186,0.84326,0,0.00159,-0.00035
1.5958,-0.36346,-0.00027,0.00332,-0.00013,0.00260,0.00163,0.30440,-0.11030,-0.00119,-0.00088,0.00028,-0.10610,-0.00091,0.03164,0.84326,0,0.00159,-0.00035
1.5978,-0.36346,-0.00027,0.00333,-0.00013,0.00380,0.00162,0.30440,-0.11044,-0.00119,-0.00092,0.00030,-0.10769,-0.00089,0.03139,0.84328,0,0.00159,-0.00035
1.5998,-0.36346,-0.00027,0.00333,-0.00013,0.00510,0.00162,0.30440,-0.11058,-0.00119,-0.00094,0.00031,-0.10929,-0.00088,0.03121,0.84323,0,0.00159,-0.00035
1.6018,-0.36346,-0.00027,0.00335,-0.00012,0.00641,0.00161,0.30440,-0.11072,-0.00119,-0.00095,0.00032,-0.11089,-0.00087,0.03100,0.84326,0,0.00159,-0.00035
1.6038,-0.36346,-0.00027,0.00336,-0.00012,0.00772,0.00160,0.30440,-0.11086,-0.00119,-0.00095,0.00034,-0.11236,-0.00085,0.03073,0.84324,0,0.00159,-0.00035
1.6058,-0.36346,-0.00027,0.00338,-0.00012,0.00892,0.00159,0.30440,-0.11100,-0.00120,-0.00094,0.00035,-0.11370,-0.00084,0.03055,0.84326,0,0.00159,-0.00035
1.6078,-0.36346,-0.00027,0.00340,-0.00011,0.01001,0.00158,0.30440,-0.11113,-0.00120,-0.00092,0.00037,-0.11492,-0.00083,0.03032,0.84326,0,0.00159,-0.00035
1.6098,-0.36346,-0.00027,0.00342,-0.00011,0.01100,0.00157,0.30440,-0.11127,-0.00120,-0.00089,0.00038,-0.11601,-0.00082,0.03013,0.84328,0,0.00159,-0.00035
1.6118,-0.36346,-0.00027,0.00344,-0.00011,0.01187,0.00156,0.30440,-0.11141,-0.00120,-0.00084,0.00040,-0.11697,-0.00080,0.02988,0.84328,0,0.00159,-0.00035
1.6138,-0.36346,-0.00027,0.00346,-0.00011,0.01263,0.00155,0.30440,-0.11155,-0.00120,-0.00080,0.00041,-0.11780,-0.00079,0.02965,0.84329,0,0.00159,-0.00035
1.6158,-0.36346,-0.00027,0.00349,-0.00010,0.01328,0.00154,0.30440,-0.11169,-0.00120,-0.00074,0.00042,-0.11850,-0.00078,0.02944,0.84323,0,0.00159,-0.00035
1.6178,-0.36346,-0.00027,0.00352,-0.00010,0.01382,0.00153,0.30440,-0.11183,-0.00120,-0.00068,0.00044,-0.11908,-0.00077,0.02917,0.84326,0,0.00159,-0.00035
1.6198,-0.36346,-0.00027,0.00354,-0.00010,0.01426,0.00152,0.30440,-0.11196,-0.00121,-0.00061,0.00045,-0.11953,-0.00075,0.02899,0.84327,0,0.00159,-0.00035
1.6218,-0.36346,-0.00027,0.00357,-0.00009,0.01458,0.00152,0.30440,-0.11210,-0.00121,-0.00054,0.00047,-0.11985,-0.00074,0.02879,0.84324,0,0.00159,-0.00035
1.6238,-0.36346,-0.00027,0.00360,-0.00009,0.01479,0.00151,0.30440,-0.11224,-0.00121,-0.00047,0.00048,-0.12004,-0.00073,0.02852,0.84326,0,0.00159,-0.00035
1.6258,-0.36346,-0.00027,0.00363,-0.00009,0.01490,0.00150,0.30440,-0.11238,-0.00121,-0.00040,0.00049,-0.12010,-0.00072,0.02811,0.84322,0,0.00159,-0.00035
1.6278,-0.36346,-0.00027,0.00366,-0.00008,0.01489,0.00149,0.30440,-0.11252,-0.00121,-0.00033,0.00051,-0.12004,-0.00071,0.02811,0.84322,0,0.00159,-0.00035
1.6298,-0.36346,-0.00027,0.00369,-0.00008,0.01477,0.00148,0.30440,-0.11266,-0.00121,-0.00026,0.00052,-0.11985,-0.00069,0.02788,0.84321,0,0.00159,-0.00035
1.6318,-0.36346,-0.00027,0.00372,-0.00008,0.01455,0.00147,0.30440,-0.11280,-0.00121,-0.00018,0.00053,-0.11953,-0.00068,0.02765,0.84324,0,0.00159,-0.00035
1.6339,-0.36346,-0.00027,0.00375,-0.00008,0.01421,0.00146,0.30440,-0.11294,-0.00122,-0.00012,0.00055,-0.11908,-0.00067,0.02717,0.84323,0,0.00159,-0.00035
1.6359,-0.36321,0.00012,0.00278,-0.00036,0.01181,0.00047,0.29843,-0.11308,-0.00122,-0.00469,-0.00068,-0.11850,-0.00079,0.02699,0.84323,0,0.00137,-0.00069
1.6379,-0.36321,0.00012,0.00280,-0.00036,0.01127,0.00057,0.29843,-0.11322,-0.00122,-0.00465,-0.00068,-0.11787,-0.00103,0.02676,0.84323,0,0.00137,-0.00069
1.6399,-0.36321,0.00012,0.00283,-0.00036,0.01068,0.00079,0.29843,-0.11336,-0.00122,-0.00461,-0.00067,-0.11736,-0.00140,0.02652,0.84323,0,0.00137,-0.00069
1.6419,-0.36321,0.00012,0.00285,-0.00036,0.01020,0.00111,0.29843,-0.11350,-0.00122,-0.00458,-0.00067,-0.11698,-0.00189,0.02652,0.84323,0,0.00137,-0.00069
1.6439,-0.36321,0.00012,0.00287,-0.00035,0.00983,0.00153,0.29843,-0.11363,-0.00122,-0.00456,-0.00065,-0.11673,-0.00224,0.02633,0.84324,0,0.00137,-0.00069
1.6459,-0.36321,0.00012,0.00289,-0.00035,0.00956,0.00184,0.29843,-0.11377,-0.00123,-0.00453,-0.00064,-0.11661,-0.00247,0.02610,0.84325,0,0.00137,-0.00069
1.6479,-0.36321,0.00012,0.00291,-0.00035,0.00941,0.00204,0.29843,-0.11391,-0.00123,-0.00451,-0.00062,-0.11661,-0.00257,0.02589,0.84325,0,0.00137,-0.00069
1.6499,-0.36321,0.00012,0.00292,-0.00034,0.00936,0.00213,0.29843,-0.11405,-0.00123,-0.00449,-0.00060,-0.11674,-0.00254,0.02569,0.84323,0,0.00137,-0.00069
1.6519,-0.36321,0.00012,0.00294,-0.00034,0.00943,0.00212,0.29843,-0.11419,-0.00123,-0.00447,-0.00058,-0.11700,-0.00239,0.02542,0.84320,0,0.00137,-0.00069
1.6539,-0.36321,0.00012,0.00296,-0.00033,0.00960,0.00199,0.29843,-0.11433,-0.00123,-0.00445,-0.00056,-0.11739,-0.00210,0.02519,0.84318,0,0.00137,-0.00069
1.6559,-0.36321,0.00012,0.00298,-0.00033,0.00988,0.00175,0.29843,-0.11447,-0.00123,-0.00443,-0.00055,-0.11791,-0.00178,0.02474,0.84314,0,0.00137,-0.00069
1.6579,-0.36321,0.00012,0.00300,-0.00033,0.01027,0.00148,0.29843,-0.11460,-0.00123,-0.00440,-0.00053,-0.11855,-0.00158,0.02449,0.84317,0,0.00137,-0.00069
1.6599,-0.36321,0.00012,0.00302,-0.00032,0.01077,0.00132,0.29843,-0.11474,-0.00124,-0.00437,-0.00052,-0.11911,-0.00152,0.02449,0.84317,0,0.00137,-0.00069
1.6620,-0.36321,0.00012,0.00305,-0.00032,0.01120,0.00127,0.29843,-0.11488,-0.00124,-0.00434,-0.00051,-0.11954,-0.00158,0.02396,0.84317,0,0.00137,-0.00069
1.6640,-0.36321,0.00012,0.00307,-0.00032,0.01152,0.00132,0.29843,-0.11502,-0.00124,-0.00430,-0.00050,-0.11985,-0.00174,0.02373,0.84315,0,0.00137,-0.00069
1.6660,-0.36321,0.00012,0.00309,-0.00032,0.01173,0.00146,0.29843,-0.11516,-0.00124,-0.00426,-0.00048,-0.12003,-0.00176,0.02350,0.84319,0,0.00137,-0.00069
1.6680,-0.36321,0.00012,0.00311,-0.00031,0.01183,0.00149,0.29843,-0.11530,-0.00124,-0.00421,-0.00047,-0.12008,-0.00171,0.02350,0.84319,0,0.00137,-0.00069
1.6700,-0.36321,0.00012,0.00314,-0.00031,0.01181,0.00145,0.29843,-0.11544,-0.00124,-0.00417,-0.00046,-0.12000,-0.00170,0.02296,0.84317,0,0.00137,-0.00069
1.6720,-0.36321,0.00012,0.00316,-0.00031,0.01169,0.00145,0.29843,-0.11557,-0.00124,-0.00413,-0.00045,-0.11979,-0.00169,0.02278,0.84314,0,0.00137,-0.00069
1.6740,-0.36321,0.00012,0.00319,-0.00030,0.01146,0.00144,0.29843,-0.11571,-0.00125,-0.00409,-0.00043,-0.11971,-0.00168,0.02246,0.84317,0,0.00137,-0.00069
1.6760,-0.36321,0.00012,0.00321,-0.00030,0.01134,0.00144,0.29843,-0.11585,-0.00125,-0.00405,-0.00042,-0.11976,-0.00167,0.02246,0.84317,0,0.00137,-0.00069
1.6780,-0.36321,0.00012,0.00323,-0.00030,0.01133,0.00144,0.29843,-0.11599,-0.00125,-0.00402,-0.00041,-0.11994,-0.00166,0.02197,0.84311,0,0.00137,-0.00069
1.6800,-0.36321,0.00012,0.00325,-0.00030,0.01143,0.00143,0.29843,-0.11613,-0.00125,-0.00398,-0.00039,-0.12011,-0.00164,0.02178,0.84314,0,0.00137,-0.00069
1.6820,-0.36321,0.00012,0.00328,-0.00029,0.01152,0.00143,0.29843,-0.11627,-0.00125,-0.00394,-0.00038,-0.12021,-0.00163,0.02158,0.84315,0,0.00137,-0.00069
1.6840,-0.36321,0.00012,0.00330,-0.00029,0.01155,0.00142,0.29843,-0.11641,-0.00125,-0.00390,-0.00037,-0.12031,-0.00162,0.02134,0.84312,0,0.00137,-0.00069
1.6860,-0.36321,0.00012,0.00332,-0.00029,0.01158,0.00142,0.29843,-0.11655,-0.00126,-0.00386,-0.00036,-0.12041,-0.00161,0.02105,0.84310,0,0.00137,-0.00069
1.6881,-0.36321,0.00012,0.00335,-0.00028,0.01160,0.00141,0.29843,-0.11669,-0.00126,-0.00382,-0.00034,-0.12051,-0.00160,0.02085,0.84312,0,0.00137,-0.00069
1.6901,-0.36321,0.00012,0.00337,-0.00028,0.01163,0.00141,0.29843,-0.11682,-0.00126,-0.00378,-0.00033,-0.12061,-0.00159,0.02062,0.84312,0,0.00137,-0.00069
1.6921,-0.36321,0.00012,0.00339,-0.00028,0.01166,0.00140,0.29843,-0.11696,-0.00126,-0.00374,-0.00032,-0.12071,-0.00158,0.02038,0.84312,0,0.00137,-0.00069
1.6941,-0.36321,0.00012,0.00342,-0.00028,0.01169,0.00140,0.29843,-0.11710,-0.00126,-0.00370,-0.00031,-0.12080,-0.00157,0.02014,0.84309,0,0.00137,-0.00069
1.6961,-0.36321,0.00012,0.00344,-0.00027,0.01172,0.00139,0.29843,-0.11724,-0.00126,-0.00366,-0.00029,-0.12090,-0.00156,0.01992,0.84310,0,0.00137,-0.00069
1.6981,-0.36321,0.00012,0.00346,-0.00027,0.01174,0.00139,0.29843,-0.11738,-0.00126,-0.00362,-0.00028,-0.12100,-0.00154,0.01965,0.84309,0,0.00137,-0.00069
1.7001,-0.36321,0.00012,0.00349,-0.00027,0.01177,0.00138,0.29843,-0.11752,-0.00127,-0.00358,-0.00027,-0.12110,-0.00153,0.01944,0.84309,0,0.00137,-0.00069
1.7022,-0.34917,0.00119,0.00298,-0.00080,0.01034,-0.00049,0.29727,-0.11766,-0.00127,-0.00181,-0.00246,-0.12107,-0.00165,0.01919,0.84311,0,0.00201,-0.00134
1.7042,-0.34917,0.00119,0.00301,-0.00080,0.01026,-0.00038,0.29727,-0.11780,-0.00127,-0.00178,-0.00247,-0.12092,-0.00190,0.01896,0.84306,0,0.00201,-0.00134
1.7062,-0.34917,0.00119,0.00303,-0.00080,0.01008,-0.00016,0.29727,-0.11794,-0.00127,-0.00176,-0.00247,-0.12063,-0.00227,0.01872,0.84308,0,0.00201,-0.00134
1.7082,-0.34917,0.00119,0.00305,-0.00080,0.00978,0.00018,0.29727,-0.11807,-0.00127,-0.00174,-0.00247,-0.12022,-0.00277,0.01844,0.84310,0,0.00201,-0.00134
1.7102,-0.34917,0.00119,0.00306,-0.00080,0.00938,0.00062,0.29727,-0.11821,-0.00127,-0.00172,-0.00247,-0.11993,-0.00340,0.01821,0.84308,0,0.00201,-0.00134
1.7122,-0.34917,0.00119,0.00308,-0.00080,0.00908,0.00117,0.29727,-0.11835,-0.00127,-0.00170,-0.00246,-0.11977,-0.00390,0.01792,0.84308,0,0.00201,-0.00134
1.7142,-0.34917,0.00119,0.00310,-0.00079,0.00889,0.00161,0.29727,-0.11849,-0.00128,-0.00169,-0.00245,-0.11973,-0.00427,0.01771,0.84308,0,0.00201,-0.00134
1.7162,-0.34917,0.00119,0.00312,-0.00079,0.00881,0.00194,0.29727,-0.11863,-0.00128,-0.00167,-0.00243,-0.11983,-0.00452,0.01751,0.84307,0,0.00201,-0.00134
1.7182,-0.34917,0.00119,0.00314,-0.00079,0.00884,0.00217,0.29727,-0.11877,-0.00128,-0.00166,-0.00241,-0.12005,-0.00464,0.01725,0.84304,0,0.00201,-0.00134
1.7202,-0.34917,0.00119,0.00315,-0.00078,0.00897,0.00228,0.29727,-0.11891,-0.00128,-0.00165,-0.00239,-0.12040,-0.00463,0.01702,0.84305,0,0.00201,-0.00134
1.7222,-0.34917,0.00119,0.00317,-0.00078,0.00922,0.00228,0.29727,-0.11905,-0.00128,-0.00164,-0.00237,-0.12068,-0.00449,0.01677,0.84300,0,0.00201,-0.00134
1.7242,-0.34917,0.00119,0.00319,-0.00077,0.00941,0.00218,0.29727,-0.11918,-0.00128,-0.00162,-0.00235,-0.12084,-0.00422,0.01649,0.84300,0,0.00201,-0.00134
1.7262,-0.34917,0.00119,0.00321,-0.00077,0.00948,0.00196,0.29727,-0.11932,-0.00128,-0.00160,-0.00233,-0.12093,-0.00383,0.01630,0.84301,0,0.00201,-0.00134
1.7283,-0.34917,0.00119,0.00323,-0.00077,0.00951,0.00164,0.29727,-0.11946,-0.00129,-0.00158,-0.00232,-0.12105,-0.00356,0.01600,0.84300,0,0.00201,-0.00134
1.7303,-0.34917,0.00119,0.00325,-0.00076,0.00956,0.00142,0.29727,-0.11960,-0.00129,-0.00157,-0.00230,-0.12117,-0.00342,0.01577,0.84300,0,0.00201,-0.00134
1.7323,-0.34917,0.00119,0.00327,-0.00076,0.00960,0.00132,0.29727,-0.11974,-0.00129,-0.00155,-0.00229,-0.12129,-0.00341,0.01554,0.84299,0,0.00201,-0.00134
1.7343,-0.34917,0.00119,0.00329,-0.00076,0.00965,0.00132,0.29727,-0.11988,-0.00129,-0.00153,-0.00228,-0.12141,-0.00353,0.01534,0.84304,0,0.00201,-0.00134
1.7363,-0.34917,0.00119,0.00331,-0.00075,0.00970,0.00143,0.29727,-0.12002,-0.00129,-0.00151,-0.00227,-0.12153,-0.00356,0.01503,0.84306,0,0.00201,-0.00134
1.7383,-0.34917,0.00119,0.00333,-0.00075,0.00974,0.00147,0.29727,-0.12016,-0.00129,-0.00149,-0.00226,-0.12164,-0.00355,0.01482,0.84300,0,0.00201,-0.00134
1.7403,-0.34917,0.00119,0.00334,-0.00075,0.00979,0.00148,0.29727,-0.12029,-0.00130,-0.00147,-0.00224,-0.12176,-0.00354,0.01460,0.84301,0,0.00201,-0.00134
1.7423,-0.34917,0.00119,0.00336,-0.00075,0.00983,0.00148,0.29727,-0.12043,-0.00130,-0.00145,-0.00223,-0.12188,-0.00353,0.01431,0.84298,0,0.00201,-0.00134
1.7443,-0.34917,0.00119,0.00338,-0.00074,0.00988,0.00148,0.29727,-0.12057,-0.00130,-0.00143,-0.00222,-0.12200,-0.00351,0.01408,0.84300,0,0.00201,-0.00134
1.7463,-0.34917,0.00119,0.00340,-0.00074,0.00992,0.00148,0.29727,-0.12071,-0.00130,-0.00141,-0.00220,-0.12212,-0.00350,0.01381,0.84297,0,0.00201,-0.00134
1.7483,-0.34917,0.00119,0.00342,-0.00074,0.00996,0.00149,0.29727,-0.12085,-0.00130,-0.00139,-0.00219,-0.12224,-0.00349,0.01355,0.84294,0,0.00201,-0.00134
1.7503,-0.34917,0.00119,0.00344,-0.00073,0.01001,0.00149,0.29727,-0.12099,-0.00130,-0.00136,-0.00218,-0.12235,-0.00348,0.01330,0.84296,0,0.00201,-0.00134
1.7523,-0.34917,0.00119,0.00346,-0.00073,0.01005,0.00149,0.29727,-0.12113,-0.00130,-0.00134,-0.00216,-0.12247,-0.00347,0.01306,0.84298,0,0.00201,-0.00134
1.7544,-0.34917,0.00119,0.00348,-0.00073,0.01009,0.00149,0.29727,-0.12127,-0.00131,-0.00132,-0.00215,-0.12259,-0.00346,0.01276,0.84296,0,0.00201,-0.00134
1.7564,-0.34917,0.00119,0.00350,-0.00073,0.01013,0.00150,0.29727,-0.12141,-0.00131,-0.00130,-0.00214,-0.12270,-0.00344,0.01253,0.84295,0,0.00201,-0.00134
1.7584,-0.34917,0.00119,0.00352,-0.00072,0.01017,0.00150,0.29727,-0.12154,-0.00131,-0.00128,-0.00212,-0.12282,-0.00343,0.01222,0.84292,0,0.00201,-0.00134
1.7604,-0.34917,0.00119,0.00354,-0.00072,0.01021,0.00150,0.29727,-0.12168,-0.00131,-0.00125,-0.00211,-0.12294,-0.00342,0.01200,0.84292,0,0.00201,-0.00134
1.7624,-0.34917,0.00119,0.00357,-0.00072,0.01025,0.00150,0.29727,-0.12182,-0.00131,-0.00123,-0.00210,-0.12305,-0.00341,0.01181,0.84291,0,0.00201,-0.00134
1.7644,-0.34917,0.00119,0.00359,-0.00071,0.01029,0.00150,0.29727,-0.12196,-0.00131,-0.00121,-0.00208,-0.12317,-0.00340,0.01154,0.84293,0,0.00201,-0.00134
1.7664,-0.34917,0.00119,0.00361,-0.00071,0.01033,0.00150,0.29727,-0.12210,-0.00131,-0.00118,-0.00207,-0.12328,-0.00338,0.01132,0.84291,0,0.00201,-0.00134
1.7684,-0.35047,0.00257,0.00357,-0.00164,0.01016,-0.00197,0.29076,-0.12224,-0.00132,-0.00181,-0.00604,-0.12352,-0.00350,0.01107,0.84293,0,0.00313,-0.00253
1.7704,-0.35047,0.00257,0.00359,-0.00164,0.01030,-0.00184,0.29076,-0.12238,-0.00132,-0.00178,-0.00606,-0.12389,-0.00374,0.01086,0.84290,0,0.00313,-0.00253
1.7724,-0.35047,0.00257,0.00361,-0.00165,0.01056,-0.00161,0.29076,-0.12251,-0.00132,-0.00176,-0.00608,-0.12427,-0.00412,0.01059,0.84286,0,0.00313,-0.00253
1.7744,-0.35047,0.00257,0.00364,-0.00165,0.01082,-0.00126,0.29076,-0.12265,-0.00132,-0.00173,-0.00609,-0.12452,-0.00462,0.01033,0.84283,0,0.00313,-0.00253
1.7764,-0.35047,0.00257,0.00366,-0.00165,0.01098,-0.00081,0.29076,-0.12279,-0.00132,-0.00170,-0.00610,-0.12465,-0.00524,0.01009,0.84286,0,0.00313,-0.00253
1.7784,-0.35047,0.00257,0.00368,-0.00165,0.01102,-0.00024,0.29076,-0.12293,-0.00132,-0.00167,-0.00611,-0.12464,-0.00600,0.00987,0.84288,0,0.00313,-0.00253
1.7804,-0.35047,0.00257,0.00370,-0.00165,0.01096,0.00043,0.29076,-0.12307,-0.00133,-0.00164,-0.00611,-0.12471,-0.00688,0.00966,0.84285,0,0.00313,-0.00253
1.7824,-0.35047,0.00257,0.00372,-0.00165,0.01095,0.00122,0.29076,-0.12321,-0.00133,-0.00161,-0.00610,-0.12482,-0.00764,0.00937,0.84283,0,0.00313,-0.00253
1.7844,-0.35047,0.00257,0.00374,-0.00165,0.01098,0.00189,0.29076,-0.12334,-0.00133,-0.00158,-0.00609,-0.12492,-0.00827,0.00913,0.84283,0,0.00313,-0.00253
1.7864,-0.35047,0.00257,0.00377,-0.00164,0.01101,0.00245,0.29076,-0.12348,-0.00133,-0.00155,-0.00607,-0.12503,-0.00877,0.00885,0.84279,0,0.00313,-0.00253
1.7884,-0.35047,0.00257,0.00379,-0.00164,0.01104,0.00291,0.29076,-0.12362,-0.00133,-0.00152,-0.00604,-0.12514,-0.00914,0.00862,0.84279,0,0.00313,-0.00253
1.7904,-0.35047,0.00257,0.00381,-0.00163,0.01107,0.00325,0.29076,-0.12376,-0.00133,-0.00149,-0.00602,-0.12525,-0.00938,0.00829,0.84277,0,0.00313,-0.00253
1.7924,-0.35047,0.00257,0.00383,-0.00162,0.01109,0.00349,0.29076,-0.12390,-0.00133,-0.00146,-0.00598,-0.12536,-0.00950,0.00808,0.84277,0,0.00313,-0.00253
1.7944,-0.35047,0.00257,0.00386,-0.00162,0.01112,0.00362,0.29076,-0.12403,-0.00134,-0.00143,-0.00595,-0.12546,-0.00949,0.00787,0.84272,0,0.00313,-0.00253
1.7964,-0.35047,0.00257,0.00388,-0.00161,0.01115,0.00363,0.29076,-0.12417,-0.00134,-0.00140,-0.00592,-0.12557,-0.00935,0.00759,0.84273,0,0.00313,-0.00253
1.7984,-0.35047,0.00257,0.00390,-0.00160,0.01117,0.00354,0.29076,-0.12431,-0.00134,-0.00137,-0.00588,-0.12568,-0.00908,0.00733,0.84269,0,0.00313,-0.00253
1.8004,-0.35047,0.00257,0.00392,-0.00160,0.01120,0.00334,0.29076,-0.12445,-0.00134,-0.00134,-0.00585,-0.12579,-0.00869,0.00711,0.84270,0,0.00313,-0.00253
1.8024,-0.35047,0.00257,0.00394,-0.00159,0.01122,0.00303,0.29076,-0.12459,-0.00134,-0.00131,-0.00582,-0.12589,-0.00816,0.00684,0.84272,0,0.00313,-0.00253
1.8044,-0.35047,0.00257,0.00397,-0.00158,0.01125,0.00260,0.29076,-0.12473,-0.00134,-0.00127,-0.00580,-0.12600,-0.00751,0.00662,0.84270,0,0.00313,-0.00253
1.8064,-0.35047,0.00257,0.00399,-0.00158,0.01127,0.00207,0.29076,-0.12486,-0.00134,-0.00124,-0.00578,-0.12611,-0.00699,0.00636,0.84270,0,0.00313,-0.00253
1.8084,-0.35047,0.00257,0.00401,-0.00158,0.01130,0.00165,0.29076,-0.12500,-0.00135,-0.00121,-0.00576,-0.12621,-0.00659,0.00614,0.84269,0,0.00313,-0.00253
1.8104,-0.35047,0.00257,0.00403,-0.00157,0.01132,0.00134,0.29076,-0.12514,-0.00135,-0.00118,-0.00575,-0.12632,-0.00632,0.00587,0.84264,0,0.00313,-0.00253
1.8124,-0.35047,0.00257,0.00406,-0.00157,0.01134,0.00114,0.29076,-0.12528,-0.00135,-0.00115,-0.00574,-0.12643,-0.00618,0.00565,0.84267,0,0.00313,-0.00253
1.8144,-0.35047,0.00257,0.00408,-0.00157,0.01137,0.00104,0.29076,-0.12542,-0.00135,-0.00112,-0.00573,-0.12653,-0.00617,0.00537,0.84266,0,0.00313,-0.00253
1.8164,-0.35047,0.00257,0.00410,-0.00157,0.01139,0.00106,0.29076,-0.12556,-0.00135,-0.00108,-0.00572,-0.12664,-0.00629,0.00518,0.84268,0,0.00313,-0.00253
1.8184,-0.35047,0.00257,0.00413,-0.00156,0.01141,0.00119,0.29076,-0.12569,-0.00135,-0.00105,-0.00571,-0.12675,-0.00653,0.00491,0.84266,0,0.00313,-0.00253
1.8204,-0.35047,0.00257,0.00415,-0.00156,0.01143,0.00142,0.29076,-0.12583,-0.00136,-0.00102,-0.00570,-0.12685,-0.00690,0.00461,0.84266,0,0.00313,-0.00253
1.8224,-0.35047,0.00257,0.00417,-0.00156,0.01145,0.00176,0.29076,-0.12597,-0.00136,-0.00099,-0.00568,-0.12696,-0.00715,0.00442,0.84262,0,0.00313,-0.00253
1.8244,-0.35047,0.00257,0.00419,-0.00155,0.01147,0.00200,0.29076,-0.12611,-0.00136,-0.00095,-0.00566,-0.12706,-0.00726,0.00411,0.84261,0,0.00313,-0.00253
1.8264,-0.35047,0.00257,0.00422,-0.00155,0.01149,0.00212,0.29076,-0.12625,-0.00136,-0.00092,-0.00565,-0.12717,-0.00725,0.00384,0.84260,0,0.00313,-0.00253
1.8284,-0.35047,0.00257,0.00424,-0.00155,0.01151,0.00214,0.29076,-0.12639,-0.00136,-0.00089,-0.00563,-0.12727,-0.00711,0.00360,0.84259,0,0.00313,-0.00253
1.8304,-0.35047,0.00257,0.00426,-0.00154,0.01153,0.00205,0.29076,-0.12652,-0.00136,-0.00085,-0.00561,-0.12738,-0.00697,0.00336,0.84257,0,0.00313,-0.00253
1.8324,-0.35047,0.00257,0.00429,-0.00154,0.01155,0.00195,0.29076,-0.12666,-0.00136,-0.00082,-0.00559,-0.12748,-0.00695,0.00314,0.84255,0,0.00313,-0.00253
1.8344,-0.35047,0.00257,0.00431,-0.00153,0.01156,0.00196,0.29076,-0.12680,-0.00137,-0.00079,-0.00557,-0.12759,-0.00694,0.00287,0.84255,0,0.00313,-0.00253
1.8364,-0.35047,0.00257,0.00433,-0.00153,0.01158,0.00198,0.29076,-0.12694,-0.00137,-0.00075,-0.00555,-0.12769,-0.00692,0.00255,0.84252,0,0.00313,-0.00253
1.8385,-0.35047,0.00257,0.00436,-0.00153,0.01160,0.00199,0.29076,-0.12708,-0.00137,-0.00072,-0.00554,-0.12780,-0.00690,0.00235,0.84254,0,0.00313,-0.00253
1.8405,-0.35160,0.00245,0.00448,-0.00196,0.01197,0.00040,0.28532,-0.12722,-0.00137,-0.00053,-0.00765,-0.12778,-0.00702,0.00210,0.84247,0,0.00410,-0.00243
1.8425,-0.35160,0.00245,0.00451,-0.00196,0.01188,0.00053,0.28532,-0.12736,-0.00137,-0.00050,-0.00764,-0.12786,-0.00726,0.00183,0.84252,0,0.00410,-0.00243
1.8445,-0.35160,0.00245,0.00453,-0.00196,0.01186,0.00077,0.28532,-0.12750,-0.00137,-0.00046,-0.00764,-0.12796,-0.00762,0.00154,0.84251,0,0.00410,-0.00243
1.8465,-0.35160,0.00245,0.00455,-0.00196,0.01187,0.00112,0.28532,-0.12763,-0.00137,-0.00043,-0.00763,-0.12806,-0.00812,0.00133,0.84250,0,0.00410,-0.00243
1.8485,-0.35160,0.00245,0.00458,-0.00196,0.01188,0.00157,0.28532,-0.12777,-0.00138,-0.00039,-0.00762,-0.12816,-0.00874,0.00108,0.84247,0,0.00410,-0.00243
1.8505,-0.35160,0.00245,0.00460,-0.00195,0.01189,0.00214,0.28532,-0.12791,-0.00138,-0.00036,-0.00760,-0.12827,-0.00924,0.00083,0.84247,0,0.00410,-0.00243
1.8525,-0.35160,0.00245,0.00463,-0.00195,0.01190,0.00259,0.28532,-0.12805,-0.00138,-0.00032,-0.00758,-0.12837,-0.00961,0.00053,0.84244,0,0.00410,-0.00243
1.8545,-0.35160,0.00245,0.00465,-0.00194,0.01191,0.00294,0.28532,-0.12819,-0.00138,-0.00028,-0.00755,-0.12847,-0.00985,0.00032,0.84240,0,0.00410,-0.00243
1.8565,-0.35160,0.00245,0.00467,-0.00194,0.01192,0.00318,0.28532,-0.12833,-0.00138,-0.00025,-0.00753,-0.12857,-0.00996,0.00007,0.84239,0,0.00410,-0.00243
1.8585,-0.35160,0.00245,0.00470,-0.00193,0.01193,0.00331,0.28532,-0.12846,-0.00138,-0.00021,-0.00750,-0.12868,-0.00994,-0.00018,0.84236,0,0.00410,-0.00243
1.8605,-0.35160,0.00245,0.00472,-0.00192,0.01194,0.00332,0.28532,-0.12860,-0.00138,-0.00018,-0.00747,-0.12878,-0.00980,-0.00047,0.84234,0,0.00410,-0.00243
1.8625,-0.35160,0.00245,0.00475,-0.00192,0.01195,0.00323,0.28532,-0.12874,-0.00139,-0.00014,-0.00744,-0.12888,-0.00952,-0.00071,0.84235,0,0.00410,-0.00243
1.8645,-0.35160,0.00245,0.00477,-0.00191,0.01196,0.00303,0.28532,-0.12888,-0.00139,-0.00011,-0.00741,-0.12899,-0.00912,-0.00093,0.84228,0,0.00410,-0.00243
1.8665,-0.35160,0.00245,0.00479,-0.00191,0.01196,0.00272,0.28532,-0.12902,-0.00139,-0.00007,-0.00738,-0.12909,-0.00877,-0.00130,0.84226,0,0.00410,-0.00243
1.8685,-0.35160,0.00245,0.00482,-0.00190,0.01197,0.00245,0.28532,-0.12916,-0.00139,-0.00003,-0.00736,-0.12919,-0.00854,-0.00156,0.84225,0,0.00410,-0.00243
1.8705,-0.35160,0.00245,0.00484,-0.00190,0.01198,0.00229,0.28532,-0.12929,-0.00139,0.00000,-0.00733,-0.12929,-0.00844,-0.00178,0.84221,0,0.00410,-0.00243
1.8725,-0.35160,0.00245,0.00487,-0.00189,0.01198,0.00224,0.28532,-0.12943,-0.00139,0.00004,-0.00731,-0.12940,-0.00847,-0.00202,0.84221,0,0.00410,-0.00243
1.8745,-0.35160,0.00245,0.00489,-0.00189,0.01199,0.00229,0.28532,-0.12957,-0.00140,0.00007,-0.00729,-0.12950,-0.00863,-0.00232,0.84224,0,0.00410,-0.00243
1.8765,-0.35160,0.00245,0.00491,-0.00188,0.01199,0.00246,0.28532,-0.12971,-0.00140,0.00011,-0.00727,-0.12960,-0.00867,-0.00256,0.84221,0,0.00410,-0.00243
1.8785,-0.35160,0.00245,0.00494,-0.00188,0.01200,0.00252,0.28532,-0.12985,-0.00140,0.00014,-0.00725,-0.12971,-0.00865,-0.00287,0.84218,0,0.00410,-0.00243
1.8805,-0.35160,0.00245,0.00496,-0.00187,0.01201,0.00254,0.28532,-0.12999,-0.00140,0.00018,-0.00723,-0.12981,-0.00863,-0.00304,0.84216,0,0.00410,-0.00243
1.8825,-0.35160,0.00245,0.00499,-0.00187,0.01201,0.00255,0.28532,-0.13013,-0.00140,0.00021,-0.00720,-0.12991,-0.00860,-0.00332,0.84212,0,0.00410,-0.00243
1.8845,-0.35160,0.00245,0.00501,-0.00186,0.01201,0.00256,0.28532,-0.13027,-0.00140,0.00025,-0.00718,-0.13002,-0.00858,-0.00358,0.84211,0,0.00410,-0.00243
1.8865,-0.35160,0.00245,0.00503,-0.00186,0.01202,0.00257,0.28532,-0.13040,-0.00140,0.00028,-0.00716,-0.13012,-0.00856,-0.00383,0.84207,0,0.00410,-0.00243
1.8885,-0.35160,0.00245,0.00506,-0.00185,0.01202,0.00259,0.28532,-0.13054,-0.00141,0.00032,-0.00713,-0.13022,-0.00854,-0.00413,0.84205,0,0.00410,-0.00243
1.8905,-0.35160,0.00245,0.00508,-0.00185,0.01202,0.00260,0.28532,-0.13068,-0.00141,0.00035,-0.00711,-0.13033,-0.00852,-0.00435,0.84205,0,0.00410,-0.00243
1.8925,-0.35160,0.00245,0.00511,-0.00184,0.01203,0.00261,0.28532,-0.13082,-0.00141,0.00039,-0.00709,-0.13043,-0.00849,-0.00470,0.84201,0,0.00410,-0.00243
1.8946,-0.35160,0.00245,0.00513,-0.00184,0.01203,0.00262,0.28532,-0.13096,-0.00141,0.00042,-0.00706,-0.13054,-0.00847,-0.00492,0.84201,0,0.00410,-0.00243
1.8966,-0.35160,0.00245,0.00515,-0.00183,0.01203,0.00263,0.28532,-0.13110,-0.00141,0.00046,-0.00704,-0.13064,-0.00845,-0.00515,0.84197,0,0.00410,-0.00243
1.8986,-0.35160,0.00245,0.00518,-0.00182,0.01203,0.00264,0.28532,-0.13124,-0.00141,0.00049,-0.00701,-0.13074,-0.00843,-0.00548,0.84195,0,0.00410,-0.00243
1.9006,-0.35160,0.00245,0.00520,-0.00182,0.01204,0.00266,0.28532,-0.13137,-0.00141,0.00053,-0.00699,-0.13085,-0.00840,-0.00571,0.84192,0,0.00410,-0.00243
1.9026,-0.32619,0.00382,0.00481,-0.00203,0.01064,0.00192,0.26768,-0.13151,-0.00142,0.00623,-0.00759,-0.13082,-0.00851,-0.00597,0.84189,0,0.00392,-0.00235
1.9046,-0.32619,0.00382,0.00483,-0.00203,0.01053,0.00204,0.26768,-0.13165,-0.00142,0.00625,-0.00758,-0.13067,-0.00874,-0.00621,0.84193,0,0.00392,-0.00235
1.9066,-0.32619,0.00382,0.00485,-0.00203,0.01032,0.00228,0.26768,-0.13179,-0.00142,0.00627,-0.00756,-0.13039,-0.00898,-0.00648,0.84190,0,0.00392,-0.00235
1.9086,-0.32619,0.00382,0.00487,-0.00202,0.01000,0.00251,0.26768,-0.13193,-0.00142,0.00629,-0.00754,-0.12998,-0.00908,-0.00673,0.84184,0,0.00392,-0.00235
1.9106,-0.32619,0.00382,0.00489,-0.00202,0.00957,0.00264,0.26768,-0.13207,-0.00142,0.00630,-0.00751,-0.12944,-0.00906,-0.00699,0.84189,0,0.00392,-0.00235
1.9126,-0.32619,0.00382,0.00491,-0.00201,0.00903,0.00265,0.26768,-0.13221,-0.00142,0.00631,-0.00749,-0.12878,-0.00891,-0.00726,0.84182,0,0.00392,-0.00235
1.9146,-0.32619,0.00382,0.00493,-0.00201,0.00838,0.00256,0.26768,-0.13235,-0.00143,0.00631,-0.00746,-0.12798,-0.00889,-0.00747,0.84181,0,0.00392,-0.00235
1.9167,-0.32619,0.00382,0.00495,-0.00200,0.00762,0.00257,0.26768,-0.13249,-0.00143,0.00631,-0.00744,-0.12706,-0.00887,-0.00780,0.84180,0,0.00392,-0.00235
1.9187,-0.32619,0.00382,0.00496,-0.00199,0.00675,0.00259,0.26768,-0.13262,-0.00143,0.00630,-0.00742,-0.12627,-0.00885,-0.00806,0.84177,0,0.00392,-0.00235
1.9207,-0.32619,0.00382,0.00497,-0.00199,0.00598,0.00260,0.26768,-0.13276,-0.00143,0.00628,-0.00739,-0.12561,-0.00882,-0.00829,0.84175,0,0.00392,-0.00235
1.9227,-0.32619,0.00382,0.00498,-0.00198,0.00533,0.00262,0.26768,-0.13290,-0.00143,0.00625,-0.00737,-0.12507,-0.00880,-0.00851,0.84169,0,0.00392,-0.00235
1.9247,-0.32619,0.00382,0.00500,-0.00198,0.00479,0.00263,0.26768,-0.13304,-0.00143,0.00622,-0.00735,-0.12466,-0.00878,-0.00878,0.84173,0,0.00392,-0.00235
1.9267,-0.32619,0.00382,0.00500,-0.00197,0.00436,0.00264,0.26768,-0.13318,-0.00143,0.00618,-0.00732,-0.12438,-0.00876,-0.00900,0.84168,0,0.00392,-0.00235
1.9287,-0.32619,0.00382,0.00501,-0.00197,0.00403,0.00266,0.26768,-0.13332,-0.00144,0.00614,-0.00730,-0.12423,-0.00873,-0.00929,0.84167,0,0.00392,-0.00235
1.9307,-0.32619,0.00382,0.00502,-0.00196,0.00382,0.00267,0.26768,-0.13345,-0.00144,0.00610,-0.00727,-0.12420,-0.00871,-0.00953,0.84169,0,0.00392,-0.00235
1.9327,-0.32619,0.00382,0.00503,-0.00196,0.00371,0.00268,0.26768,-0.13359,-0.00144,0.00606,-0.00725,-0.12430,-0.00869,-0.00972,0.84165,0,0.00392,-0.00235
1.9347,-0.32619,0.00382,0.00504,-0.00195,0.00372,0.00270,0.26768,-0.13373,-0.00144,0.00601,-0.00722,-0.12454,-0.00866,-0.01001,0.84161,0,0.00392,-0.00235
1.9367,-0.32619,0.00382,0.00504,-0.00195,0.00383,0.00271,0.26768,-0.13387,-0.00144,0.00597,-0.00720,-0.12489,-0.00864,-0.01025,0.84157,0,0.00392,-0.00235
1.9387,-0.32619,0.00382,0.00505,-0.00194,0.00405,0.00272,0.26768,-0.13401,-0.00144,0.00592,-0.00717,-0.12538,-0.00862,-0.01048,0.84156,0,0.00392,-0.00235
1.9407,-0.32619,0.00382,0.00506,-0.00194,0.00438,0.00274,0.26768,-0.13415,-0.00144,0.00588,-0.00715,-0.12600,-0.00859,-0.01075,0.84158,0,0.00392,-0.00235
1.9427,-0.32619,0.00382,0.00507,-0.00193,0.00482,0.00275,0.26768,-0.13428,-0.00145,0.00585,-0.00712,-0.12674,-0.00857,-0.01102,0.84154,0,0.00392,-0.00235
1.9447,-0.32619,0.00382,0.00508,-0.00193,0.00537,0.00276,0.26768,-0.13442,-0.00145,0.00581,-0.00710,-0.12761,-0.00855,-0.01130,0.84153,0,0.00392,-0.00235
1.9467,-0.32619,0.00382,0.00509,-0.00192,0.00603,0.00277,0.26768,-0.13456,-0.00145,0.00579,-0.00707,-0.12861,-0.00852,-0.01157,0.84148,0,0.00392,-0.00235
1.9487,-0.32619,0.00382,0.00510,-0.00191,0.00680,0.00278,0.26768,-0.13470,-0.00145,0.00577,-0.00705,-0.12948,-0.00850,-0.01180,0.84149,0,0.00392,-0.00235
1.9507,-0.32619,0.00382,0.00512,-0.00191,0.00746,0.00279,0.26768,-0.13484,-0.00145,0.00575,-0.00702,-0.13022,-0.00848,-0.01215,0.84145,0,0.00392,-0.00235
1.9527,-0.32619,0.00382,0.00513,-0.00190,0.00801,0.00281,0.26768,-0.13498,-0.00145,0.00574,-0.00700,-0.13084,-0.00845,-0.01240,0.84144,0,0.00392,-0.00235
1.9547,-0.32619,0.00382,0.00515,-0.00190,0.00845,0.00282,0.26768,-0.13511,-0.00146,0.00574,-0.00697,-0.13133,-0.00843,-0.01269,0.84141,0,0.00392,-0.00235
1.9567,-0.32619,0.00382,0.00517,-0.00189,0.00878,0.00283,0.26768,-0.13525,-0.00146,0.00574,-0.00695,-0.13169,-0.00840,-0.01291,0.84139,0,0.00392,-0.00235
1.9587,-0.32619,0.00382,0.00518,-0.00189,0.00900,0.00284,0.26768,-0.13539,-0.00146,0.00574,-0.00692,-0.13192,-0.00838,-0.01324,0.84139,0,0.00392,-0.00235
1.9607,-0.32619,0.00382,0.00520,-0.00188,0.00911,0.00285,0.26768,-0.13553,-0.00146,0.00575,-0.00689,-0.13202,-0.00835,-0.01348,0.84136,0,0.00392,-0.00235
1.9627,-0.32619,0.00382,0.00522,-0.00187,0.00911,0.00286,0.26768,-0.13567,-0.00146,0.00575,-0.00687,-0.13199,-0.00833,-0.01375,0.84135,0,0.00392,-0.00235
1.9647,-0.32619,0.00382,0.00524,-0.00187,0.00900,0.00287,0.26768,-0.13581,-0.00146,0.00576,-0.00684,-0.13184,-0.00830,-0.01404,0.84131,0,0.00392,-0.00235
1.9667,-0.32619,0.00382,0.00526,-0.00186,0.00878,0.00288,0.26768,-0.13595,-0.00146,0.00576,-0.00682,-0.13156,-0.00828,-0.01425,0.84129,0,0.00392,-0.00235
1.9687,-0.32619,0.00382,0.00527,-0.00186,0.00845,0.00289,0.26768,-0.13608,-0.00147,0.00576,-0.00679,-0.13115,-0.00825,-0.01451,0.84134,0,0.00392,-0.00235
1.9708,-0.31301,0.00186,0.00429,-0.00107,0.00481,0.00557,0.27024,-0.13623,-0.00147,0.00498,-0.00363,-0.13087,-0.00810,-0.01474,0.84128,0,0.00315,-0.00047
1.9728,-0.31301,0.00186,0.00430,-0.00105,0.00450,0.00546,0.27024,-0.13637,-0.00147,0.00494,-0.00358,-0.13072,-0.00782,-0.01500,0.84127,0,0.00315,-0.00047
1.9748,-0.31301,0.00186,0.00431,-0.00104,0.00429,0.00523,0.27024,-0.13651,-0.00147,0.00490,-0.00353,-0.13069,-0.00741,-0.01524,0.84123,0,0.00315,-0.00047
1.9768,-0.31301,0.00186,0.00432,-0.00103,0.00420,0.00490,0.27024,-0.13664,-0.00147,0.00486,-0.00348,-0.13080,-0.00687,-0.01547,0.84121,0,0.00315,-0.00047
1.9788,-0.31301,0.00186,0.00433,-0.00102,0.00422,0.00446,0.27024,-0.13678,-0.00147,0.00482,-0.00344,-0.13103,-0.00621,-0.01575,0.84119,0,0.00315,-0.00047
1.9808,-0.31301,0.00186,0.00433,-0.00102,0.00434,0.00391,0.27024,-0.13692,-0.00147,0.00477,-0.00340,-0.13139,-0.00542,-0.01591,0.84120,0,0.00315,-0.00047
1.9828,-0.31301,0.00186,0.00434,-0.00101,0.00457,0.00325,0.27024,-0.13706,-0.00148,0.00473,-0.00337,-0.13187,-0.00475,-0.01618,0.84119,0,0.00315,-0.00047
1.9848,-0.31301,0.00186,0.00435,-0.00100,0.00492,0.00270,0.27024,-0.13720,-0.00148,0.00470,-0.00334,-0.13249,-0.00422,-0.01646,0.84112,0,0.00315,-0.00047
1.9868,-0.31301,0.00186,0.00436,-0.00100,0.00537,0.00225,0.27024,-0.13734,-0.00148,0.00466,-0.00332,-0.13298,-0.00381,-0.01673,0.84115,0,0.00315,-0.00047
1.9888,-0.31301,0.00186,0.00437,-0.00099,0.00571,0.00192,0.27024,-0.13747,-0.00148,0.00463,-0.00330,-0.13334,-0.00353,-0.01696,0.84118,0,0.00315,-0.00047
1.9908,-0.31301,0.00186,0.00439,-0.00099,0.00595,0.00170,0.27024,-0.13761,-0.00148,0.00460,-0.00328,-0.13357,-0.00337,-0.01724,0.84114,0,0.00315,-0.00047
1.9928,-0.31301,0.00186,0.00440,-0.00099,0.00607,0.00158,0.27024,-0.13775,-0.00148,0.00458,-0.00327,-0.13367,-0.00335,-0.01753,0.84115,0,0.00315,-0.00047
1.9949,-0.31301,0.00186,0.00441,-0.00098,0.00608,0.00158,0.27024,-0.13789,-0.00148,0.00455,-0.00326,-0.13364,-0.00345,-0.01783,0.84112,0,0.00315,-0.00047
1.9969,-0.31301,0.00186,0.00442,-0.00098,0.00599,0.00168,0.27024,-0.13803,-0.00149,0.00453,-0.00324,-0.13350,-0.00368,-0.01809,0.84115,0,0.00315,-0.00047
1.9989,-0.31301,0.00186,0.00443,-0.00098,0.00579,0.00190,0.27024,-0.13817,-0.00149,0.00450,-0.00322,-0.13349,-0.00404,-0.01844,0.84115,0,0.00315,-0.00047
2.0009,-0.31301,0.00186,0.00444,-0.00097,0.00571,0.00222,0.27024,-0.13831,-0.00149,0.00447,-0.00321,-0.13361,-0.00453,-0.01867,0.84110,0,0.00315,-0.00047
2.0029,-0.31301,0.00186,0.00446,-0.00097,0.00573,0.00265,0.27024,-0.13845,-0.00149,0.00444,-0.00318,-0.13385,-0.00489,-0.01894,0.84110,0,0.00315,-0.00047
2.0049,-0.31301,0.00186,0.00447,-0.00096,0.00586,0.00298,0.27024,-0.13858,-0.00149,0.00441,-0.00316,-0.13417,-0.00512,-0.01926,0.84108,0,0.00315,-0.00047
2.0069,-0.31301,0.00186,0.00448,-0.00096,0.00606,0.00319,0.27024,-0.13872,-0.00149,0.00439,-0.00313,-0.13436,-0.00522,-0.01948,0.84108,0,0.00315,-0.00047
2.0089,-0.31301,0.00186,0.00449,-0.00095,0.00615,0.00329,0.27024,-0.13886,-0.00150,0.00436,-0.00310,-0.13450,-0.00520,-0.01974,0.84107,0,0.00315,-0.00047
2.0109,-0.31301,0.00186,0.00450,-0.00094,0.00619,0.00329,0.27024,-0.13900,-0.00150,0.00434,-0.00307,-0.13466,-0.00504,-0.02005,0.84106,0,0.00315,-0.00047
2.0129,-0.31301,0.00186,0.00452,-0.00094,0.00626,0.00317,0.27024,-0.13914,-0.00150,0.00431,-0.00304,-0.13482,-0.00476,-0.02033,0.84100,0,0.00315,-0.00047
2.0149,-0.31301,0.00186,0.00453,-0.00093,0.00632,0.00295,0.27024,-0.13928,-0.00150,0.00429,-0.00301,-0.13499,-0.00451,-0.02061,0.84101,0,0.00315,-0.00047
2.0169,-0.31301,0.00186,0.00454,-0.00092,0.00638,0.00275,0.27024,-0.13941,-0.00150,0.00426,-0.00299,-0.13515,-0.00439,-0.02086,0.84101,0,0.00315,-0.00047
2.0189,-0.31301,0.00186,0.00456,-0.00092,0.00644,0.00266,0.27024,-0.13955,-0.00150,0.00424,-0.00296,-0.13531,-0.00440,-0.02110,0.84101,0,0.00315,-0.00047
2.0209,-0.31301,0.00186,0.00457,-0.00091,0.00651,0.00268,0.27024,-0.13969,-0.00150,0.00422,-0.00294,-0.13547,-0.00444,-0.02134,0.84102,0,0.00315,-0.00047
2.0229,-0.31301,0.00186,0.00458,-0.00091,0.00657,0.00274,0.27024,-0.13983,-0.00151,0.00420,-0.00291,-0.13563,-0.00442,-0.02162,0.84107,0,0.00315,-0.00047
2.0249,-0.31301,0.00186,0.00459,-0.00090,0.00663,0.00273,0.27024,-0.13997,-0.00151,0.00418,-0.00289,-0.13579,-0.00439,-0.02188,0.84100,0,0.00315,-0.00047
2.0269,-0.31301,0.00186,0.00461,-0.00090,0.00669,0.00273,0.27024,-0.14010,-0.00151,0.00415,-0.00286,-0.13595,-0.00437,-0.02212,0.84103,0,0.00315,-0.00047
2.0289,-0.31301,0.00186,0.00462,-0.00089,0.00674,0.00272,0.27024,-0.14024,-0.00151,0.00413,-0.00284,-0.13611,-0.00435,-0.02239,0.84100,0,0.00315,-0.00047
2.0309,-0.31301,0.00186,0.00463,-0.00089,0.00680,0.00272,0.27024,-0.14038,-0.00151,0.00411,-0.00281,-0.13627,-0.00432,-0.02264,0.84102,0,0.00315,-0.00047
2.0329,-0.31301,0.00186,0.00465,-0.00088,0.00686,0.00271,0.27024,-0.14052,-0.00151,0.00409,-0.00279,-0.13643,-0.00430,-0.02292,0.84098,0,0.00315,-0.00047
2.0349,-0.31301,0.00186,0.00466,-0.00088,0.00692,0.00271,0.27024,-0.14066,-0.00151,0.00407,-0.00276,-0.13658,-0.00428,-0.02318,0.84098,0,0.00315,-0.00047
2.0369,-0.31120,0.00141,0.00319,-0.00040,0.00176,0.00441,0.26423,-0.14080,-0.00152,-0.00242,-0.00065,-0.13687,-0.00413,-0.02349,0.84098,0,0.00161,-0.00009
2.0389,-0.31120,0.00141,0.00319,-0.00039,0.00195,0.00429,0.26423,-0.14094,-0.00152,-0.00249,-0.00061,-0.13729,-0.00385,-0.02371,0.84096,0,0.00161,-0.00009
2.0409,-0.31120,0.00141,0.00320,-0.00038,0.00225,0.00406,0.26423,-0.14107,-0.00152,-0.00256,-0.00057,-0.13783,-0.00344,-0.02402,0.84095,0,0.00161,-0.00009
2.0429,-0.31120,0.00141,0.00320,-0.00037,0.00266,0.00371,0.26423,-0.14121,-0.00152,-0.00262,-0.00053,-0.13850,-0.00291,-0.02432,0.84094,0,0.00161,-0.00009
2.0449,-0.31120,0.00141,0.00321,-0.00037,0.00318,0.00326,0.26423,-0.14135,-0.00152,-0.00267,-0.00050,-0.13930,-0.00224,-0.02459,0.84094,0,0.00161,-0.00009
2.0469,-0.31120,0.00141,0.00322,-0.00036,0.00381,0.00270,0.26423,-0.14149,-0.00152,-0.00273,-0.00048,-0.14022,-0.00171,-0.02486,0.84093,0,0.00161,-0.00009
2.0489,-0.31120,0.00141,0.00322,-0.00036,0.00455,0.00225,0.26423,-0.14163,-0.00153,-0.00277,-0.00045,-0.14128,-0.00130,-0.02515,0.84094,0,0.00161,-0.00009
2.0509,-0.31120,0.00141,0.00323,-0.00035,0.00539,0.00191,0.26423,-0.14177,-0.00153,-0.00281,-0.00043,-0.14246,-0.00102,-0.02551,0.84090,0,0.00161,-0.00009
2.0529,-0.31120,0.00141,0.00325,-0.00035,0.00635,0.00168,0.26423,-0.14190,-0.00153,-0.00284,-0.00042,-0.14377,-0.00087,-0.02569,0.84091,0,0.00161,-0.00009
2.0549,-0.31120,0.00141,0.00326,-0.00035,0.00742,0.00155,0.26423,-0.14204,-0.00153,-0.00286,-0.00040,-0.14495,-0.00085,-0.02602,0.84093,0,0.00161,-0.00009
2.0569,-0.31120,0.00141,0.00328,-0.00034,0.00837,0.00154,0.26423,-0.14218,-0.00153,-0.00287,-0.00039,-0.14601,-0.00095,-0.02631,0.84095,0,0.00161,-0.00009
2.0589,-0.31120,0.00141,0.00329,-0.00034,0.00922,0.00163,0.26423,-0.14232,-0.00153,-0.00287,-0.00038,-0.14694,-0.00118,-0.02659,0.84094,0,0.00161,-0.00009
2.0609,-0.31120,0.00141,0.00331,-0.00034,0.00995,0.00184,0.26423,-0.14246,-0.00153,-0.00287,-0.00036,-0.14773,-0.00154,-0.02690,0.84095,0,0.00161,-0.00009
2.0629,-0.31120,0.00141,0.00333,-0.00033,0.01058,0.00215,0.26423,-0.14260,-0.00154,-0.00286,-0.00034,-0.14840,-0.00188,-0.02724,0.84094,0,0.00161,-0.00009
2.0649,-0.31120,0.00141,0.00336,-0.00033,0.01110,0.00244,0.26423,-0.14273,-0.00154,-0.00284,-0.00032,-0.14895,-0.00208,-0.02749,0.84094,0,0.00161,-0.00009
2.0669,-0.31120,0.00141,0.00338,-0.00032,0.01150,0.00262,0.26423,-0.14287,-0.00154,-0.00282,-0.00030,-0.14936,-0.00216,-0.02780,0.84091,0,0.00161,-0.00009
2.0689,-0.31120,0.00141,0.00340,-0.00032,0.01180,0.00269,0.26423,-0.14301,-0.00154,-0.00279,-0.00027,-0.14965,-0.00211,-0.02812,0.84091,0,0.00161,-0.00009
2.0709,-0.31120,0.00141,0.00342,-0.00031,0.01199,0.00265,0.26423,-0.14315,-0.00154,-0.00277,-0.00025,-0.14981,-0.00193,-0.02840,0.84091,0,0.00161,-0.00009
2.0729,-0.31120,0.00141,0.00345,-0.00031,0.01207,0.00251,0.26423,-0.14329,-0.00154,-0.00274,-0.00023,-0.14984,-0.00177,-0.02866,0.84091,0,0.00161,-0.00009
2.0749,-0.31120,0.00141,0.00347,-0.00030,0.01203,0.00237,0.26423,-0.14343,-0.00154,-0.00271,-0.00020,-0.14974,-0.00174,-0.02903,0.84089,0,0.00161,-0.00009
2.0769,-0.31120,0.00141,0.00350,-0.00030,0.01189,0.00235,0.26423,-0.14356,-0.00155,-0.00268,-0.00018,-0.14951,-0.00173,-0.02925,0.84089,0,0.00161,-0.00009
2.0789,-0.31120,0.00141,0.00352,-0.00029,0.01164,0.00235,0.26423,-0.14370,-0.00155,-0.00266,-0.00016,-0.14916,-0.00171,-0.02950,0.84091,0,0.00161,-0.00009
2.0809,-0.31120,0.00141,0.00354,-0.00029,0.01128,0.00234,0.26423,-0.14384,-0.00155,-0.00264,-0.00014,-0.14868,-0.00169,-0.02982,0.84093,0,0.00161,-0.00009
2.0829,-0.31120,0.00141,0.00357,-0.00028,0.01081,0.00233,0.26423,-0.14398,-0.00155,-0.00262,-0.00012,-0.14807,-0.00167,-0.03014,0.84089,0,0.00161,-0.00009
2.0849,-0.31120,0.00141,0.00359,-0.00028,0.01023,0.00231,0.26423,-0.14412,-0.00155,-0.00261,-0.00010,-0.14733,-0.00165,-0.03038,0.84088,0,0.00161,-0.00009
2.0869,-0.31120,0.00141,0.00361,-0.00027,0.00954,0.00230,0.26423,-0.14425,-0.00155,-0.00260,-0.00008,-0.14672,-0.00163,-0.03069,0.84092,0,0.00161,-0.00009
2.0889,-0.31120,0.00141,0.00362,-0.00027,0.00895,0.00229,0.26423,-0.14439,-0.00155,-0.00260,-0.00006,-0.14624,-0.00161,-0.03101,0.84091,0,0.00161,-0.00009
2.0909,-0.31120,0.00141,0.00364,-0.00026,0.00848,0.00228,0.26423,-0.14453,-0.00156,-0.00260,-0.00004,-0.14589,-0.00159,-0.03125,0.84093,0,0.00161,-0.00009
2.0929,-0.31120,0.00141,0.00366,-0.00026,0.00812,0.00227,0.26423,-0.14467,-0.00156,-0.00261,-0.00002,-0.14566,-0.00157,-0.03146,0.84089,0,0.00161,-0.00009
2.0949,-0.31120,0.00141,0.00367,-0.00026,0.00786,0.00225,0.26423,-0.14481,-0.00156,-0.00262,0.00001,-0.14557,-0.00155,-0.03175,0.84087,0,0.00161,-0.00009
2.0969,-0.31120,0.00141,0.00369,-0.00025,0.00772,0.00224,0.26423,-0.14495,-0.00156,-0.00264,0.00003,-0.14560,-0.00154,-0.03206,0.84089,0,0.00161,-0.00009
2.0989,-0.31120,0.00141,0.00371,-0.00025,0.00768,0.00223,0.26423,-0.14509,-0.00156,-0.00265,0.00005,-0.14575,-0.00152,-0.03233,0.84085,0,0.00161,-0.00009
2.1009,-0.30979,0.00082,0.00225,0.00015,0.00324,0.00376,0.25735,-0.14523,-0.00156,-0.00921,0.00176,-0.14604,-0.00137,-0.03263,0.84087,0,0.00040,0.00041
2.1030,-0.30979,0.00082,0.00225,0.00016,0.00345,0.00363,0.25735,-0.14536,-0.00157,-0.00927,0.00179,-0.14646,-0.00110,-0.03290,0.84089,0,0.00040,0.00041
2.1050,-0.30979,0.00082,0.00226,0.00017,0.00377,0.00339,0.25735,-0.14550,-0.00157,-0.00932,0.00182,-0.14700,-0.00069,-0.03322,0.84086,0,0.00040,0.00041
2.1070,-0.30979,0.00082,0.00227,0.00017,0.00419,0.00305,0.25735,-0.14564,-0.00157,-0.00937,0.00185,-0.14767,-0.00016,-0.03351,0.84087,0,0.00040,0.00041
2.1090,-0.30979,0.00082,0.00228,0.00018,0.00473,0.00259,0.25735,-0.14578,-0.00157,-0.00941,0.00188,-0.14847,0.00031,-0.03380,0.84084,0,0.00040,0.00041
2.1110,-0.30979,0.00082,0.00229,0.00018,0.00537,0.00219,0.25735,-0.14592,-0.00157,-0.00945,0.00190,-0.14939,0.00065,-0.03412,0.84085,0,0.00040,0.00041
2.1130,-0.30979,0.00082,0.00230,0.00019,0.00612,0.00189,0.25735,-0.14606,-0.00157,-0.00949,0.00192,-0.15045,0.00086,-0.03445,0.84084,0,0.00040,0.00041
2.1150,-0.30979,0.00082,0.00231,0.00019,0.00699,0.00171,0.25735,-0.14620,-0.00157,-0.00951,0.00193,-0.15163,0.00095,-0.03472,0.84084,0,0.00040,0.00041
2.1170,-0.30979,0.00082,0.00233,0.00019,0.00796,0.00163,0.25735,-0.14634,-0.00158,-0.00953,0.00195,-0.15294,0.00090,-0.03504,0.84084,0,0.00040,0.00041
2.1190,-0.30979,0.00082,0.00234,0.00020,0.00904,0.00166,0.25735,-0.14647,-0.00158,-0.00954,0.00196,-0.15438,0.00073,-0.03543,0.84086,0,0.00040,0.00041
2.1210,-0.30979,0.00082,0.00236,0.00020,0.01023,0.00181,0.25735,-0.14661,-0.00158,-0.00954,0.00198,-0.15595,0.00043,-0.03577,0.84083,0,0.00040,0.00041
2.1230,-0.30979,0.00082,0.00239,0.00021,0.01153,0.00206,0.25735,-0.14675,-0.00158,-0.00952,0.00200,-0.15739,0.00026,-0.03611,0.84086,0,0.00040,0.00041
2.1251,-0.30979,0.00082,0.00241,0.00021,0.01272,0.00220,0.25735,-0.14689,-0.00158,-0.00950,0.00201,-0.15870,0.00022,-0.03636,0.84083,0,0.00040,0.00041
2.1270,-0.30979,0.00082,0.00244,0.00021,0.01379,0.00223,0.25735,-0.14703,-0.00158,-0.00946,0.00203,-0.15988,0.00031,-0.03668,0.84082,0,0.00040,0.00041
2.1291,-0.30979,0.00082,0.00246,0.00022,0.01476,0.00216,0.25735,-0.14717,-0.00158,-0.00941,0.00205,-0.16093,0.00047,-0.03712,0.84077,0,0.00040,0.00041
2.1311,-0.30979,0.00082,0.00250,0.00022,0.01562,0.00201,0.25735,-0.14731,-0.00159,-0.00936,0.00207,-0.16186,0.00051,-0.03737,0.84080,0,0.00040,0.00041
2.1331,-0.30979,0.00082,0.00253,0.00023,0.01637,0.00198,0.25735,-0.14745,-0.00159,-0.00930,0.00209,-0.16266,0.00050,-0.03772,0.84081,0,0.00040,0.00041
2.1351,-0.30979,0.00082,0.00256,0.00023,0.01701,0.00198,0.25735,-0.14758,-0.00159,-0.00923,0.00211,-0.16333,0.00052,-0.03807,0.84082,0,0.00040,0.00041
2.1371,-0.30979,0.00082,0.00260,0.00023,0.01754,0.00196,0.25735,-0.14772,-0.00159,-0.00915,0.00213,-0.16387,0.00054,-0.03836,0.84079,0,0.00040,0.00041
2.1391,-0.30979,0.00082,0.00263,0.00024,0.01796,0.00194,0.25735,-0.14786,-0.00159,-0.00907,0.00214,-0.16429,0.00055,-0.03868,0.84083,0,0.00040,0.00041
2.1411,-0.30979,0.00082,0.00267,0.00024,0.01827,0.00192,0.25735,-0.14800,-0.00159,-0.00899,0.00216,-0.16457,0.00057,-0.03901,0.84084,0,0.00040,0.00041
2.1431,-0.30979,0.00082,0.00270,0.00025,0.01847,0.00191,0.25735,-0.14814,-0.00160,-0.00891,0.00218,-0.16473,0.00058,-0.03930,0.84083,0,0.00040,0.00041
2.1451,-0.30979,0.00082,0.00274,0.00025,0.01856,0.00189,0.25735,-0.14828,-0.00160,-0.00882,0.00220,-0.16476,0.00060,-0.03954,0.84088,0,0.00040,0.00041
2.1471,-0.30979,0.00082,0.00278,0.00025,0.01854,0.00187,0.25735,-0.14842,-0.00160,-0.00874,0.00221,-0.16466,0.00061,-0.03990,0.84084,0,0.00040,0.00041
2.1491,-0.30979,0.00082,0.00281,0.00026,0.01841,0.00185,0.25735,-0.14856,-0.00160,-0.00865,0.00223,-0.16444,0.00063,-0.04018,0.84083,0,0.00040,0.00041
2.1511,-0.30979,0.00082,0.00285,0.00026,0.01817,0.00184,0.25735,-0.14870,-0.00160,-0.00857,0.00225,-0.16409,0.00064,-0.04055,0.84084,0,0.00040,0.00041
2.1531,-0.30979,0.00082,0.00289,0.00026,0.01782,0.00182,0.25735,-0.14883,-0.00160,-0.00849,0.00226,-0.16360,0.00066,-0.04088,0.84086,0,0.00040,0.00041
2.1551,-0.30979,0.00082,0.00292,0.00027,0.01736,0.00180,0.25735,-0.14897,-0.00160,-0.00841,0.00228,-0.16299,0.00067,-0.04119,0.84087,0,0.00040,0.00041
2.1571,-0.30979,0.00082,0.00296,0.00027,0.01679,0.00178,0.25735,-0.14911,-0.00161,-0.00834,0.00229,-0.16226,0.00069,-0.04143,0.84086,0,0.00040,0.00041
2.1591,-0.30979,0.00082,0.00299,0.00028,0.01610,0.00177,0.25735,-0.14925,-0.00161,-0.00827,0.00231,-0.16139,0.00070,-0.04181,0.84081,0,0.00040,0.00041
2.1612,-0.30979,0.00082,0.00302,0.00028,0.01531,0.00175,0.25735,-0.14939,-0.00161,-0.00821,0.00232,-0.16040,0.00072,-0.04214,0.84084,0,0.00040,0.00041
2.1632,-0.30979,0.00082,0.00305,0.00028,0.01441,0.00173,0.25735,-0.14953,-0.00161,-0.00816,0.00234,-0.15928,0.00073,-0.04241,0.84082,0,0.00040,0.00041
2.1652,-0.30979,0.00082,0.00308,0.00029,0.01340,0.00172,0.25735,-0.14966,-0.00161,-0.00812,0.00236,-0.15803,0.00074,-0.04271,0.84089,0,0.00040,0.00041
2.1672,-0.30979,0.00082,0.00310,0.00029,0.01228,0.00170,0.25735,-0.14980,-0.00161,-0.00809,0.00237,-0.15691,0.00076,-0.04301,0.84086,0,0.00040,0.00041
2.1692,-0.30979,0.00082,0.00313,0.00029,0.01127,0.00168,0.25735,-0.14994,-0.00161,-0.00807,0.00239,-0.15591,0.00077,-0.04338,0.84085,0,0.00040,0.00041
2.1712,-0.31048,0.00124,0.00240,0.00020,0.00941,0.00123,0.25429,-0.14999,-0.00162,-0.01181,0.00208,-0.15505,0.00066,-0.04395,0.84089,0,0.00100,0.00005
2.1732,-0.31048,0.00124,0.00242,0.00020,0.00863,0.00133,0.25429,-0.14999,-0.00162,-0.01181,0.00209,-0.15431,0.00048,-0.04395,0.84089,0,0.00100,0.00005
2.1752,-0.31048,0.00124,0.00243,0.00021,0.00796,0.00148,0.25429,-0.14999,-0.00162,-0.01183,0.00210,-0.15370,0.00042,-0.04428,0.84085,0,0.00100,0.00005
2.1772,-0.31048,0.00124,0.00245,0.00021,0.00740,0.00152,0.25429,-0.14999,-0.00162,-0.01184,0.00212,-0.15322,0.00050,-0.04459,0.84087,0,0.00100,0.00005
2.1792,-0.31048,0.00124,0.00246,0.00021,0.00694,0.00145,0.25429,-0.14999,-0.00162,-0.01187,0.00213,-0.15287,0.00051,-0.04492,0.84085,0,0.00100,0.00005
2.1813,-0.31048,0.00124,0.00248,0.00022,0.00660,0.00143,0.25429,-0.14999,-0.00162,-0.01189,0.00214,-0.15264,0.00053,-0.04523,0.84086,0,0.00100,0.00005
2.1833,-0.31048,0.00124,0.00249,0.00022,0.00636,0.00142,0.25429,-0.14999,-0.00162,-0.01192,0.00215,-0.15254,0.00054,-0.04559,0.84082,0,0.00100,0.00005
2.1853,-0.31048,0.00124,0.00250,0.00022,0.00624,0.00141,0.25429,-0.14999,-0.00162,-0.01195,0.00217,-0.15257,0.00055,-0.04584,0.84088,0,0.00100,0.00005
2.1873,-0.31048,0.00124,0.00252,0.00022,0.00622,0.00139,0.25429,-0.14999,-0.00162,-0.01198,0.00218,-0.15273,0.00056,-0.04623,0.84084,0,0.00100,0.00005
2.1893,-0.31048,0.00124,0.00253,0.00023,0.00632,0.00138,0.25429,-0.14999,-0.00162,-0.01201,0.00219,-0.15302,0.00058,-0.04654,0.84085,0,0.00100,0.00005
2.1913,-0.31048,0.00124,0.00254,0.00023,0.00652,0.00136,0.25429,-0.14999,-0.00162,-0.01204,0.00220,-0.15343,0.00059,-0.04683,0.84085,0,0.00100,0.00005
2.1933,-0.31048,0.00124,0.00255,0.00023,0.00683,0.00135,0.25429,-0.14999,-0.00162,-0.01207,0.00221,-0.15398,0.00060,-0.04719,0.84087,0,0.00100,0.00005
2.1953,-0.31048,0.00124,0.00257,0.00024,0.00725,0.00133,0.25429,-0.14999,-0.00162,-0.01210,0.00223,-0.15465,0.00061,-0.04752,0.84086,0,0.00100,0.00005
2.1973,-0.31048,0.00124,0.00258,0.00024,0.00778,0.00132,0.25429,-0.14999,-0.00162,-0.01212,0.00224,-0.15544,0.00062,-0.04785,0.84085,0,0.00100,0.00005
2.1993,-0.31048,0.00124,0.00260,0.00024,0.00842,0.00131,0.25429,-0.14999,-0.00162,-0.01213,0.00225,-0.15637,0.00063,-0.04816,0.84083,0,0.00100,0.00005
2.2013,-0.31048,0.00124,0.00262,0.00024,0.00917,0.00129,0.25429,-0.14999,-0.00162,-0.01214,0.00226,-0.15743,0.00065,-0.04845,0.84085,0,0.00100,0.00005
2.2033,-0.31048,0.00124,0.00264,0.00025,0.01002,0.00128,0.25429,-0.14999,-0.00162,-0.01214,0.00227,-0.15861,0.00066,-0.04882,0.84086,0,0.00100,0.00005
2.2054,-0.31048,0.00124,0.00266,0.00025,0.01099,0.00127,0.25429,-0.14999,-0.00162,-0.01213,0.00228,-0.15992,0.00067,-0.04907,0.84088,0,0.00100,0.00005
2.2074,-0.31048,0.00124,0.00268,0.00025,0.01207,0.00125,0.25429,-0.14999,-0.00162,-0.01211,0.00229,-0.16136,0.00068,-0.04953,0.84088,0,0.00100,0.00005
2.2094,-0.31048,0.00124,0.00271,0.00025,0.01325,0.00124,0.25429,-0.14999,-0.00162,-0.01208,0.00230,-0.16267,0.00069,-0.04981,0.84087,0,0.00100,0.00005
2.2114,-0.31048,0.00124,0.00273,0.00026,0.01432,0.00122,0.25429,-0.14999,-0.00162,-0.01204,0.00232,-0.16385,0.00070,-0.05019,0.84089,0,0.00100,0.00005
2.2134,-0.31048,0.00124,0.00276,0.00026,0.01529,0.00121,0.25429,-0.14999,-0.00162,-0.01199,0.00233,-0.16490,0.00071,-0.05044,0.84087,0,0.00100,0.00005
2.2154,-0.31048,0.00124,0.00279,0.00026,0.01614,0.00120,0.25429,-0.14999,-0.00162,-0.01193,0.00234,-0.16583,0.00072,-0.05080,0.84082,0,0.00100,0.00005
2.2174,-0.31048,0.00124,0.00283,0.00026,0.01689,0.00118,0.25429,-0.14999,-0.00162,-0.01187,0.00235,-0.16663,0.00073,-0.05116,0.84082,0,0.00100,0.00005
2.2194,-0.31048,0.00124,0.00286,0.00027,0.01752,0.00117,0.25429,-0.14999,-0.00162,-0.01179,0.00236,-0.16730,0.00074,-0.05149,0.84086,0,0.00100,0.00005
2.2214,-0.31048,0.00124,0.00290,0.00027,0.01804,0.00116,0.25429,-0.14999,-0.00162,-0.01172,0.00237,-0.16784,0.00075,-0.05177,0.84081,0,0.00100,0.00005
2.2235,-0.31048,0.00124,0.00293,0.00027,0.01846,0.00114,0.25429,-0.14999,-0.00162,-0.01163,0.00238,-0.16826,0.00076,-0.05214,0.84082,0,0.00100,0.00005
2.2255,-0.31048,0.00124,0.00297,0.00027,0.01876,0.00113,0.25429,-0.14999,-0.00162,-0.01155,0.00239,-0.16854,0.00077,-0.05250,0.84083,0,0.00100,0.00005
2.2275,-0.31048,0.00124,0.00301,0.00027,0.01896,0.00112,0.25429,-0.14999,-0.00162,-0.01146,0.00240,-0.16870,0.00078,-0.05278,0.84086,0,0.00100,0.00005
2.2295,-0.31048,0.00124,0.00305,0.00028,0.01904,0.00111,0.25429,-0.14999,-0.00162,-0.01137,0.00241,-0.16873,0.00079,-0.05306,0.84086,0,0.00100,0.00005
2.2315,-0.31048,0.00124,0.00308,0.00028,0.01902,0.00109,0.25429,-0.14999,-0.00162,-0.01128,0.00242,-0.16864,0.00080,-0.05341,0.84086,0,0.00100,0.00005
2.2335,-0.31048,0.00124,0.00312,0.00028,0.01888,0.00108,0.25429,-0.14999,-0.00162,-0.01119,0.00242,-0.16841,0.00081,-0.05371,0.84081,0,0.00100,0.00005
2.2355,-0.31048,0.00124,0.00316,0.00028,0.01863,0.00107,0.25429,-0.14999,-0.00162,-0.01111,0.00243,-0.16806,0.00082,-0.05407,0.84085,0,0.00100,0.00005
2.2375,-0.31181,0.00223,0.00296,-0.00025,0.01835,-0.00079,0.24933,-0.14999,-0.00162,-0.01254,0.00019,-0.16758,0.00070,-0.05475,0.84084,0,0.00213,-0.00079
2.2395,-0.31181,0.00223,0.00300,-0.00026,0.01789,-0.00068,0.24933,-0.14999,-0.00162,-0.01246,0.00018,-0.16697,0.00045,-0.05475,0.84084,0,0.00213,-0.00079
2.2415,-0.31181,0.00223,0.00303,-0.00026,0.01731,-0.00047,0.24933,-0.14999,-0.00162,-0.01239,0.00018,-0.16623,0.00008,-0.05505,0.84087,0,0.00213,-0.00079
2.2435,-0.31181,0.00223,0.00306,-0.00026,0.01663,-0.00014,0.24933,-0.14999,-0.00162,-0.01232,0.00017,-0.16536,-0.00042,-0.05538,0.84083,0,0.00213,-0.00079
2.2455,-0.31181,0.00223,0.00310,-0.00026,0.01584,0.00029,0.24933,-0.14999,-0.00162,-0.01225,0.00017,-0.16437,-0.00106,-0.05564,0.84087,0,0.00213,-0.00079
2.2475,-0.31181,0.00223,0.00313,-0.00026,0.01494,0.00084,0.24933,-0.14999,-0.00162,-0.01220,0.00018,-0.16325,-0.00156,-0.05592,0.84085,0,0.00213,-0.00079
2.2495,-0.31181,0.00223,0.00316,-0.00025,0.01393,0.00127,0.24933,-0.14999,-0.00162,-0.01215,0.00018,-0.16214,-0.00193,-0.05629,0.84083,0,0.00213,-0.00079
2.2515,-0.31181,0.00223,0.00318,-0.00025,0.01293,0.00160,0.24933,-0.14999,-0.00162,-0.01211,0.00020,-0.16116,-0.00218,-0.05662,0.84087,0,0.00213,-0.00079
2.2535,-0.31181,0.00223,0.00321,-0.00025,0.01204,0.00181,0.24933,-0.14999,-0.00162,-0.01209,0.00021,-0.16031,-0.00230,-0.05692,0.84083,0,0.00213,-0.00079
2.2555,-0.31181,0.00223,0.00323,-0.00024,0.01126,0.00192,0.24933,-0.14999,-0.00162,-0.01207,0.00023,-0.15959,-0.00229,-0.05721,0.84085,0,0.00213,-0.00079
2.2575,-0.31181,0.00223,0.00325,-0.00024,0.01058,0.00191,0.24933,-0.14999,-0.00162,-0.01205,0.00025,-0.15900,-0.00215,-0.05747,0.84082,0,0.00213,-0.00079
2.2595,-0.31181,0.00223,0.00327,-0.00024,0.01002,0.00180,0.24933,-0.14999,-0.00162,-0.01205,0.00026,-0.15853,-0.00189,-0.05779,0.84086,0,0.00213,-0.00079
2.2616,-0.31181,0.00223,0.00329,-0.00023,0.00957,0.00158,0.24933,-0.14999,-0.00162,-0.01204,0.00028,-0.15819,-0.00149,-0.05814,0.84081,0,0.00213,-0.00079
2.2636,-0.31181,0.00223,0.00331,-0.00023,0.00922,0.00124,0.24933,-0.14999,-0.00162,-0.01204,0.00029,-0.15798,-0.00123,-0.05846,0.84080,0,0.00213,-0.00079
2.2656,-0.31181,0.00223,0.00333,-0.00023,0.00899,0.00102,0.24933,-0.14999,-0.00162,-0.01205,0.00030,-0.15790,-0.00109,-0.05877,0.84083,0,0.00213,-0.00079
2.2676,-0.31181,0.00223,0.00335,-0.00023,0.00886,0.00091,0.24933,-0.14999,-0.00162,-0.01205,0.00031,-0.15794,-0.00108,-0.05906,0.84084,0,0.00213,-0.00079
2.2696,-0.31181,0.00223,0.00337,-0.00022,0.00884,0.00090,0.24933,-0.14999,-0.00162,-0.01206,0.00032,-0.15812,-0.00120,-0.05938,0.84083,0,0.00213,-0.00079
2.2716,-0.31181,0.00223,0.00338,-0.00022,0.00893,0.00101,0.24933,-0.14999,-0.00162,-0.01207,0.00032,-0.15842,-0.00129,-0.05969,0.84084,0,0.00213,-0.00079
2.2736,-0.31181,0.00223,0.00340,-0.00022,0.00913,0.00109,0.24933,-0.14999,-0.00162,-0.01207,0.00033,-0.15885,-0.00128,-0.06006,0.84079,0,0.00213,-0.00079
2.2756,-0.31181,0.00223,0.00342,-0.00022,0.00944,0.00109,0.24933,-0.14999,-0.00162,-0.01207,0.00034,-0.15941,-0.00127,-0.06036,0.84087,0,0.00213,-0.00079
2.2776,-0.31181,0.00223,0.00344,-0.00022,0.00986,0.00108,0.24933,-0.14999,-0.00162,-0.01207,0.00035,-0.16009,-0.00126,-0.06069,0.84085,0,0.00213,-0.00079
2.2796,-0.31181,0.00223,0.00346,-0.00021,0.01039,0.00108,0.24933,-0.14999,-0.00162,-0.01207,0.00036,-0.16090,-0.00125,-0.06100,0.84086,0,0.00213,-0.00079
2.2816,-0.31181,0.00223,0.00348,-0.00021,0.01103,0.00107,0.24933,-0.14999,-0.00162,-0.01206,0.00037,-0.16185,-0.00125,-0.06133,0.84083,0,0.00213,-0.00079
2.2836,-0.31181,0.00223,0.00350,-0.00021,0.01177,0.00107,0.24933,-0.14999,-0.00162,-0.01204,0.00038,-0.16266,-0.00124,-0.06170,0.84083,0,0.00213,-0.00079
2.2856,-0.31181,0.00223,0.00353,-0.00021,0.01241,0.00106,0.24933,-0.14999,-0.00162,-0.01201,0.00039,-0.16335,-0.00123,-0.06202,0.84077,0,0.00213,-0.00079
2.2876,-0.31181,0.00223,0.00355,-0.00021,0.01293,0.00106,0.24933,-0.14999,-0.00162,-0.01198,0.00040,-0.16390,-0.00122,-0.06236,0.84081,0,0.00213,-0.00079
2.2896,-0.31181,0.00223,0.00358,-0.00020,0.01335,0.00105,0.24933,-0.14999,-0.00162,-0.01195,0.00041,-0.16433,-0.00121,-0.06270,0.84077,0,0.00213,-0.00079
2.2916,-0.31181,0.00223,0.00361,-0.00020,0.01366,0.00105,0.24933,-0.14999,-0.00162,-0.01191,0.00042,-0.16463,-0.00120,-0.06309,0.84079,0,0.00213,-0.00079
2.2936,-0.31181,0.00223,0.00364,-0.00020,0.01385,0.00105,0.24933,-0.14999,-0.00162,-0.01187,0.00042,-0.16481,-0.00119,-0.06333,0.84083,0,0.00213,-0.00079
2.2956,-0.31181,0.00223,0.00366,-0.00020,0.01394,0.00104,0.24933,-0.14999,-0.00162,-0.01183,0.00043,-0.16485,-0.00118,-0.06371,0.84081,0,0.00213,-0.00079
2.2976,-0.31181,0.00223,0.00369,-0.00019,0.01392,0.00104,0.24933,-0.14999,-0.00162,-0.01179,0.00044,-0.16477,-0.00117,-0.06407,0.84081,0,0.00213,-0.00079
2.2996,-0.31181,0.00223,0.00372,-0.00019,0.01378,0.00103,0.24933,-0.14999,-0.00162,-0.01175,0.00045,-0.16456,-0.00116,-0.06433,0.84080,0,0.00213,-0.00079
2.3017,-0.31181,0.00223,0.00375,-0.00019,0.01354,0.00103,0.24933,-0.14999,-0.00162,-0.01171,0.00046,-0.16422,-0.00116,-0.06499,0.84082,0,0.00213,-0.00079
2.3037,-0.28007,0.00329,0.00367,-0.00085,0.01281,-0.00141,0.24674,-0.14999,-0.00162,-0.00265,-0.00235,-0.16375,-0.00128,-0.06536,0.84081,0,0.00314,-0.00149
2.3057,-0.28007,0.00329,0.00369,-0.00085,0.01235,-0.00130,0.24674,-0.14999,-0.00162,-0.00262,-0.00236,-0.16316,-0.00152,-0.06536,0.84081,0,0.00314,-0.00149
2.3077,-0.28007,0.00329,0.00372,-0.00086,0.01178,-0.00107,0.24674,-0.14999,-0.00162,-0.00260,-0.00237,-0.16244,-0.00190,-0.06563,0.84079,0,0.00314,-0.00149
2.3097,-0.28007,0.00329,0.00374,-0.00086,0.01110,-0.00073,0.24674,-0.14999,-0.00162,-0.00258,-0.00238,-0.16159,-0.00240,-0.06597,0.84082,0,0.00314,-0.00149
2.3117,-0.28007,0.00329,0.00376,-0.00086,0.01031,-0.00029,0.24674,-0.14999,-0.00162,-0.00257,-0.00239,-0.16061,-0.00303,-0.06626,0.84077,0,0.00314,-0.00149
2.3137,-0.28007,0.00329,0.00378,-0.00086,0.00941,0.00026,0.24674,-0.14999,-0.00162,-0.00257,-0.00239,-0.15950,-0.00379,-0.06659,0.84078,0,0.00314,-0.00149
2.3157,-0.28007,0.00329,0.00380,-0.00086,0.00840,0.00093,0.24674,-0.14999,-0.00162,-0.00258,-0.00238,-0.15827,-0.00442,-0.06686,0.84080,0,0.00314,-0.00149
2.3177,-0.28007,0.00329,0.00381,-0.00086,0.00728,0.00148,0.24674,-0.14999,-0.00162,-0.00259,-0.00237,-0.15691,-0.00493,-0.06719,0.84080,0,0.00314,-0.00149
2.3197,-0.28007,0.00329,0.00383,-0.00085,0.00606,0.00193,0.24674,-0.14999,-0.00162,-0.00262,-0.00236,-0.15542,-0.00530,-0.06747,0.84078,0,0.00314,-0.00149
2.3217,-0.28007,0.00329,0.00384,-0.00085,0.00472,0.00226,0.24674,-0.14999,-0.00162,-0.00266,-0.00234,-0.15382,-0.00555,-0.06781,0.84080,0,0.00314,-0.00149
2.3237,-0.28007,0.00329,0.00385,-0.00084,0.00329,0.00249,0.24674,-0.14999,-0.00162,-0.00271,-0.00232,-0.15234,-0.00567,-0.06809,0.84074,0,0.00314,-0.00149
2.3257,-0.28007,0.00329,0.00385,-0.00084,0.00196,0.00260,0.24674,-0.14999,-0.00162,-0.00278,-0.00229,-0.15100,-0.00566,-0.06841,0.84072,0,0.00314,-0.00149
2.3277,-0.28007,0.00329,0.00385,-0.00083,0.00075,0.00261,0.24674,-0.14999,-0.00162,-0.00285,-0.00227,-0.14978,-0.00552,-0.06872,0.84072,0,0.00314,-0.00149
2.3297,-0.28007,0.00329,0.00385,-0.00083,-0.00035,0.00251,0.24674,-0.14999,-0.00162,-0.00294,-0.00225,-0.14870,-0.00526,-0.06901,0.84074,0,0.00314,-0.00149
2.3317,-0.28007,0.00329,0.00385,-0.00082,-0.00135,0.00229,0.24674,-0.14999,-0.00162,-0.00304,-0.00223,-0.14774,-0.00486,-0.06929,0.84071,0,0.00314,-0.00149
2.3337,-0.28007,0.00329,0.00385,-0.00082,-0.00223,0.00197,0.24674,-0.14999,-0.00162,-0.00315,-0.00221,-0.14690,-0.00434,-0.06959,0.84070,0,0.00314,-0.00149
2.3357,-0.28007,0.00329,0.00384,-0.00081,-0.00301,0.00154,0.24674,-0.14999,-0.00162,-0.00326,-0.00219,-0.14620,-0.00381,-0.06988,0.84071,0,0.00314,-0.00149
2.3377,-0.28007,0.00329,0.00384,-0.00081,-0.00368,0.00109,0.24674,-0.14999,-0.00162,-0.00338,-0.00218,-0.14562,-0.00340,-0.07016,0.84068,0,0.00314,-0.00149
2.3397,-0.28007,0.00329,0.00383,-0.00081,-0.00423,0.00076,0.24674,-0.14999,-0.00162,-0.00351,-0.00217,-0.14518,-0.00312,-0.07046,0.84068,0,0.00314,-0.00149
2.3417,-0.28007,0.00329,0.00382,-0.00081,-0.00468,0.00053,0.24674,-0.14999,-0.00162,-0.00364,-0.00217,-0.14486,-0.00296,-0.07078,0.84068,0,0.00314,-0.00149
2.3437,-0.28007,0.00329,0.00381,-0.00081,-0.00502,0.00041,0.24674,-0.14999,-0.00162,-0.00378,-0.00216,-0.14466,-0.00294,-0.07115,0.84068,0,0.00314,-0.00149
2.3457,-0.28007,0.00329,0.00380,-0.00081,-0.00524,0.00041,0.24674,-0.14999,-0.00162,-0.00392,-0.00216,-0.14460,-0.00304,-0.07145,0.84067,0,0.00314,-0.00149
2.3477,-0.28007,0.00329,0.00379,-0.00081,-0.00536,0.00051,0.24674,-0.14999,-0.00162,-0.00406,-0.00216,-0.14466,-0.00327,-0.07170,0.84067,0,0.00314,-0.00149
2.3497,-0.28007,0.00329,0.00378,-0.00081,-0.00537,0.00072,0.24674,-0.14999,-0.00162,-0.00420,-0.00215,-0.14486,-0.00363,-0.07206,0.84069,0,0.00314,-0.00149
2.3517,-0.28007,0.00329,0.00377,-0.00080,-0.00527,0.00104,0.24674,-0.14999,-0.00162,-0.00434,-0.00215,-0.14518,-0.00386,-0.07232,0.84067,0,0.00314,-0.00149
2.3537,-0.28007,0.00329,0.00376,-0.00080,-0.00506,0.00125,0.24674,-0.14999,-0.00162,-0.00448,-0.00214,-0.14562,-0.00397,-0.07270,0.84062,0,0.00314,-0.00149
2.3557,-0.28007,0.00329,0.00375,-0.00080,-0.00474,0.00135,0.24674,-0.14999,-0.00162,-0.00461,-0.00212,-0.14620,-0.00394,-0.07299,0.84063,0,0.00314,-0.00149
2.3577,-0.28007,0.00329,0.00374,-0.00080,-0.00431,0.00134,0.24674,-0.14999,-0.00162,-0.00475,-0.00211,-0.14690,-0.00379,-0.07327,0.84061,0,0.00314,-0.00149
2.3597,-0.28007,0.00329,0.00373,-0.00079,-0.00377,0.00123,0.24674,-0.14999,-0.00162,-0.00487,-0.00210,-0.14774,-0.00372,-0.07359,0.84058,0,0.00314,-0.00149
2.3617,-0.28007,0.00329,0.00372,-0.00079,-0.00312,0.00118,0.24674,-0.14999,-0.00162,-0.00500,-0.00209,-0.14870,-0.00371,-0.07394,0.84056,0,0.00314,-0.00149
2.3637,-0.28007,0.00329,0.00372,-0.00079,-0.00236,0.00118,0.24674,-0.14999,-0.00162,-0.00511,-0.00208,-0.14978,-0.00370,-0.07425,0.84054,0,0.00314,-0.00149
2.3657,-0.28007,0.00329,0.00371,-0.00079,-0.00150,0.00119,0.24674,-0.14999,-0.00162,-0.00522,-0.00207,-0.15100,-0.00369,-0.07456,0.84052,0,0.00314,-0.00149
2.3677,-0.28007,0.00329,0.00371,-0.00078,-0.00052,0.00119,0.24674,-0.14999,-0.00162,-0.00532,-0.00206,-0.15234,-0.00368,-0.07490,0.84053,0,0.00314,-0.00149
2.3697,-0.28007,0.00329,0.00371,-0.00078,0.00057,0.00120,0.24674,-0.14999,-0.00162,-0.00541,-0.00205,-0.15382,-0.00366,-0.07519,0.84054,0,0.00314,-0.00149
2.3717,-0.25783,0.00495,0.00377,-0.00154,-0.00017,-0.00148,0.23954,-0.14999,-0.00162,0.00146,-0.00514,-0.15516,-0.00378,-0.07583,0.84047,0,0.00406,-0.00227
2.3737,-0.25783,0.00495,0.00377,-0.00154,0.00092,-0.00136,0.23954,-0.14999,-0.00162,0.00137,-0.00516,-0.15638,-0.00403,-0.07583,0.84047,0,0.00406,-0.00227
2.3758,-0.25783,0.00495,0.00378,-0.00155,0.00190,-0.00112,0.23954,-0.14999,-0.00162,0.00130,-0.00517,-0.15746,-0.00440,-0.07620,0.84049,0,0.00406,-0.00227
2.3778,-0.25783,0.00495,0.00378,-0.00155,0.00276,-0.00078,0.23954,-0.14999,-0.00162,0.00123,-0.00518,-0.15842,-0.00490,-0.07642,0.84049,0,0.00406,-0.00227
2.3798,-0.25783,0.00495,0.00379,-0.00155,0.00352,-0.00032,0.23954,-0.14999,-0.00162,0.00117,-0.00519,-0.15926,-0.00553,-0.07675,0.84047,0,0.00406,-0.00227
2.3818,-0.25783,0.00495,0.00380,-0.00155,0.00417,0.00024,0.23954,-0.14999,-0.00162,0.00111,-0.00519,-0.15996,-0.00629,-0.07707,0.84048,0,0.00406,-0.00227
2.3838,-0.25783,0.00495,0.00380,-0.00155,0.00470,0.00092,0.23954,-0.14999,-0.00162,0.00106,-0.00518,-0.16054,-0.00692,-0.07737,0.84045,0,0.00406,-0.00227
2.3858,-0.25783,0.00495,0.00381,-0.00155,0.00513,0.00148,0.23954,-0.14999,-0.00162,0.00102,-0.00517,-0.16098,-0.00742,-0.07771,0.84044,0,0.00406,-0.00227
2.3878,-0.25783,0.00495,0.00383,-0.00154,0.00545,0.00193,0.23954,-0.14999,-0.00162,0.00098,-0.00516,-0.16130,-0.00780,-0.07803,0.84041,0,0.00406,-0.00227
2.3898,-0.25783,0.00495,0.00384,-0.00154,0.00566,0.00228,0.23954,-0.14999,-0.00162,0.00094,-0.00514,-0.16150,-0.00804,-0.07833,0.84042,0,0.00406,-0.00227
2.3918,-0.25783,0.00495,0.00385,-0.00153,0.00576,0.00252,0.23954,-0.14999,-0.00162,0.00091,-0.00512,-0.16156,-0.00816,-0.07866,0.84042,0,0.00406,-0.00227
2.3938,-0.25783,0.00495,0.00386,-0.00153,0.00575,0.00264,0.23954,-0.14999,-0.00162,0.00087,-0.00509,-0.16150,-0.00815,-0.07895,0.84036,0,0.00406,-0.00227
2.3958,-0.25783,0.00495,0.00387,-0.00152,0.00563,0.00266,0.23954,-0.14999,-0.00162,0.00083,-0.00507,-0.16130,-0.00801,-0.07931,0.84029,0,0.00406,-0.00227
2.3978,-0.25783,0.00495,0.00388,-0.00152,0.00540,0.00257,0.23954,-0.14999,-0.00162,0.00080,-0.00505,-0.16098,-0.00774,-0.07954,0.84030,0,0.00406,-0.00227
2.3998,-0.25783,0.00495,0.00389,-0.00151,0.00506,0.00236,0.23954,-0.14999,-0.00162,0.00076,-0.00502,-0.16054,-0.00735,-0.07989,0.84028,0,0.00406,-0.00227
2.4018,-0.25783,0.00495,0.00390,-0.00151,0.00461,0.00205,0.23954,-0.14999,-0.00162,0.00071,-0.00500,-0.15996,-0.00683,-0.08014,0.84031,0,0.00406,-0.00227
2.4038,-0.25783,0.00495,0.00391,-0.00150,0.00406,0.00163,0.23954,-0.14999,-0.00162,0.00066,-0.00499,-0.15926,-0.00643,-0.08048,0.84026,0,0.00406,-0.00227
2.4058,-0.25783,0.00495,0.00392,-0.00150,0.00339,0.00132,0.23954,-0.14999,-0.00162,0.00061,-0.00497,-0.15842,-0.00617,-0.08078,0.84024,0,0.00406,-0.00227
2.4078,-0.25783,0.00495,0.00392,-0.00150,0.00261,0.00112,0.23954,-0.14999,-0.00162,0.00055,-0.00496,-0.15746,-0.00603,-0.08111,0.84025,0,0.00406,-0.00227
2.4098,-0.25783,0.00495,0.00393,-0.00150,0.00173,0.00102,0.23954,-0.14999,-0.00162,0.00048,-0.00495,-0.15638,-0.00602,-0.08138,0.84026,0,0.00406,-0.00227
2.4118,-0.25783,0.00495,0.00393,-0.00149,0.00073,0.00104,0.23954,-0.14999,-0.00162,0.00040,-0.00495,-0.15516,-0.00614,-0.08164,0.84028,0,0.00406,-0.00227
2.4138,-0.25783,0.00495,0.00393,-0.00149,-0.00038,0.00116,0.23954,-0.14999,-0.00162,0.00031,-0.00494,-0.15382,-0.00638,-0.08199,0.84027,0,0.00406,-0.00227
2.4158,-0.25783,0.00495,0.00393,-0.00149,-0.00159,0.00140,0.23954,-0.14999,-0.00162,0.00021,-0.00492,-0.15234,-0.00654,-0.08228,0.84026,0,0.00406,-0.00227
2.4178,-0.25783,0.00495,0.00392,-0.00149,-0.00291,0.00156,0.23954,-0.14999,-0.00162,0.00010,-0.00491,-0.15074,-0.00657,-0.08257,0.84019,0,0.00406,-0.00227
2.4198,-0.25783,0.00495,0.00392,-0.00148,-0.00435,0.00161,0.23954,-0.14999,-0.00162,-0.00002,-0.00490,-0.14927,-0.00651,-0.08286,0.84027,0,0.00406,-0.00227
2.4218,-0.25783,0.00495,0.00391,-0.00148,-0.00567,0.00159,0.23954,-0.14999,-0.00162,-0.00016,-0.00488,-0.14793,-0.00650,-0.08313,0.84023,0,0.00406,-0.00227
2.4238,-0.25783,0.00495,0.00389,-0.00148,-0.00688,0.00160,0.23954,-0.14999,-0.00162,-0.00031,-0.00487,-0.14671,-0.00648,-0.08342,0.84024,0,0.00406,-0.00227
2.4258,-0.25783,0.00495,0.00388,-0.00147,-0.00799,0.00161,0.23954,-0.14999,-0.00162,-0.00047,-0.00486,-0.14562,-0.00647,-0.08401,0.84016,0,0.00406,-0.00227
2.4279,-0.25783,0.00495,0.00386,-0.00147,-0.00898,0.00162,0.23954,-0.14999,-0.00162,-0.00064,-0.00484,-0.14466,-0.00646,-0.08430,0.84013,0,0.00406,-0.00227
2.4299,-0.25783,0.00495,0.00384,-0.00147,-0.00987,0.00164,0.23954,-0.14999,-0.00162,-0.00082,-0.00483,-0.14383,-0.00644,-0.08430,0.84013,0,0.00406,-0.00227
2.4319,-0.25783,0.00495,0.00382,-0.00146,-0.01064,0.00165,0.23954,-0.14999,-0.00162,-0.00101,-0.00481,-0.14313,-0.00643,-0.08459,0.84012,0,0.00406,-0.00227
2.4339,-0.25783,0.00495,0.00380,-0.00146,-0.01131,0.00166,0.23954,-0.14999,-0.00162,-0.00120,-0.00480,-0.14255,-0.00641,-0.08482,0.84010,0,0.00406,-0.00227
2.4359,-0.25684,0.00521,0.00346,-0.00196,-0.01261,-0.00007,0.23184,-0.14999,-0.00162,-0.00260,-0.00709,-0.14210,-0.00653,-0.08545,0.84010,0,0.00321,-0.00250
2.4379,-0.25684,0.00521,0.00344,-0.00196,-0.01305,0.00006,0.23184,-0.14999,-0.00162,-0.00281,-0.00709,-0.14178,-0.00677,-0.08578,0.84010,0,0.00321,-0.00250
2.4399,-0.25684,0.00521,0.00341,-0.00196,-0.01338,0.00030,0.23184,-0.14999,-0.00162,-0.00303,-0.00709,-0.14159,-0.00714,-0.08578,0.84010,0,0.00321,-0.00250
2.4419,-0.25684,0.00521,0.00338,-0.00196,-0.01361,0.00065,0.23184,-0.14999,-0.00162,-0.00324,-0.00709,-0.14153,-0.00763,-0.08634,0.84004,0,0.00321,-0.00250
2.4439,-0.25684,0.00521,0.00336,-0.00196,-0.01372,0.00111,0.23184,-0.14999,-0.00162,-0.00346,-0.00708,-0.14159,-0.00826,-0.08667,0.84004,0,0.00321,-0.00250
2.4459,-0.25684,0.00521,0.00333,-0.00196,-0.01372,0.00168,0.23184,-0.14999,-0.00162,-0.00368,-0.00707,-0.14178,-0.00876,-0.08667,0.84004,0,0.00321,-0.00250
2.4479,-0.25684,0.00521,0.00330,-0.00195,-0.01361,0.00213,0.23184,-0.14999,-0.00162,-0.00390,-0.00705,-0.14210,-0.00913,-0.08731,0.84000,0,0.00321,-0.00250
2.4499,-0.25684,0.00521,0.00327,-0.00195,-0.01339,0.00248,0.23184,-0.14999,-0.00162,-0.00412,-0.00703,-0.14255,-0.00937,-0.08758,0.84000,0,0.00321,-0.00250
2.4520,-0.25684,0.00521,0.00325,-0.00194,-0.01306,0.00272,0.23184,-0.14999,-0.00162,-0.00434,-0.00701,-0.14313,-0.00948,-0.08789,0.83993,0,0.00321,-0.00250
2.4540,-0.25684,0.00521,0.00322,-0.00194,-0.01262,0.00285,0.23184,-0.14999,-0.00162,-0.00455,-0.00698,-0.14383,-0.00947,-0.08817,0.83992,0,0.00321,-0.00250
2.4560,-0.25684,0.00521,0.00320,-0.00193,-0.01207,0.00287,0.23184,-0.14999,-0.00162,-0.00476,-0.00696,-0.14466,-0.00932,-0.08848,0.83992,0,0.00321,-0.00250
2.4580,-0.25684,0.00521,0.00317,-0.00193,-0.01142,0.00278,0.23184,-0.14999,-0.00162,-0.00496,-0.00693,-0.14562,-0.00905,-0.08877,0.83990,0,0.00321,-0.00250
2.4600,-0.25684,0.00521,0.00315,-0.00192,-0.01065,0.00258,0.23184,-0.14999,-0.00162,-0.00515,-0.00690,-0.14671,-0.00865,-0.08910,0.83989,0,0.00321,-0.00250
2.4620,-0.25684,0.00521,0.00313,-0.00192,-0.00977,0.00227,0.23184,-0.14999,-0.00162,-0.00534,-0.00688,-0.14793,-0.00838,-0.08910,0.83989,0,0.00321,-0.00250
2.4640,-0.25684,0.00521,0.00311,-0.00191,-0.00878,0.00207,0.23184,-0.14999,-0.00162,-0.00552,-0.00686,-0.14927,-0.00824,-0.08974,0.83986,0,0.00321,-0.00250
2.4660,-0.25684,0.00521,0.00310,-0.00191,-0.00769,0.00198,0.23184,-0.14999,-0.00162,-0.00568,-0.00685,-0.15074,-0.00823,-0.08998,0.83982,0,0.00321,-0.00250
2.4680,-0.25684,0.00521,0.00308,-0.00190,-0.00648,0.00200,0.23184,-0.14999,-0.00162,-0.00584,-0.00683,-0.15234,-0.00834,-0.09031,0.83987,0,0.00321,-0.00250
2.4700,-0.25684,0.00521,0.00307,-0.00190,-0.00516,0.00213,0.23184,-0.14999,-0.00162,-0.00599,-0.00681,-0.15394,-0.00842,-0.09065,0.83982,0,0.00321,-0.00250
2.4721,-0.25684,0.00521,0.00306,-0.00190,-0.00385,0.00224,0.23184,-0.14999,-0.00162,-0.00612,-0.00679,-0.15554,-0.00840,-0.09095,0.83981,0,0.00321,-0.00250
2.4741,-0.25684,0.00521,0.00306,-0.00189,-0.00253,0.00225,0.23184,-0.14999,-0.00162,-0.00624,-0.00677,-0.15702,-0.00838,-0.09125,0.83980,0,0.00321,-0.00250
2.4761,-0.25684,0.00521,0.00305,-0.00189,-0.00133,0.00227,0.23184,-0.14999,-0.00162,-0.00635,-0.00675,-0.15836,-0.00836,-0.09157,0.83979,0,0.00321,-0.00250
2.4781,-0.25684,0.00521,0.00305,-0.00188,-0.00023,0.00228,0.23184,-0.14999,-0.00162,-0.00645,-0.00673,-0.15958,-0.00834,-0.09192,0.83975,0,0.00321,-0.00250
2.4801,-0.25684,0.00521,0.00305,-0.00188,0.00076,0.00229,0.23184,-0.14999,-0.00162,-0.00654,-0.00671,-0.16066,-0.00832,-0.09219,0.83978,0,0.00321,-0.00250
2.4821,-0.25684,0.00521,0.00305,-0.00187,0.00164,0.00231,0.23184,-0.14999,-0.00162,-0.00661,-0.00669,-0.16162,-0.00830,-0.09257,0.83971,0,0.00321,-0.00250
2.4841,-0.25684,0.00521,0.00306,-0.00187,0.00241,0.00232,0.23184,-0.14999,-0.00162,-0.00669,-0.00667,-0.16246,-0.00828,-0.09290,0.83972,0,0.00321,-0.00250
2.4861,-0.25684,0.00521,0.00306,-0.00186,0.00307,0.00233,0.23184,-0.14999,-0.00162,-0.00675,-0.00664,-0.16316,-0.00826,-0.09320,0.83970,0,0.00321,-0.00250
2.4881,-0.25684,0.00521,0.00307,-0.00186,0.00362,0.00235,0.23184,-0.14999,-0.00162,-0.00681,-0.00662,-0.16374,-0.00824,-0.09349,0.83969,0,0.00321,-0.00250
2.4901,-0.25684,0.00521,0.00308,-0.00185,0.00406,0.00236,0.23184,-0.14999,-0.00162,-0.00686,-0.00660,-0.16418,-0.00822,-0.09386,0.83964,0,0.00321,-0.00250
2.4921,-0.25684,0.00521,0.00309,-0.00185,0.00439,0.00237,0.23184,-0.14999,-0.00162,-0.00691,-0.00658,-0.16450,-0.00820,-0.09415,0.83963,0,0.00321,-0.00250
2.4941,-0.25684,0.00521,0.00309,-0.00184,0.00461,0.00239,0.23184,-0.14999,-0.00162,-0.00696,-0.00656,-0.16470,-0.00817,-0.09449,0.83963,0,0.00321,-0.00250
2.4962,-0.25684,0.00521,0.00310,-0.00184,0.00472,0.00240,0.23184,-0.14999,-0.00162,-0.00701,-0.00654,-0.16476,-0.00815,-0.09479,0.83961,0,0.00321,-0.00250
2.4982,-0.25684,0.00521,0.00311,-0.00183,0.00473,0.00241,0.23184,-0.14999,-0.00162,-0.00705,-0.00652,-0.16470,-0.00813,-0.09511,0.83959,0,0.00321,-0.00250
2.5002,-0.25684,0.00521,0.00312,-0.00183,0.00462,0.00242,0.23184,-0.14999,-0.00162,-0.00710,-0.00649,-0.16450,-0.00811,-0.09543,0.83957,0,0.00321,-0.00250
2.5022,-0.25684,0.00521,0.00313,-0.00183,0.00440,0.00244,0.23184,-0.14999,-0.00162,-0.00715,-0.00647,-0.16418,-0.00809,-0.09573,0.83958,0,0.00321,-0.00250
2.5042,-0.25684,0.00521,0.00314,-0.00182,0.00408,0.00245,0.23184,-0.14999,-0.00162,-0.00720,-0.00645,-0.16374,-0.00806,-0.09605,0.83956,0,0.00321,-0.00250
2.5062,-0.25684,0.00521,0.00315,-0.00182,0.00364,0.00246,0.23184,-0.14999,-0.00162,-0.00725,-0.00643,-0.16316,-0.00804,-0.09636,0.83957,0,0.00321,-0.00250
2.5082,-0.25426,0.00460,0.00206,-0.00185,0.00097,0.00226,0.22649,-0.14999,-0.00162,-0.01171,-0.00676,-0.16246,-0.00815,-0.09665,0.83956,0,0.00100,-0.00197
2.5102,-0.25426,0.00460,0.00206,-0.00184,0.00033,0.00238,0.22649,-0.14999,-0.00162,-0.01179,-0.00674,-0.16179,-0.00836,-0.09697,0.83951,0,0.00100,-0.00197
2.5122,-0.25426,0.00460,0.00206,-0.00184,-0.00027,0.00259,0.22649,-0.14999,-0.00162,-0.01189,-0.00672,-0.16124,-0.00844,-0.09726,0.83945,0,0.00100,-0.00197
2.5142,-0.25426,0.00460,0.00206,-0.00183,-0.00077,0.00269,0.22649,-0.14999,-0.00162,-0.01198,-0.00670,-0.16083,-0.00839,-0.09755,0.83953,0,0.00100,-0.00197
2.5162,-0.25426,0.00460,0.00206,-0.00183,-0.00116,0.00268,0.22649,-0.14999,-0.00162,-0.01208,-0.00667,-0.16055,-0.00829,-0.09788,0.83944,0,0.00100,-0.00197
2.5182,-0.25426,0.00460,0.00206,-0.00182,-0.00144,0.00262,0.22649,-0.14999,-0.00162,-0.01218,-0.00665,-0.16039,-0.00826,-0.09817,0.83945,0,0.00100,-0.00197
2.5203,-0.25426,0.00460,0.00205,-0.00182,-0.00160,0.00263,0.22649,-0.14999,-0.00162,-0.01229,-0.00662,-0.16036,-0.00824,-0.09852,0.83941,0,0.00100,-0.00197
2.5223,-0.25426,0.00460,0.00205,-0.00181,-0.00166,0.00264,0.22649,-0.14999,-0.00162,-0.01239,-0.00660,-0.16046,-0.00822,-0.09888,0.83941,0,0.00100,-0.00197
2.5243,-0.25426,0.00460,0.00205,-0.00181,-0.00161,0.00265,0.22649,-0.14999,-0.00162,-0.01250,-0.00658,-0.16069,-0.00819,-0.09918,0.83942,0,0.00100,-0.00197
2.5263,-0.25426,0.00460,0.00204,-0.00180,-0.00145,0.00266,0.22649,-0.14999,-0.00162,-0.01260,-0.00655,-0.16104,-0.00817,-0.09952,0.83937,0,0.00100,-0.00197
2.5283,-0.25426,0.00460,0.00204,-0.00180,-0.00118,0.00267,0.22649,-0.14999,-0.00162,-0.01271,-0.00653,-0.16152,-0.00814,-0.09991,0.83935,0,0.00100,-0.00197
2.5303,-0.25426,0.00460,0.00204,-0.00179,-0.00081,0.00268,0.22649,-0.14999,-0.00162,-0.01281,-0.00650,-0.16213,-0.00812,-0.10023,0.83933,0,0.00100,-0.00197
2.5323,-0.25426,0.00460,0.00204,-0.00178,-0.00032,0.00269,0.22649,-0.14999,-0.00162,-0.01290,-0.00648,-0.16287,-0.00809,-0.10059,0.83933,0,0.00100,-0.00197
2.5343,-0.25426,0.00460,0.00204,-0.00178,0.00028,0.00270,0.22649,-0.14999,-0.00162,-0.01299,-0.00645,-0.16348,-0.00807,-0.10087,0.83933,0,0.00100,-0.00197
2.5363,-0.25426,0.00460,0.00204,-0.00177,0.00077,0.00271,0.22649,-0.14999,-0.00162,-0.01308,-0.00643,-0.16397,-0.00805,-0.10121,0.83930,0,0.00100,-0.00197
2.5383,-0.25426,0.00460,0.00204,-0.00177,0.00115,0.00272,0.22649,-0.14999,-0.00162,-0.01316,-0.00641,-0.16432,-0.00802,-0.10158,0.83930,0,0.00100,-0.00197
2.5403,-0.25426,0.00460,0.00204,-0.00176,0.00142,0.00272,0.22649,-0.14999,-0.00162,-0.01324,-0.00638,-0.16455,-0.00800,-0.10188,0.83925,0,0.00100,-0.00197
2.5423,-0.25426,0.00460,0.00205,-0.00176,0.00157,0.00273,0.22649,-0.14999,-0.00162,-0.01331,-0.00636,-0.16465,-0.00797,-0.10226,0.83925,0,0.00100,-0.00197
2.5444,-0.25426,0.00460,0.00205,-0.00175,0.00162,0.00274,0.22649,-0.14999,-0.00162,-0.01339,-0.00633,-0.16462,-0.00795,-0.10255,0.83926,0,0.00100,-0.00197
2.5464,-0.25426,0.00460,0.00205,-0.00175,0.00157,0.00275,0.22649,-0.14999,-0.00162,-0.01346,-0.00631,-0.16446,-0.00792,-0.10294,0.83919,0,0.00100,-0.00197
2.5484,-0.25426,0.00460,0.00206,-0.00174,0.00140,0.00276,0.22649,-0.14999,-0.00162,-0.01354,-0.00628,-0.16418,-0.00790,-0.10325,0.83923,0,0.00100,-0.00197
2.5504,-0.25426,0.00460,0.00206,-0.00174,0.00112,0.00276,0.22649,-0.14999,-0.00162,-0.01362,-0.00626,-0.16376,-0.00787,-0.10354,0.83922,0,0.00100,-0.00197
2.5524,-0.25426,0.00460,0.00206,-0.00173,0.00073,0.00277,0.22649,-0.14999,-0.00162,-0.01370,-0.00623,-0.16348,-0.00785,-0.10386,0.83918,0,0.00100,-0.00197
2.5544,-0.25426,0.00460,0.00206,-0.00172,0.00045,0.00278,0.22649,-0.14999,-0.00162,-0.01379,-0.00621,-0.16332,-0.00782,-0.10415,0.83916,0,0.00100,-0.00197
2.5564,-0.25426,0.00460,0.00206,-0.00172,0.00028,0.00279,0.22649,-0.14999,-0.00162,-0.01387,-0.00618,-0.16329,-0.00780,-0.10446,0.83916,0,0.00100,-0.00197
2.5584,-0.25426,0.00460,0.00206,-0.00171,0.00022,0.00279,0.22649,-0.14999,-0.00162,-0.01396,-0.00615,-0.16339,-0.00777,-0.10479,0.83918,0,0.00100,-0.00197
2.5604,-0.25426,0.00460,0.00206,-0.00171,0.00027,0.00280,0.22649,-0.14999,-0.00162,-0.01405,-0.00613,-0.16362,-0.00774,-0.10508,0.83914,0,0.00100,-0.00197
2.5624,-0.25426,0.00460,0.00206,-0.00170,0.00043,0.00281,0.22649,-0.14999,-0.00162,-0.01414,-0.00610,-0.16397,-0.00772,-0.10538,0.83915,0,0.00100,-0.00197
2.5644,-0.25426,0.00460,0.00206,-0.00170,0.00070,0.00281,0.22649,-0.14999,-0.00162,-0.01422,-0.00608,-0.16421,-0.00769,-0.10571,0.83913,0,0.00100,-0.00197
2.5665,-0.25426,0.00460,0.00207,-0.00169,0.00087,0.00282,0.22649,-0.14999,-0.00162,-0.01430,-0.00605,-0.16432,-0.00767,-0.10604,0.83908,0,0.00100,-0.00197
2.5685,-0.25426,0.00460,0.00207,-0.00169,0.00093,0.00283,0.22649,-0.14999,-0.00162,-0.01439,-0.00603,-0.16438,-0.00764,-0.10635,0.83908,0,0.00100,-0.00197
2.5705,-0.22418,0.00394,0.00056,-0.00122,-0.00393,0.00438,0.22456,-0.14999,-0.00162,-0.01257,-0.00403,-0.16430,-0.00749,-0.10671,0.83911,0,-0.00089,-0.00091
2.5725,-0.22418,0.00394,0.00055,-0.00121,-0.00400,0.00427,0.22456,-0.14999,-0.00162,-0.01270,-0.00399,-0.16410,-0.00721,-0.10701,0.83909,0,-0.00089,-0.00091
2.5745,-0.22418,0.00394,0.00055,-0.00121,-0.00418,0.00405,0.22456,-0.14999,-0.00162,-0.01283,-0.00396,-0.16377,-0.00680,-0.10735,0.83903,0,-0.00089,-0.00091
2.5765,-0.22418,0.00394,0.00054,-0.00120,-0.00447,0.00372,0.22456,-0.14999,-0.00162,-0.01296,-0.00392,-0.16331,-0.00626,-0.10770,0.83902,0,-0.00089,-0.00091
2.5785,-0.22418,0.00394,0.00053,-0.00119,-0.00487,0.00328,0.22456,-0.14999,-0.00162,-0.01310,-0.00389,-0.16298,-0.00559,-0.10803,0.83906,0,-0.00089,-0.00091
2.5805,-0.22418,0.00394,0.00052,-0.00118,-0.00517,0.00273,0.22456,-0.14999,-0.00162,-0.01324,-0.00386,-0.16278,-0.00506,-0.10836,0.83902,0,-0.00089,-0.00091
2.5825,-0.22418,0.00394,0.00051,-0.00118,-0.00535,0.00229,0.22456,-0.14999,-0.00162,-0.01337,-0.00384,-0.16270,-0.00465,-0.10868,0.83903,0,-0.00089,-0.00091
2.5845,-0.22418,0.00394,0.00050,-0.00118,-0.00542,0.00196,0.22456,-0.14999,-0.00162,-0.01352,-0.00382,-0.16276,-0.00436,-0.10903,0.83900,0,-0.00089,-0.00091
2.5866,-0.22418,0.00394,0.00048,-0.00117,-0.00538,0.00174,0.22456,-0.14999,-0.00162,-0.01366,-0.00380,-0.16294,-0.00421,-0.10934,0.83903,0,-0.00089,-0.00091
2.5886,-0.22418,0.00394,0.00047,-0.00117,-0.00524,0.00163,0.22456,-0.14999,-0.00162,-0.01380,-0.00379,-0.16325,-0.00418,-0.10965,0.83900,0,-0.00089,-0.00091
2.5906,-0.22418,0.00394,0.00046,-0.00116,-0.00498,0.00162,0.22456,-0.14999,-0.00162,-0.01394,-0.00377,-0.16368,-0.00429,-0.10997,0.83903,0,-0.00089,-0.00091
2.5926,-0.22418,0.00394,0.00045,-0.00116,-0.00461,0.00173,0.22456,-0.14999,-0.00162,-0.01407,-0.00376,-0.16406,-0.00452,-0.11029,0.83904,0,-0.00089,-0.00091
2.5946,-0.22418,0.00394,0.00045,-0.00116,-0.00429,0.00195,0.22456,-0.14999,-0.00162,-0.01421,-0.00374,-0.16432,-0.00488,-0.11059,0.83906,0,-0.00089,-0.00091
2.5966,-0.22418,0.00394,0.00044,-0.00115,-0.00408,0.00227,0.22456,-0.14999,-0.00162,-0.01434,-0.00372,-0.16444,-0.00534,-0.11093,0.83901,0,-0.00089,-0.00091
2.5986,-0.22418,0.00394,0.00043,-0.00115,-0.00398,0.00269,0.22456,-0.14999,-0.00162,-0.01447,-0.00370,-0.16446,-0.00567,-0.11126,0.83900,0,-0.00089,-0.00091
2.6006,-0.22418,0.00394,0.00042,-0.00114,-0.00398,0.00299,0.22456,-0.14999,-0.00162,-0.01459,-0.00367,-0.16458,-0.00588,-0.11160,0.83894,0,-0.00089,-0.00091
2.6026,-0.22418,0.00394,0.00041,-0.00114,-0.00388,0.00319,0.22456,-0.14999,-0.00162,-0.01472,-0.00365,-0.16471,-0.00596,-0.11194,0.83894,0,-0.00089,-0.00091
2.6046,-0.22418,0.00394,0.00041,-0.00113,-0.00378,0.00327,0.22456,-0.14999,-0.00162,-0.01485,-0.00362,-0.16484,-0.00591,-0.11229,0.83890,0,-0.00089,-0.00091
2.6066,-0.22418,0.00394,0.00040,-0.00112,-0.00367,0.00325,0.22456,-0.14999,-0.00162,-0.01497,-0.00359,-0.16496,-0.00573,-0.11258,0.83887,0,-0.00089,-0.00091
2.6087,-0.22418,0.00394,0.00039,-0.00112,-0.00357,0.00312,0.22456,-0.14999,-0.00162,-0.01510,-0.00356,-0.16509,-0.00542,-0.11293,0.83881,0,-0.00089,-0.00091
2.6107,-0.22418,0.00394,0.00038,-0.00111,-0.00347,0.00288,0.22456,-0.14999,-0.00162,-0.01522,-0.00353,-0.16521,-0.00515,-0.11323,0.83888,0,-0.00089,-0.00091
2.6127,-0.22418,0.00394,0.00038,-0.00111,-0.00338,0.00265,0.22456,-0.14999,-0.00162,-0.01534,-0.00350,-0.16533,-0.00499,-0.11355,0.83887,0,-0.00089,-0.00091
2.6147,-0.22418,0.00394,0.00037,-0.00110,-0.00328,0.00254,0.22456,-0.14999,-0.00162,-0.01546,-0.00348,-0.16545,-0.00497,-0.11390,0.83888,0,-0.00089,-0.00091
2.6167,-0.22418,0.00394,0.00036,-0.00110,-0.00318,0.00254,0.22456,-0.14999,-0.00162,-0.01558,-0.00346,-0.16558,-0.00507,-0.11424,0.83881,0,-0.00089,-0.00091
2.6187,-0.22418,0.00394,0.00036,-0.00109,-0.00308,0.00265,0.22456,-0.14999,-0.00162,-0.01570,-0.00343,-0.16569,-0.00505,-0.11459,0.83880,0,-0.00089,-0.00091
2.6207,-0.22418,0.00394,0.00035,-0.00109,-0.00299,0.00265,0.22456,-0.14999,-0.00162,-0.01582,-0.00341,-0.16582,-0.00503,-0.11487,0.83883,0,-0.00089,-0.00091
2.6227,-0.22418,0.00394,0.00035,-0.00108,-0.00289,0.00264,0.22456,-0.14999,-0.00162,-0.01594,-0.00339,-0.16593,-0.00500,-0.11525,0.83879,0,-0.00089,-0.00091
2.6247,-0.22418,0.00394,0.00034,-0.00107,-0.00279,0.00264,0.22456,-0.14999,-0.00162,-0.01606,-0.00336,-0.16605,-0.00498,-0.11556,0.83876,0,-0.00089,-0.00091
2.6267,-0.22418,0.00394,0.00033,-0.00107,-0.00270,0.00264,0.22456,-0.14999,-0.00162,-0.01617,-0.00334,-0.16617,-0.00495,-0.11593,0.83875,0,-0.00089,-0.00091
2.6287,-0.22418,0.00394,0.00033,-0.00106,-0.00261,0.00264,0.22456,-0.14999,-0.00162,-0.01629,-0.00331,-0.16628,-0.00493,-0.11627,0.83876,0,-0.00089,-0.00091
2.6307,-0.22418,0.00394,0.00032,-0.00106,-0.00251,0.00263,0.22456,-0.14999,-0.00162,-0.01640,-0.00329,-0.16640,-0.00491,-0.11655,0.83870,0,-0.00089,-0.00091
2.6327,-0.22418,0.00394,0.00032,-0.00105,-0.00242,0.00263,0.22456,-0.14999,-0.00162,-0.01652,-0.00327,-0.16651,-0.00488,-0.11689,0.83868,0,-0.00089,-0.00091
2.6347,-0.22418,0.00394,0.00031,-0.00105,-0.00233,0.00263,0.22456,-0.14999,-0.00162,-0.01663,-0.00324,-0.16662,-0.00486,-0.11725,0.83867,0,-0.00089,-0.00091
2.6367,-0.22418,0.00394,0.00031,-0.00104,-0.00224,0.00262,0.22456,-0.14999,-0.00162,-0.01674,-0.00322,-0.16673,-0.00483,-0.11753,0.83866,0,-0.00089,-0.00091
2.6388,-0.20311,0.00601,-0.00120,-0.00071,-0.00730,0.00409,0.20455,-0.14999,-0.00162,-0.01768,-0.00104,-0.16697,-0.00468,-0.11791,0.83863,0,-0.00244,-0.00056
2.6408,-0.20311,0.00601,-0.00122,-0.00070,-0.00708,0.00397,0.20455,-0.14999,-0.00162,-0.01783,-0.00100,-0.16734,-0.00440,-0.11818,0.83864,0,-0.00244,-0.00056
2.6428,-0.20311,0.00601,-0.00123,-0.00070,-0.00674,0.00374,0.20455,-0.14992,-0.00161,-0.01799,-0.00097,-0.16784,-0.00399,-0.11855,0.83860,0,-0.00244,-0.00056
2.6448,-0.20311,0.00601,-0.00125,-0.00069,-0.00630,0.00341,0.20455,-0.14978,-0.00161,-0.01814,-0.00093,-0.16820,-0.00346,-0.11891,0.83859,0,-0.00244,-0.00056
2.6468,-0.20311,0.00601,-0.00126,-0.00068,-0.00596,0.00296,0.20455,-0.14964,-0.00161,-0.01829,-0.00090,-0.16844,-0.00279,-0.11919,0.83854,0,-0.00244,-0.00056
2.6488,-0.20311,0.00601,-0.00127,-0.00068,-0.00574,0.00241,0.20455,-0.14950,-0.00161,-0.01844,-0.00088,-0.16855,-0.00226,-0.11959,0.83855,0,-0.00244,-0.00056
2.6508,-0.20311,0.00601,-0.00128,-0.00067,-0.00562,0.00196,0.20455,-0.14936,-0.00161,-0.01858,-0.00086,-0.16854,-0.00185,-0.11991,0.83855,0,-0.00244,-0.00056
2.6528,-0.20311,0.00601,-0.00129,-0.00067,-0.00561,0.00162,0.20455,-0.14923,-0.00161,-0.01872,-0.00084,-0.16839,-0.00157,-0.12024,0.83857,0,-0.00244,-0.00056
2.6548,-0.20311,0.00601,-0.00130,-0.00067,-0.00572,0.00139,0.20455,-0.14909,-0.00161,-0.01887,-0.00083,-0.16812,-0.00142,-0.12055,0.83854,0,-0.00244,-0.00056
2.6568,-0.20311,0.00601,-0.00132,-0.00066,-0.00593,0.00127,0.20455,-0.14895,-0.00160,-0.01901,-0.00082,-0.16796,-0.00140,-0.12092,0.83854,0,-0.00244,-0.00056
2.6588,-0.20311,0.00601,-0.00133,-0.00066,-0.00604,0.00127,0.20455,-0.14881,-0.00160,-0.01916,-0.00081,-0.16792,-0.00150,-0.12124,0.83854,0,-0.00244,-0.00056
2.6608,-0.20311,0.00601,-0.00134,-0.00066,-0.00605,0.00137,0.20455,-0.14867,-0.00160,-0.01930,-0.00080,-0.16797,-0.00173,-0.12155,0.83852,0,-0.00244,-0.00056
2.6628,-0.20311,0.00601,-0.00135,-0.00066,-0.00598,0.00157,0.20455,-0.14853,-0.00160,-0.01945,-0.00078,-0.16798,-0.00209,-0.12188,0.83851,0,-0.00244,-0.00056
2.6648,-0.20311,0.00601,-0.00136,-0.00065,-0.00595,0.00189,0.20455,-0.14839,-0.00160,-0.01960,-0.00077,-0.16799,-0.00237,-0.12221,0.83855,0,-0.00244,-0.00056
2.6668,-0.20311,0.00601,-0.00138,-0.00065,-0.00592,0.00214,0.20455,-0.14826,-0.00160,-0.01974,-0.00075,-0.16800,-0.00251,-0.12258,0.83851,0,-0.00244,-0.00056
2.6688,-0.20311,0.00601,-0.00139,-0.00064,-0.00590,0.00227,0.20455,-0.14812,-0.00160,-0.01989,-0.00073,-0.16800,-0.00253,-0.12287,0.83855,0,-0.00244,-0.00056
2.6708,-0.20311,0.00601,-0.00140,-0.00064,-0.00587,0.00230,0.20455,-0.14798,-0.00159,-0.02003,-0.00071,-0.16801,-0.00242,-0.12327,0.83850,0,-0.00244,-0.00056
2.6728,-0.20311,0.00601,-0.00141,-0.00064,-0.00584,0.00222,0.20455,-0.14784,-0.00159,-0.02017,-0.00069,-0.16801,-0.00228,-0.12360,0.83852,0,-0.00244,-0.00056
2.6748,-0.20311,0.00601,-0.00142,-0.00063,-0.00581,0.00211,0.20455,-0.14770,-0.00159,-0.02032,-0.00067,-0.16802,-0.00226,-0.12395,0.83851,0,-0.00244,-0.00056
2.6768,-0.20311,0.00601,-0.00143,-0.00063,-0.00578,0.00210,0.20455,-0.14756,-0.00159,-0.02046,-0.00065,-0.16803,-0.00224,-0.12424,0.83852,0,-0.00244,-0.00056
2.6788,-0.20311,0.00601,-0.00145,-0.00062,-0.00575,0.00209,0.20455,-0.14743,-0.00159,-0.02060,-0.00063,-0.16803,-0.00222,-0.12460,0.83852,0,-0.00244,-0.00056
2.6808,-0.20311,0.00601,-0.00146,-0.00062,-0.00572,0.00209,0.20455,-0.14729,-0.00159,-0.02075,-0.00061,-0.16803,-0.00220,-0.12496,0.83847,0,-0.00244,-0.00056
2.6828,-0.20311,0.00601,-0.00147,-0.00061,-0.00569,0.00208,0.20455,-0.14715,-0.00158,-0.02089,-0.00059,-0.16804,-0.00218,-0.12527,0.83851,0,-0.00244,-0.00056
2.6848,-0.20311,0.00601,-0.00148,-0.00061,-0.00567,0.00207,0.20455,-0.14701,-0.00158,-0.02103,-0.00058,-0.16804,-0.00216,-0.12563,0.83851,0,-0.00244,-0.00056
2.6868,-0.20311,0.00601,-0.00149,-0.00061,-0.00564,0.00207,0.20455,-0.14687,-0.00158,-0.02117,-0.00056,-0.16805,-0.00214,-0.12593,0.83849,0,-0.00244,-0.00056
2.6888,-0.20311,0.00601,-0.00150,-0.00060,-0.00561,0.00206,0.20455,-0.14673,-0.00158,-0.02131,-0.00054,-0.16805,-0.00212,-0.12627,0.83851,0,-0.00244,-0.00056
2.6908,-0.20311,0.00601,-0.00151,-0.00060,-0.00558,0.00205,0.20455,-0.14660,-0.00158,-0.02146,-0.00052,-0.16805,-0.00210,-0.12658,0.83853,0,-0.00244,-0.00056
2.6928,-0.20311,0.00601,-0.00152,-0.00059,-0.00555,0.00204,0.20455,-0.14646,-0.00158,-0.02160,-0.00050,-0.16805,-0.00208,-0.12696,0.83853,0,-0.00244,-0.00056
2.6948,-0.20311,0.00601,-0.00154,-0.00059,-0.00553,0.00204,0.20455,-0.14632,-0.00158,-0.02174,-0.00048,-0.16806,-0.00206,-0.12727,0.83850,0,-0.00244,-0.00056
2.6968,-0.20311,0.00601,-0.00155,-0.00059,-0.00550,0.00203,0.20455,-0.14618,-0.00157,-0.02188,-0.00046,-0.16806,-0.00204,-0.12767,0.83851,0,-0.00244,-0.00056
2.6989,-0.20311,0.00601,-0.00156,-0.00058,-0.00547,0.00202,0.20455,-0.14604,-0.00157,-0.02202,-0.00045,-0.16806,-0.00202,-0.12800,0.83848,0,-0.00244,-0.00056
2.7009,-0.20311,0.00601,-0.00157,-0.00058,-0.00544,0.00202,0.20455,-0.14590,-0.00157,-0.02215,-0.00043,-0.16806,-0.00200,-0.12833,0.83850,0,-0.00244,-0.00056
2.7029,-0.20275,0.00642,-0.00230,-0.00070,-0.00785,0.00178,0.19944,-0.14576,-0.00157,-0.02559,-0.00087,-0.16819,-0.00211,-0.12862,0.83848,0,-0.00275,-0.00091
2.7049,-0.20275,0.00642,-0.00232,-0.00069,-0.00770,0.00188,0.19944,-0.14562,-0.00157,-0.02576,-0.00085,-0.16844,-0.00234,-0.12896,0.83849,0,-0.00275,-0.00091
2.7069,-0.20275,0.00642,-0.00233,-0.00069,-0.00744,0.00209,0.19944,-0.14548,-0.00157,-0.02591,-0.00084,-0.16883,-0.00245,-0.12896,0.83849,0,-0.00275,-0.00091
2.7089,-0.20275,0.00642,-0.00235,-0.00068,-0.00707,0.00220,0.19944,-0.14535,-0.00157,-0.02607,-0.00082,-0.16934,-0.00243,-0.12972,0.83848,0,-0.00275,-0.00091
2.7109,-0.20275,0.00642,-0.00236,-0.00068,-0.00660,0.00219,0.19944,-0.14521,-0.00156,-0.02622,-0.00080,-0.16998,-0.00236,-0.13003,0.83847,0,-0.00275,-0.00091
2.7129,-0.20275,0.00642,-0.00237,-0.00068,-0.00601,0.00214,0.19944,-0.14507,-0.00156,-0.02637,-0.00078,-0.17075,-0.00234,-0.13034,0.83847,0,-0.00275,-0.00091
2.7149,-0.20275,0.00642,-0.00238,-0.00067,-0.00531,0.00214,0.19944,-0.14493,-0.00156,-0.02651,-0.00076,-0.17144,-0.00232,-0.13069,0.83841,0,-0.00275,-0.00091
2.7169,-0.20275,0.00642,-0.00239,-0.00067,-0.00468,0.00213,0.19944,-0.14479,-0.00156,-0.02664,-0.00074,-0.17200,-0.00230,-0.13103,0.83844,0,-0.00275,-0.00091
2.7189,-0.20275,0.00642,-0.00240,-0.00066,-0.00416,0.00212,0.19944,-0.14465,-0.00156,-0.02677,-0.00072,-0.17244,-0.00228,-0.13139,0.83841,0,-0.00275,-0.00091
2.7209,-0.20275,0.00642,-0.00241,-0.00066,-0.00375,0.00212,0.19944,-0.14452,-0.00156,-0.02690,-0.00070,-0.17274,-0.00226,-0.13167,0.83844,0,-0.00275,-0.00091
2.7229,-0.20275,0.00642,-0.00242,-0.00065,-0.00345,0.00211,0.19944,-0.14438,-0.00155,-0.02702,-0.00068,-0.17292,-0.00224,-0.13209,0.83837,0,-0.00275,-0.00091
2.7249,-0.20275,0.00642,-0.00242,-0.00065,-0.00326,0.00210,0.19944,-0.14424,-0.00155,-0.02714,-0.00066,-0.17297,-0.00222,-0.13244,0.83843,0,-0.00275,-0.00091
2.7269,-0.20275,0.00642,-0.00243,-0.00065,-0.00317,0.00210,0.19944,-0.14410,-0.00155,-0.02725,-0.00064,-0.17289,-0.00220,-0.13275,0.83841,0,-0.00275,-0.00091
2.7289,-0.20275,0.00642,-0.00244,-0.00064,-0.00320,0.00209,0.19944,-0.14396,-0.00155,-0.02737,-0.00063,-0.17268,-0.00218,-0.13311,0.83842,0,-0.00275,-0.00091
2.7309,-0.20275,0.00642,-0.00244,-0.00064,-0.00334,0.00208,0.19944,-0.14383,-0.00155,-0.02749,-0.00061,-0.17235,-0.00216,-0.13345,0.83844,0,-0.00275,-0.00091
2.7329,-0.20275,0.00642,-0.00245,-0.00063,-0.00358,0.00208,0.19944,-0.14369,-0.00155,-0.02761,-0.00059,-0.17189,-0.00213,-0.13384,0.83844,0,-0.00275,-0.00091
2.7349,-0.20275,0.00642,-0.00246,-0.00063,-0.00393,0.00207,0.19944,-0.14355,-0.00155,-0.02773,-0.00057,-0.17129,-0.00211,-0.13416,0.83839,0,-0.00275,-0.00091
2.7369,-0.20275,0.00642,-0.00247,-0.00063,-0.00440,0.00206,0.19944,-0.14341,-0.00154,-0.02785,-0.00055,-0.17083,-0.00209,-0.13452,0.83836,0,-0.00275,-0.00091
2.7389,-0.20275,0.00642,-0.00247,-0.00062,-0.00475,0.00206,0.19944,-0.14327,-0.00154,-0.02798,-0.00053,-0.17050,-0.00207,-0.13483,0.83834,0,-0.00275,-0.00091
2.7409,-0.20275,0.00642,-0.00248,-0.00062,-0.00500,0.00205,0.19944,-0.14313,-0.00154,-0.02811,-0.00051,-0.17029,-0.00205,-0.13517,0.83838,0,-0.00275,-0.00091
2.7429,-0.20275,0.00642,-0.00249,-0.00061,-0.00513,0.00204,0.19944,-0.14300,-0.00154,-0.02825,-0.00049,-0.17021,-0.00203,-0.13549,0.83835,0,-0.00275,-0.00091
2.7449,-0.20275,0.00642,-0.00250,-0.00061,-0.00516,0.00204,0.19944,-0.14286,-0.00154,-0.02838,-0.00048,-0.17026,-0.00201,-0.13582,0.83835,0,-0.00275,-0.00091
2.7469,-0.20275,0.00642,-0.00252,-0.00060,-0.00507,0.00203,0.19944,-0.14272,-0.00154,-0.02852,-0.00046,-0.17044,-0.00200,-0.13616,0.83836,0,-0.00275,-0.00091
2.7489,-0.20275,0.00642,-0.00253,-0.00060,-0.00488,0.00202,0.19944,-0.14258,-0.00154,-0.02865,-0.00044,-0.17074,-0.00198,-0.13644,0.83840,0,-0.00275,-0.00091
2.7509,-0.20275,0.00642,-0.00253,-0.00060,-0.00457,0.00201,0.19944,-0.14244,-0.00153,-0.02878,-0.00042,-0.17118,-0.00196,-0.13678,0.83837,0,-0.00275,-0.00091
2.7529,-0.20275,0.00642,-0.00254,-0.00059,-0.00416,0.00201,0.19944,-0.14230,-0.00153,-0.02891,-0.00040,-0.17148,-0.00194,-0.13711,0.83838,0,-0.00275,-0.00091
2.7549,-0.20275,0.00642,-0.00255,-0.00059,-0.00386,0.00200,0.19944,-0.14217,-0.00153,-0.02903,-0.00039,-0.17166,-0.00192,-0.13746,0.83835,0,-0.00275,-0.00091
2.7569,-0.20275,0.00642,-0.00256,-0.00058,-0.00366,0.00199,0.19944,-0.14203,-0.00153,-0.02915,-0.00037,-0.17171,-0.00190,-0.13785,0.83834,0,-0.00275,-0.00091
2.7589,-0.20275,0.00642,-0.00257,-0.00058,-0.00358,0.00199,0.19944,-0.14189,-0.00153,-0.02927,-0.00035,-0.17163,-0.00188,-0.13815,0.83834,0,-0.00275,-0.00091
2.7609,-0.20275,0.00642,-0.00257,-0.00058,-0.00360,0.00198,0.19944,-0.14175,-0.00153,-0.02939,-0.00033,-0.17142,-0.00186,-0.13847,0.83834,0,-0.00275,-0.00091
2.7629,-0.20275,0.00642,-0.00258,-0.00057,-0.00373,0.00197,0.19944,-0.14161,-0.00153,-0.02951,-0.00031,-0.17112,-0.00184,-0.13887,0.83830,0,-0.00275,-0.00091
2.7649,-0.20275,0.00642,-0.00259,-0.00057,-0.00395,0.00197,0.19944,-0.14147,-0.00152,-0.02963,-0.00030,-0.17095,-0.00182,-0.13920,0.83834,0,-0.00275,-0.00091
2.7669,-0.20275,0.00642,-0.00260,-0.00056,-0.00406,0.00196,0.19944,-0.14134,-0.00152,-0.02975,-0.00028,-0.17090,-0.00180,-0.13955,0.83832,0,-0.00275,-0.00091
2.7689,-0.20275,0.00642,-0.00260,-0.00056,-0.00405,0.00195,0.19944,-0.14120,-0.00152,-0.02988,-0.00026,-0.17098,-0.00178,-0.13987,0.83832,0,-0.00275,-0.00091
2.7709,-0.20273,0.00639,-0.00278,-0.00069,-0.00475,0.00150,0.19409,-0.14106,-0.00152,-0.03079,-0.00086,-0.17119,-0.00189,-0.14020,0.83835,0,-0.00276,-0.00088
2.7729,-0.20273,0.00639,-0.00279,-0.00068,-0.00453,0.00161,0.19409,-0.14092,-0.00152,-0.03092,-0.00085,-0.17152,-0.00213,-0.14056,0.83828,0,-0.00276,-0.00088
2.7749,-0.20273,0.00639,-0.00280,-0.00068,-0.00419,0.00182,0.19409,-0.14078,-0.00152,-0.03105,-0.00083,-0.17183,-0.00235,-0.14087,0.83835,0,-0.00276,-0.00088
2.7769,-0.20273,0.00639,-0.00281,-0.00068,-0.00388,0.00202,0.19409,-0.14064,-0.00151,-0.03117,-0.00081,-0.17201,-0.00244,-0.14125,0.83832,0,-0.00276,-0.00088
2.7789,-0.20273,0.00639,-0.00282,-0.00067,-0.00368,0.00211,0.19409,-0.14051,-0.00151,-0.03129,-0.00080,-0.17206,-0.00240,-0.14156,0.83828,0,-0.00276,-0.00088
2.7810,-0.20273,0.00639,-0.00282,-0.00067,-0.00359,0.00209,0.19409,-0.14037,-0.00151,-0.03141,-0.00078,-0.17198,-0.00229,-0.14194,0.83827,0,-0.00276,-0.00088
2.7830,-0.20273,0.00639,-0.00283,-0.00066,-0.00361,0.00200,0.19409,-0.14023,-0.00151,-0.03153,-0.00076,-0.17178,-0.00227,-0.14229,0.83831,0,-0.00276,-0.00088
2.7850,-0.20273,0.00639,-0.00284,-0.00066,-0.00374,0.00200,0.19409,-0.14009,-0.00151,-0.03165,-0.00074,-0.17170,-0.00225,-0.14266,0.83830,0,-0.00276,-0.00088
2.7870,-0.20273,0.00639,-0.00284,-0.00066,-0.00376,0.00199,0.19409,-0.13995,-0.00151,-0.03177,-0.00072,-0.17172,-0.00223,-0.14297,0.83830,0,-0.00276,-0.00088
2.7890,-0.20273,0.00639,-0.00285,-0.00065,-0.00369,0.00199,0.19409,-0.13981,-0.00151,-0.03189,-0.00070,-0.17170,-0.00221,-0.14332,0.83828,0,-0.00276,-0.00088
2.7910,-0.20273,0.00639,-0.00286,-0.00065,-0.00366,0.00198,0.19409,-0.13968,-0.00150,-0.03200,-0.00069,-0.17168,-0.00219,-0.14368,0.83830,0,-0.00276,-0.00088
2.7930,-0.20273,0.00639,-0.00287,-0.00064,-0.00363,0.00197,0.19409,-0.13954,-0.00150,-0.03212,-0.00067,-0.17166,-0.00217,-0.14395,0.83832,0,-0.00276,-0.00088
2.7950,-0.20273,0.00639,-0.00287,-0.00064,-0.00360,0.00197,0.19409,-0.13940,-0.00150,-0.03224,-0.00065,-0.17164,-0.00215,-0.14434,0.83832,0,-0.00276,-0.00088
2.7970,-0.20273,0.00639,-0.00288,-0.00064,-0.00357,0.00196,0.19409,-0.13926,-0.00150,-0.03236,-0.00063,-0.17162,-0.00213,-0.14470,0.83827,0,-0.00276,-0.00088
2.7990,-0.20273,0.00639,-0.00289,-0.00063,-0.00354,0.00196,0.19409,-0.13912,-0.00150,-0.03247,-0.00062,-0.17160,-0.00211,-0.14495,0.83831,0,-0.00276,-0.00088
2.8010,-0.20273,0.00639,-0.00290,-0.00063,-0.00351,0.00195,0.19409,-0.13898,-0.00150,-0.03259,-0.00060,-0.17158,-0.00209,-0.14533,0.83833,0,-0.00276,-0.00088
2.8030,-0.20273,0.00639,-0.00290,-0.00062,-0.00348,0.00195,0.19409,-0.13885,-0.00150,-0.03271,-0.00058,-0.17155,-0.00208,-0.14572,0.83831,0,-0.00276,-0.00088
2.8050,-0.20273,0.00639,-0.00291,-0.00062,-0.00345,0.00194,0.19409,-0.13871,-0.00149,-0.03282,-0.00056,-0.17153,-0.00206,-0.14601,0.83831,0,-0.00276,-0.00088
2.8070,-0.20273,0.00639,-0.00292,-0.00062,-0.00342,0.00193,0.19409,-0.13857,-0.00149,-0.03294,-0.00055,-0.17151,-0.00204,-0.14640,0.83826,0,-0.00276,-0.00088
2.8090,-0.20273,0.00639,-0.00292,-0.00061,-0.00339,0.00193,0.19409,-0.13843,-0.00149,-0.03306,-0.00053,-0.17149,-0.00202,-0.14675,0.83832,0,-0.00276,-0.00088
2.8110,-0.20273,0.00639,-0.00293,-0.00061,-0.00336,0.00192,0.19409,-0.13829,-0.00149,-0.03317,-0.00051,-0.17146,-0.00200,-0.14706,0.83828,0,-0.00276,-0.00088
2.8130,-0.20273,0.00639,-0.00294,-0.00060,-0.00333,0.00192,0.19409,-0.13815,-0.00149,-0.03329,-0.00049,-0.17144,-0.00198,-0.14739,0.83830,0,-0.00276,-0.00088
2.8150,-0.20273,0.00639,-0.00294,-0.00060,-0.00330,0.00191,0.19409,-0.13801,-0.00149,-0.03340,-0.00048,-0.17141,-0.00196,-0.14779,0.83831,0,-0.00276,-0.00088
2.8170,-0.20273,0.00639,-0.00295,-0.00060,-0.00327,0.00190,0.19409,-0.13788,-0.00148,-0.03351,-0.00046,-0.17139,-0.00194,-0.14811,0.83830,0,-0.00276,-0.00088
2.8190,-0.20273,0.00639,-0.00296,-0.00059,-0.00324,0.00190,0.19409,-0.13774,-0.00148,-0.03363,-0.00044,-0.17136,-0.00193,-0.14846,0.83832,0,-0.00276,-0.00088
2.8210,-0.20273,0.00639,-0.00296,-0.00059,-0.00321,0.00189,0.19409,-0.13760,-0.00148,-0.03374,-0.00043,-0.17134,-0.00191,-0.14884,0.83833,0,-0.00276,-0.00088
2.8230,-0.20273,0.00639,-0.00297,-0.00059,-0.00319,0.00189,0.19409,-0.13746,-0.00148,-0.03385,-0.00041,-0.17131,-0.00189,-0.14917,0.83828,0,-0.00276,-0.00088
2.8250,-0.20273,0.00639,-0.00298,-0.00058,-0.00316,0.00188,0.19409,-0.13732,-0.00148,-0.03397,-0.00039,-0.17129,-0.00187,-0.14951,0.83831,0,-0.00276,-0.00088
2.8270,-0.20273,0.00639,-0.00298,-0.00058,-0.00313,0.00187,0.19409,-0.13718,-0.00148,-0.03408,-0.00037,-0.17126,-0.00185,-0.14986,0.83827,0,-0.00276,-0.00088
2.8290,-0.20273,0.00639,-0.00299,-0.00057,-0.00310,0.00187,0.19409,-0.13705,-0.00148,-0.03419,-0.00036,-0.17124,-0.00183,-0.15019,0.83826,0,-0.00276,-0.00088
2.8310,-0.20273,0.00639,-0.00299,-0.00057,-0.00308,0.00186,0.19409,-0.13691,-0.00147,-0.03430,-0.00034,-0.17121,-0.00182,-0.15056,0.83831,0,-0.00276,-0.00088
2.8330,-0.20273,0.00639,-0.00300,-0.00057,-0.00305,0.00186,0.19409,-0.13677,-0.00147,-0.03441,-0.00032,-0.17118,-0.00180,-0.15086,0.83828,0,-0.00276,-0.00088
2.8350,-0.20273,0.00639,-0.00301,-0.00056,-0.00302,0.00185,0.19409,-0.13663,-0.00147,-0.03452,-0.00031,-0.17115,-0.00178,-0.15126,0.83825,0,-0.00276,-0.00088
2.8372,-0.20273,0.00639,-0.00301,-0.00056,-0.00299,0.00184,0.18844,-0.13648,-0.00147,-0.03464,-0.00029,-0.17112,-0.00176,-0.15158,0.83827,0,-0.00229,-0.00088
2.8392,-0.20328,0.00639,-0.00271,-0.00069,-0.00191,0.00140,0.18844,-0.13634,-0.00147,-0.03344,-0.00089,-0.17096,-0.00187,-0.15191,0.83829,0,-0.00229,-0.00088
2.8412,-0.20328,0.00639,-0.00271,-0.00068,-0.00200,0.00150,0.18844,-0.13620,-0.00147,-0.03355,-0.00088,-0.17067,-0.00211,-0.15227,0.83826,0,-0.00229,-0.00088
2.8432,-0.20328,0.00639,-0.00272,-0.00068,-0.00220,0.00172,0.18844,-0.13606,-0.00147,-0.03365,-0.00086,-0.17025,-0.00233,-0.15260,0.83827,0,-0.00229,-0.00088
2.8452,-0.20328,0.00639,-0.00272,-0.00068,-0.00251,0.00191,0.18844,-0.13592,-0.00146,-0.03375,-0.00085,-0.16971,-0.00242,-0.15293,0.83826,0,-0.00229,-0.00088
2.8472,-0.20328,0.00639,-0.00273,-0.00067,-0.00293,0.00200,0.18844,-0.13579,-0.00146,-0.03386,-0.00083,-0.16929,-0.00238,-0.15328,0.83825,0,-0.00229,-0.00088
2.8493,-0.20328,0.00639,-0.00273,-0.00067,-0.00324,0.00198,0.18844,-0.13565,-0.00146,-0.03397,-0.00081,-0.16900,-0.00227,-0.15365,0.83823,0,-0.00229,-0.00088
2.8512,-0.20328,0.00639,-0.00274,-0.00066,-0.00345,0.00190,0.18844,-0.13551,-0.00146,-0.03408,-0.00079,-0.16884,-0.00225,-0.15401,0.83824,0,-0.00229,-0.00088
2.8533,-0.20328,0.00639,-0.00275,-0.00066,-0.00354,0.00189,0.18844,-0.13537,-0.00146,-0.03420,-0.00078,-0.16881,-0.00223,-0.15441,0.83824,0,-0.00229,-0.00088
2.8553,-0.20328,0.00639,-0.00275,-0.00066,-0.00352,0.00189,0.18844,-0.13523,-0.00146,-0.03431,-0.00076,-0.16890,-0.00222,-0.15464,0.83825,0,-0.00229,-0.00088
2.8573,-0.20328,0.00639,-0.00276,-0.00065,-0.00339,0.00188,0.18844,-0.13509,-0.00145,-0.03443,-0.00074,-0.16913,-0.00220,-0.15498,0.83823,0,-0.00229,-0.00088
2.8593,-0.20328,0.00639,-0.00277,-0.00065,-0.00315,0.00188,0.18844,-0.13495,-0.00145,-0.03454,-0.00073,-0.16948,-0.00218,-0.15533,0.83821,0,-0.00229,-0.00088
2.8613,-0.20328,0.00639,-0.00277,-0.00065,-0.00281,0.00188,0.18844,-0.13481,-0.00145,-0.03465,-0.00071,-0.16970,-0.00216,-0.15573,0.83825,0,-0.00229,-0.00088
2.8633,-0.20328,0.00639,-0.00278,-0.00064,-0.00257,0.00187,0.18844,-0.13468,-0.00145,-0.03475,-0.00069,-0.16980,-0.00214,-0.15604,0.83818,0,-0.00229,-0.00088
2.8653,-0.20328,0.00639,-0.00278,-0.00064,-0.00244,0.00187,0.18844,-0.13454,-0.00145,-0.03486,-0.00067,-0.16976,-0.00212,-0.15640,0.83820,0,-0.00229,-0.00088
2.8673,-0.20328,0.00639,-0.00279,-0.00063,-0.00242,0.00186,0.18844,-0.13440,-0.00145,-0.03496,-0.00066,-0.16960,-0.00211,-0.15672,0.83820,0,-0.00229,-0.00088
2.8693,-0.20328,0.00639,-0.00279,-0.00063,-0.00251,0.00186,0.18844,-0.13426,-0.00145,-0.03507,-0.00064,-0.16933,-0.00209,-0.15708,0.83820,0,-0.00229,-0.00088
2.8713,-0.20328,0.00639,-0.00280,-0.00063,-0.00270,0.00185,0.18844,-0.13412,-0.00144,-0.03517,-0.00062,-0.16918,-0.00207,-0.15739,0.83818,0,-0.00229,-0.00088
2.8733,-0.20328,0.00639,-0.00280,-0.00062,-0.00278,0.00185,0.18844,-0.13398,-0.00144,-0.03528,-0.00061,-0.16916,-0.00205,-0.15778,0.83819,0,-0.00229,-0.00088
2.8753,-0.20328,0.00639,-0.00281,-0.00062,-0.00275,0.00184,0.18844,-0.13385,-0.00144,-0.03539,-0.00059,-0.16923,-0.00203,-0.15805,0.83819,0,-0.00229,-0.00088
2.8773,-0.20328,0.00639,-0.00281,-0.00062,-0.00264,0.00183,0.18844,-0.13371,-0.00144,-0.03549,-0.00057,-0.16920,-0.00201,-0.15841,0.83817,0,-0.00229,-0.00088
2.8793,-0.20328,0.00639,-0.00282,-0.00061,-0.00262,0.00183,0.18844,-0.13357,-0.00144,-0.03560,-0.00056,-0.16917,-0.00200,-0.15871,0.83815,0,-0.00229,-0.00088
2.8813,-0.20328,0.00639,-0.00282,-0.00061,-0.00261,0.00182,0.18844,-0.13343,-0.00144,-0.03570,-0.00054,-0.16913,-0.00198,-0.15907,0.83816,0,-0.00229,-0.00088
2.8833,-0.20328,0.00639,-0.00283,-0.00060,-0.00259,0.00182,0.18844,-0.13329,-0.00144,-0.03581,-0.00053,-0.16910,-0.00196,-0.15935,0.83819,0,-0.00229,-0.00088
2.8853,-0.20328,0.00639,-0.00283,-0.00060,-0.00257,0.00181,0.18844,-0.13315,-0.00143,-0.03591,-0.00051,-0.16906,-0.00194,-0.15975,0.83816,0,-0.00229,-0.00088
2.8873,-0.20328,0.00639,-0.00284,-0.00060,-0.00255,0.00181,0.18844,-0.13302,-0.00143,-0.03601,-0.00049,-0.16903,-0.00193,-0.16012,0.83815,0,-0.00229,-0.00088
2.8893,-0.20328,0.00639,-0.00284,-0.00059,-0.00253,0.00180,0.18844,-0.13288,-0.00143,-0.03612,-0.00048,-0.16900,-0.00191,-0.16044,0.83814,0,-0.00229,-0.00088
2.8913,-0.20328,0.00639,-0.00285,-0.00059,-0.00251,0.00180,0.18844,-0.13274,-0.00143,-0.03622,-0.00046,-0.16896,-0.00189,-0.16077,0.83816,0,-0.00229,-0.00088
2.8933,-0.20328,0.00639,-0.00285,-0.00059,-0.00249,0.00179,0.18844,-0.13260,-0.00143,-0.03632,-0.00044,-0.16893,-0.00187,-0.16114,0.83813,0,-0.00229,-0.00088
2.8953,-0.20328,0.00639,-0.00286,-0.00058,-0.00248,0.00179,0.18844,-0.13246,-0.00143,-0.03643,-0.00043,-0.16889,-0.00185,-0.16151,0.83810,0,-0.00229,-0.00088
2.8973,-0.20328,0.00639,-0.00286,-0.00058,-0.00246,0.00178,0.18844,-0.13232,-0.00142,-0.03653,-0.00041,-0.16885,-0.00184,-0.16178,0.83812,0,-0.00229,-0.00088
2.8993,-0.20328,0.00639,-0.00287,-0.00058,-0.00244,0.00178,0.18844,-0.13218,-0.00142,-0.03663,-0.00040,-0.16882,-0.00182,-0.16215,0.83812,0,-0.00229,-0.00088
2.9013,-0.20328,0.00639,-0.00287,-0.00057,-0.00242,0.00177,0.18844,-0.13205,-0.00142,-0.03674,-0.00038,-0.16878,-0.00180,-0.16246,0.83812,0,-0.00229,-0.00088
2.9033,-0.20328,0.00639,-0.00288,-0.00057,-0.00241,0.00177,0.18844,-0.13191,-0.00142,-0.03684,-0.00036,-0.16875,-0.00179,-0.16278,0.83811,0,-0.00229,-0.00088
2.9054,-0.20272,0.00654,-0.00287,-0.00076,-0.00225,0.00110,0.18145,-0.13177,-0.00142,-0.03671,-0.00122,-0.16858,-0.00190,-0.16346,0.83812,0,-0.00277,-0.00101
2.9074,-0.20272,0.00654,-0.00288,-0.00076,-0.00234,0.00121,0.18145,-0.13163,-0.00142,-0.03681,-0.00121,-0.16844,-0.00213,-0.16346,0.83812,0,-0.00277,-0.00101
2.9094,-0.20272,0.00654,-0.00288,-0.00075,-0.00241,0.00142,0.18145,-0.13149,-0.00142,-0.03691,-0.00120,-0.16840,-0.00250,-0.16374,0.83809,0,-0.00277,-0.00101
2.9114,-0.20272,0.00654,-0.00288,-0.00075,-0.00240,0.00175,0.18145,-0.13135,-0.00141,-0.03701,-0.00118,-0.16836,-0.00274,-0.16409,0.83809,0,-0.00277,-0.00101
2.9134,-0.20272,0.00654,-0.00289,-0.00075,-0.00238,0.00197,0.18145,-0.13121,-0.00141,-0.03712,-0.00117,-0.16833,-0.00285,-0.16446,0.83814,0,-0.00277,-0.00101
2.9154,-0.20272,0.00654,-0.00289,-0.00074,-0.00236,0.00207,0.18145,-0.13107,-0.00141,-0.03722,-0.00115,-0.16829,-0.00283,-0.16478,0.83809,0,-0.00277,-0.00101
2.9174,-0.20272,0.00654,-0.00290,-0.00074,-0.00235,0.00207,0.18145,-0.13093,-0.00141,-0.03732,-0.00113,-0.16825,-0.00269,-0.16513,0.83811,0,-0.00277,-0.00101
2.9194,-0.20272,0.00654,-0.00290,-0.00073,-0.00233,0.00196,0.18145,-0.13079,-0.00141,-0.03742,-0.00111,-0.16821,-0.00252,-0.16545,0.83810,0,-0.00277,-0.00101
2.9214,-0.20272,0.00654,-0.00291,-0.00073,-0.00231,0.00183,0.18145,-0.13066,-0.00141,-0.03752,-0.00110,-0.16818,-0.00248,-0.16583,0.83806,0,-0.00277,-0.00101
2.9234,-0.20272,0.00654,-0.00291,-0.00073,-0.00230,0.00181,0.18145,-0.13052,-0.00141,-0.03762,-0.00108,-0.16814,-0.00248,-0.16615,0.83804,0,-0.00277,-0.00101
2.9255,-0.20272,0.00654,-0.00292,-0.00072,-0.00228,0.00182,0.18145,-0.13038,-0.00140,-0.03772,-0.00106,-0.16810,-0.00247,-0.16648,0.83804,0,-0.00277,-0.00101
2.9275,-0.20272,0.00654,-0.00292,-0.00072,-0.00227,0.00182,0.18145,-0.13024,-0.00140,-0.03782,-0.00105,-0.16806,-0.00245,-0.16681,0.83805,0,-0.00277,-0.00101
2.9295,-0.20272,0.00654,-0.00293,-0.00072,-0.00225,0.00181,0.18145,-0.13010,-0.00140,-0.03792,-0.00103,-0.16802,-0.00243,-0.16712,0.83806,0,-0.00277,-0.00101
2.9315,-0.20272,0.00654,-0.00293,-0.00071,-0.00223,0.00181,0.18145,-0.12996,-0.00140,-0.03802,-0.00101,-0.16798,-0.00241,-0.16745,0.83805,0,-0.00277,-0.00101
2.9335,-0.20272,0.00654,-0.00294,-0.00071,-0.00222,0.00181,0.18145,-0.12982,-0.00140,-0.03812,-0.00100,-0.16794,-0.00240,-0.16780,0.83808,0,-0.00277,-0.00101
2.9355,-0.20272,0.00654,-0.00294,-0.00071,-0.00220,0.00180,0.18145,-0.12968,-0.00140,-0.03822,-0.00098,-0.16790,-0.00238,-0.16818,0.83802,0,-0.00277,-0.00101
2.9375,-0.20272,0.00654,-0.00294,-0.00070,-0.00219,0.00180,0.18145,-0.12954,-0.00140,-0.03832,-0.00096,-0.16786,-0.00236,-0.16851,0.83806,0,-0.00277,-0.00101
2.9395,-0.20272,0.00654,-0.00295,-0.00070,-0.00217,0.00180,0.18145,-0.12940,-0.00139,-0.03842,-0.00095,-0.16782,-0.00234,-0.16887,0.83805,0,-0.00277,-0.00101
2.9416,-0.20272,0.00654,-0.00295,-0.00069,-0.00216,0.00179,0.18145,-0.12927,-0.00139,-0.03852,-0.00093,-0.16778,-0.00232,-0.16919,0.83806,0,-0.00277,-0.00101
2.9436,-0.20272,0.00654,-0.00296,-0.00069,-0.00214,0.00179,0.18145,-0.12913,-0.00139,-0.03861,-0.00092,-0.16774,-0.00231,-0.16950,0.83801,0,-0.00277,-0.00101
2.9456,-0.20272,0.00654,-0.00296,-0.00069,-0.00213,0.00179,0.18145,-0.12899,-0.00139,-0.03871,-0.00090,-0.16770,-0.00229,-0.16990,0.83802,0,-0.00277,-0.00101
2.9476,-0.20272,0.00654,-0.00297,-0.00068,-0.00211,0.00178,0.18145,-0.12885,-0.00139,-0.03881,-0.00088,-0.16766,-0.00227,-0.17018,0.83805,0,-0.00277,-0.00101
2.9496,-0.20272,0.00654,-0.00297,-0.00068,-0.00210,0.00178,0.18145,-0.12871,-0.00139,-0.03891,-0.00087,-0.16762,-0.00225,-0.17053,0.83803,0,-0.00277,-0.00101
2.9516,-0.20272,0.00654,-0.00297,-0.00068,-0.00208,0.00178,0.18145,-0.12857,-0.00138,-0.03901,-0.00085,-0.16758,-0.00224,-0.17087,0.83801,0,-0.00277,-0.00101
2.9536,-0.20272,0.00654,-0.00298,-0.00067,-0.00207,0.00177,0.18145,-0.12843,-0.00138,-0.03910,-0.00084,-0.16753,-0.00222,-0.17116,0.83804,0,-0.00277,-0.00101
2.9557,-0.20272,0.00654,-0.00298,-0.00067,-0.00205,0.00177,0.18145,-0.12829,-0.00138,-0.03920,-0.00082,-0.16749,-0.00220,-0.17157,0.83802,0,-0.00277,-0.00101
2.9577,-0.20272,0.00654,-0.00299,-0.00067,-0.00204,0.00177,0.18145,-0.12815,-0.00138,-0.03930,-0.00080,-0.16745,-0.00218,-0.17190,0.83802,0,-0.00277,-0.00101
2.9597,-0.20272,0.00654,-0.00299,-0.00066,-0.00203,0.00176,0.18145,-0.12801,-0.00138,-0.03939,-0.00079,-0.16741,-0.00217,-0.17222,0.83803,0,-0.00277,-0.00101
2.9617,-0.20272,0.00654,-0.00299,-0.00066,-0.00201,0.00176,0.18145,-0.12787,-0.00138,-0.03949,-0.00077,-0.16736,-0.00215,-0.17254,0.83802,0,-0.00277,-0.00101
2.9637,-0.20272,0.00654,-0.00300,-0.00066,-0.00200,0.00175,0.18145,-0.12774,-0.00138,-0.03959,-0.00076,-0.16732,-0.00213,-0.17292,0.83801,0,-0.00277,-0.00101
2.9657,-0.20272,0.00654,-0.00300,-0.00065,-0.00199,0.00175,0.18145,-0.12760,-0.00137,-0.03968,-0.00074,-0.16728,-0.00212,-0.17325,0.83804,0,-0.00277,-0.00101
2.9677,-0.20272,0.00654,-0.00301,-0.00065,-0.00197,0.00175,0.18145,-0.12746,-0.00137,-0.03978,-0.00073,-0.16724,-0.00210,-0.17357,0.83802,0,-0.00277,-0.00101
2.9697,-0.16079,0.00810,-0.00345,-0.00109,-0.00347,0.00021,0.17851,-0.12732,-0.00137,-0.02938,-0.00235,-0.16706,-0.00221,-0.17429,0.83799,0,-0.00378,-0.00158
2.9717,-0.16079,0.00810,-0.00346,-0.00109,-0.00356,0.00033,0.17851,-0.12718,-0.00137,-0.02949,-0.00235,-0.16676,-0.00245,-0.17429,0.83799,0,-0.00378,-0.00158
2.9737,-0.16079,0.00810,-0.00347,-0.00109,-0.00375,0.00055,0.17851,-0.12704,-0.00137,-0.02960,-0.00234,-0.16634,-0.00281,-0.17456,0.83802,0,-0.00378,-0.00158
2.9758,-0.16079,0.00810,-0.00347,-0.00109,-0.00406,0.00088,0.17851,-0.12690,-0.00137,-0.02972,-0.00234,-0.16578,-0.00331,-0.17491,0.83800,0,-0.00378,-0.00158
2.9778,-0.16079,0.00810,-0.00348,-0.00109,-0.00448,0.00132,0.17851,-0.12676,-0.00137,-0.02983,-0.00233,-0.16510,-0.00369,-0.17523,0.83802,0,-0.00378,-0.00158
2.9798,-0.16079,0.00810,-0.00349,-0.00108,-0.00500,0.00167,0.17851,-0.12663,-0.00136,-0.02995,-0.00232,-0.16429,-0.00395,-0.17561,0.83799,0,-0.00378,-0.00158
2.9818,-0.16079,0.00810,-0.00350,-0.00108,-0.00564,0.00191,0.17851,-0.12649,-0.00136,-0.03008,-0.00230,-0.16335,-0.00408,-0.17591,0.83798,0,-0.00378,-0.00158
2.9838,-0.16079,0.00810,-0.00352,-0.00108,-0.00638,0.00203,0.17851,-0.12635,-0.00136,-0.03021,-0.00228,-0.16228,-0.00408,-0.17625,0.83797,0,-0.00378,-0.00158
2.9858,-0.16079,0.00810,-0.00353,-0.00107,-0.00723,0.00205,0.17851,-0.12621,-0.00136,-0.03035,-0.00226,-0.16109,-0.00395,-0.17658,0.83798,0,-0.00378,-0.00158
2.9878,-0.16079,0.00810,-0.00354,-0.00107,-0.00819,0.00196,0.17851,-0.12607,-0.00136,-0.03050,-0.00225,-0.15976,-0.00370,-0.17684,0.83797,0,-0.00378,-0.00158
2.9898,-0.16079,0.00810,-0.00356,-0.00106,-0.00927,0.00176,0.17851,-0.12593,-0.00136,-0.03066,-0.00223,-0.15831,-0.00357,-0.17719,0.83791,0,-0.00378,-0.00158
2.9918,-0.16079,0.00810,-0.00358,-0.00106,-0.01045,0.00167,0.17851,-0.12580,-0.00135,-0.03083,-0.00221,-0.15673,-0.00357,-0.17751,0.83793,0,-0.00378,-0.00158
2.9938,-0.16079,0.00810,-0.00360,-0.00106,-0.01173,0.00169,0.17851,-0.12566,-0.00135,-0.03101,-0.00220,-0.15528,-0.00355,-0.17782,0.83789,0,-0.00378,-0.00158
2.9958,-0.16079,0.00810,-0.00363,-0.00105,-0.01291,0.00169,0.17851,-0.12552,-0.00135,-0.03120,-0.00218,-0.15396,-0.00353,-0.17814,0.83793,0,-0.00378,-0.00158
2.9978,-0.16079,0.00810,-0.00366,-0.00105,-0.01398,0.00169,0.17851,-0.12538,-0.00135,-0.03140,-0.00217,-0.15277,-0.00352,-0.17845,0.83786,0,-0.00378,-0.00158
2.9998,-0.16079,0.00810,-0.00368,-0.00105,-0.01494,0.00170,0.17851,-0.12524,-0.00135,-0.03162,-0.00215,-0.15170,-0.00350,-0.17872,0.83792,0,-0.00378,-0.00158
3.0018,-0.16079,0.00810,-0.00371,-0.00104,-0.01579,0.00170,0.17851,-0.12510,-0.00135,-0.03184,-0.00214,-0.15076,-0.00348,-0.17901,0.83792,0,-0.00378,-0.00158
3.0038,-0.16079,0.00810,-0.00375,-0.00104,-0.01653,0.00170,0.17851,-0.12496,-0.00135,-0.03206,-0.00212,-0.14995,-0.00347,-0.17927,0.83792,0,-0.00378,-0.00158
3.0058,-0.16079,0.00810,-0.00378,-0.00104,-0.01716,0.00171,0.17851,-0.12483,-0.00134,-0.03230,-0.00211,-0.14927,-0.00345,-0.17963,0.83789,0,-0.00378,-0.00158
3.0078,-0.16079,0.00810,-0.00382,-0.00103,-0.01768,0.00171,0.17851,-0.12469,-0.00134,-0.03254,-0.00209,-0.14871,-0.00343,-0.17993,0.83790,0,-0.00378,-0.00158
3.0098,-0.16079,0.00810,-0.00385,-0.00103,-0.01809,0.00171,0.17851,-0.12455,-0.00134,-0.03278,-0.00208,-0.14828,-0.00342,-0.18023,0.83787,0,-0.00378,-0.00158
3.0118,-0.16079,0.00810,-0.00389,-0.00103,-0.01839,0.00171,0.17851,-0.12441,-0.00134,-0.03303,-0.00206,-0.14798,-0.00340,-0.18049,0.83784,0,-0.00378,-0.00158
3.0138,-0.16079,0.00810,-0.00392,-0.00102,-0.01858,0.00172,0.17851,-0.12427,-0.00134,-0.03328,-0.00205,-0.14781,-0.00338,-0.18080,0.83786,0,-0.00378,-0.00158
3.0158,-0.16079,0.00810,-0.00396,-0.00102,-0.01866,0.00172,0.17851,-0.12414,-0.00134,-0.03353,-0.00203,-0.14777,-0.00337,-0.18109,0.83786,0,-0.00378,-0.00158
3.0178,-0.16079,0.00810,-0.00400,-0.00102,-0.01863,0.00172,0.17851,-0.12400,-0.00134,-0.03378,-0.00201,-0.14785,-0.00335,-0.18145,0.83780,0,-0.00378,-0.00158
3.0198,-0.16079,0.00810,-0.00404,-0.00101,-0.01849,0.00172,0.17851,-0.12386,-0.00133,-0.03403,-0.00200,-0.14807,-0.00333,-0.18174,0.83780,0,-0.00378,-0.00158
3.0218,-0.16079,0.00810,-0.00407,-0.00101,-0.01824,0.00173,0.17851,-0.12372,-0.00133,-0.03428,-0.00198,-0.14841,-0.00332,-0.18203,0.83783,0,-0.00378,-0.00158
3.0238,-0.16079,0.00810,-0.00411,-0.00101,-0.01788,0.00173,0.17851,-0.12358,-0.00133,-0.03452,-0.00197,-0.14888,-0.00330,-0.18235,0.83780,0,-0.00378,-0.00158
3.0258,-0.16079,0.00810,-0.00414,-0.00100,-0.01741,0.00173,0.17851,-0.12344,-0.00133,-0.03476,-0.00195,-0.14947,-0.00328,-0.18269,0.83782,0,-0.00378,-0.00158
3.0278,-0.16079,0.00810,-0.00418,-0.00100,-0.01683,0.00173,0.17851,-0.12331,-0.00133,-0.03500,-0.00194,-0.15020,-0.00326,-0.18298,0.83781,0,-0.00378,-0.00158
3.0298,-0.16079,0.00810,-0.00421,-0.00100,-0.01614,0.00174,0.17851,-0.12317,-0.00133,-0.03523,-0.00192,-0.15105,-0.00325,-0.18328,0.83782,0,-0.00378,-0.00158
3.0318,-0.16079,0.00810,-0.00424,-0.00099,-0.01534,0.00174,0.17851,-0.12303,-0.00132,-0.03545,-0.00191,-0.15203,-0.00323,-0.18364,0.83776,0,-0.00378,-0.00158
3.0338,-0.16079,0.00810,-0.00427,-0.00099,-0.01443,0.00174,0.17851,-0.12289,-0.00132,-0.03567,-0.00189,-0.15314,-0.00321,-0.18393,0.83776,0,-0.00378,-0.00158
3.0358,-0.16079,0.00810,-0.00430,-0.00098,-0.01341,0.00174,0.17851,-0.12275,-0.00132,-0.03587,-0.00187,-0.15438,-0.00320,-0.18427,0.83776,0,-0.00378,-0.00158
3.0378,-0.13365,0.00666,-0.00514,-0.00087,-0.01710,0.00212,0.17471,-0.12261,-0.00132,-0.03177,-0.00177,-0.15549,-0.00310,-0.18483,0.83774,0,-0.00513,-0.00084
3.0398,-0.13365,0.00666,-0.00517,-0.00087,-0.01607,0.00205,0.17471,-0.12247,-0.00132,-0.03201,-0.00176,-0.15647,-0.00307,-0.18483,0.83774,0,-0.00513,-0.00084
3.0418,-0.13365,0.00666,-0.00521,-0.00086,-0.01514,0.00204,0.17471,-0.12234,-0.00132,-0.03223,-0.00174,-0.15732,-0.00305,-0.18522,0.83774,0,-0.00513,-0.00084
3.0438,-0.13365,0.00666,-0.00523,-0.00086,-0.01432,0.00204,0.17471,-0.12220,-0.00132,-0.03244,-0.00172,-0.15805,-0.00303,-0.18550,0.83772,0,-0.00513,-0.00084
3.0458,-0.13365,0.00666,-0.00526,-0.00086,-0.01361,0.00204,0.17471,-0.12206,-0.00131,-0.03264,-0.00170,-0.15864,-0.00301,-0.18589,0.83774,0,-0.00513,-0.00084
3.0478,-0.13365,0.00666,-0.00529,-0.00085,-0.01302,0.00203,0.17471,-0.12192,-0.00131,-0.03284,-0.00168,-0.15911,-0.00299,-0.18618,0.83774,0,-0.00513,-0.00084
3.0498,-0.13365,0.00666,-0.00531,-0.00085,-0.01253,0.00203,0.17471,-0.12178,-0.00131,-0.03304,-0.00166,-0.15945,-0.00297,-0.18646,0.83770,0,-0.00513,-0.00084
3.0518,-0.13365,0.00666,-0.00534,-0.00084,-0.01214,0.00203,0.17471,-0.12164,-0.00131,-0.03323,-0.00165,-0.15967,-0.00296,-0.18676,0.83773,0,-0.00513,-0.00084
3.0538,-0.13365,0.00666,-0.00536,-0.00084,-0.01187,0.00203,0.17471,-0.12150,-0.00131,-0.03341,-0.00163,-0.15975,-0.00294,-0.18712,0.83769,0,-0.00513,-0.00084
3.0558,-0.13365,0.00666,-0.00539,-0.00084,-0.01171,0.00202,0.17471,-0.12137,-0.00131,-0.03360,-0.00161,-0.15971,-0.00292,-0.18740,0.83772,0,-0.00513,-0.00084
3.0578,-0.13365,0.00666,-0.00541,-0.00083,-0.01165,0.00202,0.17471,-0.12123,-0.00131,-0.03378,-0.00159,-0.15954,-0.00290,-0.18776,0.83766,0,-0.00513,-0.00084
3.0598,-0.13365,0.00666,-0.00543,-0.00083,-0.01171,0.00202,0.17471,-0.12109,-0.00130,-0.03396,-0.00157,-0.15924,-0.00288,-0.18807,0.83765,0,-0.00513,-0.00084
3.0618,-0.13365,0.00666,-0.00546,-0.00082,-0.01187,0.00201,0.17471,-0.12095,-0.00130,-0.03415,-0.00155,-0.15881,-0.00286,-0.18835,0.83767,0,-0.00513,-0.00084
3.0638,-0.13365,0.00666,-0.00548,-0.00082,-0.01215,0.00201,0.17471,-0.12081,-0.00130,-0.03434,-0.00154,-0.15826,-0.00284,-0.18861,0.83768,0,-0.00513,-0.00084
3.0658,-0.13365,0.00666,-0.00551,-0.00082,-0.01253,0.00201,0.17471,-0.12067,-0.00130,-0.03452,-0.00152,-0.15757,-0.00282,-0.18893,0.83765,0,-0.00513,-0.00084
3.0678,-0.13365,0.00666,-0.00553,-0.00081,-0.01302,0.00200,0.17471,-0.12054,-0.00130,-0.03472,-0.00150,-0.15676,-0.00280,-0.18923,0.83767,0,-0.00513,-0.00084
3.0698,-0.13365,0.00666,-0.00556,-0.00081,-0.01362,0.00200,0.17471,-0.12040,-0.00130,-0.03492,-0.00148,-0.15582,-0.00278,-0.18954,0.83767,0,-0.00513,-0.00084
3.0718,-0.13365,0.00666,-0.00559,-0.00080,-0.01433,0.00200,0.17471,-0.12026,-0.00130,-0.03512,-0.00146,-0.15501,-0.00276,-0.18982,0.83769,0,-0.00513,-0.00084
3.0739,-0.13365,0.00666,-0.00562,-0.00080,-0.01493,0.00199,0.17471,-0.12012,-0.00129,-0.03533,-0.00144,-0.15433,-0.00274,-0.19011,0.83768,0,-0.00513,-0.00084
3.0759,-0.13365,0.00666,-0.00565,-0.00080,-0.01542,0.00199,0.17471,-0.11998,-0.00129,-0.03555,-0.00143,-0.15377,-0.00272,-0.19046,0.83767,0,-0.00513,-0.00084
3.0779,-0.13365,0.00666,-0.00568,-0.00079,-0.01580,0.00199,0.17471,-0.11984,-0.00129,-0.03577,-0.00141,-0.15335,-0.00270,-0.19072,0.83761,0,-0.00513,-0.00084
3.0799,-0.13365,0.00666,-0.00571,-0.00079,-0.01606,0.00198,0.17471,-0.11971,-0.00129,-0.03599,-0.00139,-0.15305,-0.00268,-0.19100,0.83766,0,-0.00513,-0.00084
3.0819,-0.13365,0.00666,-0.00574,-0.00078,-0.01622,0.00198,0.17471,-0.11957,-0.00129,-0.03621,-0.00137,-0.15288,-0.00266,-0.19131,0.83761,0,-0.00513,-0.00084
3.0839,-0.13365,0.00666,-0.00577,-0.00078,-0.01627,0.00198,0.17471,-0.11943,-0.00129,-0.03644,-0.00135,-0.15283,-0.00264,-0.19159,0.83760,0,-0.00513,-0.00084
3.0859,-0.13365,0.00666,-0.00581,-0.00078,-0.01621,0.00197,0.17471,-0.11929,-0.00128,-0.03666,-0.00134,-0.15292,-0.00262,-0.19189,0.83762,0,-0.00513,-0.00084
3.0879,-0.13365,0.00666,-0.00584,-0.00077,-0.01604,0.00197,0.17471,-0.11915,-0.00128,-0.03689,-0.00132,-0.15313,-0.00260,-0.19218,0.83761,0,-0.00513,-0.00084
3.0899,-0.13365,0.00666,-0.00587,-0.00077,-0.01576,0.00196,0.17471,-0.11901,-0.00128,-0.03711,-0.00130,-0.15347,-0.00258,-0.19253,0.83761,0,-0.00513,-0.00084
3.0919,-0.13365,0.00666,-0.00590,-0.00076,-0.01537,0.00196,0.17471,-0.11888,-0.00128,-0.03733,-0.00128,-0.15394,-0.00256,-0.19286,0.83760,0,-0.00513,-0.00084
3.0939,-0.13365,0.00666,-0.00593,-0.00076,-0.01487,0.00196,0.17471,-0.11874,-0.00128,-0.03754,-0.00127,-0.15454,-0.00254,-0.19313,0.83758,0,-0.00513,-0.00084
3.0959,-0.13365,0.00666,-0.00596,-0.00076,-0.01426,0.00195,0.17471,-0.11860,-0.00128,-0.03775,-0.00125,-0.15526,-0.00252,-0.19346,0.83759,0,-0.00513,-0.00084
3.0979,-0.13365,0.00666,-0.00599,-0.00075,-0.01354,0.00195,0.17471,-0.11846,-0.00128,-0.03795,-0.00123,-0.15612,-0.00251,-0.19380,0.83757,0,-0.00513,-0.00084
3.0999,-0.13365,0.00666,-0.00601,-0.00075,-0.01271,0.00195,0.17471,-0.11832,-0.00127,-0.03815,-0.00121,-0.15684,-0.00249,-0.19447,0.83757,0,-0.00513,-0.00084
3.1019,-0.13365,0.00666,-0.00604,-0.00074,-0.01199,0.00194,0.17471,-0.11818,-0.00127,-0.03834,-0.00119,-0.15744,-0.00247,-0.19479,0.83754,0,-0.00513,-0.00084
3.1039,-0.13365,0.00666,-0.00606,-0.00074,-0.01138,0.00194,0.17471,-0.11804,-0.00127,-0.03852,-0.00118,-0.15791,-0.00245,-0.19516,0.83753,0,-0.00513,-0.00084
3.1059,-0.11513,0.00449,-0.00622,0.00063,-0.01204,0.00656,0.14956,-0.11790,-0.00127,-0.03377,0.00465,-0.15825,-0.00230,-0.19546,0.83751,0,-0.00571,0.00178
3.1079,-0.11513,0.00449,-0.00624,0.00064,-0.01165,0.00643,0.14956,-0.11777,-0.00127,-0.03395,0.00471,-0.15846,-0.00203,-0.19576,0.83753,0,-0.00571,0.00178
3.1099,-0.11513,0.00449,-0.00626,0.00066,-0.01136,0.00618,0.14956,-0.11763,-0.00127,-0.03413,0.00477,-0.15855,-0.00162,-0.19576,0.83753,0,-0.00571,0.00178
3.1119,-0.11513,0.00449,-0.00629,0.00067,-0.01118,0.00582,0.14956,-0.11749,-0.00127,-0.03431,0.00483,-0.15850,-0.00109,-0.19642,0.83754,0,-0.00571,0.00178
3.1139,-0.11513,0.00449,-0.00631,0.00068,-0.01111,0.00536,0.14956,-0.11735,-0.00126,-0.03448,0.00488,-0.15833,-0.00043,-0.19642,0.83754,0,-0.00571,0.00178
3.1159,-0.11513,0.00449,-0.00633,0.00069,-0.01115,0.00478,0.14956,-0.11721,-0.00126,-0.03466,0.00493,-0.15803,0.00035,-0.19677,0.83750,0,-0.00571,0.00178
3.1179,-0.11513,0.00449,-0.00635,0.00070,-0.01130,0.00410,0.14956,-0.11707,-0.00126,-0.03483,0.00497,-0.15761,0.00127,-0.19708,0.83751,0,-0.00571,0.00178
3.1199,-0.11513,0.00449,-0.00638,0.00071,-0.01156,0.00331,0.14956,-0.11693,-0.00126,-0.03501,0.00500,-0.15705,0.00231,-0.19767,0.83755,0,-0.00571,0.00178
3.1219,-0.11513,0.00449,-0.00640,0.00071,-0.01193,0.00240,0.14956,-0.11680,-0.00126,-0.03519,0.00503,-0.15637,0.00348,-0.19767,0.83755,0,-0.00571,0.00178
3.1239,-0.11513,0.00449,-0.00642,0.00072,-0.01240,0.00139,0.14956,-0.11666,-0.00126,-0.03538,0.00505,-0.15556,0.00453,-0.19796,0.83761,0,-0.00571,0.00178
3.1259,-0.11513,0.00449,-0.00645,0.00072,-0.01299,0.00049,0.14956,-0.11652,-0.00125,-0.03557,0.00506,-0.15462,0.00544,-0.19822,0.83759,0,-0.00571,0.00178
3.1279,-0.11513,0.00449,-0.00648,0.00072,-0.01368,-0.00031,0.14956,-0.11638,-0.00125,-0.03576,0.00506,-0.15355,0.00623,-0.19850,0.83760,0,-0.00571,0.00178
3.1300,-0.11513,0.00449,-0.00650,0.00072,-0.01448,-0.00099,0.14956,-0.11624,-0.00125,-0.03597,0.00505,-0.15236,0.00689,-0.19916,0.83761,0,-0.00571,0.00178
3.1320,-0.11513,0.00449,-0.00653,0.00071,-0.01540,-0.00157,0.14956,-0.11610,-0.00125,-0.03618,0.00504,-0.15129,0.00742,-0.19916,0.83761,0,-0.00571,0.00178
3.1340,-0.11513,0.00449,-0.00657,0.00071,-0.01620,-0.00203,0.14956,-0.11596,-0.00125,-0.03640,0.00502,-0.15035,0.00782,-0.19942,0.83763,0,-0.00571,0.00178
3.1360,-0.11513,0.00449,-0.00660,0.00071,-0.01689,-0.00239,0.14956,-0.11583,-0.00125,-0.03662,0.00500,-0.14954,0.00810,-0.19994,0.83770,0,-0.00571,0.00178
3.1380,-0.11513,0.00449,-0.00663,0.00070,-0.01747,-0.00264,0.14956,-0.11569,-0.00125,-0.03686,0.00497,-0.14886,0.00824,-0.19994,0.83770,0,-0.00571,0.00178
3.1400,-0.11513,0.00449,-0.00667,0.00070,-0.01794,-0.00277,0.14956,-0.11555,-0.00124,-0.03709,0.00495,-0.14830,0.00826,-0.20050,0.83774,0,-0.00571,0.00178
3.1420,-0.11513,0.00449,-0.00671,0.00069,-0.01830,-0.00280,0.14956,-0.11541,-0.00124,-0.03733,0.00492,-0.14787,0.00815,-0.20050,0.83774,0,-0.00571,0.00178
3.1440,-0.11513,0.00449,-0.00674,0.00068,-0.01856,-0.00272,0.14956,-0.11527,-0.00124,-0.03758,0.00489,-0.14757,0.00792,-0.20114,0.83776,0,-0.00571,0.00178
3.1460,-0.11513,0.00449,-0.00678,0.00068,-0.01870,-0.00253,0.14956,-0.11513,-0.00124,-0.03782,0.00487,-0.14740,0.00755,-0.20143,0.83774,0,-0.00571,0.00178
3.1480,-0.11513,0.00449,-0.00682,0.00067,-0.01873,-0.00223,0.14956,-0.11500,-0.00124,-0.03807,0.00484,-0.14736,0.00706,-0.20171,0.83781,0,-0.00571,0.00178
3.1500,-0.11513,0.00449,-0.00685,0.00067,-0.01865,-0.00182,0.14956,-0.11486,-0.00124,-0.03831,0.00482,-0.14745,0.00644,-0.20204,0.83777,0,-0.00571,0.00178
3.1520,-0.11513,0.00449,-0.00689,0.00067,-0.01846,-0.00130,0.14956,-0.11472,-0.00124,-0.03856,0.00481,-0.14766,0.00569,-0.20238,0.83780,0,-0.00571,0.00178
3.1540,-0.11513,0.00449,-0.00693,0.00067,-0.01816,-0.00067,0.14956,-0.11458,-0.00123,-0.03880,0.00480,-0.14800,0.00481,-0.20269,0.83778,0,-0.00571,0.00178
3.1560,-0.11513,0.00449,-0.00696,0.00066,-0.01776,0.00007,0.14956,-0.11444,-0.00123,-0.03904,0.00479,-0.14847,0.00381,-0.20300,0.83778,0,-0.00571,0.00178
3.1580,-0.11513,0.00449,-0.00700,0.00067,-0.01724,0.00092,0.14956,-0.11430,-0.00123,-0.03927,0.00480,-0.14906,0.00293,-0.20300,0.83778,0,-0.00571,0.00178
3.1600,-0.11513,0.00449,-0.00703,0.00067,-0.01661,0.00165,0.14956,-0.11416,-0.00123,-0.03950,0.00481,-0.14979,0.00218,-0.20368,0.83777,0,-0.00571,0.00178
3.1620,-0.11513,0.00449,-0.00707,0.00067,-0.01587,0.00228,0.14956,-0.11403,-0.00123,-0.03972,0.00483,-0.15064,0.00156,-0.20395,0.83779,0,-0.00571,0.00178
3.1640,-0.11513,0.00449,-0.00710,0.00068,-0.01502,0.00280,0.14956,-0.11389,-0.00123,-0.03994,0.00485,-0.15162,0.00107,-0.20428,0.83783,0,-0.00571,0.00178
3.1661,-0.11513,0.00449,-0.00713,0.00068,-0.01406,0.00321,0.14956,-0.11375,-0.00122,-0.04015,0.00488,-0.15273,0.00070,-0.20460,0.83780,0,-0.00571,0.00178
3.1681,-0.11513,0.00449,-0.00715,0.00069,-0.01300,0.00351,0.14956,-0.11361,-0.00122,-0.04034,0.00491,-0.15395,0.00047,-0.20492,0.83782,0,-0.00571,0.00178
3.1701,-0.11513,0.00449,-0.00718,0.00070,-0.01184,0.00370,0.14956,-0.11347,-0.00122,-0.04053,0.00494,-0.15504,0.00036,-0.20521,0.83782,0,-0.00571,0.00178
3.1721,-0.11706,-0.00171,-0.00593,0.00405,-0.00824,0.01466,0.12103,-0.11333,-0.00122,-0.03527,0.01892,-0.15600,0.00038,-0.20558,0.83778,0,-0.00403,0.00714
3.1741,-0.11706,-0.00171,-0.00594,0.00407,-0.00732,0.01458,0.12103,-0.11319,-0.00122,-0.03542,0.01905,-0.15684,0.00052,-0.20588,0.83783,0,-0.00403,0.00714
3.1761,-0.11706,-0.00171,-0.00596,0.00410,-0.00650,0.01438,0.12103,-0.11306,-0.00122,-0.03555,0.01919,-0.15754,0.00080,-0.20623,0.83779,0,-0.00403,0.00714
3.1781,-0.11706,-0.00171,-0.00597,0.00413,-0.00580,0.01408,0.12103,-0.11292,-0.00122,-0.03567,0.01932,-0.15812,0.00120,-0.20652,0.83782,0,-0.00403,0.00714
3.1801,-0.11706,-0.00171,-0.00598,0.00416,-0.00521,0.01367,0.12103,-0.11278,-0.00121,-0.03580,0.01945,-0.15857,0.00173,-0.20687,0.83778,0,-0.00403,0.00714
3.1821,-0.11706,-0.00171,-0.00599,0.00419,-0.00472,0.01314,0.12103,-0.11264,-0.00121,-0.03591,0.01958,-0.15889,0.00239,-0.20716,0.83783,0,-0.00403,0.00714
3.1841,-0.11706,-0.00171,-0.00600,0.00421,-0.00435,0.01251,0.12103,-0.11250,-0.00121,-0.03602,0.01970,-0.15908,0.00318,-0.20750,0.83777,0,-0.00403,0.00714
3.1861,-0.11706,-0.00171,-0.00601,0.00424,-0.00408,0.01176,0.12103,-0.11236,-0.00121,-0.03613,0.01981,-0.15915,0.00409,-0.20775,0.83782,0,-0.00403,0.00714
3.1881,-0.11706,-0.00171,-0.00602,0.00426,-0.00392,0.01091,0.12103,-0.11222,-0.00121,-0.03623,0.01992,-0.15909,0.00514,-0.20805,0.83786,0,-0.00403,0.00714
3.1901,-0.11706,-0.00171,-0.00602,0.00428,-0.00388,0.00995,0.12103,-0.11209,-0.00121,-0.03634,0.02002,-0.15890,0.00631,-0.20805,0.83786,0,-0.00403,0.00714
3.1921,-0.11706,-0.00171,-0.00603,0.00430,-0.00394,0.00887,0.12103,-0.11195,-0.00121,-0.03644,0.02011,-0.15858,0.00761,-0.20867,0.83784,0,-0.00403,0.00714
3.1941,-0.11706,-0.00171,-0.00604,0.00432,-0.00411,0.00769,0.12103,-0.11181,-0.00120,-0.03655,0.02018,-0.15813,0.00903,-0.20894,0.83785,0,-0.00403,0.00714
3.1961,-0.11706,-0.00171,-0.00605,0.00433,-0.00439,0.00640,0.12103,-0.11167,-0.00120,-0.03665,0.02025,-0.15756,0.01059,-0.20923,0.83789,0,-0.00403,0.00714
3.1981,-0.11706,-0.00171,-0.00606,0.00434,-0.00478,0.00500,0.12103,-0.11153,-0.00120,-0.03676,0.02030,-0.15686,0.01219,-0.20957,0.83793,0,-0.00403,0.00714
3.2001,-0.11706,-0.00171,-0.00607,0.00435,-0.00527,0.00356,0.12103,-0.11139,-0.00120,-0.03688,0.02034,-0.15603,0.01379,-0.20990,0.83791,0,-0.00403,0.00714
3.2021,-0.11706,-0.00171,-0.00608,0.00436,-0.00588,0.00212,0.12103,-0.11125,-0.00120,-0.03700,0.02037,-0.15507,0.01539,-0.21016,0.83798,0,-0.00403,0.00714
3.2041,-0.11706,-0.00171,-0.00609,0.00436,-0.00660,0.00067,0.12103,-0.11112,-0.00120,-0.03712,0.02038,-0.15398,0.01699,-0.21044,0.83797,0,-0.00403,0.00714
3.2061,-0.11706,-0.00171,-0.00611,0.00436,-0.00743,-0.00077,0.12103,-0.11098,-0.00120,-0.03726,0.02038,-0.15277,0.01859,-0.21078,0.83801,0,-0.00403,0.00714
3.2081,-0.11706,-0.00171,-0.00612,0.00436,-0.00836,-0.00221,0.12103,-0.11084,-0.00119,-0.03740,0.02037,-0.15143,0.02006,-0.21109,0.83808,0,-0.00403,0.00714
3.2101,-0.11706,-0.00171,-0.00614,0.00435,-0.00940,-0.00354,0.12103,-0.11070,-0.00119,-0.03755,0.02034,-0.14996,0.02141,-0.21140,0.83809,0,-0.00403,0.00714
3.2121,-0.11706,-0.00171,-0.00616,0.00434,-0.01056,-0.00476,0.12103,-0.11056,-0.00119,-0.03771,0.02030,-0.14836,0.02262,-0.21170,0.83809,0,-0.00403,0.00714
3.2141,-0.11706,-0.00171,-0.00618,0.00433,-0.01182,-0.00587,0.12103,-0.11042,-0.00119,-0.03788,0.02025,-0.14689,0.02371,-0.21198,0.83816,0,-0.00403,0.00714
3.2161,-0.11706,-0.00171,-0.00621,0.00432,-0.01297,-0.00687,0.12103,-0.11029,-0.00119,-0.03807,0.02019,-0.14554,0.02467,-0.21220,0.83823,0,-0.00403,0.00714
3.2181,-0.11706,-0.00171,-0.00623,0.00430,-0.01401,-0.00777,0.12103,-0.11015,-0.00119,-0.03826,0.02012,-0.14433,0.02550,-0.21258,0.83823,0,-0.00403,0.00714
3.2201,-0.11706,-0.00171,-0.00626,0.00429,-0.01495,-0.00855,0.12103,-0.11001,-0.00118,-0.03846,0.02004,-0.14324,0.02621,-0.21287,0.83829,0,-0.00403,0.00714
3.2221,-0.11706,-0.00171,-0.00629,0.00427,-0.01577,-0.00922,0.12103,-0.10987,-0.00118,-0.03867,0.01995,-0.14229,0.02678,-0.21313,0.83835,0,-0.00403,0.00714
3.2241,-0.11706,-0.00171,-0.00633,0.00425,-0.01648,-0.00979,0.12103,-0.10973,-0.00118,-0.03889,0.01986,-0.14146,0.02723,-0.21351,0.83837,0,-0.00403,0.00714
3.2261,-0.11706,-0.00171,-0.00636,0.00423,-0.01709,-0.01024,0.12103,-0.10959,-0.00118,-0.03912,0.01977,-0.14075,0.02755,-0.21378,0.83845,0,-0.00403,0.00714
3.2281,-0.11706,-0.00171,-0.00639,0.00421,-0.01758,-0.01058,0.12103,-0.10946,-0.00118,-0.03935,0.01967,-0.14018,0.02774,-0.21403,0.83849,0,-0.00403,0.00714
3.2322,-0.11706,-0.00171,-0.00643,0.00419,-0.01796,-0.01082,0.12103,-0.10918,-0.00118,-0.03965,0.01957,-0.13973,0.02781,-0.21459,0.83861,0,-0.00403,0.00714
3.2342,-0.11706,-0.00171,-0.00647,0.00417,-0.01823,-0.01094,0.12103,-0.10904,-0.00117,-0.03988,0.01946,-0.13941,0.02774,-0.21490,0.83866,0,-0.00403,0.00714
3.2362,-0.11706,-0.00171,-0.00650,0.00414,-0.01840,-0.01096,0.12103,-0.10890,-0.00117,-0.04012,0.01936,-0.13922,0.02755,-0.21512,0.83875,0,-0.00403,0.00714
3.2383,-0.09869,-0.00743,-0.00434,0.00809,-0.01121,0.00143,0.09740,-0.10875,-0.00117,-0.02444,0.03628,-0.13891,0.02749,-0.21542,0.83874,0,-0.00183,0.01203
3.2403,-0.09869,-0.00743,-0.00436,0.00809,-0.01141,0.00135,0.09740,-0.10861,-0.00117,-0.02461,0.03629,-0.13846,0.02755,-0.21573,0.83883,0,-0.00183,0.01203
3.2423,-0.09869,-0.00743,-0.00438,0.00809,-0.01171,0.00115,0.09740,-0.10848,-0.00117,-0.02479,0.03630,-0.13789,0.02774,-0.21605,0.83892,0,-0.00183,0.01203
3.2443,-0.09869,-0.00743,-0.00441,0.00809,-0.01213,0.00085,0.09740,-0.10834,-0.00117,-0.02497,0.03631,-0.13718,0.02806,-0.21632,0.83893,0,-0.00183,0.01203
3.2463,-0.09869,-0.00743,-0.00443,0.00810,-0.01266,0.00045,0.09740,-0.10820,-0.00117,-0.02515,0.03632,-0.13635,0.02851,-0.21664,0.83898,0,-0.00183,0.01203
3.2483,-0.09869,-0.00743,-0.00446,0.00810,-0.01329,-0.00007,0.09740,-0.10806,-0.00116,-0.02534,0.03632,-0.13540,0.02909,-0.21688,0.83901,0,-0.00183,0.01203
3.2503,-0.09869,-0.00743,-0.00448,0.00810,-0.01404,-0.00070,0.09740,-0.10792,-0.00116,-0.02553,0.03631,-0.13431,0.02979,-0.21717,0.83907,0,-0.00183,0.01203
3.2523,-0.09869,-0.00743,-0.00451,0.00809,-0.01489,-0.00144,0.09740,-0.10778,-0.00116,-0.02573,0.03630,-0.13335,0.03062,-0.21742,0.83914,0,-0.00183,0.01203
3.2543,-0.09869,-0.00743,-0.00454,0.00809,-0.01563,-0.00229,0.09740,-0.10764,-0.00116,-0.02594,0.03628,-0.13252,0.03158,-0.21772,0.83921,0,-0.00183,0.01203
3.2564,-0.09869,-0.00743,-0.00458,0.00808,-0.01626,-0.00324,0.09740,-0.10751,-0.00116,-0.02616,0.03626,-0.13182,0.03267,-0.21793,0.83929,0,-0.00183,0.01203
3.2584,-0.09869,-0.00743,-0.00461,0.00808,-0.01679,-0.00431,0.09740,-0.10737,-0.00116,-0.02638,0.03622,-0.13124,0.03389,-0.21821,0.83933,0,-0.00183,0.01203
3.2604,-0.09869,-0.00743,-0.00464,0.00807,-0.01720,-0.00548,0.09740,-0.10723,-0.00115,-0.02660,0.03617,-0.13080,0.03502,-0.21843,0.83941,0,-0.00183,0.01203
3.2624,-0.09869,-0.00743,-0.00468,0.00805,-0.01750,-0.00659,0.09740,-0.10709,-0.00115,-0.02683,0.03612,-0.13048,0.03602,-0.21870,0.83949,0,-0.00183,0.01203
3.2644,-0.09869,-0.00743,-0.00471,0.00804,-0.01770,-0.00758,0.09740,-0.10695,-0.00115,-0.02706,0.03605,-0.13029,0.03690,-0.21894,0.83956,0,-0.00183,0.01203
3.2664,-0.09869,-0.00743,-0.00475,0.00802,-0.01778,-0.00846,0.09740,-0.10681,-0.00115,-0.02729,0.03597,-0.13023,0.03765,-0.21918,0.83966,0,-0.00183,0.01203
3.2684,-0.09869,-0.00743,-0.00478,0.00801,-0.01775,-0.00924,0.09740,-0.10667,-0.00115,-0.02753,0.03589,-0.13029,0.03827,-0.21947,0.83975,0,-0.00183,0.01203
3.2704,-0.09869,-0.00743,-0.00482,0.00799,-0.01761,-0.00990,0.09740,-0.10653,-0.00115,-0.02776,0.03580,-0.13049,0.03877,-0.21968,0.83984,0,-0.00183,0.01203
3.2724,-0.09869,-0.00743,-0.00485,0.00797,-0.01737,-0.01046,0.09740,-0.10639,-0.00115,-0.02799,0.03570,-0.13081,0.03913,-0.21999,0.83989,0,-0.00183,0.01203
3.2744,-0.09869,-0.00743,-0.00489,0.00795,-0.01701,-0.01090,0.09740,-0.10626,-0.00114,-0.02821,0.03560,-0.13126,0.03937,-0.22023,0.84001,0,-0.00183,0.01203
3.2764,-0.09869,-0.00743,-0.00492,0.00792,-0.01654,-0.01124,0.09740,-0.10612,-0.00114,-0.02844,0.03549,-0.13184,0.03948,-0.22050,0.84003,0,-0.00183,0.01203
3.2784,-0.09869,-0.00743,-0.00495,0.00790,-0.01597,-0.01147,0.09740,-0.10598,-0.00114,-0.02865,0.03538,-0.13254,0.03946,-0.22077,0.84012,0,-0.00183,0.01203
3.2805,-0.09869,-0.00743,-0.00499,0.00788,-0.01528,-0.01158,0.09740,-0.10584,-0.00114,-0.02887,0.03527,-0.13338,0.03931,-0.22108,0.84018,0,-0.00183,0.01203
3.2825,-0.09869,-0.00743,-0.00501,0.00785,-0.01448,-0.01159,0.09740,-0.10570,-0.00114,-0.02907,0.03516,-0.13434,0.03904,-0.22136,0.84022,0,-0.00183,0.01203
3.2845,-0.09869,-0.00743,-0.00504,0.00783,-0.01357,-0.01149,0.09740,-0.10556,-0.00114,-0.02927,0.03505,-0.13517,0.03864,-0.22165,0.84032,0,-0.00183,0.01203
3.2865,-0.09869,-0.00743,-0.00507,0.00781,-0.01278,-0.01127,0.09740,-0.10542,-0.00114,-0.02945,0.03495,-0.13588,0.03811,-0.22190,0.84038,0,-0.00183,0.01203
3.2885,-0.09869,-0.00743,-0.00509,0.00779,-0.01209,-0.01095,0.09740,-0.10529,-0.00113,-0.02963,0.03484,-0.13645,0.03745,-0.22218,0.84046,0,-0.00183,0.01203
3.2905,-0.09869,-0.00743,-0.00512,0.00777,-0.01151,-0.01052,0.09740,-0.10515,-0.00113,-0.02981,0.03474,-0.13690,0.03666,-0.22251,0.84052,0,-0.00183,0.01203
3.2925,-0.09869,-0.00743,-0.00514,0.00774,-0.01104,-0.00997,0.09740,-0.10501,-0.00113,-0.02998,0.03464,-0.13723,0.03575,-0.22280,0.84059,0,-0.00183,0.01203
3.2945,-0.09869,-0.00743,-0.00516,0.00773,-0.01068,-0.00932,0.09740,-0.10487,-0.00113,-0.03014,0.03455,-0.13742,0.03470,-0.22304,0.84071,0,-0.00183,0.01203
3.2965,-0.09869,-0.00743,-0.00518,0.00771,-0.01042,-0.00856,0.09740,-0.10473,-0.00113,-0.03031,0.03446,-0.13749,0.03353,-0.22335,0.84076,0,-0.00183,0.01203
3.2985,-0.09869,-0.00743,-0.00520,0.00769,-0.01028,-0.00769,0.09740,-0.10459,-0.00113,-0.03047,0.03439,-0.13742,0.03249,-0.22363,0.84080,0,-0.00183,0.01203
3.3005,-0.09869,-0.00743,-0.00522,0.00768,-0.01025,-0.00693,0.09740,-0.10445,-0.00112,-0.03063,0.03432,-0.13723,0.03158,-0.22390,0.84091,0,-0.00183,0.01203
3.3025,-0.09869,-0.00743,-0.00525,0.00766,-0.01032,-0.00627,0.09740,-0.10432,-0.00112,-0.03079,0.03425,-0.13691,0.03079,-0.22418,0.84096,0,-0.00183,0.01203
3.3045,-0.10035,-0.01031,-0.00304,0.01095,-0.00261,0.00441,0.06293,-0.10418,-0.00112,-0.02092,0.04893,-0.13647,0.03013,-0.22442,0.84100,0,-0.00041,0.01448
3.3065,-0.10035,-0.01031,-0.00304,0.01096,-0.00294,0.00479,0.06293,-0.10404,-0.00112,-0.02101,0.04898,-0.13589,0.02960,-0.22473,0.84106,0,-0.00041,0.01448
3.3085,-0.10035,-0.01031,-0.00305,0.01097,-0.00338,0.00506,0.06293,-0.10390,-0.00112,-0.02110,0.04902,-0.13519,0.02920,-0.22493,0.84114,0,-0.00041,0.01448
3.3105,-0.10035,-0.01031,-0.00306,0.01098,-0.00393,0.00522,0.06293,-0.10376,-0.00112,-0.02120,0.04907,-0.13436,0.02892,-0.22521,0.84115,0,-0.00041,0.01448
3.3125,-0.10035,-0.01031,-0.00307,0.01099,-0.00459,0.00527,0.06293,-0.10362,-0.00112,-0.02130,0.04912,-0.13340,0.02878,-0.22551,0.84123,0,-0.00041,0.01448
3.3145,-0.10035,-0.01031,-0.00308,0.01100,-0.00536,0.00521,0.06293,-0.10349,-0.00111,-0.02141,0.04917,-0.13232,0.02876,-0.22578,0.84129,0,-0.00041,0.01448
3.3165,-0.10035,-0.01031,-0.00309,0.01101,-0.00623,0.00504,0.06293,-0.10335,-0.00111,-0.02152,0.04921,-0.13110,0.02887,-0.22599,0.84137,0,-0.00041,0.01448
3.3185,-0.10035,-0.01031,-0.00310,0.01102,-0.00722,0.00477,0.06293,-0.10321,-0.00111,-0.02165,0.04926,-0.12976,0.02911,-0.22626,0.84143,0,-0.00041,0.01448
3.3205,-0.10035,-0.01031,-0.00312,0.01103,-0.00831,0.00438,0.06293,-0.10307,-0.00111,-0.02179,0.04930,-0.12829,0.02947,-0.22650,0.84149,0,-0.00041,0.01448
3.3225,-0.10035,-0.01031,-0.00313,0.01104,-0.00952,0.00388,0.06293,-0.10293,-0.00111,-0.02193,0.04934,-0.12669,0.02997,-0.22675,0.84155,0,-0.00041,0.01448
3.3245,-0.10035,-0.01031,-0.00316,0.01105,-0.01083,0.00327,0.06293,-0.10279,-0.00111,-0.02209,0.04937,-0.12509,0.03059,-0.22699,0.84160,0,-0.00041,0.01448
3.3265,-0.10035,-0.01031,-0.00318,0.01105,-0.01215,0.00256,0.06293,-0.10266,-0.00111,-0.02226,0.04940,-0.12362,0.03134,-0.22724,0.84167,0,-0.00041,0.01448
3.3285,-0.10035,-0.01031,-0.00320,0.01106,-0.01335,0.00173,0.06293,-0.10252,-0.00110,-0.02244,0.04942,-0.12228,0.03221,-0.22748,0.84174,0,-0.00041,0.01448
3.3305,-0.10035,-0.01031,-0.00323,0.01106,-0.01444,0.00080,0.06293,-0.10238,-0.00110,-0.02264,0.04943,-0.12106,0.03322,-0.22774,0.84175,0,-0.00041,0.01448
3.3325,-0.10035,-0.01031,-0.00326,0.01106,-0.01543,-0.00025,0.06293,-0.10224,-0.00110,-0.02284,0.04943,-0.11997,0.03435,-0.22797,0.84181,0,-0.00041,0.01448
3.3345,-0.10035,-0.01031,-0.00329,0.01106,-0.01630,-0.00140,0.06293,-0.10210,-0.00110,-0.02305,0.04943,-0.11901,0.03561,-0.22825,0.84192,0,-0.00041,0.01448
3.3365,-0.10035,-0.01031,-0.00333,0.01105,-0.01707,-0.00267,0.06293,-0.10196,-0.00110,-0.02327,0.04941,-0.11818,0.03700,-0.22847,0.84192,0,-0.00041,0.01448
3.3385,-0.10035,-0.01031,-0.00336,0.01105,-0.01772,-0.00404,0.06293,-0.10182,-0.00110,-0.02349,0.04937,-0.11748,0.03852,-0.22873,0.84200,0,-0.00041,0.01448
3.3405,-0.10035,-0.01031,-0.00340,0.01104,-0.01827,-0.00552,0.06293,-0.10169,-0.00110,-0.02373,0.04933,-0.11690,0.04012,-0.22897,0.84210,0,-0.00041,0.01448
3.3425,-0.10035,-0.01031,-0.00343,0.01102,-0.01870,-0.00707,0.06293,-0.10155,-0.00109,-0.02396,0.04927,-0.11645,0.04172,-0.22923,0.84219,0,-0.00041,0.01448
3.3445,-0.10035,-0.01031,-0.00347,0.01101,-0.01903,-0.00863,0.06293,-0.10141,-0.00109,-0.02420,0.04919,-0.11613,0.04332,-0.22948,0.84228,0,-0.00041,0.01448
3.3465,-0.10035,-0.01031,-0.00351,0.01099,-0.01924,-0.01018,0.06293,-0.10127,-0.00109,-0.02444,0.04910,-0.11594,0.04492,-0.22973,0.84235,0,-0.00041,0.01448
3.3485,-0.10035,-0.01031,-0.00355,0.01097,-0.01935,-0.01173,0.06293,-0.10113,-0.00109,-0.02469,0.04900,-0.11588,0.04652,-0.22998,0.84242,0,-0.00041,0.01448
3.3505,-0.10035,-0.01031,-0.00359,0.01094,-0.01934,-0.01328,0.06293,-0.10099,-0.00109,-0.02493,0.04888,-0.11594,0.04799,-0.23023,0.84252,0,-0.00041,0.01448
3.3525,-0.10035,-0.01031,-0.00363,0.01091,-0.01922,-0.01472,0.06293,-0.10086,-0.00109,-0.02517,0.04875,-0.11613,0.04934,-0.23049,0.84261,0,-0.00041,0.01448
3.3546,-0.10035,-0.01031,-0.00366,0.01088,-0.01900,-0.01605,0.06293,-0.10072,-0.00108,-0.02541,0.04860,-0.11645,0.05055,-0.23070,0.84268,0,-0.00041,0.01448
3.3566,-0.10035,-0.01031,-0.00370,0.01085,-0.01866,-0.01727,0.06293,-0.10058,-0.00108,-0.02565,0.04844,-0.11690,0.05164,-0.23098,0.84278,0,-0.00041,0.01448
3.3586,-0.10035,-0.01031,-0.00374,0.01082,-0.01822,-0.01838,0.06293,-0.10044,-0.00108,-0.02589,0.04827,-0.11748,0.05260,-0.23117,0.84288,0,-0.00041,0.01448
3.3606,-0.10035,-0.01031,-0.00377,0.01078,-0.01766,-0.01939,0.06293,-0.10030,-0.00108,-0.02612,0.04809,-0.11818,0.05343,-0.23142,0.84295,0,-0.00041,0.01448
3.3626,-0.10035,-0.01031,-0.00381,0.01074,-0.01700,-0.02028,0.06293,-0.10016,-0.00108,-0.02634,0.04791,-0.11901,0.05414,-0.23169,0.84309,0,-0.00041,0.01448
3.3646,-0.10035,-0.01031,-0.00384,0.01070,-0.01622,-0.02106,0.06293,-0.10002,-0.00108,-0.02656,0.04771,-0.11997,0.05471,-0.23198,0.84319,0,-0.00041,0.01448
3.3666,-0.10035,-0.01031,-0.00387,0.01065,-0.01533,-0.02173,0.06293,-0.09989,-0.00108,-0.02677,0.04751,-0.12106,0.05516,-0.23220,0.84331,0,-0.00041,0.01448
3.3686,-0.10035,-0.01031,-0.00390,0.01061,-0.01434,-0.02229,0.03721,-0.09975,-0.00107,-0.02697,0.04730,-0.12228,0.05548,-0.23242,0.84338,0,0.00144,0.01484
3.3706,-0.10248,-0.01064,-0.00159,0.01252,-0.00740,-0.01649,0.03721,-0.09961,-0.00107,-0.01675,0.05624,-0.12336,0.05567,-0.23273,0.84348,0,0.00144,0.01484
3.3726,-0.10248,-0.01064,-0.00161,0.01249,-0.00644,-0.01686,0.03721,-0.09947,-0.00107,-0.01688,0.05608,-0.12432,0.05574,-0.23297,0.84364,0,0.00144,0.01484
3.3746,-0.10248,-0.01064,-0.00162,0.01245,-0.00559,-0.01712,0.03721,-0.09933,-0.00107,-0.01699,0.05592,-0.12516,0.05567,-0.23321,0.84373,0,0.00144,0.01484
3.3766,-0.10248,-0.01064,-0.00163,0.01242,-0.00485,-0.01728,0.03721,-0.09919,-0.00107,-0.01710,0.05576,-0.12586,0.05548,-0.23347,0.84385,0,0.00144,0.01484
3.3786,-0.10248,-0.01064,-0.00164,0.01239,-0.00422,-0.01732,0.03721,-0.09906,-0.00107,-0.01720,0.05559,-0.12644,0.05516,-0.23369,0.84394,0,0.00144,0.01484
3.3806,-0.10248,-0.01064,-0.00165,0.01235,-0.00370,-0.01725,0.03721,-0.09892,-0.00107,-0.01730,0.05543,-0.12688,0.05471,-0.23401,0.84406,0,0.00144,0.01484
3.3826,-0.10248,-0.01064,-0.00165,0.01232,-0.00329,-0.01708,0.03721,-0.09878,-0.00106,-0.01739,0.05526,-0.12720,0.05420,-0.23424,0.84415,0,0.00144,0.01484
3.3846,-0.10248,-0.01064,-0.00166,0.01228,-0.00299,-0.01685,0.03721,-0.09864,-0.00106,-0.01748,0.05510,-0.12740,0.05382,-0.23450,0.84431,0,0.00144,0.01484
3.3866,-0.10248,-0.01064,-0.00167,0.01225,-0.00280,-0.01672,0.03721,-0.09850,-0.00106,-0.01757,0.05494,-0.12746,0.05356,-0.23474,0.84437,0,0.00144,0.01484
3.3886,-0.10248,-0.01064,-0.00167,0.01222,-0.00272,-0.01671,0.03721,-0.09836,-0.00106,-0.01765,0.05479,-0.12740,0.05343,-0.23495,0.84450,0,0.00144,0.01484
3.3906,-0.10248,-0.01064,-0.00168,0.01218,-0.00274,-0.01680,0.03721,-0.09823,-0.00106,-0.01774,0.05463,-0.12720,0.05343,-0.23521,0.84460,0,0.00144,0.01484
3.3926,-0.10248,-0.01064,-0.00168,0.01215,-0.00288,-0.01700,0.03721,-0.09809,-0.00106,-0.01782,0.05447,-0.12688,0.05341,-0.23546,0.84471,0,0.00144,0.01484
3.3946,-0.10248,-0.01064,-0.00169,0.01211,-0.00312,-0.01719,0.03721,-0.09795,-0.00105,-0.01791,0.05430,-0.12644,0.05326,-0.23567,0.84483,0,0.00144,0.01484
3.3966,-0.10248,-0.01064,-0.00170,0.01208,-0.00348,-0.01727,0.03721,-0.09781,-0.00105,-0.01800,0.05414,-0.12586,0.05309,-0.23588,0.84491,0,0.00144,0.01484
3.3986,-0.10248,-0.01064,-0.00170,0.01205,-0.00394,-0.01732,0.03721,-0.09767,-0.00105,-0.01810,0.05398,-0.12516,0.05292,-0.23615,0.84507,0,0.00144,0.01484
3.4006,-0.10248,-0.01064,-0.00171,0.01201,-0.00451,-0.01738,0.03721,-0.09753,-0.00105,-0.01820,0.05381,-0.12432,0.05276,-0.23634,0.84517,0,0.00144,0.01484
3.4026,-0.10248,-0.01064,-0.00172,0.01198,-0.00520,-0.01744,0.03721,-0.09739,-0.00105,-0.01830,0.05365,-0.12336,0.05260,-0.23657,0.84525,0,0.00144,0.01484
3.4047,-0.10248,-0.01064,-0.00173,0.01194,-0.00599,-0.01750,0.03721,-0.09725,-0.00105,-0.01841,0.05348,-0.12228,0.05243,-0.23684,0.84542,0,0.00144,0.01484
3.4067,-0.10248,-0.01064,-0.00175,0.01191,-0.00689,-0.01756,0.03721,-0.09712,-0.00105,-0.01853,0.05331,-0.12106,0.05227,-0.23705,0.84552,0,0.00144,0.01484
3.4087,-0.10248,-0.01064,-0.00176,0.01187,-0.00790,-0.01762,0.03721,-0.09698,-0.00104,-0.01866,0.05315,-0.11972,0.05210,-0.23722,0.84560,0,0.00144,0.01484
3.4107,-0.10248,-0.01064,-0.00178,0.01184,-0.00902,-0.01768,0.03721,-0.09684,-0.00104,-0.01880,0.05298,-0.11824,0.05194,-0.23750,0.84569,0,0.00144,0.01484
3.4127,-0.10248,-0.01064,-0.00180,0.01180,-0.01025,-0.01773,0.03721,-0.09670,-0.00104,-0.01895,0.05281,-0.11664,0.05177,-0.23769,0.84579,0,0.00144,0.01484
3.4147,-0.10248,-0.01064,-0.00182,0.01176,-0.01158,-0.01779,0.03721,-0.09656,-0.00104,-0.01911,0.05264,-0.11517,0.05160,-0.23794,0.84587,0,0.00144,0.01484
3.4167,-0.10248,-0.01064,-0.00184,0.01173,-0.01281,-0.01784,0.03721,-0.09642,-0.00104,-0.01928,0.05247,-0.11383,0.05144,-0.23817,0.84601,0,0.00144,0.01484
3.4187,-0.10248,-0.01064,-0.00187,0.01169,-0.01393,-0.01789,0.03721,-0.09628,-0.00104,-0.01947,0.05230,-0.11261,0.05127,-0.23840,0.84607,0,0.00144,0.01484
3.4207,-0.10248,-0.01064,-0.00190,0.01166,-0.01493,-0.01794,0.03721,-0.09614,-0.00104,-0.01966,0.05213,-0.11152,0.05110,-0.23861,0.84614,0,0.00144,0.01484
3.4227,-0.10248,-0.01064,-0.00193,0.01162,-0.01583,-0.01800,0.03721,-0.09600,-0.00103,-0.01986,0.05196,-0.11056,0.05093,-0.23880,0.84632,0,0.00144,0.01484
3.4247,-0.10248,-0.01064,-0.00196,0.01159,-0.01662,-0.01804,0.03721,-0.09587,-0.00103,-0.02008,0.05179,-0.10973,0.05076,-0.23906,0.84637,0,0.00144,0.01484
3.4267,-0.10248,-0.01064,-0.00200,0.01155,-0.01730,-0.01809,0.03721,-0.09573,-0.00103,-0.02029,0.05162,-0.10903,0.05059,-0.23925,0.84647,0,0.00144,0.01484
3.4311,-0.10248,-0.01064,-0.00203,0.01151,-0.01786,-0.01814,0.03721,-0.09543,-0.00103,-0.02058,0.05145,-0.10845,0.05042,-0.23974,0.84665,0,0.00144,0.01484
3.4331,-0.10248,-0.01064,-0.00207,0.01148,-0.01832,-0.01819,0.03721,-0.09529,-0.00103,-0.02081,0.05128,-0.10800,0.05025,-0.24000,0.84672,0,0.00144,0.01484
3.4351,-0.10248,-0.01064,-0.00210,0.01144,-0.01867,-0.01823,0.03721,-0.09515,-0.00102,-0.02104,0.05110,-0.10768,0.05008,-0.24022,0.84682,0,0.00144,0.01484
3.4371,-0.07746,-0.01459,-0.00030,0.01326,-0.01267,-0.01182,0.00278,-0.09501,-0.00102,-0.00508,0.05852,-0.10724,0.05004,-0.24051,0.84693,0,0.00182,0.01567
3.4391,-0.07746,-0.01459,-0.00033,0.01324,-0.01304,-0.01200,0.00278,-0.09487,-0.00102,-0.00526,0.05841,-0.10666,0.05012,-0.24068,0.84704,0,0.00182,0.01567
3.4411,-0.07746,-0.01459,-0.00036,0.01321,-0.01353,-0.01230,0.00278,-0.09474,-0.00102,-0.00545,0.05829,-0.10596,0.05033,-0.24099,0.84711,0,0.00182,0.01567
3.4431,-0.07746,-0.01459,-0.00038,0.01319,-0.01413,-0.01270,0.00278,-0.09460,-0.00102,-0.00563,0.05818,-0.10512,0.05067,-0.24121,0.84721,0,0.00182,0.01567
3.4451,-0.07746,-0.01459,-0.00041,0.01316,-0.01483,-0.01321,0.00278,-0.09446,-0.00102,-0.00583,0.05805,-0.10416,0.05114,-0.24144,0.84734,0,0.00182,0.01567
3.4471,-0.07746,-0.01459,-0.00044,0.01313,-0.01564,-0.01383,0.00278,-0.09432,-0.00102,-0.00603,0.05792,-0.10308,0.05174,-0.24166,0.84738,0,0.00182,0.01567
3.4491,-0.07746,-0.01459,-0.00048,0.01311,-0.01656,-0.01456,0.00278,-0.09418,-0.00101,-0.00624,0.05779,-0.10186,0.05246,-0.24186,0.84750,0,0.00182,0.01567
3.4511,-0.07746,-0.01459,-0.00051,0.01308,-0.01760,-0.01540,0.00278,-0.09404,-0.00101,-0.00645,0.05765,-0.10052,0.05332,-0.24210,0.84762,0,0.00182,0.01567
3.4531,-0.07746,-0.01459,-0.00055,0.01304,-0.01873,-0.01635,0.00278,-0.09390,-0.00101,-0.00668,0.05750,-0.09930,0.05430,-0.24230,0.84770,0,0.00182,0.01567
3.4551,-0.07746,-0.01459,-0.00058,0.01301,-0.01976,-0.01740,0.00278,-0.09377,-0.00101,-0.00692,0.05734,-0.09821,0.05541,-0.24245,0.84780,0,0.00182,0.01567
3.4571,-0.07746,-0.01459,-0.00062,0.01297,-0.02068,-0.01857,0.00278,-0.09363,-0.00101,-0.00717,0.05717,-0.09725,0.05639,-0.24263,0.84796,0,0.00182,0.01567
3.4592,-0.07746,-0.01459,-0.00067,0.01294,-0.02149,-0.01962,0.00278,-0.09348,-0.00101,-0.00743,0.05698,-0.09642,0.05724,-0.24286,0.84806,0,0.00182,0.01567
3.4612,-0.07746,-0.01459,-0.00071,0.01290,-0.02219,-0.02057,0.00278,-0.09334,-0.00101,-0.00769,0.05679,-0.09572,0.05796,-0.24300,0.84820,0,0.00182,0.01567
3.4633,-0.07746,-0.01459,-0.00076,0.01285,-0.02278,-0.02140,0.00278,-0.09320,-0.00100,-0.00796,0.05659,-0.09514,0.05856,-0.24320,0.84833,0,0.00182,0.01567
3.4653,-0.07746,-0.01459,-0.00080,0.01281,-0.02326,-0.02213,0.00278,-0.09307,-0.00100,-0.00823,0.05639,-0.09469,0.05903,-0.24334,0.84844,0,0.00182,0.01567
3.4673,-0.07746,-0.01459,-0.00085,0.01277,-0.02363,-0.02274,0.00278,-0.09293,-0.00100,-0.00851,0.05618,-0.09437,0.05937,-0.24351,0.84854,0,0.00182,0.01567
3.4693,-0.07746,-0.01459,-0.00090,0.01272,-0.02389,-0.02325,0.00278,-0.09279,-0.00100,-0.00879,0.05596,-0.09418,0.05958,-0.24371,0.84873,0,0.00182,0.01567
3.4713,-0.07746,-0.01459,-0.00094,0.01267,-0.02403,-0.02364,0.00278,-0.09265,-0.00100,-0.00907,0.05574,-0.09412,0.05967,-0.24389,0.84885,0,0.00182,0.01567
3.4733,-0.07746,-0.01459,-0.00099,0.01263,-0.02407,-0.02393,0.00278,-0.09251,-0.00100,-0.00936,0.05551,-0.09418,0.05962,-0.24411,0.84891,0,0.00182,0.01567
3.4753,-0.07746,-0.01459,-0.00104,0.01258,-0.02400,-0.02410,0.00278,-0.09237,-0.00099,-0.00964,0.05528,-0.09437,0.05945,-0.24430,0.84904,0,0.00182,0.01567
3.4773,-0.07746,-0.01459,-0.00109,0.01253,-0.02382,-0.02416,0.00278,-0.09223,-0.00099,-0.00992,0.05505,-0.09469,0.05915,-0.24446,0.84922,0,0.00182,0.01567
3.4793,-0.07746,-0.01459,-0.00114,0.01248,-0.02352,-0.02412,0.00278,-0.09209,-0.00099,-0.01020,0.05482,-0.09514,0.05873,-0.24468,0.84929,0,0.00182,0.01567
3.4813,-0.07746,-0.01459,-0.00118,0.01243,-0.02312,-0.02396,0.00278,-0.09195,-0.00099,-0.01048,0.05460,-0.09572,0.05817,-0.24489,0.84940,0,0.00182,0.01567
3.4833,-0.07746,-0.01459,-0.00123,0.01238,-0.02261,-0.02369,0.00278,-0.09182,-0.00099,-0.01075,0.05437,-0.09642,0.05749,-0.24514,0.84952,0,0.00182,0.01567
3.4853,-0.07746,-0.01459,-0.00127,0.01234,-0.02198,-0.02331,0.00278,-0.09168,-0.00099,-0.01101,0.05415,-0.09725,0.05668,-0.24532,0.84963,0,0.00182,0.01567
3.4873,-0.07746,-0.01459,-0.00132,0.01229,-0.02125,-0.02283,0.00278,-0.09154,-0.00099,-0.01127,0.05393,-0.09821,0.05574,-0.24548,0.84974,0,0.00182,0.01567
3.4893,-0.07746,-0.01459,-0.00136,0.01225,-0.02041,-0.02223,0.00278,-0.09140,-0.00098,-0.01153,0.05372,-0.09930,0.05467,-0.24571,0.84987,0,0.00182,0.01567
3.4913,-0.07746,-0.01459,-0.00140,0.01220,-0.01945,-0.02152,0.00278,-0.09126,-0.00098,-0.01177,0.05351,-0.10052,0.05347,-0.24590,0.84996,0,0.00182,0.01567
3.4933,-0.07746,-0.01459,-0.00143,0.01216,-0.01839,-0.02070,0.00278,-0.09112,-0.00098,-0.01200,0.05331,-0.10186,0.05233,-0.24609,0.85007,0,0.00182,0.01567
3.4953,-0.07746,-0.01459,-0.00147,0.01212,-0.01722,-0.01993,0.00278,-0.09099,-0.00098,-0.01223,0.05312,-0.10321,0.05131,-0.24633,0.85021,0,0.00182,0.01567
3.4973,-0.07746,-0.01459,-0.00150,0.01208,-0.01604,-0.01926,0.00278,-0.09085,-0.00098,-0.01244,0.05293,-0.10443,0.05042,-0.24656,0.85028,0,0.00182,0.01567
3.4993,-0.07746,-0.01459,-0.00153,0.01204,-0.01497,-0.01870,0.00278,-0.09071,-0.00098,-0.01264,0.05275,-0.10553,0.04965,-0.24677,0.85039,0,0.00182,0.01567
3.5013,-0.07746,-0.01459,-0.00156,0.01201,-0.01400,-0.01824,0.00278,-0.09057,-0.00098,-0.01283,0.05257,-0.10649,0.04902,-0.24703,0.85048,0,0.00182,0.01567
3.5033,-0.07746,-0.01459,-0.00159,0.01197,-0.01315,-0.01790,0.00278,-0.09043,-0.00097,-0.01301,0.05240,-0.10733,0.04851,-0.24725,0.85057,0,0.00182,0.01567
3.5054,-0.05826,-0.01718,-0.00080,0.01287,-0.01069,-0.01527,-0.03184,-0.09029,-0.00097,-0.00359,0.05587,-0.10804,0.04813,-0.24766,0.85083,0,0.00083,0.01467
3.5074,-0.05826,-0.01718,-0.00083,0.01284,-0.01007,-0.01516,-0.03184,-0.09015,-0.00097,-0.00374,0.05573,-0.10863,0.04788,-0.24766,0.85083,0,0.00083,0.01467
3.5094,-0.05826,-0.01718,-0.00085,0.01281,-0.00955,-0.01516,-0.03184,-0.09001,-0.00097,-0.00389,0.05558,-0.10908,0.04775,-0.24787,0.85087,0,0.00083,0.01467
3.5114,-0.05826,-0.01718,-0.00086,0.01278,-0.00915,-0.01527,-0.03184,-0.08987,-0.00097,-0.00403,0.05544,-0.10941,0.04776,-0.24804,0.85097,0,0.00083,0.01467
3.5135,-0.05826,-0.01718,-0.00088,0.01275,-0.00886,-0.01549,-0.03184,-0.08973,-0.00097,-0.00417,0.05529,-0.10961,0.04789,-0.24824,0.85110,0,0.00083,0.01467
3.5155,-0.05826,-0.01718,-0.00090,0.01272,-0.00867,-0.01581,-0.03184,-0.08960,-0.00096,-0.00431,0.05515,-0.10968,0.04815,-0.24847,0.85117,0,0.00083,0.01467
3.5175,-0.05826,-0.01718,-0.00092,0.01268,-0.00860,-0.01625,-0.03184,-0.08946,-0.00096,-0.00444,0.05499,-0.10962,0.04854,-0.24862,0.85128,0,0.00083,0.01467
3.5195,-0.05826,-0.01718,-0.00093,0.01265,-0.00863,-0.01679,-0.03184,-0.08932,-0.00096,-0.00458,0.05484,-0.10943,0.04906,-0.24882,0.85142,0,0.00083,0.01467
3.5215,-0.05826,-0.01718,-0.00095,0.01262,-0.00877,-0.01745,-0.03184,-0.08918,-0.00096,-0.00472,0.05467,-0.10912,0.04970,-0.24901,0.85147,0,0.00083,0.01467
3.5235,-0.05826,-0.01718,-0.00097,0.01258,-0.00902,-0.01821,-0.03184,-0.08904,-0.00096,-0.00485,0.05451,-0.10868,0.05047,-0.24928,0.85158,0,0.00083,0.01467
3.5255,-0.05826,-0.01718,-0.00099,0.01254,-0.00938,-0.01908,-0.03184,-0.08890,-0.00096,-0.00499,0.05433,-0.10811,0.05137,-0.24945,0.85170,0,0.00083,0.01467
3.5275,-0.05826,-0.01718,-0.00101,0.01250,-0.00985,-0.02006,-0.03184,-0.08876,-0.00096,-0.00514,0.05414,-0.10741,0.05240,-0.24964,0.85178,0,0.00083,0.01467
3.5295,-0.05826,-0.01718,-0.00103,0.01246,-0.01043,-0.02114,-0.03184,-0.08863,-0.00095,-0.00529,0.05395,-0.10659,0.05330,-0.24986,0.85188,0,0.00083,0.01467
3.5315,-0.05826,-0.01718,-0.00105,0.01242,-0.01112,-0.02212,-0.03184,-0.08849,-0.00095,-0.00544,0.05374,-0.10563,0.05407,-0.25007,0.85198,0,0.00083,0.01467
3.5335,-0.05826,-0.01718,-0.00107,0.01237,-0.01192,-0.02299,-0.03184,-0.08835,-0.00095,-0.00560,0.05353,-0.10455,0.05472,-0.25028,0.85210,0,0.00083,0.01467
3.5355,-0.05826,-0.01718,-0.00110,0.01233,-0.01282,-0.02375,-0.03184,-0.08821,-0.00095,-0.00577,0.05331,-0.10334,0.05524,-0.25047,0.85222,0,0.00083,0.01467
3.5375,-0.05826,-0.01718,-0.00112,0.01228,-0.01384,-0.02439,-0.03184,-0.08807,-0.00095,-0.00595,0.05308,-0.10201,0.05562,-0.25069,0.85235,0,0.00083,0.01467
3.5395,-0.05826,-0.01718,-0.00115,0.01223,-0.01496,-0.02493,-0.03184,-0.08794,-0.00095,-0.00614,0.05284,-0.10054,0.05588,-0.25085,0.85244,0,0.00083,0.01467
3.5415,-0.05826,-0.01718,-0.00118,0.01218,-0.01619,-0.02536,-0.03184,-0.08780,-0.00095,-0.00634,0.05261,-0.09895,0.05602,-0.25108,0.85254,0,0.00083,0.01467
3.5435,-0.05826,-0.01718,-0.00122,0.01213,-0.01753,-0.02567,-0.03184,-0.08766,-0.00094,-0.00655,0.05236,-0.09735,0.05602,-0.25131,0.85265,0,0.00083,0.01467
3.5455,-0.05826,-0.01718,-0.00125,0.01208,-0.01888,-0.02588,-0.03184,-0.08752,-0.00094,-0.00678,0.05212,-0.09575,0.05590,-0.25154,0.85276,0,0.00083,0.01467
3.5475,-0.05826,-0.01718,-0.00129,0.01203,-0.02023,-0.02598,-0.03184,-0.08738,-0.00094,-0.00702,0.05187,-0.09427,0.05565,-0.25166,0.85289,0,0.00083,0.01467
3.5495,-0.05826,-0.01718,-0.00133,0.01197,-0.02146,-0.02596,-0.03184,-0.08724,-0.00094,-0.00727,0.05163,-0.09293,0.05527,-0.25192,0.85297,0,0.00083,0.01467
3.5515,-0.05826,-0.01718,-0.00138,0.01192,-0.02259,-0.02584,-0.03184,-0.08711,-0.00094,-0.00753,0.05138,-0.09171,0.05476,-0.25210,0.85307,0,0.00083,0.01467
3.5535,-0.05826,-0.01718,-0.00142,0.01187,-0.02360,-0.02560,-0.03184,-0.08697,-0.00094,-0.00780,0.05114,-0.09063,0.05412,-0.25231,0.85315,0,0.00083,0.01467
3.5555,-0.05826,-0.01718,-0.00147,0.01182,-0.02451,-0.02526,-0.03184,-0.08683,-0.00094,-0.00808,0.05090,-0.08967,0.05336,-0.25250,0.85327,0,0.00083,0.01467
3.5575,-0.05826,-0.01718,-0.00152,0.01177,-0.02530,-0.02480,-0.03184,-0.08669,-0.00093,-0.00836,0.05066,-0.08883,0.05247,-0.25267,0.85337,0,0.00083,0.01467
3.5595,-0.05826,-0.01718,-0.00157,0.01172,-0.02599,-0.02424,-0.03184,-0.08655,-0.00093,-0.00866,0.05043,-0.08813,0.05145,-0.25285,0.85345,0,0.00083,0.01467
3.5615,-0.05826,-0.01718,-0.00163,0.01167,-0.02656,-0.02356,-0.03184,-0.08641,-0.00093,-0.00896,0.05020,-0.08755,0.05030,-0.25308,0.85361,0,0.00083,0.01467
3.5635,-0.05826,-0.01718,-0.00168,0.01163,-0.02703,-0.02277,-0.03184,-0.08628,-0.00093,-0.00926,0.04998,-0.08711,0.04905,-0.25327,0.85364,0,0.00083,0.01467
3.5655,-0.05826,-0.01718,-0.00173,0.01158,-0.02738,-0.02190,-0.03184,-0.08614,-0.00093,-0.00957,0.04977,-0.08679,0.04793,-0.25349,0.85377,0,0.00083,0.01467
3.5675,-0.05826,-0.01718,-0.00179,0.01154,-0.02762,-0.02114,-0.03184,-0.08600,-0.00093,-0.00988,0.04957,-0.08659,0.04694,-0.25366,0.85386,0,0.00083,0.01467
3.5695,-0.05826,-0.01718,-0.00184,0.01150,-0.02776,-0.02048,-0.03184,-0.08586,-0.00092,-0.01020,0.04937,-0.08653,0.04608,-0.25386,0.85396,0,0.00083,0.01467
3.5715,-0.05826,-0.01718,-0.00190,0.01146,-0.02778,-0.01993,-0.03184,-0.08572,-0.00092,-0.01051,0.04918,-0.08659,0.04534,-0.25403,0.85404,0,0.00083,0.01467
3.5735,-0.05528,-0.01660,-0.00229,0.01231,-0.02971,-0.01757,-0.05521,-0.08558,-0.00092,-0.01152,0.05341,-0.08679,0.04473,-0.25443,0.85421,1,-0.00171,0.01416
3.5755,-0.05528,-0.01660,-0.00235,0.01228,-0.02951,-0.01726,-0.05521,-0.08544,-0.00092,-0.01185,0.05325,-0.08711,0.04425,-0.25443,0.85421,1,-0.00171,0.01416
3.5775,-0.05528,-0.01660,-0.00241,0.01225,-0.02919,-0.01705,-0.05521,-0.08531,-0.00092,-0.01218,0.05308,-0.08755,0.04390,-0.25466,0.85428,1,-0.00171,0.01416
3.5795,-0.05528,-0.01660,-0.00247,0.01221,-0.02877,-0.01696,-0.05521,-0.08517,-0.00092,-0.01251,0.05292,-0.08813,0.04368,-0.25485,0.85438,1,-0.00171,0.01416
3.5815,-0.05528,-0.01660,-0.00252,0.01218,-0.02824,-0.01697,-0.05521,-0.08503,-0.00092,-0.01283,0.05276,-0.08883,0.04358,-0.25500,0.85451,1,-0.00171,0.01416
3.5835,-0.05528,-0.01660,-0.00258,0.01214,-0.02759,-0.01709,-0.05521,-0.08489,-0.00091,-0.01314,0.05260,-0.08967,0.04361,-0.25518,0.85459,1,-0.00171,0.01416
3.5855,-0.05528,-0.01660,-0.00263,0.01211,-0.02683,-0.01732,-0.05521,-0.08475,-0.00091,-0.01345,0.05244,-0.09063,0.04377,-0.25544,0.85464,1,-0.00171,0.01416
3.5875,-0.05528,-0.01660,-0.00269,0.01207,-0.02597,-0.01766,-0.05521,-0.08461,-0.00091,-0.01375,0.05227,-0.09171,0.04406,-0.25559,0.85478,1,-0.00171,0.01416
3.5895,-0.05528,-0.01660,-0.00274,0.01204,-0.02499,-0.01811,-0.05521,-0.08448,-0.00091,-0.01404,0.05210,-0.09293,0.04448,-0.25577,0.85486,1,-0.00171,0.01416
3.5915,-0.05528,-0.01660,-0.00279,0.01200,-0.02391,-0.01867,-0.05521,-0.08434,-0.00091,-0.01433,0.05193,-0.09427,0.04502,-0.25594,0.85494,1,-0.00171,0.01416
3.5935,-0.05528,-0.01660,-0.00283,0.01196,-0.02271,-0.01933,-0.05521,-0.08420,-0.00091,-0.01460,0.05175,-0.09575,0.04569,-0.25612,0.85509,1,-0.00171,0.01416
3.5955,-0.05528,-0.01660,-0.00288,0.01192,-0.02140,-0.02011,-0.05521,-0.08406,-0.00091,-0.01486,0.05156,-0.09735,0.04649,-0.25631,0.85515,1,-0.00171,0.01416
3.5975,-0.05528,-0.01660,-0.00292,0.01188,-0.01999,-0.02099,-0.05521,-0.08392,-0.00090,-0.01510,0.05136,-0.09895,0.04742,-0.25654,0.85520,1,-0.00171,0.01416
3.5995,-0.05528,-0.01660,-0.00296,0.01184,-0.01857,-0.02198,-0.05521,-0.08378,-0.00090,-0.01533,0.05116,-0.10042,0.04848,-0.25671,0.85535,1,-0.00171,0.01416
3.6015,-0.05528,-0.01660,-0.00299,0.01180,-0.01726,-0.02308,-0.05521,-0.08365,-0.00090,-0.01555,0.05095,-0.10176,0.04966,-0.25695,0.85540,1,-0.00171,0.01416
3.6035,-0.05528,-0.01660,-0.00303,0.01175,-0.01606,-0.02429,-0.05521,-0.08351,-0.00090,-0.01576,0.05072,-0.10298,0.05072,-0.25704,0.85553,1,-0.00171,0.01416
3.6055,-0.05528,-0.01660,-0.00306,0.01170,-0.01497,-0.02539,-0.05521,-0.08337,-0.00090,-0.01596,0.05049,-0.10407,0.05165,-0.25725,0.85560,1,-0.00171,0.01416
3.6075,-0.05528,-0.01660,-0.00309,0.01165,-0.01399,-0.02638,-0.05521,-0.08323,-0.00090,-0.01615,0.05024,-0.10503,0.05245,-0.25751,0.85569,1,-0.00171,0.01416
3.6095,-0.05528,-0.01660,-0.00311,0.01159,-0.01312,-0.02725,-0.05521,-0.08309,-0.00089,-0.01632,0.04999,-0.10586,0.05312,-0.25768,0.85582,1,-0.00171,0.01416
3.6115,-0.05528,-0.01660,-0.00314,0.01154,-0.01235,-0.02802,-0.05521,-0.08295,-0.00089,-0.01649,0.04973,-0.10656,0.05366,-0.25788,0.85592,1,-0.00171,0.01416
3.6135,-0.05528,-0.01660,-0.00316,0.01148,-0.01170,-0.02868,-0.05521,-0.08281,-0.00089,-0.01666,0.04946,-0.10714,0.05408,-0.25812,0.85602,1,-0.00171,0.01416
3.6156,-0.05528,-0.01660,-0.00319,0.01142,-0.01115,-0.02922,-0.05521,-0.08268,-0.00089,-0.01682,0.04918,-0.10759,0.05437,-0.25830,0.85616,1,-0.00171,0.01416
3.6176,-0.05528,-0.01660,-0.00321,0.01136,-0.01071,-0.02966,-0.05521,-0.08254,-0.00089,-0.01697,0.04890,-0.10791,0.05453,-0.25847,0.85622,1,-0.00171,0.01416
3.6196,-0.05528,-0.01660,-0.00323,0.01130,-0.01039,-0.02999,-0.05521,-0.08240,-0.00089,-0.01712,0.04862,-0.10810,0.05456,-0.25869,0.85635,1,-0.00171,0.01416
3.6216,-0.05528,-0.01660,-0.00325,0.01124,-0.01017,-0.03020,-0.05521,-0.08226,-0.00089,-0.01726,0.04834,-0.10816,0.05446,-0.25890,0.85648,1,-0.00171,0.01416
3.6236,-0.05528,-0.01660,-0.00327,0.01118,-0.01006,-0.03031,-0.05521,-0.08212,-0.00088,-0.01741,0.04805,-0.10810,0.05424,-0.25913,0.85660,1,-0.00171,0.01416
3.6256,-0.05528,-0.01660,-0.00329,0.01112,-0.01006,-0.03030,-0.05521,-0.08198,-0.00088,-0.01755,0.04776,-0.10791,0.05389,-0.25933,0.85667,1,-0.00171,0.01416
3.6276,-0.05528,-0.01660,-0.00331,0.01106,-0.01017,-0.03019,-0.05521,-0.08184,-0.00088,-0.01770,0.04748,-0.10759,0.05341,-0.25954,0.85684,1,-0.00171,0.01416
3.6296,-0.05528,-0.01660,-0.00333,0.01100,-0.01038,-0.02996,-0.05521,-0.08170,-0.00088,-0.01785,0.04719,-0.10714,0.05280,-0.25969,0.85690,1,-0.00171,0.01416
3.6316,-0.05528,-0.01660,-0.00335,0.01094,-0.01071,-0.02963,-0.05521,-0.08157,-0.00088,-0.01799,0.04691,-0.10656,0.05206,-0.25991,0.85704,1,-0.00171,0.01416
3.6336,-0.05528,-0.01660,-0.00337,0.01088,-0.01115,-0.02918,-0.05521,-0.08143,-0.00088,-0.01815,0.04663,-0.10586,0.05120,-0.26009,0.85712,1,-0.00171,0.01416
3.6356,-0.05528,-0.01660,-0.00340,0.01083,-0.01169,-0.02862,-0.05521,-0.08129,-0.00088,-0.01830,0.04636,-0.10503,0.05021,-0.26033,0.85720,1,-0.00171,0.01416
3.6376,-0.05528,-0.01660,-0.00342,0.01077,-0.01234,-0.02795,-0.05521,-0.08115,-0.00087,-0.01847,0.04609,-0.10407,0.04909,-0.26055,0.85733,1,-0.00171,0.01416
3.6396,-0.03915,-0.01959,-0.00395,0.01092,-0.01292,-0.02823,-0.06950,-0.08101,-0.00087,-0.01620,0.04588,-0.10298,0.04784,-0.26088,0.85758,1,-0.00404,0.01224
3.6416,-0.03915,-0.01959,-0.00398,0.01086,-0.01378,-0.02735,-0.06950,-0.08087,-0.00087,-0.01637,0.04562,-0.10176,0.04646,-0.26088,0.85758,1,-0.00404,0.01224
3.6437,-0.03915,-0.01959,-0.00401,0.01081,-0.01475,-0.02635,-0.06950,-0.08073,-0.00087,-0.01655,0.04536,-0.10042,0.04496,-0.26106,0.85767,1,-0.00404,0.01224
3.6457,-0.03915,-0.01959,-0.00404,0.01075,-0.01583,-0.02525,-0.06950,-0.08060,-0.00087,-0.01675,0.04512,-0.09895,0.04358,-0.26129,0.85772,1,-0.00404,0.01224
3.6477,-0.03915,-0.01959,-0.00407,0.01071,-0.01702,-0.02425,-0.06950,-0.08046,-0.00087,-0.01695,0.04488,-0.09741,0.04234,-0.26146,0.85782,1,-0.00404,0.01224
3.6497,-0.03915,-0.01959,-0.00411,0.01066,-0.01827,-0.02336,-0.06950,-0.08032,-0.00086,-0.01717,0.04466,-0.09600,0.04122,-0.26164,0.85792,1,-0.00404,0.01224
3.6517,-0.03915,-0.01959,-0.00415,0.01061,-0.01941,-0.02258,-0.06950,-0.08018,-0.00086,-0.01739,0.04444,-0.09472,0.04022,-0.26186,0.85798,1,-0.00404,0.01224
3.6537,-0.03915,-0.01959,-0.00419,0.01057,-0.02043,-0.02191,-0.06950,-0.08004,-0.00086,-0.01763,0.04423,-0.09356,0.03936,-0.26207,0.85808,1,-0.00404,0.01224
3.6557,-0.03915,-0.01959,-0.00423,0.01052,-0.02135,-0.02135,-0.06950,-0.07990,-0.00086,-0.01787,0.04402,-0.09253,0.03862,-0.26222,0.85815,1,-0.00404,0.01224
3.6577,-0.03915,-0.01959,-0.00427,0.01048,-0.02215,-0.02090,-0.06950,-0.07976,-0.00086,-0.01813,0.04382,-0.09164,0.03802,-0.26247,0.85824,1,-0.00404,0.01224
3.6597,-0.03915,-0.01959,-0.00432,0.01044,-0.02285,-0.02055,-0.06950,-0.07963,-0.00086,-0.01839,0.04363,-0.09086,0.03754,-0.26263,0.85835,1,-0.00404,0.01224
3.6617,-0.03915,-0.01959,-0.00436,0.01040,-0.02343,-0.02031,-0.06950,-0.07949,-0.00086,-0.01866,0.04343,-0.09022,0.03718,-0.26283,0.85843,1,-0.00404,0.01224
3.6637,-0.03915,-0.01959,-0.00441,0.01036,-0.02391,-0.02019,-0.06950,-0.07935,-0.00085,-0.01893,0.04324,-0.08971,0.03696,-0.26301,0.85847,1,-0.00404,0.01224
3.6657,-0.03915,-0.01959,-0.00446,0.01032,-0.02427,-0.02017,-0.06950,-0.07921,-0.00085,-0.01920,0.04305,-0.08932,0.03686,-0.26318,0.85857,1,-0.00404,0.01224
3.6677,-0.03915,-0.01959,-0.00451,0.01028,-0.02453,-0.02026,-0.06950,-0.07907,-0.00085,-0.01948,0.04286,-0.08906,0.03690,-0.26337,0.85863,1,-0.00404,0.01224
3.6697,-0.03915,-0.01959,-0.00456,0.01024,-0.02467,-0.02046,-0.06950,-0.07893,-0.00085,-0.01976,0.04266,-0.08893,0.03706,-0.26360,0.85870,1,-0.00404,0.01224
3.6717,-0.03915,-0.01959,-0.00460,0.01020,-0.02471,-0.02077,-0.06950,-0.07879,-0.00085,-0.02004,0.04247,-0.08893,0.03734,-0.26375,0.85877,1,-0.00404,0.01224
3.6738,-0.03915,-0.01959,-0.00465,0.01015,-0.02463,-0.02118,-0.06950,-0.07865,-0.00085,-0.02032,0.04227,-0.08905,0.03776,-0.26394,0.85884,1,-0.00404,0.01224
3.6758,-0.03915,-0.01959,-0.00470,0.01011,-0.02445,-0.02171,-0.06950,-0.07851,-0.00085,-0.02060,0.04207,-0.08931,0.03830,-0.26414,0.85890,1,-0.00404,0.01224
3.6778,-0.03915,-0.01959,-0.00475,0.01007,-0.02415,-0.02234,-0.06950,-0.07837,-0.00084,-0.02088,0.04186,-0.08969,0.03898,-0.26433,0.85898,1,-0.00404,0.01224
3.6798,-0.03915,-0.01959,-0.00480,0.01002,-0.02374,-0.02308,-0.06950,-0.07824,-0.00084,-0.02115,0.04164,-0.09020,0.03978,-0.26449,0.85905,1,-0.00404,0.01224
3.6818,-0.03915,-0.01959,-0.00485,0.00997,-0.02323,-0.02393,-0.06950,-0.07810,-0.00084,-0.02142,0.04142,-0.09084,0.04058,-0.26469,0.85914,1,-0.00404,0.01224
3.6838,-0.03915,-0.01959,-0.00489,0.00993,-0.02260,-0.02479,-0.06950,-0.07796,-0.00084,-0.02169,0.04119,-0.09160,0.04125,-0.26493,0.85919,1,-0.00404,0.01224
3.6858,-0.03915,-0.01959,-0.00494,0.00988,-0.02186,-0.02553,-0.06950,-0.07782,-0.00084,-0.02194,0.04095,-0.09249,0.04180,-0.26510,0.85928,1,-0.00404,0.01224
3.6878,-0.03915,-0.01959,-0.00498,0.00982,-0.02101,-0.02616,-0.06950,-0.07768,-0.00084,-0.02219,0.04071,-0.09352,0.04222,-0.26534,0.85939,1,-0.00404,0.01224
3.6898,-0.03915,-0.01959,-0.00502,0.00977,-0.02006,-0.02668,-0.06950,-0.07755,-0.00084,-0.02243,0.04046,-0.09467,0.04251,-0.26549,0.85944,1,-0.00404,0.01224
3.6918,-0.03915,-0.01959,-0.00506,0.00972,-0.01899,-0.02709,-0.06950,-0.07741,-0.00083,-0.02266,0.04020,-0.09594,0.04267,-0.26569,0.85953,1,-0.00404,0.01224
3.6938,-0.03915,-0.01959,-0.00510,0.00966,-0.01781,-0.02739,-0.06950,-0.07727,-0.00083,-0.02288,0.03994,-0.09735,0.04271,-0.26593,0.85961,1,-0.00404,0.01224
3.6958,-0.03915,-0.01959,-0.00513,0.00961,-0.01652,-0.02759,-0.06950,-0.07713,-0.00083,-0.02309,0.03968,-0.09888,0.04262,-0.26611,0.85968,1,-0.00404,0.01224
3.6978,-0.03915,-0.01959,-0.00516,0.00955,-0.01513,-0.02767,-0.06950,-0.07699,-0.00083,-0.02329,0.03942,-0.10029,0.04240,-0.26631,0.85981,1,-0.00404,0.01224
3.6998,-0.03915,-0.01959,-0.00519,0.00950,-0.01384,-0.02764,-0.06950,-0.07685,-0.00083,-0.02347,0.03916,-0.10156,0.04205,-0.26658,0.85985,1,-0.00404,0.01224
3.7018,-0.03915,-0.01959,-0.00522,0.00944,-0.01266,-0.02750,-0.06950,-0.07671,-0.00083,-0.02364,0.03890,-0.10271,0.04157,-0.26672,0.85994,1,-0.00404,0.01224
3.7038,-0.03915,-0.01959,-0.00524,0.00939,-0.01159,-0.02724,-0.06950,-0.07658,-0.00082,-0.02380,0.03864,-0.10373,0.04096,-0.26696,0.86001,1,-0.00404,0.01224
3.7058,-0.02979,-0.02236,-0.00533,0.00995,-0.01213,-0.02507,-0.05696,-0.07644,-0.00082,-0.02148,0.04048,-0.10463,0.04023,-0.26738,0.86018,1,-0.00446,0.01152
3.7078,-0.02979,-0.02236,-0.00536,0.00990,-0.01127,-0.02461,-0.05696,-0.07630,-0.00082,-0.02163,0.04025,-0.10539,0.03943,-0.26738,0.86018,1,-0.00446,0.01152
3.7098,-0.02979,-0.02236,-0.00538,0.00985,-0.01053,-0.02409,-0.05696,-0.07616,-0.00082,-0.02178,0.04002,-0.10603,0.03875,-0.26758,0.86024,1,-0.00446,0.01152
3.7118,-0.02979,-0.02236,-0.00540,0.00981,-0.00989,-0.02367,-0.05696,-0.07602,-0.00082,-0.02192,0.03979,-0.10654,0.03820,-0.26782,0.86035,1,-0.00446,0.01152
3.7138,-0.02979,-0.02236,-0.00542,0.00976,-0.00937,-0.02336,-0.05696,-0.07588,-0.00082,-0.02206,0.03957,-0.10692,0.03778,-0.26804,0.86045,1,-0.00446,0.01152
3.7158,-0.02979,-0.02236,-0.00544,0.00971,-0.00895,-0.02317,-0.05696,-0.07575,-0.00082,-0.02219,0.03935,-0.10718,0.03748,-0.26824,0.86054,1,-0.00446,0.01152
3.7178,-0.02979,-0.02236,-0.00545,0.00967,-0.00864,-0.02308,-0.05696,-0.07561,-0.00081,-0.02232,0.03913,-0.10730,0.03732,-0.26841,0.86063,1,-0.00446,0.01152
3.7198,-0.02979,-0.02236,-0.00547,0.00962,-0.00844,-0.02310,-0.05696,-0.07547,-0.00081,-0.02245,0.03891,-0.10730,0.03728,-0.26861,0.86068,1,-0.00446,0.01152
3.7218,-0.02979,-0.02236,-0.00549,0.00957,-0.00835,-0.02322,-0.05696,-0.07533,-0.00081,-0.02257,0.03869,-0.10717,0.03737,-0.26879,0.86079,1,-0.00446,0.01152
3.7238,-0.02979,-0.02236,-0.00551,0.00953,-0.00837,-0.02346,-0.05696,-0.07519,-0.00081,-0.02270,0.03847,-0.10691,0.03759,-0.26894,0.86087,1,-0.00446,0.01152
3.7258,-0.02979,-0.02236,-0.00552,0.00948,-0.00850,-0.02380,-0.05696,-0.07505,-0.00081,-0.02282,0.03824,-0.10652,0.03768,-0.26916,0.86094,1,-0.00446,0.01152
3.7278,-0.02979,-0.02236,-0.00554,0.00943,-0.00874,-0.02404,-0.05696,-0.07492,-0.00081,-0.02295,0.03802,-0.10601,0.03764,-0.26937,0.86105,1,-0.00446,0.01152
3.7298,-0.02979,-0.02236,-0.00556,0.00938,-0.00908,-0.02416,-0.05696,-0.07478,-0.00081,-0.02308,0.03779,-0.10536,0.03747,-0.26957,0.86110,1,-0.00446,0.01152
3.7318,-0.02979,-0.02236,-0.00558,0.00934,-0.00954,-0.02418,-0.05696,-0.07464,-0.00080,-0.02321,0.03756,-0.10459,0.03718,-0.26969,0.86122,1,-0.00446,0.01152
3.7338,-0.02979,-0.02236,-0.00560,0.00929,-0.01010,-0.02408,-0.05696,-0.07450,-0.00080,-0.02335,0.03733,-0.10370,0.03676,-0.26993,0.86135,1,-0.00446,0.01152
3.7358,-0.02979,-0.02236,-0.00562,0.00924,-0.01078,-0.02388,-0.05696,-0.07436,-0.00080,-0.02349,0.03710,-0.10267,0.03630,-0.27010,0.86142,1,-0.00446,0.01152
3.7378,-0.02979,-0.02236,-0.00564,0.00919,-0.01156,-0.02364,-0.05696,-0.07422,-0.00080,-0.02364,0.03688,-0.10151,0.03598,-0.27031,0.86147,1,-0.00446,0.01152
3.7398,-0.02979,-0.02236,-0.00566,0.00915,-0.01245,-0.02352,-0.05696,-0.07409,-0.00080,-0.02380,0.03666,-0.10023,0.03578,-0.27048,0.86157,1,-0.00446,0.01152
3.7418,-0.02979,-0.02236,-0.00569,0.00910,-0.01345,-0.02350,-0.05696,-0.07395,-0.00080,-0.02396,0.03643,-0.09882,0.03564,-0.27068,0.86166,1,-0.00446,0.01152
3.7438,-0.02979,-0.02236,-0.00572,0.00905,-0.01456,-0.02353,-0.05696,-0.07381,-0.00079,-0.02414,0.03621,-0.09754,0.03542,-0.27108,0.86172,1,-0.00446,0.01152
3.7458,-0.02979,-0.02236,-0.00575,0.00900,-0.01556,-0.02349,-0.05696,-0.07367,-0.00079,-0.02433,0.03599,-0.09638,0.03519,-0.27108,0.86172,1,-0.00446,0.01152
3.7478,-0.02979,-0.02236,-0.00578,0.00896,-0.01645,-0.02345,-0.05696,-0.07353,-0.00079,-0.02452,0.03577,-0.09536,0.03497,-0.27124,0.86179,1,-0.00446,0.01152
3.7498,-0.02979,-0.02236,-0.00581,0.00891,-0.01723,-0.02341,-0.05696,-0.07339,-0.00079,-0.02473,0.03554,-0.09446,0.03475,-0.27141,0.86186,1,-0.00446,0.01152
3.7518,-0.02979,-0.02236,-0.00585,0.00886,-0.01790,-0.02337,-0.05696,-0.07325,-0.00079,-0.02494,0.03532,-0.09369,0.03453,-0.27163,0.86193,1,-0.00446,0.01152
3.7538,-0.02979,-0.02236,-0.00588,0.00882,-0.01846,-0.02333,-0.05696,-0.07312,-0.00079,-0.02515,0.03510,-0.09305,0.03431,-0.27176,0.86200,1,-0.00446,0.01152
3.7559,-0.02979,-0.02236,-0.00592,0.00877,-0.01891,-0.02329,-0.05696,-0.07298,-0.00079,-0.02537,0.03488,-0.09253,0.03409,-0.27199,0.86205,1,-0.00446,0.01152
3.7579,-0.02979,-0.02236,-0.00596,0.00872,-0.01925,-0.02325,-0.05696,-0.07284,-0.00078,-0.02560,0.03466,-0.09214,0.03387,-0.27214,0.86211,1,-0.00446,0.01152
3.7599,-0.02979,-0.02236,-0.00600,0.00868,-0.01948,-0.02321,-0.05696,-0.07270,-0.00078,-0.02583,0.03444,-0.09189,0.03366,-0.27236,0.86217,1,-0.00446,0.01152
3.7619,-0.02979,-0.02236,-0.00604,0.00863,-0.01960,-0.02317,-0.05696,-0.07256,-0.00078,-0.02605,0.03422,-0.09175,0.03344,-0.27258,0.86223,1,-0.00446,0.01152
3.7639,-0.02979,-0.02236,-0.00608,0.00858,-0.01961,-0.02312,-0.05696,-0.07242,-0.00078,-0.02628,0.03400,-0.09175,0.03322,-0.27272,0.86232,1,-0.00446,0.01152
3.7659,-0.02979,-0.02236,-0.00612,0.00854,-0.01951,-0.02308,-0.05696,-0.07229,-0.00078,-0.02651,0.03378,-0.09188,0.03300,-0.27292,0.86231,1,-0.00446,0.01152
3.7679,-0.02979,-0.02236,-0.00615,0.00849,-0.01930,-0.02304,-0.05696,-0.07215,-0.00078,-0.02674,0.03356,-0.09213,0.03279,-0.27309,0.86239,1,-0.00446,0.01152
3.7699,-0.02979,-0.02236,-0.00619,0.00845,-0.01898,-0.02299,-0.05696,-0.07201,-0.00078,-0.02696,0.03334,-0.09251,0.03257,-0.27334,0.86244,1,-0.00446,0.01152
3.7719,-0.02979,-0.02236,-0.00623,0.00840,-0.01855,-0.02295,-0.05696,-0.07187,-0.00077,-0.02718,0.03313,-0.09302,0.03235,-0.27372,0.86256,1,-0.00446,0.01152
3.7739,-0.02450,-0.01983,-0.00355,0.00698,-0.00975,-0.02761,-0.04108,-0.07173,-0.00077,-0.01295,0.02716,-0.09340,0.03201,-0.27390,0.86261,1,-0.00039,0.00672
3.7759,-0.02450,-0.01983,-0.00356,0.00692,-0.00936,-0.02743,-0.04108,-0.07159,-0.00077,-0.01308,0.02690,-0.09366,0.03154,-0.27390,0.86261,1,-0.00039,0.00672
3.7779,-0.02450,-0.01983,-0.00358,0.00687,-0.00909,-0.02715,-0.04108,-0.07146,-0.00077,-0.01321,0.02664,-0.09378,0.03094,-0.27412,0.86262,1,-0.00039,0.00672
3.7799,-0.02450,-0.01983,-0.00360,0.00681,-0.00892,-0.02675,-0.04108,-0.07132,-0.00077,-0.01334,0.02638,-0.09378,0.03021,-0.27434,0.86276,1,-0.00039,0.00672
3.7819,-0.02450,-0.01983,-0.00362,0.00676,-0.00886,-0.02624,-0.04108,-0.07118,-0.00077,-0.01347,0.02613,-0.09365,0.02935,-0.27451,0.86279,1,-0.00039,0.00672
3.7839,-0.02450,-0.01983,-0.00364,0.00671,-0.00891,-0.02562,-0.04108,-0.07104,-0.00077,-0.01359,0.02589,-0.09339,0.02837,-0.27472,0.86286,1,-0.00039,0.00672
3.7859,-0.02450,-0.01983,-0.00365,0.00666,-0.00907,-0.02489,-0.04108,-0.07090,-0.00076,-0.01372,0.02565,-0.09300,0.02726,-0.27494,0.86291,1,-0.00039,0.00672
3.7879,-0.02450,-0.01983,-0.00367,0.00661,-0.00934,-0.02405,-0.04108,-0.07076,-0.00076,-0.01385,0.02542,-0.09249,0.02602,-0.27514,0.86299,1,-0.00039,0.00672
3.7899,-0.02450,-0.01983,-0.00369,0.00656,-0.00972,-0.02310,-0.04108,-0.07062,-0.00076,-0.01398,0.02519,-0.09185,0.02465,-0.27549,0.86312,1,-0.00039,0.00672
3.7919,-0.02450,-0.01983,-0.00371,0.00652,-0.01020,-0.02204,-0.04108,-0.07049,-0.00076,-0.01412,0.02498,-0.09108,0.02341,-0.27549,0.86312,1,-0.00039,0.00672
3.7939,-0.02450,-0.01983,-0.00373,0.00647,-0.01080,-0.02109,-0.04108,-0.07035,-0.00076,-0.01426,0.02477,-0.09018,0.02229,-0.27566,0.86316,1,-0.00039,0.00672
3.7959,-0.02450,-0.01983,-0.00376,0.00643,-0.01150,-0.02024,-0.04108,-0.07021,-0.00076,-0.01441,0.02458,-0.08915,0.02131,-0.27587,0.86322,1,-0.00039,0.00672
3.7979,-0.02450,-0.01983,-0.00378,0.00639,-0.01232,-0.01951,-0.04108,-0.07007,-0.00075,-0.01456,0.02439,-0.08800,0.02045,-0.27602,0.86327,1,-0.00039,0.00672
3.7999,-0.02450,-0.01983,-0.00380,0.00636,-0.01324,-0.01888,-0.04108,-0.06993,-0.00075,-0.01473,0.02421,-0.08671,0.01973,-0.27616,0.86331,1,-0.00039,0.00672
3.8019,-0.02450,-0.01983,-0.00383,0.00632,-0.01427,-0.01837,-0.04108,-0.06979,-0.00075,-0.01490,0.02403,-0.08530,0.01913,-0.27640,0.86335,1,-0.00039,0.00672
3.8039,-0.02450,-0.01983,-0.00386,0.00628,-0.01541,-0.01796,-0.04108,-0.06966,-0.00075,-0.01508,0.02386,-0.08402,0.01865,-0.27655,0.86344,1,-0.00039,0.00672
3.8059,-0.02450,-0.01983,-0.00389,0.00625,-0.01644,-0.01766,-0.04108,-0.06952,-0.00075,-0.01527,0.02369,-0.08287,0.01831,-0.27684,0.86353,1,-0.00039,0.00672
3.8079,-0.02450,-0.01983,-0.00393,0.00621,-0.01737,-0.01747,-0.04108,-0.06938,-0.00075,-0.01547,0.02352,-0.08184,0.01809,-0.27684,0.86353,1,-0.00039,0.00672
3.8099,-0.02450,-0.01983,-0.00396,0.00618,-0.01818,-0.01739,-0.04108,-0.06924,-0.00075,-0.01568,0.02336,-0.08094,0.01801,-0.27705,0.86357,1,-0.00039,0.00672
3.8119,-0.02450,-0.01983,-0.00400,0.00614,-0.01888,-0.01742,-0.04108,-0.06910,-0.00074,-0.01590,0.02319,-0.08017,0.01805,-0.27712,0.86364,1,-0.00039,0.00672
3.8139,-0.02450,-0.01983,-0.00404,0.00611,-0.01947,-0.01755,-0.04108,-0.06896,-0.00074,-0.01612,0.02303,-0.07953,0.01821,-0.27728,0.86373,1,-0.00039,0.00672
3.8159,-0.02450,-0.01983,-0.00408,0.00607,-0.01995,-0.01780,-0.04108,-0.06883,-0.00074,-0.01635,0.02286,-0.07901,0.01851,-0.27758,0.86382,1,-0.00039,0.00672
3.8179,-0.02450,-0.01983,-0.00412,0.00603,-0.02032,-0.01815,-0.04108,-0.06869,-0.00074,-0.01658,0.02269,-0.07863,0.01893,-0.27758,0.86382,1,-0.00039,0.00672
3.8199,-0.02450,-0.01983,-0.00416,0.00600,-0.02058,-0.01861,-0.04108,-0.06855,-0.00074,-0.01682,0.02252,-0.07837,0.01948,-0.27778,0.86383,1,-0.00039,0.00672
3.8219,-0.02450,-0.01983,-0.00420,0.00596,-0.02073,-0.01919,-0.04108,-0.06841,-0.00074,-0.01705,0.02234,-0.07824,0.02016,-0.27811,0.86396,1,-0.00039,0.00672
3.8239,-0.02450,-0.01983,-0.00424,0.00592,-0.02077,-0.01987,-0.04108,-0.06827,-0.00074,-0.01729,0.02215,-0.07823,0.02097,-0.27824,0.86404,1,-0.00039,0.00672
3.8259,-0.02450,-0.01983,-0.00428,0.00588,-0.02070,-0.02065,-0.04108,-0.06813,-0.00073,-0.01753,0.02196,-0.07836,0.02165,-0.27824,0.86404,1,-0.00039,0.00672
3.8279,-0.02450,-0.01983,-0.00432,0.00584,-0.02052,-0.02133,-0.04108,-0.06800,-0.00073,-0.01776,0.02176,-0.07861,0.02220,-0.27840,0.86410,1,-0.00039,0.00672
3.8300,-0.02450,-0.01983,-0.00437,0.00580,-0.02023,-0.02190,-0.04108,-0.06786,-0.00073,-0.01800,0.02156,-0.07899,0.02263,-0.27878,0.86416,1,-0.00039,0.00672
3.8320,-0.02450,-0.01983,-0.00441,0.00575,-0.01983,-0.02236,-0.04108,-0.06772,-0.00073,-0.01823,0.02135,-0.07950,0.02292,-0.27878,0.86416,1,-0.00039,0.00672
3.8340,-0.02450,-0.01983,-0.00444,0.00571,-0.01932,-0.02271,-0.04108,-0.06758,-0.00073,-0.01845,0.02113,-0.08014,0.02309,-0.27891,0.86424,1,-0.00039,0.00672
3.8360,-0.02450,-0.01983,-0.00448,0.00566,-0.01870,-0.02295,-0.04108,-0.06744,-0.00073,-0.01867,0.02092,-0.08091,0.02313,-0.27913,0.86424,1,-0.00039,0.00672
3.8380,-0.02450,-0.01983,-0.00452,0.00561,-0.01797,-0.02308,-0.04108,-0.06730,-0.00072,-0.01889,0.02070,-0.08180,0.02304,-0.27933,0.86430,1,-0.00039,0.00672
3.8400,-0.02115,-0.02029,-0.00013,0.00423,-0.00373,-0.02687,-0.02405,-0.06716,-0.00072,0.00283,0.01401,-0.08256,0.02283,-0.27962,0.86438,1,0.00473,0.00379
3.8420,-0.02115,-0.02029,-0.00014,0.00417,-0.00307,-0.02676,-0.02405,-0.06702,-0.00072,0.00275,0.01375,-0.08320,0.02248,-0.27962,0.86438,1,0.00473,0.00379
3.8440,-0.02115,-0.02029,-0.00014,0.00412,-0.00252,-0.02653,-0.02405,-0.06689,-0.00072,0.00269,0.01350,-0.08371,0.02201,-0.28005,0.86443,1,0.00473,0.00379
3.8460,-0.02115,-0.02029,-0.00015,0.00407,-0.00208,-0.02620,-0.02405,-0.06675,-0.00072,0.00262,0.01325,-0.08409,0.02141,-0.28020,0.86449,1,0.00473,0.00379
3.8480,-0.02115,-0.02029,-0.00015,0.00402,-0.00176,-0.02575,-0.02405,-0.06661,-0.00072,0.00257,0.01300,-0.08435,0.02068,-0.28038,0.86452,1,0.00473,0.00379
3.8500,-0.02115,-0.02029,-0.00015,0.00397,-0.00154,-0.02519,-0.02405,-0.06647,-0.00072,0.00251,0.01276,-0.08447,0.01983,-0.28056,0.86456,1,0.00473,0.00379
3.8520,-0.02115,-0.02029,-0.00016,0.00392,-0.00143,-0.02453,-0.02405,-0.06633,-0.00071,0.00246,0.01253,-0.08447,0.01884,-0.28070,0.86458,1,0.00473,0.00379
3.8540,-0.02115,-0.02029,-0.00016,0.00387,-0.00143,-0.02375,-0.02405,-0.06619,-0.00071,0.00240,0.01230,-0.08434,0.01773,-0.28093,0.86462,1,0.00473,0.00379
3.8560,-0.02115,-0.02029,-0.00016,0.00382,-0.00154,-0.02287,-0.02405,-0.06606,-0.00071,0.00235,0.01208,-0.08408,0.01649,-0.28106,0.86461,1,0.00473,0.00379
3.8580,-0.02115,-0.02029,-0.00017,0.00378,-0.00175,-0.02187,-0.02405,-0.06592,-0.00071,0.00229,0.01187,-0.08369,0.01512,-0.28117,0.86467,1,0.00473,0.00379
3.8600,-0.02115,-0.02029,-0.00017,0.00373,-0.00208,-0.02076,-0.02405,-0.06578,-0.00071,0.00224,0.01166,-0.08318,0.01363,-0.28117,0.86467,1,0.00473,0.00379
3.8620,-0.02115,-0.02029,-0.00018,0.00369,-0.00252,-0.01954,-0.02405,-0.06564,-0.00071,0.00218,0.01147,-0.08254,0.01203,-0.28146,0.86475,1,0.00473,0.00379
3.8640,-0.02115,-0.02029,-0.00018,0.00366,-0.00306,-0.01824,-0.02405,-0.06550,-0.00071,0.00211,0.01129,-0.08177,0.01055,-0.28162,0.86474,1,0.00473,0.00379
3.8660,-0.02115,-0.02029,-0.00019,0.00362,-0.00372,-0.01704,-0.02405,-0.06536,-0.00070,0.00204,0.01113,-0.08087,0.00921,-0.28178,0.86475,1,0.00473,0.00379
3.8681,-0.02115,-0.02029,-0.00020,0.00359,-0.00448,-0.01595,-0.02405,-0.06522,-0.00070,0.00196,0.01097,-0.07984,0.00799,-0.28196,0.86473,1,0.00473,0.00379
3.8701,-0.02115,-0.02029,-0.00021,0.00356,-0.00536,-0.01497,-0.02405,-0.06508,-0.00070,0.00187,0.01082,-0.07869,0.00691,-0.28208,0.86474,1,0.00473,0.00379
3.8721,-0.02115,-0.02029,-0.00022,0.00353,-0.00634,-0.01410,-0.02405,-0.06495,-0.00070,0.00178,0.01069,-0.07740,0.00595,-0.28220,0.86474,1,0.00473,0.00379
3.8741,-0.02115,-0.02029,-0.00023,0.00350,-0.00743,-0.01334,-0.02405,-0.06481,-0.00070,0.00168,0.01056,-0.07599,0.00511,-0.28232,0.86477,1,0.00473,0.00379
3.8761,-0.02115,-0.02029,-0.00025,0.00347,-0.00864,-0.01269,-0.02405,-0.06467,-0.00070,0.00156,0.01043,-0.07445,0.00441,-0.28250,0.86476,1,0.00473,0.00379
3.8781,-0.02115,-0.02029,-0.00027,0.00345,-0.00995,-0.01214,-0.02405,-0.06453,-0.00069,0.00143,0.01031,-0.07285,0.00383,-0.28265,0.86478,1,0.00473,0.00379
3.8801,-0.02115,-0.02029,-0.00029,0.00343,-0.01131,-0.01171,-0.02405,-0.06439,-0.00069,0.00130,0.01020,-0.07125,0.00339,-0.28275,0.86482,1,0.00473,0.00379
3.8821,-0.02115,-0.02029,-0.00031,0.00340,-0.01267,-0.01138,-0.02405,-0.06425,-0.00069,0.00114,0.01009,-0.06965,0.00307,-0.28288,0.86482,1,0.00473,0.00379
3.8841,-0.02115,-0.02029,-0.00034,0.00338,-0.01403,-0.01116,-0.02405,-0.06412,-0.00069,0.00098,0.00998,-0.06805,0.00287,-0.28297,0.86482,1,0.00473,0.00379
3.8861,-0.02115,-0.02029,-0.00037,0.00336,-0.01539,-0.01106,-0.02405,-0.06398,-0.00069,0.00080,0.00988,-0.06645,0.00281,-0.28315,0.86485,1,0.00473,0.00379
3.8881,-0.02115,-0.02029,-0.00040,0.00334,-0.01675,-0.01106,-0.02405,-0.06384,-0.00069,0.00061,0.00977,-0.06485,0.00287,-0.28324,0.86486,1,0.00473,0.00379
3.8901,-0.02115,-0.02029,-0.00043,0.00331,-0.01811,-0.01117,-0.02405,-0.06370,-0.00069,0.00041,0.00967,-0.06329,0.00307,-0.28338,0.86490,1,0.00473,0.00379
3.8921,-0.02115,-0.02029,-0.00047,0.00329,-0.01944,-0.01139,-0.02405,-0.06356,-0.00068,0.00019,0.00956,-0.06186,0.00339,-0.28353,0.86487,1,0.00473,0.00379
3.8941,-0.02115,-0.02029,-0.00051,0.00327,-0.02065,-0.01171,-0.02405,-0.06342,-0.00068,-0.00004,0.00945,-0.06056,0.00383,-0.28362,0.86487,1,0.00473,0.00379
3.8961,-0.02115,-0.02029,-0.00055,0.00324,-0.02176,-0.01215,-0.02405,-0.06329,-0.00068,-0.00027,0.00934,-0.05938,0.00441,-0.28380,0.86486,1,0.00473,0.00379
3.8981,-0.02115,-0.02029,-0.00060,0.00322,-0.02275,-0.01270,-0.02405,-0.06315,-0.00068,-0.00052,0.00922,-0.05833,0.00511,-0.28392,0.86489,1,0.00473,0.00379
3.9001,-0.02115,-0.02029,-0.00065,0.00319,-0.02364,-0.01335,-0.02405,-0.06301,-0.00068,-0.00078,0.00910,-0.05741,0.00595,-0.28398,0.86495,1,0.00473,0.00379
3.9021,-0.02115,-0.02029,-0.00069,0.00316,-0.02441,-0.01412,-0.02405,-0.06287,-0.00068,-0.00105,0.00897,-0.05662,0.00691,-0.28417,0.86494,1,0.00473,0.00379
3.9041,-0.02293,-0.01990,0.00595,0.00151,-0.00203,-0.01853,-0.00067,-0.06273,-0.00068,0.02981,0.00128,-0.05570,0.00774,-0.28425,0.86499,1,0.01257,0.00047
3.9061,-0.02293,-0.01990,0.00595,0.00148,-0.00292,-0.01926,-0.00067,-0.06259,-0.00067,0.02975,0.00110,-0.05466,0.00844,-0.28436,0.86502,1,0.01257,0.00047
3.9081,-0.02293,-0.01990,0.00594,0.00144,-0.00391,-0.01989,-0.00067,-0.06245,-0.00067,0.02968,0.00091,-0.05348,0.00902,-0.28453,0.86501,1,0.01257,0.00047
3.9101,-0.02293,-0.01990,0.00593,0.00140,-0.00502,-0.02041,-0.00067,-0.06231,-0.00067,0.02960,0.00072,-0.05218,0.00947,-0.28466,0.86502,1,0.01257,0.00047
3.9122,-0.02293,-0.01990,0.00592,0.00135,-0.00623,-0.02081,-0.00067,-0.06217,-0.00067,0.02951,0.00053,-0.05074,0.00979,-0.28481,0.86509,1,0.01257,0.00047
3.9142,-0.02293,-0.01990,0.00591,0.00131,-0.00755,-0.02111,-0.00067,-0.06204,-0.00067,0.02941,0.00033,-0.04918,0.00998,-0.28492,0.86507,1,0.01257,0.00047
3.9163,-0.02293,-0.01990,0.00589,0.00127,-0.00898,-0.02129,-0.00067,-0.06189,-0.00067,0.02929,0.00013,-0.04758,0.01004,-0.28506,0.86510,1,0.01257,0.00047
3.9183,-0.02293,-0.01990,0.00587,0.00123,-0.01045,-0.02137,-0.00067,-0.06175,-0.00067,0.02916,-0.00008,-0.04598,0.00998,-0.28512,0.86515,1,0.01257,0.00047
3.9203,-0.02293,-0.01990,0.00585,0.00119,-0.01192,-0.02133,-0.00067,-0.06161,-0.00066,0.02902,-0.00028,-0.04438,0.00979,-0.28525,0.86511,1,0.01257,0.00047
3.9223,-0.02293,-0.01990,0.00583,0.00114,-0.01338,-0.02119,-0.00067,-0.06148,-0.00066,0.02886,-0.00048,-0.04278,0.00947,-0.28538,0.86516,1,0.01257,0.00047
3.9243,-0.02293,-0.01990,0.00580,0.00110,-0.01485,-0.02093,-0.00067,-0.06134,-0.00066,0.02869,-0.00068,-0.04118,0.00902,-0.28544,0.86515,1,0.01257,0.00047
3.9263,-0.02293,-0.01990,0.00577,0.00106,-0.01631,-0.02057,-0.00067,-0.06120,-0.00066,0.02851,-0.00088,-0.03958,0.00844,-0.28552,0.86518,1,0.01257,0.00047
3.9283,-0.02293,-0.01990,0.00573,0.00102,-0.01777,-0.02009,-0.00067,-0.06106,-0.00066,0.02831,-0.00107,-0.03798,0.00774,-0.28559,0.86518,1,0.01257,0.00047
3.9303,-0.02293,-0.01990,0.00569,0.00098,-0.01924,-0.01951,-0.00067,-0.06092,-0.00066,0.02810,-0.00126,-0.03638,0.00691,-0.28577,0.86520,1,0.01257,0.00047
3.9323,-0.02293,-0.01990,0.00565,0.00094,-0.02070,-0.01881,-0.00067,-0.06078,-0.00065,0.02787,-0.00144,-0.03478,0.00595,-0.28576,0.86519,1,0.01257,0.00047
3.9343,-0.02293,-0.01990,0.00561,0.00090,-0.02216,-0.01800,-0.00067,-0.06064,-0.00065,0.02763,-0.00161,-0.03318,0.00486,-0.28590,0.86523,1,0.01257,0.00047
3.9363,-0.02293,-0.01990,0.00557,0.00087,-0.02362,-0.01709,-0.00067,-0.06050,-0.00065,0.02738,-0.00178,-0.03171,0.00364,-0.28596,0.86525,1,0.01257,0.00047
3.9383,-0.02293,-0.01990,0.00552,0.00084,-0.02497,-0.01606,-0.00067,-0.06037,-0.00065,0.02711,-0.00194,-0.03037,0.00230,-0.28601,0.86524,1,0.01257,0.00047
3.9403,-0.02293,-0.01990,0.00547,0.00080,-0.02621,-0.01493,-0.00067,-0.06023,-0.00065,0.02684,-0.00208,-0.02915,0.00083,-0.28604,0.86527,1,0.01257,0.00047
3.9423,-0.02293,-0.01990,0.00541,0.00078,-0.02734,-0.01368,-0.00067,-0.06009,-0.00065,0.02655,-0.00222,-0.02806,-0.00077,-0.28611,0.86525,1,0.01257,0.00047
3.9443,-0.02293,-0.01990,0.00536,0.00075,-0.02836,-0.01233,-0.00067,-0.05995,-0.00065,0.02625,-0.00234,-0.02710,-0.00237,-0.28621,0.86527,1,0.01257,0.00047
3.9463,-0.02293,-0.01990,0.00530,0.00073,-0.02927,-0.01097,-0.00067,-0.05981,-0.00064,0.02594,-0.00245,-0.02627,-0.00385,-0.28627,0.86529,1,0.01257,0.00047
3.9484,-0.02293,-0.01990,0.00524,0.00071,-0.03007,-0.00973,-0.00067,-0.05967,-0.00064,0.02562,-0.00255,-0.02557,-0.00519,-0.28629,0.86527,1,0.01257,0.00047
3.9504,-0.02293,-0.01990,0.00518,0.00069,-0.03076,-0.00859,-0.00067,-0.05953,-0.00064,0.02530,-0.00264,-0.02499,-0.00641,-0.28641,0.86528,1,0.01257,0.00047
3.9524,-0.02293,-0.01990,0.00512,0.00067,-0.03133,-0.00756,-0.00067,-0.05940,-0.00064,0.02497,-0.00271,-0.02454,-0.00749,-0.28640,0.86527,1,0.01257,0.00047
3.9544,-0.02293,-0.01990,0.00505,0.00066,-0.03180,-0.00664,-0.00067,-0.05926,-0.00064,0.02463,-0.00278,-0.02422,-0.00845,-0.28650,0.86527,1,0.01257,0.00047
3.9564,-0.02293,-0.01990,0.00499,0.00064,-0.03216,-0.00583,-0.00067,-0.05912,-0.00064,0.02430,-0.00284,-0.02403,-0.00929,-0.28658,0.86520,1,0.01257,0.00047
3.9584,-0.02293,-0.01990,0.00493,0.00063,-0.03240,-0.00513,-0.00067,-0.05898,-0.00064,0.02396,-0.00289,-0.02397,-0.00999,-0.28666,0.86521,1,0.01257,0.00047
3.9604,-0.02293,-0.01990,0.00486,0.00062,-0.03254,-0.00454,-0.00067,-0.05884,-0.00063,0.02361,-0.00294,-0.02403,-0.01057,-0.28668,0.86520,1,0.01257,0.00047
3.9624,-0.02293,-0.01990,0.00480,0.00062,-0.03257,-0.00406,-0.00067,-0.05870,-0.00063,0.02327,-0.00298,-0.02422,-0.01101,-0.28673,0.86519,1,0.01257,0.00047
3.9644,-0.02293,-0.01990,0.00473,0.00061,-0.03248,-0.00368,-0.00067,-0.05856,-0.00063,0.02293,-0.00302,-0.02454,-0.01133,-0.28671,0.86519,1,0.01257,0.00047
3.9664,-0.02293,-0.01990,0.00467,0.00060,-0.03229,-0.00342,-0.00067,-0.05842,-0.00063,0.02259,-0.00305,-0.02499,-0.01153,-0.28683,0.86507,1,0.01257,0.00047
3.9684,-0.02293,-0.01990,0.00460,0.00059,-0.03198,-0.00327,-0.00067,-0.05829,-0.00063,0.02225,-0.00308,-0.02557,-0.01159,-0.28692,0.86507,1,0.01257,0.00047
3.9704,-0.02293,-0.01990,0.00454,0.00059,-0.03156,-0.00322,-0.00067,-0.05815,-0.00063,0.02191,-0.00311,-0.02627,-0.01153,-0.28699,0.86503,1,0.01257,0.00047
3.9724,-0.02051,-0.02064,0.01023,-0.00071,-0.01341,-0.00698,-0.00596,-0.05801,-0.00062,0.04949,-0.00949,-0.02685,-0.01133,-0.28705,0.86496,1,0.01671,-0.00147
3.9744,-0.02051,-0.02064,0.01020,-0.00073,-0.01309,-0.00714,-0.00596,-0.05787,-0.00062,0.04933,-0.00956,-0.02730,-0.01101,-0.28712,0.86496,1,0.01671,-0.00147
3.9764,-0.02051,-0.02064,0.01017,-0.00074,-0.01288,-0.00740,-0.00596,-0.05773,-0.00062,0.04917,-0.00963,-0.02762,-0.01057,-0.28712,0.86498,1,0.01671,-0.00147
3.9784,-0.02051,-0.02064,0.01015,-0.00076,-0.01278,-0.00777,-0.00596,-0.05759,-0.00062,0.04902,-0.00970,-0.02781,-0.01025,-0.28721,0.86493,1,0.01671,-0.00147
3.9804,-0.02051,-0.02064,0.01012,-0.00077,-0.01278,-0.00803,-0.00596,-0.05745,-0.00062,0.04886,-0.00977,-0.02787,-0.01005,-0.28727,0.86494,1,0.01671,-0.00147
3.9824,-0.02051,-0.02064,0.01010,-0.00079,-0.01290,-0.00818,-0.00596,-0.05732,-0.00062,0.04870,-0.00985,-0.02781,-0.00999,-0.28732,0.86489,1,0.01671,-0.00147
3.9844,-0.02051,-0.02064,0.01007,-0.00081,-0.01312,-0.00822,-0.00596,-0.05718,-0.00062,0.04855,-0.00993,-0.02762,-0.01005,-0.28732,0.86489,1,0.01671,-0.00147
3.9864,-0.02051,-0.02064,0.01004,-0.00082,-0.01345,-0.00815,-0.00596,-0.05704,-0.00061,0.04839,-0.01000,-0.02730,-0.01025,-0.28734,0.86485,1,0.01671,-0.00147
3.9884,-0.02051,-0.02064,0.01002,-0.00084,-0.01389,-0.00797,-0.00596,-0.05690,-0.00061,0.04822,-0.01008,-0.02685,-0.01057,-0.28739,0.86480,1,0.01671,-0.00147
3.9905,-0.02051,-0.02064,0.00999,-0.00085,-0.01444,-0.00768,-0.00596,-0.05676,-0.00061,0.04806,-0.01016,-0.02627,-0.01077,-0.28743,0.86482,1,0.01671,-0.00147
3.9925,-0.02051,-0.02064,0.00996,-0.00087,-0.01510,-0.00750,-0.00596,-0.05662,-0.00061,0.04788,-0.01023,-0.02557,-0.01084,-0.28748,0.86477,1,0.01671,-0.00147
3.9945,-0.02051,-0.02064,0.00993,-0.00088,-0.01587,-0.00742,-0.00596,-0.05649,-0.00061,0.04770,-0.01030,-0.02474,-0.01091,-0.28756,0.86479,1,0.01671,-0.00147
3.9965,-0.02051,-0.02064,0.00989,-0.00090,-0.01675,-0.00735,-0.00596,-0.05635,-0.00061,0.04751,-0.01037,-0.02378,-0.01098,-0.28762,0.86470,1,0.01671,-0.00147
3.9985,-0.02051,-0.02064,0.00986,-0.00091,-0.01773,-0.00727,-0.00596,-0.05621,-0.00061,0.04732,-0.01044,-0.02269,-0.01104,-0.28762,0.86473,1,0.01671,-0.00147
4.0005,-0.02051,-0.02064,0.00982,-0.00093,-0.01883,-0.00720,-0.00596,-0.05607,-0.00060,0.04711,-0.01051,-0.02147,-0.01111,-0.28768,0.86467,1,0.01671,-0.00147
4.0025,-0.02051,-0.02064,0.00978,-0.00094,-0.02003,-0.00713,-0.00596,-0.05593,-0.00060,0.04689,-0.01058,-0.02013,-0.01118,-0.28778,0.86464,1,0.01671,-0.00147
4.0045,-0.02051,-0.02064,0.00974,-0.00096,-0.02134,-0.00705,-0.00596,-0.05579,-0.00060,0.04666,-0.01064,-0.01866,-0.01124,-0.28774,0.86465,1,0.01671,-0.00147
4.0065,-0.02051,-0.02064,0.00970,-0.00097,-0.02276,-0.00698,-0.00596,-0.05565,-0.00060,0.04642,-0.01071,-0.01706,-0.01131,-0.28782,0.86456,1,0.01671,-0.00147
4.0085,-0.02051,-0.02064,0.00965,-0.00098,-0.02429,-0.00691,-0.00596,-0.05551,-0.00060,0.04616,-0.01078,-0.01546,-0.01137,-0.28784,0.86460,1,0.01671,-0.00147
4.0105,-0.02051,-0.02064,0.00960,-0.00100,-0.02582,-0.00684,-0.00596,-0.05538,-0.00060,0.04589,-0.01084,-0.01386,-0.01144,-0.28782,0.86460,1,0.01671,-0.00147
4.0125,-0.02051,-0.02064,0.00955,-0.00101,-0.02735,-0.00677,-0.00596,-0.05524,-0.00059,0.04561,-0.01091,-0.01226,-0.01150,-0.28783,0.86459,1,0.01671,-0.00147
4.0145,-0.02051,-0.02064,0.00949,-0.00103,-0.02887,-0.00669,-0.00596,-0.05510,-0.00059,0.04531,-0.01097,-0.01066,-0.01156,-0.28788,0.86456,1,0.01671,-0.00147
4.0165,-0.02051,-0.02064,0.00943,-0.00104,-0.03040,-0.00662,-0.00596,-0.05496,-0.00059,0.04500,-0.01103,-0.00918,-0.01162,-0.28791,0.86449,1,0.01671,-0.00147
4.0185,-0.02051,-0.02064,0.00937,-0.00105,-0.03181,-0.00655,-0.00596,-0.05482,-0.00059,0.04467,-0.01110,-0.00784,-0.01169,-0.28792,0.86447,1,0.01671,-0.00147
4.0206,-0.02051,-0.02064,0.00931,-0.00106,-0.03312,-0.00648,-0.00596,-0.05468,-0.00059,0.04433,-0.01116,-0.00662,-0.01175,-0.28795,0.86450,1,0.01671,-0.00147
4.0226,-0.02051,-0.02064,0.00924,-0.00108,-0.03431,-0.00641,-0.00596,-0.05454,-0.00059,0.04398,-0.01122,-0.00554,-0.01181,-0.28799,0.86443,1,0.01671,-0.00147
4.0246,-0.02051,-0.02064,0.00917,-0.00109,-0.03540,-0.00634,-0.00596,-0.05440,-0.00059,0.04362,-0.01128,-0.00458,-0.01187,-0.28801,0.86442,1,0.01671,-0.00147
4.0266,-0.02051,-0.02064,0.00910,-0.00110,-0.03637,-0.00627,-0.00596,-0.05426,-0.00058,0.04324,-0.01134,-0.00374,-0.01192,-0.28794,0.86447,1,0.01671,-0.00147
4.0286,-0.02051,-0.02064,0.00902,-0.00112,-0.03723,-0.00621,-0.00596,-0.05413,-0.00058,0.04286,-0.01140,-0.00304,-0.01198,-0.28801,0.86442,1,0.01671,-0.00147
4.0306,-0.02051,-0.02064,0.00895,-0.00113,-0.03798,-0.00614,-0.00596,-0.05399,-0.00058,0.04248,-0.01146,-0.00246,-0.01204,-0.28803,0.86441,1,0.01671,-0.00147
4.0326,-0.02051,-0.02064,0.00887,-0.00114,-0.03862,-0.00607,-0.00596,-0.05385,-0.00058,0.04208,-0.01152,-0.00202,-0.01210,-0.28803,0.86439,1,0.01671,-0.00147
4.0346,-0.02051,-0.02064,0.00879,-0.00115,-0.03915,-0.00600,-0.00596,-0.05371,-0.00058,0.04168,-0.01157,-0.00170,-0.01215,-0.28807,0.86436,1,0.01671,-0.00147
4.0366,-0.02051,-0.02064,0.00872,-0.00116,-0.03957,-0.00593,-0.00596,-0.05357,-0.00058,0.04128,-0.01163,-0.00150,-0.01221,-0.28813,0.86433,1,0.01671,-0.00147
4.0386,-0.02051,-0.02064,0.00864,-0.00118,-0.03988,-0.00587,-0.00596,-0.05343,-0.00058,0.04087,-0.01169,-0.00144,-0.01226,-0.28811,0.86429,1,0.01671,-0.00147
4.0406,-0.02466,-0.02156,0.01392,-0.00106,-0.02275,-0.00536,-0.02146,-0.05329,-0.00057,0.06457,-0.01141,-0.00125,-0.01219,-0.28814,0.86432,1,0.01999,-0.00067
4.0426,-0.02466,-0.02156,0.01387,-0.00107,-0.02315,-0.00540,-0.02146,-0.05316,-0.00057,0.06432,-0.01146,-0.00093,-0.01203,-0.28817,0.86428,1,0.01999,-0.00067
4.0446,-0.02466,-0.02156,0.01383,-0.00108,-0.02365,-0.00551,-0.02146,-0.05302,-0.00057,0.06407,-0.01151,-0.00048,-0.01201,-0.28816,0.86425,1,0.01999,-0.00067
4.0466,-0.02466,-0.02156,0.01378,-0.00109,-0.02427,-0.00552,-0.02146,-0.05288,-0.00057,0.06381,-0.01157,0.00010,-0.01211,-0.28812,0.86426,1,0.01999,-0.00067
4.0487,-0.02466,-0.02156,0.01373,-0.00110,-0.02499,-0.00541,-0.02146,-0.05274,-0.00057,0.06354,-0.01162,0.00080,-0.01219,-0.28817,0.86422,1,0.01999,-0.00067
4.0507,-0.02466,-0.02156,0.01368,-0.00111,-0.02582,-0.00533,-0.02146,-0.05260,-0.00057,0.06327,-0.01167,0.00163,-0.01224,-0.28822,0.86421,1,0.01999,-0.00067
4.0527,-0.02466,-0.02156,0.01363,-0.00112,-0.02676,-0.00527,-0.02146,-0.05246,-0.00056,0.06299,-0.01172,0.00259,-0.01228,-0.28817,0.86419,1,0.01999,-0.00067
4.0547,-0.02466,-0.02156,0.01357,-0.00114,-0.02781,-0.00521,-0.02146,-0.05232,-0.00056,0.06270,-0.01177,0.00368,-0.01233,-0.28816,0.86413,1,0.01999,-0.00067
4.0567,-0.02466,-0.02156,0.01351,-0.00115,-0.02896,-0.00515,-0.02146,-0.05218,-0.00056,0.06240,-0.01182,0.00490,-0.01238,-0.28817,0.86410,1,0.01999,-0.00067
4.0587,-0.02466,-0.02156,0.01346,-0.00116,-0.03023,-0.00509,-0.02146,-0.05205,-0.00056,0.06209,-0.01187,0.00624,-0.01243,-0.28812,0.86412,1,0.01999,-0.00067
4.0607,-0.02466,-0.02156,0.01339,-0.00117,-0.03160,-0.00503,-0.02146,-0.05191,-0.00056,0.06177,-0.01192,0.00771,-0.01247,-0.28813,0.86407,1,0.01999,-0.00067
4.0627,-0.02466,-0.02156,0.01333,-0.00118,-0.03308,-0.00497,-0.02146,-0.05177,-0.00056,0.06143,-0.01196,0.00931,-0.01252,-0.28809,0.86405,1,0.01999,-0.00067
4.0647,-0.02466,-0.02156,0.01326,-0.00119,-0.03467,-0.00491,-0.02146,-0.05163,-0.00056,0.06108,-0.01201,0.01078,-0.01257,-0.28805,0.86402,1,0.01999,-0.00067
4.0668,-0.02466,-0.02156,0.01319,-0.00120,-0.03615,-0.00485,-0.02146,-0.05149,-0.00055,0.06071,-0.01206,0.01213,-0.01261,-0.28797,0.86405,1,0.01999,-0.00067
4.0688,-0.02466,-0.02156,0.01312,-0.00120,-0.03752,-0.00479,-0.02146,-0.05135,-0.00055,0.06033,-0.01210,0.01334,-0.01266,-0.28799,0.86399,1,0.01999,-0.00067
4.0708,-0.02466,-0.02156,0.01304,-0.00121,-0.03878,-0.00473,-0.02146,-0.05121,-0.00055,0.05994,-0.01215,0.01443,-0.01270,-0.28790,0.86403,1,0.01999,-0.00067
4.0728,-0.02466,-0.02156,0.01296,-0.00122,-0.03992,-0.00467,-0.02146,-0.05107,-0.00055,0.05954,-0.01219,0.01539,-0.01274,-0.28784,0.86398,1,0.01999,-0.00067
4.0748,-0.02466,-0.02156,0.01288,-0.00123,-0.04096,-0.00462,-0.02146,-0.05093,-0.00055,0.05913,-0.01224,0.01622,-0.01279,-0.28779,0.86396,1,0.01999,-0.00067
4.0768,-0.02466,-0.02156,0.01280,-0.00124,-0.04189,-0.00456,-0.02146,-0.05080,-0.00055,0.05870,-0.01228,0.01693,-0.01283,-0.28778,0.86391,1,0.01999,-0.00067
4.0788,-0.02466,-0.02156,0.01271,-0.00125,-0.04270,-0.00450,-0.02146,-0.05066,-0.00055,0.05827,-0.01232,0.01750,-0.01287,-0.28775,0.86390,1,0.01999,-0.00067
4.0808,-0.02466,-0.02156,0.01263,-0.00126,-0.04340,-0.00444,-0.02146,-0.05052,-0.00054,0.05784,-0.01237,0.01795,-0.01291,-0.28770,0.86391,1,0.01999,-0.00067
4.0828,-0.02466,-0.02156,0.01254,-0.00127,-0.04400,-0.00439,-0.02146,-0.05038,-0.00054,0.05739,-0.01241,0.01827,-0.01295,-0.28770,0.86387,1,0.01999,-0.00067
4.0848,-0.02466,-0.02156,0.01245,-0.00128,-0.04448,-0.00433,-0.02146,-0.05024,-0.00054,0.05694,-0.01245,0.01846,-0.01299,-0.28765,0.86382,1,0.01999,-0.00067
4.0868,-0.02466,-0.02156,0.01236,-0.00129,-0.04485,-0.00428,-0.02146,-0.05010,-0.00054,0.05649,-0.01249,0.01853,-0.01303,-0.28763,0.86382,1,0.01999,-0.00067
4.0888,-0.02466,-0.02156,0.01227,-0.00130,-0.04511,-0.00422,-0.02146,-0.04996,-0.00054,0.05604,-0.01253,0.01846,-0.01307,-0.28762,0.86374,1,0.01999,-0.00067
4.0908,-0.02466,-0.02156,0.01218,-0.00130,-0.04526,-0.00416,-0.02146,-0.04982,-0.00054,0.05558,-0.01257,0.01827,-0.01311,-0.28758,0.86379,1,0.01999,-0.00067
4.0928,-0.02466,-0.02156,0.01209,-0.00131,-0.04530,-0.00411,-0.02146,-0.04969,-0.00054,0.05512,-0.01261,0.01795,-0.01315,-0.28757,0.86374,1,0.01999,-0.00067
4.0948,-0.02466,-0.02156,0.01200,-0.00132,-0.04522,-0.00406,-0.02146,-0.04955,-0.00053,0.05466,-0.01265,0.01750,-0.01318,-0.28756,0.86372,1,0.01999,-0.00067
4.0968,-0.02466,-0.02156,0.01191,-0.00133,-0.04504,-0.00400,-0.02146,-0.04941,-0.00053,0.05421,-0.01269,0.01693,-0.01322,-0.28755,0.86367,1,0.01999,-0.00067
4.0989,-0.02466,-0.02156,0.01182,-0.00134,-0.04475,-0.00395,-0.02146,-0.04927,-0.00053,0.05375,-0.01273,0.01622,-0.01326,-0.28754,0.86366,1,0.01999,-0.00067
4.1009,-0.02466,-0.02156,0.01173,-0.00134,-0.04434,-0.00389,-0.02146,-0.04913,-0.00053,0.05330,-0.01276,0.01539,-0.01329,-0.28750,0.86362,1,0.01999,-0.00067
4.1029,-0.02466,-0.02156,0.01164,-0.00135,-0.04382,-0.00384,-0.02146,-0.04899,-0.00053,0.05286,-0.01280,0.01443,-0.01333,-0.28752,0.86363,1,0.01999,-0.00067
4.1049,-0.02466,-0.02156,0.01156,-0.00136,-0.04320,-0.00379,-0.02146,-0.04885,-0.00053,0.05241,-0.01284,0.01334,-0.01336,-0.28753,0.86359,1,0.01999,-0.00067
4.1069,-0.02466,-0.02156,0.01147,-0.00137,-0.04246,-0.00373,-0.02146,-0.04871,-0.00052,0.05198,-0.01287,0.01213,-0.01340,-0.28745,0.86353,1,0.01999,-0.00067
4.1089,-0.02120,-0.02306,0.01534,-0.00033,-0.03022,-0.00014,-0.01662,-0.04858,-0.00052,0.07128,-0.00843,0.01104,-0.01330,-0.28750,0.86350,1,0.02064,0.00075
4.1109,-0.02120,-0.02306,0.01528,-0.00033,-0.02954,-0.00021,-0.01662,-0.04844,-0.00052,0.07097,-0.00844,0.01008,-0.01308,-0.28749,0.86351,1,0.02064,0.00075
4.1129,-0.02120,-0.02306,0.01522,-0.00033,-0.02898,-0.00039,-0.01662,-0.04830,-0.00052,0.07067,-0.00844,0.00925,-0.01273,-0.28746,0.86349,1,0.02064,0.00075
4.1149,-0.02120,-0.02306,0.01517,-0.00033,-0.02852,-0.00069,-0.01662,-0.04816,-0.00052,0.07037,-0.00844,0.00854,-0.01225,-0.28752,0.86342,1,0.02064,0.00075
4.1169,-0.02120,-0.02306,0.01511,-0.00034,-0.02817,-0.00109,-0.01662,-0.04802,-0.00052,0.07007,-0.00845,0.00797,-0.01165,-0.28746,0.86336,1,0.02064,0.00075
4.1189,-0.02120,-0.02306,0.01505,-0.00034,-0.02793,-0.00160,-0.01662,-0.04788,-0.00052,0.06978,-0.00847,0.00752,-0.01092,-0.28746,0.86333,1,0.02064,0.00075
4.1209,-0.02120,-0.02306,0.01500,-0.00034,-0.02780,-0.00222,-0.01662,-0.04775,-0.00051,0.06948,-0.00849,0.00720,-0.01005,-0.28745,0.86332,1,0.02064,0.00075
4.1229,-0.02120,-0.02306,0.01494,-0.00035,-0.02778,-0.00295,-0.01662,-0.04761,-0.00051,0.06919,-0.00851,0.00701,-0.00906,-0.28744,0.86329,1,0.02064,0.00075
4.1249,-0.02120,-0.02306,0.01489,-0.00035,-0.02786,-0.00379,-0.01662,-0.04747,-0.00051,0.06890,-0.00854,0.00694,-0.00820,-0.28739,0.86332,1,0.02064,0.00075
4.1269,-0.02120,-0.02306,0.01483,-0.00036,-0.02805,-0.00452,-0.01662,-0.04733,-0.00051,0.06861,-0.00858,0.00701,-0.00747,-0.28735,0.86329,1,0.02064,0.00075
4.1289,-0.02120,-0.02306,0.01477,-0.00037,-0.02836,-0.00514,-0.01662,-0.04719,-0.00051,0.06831,-0.00863,0.00720,-0.00686,-0.28738,0.86324,1,0.02064,0.00075
4.1309,-0.02120,-0.02306,0.01472,-0.00038,-0.02877,-0.00566,-0.01662,-0.04705,-0.00051,0.06801,-0.00868,0.00752,-0.00639,-0.28734,0.86328,1,0.02064,0.00075
4.1329,-0.02120,-0.02306,0.01466,-0.00040,-0.02929,-0.00606,-0.01662,-0.04692,-0.00051,0.06771,-0.00873,0.00797,-0.00604,-0.28735,0.86321,1,0.02064,0.00075
4.1349,-0.02120,-0.02306,0.01460,-0.00041,-0.02991,-0.00635,-0.01662,-0.04678,-0.00050,0.06740,-0.00879,0.00854,-0.00581,-0.28730,0.86322,1,0.02064,0.00075
4.1369,-0.02120,-0.02306,0.01454,-0.00042,-0.03065,-0.00653,-0.01662,-0.04664,-0.00050,0.06709,-0.00885,0.00925,-0.00572,-0.28727,0.86319,1,0.02064,0.00075
4.1389,-0.02120,-0.02306,0.01448,-0.00043,-0.03149,-0.00660,-0.01662,-0.04650,-0.00050,0.06677,-0.00892,0.01008,-0.00576,-0.28724,0.86319,1,0.02064,0.00075
4.1409,-0.02120,-0.02306,0.01441,-0.00045,-0.03245,-0.00657,-0.01662,-0.04636,-0.00050,0.06644,-0.00898,0.01104,-0.00592,-0.28723,0.86313,1,0.02064,0.00075
4.1429,-0.02120,-0.02306,0.01435,-0.00046,-0.03351,-0.00642,-0.01662,-0.04622,-0.00050,0.06610,-0.00904,0.01213,-0.00621,-0.28716,0.86316,1,0.02064,0.00075
4.1449,-0.02120,-0.02306,0.01428,-0.00047,-0.03468,-0.00616,-0.01662,-0.04609,-0.00050,0.06575,-0.00910,0.01334,-0.00663,-0.28712,0.86308,1,0.02064,0.00075
4.1469,-0.02120,-0.02306,0.01421,-0.00048,-0.03595,-0.00580,-0.01662,-0.04595,-0.00049,0.06539,-0.00916,0.01469,-0.00717,-0.28712,0.86308,1,0.02064,0.00075
4.1489,-0.02120,-0.02306,0.01413,-0.00050,-0.03734,-0.00532,-0.01662,-0.04581,-0.00049,0.06501,-0.00921,0.01616,-0.00785,-0.28708,0.86305,1,0.02064,0.00075
4.1509,-0.02120,-0.02306,0.01406,-0.00051,-0.03883,-0.00474,-0.01662,-0.04567,-0.00049,0.06462,-0.00926,0.01776,-0.00865,-0.28699,0.86300,1,0.02064,0.00075
4.1529,-0.02120,-0.02306,0.01398,-0.00051,-0.04043,-0.00404,-0.01662,-0.04553,-0.00049,0.06422,-0.00930,0.01923,-0.00958,-0.28699,0.86302,1,0.02064,0.00075
4.1549,-0.02120,-0.02306,0.01390,-0.00052,-0.04192,-0.00324,-0.01662,-0.04539,-0.00049,0.06381,-0.00934,0.02058,-0.01038,-0.28694,0.86304,1,0.02064,0.00075
4.1569,-0.02120,-0.02306,0.01381,-0.00053,-0.04330,-0.00255,-0.01662,-0.04526,-0.00049,0.06338,-0.00936,0.02179,-0.01106,-0.28689,0.86296,1,0.02064,0.00075
4.1589,-0.02120,-0.02306,0.01372,-0.00053,-0.04457,-0.00196,-0.01662,-0.04512,-0.00049,0.06293,-0.00938,0.02288,-0.01160,-0.28678,0.86297,1,0.02064,0.00075
4.1609,-0.02120,-0.02306,0.01363,-0.00054,-0.04573,-0.00148,-0.01662,-0.04498,-0.00048,0.06248,-0.00940,0.02384,-0.01202,-0.28682,0.86296,1,0.02064,0.00075
4.1629,-0.02120,-0.02306,0.01354,-0.00054,-0.04678,-0.00112,-0.01662,-0.04484,-0.00048,0.06202,-0.00941,0.02467,-0.01231,-0.28672,0.86291,1,0.02064,0.00075
4.1649,-0.02120,-0.02306,0.01345,-0.00054,-0.04771,-0.00086,-0.01662,-0.04470,-0.00048,0.06154,-0.00942,0.02538,-0.01247,-0.28669,0.86290,1,0.02064,0.00075
4.1669,-0.02120,-0.02306,0.01335,-0.00054,-0.04854,-0.00071,-0.01662,-0.04456,-0.00048,0.06106,-0.00943,0.02595,-0.01251,-0.28662,0.86291,1,0.02064,0.00075
4.1689,-0.02120,-0.02306,0.01325,-0.00054,-0.04925,-0.00067,-0.01662,-0.04443,-0.00048,0.06057,-0.00944,0.02640,-0.01242,-0.28661,0.86280,1,0.02064,0.00075
4.1709,-0.02120,-0.02306,0.01315,-0.00054,-0.04986,-0.00074,-0.01662,-0.04429,-0.00048,0.06008,-0.00945,0.02672,-0.01219,-0.28654,0.86282,1,0.02064,0.00075
4.1729,-0.01676,-0.02204,0.01524,0.00124,-0.04296,0.00502,-0.01633,-0.04415,-0.00048,0.07127,-0.00072,0.02712,-0.01184,-0.28647,0.86284,1,0.01884,0.00309
4.1749,-0.01676,-0.02204,0.01516,0.00125,-0.04356,0.00470,-0.01633,-0.04401,-0.00047,0.07083,-0.00068,0.02739,-0.01137,-0.28645,0.86280,1,0.01884,0.00309
4.1769,-0.01676,-0.02204,0.01507,0.00125,-0.04404,0.00427,-0.01633,-0.04387,-0.00047,0.07039,-0.00064,0.02754,-0.01076,-0.28639,0.86281,1,0.01884,0.00309
4.1790,-0.01676,-0.02204,0.01498,0.00126,-0.04441,0.00373,-0.01633,-0.04373,-0.00047,0.06995,-0.00060,0.02755,-0.01003,-0.28635,0.86280,1,0.01884,0.00309
4.1810,-0.01676,-0.02204,0.01489,0.00127,-0.04468,0.00308,-0.01633,-0.04359,-0.00047,0.06950,-0.00057,0.02744,-0.00917,-0.28632,0.86280,1,0.01884,0.00309
4.1830,-0.01676,-0.02204,0.01480,0.00127,-0.04483,0.00233,-0.01633,-0.04345,-0.00047,0.06905,-0.00054,0.02720,-0.00818,-0.28630,0.86278,1,0.01884,0.00309
4.1850,-0.01676,-0.02204,0.01471,0.00128,-0.04487,0.00146,-0.01633,-0.04332,-0.00047,0.06860,-0.00052,0.02683,-0.00706,-0.28626,0.86280,1,0.01884,0.00309
4.1870,-0.01676,-0.02204,0.01462,0.00128,-0.04480,0.00048,-0.01633,-0.04318,-0.00046,0.06815,-0.00051,0.02634,-0.00581,-0.28621,0.86278,1,0.01884,0.00309
4.1890,-0.01676,-0.02204,0.01453,0.00128,-0.04462,-0.00060,-0.01633,-0.04304,-0.00046,0.06770,-0.00051,0.02571,-0.00444,-0.28618,0.86279,1,0.01884,0.00309
4.1910,-0.01676,-0.02204,0.01445,0.00128,-0.04433,-0.00180,-0.01633,-0.04290,-0.00046,0.06726,-0.00053,0.02496,-0.00294,-0.28614,0.86275,1,0.01884,0.00309
4.1930,-0.01676,-0.02204,0.01436,0.00127,-0.04393,-0.00310,-0.01633,-0.04276,-0.00046,0.06681,-0.00055,0.02408,-0.00134,-0.28610,0.86278,1,0.01884,0.00309
4.1950,-0.01676,-0.02204,0.01427,0.00127,-0.04342,-0.00449,-0.01633,-0.04262,-0.00046,0.06637,-0.00059,0.02333,0.00013,-0.28608,0.86279,1,0.01884,0.00309
4.1970,-0.01676,-0.02204,0.01418,0.00126,-0.04301,-0.00577,-0.01633,-0.04249,-0.00046,0.06594,-0.00063,0.02271,0.00148,-0.28603,0.86282,1,0.01884,0.00309
4.1990,-0.01676,-0.02204,0.01410,0.00124,-0.04271,-0.00694,-0.01633,-0.04235,-0.00046,0.06551,-0.00070,0.02221,0.00269,-0.28599,0.86280,1,0.01884,0.00309
4.2010,-0.01676,-0.02204,0.01401,0.00123,-0.04252,-0.00800,-0.01633,-0.04221,-0.00045,0.06508,-0.00077,0.02184,0.00378,-0.28599,0.86277,1,0.01884,0.00309
4.2030,-0.01676,-0.02204,0.01393,0.00121,-0.04244,-0.00895,-0.01633,-0.04207,-0.00045,0.06465,-0.00085,0.02160,0.00474,-0.28590,0.86285,1,0.01884,0.00309
4.2050,-0.01676,-0.02204,0.01384,0.00119,-0.04247,-0.00979,-0.01633,-0.04193,-0.00045,0.06423,-0.00094,0.02149,0.00557,-0.28587,0.86285,1,0.01884,0.00309
4.2070,-0.01676,-0.02204,0.01376,0.00117,-0.04260,-0.01052,-0.01633,-0.04179,-0.00045,0.06380,-0.00103,0.02151,0.00628,-0.28582,0.86283,1,0.01884,0.00309
4.2090,-0.01676,-0.02204,0.01367,0.00115,-0.04285,-0.01114,-0.01633,-0.04166,-0.00045,0.06337,-0.00113,0.02165,0.00685,-0.28575,0.86287,1,0.01884,0.00309
4.2110,-0.01676,-0.02204,0.01359,0.00113,-0.04320,-0.01165,-0.01633,-0.04152,-0.00045,0.06294,-0.00124,0.02167,0.00730,-0.28571,0.86291,1,0.01884,0.00309
4.2130,-0.01676,-0.02204,0.01350,0.00110,-0.04344,-0.01206,-0.01633,-0.04138,-0.00045,0.06250,-0.00135,0.02156,0.00762,-0.28568,0.86289,1,0.01884,0.00309
4.2150,-0.01676,-0.02204,0.01341,0.00108,-0.04357,-0.01235,-0.01633,-0.04124,-0.00044,0.06207,-0.00147,0.02132,0.00781,-0.28561,0.86295,1,0.01884,0.00309
4.2170,-0.01676,-0.02204,0.01332,0.00105,-0.04358,-0.01253,-0.01633,-0.04110,-0.00044,0.06163,-0.00159,0.02095,0.00788,-0.28561,0.86294,1,0.01884,0.00309
4.2190,-0.01676,-0.02204,0.01324,0.00103,-0.04349,-0.01260,-0.01633,-0.04096,-0.00044,0.06120,-0.00171,0.02045,0.00781,-0.28550,0.86296,1,0.01884,0.00309
4.2210,-0.01676,-0.02204,0.01315,0.00100,-0.04329,-0.01256,-0.01633,-0.04083,-0.00044,0.06076,-0.00183,0.01993,0.00762,-0.28552,0.86295,1,0.01884,0.00309
4.2230,-0.01676,-0.02204,0.01306,0.00098,-0.04306,-0.01242,-0.01633,-0.04069,-0.00044,0.06033,-0.00194,0.01954,0.00730,-0.28550,0.86298,1,0.01884,0.00309
4.2250,-0.01676,-0.02204,0.01298,0.00095,-0.04294,-0.01216,-0.01633,-0.04055,-0.00044,0.05990,-0.00206,0.01928,0.00685,-0.28545,0.86298,1,0.01884,0.00309
4.2270,-0.01676,-0.02204,0.01289,0.00093,-0.04294,-0.01179,-0.01633,-0.04041,-0.00044,0.05947,-0.00217,0.01906,0.00628,-0.28546,0.86300,1,0.01884,0.00309
4.2290,-0.01676,-0.02204,0.01281,0.00091,-0.04296,-0.01131,-0.01633,-0.04027,-0.00043,0.05904,-0.00228,0.01877,0.00557,-0.28541,0.86305,1,0.01884,0.00309
4.2310,-0.01676,-0.02204,0.01272,0.00089,-0.04292,-0.01073,-0.01633,-0.04013,-0.00043,0.05861,-0.00239,0.01847,0.00474,-0.28536,0.86304,1,0.01884,0.00309
4.2330,-0.01676,-0.02204,0.01264,0.00086,-0.04289,-0.01003,-0.01633,-0.03999,-0.00043,0.05818,-0.00249,0.01818,0.00378,-0.28535,0.86304,1,0.01884,0.00309
4.2350,-0.01676,-0.02204,0.01255,0.00085,-0.04285,-0.00922,-0.01633,-0.03986,-0.00043,0.05775,-0.00258,0.01789,0.00269,-0.28529,0.86301,1,0.01884,0.00309
4.2370,-0.01676,-0.02204,0.01246,0.00083,-0.04281,-0.00831,-0.01633,-0.03972,-0.00043,0.05732,-0.00266,0.01760,0.00148,-0.28525,0.86302,1,0.01884,0.00309
4.2391,-0.01469,-0.02507,0.01387,0.00301,-0.03742,-0.00178,-0.00458,-0.03958,-0.00043,0.06455,0.00675,0.01744,0.00039,-0.28518,0.86305,0,0.01694,0.00556
4.2411,-0.01469,-0.02507,0.01379,0.00301,-0.03752,-0.00090,-0.00458,-0.03944,-0.00042,0.06417,0.00674,0.01740,-0.00057,-0.28519,0.86303,0,0.01694,0.00556
4.2431,-0.01469,-0.02507,0.01372,0.00301,-0.03772,-0.00013,-0.00458,-0.03930,-0.00042,0.06379,0.00674,0.01750,-0.00140,-0.28515,0.86302,0,0.01694,0.00556
4.2451,-0.01469,-0.02507,0.01364,0.00301,-0.03802,0.00053,-0.00458,-0.03916,-0.00042,0.06341,0.00674,0.01772,-0.00211,-0.28510,0.86300,0,0.01694,0.00556
4.2471,-0.01469,-0.02507,0.01357,0.00301,-0.03844,0.00108,-0.00458,-0.03902,-0.00042,0.06303,0.00674,0.01807,-0.00268,-0.28502,0.86299,0,0.01694,0.00556
4.2491,-0.01469,-0.02507,0.01349,0.00301,-0.03896,0.00153,-0.00458,-0.03888,-0.00042,0.06264,0.00676,0.01855,-0.00313,-0.28509,0.86294,0,0.01694,0.00556
4.2511,-0.01469,-0.02507,0.01341,0.00302,-0.03960,0.00186,-0.00458,-0.03874,-0.00042,0.06224,0.00677,0.01915,-0.00345,-0.28497,0.86294,0,0.01694,0.00556
4.2531,-0.01469,-0.02507,0.01333,0.00302,-0.04034,0.00208,-0.00458,-0.03861,-0.00042,0.06184,0.00679,0.01988,-0.00364,-0.28499,0.86293,0,0.01694,0.00556
4.2551,-0.01469,-0.02507,0.01325,0.00302,-0.04119,0.00219,-0.00458,-0.03847,-0.00041,0.06143,0.00681,0.02075,-0.00371,-0.28489,0.86291,0,0.01694,0.00556
4.2572,-0.01469,-0.02507,0.01316,0.00303,-0.04214,0.00220,-0.00458,-0.03833,-0.00041,0.06102,0.00683,0.02174,-0.00364,-0.28486,0.86288,0,0.01694,0.00556
4.2592,-0.01469,-0.02507,0.01308,0.00303,-0.04321,0.00209,-0.00458,-0.03819,-0.00041,0.06059,0.00685,0.02260,-0.00345,-0.28479,0.86290,0,0.01694,0.00556
4.2612,-0.01469,-0.02507,0.01299,0.00304,-0.04416,0.00188,-0.00458,-0.03805,-0.00041,0.06015,0.00687,0.02333,-0.00313,-0.28471,0.86287,0,0.01694,0.00556
4.2632,-0.01469,-0.02507,0.01290,0.00304,-0.04500,0.00155,-0.00458,-0.03791,-0.00041,0.05971,0.00689,0.02394,-0.00268,-0.28465,0.86289,0,0.01694,0.00556
4.2652,-0.01469,-0.02507,0.01281,0.00304,-0.04574,0.00112,-0.00458,-0.03777,-0.00041,0.05926,0.00690,0.02441,-0.00211,-0.28458,0.86285,0,0.01694,0.00556
4.2672,-0.01469,-0.02507,0.01272,0.00304,-0.04636,0.00058,-0.00458,-0.03763,-0.00041,0.05880,0.00691,0.02476,-0.00140,-0.28452,0.86286,0,0.01694,0.00556
4.2692,-0.01469,-0.02507,0.01263,0.00304,-0.04687,-0.00008,-0.00458,-0.03749,-0.00040,0.05833,0.00691,0.02498,-0.00057,-0.28450,0.86285,0,0.01694,0.00556
4.2712,-0.01469,-0.02507,0.01253,0.00304,-0.04727,-0.00084,-0.00458,-0.03735,-0.00040,0.05787,0.00690,0.02508,0.00039,-0.28442,0.86282,0,0.01694,0.00556
4.2732,-0.01469,-0.02507,0.01244,0.00304,-0.04755,-0.00171,-0.00458,-0.03721,-0.00040,0.05740,0.00689,0.02504,0.00148,-0.28439,0.86281,0,0.01694,0.00556
4.2752,-0.01469,-0.02507,0.01234,0.00304,-0.04773,-0.00269,-0.00458,-0.03708,-0.00040,0.05692,0.00687,0.02488,0.00269,-0.28428,0.86286,0,0.01694,0.00556
4.2772,-0.01469,-0.02507,0.01225,0.00303,-0.04780,-0.00378,-0.00458,-0.03694,-0.00040,0.05645,0.00684,0.02459,0.00404,-0.28423,0.86285,0,0.01694,0.00556
4.2793,-0.01469,-0.02507,0.01215,0.00302,-0.04775,-0.00498,-0.00458,-0.03680,-0.00040,0.05598,0.00680,0.02417,0.00551,-0.28424,0.86279,0,0.01694,0.00556
4.2813,-0.01469,-0.02507,0.01206,0.00301,-0.04760,-0.00629,-0.00458,-0.03666,-0.00039,0.05550,0.00674,0.02362,0.00685,-0.28421,0.86278,0,0.01694,0.00556
4.2833,-0.01469,-0.02507,0.01196,0.00300,-0.04733,-0.00749,-0.00458,-0.03652,-0.00039,0.05503,0.00668,0.02295,0.00807,-0.28413,0.86284,0,0.01694,0.00556
4.2853,-0.01469,-0.02507,0.01187,0.00298,-0.04695,-0.00858,-0.00458,-0.03638,-0.00039,0.05456,0.00660,0.02215,0.00916,-0.28408,0.86288,0,0.01694,0.00556
4.2873,-0.01469,-0.02507,0.01177,0.00296,-0.04646,-0.00956,-0.00458,-0.03624,-0.00039,0.05410,0.00652,0.02122,0.01012,-0.28408,0.86283,0,0.01694,0.00556
4.2893,-0.01469,-0.02507,0.01168,0.00294,-0.04586,-0.01043,-0.00458,-0.03610,-0.00039,0.05364,0.00642,0.02016,0.01095,-0.28405,0.86283,0,0.01694,0.00556
4.2913,-0.01469,-0.02507,0.01159,0.00292,-0.04515,-0.01119,-0.00458,-0.03596,-0.00039,0.05319,0.00632,0.01897,0.01165,-0.28402,0.86288,0,0.01694,0.00556
4.2933,-0.01469,-0.02507,0.01150,0.00290,-0.04433,-0.01184,-0.00458,-0.03583,-0.00039,0.05275,0.00621,0.01766,0.01223,-0.28399,0.86292,0,0.01694,0.00556
4.2953,-0.01469,-0.02507,0.01141,0.00287,-0.04340,-0.01238,-0.00458,-0.03569,-0.00038,0.05231,0.00610,0.01647,0.01268,-0.28396,0.86294,0,0.01694,0.00556
4.2973,-0.01469,-0.02507,0.01133,0.00285,-0.04257,-0.01281,-0.00458,-0.03555,-0.00038,0.05188,0.00598,0.01541,0.01300,-0.28396,0.86296,0,0.01694,0.00556
4.2994,-0.01469,-0.02507,0.01124,0.00282,-0.04185,-0.01313,-0.00458,-0.03541,-0.00038,0.05146,0.00585,0.01448,0.01319,-0.28394,0.86296,0,0.01694,0.00556
4.3014,-0.01469,-0.02507,0.01116,0.00280,-0.04125,-0.01334,-0.00458,-0.03527,-0.00038,0.05105,0.00573,0.01368,0.01325,-0.28395,0.86301,0,0.01694,0.00556
4.3034,-0.01469,-0.02507,0.01108,0.00277,-0.04075,-0.01344,-0.00458,-0.03513,-0.00038,0.05064,0.00560,0.01300,0.01319,-0.28390,0.86306,0,0.01694,0.00556
4.3054,-0.01469,-0.02507,0.01100,0.00274,-0.04035,-0.01343,-0.00458,-0.03499,-0.00038,0.05023,0.00547,0.01246,0.01300,-0.28393,0.86306,0,0.01694,0.00556
4.3074,-0.01469,-0.02507,0.01092,0.00272,-0.04007,-0.01331,-0.00458,-0.03485,-0.00038,0.04983,0.00535,0.01204,0.01268,-0.28386,0.86313,0,0.01694,0.00556
4.3094,-0.00983,-0.02561,0.01089,0.00433,-0.04024,-0.00835,-0.00619,-0.03472,-0.00037,0.05115,0.01283,0.01175,0.01245,-0.28386,0.86311,0,0.01279,0.00615
4.3114,-0.00983,-0.02561,0.01081,0.00432,-0.04018,-0.00823,-0.00619,-0.03458,-0.00037,0.05075,0.01275,0.01159,0.01235,-0.28386,0.86311,0,0.01279,0.00615
4.3134,-0.00983,-0.02561,0.01073,0.00430,-0.04022,-0.00822,-0.00619,-0.03444,-0.00037,0.05035,0.01267,0.01155,0.01230,-0.28378,0.86321,0,0.01279,0.00615
4.3154,-0.00983,-0.02561,0.01065,0.00428,-0.04037,-0.00824,-0.00619,-0.03430,-0.00037,0.04995,0.01259,0.01164,0.01222,-0.28372,0.86325,0,0.01279,0.00615
4.3174,-0.00983,-0.02561,0.01057,0.00427,-0.04062,-0.00825,-0.00619,-0.03416,-0.00037,0.04955,0.01251,0.01187,0.01215,-0.28371,0.86326,0,0.01279,0.00615
4.3194,-0.00983,-0.02561,0.01049,0.00425,-0.04099,-0.00826,-0.00619,-0.03402,-0.00037,0.04914,0.01244,0.01222,0.01207,-0.28372,0.86331,0,0.01279,0.00615
4.3214,-0.00983,-0.02561,0.01040,0.00423,-0.04146,-0.00826,-0.00619,-0.03389,-0.00036,0.04873,0.01236,0.01269,0.01199,-0.28364,0.86332,0,0.01279,0.00615
4.3234,-0.00983,-0.02561,0.01032,0.00422,-0.04204,-0.00827,-0.00619,-0.03375,-0.00036,0.04831,0.01228,0.01330,0.01192,-0.28360,0.86335,0,0.01279,0.00615
4.3254,-0.00983,-0.02561,0.01024,0.00420,-0.04273,-0.00827,-0.00619,-0.03361,-0.00036,0.04789,0.01220,0.01403,0.01184,-0.28356,0.86341,0,0.01279,0.00615
4.3274,-0.00983,-0.02561,0.01015,0.00418,-0.04353,-0.00828,-0.00619,-0.03347,-0.00036,0.04747,0.01212,0.01464,0.01176,-0.28352,0.86341,0,0.01279,0.00615
4.3294,-0.00983,-0.02561,0.01006,0.00417,-0.04421,-0.00828,-0.00619,-0.03333,-0.00036,0.04703,0.01204,0.01511,0.01168,-0.28343,0.86348,0,0.01279,0.00615
4.3314,-0.00983,-0.02561,0.00997,0.00415,-0.04479,-0.00828,-0.00619,-0.03319,-0.00036,0.04659,0.01196,0.01546,0.01161,-0.28343,0.86350,0,0.01279,0.00615
4.3334,-0.00983,-0.02561,0.00988,0.00413,-0.04525,-0.00829,-0.00619,-0.03306,-0.00036,0.04614,0.01189,0.01569,0.01153,-0.28336,0.86354,0,0.01279,0.00615
4.3354,-0.00983,-0.02561,0.00979,0.00412,-0.04560,-0.00829,-0.00619,-0.03292,-0.00035,0.04570,0.01181,0.01578,0.01145,-0.28334,0.86351,0,0.01279,0.00615
4.3374,-0.00983,-0.02561,0.00970,0.00410,-0.04585,-0.00829,-0.00619,-0.03278,-0.00035,0.04524,0.01173,0.01574,0.01138,-0.28325,0.86357,0,0.01279,0.00615
4.3394,-0.00983,-0.02561,0.00961,0.00408,-0.04598,-0.00830,-0.00619,-0.03264,-0.00035,0.04479,0.01165,0.01558,0.01130,-0.28325,0.86358,0,0.01279,0.00615
4.3414,-0.00983,-0.02561,0.00952,0.00407,-0.04600,-0.00830,-0.00619,-0.03250,-0.00035,0.04434,0.01157,0.01529,0.01122,-0.28317,0.86359,0,0.01279,0.00615
4.3434,-0.00983,-0.02561,0.00942,0.00405,-0.04591,-0.00830,-0.00619,-0.03236,-0.00035,0.04388,0.01149,0.01487,0.01114,-0.28317,0.86362,0,0.01279,0.00615
4.3454,-0.00983,-0.02561,0.00933,0.00403,-0.04570,-0.00830,-0.00619,-0.03223,-0.00035,0.04343,0.01141,0.01433,0.01107,-0.28312,0.86360,0,0.01279,0.00615
4.3474,-0.00983,-0.02561,0.00924,0.00402,-0.04539,-0.00830,-0.00619,-0.03209,-0.00035,0.04298,0.01134,0.01365,0.01099,-0.28308,0.86363,0,0.01279,0.00615
4.3494,-0.00983,-0.02561,0.00915,0.00400,-0.04497,-0.00830,-0.00619,-0.03195,-0.00034,0.04253,0.01126,0.01285,0.01091,-0.28313,0.86364,0,0.01279,0.00615
4.3514,-0.00983,-0.02561,0.00906,0.00398,-0.04443,-0.00830,-0.00619,-0.03181,-0.00034,0.04209,0.01118,0.01192,0.01084,-0.28308,0.86368,0,0.01279,0.00615
4.3534,-0.00983,-0.02561,0.00897,0.00397,-0.04379,-0.00830,-0.00619,-0.03167,-0.00034,0.04165,0.01110,0.01086,0.01076,-0.28306,0.86365,0,0.01279,0.00615
4.3554,-0.00983,-0.02561,0.00889,0.00395,-0.04303,-0.00830,-0.00619,-0.03153,-0.00034,0.04122,0.01102,0.00969,0.01068,-0.28305,0.86367,0,0.01279,0.00615
4.3574,-0.00983,-0.02561,0.00880,0.00393,-0.04218,-0.00830,-0.00619,-0.03140,-0.00034,0.04080,0.01094,0.00865,0.01060,-0.28305,0.86366,0,0.01279,0.00615
4.3594,-0.00983,-0.02561,0.00872,0.00392,-0.04144,-0.00830,-0.00619,-0.03126,-0.00034,0.04039,0.01086,0.00774,0.01053,-0.28298,0.86366,0,0.01279,0.00615
4.3614,-0.00983,-0.02561,0.00864,0.00390,-0.04080,-0.00830,-0.00619,-0.03112,-0.00034,0.03998,0.01078,0.00695,0.01045,-0.28302,0.86369,0,0.01279,0.00615
4.3634,-0.00983,-0.02561,0.00855,0.00388,-0.04027,-0.00830,-0.00619,-0.03098,-0.00033,0.03958,0.01071,0.00629,0.01037,-0.28304,0.86370,0,0.01279,0.00615
4.3654,-0.00983,-0.02561,0.00847,0.00387,-0.03985,-0.00830,-0.00619,-0.03084,-0.00033,0.03918,0.01063,0.00576,0.01030,-0.28300,0.86373,0,0.01279,0.00615
4.3674,-0.00983,-0.02561,0.00840,0.00385,-0.03954,-0.00830,-0.00619,-0.03070,-0.00033,0.03879,0.01055,0.00536,0.01022,-0.28299,0.86376,0,0.01279,0.00615
4.3694,-0.00983,-0.02561,0.00832,0.00384,-0.03933,-0.00830,-0.00619,-0.03056,-0.00033,0.03840,0.01047,0.00509,0.01014,-0.28300,0.86377,0,0.01279,0.00615
4.3714,-0.00983,-0.02561,0.00824,0.00382,-0.03924,-0.00830,-0.00619,-0.03043,-0.00033,0.03801,0.01039,0.00494,0.01006,-0.28301,0.86378,0,0.01279,0.00615
4.3735,-0.00922,-0.02604,0.00862,0.00464,-0.03811,-0.00545,0.00661,-0.03029,-0.00033,0.03996,0.01415,0.00492,0.01011,-0.28295,0.86383,0,0.01092,0.00577
4.3755,-0.00922,-0.02604,0.00854,0.00463,-0.03824,-0.00557,0.00661,-0.03015,-0.00032,0.03958,0.01410,0.00503,0.01029,-0.28295,0.86383,0,0.01092,0.00577
4.3775,-0.00922,-0.02604,0.00846,0.00462,-0.03848,-0.00580,0.00661,-0.03001,-0.00032,0.03920,0.01405,0.00527,0.01060,-0.28294,0.86384,0,0.01092,0.00577
4.3795,-0.00922,-0.02604,0.00839,0.00461,-0.03882,-0.00614,0.00661,-0.02987,-0.00032,0.03882,0.01399,0.00564,0.01103,-0.28289,0.86386,0,0.01092,0.00577
4.3815,-0.00922,-0.02604,0.00831,0.00459,-0.03927,-0.00659,0.00661,-0.02973,-0.00032,0.03843,0.01393,0.00613,0.01160,-0.28296,0.86387,0,0.01092,0.00577
4.3835,-0.00922,-0.02604,0.00823,0.00458,-0.03983,-0.00715,0.00661,-0.02959,-0.00032,0.03804,0.01386,0.00676,0.01229,-0.28291,0.86385,0,0.01092,0.00577
4.3855,-0.00922,-0.02604,0.00815,0.00457,-0.04050,-0.00781,0.00661,-0.02946,-0.00032,0.03764,0.01379,0.00751,0.01311,-0.28289,0.86391,0,0.01092,0.00577
4.3875,-0.00922,-0.02604,0.00807,0.00455,-0.04128,-0.00859,0.00661,-0.02932,-0.00032,0.03724,0.01371,0.00813,0.01380,-0.28284,0.86398,0,0.01092,0.00577
4.3895,-0.00922,-0.02604,0.00798,0.00453,-0.04194,-0.00926,0.00661,-0.02918,-0.00031,0.03682,0.01363,0.00862,0.01436,-0.28284,0.86401,0,0.01092,0.00577
4.3915,-0.00922,-0.02604,0.00790,0.00451,-0.04250,-0.00981,0.00661,-0.02904,-0.00031,0.03641,0.01354,0.00899,0.01480,-0.28284,0.86403,0,0.01092,0.00577
4.3935,-0.00922,-0.02604,0.00781,0.00449,-0.04294,-0.01026,0.00661,-0.02890,-0.00031,0.03599,0.01344,0.00923,0.01510,-0.28277,0.86405,0,0.01092,0.00577
4.3955,-0.00922,-0.02604,0.00773,0.00447,-0.04327,-0.01060,0.00661,-0.02876,-0.00031,0.03556,0.01335,0.00934,0.01528,-0.28272,0.86410,0,0.01092,0.00577
4.3975,-0.00922,-0.02604,0.00764,0.00445,-0.04350,-0.01082,0.00661,-0.02863,-0.00031,0.03513,0.01324,0.00932,0.01533,-0.28267,0.86416,0,0.01092,0.00577
4.3995,-0.00922,-0.02604,0.00755,0.00443,-0.04361,-0.01094,0.00661,-0.02849,-0.00031,0.03471,0.01314,0.00917,0.01526,-0.28271,0.86419,0,0.01092,0.00577
4.4015,-0.00922,-0.02604,0.00747,0.00441,-0.04361,-0.01095,0.00661,-0.02835,-0.00031,0.03428,0.01304,0.00890,0.01505,-0.28274,0.86423,0,0.01092,0.00577
4.4035,-0.00922,-0.02604,0.00738,0.00438,-0.04350,-0.01085,0.00661,-0.02821,-0.00030,0.03385,0.01293,0.00850,0.01472,-0.28264,0.86427,0,0.01092,0.00577
4.4055,-0.00922,-0.02604,0.00729,0.00436,-0.04328,-0.01063,0.00661,-0.02807,-0.00030,0.03342,0.01283,0.00797,0.01426,-0.28268,0.86431,0,0.01092,0.00577
4.4075,-0.00922,-0.02604,0.00721,0.00434,-0.04294,-0.01031,0.00661,-0.02793,-0.00030,0.03300,0.01273,0.00731,0.01367,-0.28269,0.86433,0,0.01092,0.00577
4.4096,-0.00922,-0.02604,0.00712,0.00432,-0.04250,-0.00988,0.00661,-0.02779,-0.00030,0.03257,0.01264,0.00653,0.01295,-0.28269,0.86433,0,0.01092,0.00577
4.4116,-0.00922,-0.02604,0.00704,0.00430,-0.04195,-0.00934,0.00661,-0.02765,-0.00030,0.03216,0.01255,0.00561,0.01225,-0.28269,0.86438,0,0.01092,0.00577
4.4136,-0.00922,-0.02604,0.00695,0.00428,-0.04128,-0.00881,0.00661,-0.02751,-0.00030,0.03175,0.01246,0.00457,0.01168,-0.28269,0.86439,0,0.01092,0.00577
4.4156,-0.00922,-0.02604,0.00687,0.00427,-0.04051,-0.00840,0.00661,-0.02737,-0.00029,0.03135,0.01238,0.00366,0.01123,-0.28267,0.86441,0,0.01092,0.00577
4.4176,-0.00922,-0.02604,0.00679,0.00425,-0.03984,-0.00809,0.00661,-0.02724,-0.00029,0.03095,0.01230,0.00287,0.01092,-0.28272,0.86442,0,0.01092,0.00577
4.4196,-0.00922,-0.02604,0.00671,0.00424,-0.03928,-0.00789,0.00661,-0.02710,-0.00029,0.03056,0.01223,0.00221,0.01073,-0.28272,0.86447,0,0.01092,0.00577
4.4216,-0.00922,-0.02604,0.00663,0.00422,-0.03883,-0.00780,0.00661,-0.02696,-0.00029,0.03017,0.01215,0.00169,0.01067,-0.28270,0.86446,0,0.01092,0.00577
4.4236,-0.00922,-0.02604,0.00656,0.00420,-0.03849,-0.00782,0.00661,-0.02682,-0.00029,0.02979,0.01208,0.00128,0.01074,-0.28270,0.86453,0,0.01092,0.00577
4.4256,-0.00922,-0.02604,0.00648,0.00419,-0.03825,-0.00795,0.00661,-0.02668,-0.00029,0.02941,0.01200,0.00101,0.01093,-0.28273,0.86449,0,0.01092,0.00577
4.4276,-0.00922,-0.02604,0.00640,0.00417,-0.03812,-0.00818,0.00661,-0.02654,-0.00029,0.02904,0.01193,0.00086,0.01125,-0.28274,0.86452,0,0.01092,0.00577
4.4296,-0.00922,-0.02604,0.00633,0.00416,-0.03810,-0.00853,0.00661,-0.02640,-0.00028,0.02866,0.01185,0.00085,0.01156,-0.28277,0.86455,0,0.01092,0.00577
4.4317,-0.00922,-0.02604,0.00625,0.00414,-0.03819,-0.00886,0.00661,-0.02626,-0.00028,0.02828,0.01176,0.00096,0.01174,-0.28274,0.86457,0,0.01092,0.00577
4.4337,-0.00922,-0.02604,0.00617,0.00412,-0.03839,-0.00908,0.00661,-0.02613,-0.00028,0.02790,0.01168,0.00120,0.01179,-0.28274,0.86461,0,0.01092,0.00577
4.4357,-0.00922,-0.02604,0.00610,0.00410,-0.03870,-0.00920,0.00661,-0.02599,-0.00028,0.02752,0.01159,0.00154,0.01172,-0.28272,0.86463,0,0.01092,0.00577
4.4377,-0.00922,-0.02604,0.00602,0.00408,-0.03909,-0.00920,0.00661,-0.02585,-0.00028,0.02714,0.01151,0.00175,0.01151,-0.28269,0.86467,0,0.01092,0.00577
4.4397,-0.01101,-0.02720,0.00769,0.00449,-0.03312,-0.00781,0.01252,-0.02571,-0.00028,0.03449,0.01310,0.00209,0.01144,-0.28263,0.86470,0,0.01093,0.00526
4.4417,-0.01101,-0.02720,0.00762,0.00448,-0.03353,-0.00782,0.01252,-0.02557,-0.00028,0.03416,0.01302,0.00256,0.01149,-0.28263,0.86470,0,0.01093,0.00526
4.4437,-0.01101,-0.02720,0.00756,0.00446,-0.03406,-0.00794,0.01252,-0.02543,-0.00027,0.03383,0.01295,0.00316,0.01167,-0.28262,0.86473,0,0.01093,0.00526
4.4457,-0.01101,-0.02720,0.00749,0.00445,-0.03470,-0.00817,0.01252,-0.02529,-0.00027,0.03349,0.01287,0.00388,0.01198,-0.28262,0.86475,0,0.01093,0.00526
4.4477,-0.01101,-0.02720,0.00742,0.00443,-0.03544,-0.00851,0.01252,-0.02515,-0.00027,0.03314,0.01279,0.00474,0.01241,-0.28262,0.86477,0,0.01093,0.00526
4.4497,-0.01101,-0.02720,0.00735,0.00441,-0.03629,-0.00895,0.01252,-0.02501,-0.00027,0.03279,0.01271,0.00572,0.01272,-0.28261,0.86478,0,0.01093,0.00526
4.4517,-0.01101,-0.02720,0.00727,0.00439,-0.03725,-0.00929,0.01252,-0.02488,-0.00027,0.03242,0.01262,0.00683,0.01290,-0.28253,0.86478,0,0.01093,0.00526
4.4537,-0.01101,-0.02720,0.00720,0.00437,-0.03832,-0.00952,0.01252,-0.02474,-0.00027,0.03205,0.01254,0.00781,0.01295,-0.28251,0.86478,0,0.01093,0.00526
4.4557,-0.01101,-0.02720,0.00712,0.00436,-0.03928,-0.00963,0.01252,-0.02460,-0.00026,0.03167,0.01244,0.00866,0.01288,-0.28249,0.86484,0,0.01093,0.00526
4.4577,-0.01101,-0.02720,0.00704,0.00434,-0.04013,-0.00964,0.01252,-0.02446,-0.00026,0.03128,0.01235,0.00939,0.01267,-0.28248,0.86487,0,0.01093,0.00526
4.4597,-0.01101,-0.02720,0.00696,0.00432,-0.04086,-0.00954,0.01252,-0.02432,-0.00026,0.03088,0.01226,0.00998,0.01234,-0.28243,0.86493,0,0.01093,0.00526
4.4617,-0.01101,-0.02720,0.00688,0.00430,-0.04149,-0.00933,0.01252,-0.02419,-0.00026,0.03048,0.01217,0.01045,0.01191,-0.28236,0.86495,0,0.01093,0.00526
4.4637,-0.01101,-0.02720,0.00679,0.00428,-0.04200,-0.00903,0.01252,-0.02405,-0.00026,0.03007,0.01209,0.01079,0.01161,-0.28234,0.86497,0,0.01093,0.00526
4.4657,-0.01101,-0.02720,0.00671,0.00426,-0.04241,-0.00885,0.01252,-0.02391,-0.00026,0.02966,0.01200,0.01101,0.01144,-0.28228,0.86498,0,0.01093,0.00526
4.4677,-0.01101,-0.02720,0.00662,0.00424,-0.04270,-0.00877,0.01252,-0.02377,-0.00026,0.02924,0.01192,0.01109,0.01139,-0.28226,0.86504,0,0.01093,0.00526
4.4697,-0.01101,-0.02720,0.00654,0.00423,-0.04288,-0.00880,0.01252,-0.02363,-0.00025,0.02882,0.01184,0.01105,0.01148,-0.28225,0.86509,0,0.01093,0.00526
4.4717,-0.01101,-0.02720,0.00645,0.00421,-0.04295,-0.00894,0.01252,-0.02349,-0.00025,0.02840,0.01175,0.01088,0.01150,-0.28223,0.86506,0,0.01093,0.00526
4.4737,-0.01101,-0.02720,0.00637,0.00419,-0.04291,-0.00903,0.01252,-0.02336,-0.00025,0.02798,0.01167,0.01058,0.01141,-0.28223,0.86510,0,0.01093,0.00526
4.4757,-0.01101,-0.02720,0.00628,0.00417,-0.04276,-0.00903,0.01252,-0.02322,-0.00025,0.02756,0.01158,0.01015,0.01133,-0.28226,0.86506,0,0.01093,0.00526
4.4777,-0.01101,-0.02720,0.00620,0.00415,-0.04250,-0.00903,0.01252,-0.02308,-0.00025,0.02715,0.01149,0.00960,0.01125,-0.28220,0.86511,0,0.01093,0.00526
4.4797,-0.01101,-0.02720,0.00611,0.00414,-0.04213,-0.00903,0.01252,-0.02294,-0.00025,0.02673,0.01141,0.00892,0.01116,-0.28221,0.86512,0,0.01093,0.00526
4.4817,-0.01101,-0.02720,0.00603,0.00412,-0.04165,-0.00902,0.01252,-0.02280,-0.00025,0.02632,0.01132,0.00811,0.01108,-0.28218,0.86517,0,0.01093,0.00526
4.4837,-0.01101,-0.02720,0.00594,0.00410,-0.04105,-0.00902,0.01252,-0.02266,-0.00024,0.02592,0.01124,0.00717,0.01099,-0.28214,0.86525,0,0.01093,0.00526
4.4857,-0.01101,-0.02720,0.00586,0.00408,-0.04035,-0.00902,0.01252,-0.02253,-0.00024,0.02552,0.01115,0.00610,0.01091,-0.28219,0.86525,0,0.01093,0.00526
4.4877,-0.01101,-0.02720,0.00578,0.00406,-0.03953,-0.00901,0.01252,-0.02239,-0.00024,0.02513,0.01107,0.00491,0.01083,-0.28217,0.86525,0,0.01093,0.00526
4.4897,-0.01101,-0.02720,0.00571,0.00405,-0.03861,-0.00901,0.01252,-0.02225,-0.00024,0.02474,0.01098,0.00358,0.01074,-0.28218,0.86531,0,0.01093,0.00526
4.4917,-0.01101,-0.02720,0.00563,0.00403,-0.03757,-0.00900,0.01252,-0.02211,-0.00024,0.02437,0.01090,0.00226,0.01066,-0.28216,0.86530,0,0.01093,0.00526
4.4937,-0.01101,-0.02720,0.00556,0.00401,-0.03653,-0.00900,0.01252,-0.02197,-0.00024,0.02401,0.01081,0.00106,0.01058,-0.28216,0.86535,0,0.01093,0.00526
4.4957,-0.01101,-0.02720,0.00548,0.00399,-0.03560,-0.00899,0.01252,-0.02183,-0.00024,0.02365,0.01073,-0.00000,0.01049,-0.28223,0.86533,0,0.01093,0.00526
4.4977,-0.01101,-0.02720,0.00541,0.00397,-0.03478,-0.00899,0.01252,-0.02170,-0.00023,0.02331,0.01064,-0.00094,0.01041,-0.28223,0.86537,0,0.01093,0.00526
4.4998,-0.01101,-0.02720,0.00534,0.00396,-0.03407,-0.00898,0.01252,-0.02156,-0.00023,0.02297,0.01056,-0.00176,0.01032,-0.28228,0.86535,0,0.01093,0.00526
4.5018,-0.01101,-0.02720,0.00528,0.00394,-0.03346,-0.00898,0.01252,-0.02142,-0.00023,0.02264,0.01047,-0.00244,0.01024,-0.28228,0.86535,0,0.01093,0.00526
4.5038,-0.01101,-0.02720,0.00521,0.00392,-0.03296,-0.00897,0.01252,-0.02128,-0.00023,0.02231,0.01039,-0.00299,0.01016,-0.28221,0.86539,0,0.01093,0.00526
4.5058,-0.01101,-0.02720,0.00514,0.00390,-0.03258,-0.00897,0.01252,-0.02114,-0.00023,0.02199,0.01030,-0.00342,0.01007,-0.28227,0.86539,0,0.01093,0.00526
4.5078,-0.01101,-0.02720,0.00508,0.00388,-0.03229,-0.00896,0.01252,-0.02100,-0.00023,0.02167,0.01022,-0.00372,0.00999,-0.28226,0.86546,0,0.01093,0.00526
4.5098,-0.01249,-0.02593,0.00750,0.00343,-0.02406,-0.01037,0.00685,-0.02086,-0.00022,0.03263,0.00844,-0.00389,0.00978,-0.28225,0.86549,0,0.01137,0.00341
4.5118,-0.01249,-0.02593,0.00745,0.00341,-0.02404,-0.01025,0.00685,-0.02072,-0.00022,0.03239,0.00835,-0.00394,0.00944,-0.28225,0.86549,0,0.01137,0.00341
4.5138,-0.01249,-0.02593,0.00740,0.00339,-0.02413,-0.01001,0.00685,-0.02058,-0.00022,0.03215,0.00825,-0.00385,0.00897,-0.28230,0.86551,0,0.01137,0.00341
4.5158,-0.01249,-0.02593,0.00735,0.00337,-0.02432,-0.00967,0.00685,-0.02045,-0.00022,0.03191,0.00816,-0.00364,0.00838,-0.28230,0.86552,0,0.01137,0.00341
4.5178,-0.01249,-0.02593,0.00730,0.00335,-0.02462,-0.00922,0.00685,-0.02031,-0.00022,0.03167,0.00807,-0.00330,0.00785,-0.28228,0.86554,0,0.01137,0.00341
4.5198,-0.01249,-0.02593,0.00725,0.00333,-0.02504,-0.00882,0.00685,-0.02017,-0.00022,0.03142,0.00798,-0.00283,0.00745,-0.28224,0.86555,0,0.01137,0.00341
4.5218,-0.01249,-0.02593,0.00720,0.00331,-0.02556,-0.00854,0.00685,-0.02003,-0.00022,0.03117,0.00790,-0.00224,0.00718,-0.28225,0.86556,0,0.01137,0.00341
4.5238,-0.01249,-0.02593,0.00715,0.00330,-0.02619,-0.00836,0.00685,-0.01989,-0.00021,0.03091,0.00782,-0.00151,0.00704,-0.28229,0.86556,0,0.01137,0.00341
4.5258,-0.01249,-0.02593,0.00710,0.00328,-0.02692,-0.00829,0.00685,-0.01975,-0.00021,0.03065,0.00774,-0.00066,0.00702,-0.28225,0.86556,0,0.01137,0.00341
4.5278,-0.01249,-0.02593,0.00704,0.00326,-0.02777,-0.00834,0.00685,-0.01962,-0.00021,0.03038,0.00766,0.00032,0.00713,-0.28225,0.86558,0,0.01137,0.00341
4.5298,-0.01249,-0.02593,0.00699,0.00325,-0.02873,-0.00849,0.00685,-0.01948,-0.00021,0.03010,0.00758,0.00143,0.00737,-0.28226,0.86557,0,0.01137,0.00341
4.5318,-0.01249,-0.02593,0.00693,0.00323,-0.02979,-0.00875,0.00685,-0.01934,-0.00021,0.02981,0.00750,0.00267,0.00749,-0.28224,0.86559,0,0.01137,0.00341
4.5338,-0.01249,-0.02593,0.00687,0.00321,-0.03096,-0.00889,0.00685,-0.01920,-0.00021,0.02951,0.00742,0.00403,0.00747,-0.28226,0.86562,0,0.01137,0.00341
4.5358,-0.01249,-0.02593,0.00680,0.00319,-0.03224,-0.00893,0.00685,-0.01906,-0.00021,0.02920,0.00733,0.00552,0.00732,-0.28217,0.86561,0,0.01137,0.00341
4.5378,-0.01249,-0.02593,0.00674,0.00318,-0.03363,-0.00886,0.00685,-0.01893,-0.00020,0.02888,0.00725,0.00712,0.00705,-0.28224,0.86560,0,0.01137,0.00341
4.5398,-0.01249,-0.02593,0.00667,0.00316,-0.03511,-0.00868,0.00685,-0.01879,-0.00020,0.02854,0.00717,0.00872,0.00691,-0.28218,0.86562,0,0.01137,0.00341
4.5418,-0.01249,-0.02593,0.00660,0.00314,-0.03659,-0.00861,0.00685,-0.01865,-0.00020,0.02819,0.00708,0.01019,0.00688,-0.28216,0.86567,0,0.01137,0.00341
4.5438,-0.01249,-0.02593,0.00652,0.00312,-0.03795,-0.00865,0.00685,-0.01851,-0.00020,0.02783,0.00700,0.01154,0.00680,-0.28212,0.86566,0,0.01137,0.00341
4.5459,-0.01249,-0.02593,0.00644,0.00311,-0.03921,-0.00863,0.00685,-0.01837,-0.00020,0.02745,0.00692,0.01275,0.00672,-0.28206,0.86571,0,0.01137,0.00341
4.5479,-0.01249,-0.02593,0.00637,0.00309,-0.04035,-0.00861,0.00685,-0.01823,-0.00020,0.02707,0.00684,0.01384,0.00664,-0.28207,0.86570,0,0.01137,0.00341
4.5499,-0.01249,-0.02593,0.00628,0.00307,-0.04139,-0.00859,0.00685,-0.01809,-0.00019,0.02667,0.00676,0.01480,0.00656,-0.28207,0.86570,0,0.01137,0.00341
4.5519,-0.01249,-0.02593,0.00620,0.00306,-0.04231,-0.00858,0.00685,-0.01795,-0.00019,0.02626,0.00668,0.01563,0.00648,-0.28201,0.86571,0,0.01137,0.00341
4.5539,-0.01249,-0.02593,0.00611,0.00304,-0.04313,-0.00856,0.00685,-0.01782,-0.00019,0.02585,0.00660,0.01634,0.00640,-0.28201,0.86571,0,0.01137,0.00341
4.5559,-0.01249,-0.02593,0.00603,0.00302,-0.04383,-0.00854,0.00685,-0.01768,-0.00019,0.02543,0.00651,0.01691,0.00632,-0.28183,0.86580,0,0.01137,0.00341
4.5579,-0.01249,-0.02593,0.00594,0.00300,-0.04442,-0.00853,0.00685,-0.01754,-0.00019,0.02500,0.00643,0.01736,0.00624,-0.28183,0.86580,0,0.01137,0.00341
4.5599,-0.01249,-0.02593,0.00585,0.00299,-0.04490,-0.00851,0.00685,-0.01740,-0.00019,0.02457,0.00635,0.01768,0.00617,-0.28186,0.86581,0,0.01137,0.00341
4.5619,-0.01249,-0.02593,0.00576,0.00297,-0.04527,-0.00849,0.00685,-0.01726,-0.00019,0.02413,0.00627,0.01787,0.00609,-0.28182,0.86582,0,0.01137,0.00341
4.5639,-0.01249,-0.02593,0.00567,0.00295,-0.04553,-0.00847,0.00685,-0.01712,-0.00018,0.02369,0.00619,0.01794,0.00601,-0.28176,0.86581,0,0.01137,0.00341
4.5659,-0.01249,-0.02593,0.00558,0.00294,-0.04568,-0.00845,0.00685,-0.01698,-0.00018,0.02325,0.00611,0.01787,0.00593,-0.28172,0.86583,0,0.01137,0.00341
4.5679,-0.01249,-0.02593,0.00549,0.00292,-0.04571,-0.00843,0.00685,-0.01684,-0.00018,0.02281,0.00603,0.01768,0.00585,-0.28170,0.86588,0,0.01137,0.00341
4.5699,-0.01249,-0.02593,0.00539,0.00290,-0.04564,-0.00842,0.00685,-0.01670,-0.00018,0.02236,0.00595,0.01736,0.00577,-0.28170,0.86588,0,0.01137,0.00341
4.5719,-0.01249,-0.02593,0.00530,0.00289,-0.04546,-0.00840,0.00685,-0.01657,-0.00018,0.02192,0.00587,0.01691,0.00569,-0.28172,0.86585,0,0.01137,0.00341
4.5739,-0.01249,-0.02593,0.00521,0.00287,-0.04516,-0.00838,0.00685,-0.01643,-0.00018,0.02148,0.00579,0.01634,0.00562,-0.28163,0.86585,0,0.01137,0.00341
4.5760,-0.01375,-0.02327,0.00806,0.00164,-0.03633,-0.01253,-0.00054,-0.01629,-0.00018,0.03454,0.00079,0.01589,0.00541,-0.28164,0.86592,0,0.01241,0.00090
4.5780,-0.01375,-0.02327,0.00798,0.00162,-0.03608,-0.01238,-0.00054,-0.01615,-0.00017,0.03419,0.00067,0.01557,0.00508,-0.28161,0.86588,0,0.01241,0.00090
4.5800,-0.01375,-0.02327,0.00791,0.00159,-0.03594,-0.01212,-0.00054,-0.01601,-0.00017,0.03384,0.00056,0.01538,0.00461,-0.28163,0.86589,0,0.01241,0.00090
4.5820,-0.01375,-0.02327,0.00784,0.00157,-0.03591,-0.01175,-0.00054,-0.01587,-0.00017,0.03349,0.00044,0.01531,0.00402,-0.28159,0.86590,0,0.01241,0.00090
4.5840,-0.01375,-0.02327,0.00777,0.00155,-0.03598,-0.01127,-0.00054,-0.01574,-0.00017,0.03314,0.00034,0.01538,0.00331,-0.28156,0.86592,0,0.01241,0.00090
4.5860,-0.01375,-0.02327,0.00770,0.00152,-0.03617,-0.01068,-0.00054,-0.01560,-0.00017,0.03279,0.00023,0.01557,0.00246,-0.28154,0.86596,0,0.01241,0.00090
4.5880,-0.01375,-0.02327,0.00762,0.00150,-0.03646,-0.00999,-0.00054,-0.01546,-0.00017,0.03244,0.00013,0.01589,0.00149,-0.28153,0.86592,0,0.01241,0.00090
4.5900,-0.01375,-0.02327,0.00755,0.00148,-0.03686,-0.00918,-0.00054,-0.01532,-0.00016,0.03208,0.00004,0.01634,0.00039,-0.28148,0.86595,0,0.01241,0.00090
4.5920,-0.01375,-0.02327,0.00748,0.00147,-0.03737,-0.00826,-0.00054,-0.01518,-0.00016,0.03172,-0.00004,0.01666,-0.00059,-0.28144,0.86591,0,0.01241,0.00090
4.5940,-0.01375,-0.02327,0.00740,0.00145,-0.03776,-0.00745,-0.00054,-0.01504,-0.00016,0.03136,-0.00011,0.01685,-0.00143,-0.28139,0.86591,0,0.01241,0.00090
4.5960,-0.01375,-0.02327,0.00733,0.00144,-0.03805,-0.00675,-0.00054,-0.01490,-0.00016,0.03099,-0.00018,0.01691,-0.00215,-0.28132,0.86588,0,0.01241,0.00090
4.5980,-0.01375,-0.02327,0.00725,0.00142,-0.03823,-0.00616,-0.00054,-0.01476,-0.00016,0.03062,-0.00024,0.01685,-0.00274,-0.28126,0.86590,0,0.01241,0.00090
4.6000,-0.01375,-0.02327,0.00717,0.00141,-0.03829,-0.00568,-0.00054,-0.01462,-0.00016,0.03025,-0.00030,0.01666,-0.00320,-0.28126,0.86586,0,0.01241,0.00090
4.6021,-0.01375,-0.02327,0.00710,0.00140,-0.03825,-0.00531,-0.00054,-0.01449,-0.00016,0.02988,-0.00035,0.01634,-0.00354,-0.28121,0.86588,0,0.01241,0.00090
4.6041,-0.01375,-0.02327,0.00702,0.00139,-0.03809,-0.00505,-0.00054,-0.01435,-0.00015,0.02951,-0.00040,0.01589,-0.00374,-0.28118,0.86586,0,0.01241,0.00090
4.6061,-0.01375,-0.02327,0.00694,0.00138,-0.03782,-0.00490,-0.00054,-0.01421,-0.00015,0.02914,-0.00045,0.01531,-0.00382,-0.28110,0.86587,0,0.01241,0.00090
4.6081,-0.01375,-0.02327,0.00687,0.00137,-0.03745,-0.00485,-0.00054,-0.01407,-0.00015,0.02878,-0.00049,0.01471,-0.00377,-0.28113,0.86585,0,0.01241,0.00090
4.6101,-0.01375,-0.02327,0.00679,0.00136,-0.03704,-0.00492,-0.00054,-0.01393,-0.00015,0.02842,-0.00054,0.01423,-0.00359,-0.28109,0.86585,0,0.01241,0.00090
4.6121,-0.01375,-0.02327,0.00672,0.00135,-0.03674,-0.00509,-0.00054,-0.01379,-0.00015,0.02806,-0.00059,0.01387,-0.00329,-0.28106,0.86581,0,0.01241,0.00090
4.6141,-0.01375,-0.02327,0.00665,0.00134,-0.03655,-0.00538,-0.00054,-0.01365,-0.00015,0.02770,-0.00064,0.01365,-0.00285,-0.28100,0.86587,0,0.01241,0.00090
4.6161,-0.01375,-0.02327,0.00657,0.00133,-0.03647,-0.00577,-0.00054,-0.01352,-0.00015,0.02735,-0.00069,0.01355,-0.00229,-0.28100,0.86585,0,0.01241,0.00090
4.6181,-0.01375,-0.02327,0.00650,0.00132,-0.03649,-0.00627,-0.00054,-0.01338,-0.00014,0.02700,-0.00075,0.01358,-0.00160,-0.28098,0.86584,0,0.01241,0.00090
4.6201,-0.01375,-0.02327,0.00643,0.00130,-0.03663,-0.00688,-0.00054,-0.01324,-0.00014,0.02664,-0.00081,0.01349,-0.00095,-0.28098,0.86584,0,0.01241,0.00090
4.6221,-0.01375,-0.02327,0.00635,0.00129,-0.03665,-0.00746,-0.00054,-0.01310,-0.00014,0.02629,-0.00088,0.01326,-0.00043,-0.28093,0.86586,0,0.01241,0.00090
4.6241,-0.01375,-0.02327,0.00628,0.00127,-0.03657,-0.00793,-0.00054,-0.01296,-0.00014,0.02594,-0.00095,0.01297,-0.00003,-0.28090,0.86584,0,0.01241,0.00090
4.6261,-0.01375,-0.02327,0.00621,0.00126,-0.03642,-0.00829,-0.00054,-0.01282,-0.00014,0.02558,-0.00103,0.01276,0.00023,-0.28090,0.86585,0,0.01241,0.00090
4.6281,-0.01375,-0.02327,0.00614,0.00124,-0.03634,-0.00854,-0.00054,-0.01269,-0.00014,0.02523,-0.00111,0.01255,0.00037,-0.28084,0.86584,0,0.01241,0.00090
4.6301,-0.01375,-0.02327,0.00606,0.00122,-0.03626,-0.00868,-0.00054,-0.01255,-0.00014,0.02488,-0.00119,0.01233,0.00038,-0.28082,0.86585,0,0.01241,0.00090
4.6321,-0.01375,-0.02327,0.00599,0.00121,-0.03618,-0.00871,-0.00054,-0.01241,-0.00013,0.02453,-0.00127,0.01212,0.00027,-0.28081,0.86586,0,0.01241,0.00090
4.6341,-0.01375,-0.02327,0.00592,0.00119,-0.03610,-0.00863,-0.00054,-0.01227,-0.00013,0.02418,-0.00135,0.01191,0.00002,-0.28081,0.86586,0,0.01241,0.00090
4.6361,-0.01375,-0.02327,0.00585,0.00117,-0.03602,-0.00844,-0.00054,-0.01213,-0.00013,0.02383,-0.00143,0.01170,-0.00035,-0.28077,0.86582,0,0.01241,0.00090
4.6381,-0.01375,-0.02327,0.00577,0.00116,-0.03593,-0.00814,-0.00054,-0.01199,-0.00013,0.02349,-0.00151,0.01149,-0.00085,-0.28072,0.86582,0,0.01241,0.00090
4.6403,-0.01475,-0.02126,0.00876,-0.00027,-0.02548,-0.01257,-0.01028,-0.01184,-0.00013,0.03732,-0.00766,0.01141,-0.00148,-0.28076,0.86582,1,0.01310,-0.00136
4.6423,-0.01475,-0.02126,0.00871,-0.00030,-0.02556,-0.01202,-0.01028,-0.01171,-0.00013,0.03707,-0.00778,0.01146,-0.00224,-0.28068,0.86581,1,0.01310,-0.00136
4.6443,-0.01475,-0.02126,0.00866,-0.00032,-0.02574,-0.01137,-0.01028,-0.01157,-0.00012,0.03682,-0.00789,0.01164,-0.00313,-0.28062,0.86584,1,0.01310,-0.00136
4.6463,-0.01475,-0.02126,0.00861,-0.00034,-0.02604,-0.01061,-0.01028,-0.01143,-0.00012,0.03657,-0.00799,0.01194,-0.00414,-0.28062,0.86579,1,0.01310,-0.00136
4.6483,-0.01475,-0.02126,0.00856,-0.00036,-0.02644,-0.00974,-0.01028,-0.01129,-0.00012,0.03631,-0.00809,0.01237,-0.00528,-0.28056,0.86580,1,0.01310,-0.00136
4.6503,-0.01475,-0.02126,0.00850,-0.00038,-0.02695,-0.00875,-0.01028,-0.01115,-0.00012,0.03605,-0.00818,0.01293,-0.00655,-0.28055,0.86579,1,0.01310,-0.00136
4.6523,-0.01475,-0.02126,0.00845,-0.00040,-0.02757,-0.00766,-0.01028,-0.01101,-0.00012,0.03579,-0.00826,0.01362,-0.00795,-0.28055,0.86576,1,0.01310,-0.00136
4.6543,-0.01475,-0.02126,0.00839,-0.00041,-0.02830,-0.00646,-0.01028,-0.01087,-0.00012,0.03552,-0.00832,0.01443,-0.00922,-0.28049,0.86578,1,0.01310,-0.00136
4.6563,-0.01475,-0.02126,0.00834,-0.00042,-0.02913,-0.00537,-0.01028,-0.01074,-0.00012,0.03524,-0.00838,0.01538,-0.01036,-0.28044,0.86575,1,0.01310,-0.00136
4.6583,-0.01475,-0.02126,0.00828,-0.00043,-0.03008,-0.00439,-0.01028,-0.01060,-0.00011,0.03495,-0.00842,0.01645,-0.01137,-0.28044,0.86572,1,0.01310,-0.00136
4.6603,-0.01475,-0.02126,0.00822,-0.00044,-0.03113,-0.00351,-0.01028,-0.01046,-0.00011,0.03466,-0.00846,0.01765,-0.01226,-0.28036,0.86573,1,0.01310,-0.00136
4.6623,-0.01475,-0.02126,0.00815,-0.00045,-0.03229,-0.00275,-0.01028,-0.01032,-0.00011,0.03435,-0.00849,0.01898,-0.01301,-0.28033,0.86566,1,0.01310,-0.00136
4.6643,-0.01475,-0.02126,0.00809,-0.00045,-0.03356,-0.00209,-0.01028,-0.01018,-0.00011,0.03403,-0.00852,0.02043,-0.01364,-0.28032,0.86566,1,0.01310,-0.00136
4.6663,-0.01475,-0.02126,0.00802,-0.00046,-0.03494,-0.00155,-0.01028,-0.01004,-0.00011,0.03370,-0.00853,0.02202,-0.01414,-0.28030,0.86564,1,0.01310,-0.00136
4.6683,-0.01475,-0.02126,0.00795,-0.00046,-0.03643,-0.00111,-0.01028,-0.00990,-0.00011,0.03336,-0.00854,0.02347,-0.01452,-0.28019,0.86565,1,0.01310,-0.00136
4.6704,-0.01475,-0.02126,0.00787,-0.00046,-0.03780,-0.00079,-0.01028,-0.00976,-0.00011,0.03300,-0.00855,0.02480,-0.01476,-0.28015,0.86566,1,0.01310,-0.00136
4.6724,-0.01475,-0.02126,0.00780,-0.00046,-0.03907,-0.00057,-0.01028,-0.00962,-0.00010,0.03263,-0.00856,0.02600,-0.01488,-0.28010,0.86556,1,0.01310,-0.00136
4.6744,-0.01475,-0.02126,0.00772,-0.00046,-0.04022,-0.00046,-0.01028,-0.00949,-0.00010,0.03225,-0.00857,0.02707,-0.01487,-0.28003,0.86560,1,0.01310,-0.00136
4.6764,-0.01475,-0.02126,0.00764,-0.00046,-0.04127,-0.00046,-0.01028,-0.00935,-0.00010,0.03186,-0.00857,0.02801,-0.01473,-0.27999,0.86558,1,0.01310,-0.00136
4.6784,-0.01475,-0.02126,0.00755,-0.00046,-0.04220,-0.00057,-0.01028,-0.00921,-0.00010,0.03146,-0.00857,0.02883,-0.01446,-0.27987,0.86556,1,0.01310,-0.00136
4.6804,-0.01475,-0.02126,0.00747,-0.00047,-0.04302,-0.00079,-0.01028,-0.00907,-0.00010,0.03105,-0.00858,0.02952,-0.01407,-0.27982,0.86554,1,0.01310,-0.00136
4.6824,-0.01475,-0.02126,0.00738,-0.00047,-0.04373,-0.00112,-0.01028,-0.00893,-0.00010,0.03064,-0.00859,0.03008,-0.01355,-0.27982,0.86550,1,0.01310,-0.00136
4.6844,-0.01475,-0.02126,0.00729,-0.00047,-0.04433,-0.00156,-0.01028,-0.00879,-0.00009,0.03022,-0.00860,0.03051,-0.01289,-0.27973,0.86549,1,0.01310,-0.00136
4.6864,-0.01475,-0.02126,0.00720,-0.00047,-0.04482,-0.00211,-0.01028,-0.00866,-0.00009,0.02979,-0.00862,0.03081,-0.01212,-0.27963,0.86552,1,0.01310,-0.00136
4.6884,-0.01475,-0.02126,0.00711,-0.00048,-0.04520,-0.00277,-0.01028,-0.00852,-0.00009,0.02936,-0.00864,0.03099,-0.01121,-0.27964,0.86547,1,0.01310,-0.00136
4.6904,-0.01475,-0.02126,0.00702,-0.00049,-0.04547,-0.00353,-0.01028,-0.00838,-0.00009,0.02893,-0.00867,0.03103,-0.01017,-0.27956,0.86547,1,0.01310,-0.00136
4.6924,-0.01475,-0.02126,0.00693,-0.00049,-0.04562,-0.00441,-0.01028,-0.00824,-0.00009,0.02849,-0.00871,0.03095,-0.00901,-0.27952,0.86541,1,0.01310,-0.00136
4.6944,-0.01475,-0.02126,0.00684,-0.00050,-0.04567,-0.00539,-0.01028,-0.00810,-0.00009,0.02805,-0.00876,0.03074,-0.00798,-0.27947,0.86546,1,0.01310,-0.00136
4.6964,-0.01475,-0.02126,0.00675,-0.00052,-0.04560,-0.00627,-0.01028,-0.00796,-0.00009,0.02762,-0.00881,0.03041,-0.00707,-0.27944,0.86544,1,0.01310,-0.00136
4.6984,-0.01475,-0.02126,0.00666,-0.00053,-0.04543,-0.00704,-0.01028,-0.00783,-0.00008,0.02718,-0.00888,0.02994,-0.00629,-0.27937,0.86544,1,0.01310,-0.00136
4.7004,-0.01475,-0.02126,0.00657,-0.00054,-0.04514,-0.00769,-0.01028,-0.00769,-0.00008,0.02675,-0.00895,0.02935,-0.00564,-0.27932,0.86540,1,0.01310,-0.00136
4.7024,-0.01475,-0.02126,0.00648,-0.00056,-0.04474,-0.00824,-0.01028,-0.00755,-0.00008,0.02632,-0.00902,0.02863,-0.00512,-0.27933,0.86539,1,0.01310,-0.00136
4.7044,-0.01475,-0.02126,0.00639,-0.00058,-0.04423,-0.00868,-0.01028,-0.00741,-0.00008,0.02589,-0.00910,0.02778,-0.00472,-0.27924,0.86540,1,0.01310,-0.00136
4.7064,-0.01475,-0.02126,0.00630,-0.00059,-0.04361,-0.00900,-0.01028,-0.00727,-0.00008,0.02547,-0.00918,0.02681,-0.00446,-0.27923,0.86538,1,0.01310,-0.00136
4.7084,-0.01314,-0.02000,0.00776,-0.00184,-0.03962,-0.01288,-0.01875,-0.00713,-0.00008,0.03285,-0.01468,0.02572,-0.00432,-0.27923,0.86537,1,0.01098,-0.00286
4.7104,-0.01314,-0.02000,0.00768,-0.00186,-0.03882,-0.01296,-0.01875,-0.00699,-0.00008,0.03247,-0.01480,0.02476,-0.00431,-0.27917,0.86535,1,0.01098,-0.00286
4.7125,-0.01314,-0.02000,0.00760,-0.00189,-0.03813,-0.01294,-0.01875,-0.00685,-0.00007,0.03211,-0.01493,0.02393,-0.00442,-0.27914,0.86537,1,0.01098,-0.00286
4.7145,-0.01314,-0.02000,0.00753,-0.00191,-0.03754,-0.01281,-0.01875,-0.00672,-0.00007,0.03175,-0.01505,0.02322,-0.00467,-0.27909,0.86534,1,0.01098,-0.00286
4.7165,-0.01314,-0.02000,0.00745,-0.00194,-0.03707,-0.01257,-0.01875,-0.00658,-0.00007,0.03139,-0.01517,0.02265,-0.00504,-0.27907,0.86532,1,0.01098,-0.00286
4.7185,-0.01314,-0.02000,0.00738,-0.00196,-0.03670,-0.01222,-0.01875,-0.00644,-0.00007,0.03104,-0.01529,0.02220,-0.00554,-0.27906,0.86531,1,0.01098,-0.00286
4.7205,-0.01314,-0.02000,0.00731,-0.00199,-0.03644,-0.01175,-0.01875,-0.00630,-0.00007,0.03069,-0.01540,0.02188,-0.00617,-0.27899,0.86529,1,0.01098,-0.00286
4.7225,-0.01314,-0.02000,0.00723,-0.00201,-0.03628,-0.01118,-0.01875,-0.00616,-0.00007,0.03034,-0.01551,0.02169,-0.00693,-0.27894,0.86529,1,0.01098,-0.00286
4.7245,-0.01314,-0.02000,0.00716,-0.00203,-0.03624,-0.01050,-0.01875,-0.00602,-0.00006,0.02999,-0.01561,0.02162,-0.00782,-0.27888,0.86529,1,0.01098,-0.00286
4.7265,-0.01314,-0.02000,0.00709,-0.00205,-0.03630,-0.00971,-0.01875,-0.00589,-0.00006,0.02965,-0.01571,0.02169,-0.00883,-0.27885,0.86528,1,0.01098,-0.00286
4.7285,-0.01314,-0.02000,0.00702,-0.00207,-0.03648,-0.00881,-0.01875,-0.00575,-0.00006,0.02930,-0.01579,0.02188,-0.00997,-0.27882,0.86523,1,0.01098,-0.00286
4.7305,-0.01314,-0.02000,0.00694,-0.00209,-0.03676,-0.00780,-0.01875,-0.00561,-0.00006,0.02895,-0.01587,0.02220,-0.01124,-0.27873,0.86520,1,0.01098,-0.00286
4.7325,-0.01314,-0.02000,0.00687,-0.00210,-0.03715,-0.00668,-0.01875,-0.00547,-0.00006,0.02860,-0.01594,0.02265,-0.01264,-0.27870,0.86520,1,0.01098,-0.00286
4.7345,-0.01314,-0.02000,0.00679,-0.00212,-0.03764,-0.00545,-0.01875,-0.00533,-0.00006,0.02824,-0.01600,0.02297,-0.01416,-0.27859,0.86516,1,0.01098,-0.00286
4.7365,-0.01314,-0.02000,0.00672,-0.00212,-0.03803,-0.00411,-0.01875,-0.00519,-0.00006,0.02788,-0.01604,0.02316,-0.01576,-0.27856,0.86515,1,0.01098,-0.00286
4.7385,-0.01314,-0.02000,0.00664,-0.00213,-0.03830,-0.00271,-0.01875,-0.00506,-0.00005,0.02751,-0.01608,0.02323,-0.01723,-0.27848,0.86513,1,0.01098,-0.00286
4.7405,-0.01314,-0.02000,0.00657,-0.00214,-0.03847,-0.00141,-0.01875,-0.00492,-0.00005,0.02715,-0.01609,0.02316,-0.01858,-0.27848,0.86509,1,0.01098,-0.00286
4.7425,-0.01314,-0.02000,0.00649,-0.00214,-0.03852,-0.00023,-0.01875,-0.00478,-0.00005,0.02678,-0.01610,0.02297,-0.01979,-0.27837,0.86508,1,0.01098,-0.00286
4.7445,-0.01314,-0.02000,0.00641,-0.00214,-0.03847,0.00085,-0.01875,-0.00464,-0.00005,0.02641,-0.01610,0.02265,-0.02088,-0.27830,0.86499,1,0.01098,-0.00286
4.7465,-0.01314,-0.02000,0.00633,-0.00213,-0.03830,0.00181,-0.01875,-0.00450,-0.00005,0.02605,-0.01609,0.02220,-0.02184,-0.27831,0.86493,1,0.01098,-0.00286
4.7485,-0.01314,-0.02000,0.00626,-0.00213,-0.03802,0.00267,-0.01875,-0.00436,-0.00005,0.02569,-0.01607,0.02163,-0.02267,-0.27824,0.86489,1,0.01098,-0.00286
4.7505,-0.01314,-0.02000,0.00618,-0.00212,-0.03763,0.00342,-0.01875,-0.00423,-0.00005,0.02533,-0.01604,0.02110,-0.02338,-0.27820,0.86488,1,0.01098,-0.00286
4.7525,-0.01314,-0.02000,0.00611,-0.00212,-0.03728,0.00405,-0.01875,-0.00409,-0.00004,0.02497,-0.01600,0.02070,-0.02395,-0.27820,0.86480,1,0.01098,-0.00286
4.7545,-0.01314,-0.02000,0.00603,-0.00211,-0.03704,0.00458,-0.01875,-0.00395,-0.00004,0.02461,-0.01596,0.02043,-0.02440,-0.27815,0.86472,1,0.01098,-0.00286
4.7565,-0.01314,-0.02000,0.00596,-0.00210,-0.03691,0.00500,-0.01875,-0.00381,-0.00004,0.02426,-0.01592,0.02028,-0.02472,-0.27811,0.86471,1,0.01098,-0.00286
4.7585,-0.01314,-0.02000,0.00589,-0.00209,-0.03689,0.00531,-0.01875,-0.00367,-0.00004,0.02391,-0.01587,0.02024,-0.02491,-0.27807,0.86465,1,0.01098,-0.00286
4.7605,-0.01314,-0.02000,0.00581,-0.00208,-0.03694,0.00551,-0.01875,-0.00353,-0.00004,0.02356,-0.01582,0.02007,-0.02498,-0.27806,0.86462,1,0.01098,-0.00286
4.7625,-0.01314,-0.02000,0.00574,-0.00207,-0.03689,0.00560,-0.01875,-0.00340,-0.00004,0.02321,-0.01576,0.01981,-0.02491,-0.27802,0.86454,1,0.01098,-0.00286
4.7645,-0.01314,-0.02000,0.00566,-0.00205,-0.03677,0.00558,-0.01875,-0.00326,-0.00004,0.02286,-0.01571,0.01960,-0.02472,-0.27799,0.86447,1,0.01098,-0.00286
4.7665,-0.01314,-0.02000,0.00559,-0.00204,-0.03668,0.00545,-0.01875,-0.00312,-0.00003,0.02251,-0.01566,0.01939,-0.02440,-0.27795,0.86444,1,0.01098,-0.00286
4.7685,-0.01314,-0.02000,0.00552,-0.00203,-0.03660,0.00521,-0.01875,-0.00298,-0.00003,0.02216,-0.01561,0.01918,-0.02395,-0.27791,0.86437,1,0.01098,-0.00286
4.7705,-0.01314,-0.02000,0.00544,-0.00202,-0.03651,0.00486,-0.01875,-0.00284,-0.00003,0.02181,-0.01556,0.01897,-0.02338,-0.27787,0.86431,1,0.01098,-0.00286
4.7725,-0.01314,-0.02000,0.00537,-0.00201,-0.03642,0.00440,-0.01875,-0.00270,-0.00003,0.02147,-0.01552,0.01877,-0.02267,-0.27787,0.86426,1,0.01098,-0.00286
4.7746,-0.01314,-0.02000,0.00530,-0.00201,-0.03633,0.00383,-0.01875,-0.00256,-0.00003,0.02112,-0.01548,0.01856,-0.02184,-0.27780,0.86421,1,0.01098,-0.00286
4.7766,-0.01200,-0.01796,0.00640,-0.00241,-0.03275,0.00355,-0.02812,-0.00242,-0.00003,0.02667,-0.01679,0.01848,-0.02088,-0.27770,0.86416,1,0.00907,-0.00296
4.7786,-0.01200,-0.01796,0.00633,-0.00241,-0.03279,0.00277,-0.02812,-0.00228,-0.00002,0.02636,-0.01676,0.01854,-0.01979,-0.27771,0.86412,1,0.00907,-0.00296
4.7806,-0.01200,-0.01796,0.00627,-0.00240,-0.03294,0.00188,-0.02812,-0.00215,-0.00002,0.02605,-0.01674,0.01871,-0.01858,-0.27769,0.86408,1,0.00907,-0.00296
4.7826,-0.01200,-0.01796,0.00620,-0.00240,-0.03319,0.00088,-0.02812,-0.00201,-0.00002,0.02573,-0.01672,0.01902,-0.01723,-0.27764,0.86409,1,0.00907,-0.00296
4.7846,-0.01200,-0.01796,0.00614,-0.00240,-0.03356,-0.00023,-0.02812,-0.00187,-0.00002,0.02541,-0.01672,0.01946,-0.01602,-0.27760,0.86402,1,0.00907,-0.00296
4.7866,-0.01200,-0.01796,0.00607,-0.00240,-0.03403,-0.00123,-0.02812,-0.00173,-0.00002,0.02509,-0.01673,0.02002,-0.01493,-0.27753,0.86397,1,0.00907,-0.00296
4.7886,-0.01200,-0.01796,0.00600,-0.00240,-0.03461,-0.00212,-0.02812,-0.00159,-0.00002,0.02477,-0.01674,0.02071,-0.01397,-0.27751,0.86397,1,0.00907,-0.00296
4.7906,-0.01200,-0.01796,0.00593,-0.00241,-0.03530,-0.00290,-0.02812,-0.00145,-0.00002,0.02444,-0.01677,0.02153,-0.01314,-0.27743,0.86397,1,0.00907,-0.00296
4.7926,-0.01200,-0.01796,0.00586,-0.00241,-0.03610,-0.00357,-0.02812,-0.00132,-0.00001,0.02410,-0.01680,0.02248,-0.01243,-0.27736,0.86398,1,0.00907,-0.00296
4.7946,-0.01200,-0.01796,0.00579,-0.00242,-0.03701,-0.00413,-0.02812,-0.00118,-0.00001,0.02375,-0.01683,0.02329,-0.01186,-0.27732,0.86394,1,0.00907,-0.00296
4.7966,-0.01200,-0.01796,0.00571,-0.00243,-0.03780,-0.00458,-0.02812,-0.00104,-0.00001,0.02340,-0.01688,0.02399,-0.01141,-0.27725,0.86391,1,0.00907,-0.00296
4.7986,-0.01200,-0.01796,0.00563,-0.00244,-0.03849,-0.00493,-0.02812,-0.00090,-0.00001,0.02304,-0.01692,0.02455,-0.01109,-0.27721,0.86391,1,0.00907,-0.00296
4.8006,-0.01200,-0.01796,0.00556,-0.00245,-0.03906,-0.00516,-0.02812,-0.00076,-0.00001,0.02267,-0.01697,0.02498,-0.01090,-0.27717,0.86389,1,0.00907,-0.00296
4.8026,-0.01200,-0.01796,0.00548,-0.00246,-0.03952,-0.00528,-0.02812,-0.00062,-0.00001,0.02230,-0.01702,0.02529,-0.01083,-0.27708,0.86383,1,0.00907,-0.00296
4.8046,-0.01200,-0.01796,0.00540,-0.00247,-0.03988,-0.00529,-0.02812,-0.00049,-0.00001,0.02192,-0.01707,0.02547,-0.01090,-0.27706,0.86383,1,0.00907,-0.00296
4.8066,-0.01200,-0.01796,0.00532,-0.00248,-0.04012,-0.00520,-0.02812,-0.00035,-0.00000,0.02154,-0.01712,0.02552,-0.01109,-0.27704,0.86382,1,0.00907,-0.00296
4.8086,-0.01200,-0.01796,0.00524,-0.00249,-0.04025,-0.00499,-0.02812,-0.00021,-0.00000,0.02116,-0.01717,0.02544,-0.01141,-0.27698,0.86381,1,0.00907,-0.00296
4.8106,-0.01200,-0.01796,0.00516,-0.00250,-0.04027,-0.00468,-0.02812,-0.00007,-0.00000,0.02078,-0.01721,0.02524,-0.01186,-0.27694,0.86381,1,0.00907,-0.00296
4.8126,-0.01200,-0.01796,0.00508,-0.00251,-0.04018,-0.00425,-0.02812,-0.00000,-0.00000,0.02040,-0.01726,0.02490,-0.01243,-0.27686,0.86379,1,0.00907,-0.00296
4.8146,-0.01200,-0.01796,0.00500,-0.00252,-0.03998,-0.00372,-0.02812,-0.00000,-0.00000,0.02002,-0.01730,0.02444,-0.01314,-0.27682,0.86376,1,0.00907,-0.00296
4.8166,-0.01200,-0.01796,0.00492,-0.00252,-0.03966,-0.00307,-0.02812,-0.00000,-0.00000,0.01964,-0.01734,0.02385,-0.01397,-0.27679,0.86370,1,0.00907,-0.00296
4.8186,-0.01200,-0.01796,0.00484,-0.00253,-0.03924,-0.00232,-0.02812,-0.00000,-0.00000,0.01926,-0.01737,0.02314,-0.01493,-0.27674,0.86370,1,0.00907,-0.00296
4.8206,-0.01200,-0.01796,0.00476,-0.00253,-0.03871,-0.00146,-0.02812,-0.00000,-0.00000,0.01889,-0.01739,0.02229,-0.01602,-0.27672,0.86367,1,0.00907,-0.00296
4.8226,-0.01200,-0.01796,0.00468,-0.00254,-0.03806,-0.00048,-0.02812,-0.00000,-0.00000,0.01852,-0.01741,0.02132,-0.01723,-0.27669,0.86362,1,0.00907,-0.00296
4.8246,-0.01200,-0.01796,0.00461,-0.00254,-0.03731,0.00060,-0.02812,-0.00000,-0.00000,0.01816,-0.01741,0.02022,-0.01832,-0.27666,0.86364,1,0.00907,-0.00296
4.8266,-0.01200,-0.01796,0.00453,-0.00253,-0.03644,0.00157,-0.02812,-0.00000,-0.00000,0.01781,-0.01741,0.01899,-0.01928,-0.27662,0.86360,1,0.00907,-0.00296
4.8286,-0.01200,-0.01796,0.00446,-0.00253,-0.03547,0.00243,-0.02812,-0.00000,-0.00000,0.01747,-0.01739,0.01763,-0.02011,-0.27659,0.86357,1,0.00907,-0.00296
4.8306,-0.01200,-0.01796,0.00439,-0.00252,-0.03438,0.00319,-0.02812,-0.00000,-0.00000,0.01713,-0.01737,0.01640,-0.02082,-0.27655,0.86349,1,0.00907,-0.00296
4.8326,-0.01200,-0.01796,0.00433,-0.00252,-0.03340,0.00383,-0.02812,-0.00000,-0.00000,0.01681,-0.01735,0.01530,-0.02139,-0.27651,0.86345,1,0.00907,-0.00296
4.8346,-0.01200,-0.01796,0.00426,-0.00251,-0.03253,0.00436,-0.02812,-0.00000,-0.00000,0.01649,-0.01731,0.01433,-0.02184,-0.27651,0.86341,1,0.00907,-0.00296
4.8366,-0.01200,-0.01796,0.00419,-0.00250,-0.03177,0.00479,-0.02812,-0.00000,-0.00000,0.01618,-0.01727,0.01348,-0.02216,-0.27651,0.86334,1,0.00907,-0.00296
4.8386,-0.01200,-0.01796,0.00413,-0.00249,-0.03112,0.00510,-0.02812,-0.00000,-0.00000,0.01588,-0.01723,0.01277,-0.02235,-0.27649,0.86327,1,0.00907,-0.00296
4.8407,-0.01125,-0.01977,0.00503,-0.00198,-0.02825,0.00668,-0.02034,-0.00000,-0.00000,0.02034,-0.01538,0.01218,-0.02242,-0.27643,0.86323,1,0.00747,-0.00144
4.8427,-0.01125,-0.01977,0.00497,-0.00197,-0.02783,0.00677,-0.02034,-0.00000,-0.00000,0.02007,-0.01532,0.01172,-0.02235,-0.27640,0.86323,1,0.00747,-0.00144
4.8447,-0.01125,-0.01977,0.00492,-0.00196,-0.02752,0.00675,-0.02034,-0.00000,-0.00000,0.01980,-0.01527,0.01138,-0.02216,-0.27637,0.86321,1,0.00747,-0.00144
4.8467,-0.01125,-0.01977,0.00486,-0.00194,-0.02731,0.00662,-0.02034,-0.00000,-0.00000,0.01954,-0.01521,0.01118,-0.02184,-0.27635,0.86315,1,0.00747,-0.00144
4.8487,-0.01125,-0.01977,0.00481,-0.00193,-0.02722,0.00638,-0.02034,-0.00000,-0.00000,0.01928,-0.01515,0.01110,-0.02139,-0.27624,0.86311,1,0.00747,-0.00144
4.8507,-0.01125,-0.01977,0.00475,-0.00192,-0.02723,0.00602,-0.02034,-0.00000,-0.00000,0.01902,-0.01510,0.01115,-0.02082,-0.27625,0.86305,1,0.00747,-0.00144
4.8527,-0.01125,-0.01977,0.00470,-0.00190,-0.02735,0.00556,-0.02034,-0.00000,-0.00000,0.01876,-0.01505,0.01133,-0.02011,-0.27623,0.86298,1,0.00747,-0.00144
4.8547,-0.01125,-0.01977,0.00464,-0.00189,-0.02759,0.00499,-0.02034,-0.00000,-0.00000,0.01849,-0.01501,0.01164,-0.01928,-0.27615,0.86290,1,0.00747,-0.00144
4.8567,-0.01125,-0.01977,0.00459,-0.00188,-0.02792,0.00432,-0.02034,-0.00000,-0.00000,0.01823,-0.01497,0.01207,-0.01832,-0.27614,0.86289,1,0.00747,-0.00144
4.8587,-0.01125,-0.01977,0.00453,-0.00188,-0.02837,0.00353,-0.02034,-0.00000,-0.00000,0.01796,-0.01494,0.01264,-0.01723,-0.27607,0.86283,1,0.00747,-0.00144
4.8607,-0.01125,-0.01977,0.00447,-0.00187,-0.02893,0.00263,-0.02034,-0.00000,-0.00000,0.01768,-0.01492,0.01333,-0.01602,-0.27598,0.86280,1,0.00747,-0.00144
4.8627,-0.01125,-0.01977,0.00441,-0.00187,-0.02959,0.00162,-0.02034,-0.00000,-0.00000,0.01740,-0.01490,0.01415,-0.01490,-0.27600,0.86282,1,0.00747,-0.00144
4.8647,-0.01125,-0.01977,0.00435,-0.00186,-0.03036,0.00070,-0.02034,-0.00000,-0.00000,0.01712,-0.01490,0.01509,-0.01391,-0.27595,0.86275,1,0.00747,-0.00144
4.8667,-0.01125,-0.01977,0.00429,-0.00186,-0.03125,-0.00012,-0.02034,-0.00000,-0.00000,0.01682,-0.01490,0.01617,-0.01305,-0.27586,0.86269,1,0.00747,-0.00144
4.8687,-0.01125,-0.01977,0.00423,-0.00186,-0.03223,-0.00082,-0.02034,-0.00000,-0.00000,0.01652,-0.01491,0.01711,-0.01232,-0.27582,0.86268,1,0.00747,-0.00144
4.8707,-0.01125,-0.01977,0.00416,-0.00187,-0.03311,-0.00142,-0.02034,-0.00000,-0.00000,0.01621,-0.01493,0.01793,-0.01172,-0.27576,0.86269,1,0.00747,-0.00144
4.8727,-0.01125,-0.01977,0.00410,-0.00187,-0.03388,-0.00190,-0.02034,-0.00000,-0.00000,0.01589,-0.01495,0.01862,-0.01124,-0.27574,0.86263,1,0.00747,-0.00144
4.8747,-0.01125,-0.01977,0.00403,-0.00187,-0.03454,-0.00228,-0.02034,-0.00000,-0.00000,0.01556,-0.01497,0.01919,-0.01089,-0.27569,0.86260,1,0.00747,-0.00144
4.8768,-0.01125,-0.01977,0.00396,-0.00188,-0.03509,-0.00254,-0.02034,-0.00000,-0.00000,0.01523,-0.01500,0.01962,-0.01067,-0.27566,0.86257,1,0.00747,-0.00144
4.8788,-0.01125,-0.01977,0.00389,-0.00188,-0.03552,-0.00270,-0.02034,-0.00000,-0.00000,0.01489,-0.01503,0.01993,-0.01058,-0.27566,0.86253,1,0.00747,-0.00144
4.8808,-0.01125,-0.01977,0.00382,-0.00189,-0.03585,-0.00275,-0.02034,-0.00000,-0.00000,0.01455,-0.01506,0.02011,-0.01061,-0.27563,0.86251,1,0.00747,-0.00144
4.8828,-0.01125,-0.01977,0.00375,-0.00190,-0.03606,-0.00268,-0.02034,-0.00000,-0.00000,0.01421,-0.01510,0.02016,-0.01078,-0.27556,0.86251,1,0.00747,-0.00144
4.8848,-0.01125,-0.01977,0.00367,-0.00190,-0.03617,-0.00251,-0.02034,-0.00000,-0.00000,0.01386,-0.01513,0.02008,-0.01107,-0.27562,0.86245,1,0.00747,-0.00144
4.8868,-0.01125,-0.01977,0.00360,-0.00191,-0.03616,-0.00223,-0.02034,-0.00000,-0.00000,0.01352,-0.01516,0.01988,-0.01149,-0.27553,0.86242,1,0.00747,-0.00144
4.8888,-0.01125,-0.01977,0.00353,-0.00191,-0.03605,-0.00184,-0.02034,-0.00000,-0.00000,0.01317,-0.01518,0.01954,-0.01204,-0.27553,0.86238,1,0.00747,-0.00144
4.8908,-0.01125,-0.01977,0.00346,-0.00191,-0.03582,-0.00134,-0.02034,-0.00000,-0.00000,0.01283,-0.01520,0.01908,-0.01271,-0.27552,0.86235,1,0.00747,-0.00144
4.8928,-0.01125,-0.01977,0.00339,-0.00191,-0.03548,-0.00073,-0.02034,-0.00000,-0.00000,0.01249,-0.01522,0.01849,-0.01352,-0.27551,0.86231,1,0.00747,-0.00144
4.8948,-0.01125,-0.01977,0.00332,-0.00192,-0.03503,-0.00001,-0.02034,-0.00000,-0.00000,0.01215,-0.01523,0.01778,-0.01445,-0.27550,0.86232,1,0.00747,-0.00144
4.8968,-0.01125,-0.01977,0.00325,-0.00191,-0.03448,0.00082,-0.02034,-0.00000,-0.00000,0.01182,-0.01523,0.01693,-0.01525,-0.27548,0.86231,1,0.00747,-0.00144
4.8988,-0.01125,-0.01977,0.00318,-0.00191,-0.03381,0.00154,-0.02034,-0.00000,-0.00000,0.01149,-0.01522,0.01596,-0.01593,-0.27548,0.86223,1,0.00747,-0.00144
4.9008,-0.01125,-0.01977,0.00311,-0.00191,-0.03303,0.00214,-0.02034,-0.00000,-0.00000,0.01117,-0.01521,0.01486,-0.01647,-0.27546,0.86219,1,0.00747,-0.00144
4.9028,-0.01125,-0.01977,0.00305,-0.00190,-0.03214,0.00264,-0.02034,-0.00000,-0.00000,0.01086,-0.01520,0.01363,-0.01689,-0.27543,0.86218,1,0.00747,-0.00144
4.9048,-0.01125,-0.01977,0.00298,-0.00190,-0.03113,0.00304,-0.02034,-0.00000,-0.00000,0.01056,-0.01517,0.01227,-0.01719,-0.27546,0.86212,1,0.00747,-0.00144
4.9068,-0.01125,-0.01977,0.00292,-0.00189,-0.03002,0.00332,-0.02034,-0.00000,-0.00000,0.01027,-0.01515,0.01078,-0.01735,-0.27544,0.86209,1,0.00747,-0.00144
4.9088,-0.01084,-0.02226,0.00347,-0.00053,-0.02875,0.00738,-0.00910,-0.00000,-0.00000,0.01299,-0.00947,0.00943,-0.01739,-0.27544,0.86207,0,0.00547,0.00078
4.9109,-0.01084,-0.02226,0.00342,-0.00051,-0.02765,0.00742,-0.00910,-0.00000,-0.00000,0.01272,-0.00940,0.00820,-0.01729,-0.27543,0.86202,0,0.00547,0.00078
4.9129,-0.01084,-0.02226,0.00336,-0.00050,-0.02665,0.00735,-0.00910,-0.00000,-0.00000,0.01246,-0.00934,0.00710,-0.01707,-0.27536,0.86204,0,0.00547,0.00078
4.9149,-0.01084,-0.02226,0.00331,-0.00049,-0.02577,0.00717,-0.00910,-0.00000,-0.00000,0.01221,-0.00928,0.00612,-0.01672,-0.27539,0.86197,0,0.00547,0.00078
4.9169,-0.01084,-0.02226,0.00326,-0.00047,-0.02499,0.00688,-0.00910,-0.00000,-0.00000,0.01197,-0.00922,0.00528,-0.01625,-0.27541,0.86195,0,0.00547,0.00078
4.9189,-0.01084,-0.02226,0.00321,-0.00046,-0.02432,0.00648,-0.00910,-0.00000,-0.00000,0.01173,-0.00916,0.00456,-0.01564,-0.27539,0.86192,0,0.00547,0.00078
4.9209,-0.01084,-0.02226,0.00316,-0.00045,-0.02376,0.00597,-0.00910,-0.00000,-0.00000,0.01150,-0.00911,0.00397,-0.01491,-0.27541,0.86191,0,0.00547,0.00078
4.9229,-0.01084,-0.02226,0.00311,-0.00043,-0.02331,0.00535,-0.00910,-0.00000,-0.00000,0.01128,-0.00906,0.00351,-0.01405,-0.27538,0.86189,0,0.00547,0.00078
4.9249,-0.01084,-0.02226,0.00307,-0.00042,-0.02297,0.00462,-0.00910,-0.00000,-0.00000,0.01105,-0.00902,0.00318,-0.01306,-0.27538,0.86186,0,0.00547,0.00078
4.9269,-0.01084,-0.02226,0.00302,-0.00042,-0.02273,0.00378,-0.00910,-0.00000,-0.00000,0.01084,-0.00899,0.00297,-0.01195,-0.27534,0.86184,0,0.00547,0.00078
4.9289,-0.01084,-0.02226,0.00298,-0.00041,-0.02261,0.00283,-0.00910,-0.00000,-0.00000,0.01062,-0.00897,0.00290,-0.01070,-0.27532,0.86181,0,0.00547,0.00078
4.9309,-0.01084,-0.02226,0.00293,-0.00040,-0.02259,0.00178,-0.00910,-0.00000,-0.00000,0.01040,-0.00895,0.00295,-0.00933,-0.27528,0.86182,0,0.00547,0.00078
4.9329,-0.01084,-0.02226,0.00289,-0.00040,-0.02268,0.00061,-0.00910,-0.00000,-0.00000,0.01018,-0.00895,0.00313,-0.00809,-0.27528,0.86181,0,0.00547,0.00078
4.9349,-0.01084,-0.02226,0.00284,-0.00040,-0.02288,-0.00045,-0.00910,-0.00000,-0.00000,0.00996,-0.00895,0.00343,-0.00697,-0.27529,0.86177,0,0.00547,0.00078
4.9369,-0.01084,-0.02226,0.00279,-0.00040,-0.02319,-0.00139,-0.00910,-0.00000,-0.00000,0.00974,-0.00897,0.00387,-0.00598,-0.27522,0.86175,0,0.00547,0.00078
4.9389,-0.01084,-0.02226,0.00275,-0.00041,-0.02361,-0.00223,-0.00910,-0.00000,-0.00000,0.00952,-0.00899,0.00443,-0.00512,-0.27519,0.86174,0,0.00547,0.00078
4.9409,-0.01084,-0.02226,0.00270,-0.00041,-0.02413,-0.00296,-0.00910,-0.00000,-0.00000,0.00929,-0.00902,0.00512,-0.00439,-0.27519,0.86174,0,0.00547,0.00078
4.9429,-0.01084,-0.02226,0.00265,-0.00042,-0.02477,-0.00358,-0.00910,-0.00000,-0.00000,0.00906,-0.00906,0.00594,-0.00378,-0.27519,0.86174,0,0.00547,0.00078
4.9450,-0.01084,-0.02226,0.00260,-0.00043,-0.02551,-0.00409,-0.00910,-0.00000,-0.00000,0.00881,-0.00910,0.00689,-0.00331,-0.27513,0.86172,0,0.00547,0.00078
4.9470,-0.01084,-0.02226,0.00255,-0.00044,-0.02636,-0.00449,-0.00910,-0.00000,-0.00000,0.00857,-0.00915,0.00796,-0.00296,-0.27510,0.86168,0,0.00547,0.00078
4.9490,-0.01084,-0.02226,0.00249,-0.00044,-0.02732,-0.00478,-0.00910,-0.00000,-0.00000,0.00831,-0.00920,0.00891,-0.00274,-0.27505,0.86169,0,0.00547,0.00078
4.9510,-0.01084,-0.02226,0.00244,-0.00045,-0.02817,-0.00496,-0.00910,-0.00000,-0.00000,0.00804,-0.00925,0.00973,-0.00265,-0.27500,0.86171,0,0.00547,0.00078
4.9530,-0.01084,-0.02226,0.00238,-0.00046,-0.02891,-0.00503,-0.00910,-0.00000,-0.00000,0.00777,-0.00931,0.01042,-0.00268,-0.27502,0.86171,0,0.00547,0.00078
4.9550,-0.01084,-0.02226,0.00232,-0.00047,-0.02954,-0.00499,-0.00910,-0.00000,-0.00000,0.00749,-0.00936,0.01098,-0.00285,-0.27494,0.86168,0,0.00547,0.00078
4.9570,-0.01084,-0.02226,0.00226,-0.00048,-0.03006,-0.00484,-0.00910,-0.00000,-0.00000,0.00721,-0.00941,0.01142,-0.00314,-0.27493,0.86165,0,0.00547,0.00078
4.9590,-0.01084,-0.02226,0.00220,-0.00049,-0.03047,-0.00458,-0.00910,-0.00000,-0.00000,0.00692,-0.00947,0.01172,-0.00356,-0.27482,0.86167,0,0.00547,0.00078
4.9610,-0.01084,-0.02226,0.00214,-0.00050,-0.03077,-0.00422,-0.00910,-0.00000,-0.00000,0.00662,-0.00951,0.01190,-0.00410,-0.27484,0.86167,0,0.00547,0.00078
4.9630,-0.01084,-0.02226,0.00208,-0.00051,-0.03095,-0.00374,-0.00910,-0.00000,-0.00000,0.00633,-0.00956,0.01195,-0.00478,-0.27483,0.86167,0,0.00547,0.00078
4.9650,-0.01084,-0.02226,0.00202,-0.00052,-0.03103,-0.00315,-0.00910,-0.00000,-0.00000,0.00603,-0.00960,0.01188,-0.00558,-0.27481,0.86166,0,0.00547,0.00078
4.9670,-0.01084,-0.02226,0.00196,-0.00052,-0.03100,-0.00246,-0.00910,-0.00000,-0.00000,0.00574,-0.00963,0.01167,-0.00652,-0.27480,0.86165,0,0.00547,0.00078
4.9691,-0.01084,-0.02226,0.00189,-0.00053,-0.03085,-0.00165,-0.00910,-0.00000,-0.00000,0.00544,-0.00966,0.01134,-0.00758,-0.27478,0.86163,0,0.00547,0.00078
4.9711,-0.01084,-0.02226,0.00183,-0.00053,-0.03060,-0.00074,-0.00910,-0.00000,-0.00000,0.00515,-0.00967,0.01088,-0.00876,-0.27477,0.86163,0,0.00547,0.00078
4.9731,-0.01084,-0.02226,0.00177,-0.00053,-0.03024,0.00028,-0.00910,-0.00000,-0.00000,0.00486,-0.00968,0.01029,-0.00982,-0.27479,0.86159,0,0.00547,0.00078
4.9752,-0.01084,-0.02226,0.00171,-0.00053,-0.02976,0.00120,-0.00910,-0.00000,-0.00000,0.00457,-0.00968,0.00957,-0.01075,-0.27476,0.86162,0,0.00547,0.00078
4.9772,-0.01261,-0.02574,0.00300,0.00175,-0.02546,0.00816,-0.00099,-0.00000,-0.00000,0.01013,0.00004,0.00898,-0.01156,-0.27475,0.86157,0,0.00535,0.00400
4.9792,-0.01261,-0.02574,0.00295,0.00177,-0.02500,0.00882,-0.00099,-0.00000,-0.00000,0.00989,0.00011,0.00852,-0.01223,-0.27473,0.86155,0,0.00535,0.00400
4.9812,-0.01261,-0.02574,0.00290,0.00179,-0.02466,0.00937,-0.00099,-0.00000,-0.00000,0.00965,0.00019,0.00819,-0.01278,-0.27477,0.86152,0,0.00535,0.00400
4.9832,-0.01261,-0.02574,0.00285,0.00180,-0.02442,0.00981,-0.00099,-0.00000,-0.00000,0.00941,0.00027,0.00798,-0.01320,-0.27472,0.86151,0,0.00535,0.00400
4.9852,-0.01261,-0.02574,0.00280,0.00182,-0.02429,0.01013,-0.00099,-0.00000,-0.00000,0.00918,0.00036,0.00791,-0.01349,-0.27471,0.86147,0,0.00535,0.00400
4.9872,-0.01261,-0.02574,0.00276,0.00184,-0.02427,0.01035,-0.00099,-0.00000,-0.00000,0.00894,0.00045,0.00796,-0.01366,-0.27472,0.86145,0,0.00535,0.00400
4.9892,-0.01261,-0.02574,0.00271,0.00187,-0.02436,0.01046,-0.00099,-0.00000,-0.00000,0.00871,0.00054,0.00814,-0.01369,-0.27472,0.86145,0,0.00535,0.00400
4.9912,-0.01261,-0.02574,0.00266,0.00189,-0.02456,0.01046,-0.00099,-0.00000,-0.00000,0.00848,0.00063,0.00844,-0.01360,-0.27473,0.86142,0,0.00535,0.00400
4.9932,-0.01261,-0.02574,0.00261,0.00191,-0.02486,0.01035,-0.00099,-0.00000,-0.00000,0.00824,0.00072,0.00862,-0.01338,-0.27468,0.86138,0,0.00535,0.00400
4.9952,-0.01261,-0.02574,0.00256,0.00193,-0.02506,0.01013,-0.00099,-0.00000,-0.00000,0.00800,0.00081,0.00867,-0.01303,-0.27463,0.86142,0,0.00535,0.00400
4.9972,-0.01261,-0.02574,0.00251,0.00195,-0.02514,0.00980,-0.00099,-0.00000,-0.00000,0.00776,0.00090,0.00859,-0.01255,-0.27463,0.86137,0,0.00535,0.00400
4.9992,-0.01261,-0.02574,0.00246,0.00197,-0.02512,0.00936,-0.00099,-0.00000,-0.00000,0.00752,0.00098,0.00839,-0.01195,-0.27464,0.86135,0,0.00535,0.00400
5.0013,-0.01261,-0.02574,0.00241,0.00198,-0.02498,0.00881,-0.00099,-0.00000,-0.00000,0.00728,0.00106,0.00806,-0.01122,-0.27462,0.86134,0,0.00535,0.00400
5.0033,-0.01261,-0.02574,0.00236,0.00200,-0.02474,0.00815,-0.00099,-0.00000,-0.00000,0.00704,0.00113,0.00760,-0.01036,-0.27456,0.86131,0,0.00535,0.00400
5.0053,-0.01261,-0.02574,0.00231,0.00202,-0.02438,0.00738,-0.00099,-0.00000,-0.00000,0.00680,0.00120,0.00701,-0.00937,-0.27452,0.86129,0,0.00535,0.00400
5.0073,-0.01261,-0.02574,0.00226,0.00203,-0.02392,0.00650,-0.00099,-0.00000,-0.00000,0.00657,0.00125,0.00655,-0.00825,-0.27447,0.86129,0,0.00535,0.00400
5.0093,-0.01261,-0.02574,0.00221,0.00204,-0.02356,0.00551,-0.00099,-0.00000,-0.00000,0.00634,0.00130,0.00621,-0.00701,-0.27449,0.86124,0,0.00535,0.00400
5.0113,-0.01261,-0.02574,0.00217,0.00205,-0.02331,0.00441,-0.00099,-0.00000,-0.00000,0.00611,0.00134,0.00601,-0.00564,-0.27448,0.86122,0,0.00535,0.00400
5.0133,-0.01261,-0.02574,0.00212,0.00206,-0.02317,0.00321,-0.00099,-0.00000,-0.00000,0.00589,0.00137,0.00589,-0.00414,-0.27449,0.86125,0,0.00535,0.00400
5.0153,-0.01261,-0.02574,0.00207,0.00207,-0.02311,0.00189,-0.00099,-0.00000,-0.00000,0.00567,0.00139,0.00567,-0.00254,-0.27446,0.86122,0,0.00535,0.00400
5.0173,-0.01261,-0.02574,0.00203,0.00207,-0.02295,0.00049,-0.00099,-0.00000,-0.00000,0.00545,0.00139,0.00545,-0.00094,-0.27445,0.86121,0,0.00535,0.00400
5.0193,-0.01261,-0.02574,0.00198,0.00207,-0.02279,-0.00092,-0.00099,-0.00000,-0.00000,0.00523,0.00138,0.00523,0.00066,-0.27444,0.86118,0,0.00535,0.00400
5.0213,-0.01261,-0.02574,0.00194,0.00206,-0.02264,-0.00232,-0.00099,-0.00000,-0.00000,0.00501,0.00136,0.00501,0.00214,-0.27444,0.86118,0,0.00535,0.00400
5.0233,-0.01261,-0.02574,0.00189,0.00206,-0.02248,-0.00361,-0.00099,-0.00000,-0.00000,0.00479,0.00132,0.00479,0.00348,-0.27445,0.86116,0,0.00535,0.00400
5.0254,-0.01261,-0.02574,0.00185,0.00205,-0.02233,-0.00479,-0.00099,-0.00000,-0.00000,0.00458,0.00127,0.00458,0.00470,-0.27445,0.86110,0,0.00535,0.00400
5.0274,-0.01261,-0.02574,0.00180,0.00204,-0.02217,-0.00587,-0.00099,-0.00000,-0.00000,0.00436,0.00122,0.00436,0.00578,-0.27439,0.86120,0,0.00535,0.00400
5.0294,-0.01261,-0.02574,0.00176,0.00203,-0.02202,-0.00683,-0.00099,-0.00000,-0.00000,0.00415,0.00115,0.00415,0.00674,-0.27438,0.86115,0,0.00535,0.00400
5.0314,-0.01261,-0.02574,0.00171,0.00201,-0.02187,-0.00769,-0.00099,-0.00000,-0.00000,0.00394,0.00107,0.00394,0.00758,-0.27441,0.86117,0,0.00535,0.00400
5.0334,-0.01261,-0.02574,0.00167,0.00200,-0.02171,-0.00843,-0.00099,-0.00000,-0.00000,0.00373,0.00099,0.00373,0.00828,-0.27443,0.86118,0,0.00535,0.00400
5.0354,-0.01261,-0.02574,0.00163,0.00198,-0.02156,-0.00906,-0.00099,-0.00000,-0.00000,0.00352,0.00090,0.00352,0.00886,-0.27442,0.86123,0,0.00535,0.00400
5.0374,-0.01261,-0.02574,0.00158,0.00196,-0.02141,-0.00959,-0.00099,-0.00000,-0.00000,0.00331,0.00080,0.00331,0.00930,-0.27438,0.86126,0,0.00535,0.00400
5.0394,-0.01261,-0.02574,0.00154,0.00194,-0.02126,-0.01001,-0.01151,-0.00000,-0.00000,0.00311,0.00070,0.00311,0.00962,-0.27438,0.86125,1,0.00436,0.00391
5.0414,-0.01180,-0.02184,0.00251,0.00293,-0.01765,-0.00715,-0.01151,-0.00000,-0.00000,0.00791,0.00655,0.00303,0.00982,-0.27440,0.86132,1,0.00436,0.00391
5.0434,-0.01180,-0.02184,0.00247,0.00292,-0.01763,-0.00736,-0.01151,-0.00000,-0.00000,0.00774,0.00648,0.00308,0.00988,-0.27440,0.86132,1,0.00436,0.00391
5.0454,-0.01180,-0.02184,0.00244,0.00290,-0.01771,-0.00747,-0.01151,-0.00000,-0.00000,0.00757,0.00640,0.00326,0.00982,-0.27432,0.86131,1,0.00436,0.00391
5.0474,-0.01180,-0.02184,0.00240,0.00289,-0.01790,-0.00746,-0.01151,-0.00000,-0.00000,0.00740,0.00633,0.00357,0.00962,-0.27437,0.86136,1,0.00436,0.00391
5.0494,-0.01180,-0.02184,0.00237,0.00287,-0.01820,-0.00734,-0.01151,-0.00000,-0.00000,0.00723,0.00625,0.00400,0.00930,-0.27433,0.86132,1,0.00436,0.00391
5.0514,-0.01180,-0.02184,0.00233,0.00286,-0.01861,-0.00712,-0.01151,-0.00000,-0.00000,0.00705,0.00617,0.00456,0.00886,-0.27435,0.86139,1,0.00436,0.00391
5.0534,-0.01180,-0.02184,0.00229,0.00285,-0.01913,-0.00678,-0.01151,-0.00000,-0.00000,0.00687,0.00610,0.00525,0.00828,-0.27436,0.86139,1,0.00436,0.00391
5.0554,-0.01180,-0.02184,0.00225,0.00283,-0.01976,-0.00634,-0.01151,-0.00000,-0.00000,0.00668,0.00603,0.00607,0.00758,-0.27434,0.86141,1,0.00436,0.00391
5.0574,-0.01180,-0.02184,0.00221,0.00282,-0.02050,-0.00578,-0.01151,-0.00000,-0.00000,0.00649,0.00597,0.00676,0.00674,-0.27426,0.86146,1,0.00436,0.00391
5.0594,-0.01180,-0.02184,0.00217,0.00281,-0.02112,-0.00512,-0.01151,-0.00000,-0.00000,0.00629,0.00591,0.00732,0.00591,-0.27426,0.86143,1,0.00436,0.00391
5.0614,-0.01180,-0.02184,0.00213,0.00280,-0.02164,-0.00445,-0.01151,-0.00000,-0.00000,0.00608,0.00586,0.00776,0.00521,-0.27428,0.86149,1,0.00436,0.00391
5.0634,-0.01180,-0.02184,0.00208,0.00279,-0.02205,-0.00390,-0.01151,-0.00000,-0.00000,0.00587,0.00581,0.00807,0.00463,-0.27423,0.86153,1,0.00436,0.00391
5.0654,-0.01180,-0.02184,0.00204,0.00278,-0.02234,-0.00345,-0.01151,-0.00000,-0.00000,0.00566,0.00577,0.00824,0.00418,-0.27425,0.86153,1,0.00436,0.00391
5.0674,-0.01180,-0.02184,0.00199,0.00278,-0.02253,-0.00312,-0.01151,-0.00000,-0.00000,0.00544,0.00573,0.00829,0.00386,-0.27418,0.86148,1,0.00436,0.00391
5.0694,-0.01180,-0.02184,0.00195,0.00277,-0.02260,-0.00289,-0.01151,-0.00000,-0.00000,0.00522,0.00570,0.00822,0.00367,-0.27416,0.86154,1,0.00436,0.00391
5.0714,-0.01180,-0.02184,0.00190,0.00277,-0.02257,-0.00277,-0.01151,-0.00000,-0.00000,0.00501,0.00567,0.00801,0.00360,-0.27417,0.86149,1,0.00436,0.00391
5.0734,-0.01180,-0.02184,0.00186,0.00276,-0.02242,-0.00276,-0.01151,-0.00000,-0.00000,0.00479,0.00563,0.00768,0.00367,-0.27412,0.86153,1,0.00436,0.00391
5.0754,-0.01180,-0.02184,0.00181,0.00275,-0.02217,-0.00286,-0.01151,-0.00000,-0.00000,0.00458,0.00560,0.00722,0.00386,-0.27417,0.86150,1,0.00436,0.00391
5.0774,-0.01180,-0.02184,0.00177,0.00275,-0.02180,-0.00307,-0.01151,-0.00000,-0.00000,0.00436,0.00557,0.00663,0.00418,-0.27411,0.86154,1,0.00436,0.00391
5.0794,-0.01180,-0.02184,0.00173,0.00274,-0.02133,-0.00339,-0.01151,-0.00000,-0.00000,0.00416,0.00553,0.00591,0.00463,-0.27409,0.86155,1,0.00436,0.00391
5.0814,-0.01180,-0.02184,0.00169,0.00274,-0.02074,-0.00382,-0.01151,-0.00000,-0.00000,0.00395,0.00549,0.00506,0.00520,-0.27408,0.86155,1,0.00436,0.00391
5.0834,-0.01180,-0.02184,0.00164,0.00273,-0.02005,-0.00435,-0.01151,-0.00000,-0.00000,0.00376,0.00544,0.00409,0.00565,-0.27405,0.86157,1,0.00436,0.00391
5.0854,-0.01180,-0.02184,0.00161,0.00272,-0.01924,-0.00478,-0.01151,-0.00000,-0.00000,0.00357,0.00539,0.00324,0.00597,-0.27404,0.86159,1,0.00436,0.00391
5.0874,-0.01180,-0.02184,0.00157,0.00271,-0.01855,-0.00510,-0.01151,-0.00000,-0.00000,0.00339,0.00534,0.00253,0.00616,-0.27406,0.86156,1,0.00436,0.00391
5.0894,-0.01180,-0.02184,0.00153,0.00270,-0.01796,-0.00531,-0.01151,-0.00000,-0.00000,0.00321,0.00528,0.00194,0.00622,-0.27408,0.86157,1,0.00436,0.00391
5.0914,-0.01180,-0.02184,0.00150,0.00269,-0.01748,-0.00541,-0.01151,-0.00000,-0.00000,0.00304,0.00523,0.00148,0.00616,-0.27406,0.86156,1,0.00436,0.00391
5.0934,-0.01180,-0.02184,0.00146,0.00268,-0.01711,-0.00540,-0.01151,-0.00000,-0.00000,0.00287,0.00517,0.00114,0.00596,-0.27407,0.86158,1,0.00436,0.00391
5.0954,-0.01180,-0.02184,0.00143,0.00267,-0.01685,-0.00528,-0.01151,-0.00000,-0.00000,0.00271,0.00511,0.00094,0.00564,-0.27406,0.86160,1,0.00436,0.00391
5.0974,-0.01180,-0.02184,0.00139,0.00265,-0.01670,-0.00505,-0.01151,-0.00000,-0.00000,0.00255,0.00506,0.00086,0.00520,-0.27409,0.86161,1,0.00436,0.00391
5.0994,-0.01180,-0.02184,0.00136,0.00265,-0.01665,-0.00471,-0.01151,-0.00000,-0.00000,0.00238,0.00500,0.00091,0.00487,-0.27408,0.86159,1,0.00436,0.00391
5.1015,-0.01180,-0.02184,0.00133,0.00264,-0.01672,-0.00448,-0.01151,-0.00000,-0.00000,0.00222,0.00495,0.00109,0.00468,-0.27416,0.86162,1,0.00436,0.00391
5.1035,-0.01180,-0.02184,0.00129,0.00263,-0.01689,-0.00436,-0.01151,-0.00000,-0.00000,0.00206,0.00491,0.00140,0.00462,-0.27414,0.86161,1,0.00436,0.00391
5.1055,-0.01180,-0.02184,0.00126,0.00262,-0.01717,-0.00435,-0.01151,-0.00000,-0.00000,0.00190,0.00486,0.00183,0.00468,-0.27409,0.86164,1,0.00436,0.00391
5.1075,-0.01374,-0.02250,0.00262,0.00370,-0.01247,-0.00033,-0.00517,-0.00000,-0.00000,0.00777,0.00976,0.00239,0.00487,-0.27407,0.86161,0,0.00473,0.00484
5.1095,-0.01374,-0.02250,0.00260,0.00370,-0.01300,-0.00055,-0.00517,-0.00000,-0.00000,0.00765,0.00974,0.00308,0.00519,-0.27407,0.86161,0,0.00473,0.00484
5.1115,-0.01374,-0.02250,0.00257,0.00370,-0.01363,-0.00089,-0.00517,-0.00000,-0.00000,0.00752,0.00973,0.00390,0.00564,-0.27409,0.86161,0,0.00473,0.00484
5.1135,-0.01374,-0.02250,0.00254,0.00369,-0.01437,-0.00133,-0.00517,-0.00000,-0.00000,0.00738,0.00971,0.00485,0.00621,-0.27407,0.86161,0,0.00473,0.00484
5.1155,-0.01374,-0.02250,0.00251,0.00369,-0.01522,-0.00189,-0.00517,-0.00000,-0.00000,0.00723,0.00969,0.00592,0.00692,-0.27409,0.86163,0,0.00473,0.00484
5.1175,-0.01374,-0.02250,0.00248,0.00369,-0.01618,-0.00255,-0.00517,-0.00000,-0.00000,0.00708,0.00966,0.00708,0.00775,-0.27403,0.86162,0,0.00473,0.00484
5.1195,-0.01374,-0.02250,0.00245,0.00368,-0.01722,-0.00332,-0.00517,-0.00000,-0.00000,0.00692,0.00963,0.00811,0.00871,-0.27401,0.86166,0,0.00473,0.00484
5.1215,-0.01374,-0.02250,0.00241,0.00367,-0.01814,-0.00420,-0.00517,-0.00000,-0.00000,0.00675,0.00959,0.00902,0.00959,-0.27396,0.86172,0,0.00473,0.00484
5.1235,-0.01374,-0.02250,0.00238,0.00366,-0.01895,-0.00502,-0.00517,-0.00000,-0.00000,0.00657,0.00954,0.00979,0.01034,-0.27396,0.86173,0,0.00473,0.00484
5.1255,-0.01374,-0.02250,0.00234,0.00365,-0.01965,-0.00572,-0.00517,-0.00000,-0.00000,0.00638,0.00948,0.01044,0.01096,-0.27389,0.86176,0,0.00473,0.00484
5.1275,-0.01374,-0.02250,0.00230,0.00364,-0.02025,-0.00631,-0.00517,-0.00000,-0.00000,0.00619,0.00942,0.01096,0.01146,-0.27389,0.86180,0,0.00473,0.00484
5.1295,-0.01374,-0.02250,0.00226,0.00363,-0.02073,-0.00680,-0.00517,-0.00000,-0.00000,0.00599,0.00935,0.01135,0.01183,-0.27383,0.86180,0,0.00473,0.00484
5.1315,-0.01374,-0.02250,0.00222,0.00361,-0.02110,-0.00717,-0.00517,-0.00000,-0.00000,0.00579,0.00927,0.01162,0.01207,-0.27377,0.86187,0,0.00473,0.00484
5.1335,-0.01374,-0.02250,0.00217,0.00360,-0.02136,-0.00744,-0.00517,-0.00000,-0.00000,0.00559,0.00920,0.01175,0.01218,-0.27379,0.86189,0,0.00473,0.00484
5.1355,-0.01374,-0.02250,0.00213,0.00358,-0.02151,-0.00759,-0.00517,-0.00000,-0.00000,0.00538,0.00912,0.01176,0.01216,-0.27372,0.86189,0,0.00473,0.00484
5.1375,-0.01374,-0.02250,0.00209,0.00357,-0.02155,-0.00764,-0.00517,-0.00000,-0.00000,0.00517,0.00904,0.01164,0.01202,-0.27372,0.86194,0,0.00473,0.00484
5.1395,-0.01374,-0.02250,0.00204,0.00355,-0.02149,-0.00757,-0.00517,-0.00000,-0.00000,0.00496,0.00896,0.01139,0.01174,-0.27373,0.86198,0,0.00473,0.00484
5.1415,-0.01374,-0.02250,0.00200,0.00354,-0.02131,-0.00740,-0.00517,-0.00000,-0.00000,0.00476,0.00889,0.01102,0.01134,-0.27373,0.86198,0,0.00473,0.00484
5.1435,-0.01374,-0.02250,0.00196,0.00352,-0.02102,-0.00712,-0.00517,-0.00000,-0.00000,0.00455,0.00881,0.01051,0.01081,-0.27371,0.86198,0,0.00473,0.00484
5.1455,-0.01374,-0.02250,0.00192,0.00351,-0.02062,-0.00672,-0.00517,-0.00000,-0.00000,0.00435,0.00874,0.00988,0.01016,-0.27375,0.86199,0,0.00473,0.00484
5.1475,-0.01374,-0.02250,0.00188,0.00350,-0.02011,-0.00622,-0.00517,-0.00000,-0.00000,0.00415,0.00867,0.00912,0.00937,-0.27370,0.86202,0,0.00473,0.00484
5.1495,-0.01374,-0.02250,0.00184,0.00348,-0.01949,-0.00561,-0.00517,-0.00000,-0.00000,0.00396,0.00861,0.00823,0.00861,-0.27369,0.86200,0,0.00473,0.00484
5.1515,-0.01374,-0.02250,0.00180,0.00347,-0.01876,-0.00501,-0.00517,-0.00000,-0.00000,0.00378,0.00855,0.00722,0.00797,-0.27369,0.86201,0,0.00473,0.00484
5.1535,-0.01374,-0.02250,0.00176,0.00346,-0.01792,-0.00453,-0.00517,-0.00000,-0.00000,0.00360,0.00850,0.00607,0.00746,-0.27369,0.86204,0,0.00473,0.00484
5.1555,-0.01374,-0.02250,0.00173,0.00346,-0.01697,-0.00415,-0.00517,-0.00000,-0.00000,0.00343,0.00845,0.00480,0.00708,-0.27375,0.86203,0,0.00473,0.00484
5.1575,-0.01374,-0.02250,0.00170,0.00345,-0.01592,-0.00388,-0.00517,-0.00000,-0.00000,0.00327,0.00841,0.00340,0.00682,-0.27370,0.86202,0,0.00473,0.00484
5.1595,-0.01374,-0.02250,0.00166,0.00344,-0.01475,-0.00372,-0.00517,-0.00000,-0.00000,0.00312,0.00836,0.00213,0.00669,-0.27374,0.86201,0,0.00473,0.00484
5.1615,-0.01374,-0.02250,0.00164,0.00343,-0.01369,-0.00367,-0.00517,-0.00000,-0.00000,0.00298,0.00832,0.00098,0.00670,-0.27371,0.86207,0,0.00473,0.00484
5.1636,-0.01374,-0.02250,0.00161,0.00343,-0.01274,-0.00373,-0.00517,-0.00000,-0.00000,0.00286,0.00828,-0.00003,0.00683,-0.27369,0.86206,0,0.00473,0.00484
5.1656,-0.01374,-0.02250,0.00159,0.00342,-0.01189,-0.00389,-0.00517,-0.00000,-0.00000,0.00274,0.00824,-0.00092,0.00708,-0.27367,0.86211,0,0.00473,0.00484
5.1676,-0.01374,-0.02250,0.00156,0.00341,-0.01116,-0.00417,-0.00517,-0.00000,-0.00000,0.00262,0.00819,-0.00168,0.00747,-0.27369,0.86210,0,0.00473,0.00484
5.1696,-0.01374,-0.02250,0.00154,0.00340,-0.01054,-0.00456,-0.00517,-0.00000,-0.00000,0.00252,0.00814,-0.00231,0.00798,-0.27368,0.86212,0,0.00473,0.00484
5.1716,-0.01374,-0.02250,0.00152,0.00339,-0.01002,-0.00505,-0.00517,-0.00000,-0.00000,0.00241,0.00809,-0.00282,0.00837,-0.27367,0.86217,0,0.00473,0.00484
5.1736,-0.01374,-0.02250,0.00150,0.00338,-0.00962,-0.00544,-0.00517,-0.00000,-0.00000,0.00232,0.00804,-0.00319,0.00863,-0.27373,0.86215,0,0.00473,0.00484
5.1756,-0.01718,-0.02442,0.00379,0.00487,-0.00174,-0.00042,0.00848,-0.00000,-0.00000,0.01210,0.01448,-0.00344,0.00901,-0.27367,0.86220,1,0.00659,0.00646
5.1776,-0.01718,-0.02442,0.00379,0.00487,-0.00159,-0.00083,0.00848,-0.00000,-0.00000,0.01208,0.01447,-0.00356,0.00952,-0.27367,0.86220,1,0.00659,0.00646
5.1796,-0.01718,-0.02442,0.00378,0.00486,-0.00155,-0.00135,0.00848,-0.00000,-0.00000,0.01206,0.01445,-0.00355,0.01017,-0.27366,0.86221,1,0.00659,0.00646
5.1816,-0.01718,-0.02442,0.00378,0.00486,-0.00162,-0.00198,0.00848,-0.00000,-0.00000,0.01204,0.01443,-0.00342,0.01093,-0.27369,0.86224,1,0.00659,0.00646
5.1836,-0.01718,-0.02442,0.00378,0.00486,-0.00180,-0.00272,0.00848,-0.00000,-0.00000,0.01202,0.01440,-0.00315,0.01183,-0.27367,0.86224,1,0.00659,0.00646
5.1856,-0.01718,-0.02442,0.00377,0.00485,-0.00209,-0.00357,0.00848,-0.00000,-0.00000,0.01200,0.01436,-0.00276,0.01286,-0.27367,0.86227,1,0.00659,0.00646
5.1876,-0.01718,-0.02442,0.00377,0.00484,-0.00248,-0.00453,0.00848,-0.00000,-0.00000,0.01197,0.01432,-0.00224,0.01401,-0.27369,0.86224,1,0.00659,0.00646
5.1896,-0.01718,-0.02442,0.00376,0.00483,-0.00299,-0.00559,0.00848,-0.00000,-0.00000,0.01194,0.01426,-0.00160,0.01504,-0.27358,0.86229,1,0.00659,0.00646
5.1916,-0.01718,-0.02442,0.00376,0.00482,-0.00361,-0.00655,0.00848,-0.00000,-0.00000,0.01190,0.01420,-0.00082,0.01593,-0.27365,0.86231,1,0.00659,0.00646
5.1936,-0.01718,-0.02442,0.00375,0.00481,-0.00433,-0.00740,0.00848,-0.00000,-0.00000,0.01186,0.01413,0.00008,0.01670,-0.27362,0.86235,1,0.00659,0.00646
5.1957,-0.01718,-0.02442,0.00374,0.00479,-0.00517,-0.00814,0.00848,-0.00000,-0.00000,0.01181,0.01404,0.00112,0.01735,-0.27363,0.86234,1,0.00659,0.00646
5.1977,-0.01718,-0.02442,0.00373,0.00477,-0.00611,-0.00876,0.00848,-0.00000,-0.00000,0.01175,0.01396,0.00228,0.01786,-0.27362,0.86240,1,0.00659,0.00646
5.1997,-0.01718,-0.02442,0.00371,0.00476,-0.00717,-0.00928,0.00848,-0.00000,-0.00000,0.01169,0.01386,0.00356,0.01824,-0.27358,0.86246,1,0.00659,0.00646
5.2017,-0.01718,-0.02442,0.00370,0.00474,-0.00833,-0.00969,0.00848,-0.00000,-0.00000,0.01161,0.01377,0.00498,0.01850,-0.27355,0.86252,1,0.00659,0.00646
5.2037,-0.01718,-0.02442,0.00368,0.00472,-0.00960,-0.00999,0.00848,-0.00000,-0.00000,0.01152,0.01367,0.00652,0.01863,-0.27359,0.86254,1,0.00659,0.00646
5.2057,-0.01718,-0.02442,0.00366,0.00470,-0.01098,-0.01018,0.00848,-0.00000,-0.00000,0.01141,0.01356,0.00812,0.01863,-0.27357,0.86256,1,0.00659,0.00646
5.2077,-0.01718,-0.02442,0.00364,0.00468,-0.01241,-0.01026,0.00848,-0.00000,-0.00000,0.01130,0.01346,0.00972,0.01851,-0.27357,0.86261,1,0.00659,0.00646
5.2097,-0.01718,-0.02442,0.00361,0.00466,-0.01384,-0.01023,0.00848,-0.00000,-0.00000,0.01117,0.01336,0.01120,0.01825,-0.27353,0.86268,1,0.00659,0.00646
5.2117,-0.01718,-0.02442,0.00358,0.00464,-0.01516,-0.01009,0.00848,-0.00000,-0.00000,0.01103,0.01325,0.01254,0.01787,-0.27346,0.86266,1,0.00659,0.00646
5.2137,-0.01718,-0.02442,0.00355,0.00462,-0.01637,-0.00984,0.00848,-0.00000,-0.00000,0.01087,0.01315,0.01376,0.01736,-0.27349,0.86272,1,0.00659,0.00646
5.2157,-0.01718,-0.02442,0.00352,0.00460,-0.01746,-0.00948,0.00848,-0.00000,-0.00000,0.01071,0.01305,0.01484,0.01672,-0.27343,0.86273,1,0.00659,0.00646
5.2177,-0.01718,-0.02442,0.00348,0.00458,-0.01845,-0.00901,0.00848,-0.00000,-0.00000,0.01053,0.01296,0.01580,0.01595,-0.27340,0.86278,1,0.00659,0.00646
5.2197,-0.01718,-0.02442,0.00344,0.00456,-0.01933,-0.00843,0.00848,-0.00000,-0.00000,0.01035,0.01287,0.01664,0.01506,-0.27339,0.86284,1,0.00659,0.00646
5.2217,-0.01718,-0.02442,0.00340,0.00454,-0.02010,-0.00774,0.00848,-0.00000,-0.00000,0.01016,0.01278,0.01734,0.01404,-0.27332,0.86286,1,0.00659,0.00646
5.2237,-0.01718,-0.02442,0.00336,0.00453,-0.02076,-0.00695,0.00848,-0.00000,-0.00000,0.00996,0.01271,0.01792,0.01289,-0.27333,0.86289,1,0.00659,0.00646
5.2257,-0.01718,-0.02442,0.00332,0.00452,-0.02130,-0.00604,0.00848,-0.00000,-0.00000,0.00976,0.01264,0.01836,0.01186,-0.27331,0.86294,1,0.00659,0.00646
5.2277,-0.01718,-0.02442,0.00328,0.00451,-0.02174,-0.00524,0.00848,-0.00000,-0.00000,0.00955,0.01258,0.01868,0.01097,-0.27328,0.86295,1,0.00659,0.00646
5.2297,-0.01718,-0.02442,0.00323,0.00450,-0.02207,-0.00455,0.00848,-0.00000,-0.00000,0.00933,0.01252,0.01888,0.01020,-0.27330,0.86296,1,0.00659,0.00646
5.2317,-0.01718,-0.02442,0.00319,0.00449,-0.02229,-0.00397,0.00848,-0.00000,-0.00000,0.00912,0.01248,0.01894,0.00956,-0.27326,0.86294,1,0.00659,0.00646
5.2337,-0.01718,-0.02442,0.00314,0.00448,-0.02239,-0.00350,0.00848,-0.00000,-0.00000,0.00890,0.01243,0.01888,0.00905,-0.27327,0.86299,1,0.00659,0.00646
5.2357,-0.01718,-0.02442,0.00310,0.00447,-0.02239,-0.00314,0.00848,-0.00000,-0.00000,0.00869,0.01240,0.01868,0.00867,-0.27326,0.86302,1,0.00659,0.00646
5.2378,-0.01718,-0.02442,0.00305,0.00447,-0.02228,-0.00289,0.00848,-0.00000,-0.00000,0.00847,0.01236,0.01836,0.00842,-0.27319,0.86299,1,0.00659,0.00646
5.2398,-0.01718,-0.02442,0.00301,0.00446,-0.02205,-0.00274,0.00848,-0.00000,-0.00000,0.00826,0.01233,0.01792,0.00829,-0.27312,0.86305,1,0.00659,0.00646
5.2418,-0.01718,-0.02442,0.00297,0.00446,-0.02172,-0.00271,0.00848,-0.00000,-0.00000,0.00804,0.01229,0.01734,0.00829,-0.27319,0.86303,1,0.00659,0.00646
5.2438,-0.01718,-0.02442,0.00292,0.00445,-0.02128,-0.00279,0.00848,-0.00000,-0.00000,0.00783,0.01226,0.01664,0.00842,-0.27312,0.86308,1,0.00659,0.00646
5.2458,-0.01530,-0.02363,0.00356,0.00464,-0.02024,-0.00223,0.01144,-0.00000,-0.00000,0.01138,0.01338,0.01580,0.00868,-0.27307,0.86311,1,0.00499,0.00510
5.2478,-0.01530,-0.02363,0.00352,0.00463,-0.01958,-0.00253,0.01144,-0.00000,-0.00000,0.01118,0.01335,0.01484,0.00906,-0.27307,0.86311,1,0.00499,0.00510
5.2498,-0.01530,-0.02363,0.00348,0.00463,-0.01882,-0.00294,0.01144,-0.00000,-0.00000,0.01100,0.01331,0.01376,0.00958,-0.27306,0.86315,1,0.00499,0.00510
5.2518,-0.01530,-0.02363,0.00344,0.00462,-0.01795,-0.00345,0.01144,-0.00000,-0.00000,0.01082,0.01328,0.01254,0.01022,-0.27304,0.86316,1,0.00499,0.00510
5.2538,-0.01530,-0.02363,0.00341,0.00461,-0.01697,-0.00408,0.01144,-0.00000,-0.00000,0.01065,0.01323,0.01120,0.01099,-0.27302,0.86320,1,0.00499,0.00510
5.2559,-0.01530,-0.02363,0.00337,0.00460,-0.01587,-0.00482,0.01144,-0.00000,-0.00000,0.01049,0.01319,0.00998,0.01188,-0.27297,0.86319,1,0.00499,0.00510
5.2579,-0.01530,-0.02363,0.00334,0.00459,-0.01489,-0.00566,0.01144,-0.00000,-0.00000,0.01034,0.01313,0.00889,0.01291,-0.27297,0.86323,1,0.00499,0.00510
5.2599,-0.01530,-0.02363,0.00331,0.00458,-0.01402,-0.00661,0.01144,-0.00000,-0.00000,0.01020,0.01306,0.00793,0.01381,-0.27297,0.86323,1,0.00499,0.00510
5.2619,-0.01530,-0.02363,0.00329,0.00457,-0.01325,-0.00746,0.01144,-0.00000,-0.00000,0.01007,0.01299,0.00710,0.01458,-0.27295,0.86326,1,0.00499,0.00510
5.2639,-0.01530,-0.02363,0.00326,0.00455,-0.01259,-0.00819,0.01144,-0.00000,-0.00000,0.00994,0.01291,0.00640,0.01522,-0.27295,0.86326,1,0.00499,0.00510
5.2659,-0.01530,-0.02363,0.00323,0.00454,-0.01205,-0.00881,0.01144,-0.00000,-0.00000,0.00982,0.01282,0.00582,0.01573,-0.27293,0.86329,1,0.00499,0.00510
5.2679,-0.01530,-0.02363,0.00321,0.00452,-0.01161,-0.00933,0.01144,-0.00000,-0.00000,0.00970,0.01273,0.00537,0.01612,-0.27293,0.86332,1,0.00499,0.00510
5.2699,-0.01530,-0.02363,0.00319,0.00450,-0.01128,-0.00973,0.01144,-0.00000,-0.00000,0.00959,0.01263,0.00505,0.01637,-0.27293,0.86334,1,0.00499,0.00510
5.2719,-0.01530,-0.02363,0.00317,0.00448,-0.01106,-0.01003,0.01144,-0.00000,-0.00000,0.00948,0.01253,0.00486,0.01650,-0.27286,0.86342,1,0.00499,0.00510
5.2739,-0.01530,-0.02363,0.00314,0.00446,-0.01095,-0.01021,0.01144,-0.00000,-0.00000,0.00937,0.01243,0.00480,0.01651,-0.27282,0.86344,1,0.00499,0.00510
5.2759,-0.01530,-0.02363,0.00312,0.00444,-0.01094,-0.01029,0.01144,-0.00000,-0.00000,0.00926,0.01232,0.00486,0.01638,-0.27282,0.86349,1,0.00499,0.00510
5.2779,-0.01530,-0.02363,0.00310,0.00442,-0.01105,-0.01026,0.01144,-0.00000,-0.00000,0.00915,0.01222,0.00505,0.01612,-0.27277,0.86351,1,0.00499,0.00510
5.2799,-0.01530,-0.02363,0.00308,0.00440,-0.01127,-0.01011,0.01144,-0.00000,-0.00000,0.00904,0.01212,0.00537,0.01574,-0.27280,0.86350,1,0.00499,0.00510
5.2819,-0.01530,-0.02363,0.00305,0.00438,-0.01159,-0.00986,0.01144,-0.00000,-0.00000,0.00893,0.01201,0.00582,0.01523,-0.27273,0.86356,1,0.00499,0.00510
5.2839,-0.01530,-0.02363,0.00303,0.00436,-0.01202,-0.00949,0.01144,-0.00000,-0.00000,0.00881,0.01192,0.00640,0.01459,-0.27270,0.86360,1,0.00499,0.00510
5.2859,-0.01530,-0.02363,0.00301,0.00434,-0.01257,-0.00902,0.01144,-0.00000,-0.00000,0.00869,0.01182,0.00710,0.01383,-0.27271,0.86358,1,0.00499,0.00510
5.2879,-0.01530,-0.02363,0.00298,0.00432,-0.01322,-0.00844,0.01144,-0.00000,-0.00000,0.00857,0.01173,0.00793,0.01293,-0.27263,0.86367,1,0.00499,0.00510
5.2899,-0.01530,-0.02363,0.00295,0.00431,-0.01398,-0.00775,0.01144,-0.00000,-0.00000,0.00843,0.01165,0.00864,0.01191,-0.27263,0.86367,1,0.00499,0.00510
5.2919,-0.01530,-0.02363,0.00293,0.00429,-0.01463,-0.00694,0.01144,-0.00000,-0.00000,0.00829,0.01157,0.00921,0.01101,-0.27256,0.86378,1,0.00499,0.00510
5.2939,-0.01530,-0.02363,0.00290,0.00428,-0.01517,-0.00625,0.01144,-0.00000,-0.00000,0.00815,0.01150,0.00966,0.01025,-0.27256,0.86378,1,0.00499,0.00510
5.2959,-0.01530,-0.02363,0.00286,0.00427,-0.01560,-0.00567,0.01144,-0.00000,-0.00000,0.00800,0.01144,0.00998,0.00961,-0.27252,0.86378,1,0.00499,0.00510
5.2979,-0.01530,-0.02363,0.00283,0.00425,-0.01592,-0.00519,0.01144,-0.00000,-0.00000,0.00784,0.01138,0.01017,0.00910,-0.27252,0.86378,1,0.00499,0.00510
5.2999,-0.01530,-0.02363,0.00280,0.00424,-0.01613,-0.00483,0.01144,-0.00000,-0.00000,0.00769,0.01133,0.01024,0.00872,-0.27242,0.86384,1,0.00499,0.00510
5.3019,-0.01530,-0.02363,0.00277,0.00424,-0.01623,-0.00457,0.01144,-0.00000,-0.00000,0.00753,0.01127,0.01017,0.00846,-0.27237,0.86382,1,0.00499,0.00510
5.3039,-0.01530,-0.02363,0.00274,0.00423,-0.01623,-0.00442,0.01144,-0.00000,-0.00000,0.00737,0.01123,0.00998,0.00834,-0.27234,0.86387,1,0.00499,0.00510
5.3060,-0.01530,-0.02363,0.00270,0.00422,-0.01611,-0.00439,0.01144,-0.00000,-0.00000,0.00722,0.01118,0.00966,0.00834,-0.27234,0.86392,1,0.00499,0.00510
5.3080,-0.01530,-0.02363,0.00267,0.00421,-0.01588,-0.00446,0.01144,-0.00000,-0.00000,0.00706,0.01113,0.00921,0.00847,-0.27226,0.86395,1,0.00499,0.00510
5.3100,-0.01475,-0.02315,0.00305,0.00389,-0.01413,-0.00591,0.00467,-0.00000,-0.00000,0.00902,0.00975,0.00889,0.00872,-0.27231,0.86394,1,0.00396,0.00397
5.3120,-0.01475,-0.02315,0.00302,0.00388,-0.01391,-0.00620,0.00467,-0.00000,-0.00000,0.00888,0.00968,0.00870,0.00911,-0.27231,0.86394,1,0.00396,0.00397
5.3140,-0.01475,-0.02315,0.00300,0.00386,-0.01379,-0.00659,0.00467,-0.00000,-0.00000,0.00875,0.00961,0.00864,0.00961,-0.27228,0.86399,1,0.00396,0.00397
5.3160,-0.01475,-0.02315,0.00297,0.00385,-0.01379,-0.00709,0.00467,-0.00000,-0.00000,0.00861,0.00954,0.00861,0.00999,-0.27232,0.86401,1,0.00396,0.00397
5.3180,-0.01475,-0.02315,0.00294,0.00383,-0.01382,-0.00747,0.00467,-0.00000,-0.00000,0.00848,0.00947,0.00848,0.01024,-0.27228,0.86406,1,0.00396,0.00397
5.3200,-0.01475,-0.02315,0.00291,0.00382,-0.01375,-0.00775,0.00467,-0.00000,-0.00000,0.00834,0.00939,0.00834,0.01036,-0.27229,0.86409,1,0.00396,0.00397
5.3220,-0.01475,-0.02315,0.00289,0.00380,-0.01368,-0.00792,0.00467,-0.00000,-0.00000,0.00821,0.00931,0.00821,0.01035,-0.27229,0.86409,1,0.00396,0.00397
5.3240,-0.01475,-0.02315,0.00286,0.00379,-0.01362,-0.00798,0.00467,-0.00000,-0.00000,0.00807,0.00922,0.00807,0.01022,-0.27226,0.86412,1,0.00396,0.00397
5.3260,-0.01475,-0.02315,0.00283,0.00377,-0.01355,-0.00792,0.00467,-0.00000,-0.00000,0.00794,0.00914,0.00794,0.00995,-0.27226,0.86412,1,0.00396,0.00397
5.3280,-0.01475,-0.02315,0.00280,0.00376,-0.01348,-0.00776,0.00467,-0.00000,-0.00000,0.00781,0.00906,0.00781,0.00956,-0.27228,0.86412,1,0.00396,0.00397
5.3300,-0.01475,-0.02315,0.00278,0.00374,-0.01342,-0.00749,0.00467,-0.00000,-0.00000,0.00768,0.00898,0.00768,0.00904,-0.27224,0.86417,1,0.00396,0.00397
5.3320,-0.01475,-0.02315,0.00275,0.00373,-0.01335,-0.00711,0.00467,-0.00000,-0.00000,0.00755,0.00891,0.00755,0.00865,-0.27226,0.86416,1,0.00396,0.00397
5.3340,-0.01475,-0.02315,0.00272,0.00371,-0.01328,-0.00683,0.00467,-0.00000,-0.00000,0.00742,0.00883,0.00742,0.00839,-0.27229,0.86415,1,0.00396,0.00397
5.3361,-0.01475,-0.02315,0.00270,0.00370,-0.01322,-0.00667,0.00467,-0.00000,-0.00000,0.00729,0.00876,0.00729,0.00825,-0.27224,0.86414,1,0.00396,0.00397
5.3381,-0.01475,-0.02315,0.00267,0.00369,-0.01315,-0.00662,0.00467,-0.00000,-0.00000,0.00716,0.00869,0.00716,0.00824,-0.27221,0.86418,1,0.00396,0.00397
5.3401,-0.01475,-0.02315,0.00265,0.00367,-0.01309,-0.00667,0.00467,-0.00000,-0.00000,0.00703,0.00862,0.00703,0.00836,-0.27225,0.86415,1,0.00396,0.00397
5.3421,-0.01475,-0.02315,0.00262,0.00366,-0.01302,-0.00684,0.00467,-0.00000,-0.00000,0.00690,0.00855,0.00690,0.00855,-0.27224,0.86416,1,0.00396,0.00397
5.3441,-0.01475,-0.02315,0.00259,0.00364,-0.01295,-0.00706,0.00467,-0.00000,-0.00000,0.00677,0.00848,0.00677,0.00861,-0.27219,0.86416,1,0.00396,0.00397
5.3461,-0.01475,-0.02315,0.00257,0.00363,-0.01289,-0.00717,0.00467,-0.00000,-0.00000,0.00665,0.00841,0.00665,0.00854,-0.27218,0.86415,1,0.00396,0.00397
5.3481,-0.01475,-0.02315,0.00254,0.00362,-0.01282,-0.00717,0.00467,-0.00000,-0.00000,0.00652,0.00833,0.00652,0.00835,-0.27212,0.86418,1,0.00396,0.00397
5.3501,-0.01475,-0.02315,0.00252,0.00360,-0.01276,-0.00706,0.00467,-0.00000,-0.00000,0.00640,0.00826,0.00640,0.00826,-0.27211,0.86424,1,0.00396,0.00397
5.3521,-0.01475,-0.02315,0.00249,0.00359,-0.01269,-0.00705,0.00467,-0.00000,-0.00000,0.00627,0.00818,0.00627,0.00818,-0.27213,0.86423,1,0.00396,0.00397
5.3541,-0.01475,-0.02315,0.00247,0.00357,-0.01263,-0.00704,0.00467,-0.00000,-0.00000,0.00615,0.00811,0.00615,0.00811,-0.27209,0.86428,1,0.00396,0.00397
5.3561,-0.01475,-0.02315,0.00244,0.00356,-0.01256,-0.00704,0.00467,-0.00000,-0.00000,0.00602,0.00804,0.00602,0.00804,-0.27210,0.86431,1,0.00396,0.00397
5.3582,-0.01475,-0.02315,0.00242,0.00355,-0.01250,-0.00704,0.00467,-0.00000,-0.00000,0.00590,0.00796,0.00590,0.00796,-0.27205,0.86434,1,0.00396,0.00397
5.3601,-0.01475,-0.02315,0.00239,0.00353,-0.01243,-0.00703,0.00467,-0.00000,-0.00000,0.00578,0.00789,0.00578,0.00789,-0.27207,0.86437,1,0.00396,0.00397
5.3622,-0.01475,-0.02315,0.00237,0.00352,-0.01237,-0.00703,0.00467,-0.00000,-0.00000,0.00566,0.00782,0.00566,0.00782,-0.27208,0.86437,1,0.00396,0.00397
5.3642,-0.01475,-0.02315,0.00234,0.00350,-0.01230,-0.00703,0.00467,-0.00000,-0.00000,0.00554,0.00774,0.00554,0.00774,-0.27206,0.86435,1,0.00396,0.00397
5.3662,-0.01475,-0.02315,0.00232,0.00349,-0.01224,-0.00702,0.00467,-0.00000,-0.00000,0.00542,0.00767,0.00542,0.00767,-0.27207,0.86442,1,0.00396,0.00397
5.3682,-0.01475,-0.02315,0.00229,0.00348,-0.01217,-0.00702,0.00467,-0.00000,-0.00000,0.00530,0.00760,0.00530,0.00760,-0.27208,0.86442,1,0.00396,0.00397
5.3702,-0.01475,-0.02315,0.00227,0.00346,-0.01211,-0.00701,0.00467,-0.00000,-0.00000,0.00518,0.00752,0.00518,0.00752,-0.27205,0.86442,1,0.00396,0.00397
5.3722,-0.01475,-0.02315,0.00224,0.00345,-0.01204,-0.00701,0.00467,-0.00000,-0.00000,0.00506,0.00745,0.00506,0.00745,-0.27207,0.86444,1,0.00396,0.00397
5.3742,-0.01475,-0.02315,0.00222,0.00343,-0.01198,-0.00700,0.00467,-0.00000,-0.00000,0.00494,0.00738,0.00494,0.00738,-0.27203,0.86445,1,0.00396,0.00397
5.3762,-0.01475,-0.02315,0.00220,0.00342,-0.01191,-0.00700,0.00467,-0.00000,-0.00000,0.00482,0.00730,0.00482,0.00730,-0.27204,0.86446,1,0.00396,0.00397
5.3782,-0.01354,-0.02076,0.00209,0.00289,-0.01210,-0.00859,-0.00424,-0.00000,-0.00000,0.00470,0.00553,0.00470,0.00710,-0.27206,0.86454,0,0.00255,0.00271
5.3803,-0.01354,-0.02076,0.00207,0.00288,-0.01204,-0.00847,-0.00424,-0.00000,-0.00000,0.00458,0.00544,0.00458,0.00677,-0.27206,0.86454,0,0.00255,0.00271
5.3823,-0.01354,-0.02076,0.00205,0.00286,-0.01197,-0.00823,-0.00424,-0.00000,-0.00000,0.00447,0.00535,0.00447,0.00632,-0.27201,0.86455,0,0.00255,0.00271
5.3843,-0.01354,-0.02076,0.00202,0.00284,-0.01190,-0.00789,-0.00424,-0.00000,-0.00000,0.00435,0.00527,0.00435,0.00573,-0.27202,0.86457,0,0.00255,0.00271
5.3863,-0.01354,-0.02076,0.00200,0.00283,-0.01184,-0.00744,-0.00424,-0.00000,-0.00000,0.00423,0.00519,0.00423,0.00519,-0.27199,0.86461,0,0.00255,0.00271
5.3883,-0.01354,-0.02076,0.00197,0.00281,-0.01177,-0.00703,-0.00424,-0.00000,-0.00000,0.00412,0.00512,0.00412,0.00478,-0.27198,0.86464,0,0.00255,0.00271
5.3903,-0.01354,-0.02076,0.00195,0.00280,-0.01170,-0.00672,-0.00424,-0.00000,-0.00000,0.00400,0.00505,0.00400,0.00450,-0.27194,0.86465,0,0.00255,0.00271
5.3924,-0.01354,-0.02076,0.00193,0.00279,-0.01164,-0.00653,-0.00424,-0.00000,-0.00000,0.00389,0.00498,0.00389,0.00435,-0.27198,0.86463,0,0.00255,0.00271
5.3944,-0.01354,-0.02076,0.00190,0.00277,-0.01157,-0.00644,-0.00424,-0.00000,-0.00000,0.00377,0.00491,0.00377,0.00432,-0.27195,0.86467,0,0.00255,0.00271
5.3964,-0.01354,-0.02076,0.00188,0.00276,-0.01151,-0.00647,-0.00424,-0.00000,-0.00000,0.00366,0.00484,0.00366,0.00442,-0.27197,0.86466,0,0.00255,0.00271
5.3984,-0.01354,-0.02076,0.00186,0.00275,-0.01144,-0.00660,-0.00424,-0.00000,-0.00000,0.00355,0.00477,0.00355,0.00465,-0.27195,0.86463,0,0.00255,0.00271
5.4004,-0.01354,-0.02076,0.00184,0.00273,-0.01137,-0.00684,-0.00424,-0.00000,-0.00000,0.00344,0.00470,0.00344,0.00476,-0.27200,0.86460,0,0.00255,0.00271
5.4024,-0.01354,-0.02076,0.00181,0.00272,-0.01131,-0.00698,-0.00424,-0.00000,-0.00000,0.00333,0.00463,0.00333,0.00473,-0.27198,0.86462,0,0.00255,0.00271
5.4044,-0.01354,-0.02076,0.00179,0.00271,-0.01124,-0.00700,-0.00424,-0.00000,-0.00000,0.00322,0.00456,0.00322,0.00458,-0.27199,0.86467,0,0.00255,0.00271
5.4064,-0.01354,-0.02076,0.00177,0.00269,-0.01118,-0.00691,-0.00424,-0.00000,-0.00000,0.00311,0.00449,0.00311,0.00449,-0.27193,0.86467,0,0.00255,0.00271
5.4084,-0.01354,-0.02076,0.00175,0.00268,-0.01111,-0.00688,-0.00424,-0.00000,-0.00000,0.00300,0.00442,0.00300,0.00442,-0.27194,0.86465,0,0.00255,0.00271
5.4104,-0.01354,-0.02076,0.00172,0.00266,-0.01105,-0.00687,-0.00424,-0.00000,-0.00000,0.00289,0.00435,0.00289,0.00435,-0.27189,0.86468,0,0.00255,0.00271
5.4125,-0.01354,-0.02076,0.00170,0.00265,-0.01098,-0.00685,-0.00424,-0.00000,-0.00000,0.00278,0.00428,0.00278,0.00428,-0.27190,0.86470,0,0.00255,0.00271
5.4145,-0.01354,-0.02076,0.00168,0.00264,-0.01092,-0.00683,-0.00424,-0.00000,-0.00000,0.00267,0.00420,0.00267,0.00420,-0.27190,0.86473,0,0.00255,0.00271
5.4165,-0.01354,-0.02076,0.00166,0.00262,-0.01086,-0.00682,-0.00424,-0.00000,-0.00000,0.00256,0.00413,0.00256,0.00413,-0.27190,0.86468,0,0.00255,0.00271
5.4185,-0.01354,-0.02076,0.00164,0.00261,-0.01079,-0.00680,-0.00424,-0.00000,-0.00000,0.00246,0.00406,0.00246,0.00406,-0.27190,0.86468,0,0.00255,0.00271
5.4205,-0.01354,-0.02076,0.00161,0.00260,-0.01073,-0.00678,-0.00424,-0.00000,-0.00000,0.00235,0.00399,0.00235,0.00399,-0.27194,0.86467,0,0.00255,0.00271
5.4225,-0.01354,-0.02076,0.00159,0.00258,-0.01066,-0.00677,-0.00424,-0.00000,-0.00000,0.00225,0.00392,0.00225,0.00392,-0.27190,0.86468,0,0.00255,0.00271
5.4245,-0.01354,-0.02076,0.00157,0.00257,-0.01060,-0.00675,-0.00424,-0.00000,-0.00000,0.00214,0.00385,0.00214,0.00385,-0.27188,0.86465,0,0.00255,0.00271
5.4265,-0.01354,-0.02076,0.00155,0.00256,-0.01054,-0.00673,-0.00424,-0.00000,-0.00000,0.00204,0.00378,0.00204,0.00378,-0.27190,0.86466,0,0.00255,0.00271
5.4285,-0.01354,-0.02076,0.00153,0.00254,-0.01047,-0.00672,-0.00424,-0.00000,-0.00000,0.00193,0.00371,0.00193,0.00371,-0.27188,0.86468,0,0.00255,0.00271
5.4306,-0.01354,-0.02076,0.00151,0.00253,-0.01041,-0.00670,-0.00424,-0.00000,-0.00000,0.00183,0.00364,0.00183,0.00364,-0.27187,0.86468,0,0.00255,0.00271
5.4326,-0.01354,-0.02076,0.00149,0.00252,-0.01035,-0.00668,-0.00424,-0.00000,-0.00000,0.00173,0.00357,0.00173,0.00357,-0.27188,0.86467,0,0.00255,0.00271
5.4346,-0.01354,-0.02076,0.00147,0.00250,-0.01028,-0.00666,-0.00424,-0.00000,-0.00000,0.00163,0.00350,0.00163,0.00350,-0.27187,0.86467,0,0.00255,0.00271
5.4366,-0.01354,-0.02076,0.00145,0.00249,-0.01022,-0.00665,-0.00424,-0.00000,-0.00000,0.00153,0.00343,0.00153,0.00343,-0.27186,0.86470,0,0.00255,0.00271
5.4386,-0.01354,-0.02076,0.00143,0.00248,-0.01016,-0.00663,-0.00424,-0.00000,-0.00000,0.00143,0.00337,0.00143,0.00337,-0.27188,0.86469,0,0.00255,0.00271
5.4406,-0.01421,-0.02121,0.00194,0.00210,-0.00824,-0.00808,0.00386,-0.00000,-0.00000,0.00367,0.00145,0.00145,0.00317,-0.27185,0.86471,0,0.00288,0.00205
5.4426,-0.01421,-0.02121,0.00193,0.00208,-0.00829,-0.00794,0.00386,-0.00000,-0.00000,0.00359,0.00137,0.00161,0.00284,-0.27188,0.86468,0,0.00288,0.00205
5.4446,-0.01421,-0.02121,0.00191,0.00207,-0.00846,-0.00770,0.00386,-0.00000,-0.00000,0.00350,0.00129,0.00189,0.00239,-0.27185,0.86470,0,0.00288,0.00205
5.4466,-0.01421,-0.02121,0.00189,0.00205,-0.00873,-0.00735,0.00386,-0.00000,-0.00000,0.00342,0.00121,0.00230,0.00181,-0.27184,0.86470,0,0.00288,0.00205
5.4486,-0.01421,-0.02121,0.00188,0.00204,-0.00912,-0.00689,0.00386,-0.00000,-0.00000,0.00333,0.00113,0.00284,0.00113,-0.27189,0.86474,0,0.00288,0.00205
5.4506,-0.01421,-0.02121,0.00186,0.00203,-0.00961,-0.00634,0.00386,-0.00000,-0.00000,0.00323,0.00107,0.00326,0.00059,-0.27186,0.86474,0,0.00288,0.00205
5.4526,-0.01421,-0.02121,0.00184,0.00201,-0.00999,-0.00591,0.00386,-0.00000,-0.00000,0.00314,0.00100,0.00354,0.00017,-0.27191,0.86471,0,0.00288,0.00205
5.4546,-0.01421,-0.02121,0.00182,0.00200,-0.01026,-0.00558,0.00386,-0.00000,-0.00000,0.00304,0.00094,0.00370,-0.00012,-0.27188,0.86472,0,0.00288,0.00205
5.4566,-0.01421,-0.02121,0.00180,0.00199,-0.01043,-0.00537,0.00386,-0.00000,-0.00000,0.00294,0.00088,0.00372,-0.00029,-0.27183,0.86472,0,0.00288,0.00205
5.4587,-0.01421,-0.02121,0.00178,0.00198,-0.01048,-0.00526,0.00386,-0.00000,-0.00000,0.00283,0.00083,0.00362,-0.00032,-0.27182,0.86473,0,0.00288,0.00205
5.4607,-0.01421,-0.02121,0.00175,0.00197,-0.01042,-0.00526,0.00386,-0.00000,-0.00000,0.00273,0.00077,0.00339,-0.00023,-0.27183,0.86471,0,0.00288,0.00205
5.4627,-0.01421,-0.02121,0.00173,0.00196,-0.01026,-0.00537,0.00386,-0.00000,-0.00000,0.00263,0.00071,0.00304,-0.00001,-0.27180,0.86470,0,0.00288,0.00205
5.4647,-0.01421,-0.02121,0.00171,0.00195,-0.00998,-0.00560,0.00386,-0.00000,-0.00000,0.00253,0.00065,0.00255,0.00034,-0.27176,0.86474,0,0.00288,0.00205
5.4667,-0.01421,-0.02121,0.00169,0.00194,-0.00960,-0.00593,0.00386,-0.00000,-0.00000,0.00243,0.00059,0.00220,0.00059,-0.27173,0.86473,0,0.00288,0.00205
5.4687,-0.01421,-0.02121,0.00168,0.00192,-0.00932,-0.00618,0.00386,-0.00000,-0.00000,0.00234,0.00053,0.00197,0.00072,-0.27173,0.86472,0,0.00288,0.00205
5.4707,-0.01421,-0.02121,0.00166,0.00191,-0.00915,-0.00632,0.00386,-0.00000,-0.00000,0.00225,0.00046,0.00187,0.00072,-0.27177,0.86474,0,0.00288,0.00205
5.4727,-0.01421,-0.02121,0.00164,0.00190,-0.00909,-0.00635,0.00386,-0.00000,-0.00000,0.00215,0.00040,0.00190,0.00059,-0.27178,0.86473,0,0.00288,0.00205
5.4747,-0.01421,-0.02121,0.00162,0.00189,-0.00914,-0.00627,0.00386,-0.00000,-0.00000,0.00206,0.00033,0.00205,0.00033,-0.27175,0.86478,0,0.00288,0.00205
5.4767,-0.01421,-0.02121,0.00160,0.00187,-0.00930,-0.00608,0.00386,-0.00000,-0.00000,0.00197,0.00027,0.00208,0.00020,-0.27173,0.86479,0,0.00288,0.00205
5.4787,-0.01421,-0.02121,0.00158,0.00186,-0.00935,-0.00600,0.00386,-0.00000,-0.00000,0.00188,0.00020,0.00198,0.00020,-0.27172,0.86478,0,0.00288,0.00205
5.4807,-0.01421,-0.02121,0.00156,0.00185,-0.00929,-0.00603,0.00386,-0.00000,-0.00000,0.00179,0.00014,0.00179,0.00014,-0.27172,0.86480,0,0.00288,0.00205
5.4827,-0.01421,-0.02121,0.00155,0.00184,-0.00916,-0.00601,0.00386,-0.00000,-0.00000,0.00170,0.00008,0.00170,0.00008,-0.27175,0.86476,0,0.00288,0.00205
5.4847,-0.01421,-0.02121,0.00153,0.00183,-0.00910,-0.00599,0.00386,-0.00000,-0.00000,0.00161,0.00001,0.00161,0.00001,-0.27173,0.86479,0,0.00288,0.00205
5.4867,-0.01421,-0.02121,0.00151,0.00181,-0.00905,-0.00596,0.00386,-0.00000,-0.00000,0.00152,-0.00005,0.00152,-0.00005,-0.27171,0.86479,0,0.00288,0.00205
5.4887,-0.01421,-0.02121,0.00149,0.00180,-0.00900,-0.00594,0.00386,-0.00000,-0.00000,0.00143,-0.00011,0.00143,-0.00011,-0.27176,0.86474,0,0.00288,0.00205
5.4907,-0.01421,-0.02121,0.00147,0.00179,-0.00895,-0.00592,0.00386,-0.00000,-0.00000,0.00134,-0.00017,0.00134,-0.00017,-0.27172,0.86474,0,0.00288,0.00205
5.4927,-0.01421,-0.02121,0.00146,0.00178,-0.00890,-0.00589,0.00386,-0.00000,-0.00000,0.00125,-0.00024,0.00125,-0.00024,-0.27169,0.86473,0,0.00288,0.00205
5.4947,-0.01421,-0.02121,0.00144,0.00177,-0.00884,-0.00587,0.00386,-0.00000,-0.00000,0.00116,-0.00030,0.00116,-0.00030,-0.27175,0.86476,0,0.00288,0.00205
5.4967,-0.01421,-0.02121,0.00142,0.00176,-0.00879,-0.00584,0.00386,-0.00000,-0.00000,0.00107,-0.00036,0.00107,-0.00036,-0.27176,0.86477,0,0.00288,0.00205
5.4987,-0.01421,-0.02121,0.00140,0.00174,-0.00874,-0.00582,0.00386,-0.00000,-0.00000,0.00099,-0.00042,0.00099,-0.00042,-0.27169,0.86477,0,0.00288,0.00205
5.5007,-0.01421,-0.02121,0.00139,0.00173,-0.00869,-0.00580,0.00386,-0.00000,-0.00000,0.00090,-0.00048,0.00090,-0.00048,-0.27178,0.86477,0,0.00288,0.00205
5.5027,-0.01421,-0.02121,0.00137,0.00172,-0.00864,-0.00577,0.00386,-0.00000,-0.00000,0.00081,-0.00054,0.00081,-0.00054,-0.27175,0.86474,0,0.00288,0.00205
5.5047,-0.01421,-0.02121,0.00135,0.00171,-0.00859,-0.00575,0.00386,-0.00000,-0.00000,0.00073,-0.00060,0.00073,-0.00060,-0.27170,0.86473,0,0.00288,0.00205
5.5067,-0.01421,-0.02121,0.00133,0.00170,-0.00854,-0.00573,0.00386,-0.00000,-0.00000,0.00064,-0.00066,0.00064,-0.00066,-0.27167,0.86477,0,0.00288,0.00205
5.5087,-0.01421,-0.02121,0.00132,0.00169,-0.00849,-0.00570,0.00386,-0.00000,-0.00000,0.00056,-0.00072,0.00056,-0.00072,-0.27167,0.86478,0,0.00288,0.00205
5.5110,-0.01453,-0.02048,0.00200,0.00096,-0.00595,-0.00827,-0.01101,-0.00000,-0.00000,0.00367,-0.00396,0.00060,-0.00091,-0.27173,0.86475,0,0.00296,0.00057
5.5130,-0.01453,-0.02048,0.00198,0.00094,-0.00602,-0.00813,-0.01101,-0.00000,-0.00000,0.00360,-0.00404,0.00077,-0.00123,-0.27170,0.86473,0,0.00296,0.00057
5.5150,-0.01453,-0.02048,0.00197,0.00093,-0.00620,-0.00787,-0.01101,-0.00000,-0.00000,0.00354,-0.00412,0.00107,-0.00167,-0.27162,0.86475,0,0.00296,0.00057
5.5170,-0.01453,-0.02048,0.00196,0.00091,-0.00649,-0.00751,-0.01101,-0.00000,-0.00000,0.00348,-0.00420,0.00150,-0.00225,-0.27166,0.86474,0,0.00296,0.00057
5.5190,-0.01453,-0.02048,0.00195,0.00090,-0.00688,-0.00703,-0.01101,-0.00000,-0.00000,0.00341,-0.00427,0.00205,-0.00295,-0.27163,0.86475,0,0.00296,0.00057
5.5210,-0.01453,-0.02048,0.00193,0.00088,-0.00739,-0.00645,-0.01101,-0.00000,-0.00000,0.00334,-0.00434,0.00274,-0.00378,-0.27167,0.86469,0,0.00296,0.00057
5.5230,-0.01453,-0.02048,0.00192,0.00087,-0.00801,-0.00575,-0.01101,-0.00000,-0.00000,0.00326,-0.00441,0.00329,-0.00448,-0.27167,0.86472,0,0.00296,0.00057
5.5251,-0.01453,-0.02048,0.00190,0.00086,-0.00851,-0.00517,-0.01101,-0.00000,-0.00000,0.00318,-0.00447,0.00372,-0.00505,-0.27168,0.86470,0,0.00296,0.00057
5.5271,-0.01453,-0.02048,0.00188,0.00085,-0.00891,-0.00470,-0.01101,-0.00000,-0.00000,0.00309,-0.00452,0.00402,-0.00549,-0.27165,0.86469,0,0.00296,0.00057
5.5291,-0.01453,-0.02048,0.00186,0.00084,-0.00920,-0.00433,-0.01101,-0.00000,-0.00000,0.00300,-0.00457,0.00419,-0.00581,-0.27166,0.86467,0,0.00296,0.00057
5.5311,-0.01453,-0.02048,0.00185,0.00083,-0.00937,-0.00407,-0.01101,-0.00000,-0.00000,0.00291,-0.00461,0.00423,-0.00600,-0.27163,0.86467,0,0.00296,0.00057
5.5331,-0.01453,-0.02048,0.00183,0.00082,-0.00944,-0.00393,-0.01101,-0.00000,-0.00000,0.00282,-0.00466,0.00415,-0.00606,-0.27159,0.86463,0,0.00296,0.00057
5.5351,-0.01453,-0.02048,0.00181,0.00082,-0.00940,-0.00389,-0.01101,-0.00000,-0.00000,0.00272,-0.00470,0.00394,-0.00599,-0.27157,0.86464,0,0.00296,0.00057
5.5371,-0.01453,-0.02048,0.00179,0.00081,-0.00925,-0.00396,-0.01101,-0.00000,-0.00000,0.00263,-0.00474,0.00359,-0.00579,-0.27157,0.86461,0,0.00296,0.00057
5.5391,-0.01453,-0.02048,0.00177,0.00080,-0.00899,-0.00414,-0.01101,-0.00000,-0.00000,0.00254,-0.00479,0.00313,-0.00547,-0.27154,0.86464,0,0.00296,0.00057
5.5411,-0.01453,-0.02048,0.00175,0.00079,-0.00862,-0.00443,-0.01101,-0.00000,-0.00000,0.00245,-0.00483,0.00253,-0.00502,-0.27157,0.86459,0,0.00296,0.00057
5.5431,-0.01453,-0.02048,0.00174,0.00078,-0.00813,-0.00483,-0.01101,-0.00000,-0.00000,0.00237,-0.00488,0.00206,-0.00470,-0.27158,0.86460,0,0.00296,0.00057
5.5451,-0.01453,-0.02048,0.00172,0.00077,-0.00776,-0.00512,-0.01101,-0.00000,-0.00000,0.00229,-0.00494,0.00172,-0.00450,-0.27155,0.86459,0,0.00296,0.00057
5.5471,-0.01453,-0.02048,0.00171,0.00076,-0.00750,-0.00530,-0.01101,-0.00000,-0.00000,0.00221,-0.00499,0.00151,-0.00443,-0.27152,0.86465,0,0.00296,0.00057
5.5492,-0.01453,-0.02048,0.00169,0.00075,-0.00735,-0.00537,-0.01101,-0.00000,-0.00000,0.00214,-0.00505,0.00142,-0.00449,-0.27157,0.86459,0,0.00296,0.00057
5.5512,-0.01453,-0.02048,0.00168,0.00074,-0.00730,-0.00533,-0.01101,-0.00000,-0.00000,0.00206,-0.00511,0.00147,-0.00468,-0.27158,0.86460,0,0.00296,0.00057
5.5532,-0.01453,-0.02048,0.00166,0.00073,-0.00737,-0.00518,-0.01101,-0.00000,-0.00000,0.00199,-0.00516,0.00164,-0.00500,-0.27151,0.86464,0,0.00296,0.00057
5.5552,-0.01453,-0.02048,0.00165,0.00072,-0.00754,-0.00492,-0.01101,-0.00000,-0.00000,0.00192,-0.00522,0.00192,-0.00522,-0.27156,0.86461,0,0.00296,0.00057
5.5572,-0.01453,-0.02048,0.00163,0.00071,-0.00781,-0.00475,-0.01101,-0.00000,-0.00000,0.00184,-0.00527,0.00207,-0.00531,-0.27149,0.86462,0,0.00296,0.00057
5.5592,-0.01453,-0.02048,0.00162,0.00070,-0.00796,-0.00468,-0.01101,-0.00000,-0.00000,0.00176,-0.00532,0.00209,-0.00532,-0.27160,0.86462,0,0.00296,0.00057
5.5612,-0.01453,-0.02048,0.00160,0.00069,-0.00801,-0.00468,-0.01101,-0.00000,-0.00000,0.00168,-0.00537,0.00199,-0.00537,-0.27155,0.86458,0,0.00296,0.00057
5.5632,-0.01453,-0.02048,0.00158,0.00068,-0.00795,-0.00465,-0.01101,-0.00000,-0.00000,0.00160,-0.00542,0.00175,-0.00542,-0.27157,0.86458,0,0.00296,0.00057
5.5652,-0.01453,-0.02048,0.00157,0.00067,-0.00777,-0.00462,-0.01101,-0.00000,-0.00000,0.00152,-0.00547,0.00152,-0.00547,-0.27158,0.86458,0,0.00296,0.00057
5.5672,-0.01453,-0.02048,0.00155,0.00066,-0.00760,-0.00459,-0.01101,-0.00000,-0.00000,0.00145,-0.00552,0.00142,-0.00552,-0.27155,0.86453,0,0.00296,0.00057
5.5692,-0.01453,-0.02048,0.00154,0.00065,-0.00754,-0.00456,-0.01101,-0.00000,-0.00000,0.00137,-0.00557,0.00137,-0.00557,-0.27153,0.86452,0,0.00296,0.00057
5.5712,-0.01453,-0.02048,0.00152,0.00064,-0.00752,-0.00452,-0.01101,-0.00000,-0.00000,0.00129,-0.00562,0.00129,-0.00562,-0.27154,0.86452,0,0.00296,0.00057
5.5732,-0.01453,-0.02048,0.00151,0.00064,-0.00748,-0.00449,-0.01101,-0.00000,-0.00000,0.00122,-0.00567,0.00122,-0.00567,-0.27155,0.86450,0,0.00296,0.00057
5.5752,-0.01453,-0.02048,0.00149,0.00063,-0.00744,-0.00446,-0.01101,-0.00000,-0.00000,0.00114,-0.00571,0.00114,-0.00571,-0.27157,0.86449,0,0.00296,0.00057
5.5772,-0.01453,-0.02048,0.00148,0.00062,-0.00740,-0.00443,-0.01101,-0.00000,-0.00000,0.00107,-0.00576,0.00107,-0.00576,-0.27156,0.86449,0,0.00296,0.00057
5.5793,-0.01520,-0.02077,0.00253,0.00078,-0.00367,-0.00391,-0.00707,-0.00000,-0.00000,0.00582,-0.00508,0.00112,-0.00568,-0.27155,0.86452,1,0.00380,0.00114
5.5813,-0.01520,-0.02077,0.00252,0.00077,-0.00376,-0.00399,-0.00707,-0.00000,-0.00000,0.00578,-0.00513,0.00130,-0.00548,-0.27155,0.86452,1,0.00380,0.00114
5.5833,-0.01520,-0.02077,0.00251,0.00077,-0.00396,-0.00418,-0.00707,-0.00000,-0.00000,0.00574,-0.00517,0.00161,-0.00517,-0.27150,0.86447,1,0.00380,0.00114
5.5853,-0.01520,-0.02077,0.00250,0.00076,-0.00426,-0.00445,-0.00707,-0.00000,-0.00000,0.00570,-0.00522,0.00205,-0.00499,-0.27149,0.86450,1,0.00380,0.00114
5.5873,-0.01520,-0.02077,0.00249,0.00075,-0.00468,-0.00462,-0.00707,-0.00000,-0.00000,0.00565,-0.00527,0.00262,-0.00494,-0.27153,0.86447,1,0.00380,0.00114
5.5893,-0.01520,-0.02077,0.00248,0.00074,-0.00520,-0.00467,-0.00707,-0.00000,-0.00000,0.00560,-0.00532,0.00331,-0.00502,-0.27149,0.86448,1,0.00380,0.00114
5.5913,-0.01520,-0.02077,0.00247,0.00073,-0.00584,-0.00462,-0.00707,-0.00000,-0.00000,0.00554,-0.00537,0.00413,-0.00523,-0.27151,0.86446,1,0.00380,0.00114
5.5933,-0.01520,-0.02077,0.00246,0.00072,-0.00658,-0.00445,-0.00707,-0.00000,-0.00000,0.00548,-0.00542,0.00508,-0.00542,-0.27143,0.86449,1,0.00380,0.00114
5.5953,-0.01520,-0.02077,0.00245,0.00071,-0.00743,-0.00431,-0.00707,-0.00000,-0.00000,0.00541,-0.00546,0.00590,-0.00547,-0.27154,0.86447,1,0.00380,0.00114
5.5973,-0.01520,-0.02077,0.00243,0.00070,-0.00817,-0.00427,-0.00707,-0.00000,-0.00000,0.00533,-0.00551,0.00660,-0.00551,-0.27144,0.86450,1,0.00380,0.00114
5.5993,-0.01520,-0.02077,0.00241,0.00069,-0.00881,-0.00425,-0.00707,-0.00000,-0.00000,0.00524,-0.00556,0.00716,-0.00556,-0.27146,0.86447,1,0.00380,0.00114
5.6013,-0.01520,-0.02077,0.00240,0.00069,-0.00933,-0.00422,-0.00707,-0.00000,-0.00000,0.00515,-0.00560,0.00760,-0.00560,-0.27143,0.86445,1,0.00380,0.00114
5.6033,-0.01520,-0.02077,0.00238,0.00068,-0.00974,-0.00419,-0.00707,-0.00000,-0.00000,0.00506,-0.00565,0.00791,-0.00565,-0.27136,0.86445,1,0.00380,0.00114
5.6054,-0.01520,-0.02077,0.00236,0.00067,-0.01005,-0.00416,-0.00707,-0.00000,-0.00000,0.00496,-0.00569,0.00809,-0.00569,-0.27135,0.86444,1,0.00380,0.00114
5.6074,-0.01520,-0.02077,0.00234,0.00066,-0.01024,-0.00414,-0.00707,-0.00000,-0.00000,0.00486,-0.00574,0.00814,-0.00574,-0.27138,0.86443,1,0.00380,0.00114
5.6094,-0.01520,-0.02077,0.00232,0.00065,-0.01033,-0.00411,-0.00707,-0.00000,-0.00000,0.00476,-0.00579,0.00807,-0.00579,-0.27138,0.86438,1,0.00380,0.00114
5.6114,-0.01520,-0.02077,0.00229,0.00064,-0.01030,-0.00408,-0.00707,-0.00000,-0.00000,0.00466,-0.00583,0.00787,-0.00583,-0.27135,0.86440,1,0.00380,0.00114
5.6134,-0.01520,-0.02077,0.00227,0.00064,-0.01017,-0.00405,-0.00707,-0.00000,-0.00000,0.00455,-0.00587,0.00753,-0.00587,-0.27130,0.86443,1,0.00380,0.00114
5.6154,-0.01520,-0.02077,0.00225,0.00063,-0.00992,-0.00402,-0.00707,-0.00000,-0.00000,0.00446,-0.00592,0.00708,-0.00592,-0.27134,0.86439,1,0.00380,0.00114
5.6174,-0.01520,-0.02077,0.00223,0.00062,-0.00957,-0.00400,-0.00707,-0.00000,-0.00000,0.00436,-0.00596,0.00649,-0.00596,-0.27128,0.86443,1,0.00380,0.00114
5.6194,-0.01520,-0.02077,0.00222,0.00061,-0.00910,-0.00397,-0.00707,-0.00000,-0.00000,0.00427,-0.00601,0.00578,-0.00601,-0.27132,0.86439,1,0.00380,0.00114
5.6214,-0.01520,-0.02077,0.00220,0.00060,-0.00853,-0.00394,-0.00707,-0.00000,-0.00000,0.00418,-0.00605,0.00493,-0.00605,-0.27131,0.86439,1,0.00380,0.00114
5.6234,-0.01520,-0.02077,0.00218,0.00060,-0.00785,-0.00391,-0.00707,-0.00000,-0.00000,0.00410,-0.00609,0.00410,-0.00609,-0.27123,0.86440,1,0.00380,0.00114
5.6255,-0.01520,-0.02077,0.00217,0.00059,-0.00717,-0.00389,-0.00707,-0.00000,-0.00000,0.00402,-0.00614,0.00339,-0.00614,-0.27126,0.86434,1,0.00380,0.00114
5.6275,-0.01520,-0.02077,0.00215,0.00058,-0.00660,-0.00386,-0.00707,-0.00000,-0.00000,0.00395,-0.00618,0.00281,-0.00618,-0.27123,0.86436,1,0.00380,0.00114
5.6295,-0.01520,-0.02077,0.00214,0.00057,-0.00614,-0.00383,-0.00707,-0.00000,-0.00000,0.00389,-0.00622,0.00235,-0.00622,-0.27125,0.86431,1,0.00380,0.00114
5.6315,-0.01520,-0.02077,0.00213,0.00057,-0.00578,-0.00381,-0.00707,-0.00000,-0.00000,0.00382,-0.00627,0.00203,-0.00627,-0.27123,0.86432,1,0.00380,0.00114
5.6335,-0.01520,-0.02077,0.00212,0.00056,-0.00554,-0.00378,-0.00707,-0.00000,-0.00000,0.00377,-0.00631,0.00183,-0.00631,-0.27131,0.86430,1,0.00380,0.00114
5.6355,-0.01520,-0.02077,0.00211,0.00055,-0.00541,-0.00375,-0.00707,-0.00000,-0.00000,0.00371,-0.00635,0.00176,-0.00635,-0.27123,0.86431,1,0.00380,0.00114
5.6375,-0.01520,-0.02077,0.00210,0.00054,-0.00539,-0.00373,-0.00707,-0.00000,-0.00000,0.00365,-0.00639,0.00182,-0.00639,-0.27125,0.86429,1,0.00380,0.00114
5.6395,-0.01520,-0.02077,0.00208,0.00054,-0.00547,-0.00370,-0.00707,-0.00000,-0.00000,0.00360,-0.00643,0.00201,-0.00643,-0.27126,0.86429,1,0.00380,0.00114
5.6415,-0.01520,-0.02077,0.00207,0.00053,-0.00567,-0.00367,-0.00707,-0.00000,-0.00000,0.00354,-0.00647,0.00232,-0.00647,-0.27127,0.86426,1,0.00380,0.00114
5.6436,-0.01520,-0.02077,0.00206,0.00052,-0.00597,-0.00365,-0.00707,-0.00000,-0.00000,0.00348,-0.00651,0.00277,-0.00651,-0.27124,0.86428,1,0.00380,0.00114
5.6456,-0.01495,-0.02125,0.00240,0.00050,-0.00511,-0.00368,-0.00606,-0.00000,-0.00000,0.00515,-0.00679,0.00334,-0.00668,-0.27122,0.86426,0,0.00309,0.00064
5.6476,-0.01495,-0.02125,0.00239,0.00049,-0.00564,-0.00354,-0.00606,-0.00000,-0.00000,0.00509,-0.00683,0.00404,-0.00683,-0.27122,0.86426,0,0.00309,0.00064
5.6496,-0.01495,-0.02125,0.00238,0.00048,-0.00628,-0.00343,-0.00606,-0.00000,-0.00000,0.00503,-0.00687,0.00487,-0.00687,-0.27122,0.86422,0,0.00309,0.00064
5.6516,-0.01495,-0.02125,0.00236,0.00047,-0.00702,-0.00340,-0.00606,-0.00000,-0.00000,0.00496,-0.00690,0.00556,-0.00690,-0.27123,0.86422,0,0.00309,0.00064
5.6536,-0.01495,-0.02125,0.00235,0.00047,-0.00766,-0.00337,-0.00606,-0.00000,-0.00000,0.00489,-0.00694,0.00614,-0.00694,-0.27122,0.86420,0,0.00309,0.00064
5.6556,-0.01495,-0.02125,0.00233,0.00046,-0.00819,-0.00335,-0.00606,-0.00000,-0.00000,0.00481,-0.00698,0.00658,-0.00698,-0.27114,0.86417,0,0.00309,0.00064
5.6576,-0.01495,-0.02125,0.00232,0.00045,-0.00861,-0.00332,-0.00606,-0.00000,-0.00000,0.00473,-0.00702,0.00689,-0.00702,-0.27116,0.86416,0,0.00309,0.00064
5.6597,-0.01495,-0.02125,0.00230,0.00045,-0.00891,-0.00330,-0.00606,-0.00000,-0.00000,0.00464,-0.00706,0.00708,-0.00706,-0.27106,0.86417,0,0.00309,0.00064
5.6616,-0.01495,-0.02125,0.00228,0.00044,-0.00911,-0.00327,-0.00606,-0.00000,-0.00000,0.00455,-0.00709,0.00714,-0.00709,-0.27105,0.86420,0,0.00309,0.00064
5.6637,-0.01495,-0.02125,0.00226,0.00043,-0.00920,-0.00325,-0.00606,-0.00000,-0.00000,0.00446,-0.00713,0.00707,-0.00713,-0.27103,0.86414,0,0.00309,0.00064
5.6657,-0.01495,-0.02125,0.00224,0.00043,-0.00918,-0.00323,-0.00606,-0.00000,-0.00000,0.00437,-0.00717,0.00687,-0.00717,-0.27100,0.86416,0,0.00309,0.00064
5.6677,-0.01495,-0.02125,0.00223,0.00042,-0.00905,-0.00320,-0.00606,-0.00000,-0.00000,0.00428,-0.00721,0.00655,-0.00721,-0.27097,0.86412,0,0.00309,0.00064
5.6697,-0.01495,-0.02125,0.00221,0.00042,-0.00881,-0.00318,-0.00606,-0.00000,-0.00000,0.00419,-0.00724,0.00610,-0.00724,-0.27096,0.86408,0,0.00309,0.00064
5.6717,-0.01495,-0.02125,0.00219,0.00041,-0.00846,-0.00315,-0.00606,-0.00000,-0.00000,0.00410,-0.00728,0.00552,-0.00728,-0.27095,0.86409,0,0.00309,0.00064
5.6737,-0.01495,-0.02125,0.00217,0.00040,-0.00800,-0.00313,-0.00606,-0.00000,-0.00000,0.00402,-0.00731,0.00481,-0.00731,-0.27095,0.86410,0,0.00309,0.00064
5.6757,-0.01495,-0.02125,0.00216,0.00040,-0.00743,-0.00310,-0.00606,-0.00000,-0.00000,0.00394,-0.00735,0.00397,-0.00735,-0.27091,0.86407,0,0.00309,0.00064
5.6777,-0.01495,-0.02125,0.00214,0.00039,-0.00675,-0.00308,-0.00606,-0.00000,-0.00000,0.00387,-0.00739,0.00326,-0.00739,-0.27092,0.86407,0,0.00309,0.00064
5.6797,-0.01495,-0.02125,0.00213,0.00038,-0.00618,-0.00306,-0.00606,-0.00000,-0.00000,0.00381,-0.00742,0.00268,-0.00742,-0.27096,0.86400,0,0.00309,0.00064
5.6817,-0.01495,-0.02125,0.00212,0.00038,-0.00572,-0.00303,-0.00606,-0.00000,-0.00000,0.00374,-0.00746,0.00223,-0.00746,-0.27094,0.86403,0,0.00309,0.00064
5.6837,-0.01495,-0.02125,0.00211,0.00037,-0.00536,-0.00301,-0.00606,-0.00000,-0.00000,0.00369,-0.00749,0.00190,-0.00749,-0.27096,0.86398,0,0.00309,0.00064
5.6857,-0.01495,-0.02125,0.00210,0.00037,-0.00512,-0.00298,-0.00606,-0.00000,-0.00000,0.00363,-0.00753,0.00171,-0.00753,-0.27102,0.86397,0,0.00309,0.00064
5.6877,-0.01495,-0.02125,0.00209,0.00036,-0.00499,-0.00296,-0.00606,-0.00000,-0.00000,0.00358,-0.00756,0.00164,-0.00756,-0.27099,0.86387,0,0.00309,0.00064
5.6897,-0.01495,-0.02125,0.00208,0.00035,-0.00496,-0.00294,-0.00606,-0.00000,-0.00000,0.00353,-0.00759,0.00170,-0.00759,-0.27105,0.86392,0,0.00309,0.00064
5.6917,-0.01495,-0.02125,0.00207,0.00035,-0.00505,-0.00291,-0.00606,-0.00000,-0.00000,0.00348,-0.00763,0.00188,-0.00763,-0.27103,0.86394,0,0.00309,0.00064
5.6937,-0.01495,-0.02125,0.00206,0.00034,-0.00524,-0.00289,-0.00606,-0.00000,-0.00000,0.00342,-0.00766,0.00220,-0.00766,-0.27104,0.86388,0,0.00309,0.00064
5.6957,-0.01495,-0.02125,0.00205,0.00034,-0.00555,-0.00287,-0.00606,-0.00000,-0.00000,0.00337,-0.00770,0.00264,-0.00770,-0.27099,0.86388,0,0.00309,0.00064
5.6977,-0.01495,-0.02125,0.00204,0.00033,-0.00596,-0.00284,-0.00606,-0.00000,-0.00000,0.00331,-0.00773,0.00321,-0.00773,-0.27104,0.86386,0,0.00309,0.00064
5.6997,-0.01495,-0.02125,0.00202,0.00033,-0.00648,-0.00282,-0.00606,-0.00000,-0.00000,0.00325,-0.00776,0.00366,-0.00776,-0.27099,0.86383,0,0.00309,0.00064
5.7017,-0.01495,-0.02125,0.00201,0.00032,-0.00690,-0.00280,-0.00606,-0.00000,-0.00000,0.00318,-0.00780,0.00397,-0.00780,-0.27098,0.86384,0,0.00309,0.00064
5.7037,-0.01495,-0.02125,0.00200,0.00031,-0.00720,-0.00277,-0.00606,-0.00000,-0.00000,0.00311,-0.00783,0.00416,-0.00783,-0.27095,0.86384,0,0.00309,0.00064
5.7057,-0.01495,-0.02125,0.00198,0.00031,-0.00739,-0.00275,-0.00606,-0.00000,-0.00000,0.00303,-0.00786,0.00422,-0.00786,-0.27095,0.86384,0,0.00309,0.00064
5.7077,-0.01495,-0.02125,0.00197,0.00030,-0.00748,-0.00273,-0.00606,-0.00000,-0.00000,0.00296,-0.00789,0.00415,-0.00789,-0.27092,0.86380,0,0.00309,0.00064
5.7098,-0.01551,-0.02206,0.00240,0.00088,-0.00570,-0.00072,-0.00462,-0.00000,-0.00000,0.00486,-0.00543,0.00421,-0.00780,-0.27087,0.86376,1,0.00307,0.00153
5.7118,-0.01551,-0.02206,0.00239,0.00087,-0.00579,-0.00082,-0.00462,-0.00000,-0.00000,0.00480,-0.00545,0.00440,-0.00757,-0.27087,0.86376,1,0.00307,0.00153
5.7138,-0.01551,-0.02206,0.00238,0.00087,-0.00599,-0.00102,-0.00462,-0.00000,-0.00000,0.00474,-0.00546,0.00471,-0.00722,-0.27089,0.86376,1,0.00307,0.00153
5.7158,-0.01551,-0.02206,0.00237,0.00087,-0.00630,-0.00134,-0.00462,-0.00000,-0.00000,0.00468,-0.00548,0.00490,-0.00674,-0.27085,0.86371,1,0.00307,0.00153
5.7178,-0.01551,-0.02206,0.00236,0.00087,-0.00650,-0.00176,-0.00462,-0.00000,-0.00000,0.00461,-0.00550,0.00496,-0.00613,-0.27085,0.86373,1,0.00307,0.00153
5.7198,-0.01551,-0.02206,0.00234,0.00086,-0.00659,-0.00230,-0.00462,-0.00000,-0.00000,0.00454,-0.00553,0.00489,-0.00553,-0.27088,0.86370,1,0.00307,0.00153
5.7218,-0.01551,-0.02206,0.00233,0.00086,-0.00657,-0.00283,-0.00462,-0.00000,-0.00000,0.00448,-0.00556,0.00469,-0.00504,-0.27089,0.86367,1,0.00307,0.00153
5.7238,-0.01551,-0.02206,0.00232,0.00085,-0.00644,-0.00326,-0.00462,-0.00000,-0.00000,0.00441,-0.00559,0.00441,-0.00469,-0.27088,0.86367,1,0.00307,0.00153
5.7258,-0.01551,-0.02206,0.00230,0.00085,-0.00624,-0.00357,-0.00462,-0.00000,-0.00000,0.00435,-0.00563,0.00426,-0.00447,-0.27085,0.86368,1,0.00307,0.00153
5.7278,-0.01551,-0.02206,0.00229,0.00084,-0.00615,-0.00378,-0.00462,-0.00000,-0.00000,0.00428,-0.00567,0.00423,-0.00437,-0.27086,0.86368,1,0.00307,0.00153
5.7299,-0.01551,-0.02206,0.00228,0.00083,-0.00616,-0.00388,-0.00462,-0.00000,-0.00000,0.00422,-0.00571,0.00422,-0.00440,-0.27084,0.86367,1,0.00307,0.00153
5.7319,-0.01551,-0.02206,0.00227,0.00082,-0.00619,-0.00386,-0.00462,-0.00000,-0.00000,0.00416,-0.00576,0.00416,-0.00456,-0.27084,0.86367,1,0.00307,0.00153
5.7339,-0.01551,-0.02206,0.00225,0.00082,-0.00617,-0.00374,-0.00462,-0.00000,-0.00000,0.00409,-0.00580,0.00409,-0.00484,-0.27086,0.86361,1,0.00307,0.00153
5.7359,-0.01551,-0.02206,0.00224,0.00081,-0.00616,-0.00351,-0.00462,-0.00000,-0.00000,0.00403,-0.00584,0.00403,-0.00526,-0.27086,0.86361,1,0.00307,0.00153
5.7379,-0.01551,-0.02206,0.00223,0.00080,-0.00614,-0.00317,-0.00462,-0.00000,-0.00000,0.00397,-0.00588,0.00397,-0.00580,-0.27086,0.86363,1,0.00307,0.00153
5.7399,-0.01551,-0.02206,0.00222,0.00080,-0.00612,-0.00272,-0.00462,-0.00000,-0.00000,0.00391,-0.00591,0.00391,-0.00622,-0.27084,0.86359,1,0.00307,0.00153
5.7419,-0.01551,-0.02206,0.00221,0.00079,-0.00611,-0.00238,-0.00462,-0.00000,-0.00000,0.00384,-0.00594,0.00384,-0.00650,-0.27085,0.86360,1,0.00307,0.00153
5.7439,-0.01551,-0.02206,0.00219,0.00079,-0.00609,-0.00215,-0.00462,-0.00000,-0.00000,0.00378,-0.00597,0.00378,-0.00666,-0.27084,0.86360,1,0.00307,0.00153
5.7459,-0.01551,-0.02206,0.00218,0.00078,-0.00607,-0.00202,-0.00462,-0.00000,-0.00000,0.00372,-0.00600,0.00372,-0.00669,-0.27082,0.86354,1,0.00307,0.00153
5.7479,-0.01551,-0.02206,0.00217,0.00078,-0.00606,-0.00201,-0.00462,-0.00000,-0.00000,0.00366,-0.00602,0.00366,-0.00660,-0.27083,0.86353,1,0.00307,0.00153
5.7499,-0.01551,-0.02206,0.00216,0.00077,-0.00604,-0.00211,-0.00462,-0.00000,-0.00000,0.00360,-0.00605,0.00360,-0.00637,-0.27078,0.86350,1,0.00307,0.00153
5.7519,-0.01551,-0.02206,0.00214,0.00077,-0.00602,-0.00231,-0.00462,-0.00000,-0.00000,0.00353,-0.00608,0.00353,-0.00608,-0.27078,0.86350,1,0.00307,0.00153
5.7539,-0.01551,-0.02206,0.00213,0.00076,-0.00601,-0.00257,-0.00462,-0.00000,-0.00000,0.00347,-0.00611,0.00347,-0.00591,-0.27079,0.86348,1,0.00307,0.00153
5.7559,-0.01551,-0.02206,0.00212,0.00076,-0.00599,-0.00273,-0.00462,-0.00000,-0.00000,0.00341,-0.00614,0.00341,-0.00588,-0.27079,0.86348,1,0.00307,0.00153
5.7579,-0.01551,-0.02206,0.00211,0.00075,-0.00597,-0.00277,-0.00462,-0.00000,-0.00000,0.00335,-0.00617,0.00335,-0.00597,-0.27077,0.86346,1,0.00307,0.00153
5.7599,-0.01551,-0.02206,0.00210,0.00075,-0.00596,-0.00270,-0.00462,-0.00000,-0.00000,0.00329,-0.00620,0.00329,-0.00619,-0.27080,0.86341,1,0.00307,0.00153
5.7619,-0.01551,-0.02206,0.00208,0.00074,-0.00594,-0.00253,-0.00462,-0.00000,-0.00000,0.00323,-0.00624,0.00323,-0.00628,-0.27074,0.86344,1,0.00307,0.00153
5.7639,-0.01551,-0.02206,0.00207,0.00074,-0.00592,-0.00246,-0.00462,-0.00000,-0.00000,0.00317,-0.00627,0.00317,-0.00627,-0.27067,0.86347,1,0.00307,0.00153
5.7659,-0.01551,-0.02206,0.00206,0.00073,-0.00590,-0.00249,-0.00462,-0.00000,-0.00000,0.00311,-0.00630,0.00311,-0.00630,-0.27070,0.86344,1,0.00307,0.00153
5.7679,-0.01551,-0.02206,0.00205,0.00073,-0.00589,-0.00247,-0.00462,-0.00000,-0.00000,0.00305,-0.00633,0.00305,-0.00633,-0.27070,0.86344,1,0.00307,0.00153
5.7699,-0.01551,-0.02206,0.00204,0.00072,-0.00587,-0.00246,-0.00462,-0.00000,-0.00000,0.00299,-0.00636,0.00299,-0.00636,-0.27074,0.86340,1,0.00307,0.00153
5.7719,-0.01551,-0.02206,0.00203,0.00072,-0.00585,-0.00245,-0.00462,-0.00000,-0.00000,0.00293,-0.00639,0.00293,-0.00639,-0.27074,0.86340,1,0.00307,0.00153
5.7739,-0.01551,-0.02206,0.00201,0.00071,-0.00583,-0.00243,-0.00462,-0.00000,-0.00000,0.00287,-0.00642,0.00287,-0.00642,-0.27069,0.86339,1,0.00307,0.00153
5.7759,-0.01551,-0.02206,0.00200,0.00071,-0.00582,-0.00242,-0.00462,-0.00000,-0.00000,0.00281,-0.00645,0.00281,-0.00645,-0.27069,0.86339,1,0.00307,0.00153
5.7779,-0.01468,-0.02233,0.00199,0.00116,-0.00581,-0.00056,-0.01001,-0.00000,-0.00000,0.00298,-0.00440,0.00287,-0.00635,-0.27071,0.86330,1,0.00222,0.00165
5.7799,-0.01468,-0.02233,0.00198,0.00116,-0.00590,-0.00066,-0.01001,-0.00000,-0.00000,0.00292,-0.00441,0.00292,-0.00612,-0.27071,0.86330,1,0.00222,0.00165
5.7819,-0.01468,-0.02233,0.00196,0.00116,-0.00597,-0.00088,-0.01001,-0.00000,-0.00000,0.00286,-0.00443,0.00286,-0.00577,-0.27068,0.86328,1,0.00222,0.00165
5.7839,-0.01468,-0.02233,0.00195,0.00115,-0.00595,-0.00120,-0.01001,-0.00000,-0.00000,0.00280,-0.00444,0.00280,-0.00528,-0.27068,0.86328,1,0.00222,0.00165
5.7859,-0.01468,-0.02233,0.00194,0.00115,-0.00593,-0.00163,-0.01001,-0.00000,-0.00000,0.00274,-0.00446,0.00274,-0.00467,-0.27070,0.86326,1,0.00222,0.00165
5.7879,-0.01468,-0.02233,0.00193,0.00115,-0.00591,-0.00217,-0.01001,-0.00000,-0.00000,0.00268,-0.00449,0.00268,-0.00419,-0.27067,0.86323,1,0.00222,0.00165
5.7899,-0.01468,-0.02233,0.00192,0.00114,-0.00589,-0.00260,-0.01001,-0.00000,-0.00000,0.00262,-0.00452,0.00262,-0.00384,-0.27069,0.86319,1,0.00222,0.00165
5.7919,-0.01468,-0.02233,0.00190,0.00114,-0.00587,-0.00292,-0.01001,-0.00000,-0.00000,0.00256,-0.00455,0.00256,-0.00361,-0.27065,0.86319,1,0.00222,0.00165
5.7939,-0.01468,-0.02233,0.00189,0.00113,-0.00585,-0.00314,-0.01001,-0.00000,-0.00000,0.00250,-0.00459,0.00250,-0.00351,-0.27064,0.86323,1,0.00222,0.00165
5.7960,-0.01468,-0.02233,0.00188,0.00112,-0.00583,-0.00324,-0.01001,-0.00000,-0.00000,0.00244,-0.00462,0.00244,-0.00354,-0.27065,0.86316,1,0.00222,0.00165
5.7980,-0.01468,-0.02233,0.00187,0.00112,-0.00581,-0.00323,-0.01001,-0.00000,-0.00000,0.00238,-0.00466,0.00238,-0.00370,-0.27065,0.86316,1,0.00222,0.00165
5.8000,-0.01468,-0.02233,0.00186,0.00111,-0.00579,-0.00312,-0.01001,-0.00000,-0.00000,0.00232,-0.00470,0.00232,-0.00398,-0.27060,0.86316,1,0.00222,0.00165
5.8020,-0.01468,-0.02233,0.00185,0.00111,-0.00577,-0.00289,-0.01001,-0.00000,-0.00000,0.00226,-0.00473,0.00226,-0.00440,-0.27059,0.86320,1,0.00222,0.00165
5.8040,-0.01468,-0.02233,0.00183,0.00110,-0.00575,-0.00256,-0.01001,-0.00000,-0.00000,0.00220,-0.00476,0.00220,-0.00476,-0.27061,0.86314,1,0.00222,0.00165
5.8060,-0.01468,-0.02233,0.00182,0.00110,-0.00573,-0.00226,-0.01001,-0.00000,-0.00000,0.00214,-0.00479,0.00214,-0.00500,-0.27060,0.86314,1,0.00222,0.00165
5.8080,-0.01468,-0.02233,0.00181,0.00109,-0.00571,-0.00208,-0.01001,-0.00000,-0.00000,0.00208,-0.00482,0.00208,-0.00511,-0.27060,0.86314,1,0.00222,0.00165
5.8100,-0.01468,-0.02233,0.00180,0.00109,-0.00569,-0.00200,-0.01001,-0.00000,-0.00000,0.00202,-0.00485,0.00202,-0.00510,-0.27060,0.86314,1,0.00222,0.00165
5.8120,-0.01468,-0.02233,0.00179,0.00108,-0.00567,-0.00203,-0.01001,-0.00000,-0.00000,0.00197,-0.00487,0.00197,-0.00495,-0.27065,0.86306,1,0.00222,0.00165
5.8140,-0.01468,-0.02233,0.00178,0.00108,-0.00565,-0.00217,-0.01001,-0.00000,-0.00000,0.00191,-0.00490,0.00191,-0.00490,-0.27065,0.86306,1,0.00222,0.00165
5.8160,-0.01468,-0.02233,0.00177,0.00107,-0.00563,-0.00224,-0.01001,-0.00000,-0.00000,0.00185,-0.00493,0.00185,-0.00493,-0.27063,0.86305,1,0.00222,0.00165
5.8180,-0.01468,-0.02233,0.00175,0.00107,-0.00561,-0.00223,-0.01001,-0.00000,-0.00000,0.00179,-0.00496,0.00179,-0.00496,-0.27062,0.86304,1,0.00222,0.00165
5.8200,-0.01468,-0.02233,0.00174,0.00107,-0.00559,-0.00223,-0.01001,-0.00000,-0.00000,0.00173,-0.00498,0.00173,-0.00498,-0.27062,0.86304,1,0.00222,0.00165
5.8220,-0.01468,-0.02233,0.00173,0.00106,-0.00557,-0.00222,-0.01001,-0.00000,-0.00000,0.00168,-0.00501,0.00168,-0.00501,-0.27062,0.86299,1,0.00222,0.00165
5.8240,-0.01468,-0.02233,0.00172,0.00106,-0.00555,-0.00221,-0.01001,-0.00000,-0.00000,0.00162,-0.00504,0.00162,-0.00504,-0.27060,0.86301,1,0.00222,0.00165
5.8260,-0.01468,-0.02233,0.00171,0.00105,-0.00553,-0.00221,-0.01001,-0.00000,-0.00000,0.00156,-0.00507,0.00156,-0.00507,-0.27058,0.86302,1,0.00222,0.00165
5.8280,-0.01468,-0.02233,0.00170,0.00105,-0.00551,-0.00220,-0.01001,-0.00000,-0.00000,0.00151,-0.00509,0.00151,-0.00509,-0.27058,0.86302,1,0.00222,0.00165
5.8300,-0.01468,-0.02233,0.00169,0.00104,-0.00549,-0.00220,-0.01001,-0.00000,-0.00000,0.00145,-0.00512,0.00145,-0.00512,-0.27059,0.86302,1,0.00222,0.00165
5.8320,-0.01468,-0.02233,0.00168,0.00104,-0.00547,-0.00219,-0.01001,-0.00000,-0.00000,0.00139,-0.00515,0.00139,-0.00515,-0.27060,0.86297,1,0.00222,0.00165
5.8340,-0.01468,-0.02233,0.00167,0.00103,-0.00545,-0.00218,-0.01001,-0.00000,-0.00000,0.00134,-0.00518,0.00134,-0.00518,-0.27060,0.86297,1,0.00222,0.00165
5.8360,-0.01468,-0.02233,0.00166,0.00103,-0.00543,-0.00218,-0.01001,-0.00000,-0.00000,0.00128,-0.00520,0.00128,-0.00520,-0.27054,0.86302,1,0.00222,0.00165
5.8380,-0.01468,-0.02233,0.00164,0.00103,-0.00541,-0.00217,-0.01001,-0.00000,-0.00000,0.00123,-0.00523,0.00123,-0.00523,-0.27060,0.86291,1,0.00222,0.00165
5.8400,-0.01468,-0.02233,0.00163,0.00102,-0.00539,-0.00216,-0.01001,-0.00000,-0.00000,0.00117,-0.00526,0.00117,-0.00526,-0.27052,0.86295,1,0.00222,0.00165
5.8420,-0.01468,-0.02233,0.00162,0.00102,-0.00537,-0.00216,-0.01001,-0.00000,-0.00000,0.00112,-0.00528,0.00112,-0.00528,-0.27052,0.86293,1,0.00222,0.00165
5.8440,-0.01465,-0.02261,0.00177,0.00124,-0.00482,-0.00109,-0.00577,-0.00000,-0.00000,0.00181,-0.00433,0.00119,-0.00518,-0.27052,0.86290,0,0.00213,0.00151
5.8460,-0.01465,-0.02261,0.00176,0.00124,-0.00491,-0.00120,-0.00577,-0.00000,-0.00000,0.00176,-0.00435,0.00139,-0.00495,-0.27053,0.86295,0,0.00213,0.00151
5.8480,-0.01465,-0.02261,0.00175,0.00123,-0.00511,-0.00142,-0.00577,-0.00000,-0.00000,0.00170,-0.00437,0.00170,-0.00460,-0.27053,0.86296,0,0.00213,0.00151
5.8500,-0.01465,-0.02261,0.00174,0.00123,-0.00541,-0.00174,-0.00577,-0.00000,-0.00000,0.00165,-0.00439,0.00189,-0.00437,-0.27050,0.86294,0,0.00213,0.00151
5.8521,-0.01465,-0.02261,0.00173,0.00123,-0.00560,-0.00196,-0.00577,-0.00000,-0.00000,0.00159,-0.00441,0.00195,-0.00427,-0.27056,0.86292,0,0.00213,0.00151
5.8540,-0.01465,-0.02261,0.00172,0.00122,-0.00568,-0.00206,-0.00577,-0.00000,-0.00000,0.00154,-0.00444,0.00188,-0.00430,-0.27056,0.86289,0,0.00213,0.00151
5.8561,-0.01465,-0.02261,0.00170,0.00122,-0.00564,-0.00206,-0.00577,-0.00000,-0.00000,0.00148,-0.00446,0.00168,-0.00445,-0.27057,0.86284,0,0.00213,0.00151
5.8581,-0.01465,-0.02261,0.00169,0.00122,-0.00550,-0.00195,-0.00577,-0.00000,-0.00000,0.00142,-0.00449,0.00142,-0.00449,-0.27053,0.86289,0,0.00213,0.00151
5.8601,-0.01465,-0.02261,0.00168,0.00121,-0.00531,-0.00194,-0.00577,-0.00000,-0.00000,0.00137,-0.00451,0.00129,-0.00451,-0.27055,0.86285,0,0.00213,0.00151
5.8621,-0.01465,-0.02261,0.00167,0.00121,-0.00522,-0.00194,-0.00577,-0.00000,-0.00000,0.00131,-0.00454,0.00128,-0.00454,-0.27048,0.86290,0,0.00213,0.00151
5.8641,-0.01465,-0.02261,0.00166,0.00120,-0.00524,-0.00193,-0.00577,-0.00000,-0.00000,0.00126,-0.00456,0.00126,-0.00456,-0.27051,0.86287,0,0.00213,0.00151
5.8661,-0.01465,-0.02261,0.00165,0.00120,-0.00525,-0.00193,-0.00577,-0.00000,-0.00000,0.00120,-0.00459,0.00120,-0.00459,-0.27051,0.86286,0,0.00213,0.00151
5.8681,-0.01465,-0.02261,0.00164,0.00120,-0.00523,-0.00193,-0.00577,-0.00000,-0.00000,0.00115,-0.00461,0.00115,-0.00461,-0.27057,0.86283,0,0.00213,0.00151
5.8702,-0.01465,-0.02261,0.00163,0.00119,-0.00521,-0.00193,-0.00577,-0.00000,-0.00000,0.00110,-0.00464,0.00110,-0.00464,-0.27052,0.86288,0,0.00213,0.00151
5.8722,-0.01465,-0.02261,0.00162,0.00119,-0.00520,-0.00193,-0.00577,-0.00000,-0.00000,0.00104,-0.00466,0.00104,-0.00466,-0.27058,0.86280,0,0.00213,0.00151
5.8742,-0.01465,-0.02261,0.00161,0.00118,-0.00518,-0.00193,-0.00577,-0.00000,-0.00000,0.00099,-0.00469,0.00099,-0.00469,-0.27051,0.86280,0,0.00213,0.00151
5.8762,-0.01465,-0.02261,0.00160,0.00118,-0.00516,-0.00193,-0.00577,-0.00000,-0.00000,0.00094,-0.00471,0.00094,-0.00471,-0.27052,0.86278,0,0.00213,0.00151
5.8782,-0.01465,-0.02261,0.00159,0.00118,-0.00514,-0.00192,-0.00577,-0.00000,-0.00000,0.00088,-0.00474,0.00088,-0.00474,-0.27051,0.86283,0,0.00213,0.00151
5.8802,-0.01465,-0.02261,0.00158,0.00117,-0.00512,-0.00192,-0.00577,-0.00000,-0.00000,0.00083,-0.00476,0.00083,-0.00476,-0.27048,0.86280,0,0.00213,0.00151
5.8822,-0.01465,-0.02261,0.00157,0.00117,-0.00510,-0.00192,-0.00577,-0.00000,-0.00000,0.00078,-0.00479,0.00078,-0.00479,-0.27047,0.86282,0,0.00213,0.00151
5.8842,-0.01465,-0.02261,0.00156,0.00117,-0.00508,-0.00192,-0.00577,-0.00000,-0.00000,0.00072,-0.00481,0.00072,-0.00481,-0.27046,0.86280,0,0.00213,0.00151
5.8862,-0.01465,-0.02261,0.00155,0.00116,-0.00506,-0.00192,-0.00577,-0.00000,-0.00000,0.00067,-0.00484,0.00067,-0.00484,-0.27050,0.86281,0,0.00213,0.00151
5.8883,-0.01465,-0.02261,0.00154,0.00116,-0.00504,-0.00191,-0.00577,-0.00000,-0.00000,0.00062,-0.00486,0.00062,-0.00486,-0.27049,0.86278,0,0.00213,0.00151
5.8903,-0.01465,-0.02261,0.00153,0.00115,-0.00502,-0.00191,-0.00577,-0.00000,-0.00000,0.00057,-0.00489,0.00057,-0.00489,-0.27051,0.86277,0,0.00213,0.00151
5.8923,-0.01465,-0.02261,0.00152,0.00115,-0.00501,-0.00191,-0.00577,-0.00000,-0.00000,0.00052,-0.00491,0.00052,-0.00491,-0.27051,0.86274,0,0.00213,0.00151
5.8943,-0.01465,-0.02261,0.00151,0.00115,-0.00499,-0.00191,-0.00577,-0.00000,-0.00000,0.00046,-0.00494,0.00046,-0.00494,-0.27049,0.86274,0,0.00213,0.00151
5.8963,-0.01465,-0.02261,0.00150,0.00114,-0.00497,-0.00191,-0.00577,-0.00000,-0.00000,0.00041,-0.00496,0.00041,-0.00496,-0.27049,0.86273,0,0.00213,0.00151
5.8983,-0.01465,-0.02261,0.00149,0.00114,-0.00495,-0.00190,-0.00577,-0.00000,-0.00000,0.00036,-0.00499,0.00036,-0.00499,-0.27049,0.86275,0,0.00213,0.00151
5.9003,-0.01465,-0.02261,0.00148,0.00113,-0.00493,-0.00190,-0.00577,-0.00000,-0.00000,0.00031,-0.00501,0.00031,-0.00501,-0.27052,0.86273,0,0.00213,0.00151
5.9023,-0.01465,-0.02261,0.00147,0.00113,-0.00491,-0.00190,-0.00577,-0.00000,-0.00000,0.00026,-0.00504,0.00026,-0.00504,-0.27051,0.86272,0,0.00213,0.00151
5.9043,-0.01465,-0.02261,0.00146,0.00113,-0.00489,-0.00190,-0.00577,-0.00000,-0.00000,0.00021,-0.00506,0.00021,-0.00506,-0.27053,0.86271,0,0.00213,0.00151
5.9064,-0.01465,-0.02261,0.00145,0.00112,-0.00487,-0.00190,-0.00577,-0.00000,-0.00000,0.00016,-0.00509,0.00016,-0.00509,-0.27050,0.86269,0,0.00213,0.00151
5.9083,-0.01465,-0.02261,0.00144,0.00112,-0.00485,-0.00189,-0.00577,-0.00000,-0.00000,0.00011,-0.00511,0.00011,-0.00511,-0.27051,0.86266,0,0.00213,0.00151
5.9104,-0.01465,-0.02261,0.00143,0.00112,-0.00483,-0.00189,-0.00577,-0.00000,-0.00000,0.00006,-0.00514,0.00006,-0.00514,-0.27050,0.86269,0,0.00213,0.00151
5.9124,-0.01495,-0.02261,0.00182,0.00128,-0.00343,-0.00131,-0.00607,-0.00000,-0.00000,0.00183,-0.00436,0.00014,-0.00503,-0.27049,0.86265,0,0.00239,0.00151
5.9144,-0.01495,-0.02261,0.00182,0.00128,-0.00353,-0.00142,-0.00607,-0.00000,-0.00000,0.00179,-0.00438,0.00034,-0.00480,-0.27049,0.86268,0,0.00239,0.00151
5.9164,-0.01495,-0.02261,0.00181,0.00128,-0.00373,-0.00164,-0.00607,-0.00000,-0.00000,0.00176,-0.00440,0.00067,-0.00444,-0.27054,0.86263,0,0.00239,0.00151
5.9184,-0.01495,-0.02261,0.00180,0.00127,-0.00405,-0.00197,-0.00607,-0.00000,-0.00000,0.00171,-0.00443,0.00114,-0.00421,-0.27048,0.86265,0,0.00239,0.00151
5.9204,-0.01495,-0.02261,0.00179,0.00127,-0.00447,-0.00219,-0.00607,-0.00000,-0.00000,0.00167,-0.00445,0.00167,-0.00411,-0.27046,0.86266,0,0.00239,0.00151
5.9224,-0.01495,-0.02261,0.00178,0.00126,-0.00496,-0.00230,-0.00607,-0.00000,-0.00000,0.00162,-0.00448,0.00207,-0.00413,-0.27045,0.86266,0,0.00239,0.00151
5.9244,-0.01495,-0.02261,0.00177,0.00126,-0.00533,-0.00230,-0.00607,-0.00000,-0.00000,0.00157,-0.00451,0.00235,-0.00429,-0.27048,0.86262,0,0.00239,0.00151
5.9264,-0.01495,-0.02261,0.00176,0.00125,-0.00560,-0.00219,-0.00607,-0.00000,-0.00000,0.00151,-0.00454,0.00250,-0.00454,-0.27043,0.86262,0,0.00239,0.00151
5.9284,-0.01495,-0.02261,0.00175,0.00125,-0.00576,-0.00199,-0.00607,-0.00000,-0.00000,0.00145,-0.00456,0.00252,-0.00466,-0.27042,0.86265,0,0.00239,0.00151
5.9304,-0.01495,-0.02261,0.00174,0.00125,-0.00580,-0.00191,-0.00607,-0.00000,-0.00000,0.00139,-0.00459,0.00241,-0.00466,-0.27041,0.86266,0,0.00239,0.00151
5.9324,-0.01495,-0.02261,0.00173,0.00124,-0.00574,-0.00193,-0.00607,-0.00000,-0.00000,0.00133,-0.00461,0.00218,-0.00461,-0.27044,0.86261,0,0.00239,0.00151
5.9344,-0.01495,-0.02261,0.00172,0.00124,-0.00557,-0.00199,-0.00607,-0.00000,-0.00000,0.00128,-0.00464,0.00181,-0.00464,-0.27046,0.86257,0,0.00239,0.00151
5.9365,-0.01495,-0.02261,0.00171,0.00123,-0.00528,-0.00199,-0.00607,-0.00000,-0.00000,0.00122,-0.00466,0.00132,-0.00466,-0.27039,0.86258,0,0.00239,0.00151
5.9385,-0.01495,-0.02261,0.00170,0.00123,-0.00489,-0.00199,-0.00607,-0.00000,-0.00000,0.00117,-0.00469,0.00096,-0.00469,-0.27044,0.86256,0,0.00239,0.00151
5.9405,-0.01495,-0.02261,0.00169,0.00123,-0.00461,-0.00199,-0.00607,-0.00000,-0.00000,0.00112,-0.00472,0.00072,-0.00472,-0.27043,0.86251,0,0.00239,0.00151
5.9425,-0.01495,-0.02261,0.00168,0.00122,-0.00444,-0.00198,-0.00607,-0.00000,-0.00000,0.00107,-0.00474,0.00061,-0.00474,-0.27043,0.86252,0,0.00239,0.00151
5.9445,-0.01495,-0.02261,0.00167,0.00122,-0.00437,-0.00198,-0.00607,-0.00000,-0.00000,0.00103,-0.00477,0.00063,-0.00477,-0.27046,0.86250,0,0.00239,0.00151
5.9465,-0.01495,-0.02261,0.00166,0.00121,-0.00442,-0.00198,-0.00607,-0.00000,-0.00000,0.00098,-0.00479,0.00078,-0.00479,-0.27045,0.86251,0,0.00239,0.00151
5.9485,-0.01495,-0.02261,0.00165,0.00121,-0.00457,-0.00198,-0.00607,-0.00000,-0.00000,0.00093,-0.00482,0.00093,-0.00482,-0.27042,0.86253,0,0.00239,0.00151
5.9505,-0.01495,-0.02261,0.00164,0.00121,-0.00473,-0.00198,-0.00607,-0.00000,-0.00000,0.00088,-0.00484,0.00095,-0.00484,-0.27042,0.86252,0,0.00239,0.00151
5.9525,-0.01495,-0.02261,0.00163,0.00120,-0.00477,-0.00198,-0.00607,-0.00000,-0.00000,0.00083,-0.00487,0.00085,-0.00487,-0.27041,0.86252,0,0.00239,0.00151
5.9545,-0.01495,-0.02261,0.00162,0.00120,-0.00471,-0.00198,-0.00607,-0.00000,-0.00000,0.00078,-0.00489,0.00078,-0.00489,-0.27042,0.86246,0,0.00239,0.00151
5.9565,-0.01495,-0.02261,0.00161,0.00119,-0.00468,-0.00197,-0.00607,-0.00000,-0.00000,0.00074,-0.00492,0.00074,-0.00492,-0.27039,0.86248,0,0.00239,0.00151
5.9585,-0.01495,-0.02261,0.00160,0.00119,-0.00467,-0.00197,-0.00607,-0.00000,-0.00000,0.00069,-0.00495,0.00069,-0.00495,-0.27042,0.86244,0,0.00239,0.00151
5.9605,-0.01495,-0.02261,0.00159,0.00119,-0.00465,-0.00197,-0.00607,-0.00000,-0.00000,0.00064,-0.00497,0.00064,-0.00497,-0.27036,0.86251,0,0.00239,0.00151
5.9625,-0.01495,-0.02261,0.00158,0.00118,-0.00464,-0.00197,-0.00607,-0.00000,-0.00000,0.00059,-0.00500,0.00059,-0.00500,-0.27039,0.86247,0,0.00239,0.00151
5.9645,-0.01495,-0.02261,0.00158,0.00118,-0.00462,-0.00197,-0.00607,-0.00000,-0.00000,0.00054,-0.00502,0.00054,-0.00502,-0.27041,0.86244,0,0.00239,0.00151
5.9665,-0.01495,-0.02261,0.00157,0.00117,-0.00461,-0.00196,-0.00607,-0.00000,-0.00000,0.00049,-0.00505,0.00049,-0.00505,-0.27046,0.86242,0,0.00239,0.00151
5.9685,-0.01495,-0.02261,0.00156,0.00117,-0.00459,-0.00196,-0.00607,-0.00000,-0.00000,0.00045,-0.00507,0.00045,-0.00507,-0.27039,0.86246,0,0.00239,0.00151
5.9705,-0.01495,-0.02261,0.00155,0.00117,-0.00458,-0.00196,-0.00607,-0.00000,-0.00000,0.00040,-0.00510,0.00040,-0.00510,-0.27041,0.86242,0,0.00239,0.00151
5.9725,-0.01495,-0.02261,0.00154,0.00116,-0.00456,-0.00196,-0.00607,-0.00000,-0.00000,0.00035,-0.00512,0.00035,-0.00512,-0.27039,0.86244,0,0.00239,0.00151
5.9745,-0.01495,-0.02261,0.00153,0.00116,-0.00455,-0.00196,-0.00607,-0.00000,-0.00000,0.00030,-0.00515,0.00030,-0.00515,-0.27038,0.86242,0,0.00239,0.00151
5.9766,-0.01482,-0.02464,0.00172,0.00171,-0.00363,-0.00006,-0.00128,-0.00000,-0.00000,0.00122,-0.00317,0.00038,-0.00505,-0.27040,0.86238,0,0.00207,0.00230
5.9786,-0.01482,-0.02464,0.00171,0.00171,-0.00372,-0.00017,-0.00128,-0.00000,-0.00000,0.00118,-0.00318,0.00059,-0.00481,-0.27034,0.86244,0,0.00207,0.00230
5.9806,-0.01482,-0.02464,0.00170,0.00171,-0.00393,-0.00040,-0.00128,-0.00000,-0.00000,0.00114,-0.00319,0.00093,-0.00446,-0.27042,0.86241,0,0.00207,0.00230
5.9826,-0.01482,-0.02464,0.00169,0.00171,-0.00425,-0.00073,-0.00128,-0.00000,-0.00000,0.00110,-0.00320,0.00114,-0.00397,-0.27038,0.86240,0,0.00207,0.00230
5.9846,-0.01482,-0.02464,0.00168,0.00170,-0.00445,-0.00118,-0.00128,-0.00000,-0.00000,0.00105,-0.00322,0.00122,-0.00335,-0.27044,0.86239,0,0.00207,0.00230
5.9866,-0.01482,-0.02464,0.00168,0.00170,-0.00455,-0.00173,-0.00128,-0.00000,-0.00000,0.00100,-0.00324,0.00117,-0.00287,-0.27041,0.86241,0,0.00207,0.00230
5.9886,-0.01482,-0.02464,0.00167,0.00170,-0.00454,-0.00218,-0.00128,-0.00000,-0.00000,0.00096,-0.00326,0.00099,-0.00251,-0.27035,0.86236,0,0.00207,0.00230
5.9906,-0.01482,-0.02464,0.00166,0.00169,-0.00442,-0.00251,-0.00128,-0.00000,-0.00000,0.00091,-0.00329,0.00091,-0.00228,-0.27034,0.86240,0,0.00207,0.00230
5.9926,-0.01482,-0.02464,0.00165,0.00169,-0.00437,-0.00274,-0.00128,-0.00000,-0.00000,0.00086,-0.00332,0.00086,-0.00218,-0.27036,0.86238,0,0.00207,0.00230
5.9946,-0.01482,-0.02464,0.00164,0.00168,-0.00436,-0.00285,-0.00128,-0.00000,-0.00000,0.00082,-0.00336,0.00082,-0.00220,-0.27032,0.86244,0,0.00207,0.00230
5.9966,-0.01482,-0.02464,0.00163,0.00168,-0.00435,-0.00286,-0.00128,-0.00000,-0.00000,0.00077,-0.00339,0.00077,-0.00235,-0.27034,0.86238,0,0.00207,0.00230
5.9986,-0.01482,-0.02464,0.00162,0.00167,-0.00433,-0.00276,-0.00128,-0.00000,-0.00000,0.00073,-0.00343,0.00073,-0.00264,-0.27038,0.86241,0,0.00207,0.00230
6.0006,-0.01482,-0.02464,0.00161,0.00167,-0.00432,-0.00254,-0.00128,-0.00000,-0.00000,0.00068,-0.00346,0.00068,-0.00304,-0.27039,0.86234,0,0.00207,0.00230
6.0026,-0.01482,-0.02464,0.00161,0.00166,-0.00431,-0.00222,-0.00128,-0.00000,-0.00000,0.00063,-0.00349,0.00063,-0.00349,-0.27039,0.86237,0,0.00207,0.00230
6.0046,-0.01482,-0.02464,0.00160,0.00166,-0.00430,-0.00187,-0.00128,-0.00000,-0.00000,0.00059,-0.00352,0.00059,-0.00380,-0.27039,0.86235,0,0.00207,0.00230
6.0066,-0.01482,-0.02464,0.00159,0.00165,-0.00429,-0.00163,-0.00128,-0.00000,-0.00000,0.00054,-0.00354,0.00054,-0.00399,-0.27039,0.86235,0,0.00207,0.00230
6.0086,-0.01482,-0.02464,0.00158,0.00165,-0.00427,-0.00150,-0.00128,-0.00000,-0.00000,0.00050,-0.00356,0.00050,-0.00405,-0.27033,0.86232,0,0.00207,0.00230
6.0106,-0.01482,-0.02464,0.00157,0.00165,-0.00426,-0.00147,-0.00128,-0.00000,-0.00000,0.00045,-0.00358,0.00045,-0.00398,-0.27038,0.86229,0,0.00207,0.00230
6.0126,-0.01482,-0.02464,0.00156,0.00164,-0.00425,-0.00156,-0.00128,-0.00000,-0.00000,0.00041,-0.00360,0.00041,-0.00379,-0.27034,0.86232,0,0.00207,0.00230
6.0146,-0.01482,-0.02464,0.00155,0.00164,-0.00424,-0.00175,-0.00128,-0.00000,-0.00000,0.00037,-0.00363,0.00037,-0.00363,-0.27035,0.86230,0,0.00207,0.00230
6.0167,-0.01482,-0.02464,0.00155,0.00164,-0.00423,-0.00192,-0.00128,-0.00000,-0.00000,0.00032,-0.00365,0.00032,-0.00360,-0.27037,0.86231,0,0.00207,0.00230
6.0187,-0.01482,-0.02464,0.00154,0.00163,-0.00421,-0.00197,-0.00128,-0.00000,-0.00000,0.00028,-0.00368,0.00028,-0.00368,-0.27033,0.86227,0,0.00207,0.00230
6.0207,-0.01482,-0.02464,0.00153,0.00163,-0.00420,-0.00193,-0.00128,-0.00000,-0.00000,0.00023,-0.00370,0.00023,-0.00370,-0.27032,0.86228,0,0.00207,0.00230
6.0227,-0.01482,-0.02464,0.00152,0.00163,-0.00419,-0.00193,-0.00128,-0.00000,-0.00000,0.00019,-0.00373,0.00019,-0.00373,-0.27030,0.86228,0,0.00207,0.00230
6.0247,-0.01482,-0.02464,0.00151,0.00162,-0.00418,-0.00194,-0.00128,-0.00000,-0.00000,0.00014,-0.00376,0.00014,-0.00376,-0.27032,0.86228,0,0.00207,0.00230
6.0267,-0.01482,-0.02464,0.00150,0.00162,-0.00416,-0.00194,-0.00128,-0.00000,-0.00000,0.00010,-0.00378,0.00010,-0.00378,-0.27032,0.86223,0,0.00207,0.00230
6.0287,-0.01482,-0.02464,0.00150,0.00161,-0.00415,-0.00195,-0.00128,-0.00000,-0.00000,0.00006,-0.00381,0.00006,-0.00381,-0.27038,0.86227,0,0.00207,0.00230
6.0307,-0.01482,-0.02464,0.00149,0.00161,-0.00414,-0.00195,-0.00128,-0.00000,-0.00000,0.00001,-0.00383,0.00001,-0.00383,-0.27032,0.86224,0,0.00207,0.00230
6.0327,-0.01482,-0.02464,0.00148,0.00161,-0.00413,-0.00196,-0.00128,-0.00000,-0.00000,-0.00003,-0.00386,-0.00003,-0.00386,-0.27039,0.86220,0,0.00207,0.00230
6.0347,-0.01482,-0.02464,0.00147,0.00160,-0.00411,-0.00196,-0.00128,-0.00000,-0.00000,-0.00007,-0.00388,-0.00007,-0.00388,-0.27039,0.86223,0,0.00207,0.00230
6.0367,-0.01482,-0.02464,0.00146,0.00160,-0.00410,-0.00197,-0.00128,-0.00000,-0.00000,-0.00012,-0.00391,-0.00012,-0.00391,-0.27036,0.86220,0,0.00207,0.00230
6.0387,-0.01482,-0.02464,0.00145,0.00159,-0.00409,-0.00197,-0.00128,-0.00000,-0.00000,-0.00016,-0.00394,-0.00016,-0.00394,-0.27033,0.86221,0,0.00207,0.00230
6.0407,-0.01482,-0.02464,0.00145,0.00159,-0.00408,-0.00198,-0.00128,-0.00000,-0.00000,-0.00020,-0.00396,-0.00020,-0.00396,-0.27037,0.86216,0,0.00207,0.00230
6.0427,-0.01482,-0.02464,0.00144,0.00159,-0.00406,-0.00198,-0.00128,-0.00000,-0.00000,-0.00025,-0.00399,-0.00025,-0.00399,-0.27038,0.86214,0,0.00207,0.00230
6.0447,-0.01479,-0.02047,0.00165,0.00184,-0.00328,-0.00081,-0.01487,-0.00000,-0.00000,0.00078,-0.00156,-0.00016,-0.00389,-0.27037,0.86216,1,0.00202,0.00211
6.0467,-0.01479,-0.02047,0.00165,0.00183,-0.00338,-0.00093,-0.01487,-0.00000,-0.00000,0.00074,-0.00158,0.00005,-0.00366,-0.27034,0.86215,1,0.00202,0.00211
6.0487,-0.01479,-0.02047,0.00164,0.00183,-0.00359,-0.00115,-0.01487,-0.00000,-0.00000,0.00070,-0.00159,0.00039,-0.00330,-0.27034,0.86214,1,0.00202,0.00211
6.0507,-0.01479,-0.02047,0.00163,0.00183,-0.00391,-0.00149,-0.01487,-0.00000,-0.00000,0.00066,-0.00161,0.00066,-0.00281,-0.27037,0.86208,1,0.00202,0.00211
6.0527,-0.01479,-0.02047,0.00162,0.00183,-0.00417,-0.00194,-0.01487,-0.00000,-0.00000,0.00062,-0.00163,0.00081,-0.00220,-0.27035,0.86209,1,0.00202,0.00211
6.0547,-0.01479,-0.02047,0.00162,0.00182,-0.00432,-0.00249,-0.01487,-0.00000,-0.00000,0.00058,-0.00166,0.00082,-0.00166,-0.27035,0.86209,1,0.00202,0.00211
6.0567,-0.01479,-0.02047,0.00161,0.00182,-0.00436,-0.00298,-0.01487,-0.00000,-0.00000,0.00053,-0.00169,0.00071,-0.00125,-0.27036,0.86205,1,0.00202,0.00211
6.0587,-0.01479,-0.02047,0.00160,0.00181,-0.00429,-0.00336,-0.01487,-0.00000,-0.00000,0.00049,-0.00173,0.00049,-0.00097,-0.27032,0.86211,1,0.00202,0.00211
6.0607,-0.01479,-0.02047,0.00159,0.00180,-0.00413,-0.00364,-0.01487,-0.00000,-0.00000,0.00044,-0.00177,0.00039,-0.00081,-0.27035,0.86207,1,0.00202,0.00211
6.0627,-0.01479,-0.02047,0.00158,0.00180,-0.00407,-0.00380,-0.01487,-0.00000,-0.00000,0.00040,-0.00181,0.00040,-0.00079,-0.27032,0.86209,1,0.00202,0.00211
6.0647,-0.01479,-0.02047,0.00157,0.00179,-0.00410,-0.00385,-0.01487,-0.00000,-0.00000,0.00035,-0.00185,0.00035,-0.00089,-0.27032,0.86213,1,0.00202,0.00211
6.0667,-0.01479,-0.02047,0.00156,0.00178,-0.00409,-0.00379,-0.01487,-0.00000,-0.00000,0.00031,-0.00189,0.00031,-0.00112,-0.27030,0.86210,1,0.00202,0.00211
6.0687,-0.01479,-0.02047,0.00156,0.00177,-0.00408,-0.00363,-0.01487,-0.00000,-0.00000,0.00027,-0.00194,0.00027,-0.00147,-0.27030,0.86209,1,0.00202,0.00211
6.0707,-0.01479,-0.02047,0.00155,0.00177,-0.00407,-0.00335,-0.01487,-0.00000,-0.00000,0.00023,-0.00197,0.00023,-0.00196,-0.27037,0.86208,1,0.00202,0.00211
6.0727,-0.01479,-0.02047,0.00154,0.00176,-0.00406,-0.00297,-0.01487,-0.00000,-0.00000,0.00018,-0.00201,0.00018,-0.00232,-0.27037,0.86208,1,0.00202,0.00211
6.0748,-0.01479,-0.02047,0.00153,0.00175,-0.00405,-0.00269,-0.01487,-0.00000,-0.00000,0.00014,-0.00204,0.00014,-0.00255,-0.27036,0.86210,1,0.00202,0.00211
6.0768,-0.01479,-0.02047,0.00152,0.00175,-0.00404,-0.00252,-0.01487,-0.00000,-0.00000,0.00010,-0.00207,0.00010,-0.00265,-0.27037,0.86204,1,0.00202,0.00211
6.0788,-0.01479,-0.02047,0.00152,0.00174,-0.00403,-0.00247,-0.01487,-0.00000,-0.00000,0.00005,-0.00210,0.00005,-0.00262,-0.27036,0.86206,1,0.00202,0.00211
6.0808,-0.01479,-0.02047,0.00151,0.00174,-0.00402,-0.00252,-0.01487,-0.00000,-0.00000,0.00001,-0.00213,0.00001,-0.00247,-0.27032,0.86204,1,0.00202,0.00211
6.0828,-0.01479,-0.02047,0.00150,0.00173,-0.00400,-0.00268,-0.01487,-0.00000,-0.00000,-0.00003,-0.00216,-0.00003,-0.00218,-0.27033,0.86204,1,0.00202,0.00211
6.0848,-0.01479,-0.02047,0.00149,0.00173,-0.00399,-0.00295,-0.01487,-0.00000,-0.00000,-0.00007,-0.00220,-0.00007,-0.00203,-0.27036,0.86199,1,0.00202,0.00211
6.0868,-0.01479,-0.02047,0.00148,0.00172,-0.00398,-0.00311,-0.01487,-0.00000,-0.00000,-0.00011,-0.00223,-0.00011,-0.00200,-0.27032,0.86204,1,0.00202,0.00211
6.0888,-0.01479,-0.02047,0.00148,0.00172,-0.00397,-0.00316,-0.01487,-0.00000,-0.00000,-0.00016,-0.00227,-0.00016,-0.00210,-0.27033,0.86205,1,0.00202,0.00211
6.0908,-0.01479,-0.02047,0.00147,0.00171,-0.00396,-0.00310,-0.01487,-0.00000,-0.00000,-0.00020,-0.00230,-0.00020,-0.00230,-0.27036,0.86201,1,0.00202,0.00211
6.0928,-0.01479,-0.02047,0.00146,0.00170,-0.00395,-0.00296,-0.01487,-0.00000,-0.00000,-0.00024,-0.00234,-0.00024,-0.00237,-0.27038,0.86204,1,0.00202,0.00211
6.0948,-0.01479,-0.02047,0.00145,0.00170,-0.00394,-0.00293,-0.01487,-0.00000,-0.00000,-0.00028,-0.00237,-0.00028,-0.00237,-0.27037,0.86200,1,0.00202,0.00211
6.0968,-0.01479,-0.02047,0.00144,0.00169,-0.00393,-0.00296,-0.01487,-0.00000,-0.00000,-0.00032,-0.00241,-0.00032,-0.00241,-0.27037,0.86204,1,0.00202,0.00211
6.0988,-0.01479,-0.02047,0.00144,0.00169,-0.00391,-0.00296,-0.01487,-0.00000,-0.00000,-0.00036,-0.00244,-0.00036,-0.00244,-0.27031,0.86203,1,0.00202,0.00211
6.1008,-0.01479,-0.02047,0.00143,0.00168,-0.00390,-0.00296,-0.01487,-0.00000,-0.00000,-0.00041,-0.00247,-0.00041,-0.00247,-0.27036,0.86199,1,0.00202,0.00211
6.1028,-0.01479,-0.02047,0.00142,0.00167,-0.00389,-0.00296,-0.01487,-0.00000,-0.00000,-0.00045,-0.00251,-0.00045,-0.00251,-0.27034,0.86204,1,0.00202,0.00211
6.1048,-0.01479,-0.02047,0.00141,0.00167,-0.00388,-0.00296,-0.01487,-0.00000,-0.00000,-0.00049,-0.00254,-0.00049,-0.00254,-0.27034,0.86204,1,0.00202,0.00211
6.1068,-0.01479,-0.02047,0.00141,0.00166,-0.00387,-0.00295,-0.01487,-0.00000,-0.00000,-0.00053,-0.00258,-0.00053,-0.00258,-0.27034,0.86199,1,0.00202,0.00211
6.1088,-0.01479,-0.02047,0.00140,0.00166,-0.00386,-0.00295,-0.01487,-0.00000,-0.00000,-0.00057,-0.00261,-0.00057,-0.00261,-0.27033,0.86201,1,0.00202,0.00211
6.1108,-0.01479,-0.02047,0.00139,0.00165,-0.00384,-0.00295,-0.01487,-0.00000,-0.00000,-0.00061,-0.00264,-0.00061,-0.00264,-0.27035,0.86198,1,0.00202,0.00211
6.1128,-0.01685,-0.02017,0.00178,0.00203,-0.00247,-0.00141,-0.01607,-0.00000,-0.00000,0.00063,-0.00077,-0.00052,-0.00255,-0.27032,0.86203,0,0.00231,0.00248
6.1148,-0.01685,-0.02017,0.00178,0.00203,-0.00258,-0.00152,-0.01607,-0.00000,-0.00000,0.00060,-0.00079,-0.00031,-0.00233,-0.27032,0.86203,0,0.00231,0.00248
6.1168,-0.01685,-0.02017,0.00177,0.00202,-0.00279,-0.00175,-0.01607,-0.00000,-0.00000,0.00057,-0.00081,0.00003,-0.00198,-0.27038,0.86200,0,0.00231,0.00248
6.1188,-0.01685,-0.02017,0.00177,0.00202,-0.00311,-0.00208,-0.01607,-0.00000,-0.00000,0.00053,-0.00083,0.00051,-0.00150,-0.27035,0.86197,0,0.00231,0.00248
6.1208,-0.01685,-0.02017,0.00176,0.00202,-0.00354,-0.00252,-0.01607,-0.00000,-0.00000,0.00050,-0.00086,0.00085,-0.00090,-0.27040,0.86196,0,0.00231,0.00248
6.1228,-0.01685,-0.02017,0.00175,0.00201,-0.00387,-0.00307,-0.01607,-0.00000,-0.00000,0.00046,-0.00089,0.00106,-0.00042,-0.27037,0.86196,0,0.00231,0.00248
6.1248,-0.01685,-0.02017,0.00175,0.00200,-0.00408,-0.00351,-0.01607,-0.00000,-0.00000,0.00041,-0.00093,0.00115,-0.00007,-0.27032,0.86196,0,0.00231,0.00248
6.1268,-0.01685,-0.02017,0.00174,0.00200,-0.00418,-0.00385,-0.01607,-0.00000,-0.00000,0.00037,-0.00097,0.00111,0.00015,-0.27033,0.86197,0,0.00231,0.00248
6.1288,-0.01685,-0.02017,0.00173,0.00199,-0.00418,-0.00407,-0.01607,-0.00000,-0.00000,0.00033,-0.00101,0.00094,0.00025,-0.27031,0.86202,0,0.00231,0.00248
6.1308,-0.01685,-0.02017,0.00172,0.00198,-0.00406,-0.00418,-0.01607,-0.00000,-0.00000,0.00028,-0.00106,0.00064,0.00021,-0.27033,0.86196,0,0.00231,0.00248
6.1328,-0.01685,-0.02017,0.00171,0.00197,-0.00384,-0.00419,-0.01607,-0.00000,-0.00000,0.00024,-0.00110,0.00024,0.00005,-0.27031,0.86202,0,0.00231,0.00248
6.1348,-0.01685,-0.02017,0.00171,0.00196,-0.00352,-0.00408,-0.01607,-0.00000,-0.00000,0.00020,-0.00115,-0.00004,-0.00024,-0.27031,0.86200,0,0.00231,0.00248
6.1368,-0.01685,-0.02017,0.00170,0.00195,-0.00331,-0.00387,-0.01607,-0.00000,-0.00000,0.00016,-0.00119,-0.00019,-0.00066,-0.27033,0.86199,0,0.00231,0.00248
6.1388,-0.01685,-0.02017,0.00169,0.00195,-0.00321,-0.00354,-0.01607,-0.00000,-0.00000,0.00013,-0.00123,-0.00021,-0.00120,-0.27033,0.86203,0,0.00231,0.00248
6.1408,-0.01685,-0.02017,0.00169,0.00194,-0.00322,-0.00311,-0.01607,-0.00000,-0.00000,0.00009,-0.00127,-0.00010,-0.00162,-0.27035,0.86199,0,0.00231,0.00248
6.1428,-0.01685,-0.02017,0.00168,0.00193,-0.00334,-0.00278,-0.01607,-0.00000,-0.00000,0.00005,-0.00131,0.00005,-0.00191,-0.27035,0.86198,0,0.00231,0.00248
6.1448,-0.01685,-0.02017,0.00167,0.00193,-0.00350,-0.00257,-0.01607,-0.00000,-0.00000,0.00002,-0.00134,0.00008,-0.00207,-0.27042,0.86197,0,0.00231,0.00248
6.1468,-0.01685,-0.02017,0.00167,0.00192,-0.00355,-0.00246,-0.01607,-0.00000,-0.00000,-0.00002,-0.00137,-0.00002,-0.00211,-0.27034,0.86201,0,0.00231,0.00248
6.1488,-0.01685,-0.02017,0.00166,0.00192,-0.00350,-0.00246,-0.01607,-0.00000,-0.00000,-0.00006,-0.00140,-0.00006,-0.00201,-0.27033,0.86198,0,0.00231,0.00248
6.1508,-0.01685,-0.02017,0.00165,0.00191,-0.00349,-0.00258,-0.01607,-0.00000,-0.00000,-0.00010,-0.00143,-0.00010,-0.00179,-0.27029,0.86194,0,0.00231,0.00248
6.1528,-0.01685,-0.02017,0.00164,0.00191,-0.00348,-0.00280,-0.01607,-0.00000,-0.00000,-0.00014,-0.00146,-0.00014,-0.00146,-0.27033,0.86196,0,0.00231,0.00248
6.1548,-0.01685,-0.02017,0.00164,0.00190,-0.00348,-0.00311,-0.01607,-0.00000,-0.00000,-0.00017,-0.00149,-0.00017,-0.00125,-0.27033,0.86196,0,0.00231,0.00248
6.1568,-0.01685,-0.02017,0.00163,0.00190,-0.00347,-0.00332,-0.01607,-0.00000,-0.00000,-0.00021,-0.00153,-0.00021,-0.00118,-0.27034,0.86196,0,0.00231,0.00248
6.1588,-0.01685,-0.02017,0.00162,0.00189,-0.00347,-0.00342,-0.01607,-0.00000,-0.00000,-0.00025,-0.00157,-0.00025,-0.00123,-0.27034,0.86196,0,0.00231,0.00248
6.1608,-0.01685,-0.02017,0.00162,0.00188,-0.00346,-0.00341,-0.01607,-0.00000,-0.00000,-0.00029,-0.00160,-0.00029,-0.00141,-0.27035,0.86199,0,0.00231,0.00248
6.1628,-0.01685,-0.02017,0.00161,0.00188,-0.00346,-0.00328,-0.01607,-0.00000,-0.00000,-0.00033,-0.00164,-0.00033,-0.00164,-0.27033,0.86197,0,0.00231,0.00248
6.1648,-0.01685,-0.02017,0.00160,0.00187,-0.00345,-0.00311,-0.01607,-0.00000,-0.00000,-0.00036,-0.00168,-0.00036,-0.00175,-0.27036,0.86193,0,0.00231,0.00248
6.1668,-0.01685,-0.02017,0.00160,0.00186,-0.00345,-0.00305,-0.01607,-0.00000,-0.00000,-0.00040,-0.00171,-0.00040,-0.00173,-0.27034,0.86198,0,0.00231,0.00248
6.1689,-0.01685,-0.02017,0.00159,0.00186,-0.00344,-0.00310,-0.01607,-0.00000,-0.00000,-0.00044,-0.00175,-0.00044,-0.00175,-0.27030,0.86200,0,0.00231,0.00248
6.1709,-0.01685,-0.02017,0.00158,0.00185,-0.00344,-0.00312,-0.01607,-0.00000,-0.00000,-0.00048,-0.00178,-0.00048,-0.00178,-0.27033,0.86195,0,0.00231,0.00248
6.1729,-0.01685,-0.02017,0.00158,0.00185,-0.00343,-0.00312,-0.01607,-0.00000,-0.00000,-0.00051,-0.00182,-0.00051,-0.00182,-0.27034,0.86192,0,0.00231,0.00248
6.1749,-0.01793,-0.02046,0.00227,0.00219,-0.00074,-0.00182,-0.01196,-0.00000,-0.00000,0.00245,-0.00029,-0.00042,-0.00173,-0.27030,0.86195,0,0.00305,0.00263
6.1769,-0.01793,-0.02046,0.00227,0.00218,-0.00085,-0.00193,-0.01196,-0.00000,-0.00000,0.00244,-0.00031,-0.00020,-0.00151,-0.27036,0.86193,0,0.00305,0.00263
6.1789,-0.01793,-0.02046,0.00227,0.00218,-0.00108,-0.00216,-0.01196,-0.00000,-0.00000,0.00242,-0.00034,0.00014,-0.00116,-0.27032,0.86193,0,0.00305,0.00263
6.1809,-0.01793,-0.02046,0.00227,0.00218,-0.00141,-0.00249,-0.01196,-0.00000,-0.00000,0.00241,-0.00037,0.00062,-0.00068,-0.27032,0.86193,0,0.00305,0.00263
6.1829,-0.01793,-0.02046,0.00226,0.00217,-0.00185,-0.00294,-0.01196,-0.00000,-0.00000,0.00239,-0.00040,0.00122,-0.00033,-0.27035,0.86194,0,0.00305,0.00263
6.1849,-0.01793,-0.02046,0.00226,0.00216,-0.00241,-0.00327,-0.01196,-0.00000,-0.00000,0.00236,-0.00044,0.00195,-0.00011,-0.27037,0.86194,0,0.00305,0.00263
6.1869,-0.01793,-0.02046,0.00225,0.00216,-0.00307,-0.00349,-0.01196,-0.00000,-0.00000,0.00233,-0.00047,0.00255,-0.00002,-0.27033,0.86193,0,0.00305,0.00263
6.1889,-0.01793,-0.02046,0.00225,0.00215,-0.00362,-0.00361,-0.01196,-0.00000,-0.00000,0.00229,-0.00051,0.00303,-0.00006,-0.27033,0.86196,0,0.00305,0.00263
6.1909,-0.01793,-0.02046,0.00224,0.00214,-0.00406,-0.00361,-0.01196,-0.00000,-0.00000,0.00225,-0.00055,0.00337,-0.00022,-0.27036,0.86189,0,0.00305,0.00263
6.1929,-0.01793,-0.02046,0.00223,0.00214,-0.00440,-0.00351,-0.01196,-0.00000,-0.00000,0.00220,-0.00059,0.00359,-0.00051,-0.27028,0.86199,0,0.00305,0.00263
6.1949,-0.01793,-0.02046,0.00222,0.00213,-0.00462,-0.00330,-0.01196,-0.00000,-0.00000,0.00216,-0.00063,0.00368,-0.00067,-0.27032,0.86196,0,0.00305,0.00263
6.1969,-0.01793,-0.02046,0.00221,0.00212,-0.00474,-0.00319,-0.01196,-0.00000,-0.00000,0.00211,-0.00067,0.00364,-0.00071,-0.27026,0.86194,0,0.00305,0.00263
6.1989,-0.01793,-0.02046,0.00220,0.00212,-0.00474,-0.00320,-0.01196,-0.00000,-0.00000,0.00206,-0.00071,0.00348,-0.00071,-0.27024,0.86193,0,0.00305,0.00263
6.2009,-0.01793,-0.02046,0.00219,0.00211,-0.00464,-0.00324,-0.01196,-0.00000,-0.00000,0.00201,-0.00074,0.00319,-0.00074,-0.27024,0.86197,0,0.00305,0.00263
6.2029,-0.01793,-0.02046,0.00218,0.00210,-0.00442,-0.00324,-0.01196,-0.00000,-0.00000,0.00196,-0.00078,0.00276,-0.00078,-0.27025,0.86192,0,0.00305,0.00263
6.2049,-0.01793,-0.02046,0.00218,0.00210,-0.00410,-0.00325,-0.01196,-0.00000,-0.00000,0.00191,-0.00082,0.00221,-0.00082,-0.27031,0.86191,0,0.00305,0.00263
6.2069,-0.01793,-0.02046,0.00217,0.00209,-0.00366,-0.00325,-0.01196,-0.00000,-0.00000,0.00187,-0.00085,0.00179,-0.00085,-0.27028,0.86193,0,0.00305,0.00263
6.2089,-0.01793,-0.02046,0.00216,0.00208,-0.00334,-0.00325,-0.01196,-0.00000,-0.00000,0.00183,-0.00089,0.00150,-0.00089,-0.27022,0.86193,0,0.00305,0.00263
6.2109,-0.01793,-0.02046,0.00215,0.00208,-0.00313,-0.00326,-0.01196,-0.00000,-0.00000,0.00180,-0.00093,0.00133,-0.00093,-0.27026,0.86193,0,0.00305,0.00263
6.2129,-0.01793,-0.02046,0.00215,0.00207,-0.00302,-0.00326,-0.01196,-0.00000,-0.00000,0.00176,-0.00096,0.00130,-0.00096,-0.27028,0.86192,0,0.00305,0.00263
6.2149,-0.01793,-0.02046,0.00214,0.00206,-0.00302,-0.00326,-0.01196,-0.00000,-0.00000,0.00173,-0.00100,0.00139,-0.00100,-0.27029,0.86191,0,0.00305,0.00263
6.2169,-0.01793,-0.02046,0.00214,0.00206,-0.00314,-0.00326,-0.01196,-0.00000,-0.00000,0.00169,-0.00104,0.00161,-0.00104,-0.27028,0.86193,0,0.00305,0.00263
6.2189,-0.01793,-0.02046,0.00213,0.00205,-0.00336,-0.00327,-0.01196,-0.00000,-0.00000,0.00166,-0.00107,0.00170,-0.00107,-0.27024,0.86194,0,0.00305,0.00263
6.2209,-0.01793,-0.02046,0.00212,0.00204,-0.00347,-0.00327,-0.01196,-0.00000,-0.00000,0.00162,-0.00111,0.00166,-0.00111,-0.27028,0.86192,0,0.00305,0.00263
6.2229,-0.01793,-0.02046,0.00212,0.00204,-0.00348,-0.00327,-0.01196,-0.00000,-0.00000,0.00158,-0.00115,0.00158,-0.00115,-0.27024,0.86192,0,0.00305,0.00263
6.2249,-0.01793,-0.02046,0.00211,0.00203,-0.00345,-0.00327,-0.01196,-0.00000,-0.00000,0.00154,-0.00118,0.00154,-0.00118,-0.27024,0.86189,0,0.00305,0.00263
6.2269,-0.01793,-0.02046,0.00210,0.00202,-0.00345,-0.00328,-0.01196,-0.00000,-0.00000,0.00151,-0.00122,0.00151,-0.00122,-0.27023,0.86191,0,0.00305,0.00263
6.2289,-0.01793,-0.02046,0.00209,0.00202,-0.00345,-0.00328,-0.01196,-0.00000,-0.00000,0.00147,-0.00126,0.00147,-0.00126,-0.27025,0.86189,0,0.00305,0.00263
6.2309,-0.01793,-0.02046,0.00209,0.00201,-0.00345,-0.00328,-0.01196,-0.00000,-0.00000,0.00143,-0.00130,0.00143,-0.00130,-0.27023,0.86191,0,0.00305,0.00263
6.2329,-0.01793,-0.02046,0.00208,0.00201,-0.00346,-0.00328,-0.01196,-0.00000,-0.00000,0.00139,-0.00133,0.00139,-0.00133,-0.27022,0.86191,0,0.00305,0.00263
6.2349,-0.01793,-0.02046,0.00207,0.00200,-0.00346,-0.00328,-0.01196,-0.00000,-0.00000,0.00135,-0.00137,0.00135,-0.00137,-0.27027,0.86191,0,0.00305,0.00263
6.2369,-0.01793,-0.02046,0.00207,0.00199,-0.00346,-0.00329,-0.01196,-0.00000,-0.00000,0.00132,-0.00141,0.00132,-0.00141,-0.27028,0.86190,0,0.00305,0.00263
6.2389,-0.01793,-0.02046,0.00206,0.00199,-0.00346,-0.00329,-0.01196,-0.00000,-0.00000,0.00128,-0.00145,0.00128,-0.00145,-0.27022,0.86190,0,0.00305,0.00263
6.2409,-0.01793,-0.02046,0.00205,0.00198,-0.00346,-0.00329,-0.01196,-0.00000,-0.00000,0.00124,-0.00148,0.00124,-0.00148,-0.27026,0.86189,0,0.00305,0.00263
6.2429,-0.01793,-0.02046,0.00205,0.00197,-0.00347,-0.00329,-0.01196,-0.00000,-0.00000,0.00120,-0.00152,0.00120,-0.00152,-0.27023,0.86188,0,0.00305,0.00263
6.2450,-0.01793,-0.02046,0.00204,0.00197,-0.00347,-0.00329,-0.01196,-0.00000,-0.00000,0.00116,-0.00156,0.00116,-0.00156,-0.27020,0.86192,0,0.00305,0.00263
6.2470,-0.01754,-0.01916,0.00213,0.00203,-0.00287,-0.00305,-0.03711,-0.00000,-0.00000,0.00168,-0.00087,0.00125,-0.00147,-0.27022,0.86188,0,0.00233,0.00223
6.2490,-0.01754,-0.01916,0.00212,0.00202,-0.00298,-0.00316,-0.03711,-0.00000,-0.00000,0.00165,-0.00090,0.00147,-0.00125,-0.27019,0.86189,0,0.00233,0.00223
6.2510,-0.01754,-0.01916,0.00211,0.00202,-0.00320,-0.00338,-0.03711,-0.00000,-0.00000,0.00161,-0.00094,0.00161,-0.00094,-0.27019,0.86186,0,0.00233,0.00223
6.2530,-0.01754,-0.01916,0.00211,0.00201,-0.00336,-0.00368,-0.03711,-0.00000,-0.00000,0.00158,-0.00098,0.00163,-0.00076,-0.27022,0.86190,0,0.00233,0.00223
6.2550,-0.01754,-0.01916,0.00210,0.00200,-0.00341,-0.00387,-0.03711,-0.00000,-0.00000,0.00154,-0.00102,0.00154,-0.00070,-0.27021,0.86190,0,0.00233,0.00223
6.2570,-0.01754,-0.01916,0.00209,0.00200,-0.00337,-0.00395,-0.03711,-0.00000,-0.00000,0.00150,-0.00106,0.00150,-0.00078,-0.27023,0.86186,0,0.00233,0.00223
6.2590,-0.01754,-0.01916,0.00209,0.00199,-0.00337,-0.00392,-0.03711,-0.00000,-0.00000,0.00147,-0.00110,0.00147,-0.00098,-0.27024,0.86187,0,0.00233,0.00223
6.2610,-0.01754,-0.01916,0.00208,0.00198,-0.00337,-0.00378,-0.03711,-0.00000,-0.00000,0.00143,-0.00115,0.00143,-0.00115,-0.27021,0.86192,0,0.00233,0.00223
6.2630,-0.01754,-0.01916,0.00207,0.00197,-0.00338,-0.00367,-0.03711,-0.00000,-0.00000,0.00139,-0.00119,0.00139,-0.00119,-0.27023,0.86184,0,0.00233,0.00223
6.2650,-0.01754,-0.01916,0.00207,0.00197,-0.00338,-0.00367,-0.03711,-0.00000,-0.00000,0.00136,-0.00123,0.00136,-0.00123,-0.27016,0.86188,0,0.00233,0.00223
6.2670,-0.01754,-0.01916,0.00206,0.00196,-0.00338,-0.00367,-0.03711,-0.00000,-0.00000,0.00132,-0.00127,0.00132,-0.00127,-0.27021,0.86187,0,0.00233,0.00223
6.2690,-0.01754,-0.01916,0.00205,0.00195,-0.00339,-0.00366,-0.03711,-0.00000,-0.00000,0.00128,-0.00131,0.00128,-0.00131,-0.27022,0.86184,0,0.00233,0.00223
6.2710,-0.01754,-0.01916,0.00205,0.00194,-0.00339,-0.00366,-0.03711,-0.00000,-0.00000,0.00124,-0.00135,0.00124,-0.00135,-0.27023,0.86184,0,0.00233,0.00223
6.2730,-0.01754,-0.01916,0.00204,0.00194,-0.00339,-0.00366,-0.03711,-0.00000,-0.00000,0.00121,-0.00139,0.00121,-0.00139,-0.27028,0.86182,0,0.00233,0.00223
6.2750,-0.01754,-0.01916,0.00203,0.00193,-0.00339,-0.00366,-0.03711,-0.00000,-0.00000,0.00117,-0.00143,0.00117,-0.00143,-0.27025,0.86183,0,0.00233,0.00223
6.2770,-0.01754,-0.01916,0.00203,0.00192,-0.00339,-0.00365,-0.03711,-0.00000,-0.00000,0.00113,-0.00147,0.00113,-0.00147,-0.27026,0.86181,0,0.00233,0.00223
6.2790,-0.01754,-0.01916,0.00202,0.00191,-0.00340,-0.00365,-0.03711,-0.00000,-0.00000,0.00109,-0.00151,0.00109,-0.00151,-0.27018,0.86182,0,0.00233,0.00223
6.2810,-0.01754,-0.01916,0.00201,0.00191,-0.00340,-0.00365,-0.03711,-0.00000,-0.00000,0.00106,-0.00155,0.00106,-0.00155,-0.27019,0.86185,0,0.00233,0.00223
6.2830,-0.01754,-0.01916,0.00201,0.00190,-0.00340,-0.00365,-0.03711,-0.00000,-0.00000,0.00102,-0.00159,0.00102,-0.00159,-0.27021,0.86183,0,0.00233,0.00223
6.2850,-0.01754,-0.01916,0.00200,0.00189,-0.00340,-0.00364,-0.03711,-0.00000,-0.00000,0.00098,-0.00163,0.00098,-0.00163,-0.27017,0.86180,0,0.00233,0.00223
6.2870,-0.01754,-0.01916,0.00199,0.00188,-0.00340,-0.00364,-0.03711,-0.00000,-0.00000,0.00094,-0.00167,0.00094,-0.00167,-0.27023,0.86182,0,0.00233,0.00223
6.2890,-0.01754,-0.01916,0.00198,0.00188,-0.00340,-0.00364,-0.03711,-0.00000,-0.00000,0.00091,-0.00171,0.00091,-0.00171,-0.27020,0.86180,0,0.00233,0.00223
6.2910,-0.01754,-0.01916,0.00198,0.00187,-0.00341,-0.00364,-0.03711,-0.00000,-0.00000,0.00087,-0.00175,0.00087,-0.00175,-0.27017,0.86179,0,0.00233,0.00223
6.2930,-0.01754,-0.01916,0.00197,0.00186,-0.00341,-0.00363,-0.03711,-0.00000,-0.00000,0.00083,-0.00179,0.00083,-0.00179,-0.27015,0.86181,0,0.00233,0.00223
6.2950,-0.01754,-0.01916,0.00196,0.00186,-0.00341,-0.00363,-0.03711,-0.00000,-0.00000,0.00079,-0.00183,0.00079,-0.00183,-0.27016,0.86178,0,0.00233,0.00223
6.2971,-0.01754,-0.01916,0.00196,0.00185,-0.00341,-0.00363,-0.03711,-0.00000,-0.00000,0.00076,-0.00187,0.00076,-0.00187,-0.27016,0.86177,0,0.00233,0.00223
6.2991,-0.01754,-0.01916,0.00195,0.00184,-0.00341,-0.00362,-0.03711,-0.00000,-0.00000,0.00072,-0.00191,0.00072,-0.00191,-0.27015,0.86180,0,0.00233,0.00223
6.3011,-0.01754,-0.01916,0.00194,0.00183,-0.00341,-0.00362,-0.03711,-0.00000,-0.00000,0.00068,-0.00195,0.00068,-0.00195,-0.27019,0.86175,0,0.00233,0.00223
6.3031,-0.01754,-0.01916,0.00194,0.00183,-0.00341,-0.00362,-0.03711,-0.00000,-0.00000,0.00064,-0.00199,0.00064,-0.00199,-0.27016,0.86180,0,0.00233,0.00223
6.3051,-0.01754,-0.01916,0.00193,0.00182,-0.00341,-0.00361,-0.03711,-0.00000,-0.00000,0.00061,-0.00203,0.00061,-0.00203,-0.27018,0.86176,0,0.00233,0.00223
6.3071,-0.01754,-0.01916,0.00192,0.00181,-0.00341,-0.00361,-0.03711,-0.00000,-0.00000,0.00057,-0.00207,0.00057,-0.00207,-0.27018,0.86177,0,0.00233,0.00223
6.3091,-0.01754,-0.01916,0.00192,0.00180,-0.00341,-0.00360,-0.03711,-0.00000,-0.00000,0.00053,-0.00211,0.00053,-0.00211,-0.27021,0.86170,0,0.00233,0.00223
6.3111,-0.01754,-0.01916,0.00191,0.00180,-0.00341,-0.00360,-0.03711,-0.00000,-0.00000,0.00049,-0.00215,0.00049,-0.00215,-0.27020,0.86171,0,0.00233,0.00223
6.3131,-0.01595,-0.01957,0.00214,0.00232,-0.00261,-0.00180,-0.00987,-0.00000,-0.00000,0.00204,0.00018,0.00058,-0.00206,-0.27019,0.86170,1,0.00248,0.00293
6.3152,-0.01595,-0.01957,0.00213,0.00231,-0.00273,-0.00192,-0.00987,-0.00000,-0.00000,0.00201,0.00015,0.00080,-0.00185,-0.27020,0.86172,1,0.00248,0.00293
6.3172,-0.01595,-0.01957,0.00213,0.00231,-0.00295,-0.00214,-0.00987,-0.00000,-0.00000,0.00198,0.00013,0.00115,-0.00150,-0.27016,0.86173,1,0.00248,0.00293
6.3192,-0.01595,-0.01957,0.00212,0.00230,-0.00328,-0.00247,-0.00987,-0.00000,-0.00000,0.00195,0.00010,0.00162,-0.00103,-0.27017,0.86171,1,0.00248,0.00293
6.3212,-0.01595,-0.01957,0.00211,0.00230,-0.00372,-0.00292,-0.00987,-0.00000,-0.00000,0.00191,0.00007,0.00197,-0.00043,-0.27016,0.86170,1,0.00248,0.00293
6.3232,-0.01595,-0.01957,0.00211,0.00229,-0.00405,-0.00347,-0.00987,-0.00000,-0.00000,0.00187,0.00003,0.00219,0.00004,-0.27012,0.86172,1,0.00248,0.00293
6.3252,-0.01595,-0.01957,0.00210,0.00229,-0.00427,-0.00391,-0.00987,-0.00000,-0.00000,0.00182,-0.00001,0.00228,0.00039,-0.27014,0.86169,1,0.00248,0.00293
6.3272,-0.01595,-0.01957,0.00209,0.00228,-0.00439,-0.00424,-0.00987,-0.00000,-0.00000,0.00178,-0.00005,0.00224,0.00060,-0.27013,0.86172,1,0.00248,0.00293
6.3292,-0.01595,-0.01957,0.00208,0.00227,-0.00439,-0.00446,-0.00987,-0.00000,-0.00000,0.00173,-0.00010,0.00208,0.00069,-0.27017,0.86169,1,0.00248,0.00293
6.3312,-0.01595,-0.01957,0.00207,0.00226,-0.00428,-0.00458,-0.00987,-0.00000,-0.00000,0.00168,-0.00015,0.00178,0.00065,-0.27011,0.86171,1,0.00248,0.00293
6.3332,-0.01595,-0.01957,0.00206,0.00225,-0.00407,-0.00458,-0.00987,-0.00000,-0.00000,0.00164,-0.00020,0.00162,0.00048,-0.27012,0.86174,1,0.00248,0.00293
6.3352,-0.01595,-0.01957,0.00205,0.00224,-0.00396,-0.00448,-0.00987,-0.00000,-0.00000,0.00160,-0.00025,0.00158,0.00019,-0.27010,0.86174,1,0.00248,0.00293
6.3372,-0.01595,-0.01957,0.00205,0.00223,-0.00396,-0.00426,-0.00987,-0.00000,-0.00000,0.00156,-0.00029,0.00156,-0.00024,-0.27009,0.86171,1,0.00248,0.00293
6.3393,-0.01595,-0.01957,0.00204,0.00222,-0.00397,-0.00393,-0.00987,-0.00000,-0.00000,0.00151,-0.00034,0.00151,-0.00053,-0.27010,0.86174,1,0.00248,0.00293
6.3413,-0.01595,-0.01957,0.00203,0.00222,-0.00397,-0.00372,-0.00987,-0.00000,-0.00000,0.00147,-0.00038,0.00147,-0.00070,-0.27010,0.86173,1,0.00248,0.00293
6.3433,-0.01595,-0.01957,0.00202,0.00221,-0.00397,-0.00361,-0.00987,-0.00000,-0.00000,0.00143,-0.00042,0.00143,-0.00074,-0.27013,0.86168,1,0.00248,0.00293
6.3453,-0.01595,-0.01957,0.00201,0.00220,-0.00397,-0.00362,-0.00987,-0.00000,-0.00000,0.00139,-0.00046,0.00139,-0.00065,-0.27015,0.86168,1,0.00248,0.00293
6.3473,-0.01595,-0.01957,0.00201,0.00220,-0.00396,-0.00373,-0.00987,-0.00000,-0.00000,0.00134,-0.00050,0.00134,-0.00050,-0.27014,0.86167,1,0.00248,0.00293
6.3493,-0.01595,-0.01957,0.00200,0.00219,-0.00396,-0.00389,-0.00987,-0.00000,-0.00000,0.00130,-0.00054,0.00130,-0.00048,-0.27014,0.86169,1,0.00248,0.00293
6.3513,-0.01595,-0.01957,0.00199,0.00218,-0.00396,-0.00395,-0.00987,-0.00000,-0.00000,0.00126,-0.00059,0.00126,-0.00058,-0.27012,0.86165,1,0.00248,0.00293
6.3533,-0.01595,-0.01957,0.00198,0.00217,-0.00396,-0.00390,-0.00987,-0.00000,-0.00000,0.00122,-0.00063,0.00122,-0.00063,-0.27005,0.86169,1,0.00248,0.00293
6.3553,-0.01595,-0.01957,0.00198,0.00216,-0.00395,-0.00389,-0.00987,-0.00000,-0.00000,0.00118,-0.00067,0.00118,-0.00067,-0.27009,0.86172,1,0.00248,0.00293
6.3573,-0.01595,-0.01957,0.00197,0.00216,-0.00395,-0.00389,-0.00987,-0.00000,-0.00000,0.00113,-0.00071,0.00113,-0.00071,-0.27009,0.86171,1,0.00248,0.00293
6.3593,-0.01595,-0.01957,0.00196,0.00215,-0.00395,-0.00389,-0.00987,-0.00000,-0.00000,0.00109,-0.00076,0.00109,-0.00076,-0.27010,0.86169,1,0.00248,0.00293
6.3614,-0.01595,-0.01957,0.00195,0.00214,-0.00394,-0.00389,-0.00987,-0.00000,-0.00000,0.00105,-0.00080,0.00105,-0.00080,-0.27008,0.86172,1,0.00248,0.00293
6.3634,-0.01595,-0.01957,0.00194,0.00213,-0.00394,-0.00389,-0.00987,-0.00000,-0.00000,0.00101,-0.00084,0.00101,-0.00084,-0.27008,0.86169,1,0.00248,0.00293
6.3654,-0.01595,-0.01957,0.00194,0.00213,-0.00394,-0.00389,-0.00987,-0.00000,-0.00000,0.00096,-0.00088,0.00096,-0.00088,-0.27013,0.86168,1,0.00248,0.00293
6.3674,-0.01595,-0.01957,0.00193,0.00212,-0.00393,-0.00389,-0.00987,-0.00000,-0.00000,0.00092,-0.00093,0.00092,-0.00093,-0.27009,0.86165,1,0.00248,0.00293
6.3694,-0.01595,-0.01957,0.00192,0.00211,-0.00393,-0.00389,-0.00987,-0.00000,-0.00000,0.00088,-0.00097,0.00088,-0.00097,-0.27014,0.86163,1,0.00248,0.00293
6.3714,-0.01595,-0.01957,0.00191,0.00210,-0.00393,-0.00389,-0.00987,-0.00000,-0.00000,0.00084,-0.00101,0.00084,-0.00101,-0.27010,0.86169,1,0.00248,0.00293
6.3734,-0.01595,-0.01957,0.00190,0.00209,-0.00392,-0.00389,-0.00987,-0.00000,-0.00000,0.00080,-0.00106,0.00080,-0.00106,-0.27010,0.86168,1,0.00248,0.00293
6.3754,-0.01595,-0.01957,0.00190,0.00209,-0.00392,-0.00388,-0.00987,-0.00000,-0.00000,0.00076,-0.00110,0.00076,-0.00110,-0.27007,0.86168,1,0.00248,0.00293
6.3774,-0.01595,-0.01957,0.00189,0.00208,-0.00391,-0.00388,-0.00987,-0.00000,-0.00000,0.00071,-0.00114,0.00071,-0.00114,-0.27008,0.86170,1,0.00248,0.00293
6.3794,-0.01595,-0.01957,0.00188,0.00207,-0.00391,-0.00388,-0.00987,-0.00000,-0.00000,0.00067,-0.00118,0.00067,-0.00118,-0.27004,0.86165,1,0.00248,0.00293
6.3814,-0.01595,-0.01957,0.00187,0.00206,-0.00390,-0.00388,-0.00987,-0.00000,-0.00000,0.00063,-0.00123,0.00063,-0.00123,-0.27006,0.86168,1,0.00248,0.00293
6.3834,-0.01445,-0.02040,0.00167,0.00194,-0.00456,-0.00406,-0.00995,-0.00000,-0.00000,0.00011,-0.00204,0.00046,-0.00140,-0.27006,0.86168,1,0.00166,0.00199
6.3854,-0.01445,-0.02040,0.00166,0.00194,-0.00444,-0.00395,-0.00995,-0.00000,-0.00000,0.00006,-0.00208,0.00016,-0.00169,-0.27006,0.86168,1,0.00166,0.00199
6.3874,-0.01445,-0.02040,0.00165,0.00193,-0.00422,-0.00373,-0.00995,-0.00000,-0.00000,0.00001,-0.00213,-0.00001,-0.00212,-0.27008,0.86167,1,0.00166,0.00199
6.3894,-0.01445,-0.02040,0.00164,0.00192,-0.00410,-0.00340,-0.00995,-0.00000,-0.00000,-0.00003,-0.00217,-0.00005,-0.00242,-0.27013,0.86166,1,0.00166,0.00199
6.3914,-0.01445,-0.02040,0.00163,0.00192,-0.00409,-0.00317,-0.00995,-0.00000,-0.00000,-0.00007,-0.00220,-0.00007,-0.00259,-0.27005,0.86166,1,0.00166,0.00199
6.3934,-0.01445,-0.02040,0.00163,0.00191,-0.00410,-0.00306,-0.00995,-0.00000,-0.00000,-0.00011,-0.00224,-0.00011,-0.00263,-0.27008,0.86165,1,0.00166,0.00199
6.3954,-0.01445,-0.02040,0.00162,0.00190,-0.00409,-0.00305,-0.00995,-0.00000,-0.00000,-0.00016,-0.00227,-0.00016,-0.00255,-0.27010,0.86163,1,0.00166,0.00199
6.3974,-0.01445,-0.02040,0.00161,0.00190,-0.00408,-0.00316,-0.00995,-0.00000,-0.00000,-0.00020,-0.00231,-0.00020,-0.00233,-0.27008,0.86166,1,0.00166,0.00199
6.3994,-0.01445,-0.02040,0.00160,0.00189,-0.00407,-0.00337,-0.00995,-0.00000,-0.00000,-0.00024,-0.00235,-0.00024,-0.00225,-0.27009,0.86161,1,0.00166,0.00199
6.4014,-0.01445,-0.02040,0.00159,0.00188,-0.00406,-0.00348,-0.00995,-0.00000,-0.00000,-0.00029,-0.00238,-0.00029,-0.00229,-0.27009,0.86163,1,0.00166,0.00199
6.4034,-0.01445,-0.02040,0.00159,0.00188,-0.00405,-0.00347,-0.00995,-0.00000,-0.00000,-0.00033,-0.00242,-0.00033,-0.00242,-0.27009,0.86160,1,0.00166,0.00199
6.4054,-0.01445,-0.02040,0.00158,0.00187,-0.00404,-0.00339,-0.00995,-0.00000,-0.00000,-0.00037,-0.00246,-0.00037,-0.00246,-0.27010,0.86163,1,0.00166,0.00199
6.4074,-0.01445,-0.02040,0.00157,0.00186,-0.00403,-0.00339,-0.00995,-0.00000,-0.00000,-0.00041,-0.00250,-0.00041,-0.00250,-0.27009,0.86161,1,0.00166,0.00199
6.4094,-0.01445,-0.02040,0.00156,0.00186,-0.00402,-0.00339,-0.00995,-0.00000,-0.00000,-0.00046,-0.00254,-0.00046,-0.00254,-0.27010,0.86162,1,0.00166,0.00199
6.4114,-0.01445,-0.02040,0.00155,0.00185,-0.00401,-0.00339,-0.00995,-0.00000,-0.00000,-0.00050,-0.00258,-0.00050,-0.00258,-0.27013,0.86157,1,0.00166,0.00199
6.4134,-0.01445,-0.02040,0.00154,0.00184,-0.00400,-0.00338,-0.00995,-0.00000,-0.00000,-0.00054,-0.00262,-0.00054,-0.00262,-0.27012,0.86163,1,0.00166,0.00199
6.4154,-0.01445,-0.02040,0.00154,0.00184,-0.00399,-0.00338,-0.00995,-0.00000,-0.00000,-0.00058,-0.00265,-0.00058,-0.00265,-0.27012,0.86160,1,0.00166,0.00199
6.4175,-0.01445,-0.02040,0.00153,0.00183,-0.00398,-0.00338,-0.00995,-0.00000,-0.00000,-0.00063,-0.00269,-0.00063,-0.00269,-0.27010,0.86160,1,0.00166,0.00199
6.4195,-0.01445,-0.02040,0.00152,0.00182,-0.00397,-0.00338,-0.00995,-0.00000,-0.00000,-0.00067,-0.00273,-0.00067,-0.00273,-0.27012,0.86158,1,0.00166,0.00199
6.4215,-0.01445,-0.02040,0.00151,0.00182,-0.00396,-0.00338,-0.00995,-0.00000,-0.00000,-0.00071,-0.00277,-0.00071,-0.00277,-0.27012,0.86157,1,0.00166,0.00199
6.4235,-0.01445,-0.02040,0.00151,0.00181,-0.00395,-0.00337,-0.00995,-0.00000,-0.00000,-0.00075,-0.00281,-0.00075,-0.00281,-0.27013,0.86158,1,0.00166,0.00199
6.4255,-0.01445,-0.02040,0.00150,0.00180,-0.00394,-0.00337,-0.00995,-0.00000,-0.00000,-0.00079,-0.00284,-0.00079,-0.00284,-0.27013,0.86156,1,0.00166,0.00199
6.4275,-0.01445,-0.02040,0.00149,0.00180,-0.00393,-0.00337,-0.00995,-0.00000,-0.00000,-0.00083,-0.00288,-0.00083,-0.00288,-0.27007,0.86154,1,0.00166,0.00199
6.4295,-0.01445,-0.02040,0.00148,0.00179,-0.00391,-0.00337,-0.00995,-0.00000,-0.00000,-0.00088,-0.00292,-0.00088,-0.00292,-0.27008,0.86155,1,0.00166,0.00199
6.4315,-0.01445,-0.02040,0.00147,0.00178,-0.00390,-0.00336,-0.00995,-0.00000,-0.00000,-0.00092,-0.00296,-0.00092,-0.00296,-0.27012,0.86157,1,0.00166,0.00199
6.4335,-0.01445,-0.02040,0.00147,0.00177,-0.00389,-0.00336,-0.00995,-0.00000,-0.00000,-0.00096,-0.00300,-0.00096,-0.00300,-0.27012,0.86155,1,0.00166,0.00199
6.4355,-0.01445,-0.02040,0.00146,0.00177,-0.00388,-0.00336,-0.00995,-0.00000,-0.00000,-0.00100,-0.00303,-0.00100,-0.00303,-0.27012,0.86155,1,0.00166,0.00199
6.4375,-0.01445,-0.02040,0.00145,0.00176,-0.00387,-0.00336,-0.00995,-0.00000,-0.00000,-0.00104,-0.00307,-0.00104,-0.00307,-0.27011,0.86152,1,0.00166,0.00199
6.4395,-0.01445,-0.02040,0.00144,0.00175,-0.00386,-0.00335,-0.00995,-0.00000,-0.00000,-0.00108,-0.00311,-0.00108,-0.00311,-0.27013,0.86154,1,0.00166,0.00199
6.4415,-0.01445,-0.02040,0.00144,0.00175,-0.00385,-0.00335,-0.00995,-0.00000,-0.00000,-0.00112,-0.00315,-0.00112,-0.00315,-0.27013,0.86150,1,0.00166,0.00199
6.4435,-0.01445,-0.02040,0.00143,0.00174,-0.00384,-0.00335,-0.00995,-0.00000,-0.00000,-0.00116,-0.00318,-0.00116,-0.00318,-0.27006,0.86155,1,0.00166,0.00199
6.4455,-0.01555,-0.02124,0.00169,0.00211,-0.00289,-0.00200,-0.00619,-0.00000,-0.00000,-0.00024,-0.00171,-0.00107,-0.00309,-0.27010,0.86154,0,0.00211,0.00259
6.4475,-0.01555,-0.02124,0.00169,0.00210,-0.00299,-0.00211,-0.00619,-0.00000,-0.00000,-0.00027,-0.00173,-0.00086,-0.00288,-0.27010,0.86154,0,0.00211,0.00259
6.4495,-0.01555,-0.02124,0.00168,0.00210,-0.00321,-0.00233,-0.00619,-0.00000,-0.00000,-0.00030,-0.00176,-0.00052,-0.00253,-0.27010,0.86153,0,0.00211,0.00259
6.4515,-0.01555,-0.02124,0.00167,0.00210,-0.00353,-0.00266,-0.00619,-0.00000,-0.00000,-0.00034,-0.00179,-0.00030,-0.00206,-0.27011,0.86155,0,0.00211,0.00259
6.4535,-0.01555,-0.02124,0.00167,0.00209,-0.00374,-0.00310,-0.00619,-0.00000,-0.00000,-0.00038,-0.00183,-0.00021,-0.00171,-0.27009,0.86149,0,0.00211,0.00259
6.4555,-0.01555,-0.02124,0.00166,0.00208,-0.00384,-0.00343,-0.00619,-0.00000,-0.00000,-0.00042,-0.00186,-0.00025,-0.00149,-0.27013,0.86147,0,0.00211,0.00259
6.4575,-0.01555,-0.02124,0.00165,0.00208,-0.00384,-0.00365,-0.00619,-0.00000,-0.00000,-0.00046,-0.00190,-0.00042,-0.00140,-0.27011,0.86151,0,0.00211,0.00259
6.4595,-0.01555,-0.02124,0.00164,0.00207,-0.00372,-0.00377,-0.00619,-0.00000,-0.00000,-0.00050,-0.00194,-0.00050,-0.00144,-0.27010,0.86148,0,0.00211,0.00259
6.4615,-0.01555,-0.02124,0.00164,0.00206,-0.00368,-0.00377,-0.00619,-0.00000,-0.00000,-0.00054,-0.00199,-0.00054,-0.00160,-0.27008,0.86152,0,0.00211,0.00259
6.4635,-0.01555,-0.02124,0.00163,0.00205,-0.00367,-0.00366,-0.00619,-0.00000,-0.00000,-0.00058,-0.00203,-0.00058,-0.00190,-0.27009,0.86148,0,0.00211,0.00259
6.4655,-0.01555,-0.02124,0.00162,0.00205,-0.00367,-0.00344,-0.00619,-0.00000,-0.00000,-0.00062,-0.00207,-0.00062,-0.00207,-0.27007,0.86150,0,0.00211,0.00259
6.4675,-0.01555,-0.02124,0.00161,0.00204,-0.00366,-0.00333,-0.00619,-0.00000,-0.00000,-0.00066,-0.00211,-0.00066,-0.00211,-0.27008,0.86151,0,0.00211,0.00259
6.4695,-0.01555,-0.02124,0.00161,0.00203,-0.00365,-0.00333,-0.00619,-0.00000,-0.00000,-0.00070,-0.00214,-0.00070,-0.00214,-0.27011,0.86148,0,0.00211,0.00259
6.4715,-0.01555,-0.02124,0.00160,0.00203,-0.00365,-0.00334,-0.00619,-0.00000,-0.00000,-0.00074,-0.00218,-0.00074,-0.00218,-0.27014,0.86150,0,0.00211,0.00259
6.4735,-0.01555,-0.02124,0.00159,0.00202,-0.00364,-0.00334,-0.00619,-0.00000,-0.00000,-0.00078,-0.00222,-0.00078,-0.00222,-0.27016,0.86145,0,0.00211,0.00259
6.4755,-0.01555,-0.02124,0.00159,0.00201,-0.00363,-0.00334,-0.00619,-0.00000,-0.00000,-0.00082,-0.00226,-0.00082,-0.00226,-0.27010,0.86146,0,0.00211,0.00259
6.4775,-0.01555,-0.02124,0.00158,0.00201,-0.00363,-0.00334,-0.00619,-0.00000,-0.00000,-0.00085,-0.00230,-0.00085,-0.00230,-0.27014,0.86147,0,0.00211,0.00259
6.4795,-0.01555,-0.02124,0.00157,0.00200,-0.00362,-0.00334,-0.00619,-0.00000,-0.00000,-0.00089,-0.00233,-0.00089,-0.00233,-0.27012,0.86145,0,0.00211,0.00259
6.4815,-0.01555,-0.02124,0.00156,0.00199,-0.00361,-0.00334,-0.00619,-0.00000,-0.00000,-0.00093,-0.00237,-0.00093,-0.00237,-0.27013,0.86144,0,0.00211,0.00259
6.4835,-0.01555,-0.02124,0.00156,0.00199,-0.00360,-0.00334,-0.00619,-0.00000,-0.00000,-0.00097,-0.00241,-0.00097,-0.00241,-0.27006,0.86146,0,0.00211,0.00259
6.4855,-0.01555,-0.02124,0.00155,0.00198,-0.00360,-0.00334,-0.00619,-0.00000,-0.00000,-0.00101,-0.00245,-0.00101,-0.00245,-0.27011,0.86142,0,0.00211,0.00259
6.4875,-0.01555,-0.02124,0.00154,0.00197,-0.00359,-0.00334,-0.00619,-0.00000,-0.00000,-0.00105,-0.00249,-0.00105,-0.00249,-0.27008,0.86149,0,0.00211,0.00259
6.4895,-0.01555,-0.02124,0.00154,0.00197,-0.00358,-0.00334,-0.00619,-0.00000,-0.00000,-0.00109,-0.00252,-0.00109,-0.00252,-0.27006,0.86143,0,0.00211,0.00259
6.4915,-0.01555,-0.02124,0.00153,0.00196,-0.00358,-0.00334,-0.00619,-0.00000,-0.00000,-0.00113,-0.00256,-0.00113,-0.00256,-0.27011,0.86145,0,0.00211,0.00259
6.4935,-0.01555,-0.02124,0.00152,0.00195,-0.00357,-0.00335,-0.00619,-0.00000,-0.00000,-0.00116,-0.00260,-0.00116,-0.00260,-0.27010,0.86144,0,0.00211,0.00259
6.4955,-0.01555,-0.02124,0.00151,0.00195,-0.00356,-0.00335,-0.00619,-0.00000,-0.00000,-0.00120,-0.00264,-0.00120,-0.00264,-0.27008,0.86146,0,0.00211,0.00259
6.4975,-0.01555,-0.02124,0.00151,0.00194,-0.00355,-0.00335,-0.00619,-0.00000,-0.00000,-0.00124,-0.00268,-0.00124,-0.00268,-0.27010,0.86146,0,0.00211,0.00259
6.4995,-0.01555,-0.02124,0.00150,0.00193,-0.00355,-0.00335,-0.00619,-0.00000,-0.00000,-0.00128,-0.00271,-0.00128,-0.00271,-0.27011,0.86143,0,0.00211,0.00259
6.5015,-0.01555,-0.02124,0.00149,0.00193,-0.00354,-0.00334,-0.00619,-0.00000,-0.00000,-0.00132,-0.00275,-0.00132,-0.00275,-0.27005,0.86144,0,0.00211,0.00259
6.5035,-0.01555,-0.02124,0.00149,0.00192,-0.00353,-0.00334,-0.00619,-0.00000,-0.00000,-0.00136,-0.00279,-0.00136,-0.00279,-0.27006,0.86142,0,0.00211,0.00259
6.5055,-0.01555,-0.02124,0.00148,0.00191,-0.00352,-0.00334,-0.00619,-0.00000,-0.00000,-0.00139,-0.00283,-0.00139,-0.00283,-0.27009,0.86142,0,0.00211,0.00259
6.5075,-0.01555,-0.02124,0.00147,0.00191,-0.00351,-0.00334,-0.00619,-0.00000,-0.00000,-0.00143,-0.00287,-0.00143,-0.00287,-0.27008,0.86143,0,0.00211,0.00259
6.5095,-0.01555,-0.02124,0.00146,0.00190,-0.00351,-0.00334,-0.00619,-0.00000,-0.00000,-0.00147,-0.00290,-0.00147,-0.00290,-0.27014,0.86142,0,0.00211,0.00259
6.5115,-0.01555,-0.02124,0.00146,0.00189,-0.00350,-0.00334,-0.00619,-0.00000,-0.00000,-0.00151,-0.00294,-0.00151,-0.00294,-0.27011,0.86143,0,0.00211,0.00259
6.5135,-0.01555,-0.02124,0.00145,0.00189,-0.00349,-0.00334,-0.00619,-0.00000,-0.00000,-0.00154,-0.00298,-0.00154,-0.00298,-0.27010,0.86139,0,0.00211,0.00259
6.5155,-0.01555,-0.02124,0.00144,0.00188,-0.00348,-0.00334,-0.00619,-0.00000,-0.00000,-0.00158,-0.00302,-0.00158,-0.00302,-0.27013,0.86140,0,0.00211,0.00259
6.5176,-0.01501,-0.02231,0.00146,0.00234,-0.00341,-0.00177,-0.00627,-0.00000,-0.00000,-0.00136,-0.00115,-0.00149,-0.00293,-0.27015,0.86134,0,0.00163,0.00291
6.5196,-0.01501,-0.02231,0.00145,0.00234,-0.00351,-0.00188,-0.00627,-0.00000,-0.00000,-0.00140,-0.00117,-0.00140,-0.00271,-0.27015,0.86134,0,0.00163,0.00291
6.5216,-0.01501,-0.02231,0.00144,0.00234,-0.00361,-0.00211,-0.00627,-0.00000,-0.00000,-0.00144,-0.00120,-0.00144,-0.00236,-0.27011,0.86140,0,0.00163,0.00291
6.5236,-0.01501,-0.02231,0.00144,0.00233,-0.00360,-0.00244,-0.00627,-0.00000,-0.00000,-0.00148,-0.00123,-0.00148,-0.00189,-0.27017,0.86136,0,0.00163,0.00291
6.5256,-0.01501,-0.02231,0.00143,0.00233,-0.00359,-0.00289,-0.00627,-0.00000,-0.00000,-0.00152,-0.00126,-0.00152,-0.00129,-0.27015,0.86135,0,0.00163,0.00291
6.5276,-0.01501,-0.02231,0.00142,0.00232,-0.00358,-0.00344,-0.00627,-0.00000,-0.00000,-0.00156,-0.00130,-0.00156,-0.00081,-0.27013,0.86136,0,0.00163,0.00291
6.5296,-0.01501,-0.02231,0.00141,0.00231,-0.00357,-0.00388,-0.00627,-0.00000,-0.00000,-0.00159,-0.00134,-0.00159,-0.00047,-0.27012,0.86136,0,0.00163,0.00291
6.5316,-0.01501,-0.02231,0.00141,0.00230,-0.00356,-0.00422,-0.00627,-0.00000,-0.00000,-0.00163,-0.00138,-0.00163,-0.00025,-0.27013,0.86137,0,0.00163,0.00291
6.5336,-0.01501,-0.02231,0.00140,0.00229,-0.00355,-0.00444,-0.00627,-0.00000,-0.00000,-0.00167,-0.00143,-0.00167,-0.00016,-0.27012,0.86135,0,0.00163,0.00291
6.5356,-0.01501,-0.02231,0.00139,0.00229,-0.00354,-0.00456,-0.00627,-0.00000,-0.00000,-0.00171,-0.00148,-0.00171,-0.00020,-0.27009,0.86139,0,0.00163,0.00291
6.5376,-0.01501,-0.02231,0.00139,0.00228,-0.00354,-0.00456,-0.00627,-0.00000,-0.00000,-0.00175,-0.00153,-0.00175,-0.00036,-0.27012,0.86136,0,0.00163,0.00291
6.5396,-0.01501,-0.02231,0.00138,0.00227,-0.00353,-0.00446,-0.00627,-0.00000,-0.00000,-0.00178,-0.00158,-0.00178,-0.00066,-0.27019,0.86133,0,0.00163,0.00291
6.5416,-0.01501,-0.02231,0.00137,0.00226,-0.00352,-0.00425,-0.00627,-0.00000,-0.00000,-0.00182,-0.00163,-0.00182,-0.00108,-0.27016,0.86137,0,0.00163,0.00291
6.5436,-0.01501,-0.02231,0.00136,0.00225,-0.00351,-0.00392,-0.00627,-0.00000,-0.00000,-0.00186,-0.00167,-0.00186,-0.00163,-0.27017,0.86137,0,0.00163,0.00291
6.5456,-0.01501,-0.02231,0.00136,0.00224,-0.00350,-0.00349,-0.00627,-0.00000,-0.00000,-0.00190,-0.00171,-0.00190,-0.00205,-0.27013,0.86137,0,0.00163,0.00291
6.5476,-0.01501,-0.02231,0.00135,0.00224,-0.00349,-0.00317,-0.00627,-0.00000,-0.00000,-0.00193,-0.00175,-0.00193,-0.00235,-0.27016,0.86135,0,0.00163,0.00291
6.5496,-0.01501,-0.02231,0.00134,0.00223,-0.00348,-0.00295,-0.00627,-0.00000,-0.00000,-0.00197,-0.00179,-0.00197,-0.00251,-0.27015,0.86132,0,0.00163,0.00291
6.5516,-0.01501,-0.02231,0.00134,0.00222,-0.00347,-0.00285,-0.00627,-0.00000,-0.00000,-0.00201,-0.00182,-0.00201,-0.00255,-0.27020,0.86132,0,0.00163,0.00291
6.5536,-0.01501,-0.02231,0.00133,0.00222,-0.00346,-0.00285,-0.00627,-0.00000,-0.00000,-0.00205,-0.00185,-0.00205,-0.00246,-0.27015,0.86133,0,0.00163,0.00291
6.5556,-0.01501,-0.02231,0.00132,0.00221,-0.00345,-0.00297,-0.00627,-0.00000,-0.00000,-0.00208,-0.00189,-0.00208,-0.00224,-0.27016,0.86131,0,0.00163,0.00291
6.5576,-0.01501,-0.02231,0.00132,0.00221,-0.00344,-0.00319,-0.00627,-0.00000,-0.00000,-0.00212,-0.00192,-0.00212,-0.00192,-0.27018,0.86128,0,0.00163,0.00291
6.5596,-0.01501,-0.02231,0.00131,0.00220,-0.00343,-0.00350,-0.00627,-0.00000,-0.00000,-0.00216,-0.00196,-0.00216,-0.00174,-0.27019,0.86126,0,0.00163,0.00291
6.5616,-0.01501,-0.02231,0.00130,0.00219,-0.00342,-0.00370,-0.00627,-0.00000,-0.00000,-0.00219,-0.00200,-0.00219,-0.00168,-0.27020,0.86127,0,0.00163,0.00291
6.5636,-0.01501,-0.02231,0.00130,0.00219,-0.00341,-0.00378,-0.00627,-0.00000,-0.00000,-0.00223,-0.00205,-0.00223,-0.00174,-0.27023,0.86128,0,0.00163,0.00291
6.5657,-0.01501,-0.02231,0.00129,0.00218,-0.00340,-0.00376,-0.00627,-0.00000,-0.00000,-0.00227,-0.00209,-0.00227,-0.00194,-0.27014,0.86129,0,0.00163,0.00291
6.5677,-0.01501,-0.02231,0.00128,0.00217,-0.00339,-0.00363,-0.00627,-0.00000,-0.00000,-0.00230,-0.00213,-0.00230,-0.00213,-0.27020,0.86130,0,0.00163,0.00291
6.5697,-0.01501,-0.02231,0.00127,0.00216,-0.00338,-0.00351,-0.00627,-0.00000,-0.00000,-0.00234,-0.00217,-0.00234,-0.00219,-0.27017,0.86130,0,0.00163,0.00291
6.5717,-0.01501,-0.02231,0.00127,0.00216,-0.00337,-0.00349,-0.00627,-0.00000,-0.00000,-0.00238,-0.00221,-0.00238,-0.00221,-0.27020,0.86130,0,0.00163,0.00291
6.5737,-0.01501,-0.02231,0.00126,0.00215,-0.00336,-0.00351,-0.00627,-0.00000,-0.00000,-0.00241,-0.00225,-0.00241,-0.00225,-0.27022,0.86127,0,0.00163,0.00291
6.5757,-0.01501,-0.02231,0.00125,0.00214,-0.00335,-0.00351,-0.00627,-0.00000,-0.00000,-0.00245,-0.00229,-0.00245,-0.00229,-0.27016,0.86127,0,0.00163,0.00291
6.5777,-0.01501,-0.02231,0.00125,0.00214,-0.00334,-0.00351,-0.00627,-0.00000,-0.00000,-0.00249,-0.00233,-0.00249,-0.00233,-0.27021,0.86129,0,0.00163,0.00291
6.5797,-0.01501,-0.02231,0.00124,0.00213,-0.00333,-0.00351,-0.00627,-0.00000,-0.00000,-0.00252,-0.00237,-0.00252,-0.00237,-0.27021,0.86124,0,0.00163,0.00291
6.5817,-0.01609,-0.02269,0.00185,0.00264,-0.00121,-0.00156,-0.00355,-0.00000,-0.00000,0.00004,-0.00009,-0.00243,-0.00228,-0.27021,0.86126,0,0.00254,0.00322
6.5837,-0.01609,-0.02269,0.00185,0.00263,-0.00132,-0.00168,-0.00355,-0.00000,-0.00000,0.00002,-0.00011,-0.00221,-0.00207,-0.27021,0.86126,0,0.00254,0.00322
6.5857,-0.01609,-0.02269,0.00185,0.00263,-0.00154,-0.00191,-0.00355,-0.00000,-0.00000,0.00000,-0.00014,-0.00186,-0.00172,-0.27022,0.86124,0,0.00254,0.00322
6.5877,-0.01609,-0.02269,0.00184,0.00263,-0.00187,-0.00225,-0.00355,-0.00000,-0.00000,-0.00002,-0.00016,-0.00139,-0.00125,-0.27019,0.86123,0,0.00254,0.00322
6.5897,-0.01609,-0.02269,0.00184,0.00262,-0.00231,-0.00270,-0.00355,-0.00000,-0.00000,-0.00004,-0.00019,-0.00078,-0.00065,-0.27022,0.86124,0,0.00254,0.00322
6.5917,-0.01609,-0.02269,0.00183,0.00261,-0.00285,-0.00326,-0.00355,-0.00000,-0.00000,-0.00007,-0.00023,-0.00007,-0.00018,-0.27020,0.86123,0,0.00254,0.00322
6.5937,-0.01609,-0.02269,0.00183,0.00261,-0.00349,-0.00370,-0.00355,-0.00000,-0.00000,-0.00011,-0.00027,0.00051,0.00017,-0.27022,0.86125,0,0.00254,0.00322
6.5957,-0.01609,-0.02269,0.00182,0.00260,-0.00401,-0.00404,-0.00355,-0.00000,-0.00000,-0.00015,-0.00031,0.00096,0.00038,-0.27020,0.86125,0,0.00254,0.00322
6.5977,-0.01609,-0.02269,0.00181,0.00259,-0.00443,-0.00427,-0.00355,-0.00000,-0.00000,-0.00019,-0.00036,0.00128,0.00047,-0.27025,0.86122,0,0.00254,0.00322
6.5997,-0.01609,-0.02269,0.00180,0.00258,-0.00474,-0.00439,-0.00355,-0.00000,-0.00000,-0.00024,-0.00041,0.00148,0.00043,-0.27023,0.86117,0,0.00254,0.00322
6.6017,-0.01609,-0.02269,0.00179,0.00257,-0.00494,-0.00440,-0.00355,-0.00000,-0.00000,-0.00029,-0.00045,0.00155,0.00026,-0.27021,0.86125,0,0.00254,0.00322
6.6037,-0.01609,-0.02269,0.00178,0.00257,-0.00503,-0.00430,-0.00355,-0.00000,-0.00000,-0.00034,-0.00050,0.00149,-0.00003,-0.27017,0.86125,0,0.00254,0.00322
6.6057,-0.01609,-0.02269,0.00177,0.00256,-0.00500,-0.00409,-0.00355,-0.00000,-0.00000,-0.00040,-0.00055,0.00130,-0.00046,-0.27018,0.86126,0,0.00254,0.00322
6.6077,-0.01609,-0.02269,0.00176,0.00255,-0.00487,-0.00377,-0.00355,-0.00000,-0.00000,-0.00045,-0.00059,0.00099,-0.00075,-0.27016,0.86128,0,0.00254,0.00322
6.6097,-0.01609,-0.02269,0.00175,0.00254,-0.00463,-0.00356,-0.00355,-0.00000,-0.00000,-0.00050,-0.00063,0.00054,-0.00092,-0.27018,0.86123,0,0.00254,0.00322
6.6117,-0.01609,-0.02269,0.00174,0.00253,-0.00428,-0.00345,-0.00355,-0.00000,-0.00000,-0.00055,-0.00067,-0.00003,-0.00096,-0.27019,0.86125,0,0.00254,0.00322
6.6137,-0.01609,-0.02269,0.00174,0.00253,-0.00382,-0.00346,-0.00355,-0.00000,-0.00000,-0.00059,-0.00071,-0.00059,-0.00087,-0.27018,0.86120,0,0.00254,0.00322
6.6157,-0.01609,-0.02269,0.00173,0.00252,-0.00338,-0.00358,-0.00355,-0.00000,-0.00000,-0.00063,-0.00075,-0.00102,-0.00075,-0.27017,0.86120,0,0.00254,0.00322
6.6177,-0.01609,-0.02269,0.00172,0.00251,-0.00304,-0.00372,-0.00355,-0.00000,-0.00000,-0.00066,-0.00079,-0.00132,-0.00076,-0.27021,0.86121,0,0.00254,0.00322
6.6197,-0.01609,-0.02269,0.00172,0.00251,-0.00281,-0.00376,-0.00355,-0.00000,-0.00000,-0.00069,-0.00084,-0.00150,-0.00084,-0.27020,0.86120,0,0.00254,0.00322
6.6217,-0.01609,-0.02269,0.00171,0.00250,-0.00268,-0.00374,-0.00355,-0.00000,-0.00000,-0.00073,-0.00088,-0.00155,-0.00088,-0.27020,0.86119,0,0.00254,0.00322
6.6237,-0.01609,-0.02269,0.00171,0.00249,-0.00267,-0.00374,-0.00355,-0.00000,-0.00000,-0.00076,-0.00092,-0.00146,-0.00092,-0.27028,0.86120,0,0.00254,0.00322
6.6257,-0.01609,-0.02269,0.00170,0.00248,-0.00277,-0.00375,-0.00355,-0.00000,-0.00000,-0.00079,-0.00096,-0.00126,-0.00096,-0.27025,0.86120,0,0.00254,0.00322
6.6277,-0.01609,-0.02269,0.00169,0.00248,-0.00298,-0.00375,-0.00355,-0.00000,-0.00000,-0.00082,-0.00101,-0.00092,-0.00101,-0.27024,0.86122,0,0.00254,0.00322
6.6297,-0.01609,-0.02269,0.00169,0.00247,-0.00329,-0.00376,-0.00355,-0.00000,-0.00000,-0.00085,-0.00105,-0.00071,-0.00105,-0.27020,0.86123,0,0.00254,0.00322
6.6317,-0.01609,-0.02269,0.00168,0.00246,-0.00350,-0.00376,-0.00355,-0.00000,-0.00000,-0.00089,-0.00109,-0.00063,-0.00109,-0.27025,0.86120,0,0.00254,0.00322
6.6337,-0.01609,-0.02269,0.00167,0.00245,-0.00360,-0.00377,-0.00355,-0.00000,-0.00000,-0.00093,-0.00113,-0.00068,-0.00113,-0.27021,0.86117,0,0.00254,0.00322
6.6357,-0.01609,-0.02269,0.00167,0.00245,-0.00358,-0.00377,-0.00355,-0.00000,-0.00000,-0.00097,-0.00118,-0.00085,-0.00118,-0.27024,0.86119,0,0.00254,0.00322
6.6377,-0.01609,-0.02269,0.00166,0.00244,-0.00346,-0.00378,-0.00355,-0.00000,-0.00000,-0.00100,-0.00122,-0.00100,-0.00122,-0.27025,0.86116,0,0.00254,0.00322
6.6397,-0.01609,-0.02269,0.00165,0.00243,-0.00336,-0.00378,-0.00355,-0.00000,-0.00000,-0.00104,-0.00126,-0.00104,-0.00126,-0.27027,0.86118,0,0.00254,0.00322
6.6417,-0.01609,-0.02269,0.00165,0.00242,-0.00335,-0.00379,-0.00355,-0.00000,-0.00000,-0.00108,-0.00130,-0.00108,-0.00130,-0.27021,0.86119,0,0.00254,0.00322
6.6437,-0.01609,-0.02269,0.00164,0.00242,-0.00335,-0.00379,-0.00355,-0.00000,-0.00000,-0.00111,-0.00135,-0.00111,-0.00135,-0.27019,0.86119,0,0.00254,0.00322
6.6458,-0.01609,-0.02269,0.00163,0.00241,-0.00335,-0.00379,-0.00355,-0.00000,-0.00000,-0.00115,-0.00139,-0.00115,-0.00139,-0.27026,0.86121,0,0.00254,0.00322
6.6478,-0.01609,-0.02269,0.00163,0.00240,-0.00334,-0.00380,-0.00355,-0.00000,-0.00000,-0.00119,-0.00143,-0.00119,-0.00143,-0.27023,0.86116,0,0.00254,0.00322
6.6498,-0.01564,-0.02099,0.00200,0.00210,-0.00182,-0.00462,-0.00746,-0.00000,-0.00000,0.00073,-0.00235,-0.00110,-0.00160,-0.27023,0.86118,0,0.00247,0.00197
6.6518,-0.01564,-0.02099,0.00200,0.00209,-0.00193,-0.00451,-0.00746,-0.00000,-0.00000,0.00070,-0.00240,-0.00088,-0.00190,-0.27023,0.86118,0,0.00247,0.00197
6.6538,-0.01564,-0.02099,0.00200,0.00208,-0.00215,-0.00429,-0.00746,-0.00000,-0.00000,0.00068,-0.00245,-0.00053,-0.00233,-0.27026,0.86111,0,0.00247,0.00197
6.6558,-0.01564,-0.02099,0.00199,0.00207,-0.00248,-0.00396,-0.00746,-0.00000,-0.00000,0.00065,-0.00249,-0.00005,-0.00263,-0.27025,0.86115,0,0.00247,0.00197
6.6578,-0.01564,-0.02099,0.00199,0.00207,-0.00292,-0.00373,-0.00746,-0.00000,-0.00000,0.00062,-0.00254,0.00055,-0.00280,-0.27023,0.86116,0,0.00247,0.00197
6.6598,-0.01564,-0.02099,0.00198,0.00206,-0.00347,-0.00362,-0.00746,-0.00000,-0.00000,0.00059,-0.00258,0.00103,-0.00284,-0.27022,0.86115,0,0.00247,0.00197
6.6618,-0.01564,-0.02099,0.00197,0.00205,-0.00391,-0.00362,-0.00746,-0.00000,-0.00000,0.00055,-0.00262,0.00137,-0.00275,-0.27021,0.86112,0,0.00247,0.00197
6.6638,-0.01564,-0.02099,0.00196,0.00204,-0.00424,-0.00373,-0.00746,-0.00000,-0.00000,0.00051,-0.00266,0.00159,-0.00266,-0.27023,0.86113,0,0.00247,0.00197
6.6658,-0.01564,-0.02099,0.00196,0.00204,-0.00446,-0.00384,-0.00746,-0.00000,-0.00000,0.00046,-0.00270,0.00168,-0.00269,-0.27024,0.86111,0,0.00247,0.00197
6.6679,-0.01564,-0.02099,0.00195,0.00203,-0.00457,-0.00385,-0.00746,-0.00000,-0.00000,0.00041,-0.00274,0.00165,-0.00274,-0.27028,0.86111,0,0.00247,0.00197
6.6699,-0.01564,-0.02099,0.00194,0.00202,-0.00457,-0.00384,-0.00746,-0.00000,-0.00000,0.00036,-0.00279,0.00148,-0.00279,-0.27024,0.86105,0,0.00247,0.00197
6.6719,-0.01564,-0.02099,0.00193,0.00201,-0.00446,-0.00384,-0.00746,-0.00000,-0.00000,0.00032,-0.00283,0.00119,-0.00283,-0.27024,0.86105,0,0.00247,0.00197
6.6739,-0.01564,-0.02099,0.00192,0.00201,-0.00424,-0.00383,-0.00746,-0.00000,-0.00000,0.00027,-0.00287,0.00077,-0.00287,-0.27024,0.86106,0,0.00247,0.00197
6.6759,-0.01564,-0.02099,0.00191,0.00200,-0.00392,-0.00383,-0.00746,-0.00000,-0.00000,0.00023,-0.00291,0.00023,-0.00291,-0.27026,0.86106,0,0.00247,0.00197
6.6779,-0.01564,-0.02099,0.00190,0.00199,-0.00349,-0.00383,-0.00746,-0.00000,-0.00000,0.00019,-0.00296,-0.00019,-0.00296,-0.27026,0.86106,0,0.00247,0.00197
6.6799,-0.01564,-0.02099,0.00190,0.00198,-0.00316,-0.00382,-0.00746,-0.00000,-0.00000,0.00015,-0.00300,-0.00047,-0.00300,-0.27025,0.86107,0,0.00247,0.00197
6.6819,-0.01564,-0.02099,0.00189,0.00197,-0.00295,-0.00382,-0.00746,-0.00000,-0.00000,0.00012,-0.00304,-0.00063,-0.00304,-0.27028,0.86101,0,0.00247,0.00197
6.6839,-0.01564,-0.02099,0.00189,0.00197,-0.00285,-0.00382,-0.00746,-0.00000,-0.00000,0.00009,-0.00308,-0.00066,-0.00308,-0.27026,0.86105,0,0.00247,0.00197
6.6859,-0.01564,-0.02099,0.00188,0.00196,-0.00285,-0.00381,-0.00746,-0.00000,-0.00000,0.00006,-0.00313,-0.00056,-0.00313,-0.27026,0.86105,0,0.00247,0.00197
6.6879,-0.01564,-0.02099,0.00187,0.00195,-0.00297,-0.00381,-0.00746,-0.00000,-0.00000,0.00002,-0.00317,-0.00034,-0.00317,-0.27027,0.86107,0,0.00247,0.00197
6.6899,-0.01564,-0.02099,0.00187,0.00194,-0.00319,-0.00381,-0.00746,-0.00000,-0.00000,-0.00001,-0.00321,-0.00001,-0.00321,-0.27028,0.86100,0,0.00247,0.00197
6.6919,-0.01564,-0.02099,0.00186,0.00194,-0.00350,-0.00380,-0.00746,-0.00000,-0.00000,-0.00005,-0.00325,0.00019,-0.00325,-0.27030,0.86104,0,0.00247,0.00197
6.6939,-0.01564,-0.02099,0.00185,0.00193,-0.00370,-0.00380,-0.00746,-0.00000,-0.00000,-0.00009,-0.00330,0.00025,-0.00330,-0.27026,0.86102,0,0.00247,0.00197
6.6959,-0.01564,-0.02099,0.00185,0.00192,-0.00379,-0.00380,-0.00746,-0.00000,-0.00000,-0.00013,-0.00334,0.00019,-0.00334,-0.27026,0.86099,0,0.00247,0.00197
6.6979,-0.01564,-0.02099,0.00184,0.00191,-0.00377,-0.00379,-0.00746,-0.00000,-0.00000,-0.00017,-0.00338,0.00001,-0.00338,-0.27024,0.86101,0,0.00247,0.00197
6.6999,-0.01564,-0.02099,0.00183,0.00191,-0.00364,-0.00379,-0.00746,-0.00000,-0.00000,-0.00021,-0.00342,-0.00021,-0.00342,-0.27024,0.86097,0,0.00247,0.00197
6.7019,-0.01564,-0.02099,0.00182,0.00190,-0.00349,-0.00378,-0.00746,-0.00000,-0.00000,-0.00024,-0.00346,-0.00029,-0.00346,-0.27024,0.86097,0,0.00247,0.00197
6.7039,-0.01564,-0.02099,0.00182,0.00189,-0.00345,-0.00378,-0.00746,-0.00000,-0.00000,-0.00028,-0.00351,-0.00028,-0.00351,-0.27020,0.86101,0,0.00247,0.00197
6.7059,-0.01564,-0.02099,0.00181,0.00188,-0.00348,-0.00377,-0.00746,-0.00000,-0.00000,-0.00032,-0.00355,-0.00032,-0.00355,-0.27020,0.86101,0,0.00247,0.00197
6.7079,-0.01564,-0.02099,0.00180,0.00188,-0.00348,-0.00377,-0.00746,-0.00000,-0.00000,-0.00036,-0.00359,-0.00036,-0.00359,-0.27029,0.86093,0,0.00247,0.00197
6.7099,-0.01564,-0.02099,0.00180,0.00187,-0.00348,-0.00377,-0.00746,-0.00000,-0.00000,-0.00039,-0.00363,-0.00039,-0.00363,-0.27028,0.86097,0,0.00247,0.00197
6.7119,-0.01564,-0.02099,0.00179,0.00186,-0.00348,-0.00376,-0.00746,-0.00000,-0.00000,-0.00043,-0.00367,-0.00043,-0.00367,-0.27028,0.86097,0,0.00247,0.00197
6.7139,-0.01663,-0.02302,0.00249,0.00271,-0.00087,-0.00083,-0.00337,-0.00000,-0.00000,0.00256,-0.00028,-0.00034,-0.00359,-0.27028,0.86095,1,0.00327,0.00366
6.7159,-0.01663,-0.02302,0.00249,0.00271,-0.00099,-0.00095,-0.00337,-0.00000,-0.00000,0.00255,-0.00030,-0.00012,-0.00337,-0.27025,0.86094,1,0.00327,0.00366
6.7179,-0.01663,-0.02302,0.00248,0.00270,-0.00122,-0.00118,-0.00337,-0.00000,-0.00000,0.00253,-0.00032,0.00022,-0.00303,-0.27025,0.86094,1,0.00327,0.00366
6.7199,-0.01663,-0.02302,0.00248,0.00270,-0.00156,-0.00152,-0.00337,-0.00000,-0.00000,0.00252,-0.00034,0.00070,-0.00256,-0.27028,0.86091,1,0.00327,0.00366
6.7220,-0.01663,-0.02302,0.00248,0.00270,-0.00201,-0.00196,-0.00337,-0.00000,-0.00000,0.00249,-0.00036,0.00130,-0.00196,-0.27027,0.86093,1,0.00327,0.00366
6.7240,-0.01663,-0.02302,0.00247,0.00269,-0.00256,-0.00252,-0.00337,-0.00000,-0.00000,0.00247,-0.00039,0.00203,-0.00124,-0.27027,0.86093,1,0.00327,0.00366
6.7260,-0.01663,-0.02302,0.00247,0.00269,-0.00323,-0.00318,-0.00337,-0.00000,-0.00000,0.00244,-0.00042,0.00263,-0.00042,-0.27031,0.86095,1,0.00327,0.00366
6.7280,-0.01663,-0.02302,0.00246,0.00268,-0.00378,-0.00393,-0.00337,-0.00000,-0.00000,0.00240,-0.00046,0.00311,0.00027,-0.27031,0.86095,1,0.00327,0.00366
6.7300,-0.01663,-0.02302,0.00245,0.00267,-0.00423,-0.00456,-0.00337,-0.00000,-0.00000,0.00235,-0.00051,0.00345,0.00083,-0.27026,0.86093,1,0.00327,0.00366
6.7320,-0.01663,-0.02302,0.00244,0.00266,-0.00457,-0.00508,-0.00337,-0.00000,-0.00000,0.00231,-0.00056,0.00367,0.00126,-0.27022,0.86094,1,0.00327,0.00366
6.7340,-0.01663,-0.02302,0.00243,0.00265,-0.00479,-0.00550,-0.00337,-0.00000,-0.00000,0.00226,-0.00062,0.00376,0.00156,-0.27022,0.86094,1,0.00327,0.00366
6.7360,-0.01663,-0.02302,0.00242,0.00264,-0.00491,-0.00580,-0.00337,-0.00000,-0.00000,0.00221,-0.00068,0.00372,0.00174,-0.27018,0.86091,1,0.00327,0.00366
6.7380,-0.01663,-0.02302,0.00241,0.00263,-0.00492,-0.00599,-0.00337,-0.00000,-0.00000,0.00216,-0.00074,0.00356,0.00179,-0.27019,0.86093,1,0.00327,0.00366
6.7400,-0.01663,-0.02302,0.00240,0.00262,-0.00482,-0.00608,-0.00337,-0.00000,-0.00000,0.00211,-0.00081,0.00327,0.00170,-0.27016,0.86096,1,0.00327,0.00366
6.7420,-0.01663,-0.02302,0.00239,0.00261,-0.00461,-0.00605,-0.00337,-0.00000,-0.00000,0.00206,-0.00087,0.00284,0.00150,-0.27017,0.86095,1,0.00327,0.00366
6.7440,-0.01663,-0.02302,0.00239,0.00259,-0.00429,-0.00592,-0.00337,-0.00000,-0.00000,0.00201,-0.00093,0.00229,0.00116,-0.27018,0.86094,1,0.00327,0.00366
6.7460,-0.01663,-0.02302,0.00238,0.00258,-0.00386,-0.00567,-0.00337,-0.00000,-0.00000,0.00197,-0.00099,0.00187,0.00070,-0.27023,0.86092,1,0.00327,0.00366
6.7480,-0.01663,-0.02302,0.00237,0.00257,-0.00354,-0.00532,-0.00337,-0.00000,-0.00000,0.00193,-0.00105,0.00158,0.00010,-0.27023,0.86092,1,0.00327,0.00366
6.7500,-0.01663,-0.02302,0.00236,0.00256,-0.00333,-0.00486,-0.00337,-0.00000,-0.00000,0.00189,-0.00111,0.00141,-0.00062,-0.27020,0.86095,1,0.00327,0.00366
6.7520,-0.01663,-0.02302,0.00236,0.00255,-0.00322,-0.00429,-0.00337,-0.00000,-0.00000,0.00185,-0.00116,0.00138,-0.00121,-0.27020,0.86095,1,0.00327,0.00366
6.7540,-0.01663,-0.02302,0.00235,0.00254,-0.00323,-0.00382,-0.00337,-0.00000,-0.00000,0.00182,-0.00120,0.00147,-0.00167,-0.27025,0.86092,1,0.00327,0.00366
6.7560,-0.01663,-0.02302,0.00234,0.00254,-0.00335,-0.00347,-0.00337,-0.00000,-0.00000,0.00178,-0.00125,0.00168,-0.00201,-0.27025,0.86092,1,0.00327,0.00366
6.7580,-0.01663,-0.02302,0.00234,0.00253,-0.00357,-0.00322,-0.00337,-0.00000,-0.00000,0.00174,-0.00128,0.00177,-0.00222,-0.27023,0.86094,1,0.00327,0.00366
6.7600,-0.01663,-0.02302,0.00233,0.00252,-0.00369,-0.00309,-0.00337,-0.00000,-0.00000,0.00170,-0.00132,0.00174,-0.00230,-0.27023,0.86094,1,0.00327,0.00366
6.7620,-0.01663,-0.02302,0.00232,0.00252,-0.00370,-0.00306,-0.00337,-0.00000,-0.00000,0.00166,-0.00136,0.00166,-0.00225,-0.27024,0.86086,1,0.00327,0.00366
6.7640,-0.01663,-0.02302,0.00231,0.00251,-0.00367,-0.00314,-0.00337,-0.00000,-0.00000,0.00162,-0.00139,0.00162,-0.00207,-0.27024,0.86086,1,0.00327,0.00366
6.7660,-0.01663,-0.02302,0.00231,0.00250,-0.00368,-0.00334,-0.00337,-0.00000,-0.00000,0.00158,-0.00143,0.00158,-0.00177,-0.27022,0.86088,1,0.00327,0.00366
6.7680,-0.01663,-0.02302,0.00230,0.00250,-0.00368,-0.00364,-0.00337,-0.00000,-0.00000,0.00154,-0.00147,0.00154,-0.00147,-0.27022,0.86088,1,0.00327,0.00366
6.7700,-0.01663,-0.02302,0.00229,0.00249,-0.00369,-0.00393,-0.00337,-0.00000,-0.00000,0.00150,-0.00151,0.00150,-0.00130,-0.27015,0.86091,1,0.00327,0.00366
6.7720,-0.01663,-0.02302,0.00229,0.00248,-0.00369,-0.00412,-0.00337,-0.00000,-0.00000,0.00146,-0.00156,0.00146,-0.00125,-0.27020,0.86093,1,0.00327,0.00366
6.7740,-0.01663,-0.02302,0.00228,0.00247,-0.00369,-0.00420,-0.00337,-0.00000,-0.00000,0.00142,-0.00160,0.00142,-0.00134,-0.27017,0.86091,1,0.00327,0.00366
6.7760,-0.01663,-0.02302,0.00227,0.00246,-0.00370,-0.00417,-0.00337,-0.00000,-0.00000,0.00138,-0.00165,0.00138,-0.00155,-0.27016,0.86092,1,0.00327,0.00366
6.7780,-0.01663,-0.02302,0.00226,0.00246,-0.00370,-0.00403,-0.00337,-0.00000,-0.00000,0.00134,-0.00170,0.00134,-0.00170,-0.27012,0.86094,1,0.00327,0.00366
6.7800,-0.01663,-0.02302,0.00226,0.00245,-0.00371,-0.00395,-0.00337,-0.00000,-0.00000,0.00130,-0.00174,0.00130,-0.00174,-0.27014,0.86095,1,0.00327,0.00366
6.7821,-0.01555,-0.02203,0.00213,0.00250,-0.00391,-0.00372,-0.00574,-0.00000,-0.00000,0.00104,-0.00122,0.00114,-0.00166,-0.27019,0.86092,1,0.00216,0.00272
6.7840,-0.01555,-0.02203,0.00213,0.00249,-0.00380,-0.00383,-0.00574,-0.00000,-0.00000,0.00100,-0.00127,0.00100,-0.00145,-0.27017,0.86089,1,0.00216,0.00272
6.7860,-0.01555,-0.02203,0.00212,0.00248,-0.00372,-0.00405,-0.00574,-0.00000,-0.00000,0.00096,-0.00131,0.00096,-0.00131,-0.27014,0.86088,1,0.00216,0.00272
6.7880,-0.01555,-0.02203,0.00211,0.00247,-0.00372,-0.00421,-0.00574,-0.00000,-0.00000,0.00092,-0.00136,0.00092,-0.00130,-0.27012,0.86089,1,0.00216,0.00272
6.7901,-0.01555,-0.02203,0.00210,0.00246,-0.00373,-0.00426,-0.00574,-0.00000,-0.00000,0.00088,-0.00140,0.00088,-0.00140,-0.27017,0.86083,1,0.00216,0.00272
6.7921,-0.01555,-0.02203,0.00210,0.00246,-0.00373,-0.00421,-0.00574,-0.00000,-0.00000,0.00084,-0.00145,0.00084,-0.00145,-0.27014,0.86089,1,0.00216,0.00272
6.7941,-0.01555,-0.02203,0.00209,0.00245,-0.00373,-0.00421,-0.00574,-0.00000,-0.00000,0.00080,-0.00150,0.00080,-0.00150,-0.27019,0.86087,1,0.00216,0.00272
6.7961,-0.01555,-0.02203,0.00208,0.00244,-0.00373,-0.00422,-0.00574,-0.00000,-0.00000,0.00076,-0.00154,0.00076,-0.00154,-0.27014,0.86086,1,0.00216,0.00272
6.7981,-0.01555,-0.02203,0.00207,0.00243,-0.00373,-0.00422,-0.00574,-0.00000,-0.00000,0.00072,-0.00159,0.00072,-0.00159,-0.27012,0.86090,1,0.00216,0.00272
6.8001,-0.01555,-0.02203,0.00207,0.00242,-0.00373,-0.00422,-0.00574,-0.00000,-0.00000,0.00068,-0.00163,0.00068,-0.00163,-0.27015,0.86087,1,0.00216,0.00272
6.8021,-0.01555,-0.02203,0.00206,0.00241,-0.00373,-0.00422,-0.00574,-0.00000,-0.00000,0.00064,-0.00168,0.00064,-0.00168,-0.27015,0.86087,1,0.00216,0.00272
6.8041,-0.01555,-0.02203,0.00205,0.00241,-0.00373,-0.00422,-0.00574,-0.00000,-0.00000,0.00060,-0.00173,0.00060,-0.00173,-0.27014,0.86088,1,0.00216,0.00272
6.8061,-0.01555,-0.02203,0.00204,0.00240,-0.00373,-0.00422,-0.00574,-0.00000,-0.00000,0.00056,-0.00177,0.00056,-0.00177,-0.27018,0.86085,1,0.00216,0.00272
6.8081,-0.01555,-0.02203,0.00204,0.00239,-0.00373,-0.00422,-0.00574,-0.00000,-0.00000,0.00052,-0.00182,0.00052,-0.00182,-0.27016,0.86083,1,0.00216,0.00272
6.8101,-0.01555,-0.02203,0.00203,0.00238,-0.00373,-0.00422,-0.00574,-0.00000,-0.00000,0.00048,-0.00187,0.00048,-0.00187,-0.27015,0.86086,1,0.00216,0.00272
6.8121,-0.01555,-0.02203,0.00202,0.00237,-0.00373,-0.00422,-0.00574,-0.00000,-0.00000,0.00044,-0.00191,0.00044,-0.00191,-0.27017,0.86085,1,0.00216,0.00272
6.8141,-0.01555,-0.02203,0.00201,0.00236,-0.00373,-0.00422,-0.00574,-0.00000,-0.00000,0.00040,-0.00196,0.00040,-0.00196,-0.27023,0.86081,1,0.00216,0.00272
6.8161,-0.01555,-0.02203,0.00201,0.00235,-0.00373,-0.00422,-0.00574,-0.00000,-0.00000,0.00036,-0.00201,0.00036,-0.00201,-0.27019,0.86083,1,0.00216,0.00272
6.8182,-0.01555,-0.02203,0.00200,0.00235,-0.00373,-0.00422,-0.00574,-0.00000,-0.00000,0.00032,-0.00205,0.00032,-0.00205,-0.27017,0.86085,1,0.00216,0.00272
6.8202,-0.01555,-0.02203,0.00199,0.00234,-0.00373,-0.00422,-0.00574,-0.00000,-0.00000,0.00028,-0.00210,0.00028,-0.00210,-0.27016,0.86082,1,0.00216,0.00272
6.8222,-0.01555,-0.02203,0.00198,0.00233,-0.00373,-0.00422,-0.00574,-0.00000,-0.00000,0.00024,-0.00215,0.00024,-0.00215,-0.27015,0.86081,1,0.00216,0.00272
6.8242,-0.01555,-0.02203,0.00198,0.00232,-0.00373,-0.00422,-0.00574,-0.00000,-0.00000,0.00020,-0.00219,0.00020,-0.00219,-0.27011,0.86083,1,0.00216,0.00272
6.8262,-0.01555,-0.02203,0.00197,0.00231,-0.00372,-0.00422,-0.00574,-0.00000,-0.00000,0.00017,-0.00224,0.00017,-0.00224,-0.27016,0.86080,1,0.00216,0.00272
6.8282,-0.01555,-0.02203,0.00196,0.00230,-0.00372,-0.00421,-0.00574,-0.00000,-0.00000,0.00013,-0.00229,0.00013,-0.00229,-0.27019,0.86082,1,0.00216,0.00272
6.8302,-0.01555,-0.02203,0.00195,0.00230,-0.00372,-0.00421,-0.00574,-0.00000,-0.00000,0.00009,-0.00233,0.00009,-0.00233,-0.27017,0.86081,1,0.00216,0.00272
6.8322,-0.01555,-0.02203,0.00195,0.00229,-0.00372,-0.00421,-0.00574,-0.00000,-0.00000,0.00005,-0.00238,0.00005,-0.00238,-0.27016,0.86084,1,0.00216,0.00272
6.8342,-0.01555,-0.02203,0.00194,0.00228,-0.00372,-0.00421,-0.00574,-0.00000,-0.00000,0.00001,-0.00243,0.00001,-0.00243,-0.27019,0.86078,1,0.00216,0.00272
6.8362,-0.01555,-0.02203,0.00193,0.00227,-0.00372,-0.00421,-0.00574,-0.00000,-0.00000,-0.00003,-0.00247,-0.00003,-0.00247,-0.27018,0.86077,1,0.00216,0.00272
6.8382,-0.01555,-0.02203,0.00192,0.00226,-0.00371,-0.00421,-0.00574,-0.00000,-0.00000,-0.00007,-0.00252,-0.00007,-0.00252,-0.27017,0.86078,1,0.00216,0.00272
6.8403,-0.01555,-0.02203,0.00192,0.00225,-0.00371,-0.00420,-0.00574,-0.00000,-0.00000,-0.00011,-0.00256,-0.00011,-0.00256,-0.27014,0.86080,1,0.00216,0.00272
6.8423,-0.01555,-0.02203,0.00191,0.00225,-0.00371,-0.00420,-0.00574,-0.00000,-0.00000,-0.00015,-0.00261,-0.00015,-0.00261,-0.27021,0.86075,1,0.00216,0.00272
6.8443,-0.01555,-0.02203,0.00190,0.00224,-0.00371,-0.00420,-0.00574,-0.00000,-0.00000,-0.00019,-0.00266,-0.00019,-0.00266,-0.27017,0.86077,1,0.00216,0.00272
6.8463,-0.01555,-0.02203,0.00189,0.00223,-0.00371,-0.00420,-0.00574,-0.00000,-0.00000,-0.00023,-0.00270,-0.00023,-0.00270,-0.27017,0.86079,1,0.00216,0.00272
6.8483,-0.01625,-0.02254,0.00226,0.00262,-0.00241,-0.00283,-0.00490,-0.00000,-0.00000,0.00130,-0.00101,-0.00014,-0.00262,-0.27016,0.86074,1,0.00276,0.00315
6.8503,-0.01625,-0.02254,0.00226,0.00261,-0.00253,-0.00294,-0.00490,-0.00000,-0.00000,0.00127,-0.00105,0.00007,-0.00241,-0.27022,0.86073,1,0.00276,0.00315
6.8523,-0.01625,-0.02254,0.00225,0.00261,-0.00275,-0.00316,-0.00490,-0.00000,-0.00000,0.00124,-0.00108,0.00042,-0.00207,-0.27021,0.86072,1,0.00276,0.00315
6.8543,-0.01625,-0.02254,0.00225,0.00260,-0.00308,-0.00350,-0.00490,-0.00000,-0.00000,0.00121,-0.00112,0.00089,-0.00161,-0.27019,0.86074,1,0.00276,0.00315
6.8563,-0.01625,-0.02254,0.00224,0.00259,-0.00352,-0.00394,-0.00490,-0.00000,-0.00000,0.00117,-0.00116,0.00123,-0.00116,-0.27019,0.86072,1,0.00276,0.00315
6.8583,-0.01625,-0.02254,0.00223,0.00259,-0.00385,-0.00436,-0.00490,-0.00000,-0.00000,0.00113,-0.00121,0.00145,-0.00085,-0.27017,0.86072,1,0.00276,0.00315
6.8603,-0.01625,-0.02254,0.00223,0.00258,-0.00408,-0.00467,-0.00490,-0.00000,-0.00000,0.00109,-0.00126,0.00154,-0.00066,-0.27018,0.86076,1,0.00276,0.00315
6.8623,-0.01625,-0.02254,0.00222,0.00257,-0.00419,-0.00488,-0.00490,-0.00000,-0.00000,0.00105,-0.00131,0.00150,-0.00060,-0.27014,0.86076,1,0.00276,0.00315
6.8643,-0.01625,-0.02254,0.00221,0.00256,-0.00419,-0.00497,-0.00490,-0.00000,-0.00000,0.00100,-0.00136,0.00133,-0.00067,-0.27010,0.86075,1,0.00276,0.00315
6.8663,-0.01625,-0.02254,0.00220,0.00255,-0.00409,-0.00496,-0.00490,-0.00000,-0.00000,0.00096,-0.00142,0.00103,-0.00086,-0.27014,0.86071,1,0.00276,0.00315
6.8684,-0.01625,-0.02254,0.00219,0.00254,-0.00387,-0.00483,-0.00490,-0.00000,-0.00000,0.00092,-0.00147,0.00087,-0.00119,-0.27015,0.86076,1,0.00276,0.00315
6.8704,-0.01625,-0.02254,0.00219,0.00253,-0.00376,-0.00460,-0.00490,-0.00000,-0.00000,0.00087,-0.00152,0.00083,-0.00152,-0.27009,0.86074,1,0.00276,0.00315
6.8724,-0.01625,-0.02254,0.00218,0.00252,-0.00377,-0.00435,-0.00490,-0.00000,-0.00000,0.00083,-0.00157,0.00083,-0.00173,-0.27009,0.86075,1,0.00276,0.00315
6.8744,-0.01625,-0.02254,0.00217,0.00251,-0.00381,-0.00422,-0.00490,-0.00000,-0.00000,0.00079,-0.00162,0.00079,-0.00181,-0.27013,0.86072,1,0.00276,0.00315
6.8764,-0.01625,-0.02254,0.00216,0.00250,-0.00381,-0.00419,-0.00490,-0.00000,-0.00000,0.00075,-0.00167,0.00075,-0.00177,-0.27017,0.86071,1,0.00276,0.00315
6.8784,-0.01625,-0.02254,0.00215,0.00249,-0.00381,-0.00427,-0.00490,-0.00000,-0.00000,0.00071,-0.00171,0.00071,-0.00171,-0.27016,0.86072,1,0.00276,0.00315
6.8804,-0.01625,-0.02254,0.00215,0.00248,-0.00381,-0.00436,-0.00490,-0.00000,-0.00000,0.00067,-0.00176,0.00067,-0.00176,-0.27014,0.86070,1,0.00276,0.00315
6.8824,-0.01625,-0.02254,0.00214,0.00248,-0.00381,-0.00436,-0.00490,-0.00000,-0.00000,0.00063,-0.00181,0.00063,-0.00181,-0.27014,0.86070,1,0.00276,0.00315
6.8844,-0.01625,-0.02254,0.00213,0.00247,-0.00381,-0.00436,-0.00490,-0.00000,-0.00000,0.00059,-0.00186,0.00059,-0.00186,-0.27015,0.86071,1,0.00276,0.00315
6.8864,-0.01625,-0.02254,0.00212,0.00246,-0.00381,-0.00436,-0.00490,-0.00000,-0.00000,0.00055,-0.00190,0.00055,-0.00190,-0.27013,0.86069,1,0.00276,0.00315
6.8884,-0.01625,-0.02254,0.00212,0.00245,-0.00381,-0.00436,-0.00490,-0.00000,-0.00000,0.00051,-0.00195,0.00051,-0.00195,-0.27011,0.86071,1,0.00276,0.00315
6.8904,-0.01625,-0.02254,0.00211,0.00244,-0.00381,-0.00436,-0.00490,-0.00000,-0.00000,0.00047,-0.00200,0.00047,-0.00200,-0.27016,0.86073,1,0.00276,0.00315
6.8925,-0.01625,-0.02254,0.00210,0.00243,-0.00382,-0.00436,-0.00490,-0.00000,-0.00000,0.00042,-0.00205,0.00042,-0.00205,-0.27011,0.86071,1,0.00276,0.00315
6.8945,-0.01625,-0.02254,0.00209,0.00242,-0.00382,-0.00436,-0.00490,-0.00000,-0.00000,0.00038,-0.00210,0.00038,-0.00210,-0.27009,0.86075,1,0.00276,0.00315
6.8965,-0.01625,-0.02254,0.00209,0.00241,-0.00382,-0.00436,-0.00490,-0.00000,-0.00000,0.00034,-0.00214,0.00034,-0.00214,-0.27013,0.86069,1,0.00276,0.00315
6.8985,-0.01625,-0.02254,0.00208,0.00241,-0.00382,-0.00436,-0.00490,-0.00000,-0.00000,0.00030,-0.00219,0.00030,-0.00219,-0.27017,0.86068,1,0.00276,0.00315
6.9005,-0.01625,-0.02254,0.00207,0.00240,-0.00381,-0.00436,-0.00490,-0.00000,-0.00000,0.00026,-0.00224,0.00026,-0.00224,-0.27015,0.86067,1,0.00276,0.00315
6.9025,-0.01625,-0.02254,0.00206,0.00239,-0.00381,-0.00436,-0.00490,-0.00000,-0.00000,0.00022,-0.00229,0.00022,-0.00229,-0.27014,0.86069,1,0.00276,0.00315
6.9045,-0.01625,-0.02254,0.00206,0.00238,-0.00381,-0.00435,-0.00490,-0.00000,-0.00000,0.00018,-0.00234,0.00018,-0.00234,-0.27016,0.86068,1,0.00276,0.00315
6.9065,-0.01625,-0.02254,0.00205,0.00237,-0.00381,-0.00435,-0.00490,-0.00000,-0.00000,0.00014,-0.00238,0.00014,-0.00238,-0.27017,0.86068,1,0.00276,0.00315
6.9085,-0.01625,-0.02254,0.00204,0.00236,-0.00381,-0.00435,-0.00490,-0.00000,-0.00000,0.00010,-0.00243,0.00010,-0.00243,-0.27007,0.86070,1,0.00276,0.00315
6.9105,-0.01625,-0.02254,0.00203,0.00235,-0.00381,-0.00435,-0.00490,-0.00000,-0.00000,0.00006,-0.00248,0.00006,-0.00248,-0.27015,0.86068,1,0.00276,0.00315
6.9125,-0.01521,-0.02087,0.00199,0.00220,-0.00395,-0.00464,-0.01237,-0.00000,-0.00000,0.00014,-0.00271,0.00014,-0.00266,-0.27009,0.86066,1,0.00210,0.00222
6.9145,-0.01521,-0.02087,0.00198,0.00219,-0.00405,-0.00452,-0.01237,-0.00000,-0.00000,0.00010,-0.00276,0.00010,-0.00276,-0.27008,0.86066,1,0.00210,0.00222
6.9165,-0.01521,-0.02087,0.00197,0.00218,-0.00405,-0.00447,-0.01237,-0.00000,-0.00000,0.00006,-0.00281,0.00006,-0.00281,-0.27012,0.86062,1,0.00210,0.00222
6.9185,-0.01521,-0.02087,0.00196,0.00217,-0.00405,-0.00446,-0.01237,-0.00000,-0.00000,0.00001,-0.00286,0.00001,-0.00286,-0.27015,0.86067,1,0.00210,0.00222
6.9205,-0.01521,-0.02087,0.00195,0.00216,-0.00404,-0.00446,-0.01237,-0.00000,-0.00000,-0.00003,-0.00291,-0.00003,-0.00291,-0.27015,0.86062,1,0.00210,0.00222
6.9225,-0.01521,-0.02087,0.00195,0.00215,-0.00404,-0.00445,-0.01237,-0.00000,-0.00000,-0.00007,-0.00295,-0.00007,-0.00295,-0.27010,0.86066,1,0.00210,0.00222
6.9245,-0.01521,-0.02087,0.00194,0.00215,-0.00403,-0.00445,-0.01237,-0.00000,-0.00000,-0.00012,-0.00300,-0.00012,-0.00300,-0.27012,0.86064,1,0.00210,0.00222
6.9265,-0.01521,-0.02087,0.00193,0.00214,-0.00403,-0.00444,-0.01237,-0.00000,-0.00000,-0.00016,-0.00305,-0.00016,-0.00305,-0.27014,0.86060,1,0.00210,0.00222
6.9285,-0.01521,-0.02087,0.00192,0.00213,-0.00402,-0.00444,-0.01237,-0.00000,-0.00000,-0.00020,-0.00310,-0.00020,-0.00310,-0.27014,0.86063,1,0.00210,0.00222
6.9305,-0.01521,-0.02087,0.00191,0.00212,-0.00402,-0.00443,-0.01237,-0.00000,-0.00000,-0.00024,-0.00315,-0.00024,-0.00315,-0.27014,0.86062,1,0.00210,0.00222
6.9326,-0.01521,-0.02087,0.00190,0.00211,-0.00402,-0.00443,-0.01237,-0.00000,-0.00000,-0.00029,-0.00320,-0.00029,-0.00320,-0.27013,0.86064,1,0.00210,0.00222
6.9346,-0.01521,-0.02087,0.00190,0.00210,-0.00401,-0.00442,-0.01237,-0.00000,-0.00000,-0.00033,-0.00324,-0.00033,-0.00324,-0.27013,0.86061,1,0.00210,0.00222
6.9366,-0.01521,-0.02087,0.00189,0.00209,-0.00401,-0.00441,-0.01237,-0.00000,-0.00000,-0.00037,-0.00329,-0.00037,-0.00329,-0.27016,0.86058,1,0.00210,0.00222
6.9386,-0.01521,-0.02087,0.00188,0.00208,-0.00400,-0.00441,-0.01237,-0.00000,-0.00000,-0.00041,-0.00334,-0.00041,-0.00334,-0.27015,0.86061,1,0.00210,0.00222
6.9406,-0.01521,-0.02087,0.00187,0.00208,-0.00400,-0.00440,-0.01237,-0.00000,-0.00000,-0.00046,-0.00339,-0.00046,-0.00339,-0.27016,0.86057,1,0.00210,0.00222
6.9426,-0.01521,-0.02087,0.00186,0.00207,-0.00399,-0.00439,-0.01237,-0.00000,-0.00000,-0.00050,-0.00344,-0.00050,-0.00344,-0.27012,0.86059,1,0.00210,0.00222
6.9446,-0.01521,-0.02087,0.00186,0.00206,-0.00399,-0.00439,-0.01237,-0.00000,-0.00000,-0.00054,-0.00348,-0.00054,-0.00348,-0.27016,0.86060,1,0.00210,0.00222
6.9466,-0.01521,-0.02087,0.00185,0.00205,-0.00398,-0.00438,-0.01237,-0.00000,-0.00000,-0.00058,-0.00353,-0.00058,-0.00353,-0.27015,0.86057,1,0.00210,0.00222
6.9486,-0.01521,-0.02087,0.00184,0.00204,-0.00398,-0.00438,-0.01237,-0.00000,-0.00000,-0.00063,-0.00358,-0.00063,-0.00358,-0.27012,0.86051,1,0.00210,0.00222
6.9506,-0.01521,-0.02087,0.00183,0.00203,-0.00397,-0.00437,-0.01237,-0.00000,-0.00000,-0.00067,-0.00363,-0.00067,-0.00363,-0.27011,0.86059,1,0.00210,0.00222
6.9526,-0.01521,-0.02087,0.00183,0.00202,-0.00397,-0.00436,-0.01237,-0.00000,-0.00000,-0.00071,-0.00367,-0.00071,-0.00367,-0.27012,0.86053,1,0.00210,0.00222
6.9546,-0.01521,-0.02087,0.00182,0.00201,-0.00396,-0.00435,-0.01237,-0.00000,-0.00000,-0.00075,-0.00372,-0.00075,-0.00372,-0.27016,0.86051,1,0.00210,0.00222
6.9566,-0.01521,-0.02087,0.00181,0.00201,-0.00395,-0.00435,-0.01237,-0.00000,-0.00000,-0.00079,-0.00377,-0.00079,-0.00377,-0.27012,0.86054,1,0.00210,0.00222
6.9586,-0.01521,-0.02087,0.00180,0.00200,-0.00395,-0.00434,-0.01237,-0.00000,-0.00000,-0.00084,-0.00382,-0.00084,-0.00382,-0.27018,0.86047,1,0.00210,0.00222
6.9606,-0.01521,-0.02087,0.00179,0.00199,-0.00394,-0.00433,-0.01237,-0.00000,-0.00000,-0.00088,-0.00386,-0.00088,-0.00386,-0.27011,0.86051,1,0.00210,0.00222
6.9626,-0.01521,-0.02087,0.00179,0.00198,-0.00394,-0.00433,-0.01237,-0.00000,-0.00000,-0.00092,-0.00391,-0.00092,-0.00391,-0.27014,0.86050,1,0.00210,0.00222
6.9646,-0.01521,-0.02087,0.00178,0.00197,-0.00393,-0.00432,-0.01237,-0.00000,-0.00000,-0.00096,-0.00396,-0.00096,-0.00396,-0.27020,0.86049,1,0.00210,0.00222
6.9666,-0.01521,-0.02087,0.00177,0.00196,-0.00393,-0.00431,-0.01237,-0.00000,-0.00000,-0.00100,-0.00400,-0.00100,-0.00400,-0.27013,0.86048,1,0.00210,0.00222
6.9686,-0.01521,-0.02087,0.00176,0.00195,-0.00392,-0.00430,-0.01237,-0.00000,-0.00000,-0.00104,-0.00405,-0.00104,-0.00405,-0.27012,0.86051,1,0.00210,0.00222
6.9706,-0.01521,-0.02087,0.00175,0.00194,-0.00391,-0.00430,-0.01237,-0.00000,-0.00000,-0.00109,-0.00410,-0.00109,-0.00410,-0.27015,0.86050,1,0.00210,0.00222
6.9726,-0.01521,-0.02087,0.00175,0.00194,-0.00391,-0.00429,-0.01237,-0.00000,-0.00000,-0.00113,-0.00415,-0.00113,-0.00415,-0.27012,0.86047,1,0.00210,0.00222
6.9746,-0.01521,-0.02087,0.00174,0.00193,-0.00390,-0.00428,-0.01237,-0.00000,-0.00000,-0.00117,-0.00419,-0.00117,-0.00419,-0.27012,0.86044,1,0.00210,0.00222
6.9766,-0.01521,-0.02087,0.00173,0.00192,-0.00389,-0.00427,-0.01237,-0.00000,-0.00000,-0.00121,-0.00424,-0.00121,-0.00424,-0.27014,0.86044,1,0.00210,0.00222
6.9786,-0.01521,-0.02087,0.00172,0.00191,-0.00389,-0.00427,-0.01237,-0.00000,-0.00000,-0.00125,-0.00429,-0.00125,-0.00429,-0.27014,0.86045,1,0.00210,0.00222
6.9806,-0.01521,-0.02087,0.00172,0.00190,-0.00388,-0.00426,-0.01237,-0.00000,-0.00000,-0.00129,-0.00433,-0.00129,-0.00433,-0.27016,0.86045,1,0.00210,0.00222
6.9826,-0.01579,-0.02264,0.00188,0.00265,-0.00330,-0.00166,-0.00731,-0.00000,-0.00000,-0.00071,-0.00131,-0.00121,-0.00425,-0.27012,0.86046,1,0.00219,0.00352
6.9846,-0.01579,-0.02264,0.00187,0.00265,-0.00341,-0.00178,-0.00731,-0.00000,-0.00000,-0.00075,-0.00133,-0.00099,-0.00404,-0.27012,0.86045,1,0.00219,0.00352
6.9866,-0.01579,-0.02264,0.00186,0.00265,-0.00362,-0.00200,-0.00731,-0.00000,-0.00000,-0.00079,-0.00136,-0.00079,-0.00370,-0.27015,0.86040,1,0.00219,0.00352
6.9886,-0.01579,-0.02264,0.00185,0.00264,-0.00383,-0.00233,-0.00731,-0.00000,-0.00000,-0.00083,-0.00138,-0.00071,-0.00324,-0.27014,0.86040,1,0.00219,0.00352
6.9906,-0.01579,-0.02264,0.00185,0.00264,-0.00392,-0.00278,-0.00731,-0.00000,-0.00000,-0.00087,-0.00142,-0.00077,-0.00264,-0.27014,0.86039,1,0.00219,0.00352
6.9926,-0.01579,-0.02264,0.00184,0.00263,-0.00391,-0.00333,-0.00731,-0.00000,-0.00000,-0.00091,-0.00145,-0.00091,-0.00192,-0.27016,0.86039,1,0.00219,0.00352
6.9946,-0.01579,-0.02264,0.00183,0.00262,-0.00382,-0.00399,-0.00731,-0.00000,-0.00000,-0.00095,-0.00149,-0.00095,-0.00133,-0.27011,0.86042,1,0.00219,0.00352
6.9966,-0.01579,-0.02264,0.00182,0.00262,-0.00381,-0.00454,-0.00731,-0.00000,-0.00000,-0.00099,-0.00154,-0.00099,-0.00086,-0.27013,0.86034,1,0.00219,0.00352
6.9986,-0.01579,-0.02264,0.00182,0.00261,-0.00381,-0.00498,-0.00731,-0.00000,-0.00000,-0.00103,-0.00159,-0.00103,-0.00053,-0.27010,0.86037,1,0.00219,0.00352
7.0006,-0.01579,-0.02264,0.00181,0.00260,-0.00380,-0.00531,-0.00731,-0.00000,-0.00000,-0.00107,-0.00165,-0.00107,-0.00032,-0.27011,0.86039,1,0.00219,0.00352
7.0026,-0.01579,-0.02264,0.00180,0.00259,-0.00380,-0.00553,-0.00731,-0.00000,-0.00000,-0.00112,-0.00170,-0.00112,-0.00024,-0.27016,0.86042,1,0.00219,0.00352
7.0046,-0.01579,-0.02264,0.00179,0.00257,-0.00379,-0.00565,-0.00731,-0.00000,-0.00000,-0.00116,-0.00176,-0.00116,-0.00028,-0.27012,0.86044,1,0.00219,0.00352
7.0066,-0.01579,-0.02264,0.00179,0.00256,-0.00379,-0.00565,-0.00731,-0.00000,-0.00000,-0.00120,-0.00182,-0.00120,-0.00046,-0.27014,0.86041,1,0.00219,0.00352
7.0086,-0.01579,-0.02264,0.00178,0.00255,-0.00378,-0.00554,-0.00731,-0.00000,-0.00000,-0.00124,-0.00188,-0.00124,-0.00076,-0.27015,0.86042,1,0.00219,0.00352
7.0106,-0.01579,-0.02264,0.00177,0.00254,-0.00378,-0.00533,-0.00731,-0.00000,-0.00000,-0.00128,-0.00194,-0.00128,-0.00119,-0.27014,0.86041,1,0.00219,0.00352
7.0126,-0.01579,-0.02264,0.00176,0.00253,-0.00377,-0.00500,-0.00731,-0.00000,-0.00000,-0.00132,-0.00200,-0.00132,-0.00175,-0.27014,0.86039,1,0.00219,0.00352
7.0146,-0.01579,-0.02264,0.00176,0.00252,-0.00377,-0.00457,-0.00731,-0.00000,-0.00000,-0.00136,-0.00205,-0.00136,-0.00218,-0.27017,0.86040,1,0.00219,0.00352
7.0166,-0.01579,-0.02264,0.00175,0.00251,-0.00376,-0.00424,-0.00731,-0.00000,-0.00000,-0.00140,-0.00210,-0.00140,-0.00248,-0.27021,0.86040,1,0.00219,0.00352
7.0186,-0.01579,-0.02264,0.00174,0.00250,-0.00376,-0.00402,-0.00731,-0.00000,-0.00000,-0.00144,-0.00214,-0.00144,-0.00266,-0.27015,0.86039,1,0.00219,0.00352
7.0206,-0.01579,-0.02264,0.00173,0.00250,-0.00375,-0.00392,-0.00731,-0.00000,-0.00000,-0.00148,-0.00219,-0.00148,-0.00270,-0.27018,0.86036,1,0.00219,0.00352
7.0226,-0.01579,-0.02264,0.00173,0.00249,-0.00375,-0.00392,-0.00731,-0.00000,-0.00000,-0.00152,-0.00223,-0.00152,-0.00262,-0.27019,0.86035,1,0.00219,0.00352
7.0246,-0.01579,-0.02264,0.00172,0.00248,-0.00374,-0.00403,-0.00731,-0.00000,-0.00000,-0.00156,-0.00228,-0.00156,-0.00241,-0.27016,0.86035,1,0.00219,0.00352
7.0266,-0.01579,-0.02264,0.00171,0.00247,-0.00373,-0.00425,-0.00731,-0.00000,-0.00000,-0.00160,-0.00232,-0.00160,-0.00232,-0.27021,0.86034,1,0.00219,0.00352
7.0286,-0.01579,-0.02264,0.00170,0.00246,-0.00373,-0.00437,-0.00731,-0.00000,-0.00000,-0.00164,-0.00237,-0.00164,-0.00236,-0.27021,0.86035,1,0.00219,0.00352
7.0306,-0.01579,-0.02264,0.00170,0.00245,-0.00372,-0.00438,-0.00731,-0.00000,-0.00000,-0.00168,-0.00242,-0.00168,-0.00242,-0.27014,0.86037,1,0.00219,0.00352
7.0326,-0.01579,-0.02264,0.00169,0.00245,-0.00372,-0.00437,-0.00731,-0.00000,-0.00000,-0.00172,-0.00247,-0.00172,-0.00247,-0.27018,0.86035,1,0.00219,0.00352
7.0346,-0.01579,-0.02264,0.00168,0.00244,-0.00371,-0.00437,-0.00731,-0.00000,-0.00000,-0.00176,-0.00251,-0.00176,-0.00251,-0.27023,0.86033,1,0.00219,0.00352
7.0366,-0.01579,-0.02264,0.00167,0.00243,-0.00370,-0.00437,-0.00731,-0.00000,-0.00000,-0.00180,-0.00256,-0.00180,-0.00256,-0.27016,0.86039,1,0.00219,0.00352
7.0386,-0.01579,-0.02264,0.00167,0.00242,-0.00370,-0.00437,-0.00731,-0.00000,-0.00000,-0.00184,-0.00261,-0.00184,-0.00261,-0.27024,0.86037,1,0.00219,0.00352
7.0406,-0.01579,-0.02264,0.00166,0.00241,-0.00369,-0.00437,-0.00731,-0.00000,-0.00000,-0.00188,-0.00266,-0.00188,-0.00266,-0.27018,0.86038,1,0.00219,0.00352
7.0427,-0.01579,-0.02264,0.00165,0.00240,-0.00369,-0.00437,-0.00731,-0.00000,-0.00000,-0.00192,-0.00271,-0.00192,-0.00271,-0.27022,0.86031,1,0.00219,0.00352
7.0447,-0.01579,-0.02264,0.00164,0.00239,-0.00368,-0.00436,-0.00731,-0.00000,-0.00000,-0.00196,-0.00276,-0.00196,-0.00276,-0.27021,0.86033,1,0.00219,0.00352
7.0467,-0.01579,-0.02264,0.00164,0.00238,-0.00367,-0.00436,-0.00731,-0.00000,-0.00000,-0.00200,-0.00280,-0.00200,-0.00280,-0.27024,0.86033,1,0.00219,0.00352
7.0487,-0.01579,-0.02264,0.00163,0.00238,-0.00367,-0.00436,-0.00731,-0.00000,-0.00000,-0.00204,-0.00285,-0.00204,-0.00285,-0.27023,0.86029,1,0.00219,0.00352
7.0508,-0.01529,-0.01921,0.00177,0.00284,-0.00314,-0.00255,-0.01991,-0.00000,-0.00000,-0.00121,0.00038,-0.00195,-0.00277,-0.27024,0.86036,1,0.00206,0.00342
7.0528,-0.01529,-0.01921,0.00177,0.00284,-0.00325,-0.00266,-0.01991,-0.00000,-0.00000,-0.00125,0.00035,-0.00173,-0.00256,-0.27025,0.86031,1,0.00206,0.00342
7.0548,-0.01529,-0.01921,0.00176,0.00283,-0.00346,-0.00289,-0.01991,-0.00000,-0.00000,-0.00128,0.00032,-0.00139,-0.00223,-0.27026,0.86032,1,0.00206,0.00342
7.0568,-0.01529,-0.01921,0.00175,0.00283,-0.00379,-0.00322,-0.01991,-0.00000,-0.00000,-0.00132,0.00028,-0.00117,-0.00176,-0.27025,0.86031,1,0.00206,0.00342
7.0588,-0.01529,-0.01921,0.00174,0.00282,-0.00400,-0.00367,-0.01991,-0.00000,-0.00000,-0.00136,0.00024,-0.00108,-0.00117,-0.27026,0.86033,1,0.00206,0.00342
7.0608,-0.01529,-0.01921,0.00174,0.00281,-0.00411,-0.00422,-0.01991,-0.00000,-0.00000,-0.00140,0.00020,-0.00112,-0.00045,-0.27020,0.86032,1,0.00206,0.00342
7.0628,-0.01529,-0.01921,0.00173,0.00280,-0.00410,-0.00488,-0.01991,-0.00000,-0.00000,-0.00145,0.00015,-0.00129,0.00015,-0.27021,0.86031,1,0.00206,0.00342
7.0648,-0.01529,-0.01921,0.00172,0.00279,-0.00399,-0.00544,-0.01991,-0.00000,-0.00000,-0.00149,0.00010,-0.00149,0.00062,-0.27023,0.86031,1,0.00206,0.00342
7.0668,-0.01529,-0.01921,0.00171,0.00278,-0.00384,-0.00590,-0.01991,-0.00000,-0.00000,-0.00153,0.00004,-0.00157,0.00097,-0.27025,0.86027,1,0.00206,0.00342
7.0688,-0.01529,-0.01921,0.00170,0.00277,-0.00381,-0.00624,-0.01991,-0.00000,-0.00000,-0.00157,-0.00003,-0.00157,0.00119,-0.27026,0.86029,1,0.00206,0.00342
7.0708,-0.01529,-0.01921,0.00170,0.00276,-0.00383,-0.00647,-0.01991,-0.00000,-0.00000,-0.00161,-0.00009,-0.00161,0.00128,-0.27025,0.86031,1,0.00206,0.00342
7.0728,-0.01529,-0.01921,0.00169,0.00274,-0.00382,-0.00659,-0.01991,-0.00000,-0.00000,-0.00165,-0.00016,-0.00165,0.00124,-0.27026,0.86034,1,0.00206,0.00342
7.0748,-0.01529,-0.01921,0.00168,0.00273,-0.00382,-0.00661,-0.01991,-0.00000,-0.00000,-0.00170,-0.00023,-0.00170,0.00108,-0.27021,0.86032,1,0.00206,0.00342
7.0768,-0.01529,-0.01921,0.00167,0.00272,-0.00381,-0.00651,-0.01991,-0.00000,-0.00000,-0.00174,-0.00030,-0.00174,0.00078,-0.27027,0.86037,1,0.00206,0.00342
7.0788,-0.01529,-0.01921,0.00167,0.00270,-0.00380,-0.00630,-0.01991,-0.00000,-0.00000,-0.00178,-0.00036,-0.00178,0.00036,-0.27028,0.86035,1,0.00206,0.00342
7.0808,-0.01529,-0.01921,0.00166,0.00269,-0.00380,-0.00599,-0.01991,-0.00000,-0.00000,-0.00182,-0.00043,-0.00182,-0.00019,-0.27026,0.86033,1,0.00206,0.00342
7.0828,-0.01529,-0.01921,0.00165,0.00268,-0.00379,-0.00556,-0.01991,-0.00000,-0.00000,-0.00186,-0.00049,-0.00186,-0.00061,-0.27029,0.86034,1,0.00206,0.00342
7.0848,-0.01529,-0.01921,0.00164,0.00267,-0.00378,-0.00525,-0.01991,-0.00000,-0.00000,-0.00190,-0.00054,-0.00190,-0.00090,-0.27026,0.86035,1,0.00206,0.00342
7.0868,-0.01529,-0.01921,0.00164,0.00266,-0.00378,-0.00504,-0.01991,-0.00000,-0.00000,-0.00194,-0.00060,-0.00194,-0.00107,-0.27028,0.86035,1,0.00206,0.00342
7.0888,-0.01529,-0.01921,0.00163,0.00265,-0.00377,-0.00494,-0.01991,-0.00000,-0.00000,-0.00198,-0.00065,-0.00198,-0.00111,-0.27025,0.86032,1,0.00206,0.00342
7.0908,-0.01529,-0.01921,0.00162,0.00264,-0.00376,-0.00496,-0.01991,-0.00000,-0.00000,-0.00202,-0.00070,-0.00202,-0.00102,-0.27027,0.86032,1,0.00206,0.00342
7.0928,-0.01529,-0.01921,0.00161,0.00263,-0.00375,-0.00508,-0.01991,-0.00000,-0.00000,-0.00206,-0.00076,-0.00206,-0.00080,-0.27029,0.86031,1,0.00206,0.00342
7.0948,-0.01529,-0.01921,0.00161,0.00262,-0.00375,-0.00531,-0.01991,-0.00000,-0.00000,-0.00210,-0.00081,-0.00210,-0.00071,-0.27029,0.86030,1,0.00206,0.00342
7.0968,-0.01529,-0.01921,0.00160,0.00261,-0.00374,-0.00543,-0.01991,-0.00000,-0.00000,-0.00214,-0.00087,-0.00214,-0.00075,-0.27031,0.86032,1,0.00206,0.00342
7.0988,-0.01529,-0.01921,0.00159,0.00260,-0.00373,-0.00544,-0.01991,-0.00000,-0.00000,-0.00218,-0.00092,-0.00218,-0.00091,-0.27031,0.86028,1,0.00206,0.00342
7.1008,-0.01529,-0.01921,0.00158,0.00259,-0.00372,-0.00534,-0.01991,-0.00000,-0.00000,-0.00222,-0.00098,-0.00222,-0.00098,-0.27029,0.86034,1,0.00206,0.00342
7.1028,-0.01529,-0.01921,0.00158,0.00257,-0.00372,-0.00533,-0.01991,-0.00000,-0.00000,-0.00226,-0.00104,-0.00226,-0.00104,-0.27026,0.86027,1,0.00206,0.00342
7.1048,-0.01529,-0.01921,0.00157,0.00256,-0.00371,-0.00532,-0.01991,-0.00000,-0.00000,-0.00230,-0.00109,-0.00230,-0.00109,-0.27030,0.86035,1,0.00206,0.00342
7.1068,-0.01529,-0.01921,0.00156,0.00255,-0.00370,-0.00532,-0.01991,-0.00000,-0.00000,-0.00234,-0.00115,-0.00234,-0.00115,-0.27032,0.86031,1,0.00206,0.00342
7.1088,-0.01529,-0.01921,0.00155,0.00254,-0.00369,-0.00531,-0.01991,-0.00000,-0.00000,-0.00238,-0.00121,-0.00238,-0.00121,-0.27033,0.86036,1,0.00206,0.00342
7.1109,-0.01529,-0.01921,0.00155,0.00253,-0.00368,-0.00531,-0.01991,-0.00000,-0.00000,-0.00242,-0.00126,-0.00242,-0.00126,-0.27029,0.86034,1,0.00206,0.00342
7.1129,-0.01526,-0.01893,0.00160,0.00271,-0.00350,-0.00486,-0.02798,-0.00000,-0.00000,-0.00217,-0.00036,-0.00233,-0.00119,-0.27029,0.86032,0,0.00181,0.00314
7.1149,-0.01526,-0.01893,0.00159,0.00270,-0.00360,-0.00497,-0.02798,-0.00000,-0.00000,-0.00221,-0.00041,-0.00221,-0.00099,-0.27032,0.86028,0,0.00181,0.00314
7.1169,-0.01526,-0.01893,0.00158,0.00269,-0.00373,-0.00519,-0.02798,-0.00000,-0.00000,-0.00225,-0.00047,-0.00222,-0.00066,-0.27033,0.86028,0,0.00181,0.00314
7.1189,-0.01526,-0.01893,0.00158,0.00268,-0.00375,-0.00551,-0.02798,-0.00000,-0.00000,-0.00229,-0.00052,-0.00229,-0.00046,-0.27034,0.86028,0,0.00181,0.00314
7.1209,-0.01526,-0.01893,0.00157,0.00266,-0.00372,-0.00573,-0.02798,-0.00000,-0.00000,-0.00233,-0.00058,-0.00233,-0.00039,-0.27028,0.86036,0,0.00181,0.00314
7.1229,-0.01526,-0.01893,0.00156,0.00265,-0.00371,-0.00583,-0.02798,-0.00000,-0.00000,-0.00237,-0.00064,-0.00237,-0.00045,-0.27029,0.86029,0,0.00181,0.00314
7.1249,-0.01526,-0.01893,0.00155,0.00264,-0.00370,-0.00583,-0.02798,-0.00000,-0.00000,-0.00241,-0.00070,-0.00241,-0.00063,-0.27031,0.86029,0,0.00181,0.00314
7.1269,-0.01526,-0.01893,0.00155,0.00263,-0.00369,-0.00572,-0.02798,-0.00000,-0.00000,-0.00245,-0.00076,-0.00245,-0.00076,-0.27031,0.86027,0,0.00181,0.00314
7.1289,-0.01526,-0.01893,0.00154,0.00262,-0.00369,-0.00565,-0.02798,-0.00000,-0.00000,-0.00249,-0.00082,-0.00249,-0.00082,-0.27032,0.86028,0,0.00181,0.00314
7.1310,-0.01526,-0.01893,0.00153,0.00261,-0.00368,-0.00564,-0.02798,-0.00000,-0.00000,-0.00253,-0.00088,-0.00253,-0.00088,-0.27033,0.86028,0,0.00181,0.00314
7.1330,-0.01526,-0.01893,0.00152,0.00260,-0.00367,-0.00563,-0.02798,-0.00000,-0.00000,-0.00257,-0.00094,-0.00257,-0.00094,-0.27037,0.86026,0,0.00181,0.00314
7.1350,-0.01526,-0.01893,0.00152,0.00259,-0.00366,-0.00563,-0.02798,-0.00000,-0.00000,-0.00261,-0.00100,-0.00261,-0.00100,-0.27035,0.86030,0,0.00181,0.00314
7.1370,-0.01526,-0.01893,0.00151,0.00257,-0.00365,-0.00562,-0.02798,-0.00000,-0.00000,-0.00264,-0.00106,-0.00264,-0.00106,-0.27035,0.86027,0,0.00181,0.00314
7.1390,-0.01526,-0.01893,0.00150,0.00256,-0.00364,-0.00561,-0.02798,-0.00000,-0.00000,-0.00268,-0.00112,-0.00268,-0.00112,-0.27040,0.86022,0,0.00181,0.00314
7.1410,-0.01526,-0.01893,0.00149,0.00255,-0.00364,-0.00560,-0.02798,-0.00000,-0.00000,-0.00272,-0.00117,-0.00272,-0.00117,-0.27042,0.86025,0,0.00181,0.00314
7.1430,-0.01526,-0.01893,0.00149,0.00254,-0.00363,-0.00560,-0.02798,-0.00000,-0.00000,-0.00276,-0.00123,-0.00276,-0.00123,-0.27042,0.86026,0,0.00181,0.00314
7.1450,-0.01526,-0.01893,0.00148,0.00253,-0.00362,-0.00559,-0.02798,-0.00000,-0.00000,-0.00280,-0.00129,-0.00280,-0.00129,-0.27040,0.86022,0,0.00181,0.00314
7.1470,-0.01526,-0.01893,0.00147,0.00252,-0.00361,-0.00558,-0.02798,-0.00000,-0.00000,-0.00284,-0.00135,-0.00284,-0.00135,-0.27042,0.86023,0,0.00181,0.00314
7.1490,-0.01526,-0.01893,0.00147,0.00251,-0.00360,-0.00557,-0.02798,-0.00000,-0.00000,-0.00288,-0.00141,-0.00288,-0.00141,-0.27038,0.86026,0,0.00181,0.00314
7.1510,-0.01526,-0.01893,0.00146,0.00250,-0.00359,-0.00557,-0.02798,-0.00000,-0.00000,-0.00292,-0.00147,-0.00292,-0.00147,-0.27042,0.86021,0,0.00181,0.00314
7.1530,-0.01526,-0.01893,0.00145,0.00248,-0.00358,-0.00556,-0.02798,-0.00000,-0.00000,-0.00296,-0.00153,-0.00296,-0.00153,-0.27038,0.86028,0,0.00181,0.00314
7.1551,-0.01526,-0.01893,0.00144,0.00247,-0.00358,-0.00555,-0.02798,-0.00000,-0.00000,-0.00299,-0.00158,-0.00299,-0.00158,-0.27039,0.86023,0,0.00181,0.00314
7.1571,-0.01526,-0.01893,0.00144,0.00246,-0.00357,-0.00554,-0.02798,-0.00000,-0.00000,-0.00303,-0.00164,-0.00303,-0.00164,-0.27040,0.86023,0,0.00181,0.00314
7.1591,-0.01526,-0.01893,0.00143,0.00245,-0.00356,-0.00553,-0.02798,-0.00000,-0.00000,-0.00307,-0.00170,-0.00307,-0.00170,-0.27041,0.86026,0,0.00181,0.00314
7.1611,-0.01526,-0.01893,0.00142,0.00244,-0.00355,-0.00552,-0.02798,-0.00000,-0.00000,-0.00311,-0.00176,-0.00311,-0.00176,-0.27036,0.86022,0,0.00181,0.00314
7.1631,-0.01526,-0.01893,0.00142,0.00243,-0.00354,-0.00551,-0.02798,-0.00000,-0.00000,-0.00315,-0.00182,-0.00315,-0.00182,-0.27046,0.86022,0,0.00181,0.00314
7.1651,-0.01526,-0.01893,0.00141,0.00242,-0.00353,-0.00550,-0.02798,-0.00000,-0.00000,-0.00318,-0.00187,-0.00318,-0.00187,-0.27043,0.86020,0,0.00181,0.00314
7.1671,-0.01526,-0.01893,0.00140,0.00241,-0.00352,-0.00550,-0.02798,-0.00000,-0.00000,-0.00322,-0.00193,-0.00322,-0.00193,-0.27048,0.86024,0,0.00181,0.00314
7.1691,-0.01526,-0.01893,0.00139,0.00240,-0.00351,-0.00549,-0.02798,-0.00000,-0.00000,-0.00326,-0.00199,-0.00326,-0.00199,-0.27049,0.86025,0,0.00181,0.00314
7.1711,-0.01526,-0.01893,0.00139,0.00239,-0.00350,-0.00548,-0.02798,-0.00000,-0.00000,-0.00330,-0.00205,-0.00330,-0.00205,-0.27045,0.86020,0,0.00181,0.00314
7.1731,-0.01526,-0.01893,0.00138,0.00237,-0.00350,-0.00547,-0.02798,-0.00000,-0.00000,-0.00334,-0.00210,-0.00334,-0.00210,-0.27044,0.86022,0,0.00181,0.00314
7.1751,-0.01526,-0.01893,0.00137,0.00236,-0.00349,-0.00546,-0.02798,-0.00000,-0.00000,-0.00337,-0.00216,-0.00337,-0.00216,-0.27047,0.86022,0,0.00181,0.00314
7.1771,-0.01526,-0.01893,0.00137,0.00235,-0.00348,-0.00545,-0.02798,-0.00000,-0.00000,-0.00341,-0.00222,-0.00341,-0.00222,-0.27048,0.86022,0,0.00181,0.00314
7.1791,-0.01526,-0.01893,0.00136,0.00234,-0.00347,-0.00544,-0.02798,-0.00000,-0.00000,-0.00345,-0.00228,-0.00345,-0.00228,-0.27050,0.86018,0,0.00181,0.00314
7.1811,-0.01526,-0.01893,0.00135,0.00233,-0.00346,-0.00543,-0.02798,-0.00000,-0.00000,-0.00349,-0.00233,-0.00349,-0.00233,-0.27047,0.86019,0,0.00181,0.00314
7.1831,-0.01673,-0.01955,0.00165,0.00316,-0.00242,-0.00256,-0.03641,-0.00000,-0.00000,-0.00254,0.00140,-0.00339,-0.00226,-0.27051,0.86021,0,0.00206,0.00414
7.1851,-0.01673,-0.01955,0.00164,0.00316,-0.00253,-0.00268,-0.03641,-0.00000,-0.00000,-0.00257,0.00137,-0.00318,-0.00206,-0.27055,0.86021,0,0.00206,0.00414
7.1871,-0.01673,-0.01955,0.00164,0.00315,-0.00274,-0.00290,-0.03641,-0.00000,-0.00000,-0.00260,0.00134,-0.00283,-0.00174,-0.27055,0.86019,0,0.00206,0.00414
7.1891,-0.01673,-0.01955,0.00163,0.00314,-0.00307,-0.00323,-0.03641,-0.00000,-0.00000,-0.00263,0.00131,-0.00261,-0.00128,-0.27057,0.86019,0,0.00206,0.00414
7.1911,-0.01673,-0.01955,0.00162,0.00314,-0.00328,-0.00367,-0.03641,-0.00000,-0.00000,-0.00266,0.00127,-0.00252,-0.00070,-0.27051,0.86022,0,0.00206,0.00414
7.1932,-0.01673,-0.01955,0.00162,0.00313,-0.00339,-0.00422,-0.03641,-0.00000,-0.00000,-0.00270,0.00122,-0.00256,0.00001,-0.27051,0.86019,0,0.00206,0.00414
7.1952,-0.01673,-0.01955,0.00161,0.00312,-0.00338,-0.00488,-0.03641,-0.00000,-0.00000,-0.00274,0.00118,-0.00272,0.00085,-0.27054,0.86019,0,0.00206,0.00414
7.1972,-0.01673,-0.01955,0.00160,0.00311,-0.00327,-0.00565,-0.03641,-0.00000,-0.00000,-0.00277,0.00112,-0.00277,0.00156,-0.27054,0.86021,0,0.00206,0.00414
7.1992,-0.01673,-0.01955,0.00160,0.00310,-0.00325,-0.00631,-0.03641,-0.00000,-0.00000,-0.00281,0.00106,-0.00281,0.00215,-0.27057,0.86021,0,0.00206,0.00414
7.2012,-0.01673,-0.01955,0.00159,0.00308,-0.00325,-0.00686,-0.03641,-0.00000,-0.00000,-0.00285,0.00099,-0.00285,0.00260,-0.27060,0.86017,0,0.00206,0.00414
7.2032,-0.01673,-0.01955,0.00159,0.00307,-0.00324,-0.00730,-0.03641,-0.00000,-0.00000,-0.00288,0.00092,-0.00288,0.00293,-0.27054,0.86025,0,0.00206,0.00414
7.2052,-0.01673,-0.01955,0.00158,0.00306,-0.00324,-0.00763,-0.03641,-0.00000,-0.00000,-0.00292,0.00084,-0.00292,0.00313,-0.27055,0.86023,0,0.00206,0.00414
7.2072,-0.01673,-0.01955,0.00157,0.00304,-0.00323,-0.00785,-0.03641,-0.00000,-0.00000,-0.00295,0.00076,-0.00295,0.00320,-0.27052,0.86023,0,0.00206,0.00414
7.2092,-0.01673,-0.01955,0.00157,0.00302,-0.00323,-0.00796,-0.03641,-0.00000,-0.00000,-0.00299,0.00068,-0.00299,0.00314,-0.27059,0.86025,0,0.00206,0.00414
7.2112,-0.01673,-0.01955,0.00156,0.00301,-0.00322,-0.00797,-0.03641,-0.00000,-0.00000,-0.00302,0.00060,-0.00302,0.00296,-0.27059,0.86024,0,0.00206,0.00414
7.2132,-0.01673,-0.01955,0.00155,0.00299,-0.00322,-0.00786,-0.03641,-0.00000,-0.00000,-0.00306,0.00052,-0.00306,0.00264,-0.27062,0.86025,0,0.00206,0.00414
7.2152,-0.01673,-0.01955,0.00155,0.00298,-0.00322,-0.00764,-0.03641,-0.00000,-0.00000,-0.00309,0.00044,-0.00309,0.00220,-0.27058,0.86025,0,0.00206,0.00414
7.2172,-0.01673,-0.01955,0.00154,0.00296,-0.00321,-0.00731,-0.03641,-0.00000,-0.00000,-0.00313,0.00036,-0.00313,0.00163,-0.27060,0.86024,0,0.00206,0.00414
7.2192,-0.01673,-0.01955,0.00153,0.00295,-0.00321,-0.00688,-0.03641,-0.00000,-0.00000,-0.00317,0.00029,-0.00317,0.00094,-0.27059,0.86025,0,0.00206,0.00414
7.2212,-0.01673,-0.01955,0.00153,0.00293,-0.00320,-0.00633,-0.03641,-0.00000,-0.00000,-0.00320,0.00022,-0.00320,0.00022,-0.27063,0.86022,0,0.00206,0.00414
7.2232,-0.01673,-0.01955,0.00152,0.00292,-0.00320,-0.00577,-0.03641,-0.00000,-0.00000,-0.00324,0.00016,-0.00324,-0.00037,-0.27060,0.86026,0,0.00206,0.00414
7.2252,-0.01673,-0.01955,0.00151,0.00291,-0.00319,-0.00531,-0.03641,-0.00000,-0.00000,-0.00327,0.00010,-0.00327,-0.00082,-0.27063,0.86022,0,0.00206,0.00414
7.2272,-0.01673,-0.01955,0.00151,0.00290,-0.00319,-0.00497,-0.03641,-0.00000,-0.00000,-0.00331,0.00005,-0.00331,-0.00116,-0.27063,0.86023,0,0.00206,0.00414
7.2292,-0.01673,-0.01955,0.00150,0.00289,-0.00318,-0.00474,-0.03641,-0.00000,-0.00000,-0.00334,-0.00001,-0.00334,-0.00136,-0.27067,0.86024,0,0.00206,0.00414
7.2312,-0.01673,-0.01955,0.00150,0.00288,-0.00318,-0.00461,-0.03641,-0.00000,-0.00000,-0.00338,-0.00006,-0.00338,-0.00143,-0.27064,0.86018,0,0.00206,0.00414
7.2332,-0.01673,-0.01955,0.00149,0.00287,-0.00317,-0.00460,-0.03641,-0.00000,-0.00000,-0.00341,-0.00011,-0.00341,-0.00138,-0.27071,0.86019,0,0.00206,0.00414
7.2352,-0.01673,-0.01955,0.00148,0.00286,-0.00317,-0.00469,-0.03641,-0.00000,-0.00000,-0.00345,-0.00016,-0.00345,-0.00120,-0.27066,0.86019,0,0.00206,0.00414
7.2372,-0.01673,-0.01955,0.00148,0.00285,-0.00316,-0.00489,-0.03641,-0.00000,-0.00000,-0.00348,-0.00021,-0.00348,-0.00089,-0.27071,0.86017,0,0.00206,0.00414
7.2392,-0.01673,-0.01955,0.00147,0.00284,-0.00316,-0.00520,-0.03641,-0.00000,-0.00000,-0.00352,-0.00026,-0.00352,-0.00045,-0.27068,0.86020,0,0.00206,0.00414
7.2412,-0.01673,-0.01955,0.00146,0.00283,-0.00315,-0.00563,-0.03641,-0.00000,-0.00000,-0.00355,-0.00032,-0.00355,-0.00014,-0.27068,0.86020,0,0.00206,0.00414
7.2432,-0.01673,-0.01955,0.00146,0.00282,-0.00315,-0.00594,-0.03641,-0.00000,-0.00000,-0.00359,-0.00038,-0.00359,0.00004,-0.27070,0.86019,0,0.00206,0.00414
7.2452,-0.01673,-0.01955,0.00145,0.00281,-0.00314,-0.00614,-0.03641,-0.00000,-0.00000,-0.00362,-0.00044,-0.00362,0.00009,-0.27066,0.86019,0,0.00206,0.00414
7.2472,-0.01673,-0.01955,0.00144,0.00280,-0.00314,-0.00623,-0.03641,-0.00000,-0.00000,-0.00366,-0.00051,-0.00366,0.00002,-0.27068,0.86018,0,0.00206,0.00414
7.2492,-0.01673,-0.01955,0.00144,0.00278,-0.00313,-0.00621,-0.03641,-0.00000,-0.00000,-0.00369,-0.00057,-0.00369,-0.00019,-0.27068,0.86018,0,0.00206,0.00414
7.2512,-0.01566,-0.01802,0.00209,0.00286,-0.00089,-0.00591,-0.02128,-0.00000,-0.00000,-0.00031,0.00023,-0.00360,-0.00026,-0.27071,0.86022,1,0.00279,0.00318
7.2532,-0.01566,-0.01802,0.00209,0.00285,-0.00101,-0.00589,-0.02128,-0.00000,-0.00000,-0.00032,0.00017,-0.00338,-0.00021,-0.27068,0.86022,1,0.00279,0.00318
7.2552,-0.01566,-0.01802,0.00208,0.00283,-0.00123,-0.00598,-0.02128,-0.00000,-0.00000,-0.00034,0.00011,-0.00303,-0.00003,-0.27075,0.86022,1,0.00279,0.00318
7.2572,-0.01566,-0.01802,0.00208,0.00282,-0.00157,-0.00619,-0.02128,-0.00000,-0.00000,-0.00035,0.00004,-0.00255,0.00004,-0.27073,0.86020,1,0.00279,0.00318
7.2592,-0.01566,-0.01802,0.00208,0.00281,-0.00201,-0.00629,-0.02128,-0.00000,-0.00000,-0.00038,-0.00002,-0.00194,-0.00002,-0.27072,0.86018,1,0.00279,0.00318
7.2612,-0.01566,-0.01802,0.00207,0.00280,-0.00256,-0.00629,-0.02128,-0.00000,-0.00000,-0.00040,-0.00009,-0.00121,-0.00009,-0.27071,0.86018,1,0.00279,0.00318
7.2633,-0.01566,-0.01802,0.00207,0.00278,-0.00322,-0.00628,-0.02128,-0.00000,-0.00000,-0.00043,-0.00015,-0.00043,-0.00015,-0.27069,0.86017,1,0.00279,0.00318
7.2653,-0.01566,-0.01802,0.00206,0.00277,-0.00392,-0.00627,-0.02128,-0.00000,-0.00000,-0.00047,-0.00022,0.00021,-0.00022,-0.27074,0.86015,1,0.00279,0.00318
7.2673,-0.01566,-0.01802,0.00205,0.00276,-0.00451,-0.00626,-0.02128,-0.00000,-0.00000,-0.00052,-0.00028,0.00073,-0.00028,-0.27076,0.86015,1,0.00279,0.00318
7.2693,-0.01566,-0.01802,0.00204,0.00275,-0.00499,-0.00625,-0.02128,-0.00000,-0.00000,-0.00057,-0.00035,0.00113,-0.00035,-0.27074,0.86016,1,0.00279,0.00318
7.2713,-0.01566,-0.01802,0.00203,0.00273,-0.00536,-0.00624,-0.02128,-0.00000,-0.00000,-0.00062,-0.00041,0.00139,-0.00041,-0.27075,0.86018,1,0.00279,0.00318
7.2733,-0.01566,-0.01802,0.00202,0.00272,-0.00561,-0.00623,-0.02128,-0.00000,-0.00000,-0.00068,-0.00047,0.00153,-0.00047,-0.27066,0.86020,1,0.00279,0.00318
7.2753,-0.01566,-0.01802,0.00201,0.00271,-0.00576,-0.00622,-0.02128,-0.00000,-0.00000,-0.00074,-0.00054,0.00153,-0.00054,-0.27070,0.86016,1,0.00279,0.00318
7.2773,-0.01566,-0.01802,0.00200,0.00270,-0.00580,-0.00621,-0.02128,-0.00000,-0.00000,-0.00079,-0.00060,0.00141,-0.00060,-0.27072,0.86020,1,0.00279,0.00318
7.2793,-0.01566,-0.01802,0.00199,0.00268,-0.00574,-0.00620,-0.02128,-0.00000,-0.00000,-0.00085,-0.00067,0.00116,-0.00067,-0.27070,0.86015,1,0.00279,0.00318
7.2813,-0.01566,-0.01802,0.00197,0.00267,-0.00556,-0.00619,-0.02128,-0.00000,-0.00000,-0.00091,-0.00073,0.00079,-0.00073,-0.27073,0.86013,1,0.00279,0.00318
7.2833,-0.01566,-0.01802,0.00196,0.00266,-0.00527,-0.00618,-0.02128,-0.00000,-0.00000,-0.00097,-0.00079,0.00028,-0.00079,-0.27068,0.86016,1,0.00279,0.00318
7.2853,-0.01566,-0.01802,0.00195,0.00265,-0.00487,-0.00617,-0.02128,-0.00000,-0.00000,-0.00102,-0.00086,-0.00035,-0.00086,-0.27069,0.86014,1,0.00279,0.00318
7.2874,-0.01566,-0.01802,0.00194,0.00264,-0.00436,-0.00616,-0.02128,-0.00000,-0.00000,-0.00107,-0.00092,-0.00107,-0.00092,-0.27071,0.86011,1,0.00279,0.00318
7.2894,-0.01566,-0.01802,0.00194,0.00262,-0.00378,-0.00615,-0.02128,-0.00000,-0.00000,-0.00111,-0.00099,-0.00166,-0.00099,-0.27073,0.86015,1,0.00279,0.00318
7.2914,-0.01566,-0.01802,0.00193,0.00261,-0.00330,-0.00614,-0.02128,-0.00000,-0.00000,-0.00115,-0.00105,-0.00213,-0.00105,-0.27074,0.86012,1,0.00279,0.00318
7.2934,-0.01566,-0.01802,0.00192,0.00260,-0.00294,-0.00613,-0.02128,-0.00000,-0.00000,-0.00118,-0.00111,-0.00246,-0.00111,-0.27072,0.86012,1,0.00279,0.00318
7.2954,-0.01566,-0.01802,0.00192,0.00259,-0.00268,-0.00612,-0.02128,-0.00000,-0.00000,-0.00122,-0.00118,-0.00267,-0.00118,-0.27079,0.86011,1,0.00279,0.00318
7.2974,-0.01566,-0.01802,0.00191,0.00257,-0.00254,-0.00611,-0.02128,-0.00000,-0.00000,-0.00125,-0.00124,-0.00275,-0.00124,-0.27079,0.86010,1,0.00279,0.00318
7.2994,-0.01566,-0.01802,0.00191,0.00256,-0.00250,-0.00610,-0.02128,-0.00000,-0.00000,-0.00127,-0.00130,-0.00271,-0.00130,-0.27079,0.86011,1,0.00279,0.00318
7.3014,-0.01566,-0.01802,0.00190,0.00255,-0.00257,-0.00608,-0.02128,-0.00000,-0.00000,-0.00130,-0.00136,-0.00253,-0.00136,-0.27083,0.86009,1,0.00279,0.00318
7.3034,-0.01566,-0.01802,0.00190,0.00254,-0.00275,-0.00607,-0.02128,-0.00000,-0.00000,-0.00133,-0.00143,-0.00223,-0.00143,-0.27080,0.86012,1,0.00279,0.00318
7.3054,-0.01566,-0.01802,0.00189,0.00253,-0.00304,-0.00606,-0.02128,-0.00000,-0.00000,-0.00136,-0.00149,-0.00180,-0.00149,-0.27083,0.86009,1,0.00279,0.00318
7.3074,-0.01566,-0.01802,0.00188,0.00251,-0.00344,-0.00605,-0.02128,-0.00000,-0.00000,-0.00140,-0.00155,-0.00140,-0.00155,-0.27083,0.86013,1,0.00279,0.00318
7.3094,-0.01566,-0.01802,0.00188,0.00250,-0.00381,-0.00604,-0.02128,-0.00000,-0.00000,-0.00144,-0.00162,-0.00113,-0.00162,-0.27079,0.86011,1,0.00279,0.00318
7.3115,-0.01862,-0.02161,0.00346,0.00419,0.00132,-0.00018,-0.01019,-0.00000,-0.00000,0.00514,0.00531,-0.00073,-0.00155,-0.27080,0.86013,1,0.00518,0.00608
7.3135,-0.01862,-0.02161,0.00346,0.00419,0.00092,-0.00031,-0.01019,-0.00000,-0.00000,0.00514,0.00530,-0.00020,-0.00136,-0.27080,0.86013,1,0.00518,0.00608
7.3155,-0.01862,-0.02161,0.00346,0.00419,0.00041,-0.00054,-0.01019,-0.00000,-0.00000,0.00514,0.00529,0.00045,-0.00104,-0.27081,0.86007,1,0.00518,0.00608
7.3175,-0.01862,-0.02161,0.00346,0.00419,-0.00020,-0.00089,-0.01019,-0.00000,-0.00000,0.00514,0.00528,0.00123,-0.00059,-0.27084,0.86008,1,0.00518,0.00608
7.3195,-0.01862,-0.02161,0.00346,0.00419,-0.00093,-0.00134,-0.01019,-0.00000,-0.00000,0.00513,0.00526,0.00214,-0.00001,-0.27077,0.86009,1,0.00518,0.00608
7.3215,-0.01862,-0.02161,0.00346,0.00419,-0.00177,-0.00190,-0.01019,-0.00000,-0.00000,0.00511,0.00524,0.00318,0.00070,-0.27077,0.86013,1,0.00518,0.00608
7.3235,-0.01862,-0.02161,0.00345,0.00418,-0.00271,-0.00258,-0.01019,-0.00000,-0.00000,0.00508,0.00521,0.00435,0.00153,-0.27077,0.86012,1,0.00518,0.00608
7.3255,-0.01862,-0.02161,0.00345,0.00418,-0.00377,-0.00336,-0.01019,-0.00000,-0.00000,0.00504,0.00517,0.00539,0.00249,-0.27078,0.86008,1,0.00518,0.00608
7.3275,-0.01862,-0.02161,0.00344,0.00417,-0.00471,-0.00425,-0.01019,-0.00000,-0.00000,0.00500,0.00513,0.00630,0.00358,-0.27074,0.86012,1,0.00518,0.00608
7.3296,-0.01862,-0.02161,0.00343,0.00416,-0.00555,-0.00525,-0.01019,-0.00000,-0.00000,0.00494,0.00508,0.00708,0.00480,-0.27071,0.86013,1,0.00518,0.00608
7.3315,-0.01862,-0.02161,0.00341,0.00415,-0.00627,-0.00636,-0.01019,-0.00000,-0.00000,0.00488,0.00502,0.00773,0.00589,-0.27071,0.86020,1,0.00518,0.00608
7.3335,-0.01862,-0.02161,0.00340,0.00413,-0.00689,-0.00736,-0.01019,-0.00000,-0.00000,0.00482,0.00495,0.00826,0.00685,-0.27066,0.86015,1,0.00518,0.00608
7.3356,-0.01862,-0.02161,0.00339,0.00412,-0.00740,-0.00825,-0.01019,-0.00000,-0.00000,0.00474,0.00487,0.00866,0.00768,-0.27064,0.86018,1,0.00518,0.00608
7.3376,-0.01862,-0.02161,0.00337,0.00410,-0.00779,-0.00903,-0.01019,-0.00000,-0.00000,0.00466,0.00478,0.00893,0.00839,-0.27058,0.86018,1,0.00518,0.00608
7.3396,-0.01862,-0.02161,0.00336,0.00408,-0.00808,-0.00971,-0.01019,-0.00000,-0.00000,0.00458,0.00468,0.00907,0.00897,-0.27065,0.86019,1,0.00518,0.00608
7.3416,-0.01862,-0.02161,0.00334,0.00406,-0.00826,-0.01027,-0.01019,-0.00000,-0.00000,0.00450,0.00458,0.00909,0.00942,-0.27059,0.86026,1,0.00518,0.00608
7.3436,-0.01862,-0.02161,0.00332,0.00404,-0.00833,-0.01072,-0.01019,-0.00000,-0.00000,0.00442,0.00448,0.00897,0.00974,-0.27056,0.86022,1,0.00518,0.00608
7.3456,-0.01862,-0.02161,0.00331,0.00402,-0.00829,-0.01106,-0.01019,-0.00000,-0.00000,0.00433,0.00437,0.00873,0.00993,-0.27061,0.86025,1,0.00518,0.00608
7.3476,-0.01862,-0.02161,0.00329,0.00400,-0.00813,-0.01129,-0.01019,-0.00000,-0.00000,0.00425,0.00426,0.00836,0.01000,-0.27055,0.86026,1,0.00518,0.00608
7.3497,-0.01862,-0.02161,0.00327,0.00397,-0.00787,-0.01142,-0.01019,-0.00000,-0.00000,0.00417,0.00414,0.00786,0.00993,-0.27058,0.86030,1,0.00518,0.00608
7.3517,-0.01862,-0.02161,0.00326,0.00395,-0.00750,-0.01143,-0.01019,-0.00000,-0.00000,0.00409,0.00403,0.00724,0.00974,-0.27056,0.86027,1,0.00518,0.00608
7.3537,-0.01862,-0.02161,0.00324,0.00393,-0.00702,-0.01133,-0.01019,-0.00000,-0.00000,0.00402,0.00391,0.00649,0.00942,-0.27056,0.86032,1,0.00518,0.00608
7.3557,-0.01862,-0.02161,0.00323,0.00391,-0.00643,-0.01112,-0.01019,-0.00000,-0.00000,0.00395,0.00380,0.00560,0.00898,-0.27053,0.86031,1,0.00518,0.00608
7.3577,-0.01862,-0.02161,0.00322,0.00388,-0.00573,-0.01081,-0.01019,-0.00000,-0.00000,0.00388,0.00369,0.00459,0.00840,-0.27057,0.86031,1,0.00518,0.00608
7.3597,-0.01862,-0.02161,0.00321,0.00386,-0.00492,-0.01038,-0.01019,-0.00000,-0.00000,0.00383,0.00358,0.00371,0.00770,-0.27059,0.86031,1,0.00518,0.00608
7.3617,-0.01862,-0.02161,0.00320,0.00384,-0.00422,-0.00985,-0.01019,-0.00000,-0.00000,0.00378,0.00348,0.00296,0.00687,-0.27055,0.86036,1,0.00518,0.00608
7.3638,-0.01862,-0.02161,0.00319,0.00382,-0.00363,-0.00920,-0.01019,-0.00000,-0.00000,0.00374,0.00339,0.00233,0.00591,-0.27056,0.86035,1,0.00518,0.00608
7.3658,-0.01862,-0.02161,0.00318,0.00381,-0.00315,-0.00844,-0.01019,-0.00000,-0.00000,0.00370,0.00330,0.00184,0.00482,-0.27057,0.86032,1,0.00518,0.00608
7.3678,-0.01862,-0.02161,0.00318,0.00379,-0.00278,-0.00758,-0.01019,-0.00000,-0.00000,0.00367,0.00321,0.00147,0.00361,-0.27055,0.86034,1,0.00518,0.00608
7.3698,-0.01862,-0.02161,0.00317,0.00378,-0.00252,-0.00660,-0.01019,-0.00000,-0.00000,0.00363,0.00314,0.00123,0.00252,-0.27058,0.86038,1,0.00518,0.00608
7.3718,-0.01862,-0.02161,0.00317,0.00376,-0.00236,-0.00574,-0.01019,-0.00000,-0.00000,0.00361,0.00308,0.00111,0.00157,-0.27058,0.86036,1,0.00518,0.00608
7.3738,-0.01862,-0.02161,0.00316,0.00375,-0.00232,-0.00498,-0.01019,-0.00000,-0.00000,0.00358,0.00302,0.00113,0.00073,-0.27062,0.86036,1,0.00518,0.00608
7.3758,-0.01862,-0.02161,0.00316,0.00374,-0.00239,-0.00434,-0.01019,-0.00000,-0.00000,0.00355,0.00297,0.00127,0.00003,-0.27062,0.86036,1,0.00518,0.00608
7.3778,-0.01862,-0.02161,0.00315,0.00374,-0.00256,-0.00380,-0.01019,-0.00000,-0.00000,0.00352,0.00292,0.00154,-0.00054,-0.27061,0.86034,1,0.00518,0.00608
7.3800,-0.01609,-0.01919,0.00311,0.00342,-0.00290,-0.00540,-0.00947,-0.00000,-0.00000,0.00407,0.00214,0.00194,-0.00099,-0.27055,0.86037,1,0.00332,0.00356
7.3820,-0.01609,-0.01919,0.00310,0.00341,-0.00329,-0.00507,-0.00947,-0.00000,-0.00000,0.00403,0.00208,0.00246,-0.00131,-0.27058,0.86031,1,0.00332,0.00356
7.3840,-0.01609,-0.01919,0.00310,0.00340,-0.00379,-0.00486,-0.00947,-0.00000,-0.00000,0.00399,0.00203,0.00312,-0.00150,-0.27052,0.86035,1,0.00332,0.00356
7.3860,-0.01609,-0.01919,0.00309,0.00339,-0.00440,-0.00475,-0.00947,-0.00000,-0.00000,0.00395,0.00198,0.00390,-0.00156,-0.27046,0.86036,1,0.00332,0.00356
7.3880,-0.01609,-0.01919,0.00308,0.00338,-0.00513,-0.00476,-0.00947,-0.00000,-0.00000,0.00390,0.00193,0.00456,-0.00150,-0.27047,0.86035,1,0.00332,0.00356
7.3900,-0.01609,-0.01919,0.00307,0.00337,-0.00574,-0.00487,-0.00947,-0.00000,-0.00000,0.00384,0.00187,0.00508,-0.00130,-0.27048,0.86038,1,0.00332,0.00356
7.3920,-0.01609,-0.01919,0.00306,0.00336,-0.00624,-0.00509,-0.00947,-0.00000,-0.00000,0.00378,0.00182,0.00548,-0.00098,-0.27044,0.86036,1,0.00332,0.00356
7.3940,-0.01609,-0.01919,0.00304,0.00335,-0.00663,-0.00542,-0.00947,-0.00000,-0.00000,0.00372,0.00177,0.00575,-0.00053,-0.27042,0.86034,1,0.00332,0.00356
7.3960,-0.01609,-0.01919,0.00303,0.00334,-0.00691,-0.00586,-0.00947,-0.00000,-0.00000,0.00365,0.00171,0.00589,0.00005,-0.27042,0.86034,1,0.00332,0.00356
7.3980,-0.01609,-0.01919,0.00302,0.00332,-0.00708,-0.00641,-0.00947,-0.00000,-0.00000,0.00358,0.00164,0.00591,0.00075,-0.27033,0.86035,1,0.00332,0.00356
7.4000,-0.01609,-0.01919,0.00300,0.00331,-0.00715,-0.00707,-0.00947,-0.00000,-0.00000,0.00350,0.00157,0.00580,0.00157,-0.27033,0.86035,1,0.00332,0.00356
7.4020,-0.01609,-0.01919,0.00299,0.00329,-0.00710,-0.00783,-0.00947,-0.00000,-0.00000,0.00343,0.00150,0.00555,0.00227,-0.27033,0.86035,1,0.00332,0.00356
7.4040,-0.01609,-0.01919,0.00297,0.00328,-0.00694,-0.00847,-0.00947,-0.00000,-0.00000,0.00336,0.00141,0.00518,0.00283,-0.27039,0.86030,1,0.00332,0.00356
7.4060,-0.01609,-0.01919,0.00296,0.00326,-0.00668,-0.00901,-0.00947,-0.00000,-0.00000,0.00329,0.00133,0.00469,0.00327,-0.27037,0.86035,1,0.00332,0.00356
7.4080,-0.01609,-0.01919,0.00295,0.00324,-0.00630,-0.00944,-0.00947,-0.00000,-0.00000,0.00323,0.00123,0.00406,0.00358,-0.27040,0.86033,1,0.00332,0.00356
7.4100,-0.01609,-0.01919,0.00293,0.00322,-0.00581,-0.00976,-0.00947,-0.00000,-0.00000,0.00316,0.00114,0.00331,0.00376,-0.27035,0.86036,1,0.00332,0.00356
7.4120,-0.01609,-0.01919,0.00292,0.00320,-0.00522,-0.00997,-0.00947,-0.00000,-0.00000,0.00311,0.00104,0.00268,0.00382,-0.27039,0.86031,1,0.00332,0.00356
7.4140,-0.01609,-0.01919,0.00291,0.00318,-0.00473,-0.01007,-0.00947,-0.00000,-0.00000,0.00306,0.00094,0.00218,0.00374,-0.27034,0.86038,1,0.00332,0.00356
7.4160,-0.01609,-0.01919,0.00290,0.00316,-0.00436,-0.01006,-0.00947,-0.00000,-0.00000,0.00301,0.00084,0.00182,0.00354,-0.27037,0.86038,1,0.00332,0.00356
7.4180,-0.01609,-0.01919,0.00290,0.00314,-0.00409,-0.00994,-0.00947,-0.00000,-0.00000,0.00296,0.00074,0.00157,0.00321,-0.27047,0.86039,1,0.00332,0.00356
7.4200,-0.01609,-0.01919,0.00289,0.00312,-0.00393,-0.00971,-0.00947,-0.00000,-0.00000,0.00292,0.00064,0.00146,0.00275,-0.27043,0.86035,1,0.00332,0.00356
7.4220,-0.01609,-0.01919,0.00288,0.00310,-0.00388,-0.00937,-0.00947,-0.00000,-0.00000,0.00288,0.00054,0.00147,0.00216,-0.27049,0.86031,1,0.00332,0.00356
7.4240,-0.01609,-0.01919,0.00287,0.00309,-0.00394,-0.00892,-0.00947,-0.00000,-0.00000,0.00284,0.00045,0.00162,0.00145,-0.27043,0.86038,1,0.00332,0.00356
7.4260,-0.01609,-0.01919,0.00286,0.00307,-0.00411,-0.00836,-0.00947,-0.00000,-0.00000,0.00279,0.00036,0.00189,0.00061,-0.27048,0.86036,1,0.00332,0.00356
7.4280,-0.01609,-0.01919,0.00286,0.00305,-0.00439,-0.00769,-0.00947,-0.00000,-0.00000,0.00275,0.00028,0.00229,-0.00011,-0.27047,0.86032,1,0.00332,0.00356
7.4300,-0.01609,-0.01919,0.00285,0.00304,-0.00478,-0.00713,-0.00947,-0.00000,-0.00000,0.00270,0.00020,0.00270,-0.00069,-0.27042,0.86036,1,0.00332,0.00356
7.4321,-0.01609,-0.01919,0.00284,0.00302,-0.00518,-0.00668,-0.00947,-0.00000,-0.00000,0.00265,0.00013,0.00299,-0.00115,-0.27051,0.86031,1,0.00332,0.00356
7.4341,-0.01609,-0.01919,0.00283,0.00301,-0.00547,-0.00634,-0.00947,-0.00000,-0.00000,0.00259,0.00007,0.00314,-0.00148,-0.27044,0.86034,1,0.00332,0.00356
7.4361,-0.01609,-0.01919,0.00281,0.00300,-0.00566,-0.00611,-0.00947,-0.00000,-0.00000,0.00254,0.00000,0.00317,-0.00168,-0.27042,0.86036,1,0.00332,0.00356
7.4381,-0.01609,-0.01919,0.00280,0.00299,-0.00573,-0.00598,-0.00947,-0.00000,-0.00000,0.00248,-0.00006,0.00308,-0.00176,-0.27040,0.86034,1,0.00332,0.00356
7.4401,-0.01609,-0.01919,0.00279,0.00297,-0.00569,-0.00597,-0.00947,-0.00000,-0.00000,0.00242,-0.00012,0.00285,-0.00170,-0.27040,0.86034,1,0.00332,0.00356
7.4421,-0.01609,-0.01919,0.00278,0.00296,-0.00554,-0.00606,-0.00947,-0.00000,-0.00000,0.00236,-0.00019,0.00250,-0.00152,-0.27043,0.86032,1,0.00332,0.00356
7.4441,-0.01609,-0.01919,0.00277,0.00295,-0.00529,-0.00627,-0.00947,-0.00000,-0.00000,0.00230,-0.00025,0.00227,-0.00121,-0.27038,0.86034,1,0.00332,0.00356
7.4461,-0.01609,-0.01919,0.00276,0.00294,-0.00514,-0.00658,-0.00947,-0.00000,-0.00000,0.00225,-0.00032,0.00217,-0.00077,-0.27034,0.86035,1,0.00332,0.00356
7.4481,-0.01609,-0.01919,0.00275,0.00292,-0.00510,-0.00701,-0.00947,-0.00000,-0.00000,0.00220,-0.00039,0.00220,-0.00039,-0.27037,0.86032,1,0.00332,0.00356
7.4501,-0.01609,-0.01919,0.00274,0.00291,-0.00517,-0.00739,-0.02006,-0.00000,-0.00000,0.00214,-0.00046,0.00214,-0.00013,-0.27034,0.86029,1,0.00196,0.00243
7.4521,-0.01466,-0.01909,0.00223,0.00245,-0.00644,-0.00913,-0.02006,-0.00000,-0.00000,0.00016,-0.00259,0.00196,0.00000,-0.27033,0.86036,1,0.00196,0.00243
7.4541,-0.01466,-0.01909,0.00222,0.00244,-0.00632,-0.00928,-0.02006,-0.00000,-0.00000,0.00009,-0.00269,0.00165,0.00001,-0.27038,0.86036,1,0.00196,0.00243
7.4561,-0.01466,-0.01909,0.00220,0.00242,-0.00609,-0.00932,-0.02006,-0.00000,-0.00000,0.00003,-0.00278,0.00122,-0.00012,-0.27034,0.86033,1,0.00196,0.00243
7.4581,-0.01466,-0.01909,0.00219,0.00240,-0.00575,-0.00926,-0.02006,-0.00000,-0.00000,-0.00003,-0.00287,0.00065,-0.00037,-0.27030,0.86037,1,0.00196,0.00243
7.4601,-0.01466,-0.01909,0.00218,0.00238,-0.00531,-0.00908,-0.02006,-0.00000,-0.00000,-0.00009,-0.00297,-0.00004,-0.00075,-0.27036,0.86039,1,0.00196,0.00243
7.4621,-0.01466,-0.01909,0.00217,0.00236,-0.00475,-0.00880,-0.02006,-0.00000,-0.00000,-0.00014,-0.00306,-0.00061,-0.00126,-0.27028,0.86037,1,0.00196,0.00243
7.4641,-0.01466,-0.01909,0.00216,0.00234,-0.00430,-0.00840,-0.02006,-0.00000,-0.00000,-0.00019,-0.00314,-0.00105,-0.00189,-0.27034,0.86035,1,0.00196,0.00243
7.4661,-0.01466,-0.01909,0.00215,0.00233,-0.00396,-0.00790,-0.02006,-0.00000,-0.00000,-0.00023,-0.00323,-0.00136,-0.00266,-0.27037,0.86030,1,0.00196,0.00243
7.4681,-0.01466,-0.01909,0.00215,0.00231,-0.00374,-0.00728,-0.02006,-0.00000,-0.00000,-0.00027,-0.00330,-0.00154,-0.00330,-0.27041,0.86033,1,0.00196,0.00243
7.4701,-0.01466,-0.01909,0.00214,0.00230,-0.00362,-0.00677,-0.02006,-0.00000,-0.00000,-0.00031,-0.00338,-0.00159,-0.00382,-0.27045,0.86028,1,0.00196,0.00243
7.4721,-0.01466,-0.01909,0.00213,0.00229,-0.00361,-0.00636,-0.02006,-0.00000,-0.00000,-0.00035,-0.00344,-0.00152,-0.00422,-0.27040,0.86028,1,0.00196,0.00243
7.4741,-0.01466,-0.01909,0.00212,0.00227,-0.00371,-0.00606,-0.02006,-0.00000,-0.00000,-0.00039,-0.00351,-0.00131,-0.00448,-0.27045,0.86026,1,0.00196,0.00243
7.4761,-0.01466,-0.01909,0.00212,0.00226,-0.00391,-0.00588,-0.02006,-0.00000,-0.00000,-0.00043,-0.00357,-0.00098,-0.00461,-0.27041,0.86024,1,0.00196,0.00243
7.4781,-0.01466,-0.01909,0.00211,0.00225,-0.00423,-0.00580,-0.02006,-0.00000,-0.00000,-0.00047,-0.00363,-0.00052,-0.00462,-0.27039,0.86026,1,0.00196,0.00243
7.4801,-0.01466,-0.01909,0.00210,0.00224,-0.00466,-0.00583,-0.02006,-0.00000,-0.00000,-0.00052,-0.00369,-0.00019,-0.00450,-0.27037,0.86025,1,0.00196,0.00243
7.4821,-0.01466,-0.01909,0.00209,0.00223,-0.00498,-0.00597,-0.02006,-0.00000,-0.00000,-0.00057,-0.00375,0.00001,-0.00425,-0.27040,0.86024,1,0.00196,0.00243
7.4841,-0.01466,-0.01909,0.00208,0.00221,-0.00519,-0.00622,-0.02006,-0.00000,-0.00000,-0.00062,-0.00382,0.00008,-0.00388,-0.27034,0.86021,1,0.00196,0.00243
7.4861,-0.01466,-0.01909,0.00207,0.00220,-0.00528,-0.00658,-0.02006,-0.00000,-0.00000,-0.00067,-0.00388,0.00003,-0.00363,-0.27032,0.86022,1,0.00196,0.00243
7.4881,-0.01466,-0.01909,0.00206,0.00219,-0.00527,-0.00683,-0.02006,-0.00000,-0.00000,-0.00073,-0.00395,-0.00015,-0.00351,-0.27033,0.86026,1,0.00196,0.00243
7.4901,-0.01466,-0.01909,0.00205,0.00217,-0.00515,-0.00697,-0.02006,-0.00000,-0.00000,-0.00078,-0.00402,-0.00046,-0.00352,-0.27030,0.86024,1,0.00196,0.00243
7.4921,-0.01466,-0.01909,0.00204,0.00216,-0.00492,-0.00700,-0.02006,-0.00000,-0.00000,-0.00083,-0.00410,-0.00083,-0.00365,-0.27030,0.86027,1,0.00196,0.00243
7.4941,-0.01466,-0.01909,0.00203,0.00215,-0.00464,-0.00692,-0.02006,-0.00000,-0.00000,-0.00088,-0.00417,-0.00108,-0.00391,-0.27031,0.86025,1,0.00196,0.00243
7.4961,-0.01466,-0.01909,0.00202,0.00213,-0.00446,-0.00673,-0.02006,-0.00000,-0.00000,-0.00093,-0.00424,-0.00120,-0.00424,-0.27029,0.86026,1,0.00196,0.00243
7.4981,-0.01466,-0.01909,0.00201,0.00212,-0.00439,-0.00649,-0.02006,-0.00000,-0.00000,-0.00098,-0.00431,-0.00119,-0.00443,-0.27036,0.86026,1,0.00196,0.00243
7.5001,-0.01466,-0.01909,0.00200,0.00211,-0.00443,-0.00636,-0.02006,-0.00000,-0.00000,-0.00102,-0.00437,-0.00105,-0.00450,-0.27040,0.86018,1,0.00196,0.00243
7.5021,-0.01466,-0.01909,0.00199,0.00209,-0.00458,-0.00633,-0.02006,-0.00000,-0.00000,-0.00107,-0.00444,-0.00104,-0.00444,-0.27038,0.86020,1,0.00196,0.00243
7.5071,-0.01466,-0.01909,0.00198,0.00208,-0.00463,-0.00642,-0.02006,-0.00000,-0.00000,-0.00112,-0.00450,-0.00112,-0.00450,-0.27037,0.86018,1,0.00196,0.00243
7.5091,-0.01466,-0.01909,0.00197,0.00207,-0.00459,-0.00640,-0.02006,-0.00000,-0.00000,-0.00117,-0.00457,-0.00117,-0.00457,-0.27042,0.86014,1,0.00196,0.00243
7.5111,-0.01579,-0.02264,0.00234,0.00362,-0.00328,-0.00055,-0.02529,-0.00000,-0.00000,0.00021,0.00170,-0.00109,-0.00451,-0.27041,0.86017,1,0.00286,0.00534
7.5131,-0.01579,-0.02264,0.00233,0.00362,-0.00339,-0.00066,-0.02529,-0.00000,-0.00000,0.00017,0.00169,-0.00088,-0.00432,-0.27040,0.86018,1,0.00286,0.00534
7.5151,-0.01579,-0.02264,0.00232,0.00362,-0.00361,-0.00089,-0.02529,-0.00000,-0.00000,0.00013,0.00167,-0.00054,-0.00400,-0.27039,0.86015,1,0.00286,0.00534
7.5171,-0.01579,-0.02264,0.00232,0.00362,-0.00393,-0.00122,-0.02529,-0.00000,-0.00000,0.00009,0.00166,-0.00008,-0.00356,-0.27045,0.86016,1,0.00286,0.00534
7.5191,-0.01579,-0.02264,0.00231,0.00361,-0.00437,-0.00166,-0.02529,-0.00000,-0.00000,0.00005,0.00163,0.00026,-0.00298,-0.27047,0.86018,1,0.00286,0.00534
7.5211,-0.01579,-0.02264,0.00230,0.00361,-0.00469,-0.00221,-0.02529,-0.00000,-0.00000,0.00000,0.00161,0.00047,-0.00228,-0.27044,0.86015,1,0.00286,0.00534
7.5231,-0.01579,-0.02264,0.00229,0.00360,-0.00491,-0.00287,-0.02529,-0.00000,-0.00000,-0.00005,0.00158,0.00055,-0.00145,-0.27040,0.86019,1,0.00286,0.00534
7.5252,-0.01579,-0.02264,0.00228,0.00360,-0.00502,-0.00364,-0.02529,-0.00000,-0.00000,-0.00010,0.00154,0.00050,-0.00049,-0.27048,0.86017,1,0.00286,0.00534
7.5272,-0.01579,-0.02264,0.00227,0.00359,-0.00501,-0.00452,-0.02529,-0.00000,-0.00000,-0.00015,0.00150,0.00032,0.00059,-0.27037,0.86018,1,0.00286,0.00534
7.5292,-0.01579,-0.02264,0.00226,0.00358,-0.00490,-0.00551,-0.02529,-0.00000,-0.00000,-0.00020,0.00144,0.00002,0.00155,-0.27036,0.86019,1,0.00286,0.00534
7.5312,-0.01579,-0.02264,0.00225,0.00357,-0.00468,-0.00638,-0.02529,-0.00000,-0.00000,-0.00025,0.00138,-0.00025,0.00238,-0.27034,0.86022,1,0.00286,0.00534
7.5332,-0.01579,-0.02264,0.00224,0.00355,-0.00448,-0.00715,-0.02529,-0.00000,-0.00000,-0.00030,0.00131,-0.00040,0.00308,-0.27034,0.86023,1,0.00286,0.00534
7.5352,-0.01579,-0.02264,0.00223,0.00354,-0.00440,-0.00781,-0.02529,-0.00000,-0.00000,-0.00035,0.00123,-0.00041,0.00366,-0.27035,0.86025,1,0.00286,0.00534
7.5372,-0.01579,-0.02264,0.00222,0.00352,-0.00442,-0.00836,-0.02529,-0.00000,-0.00000,-0.00040,0.00115,-0.00040,0.00410,-0.27039,0.86022,1,0.00286,0.00534
7.5392,-0.01579,-0.02264,0.00221,0.00351,-0.00447,-0.00880,-0.02529,-0.00000,-0.00000,-0.00044,0.00106,-0.00044,0.00442,-0.27040,0.86030,1,0.00286,0.00534
7.5412,-0.01579,-0.02264,0.00221,0.00349,-0.00447,-0.00913,-0.02529,-0.00000,-0.00000,-0.00049,0.00097,-0.00049,0.00461,-0.27036,0.86028,1,0.00286,0.00534
7.5432,-0.01579,-0.02264,0.00220,0.00347,-0.00447,-0.00935,-0.02529,-0.00000,-0.00000,-0.00054,0.00087,-0.00054,0.00467,-0.27039,0.86025,1,0.00286,0.00534
7.5452,-0.01579,-0.02264,0.00219,0.00345,-0.00446,-0.00946,-0.02529,-0.00000,-0.00000,-0.00058,0.00078,-0.00058,0.00460,-0.27041,0.86028,1,0.00286,0.00534
7.5472,-0.01579,-0.02264,0.00218,0.00343,-0.00446,-0.00946,-0.02529,-0.00000,-0.00000,-0.00063,0.00068,-0.00063,0.00441,-0.27041,0.86028,1,0.00286,0.00534
7.5493,-0.01579,-0.02264,0.00217,0.00341,-0.00446,-0.00935,-0.02529,-0.00000,-0.00000,-0.00068,0.00059,-0.00068,0.00409,-0.27038,0.86029,1,0.00286,0.00534
7.5513,-0.01579,-0.02264,0.00216,0.00339,-0.00445,-0.00913,-0.02529,-0.00000,-0.00000,-0.00072,0.00049,-0.00072,0.00364,-0.27040,0.86031,1,0.00286,0.00534
7.5533,-0.01579,-0.02264,0.00215,0.00338,-0.00445,-0.00881,-0.02529,-0.00000,-0.00000,-0.00077,0.00040,-0.00077,0.00306,-0.27040,0.86028,1,0.00286,0.00534
7.5553,-0.01579,-0.02264,0.00214,0.00336,-0.00445,-0.00837,-0.02529,-0.00000,-0.00000,-0.00082,0.00031,-0.00082,0.00235,-0.27039,0.86028,1,0.00286,0.00534
7.5573,-0.01579,-0.02264,0.00213,0.00334,-0.00444,-0.00782,-0.02529,-0.00000,-0.00000,-0.00086,0.00023,-0.00086,0.00152,-0.27044,0.86027,1,0.00286,0.00534
7.5593,-0.01579,-0.02264,0.00212,0.00333,-0.00444,-0.00716,-0.02529,-0.00000,-0.00000,-0.00091,0.00015,-0.00091,0.00056,-0.27044,0.86029,1,0.00286,0.00534
7.5613,-0.01579,-0.02264,0.00212,0.00331,-0.00443,-0.00640,-0.02529,-0.00000,-0.00000,-0.00096,0.00008,-0.00096,-0.00028,-0.27047,0.86030,1,0.00286,0.00534
7.5633,-0.01579,-0.02264,0.00211,0.00330,-0.00443,-0.00574,-0.02529,-0.00000,-0.00000,-0.00100,0.00002,-0.00100,-0.00099,-0.27048,0.86029,1,0.00286,0.00534
7.5653,-0.01579,-0.02264,0.00210,0.00329,-0.00442,-0.00519,-0.02529,-0.00000,-0.00000,-0.00105,-0.00004,-0.00105,-0.00156,-0.27043,0.86027,1,0.00286,0.00534
7.5673,-0.01579,-0.02264,0.00209,0.00328,-0.00442,-0.00475,-0.02529,-0.00000,-0.00000,-0.00110,-0.00010,-0.00110,-0.00201,-0.27039,0.86033,1,0.00286,0.00534
7.5693,-0.01579,-0.02264,0.00208,0.00327,-0.00441,-0.00442,-0.02529,-0.00000,-0.00000,-0.00114,-0.00015,-0.00114,-0.00234,-0.27042,0.86026,1,0.00286,0.00534
7.5714,-0.01579,-0.02264,0.00207,0.00326,-0.00441,-0.00420,-0.02529,-0.00000,-0.00000,-0.00119,-0.00019,-0.00119,-0.00253,-0.27041,0.86027,1,0.00286,0.00534
7.5734,-0.01579,-0.02264,0.00206,0.00326,-0.00440,-0.00409,-0.02529,-0.00000,-0.00000,-0.00124,-0.00024,-0.00124,-0.00260,-0.27039,0.86027,1,0.00286,0.00534
7.5754,-0.01579,-0.02264,0.00205,0.00325,-0.00440,-0.00409,-0.02529,-0.00000,-0.00000,-0.00128,-0.00029,-0.00128,-0.00254,-0.27037,0.86027,1,0.00286,0.00534
7.5774,-0.01579,-0.02264,0.00205,0.00324,-0.00439,-0.00419,-0.01477,-0.00000,-0.00000,-0.00133,-0.00033,-0.00133,-0.00235,-0.27034,0.86029,1,0.00322,0.00407
7.5794,-0.01618,-0.02108,0.00255,0.00349,-0.00267,-0.00363,-0.01477,-0.00000,-0.00000,0.00093,0.00133,-0.00125,-0.00203,-0.27036,0.86026,1,0.00322,0.00407
7.5814,-0.01618,-0.02108,0.00254,0.00348,-0.00278,-0.00396,-0.01477,-0.00000,-0.00000,0.00090,0.00129,-0.00104,-0.00158,-0.27036,0.86026,1,0.00322,0.00407
7.5834,-0.01618,-0.02108,0.00254,0.00348,-0.00300,-0.00440,-0.01477,-0.00000,-0.00000,0.00087,0.00124,-0.00070,-0.00101,-0.27035,0.86028,1,0.00322,0.00407
7.5854,-0.01618,-0.02108,0.00253,0.00347,-0.00333,-0.00495,-0.01477,-0.00000,-0.00000,0.00083,0.00119,-0.00023,-0.00031,-0.27034,0.86031,1,0.00322,0.00407
7.5874,-0.01618,-0.02108,0.00252,0.00346,-0.00377,-0.00561,-0.01477,-0.00000,-0.00000,0.00079,0.00113,0.00036,0.00052,-0.27030,0.86033,1,0.00322,0.00407
7.5895,-0.01618,-0.02108,0.00252,0.00344,-0.00432,-0.00637,-0.01477,-0.00000,-0.00000,0.00075,0.00107,0.00083,0.00122,-0.27037,0.86029,1,0.00322,0.00407
7.5915,-0.01618,-0.02108,0.00251,0.00343,-0.00476,-0.00703,-0.01477,-0.00000,-0.00000,0.00070,0.00100,0.00116,0.00180,-0.27039,0.86027,1,0.00322,0.00407
7.5935,-0.01618,-0.02108,0.00250,0.00342,-0.00509,-0.00758,-0.01477,-0.00000,-0.00000,0.00065,0.00093,0.00137,0.00224,-0.27034,0.86031,1,0.00322,0.00407
7.5955,-0.01618,-0.02108,0.00249,0.00340,-0.00531,-0.00802,-0.01477,-0.00000,-0.00000,0.00060,0.00085,0.00145,0.00256,-0.27032,0.86028,1,0.00322,0.00407
7.5975,-0.01618,-0.02108,0.00248,0.00338,-0.00542,-0.00834,-0.01477,-0.00000,-0.00000,0.00054,0.00076,0.00141,0.00275,-0.27034,0.86034,1,0.00322,0.00407
7.5995,-0.01618,-0.02108,0.00247,0.00337,-0.00543,-0.00856,-0.01477,-0.00000,-0.00000,0.00048,0.00068,0.00123,0.00281,-0.27032,0.86030,1,0.00322,0.00407
7.6015,-0.01618,-0.02108,0.00245,0.00335,-0.00532,-0.00867,-0.01477,-0.00000,-0.00000,0.00043,0.00059,0.00093,0.00275,-0.27033,0.86033,1,0.00322,0.00407
7.6035,-0.01618,-0.02108,0.00244,0.00333,-0.00510,-0.00867,-0.01477,-0.00000,-0.00000,0.00037,0.00050,0.00050,0.00255,-0.27034,0.86035,1,0.00322,0.00407
7.6055,-0.01618,-0.02108,0.00243,0.00332,-0.00477,-0.00856,-0.01477,-0.00000,-0.00000,0.00032,0.00041,0.00020,0.00223,-0.27030,0.86035,1,0.00322,0.00407
7.6076,-0.01618,-0.02108,0.00242,0.00330,-0.00456,-0.00834,-0.01477,-0.00000,-0.00000,0.00027,0.00033,0.00002,0.00178,-0.27033,0.86036,1,0.00322,0.00407
7.6096,-0.01618,-0.02108,0.00242,0.00328,-0.00445,-0.00801,-0.01477,-0.00000,-0.00000,0.00023,0.00024,-0.00002,0.00120,-0.27035,0.86035,1,0.00322,0.00407
7.6116,-0.01618,-0.02108,0.00241,0.00327,-0.00445,-0.00757,-0.01477,-0.00000,-0.00000,0.00018,0.00016,0.00006,0.00049,-0.27037,0.86031,1,0.00322,0.00407
7.6136,-0.01618,-0.02108,0.00240,0.00325,-0.00456,-0.00702,-0.01477,-0.00000,-0.00000,0.00013,0.00009,0.00013,-0.00008,-0.27041,0.86033,1,0.00322,0.00407
7.6156,-0.01618,-0.02108,0.00239,0.00324,-0.00466,-0.00658,-0.01477,-0.00000,-0.00000,0.00008,0.00002,0.00008,-0.00053,-0.27033,0.86034,1,0.00322,0.00407
7.6176,-0.01618,-0.02108,0.00238,0.00323,-0.00466,-0.00625,-0.01477,-0.00000,-0.00000,0.00003,-0.00005,0.00003,-0.00086,-0.27041,0.86029,1,0.00322,0.00407
7.6196,-0.01618,-0.02108,0.00237,0.00321,-0.00466,-0.00603,-0.01477,-0.00000,-0.00000,-0.00001,-0.00012,-0.00001,-0.00105,-0.27039,0.86031,1,0.00322,0.00407
7.6216,-0.01618,-0.02108,0.00236,0.00320,-0.00465,-0.00592,-0.01477,-0.00000,-0.00000,-0.00006,-0.00018,-0.00006,-0.00112,-0.27039,0.86035,1,0.00322,0.00407
7.6236,-0.01618,-0.02108,0.00235,0.00319,-0.00465,-0.00591,-0.01477,-0.00000,-0.00000,-0.00011,-0.00024,-0.00011,-0.00105,-0.27037,0.86030,1,0.00322,0.00407
7.6257,-0.01618,-0.02108,0.00234,0.00318,-0.00465,-0.00602,-0.01477,-0.00000,-0.00000,-0.00016,-0.00030,-0.00016,-0.00087,-0.27038,0.86033,1,0.00322,0.00407
7.6277,-0.01618,-0.02108,0.00233,0.00317,-0.00465,-0.00623,-0.01477,-0.00000,-0.00000,-0.00021,-0.00037,-0.00021,-0.00055,-0.27037,0.86036,1,0.00322,0.00407
7.6297,-0.01618,-0.02108,0.00232,0.00315,-0.00464,-0.00656,-0.01477,-0.00000,-0.00000,-0.00026,-0.00043,-0.00026,-0.00036,-0.27036,0.86029,1,0.00322,0.00407
7.6317,-0.01618,-0.02108,0.00231,0.00314,-0.00464,-0.00677,-0.01477,-0.00000,-0.00000,-0.00031,-0.00050,-0.00031,-0.00030,-0.27037,0.86032,1,0.00322,0.00407
7.6337,-0.01618,-0.02108,0.00231,0.00313,-0.00464,-0.00688,-0.01477,-0.00000,-0.00000,-0.00036,-0.00057,-0.00036,-0.00036,-0.27039,0.86030,1,0.00322,0.00407
7.6357,-0.01618,-0.02108,0.00230,0.00311,-0.00463,-0.00687,-0.01477,-0.00000,-0.00000,-0.00040,-0.00065,-0.00040,-0.00056,-0.27040,0.86032,1,0.00322,0.00407
7.6377,-0.01618,-0.02108,0.00229,0.00310,-0.00463,-0.00676,-0.01477,-0.00000,-0.00000,-0.00045,-0.00072,-0.00045,-0.00072,-0.27041,0.86027,1,0.00322,0.00407
7.6397,-0.01618,-0.02108,0.00228,0.00309,-0.00463,-0.00667,-0.01477,-0.00000,-0.00000,-0.00050,-0.00079,-0.00050,-0.00079,-0.27045,0.86031,1,0.00322,0.00407
7.6417,-0.01618,-0.02108,0.00227,0.00307,-0.00462,-0.00667,-0.01477,-0.00000,-0.00000,-0.00055,-0.00086,-0.00055,-0.00086,-0.27040,0.86031,1,0.00322,0.00407
7.6437,-0.01618,-0.02108,0.00226,0.00306,-0.00462,-0.00666,-0.01477,-0.00000,-0.00000,-0.00060,-0.00093,-0.00060,-0.00093,-0.27037,0.86029,1,0.00322,0.00407
7.6457,-0.01618,-0.02108,0.00225,0.00305,-0.00462,-0.00665,-0.01477,-0.00000,-0.00000,-0.00065,-0.00099,-0.00065,-0.00099,-0.27037,0.86031,1,0.00322,0.00407
7.6477,-0.01614,-0.02066,0.00265,0.00326,-0.00302,-0.00567,-0.01136,-0.00000,-0.00000,0.00124,0.00012,-0.00057,-0.00094,-0.27039,0.86032,1,0.00319,0.00372
7.6497,-0.01614,-0.02066,0.00264,0.00324,-0.00314,-0.00578,-0.01136,-0.00000,-0.00000,0.00121,0.00006,-0.00036,-0.00075,-0.27039,0.86032,1,0.00319,0.00372
7.6517,-0.01614,-0.02066,0.00263,0.00323,-0.00336,-0.00599,-0.01136,-0.00000,-0.00000,0.00117,-0.00000,-0.00002,-0.00043,-0.27037,0.86024,1,0.00319,0.00372
7.6537,-0.01614,-0.02066,0.00263,0.00322,-0.00369,-0.00631,-0.01136,-0.00000,-0.00000,0.00113,-0.00007,0.00044,-0.00007,-0.27043,0.86024,1,0.00319,0.00372
7.6557,-0.01614,-0.02066,0.00262,0.00321,-0.00413,-0.00668,-0.01136,-0.00000,-0.00000,0.00109,-0.00013,0.00103,0.00017,-0.27040,0.86024,1,0.00319,0.00372
7.6577,-0.01614,-0.02066,0.00261,0.00319,-0.00468,-0.00694,-0.01136,-0.00000,-0.00000,0.00105,-0.00021,0.00149,0.00028,-0.27039,0.86024,1,0.00319,0.00372
7.6597,-0.01614,-0.02066,0.00260,0.00318,-0.00512,-0.00709,-0.01136,-0.00000,-0.00000,0.00099,-0.00028,0.00183,0.00027,-0.27041,0.86023,1,0.00319,0.00372
7.6617,-0.01614,-0.02066,0.00259,0.00317,-0.00545,-0.00713,-0.01136,-0.00000,-0.00000,0.00094,-0.00035,0.00204,0.00012,-0.27040,0.86025,1,0.00319,0.00372
7.6637,-0.01614,-0.02066,0.00258,0.00315,-0.00567,-0.00706,-0.01136,-0.00000,-0.00000,0.00088,-0.00042,0.00212,-0.00015,-0.27037,0.86031,1,0.00319,0.00372
7.6657,-0.01614,-0.02066,0.00257,0.00314,-0.00578,-0.00687,-0.01136,-0.00000,-0.00000,0.00082,-0.00050,0.00207,-0.00050,-0.27036,0.86029,1,0.00319,0.00372
7.6677,-0.01614,-0.02066,0.00256,0.00312,-0.00578,-0.00663,-0.01136,-0.00000,-0.00000,0.00076,-0.00057,0.00189,-0.00071,-0.27032,0.86027,1,0.00319,0.00372
7.6697,-0.01614,-0.02066,0.00255,0.00311,-0.00567,-0.00650,-0.01136,-0.00000,-0.00000,0.00070,-0.00063,0.00159,-0.00080,-0.27032,0.86025,1,0.00319,0.00372
7.6717,-0.01614,-0.02066,0.00253,0.00310,-0.00545,-0.00647,-0.01136,-0.00000,-0.00000,0.00065,-0.00070,0.00115,-0.00076,-0.27034,0.86026,1,0.00319,0.00372
7.6737,-0.01614,-0.02066,0.00252,0.00308,-0.00513,-0.00656,-0.01136,-0.00000,-0.00000,0.00059,-0.00077,0.00059,-0.00077,-0.27034,0.86022,1,0.00319,0.00372
7.6757,-0.01614,-0.02066,0.00251,0.00307,-0.00469,-0.00661,-0.01136,-0.00000,-0.00000,0.00054,-0.00084,0.00016,-0.00084,-0.27035,0.86022,1,0.00319,0.00372
7.6777,-0.01614,-0.02066,0.00250,0.00306,-0.00436,-0.00660,-0.01136,-0.00000,-0.00000,0.00049,-0.00091,-0.00014,-0.00091,-0.27039,0.86022,1,0.00319,0.00372
7.6798,-0.01614,-0.02066,0.00250,0.00304,-0.00414,-0.00659,-0.01136,-0.00000,-0.00000,0.00045,-0.00098,-0.00032,-0.00098,-0.27034,0.86023,1,0.00319,0.00372
7.6818,-0.01614,-0.02066,0.00249,0.00303,-0.00403,-0.00658,-0.01136,-0.00000,-0.00000,0.00040,-0.00104,-0.00037,-0.00104,-0.27033,0.86017,1,0.00319,0.00372
7.6838,-0.01614,-0.02066,0.00248,0.00302,-0.00403,-0.00657,-0.01136,-0.00000,-0.00000,0.00036,-0.00111,-0.00029,-0.00111,-0.27034,0.86025,1,0.00319,0.00372
7.6858,-0.01614,-0.02066,0.00247,0.00301,-0.00414,-0.00657,-0.01136,-0.00000,-0.00000,0.00032,-0.00118,-0.00008,-0.00118,-0.27033,0.86022,1,0.00319,0.00372
7.6878,-0.01614,-0.02066,0.00246,0.00299,-0.00436,-0.00656,-0.01136,-0.00000,-0.00000,0.00027,-0.00125,0.00025,-0.00125,-0.27036,0.86025,1,0.00319,0.00372
7.6898,-0.01614,-0.02066,0.00245,0.00298,-0.00469,-0.00655,-0.01136,-0.00000,-0.00000,0.00023,-0.00132,0.00046,-0.00132,-0.27033,0.86027,1,0.00319,0.00372
7.6918,-0.01614,-0.02066,0.00244,0.00297,-0.00491,-0.00654,-0.01136,-0.00000,-0.00000,0.00018,-0.00139,0.00054,-0.00139,-0.27039,0.86025,1,0.00319,0.00372
7.6938,-0.01614,-0.02066,0.00243,0.00295,-0.00502,-0.00653,-0.01136,-0.00000,-0.00000,0.00012,-0.00145,0.00049,-0.00145,-0.27036,0.86021,1,0.00319,0.00372
7.6958,-0.01614,-0.02066,0.00242,0.00294,-0.00502,-0.00652,-0.01136,-0.00000,-0.00000,0.00007,-0.00152,0.00032,-0.00152,-0.27036,0.86021,1,0.00319,0.00372
7.6978,-0.01614,-0.02066,0.00241,0.00293,-0.00491,-0.00651,-0.01136,-0.00000,-0.00000,0.00002,-0.00159,0.00002,-0.00159,-0.27032,0.86022,1,0.00319,0.00372
7.6998,-0.01614,-0.02066,0.00241,0.00291,-0.00469,-0.00651,-0.01136,-0.00000,-0.00000,-0.00003,-0.00166,-0.00015,-0.00166,-0.27032,0.86022,1,0.00319,0.00372
7.7018,-0.01614,-0.02066,0.00240,0.00290,-0.00459,-0.00650,-0.01136,-0.00000,-0.00000,-0.00008,-0.00172,-0.00019,-0.00172,-0.27032,0.86023,1,0.00319,0.00372
7.7038,-0.01614,-0.02066,0.00239,0.00289,-0.00459,-0.00649,-0.01136,-0.00000,-0.00000,-0.00013,-0.00179,-0.00013,-0.00179,-0.27031,0.86025,1,0.00319,0.00372
7.7058,-0.01614,-0.02066,0.00238,0.00287,-0.00469,-0.00648,-0.01136,-0.00000,-0.00000,-0.00018,-0.00186,-0.00018,-0.00186,-0.27029,0.86022,1,0.00319,0.00372
7.7078,-0.01614,-0.02066,0.00237,0.00286,-0.00469,-0.00647,-0.01136,-0.00000,-0.00000,-0.00023,-0.00193,-0.00023,-0.00193,-0.27029,0.86022,1,0.00319,0.00372
7.7098,-0.01614,-0.02066,0.00236,0.00285,-0.00468,-0.00646,-0.01136,-0.00000,-0.00000,-0.00027,-0.00199,-0.00027,-0.00199,-0.27033,0.86024,1,0.00319,0.00372
7.7118,-0.01614,-0.02066,0.00235,0.00284,-0.00468,-0.00645,-0.01136,-0.00000,-0.00000,-0.00032,-0.00206,-0.00032,-0.00206,-0.27033,0.86025,1,0.00319,0.00372
7.7138,-0.01614,-0.02066,0.00234,0.00282,-0.00468,-0.00644,-0.01136,-0.00000,-0.00000,-0.00037,-0.00213,-0.00037,-0.00213,-0.27036,0.86024,1,0.00319,0.00372
7.7158,-0.01614,-0.02066,0.00233,0.00281,-0.00467,-0.00643,-0.01136,-0.00000,-0.00000,-0.00042,-0.00220,-0.00042,-0.00220,-0.27036,0.86022,1,0.00319,0.00372
7.7178,-0.01727,-0.02070,0.00275,0.00300,-0.00294,-0.00571,-0.01261,-0.00000,-0.00000,0.00120,-0.00130,-0.00034,-0.00213,-0.27033,0.86025,1,0.00328,0.00344
7.7198,-0.01727,-0.02070,0.00274,0.00299,-0.00306,-0.00582,-0.01261,-0.00000,-0.00000,0.00117,-0.00136,-0.00014,-0.00195,-0.27033,0.86025,1,0.00328,0.00344
7.7218,-0.01727,-0.02070,0.00273,0.00298,-0.00328,-0.00603,-0.01261,-0.00000,-0.00000,0.00113,-0.00143,0.00020,-0.00163,-0.27036,0.86024,1,0.00328,0.00344
7.7239,-0.01727,-0.02070,0.00273,0.00297,-0.00361,-0.00635,-0.01261,-0.00000,-0.00000,0.00109,-0.00149,0.00066,-0.00144,-0.27034,0.86023,1,0.00328,0.00344
7.7259,-0.01727,-0.02070,0.00272,0.00295,-0.00405,-0.00656,-0.01261,-0.00000,-0.00000,0.00105,-0.00156,0.00105,-0.00138,-0.27035,0.86022,1,0.00328,0.00344
7.7279,-0.01727,-0.02070,0.00271,0.00294,-0.00443,-0.00666,-0.01261,-0.00000,-0.00000,0.00101,-0.00163,0.00131,-0.00145,-0.27038,0.86021,1,0.00328,0.00344
7.7299,-0.01727,-0.02070,0.00270,0.00293,-0.00470,-0.00665,-0.01261,-0.00000,-0.00000,0.00096,-0.00170,0.00145,-0.00164,-0.27038,0.86021,1,0.00328,0.00344
7.7319,-0.01727,-0.02070,0.00269,0.00291,-0.00486,-0.00653,-0.01261,-0.00000,-0.00000,0.00091,-0.00177,0.00145,-0.00177,-0.27031,0.86021,1,0.00328,0.00344
7.7339,-0.01727,-0.02070,0.00268,0.00290,-0.00491,-0.00648,-0.01261,-0.00000,-0.00000,0.00086,-0.00183,0.00133,-0.00183,-0.27031,0.86022,1,0.00328,0.00344
7.7359,-0.01727,-0.02070,0.00267,0.00289,-0.00485,-0.00647,-0.01261,-0.00000,-0.00000,0.00081,-0.00190,0.00108,-0.00190,-0.27031,0.86022,1,0.00328,0.00344
7.7379,-0.01727,-0.02070,0.00266,0.00288,-0.00468,-0.00646,-0.01261,-0.00000,-0.00000,0.00075,-0.00197,0.00075,-0.00197,-0.27033,0.86019,1,0.00328,0.00344
7.7399,-0.01727,-0.02070,0.00265,0.00286,-0.00445,-0.00645,-0.01261,-0.00000,-0.00000,0.00071,-0.00203,0.00056,-0.00203,-0.27033,0.86019,1,0.00328,0.00344
7.7419,-0.01727,-0.02070,0.00264,0.00285,-0.00432,-0.00644,-0.01261,-0.00000,-0.00000,0.00066,-0.00210,0.00048,-0.00210,-0.27032,0.86018,1,0.00328,0.00344
7.7439,-0.01727,-0.02070,0.00264,0.00284,-0.00430,-0.00643,-0.01261,-0.00000,-0.00000,0.00061,-0.00217,0.00054,-0.00217,-0.27036,0.86014,1,0.00328,0.00344
7.7459,-0.01727,-0.02070,0.00263,0.00282,-0.00440,-0.00642,-0.01261,-0.00000,-0.00000,0.00057,-0.00224,0.00057,-0.00224,-0.27036,0.86014,1,0.00328,0.00344
7.7479,-0.01727,-0.02070,0.00262,0.00281,-0.00446,-0.00641,-0.01261,-0.00000,-0.00000,0.00052,-0.00230,0.00052,-0.00230,-0.27034,0.86021,1,0.00328,0.00344
7.7499,-0.01727,-0.02070,0.00261,0.00280,-0.00447,-0.00640,-0.01261,-0.00000,-0.00000,0.00047,-0.00237,0.00047,-0.00237,-0.27034,0.86021,1,0.00328,0.00344
7.7519,-0.01727,-0.02070,0.00260,0.00279,-0.00447,-0.00639,-0.01261,-0.00000,-0.00000,0.00043,-0.00244,0.00043,-0.00244,-0.27036,0.86014,1,0.00328,0.00344
7.7540,-0.01727,-0.02070,0.00259,0.00277,-0.00447,-0.00638,-0.01261,-0.00000,-0.00000,0.00038,-0.00250,0.00038,-0.00250,-0.27035,0.86016,1,0.00328,0.00344
7.7560,-0.01727,-0.02070,0.00258,0.00276,-0.00448,-0.00637,-0.01261,-0.00000,-0.00000,0.00033,-0.00257,0.00033,-0.00257,-0.27031,0.86017,1,0.00328,0.00344
7.7580,-0.01727,-0.02070,0.00257,0.00275,-0.00448,-0.00636,-0.01261,-0.00000,-0.00000,0.00028,-0.00264,0.00028,-0.00264,-0.27032,0.86016,1,0.00328,0.00344
7.7600,-0.01727,-0.02070,0.00256,0.00273,-0.00448,-0.00635,-0.01261,-0.00000,-0.00000,0.00024,-0.00270,0.00024,-0.00270,-0.27035,0.86014,1,0.00328,0.00344
7.7620,-0.01727,-0.02070,0.00256,0.00272,-0.00448,-0.00633,-0.01261,-0.00000,-0.00000,0.00019,-0.00277,0.00019,-0.00277,-0.27030,0.86018,1,0.00328,0.00344
7.7640,-0.01727,-0.02070,0.00255,0.00271,-0.00448,-0.00632,-0.01261,-0.00000,-0.00000,0.00014,-0.00283,0.00014,-0.00283,-0.27036,0.86013,1,0.00328,0.00344
7.7660,-0.01727,-0.02070,0.00254,0.00270,-0.00449,-0.00631,-0.01261,-0.00000,-0.00000,0.00009,-0.00290,0.00009,-0.00290,-0.27032,0.86014,1,0.00328,0.00344
7.7680,-0.01727,-0.02070,0.00253,0.00268,-0.00449,-0.00630,-0.01261,-0.00000,-0.00000,0.00005,-0.00297,0.00005,-0.00297,-0.27032,0.86013,1,0.00328,0.00344
7.7700,-0.01727,-0.02070,0.00252,0.00267,-0.00449,-0.00629,-0.01261,-0.00000,-0.00000,-0.00000,-0.00303,-0.00000,-0.00303,-0.27033,0.86011,1,0.00328,0.00344
7.7720,-0.01727,-0.02070,0.00251,0.00266,-0.00449,-0.00628,-0.01261,-0.00000,-0.00000,-0.00005,-0.00310,-0.00005,-0.00310,-0.27033,0.86014,1,0.00328,0.00344
7.7740,-0.01727,-0.02070,0.00250,0.00265,-0.00449,-0.00627,-0.01261,-0.00000,-0.00000,-0.00010,-0.00316,-0.00010,-0.00316,-0.27033,0.86009,1,0.00328,0.00344
7.7760,-0.01727,-0.02070,0.00249,0.00263,-0.00449,-0.00625,-0.01261,-0.00000,-0.00000,-0.00014,-0.00323,-0.00014,-0.00323,-0.27031,0.86015,1,0.00328,0.00344
7.7781,-0.01727,-0.02070,0.00248,0.00262,-0.00449,-0.00624,-0.01261,-0.00000,-0.00000,-0.00019,-0.00329,-0.00019,-0.00329,-0.27035,0.86013,1,0.00328,0.00344
7.7801,-0.01727,-0.02070,0.00248,0.00261,-0.00449,-0.00623,-0.01261,-0.00000,-0.00000,-0.00024,-0.00336,-0.00024,-0.00336,-0.27031,0.86011,1,0.00328,0.00344
7.7821,-0.01727,-0.02070,0.00247,0.00260,-0.00450,-0.00622,-0.01261,-0.00000,-0.00000,-0.00029,-0.00342,-0.00029,-0.00342,-0.27032,0.86014,1,0.00328,0.00344
7.7841,-0.01727,-0.02070,0.00246,0.00258,-0.00450,-0.00620,-0.01261,-0.00000,-0.00000,-0.00034,-0.00349,-0.00034,-0.00349,-0.27028,0.86013,1,0.00328,0.00344
7.7861,-0.01442,-0.01980,0.00202,0.00204,-0.00602,-0.00799,-0.01535,-0.00000,-0.00000,-0.00155,-0.00578,-0.00051,-0.00368,-0.27032,0.86014,1,0.00183,0.00182
7.7881,-0.01442,-0.01980,0.00201,0.00203,-0.00590,-0.00785,-0.01535,-0.00000,-0.00000,-0.00161,-0.00586,-0.00082,-0.00400,-0.27032,0.86016,1,0.00183,0.00182
7.7901,-0.01442,-0.01980,0.00200,0.00201,-0.00568,-0.00761,-0.01535,-0.00000,-0.00000,-0.00167,-0.00594,-0.00125,-0.00445,-0.27035,0.86007,1,0.00183,0.00182
7.7922,-0.01442,-0.01980,0.00199,0.00200,-0.00534,-0.00726,-0.01535,-0.00000,-0.00000,-0.00172,-0.00602,-0.00172,-0.00503,-0.27031,0.86006,1,0.00183,0.00182
7.7942,-0.01442,-0.01980,0.00198,0.00198,-0.00497,-0.00680,-0.01535,-0.00000,-0.00000,-0.00178,-0.00609,-0.00207,-0.00573,-0.27031,0.86007,1,0.00183,0.00182
7.7962,-0.01442,-0.01980,0.00197,0.00197,-0.00471,-0.00623,-0.01535,-0.00000,-0.00000,-0.00183,-0.00616,-0.00229,-0.00631,-0.27033,0.86010,1,0.00183,0.00182
7.7982,-0.01442,-0.01980,0.00196,0.00196,-0.00455,-0.00577,-0.01535,-0.00000,-0.00000,-0.00187,-0.00622,-0.00238,-0.00676,-0.27033,0.86009,1,0.00183,0.00182
7.8002,-0.01442,-0.01980,0.00195,0.00195,-0.00450,-0.00542,-0.01535,-0.00000,-0.00000,-0.00192,-0.00628,-0.00234,-0.00708,-0.27038,0.86006,1,0.00183,0.00182
7.8022,-0.01442,-0.01980,0.00194,0.00194,-0.00457,-0.00518,-0.01535,-0.00000,-0.00000,-0.00197,-0.00634,-0.00218,-0.00727,-0.27041,0.86006,1,0.00183,0.00182
7.8042,-0.01442,-0.01980,0.00193,0.00193,-0.00474,-0.00505,-0.01535,-0.00000,-0.00000,-0.00202,-0.00639,-0.00202,-0.00734,-0.27040,0.86002,1,0.00183,0.00182
7.8062,-0.01442,-0.01980,0.00192,0.00192,-0.00491,-0.00502,-0.01535,-0.00000,-0.00000,-0.00207,-0.00645,-0.00198,-0.00727,-0.27036,0.86002,1,0.00183,0.00182
7.8082,-0.01442,-0.01980,0.00191,0.00191,-0.00498,-0.00511,-0.01535,-0.00000,-0.00000,-0.00212,-0.00650,-0.00207,-0.00708,-0.27037,0.86001,1,0.00183,0.00182
7.8103,-0.01442,-0.01980,0.00190,0.00189,-0.00493,-0.00531,-0.01535,-0.00000,-0.00000,-0.00217,-0.00655,-0.00217,-0.00676,-0.27038,0.85995,1,0.00183,0.00182
7.8123,-0.01442,-0.01980,0.00189,0.00188,-0.00488,-0.00561,-0.01535,-0.00000,-0.00000,-0.00222,-0.00661,-0.00222,-0.00657,-0.27035,0.85997,1,0.00183,0.00182
7.8143,-0.01442,-0.01980,0.00188,0.00187,-0.00487,-0.00580,-0.01535,-0.00000,-0.00000,-0.00227,-0.00667,-0.00227,-0.00651,-0.27037,0.85999,1,0.00183,0.00182
7.8163,-0.01442,-0.01980,0.00187,0.00186,-0.00486,-0.00589,-0.01535,-0.00000,-0.00000,-0.00232,-0.00673,-0.00232,-0.00658,-0.27037,0.85996,1,0.00183,0.00182
7.8183,-0.01442,-0.01980,0.00186,0.00185,-0.00484,-0.00587,-0.01535,-0.00000,-0.00000,-0.00237,-0.00679,-0.00237,-0.00677,-0.27035,0.86000,1,0.00183,0.00182
7.8203,-0.01442,-0.01980,0.00185,0.00184,-0.00483,-0.00573,-0.01535,-0.00000,-0.00000,-0.00242,-0.00686,-0.00242,-0.00686,-0.27037,0.85998,1,0.00183,0.00182
7.8223,-0.01442,-0.01980,0.00184,0.00183,-0.00482,-0.00569,-0.01535,-0.00000,-0.00000,-0.00247,-0.00691,-0.00247,-0.00691,-0.27041,0.85991,1,0.00183,0.00182
7.8243,-0.01442,-0.01980,0.00183,0.00181,-0.00481,-0.00567,-0.01535,-0.00000,-0.00000,-0.00252,-0.00697,-0.00252,-0.00697,-0.27035,0.85997,1,0.00183,0.00182
7.8263,-0.01442,-0.01980,0.00182,0.00180,-0.00480,-0.00565,-0.01535,-0.00000,-0.00000,-0.00257,-0.00703,-0.00257,-0.00703,-0.27038,0.85993,1,0.00183,0.00182
7.8283,-0.01442,-0.01980,0.00181,0.00179,-0.00478,-0.00563,-0.01535,-0.00000,-0.00000,-0.00262,-0.00709,-0.00262,-0.00709,-0.27042,0.85987,1,0.00183,0.00182
7.8303,-0.01442,-0.01980,0.00180,0.00178,-0.00477,-0.00560,-0.01535,-0.00000,-0.00000,-0.00267,-0.00715,-0.00267,-0.00715,-0.27041,0.85987,1,0.00183,0.00182
7.8323,-0.01442,-0.01980,0.00179,0.00177,-0.00476,-0.00558,-0.01535,-0.00000,-0.00000,-0.00272,-0.00721,-0.00272,-0.00721,-0.27044,0.85985,1,0.00183,0.00182
7.8343,-0.01442,-0.01980,0.00178,0.00176,-0.00475,-0.00556,-0.01535,-0.00000,-0.00000,-0.00277,-0.00727,-0.00277,-0.00727,-0.27043,0.85984,1,0.00183,0.00182
7.8363,-0.01442,-0.01980,0.00178,0.00175,-0.00473,-0.00554,-0.01535,-0.00000,-0.00000,-0.00282,-0.00733,-0.00282,-0.00733,-0.27041,0.85982,1,0.00183,0.00182
7.8384,-0.01442,-0.01980,0.00177,0.00174,-0.00472,-0.00552,-0.01535,-0.00000,-0.00000,-0.00287,-0.00739,-0.00287,-0.00739,-0.27041,0.85982,1,0.00183,0.00182
7.8404,-0.01442,-0.01980,0.00176,0.00173,-0.00471,-0.00550,-0.01535,-0.00000,-0.00000,-0.00291,-0.00744,-0.00291,-0.00744,-0.27046,0.85980,1,0.00183,0.00182
7.8424,-0.01442,-0.01980,0.00175,0.00171,-0.00470,-0.00548,-0.01535,-0.00000,-0.00000,-0.00296,-0.00750,-0.00296,-0.00750,-0.27043,0.85976,1,0.00183,0.00182
7.8444,-0.01442,-0.01980,0.00174,0.00170,-0.00468,-0.00546,-0.01535,-0.00000,-0.00000,-0.00301,-0.00756,-0.00301,-0.00756,-0.27049,0.85972,1,0.00183,0.00182
7.8464,-0.01442,-0.01980,0.00173,0.00169,-0.00467,-0.00544,-0.01535,-0.00000,-0.00000,-0.00306,-0.00762,-0.00306,-0.00762,-0.27048,0.85972,1,0.00183,0.00182
7.8484,-0.01464,-0.01790,0.00192,0.00217,-0.00405,-0.00385,-0.02604,-0.00000,-0.00000,-0.00225,-0.00480,-0.00298,-0.00755,-0.27050,0.85966,1,0.00230,0.00286
7.8504,-0.01464,-0.01790,0.00191,0.00216,-0.00415,-0.00394,-0.02604,-0.00000,-0.00000,-0.00229,-0.00485,-0.00277,-0.00735,-0.27045,0.85970,1,0.00230,0.00286
7.8524,-0.01464,-0.01790,0.00190,0.00215,-0.00436,-0.00415,-0.02604,-0.00000,-0.00000,-0.00233,-0.00489,-0.00244,-0.00702,-0.27052,0.85966,1,0.00230,0.00286
7.8544,-0.01464,-0.01790,0.00189,0.00214,-0.00467,-0.00446,-0.02604,-0.00000,-0.00000,-0.00238,-0.00494,-0.00223,-0.00657,-0.27045,0.85969,1,0.00230,0.00286
7.8564,-0.01464,-0.01790,0.00188,0.00213,-0.00488,-0.00489,-0.02604,-0.00000,-0.00000,-0.00243,-0.00498,-0.00215,-0.00598,-0.27048,0.85962,1,0.00230,0.00286
7.8584,-0.01464,-0.01790,0.00187,0.00212,-0.00498,-0.00542,-0.02604,-0.00000,-0.00000,-0.00248,-0.00504,-0.00220,-0.00527,-0.27048,0.85965,1,0.00230,0.00286
7.8604,-0.01464,-0.01790,0.00186,0.00211,-0.00497,-0.00606,-0.02604,-0.00000,-0.00000,-0.00253,-0.00510,-0.00238,-0.00469,-0.27049,0.85963,1,0.00230,0.00286
7.8624,-0.01464,-0.01790,0.00185,0.00210,-0.00485,-0.00660,-0.02604,-0.00000,-0.00000,-0.00258,-0.00516,-0.00258,-0.00424,-0.27046,0.85965,1,0.00230,0.00286
7.8645,-0.01464,-0.01790,0.00184,0.00209,-0.00471,-0.00702,-0.02604,-0.00000,-0.00000,-0.00263,-0.00523,-0.00266,-0.00391,-0.27046,0.85960,1,0.00230,0.00286
7.8665,-0.01464,-0.01790,0.00183,0.00207,-0.00467,-0.00733,-0.02604,-0.00000,-0.00000,-0.00268,-0.00531,-0.00268,-0.00371,-0.27046,0.85959,1,0.00230,0.00286
7.8685,-0.01464,-0.01790,0.00182,0.00206,-0.00468,-0.00754,-0.02604,-0.00000,-0.00000,-0.00273,-0.00538,-0.00273,-0.00364,-0.27049,0.85961,1,0.00230,0.00286
7.8705,-0.01464,-0.01790,0.00181,0.00204,-0.00467,-0.00763,-0.02604,-0.00000,-0.00000,-0.00278,-0.00546,-0.00278,-0.00370,-0.27045,0.85958,1,0.00230,0.00286
7.8725,-0.01464,-0.01790,0.00180,0.00203,-0.00466,-0.00762,-0.02604,-0.00000,-0.00000,-0.00283,-0.00554,-0.00283,-0.00388,-0.27046,0.85955,1,0.00230,0.00286
7.8745,-0.01464,-0.01790,0.00179,0.00201,-0.00465,-0.00749,-0.02604,-0.00000,-0.00000,-0.00288,-0.00561,-0.00288,-0.00420,-0.27049,0.85956,1,0.00230,0.00286
7.8765,-0.01464,-0.01790,0.00179,0.00200,-0.00464,-0.00726,-0.02604,-0.00000,-0.00000,-0.00292,-0.00569,-0.00292,-0.00464,-0.27052,0.85955,1,0.00230,0.00286
7.8785,-0.01464,-0.01790,0.00178,0.00198,-0.00463,-0.00691,-0.02604,-0.00000,-0.00000,-0.00297,-0.00576,-0.00297,-0.00521,-0.27053,0.85959,1,0.00230,0.00286
7.8805,-0.01464,-0.01790,0.00177,0.00197,-0.00461,-0.00646,-0.02604,-0.00000,-0.00000,-0.00302,-0.00583,-0.00302,-0.00583,-0.27053,0.85955,1,0.00230,0.00286
7.8825,-0.01464,-0.01790,0.00176,0.00196,-0.00460,-0.00596,-0.02604,-0.00000,-0.00000,-0.00307,-0.00589,-0.00307,-0.00632,-0.27048,0.85956,1,0.00230,0.00286
7.8845,-0.01464,-0.01790,0.00175,0.00195,-0.00459,-0.00557,-0.02604,-0.00000,-0.00000,-0.00312,-0.00595,-0.00312,-0.00669,-0.27056,0.85955,1,0.00230,0.00286
7.8866,-0.01464,-0.01790,0.00174,0.00193,-0.00458,-0.00529,-0.02604,-0.00000,-0.00000,-0.00316,-0.00601,-0.00316,-0.00693,-0.27051,0.85951,1,0.00230,0.00286
7.8886,-0.01464,-0.01790,0.00173,0.00192,-0.00457,-0.00512,-0.02604,-0.00000,-0.00000,-0.00321,-0.00607,-0.00321,-0.00703,-0.27057,0.85950,1,0.00230,0.00286
7.8906,-0.01464,-0.01790,0.00172,0.00191,-0.00456,-0.00506,-0.02604,-0.00000,-0.00000,-0.00326,-0.00612,-0.00326,-0.00702,-0.27053,0.85948,1,0.00230,0.00286
7.8926,-0.01464,-0.01790,0.00171,0.00190,-0.00454,-0.00511,-0.02604,-0.00000,-0.00000,-0.00331,-0.00617,-0.00331,-0.00687,-0.27055,0.85947,1,0.00230,0.00286
7.8946,-0.01464,-0.01790,0.00170,0.00189,-0.00453,-0.00527,-0.02604,-0.00000,-0.00000,-0.00335,-0.00623,-0.00335,-0.00659,-0.27055,0.85944,1,0.00230,0.00286
7.8966,-0.01464,-0.01790,0.00169,0.00188,-0.00452,-0.00553,-0.02604,-0.00000,-0.00000,-0.00340,-0.00628,-0.00340,-0.00628,-0.27064,0.85940,1,0.00230,0.00286
7.8986,-0.01464,-0.01790,0.00168,0.00187,-0.00451,-0.00583,-0.02604,-0.00000,-0.00000,-0.00345,-0.00634,-0.00345,-0.00610,-0.27059,0.85939,1,0.00230,0.00286
7.9006,-0.01464,-0.01790,0.00168,0.00186,-0.00450,-0.00602,-0.02604,-0.00000,-0.00000,-0.00350,-0.00640,-0.00350,-0.00604,-0.27053,0.85941,1,0.00230,0.00286
7.9026,-0.01464,-0.01790,0.00167,0.00185,-0.00448,-0.00610,-0.02604,-0.00000,-0.00000,-0.00354,-0.00647,-0.00354,-0.00612,-0.27053,0.85940,1,0.00230,0.00286
7.9046,-0.01464,-0.01790,0.00166,0.00184,-0.00447,-0.00606,-0.02604,-0.00000,-0.00000,-0.00359,-0.00653,-0.00359,-0.00632,-0.27053,0.85942,1,0.00230,0.00286
7.9066,-0.01464,-0.01790,0.00165,0.00182,-0.00446,-0.00592,-0.02604,-0.00000,-0.00000,-0.00364,-0.00659,-0.00364,-0.00659,-0.27050,0.85943,1,0.00230,0.00286
7.9086,-0.01464,-0.01790,0.00164,0.00181,-0.00445,-0.00572,-0.02604,-0.00000,-0.00000,-0.00368,-0.00665,-0.00368,-0.00673,-0.27059,0.85938,1,0.00230,0.00286
7.9106,-0.01464,-0.01790,0.00163,0.00180,-0.00443,-0.00563,-0.02604,-0.00000,-0.00000,-0.00373,-0.00671,-0.00373,-0.00675,-0.27053,0.85942,1,0.00230,0.00286
7.9126,-0.01464,-0.01790,0.00162,0.00179,-0.00442,-0.00564,-0.02604,-0.00000,-0.00000,-0.00377,-0.00677,-0.00377,-0.00677,-0.27054,0.85937,1,0.00230,0.00286
7.9146,-0.01464,-0.01790,0.00161,0.00178,-0.00441,-0.00566,-0.02604,-0.00000,-0.00000,-0.00382,-0.00683,-0.00382,-0.00683,-0.27061,0.85935,1,0.00230,0.00286
7.9166,-0.01449,-0.01852,0.00214,0.00216,-0.00254,-0.00400,-0.02444,-0.00000,-0.00000,-0.00129,-0.00523,-0.00374,-0.00676,-0.27059,0.85933,1,0.00280,0.00271
7.9186,-0.01449,-0.01852,0.00213,0.00215,-0.00265,-0.00409,-0.02444,-0.00000,-0.00000,-0.00132,-0.00528,-0.00353,-0.00656,-0.27059,0.85929,1,0.00280,0.00271
7.9206,-0.01449,-0.01852,0.00213,0.00214,-0.00286,-0.00430,-0.02444,-0.00000,-0.00000,-0.00135,-0.00532,-0.00319,-0.00624,-0.27055,0.85929,1,0.00280,0.00271
7.9226,-0.01449,-0.01852,0.00212,0.00213,-0.00319,-0.00461,-0.02444,-0.00000,-0.00000,-0.00139,-0.00537,-0.00273,-0.00578,-0.27056,0.85926,1,0.00280,0.00271
7.9246,-0.01449,-0.01852,0.00212,0.00212,-0.00362,-0.00504,-0.02444,-0.00000,-0.00000,-0.00142,-0.00542,-0.00213,-0.00542,-0.27057,0.85923,1,0.00280,0.00271
7.9266,-0.01449,-0.01852,0.00211,0.00211,-0.00417,-0.00538,-0.02444,-0.00000,-0.00000,-0.00146,-0.00548,-0.00146,-0.00519,-0.27062,0.85923,1,0.00280,0.00271
7.9286,-0.01449,-0.01852,0.00210,0.00210,-0.00477,-0.00561,-0.02444,-0.00000,-0.00000,-0.00151,-0.00553,-0.00093,-0.00508,-0.27058,0.85920,1,0.00280,0.00271
7.9306,-0.01449,-0.01852,0.00209,0.00209,-0.00527,-0.00574,-0.02444,-0.00000,-0.00000,-0.00156,-0.00559,-0.00052,-0.00511,-0.27062,0.85923,1,0.00280,0.00271
7.9326,-0.01449,-0.01852,0.00208,0.00208,-0.00565,-0.00575,-0.02444,-0.00000,-0.00000,-0.00162,-0.00565,-0.00023,-0.00526,-0.27061,0.85920,1,0.00280,0.00271
7.9346,-0.01449,-0.01852,0.00207,0.00206,-0.00593,-0.00566,-0.02444,-0.00000,-0.00000,-0.00168,-0.00571,-0.00008,-0.00553,-0.27058,0.85919,1,0.00280,0.00271
7.9366,-0.01449,-0.01852,0.00205,0.00205,-0.00609,-0.00546,-0.02444,-0.00000,-0.00000,-0.00174,-0.00577,-0.00005,-0.00577,-0.27057,0.85919,1,0.00280,0.00271
7.9386,-0.01449,-0.01852,0.00204,0.00204,-0.00615,-0.00529,-0.02444,-0.00000,-0.00000,-0.00180,-0.00583,-0.00015,-0.00588,-0.27056,0.85916,1,0.00280,0.00271
7.9406,-0.01449,-0.01852,0.00203,0.00203,-0.00610,-0.00523,-0.02444,-0.00000,-0.00000,-0.00186,-0.00588,-0.00038,-0.00588,-0.27055,0.85919,1,0.00280,0.00271
7.9426,-0.01449,-0.01852,0.00202,0.00202,-0.00594,-0.00526,-0.02444,-0.00000,-0.00000,-0.00193,-0.00594,-0.00074,-0.00594,-0.27057,0.85915,1,0.00280,0.00271
7.9446,-0.01449,-0.01852,0.00201,0.00201,-0.00566,-0.00525,-0.02444,-0.00000,-0.00000,-0.00198,-0.00599,-0.00122,-0.00599,-0.27060,0.85910,1,0.00280,0.00271
7.9466,-0.01449,-0.01852,0.00200,0.00200,-0.00528,-0.00523,-0.02444,-0.00000,-0.00000,-0.00204,-0.00605,-0.00184,-0.00605,-0.27058,0.85910,1,0.00280,0.00271
7.9486,-0.01449,-0.01852,0.00199,0.00199,-0.00479,-0.00522,-0.02444,-0.00000,-0.00000,-0.00209,-0.00610,-0.00232,-0.00610,-0.27063,0.85903,1,0.00280,0.00271
7.9506,-0.01449,-0.01852,0.00198,0.00198,-0.00441,-0.00521,-0.02444,-0.00000,-0.00000,-0.00214,-0.00616,-0.00268,-0.00616,-0.27060,0.85900,1,0.00280,0.00271
7.9526,-0.01449,-0.01852,0.00197,0.00197,-0.00414,-0.00519,-0.02444,-0.00000,-0.00000,-0.00218,-0.00621,-0.00291,-0.00621,-0.27064,0.85904,1,0.00280,0.00271
7.9546,-0.01449,-0.01852,0.00196,0.00196,-0.00398,-0.00518,-0.02444,-0.00000,-0.00000,-0.00223,-0.00627,-0.00301,-0.00627,-0.27059,0.85900,1,0.00280,0.00271
7.9566,-0.01449,-0.01852,0.00195,0.00195,-0.00392,-0.00516,-0.02444,-0.00000,-0.00000,-0.00227,-0.00632,-0.00298,-0.00632,-0.27065,0.85897,1,0.00280,0.00271
7.9586,-0.01449,-0.01852,0.00194,0.00194,-0.00398,-0.00515,-0.02444,-0.00000,-0.00000,-0.00231,-0.00638,-0.00283,-0.00638,-0.27067,0.85904,1,0.00280,0.00271
7.9606,-0.01449,-0.01852,0.00194,0.00193,-0.00414,-0.00514,-0.02444,-0.00000,-0.00000,-0.00235,-0.00643,-0.00255,-0.00643,-0.27069,0.85898,1,0.00280,0.00271
7.9626,-0.01449,-0.01852,0.00193,0.00192,-0.00442,-0.00512,-0.02444,-0.00000,-0.00000,-0.00240,-0.00648,-0.00239,-0.00648,-0.27070,0.85894,1,0.00280,0.00271
7.9646,-0.01449,-0.01852,0.00192,0.00191,-0.00458,-0.00511,-0.02444,-0.00000,-0.00000,-0.00245,-0.00654,-0.00237,-0.00654,-0.27073,0.85893,1,0.00280,0.00271
7.9666,-0.01449,-0.01852,0.00191,0.00190,-0.00463,-0.00509,-0.02444,-0.00000,-0.00000,-0.00249,-0.00659,-0.00247,-0.00659,-0.27070,0.85893,1,0.00280,0.00271
7.9686,-0.01449,-0.01852,0.00190,0.00189,-0.00458,-0.00508,-0.02444,-0.00000,-0.00000,-0.00254,-0.00665,-0.00254,-0.00665,-0.27070,0.85888,1,0.00280,0.00271
7.9706,-0.01449,-0.01852,0.00189,0.00188,-0.00455,-0.00507,-0.02444,-0.00000,-0.00000,-0.00259,-0.00670,-0.00259,-0.00670,-0.27070,0.85889,1,0.00280,0.00271
7.9726,-0.01449,-0.01852,0.00188,0.00187,-0.00454,-0.00505,-0.02444,-0.00000,-0.00000,-0.00264,-0.00675,-0.00264,-0.00675,-0.27068,0.85888,1,0.00280,0.00271
7.9746,-0.01449,-0.01852,0.00187,0.00186,-0.00453,-0.00504,-0.02444,-0.00000,-0.00000,-0.00268,-0.00681,-0.00268,-0.00681,-0.27071,0.85882,1,0.00280,0.00271
7.9766,-0.01449,-0.01852,0.00186,0.00185,-0.00452,-0.00502,-0.02444,-0.00000,-0.00000,-0.00273,-0.00686,-0.00273,-0.00686,-0.27077,0.85883,1,0.00280,0.00271
7.9786,-0.01449,-0.01852,0.00185,0.00184,-0.00451,-0.00501,-0.02444,-0.00000,-0.00000,-0.00278,-0.00691,-0.00278,-0.00691,-0.27067,0.85886,1,0.00280,0.00271
7.9806,-0.01449,-0.01852,0.00184,0.00183,-0.00450,-0.00499,-0.02444,-0.00000,-0.00000,-0.00282,-0.00696,-0.00282,-0.00696,-0.27076,0.85880,1,0.00280,0.00271
7.9826,-0.01449,-0.01852,0.00184,0.00182,-0.00449,-0.00498,-0.02444,-0.00000,-0.00000,-0.00287,-0.00702,-0.00287,-0.00702,-0.27071,0.85881,1,0.00280,0.00271
7.9846,-0.01449,-0.01852,0.00183,0.00181,-0.00448,-0.00496,-0.02444,-0.00000,-0.00000,-0.00292,-0.00707,-0.00292,-0.00707,-0.27073,0.85880,1,0.00280,0.00271
7.9866,-0.01568,-0.01936,0.00216,0.00274,-0.00308,-0.00174,-0.03217,-0.00000,-0.00000,-0.00171,-0.00289,-0.00284,-0.00699,-0.27074,0.85880,0,0.00264,0.00381
7.9886,-0.01568,-0.01936,0.00215,0.00274,-0.00319,-0.00185,-0.03217,-0.00000,-0.00000,-0.00174,-0.00292,-0.00263,-0.00679,-0.27066,0.85874,0,0.00264,0.00381
7.9906,-0.01568,-0.01936,0.00215,0.00274,-0.00341,-0.00207,-0.03217,-0.00000,-0.00000,-0.00178,-0.00294,-0.00229,-0.00646,-0.27070,0.85876,0,0.00264,0.00381
7.9926,-0.01568,-0.01936,0.00214,0.00273,-0.00373,-0.00240,-0.03217,-0.00000,-0.00000,-0.00182,-0.00297,-0.00183,-0.00600,-0.27076,0.85876,0,0.00264,0.00381
7.9946,-0.01568,-0.01936,0.00213,0.00273,-0.00416,-0.00284,-0.03217,-0.00000,-0.00000,-0.00186,-0.00300,-0.00149,-0.00541,-0.27071,0.85874,0,0.00264,0.00381
7.9966,-0.01568,-0.01936,0.00212,0.00272,-0.00449,-0.00339,-0.03217,-0.00000,-0.00000,-0.00190,-0.00303,-0.00128,-0.00470,-0.27073,0.85871,0,0.00264,0.00381
7.9987,-0.01568,-0.01936,0.00211,0.00271,-0.00470,-0.00405,-0.03217,-0.00000,-0.00000,-0.00195,-0.00308,-0.00120,-0.00385,-0.27078,0.85871,0,0.00264,0.00381
8.0007,-0.01568,-0.01936,0.00210,0.00270,-0.00481,-0.00481,-0.03217,-0.00000,-0.00000,-0.00200,-0.00312,-0.00124,-0.00312,-0.27078,0.85869,0,0.00264,0.00381
8.0027,-0.01568,-0.01936,0.00209,0.00269,-0.00480,-0.00548,-0.03217,-0.00000,-0.00000,-0.00205,-0.00318,-0.00142,-0.00252,-0.27075,0.85868,0,0.00264,0.00381
8.0047,-0.01568,-0.01936,0.00209,0.00268,-0.00469,-0.00604,-0.03217,-0.00000,-0.00000,-0.00210,-0.00324,-0.00172,-0.00205,-0.27078,0.85867,0,0.00264,0.00381
8.0067,-0.01568,-0.01936,0.00208,0.00267,-0.00446,-0.00649,-0.03217,-0.00000,-0.00000,-0.00215,-0.00330,-0.00215,-0.00170,-0.27077,0.85866,0,0.00264,0.00381
8.0087,-0.01568,-0.01936,0.00207,0.00266,-0.00413,-0.00683,-0.03217,-0.00000,-0.00000,-0.00219,-0.00337,-0.00245,-0.00148,-0.27074,0.85871,0,0.00264,0.00381
8.0107,-0.01568,-0.01936,0.00206,0.00264,-0.00391,-0.00706,-0.03217,-0.00000,-0.00000,-0.00224,-0.00344,-0.00262,-0.00139,-0.27074,0.85868,0,0.00264,0.00381
8.0127,-0.01568,-0.01936,0.00205,0.00263,-0.00380,-0.00719,-0.03217,-0.00000,-0.00000,-0.00228,-0.00352,-0.00266,-0.00143,-0.27078,0.85864,0,0.00264,0.00381
8.0147,-0.01568,-0.01936,0.00204,0.00261,-0.00380,-0.00720,-0.03217,-0.00000,-0.00000,-0.00232,-0.00359,-0.00258,-0.00159,-0.27083,0.85867,0,0.00264,0.00381
8.0167,-0.01568,-0.01936,0.00204,0.00260,-0.00390,-0.00710,-0.03217,-0.00000,-0.00000,-0.00236,-0.00366,-0.00236,-0.00189,-0.27085,0.85869,0,0.00264,0.00381
8.0187,-0.01568,-0.01936,0.00203,0.00259,-0.00412,-0.00689,-0.03217,-0.00000,-0.00000,-0.00240,-0.00374,-0.00228,-0.00231,-0.27081,0.85868,0,0.00264,0.00381
8.0207,-0.01568,-0.01936,0.00202,0.00257,-0.00423,-0.00658,-0.03217,-0.00000,-0.00000,-0.00245,-0.00380,-0.00232,-0.00286,-0.27080,0.85867,0,0.00264,0.00381
8.0227,-0.01568,-0.01936,0.00201,0.00256,-0.00422,-0.00615,-0.03217,-0.00000,-0.00000,-0.00249,-0.00387,-0.00249,-0.00353,-0.27082,0.85865,0,0.00264,0.00381
8.0247,-0.01568,-0.01936,0.00200,0.00255,-0.00411,-0.00561,-0.03217,-0.00000,-0.00000,-0.00253,-0.00393,-0.00253,-0.00408,-0.27085,0.85863,0,0.00264,0.00381
8.0267,-0.01568,-0.01936,0.00199,0.00254,-0.00411,-0.00519,-0.03217,-0.00000,-0.00000,-0.00258,-0.00399,-0.00258,-0.00450,-0.27077,0.85871,0,0.00264,0.00381
8.0287,-0.01568,-0.01936,0.00199,0.00253,-0.00410,-0.00487,-0.03217,-0.00000,-0.00000,-0.00262,-0.00404,-0.00262,-0.00480,-0.27081,0.85868,0,0.00264,0.00381
8.0307,-0.01568,-0.01936,0.00198,0.00252,-0.00410,-0.00466,-0.03217,-0.00000,-0.00000,-0.00267,-0.00409,-0.00267,-0.00496,-0.27080,0.85864,0,0.00264,0.00381
8.0327,-0.01568,-0.01936,0.00197,0.00251,-0.00409,-0.00456,-0.03217,-0.00000,-0.00000,-0.00271,-0.00414,-0.00271,-0.00500,-0.27085,0.85861,0,0.00264,0.00381
8.0347,-0.01568,-0.01936,0.00196,0.00250,-0.00409,-0.00457,-0.03217,-0.00000,-0.00000,-0.00275,-0.00419,-0.00275,-0.00491,-0.27080,0.85862,0,0.00264,0.00381
8.0367,-0.01568,-0.01936,0.00195,0.00249,-0.00409,-0.00469,-0.03217,-0.00000,-0.00000,-0.00280,-0.00424,-0.00280,-0.00469,-0.27086,0.85857,0,0.00264,0.00381
8.0387,-0.01568,-0.01936,0.00195,0.00248,-0.00408,-0.00492,-0.03217,-0.00000,-0.00000,-0.00284,-0.00429,-0.00284,-0.00434,-0.27089,0.85858,0,0.00264,0.00381
8.0407,-0.01568,-0.01936,0.00194,0.00247,-0.00408,-0.00526,-0.03217,-0.00000,-0.00000,-0.00288,-0.00435,-0.00288,-0.00412,-0.27092,0.85857,0,0.00264,0.00381
8.0427,-0.01568,-0.01936,0.00193,0.00246,-0.00407,-0.00548,-0.03217,-0.00000,-0.00000,-0.00293,-0.00440,-0.00293,-0.00403,-0.27085,0.85856,0,0.00264,0.00381
8.0447,-0.01568,-0.01936,0.00192,0.00245,-0.00407,-0.00560,-0.03217,-0.00000,-0.00000,-0.00297,-0.00446,-0.00297,-0.00407,-0.27090,0.85856,0,0.00264,0.00381
8.0467,-0.01568,-0.01936,0.00191,0.00244,-0.00406,-0.00561,-0.03217,-0.00000,-0.00000,-0.00301,-0.00452,-0.00301,-0.00424,-0.27093,0.85857,0,0.00264,0.00381
8.0487,-0.01476,-0.01824,0.00176,0.00261,-0.00429,-0.00525,-0.03861,-0.00000,-0.00000,-0.00348,-0.00336,-0.00318,-0.00427,-0.27087,0.85861,0,0.00176,0.00305
8.0507,-0.01476,-0.01824,0.00175,0.00260,-0.00417,-0.00527,-0.03861,-0.00000,-0.00000,-0.00352,-0.00342,-0.00348,-0.00418,-0.27086,0.85860,0,0.00176,0.00305
8.0527,-0.01476,-0.01824,0.00174,0.00259,-0.00394,-0.00539,-0.03861,-0.00000,-0.00000,-0.00357,-0.00348,-0.00365,-0.00396,-0.27089,0.85859,0,0.00176,0.00305
8.0547,-0.01476,-0.01824,0.00173,0.00258,-0.00382,-0.00562,-0.03861,-0.00000,-0.00000,-0.00361,-0.00353,-0.00370,-0.00362,-0.27094,0.85860,0,0.00176,0.00305
8.0567,-0.01476,-0.01824,0.00172,0.00257,-0.00382,-0.00596,-0.03861,-0.00000,-0.00000,-0.00365,-0.00359,-0.00365,-0.00340,-0.27098,0.85859,0,0.00176,0.00305
8.0587,-0.01476,-0.01824,0.00172,0.00256,-0.00389,-0.00619,-0.03861,-0.00000,-0.00000,-0.00369,-0.00366,-0.00369,-0.00331,-0.27097,0.85860,0,0.00176,0.00305
8.0607,-0.01476,-0.01824,0.00171,0.00254,-0.00388,-0.00631,-0.03861,-0.00000,-0.00000,-0.00373,-0.00372,-0.00373,-0.00335,-0.27096,0.85857,0,0.00176,0.00305
8.0627,-0.01476,-0.01824,0.00170,0.00253,-0.00387,-0.00632,-0.03861,-0.00000,-0.00000,-0.00377,-0.00379,-0.00377,-0.00351,-0.27097,0.85854,0,0.00176,0.00305
8.0647,-0.01476,-0.01824,0.00169,0.00252,-0.00387,-0.00622,-0.03861,-0.00000,-0.00000,-0.00381,-0.00385,-0.00381,-0.00380,-0.27099,0.85852,0,0.00176,0.00305
8.0667,-0.01476,-0.01824,0.00169,0.00251,-0.00386,-0.00601,-0.03861,-0.00000,-0.00000,-0.00385,-0.00391,-0.00385,-0.00397,-0.27102,0.85853,0,0.00176,0.00305
8.0687,-0.01476,-0.01824,0.00168,0.00249,-0.00385,-0.00591,-0.03861,-0.00000,-0.00000,-0.00389,-0.00398,-0.00389,-0.00401,-0.27101,0.85849,0,0.00176,0.00305
8.0707,-0.01476,-0.01824,0.00167,0.00248,-0.00385,-0.00592,-0.03861,-0.00000,-0.00000,-0.00394,-0.00404,-0.00394,-0.00404,-0.27099,0.85855,0,0.00176,0.00305
8.0727,-0.01476,-0.01824,0.00166,0.00247,-0.00384,-0.00594,-0.03861,-0.00000,-0.00000,-0.00398,-0.00410,-0.00398,-0.00410,-0.27097,0.85850,0,0.00176,0.00305
8.0747,-0.01476,-0.01824,0.00166,0.00246,-0.00383,-0.00592,-0.03861,-0.00000,-0.00000,-0.00402,-0.00416,-0.00402,-0.00416,-0.27100,0.85851,0,0.00176,0.00305
8.0767,-0.01476,-0.01824,0.00165,0.00245,-0.00382,-0.00591,-0.03861,-0.00000,-0.00000,-0.00406,-0.00422,-0.00406,-0.00422,-0.27098,0.85852,0,0.00176,0.00305
8.0787,-0.01476,-0.01824,0.00164,0.00244,-0.00382,-0.00590,-0.03861,-0.00000,-0.00000,-0.00410,-0.00428,-0.00410,-0.00428,-0.27106,0.85850,0,0.00176,0.00305
8.0807,-0.01476,-0.01824,0.00163,0.00242,-0.00381,-0.00589,-0.03861,-0.00000,-0.00000,-0.00414,-0.00434,-0.00414,-0.00434,-0.27105,0.85848,0,0.00176,0.00305
8.0827,-0.01476,-0.01824,0.00162,0.00241,-0.00380,-0.00588,-0.03861,-0.00000,-0.00000,-0.00418,-0.00440,-0.00418,-0.00440,-0.27103,0.85848,0,0.00176,0.00305
8.0847,-0.01476,-0.01824,0.00162,0.00240,-0.00380,-0.00586,-0.03861,-0.00000,-0.00000,-0.00422,-0.00447,-0.00422,-0.00447,-0.27109,0.85842,0,0.00176,0.00305
8.0867,-0.01476,-0.01824,0.00161,0.00239,-0.00379,-0.00585,-0.03861,-0.00000,-0.00000,-0.00426,-0.00453,-0.00426,-0.00453,-0.27107,0.85847,0,0.00176,0.00305
8.0887,-0.01476,-0.01824,0.00160,0.00238,-0.00378,-0.00584,-0.03861,-0.00000,-0.00000,-0.00430,-0.00459,-0.00430,-0.00459,-0.27108,0.85849,0,0.00176,0.00305
8.0907,-0.01476,-0.01824,0.00159,0.00236,-0.00377,-0.00583,-0.03861,-0.00000,-0.00000,-0.00434,-0.00465,-0.00434,-0.00465,-0.27109,0.85844,0,0.00176,0.00305
8.0927,-0.01476,-0.01824,0.00159,0.00235,-0.00376,-0.00582,-0.03861,-0.00000,-0.00000,-0.00438,-0.00471,-0.00438,-0.00471,-0.27106,0.85843,0,0.00176,0.00305
8.0947,-0.01476,-0.01824,0.00158,0.00234,-0.00376,-0.00580,-0.03861,-0.00000,-0.00000,-0.00442,-0.00477,-0.00442,-0.00477,-0.27114,0.85843,0,0.00176,0.00305
8.0967,-0.01476,-0.01824,0.00157,0.00233,-0.00375,-0.00579,-0.03861,-0.00000,-0.00000,-0.00446,-0.00483,-0.00446,-0.00483,-0.27110,0.85842,0,0.00176,0.00305
8.0987,-0.01476,-0.01824,0.00156,0.00232,-0.00374,-0.00578,-0.03861,-0.00000,-0.00000,-0.00450,-0.00489,-0.00450,-0.00489,-0.27115,0.85841,0,0.00176,0.00305
8.1008,-0.01476,-0.01824,0.00156,0.00231,-0.00373,-0.00576,-0.03861,-0.00000,-0.00000,-0.00454,-0.00495,-0.00454,-0.00495,-0.27108,0.85842,0,0.00176,0.00305
8.1028,-0.01476,-0.01824,0.00155,0.00230,-0.00373,-0.00575,-0.03861,-0.00000,-0.00000,-0.00458,-0.00501,-0.00458,-0.00501,-0.27112,0.85838,0,0.00176,0.00305
8.1048,-0.01476,-0.01824,0.00154,0.00228,-0.00372,-0.00574,-0.03861,-0.00000,-0.00000,-0.00462,-0.00507,-0.00462,-0.00507,-0.27116,0.85841,0,0.00176,0.00305
8.1068,-0.01476,-0.01824,0.00153,0.00227,-0.00371,-0.00573,-0.03861,-0.00000,-0.00000,-0.00466,-0.00513,-0.00466,-0.00513,-0.27115,0.85840,0,0.00176,0.00305
8.1088,-0.01476,-0.01824,0.00153,0.00226,-0.00370,-0.00571,-0.03861,-0.00000,-0.00000,-0.00470,-0.00519,-0.00470,-0.00519,-0.27114,0.85836,0,0.00176,0.00305
8.1108,-0.01476,-0.01824,0.00152,0.00225,-0.00369,-0.00570,-0.03861,-0.00000,-0.00000,-0.00474,-0.00525,-0.00474,-0.00525,-0.27113,0.85838,0,0.00176,0.00305
8.1128,-0.01476,-0.01824,0.00151,0.00224,-0.00368,-0.00569,-0.03861,-0.00000,-0.00000,-0.00478,-0.00531,-0.00478,-0.00531,-0.27118,0.85837,0,0.00176,0.00305
8.1148,-0.01476,-0.01824,0.00151,0.00223,-0.00368,-0.00567,-0.03861,-0.00000,-0.00000,-0.00482,-0.00537,-0.00482,-0.00537,-0.27122,0.85831,0,0.00176,0.00305
8.1168,-0.01476,-0.01824,0.00150,0.00222,-0.00367,-0.00566,-0.03861,-0.00000,-0.00000,-0.00485,-0.00543,-0.00485,-0.00543,-0.27114,0.85834,0,0.00176,0.00305
8.1188,-0.01639,-0.01850,0.00219,0.00301,-0.00125,-0.00290,-0.03055,-0.00000,-0.00000,-0.00206,-0.00177,-0.00477,-0.00536,-0.27120,0.85833,0,0.00297,0.00395
8.1208,-0.01639,-0.01850,0.00219,0.00300,-0.00136,-0.00301,-0.03055,-0.00000,-0.00000,-0.00208,-0.00180,-0.00455,-0.00516,-0.27120,0.85838,0,0.00297,0.00395
8.1228,-0.01639,-0.01850,0.00219,0.00299,-0.00158,-0.00323,-0.03055,-0.00000,-0.00000,-0.00209,-0.00184,-0.00420,-0.00483,-0.27121,0.85833,0,0.00297,0.00395
8.1248,-0.01639,-0.01850,0.00219,0.00299,-0.00192,-0.00355,-0.03055,-0.00000,-0.00000,-0.00212,-0.00188,-0.00373,-0.00438,-0.27123,0.85828,0,0.00297,0.00395
8.1268,-0.01639,-0.01850,0.00218,0.00298,-0.00236,-0.00399,-0.03055,-0.00000,-0.00000,-0.00214,-0.00192,-0.00313,-0.00380,-0.27120,0.85828,0,0.00297,0.00395
8.1288,-0.01639,-0.01850,0.00218,0.00297,-0.00291,-0.00454,-0.03055,-0.00000,-0.00000,-0.00217,-0.00196,-0.00240,-0.00309,-0.27126,0.85829,0,0.00297,0.00395
8.1308,-0.01639,-0.01850,0.00217,0.00296,-0.00357,-0.00519,-0.03055,-0.00000,-0.00000,-0.00221,-0.00202,-0.00180,-0.00225,-0.27122,0.85828,0,0.00297,0.00395
8.1328,-0.01639,-0.01850,0.00216,0.00295,-0.00412,-0.00596,-0.03055,-0.00000,-0.00000,-0.00225,-0.00207,-0.00133,-0.00155,-0.27128,0.85830,0,0.00297,0.00395
8.1348,-0.01639,-0.01850,0.00215,0.00294,-0.00456,-0.00661,-0.03055,-0.00000,-0.00000,-0.00229,-0.00214,-0.00098,-0.00096,-0.27127,0.85830,0,0.00297,0.00395
8.1368,-0.01639,-0.01850,0.00214,0.00292,-0.00489,-0.00716,-0.03055,-0.00000,-0.00000,-0.00234,-0.00221,-0.00077,-0.00051,-0.27125,0.85829,0,0.00297,0.00395
8.1388,-0.01639,-0.01850,0.00213,0.00291,-0.00511,-0.00759,-0.03055,-0.00000,-0.00000,-0.00239,-0.00228,-0.00068,-0.00019,-0.27121,0.85832,0,0.00297,0.00395
8.1408,-0.01639,-0.01850,0.00212,0.00289,-0.00522,-0.00792,-0.03055,-0.00000,-0.00000,-0.00245,-0.00236,-0.00072,0.00001,-0.27119,0.85833,0,0.00297,0.00395
8.1428,-0.01639,-0.01850,0.00211,0.00288,-0.00522,-0.00814,-0.03055,-0.00000,-0.00000,-0.00250,-0.00244,-0.00088,0.00008,-0.27120,0.85833,0,0.00297,0.00395
8.1448,-0.01639,-0.01850,0.00210,0.00286,-0.00511,-0.00824,-0.03055,-0.00000,-0.00000,-0.00256,-0.00253,-0.00118,0.00002,-0.27121,0.85834,0,0.00297,0.00395
8.1468,-0.01639,-0.01850,0.00209,0.00285,-0.00490,-0.00824,-0.03055,-0.00000,-0.00000,-0.00261,-0.00261,-0.00160,-0.00017,-0.27121,0.85829,0,0.00297,0.00395
8.1489,-0.01639,-0.01850,0.00208,0.00283,-0.00457,-0.00813,-0.03055,-0.00000,-0.00000,-0.00266,-0.00269,-0.00215,-0.00048,-0.27126,0.85830,0,0.00297,0.00395
8.1509,-0.01639,-0.01850,0.00207,0.00281,-0.00413,-0.00791,-0.03055,-0.00000,-0.00000,-0.00270,-0.00278,-0.00270,-0.00093,-0.27123,0.85832,0,0.00297,0.00395
8.1529,-0.01639,-0.01850,0.00207,0.00280,-0.00370,-0.00758,-0.03055,-0.00000,-0.00000,-0.00275,-0.00285,-0.00313,-0.00150,-0.27128,0.85831,0,0.00297,0.00395
8.1549,-0.01639,-0.01850,0.00206,0.00278,-0.00337,-0.00713,-0.03055,-0.00000,-0.00000,-0.00278,-0.00293,-0.00342,-0.00220,-0.27128,0.85830,0,0.00297,0.00395
8.1569,-0.01639,-0.01850,0.00205,0.00277,-0.00315,-0.00658,-0.03055,-0.00000,-0.00000,-0.00282,-0.00300,-0.00359,-0.00300,-0.27130,0.85830,0,0.00297,0.00395
8.1589,-0.01639,-0.01850,0.00205,0.00276,-0.00304,-0.00594,-0.03055,-0.00000,-0.00000,-0.00285,-0.00306,-0.00363,-0.00368,-0.27133,0.85832,0,0.00297,0.00395
8.1609,-0.01639,-0.01850,0.00204,0.00274,-0.00304,-0.00541,-0.03055,-0.00000,-0.00000,-0.00289,-0.00312,-0.00354,-0.00422,-0.27134,0.85828,0,0.00297,0.00395
8.1629,-0.01639,-0.01850,0.00203,0.00273,-0.00315,-0.00499,-0.03055,-0.00000,-0.00000,-0.00292,-0.00318,-0.00333,-0.00465,-0.27136,0.85824,0,0.00297,0.00395
8.1649,-0.01639,-0.01850,0.00203,0.00272,-0.00337,-0.00467,-0.03055,-0.00000,-0.00000,-0.00296,-0.00323,-0.00298,-0.00494,-0.27136,0.85824,0,0.00297,0.00395
8.1669,-0.01639,-0.01850,0.00202,0.00272,-0.00370,-0.00447,-0.03055,-0.00000,-0.00000,-0.00300,-0.00328,-0.00277,-0.00510,-0.27137,0.85823,0,0.00297,0.00395
8.1689,-0.01639,-0.01850,0.00201,0.00271,-0.00392,-0.00437,-0.03055,-0.00000,-0.00000,-0.00304,-0.00333,-0.00268,-0.00514,-0.27138,0.85824,0,0.00297,0.00395
8.1709,-0.01639,-0.01850,0.00201,0.00270,-0.00402,-0.00439,-0.03055,-0.00000,-0.00000,-0.00308,-0.00337,-0.00272,-0.00505,-0.27135,0.85819,0,0.00297,0.00395
8.1729,-0.01639,-0.01850,0.00200,0.00269,-0.00402,-0.00451,-0.03055,-0.00000,-0.00000,-0.00312,-0.00342,-0.00289,-0.00483,-0.27140,0.85819,0,0.00297,0.00395
8.1749,-0.01639,-0.01850,0.00199,0.00268,-0.00391,-0.00474,-0.03055,-0.00000,-0.00000,-0.00317,-0.00347,-0.00317,-0.00448,-0.27138,0.85819,0,0.00297,0.00395
8.1769,-0.01639,-0.01850,0.00198,0.00267,-0.00371,-0.00508,-0.03055,-0.00000,-0.00000,-0.00321,-0.00352,-0.00332,-0.00400,-0.27130,0.85819,0,0.00297,0.00395
8.1789,-0.01639,-0.01850,0.00197,0.00266,-0.00361,-0.00553,-0.03055,-0.00000,-0.00000,-0.00325,-0.00358,-0.00334,-0.00358,-0.27137,0.85819,0,0.00297,0.00395
8.1809,-0.01639,-0.01850,0.00197,0.00265,-0.00363,-0.00594,-0.03055,-0.00000,-0.00000,-0.00329,-0.00364,-0.00329,-0.00328,-0.27136,0.85819,0,0.00297,0.00395
8.1829,-0.01639,-0.01850,0.00196,0.00264,-0.00371,-0.00624,-0.03055,-0.00000,-0.00000,-0.00332,-0.00370,-0.00332,-0.00311,-0.27137,0.85818,0,0.00297,0.00395
8.1849,-0.01856,-0.02025,0.00335,0.00394,0.00119,-0.00182,0.00020,-0.00000,-0.00000,0.00261,0.00194,-0.00324,-0.00281,-0.27136,0.85818,0,0.00478,0.00540
8.1869,-0.01856,-0.02025,0.00336,0.00394,0.00105,-0.00214,0.00020,-0.00000,-0.00000,0.00262,0.00192,-0.00302,-0.00238,-0.27139,0.85822,0,0.00478,0.00540
8.1889,-0.01856,-0.02025,0.00336,0.00393,0.00081,-0.00257,0.00020,-0.00000,-0.00000,0.00262,0.00189,-0.00268,-0.00182,-0.27142,0.85817,0,0.00478,0.00540
8.1909,-0.01856,-0.02025,0.00336,0.00393,0.00046,-0.00311,0.00020,-0.00000,-0.00000,0.00262,0.00186,-0.00220,-0.00114,-0.27139,0.85818,0,0.00478,0.00540
8.1929,-0.01856,-0.02025,0.00336,0.00392,0.00000,-0.00376,0.00020,-0.00000,-0.00000,0.00262,0.00182,-0.00160,-0.00033,-0.27140,0.85819,0,0.00478,0.00540
8.1949,-0.01856,-0.02025,0.00336,0.00391,-0.00057,-0.00452,0.00020,-0.00000,-0.00000,0.00261,0.00177,-0.00087,0.00061,-0.27141,0.85817,0,0.00478,0.00540
8.1970,-0.01856,-0.02025,0.00336,0.00390,-0.00125,-0.00539,0.00020,-0.00000,-0.00000,0.00259,0.00172,-0.00002,0.00168,-0.27139,0.85816,0,0.00478,0.00540
8.1990,-0.01856,-0.02025,0.00335,0.00389,-0.00203,-0.00636,0.00020,-0.00000,-0.00000,0.00257,0.00166,0.00097,0.00262,-0.27139,0.85815,0,0.00478,0.00540
8.2010,-0.01856,-0.02025,0.00335,0.00388,-0.00293,-0.00723,0.00020,-0.00000,-0.00000,0.00254,0.00159,0.00208,0.00343,-0.27137,0.85814,0,0.00478,0.00540
8.2030,-0.01856,-0.02025,0.00334,0.00386,-0.00394,-0.00799,0.00020,-0.00000,-0.00000,0.00251,0.00151,0.00306,0.00411,-0.27134,0.85818,0,0.00478,0.00540
8.2050,-0.01856,-0.02025,0.00333,0.00385,-0.00484,-0.00864,0.00020,-0.00000,-0.00000,0.00246,0.00143,0.00392,0.00467,-0.27138,0.85815,0,0.00478,0.00540
8.2070,-0.01856,-0.02025,0.00332,0.00383,-0.00562,-0.00918,0.00020,-0.00000,-0.00000,0.00240,0.00134,0.00465,0.00509,-0.27137,0.85818,0,0.00478,0.00540
8.2090,-0.01856,-0.02025,0.00331,0.00381,-0.00630,-0.00960,0.00020,-0.00000,-0.00000,0.00234,0.00124,0.00525,0.00539,-0.27140,0.85824,0,0.00478,0.00540
8.2110,-0.01856,-0.02025,0.00330,0.00379,-0.00687,-0.00992,0.00020,-0.00000,-0.00000,0.00227,0.00114,0.00572,0.00556,-0.27139,0.85820,0,0.00478,0.00540
8.2130,-0.01856,-0.02025,0.00328,0.00377,-0.00733,-0.01013,0.00020,-0.00000,-0.00000,0.00220,0.00104,0.00607,0.00561,-0.27140,0.85821,0,0.00478,0.00540
8.2150,-0.01856,-0.02025,0.00327,0.00375,-0.00768,-0.01023,0.00020,-0.00000,-0.00000,0.00213,0.00094,0.00628,0.00552,-0.27134,0.85821,0,0.00478,0.00540
8.2170,-0.01856,-0.02025,0.00325,0.00373,-0.00792,-0.01022,0.00020,-0.00000,-0.00000,0.00205,0.00084,0.00637,0.00531,-0.27128,0.85822,0,0.00478,0.00540
8.2190,-0.01856,-0.02025,0.00324,0.00371,-0.00805,-0.01010,0.00020,-0.00000,-0.00000,0.00197,0.00073,0.00633,0.00497,-0.27129,0.85822,0,0.00478,0.00540
8.2210,-0.01856,-0.02025,0.00322,0.00369,-0.00807,-0.00987,0.00020,-0.00000,-0.00000,0.00188,0.00063,0.00616,0.00450,-0.27130,0.85826,0,0.00478,0.00540
8.2230,-0.01856,-0.02025,0.00321,0.00367,-0.00798,-0.00953,0.00020,-0.00000,-0.00000,0.00180,0.00054,0.00587,0.00390,-0.27129,0.85824,0,0.00478,0.00540
8.2250,-0.01856,-0.02025,0.00319,0.00365,-0.00778,-0.00909,0.00020,-0.00000,-0.00000,0.00172,0.00044,0.00544,0.00318,-0.27128,0.85822,0,0.00478,0.00540
8.2270,-0.01856,-0.02025,0.00317,0.00363,-0.00747,-0.00853,0.00020,-0.00000,-0.00000,0.00164,0.00035,0.00489,0.00232,-0.27126,0.85822,0,0.00478,0.00540
8.2290,-0.01856,-0.02025,0.00316,0.00362,-0.00705,-0.00786,0.00020,-0.00000,-0.00000,0.00157,0.00027,0.00421,0.00134,-0.27124,0.85826,0,0.00478,0.00540
8.2310,-0.01856,-0.02025,0.00315,0.00360,-0.00652,-0.00708,0.00020,-0.00000,-0.00000,0.00150,0.00019,0.00341,0.00024,-0.27130,0.85822,0,0.00478,0.00540
8.2330,-0.01856,-0.02025,0.00313,0.00359,-0.00588,-0.00619,0.00020,-0.00000,-0.00000,0.00144,0.00012,0.00247,-0.00075,-0.27127,0.85822,0,0.00478,0.00540
8.2350,-0.01856,-0.02025,0.00312,0.00358,-0.00514,-0.00542,0.00020,-0.00000,-0.00000,0.00138,0.00006,0.00141,-0.00160,-0.27130,0.85825,0,0.00478,0.00540
8.2370,-0.01856,-0.02025,0.00311,0.00357,-0.00428,-0.00475,0.00020,-0.00000,-0.00000,0.00133,0.00001,0.00047,-0.00232,-0.27124,0.85822,0,0.00478,0.00540
8.2390,-0.01856,-0.02025,0.00311,0.00356,-0.00353,-0.00419,0.00020,-0.00000,-0.00000,0.00129,-0.00004,-0.00034,-0.00292,-0.27126,0.85820,0,0.00478,0.00540
8.2410,-0.01856,-0.02025,0.00310,0.00355,-0.00289,-0.00374,0.00020,-0.00000,-0.00000,0.00125,-0.00008,-0.00102,-0.00339,-0.27123,0.85822,0,0.00478,0.00540
8.2430,-0.01856,-0.02025,0.00309,0.00354,-0.00237,-0.00339,0.00020,-0.00000,-0.00000,0.00122,-0.00012,-0.00157,-0.00373,-0.27130,0.85816,0,0.00478,0.00540
8.2450,-0.01856,-0.02025,0.00309,0.00354,-0.00195,-0.00316,0.00020,-0.00000,-0.00000,0.00119,-0.00016,-0.00199,-0.00394,-0.27130,0.85821,0,0.00478,0.00540
8.2470,-0.01856,-0.02025,0.00309,0.00353,-0.00164,-0.00304,0.00020,-0.00000,-0.00000,0.00117,-0.00020,-0.00229,-0.00403,-0.27134,0.85820,0,0.00478,0.00540
8.2491,-0.01856,-0.02025,0.00308,0.00352,-0.00144,-0.00303,0.00020,-0.00000,-0.00000,0.00115,-0.00023,-0.00245,-0.00398,-0.27135,0.85814,0,0.00478,0.00540
8.2511,-0.01856,-0.02025,0.00308,0.00352,-0.00134,-0.00312,0.00020,-0.00000,-0.00000,0.00113,-0.00027,-0.00249,-0.00381,-0.27138,0.85816,0,0.00478,0.00540
8.2531,-0.01704,-0.01882,0.00316,0.00379,-0.00150,-0.00240,-0.02589,-0.00000,-0.00000,0.00197,0.00144,-0.00241,-0.00351,-0.27133,0.85820,0,0.00352,0.00437
8.2551,-0.01704,-0.01882,0.00316,0.00378,-0.00163,-0.00272,-0.02589,-0.00000,-0.00000,0.00195,0.00141,-0.00219,-0.00309,-0.27135,0.85819,0,0.00352,0.00437
8.2571,-0.01704,-0.01882,0.00316,0.00378,-0.00187,-0.00315,-0.02589,-0.00000,-0.00000,0.00193,0.00138,-0.00185,-0.00253,-0.27132,0.85816,0,0.00352,0.00437
8.2591,-0.01704,-0.01882,0.00315,0.00377,-0.00222,-0.00369,-0.02589,-0.00000,-0.00000,0.00190,0.00134,-0.00137,-0.00185,-0.27134,0.85814,0,0.00352,0.00437
8.2611,-0.01704,-0.01882,0.00315,0.00376,-0.00267,-0.00433,-0.02589,-0.00000,-0.00000,0.00188,0.00130,-0.00077,-0.00104,-0.27129,0.85818,0,0.00352,0.00437
8.2631,-0.01704,-0.01882,0.00314,0.00375,-0.00324,-0.00509,-0.02589,-0.00000,-0.00000,0.00184,0.00125,-0.00004,-0.00010,-0.27131,0.85813,0,0.00352,0.00437
8.2651,-0.01704,-0.01882,0.00313,0.00374,-0.00391,-0.00596,-0.02589,-0.00000,-0.00000,0.00180,0.00119,0.00081,0.00097,-0.27129,0.85815,0,0.00352,0.00437
8.2671,-0.01704,-0.01882,0.00312,0.00373,-0.00470,-0.00693,-0.02589,-0.00000,-0.00000,0.00176,0.00112,0.00176,0.00191,-0.27129,0.85815,0,0.00352,0.00437
8.2691,-0.01704,-0.01882,0.00311,0.00372,-0.00556,-0.00779,-0.02589,-0.00000,-0.00000,0.00171,0.00105,0.00258,0.00272,-0.27127,0.85817,0,0.00352,0.00437
8.2711,-0.01704,-0.01882,0.00310,0.00370,-0.00631,-0.00855,-0.02589,-0.00000,-0.00000,0.00164,0.00097,0.00327,0.00340,-0.27124,0.85817,0,0.00352,0.00437
8.2732,-0.01704,-0.01882,0.00309,0.00368,-0.00695,-0.00920,-0.02589,-0.00000,-0.00000,0.00158,0.00088,0.00383,0.00396,-0.27125,0.85816,0,0.00352,0.00437
8.2752,-0.01704,-0.01882,0.00307,0.00366,-0.00748,-0.00973,-0.02589,-0.00000,-0.00000,0.00150,0.00078,0.00426,0.00439,-0.27125,0.85819,0,0.00352,0.00437
8.2772,-0.01704,-0.01882,0.00306,0.00364,-0.00791,-0.01016,-0.02589,-0.00000,-0.00000,0.00142,0.00068,0.00457,0.00469,-0.27117,0.85819,0,0.00352,0.00437
8.2792,-0.01704,-0.01882,0.00304,0.00362,-0.00822,-0.01047,-0.02589,-0.00000,-0.00000,0.00134,0.00058,0.00475,0.00486,-0.27115,0.85820,0,0.00352,0.00437
8.2812,-0.01704,-0.01882,0.00303,0.00360,-0.00842,-0.01068,-0.02589,-0.00000,-0.00000,0.00126,0.00047,0.00480,0.00490,-0.27115,0.85820,0,0.00352,0.00437
8.2832,-0.01704,-0.01882,0.00301,0.00358,-0.00851,-0.01078,-0.02589,-0.00000,-0.00000,0.00117,0.00037,0.00472,0.00482,-0.27118,0.85817,0,0.00352,0.00437
8.2852,-0.01704,-0.01882,0.00299,0.00356,-0.00850,-0.01076,-0.02589,-0.00000,-0.00000,0.00109,0.00026,0.00451,0.00460,-0.27116,0.85817,0,0.00352,0.00437
8.2873,-0.01704,-0.01882,0.00298,0.00354,-0.00837,-0.01064,-0.02589,-0.00000,-0.00000,0.00100,0.00015,0.00418,0.00426,-0.27122,0.85820,0,0.00352,0.00437
8.2893,-0.01704,-0.01882,0.00296,0.00352,-0.00814,-0.01041,-0.02589,-0.00000,-0.00000,0.00092,0.00005,0.00372,0.00379,-0.27120,0.85819,0,0.00352,0.00437
8.2913,-0.01704,-0.01882,0.00294,0.00349,-0.00779,-0.01007,-0.02589,-0.00000,-0.00000,0.00084,-0.00006,0.00313,0.00320,-0.27123,0.85819,0,0.00352,0.00437
8.2933,-0.01704,-0.01882,0.00293,0.00348,-0.00734,-0.00962,-0.02589,-0.00000,-0.00000,0.00076,-0.00015,0.00241,0.00247,-0.27125,0.85820,0,0.00352,0.00437
8.2953,-0.01704,-0.01882,0.00291,0.00346,-0.00677,-0.00905,-0.02589,-0.00000,-0.00000,0.00069,-0.00025,0.00156,0.00162,-0.27121,0.85818,0,0.00352,0.00437
8.2973,-0.01704,-0.01882,0.00290,0.00344,-0.00610,-0.00838,-0.02589,-0.00000,-0.00000,0.00063,-0.00034,0.00063,0.00064,-0.27123,0.85820,0,0.00352,0.00437
8.2993,-0.01704,-0.01882,0.00289,0.00342,-0.00534,-0.00760,-0.02589,-0.00000,-0.00000,0.00057,-0.00042,-0.00018,-0.00042,-0.27122,0.85820,0,0.00352,0.00437
8.3013,-0.01704,-0.01882,0.00288,0.00341,-0.00470,-0.00676,-0.02589,-0.00000,-0.00000,0.00051,-0.00049,-0.00087,-0.00135,-0.27123,0.85821,0,0.00352,0.00437
8.3033,-0.01704,-0.01882,0.00287,0.00340,-0.00416,-0.00602,-0.02589,-0.00000,-0.00000,0.00047,-0.00056,-0.00142,-0.00214,-0.27124,0.85818,0,0.00352,0.00437
8.3053,-0.01704,-0.01882,0.00286,0.00338,-0.00374,-0.00539,-0.02589,-0.00000,-0.00000,0.00043,-0.00062,-0.00185,-0.00282,-0.27126,0.85821,0,0.00352,0.00437
8.3073,-0.01704,-0.01882,0.00286,0.00337,-0.00342,-0.00488,-0.02589,-0.00000,-0.00000,0.00039,-0.00067,-0.00215,-0.00336,-0.27131,0.85818,0,0.00352,0.00437
8.3093,-0.01704,-0.01882,0.00285,0.00336,-0.00321,-0.00447,-0.02589,-0.00000,-0.00000,0.00035,-0.00072,-0.00232,-0.00378,-0.27130,0.85817,0,0.00352,0.00437
8.3113,-0.01704,-0.01882,0.00284,0.00336,-0.00312,-0.00417,-0.02589,-0.00000,-0.00000,0.00031,-0.00077,-0.00236,-0.00406,-0.27128,0.85819,0,0.00352,0.00437
8.3133,-0.01704,-0.01882,0.00284,0.00335,-0.00313,-0.00398,-0.02589,-0.00000,-0.00000,0.00028,-0.00081,-0.00227,-0.00422,-0.27129,0.85818,0,0.00352,0.00437
8.3155,-0.01782,-0.01913,0.00298,0.00402,-0.00304,-0.00206,-0.02886,-0.00000,-0.00000,0.00071,0.00226,-0.00206,-0.00426,-0.27133,0.85812,0,0.00342,0.00504
8.3175,-0.01782,-0.01913,0.00297,0.00401,-0.00327,-0.00210,-0.02886,-0.00000,-0.00000,0.00068,0.00224,-0.00172,-0.00416,-0.27133,0.85812,0,0.00342,0.00504
8.3195,-0.01782,-0.01913,0.00297,0.00401,-0.00361,-0.00225,-0.02886,-0.00000,-0.00000,0.00064,0.00221,-0.00125,-0.00394,-0.27134,0.85815,0,0.00342,0.00504
8.3216,-0.01782,-0.01913,0.00296,0.00401,-0.00406,-0.00251,-0.02886,-0.00000,-0.00000,0.00060,0.00218,-0.00065,-0.00358,-0.27128,0.85816,0,0.00342,0.00504
8.3236,-0.01782,-0.01913,0.00295,0.00400,-0.00462,-0.00288,-0.02886,-0.00000,-0.00000,0.00055,0.00215,0.00008,-0.00310,-0.27130,0.85814,0,0.00342,0.00504
8.3256,-0.01782,-0.01913,0.00294,0.00399,-0.00529,-0.00335,-0.02886,-0.00000,-0.00000,0.00050,0.00212,0.00067,-0.00249,-0.27129,0.85814,0,0.00342,0.00504
8.3276,-0.01782,-0.01913,0.00293,0.00399,-0.00585,-0.00394,-0.02886,-0.00000,-0.00000,0.00044,0.00208,0.00114,-0.00176,-0.27128,0.85816,0,0.00342,0.00504
8.3296,-0.01782,-0.01913,0.00292,0.00398,-0.00630,-0.00464,-0.02886,-0.00000,-0.00000,0.00038,0.00203,0.00149,-0.00089,-0.27127,0.85816,0,0.00342,0.00504
8.3316,-0.01782,-0.01913,0.00290,0.00397,-0.00664,-0.00544,-0.02886,-0.00000,-0.00000,0.00031,0.00198,0.00170,0.00010,-0.27129,0.85810,0,0.00342,0.00504
8.3336,-0.01782,-0.01913,0.00289,0.00396,-0.00687,-0.00636,-0.02886,-0.00000,-0.00000,0.00024,0.00192,0.00178,0.00122,-0.27129,0.85813,0,0.00342,0.00504
8.3356,-0.01782,-0.01913,0.00288,0.00394,-0.00700,-0.00738,-0.02886,-0.00000,-0.00000,0.00017,0.00185,0.00174,0.00221,-0.27123,0.85813,0,0.00342,0.00504
8.3377,-0.01782,-0.01913,0.00286,0.00393,-0.00701,-0.00829,-0.02886,-0.00000,-0.00000,0.00010,0.00177,0.00157,0.00307,-0.27124,0.85813,0,0.00342,0.00504
8.3397,-0.01782,-0.01913,0.00285,0.00391,-0.00691,-0.00910,-0.02886,-0.00000,-0.00000,0.00003,0.00168,0.00127,0.00381,-0.27126,0.85813,0,0.00342,0.00504
8.3417,-0.01782,-0.01913,0.00283,0.00389,-0.00670,-0.00979,-0.02886,-0.00000,-0.00000,-0.00004,0.00158,0.00085,0.00442,-0.27115,0.85814,0,0.00342,0.00504
8.3437,-0.01782,-0.01913,0.00282,0.00387,-0.00639,-0.01038,-0.02886,-0.00000,-0.00000,-0.00011,0.00148,0.00029,0.00490,-0.27119,0.85816,0,0.00342,0.00504
8.3457,-0.01782,-0.01913,0.00281,0.00385,-0.00596,-0.01085,-0.02886,-0.00000,-0.00000,-0.00017,0.00138,-0.00017,0.00525,-0.27123,0.85815,0,0.00342,0.00504
8.3477,-0.01782,-0.01913,0.00280,0.00383,-0.00561,-0.01122,-0.02886,-0.00000,-0.00000,-0.00023,0.00127,-0.00051,0.00548,-0.27123,0.85817,0,0.00342,0.00504
8.3497,-0.01782,-0.01913,0.00279,0.00380,-0.00537,-0.01147,-0.02886,-0.00000,-0.00000,-0.00029,0.00115,-0.00071,0.00557,-0.27120,0.85817,0,0.00342,0.00504
8.3517,-0.01782,-0.01913,0.00278,0.00378,-0.00524,-0.01162,-0.02886,-0.00000,-0.00000,-0.00034,0.00104,-0.00079,0.00554,-0.27125,0.85819,0,0.00342,0.00504
8.3537,-0.01782,-0.01913,0.00277,0.00376,-0.00522,-0.01165,-0.02886,-0.00000,-0.00000,-0.00040,0.00092,-0.00074,0.00538,-0.27128,0.85820,0,0.00342,0.00504
8.3557,-0.01782,-0.01913,0.00275,0.00374,-0.00531,-0.01158,-0.02886,-0.00000,-0.00000,-0.00045,0.00081,-0.00056,0.00509,-0.27133,0.85817,0,0.00342,0.00504
8.3577,-0.01782,-0.01913,0.00274,0.00371,-0.00550,-0.01140,-0.02886,-0.00000,-0.00000,-0.00051,0.00069,-0.00051,0.00468,-0.27131,0.85822,0,0.00342,0.00504
8.3597,-0.01782,-0.01913,0.00273,0.00369,-0.00560,-0.01110,-0.02886,-0.00000,-0.00000,-0.00057,0.00058,-0.00057,0.00413,-0.27129,0.85819,0,0.00342,0.00504
8.3617,-0.01782,-0.01913,0.00272,0.00367,-0.00559,-0.01070,-0.02886,-0.00000,-0.00000,-0.00063,0.00047,-0.00063,0.00346,-0.27128,0.85820,0,0.00342,0.00504
8.3637,-0.01782,-0.01913,0.00271,0.00365,-0.00559,-0.01018,-0.02886,-0.00000,-0.00000,-0.00068,0.00037,-0.00068,0.00266,-0.27127,0.85823,0,0.00342,0.00504
8.3657,-0.01782,-0.01913,0.00270,0.00363,-0.00558,-0.00956,-0.02886,-0.00000,-0.00000,-0.00074,0.00027,-0.00074,0.00173,-0.27131,0.85821,0,0.00342,0.00504
8.3677,-0.01782,-0.01913,0.00269,0.00361,-0.00558,-0.00883,-0.02886,-0.00000,-0.00000,-0.00080,0.00018,-0.00080,0.00068,-0.27126,0.85822,0,0.00342,0.00504
8.3697,-0.01782,-0.01913,0.00268,0.00359,-0.00557,-0.00799,-0.02886,-0.00000,-0.00000,-0.00086,0.00009,-0.00086,-0.00025,-0.27133,0.85822,0,0.00342,0.00504
8.3717,-0.01782,-0.01913,0.00267,0.00358,-0.00557,-0.00725,-0.02886,-0.00000,-0.00000,-0.00092,0.00001,-0.00092,-0.00105,-0.27126,0.85828,0,0.00342,0.00504
8.3737,-0.01782,-0.01913,0.00265,0.00356,-0.00556,-0.00663,-0.02886,-0.00000,-0.00000,-0.00097,-0.00006,-0.00097,-0.00172,-0.27128,0.85821,0,0.00342,0.00504
8.3757,-0.01782,-0.01913,0.00264,0.00355,-0.00556,-0.00612,-0.02886,-0.00000,-0.00000,-0.00103,-0.00013,-0.00103,-0.00227,-0.27131,0.85825,0,0.00342,0.00504
8.3777,-0.01782,-0.01913,0.00263,0.00354,-0.00555,-0.00571,-0.02886,-0.00000,-0.00000,-0.00109,-0.00019,-0.00109,-0.00268,-0.27130,0.85826,0,0.00342,0.00504
8.3797,-0.01782,-0.01913,0.00262,0.00353,-0.00555,-0.00541,-0.02886,-0.00000,-0.00000,-0.00115,-0.00025,-0.00115,-0.00297,-0.27131,0.85822,0,0.00342,0.00504
8.3817,-0.01782,-0.01913,0.00261,0.00352,-0.00554,-0.00523,-0.02886,-0.00000,-0.00000,-0.00121,-0.00030,-0.00121,-0.00313,-0.27127,0.85821,0,0.00342,0.00504
8.3837,-0.01782,-0.01913,0.00260,0.00351,-0.00554,-0.00515,-0.02886,-0.00000,-0.00000,-0.00126,-0.00036,-0.00126,-0.00316,-0.27126,0.85823,0,0.00342,0.00504
8.3857,-0.01541,-0.01733,0.00257,0.00365,-0.00531,-0.00508,-0.02647,-0.00000,-0.00000,-0.00067,0.00087,-0.00119,-0.00307,-0.27125,0.85822,1,0.00277,0.00423
8.3877,-0.01541,-0.01733,0.00256,0.00364,-0.00541,-0.00522,-0.02647,-0.00000,-0.00000,-0.00072,0.00081,-0.00099,-0.00284,-0.27125,0.85822,1,0.00277,0.00423
8.3897,-0.01541,-0.01733,0.00255,0.00363,-0.00562,-0.00547,-0.02647,-0.00000,-0.00000,-0.00078,0.00076,-0.00078,-0.00249,-0.27123,0.85820,1,0.00277,0.00423
8.3917,-0.01541,-0.01733,0.00254,0.00362,-0.00585,-0.00583,-0.02647,-0.00000,-0.00000,-0.00084,0.00070,-0.00070,-0.00201,-0.27132,0.85820,1,0.00277,0.00423
8.3937,-0.01541,-0.01733,0.00253,0.00361,-0.00596,-0.00630,-0.02647,-0.00000,-0.00000,-0.00090,0.00064,-0.00074,-0.00140,-0.27126,0.85817,1,0.00277,0.00423
8.3957,-0.01541,-0.01733,0.00252,0.00359,-0.00597,-0.00688,-0.02647,-0.00000,-0.00000,-0.00096,0.00057,-0.00091,-0.00066,-0.27129,0.85819,1,0.00277,0.00423
8.3977,-0.01541,-0.01733,0.00250,0.00358,-0.00586,-0.00757,-0.02647,-0.00000,-0.00000,-0.00102,0.00049,-0.00102,0.00020,-0.27129,0.85821,1,0.00277,0.00423
8.3997,-0.01541,-0.01733,0.00249,0.00356,-0.00581,-0.00837,-0.02647,-0.00000,-0.00000,-0.00108,0.00041,-0.00108,0.00094,-0.27128,0.85818,1,0.00277,0.00423
8.4017,-0.01541,-0.01733,0.00248,0.00355,-0.00580,-0.00906,-0.02647,-0.00000,-0.00000,-0.00114,0.00033,-0.00114,0.00154,-0.27127,0.85821,1,0.00277,0.00423
8.4037,-0.01541,-0.01733,0.00247,0.00353,-0.00579,-0.00964,-0.02647,-0.00000,-0.00000,-0.00120,0.00023,-0.00120,0.00202,-0.27128,0.85817,1,0.00277,0.00423
8.4057,-0.01541,-0.01733,0.00246,0.00351,-0.00578,-0.01011,-0.02647,-0.00000,-0.00000,-0.00126,0.00013,-0.00126,0.00238,-0.27129,0.85821,1,0.00277,0.00423
8.4077,-0.01541,-0.01733,0.00245,0.00349,-0.00577,-0.01047,-0.02647,-0.00000,-0.00000,-0.00132,0.00003,-0.00132,0.00260,-0.27131,0.85818,1,0.00277,0.00423
8.4097,-0.01541,-0.01733,0.00243,0.00347,-0.00576,-0.01072,-0.02647,-0.00000,-0.00000,-0.00138,-0.00007,-0.00138,0.00270,-0.27133,0.85819,1,0.00277,0.00423
8.4117,-0.01541,-0.01733,0.00242,0.00344,-0.00575,-0.01086,-0.02647,-0.00000,-0.00000,-0.00144,-0.00018,-0.00144,0.00267,-0.27136,0.85820,1,0.00277,0.00423
8.4137,-0.01541,-0.01733,0.00241,0.00342,-0.00574,-0.01089,-0.02647,-0.00000,-0.00000,-0.00150,-0.00029,-0.00150,0.00251,-0.27135,0.85819,1,0.00277,0.00423
8.4157,-0.01541,-0.01733,0.00240,0.00340,-0.00573,-0.01081,-0.02647,-0.00000,-0.00000,-0.00156,-0.00040,-0.00156,0.00222,-0.27132,0.85817,1,0.00277,0.00423
8.4177,-0.01541,-0.01733,0.00239,0.00338,-0.00572,-0.01062,-0.02647,-0.00000,-0.00000,-0.00161,-0.00050,-0.00161,0.00180,-0.27133,0.85817,1,0.00277,0.00423
8.4197,-0.01541,-0.01733,0.00238,0.00336,-0.00571,-0.01032,-0.02647,-0.00000,-0.00000,-0.00167,-0.00061,-0.00167,0.00126,-0.27136,0.85818,1,0.00277,0.00423
8.4217,-0.01541,-0.01733,0.00237,0.00334,-0.00570,-0.00991,-0.02647,-0.00000,-0.00000,-0.00173,-0.00071,-0.00173,0.00059,-0.27132,0.85818,1,0.00277,0.00423
8.4237,-0.01541,-0.01733,0.00235,0.00332,-0.00569,-0.00939,-0.02647,-0.00000,-0.00000,-0.00179,-0.00080,-0.00179,-0.00021,-0.27134,0.85818,1,0.00277,0.00423
8.4257,-0.01541,-0.01733,0.00234,0.00330,-0.00568,-0.00876,-0.02647,-0.00000,-0.00000,-0.00185,-0.00090,-0.00185,-0.00090,-0.27135,0.85816,1,0.00277,0.00423
8.4277,-0.01541,-0.01733,0.00233,0.00328,-0.00567,-0.00824,-0.02647,-0.00000,-0.00000,-0.00191,-0.00098,-0.00191,-0.00145,-0.27131,0.85816,1,0.00277,0.00423
8.4297,-0.01541,-0.01733,0.00232,0.00327,-0.00566,-0.00782,-0.02647,-0.00000,-0.00000,-0.00196,-0.00106,-0.00196,-0.00188,-0.27137,0.85816,1,0.00277,0.00423
8.4317,-0.01541,-0.01733,0.00231,0.00325,-0.00565,-0.00751,-0.02647,-0.00000,-0.00000,-0.00202,-0.00114,-0.00202,-0.00218,-0.27136,0.85814,1,0.00277,0.00423
8.4337,-0.01541,-0.01733,0.00230,0.00324,-0.00563,-0.00731,-0.02647,-0.00000,-0.00000,-0.00208,-0.00122,-0.00208,-0.00235,-0.27133,0.85817,1,0.00277,0.00423
8.4357,-0.01541,-0.01733,0.00229,0.00322,-0.00562,-0.00721,-0.02647,-0.00000,-0.00000,-0.00214,-0.00129,-0.00214,-0.00239,-0.27137,0.85813,1,0.00277,0.00423
8.4377,-0.01541,-0.01733,0.00228,0.00321,-0.00561,-0.00723,-0.02647,-0.00000,-0.00000,-0.00220,-0.00136,-0.00220,-0.00230,-0.27136,0.85815,1,0.00277,0.00423
8.4397,-0.01541,-0.01733,0.00226,0.00319,-0.00560,-0.00736,-0.02647,-0.00000,-0.00000,-0.00225,-0.00144,-0.00225,-0.00209,-0.27137,0.85812,1,0.00277,0.00423
8.4417,-0.01541,-0.01733,0.00225,0.00318,-0.00559,-0.00759,-0.02647,-0.00000,-0.00000,-0.00231,-0.00151,-0.00231,-0.00175,-0.27137,0.85813,1,0.00277,0.00423
8.4437,-0.01541,-0.01733,0.00224,0.00316,-0.00558,-0.00794,-0.02647,-0.00000,-0.00000,-0.00237,-0.00159,-0.00237,-0.00153,-0.27132,0.85814,1,0.00277,0.00423
8.4457,-0.01541,-0.01733,0.00223,0.00315,-0.00557,-0.00817,-0.02647,-0.00000,-0.00000,-0.00243,-0.00167,-0.00243,-0.00145,-0.27145,0.85809,1,0.00277,0.00423
8.4477,-0.01541,-0.01733,0.00222,0.00313,-0.00555,-0.00830,-0.02647,-0.00000,-0.00000,-0.00248,-0.00176,-0.00248,-0.00149,-0.27131,0.85815,1,0.00277,0.00423
8.4497,-0.01541,-0.01733,0.00221,0.00311,-0.00554,-0.00831,-0.01680,-0.00000,-0.00000,-0.00254,-0.00184,-0.00254,-0.00166,-0.27137,0.85817,1,0.00250,0.00365
8.4518,-0.01431,-0.01831,0.00223,0.00318,-0.00541,-0.00823,-0.01680,-0.00000,-0.00000,-0.00210,-0.00184,-0.00247,-0.00184,-0.27133,0.85817,1,0.00250,0.00365
8.4541,-0.01431,-0.01831,0.00222,0.00316,-0.00551,-0.00814,-0.01680,-0.00000,-0.00000,-0.00216,-0.00192,-0.00227,-0.00192,-0.27135,0.85817,1,0.00250,0.00365
8.4561,-0.01431,-0.01831,0.00221,0.00315,-0.00572,-0.00812,-0.01680,-0.00000,-0.00000,-0.00222,-0.00200,-0.00220,-0.00200,-0.27138,0.85818,1,0.00250,0.00365
8.4581,-0.01431,-0.01831,0.00220,0.00313,-0.00581,-0.00810,-0.01680,-0.00000,-0.00000,-0.00228,-0.00208,-0.00226,-0.00208,-0.27134,0.85819,1,0.00250,0.00365
8.4601,-0.01431,-0.01831,0.00219,0.00311,-0.00580,-0.00808,-0.01680,-0.00000,-0.00000,-0.00234,-0.00217,-0.00234,-0.00217,-0.27137,0.85816,1,0.00250,0.00365
8.4621,-0.01431,-0.01831,0.00218,0.00310,-0.00577,-0.00806,-0.01680,-0.00000,-0.00000,-0.00239,-0.00225,-0.00239,-0.00225,-0.27139,0.85816,1,0.00250,0.00365
8.4641,-0.01431,-0.01831,0.00216,0.00308,-0.00576,-0.00805,-0.01680,-0.00000,-0.00000,-0.00245,-0.00233,-0.00245,-0.00233,-0.27134,0.85813,1,0.00250,0.00365
8.4661,-0.01431,-0.01831,0.00215,0.00307,-0.00574,-0.00803,-0.01680,-0.00000,-0.00000,-0.00251,-0.00241,-0.00251,-0.00241,-0.27133,0.85816,1,0.00250,0.00365
8.4681,-0.01431,-0.01831,0.00214,0.00305,-0.00573,-0.00801,-0.01680,-0.00000,-0.00000,-0.00257,-0.00249,-0.00257,-0.00249,-0.27136,0.85815,1,0.00250,0.00365
8.4701,-0.01431,-0.01831,0.00213,0.00303,-0.00571,-0.00799,-0.01680,-0.00000,-0.00000,-0.00263,-0.00257,-0.00263,-0.00257,-0.27140,0.85814,1,0.00250,0.00365
8.4721,-0.01431,-0.01831,0.00212,0.00302,-0.00570,-0.00797,-0.01680,-0.00000,-0.00000,-0.00269,-0.00265,-0.00269,-0.00265,-0.27137,0.85815,1,0.00250,0.00365
8.4741,-0.01431,-0.01831,0.00211,0.00300,-0.00568,-0.00795,-0.01680,-0.00000,-0.00000,-0.00275,-0.00273,-0.00275,-0.00273,-0.27139,0.85812,1,0.00250,0.00365
8.4761,-0.01431,-0.01831,0.00210,0.00299,-0.00567,-0.00793,-0.01680,-0.00000,-0.00000,-0.00280,-0.00281,-0.00280,-0.00281,-0.27143,0.85811,1,0.00250,0.00365
8.4782,-0.01431,-0.01831,0.00208,0.00297,-0.00566,-0.00791,-0.01680,-0.00000,-0.00000,-0.00286,-0.00290,-0.00286,-0.00290,-0.27145,0.85811,1,0.00250,0.00365
8.4802,-0.01431,-0.01831,0.00207,0.00295,-0.00564,-0.00789,-0.01680,-0.00000,-0.00000,-0.00292,-0.00298,-0.00292,-0.00298,-0.27138,0.85811,1,0.00250,0.00365
8.4822,-0.01431,-0.01831,0.00206,0.00294,-0.00563,-0.00787,-0.01680,-0.00000,-0.00000,-0.00298,-0.00306,-0.00298,-0.00306,-0.27140,0.85809,1,0.00250,0.00365
8.4842,-0.01431,-0.01831,0.00205,0.00292,-0.00561,-0.00786,-0.01680,-0.00000,-0.00000,-0.00303,-0.00314,-0.00303,-0.00314,-0.27138,0.85807,1,0.00250,0.00365
8.4862,-0.01431,-0.01831,0.00204,0.00291,-0.00560,-0.00784,-0.01680,-0.00000,-0.00000,-0.00309,-0.00322,-0.00309,-0.00322,-0.27136,0.85808,1,0.00250,0.00365
8.4882,-0.01431,-0.01831,0.00203,0.00289,-0.00558,-0.00782,-0.01680,-0.00000,-0.00000,-0.00315,-0.00329,-0.00315,-0.00329,-0.27138,0.85810,1,0.00250,0.00365
8.4902,-0.01431,-0.01831,0.00202,0.00288,-0.00557,-0.00780,-0.01680,-0.00000,-0.00000,-0.00321,-0.00337,-0.00321,-0.00337,-0.27143,0.85808,1,0.00250,0.00365
8.4922,-0.01431,-0.01831,0.00201,0.00286,-0.00555,-0.00778,-0.01680,-0.00000,-0.00000,-0.00326,-0.00345,-0.00326,-0.00345,-0.27140,0.85811,1,0.00250,0.00365
8.4942,-0.01431,-0.01831,0.00199,0.00284,-0.00554,-0.00776,-0.01680,-0.00000,-0.00000,-0.00332,-0.00353,-0.00332,-0.00353,-0.27141,0.85808,1,0.00250,0.00365
8.4962,-0.01431,-0.01831,0.00198,0.00283,-0.00552,-0.00774,-0.01680,-0.00000,-0.00000,-0.00338,-0.00361,-0.00338,-0.00361,-0.27144,0.85806,1,0.00250,0.00365
8.4982,-0.01431,-0.01831,0.00197,0.00281,-0.00550,-0.00772,-0.01680,-0.00000,-0.00000,-0.00343,-0.00369,-0.00343,-0.00369,-0.27144,0.85804,1,0.00250,0.00365
8.5002,-0.01431,-0.01831,0.00196,0.00280,-0.00549,-0.00770,-0.01680,-0.00000,-0.00000,-0.00349,-0.00377,-0.00349,-0.00377,-0.27147,0.85801,1,0.00250,0.00365
8.5022,-0.01431,-0.01831,0.00195,0.00278,-0.00547,-0.00768,-0.01680,-0.00000,-0.00000,-0.00354,-0.00385,-0.00354,-0.00385,-0.27143,0.85804,1,0.00250,0.00365
8.5042,-0.01431,-0.01831,0.00194,0.00277,-0.00546,-0.00765,-0.01680,-0.00000,-0.00000,-0.00360,-0.00392,-0.00360,-0.00392,-0.27148,0.85806,1,0.00250,0.00365
8.5062,-0.01431,-0.01831,0.00193,0.00275,-0.00544,-0.00763,-0.01680,-0.00000,-0.00000,-0.00366,-0.00400,-0.00366,-0.00400,-0.27147,0.85800,1,0.00250,0.00365
8.5082,-0.01431,-0.01831,0.00192,0.00274,-0.00543,-0.00761,-0.01680,-0.00000,-0.00000,-0.00371,-0.00408,-0.00371,-0.00408,-0.27151,0.85801,1,0.00250,0.00365
8.5102,-0.01431,-0.01831,0.00191,0.00272,-0.00541,-0.00759,-0.01680,-0.00000,-0.00000,-0.00377,-0.00416,-0.00377,-0.00416,-0.27152,0.85797,1,0.00250,0.00365
8.5122,-0.01431,-0.01831,0.00190,0.00271,-0.00540,-0.00757,-0.01680,-0.00000,-0.00000,-0.00382,-0.00423,-0.00382,-0.00423,-0.27144,0.85804,1,0.00250,0.00365
8.5142,-0.01431,-0.01831,0.00189,0.00269,-0.00538,-0.00755,-0.01680,-0.00000,-0.00000,-0.00388,-0.00431,-0.00388,-0.00431,-0.27147,0.85802,1,0.00250,0.00365
8.5163,-0.01648,-0.02131,0.00300,0.00429,-0.00149,-0.00200,-0.01067,-0.00000,-0.00000,0.00075,0.00234,-0.00380,-0.00426,-0.27150,0.85797,1,0.00426,0.00608
8.5183,-0.01648,-0.02131,0.00300,0.00428,-0.00160,-0.00211,-0.01067,-0.00000,-0.00000,0.00073,0.00231,-0.00360,-0.00408,-0.27151,0.85802,1,0.00426,0.00608
8.5203,-0.01648,-0.02131,0.00300,0.00428,-0.00183,-0.00234,-0.01067,-0.00000,-0.00000,0.00071,0.00228,-0.00328,-0.00377,-0.27153,0.85801,1,0.00426,0.00608
8.5223,-0.01648,-0.02131,0.00299,0.00428,-0.00216,-0.00267,-0.01067,-0.00000,-0.00000,0.00069,0.00225,-0.00282,-0.00334,-0.27154,0.85797,1,0.00426,0.00608
8.5243,-0.01648,-0.02131,0.00299,0.00427,-0.00260,-0.00312,-0.01067,-0.00000,-0.00000,0.00066,0.00222,-0.00223,-0.00278,-0.27154,0.85797,1,0.00426,0.00608
8.5263,-0.01648,-0.02131,0.00298,0.00426,-0.00315,-0.00367,-0.01067,-0.00000,-0.00000,0.00063,0.00218,-0.00152,-0.00208,-0.27152,0.85799,1,0.00426,0.00608
8.5283,-0.01648,-0.02131,0.00298,0.00425,-0.00381,-0.00433,-0.01067,-0.00000,-0.00000,0.00059,0.00214,-0.00068,-0.00127,-0.27156,0.85799,1,0.00426,0.00608
8.5303,-0.01648,-0.02131,0.00297,0.00425,-0.00457,-0.00510,-0.01067,-0.00000,-0.00000,0.00055,0.00208,0.00029,-0.00032,-0.27154,0.85796,1,0.00426,0.00608
8.5323,-0.01648,-0.02131,0.00296,0.00423,-0.00545,-0.00598,-0.01067,-0.00000,-0.00000,0.00049,0.00203,0.00113,0.00076,-0.27156,0.85795,1,0.00426,0.00608
8.5343,-0.01648,-0.02131,0.00295,0.00422,-0.00622,-0.00697,-0.01067,-0.00000,-0.00000,0.00043,0.00196,0.00184,0.00196,-0.27151,0.85799,1,0.00426,0.00608
8.5363,-0.01648,-0.02131,0.00293,0.00421,-0.00688,-0.00807,-0.01067,-0.00000,-0.00000,0.00037,0.00188,0.00243,0.00303,-0.27152,0.85798,1,0.00426,0.00608
8.5383,-0.01648,-0.02131,0.00292,0.00419,-0.00743,-0.00906,-0.01067,-0.00000,-0.00000,0.00029,0.00179,0.00288,0.00398,-0.27151,0.85797,1,0.00426,0.00608
8.5403,-0.01648,-0.02131,0.00290,0.00417,-0.00787,-0.00994,-0.01067,-0.00000,-0.00000,0.00022,0.00170,0.00321,0.00480,-0.27147,0.85803,1,0.00426,0.00608
8.5423,-0.01648,-0.02131,0.00289,0.00415,-0.00820,-0.01070,-0.01067,-0.00000,-0.00000,0.00014,0.00159,0.00341,0.00549,-0.27150,0.85805,1,0.00426,0.00608
8.5443,-0.01648,-0.02131,0.00287,0.00413,-0.00842,-0.01136,-0.01067,-0.00000,-0.00000,0.00005,0.00148,0.00349,0.00605,-0.27150,0.85806,1,0.00426,0.00608
8.5463,-0.01648,-0.02131,0.00285,0.00410,-0.00853,-0.01191,-0.01067,-0.00000,-0.00000,-0.00003,0.00137,0.00343,0.00648,-0.27147,0.85803,1,0.00426,0.00608
8.5483,-0.01648,-0.02131,0.00284,0.00408,-0.00853,-0.01235,-0.01067,-0.00000,-0.00000,-0.00012,0.00125,0.00325,0.00679,-0.27148,0.85804,1,0.00426,0.00608
8.5503,-0.01648,-0.02131,0.00282,0.00405,-0.00842,-0.01268,-0.01067,-0.00000,-0.00000,-0.00020,0.00112,0.00294,0.00697,-0.27146,0.85807,1,0.00426,0.00608
8.5523,-0.01648,-0.02131,0.00280,0.00403,-0.00820,-0.01290,-0.01067,-0.00000,-0.00000,-0.00029,0.00099,0.00250,0.00702,-0.27147,0.85810,1,0.00426,0.00608
8.5543,-0.01648,-0.02131,0.00279,0.00400,-0.00787,-0.01301,-0.01067,-0.00000,-0.00000,-0.00037,0.00086,0.00193,0.00694,-0.27146,0.85811,1,0.00426,0.00608
8.5563,-0.01648,-0.02131,0.00277,0.00398,-0.00743,-0.01301,-0.01067,-0.00000,-0.00000,-0.00044,0.00073,0.00123,0.00673,-0.27148,0.85812,1,0.00426,0.00608
8.5583,-0.01648,-0.02131,0.00276,0.00395,-0.00688,-0.01290,-0.01067,-0.00000,-0.00000,-0.00052,0.00061,0.00041,0.00640,-0.27148,0.85809,1,0.00426,0.00608
8.5604,-0.01648,-0.02131,0.00274,0.00393,-0.00622,-0.01268,-0.01067,-0.00000,-0.00000,-0.00058,0.00048,-0.00054,0.00594,-0.27151,0.85807,1,0.00426,0.00608
8.5624,-0.01648,-0.02131,0.00273,0.00390,-0.00546,-0.01235,-0.01067,-0.00000,-0.00000,-0.00064,0.00035,-0.00136,0.00535,-0.27148,0.85814,1,0.00426,0.00608
8.5644,-0.01648,-0.02131,0.00272,0.00388,-0.00480,-0.01191,-0.01067,-0.00000,-0.00000,-0.00070,0.00023,-0.00206,0.00463,-0.27151,0.85812,1,0.00426,0.00608
8.5664,-0.01648,-0.02131,0.00271,0.00385,-0.00425,-0.01136,-0.01067,-0.00000,-0.00000,-0.00074,0.00012,-0.00263,0.00378,-0.27151,0.85813,1,0.00426,0.00608
8.5684,-0.01648,-0.02131,0.00270,0.00383,-0.00381,-0.01070,-0.01067,-0.00000,-0.00000,-0.00079,0.00001,-0.00307,0.00281,-0.27152,0.85818,1,0.00426,0.00608
8.5704,-0.01648,-0.02131,0.00270,0.00381,-0.00348,-0.00993,-0.01067,-0.00000,-0.00000,-0.00083,-0.00010,-0.00338,0.00171,-0.27158,0.85814,1,0.00426,0.00608
8.5724,-0.01648,-0.02131,0.00269,0.00379,-0.00326,-0.00905,-0.01067,-0.00000,-0.00000,-0.00086,-0.00019,-0.00356,0.00048,-0.27154,0.85814,1,0.00426,0.00608
8.5744,-0.01648,-0.02131,0.00268,0.00377,-0.00315,-0.00807,-0.01067,-0.00000,-0.00000,-0.00090,-0.00028,-0.00361,-0.00063,-0.27158,0.85813,1,0.00426,0.00608
8.5771,-0.01648,-0.02131,0.00268,0.00376,-0.00315,-0.00719,-0.01067,-0.00000,-0.00000,-0.00093,-0.00036,-0.00354,-0.00160,-0.27158,0.85813,1,0.00426,0.00608
8.5791,-0.01648,-0.02131,0.00267,0.00375,-0.00325,-0.00642,-0.01067,-0.00000,-0.00000,-0.00097,-0.00043,-0.00334,-0.00245,-0.27165,0.85808,1,0.00426,0.00608
8.5811,-0.01648,-0.02131,0.00266,0.00373,-0.00347,-0.00576,-0.01067,-0.00000,-0.00000,-0.00101,-0.00049,-0.00301,-0.00317,-0.27163,0.85810,1,0.00426,0.00608
8.5831,-0.01648,-0.02131,0.00266,0.00372,-0.00379,-0.00521,-0.01067,-0.00000,-0.00000,-0.00105,-0.00055,-0.00256,-0.00376,-0.27161,0.85812,1,0.00426,0.00608
8.5852,-0.01551,-0.02011,0.00310,0.00384,-0.00240,-0.00527,-0.00591,-0.00000,-0.00000,0.00134,0.00038,-0.00197,-0.00422,-0.27162,0.85810,0,0.00376,0.00445
8.5872,-0.01551,-0.02011,0.00310,0.00383,-0.00296,-0.00494,-0.00591,-0.00000,-0.00000,0.00131,0.00033,-0.00126,-0.00455,-0.27159,0.85814,0,0.00376,0.00445
8.5893,-0.01551,-0.02011,0.00309,0.00382,-0.00362,-0.00472,-0.00591,-0.00000,-0.00000,0.00127,0.00027,-0.00042,-0.00476,-0.27155,0.85810,0,0.00376,0.00445
8.5913,-0.01551,-0.02011,0.00308,0.00382,-0.00439,-0.00460,-0.00591,-0.00000,-0.00000,0.00123,0.00022,0.00055,-0.00484,-0.27162,0.85809,0,0.00376,0.00445
8.5933,-0.01551,-0.02011,0.00307,0.00381,-0.00527,-0.00460,-0.00591,-0.00000,-0.00000,0.00118,0.00017,0.00139,-0.00479,-0.27160,0.85808,0,0.00376,0.00445
8.5953,-0.01551,-0.02011,0.00306,0.00380,-0.00604,-0.00471,-0.00591,-0.00000,-0.00000,0.00112,0.00012,0.00210,-0.00461,-0.27156,0.85806,0,0.00376,0.00445
8.5973,-0.01551,-0.02011,0.00305,0.00379,-0.00670,-0.00492,-0.00591,-0.00000,-0.00000,0.00106,0.00007,0.00269,-0.00430,-0.27151,0.85805,0,0.00376,0.00445
8.5993,-0.01551,-0.02011,0.00303,0.00378,-0.00725,-0.00525,-0.00591,-0.00000,-0.00000,0.00099,0.00002,0.00315,-0.00387,-0.27153,0.85806,0,0.00376,0.00445
8.6013,-0.01551,-0.02011,0.00302,0.00377,-0.00769,-0.00568,-0.00591,-0.00000,-0.00000,0.00091,-0.00004,0.00348,-0.00331,-0.27145,0.85813,0,0.00376,0.00445
8.6033,-0.01551,-0.02011,0.00300,0.00375,-0.00802,-0.00623,-0.00591,-0.00000,-0.00000,0.00083,-0.00010,0.00368,-0.00262,-0.27145,0.85808,0,0.00376,0.00445
8.6053,-0.01551,-0.02011,0.00299,0.00374,-0.00824,-0.00688,-0.00591,-0.00000,-0.00000,0.00075,-0.00017,0.00375,-0.00180,-0.27140,0.85809,0,0.00376,0.00445
8.6073,-0.01551,-0.02011,0.00297,0.00373,-0.00835,-0.00764,-0.00591,-0.00000,-0.00000,0.00067,-0.00024,0.00369,-0.00085,-0.27147,0.85805,0,0.00376,0.00445
8.6093,-0.01551,-0.02011,0.00295,0.00371,-0.00835,-0.00851,-0.00591,-0.00000,-0.00000,0.00058,-0.00033,0.00351,-0.00003,-0.27145,0.85806,0,0.00376,0.00445
8.6113,-0.01551,-0.02011,0.00294,0.00369,-0.00825,-0.00927,-0.00591,-0.00000,-0.00000,0.00050,-0.00042,0.00320,0.00066,-0.27145,0.85807,0,0.00376,0.00445
8.6133,-0.01551,-0.02011,0.00292,0.00367,-0.00803,-0.00992,-0.00591,-0.00000,-0.00000,0.00042,-0.00051,0.00276,0.00122,-0.27144,0.85807,0,0.00376,0.00445
8.6153,-0.01551,-0.02011,0.00290,0.00365,-0.00770,-0.01046,-0.00591,-0.00000,-0.00000,0.00034,-0.00062,0.00219,0.00165,-0.27149,0.85808,0,0.00376,0.00445
8.6173,-0.01551,-0.02011,0.00289,0.00363,-0.00727,-0.01089,-0.00591,-0.00000,-0.00000,0.00026,-0.00072,0.00150,0.00196,-0.27148,0.85804,0,0.00376,0.00445
8.6193,-0.01551,-0.02011,0.00288,0.00361,-0.00672,-0.01122,-0.00591,-0.00000,-0.00000,0.00019,-0.00083,0.00067,0.00214,-0.27152,0.85805,0,0.00376,0.00445
8.6214,-0.01551,-0.02011,0.00286,0.00359,-0.00607,-0.01143,-0.00591,-0.00000,-0.00000,0.00013,-0.00095,-0.00002,0.00219,-0.27149,0.85807,0,0.00376,0.00445
8.6234,-0.01551,-0.02011,0.00285,0.00356,-0.00552,-0.01153,-0.00591,-0.00000,-0.00000,0.00007,-0.00106,-0.00059,0.00211,-0.27148,0.85805,0,0.00376,0.00445
8.6254,-0.01551,-0.02011,0.00284,0.00354,-0.00508,-0.01152,-0.00591,-0.00000,-0.00000,0.00001,-0.00118,-0.00103,0.00190,-0.27148,0.85804,0,0.00376,0.00445
8.6274,-0.01551,-0.02011,0.00283,0.00352,-0.00475,-0.01141,-0.00591,-0.00000,-0.00000,-0.00004,-0.00129,-0.00134,0.00157,-0.27154,0.85805,0,0.00376,0.00445
8.6294,-0.01551,-0.02011,0.00282,0.00350,-0.00453,-0.01118,-0.00591,-0.00000,-0.00000,-0.00009,-0.00140,-0.00152,0.00110,-0.27158,0.85802,0,0.00376,0.00445
8.6314,-0.01551,-0.02011,0.00281,0.00347,-0.00443,-0.01084,-0.00591,-0.00000,-0.00000,-0.00013,-0.00151,-0.00158,0.00051,-0.27159,0.85800,0,0.00376,0.00445
8.6334,-0.01551,-0.02011,0.00280,0.00345,-0.00443,-0.01040,-0.00591,-0.00000,-0.00000,-0.00018,-0.00162,-0.00150,-0.00020,-0.27162,0.85802,0,0.00376,0.00445
8.6354,-0.01551,-0.02011,0.00279,0.00343,-0.00453,-0.00984,-0.00591,-0.00000,-0.00000,-0.00023,-0.00172,-0.00130,-0.00105,-0.27162,0.85803,0,0.00376,0.00445
8.6374,-0.01551,-0.02011,0.00279,0.00341,-0.00475,-0.00917,-0.00591,-0.00000,-0.00000,-0.00027,-0.00182,-0.00098,-0.00182,-0.27158,0.85803,0,0.00376,0.00445
8.6394,-0.01551,-0.02011,0.00278,0.00340,-0.00508,-0.00857,-0.00591,-0.00000,-0.00000,-0.00033,-0.00191,-0.00052,-0.00246,-0.27160,0.85807,0,0.00376,0.00445
8.6415,-0.01551,-0.02011,0.00276,0.00338,-0.00552,-0.00808,-0.00591,-0.00000,-0.00000,-0.00038,-0.00199,-0.00019,-0.00297,-0.27163,0.85804,0,0.00376,0.00445
8.6435,-0.01551,-0.02011,0.00275,0.00336,-0.00584,-0.00770,-0.00591,-0.00000,-0.00000,-0.00044,-0.00207,0.00001,-0.00336,-0.27156,0.85806,0,0.00376,0.00445
8.6455,-0.01551,-0.02011,0.00274,0.00335,-0.00606,-0.00743,-0.00591,-0.00000,-0.00000,-0.00050,-0.00215,0.00008,-0.00361,-0.27158,0.85803,0,0.00376,0.00445
8.6475,-0.01551,-0.02011,0.00273,0.00333,-0.00617,-0.00726,-0.00591,-0.00000,-0.00000,-0.00056,-0.00223,0.00003,-0.00374,-0.27159,0.85801,0,0.00376,0.00445
8.6495,-0.01551,-0.02011,0.00272,0.00332,-0.00617,-0.00721,-0.00591,-0.00000,-0.00000,-0.00063,-0.00230,-0.00015,-0.00374,-0.27157,0.85803,0,0.00376,0.00445
8.6517,-0.01504,-0.01707,0.00301,0.00371,-0.00500,-0.00644,-0.02518,-0.00000,-0.00000,0.00092,0.00048,-0.00021,-0.00362,-0.27155,0.85798,1,0.00353,0.00454
8.6537,-0.01504,-0.01707,0.00300,0.00370,-0.00500,-0.00661,-0.02518,-0.00000,-0.00000,0.00087,0.00041,-0.00014,-0.00336,-0.27155,0.85798,1,0.00353,0.00454
8.6557,-0.01504,-0.01707,0.00299,0.00369,-0.00511,-0.00689,-0.02518,-0.00000,-0.00000,0.00082,0.00034,0.00006,-0.00298,-0.27159,0.85798,1,0.00353,0.00454
8.6577,-0.01504,-0.01707,0.00298,0.00367,-0.00533,-0.00728,-0.02518,-0.00000,-0.00000,0.00076,0.00027,0.00039,-0.00247,-0.27152,0.85800,1,0.00353,0.00454
8.6597,-0.01504,-0.01707,0.00297,0.00366,-0.00566,-0.00778,-0.02518,-0.00000,-0.00000,0.00071,0.00019,0.00071,-0.00183,-0.27155,0.85796,1,0.00353,0.00454
8.6617,-0.01504,-0.01707,0.00296,0.00364,-0.00598,-0.00839,-0.02518,-0.00000,-0.00000,0.00065,0.00011,0.00089,-0.00106,-0.27155,0.85800,1,0.00353,0.00454
8.6637,-0.01504,-0.01707,0.00295,0.00363,-0.00619,-0.00910,-0.02518,-0.00000,-0.00000,0.00058,0.00003,0.00095,-0.00016,-0.27158,0.85797,1,0.00353,0.00454
8.6657,-0.01504,-0.01707,0.00294,0.00361,-0.00629,-0.00993,-0.02518,-0.00000,-0.00000,0.00052,-0.00007,0.00088,0.00060,-0.27160,0.85800,1,0.00353,0.00454
8.6677,-0.01504,-0.01707,0.00292,0.00359,-0.00627,-0.01064,-0.02518,-0.00000,-0.00000,0.00046,-0.00017,0.00068,0.00124,-0.27155,0.85799,1,0.00353,0.00454
8.6697,-0.01504,-0.01707,0.00291,0.00356,-0.00615,-0.01125,-0.02518,-0.00000,-0.00000,0.00039,-0.00028,0.00039,0.00175,-0.27150,0.85801,1,0.00353,0.00454
8.6717,-0.01504,-0.01707,0.00290,0.00354,-0.00596,-0.01175,-0.02518,-0.00000,-0.00000,0.00033,-0.00039,0.00024,0.00214,-0.27153,0.85799,1,0.00353,0.00454
8.6737,-0.01504,-0.01707,0.00289,0.00352,-0.00587,-0.01213,-0.02518,-0.00000,-0.00000,0.00027,-0.00051,0.00021,0.00239,-0.27150,0.85804,1,0.00353,0.00454
8.6757,-0.01504,-0.01707,0.00288,0.00349,-0.00590,-0.01241,-0.02518,-0.00000,-0.00000,0.00021,-0.00063,0.00021,0.00252,-0.27148,0.85804,1,0.00353,0.00454
8.6778,-0.01504,-0.01707,0.00286,0.00347,-0.00595,-0.01258,-0.02518,-0.00000,-0.00000,0.00015,-0.00076,0.00015,0.00252,-0.27154,0.85802,1,0.00353,0.00454
8.6798,-0.01504,-0.01707,0.00285,0.00344,-0.00594,-0.01263,-0.02518,-0.00000,-0.00000,0.00009,-0.00088,0.00009,0.00239,-0.27156,0.85802,1,0.00353,0.00454
8.6818,-0.01504,-0.01707,0.00284,0.00342,-0.00594,-0.01258,-0.02518,-0.00000,-0.00000,0.00003,-0.00101,0.00003,0.00213,-0.27160,0.85801,1,0.00353,0.00454
8.6838,-0.01504,-0.01707,0.00283,0.00339,-0.00593,-0.01242,-0.02518,-0.00000,-0.00000,-0.00003,-0.00113,-0.00003,0.00175,-0.27159,0.85809,1,0.00353,0.00454
8.6858,-0.01504,-0.01707,0.00282,0.00337,-0.00593,-0.01215,-0.02518,-0.00000,-0.00000,-0.00009,-0.00125,-0.00009,0.00124,-0.27153,0.85805,1,0.00353,0.00454
8.6878,-0.01504,-0.01707,0.00281,0.00334,-0.00592,-0.01176,-0.02518,-0.00000,-0.00000,-0.00015,-0.00137,-0.00015,0.00060,-0.27154,0.85807,1,0.00353,0.00454
8.6898,-0.01504,-0.01707,0.00279,0.00332,-0.00592,-0.01127,-0.02518,-0.00000,-0.00000,-0.00021,-0.00148,-0.00021,-0.00017,-0.27150,0.85806,1,0.00353,0.00454
8.6918,-0.01504,-0.01707,0.00278,0.00330,-0.00591,-0.01067,-0.02518,-0.00000,-0.00000,-0.00027,-0.00159,-0.00027,-0.00107,-0.27153,0.85802,1,0.00353,0.00454
8.6938,-0.01504,-0.01707,0.00277,0.00328,-0.00591,-0.00996,-0.02518,-0.00000,-0.00000,-0.00033,-0.00169,-0.00033,-0.00184,-0.27151,0.85806,1,0.00353,0.00454
8.6958,-0.01504,-0.01707,0.00276,0.00326,-0.00590,-0.00936,-0.02518,-0.00000,-0.00000,-0.00039,-0.00179,-0.00039,-0.00248,-0.27150,0.85804,1,0.00353,0.00454
8.6978,-0.01504,-0.01707,0.00275,0.00324,-0.00590,-0.00886,-0.02518,-0.00000,-0.00000,-0.00045,-0.00188,-0.00045,-0.00299,-0.27153,0.85801,1,0.00353,0.00454
8.6998,-0.01504,-0.01707,0.00273,0.00322,-0.00589,-0.00848,-0.02518,-0.00000,-0.00000,-0.00051,-0.00197,-0.00051,-0.00338,-0.27153,0.85801,1,0.00353,0.00454
8.7018,-0.01504,-0.01707,0.00272,0.00321,-0.00589,-0.00820,-0.02518,-0.00000,-0.00000,-0.00058,-0.00205,-0.00058,-0.00363,-0.27156,0.85801,1,0.00353,0.00454
8.7038,-0.01504,-0.01707,0.00271,0.00319,-0.00588,-0.00804,-0.02518,-0.00000,-0.00000,-0.00064,-0.00213,-0.00064,-0.00376,-0.27154,0.85803,1,0.00353,0.00454
8.7058,-0.01504,-0.01707,0.00270,0.00317,-0.00587,-0.00798,-0.02518,-0.00000,-0.00000,-0.00070,-0.00222,-0.00070,-0.00376,-0.27159,0.85797,1,0.00353,0.00454
8.7078,-0.01504,-0.01707,0.00269,0.00316,-0.00587,-0.00803,-0.02518,-0.00000,-0.00000,-0.00076,-0.00230,-0.00076,-0.00364,-0.27157,0.85799,1,0.00353,0.00454
8.7098,-0.01504,-0.01707,0.00268,0.00314,-0.00586,-0.00819,-0.02518,-0.00000,-0.00000,-0.00082,-0.00238,-0.00082,-0.00338,-0.27157,0.85796,1,0.00353,0.00454
8.7118,-0.01504,-0.01707,0.00266,0.00313,-0.00586,-0.00846,-0.02518,-0.00000,-0.00000,-0.00088,-0.00246,-0.00088,-0.00300,-0.27157,0.85797,1,0.00353,0.00454
8.7138,-0.01504,-0.01707,0.00265,0.00311,-0.00585,-0.00884,-0.02518,-0.00000,-0.00000,-0.00094,-0.00255,-0.00094,-0.00255,-0.27151,0.85802,1,0.00353,0.00454
8.7158,-0.01504,-0.01707,0.00264,0.00309,-0.00584,-0.00928,-0.02518,-0.00000,-0.00000,-0.00099,-0.00264,-0.00099,-0.00223,-0.27159,0.85799,1,0.00353,0.00454
8.7178,-0.01504,-0.01707,0.00263,0.00307,-0.00583,-0.00960,-0.02518,-0.00000,-0.00000,-0.00105,-0.00273,-0.00105,-0.00204,-0.27157,0.85798,1,0.00353,0.00454
8.7198,-0.01504,-0.01707,0.00262,0.00305,-0.00583,-0.00982,-0.02518,-0.00000,-0.00000,-0.00111,-0.00283,-0.00111,-0.00197,-0.27154,0.85800,1,0.00353,0.00454
8.7219,-0.01515,-0.01896,0.00295,0.00373,-0.00465,-0.00736,-0.01573,-0.00000,-0.00000,0.00042,-0.00018,-0.00105,-0.00178,-0.27157,0.85799,1,0.00349,0.00475
8.7239,-0.01515,-0.01896,0.00294,0.00372,-0.00476,-0.00758,-0.01573,-0.00000,-0.00000,0.00037,-0.00026,-0.00085,-0.00146,-0.27157,0.85799,1,0.00349,0.00475
8.7259,-0.01515,-0.01896,0.00293,0.00370,-0.00497,-0.00792,-0.01573,-0.00000,-0.00000,0.00032,-0.00034,-0.00053,-0.00102,-0.27158,0.85797,1,0.00349,0.00475
8.7279,-0.01515,-0.01896,0.00292,0.00369,-0.00530,-0.00836,-0.01573,-0.00000,-0.00000,0.00027,-0.00042,-0.00007,-0.00044,-0.27157,0.85799,1,0.00349,0.00475
8.7299,-0.01515,-0.01896,0.00291,0.00367,-0.00573,-0.00892,-0.01573,-0.00000,-0.00000,0.00021,-0.00051,0.00025,0.00001,-0.27162,0.85797,1,0.00349,0.00475
8.7319,-0.01515,-0.01896,0.00290,0.00365,-0.00606,-0.00936,-0.01573,-0.00000,-0.00000,0.00015,-0.00060,0.00045,0.00033,-0.27155,0.85796,1,0.00349,0.00475
8.7340,-0.01515,-0.01896,0.00288,0.00363,-0.00628,-0.00969,-0.01573,-0.00000,-0.00000,0.00009,-0.00069,0.00052,0.00052,-0.27157,0.85799,1,0.00349,0.00475
8.7360,-0.01515,-0.01896,0.00287,0.00361,-0.00638,-0.00992,-0.01573,-0.00000,-0.00000,0.00002,-0.00079,0.00046,0.00058,-0.27152,0.85800,1,0.00349,0.00475
8.7380,-0.01515,-0.01896,0.00286,0.00359,-0.00638,-0.01003,-0.01573,-0.00000,-0.00000,-0.00004,-0.00089,0.00027,0.00052,-0.27158,0.85793,1,0.00349,0.00475
8.7400,-0.01515,-0.01896,0.00285,0.00357,-0.00627,-0.01004,-0.01573,-0.00000,-0.00000,-0.00011,-0.00099,-0.00005,0.00032,-0.27151,0.85803,1,0.00349,0.00475
8.7420,-0.01515,-0.01896,0.00283,0.00355,-0.00604,-0.00993,-0.01573,-0.00000,-0.00000,-0.00017,-0.00109,-0.00023,0.00000,-0.27155,0.85798,1,0.00349,0.00475
8.7440,-0.01515,-0.01896,0.00282,0.00353,-0.00593,-0.00972,-0.01573,-0.00000,-0.00000,-0.00023,-0.00119,-0.00029,-0.00045,-0.27155,0.85798,1,0.00349,0.00475
8.7460,-0.01515,-0.01896,0.00281,0.00351,-0.00593,-0.00939,-0.01573,-0.00000,-0.00000,-0.00029,-0.00129,-0.00029,-0.00102,-0.27158,0.85802,1,0.00349,0.00475
8.7480,-0.01515,-0.01896,0.00280,0.00350,-0.00598,-0.00896,-0.01573,-0.00000,-0.00000,-0.00035,-0.00138,-0.00035,-0.00147,-0.27162,0.85802,1,0.00349,0.00475
8.7500,-0.01515,-0.01896,0.00279,0.00348,-0.00597,-0.00863,-0.01573,-0.00000,-0.00000,-0.00041,-0.00147,-0.00041,-0.00179,-0.27160,0.85796,1,0.00349,0.00475
8.7520,-0.01515,-0.01896,0.00277,0.00346,-0.00597,-0.00842,-0.01573,-0.00000,-0.00000,-0.00047,-0.00155,-0.00047,-0.00198,-0.27161,0.85795,1,0.00349,0.00475
8.7541,-0.01515,-0.01896,0.00276,0.00344,-0.00596,-0.00831,-0.01573,-0.00000,-0.00000,-0.00053,-0.00164,-0.00053,-0.00205,-0.27157,0.85796,1,0.00349,0.00475
8.7561,-0.01515,-0.01896,0.00275,0.00343,-0.00595,-0.00831,-0.01573,-0.00000,-0.00000,-0.00060,-0.00172,-0.00060,-0.00199,-0.27161,0.85793,1,0.00349,0.00475
8.7581,-0.01515,-0.01896,0.00274,0.00341,-0.00595,-0.00842,-0.01573,-0.00000,-0.00000,-0.00066,-0.00181,-0.00066,-0.00181,-0.27160,0.85784,1,0.00349,0.00475
8.7601,-0.01515,-0.01896,0.00273,0.00339,-0.00594,-0.00863,-0.01573,-0.00000,-0.00000,-0.00072,-0.00189,-0.00072,-0.00176,-0.27162,0.85789,1,0.00349,0.00475
8.7621,-0.01515,-0.01896,0.00272,0.00338,-0.00593,-0.00873,-0.01573,-0.00000,-0.00000,-0.00078,-0.00198,-0.00078,-0.00184,-0.27161,0.85787,1,0.00349,0.00475
8.7641,-0.01515,-0.01896,0.00270,0.00336,-0.00593,-0.00872,-0.01573,-0.00000,-0.00000,-0.00084,-0.00207,-0.00084,-0.00204,-0.27158,0.85790,1,0.00349,0.00475
8.7661,-0.01515,-0.01896,0.00269,0.00334,-0.00592,-0.00860,-0.01573,-0.00000,-0.00000,-0.00090,-0.00216,-0.00090,-0.00216,-0.27164,0.85791,1,0.00349,0.00475
8.7681,-0.01515,-0.01896,0.00268,0.00332,-0.00591,-0.00856,-0.01573,-0.00000,-0.00000,-0.00096,-0.00224,-0.00096,-0.00224,-0.27160,0.85792,1,0.00349,0.00475
8.7701,-0.01515,-0.01896,0.00267,0.00331,-0.00591,-0.00854,-0.01573,-0.00000,-0.00000,-0.00102,-0.00233,-0.00102,-0.00233,-0.27161,0.85791,1,0.00349,0.00475
8.7721,-0.01515,-0.01896,0.00266,0.00329,-0.00590,-0.00852,-0.01573,-0.00000,-0.00000,-0.00108,-0.00242,-0.00108,-0.00242,-0.27162,0.85787,1,0.00349,0.00475
8.7742,-0.01515,-0.01896,0.00264,0.00327,-0.00589,-0.00850,-0.01573,-0.00000,-0.00000,-0.00114,-0.00250,-0.00114,-0.00250,-0.27164,0.85788,1,0.00349,0.00475
8.7762,-0.01515,-0.01896,0.00263,0.00326,-0.00589,-0.00848,-0.01573,-0.00000,-0.00000,-0.00120,-0.00259,-0.00120,-0.00259,-0.27157,0.85790,1,0.00349,0.00475
8.7782,-0.01515,-0.01896,0.00262,0.00324,-0.00588,-0.00846,-0.01573,-0.00000,-0.00000,-0.00126,-0.00268,-0.00126,-0.00268,-0.27158,0.85785,1,0.00349,0.00475
8.7802,-0.01515,-0.01896,0.00261,0.00322,-0.00587,-0.00844,-0.01573,-0.00000,-0.00000,-0.00132,-0.00276,-0.00132,-0.00276,-0.27158,0.85789,1,0.00349,0.00475
8.7822,-0.01515,-0.01896,0.00260,0.00321,-0.00586,-0.00842,-0.01573,-0.00000,-0.00000,-0.00138,-0.00285,-0.00138,-0.00285,-0.27158,0.85787,1,0.00349,0.00475
8.7842,-0.01708,-0.02050,0.00370,0.00454,-0.00193,-0.00358,-0.01308,-0.00000,-0.00000,0.00326,0.00302,-0.00131,-0.00280,-0.27157,0.85785,1,0.00499,0.00616
8.7862,-0.01708,-0.02050,0.00370,0.00454,-0.00205,-0.00370,-0.01308,-0.00000,-0.00000,0.00324,0.00298,-0.00112,-0.00263,-0.27156,0.85784,1,0.00499,0.00616
8.7882,-0.01708,-0.02050,0.00370,0.00453,-0.00228,-0.00392,-0.01308,-0.00000,-0.00000,0.00322,0.00293,-0.00079,-0.00233,-0.27155,0.85787,1,0.00499,0.00616
8.7902,-0.01708,-0.02050,0.00369,0.00452,-0.00262,-0.00425,-0.01308,-0.00000,-0.00000,0.00319,0.00289,-0.00034,-0.00191,-0.27158,0.85786,1,0.00499,0.00616
8.7922,-0.01708,-0.02050,0.00368,0.00451,-0.00307,-0.00469,-0.01308,-0.00000,-0.00000,0.00315,0.00284,0.00024,-0.00135,-0.27162,0.85784,1,0.00499,0.00616
8.7942,-0.01708,-0.02050,0.00368,0.00450,-0.00363,-0.00524,-0.01308,-0.00000,-0.00000,0.00312,0.00279,0.00095,-0.00067,-0.27157,0.85787,1,0.00499,0.00616
8.7962,-0.01708,-0.02050,0.00367,0.00449,-0.00430,-0.00590,-0.01308,-0.00000,-0.00000,0.00308,0.00273,0.00178,0.00014,-0.27161,0.85784,1,0.00499,0.00616
8.7982,-0.01708,-0.02050,0.00366,0.00448,-0.00507,-0.00666,-0.01308,-0.00000,-0.00000,0.00303,0.00266,0.00275,0.00108,-0.27158,0.85784,1,0.00499,0.00616
8.8002,-0.01708,-0.02050,0.00365,0.00446,-0.00596,-0.00754,-0.01308,-0.00000,-0.00000,0.00297,0.00259,0.00358,0.00214,-0.27156,0.85787,1,0.00499,0.00616
8.8022,-0.01708,-0.02050,0.00364,0.00445,-0.00673,-0.00853,-0.01308,-0.00000,-0.00000,0.00290,0.00251,0.00429,0.00308,-0.27153,0.85788,1,0.00499,0.00616
8.8042,-0.01708,-0.02050,0.00362,0.00443,-0.00740,-0.00940,-0.01308,-0.00000,-0.00000,0.00283,0.00242,0.00487,0.00389,-0.27150,0.85790,1,0.00499,0.00616
8.8062,-0.01708,-0.02050,0.00361,0.00441,-0.00795,-0.01017,-0.01308,-0.00000,-0.00000,0.00275,0.00232,0.00532,0.00458,-0.27151,0.85789,1,0.00499,0.00616
8.8083,-0.01708,-0.02050,0.00359,0.00439,-0.00840,-0.01083,-0.01308,-0.00000,-0.00000,0.00267,0.00221,0.00565,0.00513,-0.27148,0.85791,1,0.00499,0.00616
8.8103,-0.01708,-0.02050,0.00357,0.00437,-0.00874,-0.01137,-0.01308,-0.00000,-0.00000,0.00259,0.00210,0.00584,0.00556,-0.27150,0.85792,1,0.00499,0.00616
8.8123,-0.01708,-0.02050,0.00356,0.00434,-0.00896,-0.01181,-0.01308,-0.00000,-0.00000,0.00250,0.00199,0.00591,0.00586,-0.27147,0.85794,1,0.00499,0.00616
8.8143,-0.01708,-0.02050,0.00354,0.00432,-0.00908,-0.01214,-0.01308,-0.00000,-0.00000,0.00241,0.00187,0.00585,0.00603,-0.27142,0.85796,1,0.00499,0.00616
8.8163,-0.01708,-0.02050,0.00352,0.00430,-0.00909,-0.01236,-0.01308,-0.00000,-0.00000,0.00232,0.00174,0.00566,0.00607,-0.27143,0.85795,1,0.00499,0.00616
8.8183,-0.01708,-0.02050,0.00350,0.00427,-0.00899,-0.01247,-0.01308,-0.00000,-0.00000,0.00222,0.00162,0.00535,0.00598,-0.27142,0.85800,1,0.00499,0.00616
8.8203,-0.01708,-0.02050,0.00348,0.00425,-0.00877,-0.01246,-0.01308,-0.00000,-0.00000,0.00214,0.00150,0.00490,0.00577,-0.27142,0.85800,1,0.00499,0.00616
8.8223,-0.01708,-0.02050,0.00347,0.00422,-0.00845,-0.01235,-0.01308,-0.00000,-0.00000,0.00205,0.00137,0.00433,0.00543,-0.27147,0.85797,1,0.00499,0.00616
8.8243,-0.01708,-0.02050,0.00345,0.00420,-0.00802,-0.01213,-0.01308,-0.00000,-0.00000,0.00197,0.00125,0.00363,0.00496,-0.27141,0.85798,1,0.00499,0.00616
8.8263,-0.01708,-0.02050,0.00344,0.00417,-0.00748,-0.01180,-0.01308,-0.00000,-0.00000,0.00189,0.00113,0.00280,0.00436,-0.27147,0.85801,1,0.00499,0.00616
8.8283,-0.01708,-0.02050,0.00342,0.00415,-0.00683,-0.01136,-0.01308,-0.00000,-0.00000,0.00181,0.00102,0.00185,0.00364,-0.27144,0.85798,1,0.00499,0.00616
8.8304,-0.01708,-0.02050,0.00341,0.00413,-0.00607,-0.01081,-0.01308,-0.00000,-0.00000,0.00175,0.00091,0.00102,0.00278,-0.27144,0.85802,1,0.00499,0.00616
8.8324,-0.01708,-0.02050,0.00340,0.00411,-0.00542,-0.01015,-0.01308,-0.00000,-0.00000,0.00169,0.00080,0.00032,0.00180,-0.27144,0.85798,1,0.00499,0.00616
8.8344,-0.01708,-0.02050,0.00339,0.00409,-0.00488,-0.00938,-0.01308,-0.00000,-0.00000,0.00164,0.00070,-0.00025,0.00070,-0.27139,0.85806,1,0.00499,0.00616
8.8364,-0.01708,-0.02050,0.00338,0.00407,-0.00445,-0.00850,-0.01308,-0.00000,-0.00000,0.00159,0.00061,-0.00070,-0.00027,-0.27150,0.85800,1,0.00499,0.00616
8.8384,-0.01708,-0.02050,0.00337,0.00405,-0.00412,-0.00774,-0.01308,-0.00000,-0.00000,0.00154,0.00053,-0.00101,-0.00112,-0.27150,0.85799,1,0.00499,0.00616
8.8404,-0.01708,-0.02050,0.00336,0.00404,-0.00391,-0.00709,-0.01308,-0.00000,-0.00000,0.00150,0.00045,-0.00120,-0.00183,-0.27154,0.85798,1,0.00499,0.00616
8.8424,-0.01708,-0.02050,0.00335,0.00402,-0.00381,-0.00654,-0.01308,-0.00000,-0.00000,0.00146,0.00038,-0.00126,-0.00242,-0.27154,0.85796,1,0.00499,0.00616
8.8444,-0.01708,-0.02050,0.00334,0.00401,-0.00381,-0.00610,-0.01308,-0.00000,-0.00000,0.00141,0.00032,-0.00119,-0.00288,-0.27159,0.85793,1,0.00499,0.00616
8.8464,-0.01708,-0.02050,0.00334,0.00400,-0.00392,-0.00578,-0.01308,-0.00000,-0.00000,0.00137,0.00025,-0.00100,-0.00321,-0.27155,0.85797,1,0.00499,0.00616
8.8484,-0.01708,-0.02050,0.00333,0.00399,-0.00415,-0.00556,-0.01308,-0.00000,-0.00000,0.00133,0.00019,-0.00067,-0.00342,-0.27155,0.85796,1,0.00499,0.00616
8.8504,-0.01708,-0.02050,0.00332,0.00398,-0.00448,-0.00545,-0.01308,-0.00000,-0.00000,0.00128,0.00013,-0.00022,-0.00350,-0.27149,0.85795,1,0.00499,0.00616
8.8524,-0.01708,-0.02050,0.00331,0.00397,-0.00492,-0.00545,-0.01308,-0.00000,-0.00000,0.00123,0.00008,0.00036,-0.00344,-0.27153,0.85795,1,0.00499,0.00616
8.8544,-0.01702,-0.01981,0.00404,0.00460,-0.00248,-0.00348,-0.01794,-0.00000,-0.00000,0.00467,0.00327,0.00107,-0.00327,-0.27152,0.85793,1,0.00496,0.00559
8.8564,-0.01702,-0.01981,0.00403,0.00459,-0.00315,-0.00371,-0.01794,-0.00000,-0.00000,0.00464,0.00323,0.00190,-0.00296,-0.27150,0.85792,1,0.00496,0.00559
8.8584,-0.01702,-0.01981,0.00402,0.00459,-0.00393,-0.00405,-0.01794,-0.00000,-0.00000,0.00460,0.00319,0.00287,-0.00252,-0.27153,0.85791,1,0.00496,0.00559
8.8604,-0.01702,-0.01981,0.00401,0.00458,-0.00482,-0.00449,-0.01794,-0.00000,-0.00000,0.00455,0.00314,0.00396,-0.00196,-0.27147,0.85793,1,0.00496,0.00559
8.8624,-0.01702,-0.01981,0.00400,0.00457,-0.00582,-0.00505,-0.01794,-0.00000,-0.00000,0.00450,0.00309,0.00492,-0.00127,-0.27146,0.85793,1,0.00496,0.00559
8.8644,-0.01702,-0.01981,0.00399,0.00456,-0.00671,-0.00572,-0.01794,-0.00000,-0.00000,0.00443,0.00303,0.00576,-0.00045,-0.27135,0.85795,1,0.00496,0.00559
8.8664,-0.01702,-0.01981,0.00398,0.00454,-0.00749,-0.00650,-0.01794,-0.00000,-0.00000,0.00436,0.00297,0.00647,0.00050,-0.27135,0.85795,1,0.00496,0.00559
8.8684,-0.01702,-0.01981,0.00396,0.00453,-0.00817,-0.00738,-0.01794,-0.00000,-0.00000,0.00428,0.00290,0.00705,0.00157,-0.27135,0.85791,1,0.00496,0.00559
8.8705,-0.01702,-0.01981,0.00394,0.00451,-0.00873,-0.00838,-0.01794,-0.00000,-0.00000,0.00420,0.00282,0.00750,0.00278,-0.27129,0.85793,1,0.00496,0.00559
8.8725,-0.01702,-0.01981,0.00393,0.00450,-0.00918,-0.00948,-0.01794,-0.00000,-0.00000,0.00411,0.00273,0.00782,0.00385,-0.27133,0.85791,1,0.00496,0.00559
8.8745,-0.01702,-0.01981,0.00391,0.00448,-0.00952,-0.01047,-0.01794,-0.00000,-0.00000,0.00401,0.00263,0.00802,0.00480,-0.27125,0.85790,1,0.00496,0.00559
8.8765,-0.01702,-0.01981,0.00389,0.00445,-0.00976,-0.01136,-0.01794,-0.00000,-0.00000,0.00392,0.00252,0.00809,0.00562,-0.27129,0.85794,1,0.00496,0.00559
8.8785,-0.01702,-0.01981,0.00387,0.00443,-0.00988,-0.01213,-0.01794,-0.00000,-0.00000,0.00382,0.00240,0.00803,0.00631,-0.27129,0.85791,1,0.00496,0.00559
8.8805,-0.01702,-0.01981,0.00385,0.00441,-0.00989,-0.01280,-0.01794,-0.00000,-0.00000,0.00372,0.00228,0.00784,0.00687,-0.27124,0.85797,1,0.00496,0.00559
8.8825,-0.01702,-0.01981,0.00383,0.00438,-0.00979,-0.01335,-0.01794,-0.00000,-0.00000,0.00362,0.00215,0.00752,0.00731,-0.27126,0.85797,1,0.00496,0.00559
8.8845,-0.01702,-0.01981,0.00381,0.00435,-0.00959,-0.01380,-0.01794,-0.00000,-0.00000,0.00352,0.00201,0.00708,0.00762,-0.27127,0.85799,1,0.00496,0.00559
8.8865,-0.01702,-0.01981,0.00379,0.00433,-0.00927,-0.01413,-0.01794,-0.00000,-0.00000,0.00343,0.00188,0.00651,0.00780,-0.27129,0.85799,1,0.00496,0.00559
8.8885,-0.01702,-0.01981,0.00377,0.00430,-0.00885,-0.01436,-0.01794,-0.00000,-0.00000,0.00334,0.00174,0.00581,0.00785,-0.27127,0.85804,1,0.00496,0.00559
8.8905,-0.01702,-0.01981,0.00376,0.00427,-0.00831,-0.01447,-0.01794,-0.00000,-0.00000,0.00325,0.00159,0.00498,0.00777,-0.27127,0.85805,1,0.00496,0.00559
8.8925,-0.01702,-0.01981,0.00374,0.00424,-0.00767,-0.01448,-0.01794,-0.00000,-0.00000,0.00317,0.00145,0.00402,0.00757,-0.27129,0.85804,1,0.00496,0.00559
8.8945,-0.01702,-0.01981,0.00372,0.00421,-0.00691,-0.01437,-0.01794,-0.00000,-0.00000,0.00310,0.00131,0.00310,0.00723,-0.27129,0.85802,1,0.00496,0.00559
8.8965,-0.01702,-0.01981,0.00371,0.00418,-0.00618,-0.01416,-0.01794,-0.00000,-0.00000,0.00303,0.00117,0.00230,0.00677,-0.27131,0.85804,1,0.00496,0.00559
8.8985,-0.01702,-0.01981,0.00370,0.00415,-0.00557,-0.01384,-0.01794,-0.00000,-0.00000,0.00297,0.00103,0.00163,0.00618,-0.27131,0.85806,1,0.00496,0.00559
8.9005,-0.01702,-0.01981,0.00369,0.00413,-0.00506,-0.01340,-0.01794,-0.00000,-0.00000,0.00292,0.00089,0.00109,0.00547,-0.27128,0.85804,1,0.00496,0.00559
8.9025,-0.01702,-0.01981,0.00368,0.00410,-0.00466,-0.01286,-0.01794,-0.00000,-0.00000,0.00286,0.00076,0.00068,0.00462,-0.27130,0.85809,1,0.00496,0.00559
8.9045,-0.01702,-0.01981,0.00367,0.00408,-0.00437,-0.01220,-0.01794,-0.00000,-0.00000,0.00282,0.00064,0.00040,0.00365,-0.27129,0.85808,1,0.00496,0.00559
8.9065,-0.01702,-0.01981,0.00366,0.00405,-0.00418,-0.01144,-0.01794,-0.00000,-0.00000,0.00277,0.00052,0.00024,0.00255,-0.27129,0.85813,1,0.00496,0.00559
8.9085,-0.01702,-0.01981,0.00365,0.00403,-0.00411,-0.01057,-0.01794,-0.00000,-0.00000,0.00273,0.00041,0.00021,0.00132,-0.27133,0.85810,1,0.00496,0.00559
8.9105,-0.01702,-0.01981,0.00365,0.00401,-0.00415,-0.00958,-0.01794,-0.00000,-0.00000,0.00268,0.00031,0.00031,0.00022,-0.27132,0.85811,1,0.00496,0.00559
8.9125,-0.01702,-0.01981,0.00364,0.00399,-0.00430,-0.00871,-0.01794,-0.00000,-0.00000,0.00264,0.00022,0.00054,-0.00075,-0.27131,0.85811,1,0.00496,0.00559
8.9145,-0.01702,-0.01981,0.00363,0.00397,-0.00455,-0.00795,-0.01794,-0.00000,-0.00000,0.00259,0.00013,0.00090,-0.00160,-0.27128,0.85812,1,0.00496,0.00559
8.9165,-0.01702,-0.01981,0.00362,0.00396,-0.00492,-0.00729,-0.01794,-0.00000,-0.00000,0.00254,0.00006,0.00138,-0.00231,-0.27128,0.85811,1,0.00496,0.00559
8.9185,-0.01702,-0.01981,0.00361,0.00395,-0.00539,-0.00674,-0.01794,-0.00000,-0.00000,0.00249,-0.00002,0.00199,-0.00290,-0.27124,0.85810,1,0.00496,0.00559
8.9205,-0.01505,-0.01727,0.00332,0.00374,-0.00632,-0.00793,-0.03100,-0.00000,-0.00000,0.00170,-0.00024,0.00248,-0.00336,-0.27125,0.85808,0,0.00333,0.00411
8.9225,-0.01505,-0.01727,0.00330,0.00372,-0.00679,-0.00760,-0.03100,-0.00000,-0.00000,0.00164,-0.00032,0.00283,-0.00370,-0.27123,0.85810,0,0.00333,0.00411
8.9246,-0.01505,-0.01727,0.00329,0.00371,-0.00715,-0.00737,-0.03100,-0.00000,-0.00000,0.00157,-0.00039,0.00306,-0.00390,-0.27122,0.85807,0,0.00333,0.00411
8.9266,-0.01505,-0.01727,0.00328,0.00369,-0.00740,-0.00726,-0.03100,-0.00000,-0.00000,0.00149,-0.00047,0.00316,-0.00398,-0.27120,0.85804,0,0.00333,0.00411
8.9286,-0.01505,-0.01727,0.00326,0.00368,-0.00754,-0.00726,-0.03100,-0.00000,-0.00000,0.00142,-0.00054,0.00313,-0.00393,-0.27119,0.85807,0,0.00333,0.00411
8.9306,-0.01505,-0.01727,0.00325,0.00366,-0.00757,-0.00736,-0.03100,-0.00000,-0.00000,0.00134,-0.00062,0.00298,-0.00375,-0.27115,0.85806,0,0.00333,0.00411
8.9326,-0.01505,-0.01727,0.00323,0.00365,-0.00749,-0.00758,-0.03100,-0.00000,-0.00000,0.00127,-0.00069,0.00269,-0.00344,-0.27115,0.85805,0,0.00333,0.00411
8.9346,-0.01505,-0.01727,0.00322,0.00363,-0.00730,-0.00790,-0.03100,-0.00000,-0.00000,0.00119,-0.00077,0.00228,-0.00300,-0.27118,0.85803,0,0.00333,0.00411
8.9366,-0.01505,-0.01727,0.00320,0.00362,-0.00700,-0.00833,-0.03100,-0.00000,-0.00000,0.00112,-0.00085,0.00174,-0.00244,-0.27120,0.85805,0,0.00333,0.00411
8.9386,-0.01505,-0.01727,0.00319,0.00360,-0.00659,-0.00888,-0.03100,-0.00000,-0.00000,0.00105,-0.00094,0.00107,-0.00175,-0.27116,0.85801,0,0.00333,0.00411
8.9406,-0.01505,-0.01727,0.00318,0.00358,-0.00608,-0.00953,-0.03100,-0.00000,-0.00000,0.00099,-0.00103,0.00053,-0.00103,-0.27115,0.85805,0,0.00333,0.00411
8.9426,-0.01505,-0.01727,0.00316,0.00356,-0.00567,-0.01020,-0.03100,-0.00000,-0.00000,0.00093,-0.00113,0.00012,-0.00044,-0.27121,0.85798,0,0.00333,0.00411
8.9446,-0.01505,-0.01727,0.00315,0.00354,-0.00537,-0.01076,-0.03100,-0.00000,-0.00000,0.00087,-0.00123,-0.00016,0.00002,-0.27120,0.85801,0,0.00333,0.00411
8.9466,-0.01505,-0.01727,0.00314,0.00352,-0.00518,-0.01122,-0.03100,-0.00000,-0.00000,0.00082,-0.00134,-0.00032,0.00035,-0.27119,0.85802,0,0.00333,0.00411
8.9486,-0.01505,-0.01727,0.00313,0.00350,-0.00510,-0.01156,-0.03100,-0.00000,-0.00000,0.00076,-0.00146,-0.00035,0.00056,-0.27118,0.85801,0,0.00333,0.00411
8.9506,-0.01505,-0.01727,0.00312,0.00347,-0.00513,-0.01179,-0.03100,-0.00000,-0.00000,0.00071,-0.00157,-0.00025,0.00064,-0.27122,0.85801,0,0.00333,0.00411
8.9526,-0.01505,-0.01727,0.00311,0.00345,-0.00526,-0.01192,-0.03100,-0.00000,-0.00000,0.00066,-0.00169,-0.00002,0.00059,-0.27119,0.85801,0,0.00333,0.00411
8.9547,-0.01505,-0.01727,0.00310,0.00342,-0.00551,-0.01193,-0.03100,-0.00000,-0.00000,0.00060,-0.00181,0.00034,0.00041,-0.27124,0.85800,0,0.00333,0.00411
8.9567,-0.01505,-0.01727,0.00309,0.00340,-0.00587,-0.01184,-0.03100,-0.00000,-0.00000,0.00054,-0.00192,0.00057,0.00010,-0.27128,0.85799,0,0.00333,0.00411
8.9587,-0.01505,-0.01727,0.00308,0.00338,-0.00611,-0.01163,-0.03100,-0.00000,-0.00000,0.00048,-0.00204,0.00067,-0.00033,-0.27123,0.85803,0,0.00333,0.00411
8.9607,-0.01505,-0.01727,0.00307,0.00335,-0.00625,-0.01132,-0.03100,-0.00000,-0.00000,0.00042,-0.00215,0.00064,-0.00089,-0.27120,0.85799,0,0.00333,0.00411
8.9627,-0.01505,-0.01727,0.00305,0.00333,-0.00628,-0.01089,-0.03100,-0.00000,-0.00000,0.00035,-0.00226,0.00048,-0.00158,-0.27122,0.85802,0,0.00333,0.00411
8.9647,-0.01505,-0.01727,0.00304,0.00331,-0.00619,-0.01036,-0.03100,-0.00000,-0.00000,0.00029,-0.00237,0.00029,-0.00237,-0.27123,0.85798,0,0.00333,0.00411
8.9667,-0.01505,-0.01727,0.00303,0.00329,-0.00608,-0.00974,-0.03100,-0.00000,-0.00000,0.00023,-0.00247,0.00023,-0.00303,-0.27118,0.85800,0,0.00333,0.00411
8.9687,-0.01505,-0.01727,0.00302,0.00327,-0.00608,-0.00923,-0.03100,-0.00000,-0.00000,0.00017,-0.00256,0.00017,-0.00356,-0.27120,0.85801,0,0.00333,0.00411
8.9708,-0.01505,-0.01727,0.00300,0.00325,-0.00608,-0.00883,-0.03100,-0.00000,-0.00000,0.00010,-0.00266,0.00010,-0.00396,-0.27121,0.85796,0,0.00333,0.00411
8.9728,-0.01505,-0.01727,0.00299,0.00324,-0.00607,-0.00854,-0.03100,-0.00000,-0.00000,0.00004,-0.00274,0.00004,-0.00424,-0.27124,0.85796,0,0.00333,0.00411
8.9748,-0.01505,-0.01727,0.00298,0.00322,-0.00607,-0.00836,-0.03100,-0.00000,-0.00000,-0.00002,-0.00283,-0.00002,-0.00439,-0.27125,0.85794,0,0.00333,0.00411
8.9768,-0.01505,-0.01727,0.00297,0.00320,-0.00607,-0.00829,-0.03100,-0.00000,-0.00000,-0.00008,-0.00291,-0.00008,-0.00441,-0.27127,0.85796,0,0.00333,0.00411
8.9788,-0.01505,-0.01727,0.00296,0.00319,-0.00606,-0.00832,-0.03100,-0.00000,-0.00000,-0.00014,-0.00300,-0.00014,-0.00430,-0.27126,0.85791,0,0.00333,0.00411
8.9808,-0.01505,-0.01727,0.00294,0.00317,-0.00606,-0.00847,-0.03100,-0.00000,-0.00000,-0.00021,-0.00308,-0.00021,-0.00406,-0.27123,0.85794,0,0.00333,0.00411
8.9828,-0.01505,-0.01727,0.00293,0.00315,-0.00606,-0.00872,-0.03100,-0.00000,-0.00000,-0.00027,-0.00317,-0.00027,-0.00370,-0.27125,0.85793,0,0.00333,0.00411
8.9848,-0.01633,-0.01856,0.00304,0.00376,-0.00540,-0.00705,-0.02265,-0.00000,-0.00000,-0.00016,-0.00070,-0.00020,-0.00321,-0.27124,0.85793,0,0.00335,0.00479
8.9868,-0.01633,-0.01856,0.00302,0.00374,-0.00551,-0.00754,-0.02265,-0.00000,-0.00000,-0.00022,-0.00078,-0.00022,-0.00259,-0.27117,0.85796,0,0.00335,0.00479
8.9888,-0.01633,-0.01856,0.00301,0.00373,-0.00554,-0.00813,-0.02265,-0.00000,-0.00000,-0.00028,-0.00086,-0.00028,-0.00184,-0.27124,0.85795,0,0.00335,0.00479
8.9908,-0.01633,-0.01856,0.00300,0.00371,-0.00554,-0.00883,-0.02265,-0.00000,-0.00000,-0.00033,-0.00094,-0.00033,-0.00096,-0.27125,0.85795,0,0.00335,0.00479
8.9928,-0.01633,-0.01856,0.00299,0.00369,-0.00554,-0.00964,-0.02265,-0.00000,-0.00000,-0.00039,-0.00104,-0.00039,-0.00021,-0.27125,0.85796,0,0.00335,0.00479
8.9949,-0.01633,-0.01856,0.00298,0.00367,-0.00555,-0.01034,-0.02265,-0.00000,-0.00000,-0.00045,-0.00114,-0.00045,0.00041,-0.27124,0.85795,0,0.00335,0.00479
8.9969,-0.01633,-0.01856,0.00297,0.00365,-0.00555,-0.01094,-0.02265,-0.00000,-0.00000,-0.00051,-0.00124,-0.00051,0.00090,-0.27121,0.85801,0,0.00335,0.00479
8.9989,-0.01633,-0.01856,0.00296,0.00363,-0.00555,-0.01142,-0.02265,-0.00000,-0.00000,-0.00056,-0.00135,-0.00056,0.00126,-0.27125,0.85798,0,0.00335,0.00479
9.0009,-0.01633,-0.01856,0.00295,0.00360,-0.00555,-0.01179,-0.02265,-0.00000,-0.00000,-0.00062,-0.00147,-0.00062,0.00150,-0.27125,0.85801,0,0.00335,0.00479
9.0029,-0.01633,-0.01856,0.00294,0.00358,-0.00555,-0.01205,-0.02265,-0.00000,-0.00000,-0.00068,-0.00159,-0.00068,0.00161,-0.27127,0.85797,0,0.00335,0.00479
9.0049,-0.01633,-0.01856,0.00292,0.00356,-0.00555,-0.01220,-0.02265,-0.00000,-0.00000,-0.00074,-0.00171,-0.00074,0.00159,-0.27123,0.85799,0,0.00335,0.00479
9.0069,-0.01633,-0.01856,0.00291,0.00353,-0.00555,-0.01225,-0.02265,-0.00000,-0.00000,-0.00079,-0.00183,-0.00079,0.00144,-0.27123,0.85801,0,0.00335,0.00479
9.0089,-0.01633,-0.01856,0.00290,0.00351,-0.00555,-0.01218,-0.02265,-0.00000,-0.00000,-0.00085,-0.00195,-0.00085,0.00117,-0.27124,0.85801,0,0.00335,0.00479
9.0109,-0.01633,-0.01856,0.00289,0.00348,-0.00555,-0.01200,-0.02265,-0.00000,-0.00000,-0.00091,-0.00207,-0.00091,0.00076,-0.27120,0.85799,0,0.00335,0.00479
9.0129,-0.01633,-0.01856,0.00288,0.00346,-0.00555,-0.01171,-0.02265,-0.00000,-0.00000,-0.00096,-0.00219,-0.00096,0.00023,-0.27122,0.85797,0,0.00335,0.00479
9.0149,-0.01633,-0.01856,0.00287,0.00344,-0.00554,-0.01132,-0.02265,-0.00000,-0.00000,-0.00102,-0.00230,-0.00102,-0.00043,-0.27122,0.85798,0,0.00335,0.00479
9.0169,-0.01633,-0.01856,0.00286,0.00341,-0.00554,-0.01081,-0.02265,-0.00000,-0.00000,-0.00108,-0.00241,-0.00108,-0.00122,-0.27122,0.85800,0,0.00335,0.00479
9.0189,-0.01633,-0.01856,0.00285,0.00339,-0.00554,-0.01019,-0.02265,-0.00000,-0.00000,-0.00114,-0.00252,-0.00114,-0.00213,-0.27125,0.85800,0,0.00335,0.00479
9.0209,-0.01633,-0.01856,0.00284,0.00337,-0.00554,-0.00947,-0.02265,-0.00000,-0.00000,-0.00119,-0.00262,-0.00119,-0.00292,-0.27122,0.85796,0,0.00335,0.00479
9.0229,-0.01633,-0.01856,0.00282,0.00335,-0.00554,-0.00885,-0.02265,-0.00000,-0.00000,-0.00125,-0.00271,-0.00125,-0.00358,-0.27122,0.85796,0,0.00335,0.00479
9.0249,-0.01633,-0.01856,0.00281,0.00334,-0.00554,-0.00834,-0.02265,-0.00000,-0.00000,-0.00131,-0.00280,-0.00131,-0.00411,-0.27119,0.85798,0,0.00335,0.00479
9.0269,-0.01633,-0.01856,0.00280,0.00332,-0.00553,-0.00794,-0.02265,-0.00000,-0.00000,-0.00137,-0.00288,-0.00137,-0.00451,-0.27121,0.85792,0,0.00335,0.00479
9.0289,-0.01633,-0.01856,0.00279,0.00331,-0.00553,-0.00765,-0.02265,-0.00000,-0.00000,-0.00142,-0.00296,-0.00142,-0.00479,-0.27124,0.85790,0,0.00335,0.00479
9.0309,-0.01633,-0.01856,0.00278,0.00329,-0.00553,-0.00747,-0.02265,-0.00000,-0.00000,-0.00148,-0.00303,-0.00148,-0.00494,-0.27124,0.85787,0,0.00335,0.00479
9.0329,-0.01633,-0.01856,0.00277,0.00328,-0.00553,-0.00740,-0.02265,-0.00000,-0.00000,-0.00154,-0.00311,-0.00154,-0.00496,-0.27120,0.85788,0,0.00335,0.00479
9.0349,-0.01633,-0.01856,0.00276,0.00326,-0.00553,-0.00744,-0.02265,-0.00000,-0.00000,-0.00159,-0.00319,-0.00159,-0.00485,-0.27118,0.85790,0,0.00335,0.00479
9.0369,-0.01633,-0.01856,0.00275,0.00325,-0.00552,-0.00759,-0.02265,-0.00000,-0.00000,-0.00165,-0.00326,-0.00165,-0.00461,-0.27123,0.85782,0,0.00335,0.00479
9.0389,-0.01633,-0.01856,0.00274,0.00323,-0.00552,-0.00784,-0.02265,-0.00000,-0.00000,-0.00171,-0.00334,-0.00171,-0.00425,-0.27123,0.85786,0,0.00335,0.00479
9.0409,-0.01633,-0.01856,0.00273,0.00321,-0.00552,-0.00821,-0.02265,-0.00000,-0.00000,-0.00177,-0.00342,-0.00177,-0.00376,-0.27122,0.85786,0,0.00335,0.00479
9.0430,-0.01633,-0.01856,0.00271,0.00320,-0.00551,-0.00868,-0.02265,-0.00000,-0.00000,-0.00182,-0.00351,-0.00182,-0.00339,-0.27125,0.85788,0,0.00335,0.00479
9.0450,-0.01633,-0.01856,0.00270,0.00318,-0.00551,-0.00905,-0.02265,-0.00000,-0.00000,-0.00188,-0.00360,-0.00188,-0.00315,-0.27123,0.85789,0,0.00335,0.00479
9.0470,-0.01633,-0.01856,0.00269,0.00316,-0.00551,-0.00930,-0.02265,-0.00000,-0.00000,-0.00194,-0.00369,-0.00194,-0.00305,-0.27124,0.85789,0,0.00335,0.00479
9.0490,-0.01633,-0.01856,0.00268,0.00314,-0.00550,-0.00945,-0.02265,-0.00000,-0.00000,-0.00199,-0.00378,-0.00199,-0.00307,-0.27119,0.85787,0,0.00335,0.00479
9.0510,-0.01633,-0.01856,0.00267,0.00312,-0.00550,-0.00948,-0.02265,-0.00000,-0.00000,-0.00205,-0.00388,-0.00205,-0.00321,-0.27122,0.85786,0,0.00335,0.00479
9.0530,-0.01741,-0.01830,0.00301,0.00388,-0.00431,-0.00669,-0.03463,-0.00000,-0.00000,-0.00079,-0.00025,-0.00198,-0.00323,-0.27121,0.85788,0,0.00356,0.00495
9.0550,-0.01741,-0.01830,0.00300,0.00386,-0.00442,-0.00674,-0.03463,-0.00000,-0.00000,-0.00084,-0.00032,-0.00178,-0.00313,-0.27123,0.85790,0,0.00356,0.00495
9.0570,-0.01741,-0.01830,0.00299,0.00385,-0.00464,-0.00689,-0.03463,-0.00000,-0.00000,-0.00088,-0.00039,-0.00145,-0.00289,-0.27121,0.85789,0,0.00356,0.00495
9.0590,-0.01741,-0.01830,0.00298,0.00383,-0.00497,-0.00716,-0.03463,-0.00000,-0.00000,-0.00094,-0.00047,-0.00100,-0.00252,-0.27124,0.85789,0,0.00356,0.00495
9.0610,-0.01741,-0.01830,0.00297,0.00382,-0.00541,-0.00753,-0.03463,-0.00000,-0.00000,-0.00099,-0.00054,-0.00067,-0.00203,-0.27123,0.85786,0,0.00356,0.00495
9.0630,-0.01741,-0.01830,0.00296,0.00380,-0.00574,-0.00802,-0.03463,-0.00000,-0.00000,-0.00105,-0.00062,-0.00047,-0.00141,-0.27125,0.85786,0,0.00356,0.00495
9.0650,-0.01741,-0.01830,0.00295,0.00379,-0.00596,-0.00861,-0.03463,-0.00000,-0.00000,-0.00111,-0.00070,-0.00040,-0.00070,-0.27124,0.85784,0,0.00356,0.00495
9.0670,-0.01741,-0.01830,0.00293,0.00377,-0.00607,-0.00928,-0.03463,-0.00000,-0.00000,-0.00117,-0.00079,-0.00046,-0.00012,-0.27125,0.85784,0,0.00356,0.00495
9.0690,-0.01741,-0.01830,0.00292,0.00375,-0.00607,-0.00984,-0.03463,-0.00000,-0.00000,-0.00123,-0.00089,-0.00064,0.00033,-0.27121,0.85787,0,0.00356,0.00495
9.0710,-0.01741,-0.01830,0.00291,0.00373,-0.00596,-0.01029,-0.03463,-0.00000,-0.00000,-0.00130,-0.00099,-0.00096,0.00065,-0.27129,0.85788,0,0.00356,0.00495
9.0730,-0.01741,-0.01830,0.00290,0.00371,-0.00574,-0.01063,-0.03463,-0.00000,-0.00000,-0.00136,-0.00109,-0.00136,0.00085,-0.27125,0.85784,0,0.00356,0.00495
9.0750,-0.01741,-0.01830,0.00289,0.00369,-0.00545,-0.01086,-0.03463,-0.00000,-0.00000,-0.00141,-0.00120,-0.00163,0.00092,-0.27123,0.85791,0,0.00356,0.00495
9.0770,-0.01741,-0.01830,0.00288,0.00367,-0.00526,-0.01098,-0.03463,-0.00000,-0.00000,-0.00147,-0.00131,-0.00177,0.00086,-0.27128,0.85789,0,0.00356,0.00495
9.0790,-0.01741,-0.01830,0.00287,0.00364,-0.00519,-0.01099,-0.03463,-0.00000,-0.00000,-0.00152,-0.00142,-0.00179,0.00067,-0.27129,0.85786,0,0.00356,0.00495
9.0810,-0.01741,-0.01830,0.00285,0.00362,-0.00522,-0.01089,-0.03463,-0.00000,-0.00000,-0.00158,-0.00153,-0.00168,0.00035,-0.27128,0.85789,0,0.00356,0.00495
9.0830,-0.01741,-0.01830,0.00284,0.00360,-0.00537,-0.01068,-0.03463,-0.00000,-0.00000,-0.00163,-0.00164,-0.00163,-0.00009,-0.27130,0.85787,0,0.00356,0.00495
9.0851,-0.01741,-0.01830,0.00283,0.00358,-0.00545,-0.01036,-0.03463,-0.00000,-0.00000,-0.00169,-0.00174,-0.00169,-0.00066,-0.27130,0.85789,0,0.00356,0.00495
9.0870,-0.01741,-0.01830,0.00282,0.00356,-0.00545,-0.00993,-0.03463,-0.00000,-0.00000,-0.00175,-0.00184,-0.00175,-0.00136,-0.27135,0.85790,0,0.00356,0.00495
9.0891,-0.01741,-0.01830,0.00281,0.00354,-0.00545,-0.00939,-0.03463,-0.00000,-0.00000,-0.00180,-0.00194,-0.00180,-0.00194,-0.27134,0.85788,0,0.00356,0.00495
9.0910,-0.01741,-0.01830,0.00280,0.00352,-0.00545,-0.00896,-0.03463,-0.00000,-0.00000,-0.00186,-0.00203,-0.00186,-0.00239,-0.27132,0.85789,0,0.00356,0.00495
9.0931,-0.01741,-0.01830,0.00279,0.00350,-0.00544,-0.00863,-0.03463,-0.00000,-0.00000,-0.00192,-0.00212,-0.00192,-0.00271,-0.27132,0.85785,0,0.00356,0.00495
9.0951,-0.01741,-0.01830,0.00278,0.00349,-0.00544,-0.00841,-0.03463,-0.00000,-0.00000,-0.00197,-0.00221,-0.00197,-0.00291,-0.27132,0.85787,0,0.00356,0.00495
9.0971,-0.01741,-0.01830,0.00277,0.00347,-0.00544,-0.00830,-0.03463,-0.00000,-0.00000,-0.00203,-0.00229,-0.00203,-0.00297,-0.27132,0.85783,0,0.00356,0.00495
9.0991,-0.01741,-0.01830,0.00276,0.00345,-0.00544,-0.00830,-0.03463,-0.00000,-0.00000,-0.00209,-0.00237,-0.00209,-0.00291,-0.27127,0.85781,0,0.00356,0.00495
9.1011,-0.01741,-0.01830,0.00275,0.00344,-0.00544,-0.00841,-0.03463,-0.00000,-0.00000,-0.00214,-0.00246,-0.00214,-0.00272,-0.27134,0.85784,0,0.00356,0.00495
9.1031,-0.01741,-0.01830,0.00274,0.00342,-0.00543,-0.00863,-0.03463,-0.00000,-0.00000,-0.00220,-0.00254,-0.00220,-0.00254,-0.27136,0.85778,0,0.00356,0.00495
9.1051,-0.01741,-0.01830,0.00272,0.00340,-0.00543,-0.00884,-0.03463,-0.00000,-0.00000,-0.00226,-0.00263,-0.00226,-0.00250,-0.27135,0.85784,0,0.00356,0.00495
9.1071,-0.01741,-0.01830,0.00271,0.00338,-0.00543,-0.00894,-0.03463,-0.00000,-0.00000,-0.00231,-0.00272,-0.00231,-0.00258,-0.27132,0.85781,0,0.00356,0.00495
9.1091,-0.01741,-0.01830,0.00270,0.00337,-0.00542,-0.00893,-0.03463,-0.00000,-0.00000,-0.00237,-0.00281,-0.00237,-0.00278,-0.27139,0.85780,0,0.00356,0.00495
9.1111,-0.01741,-0.01830,0.00269,0.00335,-0.00542,-0.00881,-0.03463,-0.00000,-0.00000,-0.00243,-0.00290,-0.00243,-0.00290,-0.27133,0.85783,0,0.00356,0.00495
9.1131,-0.01741,-0.01830,0.00268,0.00333,-0.00542,-0.00876,-0.03463,-0.00000,-0.00000,-0.00248,-0.00299,-0.00248,-0.00299,-0.27133,0.85781,0,0.00356,0.00495
9.1151,-0.01741,-0.01830,0.00267,0.00331,-0.00541,-0.00874,-0.03463,-0.00000,-0.00000,-0.00254,-0.00308,-0.00254,-0.00308,-0.27126,0.85781,0,0.00356,0.00495
9.1171,-0.01741,-0.01830,0.00266,0.00330,-0.00541,-0.00872,-0.03463,-0.00000,-0.00000,-0.00260,-0.00317,-0.00260,-0.00317,-0.27133,0.85783,0,0.00356,0.00495
9.1191,-0.01741,-0.01830,0.00265,0.00328,-0.00541,-0.00870,-0.03463,-0.00000,-0.00000,-0.00265,-0.00325,-0.00265,-0.00325,-0.27135,0.85782,0,0.00356,0.00495
9.1211,-0.01734,-0.01829,0.00289,0.00383,-0.00450,-0.00676,-0.03957,-0.00000,-0.00000,-0.00151,-0.00065,-0.00258,-0.00321,-0.27136,0.85781,0,0.00333,0.00473
9.1231,-0.01734,-0.01829,0.00288,0.00382,-0.00461,-0.00686,-0.03957,-0.00000,-0.00000,-0.00156,-0.00072,-0.00238,-0.00305,-0.27136,0.85782,0,0.00333,0.00473
9.1251,-0.01734,-0.01829,0.00287,0.00380,-0.00483,-0.00706,-0.03957,-0.00000,-0.00000,-0.00161,-0.00079,-0.00205,-0.00275,-0.27137,0.85777,0,0.00333,0.00473
9.1271,-0.01734,-0.01829,0.00286,0.00379,-0.00515,-0.00738,-0.03957,-0.00000,-0.00000,-0.00166,-0.00086,-0.00166,-0.00233,-0.27137,0.85773,0,0.00333,0.00473
9.1292,-0.01734,-0.01829,0.00285,0.00377,-0.00554,-0.00780,-0.03957,-0.00000,-0.00000,-0.00172,-0.00094,-0.00140,-0.00177,-0.27135,0.85776,0,0.00333,0.00473
9.1312,-0.01734,-0.01829,0.00284,0.00376,-0.00581,-0.00834,-0.03957,-0.00000,-0.00000,-0.00178,-0.00102,-0.00126,-0.00109,-0.27133,0.85775,0,0.00333,0.00473
9.1332,-0.01734,-0.01829,0.00282,0.00374,-0.00597,-0.00898,-0.03957,-0.00000,-0.00000,-0.00184,-0.00111,-0.00126,-0.00054,-0.27136,0.85775,0,0.00333,0.00473
9.1352,-0.01734,-0.01829,0.00281,0.00372,-0.00602,-0.00952,-0.03957,-0.00000,-0.00000,-0.00190,-0.00120,-0.00138,-0.00012,-0.27130,0.85776,0,0.00333,0.00473
9.1372,-0.01734,-0.01829,0.00280,0.00370,-0.00597,-0.00994,-0.03957,-0.00000,-0.00000,-0.00196,-0.00130,-0.00163,0.00018,-0.27133,0.85775,0,0.00333,0.00473
9.1392,-0.01734,-0.01829,0.00279,0.00368,-0.00580,-0.01026,-0.03957,-0.00000,-0.00000,-0.00202,-0.00140,-0.00200,0.00035,-0.27133,0.85773,0,0.00333,0.00473
9.1412,-0.01734,-0.01829,0.00278,0.00366,-0.00553,-0.01046,-0.03957,-0.00000,-0.00000,-0.00208,-0.00150,-0.00225,0.00039,-0.27134,0.85776,0,0.00333,0.00473
9.1432,-0.01734,-0.01829,0.00277,0.00364,-0.00536,-0.01056,-0.03957,-0.00000,-0.00000,-0.00214,-0.00161,-0.00237,0.00030,-0.27133,0.85777,0,0.00333,0.00473
9.1452,-0.01734,-0.01829,0.00276,0.00362,-0.00530,-0.01054,-0.03957,-0.00000,-0.00000,-0.00219,-0.00171,-0.00236,0.00008,-0.27135,0.85775,0,0.00333,0.00473
9.1472,-0.01734,-0.01829,0.00275,0.00360,-0.00536,-0.01042,-0.03957,-0.00000,-0.00000,-0.00225,-0.00182,-0.00225,-0.00026,-0.27131,0.85780,0,0.00333,0.00473
9.1492,-0.01734,-0.01829,0.00273,0.00358,-0.00550,-0.01018,-0.03957,-0.00000,-0.00000,-0.00231,-0.00192,-0.00226,-0.00073,-0.27138,0.85780,0,0.00333,0.00473
9.1512,-0.01734,-0.01829,0.00272,0.00356,-0.00554,-0.00984,-0.03957,-0.00000,-0.00000,-0.00236,-0.00202,-0.00236,-0.00133,-0.27138,0.85780,0,0.00333,0.00473
9.1532,-0.01734,-0.01829,0.00271,0.00354,-0.00549,-0.00939,-0.03957,-0.00000,-0.00000,-0.00242,-0.00212,-0.00242,-0.00206,-0.27138,0.85778,0,0.00333,0.00473
9.1552,-0.01734,-0.01829,0.00270,0.00352,-0.00549,-0.00882,-0.03957,-0.00000,-0.00000,-0.00248,-0.00221,-0.00248,-0.00266,-0.27140,0.85776,0,0.00333,0.00473
9.1572,-0.01734,-0.01829,0.00269,0.00350,-0.00549,-0.00837,-0.03957,-0.00000,-0.00000,-0.00253,-0.00230,-0.00253,-0.00313,-0.27140,0.85778,0,0.00333,0.00473
9.1592,-0.01734,-0.01829,0.00268,0.00349,-0.00548,-0.00803,-0.03957,-0.00000,-0.00000,-0.00259,-0.00238,-0.00259,-0.00348,-0.27136,0.85777,0,0.00333,0.00473
9.1612,-0.01734,-0.01829,0.00267,0.00347,-0.00548,-0.00779,-0.03957,-0.00000,-0.00000,-0.00265,-0.00246,-0.00265,-0.00369,-0.27134,0.85779,0,0.00333,0.00473
9.1632,-0.01734,-0.01829,0.00266,0.00346,-0.00547,-0.00766,-0.03957,-0.00000,-0.00000,-0.00271,-0.00254,-0.00271,-0.00378,-0.27139,0.85780,0,0.00333,0.00473
9.1653,-0.01734,-0.01829,0.00265,0.00344,-0.00547,-0.00765,-0.03957,-0.00000,-0.00000,-0.00276,-0.00262,-0.00276,-0.00374,-0.27144,0.85773,0,0.00333,0.00473
9.1673,-0.01734,-0.01829,0.00264,0.00342,-0.00547,-0.00774,-0.03957,-0.00000,-0.00000,-0.00282,-0.00269,-0.00282,-0.00357,-0.27144,0.85769,0,0.00333,0.00473
9.1693,-0.01734,-0.01829,0.00262,0.00341,-0.00546,-0.00794,-0.03957,-0.00000,-0.00000,-0.00288,-0.00277,-0.00288,-0.00327,-0.27141,0.85775,0,0.00333,0.00473
9.1713,-0.01734,-0.01829,0.00261,0.00339,-0.00546,-0.00825,-0.03957,-0.00000,-0.00000,-0.00293,-0.00286,-0.00293,-0.00286,-0.27142,0.85772,0,0.00333,0.00473
9.1733,-0.01734,-0.01829,0.00260,0.00338,-0.00545,-0.00866,-0.03957,-0.00000,-0.00000,-0.00299,-0.00294,-0.00299,-0.00256,-0.27143,0.85771,0,0.00333,0.00473
9.1753,-0.01734,-0.01829,0.00259,0.00336,-0.00545,-0.00897,-0.03957,-0.00000,-0.00000,-0.00305,-0.00303,-0.00305,-0.00240,-0.27144,0.85771,0,0.00333,0.00473
9.1773,-0.01734,-0.01829,0.00258,0.00334,-0.00544,-0.00916,-0.03957,-0.00000,-0.00000,-0.00310,-0.00312,-0.00310,-0.00236,-0.27145,0.85775,0,0.00333,0.00473
9.1793,-0.01734,-0.01829,0.00257,0.00332,-0.00544,-0.00925,-0.03957,-0.00000,-0.00000,-0.00316,-0.00321,-0.00316,-0.00246,-0.27144,0.85775,0,0.00333,0.00473
9.1813,-0.01734,-0.01829,0.00256,0.00330,-0.00543,-0.00923,-0.03957,-0.00000,-0.00000,-0.00322,-0.00331,-0.00322,-0.00268,-0.27144,0.85773,0,0.00333,0.00473
9.1833,-0.01734,-0.01829,0.00255,0.00328,-0.00542,-0.00909,-0.03957,-0.00000,-0.00000,-0.00327,-0.00340,-0.00327,-0.00303,-0.27147,0.85775,0,0.00333,0.00473
9.1853,-0.01651,-0.01813,0.00250,0.00352,-0.00550,-0.00818,-0.04078,-0.00000,-0.00000,-0.00326,-0.00223,-0.00326,-0.00325,-0.27147,0.85771,0,0.00268,0.00412
9.1873,-0.01651,-0.01813,0.00249,0.00351,-0.00556,-0.00806,-0.04078,-0.00000,-0.00000,-0.00332,-0.00231,-0.00332,-0.00334,-0.27147,0.85771,0,0.00268,0.00412
9.1893,-0.01651,-0.01813,0.00248,0.00349,-0.00555,-0.00803,-0.04078,-0.00000,-0.00000,-0.00337,-0.00239,-0.00337,-0.00330,-0.27146,0.85771,0,0.00268,0.00412
9.1913,-0.01651,-0.01813,0.00247,0.00348,-0.00554,-0.00812,-0.04078,-0.00000,-0.00000,-0.00343,-0.00247,-0.00343,-0.00314,-0.27151,0.85769,0,0.00268,0.00412
9.1933,-0.01651,-0.01813,0.00246,0.00346,-0.00553,-0.00832,-0.04078,-0.00000,-0.00000,-0.00349,-0.00256,-0.00349,-0.00285,-0.27146,0.85767,0,0.00268,0.00412
9.1953,-0.01651,-0.01813,0.00244,0.00344,-0.00553,-0.00863,-0.04078,-0.00000,-0.00000,-0.00354,-0.00264,-0.00354,-0.00264,-0.27147,0.85765,0,0.00268,0.00412
9.1973,-0.01651,-0.01813,0.00243,0.00342,-0.00552,-0.00886,-0.04078,-0.00000,-0.00000,-0.00360,-0.00273,-0.00360,-0.00256,-0.27151,0.85765,0,0.00268,0.00412
9.1993,-0.01651,-0.01813,0.00242,0.00341,-0.00551,-0.00899,-0.04078,-0.00000,-0.00000,-0.00366,-0.00282,-0.00366,-0.00261,-0.27149,0.85763,0,0.00268,0.00412
9.2013,-0.01651,-0.01813,0.00241,0.00339,-0.00550,-0.00900,-0.04078,-0.00000,-0.00000,-0.00372,-0.00291,-0.00372,-0.00279,-0.27153,0.85765,0,0.00268,0.00412
9.2033,-0.01651,-0.01813,0.00240,0.00337,-0.00549,-0.00891,-0.04078,-0.00000,-0.00000,-0.00377,-0.00300,-0.00377,-0.00300,-0.27149,0.85765,0,0.00268,0.00412
9.2053,-0.01651,-0.01813,0.00239,0.00335,-0.00548,-0.00878,-0.04078,-0.00000,-0.00000,-0.00383,-0.00309,-0.00383,-0.00309,-0.27155,0.85761,0,0.00268,0.00412
9.2073,-0.01651,-0.01813,0.00238,0.00334,-0.00547,-0.00876,-0.04078,-0.00000,-0.00000,-0.00389,-0.00318,-0.00389,-0.00318,-0.27151,0.85765,0,0.00268,0.00412
9.2093,-0.01651,-0.01813,0.00237,0.00332,-0.00547,-0.00874,-0.04078,-0.00000,-0.00000,-0.00394,-0.00327,-0.00394,-0.00327,-0.27152,0.85762,0,0.00268,0.00412
9.2113,-0.01651,-0.01813,0.00236,0.00330,-0.00546,-0.00872,-0.04078,-0.00000,-0.00000,-0.00400,-0.00335,-0.00400,-0.00335,-0.27153,0.85759,0,0.00268,0.00412
9.2133,-0.01651,-0.01813,0.00235,0.00328,-0.00545,-0.00870,-0.04078,-0.00000,-0.00000,-0.00406,-0.00344,-0.00406,-0.00344,-0.27159,0.85756,0,0.00268,0.00412
9.2153,-0.01651,-0.01813,0.00233,0.00327,-0.00544,-0.00868,-0.04078,-0.00000,-0.00000,-0.00411,-0.00353,-0.00411,-0.00353,-0.27158,0.85756,0,0.00268,0.00412
9.2173,-0.01651,-0.01813,0.00232,0.00325,-0.00543,-0.00866,-0.04078,-0.00000,-0.00000,-0.00417,-0.00362,-0.00417,-0.00362,-0.27161,0.85754,0,0.00268,0.00412
9.2193,-0.01651,-0.01813,0.00231,0.00323,-0.00542,-0.00864,-0.04078,-0.00000,-0.00000,-0.00423,-0.00370,-0.00423,-0.00370,-0.27161,0.85755,0,0.00268,0.00412
9.2213,-0.01651,-0.01813,0.00230,0.00321,-0.00541,-0.00862,-0.04078,-0.00000,-0.00000,-0.00428,-0.00379,-0.00428,-0.00379,-0.27160,0.85753,0,0.00268,0.00412
9.2234,-0.01651,-0.01813,0.00229,0.00320,-0.00540,-0.00860,-0.04078,-0.00000,-0.00000,-0.00434,-0.00388,-0.00434,-0.00388,-0.27161,0.85753,0,0.00268,0.00412
9.2254,-0.01651,-0.01813,0.00228,0.00318,-0.00539,-0.00858,-0.04078,-0.00000,-0.00000,-0.00439,-0.00396,-0.00439,-0.00396,-0.27163,0.85754,0,0.00268,0.00412
9.2274,-0.01651,-0.01813,0.00227,0.00316,-0.00538,-0.00856,-0.04078,-0.00000,-0.00000,-0.00445,-0.00405,-0.00445,-0.00405,-0.27163,0.85752,0,0.00268,0.00412
9.2294,-0.01651,-0.01813,0.00226,0.00314,-0.00537,-0.00853,-0.04078,-0.00000,-0.00000,-0.00451,-0.00414,-0.00451,-0.00414,-0.27161,0.85754,0,0.00268,0.00412
9.2314,-0.01651,-0.01813,0.00225,0.00313,-0.00536,-0.00851,-0.04078,-0.00000,-0.00000,-0.00456,-0.00422,-0.00456,-0.00422,-0.27162,0.85751,0,0.00268,0.00412
9.2334,-0.01651,-0.01813,0.00224,0.00311,-0.00535,-0.00849,-0.04078,-0.00000,-0.00000,-0.00462,-0.00431,-0.00462,-0.00431,-0.27158,0.85755,0,0.00268,0.00412
9.2354,-0.01651,-0.01813,0.00223,0.00309,-0.00534,-0.00847,-0.04078,-0.00000,-0.00000,-0.00467,-0.00439,-0.00467,-0.00439,-0.27163,0.85751,0,0.00268,0.00412
9.2374,-0.01651,-0.01813,0.00222,0.00308,-0.00533,-0.00845,-0.04078,-0.00000,-0.00000,-0.00473,-0.00448,-0.00473,-0.00448,-0.27161,0.85752,0,0.00268,0.00412
9.2394,-0.01651,-0.01813,0.00221,0.00306,-0.00532,-0.00843,-0.04078,-0.00000,-0.00000,-0.00478,-0.00456,-0.00478,-0.00456,-0.27163,0.85753,0,0.00268,0.00412
9.2414,-0.01651,-0.01813,0.00219,0.00304,-0.00531,-0.00841,-0.04078,-0.00000,-0.00000,-0.00484,-0.00465,-0.00484,-0.00465,-0.27167,0.85750,0,0.00268,0.00412
9.2434,-0.01651,-0.01813,0.00218,0.00303,-0.00530,-0.00838,-0.04078,-0.00000,-0.00000,-0.00489,-0.00473,-0.00489,-0.00473,-0.27165,0.85750,0,0.00268,0.00412
9.2454,-0.01651,-0.01813,0.00217,0.00301,-0.00529,-0.00836,-0.04078,-0.00000,-0.00000,-0.00495,-0.00482,-0.00495,-0.00482,-0.27162,0.85750,0,0.00268,0.00412
9.2474,-0.01651,-0.01813,0.00216,0.00299,-0.00528,-0.00834,-0.04078,-0.00000,-0.00000,-0.00500,-0.00490,-0.00500,-0.00490,-0.27171,0.85751,0,0.00268,0.00412
9.2494,-0.01651,-0.01813,0.00215,0.00298,-0.00527,-0.00832,-0.04078,-0.00000,-0.00000,-0.00506,-0.00499,-0.00506,-0.00499,-0.27168,0.85749,0,0.00268,0.00412
9.2515,-0.01651,-0.01813,0.00214,0.00296,-0.00526,-0.00829,-0.04078,-0.00000,-0.00000,-0.00511,-0.00507,-0.00511,-0.00507,-0.27171,0.85745,0,0.00268,0.00412
9.2535,-0.01734,-0.01906,0.00273,0.00372,-0.00321,-0.00563,-0.03245,-0.00000,-0.00000,-0.00258,-0.00176,-0.00504,-0.00503,-0.27169,0.85748,0,0.00350,0.00478
9.2558,-0.01734,-0.01906,0.00273,0.00371,-0.00332,-0.00573,-0.03245,-0.00000,-0.00000,-0.00261,-0.00182,-0.00484,-0.00486,-0.27169,0.85748,0,0.00350,0.00478
9.2578,-0.01734,-0.01906,0.00272,0.00370,-0.00353,-0.00594,-0.03245,-0.00000,-0.00000,-0.00265,-0.00188,-0.00451,-0.00456,-0.27171,0.85747,0,0.00350,0.00478
9.2598,-0.01734,-0.01906,0.00271,0.00369,-0.00386,-0.00626,-0.03245,-0.00000,-0.00000,-0.00269,-0.00194,-0.00405,-0.00413,-0.27171,0.85747,0,0.00350,0.00478
9.2618,-0.01734,-0.01906,0.00270,0.00367,-0.00430,-0.00669,-0.03245,-0.00000,-0.00000,-0.00273,-0.00201,-0.00347,-0.00357,-0.27174,0.85744,0,0.00350,0.00478
9.2638,-0.01734,-0.01906,0.00269,0.00366,-0.00484,-0.00723,-0.03245,-0.00000,-0.00000,-0.00278,-0.00208,-0.00278,-0.00289,-0.27174,0.85742,0,0.00350,0.00478
9.2658,-0.01734,-0.01906,0.00268,0.00364,-0.00547,-0.00787,-0.03245,-0.00000,-0.00000,-0.00284,-0.00216,-0.00223,-0.00216,-0.27171,0.85748,0,0.00350,0.00478
9.2678,-0.01734,-0.01906,0.00267,0.00363,-0.00599,-0.00856,-0.03245,-0.00000,-0.00000,-0.00290,-0.00224,-0.00180,-0.00155,-0.27179,0.85742,0,0.00350,0.00478
9.2699,-0.01734,-0.01906,0.00266,0.00361,-0.00640,-0.00913,-0.03245,-0.00000,-0.00000,-0.00296,-0.00233,-0.00150,-0.00108,-0.27170,0.85742,0,0.00350,0.00478
9.2719,-0.01734,-0.01906,0.00265,0.00359,-0.00670,-0.00960,-0.03245,-0.00000,-0.00000,-0.00303,-0.00242,-0.00133,-0.00073,-0.27170,0.85742,0,0.00350,0.00478
9.2739,-0.01734,-0.01906,0.00263,0.00357,-0.00689,-0.00996,-0.03245,-0.00000,-0.00000,-0.00310,-0.00252,-0.00129,-0.00051,-0.27172,0.85749,0,0.00350,0.00478
9.2759,-0.01734,-0.01906,0.00262,0.00355,-0.00697,-0.01020,-0.03245,-0.00000,-0.00000,-0.00317,-0.00262,-0.00137,-0.00042,-0.27172,0.85749,0,0.00350,0.00478
9.2779,-0.01734,-0.01906,0.00261,0.00353,-0.00694,-0.01034,-0.03245,-0.00000,-0.00000,-0.00324,-0.00272,-0.00158,-0.00045,-0.27169,0.85744,0,0.00350,0.00478
9.2799,-0.01734,-0.01906,0.00259,0.00351,-0.00680,-0.01037,-0.03245,-0.00000,-0.00000,-0.00331,-0.00283,-0.00192,-0.00062,-0.27169,0.85744,0,0.00350,0.00478
9.2819,-0.01734,-0.01906,0.00258,0.00349,-0.00656,-0.01029,-0.03245,-0.00000,-0.00000,-0.00338,-0.00293,-0.00239,-0.00091,-0.27173,0.85743,0,0.00350,0.00478
9.2839,-0.01734,-0.01906,0.00257,0.00347,-0.00620,-0.01009,-0.03245,-0.00000,-0.00000,-0.00344,-0.00303,-0.00299,-0.00133,-0.27177,0.85738,0,0.00350,0.00478
9.2859,-0.01734,-0.01906,0.00255,0.00345,-0.00573,-0.00979,-0.03245,-0.00000,-0.00000,-0.00350,-0.00313,-0.00350,-0.00188,-0.27179,0.85740,0,0.00350,0.00478
9.2879,-0.01734,-0.01906,0.00254,0.00343,-0.00534,-0.00938,-0.03245,-0.00000,-0.00000,-0.00356,-0.00323,-0.00389,-0.00256,-0.27180,0.85742,0,0.00350,0.00478
9.2899,-0.01734,-0.01906,0.00253,0.00341,-0.00505,-0.00886,-0.03245,-0.00000,-0.00000,-0.00362,-0.00332,-0.00415,-0.00332,-0.27184,0.85741,0,0.00350,0.00478
9.2919,-0.01734,-0.01906,0.00252,0.00339,-0.00487,-0.00826,-0.03245,-0.00000,-0.00000,-0.00367,-0.00341,-0.00428,-0.00396,-0.27182,0.85739,0,0.00350,0.00478
9.2939,-0.01734,-0.01906,0.00251,0.00338,-0.00480,-0.00778,-0.03245,-0.00000,-0.00000,-0.00372,-0.00349,-0.00428,-0.00447,-0.27184,0.85738,0,0.00350,0.00478
9.2959,-0.01734,-0.01906,0.00250,0.00336,-0.00484,-0.00740,-0.03245,-0.00000,-0.00000,-0.00377,-0.00357,-0.00415,-0.00485,-0.27189,0.85738,0,0.00350,0.00478
9.2979,-0.01734,-0.01906,0.00249,0.00335,-0.00499,-0.00713,-0.03245,-0.00000,-0.00000,-0.00382,-0.00364,-0.00390,-0.00510,-0.27187,0.85735,0,0.00350,0.00478
9.2999,-0.01734,-0.01906,0.00248,0.00333,-0.00525,-0.00697,-0.03245,-0.00000,-0.00000,-0.00387,-0.00371,-0.00377,-0.00523,-0.27191,0.85736,0,0.00350,0.00478
9.3019,-0.01734,-0.01906,0.00247,0.00332,-0.00540,-0.00692,-0.03245,-0.00000,-0.00000,-0.00393,-0.00379,-0.00377,-0.00522,-0.27195,0.85730,0,0.00350,0.00478
9.3039,-0.01734,-0.01906,0.00246,0.00331,-0.00544,-0.00697,-0.03245,-0.00000,-0.00000,-0.00399,-0.00386,-0.00390,-0.00509,-0.27196,0.85730,0,0.00350,0.00478
9.3059,-0.01734,-0.01906,0.00245,0.00329,-0.00537,-0.00714,-0.03245,-0.00000,-0.00000,-0.00404,-0.00393,-0.00404,-0.00483,-0.27196,0.85730,0,0.00350,0.00478
9.3079,-0.01734,-0.01906,0.00244,0.00328,-0.00529,-0.00742,-0.03245,-0.00000,-0.00000,-0.00410,-0.00400,-0.00410,-0.00445,-0.27187,0.85726,0,0.00350,0.00478
9.3099,-0.01734,-0.01906,0.00243,0.00326,-0.00528,-0.00780,-0.03245,-0.00000,-0.00000,-0.00415,-0.00408,-0.00415,-0.00408,-0.27187,0.85726,0,0.00350,0.00478
9.3119,-0.01734,-0.01906,0.00242,0.00325,-0.00528,-0.00817,-0.03245,-0.00000,-0.00000,-0.00421,-0.00416,-0.00421,-0.00385,-0.27191,0.85728,0,0.00350,0.00478
9.3139,-0.01734,-0.01906,0.00241,0.00323,-0.00527,-0.00843,-0.03245,-0.00000,-0.00000,-0.00426,-0.00425,-0.00426,-0.00374,-0.27195,0.85724,0,0.00350,0.00478
9.3159,-0.01734,-0.01906,0.00240,0.00321,-0.00526,-0.00857,-0.03245,-0.00000,-0.00000,-0.00432,-0.00433,-0.00432,-0.00376,-0.27195,0.85724,0,0.00350,0.00478
9.3179,-0.01734,-0.01906,0.00239,0.00320,-0.00526,-0.00861,-0.03245,-0.00000,-0.00000,-0.00437,-0.00442,-0.00437,-0.00391,-0.27195,0.85726,0,0.00350,0.00478
9.3199,-0.01734,-0.01906,0.00238,0.00318,-0.00525,-0.00853,-0.03245,-0.00000,-0.00000,-0.00443,-0.00451,-0.00443,-0.00418,-0.27195,0.85725,0,0.00350,0.00478
9.3219,-0.01790,-0.01942,0.00304,0.00413,-0.00272,-0.00516,-0.02236,-0.00000,-0.00000,-0.00145,-0.00015,-0.00436,-0.00433,-0.27195,0.85723,0,0.00384,0.00531
9.3239,-0.01790,-0.01942,0.00304,0.00412,-0.00283,-0.00510,-0.02236,-0.00000,-0.00000,-0.00149,-0.00020,-0.00415,-0.00435,-0.27195,0.85723,0,0.00384,0.00531
9.3259,-0.01790,-0.01942,0.00303,0.00411,-0.00306,-0.00516,-0.02236,-0.00000,-0.00000,-0.00152,-0.00025,-0.00383,-0.00424,-0.27198,0.85722,0,0.00384,0.00531
9.3279,-0.01790,-0.01942,0.00302,0.00409,-0.00339,-0.00532,-0.02236,-0.00000,-0.00000,-0.00156,-0.00031,-0.00337,-0.00400,-0.27198,0.85722,0,0.00384,0.00531
9.3299,-0.01790,-0.01942,0.00302,0.00408,-0.00383,-0.00559,-0.02236,-0.00000,-0.00000,-0.00160,-0.00037,-0.00278,-0.00364,-0.27197,0.85725,0,0.00384,0.00531
9.3319,-0.01790,-0.01942,0.00301,0.00407,-0.00438,-0.00597,-0.02236,-0.00000,-0.00000,-0.00164,-0.00043,-0.00207,-0.00315,-0.27200,0.85722,0,0.00384,0.00531
9.3339,-0.01790,-0.01942,0.00300,0.00406,-0.00504,-0.00646,-0.02236,-0.00000,-0.00000,-0.00169,-0.00049,-0.00148,-0.00253,-0.27192,0.85722,0,0.00384,0.00531
9.3359,-0.01790,-0.01942,0.00299,0.00405,-0.00559,-0.00705,-0.02236,-0.00000,-0.00000,-0.00174,-0.00056,-0.00103,-0.00178,-0.27201,0.85718,0,0.00384,0.00531
9.3379,-0.01790,-0.01942,0.00298,0.00403,-0.00603,-0.00776,-0.02236,-0.00000,-0.00000,-0.00181,-0.00064,-0.00070,-0.00090,-0.27198,0.85716,0,0.00384,0.00531
9.3399,-0.01790,-0.01942,0.00297,0.00402,-0.00636,-0.00858,-0.02236,-0.00000,-0.00000,-0.00187,-0.00072,-0.00050,-0.00016,-0.27196,0.85718,0,0.00384,0.00531
9.3419,-0.01790,-0.01942,0.00295,0.00400,-0.00658,-0.00928,-0.02236,-0.00000,-0.00000,-0.00194,-0.00081,-0.00042,0.00046,-0.27196,0.85718,0,0.00384,0.00531
9.3439,-0.01790,-0.01942,0.00294,0.00398,-0.00669,-0.00988,-0.02236,-0.00000,-0.00000,-0.00200,-0.00091,-0.00048,0.00096,-0.27193,0.85719,0,0.00384,0.00531
9.3459,-0.01790,-0.01942,0.00293,0.00396,-0.00670,-0.01037,-0.02236,-0.00000,-0.00000,-0.00207,-0.00101,-0.00066,0.00132,-0.27199,0.85716,0,0.00384,0.00531
9.3479,-0.01790,-0.01942,0.00291,0.00394,-0.00659,-0.01074,-0.02236,-0.00000,-0.00000,-0.00214,-0.00111,-0.00097,0.00156,-0.27203,0.85717,0,0.00384,0.00531
9.3499,-0.01790,-0.01942,0.00290,0.00392,-0.00637,-0.01101,-0.02236,-0.00000,-0.00000,-0.00221,-0.00122,-0.00141,0.00167,-0.27201,0.85717,0,0.00384,0.00531
9.3519,-0.01790,-0.01942,0.00289,0.00389,-0.00605,-0.01117,-0.02236,-0.00000,-0.00000,-0.00227,-0.00133,-0.00198,0.00165,-0.27203,0.85716,0,0.00384,0.00531
9.3539,-0.01790,-0.01942,0.00288,0.00387,-0.00561,-0.01122,-0.02236,-0.00000,-0.00000,-0.00233,-0.00145,-0.00242,0.00150,-0.27203,0.85719,0,0.00384,0.00531
9.3559,-0.01790,-0.01942,0.00286,0.00385,-0.00528,-0.01115,-0.02236,-0.00000,-0.00000,-0.00239,-0.00156,-0.00273,0.00122,-0.27204,0.85721,0,0.00384,0.00531
9.3579,-0.01790,-0.01942,0.00285,0.00383,-0.00506,-0.01098,-0.02236,-0.00000,-0.00000,-0.00244,-0.00167,-0.00291,0.00082,-0.27204,0.85721,0,0.00384,0.00531
9.3599,-0.01790,-0.01942,0.00284,0.00380,-0.00496,-0.01070,-0.02236,-0.00000,-0.00000,-0.00250,-0.00178,-0.00297,0.00029,-0.27206,0.85723,0,0.00384,0.00531
9.3619,-0.01790,-0.01942,0.00283,0.00378,-0.00496,-0.01031,-0.02236,-0.00000,-0.00000,-0.00255,-0.00188,-0.00289,-0.00037,-0.27205,0.85719,0,0.00384,0.00531
9.3639,-0.01790,-0.01942,0.00282,0.00376,-0.00507,-0.00981,-0.02236,-0.00000,-0.00000,-0.00260,-0.00198,-0.00269,-0.00116,-0.27209,0.85717,0,0.00384,0.00531
9.3659,-0.01790,-0.01942,0.00281,0.00374,-0.00528,-0.00920,-0.02236,-0.00000,-0.00000,-0.00265,-0.00208,-0.00262,-0.00208,-0.27209,0.85717,0,0.00384,0.00531
9.3679,-0.01790,-0.01942,0.00280,0.00373,-0.00539,-0.00848,-0.02236,-0.00000,-0.00000,-0.00271,-0.00217,-0.00267,-0.00287,-0.27208,0.85719,0,0.00384,0.00531
9.3699,-0.01790,-0.01942,0.00279,0.00371,-0.00539,-0.00787,-0.02236,-0.00000,-0.00000,-0.00277,-0.00225,-0.00277,-0.00353,-0.27206,0.85720,0,0.00384,0.00531
9.3719,-0.01790,-0.01942,0.00278,0.00370,-0.00536,-0.00736,-0.02236,-0.00000,-0.00000,-0.00282,-0.00233,-0.00282,-0.00406,-0.27206,0.85720,0,0.00384,0.00531
9.3739,-0.01790,-0.01942,0.00277,0.00368,-0.00536,-0.00697,-0.02236,-0.00000,-0.00000,-0.00288,-0.00240,-0.00288,-0.00446,-0.27205,0.85714,0,0.00384,0.00531
9.3760,-0.01790,-0.01942,0.00276,0.00367,-0.00536,-0.00669,-0.02236,-0.00000,-0.00000,-0.00294,-0.00247,-0.00294,-0.00474,-0.27208,0.85709,0,0.00384,0.00531
9.3780,-0.01790,-0.01942,0.00275,0.00365,-0.00536,-0.00651,-0.02236,-0.00000,-0.00000,-0.00299,-0.00254,-0.00299,-0.00488,-0.27213,0.85710,0,0.00384,0.00531
9.3800,-0.01790,-0.01942,0.00274,0.00364,-0.00535,-0.00645,-0.02236,-0.00000,-0.00000,-0.00305,-0.00261,-0.00305,-0.00490,-0.27212,0.85708,0,0.00384,0.00531
9.3820,-0.01790,-0.01942,0.00273,0.00363,-0.00535,-0.00649,-0.02236,-0.00000,-0.00000,-0.00310,-0.00267,-0.00310,-0.00480,-0.27216,0.85708,0,0.00384,0.00531
9.3840,-0.01790,-0.01942,0.00272,0.00361,-0.00535,-0.00664,-0.02236,-0.00000,-0.00000,-0.00316,-0.00274,-0.00316,-0.00456,-0.27211,0.85706,0,0.00384,0.00531
9.3860,-0.01790,-0.01942,0.00271,0.00360,-0.00535,-0.00691,-0.02236,-0.00000,-0.00000,-0.00322,-0.00281,-0.00322,-0.00420,-0.27213,0.85707,0,0.00384,0.00531
9.3880,-0.01790,-0.01942,0.00270,0.00359,-0.00534,-0.00728,-0.02236,-0.00000,-0.00000,-0.00327,-0.00289,-0.00327,-0.00370,-0.27210,0.85709,0,0.00384,0.00531
9.3900,-0.01623,-0.01836,0.00332,0.00382,-0.00312,-0.00674,-0.02163,-0.00000,-0.00000,0.00015,-0.00148,-0.00320,-0.00308,-0.27212,0.85705,0,0.00410,0.00444
9.3920,-0.01623,-0.01836,0.00331,0.00380,-0.00323,-0.00734,-0.02163,-0.00000,-0.00000,0.00012,-0.00155,-0.00300,-0.00234,-0.27215,0.85704,0,0.00410,0.00444
9.3940,-0.01623,-0.01836,0.00330,0.00379,-0.00346,-0.00804,-0.02163,-0.00000,-0.00000,0.00008,-0.00163,-0.00267,-0.00163,-0.27211,0.85710,0,0.00410,0.00444
9.3960,-0.01623,-0.01836,0.00330,0.00377,-0.00380,-0.00870,-0.02163,-0.00000,-0.00000,0.00004,-0.00172,-0.00221,-0.00106,-0.27213,0.85704,0,0.00410,0.00444
9.3980,-0.01623,-0.01836,0.00329,0.00375,-0.00424,-0.00926,-0.02163,-0.00000,-0.00000,-0.00000,-0.00181,-0.00163,-0.00061,-0.27212,0.85709,0,0.00410,0.00444
9.4001,-0.01623,-0.01836,0.00328,0.00373,-0.00480,-0.00970,-0.02163,-0.00000,-0.00000,-0.00005,-0.00190,-0.00092,-0.00029,-0.27211,0.85706,0,0.00410,0.00444
9.4021,-0.01623,-0.01836,0.00327,0.00372,-0.00546,-0.01004,-0.02163,-0.00000,-0.00000,-0.00010,-0.00200,-0.00010,-0.00010,-0.27212,0.85707,0,0.00410,0.00444
9.4041,-0.01623,-0.01836,0.00326,0.00369,-0.00621,-0.01026,-0.02163,-0.00000,-0.00000,-0.00016,-0.00210,0.00059,-0.00004,-0.27208,0.85711,0,0.00410,0.00444
9.4061,-0.01623,-0.01836,0.00324,0.00367,-0.00686,-0.01038,-0.02163,-0.00000,-0.00000,-0.00023,-0.00221,0.00115,-0.00010,-0.27208,0.85709,0,0.00410,0.00444
9.4081,-0.01623,-0.01836,0.00323,0.00365,-0.00739,-0.01039,-0.02163,-0.00000,-0.00000,-0.00030,-0.00231,0.00158,-0.00029,-0.27207,0.85706,0,0.00410,0.00444
9.4101,-0.01623,-0.01836,0.00321,0.00363,-0.00781,-0.01028,-0.02163,-0.00000,-0.00000,-0.00038,-0.00241,0.00189,-0.00061,-0.27210,0.85708,0,0.00410,0.00444
9.4121,-0.01623,-0.01836,0.00320,0.00361,-0.00813,-0.01007,-0.02163,-0.00000,-0.00000,-0.00046,-0.00251,0.00206,-0.00106,-0.27208,0.85708,0,0.00410,0.00444
9.4141,-0.01623,-0.01836,0.00318,0.00359,-0.00833,-0.00975,-0.02163,-0.00000,-0.00000,-0.00054,-0.00261,0.00211,-0.00164,-0.27207,0.85708,0,0.00410,0.00444
9.4161,-0.01623,-0.01836,0.00316,0.00357,-0.00843,-0.00931,-0.02163,-0.00000,-0.00000,-0.00062,-0.00271,0.00203,-0.00234,-0.27213,0.85700,0,0.00410,0.00444
9.4181,-0.01623,-0.01836,0.00315,0.00356,-0.00841,-0.00877,-0.02163,-0.00000,-0.00000,-0.00071,-0.00280,0.00183,-0.00292,-0.27206,0.85705,0,0.00410,0.00444
9.4201,-0.01623,-0.01836,0.00313,0.00354,-0.00829,-0.00834,-0.02163,-0.00000,-0.00000,-0.00079,-0.00289,0.00149,-0.00337,-0.27212,0.85700,0,0.00410,0.00444
9.4221,-0.01623,-0.01836,0.00311,0.00352,-0.00805,-0.00801,-0.02163,-0.00000,-0.00000,-0.00087,-0.00297,0.00103,-0.00369,-0.27213,0.85699,0,0.00410,0.00444
9.4242,-0.01623,-0.01836,0.00310,0.00351,-0.00771,-0.00780,-0.02163,-0.00000,-0.00000,-0.00095,-0.00305,0.00044,-0.00388,-0.27211,0.85699,0,0.00410,0.00444
9.4262,-0.01623,-0.01836,0.00308,0.00349,-0.00725,-0.00769,-0.02163,-0.00000,-0.00000,-0.00103,-0.00313,-0.00028,-0.00395,-0.27211,0.85697,0,0.00410,0.00444
9.4282,-0.01623,-0.01836,0.00307,0.00348,-0.00669,-0.00769,-0.02163,-0.00000,-0.00000,-0.00110,-0.00321,-0.00110,-0.00388,-0.27211,0.85695,0,0.00410,0.00444
9.4302,-0.01623,-0.01836,0.00306,0.00346,-0.00604,-0.00780,-0.02163,-0.00000,-0.00000,-0.00117,-0.00329,-0.00179,-0.00369,-0.27213,0.85692,0,0.00410,0.00444
9.4322,-0.01623,-0.01836,0.00305,0.00344,-0.00551,-0.00803,-0.02163,-0.00000,-0.00000,-0.00123,-0.00337,-0.00235,-0.00337,-0.27213,0.85694,0,0.00410,0.00444
9.4342,-0.01623,-0.01836,0.00304,0.00343,-0.00508,-0.00836,-0.02163,-0.00000,-0.00000,-0.00128,-0.00345,-0.00279,-0.00318,-0.27210,0.85696,0,0.00410,0.00444
9.4362,-0.01623,-0.01836,0.00303,0.00341,-0.00476,-0.00858,-0.02163,-0.00000,-0.00000,-0.00133,-0.00353,-0.00309,-0.00312,-0.27215,0.85692,0,0.00410,0.00444
9.4382,-0.01623,-0.01836,0.00302,0.00339,-0.00455,-0.00869,-0.02163,-0.00000,-0.00000,-0.00138,-0.00362,-0.00327,-0.00318,-0.27214,0.85698,0,0.00410,0.00444
9.4402,-0.01623,-0.01836,0.00301,0.00338,-0.00444,-0.00869,-0.02163,-0.00000,-0.00000,-0.00143,-0.00371,-0.00332,-0.00338,-0.27219,0.85694,0,0.00410,0.00444
9.4422,-0.01623,-0.01836,0.00300,0.00336,-0.00445,-0.00858,-0.02163,-0.00000,-0.00000,-0.00147,-0.00380,-0.00324,-0.00370,-0.27217,0.85698,0,0.00410,0.00444
9.4443,-0.01623,-0.01836,0.00299,0.00334,-0.00457,-0.00836,-0.02163,-0.00000,-0.00000,-0.00152,-0.00388,-0.00303,-0.00389,-0.27219,0.85692,0,0.00410,0.00444
9.4463,-0.01623,-0.01836,0.00298,0.00333,-0.00479,-0.00825,-0.02163,-0.00000,-0.00000,-0.00157,-0.00397,-0.00270,-0.00397,-0.27218,0.85695,0,0.00410,0.00444
9.4483,-0.01623,-0.01836,0.00297,0.00331,-0.00513,-0.00824,-0.02163,-0.00000,-0.00000,-0.00162,-0.00405,-0.00224,-0.00405,-0.27216,0.85694,0,0.00410,0.00444
9.4503,-0.01623,-0.01836,0.00296,0.00329,-0.00557,-0.00823,-0.02163,-0.00000,-0.00000,-0.00168,-0.00413,-0.00168,-0.00413,-0.27223,0.85693,0,0.00410,0.00444
9.4524,-0.01513,-0.01906,0.00336,0.00405,-0.00439,-0.00536,-0.01773,-0.00000,-0.00000,0.00057,-0.00075,-0.00099,-0.00409,-0.27222,0.85687,1,0.00404,0.00511
