t,ex,ey,th_x,th_y,thd_x,thd_y,yaw,vref_x,vref_y,vfb_x,vfb_y,vcmd_x,vcmd_y,tcp_x,tcp_y,dans_cible,th_brut_x,th_brut_y
0.0000,-0.37917,0.00180,-0.01125,0.00474,0.00000,0.00000,0.28139,-0.00000,0.00000,0.00000,0.00000,-0.00000,0.00000,0.04440,0.82550,0,-0.01125,0.00474
0.0020,-0.37917,0.00180,-0.01125,0.00474,0.00019,-0.00008,0.28139,-0.00014,0.00000,0.00000,0.00000,-0.00004,0.00000,0.04437,0.82549,0,-0.01125,0.00474
0.0040,-0.37917,0.00180,-0.01124,0.00474,0.00041,-0.00016,0.28139,-0.00028,0.00000,0.00000,0.00000,-0.00010,0.00000,0.04444,0.82551,0,-0.01125,0.00474
0.0060,-0.37917,0.00180,-0.01124,0.00474,0.00065,-0.00024,0.28139,-0.00042,0.00000,0.00000,0.00000,-0.00020,0.00000,0.04442,0.82548,0,-0.01125,0.00474
0.0080,-0.37917,0.00180,-0.01124,0.00474,0.00092,-0.00032,0.28139,-0.00055,0.00000,0.00000,0.00000,-0.00033,0.00000,0.04443,0.82550,0,-0.01125,0.00474
0.0100,-0.37917,0.00180,-0.01124,0.00474,0.00122,-0.00040,0.28139,-0.00069,0.00000,0.00000,0.00000,-0.00049,0.00000,0.04442,0.82548,0,-0.01125,0.00474
0.0120,-0.37917,0.00180,-0.01124,0.00474,0.00155,-0.00048,0.28139,-0.00083,0.00000,0.00000,0.00000,-0.00068,0.00000,0.04442,0.82551,0,-0.01125,0.00474
0.0140,-0.37917,0.00180,-0.01123,0.00474,0.00190,-0.00056,0.28139,-0.00097,0.00000,0.00000,0.00000,-0.00091,0.00000,0.04443,0.82549,0,-0.01125,0.00474
0.0160,-0.37917,0.00180,-0.01123,0.00474,0.00228,-0.00064,0.28139,-0.00111,0.00001,0.00000,0.00000,-0.00111,0.00001,0.04442,0.82549,0,-0.01125,0.00474
0.0180,-0.37917,0.00180,-0.01122,0.00474,0.00264,-0.00072,0.28139,-0.00125,0.00001,0.00000,0.00000,-0.00127,0.00001,0.04446,0.82548,0,-0.01125,0.00474
0.0200,-0.37917,0.00180,-0.01122,0.00474,0.00297,-0.00080,0.28139,-0.00138,0.00001,0.00000,0.00000,-0.00141,0.00001,0.04443,0.82552,0,-0.01125,0.00474
0.0220,-0.37917,0.00180,-0.01121,0.00473,0.00328,-0.00088,0.28139,-0.00152,0.00001,0.00000,0.00000,-0.00152,0.00001,0.04443,0.82548,0,-0.01125,0.00474
0.0240,-0.37917,0.00180,-0.01121,0.00473,0.00356,-0.00096,0.28139,-0.00166,0.00001,0.00000,0.00000,-0.00166,0.00001,0.04440,0.82550,0,-0.01125,0.00474
0.0260,-0.37917,0.00180,-0.01120,0.00473,0.00387,-0.00104,0.28139,-0.00180,0.00001,0.00000,0.00000,-0.00180,0.00001,0.04441,0.82553,0,-0.01125,0.00474
0.0280,-0.37917,0.00180,-0.01119,0.00473,0.00417,-0.00112,0.28139,-0.00194,0.00001,0.00000,0.00000,-0.00194,0.00001,0.04439,0.82547,0,-0.01125,0.00474
0.0300,-0.37917,0.00180,-0.01118,0.00473,0.00448,-0.00120,0.28139,-0.00208,0.00001,0.00000,0.00000,-0.00208,0.00001,0.04444,0.82548,0,-0.01125,0.00474
0.0320,-0.37917,0.00180,-0.01117,0.00472,0.00478,-0.00128,0.28139,-0.00221,0.00001,0.00000,0.00000,-0.00221,0.00001,0.04441,0.82547,0,-0.01125,0.00474
0.0340,-0.37917,0.00180,-0.01116,0.00472,0.00509,-0.00136,0.28139,-0.00235,0.00001,0.00000,0.00000,-0.00235,0.00001,0.04443,0.82548,0,-0.01125,0.00474
0.0360,-0.37917,0.00180,-0.01115,0.00472,0.00540,-0.00144,0.28139,-0.00249,0.00001,0.00000,0.00000,-0.00249,0.00001,0.04442,0.82552,0,-0.01125,0.00474
0.0380,-0.37917,0.00180,-0.01114,0.00471,0.00570,-0.00152,0.28139,-0.00263,0.00001,0.00000,0.00000,-0.00263,0.00001,0.04441,0.82548,0,-0.01125,0.00474
0.0400,-0.37917,0.00180,-0.01113,0.00471,0.00601,-0.00160,0.28139,-0.00277,0.00001,0.00000,0.00000,-0.00277,0.00001,0.04442,0.82549,0,-0.01125,0.00474
0.0420,-0.37917,0.00180,-0.01112,0.00471,0.00631,-0.00168,0.28139,-0.00291,0.00001,0.00000,0.00000,-0.00291,0.00001,0.04441,0.82548,0,-0.01125,0.00474
0.0440,-0.37917,0.00180,-0.01110,0.00471,0.00661,-0.00176,0.28139,-0.00304,0.00001,0.00000,0.00000,-0.00304,0.00001,0.04438,0.82549,0,-0.01125,0.00474
0.0460,-0.37917,0.00180,-0.01109,0.00470,0.00692,-0.00184,0.28139,-0.00318,0.00002,0.00000,0.00000,-0.00318,0.00002,0.04441,0.82548,0,-0.01125,0.00474
0.0480,-0.37917,0.00180,-0.01108,0.00470,0.00722,-0.00192,0.28139,-0.00332,0.00002,0.00000,0.00000,-0.00332,0.00002,0.04436,0.82550,0,-0.01125,0.00474
0.0500,-0.37917,0.00180,-0.01106,0.00469,0.00753,-0.00199,0.28139,-0.00346,0.00002,0.00000,0.00000,-0.00346,0.00002,0.04441,0.82550,0,-0.01125,0.00474
0.0521,-0.37917,0.00180,-0.01105,0.00469,0.00783,-0.00207,0.28139,-0.00360,0.00002,0.00000,0.00000,-0.00360,0.00002,0.04441,0.82549,0,-0.01125,0.00474
0.0541,-0.37917,0.00180,-0.01103,0.00469,0.00813,-0.00215,0.28139,-0.00374,0.00002,0.00000,0.00000,-0.00374,0.00002,0.04438,0.82547,0,-0.01125,0.00474
0.0561,-0.37917,0.00180,-0.01101,0.00468,0.00844,-0.00223,0.28139,-0.00387,0.00002,0.00000,0.00000,-0.00387,0.00002,0.04440,0.82549,0,-0.01125,0.00474
0.0581,-0.37917,0.00180,-0.01100,0.00468,0.00874,-0.00231,0.28139,-0.00401,0.00002,0.00000,0.00000,-0.00401,0.00002,0.04434,0.82552,0,-0.01125,0.00474
0.0601,-0.37917,0.00180,-0.01098,0.00467,0.00904,-0.00239,0.28139,-0.00415,0.00002,0.00000,0.00000,-0.00415,0.00002,0.04432,0.82545,0,-0.01125,0.00474
0.0621,-0.37917,0.00180,-0.01096,0.00467,0.00934,-0.00247,0.28139,-0.00429,0.00002,0.00000,0.00000,-0.00429,0.00002,0.04431,0.82546,0,-0.01125,0.00474
0.0641,-0.37917,0.00180,-0.01094,0.00466,0.00964,-0.00255,0.28139,-0.00443,0.00002,0.00000,0.00000,-0.00443,0.00002,0.04429,0.82549,0,-0.01125,0.00474
0.0661,-0.37917,0.00180,-0.01092,0.00466,0.00995,-0.00263,0.28139,-0.00457,0.00002,0.00000,0.00000,-0.00457,0.00002,0.04430,0.82547,0,-0.01125,0.00474
0.0681,-0.37917,0.00180,-0.01090,0.00465,0.01025,-0.00270,0.28139,-0.00470,0.00002,0.00000,0.00000,-0.00470,0.00002,0.04433,0.82548,0,-0.01125,0.00474
0.0701,-0.37917,0.00180,-0.01088,0.00465,0.01055,-0.00278,0.28139,-0.00484,0.00002,0.00000,0.00000,-0.00484,0.00002,0.04432,0.82552,0,-0.01125,0.00474
0.0721,-0.37917,0.00180,-0.01086,0.00464,0.01085,-0.00286,0.28139,-0.00498,0.00002,0.00000,0.00000,-0.00498,0.00002,0.04426,0.82551,0,-0.01125,0.00474
0.0741,-0.37917,0.00180,-0.01084,0.00463,0.01115,-0.00294,0.28139,-0.00512,0.00002,0.00000,0.00000,-0.00512,0.00002,0.04430,0.82549,0,-0.01125,0.00474
0.0761,-0.37917,0.00180,-0.01082,0.00463,0.01145,-0.00302,0.28139,-0.00526,0.00002,0.00000,0.00000,-0.00526,0.00002,0.04426,0.82549,0,-0.01125,0.00474
0.0781,-0.37917,0.00180,-0.01079,0.00462,0.01175,-0.00310,0.28139,-0.00540,0.00003,0.00000,0.00000,-0.00540,0.00003,0.04423,0.82551,0,-0.01125,0.00474
0.0801,-0.37917,0.00180,-0.01077,0.00462,0.01204,-0.00317,0.28139,-0.00554,0.00003,0.00000,0.00000,-0.00554,0.00003,0.04421,0.82549,0,-0.01125,0.00474
0.0821,-0.37917,0.00180,-0.01074,0.00461,0.01234,-0.00325,0.28139,-0.00567,0.00003,0.00000,0.00000,-0.00567,0.00003,0.04425,0.82548,0,-0.01125,0.00474
0.0841,-0.37917,0.00180,-0.01072,0.00460,0.01264,-0.00333,0.28139,-0.00581,0.00003,0.00000,0.00000,-0.00581,0.00003,0.04425,0.82549,0,-0.01125,0.00474
0.0861,-0.37917,0.00180,-0.01069,0.00460,0.01294,-0.00341,0.28139,-0.00595,0.00003,0.00000,0.00000,-0.00595,0.00003,0.04420,0.82550,0,-0.01125,0.00474
0.0881,-0.37917,0.00180,-0.01067,0.00459,0.01323,-0.00348,0.28139,-0.00609,0.00003,0.00000,0.00000,-0.00609,0.00003,0.04417,0.82550,0,-0.01125,0.00474
0.0901,-0.37917,0.00180,-0.01064,0.00458,0.01353,-0.00356,0.28139,-0.00623,0.00003,0.00000,0.00000,-0.00623,0.00003,0.04420,0.82549,0,-0.01125,0.00474
0.0921,-0.37917,0.00180,-0.01061,0.00458,0.01383,-0.00364,0.28139,-0.00637,0.00003,0.00000,0.00000,-0.00637,0.00003,0.04412,0.82551,0,-0.01125,0.00474
0.0941,-0.37917,0.00180,-0.01058,0.00457,0.01412,-0.00372,0.28139,-0.00650,0.00003,0.00000,0.00000,-0.00650,0.00003,0.04421,0.82553,0,-0.01125,0.00474
0.0961,-0.37917,0.00180,-0.01056,0.00456,0.01442,-0.00379,0.28139,-0.00664,0.00003,0.00000,0.00000,-0.00664,0.00003,0.04414,0.82550,0,-0.01125,0.00474
0.0981,-0.37917,0.00180,-0.01053,0.00455,0.01471,-0.00387,0.28139,-0.00678,0.00003,0.00000,0.00000,-0.00678,0.00003,0.04417,0.82551,0,-0.01125,0.00474
0.1001,-0.37917,0.00180,-0.01050,0.00455,0.01501,-0.00395,0.28139,-0.00692,0.00003,0.00000,0.00000,-0.00692,0.00003,0.04411,0.82549,0,-0.01125,0.00474
0.1021,-0.37917,0.00180,-0.01047,0.00454,0.01530,-0.00402,0.28139,-0.00706,0.00003,0.00000,0.00000,-0.00706,0.00003,0.04411,0.82551,0,-0.01125,0.00474
0.1041,-0.37917,0.00180,-0.01044,0.00453,0.01559,-0.00410,0.28139,-0.00720,0.00003,0.00000,0.00000,-0.00720,0.00003,0.04411,0.82549,0,-0.01125,0.00474
0.1061,-0.37917,0.00180,-0.01040,0.00452,0.01589,-0.00418,0.28139,-0.00733,0.00003,0.00000,0.00000,-0.00733,0.00003,0.04409,0.82548,0,-0.01125,0.00474
0.1081,-0.37917,0.00180,-0.01037,0.00451,0.01618,-0.00425,0.28139,-0.00747,0.00004,0.00000,0.00000,-0.00747,0.00004,0.04407,0.82552,0,-0.01125,0.00474
0.1101,-0.37917,0.00180,-0.01034,0.00450,0.01647,-0.00433,0.28139,-0.00761,0.00004,0.00000,0.00000,-0.00761,0.00004,0.04408,0.82548,0,-0.01125,0.00474
0.1121,-0.37917,0.00180,-0.01031,0.00449,0.01676,-0.00440,0.28139,-0.00775,0.00004,0.00000,0.00000,-0.00775,0.00004,0.04403,0.82547,0,-0.01125,0.00474
0.1141,-0.37917,0.00180,-0.01027,0.00449,0.01705,-0.00448,0.28139,-0.00789,0.00004,0.00000,0.00000,-0.00789,0.00004,0.04403,0.82550,0,-0.01125,0.00474
0.1161,-0.37917,0.00180,-0.01024,0.00448,0.01734,-0.00456,0.28139,-0.00803,0.00004,0.00000,0.00000,-0.00803,0.00004,0.04400,0.82550,0,-0.01125,0.00474
0.1181,-0.37917,0.00180,-0.01020,0.00447,0.01763,-0.00463,0.28139,-0.00816,0.00004,0.00000,0.00000,-0.00816,0.00004,0.04397,0.82550,0,-0.01125,0.00474
0.1201,-0.37917,0.00180,-0.01017,0.00446,0.01792,-0.00471,0.28139,-0.00830,0.00004,0.00000,0.00000,-0.00830,0.00004,0.04398,0.82550,0,-0.01125,0.00474
0.1221,-0.37917,0.00180,-0.01013,0.00445,0.01821,-0.00478,0.28139,-0.00844,0.00004,0.00000,0.00000,-0.00844,0.00004,0.04393,0.82549,0,-0.01125,0.00474
0.1241,-0.37917,0.00180,-0.01010,0.00444,0.01849,-0.00486,0.28139,-0.00858,0.00004,0.00000,0.00000,-0.00858,0.00004,0.04393,0.82550,0,-0.01125,0.00474
0.1261,-0.37917,0.00180,-0.01006,0.00443,0.01878,-0.00493,0.28139,-0.00872,0.00004,0.00000,0.00000,-0.00872,0.00004,0.04391,0.82551,0,-0.01125,0.00474
0.1281,-0.37917,0.00180,-0.01002,0.00442,0.01907,-0.00501,0.28139,-0.00886,0.00004,0.00000,0.00000,-0.00886,0.00004,0.04392,0.82554,0,-0.01125,0.00474
0.1301,-0.37917,0.00180,-0.00998,0.00441,0.01935,-0.00508,0.28139,-0.00899,0.00004,0.00000,0.00000,-0.00899,0.00004,0.04390,0.82549,0,-0.01125,0.00474
0.1321,-0.37917,0.00180,-0.00994,0.00440,0.01964,-0.00515,0.28139,-0.00913,0.00004,0.00000,0.00000,-0.00913,0.00004,0.04392,0.82551,0,-0.01125,0.00474
0.1341,-0.37917,0.00180,-0.00990,0.00439,0.01992,-0.00523,0.28139,-0.00927,0.00004,0.00000,0.00000,-0.00927,0.00004,0.04382,0.82552,0,-0.01125,0.00474
0.1361,-0.37917,0.00180,-0.00986,0.00438,0.02021,-0.00530,0.28139,-0.00941,0.00004,0.00000,0.00000,-0.00941,0.00004,0.04382,0.82552,0,-0.01125,0.00474
0.1381,-0.37917,0.00180,-0.00982,0.00437,0.02049,-0.00538,0.28139,-0.00955,0.00005,0.00000,0.00000,-0.00955,0.00005,0.04382,0.82551,0,-0.01125,0.00474
0.1401,-0.37917,0.00180,-0.00978,0.00436,0.02077,-0.00545,0.28139,-0.00969,0.00005,0.00000,0.00000,-0.00969,0.00005,0.04380,0.82549,0,-0.01125,0.00474
0.1421,-0.37917,0.00180,-0.00974,0.00435,0.02105,-0.00552,0.28139,-0.00983,0.00005,0.00000,0.00000,-0.00983,0.00005,0.04379,0.82551,0,-0.01125,0.00474
0.1442,-0.37917,0.00180,-0.00970,0.00433,0.02133,-0.00560,0.28139,-0.00997,0.00005,0.00000,0.00000,-0.00997,0.00005,0.04374,0.82555,0,-0.01125,0.00474
0.1462,-0.37917,0.00180,-0.00965,0.00432,0.02161,-0.00567,0.28139,-0.01010,0.00005,0.00000,0.00000,-0.01010,0.00005,0.04374,0.82555,0,-0.01125,0.00474
0.1482,-0.37917,0.00180,-0.00961,0.00431,0.02189,-0.00574,0.28139,-0.01024,0.00005,0.00000,0.00000,-0.01024,0.00005,0.04370,0.82554,0,-0.01125,0.00474
0.1502,-0.37917,0.00180,-0.00957,0.00430,0.02217,-0.00581,0.28139,-0.01038,0.00005,0.00000,0.00000,-0.01038,0.00005,0.04371,0.82551,0,-0.01125,0.00474
0.1522,-0.37768,0.00048,-0.01245,0.00624,0.00450,0.00603,0.28095,-0.01052,0.00005,0.00000,0.00000,-0.01052,0.00005,0.04370,0.82551,0,-0.01251,0.00596
0.1542,-0.37768,0.00048,-0.01244,0.00625,0.00483,0.00592,0.28095,-0.01066,0.00005,0.00000,0.00000,-0.01066,0.00005,0.04370,0.82551,0,-0.01251,0.00596
0.1562,-0.37768,0.00048,-0.01243,0.00626,0.00516,0.00582,0.28095,-0.01080,0.00005,0.00000,0.00000,-0.01080,0.00005,0.04366,0.82551,0,-0.01251,0.00596
0.1582,-0.37768,0.00048,-0.01242,0.00627,0.00548,0.00571,0.28095,-0.01094,0.00005,0.00000,0.00000,-0.01094,0.00005,0.04363,0.82551,0,-0.01251,0.00596
0.1602,-0.37768,0.00048,-0.01241,0.00628,0.00581,0.00561,0.28095,-0.01108,0.00005,0.00000,0.00000,-0.01108,0.00005,0.04365,0.82553,0,-0.01251,0.00596
0.1622,-0.37768,0.00048,-0.01240,0.00629,0.00614,0.00550,0.28095,-0.01121,0.00005,0.00000,0.00000,-0.01121,0.00005,0.04361,0.82552,0,-0.01251,0.00596
0.1642,-0.37768,0.00048,-0.01239,0.00630,0.00646,0.00539,0.28095,-0.01135,0.00005,0.00000,0.00000,-0.01135,0.00005,0.04357,0.82551,0,-0.01251,0.00596
0.1662,-0.37768,0.00048,-0.01237,0.00631,0.00679,0.00529,0.28095,-0.01149,0.00005,0.00000,0.00000,-0.01149,0.00005,0.04355,0.82554,0,-0.01251,0.00596
0.1682,-0.37768,0.00048,-0.01236,0.00632,0.00711,0.00518,0.28095,-0.01163,0.00006,0.00000,0.00000,-0.01163,0.00006,0.04358,0.82554,0,-0.01251,0.00596
0.1702,-0.37768,0.00048,-0.01235,0.00633,0.00744,0.00507,0.28095,-0.01177,0.00006,0.00000,0.00000,-0.01177,0.00006,0.04352,0.82552,0,-0.01251,0.00596
0.1722,-0.37768,0.00048,-0.01233,0.00635,0.00776,0.00497,0.28095,-0.01191,0.00006,0.00000,0.00000,-0.01191,0.00006,0.04348,0.82550,0,-0.01251,0.00596
0.1742,-0.37768,0.00048,-0.01231,0.00635,0.00809,0.00486,0.28095,-0.01204,0.00006,0.00000,0.00000,-0.01204,0.00006,0.04347,0.82549,0,-0.01251,0.00596
0.1762,-0.37768,0.00048,-0.01230,0.00636,0.00841,0.00475,0.28095,-0.01218,0.00006,0.00000,0.00000,-0.01218,0.00006,0.04344,0.82548,0,-0.01251,0.00596
0.1782,-0.37768,0.00048,-0.01228,0.00637,0.00874,0.00465,0.28095,-0.01232,0.00006,0.00000,0.00000,-0.01232,0.00006,0.04344,0.82555,0,-0.01251,0.00596
0.1802,-0.37768,0.00048,-0.01226,0.00638,0.00906,0.00454,0.28095,-0.01246,0.00006,0.00000,0.00000,-0.01246,0.00006,0.04339,0.82554,0,-0.01251,0.00596
0.1822,-0.37768,0.00048,-0.01224,0.00639,0.00939,0.00443,0.28095,-0.01260,0.00006,0.00000,0.00000,-0.01260,0.00006,0.04338,0.82549,0,-0.01251,0.00596
0.1842,-0.37768,0.00048,-0.01223,0.00640,0.00971,0.00432,0.28095,-0.01274,0.00006,0.00000,0.00000,-0.01274,0.00006,0.04336,0.82554,0,-0.01251,0.00596
0.1862,-0.37768,0.00048,-0.01221,0.00641,0.01003,0.00421,0.28095,-0.01287,0.00006,0.00000,0.00000,-0.01287,0.00006,0.04331,0.82551,0,-0.01251,0.00596
0.1883,-0.37768,0.00048,-0.01218,0.00642,0.01035,0.00411,0.28095,-0.01301,0.00006,0.00000,0.00000,-0.01301,0.00006,0.04332,0.82552,0,-0.01251,0.00596
0.1903,-0.37768,0.00048,-0.01216,0.00643,0.01068,0.00400,0.28095,-0.01315,0.00006,0.00000,0.00000,-0.01315,0.00006,0.04332,0.82552,0,-0.01251,0.00596
0.1923,-0.37768,0.00048,-0.01214,0.00643,0.01100,0.00389,0.28095,-0.01329,0.00006,0.00000,0.00000,-0.01329,0.00006,0.04326,0.82557,0,-0.01251,0.00596
0.1943,-0.37768,0.00048,-0.01212,0.00644,0.01132,0.00378,0.28095,-0.01343,0.00006,0.00000,0.00000,-0.01343,0.00006,0.04322,0.82553,0,-0.01251,0.00596
0.1963,-0.37768,0.00048,-0.01210,0.00645,0.01164,0.00367,0.28095,-0.01357,0.00006,0.00000,0.00000,-0.01357,0.00006,0.04319,0.82552,0,-0.01251,0.00596
0.1983,-0.37768,0.00048,-0.01207,0.00646,0.01196,0.00356,0.28095,-0.01371,0.00007,0.00000,0.00000,-0.01371,0.00007,0.04319,0.82552,0,-0.01251,0.00596
0.2003,-0.37768,0.00048,-0.01205,0.00646,0.01228,0.00345,0.28095,-0.01385,0.00007,0.00000,0.00000,-0.01385,0.00007,0.04310,0.82551,0,-0.01251,0.00596
0.2023,-0.37671,-0.00078,-0.01285,0.00712,0.00824,0.00679,0.28143,-0.01399,0.00007,0.00000,0.00000,-0.01399,0.00007,0.04311,0.82553,0,-0.01334,0.00703
0.2043,-0.37671,-0.00078,-0.01283,0.00713,0.00857,0.00667,0.28143,-0.01412,0.00007,0.00000,0.00000,-0.01412,0.00007,0.04312,0.82554,0,-0.01334,0.00703
0.2063,-0.37671,-0.00078,-0.01282,0.00715,0.00890,0.00655,0.28143,-0.01426,0.00007,0.00000,0.00000,-0.01426,0.00007,0.04310,0.82551,0,-0.01334,0.00703
0.2083,-0.37671,-0.00078,-0.01280,0.00716,0.00924,0.00642,0.28143,-0.01440,0.00007,0.00000,0.00000,-0.01440,0.00007,0.04299,0.82551,0,-0.01334,0.00703
0.2103,-0.37671,-0.00078,-0.01278,0.00717,0.00957,0.00630,0.28143,-0.01454,0.00007,0.00000,0.00000,-0.01454,0.00007,0.04296,0.82552,0,-0.01334,0.00703
0.2124,-0.37671,-0.00078,-0.01276,0.00719,0.00990,0.00618,0.28143,-0.01468,0.00007,0.00000,0.00000,-0.01468,0.00007,0.04295,0.82553,0,-0.01334,0.00703
0.2144,-0.37671,-0.00078,-0.01274,0.00720,0.01023,0.00606,0.28143,-0.01482,0.00007,0.00000,0.00000,-0.01482,0.00007,0.04294,0.82553,0,-0.01334,0.00703
0.2164,-0.37671,-0.00078,-0.01272,0.00721,0.01057,0.00594,0.28143,-0.01496,0.00007,0.00000,0.00000,-0.01496,0.00007,0.04296,0.82557,0,-0.01334,0.00703
0.2184,-0.37671,-0.00078,-0.01270,0.00722,0.01090,0.00582,0.28143,-0.01510,0.00007,0.00000,0.00000,-0.01510,0.00007,0.04290,0.82555,0,-0.01334,0.00703
0.2204,-0.37671,-0.00078,-0.01268,0.00723,0.01123,0.00570,0.28143,-0.01523,0.00007,0.00000,0.00000,-0.01523,0.00007,0.04288,0.82555,0,-0.01334,0.00703
0.2224,-0.37671,-0.00078,-0.01265,0.00724,0.01156,0.00557,0.28143,-0.01537,0.00007,0.00000,0.00000,-0.01537,0.00007,0.04286,0.82556,0,-0.01334,0.00703
0.2244,-0.37671,-0.00078,-0.01263,0.00726,0.01189,0.00545,0.28143,-0.01551,0.00007,0.00000,0.00000,-0.01551,0.00007,0.04279,0.82553,0,-0.01334,0.00703
0.2264,-0.37671,-0.00078,-0.01260,0.00727,0.01222,0.00533,0.28143,-0.01565,0.00007,0.00000,0.00000,-0.01565,0.00007,0.04273,0.82553,0,-0.01334,0.00703
0.2284,-0.37671,-0.00078,-0.01258,0.00728,0.01255,0.00521,0.28143,-0.01579,0.00007,0.00000,0.00000,-0.01579,0.00007,0.04274,0.82554,0,-0.01334,0.00703
0.2304,-0.37671,-0.00078,-0.01255,0.00729,0.01288,0.00508,0.28143,-0.01593,0.00008,0.00000,0.00000,-0.01593,0.00008,0.04268,0.82553,0,-0.01334,0.00703
0.2324,-0.37671,-0.00078,-0.01253,0.00730,0.01321,0.00496,0.28143,-0.01607,0.00008,0.00000,0.00000,-0.01607,0.00008,0.04269,0.82552,0,-0.01334,0.00703
0.2344,-0.37671,-0.00078,-0.01250,0.00731,0.01353,0.00484,0.28143,-0.01620,0.00008,0.00000,0.00000,-0.01620,0.00008,0.04264,0.82554,0,-0.01334,0.00703
0.2364,-0.37671,-0.00078,-0.01247,0.00732,0.01386,0.00471,0.28143,-0.01634,0.00008,0.00000,0.00000,-0.01634,0.00008,0.04263,0.82558,0,-0.01334,0.00703
0.2384,-0.37671,-0.00078,-0.01245,0.00733,0.01419,0.00459,0.28143,-0.01648,0.00008,0.00000,0.00000,-0.01648,0.00008,0.04260,0.82559,0,-0.01334,0.00703
0.2405,-0.37671,-0.00078,-0.01242,0.00733,0.01452,0.00447,0.28143,-0.01662,0.00008,0.00000,0.00000,-0.01662,0.00008,0.04258,0.82551,0,-0.01334,0.00703
0.2425,-0.37671,-0.00078,-0.01239,0.00734,0.01484,0.00434,0.28143,-0.01676,0.00008,0.00000,0.00000,-0.01676,0.00008,0.04250,0.82555,0,-0.01334,0.00703
0.2445,-0.37671,-0.00078,-0.01236,0.00735,0.01517,0.00422,0.28143,-0.01690,0.00008,0.00000,0.00000,-0.01690,0.00008,0.04250,0.82556,0,-0.01334,0.00703
0.2465,-0.37671,-0.00078,-0.01233,0.00736,0.01549,0.00410,0.28143,-0.01704,0.00008,0.00000,0.00000,-0.01704,0.00008,0.04247,0.82555,0,-0.01334,0.00703
0.2485,-0.37671,-0.00078,-0.01230,0.00737,0.01582,0.00397,0.28143,-0.01717,0.00008,0.00000,0.00000,-0.01717,0.00008,0.04241,0.82556,0,-0.01334,0.00703
0.2505,-0.37671,-0.00078,-0.01226,0.00738,0.01614,0.00385,0.28143,-0.01731,0.00008,0.00000,0.00000,-0.01731,0.00008,0.04237,0.82552,0,-0.01334,0.00703
0.2525,-0.37671,-0.00078,-0.01223,0.00738,0.01646,0.00372,0.28143,-0.01745,0.00008,0.00000,0.00000,-0.01745,0.00008,0.04236,0.82556,0,-0.01334,0.00703
0.2545,-0.37671,-0.00078,-0.01220,0.00739,0.01679,0.00360,0.28143,-0.01759,0.00008,0.00000,0.00000,-0.01759,0.00008,0.04235,0.82557,0,-0.01334,0.00703
0.2565,-0.37671,-0.00078,-0.01216,0.00740,0.01711,0.00347,0.28143,-0.01773,0.00008,0.00000,0.00000,-0.01773,0.00008,0.04235,0.82557,0,-0.01334,0.00703
0.2585,-0.37671,-0.00078,-0.01213,0.00740,0.01743,0.00335,0.28143,-0.01787,0.00008,0.00000,0.00000,-0.01787,0.00008,0.04225,0.82554,0,-0.01334,0.00703
0.2605,-0.37671,-0.00078,-0.01209,0.00741,0.01775,0.00322,0.28143,-0.01801,0.00009,0.00000,0.00000,-0.01801,0.00009,0.04225,0.82558,0,-0.01334,0.00703
0.2625,-0.37671,-0.00078,-0.01206,0.00742,0.01807,0.00310,0.28143,-0.01814,0.00009,0.00000,0.00000,-0.01814,0.00009,0.04218,0.82558,0,-0.01334,0.00703
0.2645,-0.37671,-0.00078,-0.01202,0.00742,0.01839,0.00297,0.28143,-0.01828,0.00009,0.00000,0.00000,-0.01828,0.00009,0.04216,0.82558,0,-0.01334,0.00703
0.2665,-0.37628,-0.00142,-0.01218,0.00747,0.01786,0.00304,0.28320,-0.01842,0.00009,0.00000,0.00000,-0.01842,0.00009,0.04207,0.82556,0,-0.01288,0.00731
0.2685,-0.37628,-0.00142,-0.01214,0.00748,0.01818,0.00291,0.28320,-0.01856,0.00009,0.00000,0.00000,-0.01856,0.00009,0.04207,0.82556,0,-0.01288,0.00731
0.2705,-0.37628,-0.00142,-0.01210,0.00748,0.01850,0.00278,0.28320,-0.01870,0.00009,0.00000,0.00000,-0.01870,0.00009,0.04197,0.82556,0,-0.01288,0.00731
0.2725,-0.37628,-0.00142,-0.01207,0.00749,0.01882,0.00266,0.28320,-0.01884,0.00009,0.00000,0.00000,-0.01884,0.00009,0.04195,0.82555,0,-0.01288,0.00731
0.2745,-0.37628,-0.00142,-0.01203,0.00749,0.01914,0.00253,0.28320,-0.01897,0.00009,0.00000,0.00000,-0.01897,0.00009,0.04190,0.82555,0,-0.01288,0.00731
0.2765,-0.37628,-0.00142,-0.01199,0.00750,0.01946,0.00240,0.28320,-0.01911,0.00009,0.00000,0.00000,-0.01911,0.00009,0.04190,0.82558,0,-0.01288,0.00731
0.2785,-0.37628,-0.00142,-0.01195,0.00750,0.01978,0.00228,0.28320,-0.01925,0.00009,0.00000,0.00000,-0.01925,0.00009,0.04181,0.82557,0,-0.01288,0.00731
0.2805,-0.37628,-0.00142,-0.01191,0.00751,0.02010,0.00215,0.28320,-0.01939,0.00009,0.00000,0.00000,-0.01939,0.00009,0.04182,0.82558,0,-0.01288,0.00731
0.2825,-0.37628,-0.00142,-0.01187,0.00751,0.02041,0.00203,0.28320,-0.01953,0.00009,0.00000,0.00000,-0.01953,0.00009,0.04178,0.82555,0,-0.01288,0.00731
0.2845,-0.37628,-0.00142,-0.01183,0.00752,0.02073,0.00190,0.28320,-0.01967,0.00009,0.00000,0.00000,-0.01967,0.00009,0.04178,0.82560,0,-0.01288,0.00731
0.2865,-0.37628,-0.00142,-0.01179,0.00752,0.02105,0.00177,0.28320,-0.01980,0.00009,0.00000,0.00000,-0.01980,0.00009,0.04175,0.82557,0,-0.01288,0.00731
0.2885,-0.37628,-0.00142,-0.01175,0.00752,0.02136,0.00165,0.28320,-0.01994,0.00009,0.00000,0.00000,-0.01994,0.00009,0.04165,0.82556,0,-0.01288,0.00731
0.2905,-0.37628,-0.00142,-0.01170,0.00753,0.02167,0.00152,0.28320,-0.02008,0.00010,0.00000,0.00000,-0.02008,0.00010,0.04163,0.82560,0,-0.01288,0.00731
0.2925,-0.37628,-0.00142,-0.01166,0.00753,0.02199,0.00139,0.28320,-0.02022,0.00010,0.00000,0.00000,-0.02022,0.00010,0.04161,0.82556,0,-0.01288,0.00731
0.2945,-0.37628,-0.00142,-0.01161,0.00753,0.02230,0.00126,0.28320,-0.02036,0.00010,0.00000,0.00000,-0.02036,0.00010,0.04154,0.82554,0,-0.01288,0.00731
0.2965,-0.37628,-0.00142,-0.01157,0.00753,0.02261,0.00114,0.28320,-0.02050,0.00010,0.00000,0.00000,-0.02050,0.00010,0.04153,0.82556,0,-0.01288,0.00731
0.2985,-0.37628,-0.00142,-0.01152,0.00754,0.02292,0.00101,0.28320,-0.02063,0.00010,0.00000,0.00000,-0.02063,0.00010,0.04144,0.82557,0,-0.01288,0.00731
0.3005,-0.37628,-0.00142,-0.01148,0.00754,0.02323,0.00088,0.28320,-0.02077,0.00010,0.00000,0.00000,-0.02077,0.00010,0.04139,0.82556,0,-0.01288,0.00731
0.3025,-0.37628,-0.00142,-0.01143,0.00754,0.02354,0.00076,0.28320,-0.02091,0.00010,0.00000,0.00000,-0.02091,0.00010,0.04139,0.82554,0,-0.01288,0.00731
0.3045,-0.37628,-0.00142,-0.01138,0.00754,0.02385,0.00063,0.28320,-0.02105,0.00010,0.00000,0.00000,-0.02105,0.00010,0.04135,0.82556,0,-0.01288,0.00731
0.3065,-0.37628,-0.00142,-0.01134,0.00754,0.02416,0.00050,0.28320,-0.02119,0.00010,0.00000,0.00000,-0.02119,0.00010,0.04130,0.82557,0,-0.01288,0.00731
0.3085,-0.37628,-0.00142,-0.01129,0.00754,0.02447,0.00038,0.28320,-0.02133,0.00010,0.00000,0.00000,-0.02133,0.00010,0.04123,0.82558,0,-0.01288,0.00731
0.3106,-0.37628,-0.00142,-0.01124,0.00754,0.02478,0.00025,0.28320,-0.02147,0.00010,0.00000,0.00000,-0.02147,0.00010,0.04123,0.82556,0,-0.01288,0.00731
0.3126,-0.37628,-0.00142,-0.01119,0.00754,0.02508,0.00012,0.28320,-0.02161,0.00010,0.00000,0.00000,-0.02161,0.00010,0.04118,0.82556,0,-0.01288,0.00731
0.3146,-0.37628,-0.00142,-0.01114,0.00754,0.02539,-0.00001,0.28320,-0.02174,0.00010,0.00000,0.00000,-0.02174,0.00010,0.04114,0.82561,0,-0.01288,0.00731
0.3166,-0.37628,-0.00142,-0.01109,0.00754,0.02569,-0.00013,0.28320,-0.02188,0.00010,0.00000,0.00000,-0.02188,0.00010,0.04111,0.82556,0,-0.01288,0.00731
0.3186,-0.37628,-0.00142,-0.01103,0.00754,0.02599,-0.00026,0.28320,-0.02202,0.00010,0.00000,0.00000,-0.02202,0.00010,0.04106,0.82559,0,-0.01288,0.00731
0.3206,-0.37628,-0.00142,-0.01098,0.00754,0.02630,-0.00039,0.28320,-0.02216,0.00011,0.00000,0.00000,-0.02216,0.00011,0.04100,0.82559,0,-0.01288,0.00731
0.3226,-0.37628,-0.00142,-0.01093,0.00754,0.02660,-0.00051,0.28320,-0.02230,0.00011,0.00000,0.00000,-0.02230,0.00011,0.04092,0.82557,0,-0.01288,0.00731
0.3246,-0.37628,-0.00142,-0.01088,0.00754,0.02690,-0.00064,0.28320,-0.02244,0.00011,0.00000,0.00000,-0.02244,0.00011,0.04089,0.82559,0,-0.01288,0.00731
0.3266,-0.37628,-0.00142,-0.01082,0.00754,0.02720,-0.00077,0.28320,-0.02258,0.00011,0.00000,0.00000,-0.02258,0.00011,0.04086,0.82557,0,-0.01288,0.00731
0.3288,-0.37638,-0.00067,-0.01070,0.00745,0.02778,-0.00124,0.27809,-0.02273,0.00011,0.00000,0.00000,-0.02273,0.00011,0.04076,0.82554,0,-0.01164,0.00739
0.3309,-0.37638,-0.00067,-0.01064,0.00745,0.02809,-0.00137,0.27809,-0.02287,0.00011,0.00000,0.00000,-0.02287,0.00011,0.04074,0.82555,0,-0.01164,0.00739
0.3329,-0.37638,-0.00067,-0.01058,0.00744,0.02839,-0.00149,0.27809,-0.02301,0.00011,0.00000,0.00000,-0.02301,0.00011,0.04073,0.82557,0,-0.01164,0.00739
0.3349,-0.37638,-0.00067,-0.01053,0.00744,0.02868,-0.00162,0.27809,-0.02315,0.00011,0.00000,0.00000,-0.02315,0.00011,0.04065,0.82553,0,-0.01164,0.00739
0.3369,-0.37638,-0.00067,-0.01047,0.00744,0.02898,-0.00174,0.27809,-0.02329,0.00011,0.00000,0.00000,-0.02329,0.00011,0.04063,0.82556,0,-0.01164,0.00739
0.3389,-0.37638,-0.00067,-0.01041,0.00743,0.02927,-0.00187,0.27809,-0.02343,0.00011,0.00000,0.00000,-0.02343,0.00011,0.04060,0.82557,0,-0.01164,0.00739
0.3409,-0.37638,-0.00067,-0.01035,0.00743,0.02956,-0.00199,0.27809,-0.02357,0.00011,0.00000,0.00000,-0.02357,0.00011,0.04054,0.82560,0,-0.01164,0.00739
0.3429,-0.37638,-0.00067,-0.01029,0.00743,0.02985,-0.00212,0.27809,-0.02371,0.00011,0.00000,0.00000,-0.02371,0.00011,0.04051,0.82559,0,-0.01164,0.00739
0.3449,-0.37638,-0.00067,-0.01023,0.00742,0.03014,-0.00224,0.27809,-0.02385,0.00011,0.00000,0.00000,-0.02385,0.00011,0.04046,0.82554,0,-0.01164,0.00739
0.3470,-0.37638,-0.00067,-0.01017,0.00742,0.03043,-0.00237,0.27809,-0.02398,0.00011,0.00000,0.00000,-0.02398,0.00011,0.04042,0.82558,0,-0.01164,0.00739
0.3490,-0.37638,-0.00067,-0.01011,0.00741,0.03072,-0.00249,0.27809,-0.02412,0.00011,0.00000,0.00000,-0.02412,0.00011,0.04036,0.82560,0,-0.01164,0.00739
0.3510,-0.37638,-0.00067,-0.01005,0.00741,0.03101,-0.00262,0.27809,-0.02426,0.00012,0.00000,0.00000,-0.02426,0.00012,0.04033,0.82558,0,-0.01164,0.00739
0.3530,-0.37638,-0.00067,-0.00999,0.00740,0.03129,-0.00274,0.27809,-0.02440,0.00012,0.00000,0.00000,-0.02440,0.00012,0.04027,0.82555,0,-0.01164,0.00739
0.3550,-0.37638,-0.00067,-0.00992,0.00740,0.03158,-0.00287,0.27809,-0.02454,0.00012,0.00000,0.00000,-0.02454,0.00012,0.04019,0.82559,0,-0.01164,0.00739
0.3570,-0.37638,-0.00067,-0.00986,0.00739,0.03186,-0.00299,0.27809,-0.02468,0.00012,0.00000,0.00000,-0.02468,0.00012,0.04018,0.82553,0,-0.01164,0.00739
0.3590,-0.37638,-0.00067,-0.00980,0.00738,0.03214,-0.00312,0.27809,-0.02482,0.00012,0.00000,0.00000,-0.02482,0.00012,0.04008,0.82557,0,-0.01164,0.00739
0.3610,-0.37638,-0.00067,-0.00973,0.00738,0.03243,-0.00324,0.27809,-0.02496,0.00012,0.00000,0.00000,-0.02496,0.00012,0.04001,0.82558,0,-0.01164,0.00739
0.3630,-0.37638,-0.00067,-0.00967,0.00737,0.03271,-0.00337,0.27809,-0.02510,0.00012,0.00000,0.00000,-0.02510,0.00012,0.03999,0.82556,0,-0.01164,0.00739
0.3650,-0.37638,-0.00067,-0.00960,0.00736,0.03298,-0.00349,0.27809,-0.02523,0.00012,0.00000,0.00000,-0.02523,0.00012,0.03996,0.82559,0,-0.01164,0.00739
0.3670,-0.37638,-0.00067,-0.00953,0.00736,0.03326,-0.00361,0.27809,-0.02537,0.00012,0.00000,0.00000,-0.02537,0.00012,0.03993,0.82556,0,-0.01164,0.00739
0.3690,-0.37638,-0.00067,-0.00947,0.00735,0.03354,-0.00374,0.27809,-0.02551,0.00012,0.00000,0.00000,-0.02551,0.00012,0.03985,0.82558,0,-0.01164,0.00739
0.3710,-0.37638,-0.00067,-0.00940,0.00734,0.03381,-0.00386,0.27809,-0.02565,0.00012,0.00000,0.00000,-0.02565,0.00012,0.03980,0.82558,0,-0.01164,0.00739
0.3730,-0.37638,-0.00067,-0.00933,0.00733,0.03409,-0.00398,0.27809,-0.02579,0.00012,0.00000,0.00000,-0.02579,0.00012,0.03976,0.82557,0,-0.01164,0.00739
0.3750,-0.37638,-0.00067,-0.00926,0.00733,0.03436,-0.00411,0.27809,-0.02592,0.00012,0.00000,0.00000,-0.02592,0.00012,0.03969,0.82559,0,-0.01164,0.00739
0.3770,-0.37638,-0.00067,-0.00919,0.00732,0.03463,-0.00423,0.27809,-0.02606,0.00012,0.00000,0.00000,-0.02606,0.00012,0.03962,0.82555,0,-0.01164,0.00739
0.3790,-0.37638,-0.00067,-0.00913,0.00731,0.03491,-0.00435,0.27809,-0.02620,0.00012,0.00000,0.00000,-0.02620,0.00012,0.03958,0.82557,0,-0.01164,0.00739
0.3810,-0.37638,-0.00067,-0.00906,0.00730,0.03517,-0.00448,0.27809,-0.02634,0.00012,0.00000,0.00000,-0.02634,0.00012,0.03960,0.82559,0,-0.01164,0.00739
0.3831,-0.37638,-0.00067,-0.00898,0.00729,0.03544,-0.00460,0.27809,-0.02648,0.00013,0.00000,0.00000,-0.02648,0.00013,0.03946,0.82556,0,-0.01164,0.00739
0.3851,-0.37638,-0.00067,-0.00891,0.00728,0.03571,-0.00472,0.27809,-0.02662,0.00013,0.00000,0.00000,-0.02662,0.00013,0.03947,0.82556,0,-0.01164,0.00739
0.3871,-0.37638,-0.00067,-0.00884,0.00727,0.03598,-0.00484,0.27809,-0.02676,0.00013,0.00000,0.00000,-0.02676,0.00013,0.03941,0.82557,0,-0.01164,0.00739
0.3891,-0.37638,-0.00067,-0.00877,0.00726,0.03624,-0.00497,0.27809,-0.02690,0.00013,0.00000,0.00000,-0.02690,0.00013,0.03935,0.82558,0,-0.01164,0.00739
0.3911,-0.37638,-0.00067,-0.00870,0.00725,0.03651,-0.00509,0.27809,-0.02704,0.00013,0.00000,0.00000,-0.02704,0.00013,0.03930,0.82552,0,-0.01164,0.00739
0.3931,-0.37638,-0.00067,-0.00862,0.00724,0.03677,-0.00521,0.27809,-0.02717,0.00013,0.00000,0.00000,-0.02717,0.00013,0.03924,0.82558,0,-0.01164,0.00739
0.3951,-0.37638,-0.00067,-0.00855,0.00723,0.03703,-0.00533,0.27809,-0.02731,0.00013,0.00000,0.00000,-0.02731,0.00013,0.03918,0.82557,0,-0.01164,0.00739
0.3971,-0.37748,-0.00064,-0.00826,0.00716,0.03806,-0.00567,0.27880,-0.02745,0.00013,0.00000,0.00000,-0.02745,0.00013,0.03911,0.82559,0,-0.00950,0.00729
0.3991,-0.37748,-0.00064,-0.00818,0.00715,0.03831,-0.00579,0.27880,-0.02759,0.00013,0.00000,0.00000,-0.02759,0.00013,0.03909,0.82555,0,-0.00950,0.00729
0.4011,-0.37748,-0.00064,-0.00811,0.00714,0.03857,-0.00591,0.27880,-0.02773,0.00013,0.00000,0.00000,-0.02773,0.00013,0.03900,0.82557,0,-0.00950,0.00729
0.4031,-0.37748,-0.00064,-0.00803,0.00712,0.03882,-0.00603,0.27880,-0.02787,0.00013,0.00000,0.00000,-0.02787,0.00013,0.03895,0.82558,0,-0.00950,0.00729
0.4051,-0.37748,-0.00064,-0.00795,0.00711,0.03907,-0.00615,0.27880,-0.02800,0.00013,0.00000,0.00000,-0.02800,0.00013,0.03889,0.82553,0,-0.00950,0.00729
0.4071,-0.37748,-0.00064,-0.00787,0.00710,0.03932,-0.00627,0.27880,-0.02814,0.00013,0.00000,0.00000,-0.02814,0.00013,0.03886,0.82555,0,-0.00950,0.00729
0.4091,-0.37748,-0.00064,-0.00779,0.00709,0.03957,-0.00639,0.27880,-0.02828,0.00013,0.00000,0.00000,-0.02828,0.00013,0.03878,0.82556,0,-0.00950,0.00729
0.4111,-0.37748,-0.00064,-0.00771,0.00707,0.03982,-0.00651,0.27880,-0.02842,0.00013,0.00000,0.00000,-0.02842,0.00013,0.03877,0.82555,0,-0.00950,0.00729
0.4131,-0.37748,-0.00064,-0.00763,0.00706,0.04006,-0.00663,0.27880,-0.02856,0.00014,0.00000,0.00000,-0.02856,0.00014,0.03868,0.82555,0,-0.00950,0.00729
0.4151,-0.37748,-0.00064,-0.00755,0.00705,0.04031,-0.00675,0.27880,-0.02870,0.00014,0.00000,0.00000,-0.02870,0.00014,0.03860,0.82556,0,-0.00950,0.00729
0.4171,-0.37748,-0.00064,-0.00747,0.00703,0.04055,-0.00687,0.27880,-0.02884,0.00014,0.00000,0.00000,-0.02884,0.00014,0.03857,0.82552,0,-0.00950,0.00729
0.4191,-0.37748,-0.00064,-0.00739,0.00702,0.04079,-0.00698,0.27880,-0.02897,0.00014,0.00000,0.00000,-0.02897,0.00014,0.03851,0.82556,0,-0.00950,0.00729
0.4211,-0.37748,-0.00064,-0.00731,0.00701,0.04103,-0.00710,0.27880,-0.02911,0.00014,0.00000,0.00000,-0.02911,0.00014,0.03846,0.82552,0,-0.00950,0.00729
0.4231,-0.37748,-0.00064,-0.00723,0.00699,0.04127,-0.00722,0.27880,-0.02925,0.00014,0.00000,0.00000,-0.02925,0.00014,0.03838,0.82557,0,-0.00950,0.00729
0.4251,-0.37748,-0.00064,-0.00714,0.00698,0.04151,-0.00734,0.27880,-0.02939,0.00014,0.00000,0.00000,-0.02939,0.00014,0.03836,0.82560,0,-0.00950,0.00729
0.4271,-0.37748,-0.00064,-0.00706,0.00696,0.04175,-0.00746,0.27880,-0.02953,0.00014,0.00000,0.00000,-0.02953,0.00014,0.03830,0.82556,0,-0.00950,0.00729
0.4292,-0.37748,-0.00064,-0.00698,0.00695,0.04198,-0.00757,0.27880,-0.02967,0.00014,0.00000,0.00000,-0.02967,0.00014,0.03825,0.82556,0,-0.00950,0.00729
0.4312,-0.37748,-0.00064,-0.00689,0.00693,0.04222,-0.00769,0.27880,-0.02980,0.00014,0.00000,0.00000,-0.02980,0.00014,0.03814,0.82556,0,-0.00950,0.00729
0.4332,-0.37748,-0.00064,-0.00681,0.00692,0.04245,-0.00781,0.27880,-0.02994,0.00014,0.00000,0.00000,-0.02994,0.00014,0.03813,0.82554,0,-0.00950,0.00729
0.4352,-0.37748,-0.00064,-0.00672,0.00690,0.04268,-0.00792,0.27880,-0.03008,0.00014,0.00000,0.00000,-0.03008,0.00014,0.03801,0.82553,0,-0.00950,0.00729
0.4372,-0.37748,-0.00064,-0.00664,0.00688,0.04291,-0.00804,0.27880,-0.03022,0.00014,0.00000,0.00000,-0.03022,0.00014,0.03800,0.82552,0,-0.00950,0.00729
0.4392,-0.37748,-0.00064,-0.00655,0.00687,0.04314,-0.00815,0.27880,-0.03036,0.00014,0.00000,0.00000,-0.03036,0.00014,0.03789,0.82555,0,-0.00950,0.00729
0.4412,-0.37748,-0.00064,-0.00646,0.00685,0.04336,-0.00827,0.27880,-0.03050,0.00014,0.00000,0.00000,-0.03050,0.00014,0.03787,0.82554,0,-0.00950,0.00729
0.4432,-0.37748,-0.00064,-0.00638,0.00684,0.04359,-0.00838,0.27880,-0.03063,0.00015,0.00000,0.00000,-0.03063,0.00015,0.03779,0.82552,0,-0.00950,0.00729
0.4452,-0.37748,-0.00064,-0.00629,0.00682,0.04381,-0.00850,0.27880,-0.03077,0.00015,0.00000,0.00000,-0.03077,0.00015,0.03779,0.82554,0,-0.00950,0.00729
0.4472,-0.37748,-0.00064,-0.00620,0.00680,0.04403,-0.00861,0.27880,-0.03091,0.00015,0.00000,0.00000,-0.03091,0.00015,0.03772,0.82553,0,-0.00950,0.00729
0.4492,-0.37748,-0.00064,-0.00611,0.00678,0.04425,-0.00873,0.27880,-0.03105,0.00015,0.00000,0.00000,-0.03105,0.00015,0.03761,0.82550,0,-0.00950,0.00729
0.4512,-0.37748,-0.00064,-0.00603,0.00677,0.04447,-0.00884,0.27880,-0.03119,0.00015,0.00000,0.00000,-0.03119,0.00015,0.03750,0.82553,0,-0.00950,0.00729
0.4532,-0.37748,-0.00064,-0.00594,0.00675,0.04469,-0.00896,0.27880,-0.03133,0.00015,0.00000,0.00000,-0.03133,0.00015,0.03746,0.82553,0,-0.00950,0.00729
0.4552,-0.37748,-0.00064,-0.00585,0.00673,0.04490,-0.00907,0.27880,-0.03146,0.00015,0.00000,0.00000,-0.03146,0.00015,0.03745,0.82553,0,-0.00950,0.00729
0.4572,-0.37748,-0.00064,-0.00576,0.00671,0.04512,-0.00918,0.27880,-0.03160,0.00015,0.00000,0.00000,-0.03160,0.00015,0.03737,0.82555,0,-0.00950,0.00729
0.4592,-0.37748,-0.00064,-0.00567,0.00669,0.04533,-0.00929,0.27880,-0.03174,0.00015,0.00000,0.00000,-0.03174,0.00015,0.03727,0.82555,0,-0.00950,0.00729
0.4612,-0.37748,-0.00064,-0.00558,0.00668,0.04554,-0.00941,0.27880,-0.03188,0.00015,0.00000,0.00000,-0.03188,0.00015,0.03723,0.82551,0,-0.00950,0.00729
0.4632,-0.37748,-0.00064,-0.00548,0.00666,0.04575,-0.00952,0.27880,-0.03202,0.00015,0.00000,0.00000,-0.03202,0.00015,0.03716,0.82552,0,-0.00950,0.00729
0.4652,-0.37748,-0.00064,-0.00539,0.00664,0.04596,-0.00963,0.27880,-0.03216,0.00015,0.00000,0.00000,-0.03216,0.00015,0.03711,0.82549,0,-0.00950,0.00729
0.4672,-0.37982,-0.00017,-0.00549,0.00655,0.04555,-0.00996,0.27818,-0.03230,0.00015,0.00000,0.00000,-0.03230,0.00015,0.03702,0.82553,0,-0.00747,0.00686
0.4692,-0.37982,-0.00017,-0.00539,0.00653,0.04576,-0.01007,0.27818,-0.03243,0.00015,0.00000,0.00000,-0.03243,0.00015,0.03696,0.82549,0,-0.00747,0.00686
0.4712,-0.37982,-0.00017,-0.00530,0.00651,0.04597,-0.01018,0.27818,-0.03257,0.00015,0.00000,0.00000,-0.03257,0.00015,0.03690,0.82552,0,-0.00747,0.00686
0.4732,-0.37982,-0.00017,-0.00521,0.00649,0.04617,-0.01029,0.27818,-0.03271,0.00016,0.00000,0.00000,-0.03271,0.00016,0.03684,0.82549,0,-0.00747,0.00686
0.4752,-0.37982,-0.00017,-0.00512,0.00647,0.04638,-0.01040,0.27818,-0.03285,0.00016,0.00000,0.00000,-0.03285,0.00016,0.03675,0.82550,0,-0.00747,0.00686
0.4772,-0.37982,-0.00017,-0.00503,0.00645,0.04658,-0.01050,0.27818,-0.03299,0.00016,0.00000,0.00000,-0.03299,0.00016,0.03672,0.82551,0,-0.00747,0.00686
0.4792,-0.37982,-0.00017,-0.00493,0.00643,0.04678,-0.01061,0.27818,-0.03313,0.00016,0.00000,0.00000,-0.03313,0.00016,0.03666,0.82550,0,-0.00747,0.00686
0.4812,-0.37982,-0.00017,-0.00484,0.00641,0.04698,-0.01072,0.27818,-0.03326,0.00016,0.00000,0.00000,-0.03326,0.00016,0.03657,0.82554,0,-0.00747,0.00686
0.4832,-0.37982,-0.00017,-0.00474,0.00639,0.04717,-0.01083,0.27818,-0.03340,0.00016,0.00000,0.00000,-0.03340,0.00016,0.03657,0.82551,0,-0.00747,0.00686
0.4852,-0.37982,-0.00017,-0.00465,0.00637,0.04737,-0.01094,0.27818,-0.03354,0.00016,0.00000,0.00000,-0.03354,0.00016,0.03650,0.82554,0,-0.00747,0.00686
0.4872,-0.37982,-0.00017,-0.00455,0.00634,0.04756,-0.01104,0.27818,-0.03368,0.00016,0.00000,0.00000,-0.03368,0.00016,0.03634,0.82556,0,-0.00747,0.00686
0.4892,-0.37982,-0.00017,-0.00446,0.00632,0.04776,-0.01115,0.27818,-0.03382,0.00016,0.00000,0.00000,-0.03382,0.00016,0.03635,0.82557,0,-0.00747,0.00686
0.4912,-0.37982,-0.00017,-0.00436,0.00630,0.04795,-0.01125,0.27818,-0.03396,0.00016,0.00000,0.00000,-0.03396,0.00016,0.03626,0.82550,0,-0.00747,0.00686
0.4932,-0.37982,-0.00017,-0.00427,0.00628,0.04814,-0.01136,0.27818,-0.03409,0.00016,0.00000,0.00000,-0.03409,0.00016,0.03620,0.82550,0,-0.00747,0.00686
0.4952,-0.37982,-0.00017,-0.00417,0.00625,0.04833,-0.01147,0.27818,-0.03423,0.00016,0.00000,0.00000,-0.03423,0.00016,0.03610,0.82554,0,-0.00747,0.00686
0.4972,-0.37982,-0.00017,-0.00407,0.00623,0.04851,-0.01157,0.27818,-0.03437,0.00016,0.00000,0.00000,-0.03437,0.00016,0.03601,0.82553,0,-0.00747,0.00686
0.4992,-0.37982,-0.00017,-0.00398,0.00621,0.04870,-0.01168,0.27818,-0.03451,0.00016,0.00000,0.00000,-0.03451,0.00016,0.03596,0.82549,0,-0.00747,0.00686
0.5012,-0.37982,-0.00017,-0.00388,0.00618,0.04888,-0.01178,0.27818,-0.03465,0.00016,0.00000,0.00000,-0.03465,0.00016,0.03589,0.82552,0,-0.00747,0.00686
0.5032,-0.37982,-0.00017,-0.00378,0.00616,0.04906,-0.01188,0.27818,-0.03479,0.00017,0.00000,0.00000,-0.03479,0.00017,0.03584,0.82554,0,-0.00747,0.00686
0.5052,-0.37982,-0.00017,-0.00368,0.00614,0.04924,-0.01199,0.27818,-0.03492,0.00017,0.00000,0.00000,-0.03492,0.00017,0.03579,0.82553,0,-0.00747,0.00686
0.5072,-0.37982,-0.00017,-0.00358,0.00611,0.04942,-0.01209,0.27818,-0.03506,0.00017,0.00000,0.00000,-0.03506,0.00017,0.03570,0.82553,0,-0.00747,0.00686
0.5092,-0.37982,-0.00017,-0.00349,0.00609,0.04959,-0.01219,0.27818,-0.03520,0.00017,0.00000,0.00000,-0.03520,0.00017,0.03560,0.82555,0,-0.00747,0.00686
0.5112,-0.37982,-0.00017,-0.00339,0.00606,0.04977,-0.01229,0.27818,-0.03534,0.00017,0.00000,0.00000,-0.03534,0.00017,0.03551,0.82550,0,-0.00747,0.00686
0.5132,-0.37982,-0.00017,-0.00329,0.00604,0.04994,-0.01240,0.27818,-0.03548,0.00017,0.00000,0.00000,-0.03548,0.00017,0.03552,0.82554,0,-0.00747,0.00686
0.5152,-0.37982,-0.00017,-0.00319,0.00601,0.05011,-0.01250,0.27818,-0.03562,0.00017,0.00000,0.00000,-0.03562,0.00017,0.03542,0.82554,0,-0.00747,0.00686
0.5172,-0.37982,-0.00017,-0.00309,0.00599,0.05028,-0.01260,0.27818,-0.03575,0.00017,0.00000,0.00000,-0.03575,0.00017,0.03535,0.82555,0,-0.00747,0.00686
0.5192,-0.37982,-0.00017,-0.00299,0.00596,0.05045,-0.01270,0.27818,-0.03589,0.00017,0.00000,0.00000,-0.03589,0.00017,0.03527,0.82555,0,-0.00747,0.00686
0.5212,-0.37982,-0.00017,-0.00288,0.00594,0.05062,-0.01280,0.27818,-0.03603,0.00017,0.00000,0.00000,-0.03603,0.00017,0.03523,0.82554,0,-0.00747,0.00686
0.5232,-0.37982,-0.00017,-0.00278,0.00591,0.05078,-0.01290,0.27818,-0.03617,0.00017,0.00000,0.00000,-0.03617,0.00017,0.03511,0.82556,0,-0.00747,0.00686
0.5252,-0.37982,-0.00017,-0.00268,0.00589,0.05094,-0.01300,0.27818,-0.03631,0.00017,0.00000,0.00000,-0.03631,0.00017,0.03507,0.82554,0,-0.00747,0.00686
0.5272,-0.37982,-0.00017,-0.00258,0.00586,0.05110,-0.01310,0.27818,-0.03645,0.00017,0.00000,0.00000,-0.03645,0.00017,0.03496,0.82554,0,-0.00747,0.00686
0.5292,-0.37982,-0.00017,-0.00248,0.00583,0.05126,-0.01319,0.27818,-0.03658,0.00017,0.00000,0.00000,-0.03658,0.00017,0.03489,0.82554,0,-0.00747,0.00686
0.5315,-0.38144,0.00075,-0.00223,0.00565,0.05189,-0.01380,0.28245,-0.03674,0.00017,0.00000,0.00000,-0.03674,0.00017,0.03486,0.82555,0,-0.00410,0.00602
0.5335,-0.38144,0.00075,-0.00213,0.00563,0.05205,-0.01390,0.28245,-0.03688,0.00017,0.00000,0.00000,-0.03688,0.00017,0.03476,0.82557,0,-0.00410,0.00602
0.5355,-0.38144,0.00075,-0.00203,0.00560,0.05221,-0.01399,0.28245,-0.03702,0.00018,0.00000,0.00000,-0.03702,0.00018,0.03471,0.82552,0,-0.00410,0.00602
0.5375,-0.38144,0.00075,-0.00192,0.00557,0.05236,-0.01408,0.28245,-0.03715,0.00018,0.00000,0.00000,-0.03715,0.00018,0.03461,0.82556,0,-0.00410,0.00602
0.5395,-0.38144,0.00075,-0.00182,0.00554,0.05250,-0.01418,0.28245,-0.03729,0.00018,0.00000,0.00000,-0.03729,0.00018,0.03454,0.82557,0,-0.00410,0.00602
0.5415,-0.38144,0.00075,-0.00171,0.00551,0.05265,-0.01427,0.28245,-0.03743,0.00018,0.00000,0.00000,-0.03743,0.00018,0.03447,0.82557,0,-0.00410,0.00602
0.5435,-0.38144,0.00075,-0.00161,0.00549,0.05280,-0.01436,0.28245,-0.03757,0.00018,0.00000,0.00000,-0.03757,0.00018,0.03444,0.82558,0,-0.00410,0.00602
0.5455,-0.38144,0.00075,-0.00150,0.00546,0.05294,-0.01445,0.28245,-0.03771,0.00018,0.00000,0.00000,-0.03771,0.00018,0.03436,0.82554,0,-0.00410,0.00602
0.5475,-0.38144,0.00075,-0.00139,0.00543,0.05308,-0.01455,0.28245,-0.03785,0.00018,0.00000,0.00000,-0.03785,0.00018,0.03426,0.82559,0,-0.00410,0.00602
0.5495,-0.38144,0.00075,-0.00129,0.00540,0.05322,-0.01464,0.28245,-0.03798,0.00018,0.00000,0.00000,-0.03798,0.00018,0.03418,0.82557,0,-0.00410,0.00602
0.5515,-0.38144,0.00075,-0.00118,0.00537,0.05336,-0.01473,0.28245,-0.03812,0.00018,0.00000,0.00000,-0.03812,0.00018,0.03413,0.82555,0,-0.00410,0.00602
0.5535,-0.38144,0.00075,-0.00107,0.00534,0.05349,-0.01482,0.28245,-0.03826,0.00018,0.00000,0.00000,-0.03826,0.00018,0.03403,0.82556,0,-0.00410,0.00602
0.5555,-0.38144,0.00075,-0.00097,0.00531,0.05363,-0.01491,0.28245,-0.03840,0.00018,0.00000,0.00000,-0.03840,0.00018,0.03392,0.82555,0,-0.00410,0.00602
0.5575,-0.38144,0.00075,-0.00086,0.00528,0.05376,-0.01500,0.28245,-0.03854,0.00018,0.00000,0.00000,-0.03854,0.00018,0.03390,0.82559,0,-0.00410,0.00602
0.5595,-0.38144,0.00075,-0.00075,0.00525,0.05389,-0.01508,0.28245,-0.03868,0.00018,0.00000,0.00000,-0.03868,0.00018,0.03382,0.82558,0,-0.00410,0.00602
0.5615,-0.38144,0.00075,-0.00064,0.00522,0.05402,-0.01517,0.28245,-0.03881,0.00018,0.00000,0.00000,-0.03881,0.00018,0.03376,0.82558,0,-0.00410,0.00602
0.5635,-0.38144,0.00075,-0.00054,0.00519,0.05414,-0.01526,0.28245,-0.03895,0.00018,0.00000,0.00000,-0.03895,0.00018,0.03371,0.82558,0,-0.00410,0.00602
0.5655,-0.38144,0.00075,-0.00043,0.00516,0.05427,-0.01535,0.28245,-0.03909,0.00019,0.00000,0.00000,-0.03909,0.00019,0.03359,0.82557,0,-0.00410,0.00602
0.5675,-0.38144,0.00075,-0.00032,0.00513,0.05439,-0.01543,0.28245,-0.03923,0.00019,0.00000,0.00000,-0.03923,0.00019,0.03354,0.82558,0,-0.00410,0.00602
0.5695,-0.38144,0.00075,-0.00021,0.00510,0.05451,-0.01552,0.28245,-0.03937,0.00019,0.00000,0.00000,-0.03937,0.00019,0.03344,0.82557,0,-0.00410,0.00602
0.5715,-0.38144,0.00075,-0.00010,0.00507,0.05463,-0.01560,0.28245,-0.03951,0.00019,0.00000,0.00000,-0.03951,0.00019,0.03339,0.82559,0,-0.00410,0.00602
0.5735,-0.38144,0.00075,0.00001,0.00503,0.05475,-0.01569,0.28245,-0.03964,0.00019,0.00000,0.00000,-0.03964,0.00019,0.03331,0.82558,0,-0.00410,0.00602
0.5755,-0.38144,0.00075,0.00012,0.00500,0.05487,-0.01577,0.28245,-0.03978,0.00019,0.00000,0.00000,-0.03978,0.00019,0.03320,0.82558,0,-0.00410,0.00602
0.5775,-0.38144,0.00075,0.00023,0.00497,0.05498,-0.01586,0.28245,-0.03992,0.00019,0.00000,0.00000,-0.03992,0.00019,0.03314,0.82558,0,-0.00410,0.00602
0.5795,-0.38144,0.00075,0.00034,0.00494,0.05509,-0.01594,0.28245,-0.04006,0.00019,0.00000,0.00000,-0.04006,0.00019,0.03305,0.82558,0,-0.00410,0.00602
0.5815,-0.38144,0.00075,0.00045,0.00491,0.05520,-0.01602,0.28245,-0.04020,0.00019,0.00000,0.00000,-0.04020,0.00019,0.03298,0.82560,0,-0.00410,0.00602
0.5835,-0.38144,0.00075,0.00056,0.00488,0.05531,-0.01611,0.28245,-0.04034,0.00019,0.00000,0.00000,-0.04034,0.00019,0.03287,0.82558,0,-0.00410,0.00602
0.5855,-0.38144,0.00075,0.00067,0.00484,0.05542,-0.01619,0.28245,-0.04048,0.00019,0.00000,0.00000,-0.04048,0.00019,0.03279,0.82560,0,-0.00410,0.00602
0.5875,-0.38144,0.00075,0.00078,0.00481,0.05552,-0.01627,0.28245,-0.04061,0.00019,0.00000,0.00000,-0.04061,0.00019,0.03271,0.82559,0,-0.00410,0.00602
0.5895,-0.38144,0.00075,0.00089,0.00478,0.05563,-0.01635,0.28245,-0.04075,0.00019,0.00000,0.00000,-0.04075,0.00019,0.03260,0.82556,0,-0.00410,0.00602
0.5915,-0.38144,0.00075,0.00100,0.00475,0.05573,-0.01643,0.28245,-0.04089,0.00019,0.00000,0.00000,-0.04089,0.00019,0.03255,0.82562,0,-0.00410,0.00602
0.5935,-0.38144,0.00075,0.00111,0.00471,0.05583,-0.01651,0.28245,-0.04103,0.00019,0.00000,0.00000,-0.04103,0.00019,0.03246,0.82560,0,-0.00410,0.00602
0.5955,-0.38144,0.00075,0.00123,0.00468,0.05592,-0.01659,0.28245,-0.04117,0.00020,0.00000,0.00000,-0.04117,0.00020,0.03239,0.82556,0,-0.00410,0.00602
0.5975,-0.38202,0.00209,0.00134,0.00456,0.05603,-0.01697,0.28077,-0.04131,0.00020,0.00000,0.00000,-0.04131,0.00020,0.03231,0.82559,0,-0.00085,0.00511
0.5995,-0.38202,0.00209,0.00146,0.00452,0.05613,-0.01704,0.28077,-0.04144,0.00020,0.00000,0.00000,-0.04144,0.00020,0.03226,0.82562,0,-0.00085,0.00511
0.6016,-0.38202,0.00209,0.00157,0.00449,0.05622,-0.01712,0.28077,-0.04158,0.00020,0.00000,0.00000,-0.04158,0.00020,0.03218,0.82558,0,-0.00085,0.00511
0.6036,-0.38202,0.00209,0.00168,0.00445,0.05631,-0.01719,0.28077,-0.04172,0.00020,0.00000,0.00000,-0.04172,0.00020,0.03211,0.82563,0,-0.00085,0.00511
0.6056,-0.38202,0.00209,0.00179,0.00442,0.05640,-0.01727,0.28077,-0.04186,0.00020,0.00000,0.00000,-0.04186,0.00020,0.03198,0.82562,0,-0.00085,0.00511
0.6076,-0.38202,0.00209,0.00191,0.00439,0.05648,-0.01734,0.28077,-0.04200,0.00020,0.00000,0.00000,-0.04200,0.00020,0.03185,0.82560,0,-0.00085,0.00511
0.6096,-0.38202,0.00209,0.00202,0.00435,0.05657,-0.01741,0.28077,-0.04214,0.00020,0.00000,0.00000,-0.04214,0.00020,0.03183,0.82560,0,-0.00085,0.00511
0.6116,-0.38202,0.00209,0.00213,0.00432,0.05665,-0.01749,0.28077,-0.04228,0.00020,0.00000,0.00000,-0.04228,0.00020,0.03179,0.82558,0,-0.00085,0.00511
0.6136,-0.38202,0.00209,0.00225,0.00428,0.05673,-0.01756,0.28077,-0.04241,0.00020,0.00000,0.00000,-0.04241,0.00020,0.03167,0.82563,0,-0.00085,0.00511
0.6156,-0.38202,0.00209,0.00236,0.00425,0.05681,-0.01763,0.28077,-0.04255,0.00020,0.00000,0.00000,-0.04255,0.00020,0.03153,0.82559,0,-0.00085,0.00511
0.6176,-0.38202,0.00209,0.00247,0.00421,0.05688,-0.01770,0.28077,-0.04269,0.00020,0.00000,0.00000,-0.04269,0.00020,0.03145,0.82562,0,-0.00085,0.00511
0.6196,-0.38202,0.00209,0.00259,0.00417,0.05696,-0.01777,0.28077,-0.04283,0.00020,0.00000,0.00000,-0.04283,0.00020,0.03139,0.82559,0,-0.00085,0.00511
0.6216,-0.38202,0.00209,0.00270,0.00414,0.05703,-0.01784,0.28077,-0.04297,0.00020,0.00000,0.00000,-0.04297,0.00020,0.03128,0.82563,0,-0.00085,0.00511
0.6236,-0.38202,0.00209,0.00281,0.00410,0.05710,-0.01791,0.28077,-0.04311,0.00020,0.00000,0.00000,-0.04311,0.00020,0.03121,0.82563,0,-0.00085,0.00511
0.6256,-0.38202,0.00209,0.00293,0.00407,0.05717,-0.01798,0.28077,-0.04324,0.00021,0.00000,0.00000,-0.04324,0.00021,0.03114,0.82562,0,-0.00085,0.00511
0.6276,-0.38202,0.00209,0.00304,0.00403,0.05724,-0.01805,0.28077,-0.04338,0.00021,0.00000,0.00000,-0.04338,0.00021,0.03107,0.82561,0,-0.00085,0.00511
0.6296,-0.38202,0.00209,0.00316,0.00399,0.05730,-0.01812,0.28077,-0.04352,0.00021,0.00000,0.00000,-0.04352,0.00021,0.03096,0.82561,0,-0.00085,0.00511
0.6316,-0.38202,0.00209,0.00327,0.00396,0.05736,-0.01818,0.28077,-0.04366,0.00021,0.00000,0.00000,-0.04366,0.00021,0.03089,0.82562,0,-0.00085,0.00511
0.6336,-0.38202,0.00209,0.00339,0.00392,0.05742,-0.01825,0.28077,-0.04380,0.00021,0.00000,0.00000,-0.04380,0.00021,0.03078,0.82559,0,-0.00085,0.00511
0.6356,-0.38202,0.00209,0.00350,0.00389,0.05748,-0.01831,0.28077,-0.04394,0.00021,0.00000,0.00000,-0.04394,0.00021,0.03069,0.82558,0,-0.00085,0.00511
0.6376,-0.38202,0.00209,0.00362,0.00385,0.05754,-0.01838,0.28077,-0.04407,0.00021,0.00000,0.00000,-0.04407,0.00021,0.03059,0.82561,0,-0.00085,0.00511
0.6396,-0.38202,0.00209,0.00373,0.00381,0.05760,-0.01844,0.28077,-0.04421,0.00021,0.00000,0.00000,-0.04421,0.00021,0.03057,0.82559,0,-0.00085,0.00511
0.6416,-0.38202,0.00209,0.00385,0.00378,0.05765,-0.01851,0.28077,-0.04435,0.00021,0.00000,0.00000,-0.04435,0.00021,0.03044,0.82558,0,-0.00085,0.00511
0.6436,-0.38202,0.00209,0.00396,0.00374,0.05770,-0.01857,0.28077,-0.04449,0.00021,0.00000,0.00000,-0.04449,0.00021,0.03041,0.82559,0,-0.00085,0.00511
0.6456,-0.38202,0.00209,0.00408,0.00370,0.05775,-0.01863,0.28077,-0.04463,0.00021,0.00000,0.00000,-0.04463,0.00021,0.03026,0.82560,0,-0.00085,0.00511
0.6476,-0.38202,0.00209,0.00419,0.00366,0.05780,-0.01869,0.28077,-0.04477,0.00021,0.00000,0.00000,-0.04477,0.00021,0.03021,0.82562,0,-0.00085,0.00511
0.6496,-0.38202,0.00209,0.00431,0.00363,0.05784,-0.01876,0.28077,-0.04490,0.00021,0.00000,0.00000,-0.04490,0.00021,0.03006,0.82559,0,-0.00085,0.00511
0.6516,-0.38202,0.00209,0.00443,0.00359,0.05789,-0.01882,0.28077,-0.04504,0.00021,0.00000,0.00000,-0.04504,0.00021,0.03003,0.82559,0,-0.00085,0.00511
0.6536,-0.38202,0.00209,0.00454,0.00355,0.05793,-0.01888,0.28077,-0.04518,0.00021,0.00000,0.00000,-0.04518,0.00021,0.02993,0.82560,0,-0.00085,0.00511
0.6556,-0.38202,0.00209,0.00466,0.00351,0.05797,-0.01894,0.28077,-0.04532,0.00022,0.00000,0.00000,-0.04532,0.00022,0.02981,0.82559,0,-0.00085,0.00511
0.6576,-0.38202,0.00209,0.00477,0.00348,0.05800,-0.01899,0.28077,-0.04546,0.00022,0.00000,0.00000,-0.04546,0.00022,0.02971,0.82561,0,-0.00085,0.00511
0.6596,-0.38202,0.00209,0.00489,0.00344,0.05804,-0.01905,0.28077,-0.04560,0.00022,0.00000,0.00000,-0.04560,0.00022,0.02968,0.82562,0,-0.00085,0.00511
0.6616,-0.38202,0.00209,0.00501,0.00340,0.05807,-0.01911,0.28077,-0.04573,0.00022,0.00000,0.00000,-0.04573,0.00022,0.02957,0.82559,0,-0.00085,0.00511
0.6636,-0.38202,0.00209,0.00512,0.00336,0.05811,-0.01917,0.28077,-0.04587,0.00022,0.00000,0.00000,-0.04587,0.00022,0.02943,0.82558,0,-0.00085,0.00511
0.6656,-0.38202,0.00209,0.00524,0.00332,0.05814,-0.01922,0.28077,-0.04601,0.00022,0.00000,0.00000,-0.04601,0.00022,0.02934,0.82562,0,-0.00085,0.00511
0.6676,-0.38302,0.00320,0.00516,0.00326,0.05749,-0.01936,0.28225,-0.04615,0.00022,0.00000,0.00000,-0.04615,0.00022,0.02924,0.82560,0,0.00267,0.00399
0.6696,-0.38302,0.00320,0.00527,0.00322,0.05752,-0.01941,0.28225,-0.04629,0.00022,0.00000,0.00000,-0.04629,0.00022,0.02913,0.82556,0,0.00267,0.00399
0.6716,-0.38302,0.00320,0.00539,0.00318,0.05755,-0.01947,0.28225,-0.04643,0.00022,0.00000,0.00000,-0.04643,0.00022,0.02910,0.82561,0,0.00267,0.00399
0.6736,-0.38302,0.00320,0.00550,0.00314,0.05758,-0.01952,0.28225,-0.04656,0.00022,0.00000,0.00000,-0.04656,0.00022,0.02902,0.82563,0,0.00267,0.00399
0.6756,-0.38302,0.00320,0.00562,0.00310,0.05760,-0.01957,0.28225,-0.04670,0.00022,0.00000,0.00000,-0.04670,0.00022,0.02886,0.82558,0,0.00267,0.00399
0.6776,-0.38302,0.00320,0.00573,0.00307,0.05762,-0.01962,0.28225,-0.04684,0.00022,0.00000,0.00000,-0.04684,0.00022,0.02886,0.82560,0,0.00267,0.00399
0.6796,-0.38302,0.00320,0.00585,0.00303,0.05764,-0.01967,0.28225,-0.04698,0.00022,0.00000,0.00000,-0.04698,0.00022,0.02869,0.82558,0,0.00267,0.00399
0.6816,-0.38302,0.00320,0.00596,0.00299,0.05766,-0.01973,0.28225,-0.04712,0.00022,0.00000,0.00000,-0.04712,0.00022,0.02866,0.82559,0,0.00267,0.00399
0.6836,-0.38302,0.00320,0.00608,0.00295,0.05767,-0.01978,0.28225,-0.04726,0.00022,0.00000,0.00000,-0.04726,0.00022,0.02854,0.82562,0,0.00267,0.00399
0.6856,-0.38302,0.00320,0.00619,0.00291,0.05769,-0.01982,0.28225,-0.04740,0.00022,0.00000,0.00000,-0.04740,0.00022,0.02844,0.82558,0,0.00267,0.00399
0.6876,-0.38302,0.00320,0.00631,0.00287,0.05770,-0.01987,0.28225,-0.04753,0.00023,0.00000,0.00000,-0.04753,0.00023,0.02837,0.82560,0,0.00267,0.00399
0.6896,-0.38302,0.00320,0.00642,0.00283,0.05771,-0.01992,0.28225,-0.04767,0.00023,0.00000,0.00000,-0.04767,0.00023,0.02821,0.82559,0,0.00267,0.00399
0.6916,-0.38302,0.00320,0.00654,0.00279,0.05772,-0.01997,0.28225,-0.04781,0.00023,0.00000,0.00000,-0.04781,0.00023,0.02816,0.82561,0,0.00267,0.00399
0.6936,-0.38302,0.00320,0.00665,0.00275,0.05772,-0.02001,0.28225,-0.04795,0.00023,0.00000,0.00000,-0.04795,0.00023,0.02805,0.82559,0,0.00267,0.00399
0.6956,-0.38302,0.00320,0.00677,0.00271,0.05773,-0.02006,0.28225,-0.04809,0.00023,0.00000,0.00000,-0.04809,0.00023,0.02796,0.82563,0,0.00267,0.00399
0.6976,-0.38302,0.00320,0.00689,0.00267,0.05773,-0.02010,0.28225,-0.04823,0.00023,0.00000,0.00000,-0.04823,0.00023,0.02789,0.82561,0,0.00267,0.00399
0.6996,-0.38302,0.00320,0.00700,0.00263,0.05773,-0.02015,0.28225,-0.04836,0.00023,0.00000,0.00000,-0.04836,0.00023,0.02779,0.82558,0,0.00267,0.00399
0.7016,-0.38302,0.00320,0.00712,0.00259,0.05773,-0.02019,0.28225,-0.04850,0.00023,0.00000,0.00000,-0.04850,0.00023,0.02769,0.82558,0,0.00267,0.00399
0.7036,-0.38302,0.00320,0.00723,0.00255,0.05772,-0.02024,0.28225,-0.04864,0.00023,0.00000,0.00000,-0.04864,0.00023,0.02764,0.82559,0,0.00267,0.00399
0.7056,-0.38302,0.00320,0.00735,0.00251,0.05772,-0.02028,0.28225,-0.04878,0.00023,0.00000,0.00000,-0.04878,0.00023,0.02753,0.82560,0,0.00267,0.00399
0.7076,-0.38302,0.00320,0.00746,0.00247,0.05771,-0.02032,0.28225,-0.04892,0.00023,0.00000,0.00000,-0.04892,0.00023,0.02743,0.82561,0,0.00267,0.00399
0.7096,-0.38302,0.00320,0.00758,0.00242,0.05770,-0.02036,0.28225,-0.04905,0.00023,0.00000,0.00000,-0.04905,0.00023,0.02735,0.82561,0,0.00267,0.00399
0.7117,-0.38302,0.00320,0.00769,0.00238,0.05769,-0.02040,0.28225,-0.04920,0.00023,0.00000,0.00000,-0.04920,0.00023,0.02720,0.82562,0,0.00267,0.00399
0.7137,-0.38302,0.00320,0.00781,0.00234,0.05768,-0.02044,0.28225,-0.04933,0.00023,0.00000,0.00000,-0.04933,0.00023,0.02713,0.82562,0,0.00267,0.00399
0.7157,-0.38302,0.00320,0.00792,0.00230,0.05766,-0.02048,0.28225,-0.04947,0.00023,0.00000,0.00000,-0.04947,0.00023,0.02707,0.82561,0,0.00267,0.00399
0.7177,-0.38302,0.00320,0.00804,0.00226,0.05765,-0.02052,0.28225,-0.04961,0.00024,0.00000,0.00000,-0.04961,0.00024,0.02693,0.82562,0,0.00267,0.00399
0.7197,-0.38302,0.00320,0.00816,0.00222,0.05763,-0.02056,0.28225,-0.04975,0.00024,0.00000,0.00000,-0.04975,0.00024,0.02686,0.82559,0,0.00267,0.00399
0.7217,-0.38302,0.00320,0.00827,0.00218,0.05761,-0.02059,0.28225,-0.04989,0.00024,0.00000,0.00000,-0.04989,0.00024,0.02675,0.82563,0,0.00267,0.00399
0.7237,-0.38302,0.00320,0.00839,0.00214,0.05759,-0.02063,0.28225,-0.05003,0.00024,0.00000,0.00000,-0.05003,0.00024,0.02659,0.82558,0,0.00267,0.00399
0.7257,-0.38302,0.00320,0.00850,0.00210,0.05756,-0.02066,0.28225,-0.05017,0.00024,0.00000,0.00000,-0.05017,0.00024,0.02655,0.82560,0,0.00267,0.00399
0.7277,-0.38302,0.00320,0.00862,0.00206,0.05754,-0.02070,0.28225,-0.05031,0.00024,0.00000,0.00000,-0.05031,0.00024,0.02646,0.82559,0,0.00267,0.00399
0.7297,-0.38302,0.00320,0.00873,0.00201,0.05751,-0.02073,0.28225,-0.05044,0.00024,0.00000,0.00000,-0.05044,0.00024,0.02633,0.82558,0,0.00267,0.00399
0.7318,-0.38302,0.00320,0.00885,0.00197,0.05748,-0.02077,0.28225,-0.05058,0.00024,0.00000,0.00000,-0.05058,0.00024,0.02620,0.82559,0,0.00267,0.00399
0.7338,-0.38302,0.00320,0.00896,0.00193,0.05744,-0.02080,0.28040,-0.05072,0.00024,0.00000,0.00000,-0.05072,0.00024,0.02615,0.82557,0,0.00614,0.00283
0.7358,-0.38401,0.00458,0.00880,0.00193,0.05650,-0.02068,0.28040,-0.05086,0.00024,0.00000,0.00000,-0.05086,0.00024,0.02601,0.82558,0,0.00614,0.00283
0.7378,-0.38401,0.00458,0.00892,0.00189,0.05646,-0.02072,0.28040,-0.05100,0.00024,0.00000,0.00000,-0.05100,0.00024,0.02601,0.82558,0,0.00614,0.00283
0.7398,-0.38401,0.00458,0.00903,0.00185,0.05643,-0.02075,0.28040,-0.05114,0.00024,0.00000,0.00000,-0.05114,0.00024,0.02585,0.82559,0,0.00614,0.00283
0.7418,-0.38401,0.00458,0.00914,0.00181,0.05640,-0.02078,0.28040,-0.05128,0.00024,0.00000,0.00000,-0.05128,0.00024,0.02573,0.82561,0,0.00614,0.00283
0.7438,-0.38401,0.00458,0.00926,0.00177,0.05636,-0.02081,0.28040,-0.05142,0.00024,0.00000,0.00000,-0.05142,0.00024,0.02562,0.82561,0,0.00614,0.00283
0.7458,-0.38401,0.00458,0.00937,0.00173,0.05632,-0.02084,0.28040,-0.05156,0.00024,0.00000,0.00000,-0.05156,0.00024,0.02549,0.82559,0,0.00614,0.00283
0.7478,-0.38401,0.00458,0.00948,0.00168,0.05628,-0.02087,0.28040,-0.05169,0.00025,0.00000,0.00000,-0.05169,0.00025,0.02543,0.82561,0,0.00614,0.00283
0.7498,-0.38401,0.00458,0.00959,0.00164,0.05624,-0.02089,0.28040,-0.05183,0.00025,0.00000,0.00000,-0.05183,0.00025,0.02532,0.82560,0,0.00614,0.00283
0.7518,-0.38401,0.00458,0.00971,0.00160,0.05619,-0.02092,0.28040,-0.05197,0.00025,0.00000,0.00000,-0.05197,0.00025,0.02523,0.82557,0,0.00614,0.00283
0.7538,-0.38401,0.00458,0.00982,0.00156,0.05615,-0.02095,0.28040,-0.05211,0.00025,0.00000,0.00000,-0.05211,0.00025,0.02514,0.82556,0,0.00614,0.00283
0.7559,-0.38401,0.00458,0.00993,0.00152,0.05610,-0.02097,0.28040,-0.05225,0.00025,0.00000,0.00000,-0.05225,0.00025,0.02503,0.82560,0,0.00614,0.00283
0.7579,-0.38401,0.00458,0.01004,0.00147,0.05605,-0.02100,0.28040,-0.05239,0.00025,0.00000,0.00000,-0.05239,0.00025,0.02492,0.82558,0,0.00614,0.00283
0.7599,-0.38401,0.00458,0.01015,0.00143,0.05600,-0.02102,0.28040,-0.05253,0.00025,0.00000,0.00000,-0.05253,0.00025,0.02484,0.82559,0,0.00614,0.00283
0.7619,-0.38401,0.00458,0.01027,0.00139,0.05594,-0.02105,0.28040,-0.05267,0.00025,0.00000,0.00000,-0.05267,0.00025,0.02475,0.82561,0,0.00614,0.00283
0.7639,-0.38401,0.00458,0.01038,0.00135,0.05589,-0.02107,0.28040,-0.05281,0.00025,0.00000,0.00000,-0.05281,0.00025,0.02458,0.82561,0,0.00614,0.00283
0.7659,-0.38401,0.00458,0.01049,0.00131,0.05583,-0.02109,0.28040,-0.05294,0.00025,0.00000,0.00000,-0.05294,0.00025,0.02453,0.82561,0,0.00614,0.00283
0.7679,-0.38401,0.00458,0.01060,0.00126,0.05577,-0.02111,0.28040,-0.05308,0.00025,0.00000,0.00000,-0.05308,0.00025,0.02439,0.82560,0,0.00614,0.00283
0.7699,-0.38401,0.00458,0.01071,0.00122,0.05571,-0.02113,0.28040,-0.05322,0.00025,0.00000,0.00000,-0.05322,0.00025,0.02430,0.82560,0,0.00614,0.00283
0.7719,-0.38401,0.00458,0.01082,0.00118,0.05564,-0.02115,0.28040,-0.05336,0.00025,0.00000,0.00000,-0.05336,0.00025,0.02415,0.82560,0,0.00614,0.00283
0.7739,-0.38401,0.00458,0.01094,0.00114,0.05558,-0.02117,0.28040,-0.05350,0.00025,0.00000,0.00000,-0.05350,0.00025,0.02412,0.82561,0,0.00614,0.00283
0.7759,-0.38401,0.00458,0.01105,0.00109,0.05551,-0.02119,0.28040,-0.05364,0.00025,0.00000,0.00000,-0.05364,0.00025,0.02394,0.82561,0,0.00614,0.00283
0.7779,-0.38401,0.00458,0.01116,0.00105,0.05544,-0.02121,0.28040,-0.05377,0.00026,0.00000,0.00000,-0.05377,0.00026,0.02383,0.82557,0,0.00614,0.00283
0.7799,-0.38401,0.00458,0.01127,0.00101,0.05537,-0.02123,0.28040,-0.05391,0.00026,0.00000,0.00000,-0.05391,0.00026,0.02375,0.82562,0,0.00614,0.00283
0.7819,-0.38401,0.00458,0.01138,0.00097,0.05529,-0.02124,0.28040,-0.05405,0.00026,0.00000,0.00000,-0.05405,0.00026,0.02363,0.82559,0,0.00614,0.00283
0.7839,-0.38401,0.00458,0.01149,0.00092,0.05522,-0.02126,0.28040,-0.05419,0.00026,0.00000,0.00000,-0.05419,0.00026,0.02352,0.82560,0,0.00614,0.00283
0.7859,-0.38401,0.00458,0.01160,0.00088,0.05514,-0.02128,0.28040,-0.05433,0.00026,0.00000,0.00000,-0.05433,0.00026,0.02343,0.82561,0,0.00614,0.00283
0.7879,-0.38401,0.00458,0.01171,0.00084,0.05506,-0.02129,0.28040,-0.05447,0.00026,0.00000,0.00000,-0.05447,0.00026,0.02329,0.82561,0,0.00614,0.00283
0.7899,-0.38401,0.00458,0.01182,0.00080,0.05498,-0.02130,0.28040,-0.05460,0.00026,0.00000,0.00000,-0.05460,0.00026,0.02322,0.82561,0,0.00614,0.00283
0.7919,-0.38401,0.00458,0.01193,0.00075,0.05490,-0.02132,0.28040,-0.05474,0.00026,0.00000,0.00000,-0.05474,0.00026,0.02306,0.82560,0,0.00614,0.00283
0.7939,-0.38401,0.00458,0.01204,0.00071,0.05482,-0.02133,0.28040,-0.05488,0.00026,0.00000,0.00000,-0.05488,0.00026,0.02303,0.82563,0,0.00614,0.00283
0.7959,-0.38401,0.00458,0.01215,0.00067,0.05473,-0.02134,0.28040,-0.05502,0.00026,0.00000,0.00000,-0.05502,0.00026,0.02287,0.82562,0,0.00614,0.00283
0.7979,-0.38591,0.00596,0.01218,0.00068,0.05437,-0.02118,0.28469,-0.05516,0.00026,0.00000,0.00000,-0.05516,0.00026,0.02265,0.82562,0,0.00977,0.00161
0.7999,-0.38591,0.00596,0.01229,0.00063,0.05428,-0.02119,0.28469,-0.05530,0.00026,0.00000,0.00000,-0.05530,0.00026,0.02265,0.82562,0,0.00977,0.00161
0.8019,-0.38591,0.00596,0.01239,0.00059,0.05419,-0.02120,0.28469,-0.05544,0.00026,0.00000,0.00000,-0.05544,0.00026,0.02254,0.82562,0,0.00977,0.00161
0.8039,-0.38591,0.00596,0.01250,0.00055,0.05410,-0.02121,0.28469,-0.05557,0.00026,0.00000,0.00000,-0.05557,0.00026,0.02240,0.82561,0,0.00977,0.00161
0.8059,-0.38591,0.00596,0.01261,0.00051,0.05400,-0.02122,0.28469,-0.05571,0.00026,0.00000,0.00000,-0.05571,0.00026,0.02236,0.82561,0,0.00977,0.00161
0.8079,-0.38591,0.00596,0.01272,0.00046,0.05391,-0.02123,0.28469,-0.05585,0.00027,0.00000,0.00000,-0.05585,0.00027,0.02220,0.82559,0,0.00977,0.00161
0.8099,-0.38591,0.00596,0.01283,0.00042,0.05381,-0.02124,0.28469,-0.05599,0.00027,0.00000,0.00000,-0.05599,0.00027,0.02213,0.82566,0,0.00977,0.00161
0.8119,-0.38591,0.00596,0.01293,0.00038,0.05371,-0.02124,0.28469,-0.05613,0.00027,0.00000,0.00000,-0.05613,0.00027,0.02203,0.82560,0,0.00977,0.00161
0.8139,-0.38591,0.00596,0.01304,0.00034,0.05361,-0.02125,0.28469,-0.05627,0.00027,0.00000,0.00000,-0.05627,0.00027,0.02187,0.82564,0,0.00977,0.00161
0.8159,-0.38591,0.00596,0.01315,0.00029,0.05351,-0.02125,0.28469,-0.05640,0.00027,0.00000,0.00000,-0.05640,0.00027,0.02179,0.82565,0,0.00977,0.00161
0.8179,-0.38591,0.00596,0.01326,0.00025,0.05340,-0.02126,0.28469,-0.05654,0.00027,0.00000,0.00000,-0.05654,0.00027,0.02165,0.82562,0,0.00977,0.00161
0.8199,-0.38591,0.00596,0.01336,0.00021,0.05330,-0.02126,0.28469,-0.05668,0.00027,0.00000,0.00000,-0.05668,0.00027,0.02156,0.82564,0,0.00977,0.00161
0.8219,-0.38591,0.00596,0.01347,0.00017,0.05319,-0.02127,0.28469,-0.05682,0.00027,0.00000,0.00000,-0.05682,0.00027,0.02142,0.82565,0,0.00977,0.00161
0.8239,-0.38591,0.00596,0.01358,0.00012,0.05308,-0.02127,0.28469,-0.05696,0.00027,0.00000,0.00000,-0.05696,0.00027,0.02129,0.82565,0,0.00977,0.00161
0.8259,-0.38591,0.00596,0.01368,0.00008,0.05297,-0.02127,0.28469,-0.05709,0.00027,0.00000,0.00000,-0.05709,0.00027,0.02119,0.82562,0,0.00977,0.00161
0.8279,-0.38591,0.00596,0.01379,0.00004,0.05285,-0.02127,0.28469,-0.05723,0.00027,0.00000,0.00000,-0.05723,0.00027,0.02111,0.82560,0,0.00977,0.00161
0.8299,-0.38591,0.00596,0.01389,-0.00000,0.05274,-0.02127,0.28469,-0.05737,0.00027,0.00000,0.00000,-0.05737,0.00027,0.02098,0.82562,0,0.00977,0.00161
0.8319,-0.38591,0.00596,0.01400,-0.00005,0.05262,-0.02127,0.28469,-0.05751,0.00027,0.00000,0.00000,-0.05751,0.00027,0.02085,0.82564,0,0.00977,0.00161
0.8339,-0.38591,0.00596,0.01410,-0.00009,0.05250,-0.02127,0.28469,-0.05765,0.00027,0.00000,0.00000,-0.05765,0.00027,0.02076,0.82562,0,0.00977,0.00161
0.8359,-0.38591,0.00596,0.01421,-0.00013,0.05238,-0.02127,0.28469,-0.05779,0.00027,0.00000,0.00000,-0.05779,0.00027,0.02066,0.82564,0,0.00977,0.00161
0.8379,-0.38591,0.00596,0.01431,-0.00017,0.05226,-0.02127,0.28469,-0.05792,0.00027,0.00000,0.00000,-0.05792,0.00027,0.02054,0.82561,0,0.00977,0.00161
0.8399,-0.38591,0.00596,0.01442,-0.00022,0.05213,-0.02126,0.28469,-0.05806,0.00028,0.00000,0.00000,-0.05806,0.00028,0.02039,0.82562,0,0.00977,0.00161
0.8419,-0.38591,0.00596,0.01452,-0.00026,0.05201,-0.02126,0.28469,-0.05820,0.00028,0.00000,0.00000,-0.05820,0.00028,0.02029,0.82562,0,0.00977,0.00161
0.8439,-0.38591,0.00596,0.01462,-0.00030,0.05188,-0.02125,0.28469,-0.05834,0.00028,0.00000,0.00000,-0.05834,0.00028,0.02018,0.82562,0,0.00977,0.00161
0.8459,-0.38591,0.00596,0.01473,-0.00034,0.05175,-0.02125,0.28469,-0.05848,0.00028,0.00000,0.00000,-0.05848,0.00028,0.02010,0.82562,0,0.00977,0.00161
0.8479,-0.38591,0.00596,0.01483,-0.00039,0.05162,-0.02124,0.28469,-0.05862,0.00028,0.00000,0.00000,-0.05862,0.00028,0.01990,0.82561,0,0.00977,0.00161
0.8499,-0.38591,0.00596,0.01494,-0.00043,0.05149,-0.02124,0.28469,-0.05875,0.00028,0.00000,0.00000,-0.05875,0.00028,0.01984,0.82564,0,0.00977,0.00161
0.8519,-0.38591,0.00596,0.01504,-0.00047,0.05135,-0.02123,0.28469,-0.05889,0.00028,0.00000,0.00000,-0.05889,0.00028,0.01973,0.82561,0,0.00977,0.00161
0.8539,-0.38591,0.00596,0.01514,-0.00051,0.05122,-0.02122,0.28469,-0.05903,0.00028,0.00000,0.00000,-0.05903,0.00028,0.01958,0.82560,0,0.00977,0.00161
0.8560,-0.38591,0.00596,0.01524,-0.00056,0.05108,-0.02121,0.28469,-0.05917,0.00028,0.00000,0.00000,-0.05917,0.00028,0.01952,0.82562,0,0.00977,0.00161
0.8580,-0.38591,0.00596,0.01534,-0.00060,0.05094,-0.02120,0.28469,-0.05931,0.00028,0.00000,0.00000,-0.05931,0.00028,0.01934,0.82560,0,0.00977,0.00161
0.8600,-0.38591,0.00596,0.01545,-0.00064,0.05080,-0.02119,0.28469,-0.05945,0.00028,0.00000,0.00000,-0.05945,0.00028,0.01926,0.82561,0,0.00977,0.00161
0.8620,-0.38591,0.00596,0.01555,-0.00068,0.05066,-0.02118,0.28469,-0.05959,0.00028,0.00000,0.00000,-0.05959,0.00028,0.01913,0.82559,0,0.00977,0.00161
0.8640,-0.38655,0.00752,0.01554,-0.00067,0.05015,-0.02097,0.28810,-0.05973,0.00028,0.00000,0.00000,-0.05973,0.00028,0.01895,0.82565,0,0.01337,0.00024
0.8660,-0.38655,0.00752,0.01564,-0.00071,0.05000,-0.02095,0.28810,-0.05986,0.00028,0.00000,0.00000,-0.05986,0.00028,0.01895,0.82565,0,0.01337,0.00024
0.8680,-0.38655,0.00752,0.01574,-0.00075,0.04986,-0.02094,0.28810,-0.06000,0.00028,0.00000,0.00000,-0.06000,0.00028,0.01876,0.82563,0,0.01337,0.00024
0.8700,-0.38655,0.00752,0.01584,-0.00079,0.04971,-0.02093,0.28810,-0.06014,0.00029,0.00000,0.00000,-0.06014,0.00029,0.01865,0.82562,0,0.01337,0.00024
0.8720,-0.38655,0.00752,0.01594,-0.00083,0.04956,-0.02092,0.28810,-0.06028,0.00029,0.00000,0.00000,-0.06028,0.00029,0.01853,0.82564,0,0.01337,0.00024
0.8740,-0.38655,0.00752,0.01604,-0.00088,0.04941,-0.02090,0.28810,-0.06042,0.00029,0.00000,0.00000,-0.06042,0.00029,0.01838,0.82560,0,0.01337,0.00024
0.8760,-0.38655,0.00752,0.01614,-0.00092,0.04926,-0.02089,0.28810,-0.06056,0.00029,0.00000,0.00000,-0.06056,0.00029,0.01829,0.82561,0,0.01337,0.00024
0.8780,-0.38655,0.00752,0.01624,-0.00096,0.04910,-0.02087,0.28810,-0.06070,0.00029,0.00000,0.00000,-0.06070,0.00029,0.01817,0.82562,0,0.01337,0.00024
0.8800,-0.38655,0.00752,0.01634,-0.00100,0.04895,-0.02085,0.28810,-0.06083,0.00029,0.00000,0.00000,-0.06083,0.00029,0.01808,0.82562,0,0.01337,0.00024
0.8820,-0.38655,0.00752,0.01643,-0.00104,0.04879,-0.02084,0.28810,-0.06097,0.00029,0.00000,0.00000,-0.06097,0.00029,0.01792,0.82563,0,0.01337,0.00024
0.8840,-0.38655,0.00752,0.01653,-0.00108,0.04863,-0.02082,0.28810,-0.06111,0.00029,0.00000,0.00000,-0.06111,0.00029,0.01781,0.82564,0,0.01337,0.00024
0.8860,-0.38655,0.00752,0.01663,-0.00113,0.04847,-0.02080,0.28810,-0.06125,0.00029,0.00000,0.00000,-0.06125,0.00029,0.01771,0.82564,0,0.01337,0.00024
0.8880,-0.38655,0.00752,0.01673,-0.00117,0.04831,-0.02078,0.28810,-0.06139,0.00029,0.00000,0.00000,-0.06139,0.00029,0.01754,0.82562,0,0.01337,0.00024
0.8901,-0.38655,0.00752,0.01682,-0.00121,0.04814,-0.02076,0.28810,-0.06153,0.00029,0.00000,0.00000,-0.06153,0.00029,0.01745,0.82563,0,0.01337,0.00024
0.8921,-0.38655,0.00752,0.01692,-0.00125,0.04798,-0.02074,0.28810,-0.06167,0.00029,0.00000,0.00000,-0.06167,0.00029,0.01732,0.82561,0,0.01337,0.00024
0.8941,-0.38655,0.00752,0.01701,-0.00129,0.04781,-0.02072,0.28810,-0.06180,0.00029,0.00000,0.00000,-0.06180,0.00029,0.01723,0.82565,0,0.01337,0.00024
0.8961,-0.38655,0.00752,0.01711,-0.00133,0.04764,-0.02070,0.28810,-0.06194,0.00029,0.00000,0.00000,-0.06194,0.00029,0.01709,0.82564,0,0.01337,0.00024
0.8981,-0.38655,0.00752,0.01720,-0.00138,0.04747,-0.02067,0.28810,-0.06208,0.00029,0.00000,0.00000,-0.06208,0.00029,0.01697,0.82566,0,0.01337,0.00024
0.9001,-0.38655,0.00752,0.01730,-0.00142,0.04730,-0.02065,0.28810,-0.06222,0.00030,0.00000,0.00000,-0.06222,0.00030,0.01684,0.82565,0,0.01337,0.00024
0.9021,-0.38655,0.00752,0.01739,-0.00146,0.04713,-0.02063,0.28810,-0.06236,0.00030,0.00000,0.00000,-0.06236,0.00030,0.01671,0.82565,0,0.01337,0.00024
0.9041,-0.38655,0.00752,0.01749,-0.00150,0.04695,-0.02060,0.28810,-0.06250,0.00030,0.00000,0.00000,-0.06250,0.00030,0.01657,0.82562,0,0.01337,0.00024
0.9061,-0.38655,0.00752,0.01758,-0.00154,0.04677,-0.02058,0.28810,-0.06264,0.00030,0.00000,0.00000,-0.06264,0.00030,0.01647,0.82568,0,0.01337,0.00024
0.9081,-0.38655,0.00752,0.01767,-0.00158,0.04659,-0.02055,0.28810,-0.06278,0.00030,0.00000,0.00000,-0.06278,0.00030,0.01632,0.82564,0,0.01337,0.00024
0.9101,-0.38655,0.00752,0.01777,-0.00162,0.04641,-0.02052,0.28810,-0.06291,0.00030,0.00000,0.00000,-0.06291,0.00030,0.01624,0.82563,0,0.01337,0.00024
0.9121,-0.38655,0.00752,0.01786,-0.00166,0.04623,-0.02050,0.28810,-0.06305,0.00030,0.00000,0.00000,-0.06305,0.00030,0.01612,0.82563,0,0.01337,0.00024
0.9141,-0.38655,0.00752,0.01795,-0.00170,0.04605,-0.02047,0.28810,-0.06319,0.00030,0.00000,0.00000,-0.06319,0.00030,0.01597,0.82566,0,0.01337,0.00024
0.9161,-0.38655,0.00752,0.01804,-0.00175,0.04586,-0.02044,0.28810,-0.06333,0.00030,0.00000,0.00000,-0.06333,0.00030,0.01578,0.82562,0,0.01337,0.00024
0.9181,-0.38655,0.00752,0.01814,-0.00179,0.04568,-0.02041,0.28810,-0.06347,0.00030,0.00000,0.00000,-0.06347,0.00030,0.01574,0.82562,0,0.01337,0.00024
0.9201,-0.38655,0.00752,0.01823,-0.00183,0.04549,-0.02038,0.28810,-0.06360,0.00030,0.00000,0.00000,-0.06360,0.00030,0.01557,0.82563,0,0.01337,0.00024
0.9221,-0.38655,0.00752,0.01832,-0.00187,0.04530,-0.02035,0.28810,-0.06374,0.00030,0.00000,0.00000,-0.06374,0.00030,0.01549,0.82569,0,0.01337,0.00024
0.9241,-0.38655,0.00752,0.01841,-0.00191,0.04511,-0.02032,0.28810,-0.06388,0.00030,0.00000,0.00000,-0.06388,0.00030,0.01535,0.82564,0,0.01337,0.00024
0.9261,-0.38655,0.00752,0.01850,-0.00195,0.04492,-0.02028,0.28810,-0.06402,0.00030,0.00000,0.00000,-0.06402,0.00030,0.01519,0.82568,0,0.01337,0.00024
0.9281,-0.38655,0.00752,0.01859,-0.00199,0.04472,-0.02025,0.28810,-0.06416,0.00030,0.00000,0.00000,-0.06416,0.00030,0.01506,0.82561,0,0.01337,0.00024
0.9302,-0.38561,0.00909,0.01860,-0.00192,0.04425,-0.01985,0.28430,-0.06430,0.00031,0.00000,0.00000,-0.06430,0.00031,0.01484,0.82564,0,0.01667,-0.00101
0.9322,-0.38561,0.00909,0.01868,-0.00196,0.04405,-0.01982,0.28430,-0.06444,0.00031,0.00000,0.00000,-0.06444,0.00031,0.01484,0.82564,0,0.01667,-0.00101
0.9342,-0.38561,0.00909,0.01877,-0.00200,0.04386,-0.01979,0.28430,-0.06458,0.00031,0.00000,0.00000,-0.06458,0.00031,0.01478,0.82565,0,0.01667,-0.00101
0.9362,-0.38561,0.00909,0.01886,-0.00204,0.04366,-0.01975,0.28430,-0.06471,0.00031,0.00000,0.00000,-0.06471,0.00031,0.01457,0.82567,0,0.01667,-0.00101
0.9382,-0.38561,0.00909,0.01895,-0.00208,0.04346,-0.01972,0.28430,-0.06485,0.00031,0.00000,0.00000,-0.06485,0.00031,0.01442,0.82565,0,0.01667,-0.00101
0.9402,-0.38561,0.00909,0.01903,-0.00212,0.04326,-0.01969,0.28430,-0.06499,0.00031,0.00000,0.00000,-0.06499,0.00031,0.01430,0.82562,0,0.01667,-0.00101
0.9422,-0.38561,0.00909,0.01912,-0.00216,0.04305,-0.01965,0.28430,-0.06513,0.00031,0.00000,0.00000,-0.06513,0.00031,0.01418,0.82566,0,0.01667,-0.00101
0.9442,-0.38561,0.00909,0.01921,-0.00220,0.04285,-0.01961,0.28430,-0.06527,0.00031,0.00000,0.00000,-0.06527,0.00031,0.01408,0.82567,0,0.01667,-0.00101
0.9462,-0.38561,0.00909,0.01929,-0.00224,0.04264,-0.01958,0.28430,-0.06541,0.00031,0.00000,0.00000,-0.06541,0.00031,0.01388,0.82565,0,0.01667,-0.00101
0.9482,-0.38561,0.00909,0.01938,-0.00228,0.04244,-0.01954,0.28430,-0.06554,0.00031,0.00000,0.00000,-0.06554,0.00031,0.01377,0.82566,0,0.01667,-0.00101
0.9502,-0.38561,0.00909,0.01946,-0.00232,0.04223,-0.01950,0.28430,-0.06568,0.00031,0.00000,0.00000,-0.06568,0.00031,0.01367,0.82566,0,0.01667,-0.00101
0.9522,-0.38561,0.00909,0.01955,-0.00236,0.04202,-0.01946,0.28430,-0.06582,0.00031,0.00000,0.00000,-0.06582,0.00031,0.01348,0.82563,0,0.01667,-0.00101
0.9542,-0.38561,0.00909,0.01963,-0.00240,0.04181,-0.01942,0.28430,-0.06596,0.00031,0.00000,0.00000,-0.06596,0.00031,0.01335,0.82566,0,0.01667,-0.00101
0.9562,-0.38561,0.00909,0.01971,-0.00243,0.04159,-0.01938,0.28430,-0.06610,0.00031,0.00000,0.00000,-0.06610,0.00031,0.01323,0.82560,0,0.01667,-0.00101
0.9582,-0.38561,0.00909,0.01980,-0.00247,0.04138,-0.01934,0.28430,-0.06623,0.00031,0.00000,0.00000,-0.06623,0.00031,0.01309,0.82563,0,0.01667,-0.00101
0.9602,-0.38561,0.00909,0.01988,-0.00251,0.04116,-0.01930,0.28430,-0.06637,0.00031,0.00000,0.00000,-0.06637,0.00031,0.01296,0.82565,0,0.01667,-0.00101
0.9622,-0.38561,0.00909,0.01996,-0.00255,0.04095,-0.01925,0.28430,-0.06651,0.00032,0.00000,0.00000,-0.06651,0.00032,0.01283,0.82566,0,0.01667,-0.00101
0.9642,-0.38561,0.00909,0.02004,-0.00259,0.04073,-0.01921,0.28430,-0.06665,0.00032,0.00000,0.00000,-0.06665,0.00032,0.01273,0.82568,0,0.01667,-0.00101
0.9662,-0.38561,0.00909,0.02012,-0.00263,0.04051,-0.01917,0.28430,-0.06679,0.00032,0.00000,0.00000,-0.06679,0.00032,0.01257,0.82563,0,0.01667,-0.00101
0.9682,-0.38561,0.00909,0.02020,-0.00267,0.04029,-0.01912,0.28430,-0.06693,0.00032,0.00000,0.00000,-0.06693,0.00032,0.01243,0.82566,0,0.01667,-0.00101
0.9702,-0.38561,0.00909,0.02028,-0.00270,0.04007,-0.01908,0.28430,-0.06706,0.00032,0.00000,0.00000,-0.06706,0.00032,0.01227,0.82565,0,0.01667,-0.00101
0.9722,-0.38561,0.00909,0.02036,-0.00274,0.03984,-0.01903,0.28430,-0.06720,0.00032,0.00000,0.00000,-0.06720,0.00032,0.01216,0.82563,0,0.01667,-0.00101
0.9742,-0.38561,0.00909,0.02044,-0.00278,0.03962,-0.01899,0.28430,-0.06734,0.00032,0.00000,0.00000,-0.06734,0.00032,0.01203,0.82563,0,0.01667,-0.00101
0.9762,-0.38561,0.00909,0.02052,-0.00282,0.03939,-0.01894,0.28430,-0.06748,0.00032,0.00000,0.00000,-0.06748,0.00032,0.01191,0.82564,0,0.01667,-0.00101
0.9782,-0.38561,0.00909,0.02060,-0.00286,0.03916,-0.01889,0.28430,-0.06762,0.00032,0.00000,0.00000,-0.06762,0.00032,0.01174,0.82565,0,0.01667,-0.00101
0.9802,-0.38561,0.00909,0.02068,-0.00289,0.03894,-0.01884,0.28430,-0.06776,0.00032,0.00000,0.00000,-0.06776,0.00032,0.01158,0.82563,0,0.01667,-0.00101
0.9822,-0.38561,0.00909,0.02076,-0.00293,0.03870,-0.01880,0.28430,-0.06789,0.00032,0.00000,0.00000,-0.06789,0.00032,0.01145,0.82566,0,0.01667,-0.00101
0.9842,-0.38561,0.00909,0.02083,-0.00297,0.03847,-0.01875,0.28430,-0.06803,0.00032,0.00000,0.00000,-0.06803,0.00032,0.01134,0.82565,0,0.01667,-0.00101
0.9862,-0.38561,0.00909,0.02091,-0.00301,0.03824,-0.01870,0.28430,-0.06817,0.00032,0.00000,0.00000,-0.06817,0.00032,0.01120,0.82566,0,0.01667,-0.00101
0.9882,-0.38561,0.00909,0.02099,-0.00304,0.03801,-0.01865,0.28430,-0.06831,0.00032,0.00000,0.00000,-0.06831,0.00032,0.01106,0.82566,0,0.01667,-0.00101
0.9902,-0.38561,0.00909,0.02106,-0.00308,0.03777,-0.01859,0.28430,-0.06845,0.00032,0.00000,0.00000,-0.06845,0.00032,0.01097,0.82568,0,0.01667,-0.00101
0.9922,-0.38561,0.00909,0.02114,-0.00312,0.03753,-0.01854,0.28430,-0.06859,0.00033,0.00000,0.00000,-0.06859,0.00033,0.01080,0.82566,0,0.01667,-0.00101
0.9942,-0.38561,0.00909,0.02121,-0.00315,0.03730,-0.01849,0.28430,-0.06873,0.00033,0.00000,0.00000,-0.06873,0.00033,0.01066,0.82566,0,0.01667,-0.00101
0.9962,-0.38561,0.00909,0.02129,-0.00319,0.03706,-0.01844,0.28430,-0.06886,0.00033,0.00000,0.00000,-0.06886,0.00033,0.01041,0.82563,0,0.01667,-0.00101
0.9982,-0.38387,0.01098,0.02119,-0.00320,0.03624,-0.01828,0.28186,-0.06900,0.00033,0.00000,0.00000,-0.06900,0.00033,0.01025,0.82565,0,0.01939,-0.00238
1.0002,-0.38387,0.01098,0.02126,-0.00324,0.03601,-0.01823,0.28186,-0.06914,0.00033,0.00000,0.00000,-0.06914,0.00033,0.01025,0.82565,0,0.01939,-0.00238
1.0022,-0.38387,0.01098,0.02134,-0.00327,0.03577,-0.01818,0.28186,-0.06928,0.00033,0.00000,0.00000,-0.06928,0.00033,0.01012,0.82564,0,0.01939,-0.00238
1.0042,-0.38387,0.01098,0.02141,-0.00331,0.03552,-0.01812,0.28186,-0.06942,0.00033,0.00000,0.00000,-0.06942,0.00033,0.00984,0.82566,0,0.01939,-0.00238
1.0062,-0.38387,0.01098,0.02148,-0.00335,0.03528,-0.01807,0.28186,-0.06956,0.00033,0.00000,0.00000,-0.06956,0.00033,0.00984,0.82566,0,0.01939,-0.00238
1.0082,-0.38387,0.01098,0.02155,-0.00338,0.03504,-0.01801,0.28186,-0.06969,0.00033,0.00000,0.00000,-0.06969,0.00033,0.00971,0.82564,0,0.01939,-0.00238
1.0102,-0.38387,0.01098,0.02162,-0.00342,0.03479,-0.01795,0.28186,-0.06983,0.00033,0.00000,0.00000,-0.06983,0.00033,0.00956,0.82563,0,0.01939,-0.00238
1.0122,-0.38387,0.01098,0.02169,-0.00345,0.03455,-0.01789,0.28186,-0.06997,0.00033,0.00000,0.00000,-0.06997,0.00033,0.00941,0.82564,0,0.01939,-0.00238
1.0142,-0.38387,0.01098,0.02176,-0.00349,0.03430,-0.01784,0.28186,-0.07011,0.00033,0.00000,0.00000,-0.07011,0.00033,0.00929,0.82569,0,0.01939,-0.00238
1.0162,-0.38387,0.01098,0.02182,-0.00352,0.03405,-0.01778,0.28186,-0.07025,0.00033,0.00000,0.00000,-0.07025,0.00033,0.00912,0.82566,0,0.01939,-0.00238
1.0182,-0.38387,0.01098,0.02189,-0.00356,0.03380,-0.01772,0.28186,-0.07039,0.00033,0.00000,0.00000,-0.07039,0.00033,0.00897,0.82564,0,0.01939,-0.00238
1.0202,-0.38387,0.01098,0.02196,-0.00360,0.03355,-0.01766,0.28186,-0.07052,0.00033,0.00000,0.00000,-0.07052,0.00033,0.00866,0.82565,0,0.01939,-0.00238
1.0222,-0.38387,0.01098,0.02203,-0.00363,0.03330,-0.01760,0.28186,-0.07066,0.00034,0.00000,0.00000,-0.07066,0.00034,0.00866,0.82565,0,0.01939,-0.00238
1.0242,-0.38387,0.01098,0.02209,-0.00367,0.03305,-0.01754,0.28186,-0.07080,0.00034,0.00000,0.00000,-0.07080,0.00034,0.00857,0.82564,0,0.01939,-0.00238
1.0262,-0.38387,0.01098,0.02216,-0.00370,0.03280,-0.01748,0.28186,-0.07094,0.00034,0.00000,0.00000,-0.07094,0.00034,0.00844,0.82564,0,0.01939,-0.00238
1.0282,-0.38387,0.01098,0.02222,-0.00374,0.03254,-0.01741,0.28186,-0.07108,0.00034,0.00000,0.00000,-0.07108,0.00034,0.00827,0.82568,0,0.01939,-0.00238
1.0302,-0.38387,0.01098,0.02229,-0.00377,0.03228,-0.01735,0.28186,-0.07122,0.00034,0.00000,0.00000,-0.07122,0.00034,0.00819,0.82565,0,0.01939,-0.00238
1.0322,-0.38387,0.01098,0.02235,-0.00381,0.03203,-0.01729,0.28186,-0.07135,0.00034,0.00000,0.00000,-0.07135,0.00034,0.00800,0.82568,0,0.01939,-0.00238
1.0342,-0.38387,0.01098,0.02242,-0.00384,0.03177,-0.01722,0.28186,-0.07149,0.00034,0.00000,0.00000,-0.07149,0.00034,0.00786,0.82564,0,0.01939,-0.00238
1.0362,-0.38387,0.01098,0.02248,-0.00387,0.03151,-0.01716,0.28186,-0.07163,0.00034,0.00000,0.00000,-0.07163,0.00034,0.00779,0.82572,0,0.01939,-0.00238
1.0382,-0.38387,0.01098,0.02254,-0.00391,0.03125,-0.01709,0.28186,-0.07177,0.00034,0.00000,0.00000,-0.07177,0.00034,0.00759,0.82567,0,0.01939,-0.00238
1.0402,-0.38387,0.01098,0.02261,-0.00394,0.03099,-0.01703,0.28186,-0.07191,0.00034,0.00000,0.00000,-0.07191,0.00034,0.00748,0.82566,0,0.01939,-0.00238
1.0422,-0.38387,0.01098,0.02267,-0.00398,0.03073,-0.01696,0.28186,-0.07205,0.00034,0.00000,0.00000,-0.07205,0.00034,0.00735,0.82567,0,0.01939,-0.00238
1.0442,-0.38387,0.01098,0.02273,-0.00401,0.03046,-0.01689,0.28186,-0.07218,0.00034,0.00000,0.00000,-0.07218,0.00034,0.00718,0.82569,0,0.01939,-0.00238
1.0462,-0.38387,0.01098,0.02279,-0.00404,0.03020,-0.01683,0.28186,-0.07232,0.00034,0.00000,0.00000,-0.07232,0.00034,0.00699,0.82567,0,0.01939,-0.00238
1.0482,-0.38387,0.01098,0.02285,-0.00408,0.02993,-0.01676,0.28186,-0.07246,0.00034,0.00000,0.00000,-0.07246,0.00034,0.00693,0.82570,0,0.01939,-0.00238
1.0502,-0.38387,0.01098,0.02291,-0.00411,0.02967,-0.01669,0.28186,-0.07260,0.00034,0.00000,0.00000,-0.07260,0.00034,0.00678,0.82568,0,0.01939,-0.00238
1.0522,-0.38387,0.01098,0.02297,-0.00414,0.02940,-0.01662,0.28186,-0.07274,0.00035,0.00000,0.00000,-0.07274,0.00035,0.00650,0.82568,0,0.01939,-0.00238
1.0542,-0.38387,0.01098,0.02303,-0.00418,0.02913,-0.01655,0.28186,-0.07288,0.00035,0.00000,0.00000,-0.07288,0.00035,0.00650,0.82568,0,0.01939,-0.00238
1.0562,-0.38387,0.01098,0.02308,-0.00421,0.02886,-0.01648,0.28186,-0.07301,0.00035,0.00000,0.00000,-0.07301,0.00035,0.00632,0.82566,0,0.01939,-0.00238
1.0582,-0.38387,0.01098,0.02314,-0.00424,0.02859,-0.01641,0.28186,-0.07315,0.00035,0.00000,0.00000,-0.07315,0.00035,0.00620,0.82569,0,0.01939,-0.00238
1.0602,-0.38387,0.01098,0.02320,-0.00428,0.02832,-0.01634,0.28186,-0.07329,0.00035,0.00000,0.00000,-0.07329,0.00035,0.00601,0.82568,0,0.01939,-0.00238
1.0622,-0.38387,0.01098,0.02326,-0.00431,0.02805,-0.01627,0.28186,-0.07343,0.00035,0.00000,0.00000,-0.07343,0.00035,0.00588,0.82571,0,0.01939,-0.00238
1.0642,-0.38387,0.01098,0.02331,-0.00434,0.02778,-0.01620,0.28186,-0.07357,0.00035,0.00000,0.00000,-0.07357,0.00035,0.00554,0.82566,0,0.01939,-0.00238
1.0662,-0.38238,0.01243,0.02288,-0.00433,0.02584,-0.01596,0.28076,-0.07371,0.00035,0.00000,0.00000,-0.07371,0.00035,0.00542,0.82567,0,0.02124,-0.00361
1.0682,-0.38238,0.01243,0.02293,-0.00436,0.02558,-0.01589,0.28076,-0.07384,0.00035,0.00000,0.00000,-0.07384,0.00035,0.00542,0.82567,0,0.02124,-0.00361
1.0702,-0.38238,0.01243,0.02298,-0.00439,0.02531,-0.01581,0.28076,-0.07398,0.00035,0.00000,0.00000,-0.07398,0.00035,0.00528,0.82569,0,0.02124,-0.00361
1.0722,-0.38238,0.01243,0.02303,-0.00442,0.02504,-0.01574,0.28076,-0.07412,0.00035,0.00000,0.00000,-0.07412,0.00035,0.00514,0.82570,0,0.02124,-0.00361
1.0742,-0.38238,0.01243,0.02308,-0.00445,0.02477,-0.01567,0.28076,-0.07426,0.00035,0.00000,0.00000,-0.07426,0.00035,0.00483,0.82570,0,0.02124,-0.00361
1.0762,-0.38238,0.01243,0.02313,-0.00448,0.02450,-0.01559,0.28076,-0.07440,0.00035,0.00000,0.00000,-0.07440,0.00035,0.00468,0.82570,0,0.02124,-0.00361
1.0782,-0.38238,0.01243,0.02318,-0.00451,0.02423,-0.01552,0.28076,-0.07454,0.00035,0.00000,0.00000,-0.07454,0.00035,0.00468,0.82570,0,0.02124,-0.00361
1.0802,-0.38238,0.01243,0.02323,-0.00455,0.02396,-0.01544,0.28076,-0.07467,0.00035,0.00000,0.00000,-0.07467,0.00035,0.00451,0.82569,0,0.02124,-0.00361
1.0822,-0.38238,0.01243,0.02328,-0.00458,0.02369,-0.01536,0.28076,-0.07481,0.00035,0.00000,0.00000,-0.07481,0.00035,0.00422,0.82568,0,0.02124,-0.00361
1.0842,-0.38238,0.01243,0.02332,-0.00461,0.02342,-0.01529,0.28076,-0.07495,0.00036,0.00000,0.00000,-0.07495,0.00036,0.00422,0.82568,0,0.02124,-0.00361
1.0862,-0.38238,0.01243,0.02337,-0.00464,0.02314,-0.01521,0.28076,-0.07509,0.00036,0.00000,0.00000,-0.07509,0.00036,0.00391,0.82571,0,0.02124,-0.00361
1.0883,-0.38238,0.01243,0.02342,-0.00467,0.02287,-0.01513,0.28076,-0.07523,0.00036,0.00000,0.00000,-0.07523,0.00036,0.00391,0.82571,0,0.02124,-0.00361
1.0903,-0.38238,0.01243,0.02346,-0.00470,0.02259,-0.01505,0.28076,-0.07537,0.00036,0.00000,0.00000,-0.07537,0.00036,0.00364,0.82573,0,0.02124,-0.00361
1.0923,-0.38238,0.01243,0.02351,-0.00473,0.02232,-0.01497,0.28076,-0.07550,0.00036,0.00000,0.00000,-0.07550,0.00036,0.00348,0.82569,0,0.02124,-0.00361
1.0943,-0.38238,0.01243,0.02355,-0.00476,0.02204,-0.01489,0.28076,-0.07564,0.00036,0.00000,0.00000,-0.07564,0.00036,0.00337,0.82570,0,0.02124,-0.00361
1.0963,-0.38238,0.01243,0.02359,-0.00479,0.02176,-0.01481,0.28076,-0.07578,0.00036,0.00000,0.00000,-0.07578,0.00036,0.00322,0.82571,0,0.02124,-0.00361
1.0983,-0.38238,0.01243,0.02364,-0.00482,0.02148,-0.01473,0.28076,-0.07592,0.00036,0.00000,0.00000,-0.07592,0.00036,0.00322,0.82571,0,0.02124,-0.00361
1.1003,-0.38238,0.01243,0.02368,-0.00485,0.02120,-0.01465,0.28076,-0.07606,0.00036,0.00000,0.00000,-0.07606,0.00036,0.00308,0.82569,0,0.02124,-0.00361
1.1023,-0.38238,0.01243,0.02372,-0.00488,0.02092,-0.01457,0.28076,-0.07620,0.00036,0.00000,0.00000,-0.07620,0.00036,0.00275,0.82569,0,0.02124,-0.00361
1.1043,-0.38238,0.01243,0.02376,-0.00490,0.02064,-0.01449,0.28076,-0.07633,0.00036,0.00000,0.00000,-0.07633,0.00036,0.00275,0.82569,0,0.02124,-0.00361
1.1063,-0.38238,0.01243,0.02381,-0.00493,0.02036,-0.01441,0.28076,-0.07647,0.00036,0.00000,0.00000,-0.07647,0.00036,0.00243,0.82570,0,0.02124,-0.00361
1.1083,-0.38238,0.01243,0.02385,-0.00496,0.02008,-0.01433,0.28076,-0.07661,0.00036,0.00000,0.00000,-0.07661,0.00036,0.00243,0.82570,0,0.02124,-0.00361
1.1103,-0.38238,0.01243,0.02389,-0.00499,0.01980,-0.01424,0.28076,-0.07675,0.00036,0.00000,0.00000,-0.07675,0.00036,0.00211,0.82569,0,0.02124,-0.00361
1.1123,-0.38238,0.01243,0.02392,-0.00502,0.01952,-0.01416,0.28076,-0.07689,0.00036,0.00000,0.00000,-0.07689,0.00036,0.00198,0.82568,0,0.02124,-0.00361
1.1143,-0.38238,0.01243,0.02396,-0.00505,0.01923,-0.01407,0.28076,-0.07703,0.00037,0.00000,0.00000,-0.07703,0.00037,0.00180,0.82572,0,0.02124,-0.00361
1.1163,-0.38238,0.01243,0.02400,-0.00508,0.01895,-0.01399,0.28076,-0.07716,0.00037,0.00000,0.00000,-0.07716,0.00037,0.00166,0.82571,0,0.02124,-0.00361
1.1183,-0.38238,0.01243,0.02404,-0.00510,0.01866,-0.01390,0.28076,-0.07731,0.00037,0.00000,0.00000,-0.07731,0.00037,0.00150,0.82573,0,0.02124,-0.00361
1.1203,-0.38238,0.01243,0.02408,-0.00513,0.01838,-0.01382,0.28076,-0.07744,0.00037,0.00000,0.00000,-0.07744,0.00037,0.00137,0.82573,0,0.02124,-0.00361
1.1223,-0.38238,0.01243,0.02411,-0.00516,0.01809,-0.01373,0.28076,-0.07758,0.00037,0.00000,0.00000,-0.07758,0.00037,0.00122,0.82570,0,0.02124,-0.00361
1.1243,-0.38238,0.01243,0.02415,-0.00519,0.01781,-0.01365,0.28076,-0.07772,0.00037,0.00000,0.00000,-0.07772,0.00037,0.00107,0.82569,0,0.02124,-0.00361
1.1263,-0.38238,0.01243,0.02418,-0.00521,0.01752,-0.01356,0.28076,-0.07786,0.00037,0.00000,0.00000,-0.07786,0.00037,0.00091,0.82572,0,0.02124,-0.00361
1.1283,-0.38238,0.01243,0.02422,-0.00524,0.01723,-0.01347,0.28076,-0.07800,0.00037,0.00000,0.00000,-0.07800,0.00037,0.00074,0.82571,0,0.02124,-0.00361
1.1303,-0.38238,0.01243,0.02425,-0.00527,0.01694,-0.01338,0.28076,-0.07814,0.00037,0.00000,0.00000,-0.07814,0.00037,0.00074,0.82571,0,0.02124,-0.00361
1.1323,-0.38238,0.01243,0.02429,-0.00529,0.01665,-0.01330,0.28076,-0.07828,0.00037,0.00000,0.00000,-0.07828,0.00037,0.00063,0.82572,0,0.02124,-0.00361
1.1344,-0.37999,0.01327,0.02436,-0.00536,0.01650,-0.01334,0.28831,-0.07841,0.00037,0.00000,0.00000,-0.07841,0.00037,0.00030,0.82574,0,0.02358,-0.00480
1.1363,-0.37999,0.01327,0.02439,-0.00539,0.01621,-0.01325,0.28831,-0.07855,0.00037,0.00000,0.00000,-0.07855,0.00037,0.00014,0.82569,0,0.02358,-0.00480
1.1384,-0.37999,0.01327,0.02442,-0.00541,0.01592,-0.01316,0.28831,-0.07869,0.00037,0.00000,0.00000,-0.07869,0.00037,-0.00003,0.82571,0,0.02358,-0.00480
1.1404,-0.37999,0.01327,0.02446,-0.00544,0.01563,-0.01307,0.28831,-0.07883,0.00037,0.00000,0.00000,-0.07883,0.00037,-0.00015,0.82575,0,0.02358,-0.00480
1.1424,-0.37999,0.01327,0.02449,-0.00547,0.01533,-0.01298,0.28831,-0.07897,0.00037,0.00000,0.00000,-0.07897,0.00037,-0.00036,0.82572,0,0.02358,-0.00480
1.1444,-0.37999,0.01327,0.02452,-0.00549,0.01504,-0.01289,0.28831,-0.07911,0.00038,0.00000,0.00000,-0.07911,0.00038,-0.00046,0.82570,0,0.02358,-0.00480
1.1464,-0.37999,0.01327,0.02455,-0.00552,0.01475,-0.01280,0.28831,-0.07925,0.00038,0.00000,0.00000,-0.07925,0.00038,-0.00062,0.82574,0,0.02358,-0.00480
1.1484,-0.37999,0.01327,0.02458,-0.00554,0.01445,-0.01270,0.28831,-0.07938,0.00038,0.00000,0.00000,-0.07938,0.00038,-0.00081,0.82572,0,0.02358,-0.00480
1.1504,-0.37999,0.01327,0.02461,-0.00557,0.01416,-0.01261,0.28831,-0.07952,0.00038,0.00000,0.00000,-0.07952,0.00038,-0.00099,0.82571,0,0.02358,-0.00480
1.1524,-0.37999,0.01327,0.02463,-0.00559,0.01387,-0.01252,0.28831,-0.07966,0.00038,0.00000,0.00000,-0.07966,0.00038,-0.00115,0.82573,0,0.02358,-0.00480
1.1544,-0.37999,0.01327,0.02466,-0.00562,0.01357,-0.01242,0.28831,-0.07980,0.00038,0.00000,0.00000,-0.07980,0.00038,-0.00131,0.82573,0,0.02358,-0.00480
1.1564,-0.37999,0.01327,0.02469,-0.00564,0.01327,-0.01233,0.28831,-0.07994,0.00038,0.00000,0.00000,-0.07994,0.00038,-0.00145,0.82570,0,0.02358,-0.00480
1.1584,-0.37999,0.01327,0.02471,-0.00567,0.01298,-0.01223,0.28831,-0.08008,0.00038,0.00000,0.00000,-0.08008,0.00038,-0.00159,0.82569,0,0.02358,-0.00480
1.1604,-0.37999,0.01327,0.02474,-0.00569,0.01268,-0.01214,0.28831,-0.08022,0.00038,0.00000,0.00000,-0.08022,0.00038,-0.00174,0.82572,0,0.02358,-0.00480
1.1624,-0.37999,0.01327,0.02476,-0.00572,0.01239,-0.01204,0.28831,-0.08036,0.00038,0.00000,0.00000,-0.08036,0.00038,-0.00194,0.82572,0,0.02358,-0.00480
1.1644,-0.37999,0.01327,0.02479,-0.00574,0.01209,-0.01195,0.28831,-0.08049,0.00038,0.00000,0.00000,-0.08049,0.00038,-0.00207,0.82574,0,0.02358,-0.00480
1.1664,-0.37999,0.01327,0.02481,-0.00576,0.01179,-0.01185,0.28831,-0.08063,0.00038,0.00000,0.00000,-0.08063,0.00038,-0.00225,0.82569,0,0.02358,-0.00480
1.1684,-0.37999,0.01327,0.02484,-0.00579,0.01149,-0.01176,0.28831,-0.08077,0.00038,0.00000,0.00000,-0.08077,0.00038,-0.00238,0.82571,0,0.02358,-0.00480
1.1704,-0.37999,0.01327,0.02486,-0.00581,0.01119,-0.01166,0.28831,-0.08091,0.00038,0.00000,0.00000,-0.08091,0.00038,-0.00256,0.82571,0,0.02358,-0.00480
1.1724,-0.37999,0.01327,0.02488,-0.00583,0.01089,-0.01156,0.28831,-0.08105,0.00038,0.00000,0.00000,-0.08105,0.00038,-0.00274,0.82572,0,0.02358,-0.00480
1.1744,-0.37999,0.01327,0.02490,-0.00586,0.01059,-0.01146,0.28831,-0.08118,0.00039,0.00000,0.00000,-0.08118,0.00039,-0.00285,0.82572,0,0.02358,-0.00480
1.1764,-0.37999,0.01327,0.02492,-0.00588,0.01029,-0.01136,0.28831,-0.08132,0.00039,0.00000,0.00000,-0.08132,0.00039,-0.00303,0.82573,0,0.02358,-0.00480
1.1784,-0.37999,0.01327,0.02494,-0.00590,0.00999,-0.01127,0.28831,-0.08146,0.00039,0.00000,0.00000,-0.08146,0.00039,-0.00323,0.82568,0,0.02358,-0.00480
1.1804,-0.37999,0.01327,0.02496,-0.00593,0.00969,-0.01117,0.28831,-0.08160,0.00039,0.00000,0.00000,-0.08160,0.00039,-0.00339,0.82569,0,0.02358,-0.00480
1.1825,-0.37999,0.01327,0.02498,-0.00595,0.00939,-0.01107,0.28831,-0.08174,0.00039,0.00000,0.00000,-0.08174,0.00039,-0.00355,0.82573,0,0.02358,-0.00480
1.1845,-0.37999,0.01327,0.02500,-0.00597,0.00909,-0.01097,0.28831,-0.08188,0.00039,0.00000,0.00000,-0.08188,0.00039,-0.00371,0.82570,0,0.02358,-0.00480
1.1865,-0.37999,0.01327,0.02502,-0.00599,0.00879,-0.01087,0.28831,-0.08202,0.00039,0.00000,0.00000,-0.08202,0.00039,-0.00390,0.82570,0,0.02358,-0.00480
1.1885,-0.37999,0.01327,0.02504,-0.00601,0.00849,-0.01077,0.28831,-0.08216,0.00039,0.00000,0.00000,-0.08216,0.00039,-0.00390,0.82570,0,0.02358,-0.00480
1.1905,-0.37999,0.01327,0.02505,-0.00603,0.00819,-0.01067,0.28831,-0.08230,0.00039,0.00000,0.00000,-0.08230,0.00039,-0.00420,0.82566,0,0.02358,-0.00480
1.1925,-0.37999,0.01327,0.02507,-0.00606,0.00789,-0.01057,0.28831,-0.08243,0.00039,0.00000,0.00000,-0.08243,0.00039,-0.00439,0.82568,0,0.02358,-0.00480
1.1945,-0.37999,0.01327,0.02508,-0.00608,0.00758,-0.01046,0.28831,-0.08257,0.00039,0.00000,0.00000,-0.08257,0.00039,-0.00457,0.82567,0,0.02358,-0.00480
1.1965,-0.37999,0.01327,0.02510,-0.00610,0.00728,-0.01036,0.28831,-0.08271,0.00039,0.00000,0.00000,-0.08271,0.00039,-0.00471,0.82568,0,0.02358,-0.00480
1.1985,-0.37651,0.01416,0.02514,-0.00621,0.00707,-0.01056,0.29157,-0.08285,0.00039,0.00000,0.00000,-0.08285,0.00039,-0.00491,0.82567,0,0.02474,-0.00581
1.2005,-0.37651,0.01416,0.02515,-0.00623,0.00677,-0.01046,0.29157,-0.08299,0.00039,0.00000,0.00000,-0.08299,0.00039,-0.00506,0.82565,0,0.02474,-0.00581
1.2025,-0.37651,0.01416,0.02517,-0.00625,0.00647,-0.01035,0.29157,-0.08313,0.00039,0.00000,0.00000,-0.08313,0.00039,-0.00520,0.82569,0,0.02474,-0.00581
1.2046,-0.37651,0.01416,0.02518,-0.00627,0.00616,-0.01025,0.29157,-0.08327,0.00040,0.00000,0.00000,-0.08327,0.00040,-0.00538,0.82567,0,0.02474,-0.00581
1.2066,-0.37651,0.01416,0.02519,-0.00629,0.00586,-0.01014,0.29157,-0.08341,0.00040,0.00000,0.00000,-0.08341,0.00040,-0.00551,0.82566,0,0.02474,-0.00581
1.2086,-0.37651,0.01416,0.02520,-0.00631,0.00555,-0.01004,0.29157,-0.08354,0.00040,0.00000,0.00000,-0.08354,0.00040,-0.00567,0.82566,0,0.02474,-0.00581
1.2106,-0.37651,0.01416,0.02521,-0.00633,0.00525,-0.00993,0.29157,-0.08368,0.00040,0.00000,0.00000,-0.08368,0.00040,-0.00583,0.82569,0,0.02474,-0.00581
1.2126,-0.37651,0.01416,0.02522,-0.00635,0.00494,-0.00983,0.29157,-0.08382,0.00040,0.00000,0.00000,-0.08382,0.00040,-0.00600,0.82571,0,0.02474,-0.00581
1.2146,-0.37651,0.01416,0.02523,-0.00637,0.00464,-0.00972,0.29157,-0.08396,0.00040,0.00000,0.00000,-0.08396,0.00040,-0.00617,0.82570,0,0.02474,-0.00581
1.2166,-0.37651,0.01416,0.02524,-0.00639,0.00434,-0.00961,0.29157,-0.08410,0.00040,0.00000,0.00000,-0.08410,0.00040,-0.00635,0.82568,0,0.02474,-0.00581
1.2186,-0.37651,0.01416,0.02525,-0.00641,0.00403,-0.00951,0.29157,-0.08424,0.00040,0.00000,0.00000,-0.08424,0.00040,-0.00651,0.82564,0,0.02474,-0.00581
1.2206,-0.37651,0.01416,0.02526,-0.00643,0.00373,-0.00940,0.29157,-0.08438,0.00040,0.00000,0.00000,-0.08438,0.00040,-0.00669,0.82566,0,0.02474,-0.00581
1.2226,-0.37651,0.01416,0.02527,-0.00644,0.00342,-0.00929,0.29157,-0.08452,0.00040,0.00000,0.00000,-0.08452,0.00040,-0.00688,0.82564,0,0.02474,-0.00581
1.2246,-0.37651,0.01416,0.02527,-0.00646,0.00311,-0.00918,0.29157,-0.08465,0.00040,0.00000,0.00000,-0.08465,0.00040,-0.00707,0.82567,0,0.02474,-0.00581
1.2266,-0.37651,0.01416,0.02528,-0.00648,0.00281,-0.00907,0.29157,-0.08479,0.00040,0.00000,0.00000,-0.08479,0.00040,-0.00723,0.82565,0,0.02474,-0.00581
1.2286,-0.37651,0.01416,0.02528,-0.00650,0.00250,-0.00897,0.29157,-0.08493,0.00040,0.00000,0.00000,-0.08493,0.00040,-0.00740,0.82563,0,0.02474,-0.00581
1.2306,-0.37651,0.01416,0.02529,-0.00652,0.00220,-0.00886,0.29157,-0.08507,0.00040,0.00000,0.00000,-0.08507,0.00040,-0.00754,0.82567,0,0.02474,-0.00581
1.2326,-0.37651,0.01416,0.02529,-0.00653,0.00189,-0.00875,0.29157,-0.08521,0.00040,0.00000,0.00000,-0.08521,0.00040,-0.00770,0.82567,0,0.02474,-0.00581
1.2346,-0.37651,0.01416,0.02530,-0.00655,0.00159,-0.00864,0.29157,-0.08535,0.00040,0.00000,0.00000,-0.08535,0.00040,-0.00787,0.82566,0,0.02474,-0.00581
1.2367,-0.37651,0.01416,0.02530,-0.00657,0.00128,-0.00853,0.29157,-0.08549,0.00041,0.00000,0.00000,-0.08549,0.00041,-0.00808,0.82567,0,0.02474,-0.00581
1.2386,-0.37651,0.01416,0.02530,-0.00659,0.00098,-0.00842,0.29157,-0.08562,0.00041,0.00000,0.00000,-0.08562,0.00041,-0.00822,0.82566,0,0.02474,-0.00581
1.2407,-0.37651,0.01416,0.02530,-0.00660,0.00067,-0.00831,0.29157,-0.08576,0.00041,0.00000,0.00000,-0.08576,0.00041,-0.00842,0.82566,0,0.02474,-0.00581
1.2427,-0.37651,0.01416,0.02530,-0.00662,0.00036,-0.00820,0.29157,-0.08590,0.00041,0.00000,0.00000,-0.08590,0.00041,-0.00854,0.82566,0,0.02474,-0.00581
1.2447,-0.37651,0.01416,0.02530,-0.00664,0.00006,-0.00809,0.29157,-0.08604,0.00041,0.00000,0.00000,-0.08604,0.00041,-0.00875,0.82564,0,0.02474,-0.00581
1.2467,-0.37651,0.01416,0.02530,-0.00665,-0.00025,-0.00798,0.29157,-0.08618,0.00041,0.00000,0.00000,-0.08618,0.00041,-0.00886,0.82563,0,0.02474,-0.00581
1.2487,-0.37651,0.01416,0.02530,-0.00667,-0.00055,-0.00786,0.29157,-0.08632,0.00041,0.00000,0.00000,-0.08632,0.00041,-0.00911,0.82566,0,0.02474,-0.00581
1.2507,-0.37651,0.01416,0.02530,-0.00668,-0.00086,-0.00775,0.29157,-0.08646,0.00041,0.00000,0.00000,-0.08646,0.00041,-0.00925,0.82563,0,0.02474,-0.00581
1.2527,-0.37651,0.01416,0.02530,-0.00670,-0.00116,-0.00764,0.29157,-0.08660,0.00041,0.00000,0.00000,-0.08660,0.00041,-0.00944,0.82564,0,0.02474,-0.00581
1.2547,-0.37651,0.01416,0.02530,-0.00671,-0.00147,-0.00753,0.29157,-0.08674,0.00041,0.00000,0.00000,-0.08674,0.00041,-0.00959,0.82569,0,0.02474,-0.00581
1.2567,-0.37651,0.01416,0.02529,-0.00673,-0.00177,-0.00742,0.29157,-0.08687,0.00041,0.00000,0.00000,-0.08687,0.00041,-0.00979,0.82564,0,0.02474,-0.00581
1.2587,-0.37651,0.01416,0.02529,-0.00674,-0.00208,-0.00730,0.29157,-0.08701,0.00041,0.00000,0.00000,-0.08701,0.00041,-0.00996,0.82566,0,0.02474,-0.00581
1.2607,-0.37651,0.01416,0.02529,-0.00676,-0.00239,-0.00719,0.29157,-0.08715,0.00041,0.00000,0.00000,-0.08715,0.00041,-0.01011,0.82568,0,0.02474,-0.00581
1.2627,-0.37651,0.01416,0.02528,-0.00677,-0.00269,-0.00708,0.29157,-0.08729,0.00041,0.00000,0.00000,-0.08729,0.00041,-0.01030,0.82568,0,0.02474,-0.00581
1.2647,-0.37651,0.01416,0.02528,-0.00679,-0.00300,-0.00697,0.29157,-0.08743,0.00041,0.00000,0.00000,-0.08743,0.00041,-0.01045,0.82569,0,0.02474,-0.00581
1.2667,-0.37651,0.01416,0.02527,-0.00680,-0.00330,-0.00685,0.29157,-0.08757,0.00042,0.00000,0.00000,-0.08757,0.00042,-0.01070,0.82566,0,0.02474,-0.00581
1.2687,-0.37202,0.01507,0.02557,-0.00668,-0.00256,-0.00627,0.29032,-0.08770,0.00042,0.00000,0.00000,-0.08770,0.00042,-0.01085,0.82567,0,0.02586,-0.00622
1.2707,-0.37202,0.01507,0.02557,-0.00669,-0.00287,-0.00616,0.29032,-0.08784,0.00042,0.00000,0.00000,-0.08784,0.00042,-0.01108,0.82564,0,0.02586,-0.00622
1.2727,-0.37202,0.01507,0.02556,-0.00670,-0.00318,-0.00605,0.29032,-0.08798,0.00042,0.00000,0.00000,-0.08798,0.00042,-0.01120,0.82566,0,0.02586,-0.00622
1.2747,-0.37202,0.01507,0.02555,-0.00671,-0.00349,-0.00594,0.29032,-0.08812,0.00042,0.00000,0.00000,-0.08812,0.00042,-0.01136,0.82568,0,0.02586,-0.00622
1.2768,-0.37202,0.01507,0.02555,-0.00672,-0.00380,-0.00583,0.29032,-0.08826,0.00042,0.00000,0.00000,-0.08826,0.00042,-0.01151,0.82570,0,0.02586,-0.00622
1.2788,-0.37202,0.01507,0.02554,-0.00674,-0.00411,-0.00571,0.29032,-0.08840,0.00042,0.00000,0.00000,-0.08840,0.00042,-0.01175,0.82564,0,0.02586,-0.00622
1.2808,-0.37202,0.01507,0.02553,-0.00675,-0.00442,-0.00560,0.29032,-0.08853,0.00042,0.00000,0.00000,-0.08853,0.00042,-0.01192,0.82568,0,0.02586,-0.00622
1.2828,-0.37202,0.01507,0.02552,-0.00676,-0.00473,-0.00549,0.29032,-0.08867,0.00042,0.00000,0.00000,-0.08867,0.00042,-0.01207,0.82563,0,0.02586,-0.00622
1.2848,-0.37202,0.01507,0.02551,-0.00677,-0.00504,-0.00537,0.29032,-0.08881,0.00042,0.00000,0.00000,-0.08881,0.00042,-0.01225,0.82567,0,0.02586,-0.00622
1.2868,-0.37202,0.01507,0.02550,-0.00678,-0.00535,-0.00526,0.29032,-0.08895,0.00042,0.00000,0.00000,-0.08895,0.00042,-0.01246,0.82566,0,0.02586,-0.00622
1.2888,-0.37202,0.01507,0.02549,-0.00679,-0.00566,-0.00515,0.29032,-0.08909,0.00042,0.00000,0.00000,-0.08909,0.00042,-0.01257,0.82566,0,0.02586,-0.00622
1.2908,-0.37202,0.01507,0.02548,-0.00680,-0.00597,-0.00503,0.29032,-0.08923,0.00042,0.00000,0.00000,-0.08923,0.00042,-0.01277,0.82568,0,0.02586,-0.00622
1.2928,-0.37202,0.01507,0.02547,-0.00681,-0.00628,-0.00492,0.29032,-0.08936,0.00042,0.00000,0.00000,-0.08936,0.00042,-0.01299,0.82562,0,0.02586,-0.00622
1.2948,-0.37202,0.01507,0.02545,-0.00682,-0.00658,-0.00481,0.29032,-0.08950,0.00042,0.00000,0.00000,-0.08950,0.00042,-0.01314,0.82563,0,0.02586,-0.00622
1.2968,-0.37202,0.01507,0.02544,-0.00683,-0.00689,-0.00469,0.29032,-0.08964,0.00043,0.00000,0.00000,-0.08964,0.00043,-0.01329,0.82565,0,0.02586,-0.00622
1.2988,-0.37202,0.01507,0.02543,-0.00684,-0.00720,-0.00458,0.29032,-0.08978,0.00043,0.00000,0.00000,-0.08978,0.00043,-0.01348,0.82567,0,0.02586,-0.00622
1.3008,-0.37202,0.01507,0.02541,-0.00685,-0.00751,-0.00446,0.29032,-0.08992,0.00043,0.00000,0.00000,-0.08992,0.00043,-0.01369,0.82564,0,0.02586,-0.00622
1.3028,-0.37202,0.01507,0.02540,-0.00686,-0.00782,-0.00435,0.29032,-0.09006,0.00043,0.00000,0.00000,-0.09006,0.00043,-0.01391,0.82563,0,0.02586,-0.00622
1.3048,-0.37202,0.01507,0.02538,-0.00687,-0.00812,-0.00424,0.29032,-0.09019,0.00043,0.00000,0.00000,-0.09019,0.00043,-0.01403,0.82564,0,0.02586,-0.00622
1.3068,-0.37202,0.01507,0.02536,-0.00687,-0.00843,-0.00412,0.29032,-0.09033,0.00043,0.00000,0.00000,-0.09033,0.00043,-0.01422,0.82566,0,0.02586,-0.00622
1.3088,-0.37202,0.01507,0.02535,-0.00688,-0.00874,-0.00401,0.29032,-0.09047,0.00043,0.00000,0.00000,-0.09047,0.00043,-0.01448,0.82565,0,0.02586,-0.00622
1.3108,-0.37202,0.01507,0.02533,-0.00689,-0.00904,-0.00389,0.29032,-0.09061,0.00043,0.00000,0.00000,-0.09061,0.00043,-0.01461,0.82564,0,0.02586,-0.00622
1.3128,-0.37202,0.01507,0.02531,-0.00690,-0.00935,-0.00378,0.29032,-0.09075,0.00043,0.00000,0.00000,-0.09075,0.00043,-0.01478,0.82564,0,0.02586,-0.00622
1.3148,-0.37202,0.01507,0.02529,-0.00691,-0.00966,-0.00366,0.29032,-0.09089,0.00043,0.00000,0.00000,-0.09089,0.00043,-0.01495,0.82566,0,0.02586,-0.00622
1.3168,-0.37202,0.01507,0.02527,-0.00691,-0.00996,-0.00354,0.29032,-0.09103,0.00043,0.00000,0.00000,-0.09103,0.00043,-0.01513,0.82569,0,0.02586,-0.00622
1.3188,-0.37202,0.01507,0.02525,-0.00692,-0.01027,-0.00343,0.29032,-0.09116,0.00043,0.00000,0.00000,-0.09116,0.00043,-0.01527,0.82565,0,0.02586,-0.00622
1.3208,-0.37202,0.01507,0.02523,-0.00693,-0.01057,-0.00331,0.29032,-0.09130,0.00043,0.00000,0.00000,-0.09130,0.00043,-0.01551,0.82567,0,0.02586,-0.00622
1.3228,-0.37202,0.01507,0.02521,-0.00693,-0.01087,-0.00320,0.29032,-0.09144,0.00043,0.00000,0.00000,-0.09144,0.00043,-0.01569,0.82568,0,0.02586,-0.00622
1.3248,-0.37202,0.01507,0.02519,-0.00694,-0.01118,-0.00308,0.29032,-0.09158,0.00043,0.00000,0.00000,-0.09158,0.00043,-0.01589,0.82564,0,0.02586,-0.00622
1.3268,-0.37202,0.01507,0.02516,-0.00695,-0.01148,-0.00297,0.29032,-0.09172,0.00044,0.00000,0.00000,-0.09172,0.00044,-0.01611,0.82567,0,0.02586,-0.00622
1.3288,-0.37202,0.01507,0.02514,-0.00695,-0.01178,-0.00285,0.29032,-0.09186,0.00044,0.00000,0.00000,-0.09186,0.00044,-0.01627,0.82569,0,0.02586,-0.00622
1.3308,-0.37202,0.01507,0.02512,-0.00696,-0.01209,-0.00273,0.29032,-0.09199,0.00044,0.00000,0.00000,-0.09199,0.00044,-0.01645,0.82566,0,0.02586,-0.00622
1.3328,-0.37202,0.01507,0.02509,-0.00696,-0.01239,-0.00262,0.29032,-0.09213,0.00044,0.00000,0.00000,-0.09213,0.00044,-0.01659,0.82568,0,0.02586,-0.00622
1.3348,-0.36525,0.01611,0.02520,-0.00685,-0.01225,-0.00209,0.28356,-0.09227,0.00044,0.00000,0.00000,-0.09227,0.00044,-0.01679,0.82566,0,0.02572,-0.00658
1.3368,-0.36525,0.01611,0.02517,-0.00685,-0.01255,-0.00198,0.28356,-0.09241,0.00044,0.00000,0.00000,-0.09241,0.00044,-0.01695,0.82566,0,0.02572,-0.00658
1.3388,-0.36525,0.01611,0.02515,-0.00685,-0.01285,-0.00186,0.28356,-0.09255,0.00044,0.00000,0.00000,-0.09255,0.00044,-0.01716,0.82567,0,0.02572,-0.00658
1.3408,-0.36525,0.01611,0.02512,-0.00686,-0.01316,-0.00175,0.28356,-0.09269,0.00044,0.00000,0.00000,-0.09269,0.00044,-0.01736,0.82565,0,0.02572,-0.00658
1.3429,-0.36525,0.01611,0.02510,-0.00686,-0.01346,-0.00164,0.28356,-0.09283,0.00044,0.00000,0.00000,-0.09283,0.00044,-0.01750,0.82569,0,0.02572,-0.00658
1.3449,-0.36525,0.01611,0.02507,-0.00686,-0.01376,-0.00152,0.28356,-0.09297,0.00044,0.00000,0.00000,-0.09297,0.00044,-0.01770,0.82565,0,0.02572,-0.00658
1.3469,-0.36525,0.01611,0.02504,-0.00687,-0.01406,-0.00141,0.28356,-0.09311,0.00044,0.00000,0.00000,-0.09311,0.00044,-0.01788,0.82570,0,0.02572,-0.00658
1.3489,-0.36525,0.01611,0.02501,-0.00687,-0.01436,-0.00129,0.28356,-0.09325,0.00044,0.00000,0.00000,-0.09325,0.00044,-0.01805,0.82567,0,0.02572,-0.00658
1.3509,-0.36525,0.01611,0.02498,-0.00687,-0.01466,-0.00118,0.28356,-0.09338,0.00044,0.00000,0.00000,-0.09338,0.00044,-0.01827,0.82567,0,0.02572,-0.00658
1.3529,-0.36525,0.01611,0.02495,-0.00687,-0.01496,-0.00106,0.28356,-0.09352,0.00044,0.00000,0.00000,-0.09352,0.00044,-0.01846,0.82567,0,0.02572,-0.00658
1.3549,-0.36525,0.01611,0.02492,-0.00688,-0.01526,-0.00095,0.28356,-0.09366,0.00044,0.00000,0.00000,-0.09366,0.00044,-0.01862,0.82572,0,0.02572,-0.00658
1.3569,-0.36525,0.01611,0.02489,-0.00688,-0.01556,-0.00083,0.28356,-0.09380,0.00045,0.00000,0.00000,-0.09380,0.00045,-0.01883,0.82566,0,0.02572,-0.00658
1.3589,-0.36525,0.01611,0.02486,-0.00688,-0.01586,-0.00072,0.28356,-0.09394,0.00045,0.00000,0.00000,-0.09394,0.00045,-0.01899,0.82571,0,0.02572,-0.00658
1.3609,-0.36525,0.01611,0.02483,-0.00688,-0.01615,-0.00060,0.28356,-0.09408,0.00045,0.00000,0.00000,-0.09408,0.00045,-0.01917,0.82570,0,0.02572,-0.00658
1.3629,-0.36525,0.01611,0.02480,-0.00688,-0.01645,-0.00049,0.28356,-0.09422,0.00045,0.00000,0.00000,-0.09422,0.00045,-0.01936,0.82567,0,0.02572,-0.00658
1.3649,-0.36525,0.01611,0.02476,-0.00688,-0.01675,-0.00037,0.28356,-0.09435,0.00045,0.00000,0.00000,-0.09435,0.00045,-0.01957,0.82574,0,0.02572,-0.00658
1.3669,-0.36525,0.01611,0.02473,-0.00688,-0.01704,-0.00026,0.28356,-0.09449,0.00045,0.00000,0.00000,-0.09449,0.00045,-0.01971,0.82569,0,0.02572,-0.00658
1.3689,-0.36525,0.01611,0.02470,-0.00688,-0.01734,-0.00014,0.28356,-0.09463,0.00045,0.00000,0.00000,-0.09463,0.00045,-0.01996,0.82566,0,0.02572,-0.00658
1.3709,-0.36525,0.01611,0.02466,-0.00688,-0.01764,-0.00003,0.28356,-0.09477,0.00045,0.00000,0.00000,-0.09477,0.00045,-0.02016,0.82571,0,0.02572,-0.00658
1.3729,-0.36525,0.01611,0.02463,-0.00688,-0.01793,0.00009,0.28356,-0.09491,0.00045,0.00000,0.00000,-0.09491,0.00045,-0.02030,0.82570,0,0.02572,-0.00658
1.3749,-0.36525,0.01611,0.02459,-0.00688,-0.01822,0.00020,0.28356,-0.09505,0.00045,0.00000,0.00000,-0.09505,0.00045,-0.02050,0.82571,0,0.02572,-0.00658
1.3769,-0.36525,0.01611,0.02455,-0.00688,-0.01852,0.00032,0.28356,-0.09518,0.00045,0.00000,0.00000,-0.09518,0.00045,-0.02070,0.82569,0,0.02572,-0.00658
1.3789,-0.36525,0.01611,0.02452,-0.00688,-0.01881,0.00043,0.28356,-0.09532,0.00045,0.00000,0.00000,-0.09532,0.00045,-0.02089,0.82573,0,0.02572,-0.00658
1.3809,-0.36525,0.01611,0.02448,-0.00688,-0.01910,0.00055,0.28356,-0.09546,0.00045,0.00000,0.00000,-0.09546,0.00045,-0.02108,0.82573,0,0.02572,-0.00658
1.3829,-0.36525,0.01611,0.02444,-0.00688,-0.01939,0.00066,0.28356,-0.09560,0.00045,0.00000,0.00000,-0.09560,0.00045,-0.02131,0.82572,0,0.02572,-0.00658
1.3849,-0.36525,0.01611,0.02440,-0.00688,-0.01968,0.00077,0.28356,-0.09574,0.00045,0.00000,0.00000,-0.09574,0.00045,-0.02145,0.82570,0,0.02572,-0.00658
1.3869,-0.36525,0.01611,0.02436,-0.00688,-0.01997,0.00089,0.28356,-0.09588,0.00045,0.00000,0.00000,-0.09588,0.00045,-0.02162,0.82574,0,0.02572,-0.00658
1.3889,-0.36525,0.01611,0.02432,-0.00688,-0.02026,0.00100,0.28356,-0.09601,0.00046,0.00000,0.00000,-0.09601,0.00046,-0.02183,0.82573,0,0.02572,-0.00658
1.3910,-0.36525,0.01611,0.02428,-0.00687,-0.02055,0.00112,0.28356,-0.09615,0.00046,0.00000,0.00000,-0.09615,0.00046,-0.02204,0.82574,0,0.02572,-0.00658
1.3930,-0.36525,0.01611,0.02424,-0.00687,-0.02084,0.00123,0.28356,-0.09629,0.00046,0.00000,0.00000,-0.09629,0.00046,-0.02219,0.82574,0,0.02572,-0.00658
1.3950,-0.36525,0.01611,0.02420,-0.00687,-0.02113,0.00135,0.28356,-0.09643,0.00046,0.00000,0.00000,-0.09643,0.00046,-0.02237,0.82576,0,0.02572,-0.00658
1.3970,-0.36525,0.01611,0.02415,-0.00687,-0.02141,0.00146,0.28356,-0.09657,0.00046,0.00000,0.00000,-0.09657,0.00046,-0.02258,0.82574,0,0.02572,-0.00658
1.3990,-0.35761,0.01669,0.02434,-0.00686,-0.02090,0.00159,0.28081,-0.09671,0.00046,0.00000,0.00000,-0.09671,0.00046,-0.02280,0.82576,0,0.02531,-0.00687
1.4010,-0.35761,0.01669,0.02430,-0.00686,-0.02119,0.00171,0.28081,-0.09685,0.00046,0.00000,0.00000,-0.09685,0.00046,-0.02301,0.82570,0,0.02531,-0.00687
1.4030,-0.35761,0.01669,0.02426,-0.00685,-0.02148,0.00182,0.28081,-0.09699,0.00046,0.00000,0.00000,-0.09699,0.00046,-0.02319,0.82572,0,0.02531,-0.00687
1.4050,-0.35761,0.01669,0.02422,-0.00685,-0.02176,0.00193,0.28081,-0.09712,0.00046,0.00000,0.00000,-0.09712,0.00046,-0.02336,0.82574,0,0.02531,-0.00687
1.4070,-0.35761,0.01669,0.02417,-0.00684,-0.02205,0.00205,0.28081,-0.09726,0.00046,0.00000,0.00000,-0.09726,0.00046,-0.02357,0.82573,0,0.02531,-0.00687
1.4090,-0.35761,0.01669,0.02413,-0.00684,-0.02234,0.00216,0.28081,-0.09740,0.00046,0.00000,0.00000,-0.09740,0.00046,-0.02378,0.82572,0,0.02531,-0.00687
1.4110,-0.35761,0.01669,0.02408,-0.00684,-0.02262,0.00228,0.28081,-0.09754,0.00046,0.00000,0.00000,-0.09754,0.00046,-0.02394,0.82574,0,0.02531,-0.00687
1.4130,-0.35761,0.01669,0.02404,-0.00683,-0.02291,0.00239,0.28081,-0.09768,0.00046,0.00000,0.00000,-0.09768,0.00046,-0.02413,0.82573,0,0.02531,-0.00687
1.4150,-0.35761,0.01669,0.02399,-0.00683,-0.02319,0.00250,0.28081,-0.09782,0.00046,0.00000,0.00000,-0.09782,0.00046,-0.02429,0.82572,0,0.02531,-0.00687
1.4170,-0.35761,0.01669,0.02394,-0.00682,-0.02347,0.00262,0.28081,-0.09795,0.00046,0.00000,0.00000,-0.09795,0.00046,-0.02452,0.82573,0,0.02531,-0.00687
1.4190,-0.35761,0.01669,0.02390,-0.00682,-0.02376,0.00273,0.28081,-0.09809,0.00047,0.00000,0.00000,-0.09809,0.00047,-0.02472,0.82572,0,0.02531,-0.00687
1.4210,-0.35761,0.01669,0.02385,-0.00681,-0.02404,0.00285,0.28081,-0.09823,0.00047,0.00000,0.00000,-0.09823,0.00047,-0.02489,0.82572,0,0.02531,-0.00687
1.4230,-0.35761,0.01669,0.02380,-0.00680,-0.02432,0.00296,0.28081,-0.09837,0.00047,0.00000,0.00000,-0.09837,0.00047,-0.02510,0.82574,0,0.02531,-0.00687
1.4250,-0.35761,0.01669,0.02375,-0.00680,-0.02460,0.00307,0.28081,-0.09851,0.00047,0.00000,0.00000,-0.09851,0.00047,-0.02529,0.82576,0,0.02531,-0.00687
1.4270,-0.35761,0.01669,0.02370,-0.00679,-0.02488,0.00319,0.28081,-0.09865,0.00047,0.00000,0.00000,-0.09865,0.00047,-0.02550,0.82572,0,0.02531,-0.00687
1.4290,-0.35761,0.01669,0.02365,-0.00679,-0.02515,0.00330,0.28081,-0.09878,0.00047,0.00000,0.00000,-0.09878,0.00047,-0.02568,0.82572,0,0.02531,-0.00687
1.4310,-0.35761,0.01669,0.02360,-0.00678,-0.02543,0.00341,0.28081,-0.09892,0.00047,0.00000,0.00000,-0.09892,0.00047,-0.02586,0.82571,0,0.02531,-0.00687
1.4330,-0.35761,0.01669,0.02355,-0.00677,-0.02571,0.00352,0.28081,-0.09906,0.00047,0.00000,0.00000,-0.09906,0.00047,-0.02610,0.82571,0,0.02531,-0.00687
1.4350,-0.35761,0.01669,0.02350,-0.00676,-0.02598,0.00364,0.28081,-0.09920,0.00047,0.00000,0.00000,-0.09920,0.00047,-0.02628,0.82577,0,0.02531,-0.00687
1.4370,-0.35761,0.01669,0.02345,-0.00676,-0.02626,0.00375,0.28081,-0.09934,0.00047,0.00000,0.00000,-0.09934,0.00047,-0.02653,0.82573,0,0.02531,-0.00687
1.4390,-0.35761,0.01669,0.02339,-0.00675,-0.02653,0.00386,0.28081,-0.09948,0.00047,0.00000,0.00000,-0.09948,0.00047,-0.02669,0.82575,0,0.02531,-0.00687
1.4410,-0.35761,0.01669,0.02334,-0.00674,-0.02681,0.00398,0.28081,-0.09961,0.00047,0.00000,0.00000,-0.09961,0.00047,-0.02688,0.82575,0,0.02531,-0.00687
1.4430,-0.35761,0.01669,0.02329,-0.00673,-0.02708,0.00409,0.28081,-0.09975,0.00047,0.00000,0.00000,-0.09975,0.00047,-0.02705,0.82578,0,0.02531,-0.00687
1.4450,-0.35761,0.01669,0.02323,-0.00673,-0.02735,0.00420,0.28081,-0.09989,0.00047,0.00000,0.00000,-0.09989,0.00047,-0.02728,0.82572,0,0.02531,-0.00687
1.4470,-0.35761,0.01669,0.02318,-0.00672,-0.02762,0.00431,0.28081,-0.10003,0.00047,0.00000,0.00000,-0.10003,0.00047,-0.02741,0.82578,0,0.02531,-0.00687
1.4490,-0.35761,0.01669,0.02312,-0.00671,-0.02789,0.00442,0.28081,-0.10017,0.00048,0.00000,0.00000,-0.10017,0.00048,-0.02766,0.82573,0,0.02531,-0.00687
1.4510,-0.35761,0.01669,0.02307,-0.00670,-0.02816,0.00454,0.28081,-0.10031,0.00048,0.00000,0.00000,-0.10031,0.00048,-0.02787,0.82576,0,0.02531,-0.00687
1.4530,-0.35761,0.01669,0.02301,-0.00669,-0.02842,0.00465,0.28081,-0.10044,0.00048,0.00000,0.00000,-0.10044,0.00048,-0.02808,0.82574,0,0.02531,-0.00687
1.4550,-0.35761,0.01669,0.02295,-0.00668,-0.02869,0.00476,0.28081,-0.10058,0.00048,0.00000,0.00000,-0.10058,0.00048,-0.02824,0.82581,0,0.02531,-0.00687
1.4571,-0.35761,0.01669,0.02289,-0.00667,-0.02896,0.00487,0.28081,-0.10072,0.00048,0.00000,0.00000,-0.10072,0.00048,-0.02846,0.82575,0,0.02531,-0.00687
1.4591,-0.35761,0.01669,0.02284,-0.00666,-0.02922,0.00498,0.28081,-0.10086,0.00048,0.00000,0.00000,-0.10086,0.00048,-0.02865,0.82579,0,0.02531,-0.00687
1.4611,-0.35761,0.01669,0.02278,-0.00665,-0.02948,0.00509,0.28081,-0.10100,0.00048,0.00000,0.00000,-0.10100,0.00048,-0.02885,0.82579,0,0.02531,-0.00687
1.4631,-0.35761,0.01669,0.02272,-0.00664,-0.02974,0.00520,0.28081,-0.10114,0.00048,0.00000,0.00000,-0.10114,0.00048,-0.02909,0.82578,0,0.02531,-0.00687
1.4651,-0.35761,0.01669,0.02266,-0.00663,-0.03001,0.00531,0.28483,-0.10128,0.00048,0.00000,0.00000,-0.10128,0.00048,-0.02923,0.82577,0,0.02408,-0.00682
1.4671,-0.34984,0.01639,0.02277,-0.00663,-0.02968,0.00539,0.28483,-0.10142,0.00048,0.00000,0.00000,-0.10142,0.00048,-0.02948,0.82580,0,0.02408,-0.00682
1.4691,-0.34984,0.01639,0.02271,-0.00662,-0.02994,0.00550,0.28483,-0.10155,0.00048,0.00000,0.00000,-0.10155,0.00048,-0.02968,0.82578,0,0.02408,-0.00682
1.4711,-0.34984,0.01639,0.02265,-0.00661,-0.03020,0.00561,0.28483,-0.10169,0.00048,0.00000,0.00000,-0.10169,0.00048,-0.02986,0.82576,0,0.02408,-0.00682
1.4731,-0.34984,0.01639,0.02259,-0.00660,-0.03046,0.00572,0.28483,-0.10183,0.00048,0.00000,0.00000,-0.10183,0.00048,-0.03003,0.82575,0,0.02408,-0.00682
1.4751,-0.34984,0.01639,0.02253,-0.00658,-0.03072,0.00583,0.28483,-0.10197,0.00048,0.00000,0.00000,-0.10197,0.00048,-0.03030,0.82580,0,0.02408,-0.00682
1.4771,-0.34984,0.01639,0.02247,-0.00657,-0.03098,0.00594,0.28483,-0.10211,0.00048,0.00000,0.00000,-0.10211,0.00048,-0.03045,0.82578,0,0.02408,-0.00682
1.4791,-0.34984,0.01639,0.02241,-0.00656,-0.03123,0.00605,0.28483,-0.10225,0.00049,0.00000,0.00000,-0.10225,0.00049,-0.03071,0.82580,0,0.02408,-0.00682
1.4811,-0.34984,0.01639,0.02234,-0.00655,-0.03149,0.00616,0.28483,-0.10238,0.00049,0.00000,0.00000,-0.10238,0.00049,-0.03090,0.82575,0,0.02408,-0.00682
1.4831,-0.34984,0.01639,0.02228,-0.00654,-0.03175,0.00627,0.28483,-0.10252,0.00049,0.00000,0.00000,-0.10252,0.00049,-0.03111,0.82579,0,0.02408,-0.00682
1.4851,-0.34984,0.01639,0.02222,-0.00652,-0.03200,0.00638,0.28483,-0.10266,0.00049,0.00000,0.00000,-0.10266,0.00049,-0.03132,0.82580,0,0.02408,-0.00682
1.4871,-0.34984,0.01639,0.02215,-0.00651,-0.03225,0.00648,0.28483,-0.10280,0.00049,0.00000,0.00000,-0.10280,0.00049,-0.03150,0.82581,0,0.02408,-0.00682
1.4891,-0.34984,0.01639,0.02209,-0.00650,-0.03250,0.00659,0.28483,-0.10294,0.00049,0.00000,0.00000,-0.10294,0.00049,-0.03170,0.82582,0,0.02408,-0.00682
1.4911,-0.34984,0.01639,0.02202,-0.00648,-0.03276,0.00670,0.28483,-0.10308,0.00049,0.00000,0.00000,-0.10308,0.00049,-0.03190,0.82582,0,0.02408,-0.00682
1.4931,-0.34984,0.01639,0.02196,-0.00647,-0.03301,0.00681,0.28483,-0.10321,0.00049,0.00000,0.00000,-0.10321,0.00049,-0.03212,0.82582,0,0.02408,-0.00682
1.4951,-0.34984,0.01639,0.02189,-0.00646,-0.03325,0.00692,0.28483,-0.10335,0.00049,0.00000,0.00000,-0.10335,0.00049,-0.03230,0.82583,0,0.02408,-0.00682
1.4971,-0.34984,0.01639,0.02182,-0.00644,-0.03350,0.00702,0.28483,-0.10349,0.00049,0.00000,0.00000,-0.10349,0.00049,-0.03251,0.82579,0,0.02408,-0.00682
1.4991,-0.34984,0.01639,0.02176,-0.00643,-0.03375,0.00713,0.28483,-0.10363,0.00049,0.00000,0.00000,-0.10363,0.00049,-0.03274,0.82582,0,0.02408,-0.00682
1.5011,-0.34984,0.01639,0.02169,-0.00641,-0.03399,0.00724,0.28483,-0.10377,0.00049,0.00000,0.00000,-0.10377,0.00049,-0.03296,0.82583,0,0.02408,-0.00682
1.5031,-0.34984,0.01639,0.02162,-0.00640,-0.03424,0.00734,0.28483,-0.10391,0.00049,0.00000,0.00000,-0.10391,0.00049,-0.03318,0.82582,0,0.02408,-0.00682
1.5051,-0.34984,0.01639,0.02155,-0.00639,-0.03448,0.00745,0.28483,-0.10404,0.00049,0.00000,0.00000,-0.10404,0.00049,-0.03338,0.82584,0,0.02408,-0.00682
1.5071,-0.34984,0.01639,0.02148,-0.00637,-0.03472,0.00756,0.28483,-0.10418,0.00049,0.00000,0.00000,-0.10418,0.00049,-0.03358,0.82582,0,0.02408,-0.00682
1.5091,-0.34984,0.01639,0.02141,-0.00635,-0.03496,0.00766,0.28483,-0.10432,0.00049,0.00000,0.00000,-0.10432,0.00049,-0.03380,0.82584,0,0.02408,-0.00682
1.5111,-0.34984,0.01639,0.02134,-0.00634,-0.03520,0.00777,0.28483,-0.10446,0.00050,0.00000,0.00000,-0.10446,0.00050,-0.03397,0.82583,0,0.02408,-0.00682
1.5131,-0.34984,0.01639,0.02127,-0.00632,-0.03544,0.00787,0.28483,-0.10460,0.00050,0.00000,0.00000,-0.10460,0.00050,-0.03420,0.82583,0,0.02408,-0.00682
1.5151,-0.34984,0.01639,0.02120,-0.00631,-0.03568,0.00798,0.28483,-0.10474,0.00050,0.00000,0.00000,-0.10474,0.00050,-0.03441,0.82584,0,0.02408,-0.00682
1.5171,-0.34984,0.01639,0.02113,-0.00629,-0.03591,0.00808,0.28483,-0.10488,0.00050,0.00000,0.00000,-0.10488,0.00050,-0.03462,0.82585,0,0.02408,-0.00682
1.5191,-0.34984,0.01639,0.02106,-0.00628,-0.03615,0.00819,0.28483,-0.10501,0.00050,0.00000,0.00000,-0.10501,0.00050,-0.03484,0.82585,0,0.02408,-0.00682
1.5211,-0.34984,0.01639,0.02099,-0.00626,-0.03638,0.00829,0.28483,-0.10515,0.00050,0.00000,0.00000,-0.10515,0.00050,-0.03503,0.82588,0,0.02408,-0.00682
1.5231,-0.34984,0.01639,0.02091,-0.00624,-0.03661,0.00840,0.28483,-0.10529,0.00050,0.00000,0.00000,-0.10529,0.00050,-0.03528,0.82585,0,0.02408,-0.00682
1.5252,-0.34984,0.01639,0.02084,-0.00623,-0.03684,0.00850,0.28483,-0.10543,0.00050,0.00000,0.00000,-0.10543,0.00050,-0.03543,0.82588,0,0.02408,-0.00682
1.5272,-0.34984,0.01639,0.02077,-0.00621,-0.03707,0.00860,0.28483,-0.10557,0.00050,0.00000,0.00000,-0.10557,0.00050,-0.03565,0.82591,0,0.02408,-0.00682
1.5292,-0.34984,0.01639,0.02069,-0.00619,-0.03730,0.00871,0.28483,-0.10571,0.00050,0.00000,0.00000,-0.10571,0.00050,-0.03584,0.82590,0,0.02408,-0.00682
1.5312,-0.34984,0.01639,0.02062,-0.00617,-0.03753,0.00881,0.28483,-0.10585,0.00050,0.00000,0.00000,-0.10585,0.00050,-0.03606,0.82583,0,0.02408,-0.00682
1.5332,-0.34984,0.01639,0.02054,-0.00616,-0.03775,0.00891,0.28483,-0.10599,0.00050,0.00000,0.00000,-0.10599,0.00050,-0.03628,0.82587,0,0.02408,-0.00682
1.5352,-0.34107,0.01609,0.02067,-0.00638,-0.03728,0.00819,0.28472,-0.10612,0.00050,0.00000,0.00000,-0.10612,0.00050,-0.03651,0.82586,0,0.02235,-0.00693
1.5372,-0.34107,0.01609,0.02060,-0.00636,-0.03750,0.00830,0.28472,-0.10626,0.00050,0.00000,0.00000,-0.10626,0.00050,-0.03673,0.82586,0,0.02235,-0.00693
1.5392,-0.34107,0.01609,0.02052,-0.00635,-0.03773,0.00841,0.28472,-0.10640,0.00050,0.00000,0.00000,-0.10640,0.00050,-0.03690,0.82588,0,0.02235,-0.00693
1.5412,-0.34107,0.01609,0.02045,-0.00633,-0.03795,0.00851,0.28472,-0.10654,0.00051,0.00000,0.00000,-0.10654,0.00051,-0.03711,0.82589,0,0.02235,-0.00693
1.5432,-0.34107,0.01609,0.02037,-0.00631,-0.03818,0.00862,0.28472,-0.10668,0.00051,0.00000,0.00000,-0.10668,0.00051,-0.03734,0.82591,0,0.02235,-0.00693
1.5452,-0.34107,0.01609,0.02029,-0.00630,-0.03840,0.00872,0.28472,-0.10682,0.00051,0.00000,0.00000,-0.10682,0.00051,-0.03753,0.82593,0,0.02235,-0.00693
1.5472,-0.34107,0.01609,0.02022,-0.00628,-0.03862,0.00883,0.28472,-0.10695,0.00051,0.00000,0.00000,-0.10695,0.00051,-0.03774,0.82589,0,0.02235,-0.00693
1.5492,-0.34107,0.01609,0.02014,-0.00626,-0.03884,0.00893,0.28472,-0.10710,0.00051,0.00000,0.00000,-0.10710,0.00051,-0.03796,0.82590,0,0.02235,-0.00693
1.5512,-0.34107,0.01609,0.02006,-0.00624,-0.03905,0.00903,0.28472,-0.10723,0.00051,0.00000,0.00000,-0.10723,0.00051,-0.03820,0.82589,0,0.02235,-0.00693
1.5533,-0.34107,0.01609,0.01998,-0.00622,-0.03927,0.00914,0.28472,-0.10737,0.00051,0.00000,0.00000,-0.10737,0.00051,-0.03838,0.82596,0,0.02235,-0.00693
1.5553,-0.34107,0.01609,0.01990,-0.00621,-0.03949,0.00924,0.28472,-0.10751,0.00051,0.00000,0.00000,-0.10751,0.00051,-0.03861,0.82595,0,0.02235,-0.00693
1.5573,-0.34107,0.01609,0.01982,-0.00619,-0.03970,0.00934,0.28472,-0.10765,0.00051,0.00000,0.00000,-0.10765,0.00051,-0.03884,0.82593,0,0.02235,-0.00693
1.5593,-0.34107,0.01609,0.01974,-0.00617,-0.03991,0.00945,0.28472,-0.10779,0.00051,0.00000,0.00000,-0.10779,0.00051,-0.03906,0.82592,0,0.02235,-0.00693
1.5613,-0.34107,0.01609,0.01966,-0.00615,-0.04012,0.00955,0.28472,-0.10793,0.00051,0.00000,0.00000,-0.10793,0.00051,-0.03930,0.82589,0,0.02235,-0.00693
1.5633,-0.34107,0.01609,0.01958,-0.00613,-0.04033,0.00965,0.28472,-0.10806,0.00051,0.00000,0.00000,-0.10806,0.00051,-0.03950,0.82597,0,0.02235,-0.00693
1.5653,-0.34107,0.01609,0.01950,-0.00611,-0.04054,0.00975,0.28472,-0.10820,0.00051,0.00000,0.00000,-0.10820,0.00051,-0.03972,0.82595,0,0.02235,-0.00693
1.5673,-0.34107,0.01609,0.01942,-0.00609,-0.04075,0.00986,0.28472,-0.10834,0.00051,0.00000,0.00000,-0.10834,0.00051,-0.03992,0.82590,0,0.02235,-0.00693
1.5693,-0.34107,0.01609,0.01934,-0.00607,-0.04095,0.00996,0.28472,-0.10848,0.00051,0.00000,0.00000,-0.10848,0.00051,-0.04017,0.82597,0,0.02235,-0.00693
1.5713,-0.34107,0.01609,0.01926,-0.00605,-0.04116,0.01006,0.28472,-0.10862,0.00052,0.00000,0.00000,-0.10862,0.00052,-0.04030,0.82595,0,0.02235,-0.00693
1.5733,-0.34107,0.01609,0.01918,-0.00603,-0.04136,0.01016,0.28472,-0.10876,0.00052,0.00000,0.00000,-0.10876,0.00052,-0.04058,0.82591,0,0.02235,-0.00693
1.5753,-0.34107,0.01609,0.01909,-0.00601,-0.04156,0.01026,0.28472,-0.10890,0.00052,0.00000,0.00000,-0.10890,0.00052,-0.04083,0.82593,0,0.02235,-0.00693
1.5773,-0.34107,0.01609,0.01901,-0.00599,-0.04176,0.01036,0.28472,-0.10903,0.00052,0.00000,0.00000,-0.10903,0.00052,-0.04106,0.82594,0,0.02235,-0.00693
1.5793,-0.34107,0.01609,0.01893,-0.00597,-0.04196,0.01046,0.28472,-0.10917,0.00052,0.00000,0.00000,-0.10917,0.00052,-0.04125,0.82594,0,0.02235,-0.00693
1.5813,-0.34107,0.01609,0.01884,-0.00595,-0.04216,0.01056,0.28472,-0.10931,0.00052,0.00000,0.00000,-0.10931,0.00052,-0.04150,0.82592,0,0.02235,-0.00693
1.5833,-0.34107,0.01609,0.01876,-0.00593,-0.04235,0.01066,0.28472,-0.10945,0.00052,0.00000,0.00000,-0.10945,0.00052,-0.04167,0.82597,0,0.02235,-0.00693
1.5853,-0.34107,0.01609,0.01867,-0.00591,-0.04255,0.01075,0.28472,-0.10959,0.00052,0.00000,0.00000,-0.10959,0.00052,-0.04189,0.82594,0,0.02235,-0.00693
1.5873,-0.34107,0.01609,0.01859,-0.00588,-0.04274,0.01085,0.28472,-0.10973,0.00052,0.00000,0.00000,-0.10973,0.00052,-0.04214,0.82593,0,0.02235,-0.00693
1.5894,-0.34107,0.01609,0.01850,-0.00586,-0.04293,0.01095,0.28472,-0.10987,0.00052,0.00000,0.00000,-0.10987,0.00052,-0.04234,0.82596,0,0.02235,-0.00693
1.5914,-0.34107,0.01609,0.01842,-0.00584,-0.04312,0.01105,0.28472,-0.11001,0.00052,0.00000,0.00000,-0.11001,0.00052,-0.04261,0.82595,0,0.02235,-0.00693
1.5934,-0.34107,0.01609,0.01833,-0.00582,-0.04331,0.01114,0.28472,-0.11014,0.00052,0.00000,0.00000,-0.11014,0.00052,-0.04280,0.82594,0,0.02235,-0.00693
1.5954,-0.34107,0.01609,0.01824,-0.00580,-0.04350,0.01124,0.28472,-0.11028,0.00052,0.00000,0.00000,-0.11028,0.00052,-0.04303,0.82594,0,0.02235,-0.00693
1.5974,-0.34107,0.01609,0.01816,-0.00577,-0.04368,0.01134,0.28472,-0.11042,0.00052,0.00000,0.00000,-0.11042,0.00052,-0.04322,0.82598,0,0.02235,-0.00693
1.5994,-0.33143,0.01535,0.01809,-0.00580,-0.04380,0.01127,0.28904,-0.11056,0.00052,0.00000,0.00000,-0.11056,0.00052,-0.04347,0.82595,0,0.01986,-0.00628
1.6014,-0.33143,0.01535,0.01800,-0.00578,-0.04398,0.01136,0.28904,-0.11070,0.00053,0.00000,0.00000,-0.11070,0.00053,-0.04366,0.82594,0,0.01986,-0.00628
1.6034,-0.33143,0.01535,0.01791,-0.00575,-0.04417,0.01146,0.28904,-0.11084,0.00053,0.00000,0.00000,-0.11084,0.00053,-0.04387,0.82597,0,0.01986,-0.00628
1.6054,-0.33143,0.01535,0.01782,-0.00573,-0.04434,0.01156,0.28904,-0.11098,0.00053,0.00000,0.00000,-0.11098,0.00053,-0.04414,0.82598,0,0.01986,-0.00628
1.6074,-0.33143,0.01535,0.01773,-0.00571,-0.04452,0.01165,0.28904,-0.11112,0.00053,0.00000,0.00000,-0.11112,0.00053,-0.04435,0.82594,0,0.01986,-0.00628
1.6094,-0.33143,0.01535,0.01764,-0.00568,-0.04470,0.01175,0.28904,-0.11125,0.00053,0.00000,0.00000,-0.11125,0.00053,-0.04455,0.82598,0,0.01986,-0.00628
1.6114,-0.33143,0.01535,0.01755,-0.00566,-0.04488,0.01184,0.28904,-0.11139,0.00053,0.00000,0.00000,-0.11139,0.00053,-0.04479,0.82600,0,0.01986,-0.00628
1.6134,-0.33143,0.01535,0.01746,-0.00564,-0.04505,0.01193,0.28904,-0.11153,0.00053,0.00000,0.00000,-0.11153,0.00053,-0.04499,0.82598,0,0.01986,-0.00628
1.6155,-0.33143,0.01535,0.01737,-0.00561,-0.04522,0.01203,0.28904,-0.11167,0.00053,0.00000,0.00000,-0.11167,0.00053,-0.04527,0.82594,0,0.01986,-0.00628
1.6175,-0.33143,0.01535,0.01728,-0.00559,-0.04539,0.01212,0.28904,-0.11181,0.00053,0.00000,0.00000,-0.11181,0.00053,-0.04550,0.82598,0,0.01986,-0.00628
1.6195,-0.33143,0.01535,0.01719,-0.00556,-0.04556,0.01221,0.28904,-0.11195,0.00053,0.00000,0.00000,-0.11195,0.00053,-0.04571,0.82596,0,0.01986,-0.00628
1.6215,-0.33143,0.01535,0.01710,-0.00554,-0.04573,0.01231,0.28904,-0.11209,0.00053,0.00000,0.00000,-0.11209,0.00053,-0.04594,0.82598,0,0.01986,-0.00628
1.6235,-0.33143,0.01535,0.01701,-0.00552,-0.04590,0.01240,0.28904,-0.11223,0.00053,0.00000,0.00000,-0.11223,0.00053,-0.04617,0.82595,0,0.01986,-0.00628
1.6255,-0.33143,0.01535,0.01692,-0.00549,-0.04606,0.01249,0.28904,-0.11237,0.00053,0.00000,0.00000,-0.11237,0.00053,-0.04638,0.82596,0,0.01986,-0.00628
1.6275,-0.33143,0.01535,0.01683,-0.00547,-0.04622,0.01258,0.28904,-0.11250,0.00053,0.00000,0.00000,-0.11250,0.00053,-0.04658,0.82597,0,0.01986,-0.00628
1.6295,-0.33143,0.01535,0.01673,-0.00544,-0.04638,0.01267,0.28904,-0.11264,0.00053,0.00000,0.00000,-0.11264,0.00053,-0.04683,0.82596,0,0.01986,-0.00628
1.6315,-0.33143,0.01535,0.01664,-0.00541,-0.04654,0.01276,0.28904,-0.11278,0.00054,0.00000,0.00000,-0.11278,0.00054,-0.04703,0.82599,0,0.01986,-0.00628
1.6335,-0.33143,0.01535,0.01655,-0.00539,-0.04670,0.01285,0.28904,-0.11292,0.00054,0.00000,0.00000,-0.11292,0.00054,-0.04726,0.82597,0,0.01986,-0.00628
1.6355,-0.33143,0.01535,0.01645,-0.00536,-0.04686,0.01294,0.28904,-0.11306,0.00054,0.00000,0.00000,-0.11306,0.00054,-0.04753,0.82597,0,0.01986,-0.00628
1.6375,-0.33143,0.01535,0.01636,-0.00534,-0.04701,0.01303,0.28904,-0.11320,0.00054,0.00000,0.00000,-0.11320,0.00054,-0.04778,0.82597,0,0.01986,-0.00628
1.6396,-0.33143,0.01535,0.01626,-0.00531,-0.04717,0.01312,0.28904,-0.11334,0.00054,0.00000,0.00000,-0.11334,0.00054,-0.04796,0.82598,0,0.01986,-0.00628
1.6416,-0.33143,0.01535,0.01617,-0.00528,-0.04732,0.01320,0.28904,-0.11348,0.00054,0.00000,0.00000,-0.11348,0.00054,-0.04819,0.82597,0,0.01986,-0.00628
1.6436,-0.33143,0.01535,0.01608,-0.00526,-0.04747,0.01329,0.28904,-0.11362,0.00054,0.00000,0.00000,-0.11362,0.00054,-0.04839,0.82598,0,0.01986,-0.00628
1.6456,-0.33143,0.01535,0.01598,-0.00523,-0.04762,0.01338,0.28904,-0.11375,0.00054,0.00000,0.00000,-0.11375,0.00054,-0.04863,0.82600,0,0.01986,-0.00628
1.6476,-0.33143,0.01535,0.01588,-0.00520,-0.04777,0.01347,0.28904,-0.11389,0.00054,0.00000,0.00000,-0.11389,0.00054,-0.04889,0.82597,0,0.01986,-0.00628
1.6496,-0.33143,0.01535,0.01579,-0.00518,-0.04791,0.01355,0.28904,-0.11403,0.00054,0.00000,0.00000,-0.11403,0.00054,-0.04911,0.82599,0,0.01986,-0.00628
1.6516,-0.33143,0.01535,0.01569,-0.00515,-0.04806,0.01364,0.28904,-0.11417,0.00054,0.00000,0.00000,-0.11417,0.00054,-0.04931,0.82597,0,0.01986,-0.00628
1.6536,-0.33143,0.01535,0.01560,-0.00512,-0.04820,0.01372,0.28904,-0.11431,0.00054,0.00000,0.00000,-0.11431,0.00054,-0.04954,0.82596,0,0.01986,-0.00628
1.6556,-0.33143,0.01535,0.01550,-0.00510,-0.04834,0.01381,0.28904,-0.11445,0.00054,0.00000,0.00000,-0.11445,0.00054,-0.04978,0.82595,0,0.01986,-0.00628
1.6577,-0.33143,0.01535,0.01540,-0.00507,-0.04848,0.01389,0.28904,-0.11459,0.00054,0.00000,0.00000,-0.11459,0.00054,-0.04997,0.82601,0,0.01986,-0.00628
1.6597,-0.33143,0.01535,0.01531,-0.00504,-0.04861,0.01397,0.28904,-0.11473,0.00054,0.00000,0.00000,-0.11473,0.00054,-0.05021,0.82598,0,0.01986,-0.00628
1.6617,-0.33143,0.01535,0.01521,-0.00501,-0.04875,0.01406,0.28904,-0.11487,0.00055,0.00000,0.00000,-0.11487,0.00055,-0.05044,0.82596,0,0.01986,-0.00628
1.6637,-0.33143,0.01535,0.01511,-0.00498,-0.04889,0.01414,0.28904,-0.11501,0.00055,0.00000,0.00000,-0.11501,0.00055,-0.05066,0.82597,0,0.01986,-0.00628
1.6657,-0.33143,0.01535,0.01501,-0.00496,-0.04902,0.01422,0.28904,-0.11515,0.00055,0.00000,0.00000,-0.11515,0.00055,-0.05088,0.82600,0,0.01986,-0.00628
1.6677,-0.32090,0.01425,0.01515,-0.00483,-0.04836,0.01464,0.29084,-0.11529,0.00055,0.00000,0.00000,-0.11529,0.00055,-0.05136,0.82600,0,0.01736,-0.00530
1.6697,-0.32090,0.01425,0.01505,-0.00480,-0.04849,0.01472,0.29084,-0.11542,0.00055,0.00000,0.00000,-0.11542,0.00055,-0.05136,0.82600,0,0.01736,-0.00530
1.6717,-0.32090,0.01425,0.01495,-0.00477,-0.04862,0.01480,0.29084,-0.11556,0.00055,0.00000,0.00000,-0.11556,0.00055,-0.05155,0.82598,0,0.01736,-0.00530
1.6737,-0.32090,0.01425,0.01486,-0.00474,-0.04875,0.01488,0.29084,-0.11570,0.00055,0.00000,0.00000,-0.11570,0.00055,-0.05180,0.82594,0,0.01736,-0.00530
1.6757,-0.32090,0.01425,0.01476,-0.00471,-0.04888,0.01495,0.29084,-0.11584,0.00055,0.00000,0.00000,-0.11584,0.00055,-0.05206,0.82596,0,0.01736,-0.00530
1.6777,-0.32090,0.01425,0.01466,-0.00468,-0.04901,0.01503,0.29084,-0.11598,0.00055,0.00000,0.00000,-0.11598,0.00055,-0.05228,0.82598,0,0.01736,-0.00530
1.6797,-0.32090,0.01425,0.01456,-0.00465,-0.04914,0.01511,0.29084,-0.11612,0.00055,0.00000,0.00000,-0.11612,0.00055,-0.05249,0.82597,0,0.01736,-0.00530
1.6817,-0.32090,0.01425,0.01446,-0.00462,-0.04926,0.01519,0.29084,-0.11625,0.00055,0.00000,0.00000,-0.11625,0.00055,-0.05274,0.82596,0,0.01736,-0.00530
1.6837,-0.32090,0.01425,0.01437,-0.00459,-0.04938,0.01526,0.29084,-0.11639,0.00055,0.00000,0.00000,-0.11639,0.00055,-0.05298,0.82594,0,0.01736,-0.00530
1.6857,-0.32090,0.01425,0.01427,-0.00456,-0.04950,0.01534,0.29084,-0.11653,0.00055,0.00000,0.00000,-0.11653,0.00055,-0.05317,0.82596,0,0.01736,-0.00530
1.6877,-0.32090,0.01425,0.01417,-0.00453,-0.04962,0.01541,0.29084,-0.11667,0.00055,0.00000,0.00000,-0.11667,0.00055,-0.05343,0.82596,0,0.01736,-0.00530
1.6897,-0.32090,0.01425,0.01407,-0.00450,-0.04974,0.01549,0.29084,-0.11681,0.00055,0.00000,0.00000,-0.11681,0.00055,-0.05363,0.82597,0,0.01736,-0.00530
1.6917,-0.32090,0.01425,0.01397,-0.00447,-0.04985,0.01556,0.29084,-0.11695,0.00055,0.00000,0.00000,-0.11695,0.00055,-0.05389,0.82598,0,0.01736,-0.00530
1.6937,-0.32090,0.01425,0.01387,-0.00443,-0.04997,0.01564,0.29084,-0.11708,0.00056,0.00000,0.00000,-0.11708,0.00056,-0.05416,0.82596,0,0.01736,-0.00530
1.6957,-0.32090,0.01425,0.01377,-0.00440,-0.05008,0.01571,0.29084,-0.11722,0.00056,0.00000,0.00000,-0.11722,0.00056,-0.05438,0.82596,0,0.01736,-0.00530
1.6977,-0.32090,0.01425,0.01367,-0.00437,-0.05019,0.01578,0.29084,-0.11736,0.00056,0.00000,0.00000,-0.11736,0.00056,-0.05458,0.82594,0,0.01736,-0.00530
1.6997,-0.32090,0.01425,0.01357,-0.00434,-0.05030,0.01585,0.29084,-0.11750,0.00056,0.00000,0.00000,-0.11750,0.00056,-0.05485,0.82596,0,0.01736,-0.00530
1.7017,-0.32090,0.01425,0.01347,-0.00431,-0.05041,0.01593,0.29084,-0.11764,0.00056,0.00000,0.00000,-0.11764,0.00056,-0.05509,0.82595,0,0.01736,-0.00530
1.7037,-0.32090,0.01425,0.01337,-0.00428,-0.05051,0.01600,0.29084,-0.11778,0.00056,0.00000,0.00000,-0.11778,0.00056,-0.05527,0.82595,0,0.01736,-0.00530
1.7058,-0.32090,0.01425,0.01327,-0.00424,-0.05062,0.01607,0.29084,-0.11791,0.00056,0.00000,0.00000,-0.11791,0.00056,-0.05556,0.82594,0,0.01736,-0.00530
1.7078,-0.32090,0.01425,0.01316,-0.00421,-0.05072,0.01614,0.29084,-0.11805,0.00056,0.00000,0.00000,-0.11805,0.00056,-0.05580,0.82594,0,0.01736,-0.00530
1.7098,-0.32090,0.01425,0.01306,-0.00418,-0.05082,0.01621,0.29084,-0.11819,0.00056,0.00000,0.00000,-0.11819,0.00056,-0.05599,0.82592,0,0.01736,-0.00530
1.7118,-0.32090,0.01425,0.01296,-0.00415,-0.05092,0.01627,0.29084,-0.11833,0.00056,0.00000,0.00000,-0.11833,0.00056,-0.05621,0.82592,0,0.01736,-0.00530
1.7138,-0.32090,0.01425,0.01286,-0.00412,-0.05101,0.01634,0.29084,-0.11847,0.00056,0.00000,0.00000,-0.11847,0.00056,-0.05647,0.82595,0,0.01736,-0.00530
1.7158,-0.32090,0.01425,0.01276,-0.00408,-0.05111,0.01641,0.29084,-0.11860,0.00056,0.00000,0.00000,-0.11860,0.00056,-0.05669,0.82594,0,0.01736,-0.00530
1.7178,-0.32090,0.01425,0.01265,-0.00405,-0.05120,0.01648,0.29084,-0.11874,0.00056,0.00000,0.00000,-0.11874,0.00056,-0.05695,0.82593,0,0.01736,-0.00530
1.7198,-0.32090,0.01425,0.01255,-0.00402,-0.05130,0.01654,0.29084,-0.11888,0.00056,0.00000,0.00000,-0.11888,0.00056,-0.05716,0.82598,0,0.01736,-0.00530
1.7218,-0.32090,0.01425,0.01245,-0.00398,-0.05139,0.01661,0.29084,-0.11902,0.00056,0.00000,0.00000,-0.11902,0.00056,-0.05738,0.82590,0,0.01736,-0.00530
1.7238,-0.32090,0.01425,0.01235,-0.00395,-0.05147,0.01668,0.29084,-0.11916,0.00057,0.00000,0.00000,-0.11916,0.00057,-0.05766,0.82593,0,0.01736,-0.00530
1.7258,-0.32090,0.01425,0.01224,-0.00392,-0.05156,0.01674,0.29084,-0.11930,0.00057,0.00000,0.00000,-0.11930,0.00057,-0.05787,0.82595,0,0.01736,-0.00530
1.7278,-0.32090,0.01425,0.01214,-0.00388,-0.05164,0.01681,0.29084,-0.11944,0.00057,0.00000,0.00000,-0.11944,0.00057,-0.05812,0.82594,0,0.01736,-0.00530
1.7298,-0.32090,0.01425,0.01204,-0.00385,-0.05173,0.01687,0.29084,-0.11957,0.00057,0.00000,0.00000,-0.11957,0.00057,-0.05833,0.82594,0,0.01736,-0.00530
1.7318,-0.32090,0.01425,0.01193,-0.00382,-0.05181,0.01693,0.29084,-0.11971,0.00057,0.00000,0.00000,-0.11971,0.00057,-0.05859,0.82592,0,0.01736,-0.00530
1.7338,-0.30911,0.01308,0.01202,-0.00386,-0.05124,0.01674,0.29140,-0.11985,0.00057,0.00000,0.00000,-0.11985,0.00057,-0.05908,0.82593,0,0.01423,-0.00458
1.7358,-0.30911,0.01308,0.01192,-0.00382,-0.05132,0.01680,0.29140,-0.11999,0.00057,0.00000,0.00000,-0.11999,0.00057,-0.05908,0.82593,0,0.01423,-0.00458
1.7378,-0.30911,0.01308,0.01182,-0.00379,-0.05139,0.01686,0.29140,-0.12013,0.00057,0.00000,0.00000,-0.12013,0.00057,-0.05929,0.82590,0,0.01423,-0.00458
1.7398,-0.30911,0.01308,0.01171,-0.00376,-0.05147,0.01693,0.29140,-0.12027,0.00057,0.00000,0.00000,-0.12027,0.00057,-0.05952,0.82595,0,0.01423,-0.00458
1.7418,-0.30911,0.01308,0.01161,-0.00372,-0.05155,0.01699,0.29140,-0.12041,0.00057,0.00000,0.00000,-0.12041,0.00057,-0.05975,0.82594,0,0.01423,-0.00458
1.7438,-0.30911,0.01308,0.01151,-0.00369,-0.05162,0.01705,0.29140,-0.12054,0.00057,0.00000,0.00000,-0.12054,0.00057,-0.06002,0.82597,0,0.01423,-0.00458
1.7458,-0.30911,0.01308,0.01140,-0.00365,-0.05170,0.01711,0.29140,-0.12068,0.00057,0.00000,0.00000,-0.12068,0.00057,-0.06027,0.82594,0,0.01423,-0.00458
1.7478,-0.30911,0.01308,0.01130,-0.00362,-0.05177,0.01717,0.29140,-0.12082,0.00057,0.00000,0.00000,-0.12082,0.00057,-0.06050,0.82593,0,0.01423,-0.00458
1.7498,-0.30911,0.01308,0.01120,-0.00359,-0.05184,0.01723,0.29140,-0.12096,0.00057,0.00000,0.00000,-0.12096,0.00057,-0.06076,0.82599,0,0.01423,-0.00458
1.7518,-0.30911,0.01308,0.01109,-0.00355,-0.05190,0.01729,0.29140,-0.12110,0.00057,0.00000,0.00000,-0.12110,0.00057,-0.06100,0.82596,0,0.01423,-0.00458
1.7538,-0.30911,0.01308,0.01099,-0.00352,-0.05197,0.01735,0.29140,-0.12124,0.00058,0.00000,0.00000,-0.12124,0.00058,-0.06127,0.82593,0,0.01423,-0.00458
1.7558,-0.30911,0.01308,0.01088,-0.00348,-0.05203,0.01740,0.29140,-0.12137,0.00058,0.00000,0.00000,-0.12137,0.00058,-0.06144,0.82598,0,0.01423,-0.00458
1.7578,-0.30911,0.01308,0.01078,-0.00345,-0.05209,0.01746,0.29140,-0.12151,0.00058,0.00000,0.00000,-0.12151,0.00058,-0.06166,0.82596,0,0.01423,-0.00458
1.7598,-0.30911,0.01308,0.01068,-0.00341,-0.05215,0.01752,0.29140,-0.12165,0.00058,0.00000,0.00000,-0.12165,0.00058,-0.06194,0.82600,0,0.01423,-0.00458
1.7618,-0.30911,0.01308,0.01057,-0.00338,-0.05221,0.01757,0.29140,-0.12179,0.00058,0.00000,0.00000,-0.12179,0.00058,-0.06219,0.82595,0,0.01423,-0.00458
1.7638,-0.30911,0.01308,0.01047,-0.00334,-0.05227,0.01763,0.29140,-0.12193,0.00058,0.00000,0.00000,-0.12193,0.00058,-0.06242,0.82599,0,0.01423,-0.00458
1.7659,-0.30911,0.01308,0.01036,-0.00331,-0.05232,0.01768,0.29140,-0.12207,0.00058,0.00000,0.00000,-0.12207,0.00058,-0.06268,0.82596,0,0.01423,-0.00458
1.7679,-0.30911,0.01308,0.01026,-0.00327,-0.05238,0.01774,0.29140,-0.12221,0.00058,0.00000,0.00000,-0.12221,0.00058,-0.06291,0.82595,0,0.01423,-0.00458
1.7699,-0.30911,0.01308,0.01015,-0.00323,-0.05243,0.01779,0.29140,-0.12235,0.00058,0.00000,0.00000,-0.12235,0.00058,-0.06318,0.82597,0,0.01423,-0.00458
1.7719,-0.30911,0.01308,0.01005,-0.00320,-0.05248,0.01784,0.29140,-0.12249,0.00058,0.00000,0.00000,-0.12249,0.00058,-0.06337,0.82597,0,0.01423,-0.00458
1.7739,-0.30911,0.01308,0.00994,-0.00316,-0.05252,0.01790,0.29140,-0.12262,0.00058,0.00000,0.00000,-0.12262,0.00058,-0.06365,0.82595,0,0.01423,-0.00458
1.7759,-0.30911,0.01308,0.00984,-0.00313,-0.05257,0.01795,0.29140,-0.12276,0.00058,0.00000,0.00000,-0.12276,0.00058,-0.06387,0.82596,0,0.01423,-0.00458
1.7779,-0.30911,0.01308,0.00973,-0.00309,-0.05261,0.01800,0.29140,-0.12290,0.00058,0.00000,0.00000,-0.12290,0.00058,-0.06413,0.82598,0,0.01423,-0.00458
1.7799,-0.30911,0.01308,0.00963,-0.00306,-0.05265,0.01805,0.29140,-0.12304,0.00058,0.00000,0.00000,-0.12304,0.00058,-0.06431,0.82601,0,0.01423,-0.00458
1.7819,-0.30911,0.01308,0.00952,-0.00302,-0.05270,0.01810,0.29140,-0.12318,0.00058,0.00000,0.00000,-0.12318,0.00058,-0.06463,0.82599,0,0.01423,-0.00458
1.7839,-0.30911,0.01308,0.00942,-0.00298,-0.05273,0.01815,0.29140,-0.12332,0.00059,0.00000,0.00000,-0.12332,0.00059,-0.06481,0.82603,0,0.01423,-0.00458
1.7859,-0.30911,0.01308,0.00931,-0.00295,-0.05277,0.01820,0.29140,-0.12346,0.00059,0.00000,0.00000,-0.12346,0.00059,-0.06511,0.82600,0,0.01423,-0.00458
1.7879,-0.30911,0.01308,0.00921,-0.00291,-0.05281,0.01825,0.29140,-0.12359,0.00059,0.00000,0.00000,-0.12359,0.00059,-0.06537,0.82598,0,0.01423,-0.00458
1.7899,-0.30911,0.01308,0.00910,-0.00287,-0.05284,0.01829,0.29140,-0.12373,0.00059,0.00000,0.00000,-0.12373,0.00059,-0.06562,0.82603,0,0.01423,-0.00458
1.7919,-0.30911,0.01308,0.00899,-0.00284,-0.05287,0.01834,0.29140,-0.12387,0.00059,0.00000,0.00000,-0.12387,0.00059,-0.06584,0.82602,0,0.01423,-0.00458
1.7939,-0.30911,0.01308,0.00889,-0.00280,-0.05290,0.01839,0.29140,-0.12401,0.00059,0.00000,0.00000,-0.12401,0.00059,-0.06611,0.82602,0,0.01423,-0.00458
1.7959,-0.30911,0.01308,0.00878,-0.00276,-0.05293,0.01843,0.29140,-0.12415,0.00059,0.00000,0.00000,-0.12415,0.00059,-0.06640,0.82603,0,0.01423,-0.00458
1.7979,-0.30911,0.01308,0.00868,-0.00273,-0.05296,0.01848,0.29140,-0.12429,0.00059,0.00000,0.00000,-0.12429,0.00059,-0.06660,0.82604,0,0.01423,-0.00458
1.7999,-0.30911,0.01308,0.00857,-0.00269,-0.05298,0.01852,0.29140,-0.12442,0.00059,0.00000,0.00000,-0.12442,0.00059,-0.06687,0.82605,0,0.01423,-0.00458
1.8019,-0.30911,0.01308,0.00847,-0.00265,-0.05301,0.01856,0.29140,-0.12456,0.00059,0.00000,0.00000,-0.12456,0.00059,-0.06716,0.82601,0,0.01423,-0.00458
1.8039,-0.29731,0.01186,0.00853,-0.00284,-0.05244,0.01785,0.29687,-0.12470,0.00059,0.00000,0.00000,-0.12470,0.00059,-0.06757,0.82604,0,0.01079,-0.00376
1.8060,-0.29731,0.01186,0.00843,-0.00280,-0.05246,0.01790,0.29687,-0.12484,0.00059,0.00000,0.00000,-0.12484,0.00059,-0.06757,0.82604,0,0.01079,-0.00376
1.8080,-0.29731,0.01186,0.00832,-0.00277,-0.05248,0.01794,0.29687,-0.12498,0.00059,0.00000,0.00000,-0.12498,0.00059,-0.06787,0.82602,0,0.01079,-0.00376
1.8100,-0.29731,0.01186,0.00822,-0.00273,-0.05250,0.01799,0.29687,-0.12512,0.00059,0.00000,0.00000,-0.12512,0.00059,-0.06811,0.82606,0,0.01079,-0.00376
1.8120,-0.29731,0.01186,0.00811,-0.00269,-0.05251,0.01803,0.29687,-0.12526,0.00059,0.00000,0.00000,-0.12526,0.00059,-0.06840,0.82604,0,0.01079,-0.00376
1.8140,-0.29731,0.01186,0.00801,-0.00266,-0.05253,0.01808,0.29687,-0.12540,0.00059,0.00000,0.00000,-0.12540,0.00059,-0.06866,0.82606,0,0.01079,-0.00376
1.8160,-0.29731,0.01186,0.00790,-0.00262,-0.05254,0.01812,0.29687,-0.12554,0.00060,0.00000,0.00000,-0.12554,0.00060,-0.06886,0.82605,0,0.01079,-0.00376
1.8180,-0.29731,0.01186,0.00780,-0.00259,-0.05256,0.01816,0.29687,-0.12567,0.00060,0.00000,0.00000,-0.12567,0.00060,-0.06911,0.82609,0,0.01079,-0.00376
1.8200,-0.29731,0.01186,0.00769,-0.00255,-0.05257,0.01820,0.29687,-0.12581,0.00060,0.00000,0.00000,-0.12581,0.00060,-0.06934,0.82610,0,0.01079,-0.00376
1.8220,-0.29731,0.01186,0.00759,-0.00251,-0.05257,0.01825,0.29687,-0.12595,0.00060,0.00000,0.00000,-0.12595,0.00060,-0.06963,0.82606,0,0.01079,-0.00376
1.8240,-0.29731,0.01186,0.00748,-0.00248,-0.05258,0.01829,0.29687,-0.12609,0.00060,0.00000,0.00000,-0.12609,0.00060,-0.06987,0.82606,0,0.01079,-0.00376
1.8260,-0.29731,0.01186,0.00738,-0.00244,-0.05259,0.01833,0.29687,-0.12623,0.00060,0.00000,0.00000,-0.12623,0.00060,-0.07013,0.82606,0,0.01079,-0.00376
1.8280,-0.29731,0.01186,0.00727,-0.00240,-0.05259,0.01837,0.29687,-0.12637,0.00060,0.00000,0.00000,-0.12637,0.00060,-0.07039,0.82609,0,0.01079,-0.00376
1.8300,-0.29731,0.01186,0.00717,-0.00237,-0.05259,0.01841,0.29687,-0.12650,0.00060,0.00000,0.00000,-0.12650,0.00060,-0.07066,0.82611,0,0.01079,-0.00376
1.8320,-0.29731,0.01186,0.00706,-0.00233,-0.05259,0.01844,0.29687,-0.12664,0.00060,0.00000,0.00000,-0.12664,0.00060,-0.07085,0.82610,0,0.01079,-0.00376
1.8340,-0.29731,0.01186,0.00696,-0.00229,-0.05259,0.01848,0.29687,-0.12678,0.00060,0.00000,0.00000,-0.12678,0.00060,-0.07116,0.82610,0,0.01079,-0.00376
1.8360,-0.29731,0.01186,0.00685,-0.00226,-0.05258,0.01852,0.29687,-0.12692,0.00060,0.00000,0.00000,-0.12692,0.00060,-0.07143,0.82608,0,0.01079,-0.00376
1.8380,-0.29731,0.01186,0.00675,-0.00222,-0.05258,0.01855,0.29687,-0.12706,0.00060,0.00000,0.00000,-0.12706,0.00060,-0.07170,0.82611,0,0.01079,-0.00376
1.8400,-0.29731,0.01186,0.00664,-0.00218,-0.05257,0.01859,0.29687,-0.12720,0.00060,0.00000,0.00000,-0.12720,0.00060,-0.07191,0.82609,0,0.01079,-0.00376
1.8420,-0.29731,0.01186,0.00654,-0.00214,-0.05256,0.01863,0.29687,-0.12733,0.00060,0.00000,0.00000,-0.12733,0.00060,-0.07221,0.82610,0,0.01079,-0.00376
1.8440,-0.29731,0.01186,0.00643,-0.00211,-0.05255,0.01866,0.29687,-0.12747,0.00060,0.00000,0.00000,-0.12747,0.00060,-0.07241,0.82614,0,0.01079,-0.00376
1.8460,-0.29731,0.01186,0.00633,-0.00207,-0.05254,0.01869,0.29687,-0.12761,0.00061,0.00000,0.00000,-0.12761,0.00061,-0.07269,0.82611,0,0.01079,-0.00376
1.8480,-0.29731,0.01186,0.00622,-0.00203,-0.05252,0.01873,0.29687,-0.12775,0.00061,0.00000,0.00000,-0.12775,0.00061,-0.07297,0.82613,0,0.01079,-0.00376
1.8500,-0.29731,0.01186,0.00612,-0.00200,-0.05251,0.01876,0.29687,-0.12789,0.00061,0.00000,0.00000,-0.12789,0.00061,-0.07323,0.82614,0,0.01079,-0.00376
1.8520,-0.29731,0.01186,0.00601,-0.00196,-0.05249,0.01879,0.29687,-0.12803,0.00061,0.00000,0.00000,-0.12803,0.00061,-0.07347,0.82611,0,0.01079,-0.00376
1.8540,-0.29731,0.01186,0.00591,-0.00192,-0.05247,0.01882,0.29687,-0.12816,0.00061,0.00000,0.00000,-0.12816,0.00061,-0.07374,0.82614,0,0.01079,-0.00376
1.8560,-0.29731,0.01186,0.00580,-0.00188,-0.05245,0.01885,0.29687,-0.12830,0.00061,0.00000,0.00000,-0.12830,0.00061,-0.07399,0.82613,0,0.01079,-0.00376
1.8581,-0.29731,0.01186,0.00570,-0.00184,-0.05243,0.01889,0.29687,-0.12844,0.00061,0.00000,0.00000,-0.12844,0.00061,-0.07422,0.82615,0,0.01079,-0.00376
1.8601,-0.29731,0.01186,0.00559,-0.00181,-0.05240,0.01891,0.29687,-0.12858,0.00061,0.00000,0.00000,-0.12858,0.00061,-0.07451,0.82614,0,0.01079,-0.00376
1.8621,-0.29731,0.01186,0.00549,-0.00177,-0.05237,0.01894,0.29687,-0.12872,0.00061,0.00000,0.00000,-0.12872,0.00061,-0.07475,0.82617,0,0.01079,-0.00376
1.8641,-0.29731,0.01186,0.00538,-0.00173,-0.05234,0.01897,0.29687,-0.12886,0.00061,0.00000,0.00000,-0.12886,0.00061,-0.07499,0.82614,0,0.01079,-0.00376
1.8662,-0.28552,0.01073,0.00539,-0.00156,-0.05193,0.01946,0.29270,-0.12901,0.00061,0.00000,0.00000,-0.12901,0.00061,-0.07547,0.82616,0,0.00759,-0.00218
1.8683,-0.28552,0.01073,0.00528,-0.00152,-0.05189,0.01949,0.29270,-0.12915,0.00061,0.00000,0.00000,-0.12915,0.00061,-0.07547,0.82616,0,0.00759,-0.00218
1.8703,-0.28552,0.01073,0.00518,-0.00148,-0.05186,0.01951,0.29270,-0.12929,0.00061,0.00000,0.00000,-0.12929,0.00061,-0.07602,0.82617,0,0.00759,-0.00218
1.8723,-0.28552,0.01073,0.00508,-0.00144,-0.05182,0.01954,0.29270,-0.12943,0.00061,0.00000,0.00000,-0.12943,0.00061,-0.07627,0.82616,0,0.00759,-0.00218
1.8743,-0.28552,0.01073,0.00497,-0.00140,-0.05179,0.01956,0.29270,-0.12957,0.00061,0.00000,0.00000,-0.12957,0.00061,-0.07652,0.82614,0,0.00759,-0.00218
1.8763,-0.28552,0.01073,0.00487,-0.00136,-0.05175,0.01958,0.29270,-0.12971,0.00062,0.00000,0.00000,-0.12971,0.00062,-0.07652,0.82614,0,0.00759,-0.00218
1.8784,-0.28552,0.01073,0.00477,-0.00132,-0.05171,0.01960,0.29270,-0.12984,0.00062,0.00000,0.00000,-0.12984,0.00062,-0.07703,0.82614,0,0.00759,-0.00218
1.8804,-0.28552,0.01073,0.00466,-0.00128,-0.05167,0.01962,0.29270,-0.12998,0.00062,0.00000,0.00000,-0.12998,0.00062,-0.07703,0.82614,0,0.00759,-0.00218
1.8824,-0.28552,0.01073,0.00456,-0.00124,-0.05163,0.01964,0.29270,-0.13012,0.00062,0.00000,0.00000,-0.13012,0.00062,-0.07751,0.82614,0,0.00759,-0.00218
1.8844,-0.28552,0.01073,0.00446,-0.00121,-0.05158,0.01966,0.29270,-0.13026,0.00062,0.00000,0.00000,-0.13026,0.00062,-0.07784,0.82614,0,0.00759,-0.00218
1.8864,-0.28552,0.01073,0.00435,-0.00117,-0.05154,0.01968,0.29270,-0.13040,0.00062,0.00000,0.00000,-0.13040,0.00062,-0.07804,0.82612,0,0.00759,-0.00218
1.8884,-0.28552,0.01073,0.00425,-0.00113,-0.05149,0.01970,0.29270,-0.13054,0.00062,0.00000,0.00000,-0.13054,0.00062,-0.07826,0.82620,0,0.00759,-0.00218
1.8904,-0.28552,0.01073,0.00415,-0.00109,-0.05144,0.01972,0.29270,-0.13068,0.00062,0.00000,0.00000,-0.13068,0.00062,-0.07854,0.82613,0,0.00759,-0.00218
1.8924,-0.28552,0.01073,0.00404,-0.00105,-0.05139,0.01973,0.29270,-0.13082,0.00062,0.00000,0.00000,-0.13082,0.00062,-0.07881,0.82616,0,0.00759,-0.00218
1.8944,-0.28552,0.01073,0.00394,-0.00101,-0.05134,0.01975,0.29270,-0.13095,0.00062,0.00000,0.00000,-0.13095,0.00062,-0.07908,0.82612,0,0.00759,-0.00218
1.8964,-0.28552,0.01073,0.00384,-0.00097,-0.05128,0.01976,0.29270,-0.13109,0.00062,0.00000,0.00000,-0.13109,0.00062,-0.07937,0.82614,0,0.00759,-0.00218
1.8984,-0.28552,0.01073,0.00374,-0.00093,-0.05122,0.01978,0.29270,-0.13123,0.00062,0.00000,0.00000,-0.13123,0.00062,-0.07963,0.82618,0,0.00759,-0.00218
1.9004,-0.28552,0.01073,0.00363,-0.00089,-0.05117,0.01979,0.29270,-0.13137,0.00062,0.00000,0.00000,-0.13137,0.00062,-0.07984,0.82614,0,0.00759,-0.00218
1.9024,-0.28552,0.01073,0.00353,-0.00085,-0.05111,0.01981,0.29270,-0.13151,0.00062,0.00000,0.00000,-0.13151,0.00062,-0.08015,0.82616,0,0.00759,-0.00218
1.9044,-0.28552,0.01073,0.00343,-0.00081,-0.05105,0.01982,0.29270,-0.13165,0.00062,0.00000,0.00000,-0.13165,0.00062,-0.08038,0.82613,0,0.00759,-0.00218
1.9064,-0.28552,0.01073,0.00333,-0.00077,-0.05098,0.01983,0.29270,-0.13179,0.00063,0.00000,0.00000,-0.13179,0.00063,-0.08062,0.82613,0,0.00759,-0.00218
1.9084,-0.28552,0.01073,0.00323,-0.00073,-0.05092,0.01984,0.29270,-0.13192,0.00063,0.00000,0.00000,-0.13192,0.00063,-0.08094,0.82616,0,0.00759,-0.00218
1.9105,-0.28552,0.01073,0.00312,-0.00069,-0.05085,0.01985,0.29270,-0.13206,0.00063,0.00000,0.00000,-0.13206,0.00063,-0.08121,0.82615,0,0.00759,-0.00218
1.9125,-0.28552,0.01073,0.00302,-0.00065,-0.05078,0.01986,0.29270,-0.13220,0.00063,0.00000,0.00000,-0.13220,0.00063,-0.08145,0.82614,0,0.00759,-0.00218
1.9145,-0.28552,0.01073,0.00292,-0.00061,-0.05071,0.01987,0.29270,-0.13234,0.00063,0.00000,0.00000,-0.13234,0.00063,-0.08171,0.82611,0,0.00759,-0.00218
1.9165,-0.28552,0.01073,0.00282,-0.00057,-0.05064,0.01988,0.29270,-0.13248,0.00063,0.00000,0.00000,-0.13248,0.00063,-0.08203,0.82612,0,0.00759,-0.00218
1.9185,-0.28552,0.01073,0.00272,-0.00053,-0.05057,0.01989,0.29270,-0.13262,0.00063,0.00000,0.00000,-0.13262,0.00063,-0.08223,0.82615,0,0.00759,-0.00218
1.9205,-0.28552,0.01073,0.00262,-0.00049,-0.05049,0.01990,0.29270,-0.13276,0.00063,0.00000,0.00000,-0.13276,0.00063,-0.08250,0.82615,0,0.00759,-0.00218
1.9225,-0.28552,0.01073,0.00252,-0.00045,-0.05042,0.01991,0.29270,-0.13290,0.00063,0.00000,0.00000,-0.13290,0.00063,-0.08280,0.82612,0,0.00759,-0.00218
1.9245,-0.28552,0.01073,0.00242,-0.00041,-0.05034,0.01991,0.29270,-0.13303,0.00063,0.00000,0.00000,-0.13303,0.00063,-0.08302,0.82616,0,0.00759,-0.00218
1.9265,-0.28552,0.01073,0.00232,-0.00037,-0.05026,0.01992,0.29270,-0.13317,0.00063,0.00000,0.00000,-0.13317,0.00063,-0.08327,0.82614,0,0.00759,-0.00218
1.9285,-0.28552,0.01073,0.00221,-0.00033,-0.05018,0.01992,0.29270,-0.13331,0.00063,0.00000,0.00000,-0.13331,0.00063,-0.08361,0.82614,0,0.00759,-0.00218
1.9305,-0.28552,0.01073,0.00211,-0.00029,-0.05009,0.01993,0.29270,-0.13345,0.00063,0.00000,0.00000,-0.13345,0.00063,-0.08382,0.82615,0,0.00759,-0.00218
1.9325,-0.28552,0.01073,0.00201,-0.00025,-0.05001,0.01993,0.29270,-0.13359,0.00063,0.00000,0.00000,-0.13359,0.00063,-0.08409,0.82614,0,0.00759,-0.00218
1.9345,-0.28552,0.01073,0.00191,-0.00021,-0.04992,0.01993,0.29270,-0.13373,0.00063,0.00000,0.00000,-0.13373,0.00063,-0.08432,0.82611,0,0.00759,-0.00218
1.9365,-0.27265,0.00914,0.00200,-0.00011,-0.04919,0.02015,0.29117,-0.13387,0.00064,0.00000,0.00000,-0.13387,0.00064,-0.08465,0.82608,0,0.00430,-0.00089
1.9385,-0.27265,0.00914,0.00190,-0.00007,-0.04911,0.02015,0.29117,-0.13401,0.00064,0.00000,0.00000,-0.13401,0.00064,-0.08493,0.82612,0,0.00430,-0.00089
1.9405,-0.27265,0.00914,0.00181,-0.00003,-0.04902,0.02015,0.29117,-0.13414,0.00064,0.00000,0.00000,-0.13414,0.00064,-0.08523,0.82609,0,0.00430,-0.00089
1.9425,-0.27265,0.00914,0.00171,0.00001,-0.04893,0.02014,0.29117,-0.13428,0.00064,0.00000,0.00000,-0.13428,0.00064,-0.08540,0.82609,0,0.00430,-0.00089
1.9445,-0.27265,0.00914,0.00161,0.00005,-0.04884,0.02014,0.29117,-0.13442,0.00064,0.00000,0.00000,-0.13442,0.00064,-0.08573,0.82611,0,0.00430,-0.00089
1.9465,-0.27265,0.00914,0.00151,0.00009,-0.04874,0.02014,0.29117,-0.13456,0.00064,0.00000,0.00000,-0.13456,0.00064,-0.08600,0.82608,0,0.00430,-0.00089
1.9485,-0.27265,0.00914,0.00142,0.00013,-0.04865,0.02014,0.29117,-0.13470,0.00064,0.00000,0.00000,-0.13470,0.00064,-0.08627,0.82607,0,0.00430,-0.00089
1.9505,-0.27265,0.00914,0.00132,0.00017,-0.04855,0.02013,0.29117,-0.13484,0.00064,0.00000,0.00000,-0.13484,0.00064,-0.08654,0.82607,0,0.00430,-0.00089
1.9525,-0.27265,0.00914,0.00122,0.00021,-0.04845,0.02013,0.29117,-0.13497,0.00064,0.00000,0.00000,-0.13497,0.00064,-0.08681,0.82610,0,0.00430,-0.00089
1.9545,-0.27265,0.00914,0.00112,0.00025,-0.04835,0.02012,0.29117,-0.13511,0.00064,0.00000,0.00000,-0.13511,0.00064,-0.08706,0.82609,0,0.00430,-0.00089
1.9565,-0.27265,0.00914,0.00103,0.00029,-0.04825,0.02012,0.29117,-0.13525,0.00064,0.00000,0.00000,-0.13525,0.00064,-0.08733,0.82606,0,0.00430,-0.00089
1.9585,-0.27265,0.00914,0.00093,0.00033,-0.04815,0.02011,0.29117,-0.13539,0.00064,0.00000,0.00000,-0.13539,0.00064,-0.08762,0.82610,0,0.00430,-0.00089
1.9605,-0.27265,0.00914,0.00084,0.00037,-0.04804,0.02011,0.29117,-0.13553,0.00064,0.00000,0.00000,-0.13553,0.00064,-0.08792,0.82609,0,0.00430,-0.00089
1.9625,-0.27265,0.00914,0.00074,0.00041,-0.04794,0.02010,0.29117,-0.13567,0.00064,0.00000,0.00000,-0.13567,0.00064,-0.08819,0.82608,0,0.00430,-0.00089
1.9645,-0.27265,0.00914,0.00064,0.00045,-0.04783,0.02009,0.29117,-0.13580,0.00064,0.00000,0.00000,-0.13580,0.00064,-0.08846,0.82608,0,0.00430,-0.00089
1.9665,-0.27265,0.00914,0.00055,0.00049,-0.04772,0.02008,0.29117,-0.13594,0.00065,0.00000,0.00000,-0.13594,0.00065,-0.08867,0.82609,0,0.00430,-0.00089
1.9685,-0.27265,0.00914,0.00045,0.00053,-0.04761,0.02007,0.29117,-0.13608,0.00065,0.00000,0.00000,-0.13608,0.00065,-0.08898,0.82609,0,0.00430,-0.00089
1.9706,-0.27265,0.00914,0.00036,0.00057,-0.04750,0.02006,0.29117,-0.13622,0.00065,0.00000,0.00000,-0.13622,0.00065,-0.08931,0.82609,0,0.00430,-0.00089
1.9726,-0.27265,0.00914,0.00026,0.00061,-0.04738,0.02005,0.29117,-0.13636,0.00065,0.00000,0.00000,-0.13636,0.00065,-0.08958,0.82601,0,0.00430,-0.00089
1.9746,-0.27265,0.00914,0.00017,0.00065,-0.04727,0.02004,0.29117,-0.13650,0.00065,0.00000,0.00000,-0.13650,0.00065,-0.08982,0.82606,0,0.00430,-0.00089
1.9766,-0.27265,0.00914,0.00007,0.00069,-0.04715,0.02003,0.29117,-0.13664,0.00065,0.00000,0.00000,-0.13664,0.00065,-0.09009,0.82605,0,0.00430,-0.00089
1.9786,-0.27265,0.00914,-0.00002,0.00073,-0.04703,0.02001,0.29117,-0.13677,0.00065,0.00000,0.00000,-0.13677,0.00065,-0.09040,0.82604,0,0.00430,-0.00089
1.9806,-0.27265,0.00914,-0.00011,0.00077,-0.04691,0.02000,0.29117,-0.13691,0.00065,0.00000,0.00000,-0.13691,0.00065,-0.09062,0.82608,0,0.00430,-0.00089
1.9826,-0.27265,0.00914,-0.00021,0.00081,-0.04679,0.01998,0.29117,-0.13705,0.00065,0.00000,0.00000,-0.13705,0.00065,-0.09087,0.82609,0,0.00430,-0.00089
1.9846,-0.27265,0.00914,-0.00030,0.00085,-0.04666,0.01997,0.29117,-0.13719,0.00065,0.00000,0.00000,-0.13719,0.00065,-0.09118,0.82608,0,0.00430,-0.00089
1.9866,-0.27265,0.00914,-0.00039,0.00089,-0.04654,0.01995,0.29117,-0.13733,0.00065,0.00000,0.00000,-0.13733,0.00065,-0.09145,0.82608,0,0.00430,-0.00089
1.9886,-0.27265,0.00914,-0.00049,0.00093,-0.04641,0.01994,0.29117,-0.13747,0.00065,0.00000,0.00000,-0.13747,0.00065,-0.09175,0.82608,0,0.00430,-0.00089
1.9906,-0.27265,0.00914,-0.00058,0.00097,-0.04628,0.01992,0.29117,-0.13761,0.00065,0.00000,0.00000,-0.13761,0.00065,-0.09198,0.82608,0,0.00430,-0.00089
1.9926,-0.27265,0.00914,-0.00067,0.00101,-0.04615,0.01990,0.29117,-0.13774,0.00065,0.00000,0.00000,-0.13774,0.00065,-0.09232,0.82608,0,0.00430,-0.00089
1.9946,-0.27265,0.00914,-0.00076,0.00105,-0.04602,0.01988,0.29117,-0.13788,0.00065,0.00000,0.00000,-0.13788,0.00065,-0.09253,0.82610,0,0.00430,-0.00089
1.9966,-0.27265,0.00914,-0.00086,0.00109,-0.04589,0.01987,0.29117,-0.13802,0.00065,0.00000,0.00000,-0.13802,0.00065,-0.09286,0.82610,0,0.00430,-0.00089
1.9986,-0.27265,0.00914,-0.00095,0.00113,-0.04575,0.01985,0.29117,-0.13816,0.00066,0.00000,0.00000,-0.13816,0.00066,-0.09314,0.82610,0,0.00430,-0.00089
2.0007,-0.27265,0.00914,-0.00104,0.00117,-0.04561,0.01983,0.29117,-0.13830,0.00066,0.00000,0.00000,-0.13830,0.00066,-0.09342,0.82607,0,0.00430,-0.00089
2.0027,-0.25912,0.00779,-0.00104,0.00104,-0.04516,0.01924,0.28996,-0.13844,0.00066,0.00000,0.00000,-0.13844,0.00066,-0.09365,0.82610,0,0.00101,0.00006
2.0047,-0.25912,0.00779,-0.00113,0.00108,-0.04503,0.01922,0.28996,-0.13858,0.00066,0.00000,0.00000,-0.13858,0.00066,-0.09389,0.82610,0,0.00101,0.00006
2.0067,-0.25912,0.00779,-0.00122,0.00112,-0.04489,0.01920,0.28996,-0.13872,0.00066,0.00000,0.00000,-0.13872,0.00066,-0.09423,0.82611,0,0.00101,0.00006
2.0087,-0.25912,0.00779,-0.00131,0.00116,-0.04475,0.01918,0.28996,-0.13885,0.00066,0.00000,0.00000,-0.13885,0.00066,-0.09448,0.82610,0,0.00101,0.00006
2.0107,-0.25912,0.00779,-0.00140,0.00120,-0.04460,0.01916,0.28996,-0.13899,0.00066,0.00000,0.00000,-0.13899,0.00066,-0.09481,0.82611,0,0.00101,0.00006
2.0127,-0.25912,0.00779,-0.00149,0.00124,-0.04446,0.01914,0.28996,-0.13913,0.00066,0.00000,0.00000,-0.13913,0.00066,-0.09510,0.82611,0,0.00101,0.00006
2.0147,-0.25912,0.00779,-0.00158,0.00127,-0.04432,0.01912,0.28996,-0.13927,0.00066,0.00000,0.00000,-0.13927,0.00066,-0.09531,0.82612,0,0.00101,0.00006
2.0167,-0.25912,0.00779,-0.00166,0.00131,-0.04417,0.01910,0.28996,-0.13941,0.00066,0.00000,0.00000,-0.13941,0.00066,-0.09562,0.82614,0,0.00101,0.00006
2.0187,-0.25912,0.00779,-0.00175,0.00135,-0.04402,0.01907,0.28996,-0.13955,0.00066,0.00000,0.00000,-0.13955,0.00066,-0.09592,0.82610,0,0.00101,0.00006
2.0207,-0.25912,0.00779,-0.00184,0.00139,-0.04387,0.01905,0.28996,-0.13968,0.00066,0.00000,0.00000,-0.13968,0.00066,-0.09614,0.82616,0,0.00101,0.00006
2.0227,-0.25912,0.00779,-0.00193,0.00143,-0.04372,0.01902,0.28996,-0.13982,0.00066,0.00000,0.00000,-0.13982,0.00066,-0.09647,0.82610,0,0.00101,0.00006
2.0247,-0.25912,0.00779,-0.00202,0.00147,-0.04357,0.01900,0.28996,-0.13996,0.00066,0.00000,0.00000,-0.13996,0.00066,-0.09670,0.82614,0,0.00101,0.00006
2.0267,-0.25912,0.00779,-0.00210,0.00150,-0.04341,0.01897,0.28996,-0.14010,0.00066,0.00000,0.00000,-0.14010,0.00066,-0.09699,0.82613,0,0.00101,0.00006
2.0287,-0.25912,0.00779,-0.00219,0.00154,-0.04326,0.01895,0.28996,-0.14024,0.00067,0.00000,0.00000,-0.14024,0.00067,-0.09728,0.82614,0,0.00101,0.00006
2.0307,-0.25912,0.00779,-0.00228,0.00158,-0.04310,0.01892,0.28996,-0.14038,0.00067,0.00000,0.00000,-0.14038,0.00067,-0.09760,0.82616,0,0.00101,0.00006
2.0327,-0.25912,0.00779,-0.00236,0.00162,-0.04294,0.01889,0.28996,-0.14051,0.00067,0.00000,0.00000,-0.14051,0.00067,-0.09783,0.82617,0,0.00101,0.00006
2.0347,-0.25912,0.00779,-0.00245,0.00165,-0.04279,0.01886,0.28996,-0.14065,0.00067,0.00000,0.00000,-0.14065,0.00067,-0.09812,0.82617,0,0.00101,0.00006
2.0367,-0.25912,0.00779,-0.00253,0.00169,-0.04262,0.01883,0.28996,-0.14079,0.00067,0.00000,0.00000,-0.14079,0.00067,-0.09845,0.82616,0,0.00101,0.00006
2.0387,-0.25912,0.00779,-0.00262,0.00173,-0.04246,0.01880,0.28996,-0.14093,0.00067,0.00000,0.00000,-0.14093,0.00067,-0.09866,0.82619,0,0.00101,0.00006
2.0407,-0.25912,0.00779,-0.00270,0.00177,-0.04230,0.01877,0.28996,-0.14107,0.00067,0.00000,0.00000,-0.14107,0.00067,-0.09893,0.82619,0,0.00101,0.00006
2.0427,-0.25912,0.00779,-0.00279,0.00181,-0.04213,0.01874,0.28996,-0.14120,0.00067,0.00000,0.00000,-0.14120,0.00067,-0.09927,0.82619,0,0.00101,0.00006
2.0447,-0.25912,0.00779,-0.00287,0.00184,-0.04197,0.01871,0.28996,-0.14134,0.00067,0.00000,0.00000,-0.14134,0.00067,-0.09956,0.82619,0,0.00101,0.00006
2.0467,-0.25912,0.00779,-0.00295,0.00188,-0.04180,0.01868,0.28996,-0.14148,0.00067,0.00000,0.00000,-0.14148,0.00067,-0.09980,0.82621,0,0.00101,0.00006
2.0487,-0.25912,0.00779,-0.00304,0.00192,-0.04163,0.01864,0.28996,-0.14162,0.00067,0.00000,0.00000,-0.14162,0.00067,-0.10005,0.82624,0,0.00101,0.00006
2.0507,-0.25912,0.00779,-0.00312,0.00195,-0.04145,0.01861,0.28996,-0.14176,0.00067,0.00000,0.00000,-0.14176,0.00067,-0.10039,0.82622,0,0.00101,0.00006
2.0527,-0.25912,0.00779,-0.00320,0.00199,-0.04128,0.01858,0.28996,-0.14190,0.00067,0.00000,0.00000,-0.14190,0.00067,-0.10067,0.82624,0,0.00101,0.00006
2.0547,-0.25912,0.00779,-0.00329,0.00203,-0.04111,0.01854,0.28996,-0.14204,0.00067,0.00000,0.00000,-0.14204,0.00067,-0.10091,0.82626,0,0.00101,0.00006
2.0567,-0.25912,0.00779,-0.00337,0.00207,-0.04093,0.01851,0.28996,-0.14218,0.00067,0.00000,0.00000,-0.14218,0.00067,-0.10122,0.82626,0,0.00101,0.00006
2.0588,-0.25912,0.00779,-0.00345,0.00210,-0.04076,0.01847,0.28996,-0.14232,0.00068,0.00000,0.00000,-0.14232,0.00068,-0.10149,0.82623,0,0.00101,0.00006
2.0608,-0.25912,0.00779,-0.00353,0.00214,-0.04058,0.01843,0.28996,-0.14246,0.00068,0.00000,0.00000,-0.14246,0.00068,-0.10177,0.82623,0,0.00101,0.00006
2.0628,-0.25912,0.00779,-0.00361,0.00218,-0.04040,0.01840,0.28996,-0.14259,0.00068,0.00000,0.00000,-0.14259,0.00068,-0.10210,0.82626,0,0.00101,0.00006
2.0648,-0.25544,0.00652,-0.00372,0.00203,-0.04029,0.01772,0.29002,-0.14273,0.00068,0.00000,0.00000,-0.14273,0.00068,-0.10231,0.82625,0,-0.00215,0.00115
2.0668,-0.25544,0.00652,-0.00380,0.00206,-0.04011,0.01768,0.29002,-0.14287,0.00068,0.00000,0.00000,-0.14287,0.00068,-0.10262,0.82629,0,-0.00215,0.00115
2.0688,-0.25544,0.00652,-0.00388,0.00210,-0.03993,0.01764,0.29002,-0.14301,0.00068,0.00000,0.00000,-0.14301,0.00068,-0.10294,0.82626,0,-0.00215,0.00115
2.0708,-0.25544,0.00652,-0.00396,0.00213,-0.03974,0.01761,0.29002,-0.14315,0.00068,0.00000,0.00000,-0.14315,0.00068,-0.10316,0.82623,0,-0.00215,0.00115
2.0728,-0.25544,0.00652,-0.00403,0.00217,-0.03956,0.01757,0.29002,-0.14329,0.00068,0.00000,0.00000,-0.14329,0.00068,-0.10347,0.82623,0,-0.00215,0.00115
2.0748,-0.25544,0.00652,-0.00411,0.00220,-0.03937,0.01753,0.29002,-0.14342,0.00068,0.00000,0.00000,-0.14342,0.00068,-0.10365,0.82632,0,-0.00215,0.00115
2.0768,-0.25544,0.00652,-0.00419,0.00224,-0.03918,0.01750,0.29002,-0.14356,0.00068,0.00000,0.00000,-0.14356,0.00068,-0.10398,0.82631,0,-0.00215,0.00115
2.0788,-0.25544,0.00652,-0.00427,0.00227,-0.03899,0.01746,0.29002,-0.14370,0.00068,0.00000,0.00000,-0.14370,0.00068,-0.10434,0.82632,0,-0.00215,0.00115
2.0808,-0.25544,0.00652,-0.00435,0.00231,-0.03880,0.01742,0.29002,-0.14384,0.00068,0.00000,0.00000,-0.14384,0.00068,-0.10460,0.82628,0,-0.00215,0.00115
2.0828,-0.25544,0.00652,-0.00443,0.00234,-0.03861,0.01738,0.29002,-0.14398,0.00068,0.00000,0.00000,-0.14398,0.00068,-0.10488,0.82630,0,-0.00215,0.00115
2.0848,-0.25544,0.00652,-0.00450,0.00238,-0.03841,0.01734,0.29002,-0.14412,0.00068,0.00000,0.00000,-0.14412,0.00068,-0.10518,0.82628,0,-0.00215,0.00115
2.0868,-0.25544,0.00652,-0.00458,0.00241,-0.03822,0.01729,0.29002,-0.14425,0.00068,0.00000,0.00000,-0.14425,0.00068,-0.10546,0.82627,0,-0.00215,0.00115
2.0888,-0.25544,0.00652,-0.00466,0.00245,-0.03802,0.01725,0.29002,-0.14439,0.00069,0.00000,0.00000,-0.14439,0.00069,-0.10573,0.82629,0,-0.00215,0.00115
2.0908,-0.25544,0.00652,-0.00473,0.00248,-0.03782,0.01721,0.29002,-0.14453,0.00069,0.00000,0.00000,-0.14453,0.00069,-0.10606,0.82628,0,-0.00215,0.00115
2.0928,-0.25544,0.00652,-0.00481,0.00252,-0.03762,0.01717,0.29002,-0.14467,0.00069,0.00000,0.00000,-0.14467,0.00069,-0.10630,0.82628,0,-0.00215,0.00115
2.0948,-0.25544,0.00652,-0.00488,0.00255,-0.03742,0.01712,0.29002,-0.14481,0.00069,0.00000,0.00000,-0.14481,0.00069,-0.10662,0.82632,0,-0.00215,0.00115
2.0968,-0.25544,0.00652,-0.00496,0.00259,-0.03722,0.01708,0.29002,-0.14495,0.00069,0.00000,0.00000,-0.14495,0.00069,-0.10694,0.82626,0,-0.00215,0.00115
2.0988,-0.25544,0.00652,-0.00503,0.00262,-0.03702,0.01704,0.29002,-0.14508,0.00069,0.00000,0.00000,-0.14508,0.00069,-0.10722,0.82628,0,-0.00215,0.00115
2.1008,-0.25544,0.00652,-0.00510,0.00265,-0.03681,0.01699,0.29002,-0.14522,0.00069,0.00000,0.00000,-0.14522,0.00069,-0.10750,0.82631,0,-0.00215,0.00115
2.1028,-0.25544,0.00652,-0.00518,0.00269,-0.03661,0.01694,0.29002,-0.14536,0.00069,0.00000,0.00000,-0.14536,0.00069,-0.10779,0.82633,0,-0.00215,0.00115
2.1048,-0.25544,0.00652,-0.00525,0.00272,-0.03640,0.01690,0.29002,-0.14550,0.00069,0.00000,0.00000,-0.14550,0.00069,-0.10804,0.82629,0,-0.00215,0.00115
2.1068,-0.25544,0.00652,-0.00532,0.00276,-0.03619,0.01685,0.29002,-0.14564,0.00069,0.00000,0.00000,-0.14564,0.00069,-0.10834,0.82630,0,-0.00215,0.00115
2.1088,-0.25544,0.00652,-0.00540,0.00279,-0.03599,0.01680,0.29002,-0.14578,0.00069,0.00000,0.00000,-0.14578,0.00069,-0.10865,0.82631,0,-0.00215,0.00115
2.1108,-0.25544,0.00652,-0.00547,0.00282,-0.03578,0.01676,0.29002,-0.14591,0.00069,0.00000,0.00000,-0.14591,0.00069,-0.10892,0.82634,0,-0.00215,0.00115
2.1128,-0.25544,0.00652,-0.00554,0.00286,-0.03556,0.01671,0.29002,-0.14605,0.00069,0.00000,0.00000,-0.14605,0.00069,-0.10917,0.82631,0,-0.00215,0.00115
2.1148,-0.25544,0.00652,-0.00561,0.00289,-0.03535,0.01666,0.29002,-0.14619,0.00069,0.00000,0.00000,-0.14619,0.00069,-0.10948,0.82633,0,-0.00215,0.00115
2.1168,-0.25544,0.00652,-0.00568,0.00292,-0.03514,0.01661,0.29002,-0.14633,0.00069,0.00000,0.00000,-0.14633,0.00069,-0.10977,0.82632,0,-0.00215,0.00115
2.1188,-0.25544,0.00652,-0.00575,0.00296,-0.03492,0.01656,0.29002,-0.14647,0.00069,0.00000,0.00000,-0.14647,0.00069,-0.11007,0.82631,0,-0.00215,0.00115
2.1208,-0.25544,0.00652,-0.00582,0.00299,-0.03471,0.01651,0.29002,-0.14660,0.00070,0.00000,0.00000,-0.14660,0.00070,-0.11042,0.82629,0,-0.00215,0.00115
2.1228,-0.25544,0.00652,-0.00589,0.00302,-0.03449,0.01646,0.29002,-0.14674,0.00070,0.00000,0.00000,-0.14674,0.00070,-0.11065,0.82631,0,-0.00215,0.00115
2.1248,-0.25544,0.00652,-0.00596,0.00305,-0.03427,0.01640,0.29002,-0.14688,0.00070,0.00000,0.00000,-0.14688,0.00070,-0.11094,0.82631,0,-0.00215,0.00115
2.1268,-0.25544,0.00652,-0.00603,0.00309,-0.03405,0.01635,0.29002,-0.14702,0.00070,0.00000,0.00000,-0.14702,0.00070,-0.11123,0.82634,0,-0.00215,0.00115
2.1289,-0.25544,0.00652,-0.00609,0.00312,-0.03383,0.01630,0.29002,-0.14716,0.00070,0.00000,0.00000,-0.14716,0.00070,-0.11154,0.82632,0,-0.00215,0.00115
2.1309,-0.25544,0.00652,-0.00616,0.00315,-0.03361,0.01624,0.29002,-0.14730,0.00070,0.00000,0.00000,-0.14730,0.00070,-0.11183,0.82632,0,-0.00215,0.00115
2.1329,-0.25544,0.00652,-0.00623,0.00318,-0.03338,0.01619,0.29002,-0.14744,0.00070,0.00000,0.00000,-0.14744,0.00070,-0.11212,0.82628,0,-0.00215,0.00115
2.1349,-0.23806,0.00473,-0.00625,0.00347,-0.03302,0.01698,0.29526,-0.14758,0.00070,0.00000,0.00000,-0.14758,0.00070,-0.11242,0.82634,0,-0.00473,0.00299
2.1369,-0.23806,0.00473,-0.00632,0.00350,-0.03280,0.01693,0.29526,-0.14772,0.00070,0.00000,0.00000,-0.14772,0.00070,-0.11271,0.82630,0,-0.00473,0.00299
2.1389,-0.23806,0.00473,-0.00639,0.00354,-0.03257,0.01687,0.29526,-0.14786,0.00070,0.00000,0.00000,-0.14786,0.00070,-0.11307,0.82629,0,-0.00473,0.00299
2.1409,-0.23806,0.00473,-0.00645,0.00357,-0.03234,0.01680,0.29526,-0.14800,0.00070,0.00000,0.00000,-0.14800,0.00070,-0.11331,0.82632,0,-0.00473,0.00299
2.1430,-0.23806,0.00473,-0.00652,0.00360,-0.03211,0.01674,0.29526,-0.14814,0.00070,0.00000,0.00000,-0.14814,0.00070,-0.11361,0.82629,0,-0.00473,0.00299
2.1449,-0.23806,0.00473,-0.00658,0.00364,-0.03188,0.01668,0.29526,-0.14827,0.00070,0.00000,0.00000,-0.14827,0.00070,-0.11396,0.82628,0,-0.00473,0.00299
2.1470,-0.23806,0.00473,-0.00664,0.00367,-0.03165,0.01662,0.29526,-0.14841,0.00070,0.00000,0.00000,-0.14841,0.00070,-0.11424,0.82630,0,-0.00473,0.00299
2.1490,-0.23806,0.00473,-0.00671,0.00370,-0.03142,0.01656,0.29526,-0.14855,0.00070,0.00000,0.00000,-0.14855,0.00070,-0.11450,0.82631,0,-0.00473,0.00299
2.1510,-0.23806,0.00473,-0.00677,0.00374,-0.03119,0.01649,0.29526,-0.14869,0.00071,0.00000,0.00000,-0.14869,0.00071,-0.11480,0.82630,0,-0.00473,0.00299
2.1530,-0.23806,0.00473,-0.00683,0.00377,-0.03096,0.01643,0.29526,-0.14883,0.00071,0.00000,0.00000,-0.14883,0.00071,-0.11510,0.82633,0,-0.00473,0.00299
2.1550,-0.23806,0.00473,-0.00689,0.00380,-0.03072,0.01637,0.29526,-0.14897,0.00071,0.00000,0.00000,-0.14897,0.00071,-0.11540,0.82630,0,-0.00473,0.00299
2.1570,-0.23806,0.00473,-0.00695,0.00383,-0.03049,0.01630,0.29526,-0.14910,0.00071,0.00000,0.00000,-0.14910,0.00071,-0.11567,0.82632,0,-0.00473,0.00299
2.1590,-0.23806,0.00473,-0.00701,0.00387,-0.03025,0.01623,0.29526,-0.14924,0.00071,0.00000,0.00000,-0.14924,0.00071,-0.11598,0.82631,0,-0.00473,0.00299
2.1610,-0.23806,0.00473,-0.00707,0.00390,-0.03002,0.01617,0.29526,-0.14938,0.00071,0.00000,0.00000,-0.14938,0.00071,-0.11632,0.82631,0,-0.00473,0.00299
2.1630,-0.23806,0.00473,-0.00713,0.00393,-0.02978,0.01610,0.29526,-0.14952,0.00071,0.00000,0.00000,-0.14952,0.00071,-0.11660,0.82633,0,-0.00473,0.00299
2.1650,-0.23806,0.00473,-0.00719,0.00396,-0.02954,0.01603,0.29526,-0.14966,0.00071,0.00000,0.00000,-0.14966,0.00071,-0.11682,0.82632,0,-0.00473,0.00299
2.1670,-0.23806,0.00473,-0.00725,0.00400,-0.02930,0.01597,0.29526,-0.14979,0.00071,0.00000,0.00000,-0.14979,0.00071,-0.11721,0.82628,0,-0.00473,0.00299
2.1690,-0.23806,0.00473,-0.00731,0.00403,-0.02906,0.01590,0.29526,-0.14993,0.00071,0.00000,0.00000,-0.14993,0.00071,-0.11754,0.82628,0,-0.00473,0.00299
2.1710,-0.23806,0.00473,-0.00737,0.00406,-0.02882,0.01583,0.29526,-0.15000,0.00071,0.00000,0.00000,-0.15004,0.00071,-0.11779,0.82631,0,-0.00473,0.00299
2.1730,-0.23806,0.00473,-0.00743,0.00409,-0.02860,0.01576,0.29526,-0.15000,0.00071,0.00000,0.00000,-0.15011,0.00071,-0.11813,0.82634,0,-0.00473,0.00299
2.1750,-0.23806,0.00473,-0.00748,0.00412,-0.02841,0.01569,0.29526,-0.15000,0.00071,0.00000,0.00000,-0.15016,0.00071,-0.11841,0.82630,0,-0.00473,0.00299
2.1770,-0.23806,0.00473,-0.00754,0.00415,-0.02825,0.01562,0.29526,-0.15000,0.00071,0.00000,0.00000,-0.15017,0.00071,-0.11871,0.82630,0,-0.00473,0.00299
2.1790,-0.23806,0.00473,-0.00760,0.00418,-0.02811,0.01555,0.29526,-0.15000,0.00071,0.00000,0.00000,-0.15014,0.00071,-0.11900,0.82629,0,-0.00473,0.00299
2.1810,-0.23806,0.00473,-0.00765,0.00422,-0.02800,0.01548,0.29526,-0.15000,0.00071,0.00000,0.00000,-0.15009,0.00071,-0.11932,0.82630,0,-0.00473,0.00299
2.1830,-0.23806,0.00473,-0.00771,0.00425,-0.02792,0.01541,0.29526,-0.15000,0.00071,0.00000,0.00000,-0.15000,0.00071,-0.11966,0.82631,0,-0.00473,0.00299
2.1850,-0.23806,0.00473,-0.00776,0.00428,-0.02786,0.01534,0.29526,-0.15000,0.00071,0.00000,0.00000,-0.14995,0.00071,-0.11994,0.82631,0,-0.00473,0.00299
2.1870,-0.23806,0.00473,-0.00782,0.00431,-0.02778,0.01527,0.29526,-0.15000,0.00071,0.00000,0.00000,-0.14993,0.00071,-0.12022,0.82630,0,-0.00473,0.00299
2.1890,-0.23806,0.00473,-0.00787,0.00434,-0.02766,0.01519,0.29526,-0.15000,0.00071,0.00000,0.00000,-0.14994,0.00071,-0.12049,0.82628,0,-0.00473,0.00299
2.1910,-0.23806,0.00473,-0.00793,0.00437,-0.02752,0.01512,0.29526,-0.15000,0.00071,0.00000,0.00000,-0.14998,0.00071,-0.12085,0.82631,0,-0.00473,0.00299
2.1930,-0.23806,0.00473,-0.00799,0.00440,-0.02735,0.01504,0.29526,-0.15000,0.00071,0.00000,0.00000,-0.15000,0.00071,-0.12114,0.82627,0,-0.00473,0.00299
2.1950,-0.23806,0.00473,-0.00804,0.00443,-0.02720,0.01497,0.29526,-0.15000,0.00071,0.00000,0.00000,-0.15000,0.00071,-0.12142,0.82632,0,-0.00473,0.00299
2.1970,-0.23806,0.00473,-0.00809,0.00446,-0.02706,0.01490,0.29526,-0.15000,0.00071,0.00000,0.00000,-0.15000,0.00071,-0.12170,0.82631,0,-0.00473,0.00299
2.1990,-0.23806,0.00473,-0.00815,0.00449,-0.02693,0.01482,0.29526,-0.15000,0.00071,0.00000,0.00000,-0.15000,0.00071,-0.12202,0.82633,0,-0.00473,0.00299
2.2010,-0.23806,0.00473,-0.00820,0.00452,-0.02679,0.01474,0.29526,-0.15000,0.00071,0.00000,0.00000,-0.15000,0.00071,-0.12230,0.82629,0,-0.00473,0.00299
2.2030,-0.22258,0.00342,-0.00817,0.00462,-0.02627,0.01493,0.29453,-0.15000,0.00071,0.00000,0.00000,-0.15000,0.00071,-0.12259,0.82633,0,-0.00699,0.00407
2.2050,-0.22258,0.00342,-0.00823,0.00465,-0.02613,0.01485,0.29453,-0.15000,0.00071,0.00000,0.00000,-0.15000,0.00071,-0.12294,0.82633,0,-0.00699,0.00407
2.2070,-0.22258,0.00342,-0.00828,0.00468,-0.02600,0.01477,0.29453,-0.15000,0.00071,0.00000,0.00000,-0.15000,0.00071,-0.12319,0.82632,0,-0.00699,0.00407
2.2090,-0.22258,0.00342,-0.00833,0.00471,-0.02586,0.01469,0.29453,-0.15000,0.00071,0.00000,0.00000,-0.15000,0.00071,-0.12352,0.82630,0,-0.00699,0.00407
2.2110,-0.22258,0.00342,-0.00838,0.00474,-0.02571,0.01461,0.29453,-0.15000,0.00071,0.00000,0.00000,-0.15000,0.00071,-0.12386,0.82631,0,-0.00699,0.00407
2.2130,-0.22258,0.00342,-0.00843,0.00477,-0.02557,0.01453,0.29453,-0.15000,0.00071,0.00000,0.00000,-0.15000,0.00071,-0.12412,0.82631,0,-0.00699,0.00407
2.2150,-0.22258,0.00342,-0.00849,0.00480,-0.02543,0.01445,0.29453,-0.15000,0.00071,0.00000,0.00000,-0.15000,0.00071,-0.12445,0.82627,0,-0.00699,0.00407
2.2170,-0.22258,0.00342,-0.00854,0.00483,-0.02529,0.01437,0.29453,-0.15000,0.00071,0.00000,0.00000,-0.15000,0.00071,-0.12474,0.82626,0,-0.00699,0.00407
2.2190,-0.22258,0.00342,-0.00859,0.00486,-0.02514,0.01429,0.29453,-0.15000,0.00071,0.00000,0.00000,-0.15000,0.00071,-0.12503,0.82629,0,-0.00699,0.00407
2.2210,-0.22258,0.00342,-0.00864,0.00489,-0.02500,0.01421,0.29453,-0.15000,0.00071,0.00000,0.00000,-0.15000,0.00071,-0.12534,0.82628,0,-0.00699,0.00407
2.2230,-0.22258,0.00342,-0.00869,0.00491,-0.02485,0.01412,0.29453,-0.15000,0.00071,0.00000,0.00000,-0.15000,0.00071,-0.12562,0.82630,0,-0.00699,0.00407
2.2250,-0.22258,0.00342,-0.00874,0.00494,-0.02470,0.01404,0.29453,-0.15000,0.00071,0.00000,0.00000,-0.15000,0.00071,-0.12593,0.82629,0,-0.00699,0.00407
2.2270,-0.22258,0.00342,-0.00879,0.00497,-0.02456,0.01396,0.29453,-0.15000,0.00071,0.00000,0.00000,-0.15000,0.00071,-0.12627,0.82627,0,-0.00699,0.00407
2.2290,-0.22258,0.00342,-0.00883,0.00500,-0.02441,0.01387,0.29453,-0.15000,0.00071,0.00000,0.00000,-0.15000,0.00071,-0.12653,0.82623,0,-0.00699,0.00407
2.2310,-0.22258,0.00342,-0.00888,0.00503,-0.02426,0.01379,0.29453,-0.15000,0.00071,0.00000,0.00000,-0.15000,0.00071,-0.12687,0.82623,0,-0.00699,0.00407
2.2330,-0.22258,0.00342,-0.00893,0.00505,-0.02411,0.01370,0.29453,-0.15000,0.00071,0.00000,0.00000,-0.15000,0.00071,-0.12717,0.82628,0,-0.00699,0.00407
2.2350,-0.22258,0.00342,-0.00898,0.00508,-0.02396,0.01362,0.29453,-0.15000,0.00071,0.00000,0.00000,-0.15000,0.00071,-0.12743,0.82621,0,-0.00699,0.00407
2.2370,-0.22258,0.00342,-0.00903,0.00511,-0.02381,0.01353,0.29453,-0.15000,0.00071,0.00000,0.00000,-0.15000,0.00071,-0.12769,0.82624,0,-0.00699,0.00407
2.2390,-0.22258,0.00342,-0.00907,0.00513,-0.02365,0.01345,0.29453,-0.15000,0.00071,0.00000,0.00000,-0.15000,0.00071,-0.12807,0.82621,0,-0.00699,0.00407
2.2410,-0.22258,0.00342,-0.00912,0.00516,-0.02350,0.01336,0.29453,-0.15000,0.00071,0.00000,0.00000,-0.15000,0.00071,-0.12832,0.82623,0,-0.00699,0.00407
2.2430,-0.22258,0.00342,-0.00917,0.00519,-0.02335,0.01327,0.29453,-0.15000,0.00071,0.00000,0.00000,-0.15000,0.00071,-0.12863,0.82624,0,-0.00699,0.00407
2.2450,-0.22258,0.00342,-0.00921,0.00521,-0.02319,0.01319,0.29453,-0.15000,0.00071,0.00000,0.00000,-0.15000,0.00071,-0.12891,0.82624,0,-0.00699,0.00407
2.2470,-0.22258,0.00342,-0.00926,0.00524,-0.02304,0.01310,0.29453,-0.15000,0.00071,0.00000,0.00000,-0.15000,0.00071,-0.12923,0.82621,0,-0.00699,0.00407
2.2490,-0.22258,0.00342,-0.00931,0.00527,-0.02288,0.01301,0.29453,-0.15000,0.00071,0.00000,0.00000,-0.15000,0.00071,-0.12956,0.82622,0,-0.00699,0.00407
2.2510,-0.22258,0.00342,-0.00935,0.00529,-0.02272,0.01292,0.29453,-0.15000,0.00071,0.00000,0.00000,-0.15000,0.00071,-0.12982,0.82625,0,-0.00699,0.00407
2.2530,-0.22258,0.00342,-0.00940,0.00532,-0.02257,0.01283,0.29453,-0.15000,0.00071,0.00000,0.00000,-0.15000,0.00071,-0.13013,0.82621,0,-0.00699,0.00407
2.2550,-0.22258,0.00342,-0.00944,0.00534,-0.02241,0.01274,0.29453,-0.15000,0.00071,0.00000,0.00000,-0.15000,0.00071,-0.13041,0.82620,0,-0.00699,0.00407
2.2570,-0.22258,0.00342,-0.00949,0.00537,-0.02225,0.01265,0.29453,-0.15000,0.00071,0.00000,0.00000,-0.15000,0.00071,-0.13068,0.82622,0,-0.00699,0.00407
2.2590,-0.22258,0.00342,-0.00953,0.00539,-0.02209,0.01256,0.29453,-0.15000,0.00071,0.00000,0.00000,-0.15000,0.00071,-0.13097,0.82625,0,-0.00699,0.00407
2.2610,-0.22258,0.00342,-0.00958,0.00542,-0.02193,0.01247,0.29453,-0.15000,0.00071,0.00000,0.00000,-0.15000,0.00071,-0.13129,0.82628,0,-0.00699,0.00407
2.2630,-0.22258,0.00342,-0.00962,0.00544,-0.02177,0.01238,0.29453,-0.15000,0.00071,0.00000,0.00000,-0.15000,0.00071,-0.13162,0.82622,0,-0.00699,0.00407
2.2650,-0.22258,0.00342,-0.00966,0.00547,-0.02160,0.01229,0.29453,-0.15000,0.00071,0.00000,0.00000,-0.15000,0.00071,-0.13189,0.82624,0,-0.00699,0.00407
2.2670,-0.22258,0.00342,-0.00971,0.00549,-0.02144,0.01219,0.29453,-0.15000,0.00071,0.00000,0.00000,-0.15000,0.00071,-0.13214,0.82627,0,-0.00699,0.00407
2.2690,-0.22258,0.00342,-0.00975,0.00552,-0.02128,0.01210,0.29453,-0.15000,0.00071,0.00000,0.00000,-0.15000,0.00071,-0.13253,0.82624,0,-0.00699,0.00407
2.2710,-0.22258,0.00342,-0.00979,0.00554,-0.02111,0.01201,0.29453,-0.15000,0.00071,0.00000,0.00000,-0.15000,0.00071,-0.13282,0.82624,0,-0.00699,0.00407
2.2730,-0.20898,0.00194,-0.00973,0.00553,-0.02060,0.01180,0.29750,-0.15000,0.00071,0.00000,0.00000,-0.15000,0.00071,-0.13314,0.82628,0,-0.00864,0.00493
2.2750,-0.20898,0.00194,-0.00977,0.00556,-0.02044,0.01171,0.29750,-0.15000,0.00071,0.00000,0.00000,-0.15000,0.00071,-0.13345,0.82628,0,-0.00864,0.00493
2.2770,-0.20898,0.00194,-0.00981,0.00558,-0.02027,0.01162,0.29750,-0.15000,0.00071,0.00000,0.00000,-0.15000,0.00071,-0.13371,0.82630,0,-0.00864,0.00493
2.2790,-0.20898,0.00194,-0.00985,0.00560,-0.02011,0.01152,0.29750,-0.15000,0.00071,0.00000,0.00000,-0.15000,0.00071,-0.13401,0.82628,0,-0.00864,0.00493
2.2810,-0.20898,0.00194,-0.00989,0.00563,-0.01994,0.01143,0.29750,-0.15000,0.00071,0.00000,0.00000,-0.15000,0.00071,-0.13436,0.82623,0,-0.00864,0.00493
2.2830,-0.20898,0.00194,-0.00993,0.00565,-0.01978,0.01133,0.29750,-0.15000,0.00071,0.00000,0.00000,-0.15000,0.00071,-0.13467,0.82630,0,-0.00864,0.00493
2.2850,-0.20898,0.00194,-0.00997,0.00567,-0.01961,0.01124,0.29750,-0.15000,0.00071,0.00000,0.00000,-0.15000,0.00071,-0.13490,0.82628,0,-0.00864,0.00493
2.2870,-0.20898,0.00194,-0.01001,0.00569,-0.01944,0.01114,0.29750,-0.15000,0.00071,0.00000,0.00000,-0.15000,0.00071,-0.13518,0.82632,0,-0.00864,0.00493
2.2890,-0.20898,0.00194,-0.01005,0.00572,-0.01927,0.01105,0.29750,-0.15000,0.00071,0.00000,0.00000,-0.15000,0.00071,-0.13544,0.82634,0,-0.00864,0.00493
2.2910,-0.20898,0.00194,-0.01009,0.00574,-0.01910,0.01095,0.29750,-0.15000,0.00071,0.00000,0.00000,-0.15000,0.00071,-0.13575,0.82629,0,-0.00864,0.00493
2.2930,-0.20898,0.00194,-0.01013,0.00576,-0.01893,0.01085,0.29750,-0.15000,0.00071,0.00000,0.00000,-0.15000,0.00071,-0.13602,0.82637,0,-0.00864,0.00493
2.2950,-0.20898,0.00194,-0.01016,0.00578,-0.01876,0.01076,0.29750,-0.15000,0.00071,0.00000,0.00000,-0.15000,0.00071,-0.13637,0.82634,0,-0.00864,0.00493
2.2970,-0.20898,0.00194,-0.01020,0.00580,-0.01859,0.01066,0.29750,-0.15000,0.00071,0.00000,0.00000,-0.15000,0.00071,-0.13670,0.82630,0,-0.00864,0.00493
2.2990,-0.20898,0.00194,-0.01024,0.00582,-0.01842,0.01056,0.29750,-0.15000,0.00071,0.00000,0.00000,-0.15000,0.00071,-0.13692,0.82631,0,-0.00864,0.00493
2.3010,-0.20898,0.00194,-0.01027,0.00584,-0.01825,0.01046,0.29750,-0.15000,0.00071,0.00000,0.00000,-0.15000,0.00071,-0.13724,0.82636,0,-0.00864,0.00493
2.3030,-0.20898,0.00194,-0.01031,0.00586,-0.01807,0.01036,0.29750,-0.15000,0.00071,0.00000,0.00000,-0.15000,0.00071,-0.13756,0.82633,0,-0.00864,0.00493
2.3050,-0.20898,0.00194,-0.01035,0.00589,-0.01790,0.01026,0.29750,-0.15000,0.00071,0.00000,0.00000,-0.15000,0.00071,-0.13784,0.82639,0,-0.00864,0.00493
2.3070,-0.20898,0.00194,-0.01038,0.00591,-0.01773,0.01017,0.29750,-0.15000,0.00071,0.00000,0.00000,-0.15000,0.00071,-0.13816,0.82636,0,-0.00864,0.00493
2.3090,-0.20898,0.00194,-0.01042,0.00593,-0.01755,0.01007,0.29750,-0.15000,0.00071,0.00000,0.00000,-0.15000,0.00071,-0.13847,0.82637,0,-0.00864,0.00493
2.3110,-0.20898,0.00194,-0.01045,0.00595,-0.01737,0.00997,0.29750,-0.15000,0.00071,0.00000,0.00000,-0.15000,0.00071,-0.13872,0.82637,0,-0.00864,0.00493
2.3130,-0.20898,0.00194,-0.01049,0.00597,-0.01720,0.00987,0.29750,-0.15000,0.00071,0.00000,0.00000,-0.15000,0.00071,-0.13908,0.82640,0,-0.00864,0.00493
2.3150,-0.20898,0.00194,-0.01052,0.00599,-0.01702,0.00977,0.29750,-0.15000,0.00071,0.00000,0.00000,-0.15000,0.00071,-0.13936,0.82637,0,-0.00864,0.00493
2.3170,-0.20898,0.00194,-0.01055,0.00601,-0.01684,0.00966,0.29750,-0.15000,0.00071,0.00000,0.00000,-0.15000,0.00071,-0.13969,0.82638,0,-0.00864,0.00493
2.3190,-0.20898,0.00194,-0.01059,0.00602,-0.01667,0.00956,0.29750,-0.15000,0.00071,0.00000,0.00000,-0.15000,0.00071,-0.13995,0.82639,0,-0.00864,0.00493
2.3210,-0.20898,0.00194,-0.01062,0.00604,-0.01649,0.00946,0.29750,-0.15000,0.00071,0.00000,0.00000,-0.15000,0.00071,-0.14025,0.82643,0,-0.00864,0.00493
2.3230,-0.20898,0.00194,-0.01065,0.00606,-0.01631,0.00936,0.29750,-0.15000,0.00071,0.00000,0.00000,-0.15000,0.00071,-0.14054,0.82643,0,-0.00864,0.00493
2.3250,-0.20898,0.00194,-0.01069,0.00608,-0.01613,0.00926,0.29750,-0.15000,0.00071,0.00000,0.00000,-0.15000,0.00071,-0.14085,0.82641,0,-0.00864,0.00493
2.3270,-0.20898,0.00194,-0.01072,0.00610,-0.01595,0.00916,0.29750,-0.15000,0.00071,0.00000,0.00000,-0.15000,0.00071,-0.14113,0.82638,0,-0.00864,0.00493
2.3290,-0.20898,0.00194,-0.01075,0.00612,-0.01577,0.00905,0.29750,-0.15000,0.00071,0.00000,0.00000,-0.15000,0.00071,-0.14141,0.82642,0,-0.00864,0.00493
2.3310,-0.20898,0.00194,-0.01078,0.00614,-0.01559,0.00895,0.29750,-0.15000,0.00071,0.00000,0.00000,-0.15000,0.00071,-0.14173,0.82639,0,-0.00864,0.00493
2.3331,-0.20898,0.00194,-0.01081,0.00615,-0.01541,0.00885,0.29750,-0.15000,0.00071,0.00000,0.00000,-0.15000,0.00071,-0.14202,0.82640,0,-0.00864,0.00493
2.3351,-0.19849,-0.00079,-0.01037,0.00673,-0.01363,0.01063,0.29777,-0.15000,0.00071,0.00000,0.00000,-0.15000,0.00071,-0.14235,0.82641,0,-0.00922,0.00683
2.3371,-0.19849,-0.00079,-0.01040,0.00675,-0.01346,0.01052,0.29777,-0.15000,0.00071,0.00000,0.00000,-0.15000,0.00071,-0.14266,0.82642,0,-0.00922,0.00683
2.3391,-0.19849,-0.00079,-0.01043,0.00677,-0.01328,0.01040,0.29777,-0.15000,0.00071,0.00000,0.00000,-0.15000,0.00071,-0.14301,0.82637,0,-0.00922,0.00683
2.3411,-0.19849,-0.00079,-0.01045,0.00679,-0.01311,0.01029,0.29777,-0.15000,0.00071,0.00000,0.00000,-0.15000,0.00071,-0.14330,0.82642,0,-0.00922,0.00683
2.3431,-0.19849,-0.00079,-0.01048,0.00681,-0.01293,0.01017,0.29777,-0.15000,0.00071,0.00000,0.00000,-0.15000,0.00071,-0.14356,0.82641,0,-0.00922,0.00683
2.3451,-0.19849,-0.00079,-0.01050,0.00683,-0.01276,0.01006,0.29777,-0.15000,0.00071,0.00000,0.00000,-0.15000,0.00071,-0.14384,0.82646,0,-0.00922,0.00683
2.3471,-0.19849,-0.00079,-0.01053,0.00685,-0.01258,0.00994,0.29777,-0.15000,0.00071,0.00000,0.00000,-0.15000,0.00071,-0.14418,0.82643,0,-0.00922,0.00683
2.3491,-0.19849,-0.00079,-0.01056,0.00687,-0.01240,0.00983,0.29777,-0.15000,0.00071,0.00000,0.00000,-0.15000,0.00071,-0.14447,0.82643,0,-0.00922,0.00683
2.3511,-0.19849,-0.00079,-0.01058,0.00689,-0.01223,0.00971,0.29777,-0.15000,0.00071,0.00000,0.00000,-0.15000,0.00071,-0.14478,0.82643,0,-0.00922,0.00683
2.3531,-0.19849,-0.00079,-0.01060,0.00691,-0.01205,0.00960,0.29777,-0.15000,0.00071,0.00000,0.00000,-0.15000,0.00071,-0.14509,0.82644,0,-0.00922,0.00683
2.3551,-0.19849,-0.00079,-0.01063,0.00693,-0.01187,0.00948,0.29777,-0.15000,0.00071,0.00000,0.00000,-0.15000,0.00071,-0.14537,0.82649,0,-0.00922,0.00683
2.3571,-0.19849,-0.00079,-0.01065,0.00695,-0.01169,0.00936,0.29777,-0.15000,0.00071,0.00000,0.00000,-0.15000,0.00071,-0.14569,0.82644,0,-0.00922,0.00683
2.3591,-0.19849,-0.00079,-0.01067,0.00697,-0.01151,0.00925,0.29777,-0.15000,0.00071,0.00000,0.00000,-0.15000,0.00071,-0.14605,0.82642,0,-0.00922,0.00683
2.3611,-0.19849,-0.00079,-0.01070,0.00698,-0.01133,0.00913,0.29777,-0.15000,0.00071,0.00000,0.00000,-0.15000,0.00071,-0.14632,0.82647,0,-0.00922,0.00683
2.3631,-0.19849,-0.00079,-0.01072,0.00700,-0.01115,0.00901,0.29777,-0.15000,0.00071,0.00000,0.00000,-0.15000,0.00071,-0.14661,0.82646,0,-0.00922,0.00683
2.3651,-0.19849,-0.00079,-0.01074,0.00702,-0.01097,0.00890,0.29777,-0.15000,0.00071,0.00000,0.00000,-0.15000,0.00071,-0.14693,0.82645,0,-0.00922,0.00683
2.3671,-0.19849,-0.00079,-0.01076,0.00704,-0.01079,0.00878,0.29777,-0.15000,0.00071,0.00000,0.00000,-0.15000,0.00071,-0.14725,0.82645,0,-0.00922,0.00683
2.3691,-0.19849,-0.00079,-0.01079,0.00706,-0.01061,0.00866,0.29777,-0.15000,0.00071,0.00000,0.00000,-0.15000,0.00071,-0.14750,0.82645,0,-0.00922,0.00683
2.3711,-0.19849,-0.00079,-0.01081,0.00707,-0.01043,0.00854,0.29777,-0.15000,0.00071,0.00000,0.00000,-0.15000,0.00071,-0.14784,0.82643,0,-0.00922,0.00683
2.3731,-0.19849,-0.00079,-0.01083,0.00709,-0.01025,0.00842,0.29777,-0.15000,0.00071,0.00000,0.00000,-0.15000,0.00071,-0.14814,0.82642,0,-0.00922,0.00683
2.3751,-0.19849,-0.00079,-0.01085,0.00711,-0.01007,0.00830,0.29777,-0.15000,0.00071,0.00000,0.00000,-0.15000,0.00071,-0.14844,0.82647,0,-0.00922,0.00683
2.3771,-0.19849,-0.00079,-0.01087,0.00712,-0.00988,0.00818,0.29777,-0.15000,0.00071,0.00000,0.00000,-0.15000,0.00071,-0.14874,0.82644,0,-0.00922,0.00683
2.3791,-0.19849,-0.00079,-0.01089,0.00714,-0.00970,0.00806,0.29777,-0.15000,0.00071,0.00000,0.00000,-0.15000,0.00071,-0.14904,0.82647,0,-0.00922,0.00683
2.3811,-0.19849,-0.00079,-0.01091,0.00716,-0.00952,0.00794,0.29777,-0.15000,0.00071,0.00000,0.00000,-0.15000,0.00071,-0.14933,0.82645,0,-0.00922,0.00683
2.3831,-0.19849,-0.00079,-0.01093,0.00717,-0.00933,0.00782,0.29777,-0.15000,0.00071,0.00000,0.00000,-0.15000,0.00071,-0.14967,0.82643,0,-0.00922,0.00683
2.3851,-0.19849,-0.00079,-0.01094,0.00719,-0.00915,0.00770,0.29777,-0.15000,0.00071,0.00000,0.00000,-0.15000,0.00071,-0.14996,0.82647,0,-0.00922,0.00683
2.3871,-0.19849,-0.00079,-0.01096,0.00720,-0.00897,0.00758,0.29777,-0.15000,0.00071,0.00000,0.00000,-0.15000,0.00071,-0.15022,0.82646,0,-0.00922,0.00683
2.3891,-0.19849,-0.00079,-0.01098,0.00722,-0.00878,0.00746,0.29777,-0.15000,0.00071,0.00000,0.00000,-0.15000,0.00071,-0.15058,0.82645,0,-0.00922,0.00683
2.3911,-0.19849,-0.00079,-0.01100,0.00723,-0.00860,0.00734,0.29777,-0.15000,0.00071,0.00000,0.00000,-0.15000,0.00071,-0.15086,0.82646,0,-0.00922,0.00683
2.3931,-0.19849,-0.00079,-0.01101,0.00725,-0.00841,0.00722,0.29777,-0.15000,0.00071,0.00000,0.00000,-0.15000,0.00071,-0.15116,0.82648,0,-0.00922,0.00683
2.3951,-0.19849,-0.00079,-0.01103,0.00726,-0.00823,0.00709,0.29777,-0.15000,0.00071,0.00000,0.00000,-0.15000,0.00071,-0.15146,0.82645,0,-0.00922,0.00683
2.3971,-0.19849,-0.00079,-0.01105,0.00727,-0.00804,0.00697,0.29777,-0.15000,0.00071,0.00000,0.00000,-0.15000,0.00071,-0.15178,0.82648,0,-0.00922,0.00683
2.3991,-0.19849,-0.00079,-0.01106,0.00729,-0.00786,0.00685,0.29777,-0.15000,0.00071,0.00000,0.00000,-0.15000,0.00071,-0.15209,0.82647,0,-0.00922,0.00683
2.4011,-0.18820,-0.00370,-0.00982,0.00886,-0.00330,0.01213,0.28308,-0.15000,0.00071,0.00000,0.00000,-0.15000,0.00071,-0.15238,0.82647,0,-0.00831,0.00998
2.4031,-0.18820,-0.00370,-0.00982,0.00889,-0.00314,0.01198,0.28308,-0.15000,0.00071,0.00000,0.00000,-0.15000,0.00071,-0.15269,0.82647,0,-0.00831,0.00998
2.4051,-0.18820,-0.00370,-0.00983,0.00891,-0.00298,0.01183,0.28308,-0.15000,0.00071,0.00000,0.00000,-0.15000,0.00071,-0.15299,0.82647,0,-0.00831,0.00998
2.4071,-0.18820,-0.00370,-0.00983,0.00893,-0.00281,0.01168,0.28308,-0.15000,0.00071,0.00000,0.00000,-0.15000,0.00071,-0.15328,0.82645,0,-0.00831,0.00998
2.4092,-0.18820,-0.00370,-0.00984,0.00896,-0.00265,0.01153,0.28308,-0.15000,0.00071,0.00000,0.00000,-0.15000,0.00071,-0.15354,0.82647,0,-0.00831,0.00998
2.4112,-0.18820,-0.00370,-0.00985,0.00898,-0.00248,0.01138,0.28308,-0.15000,0.00071,0.00000,0.00000,-0.15000,0.00071,-0.15384,0.82646,0,-0.00831,0.00998
2.4132,-0.18820,-0.00370,-0.00985,0.00900,-0.00231,0.01123,0.28308,-0.15000,0.00071,0.00000,0.00000,-0.15000,0.00071,-0.15410,0.82648,0,-0.00831,0.00998
2.4152,-0.18820,-0.00370,-0.00985,0.00903,-0.00215,0.01107,0.28308,-0.15000,0.00071,0.00000,0.00000,-0.15000,0.00071,-0.15442,0.82647,0,-0.00831,0.00998
2.4172,-0.18820,-0.00370,-0.00986,0.00905,-0.00198,0.01092,0.28308,-0.15000,0.00071,0.00000,0.00000,-0.15000,0.00071,-0.15474,0.82646,0,-0.00831,0.00998
2.4192,-0.18820,-0.00370,-0.00986,0.00907,-0.00182,0.01077,0.28308,-0.15000,0.00071,0.00000,0.00000,-0.15000,0.00071,-0.15499,0.82649,0,-0.00831,0.00998
2.4212,-0.18820,-0.00370,-0.00987,0.00909,-0.00165,0.01062,0.28308,-0.15000,0.00071,0.00000,0.00000,-0.15000,0.00071,-0.15535,0.82647,0,-0.00831,0.00998
2.4232,-0.18820,-0.00370,-0.00987,0.00911,-0.00149,0.01047,0.28308,-0.15000,0.00071,0.00000,0.00000,-0.15000,0.00071,-0.15560,0.82647,0,-0.00831,0.00998
2.4252,-0.18820,-0.00370,-0.00987,0.00913,-0.00132,0.01031,0.28308,-0.15000,0.00071,0.00000,0.00000,-0.15000,0.00071,-0.15589,0.82647,0,-0.00831,0.00998
2.4272,-0.18820,-0.00370,-0.00987,0.00915,-0.00116,0.01016,0.28308,-0.15000,0.00071,0.00000,0.00000,-0.15000,0.00071,-0.15625,0.82644,0,-0.00831,0.00998
2.4292,-0.18820,-0.00370,-0.00988,0.00917,-0.00099,0.01000,0.28308,-0.15000,0.00071,0.00000,0.00000,-0.15000,0.00071,-0.15651,0.82648,0,-0.00831,0.00998
2.4312,-0.18820,-0.00370,-0.00988,0.00919,-0.00083,0.00985,0.28308,-0.15000,0.00071,0.00000,0.00000,-0.15000,0.00071,-0.15678,0.82644,0,-0.00831,0.00998
2.4333,-0.18820,-0.00370,-0.00988,0.00921,-0.00066,0.00970,0.28308,-0.15000,0.00071,0.00000,0.00000,-0.15000,0.00071,-0.15709,0.82649,0,-0.00831,0.00998
2.4353,-0.18820,-0.00370,-0.00988,0.00923,-0.00049,0.00954,0.28308,-0.15000,0.00071,0.00000,0.00000,-0.15000,0.00071,-0.15743,0.82646,0,-0.00831,0.00998
2.4373,-0.18820,-0.00370,-0.00988,0.00925,-0.00033,0.00939,0.28308,-0.15000,0.00071,0.00000,0.00000,-0.15000,0.00071,-0.15771,0.82648,0,-0.00831,0.00998
2.4393,-0.18820,-0.00370,-0.00988,0.00927,-0.00016,0.00923,0.28308,-0.15000,0.00071,0.00000,0.00000,-0.15000,0.00071,-0.15803,0.82647,0,-0.00831,0.00998
2.4413,-0.18820,-0.00370,-0.00988,0.00929,0.00000,0.00907,0.28308,-0.15000,0.00071,0.00000,0.00000,-0.15000,0.00071,-0.15834,0.82645,0,-0.00831,0.00998
2.4433,-0.18820,-0.00370,-0.00988,0.00931,0.00017,0.00892,0.28308,-0.15000,0.00071,0.00000,0.00000,-0.15000,0.00071,-0.15863,0.82644,0,-0.00831,0.00998
2.4453,-0.18820,-0.00370,-0.00988,0.00932,0.00033,0.00876,0.28308,-0.15000,0.00071,0.00000,0.00000,-0.15000,0.00071,-0.15895,0.82645,0,-0.00831,0.00998
2.4473,-0.18820,-0.00370,-0.00988,0.00934,0.00050,0.00861,0.28308,-0.15000,0.00071,0.00000,0.00000,-0.15000,0.00071,-0.15923,0.82649,0,-0.00831,0.00998
2.4493,-0.18820,-0.00370,-0.00988,0.00936,0.00067,0.00845,0.28308,-0.15000,0.00071,0.00000,0.00000,-0.15000,0.00071,-0.15953,0.82647,0,-0.00831,0.00998
2.4513,-0.18820,-0.00370,-0.00988,0.00937,0.00083,0.00829,0.28308,-0.15000,0.00071,0.00000,0.00000,-0.15000,0.00071,-0.15986,0.82644,0,-0.00831,0.00998
2.4533,-0.18820,-0.00370,-0.00988,0.00939,0.00100,0.00813,0.28308,-0.15000,0.00071,0.00000,0.00000,-0.15000,0.00071,-0.16010,0.82650,0,-0.00831,0.00998
2.4553,-0.18820,-0.00370,-0.00987,0.00941,0.00116,0.00798,0.28308,-0.15000,0.00071,0.00000,0.00000,-0.15000,0.00071,-0.16041,0.82645,0,-0.00831,0.00998
2.4573,-0.18820,-0.00370,-0.00987,0.00942,0.00133,0.00782,0.28308,-0.15000,0.00071,0.00000,0.00000,-0.15000,0.00071,-0.16070,0.82646,0,-0.00831,0.00998
2.4593,-0.18820,-0.00370,-0.00987,0.00944,0.00149,0.00766,0.28308,-0.15000,0.00071,0.00000,0.00000,-0.15000,0.00071,-0.16099,0.82647,0,-0.00831,0.00998
2.4614,-0.18820,-0.00370,-0.00987,0.00945,0.00166,0.00750,0.28308,-0.15000,0.00071,0.00000,0.00000,-0.15000,0.00071,-0.16131,0.82645,0,-0.00831,0.00998
2.4634,-0.18820,-0.00370,-0.00986,0.00947,0.00182,0.00734,0.28308,-0.15000,0.00071,0.00000,0.00000,-0.15000,0.00071,-0.16155,0.82647,0,-0.00831,0.00998
2.4654,-0.18820,-0.00370,-0.00986,0.00948,0.00199,0.00718,0.28308,-0.15000,0.00071,0.00000,0.00000,-0.15000,0.00071,-0.16189,0.82649,0,-0.00831,0.00998
2.4674,-0.18820,-0.00370,-0.00985,0.00950,0.00216,0.00702,0.28308,-0.15000,0.00071,0.00000,0.00000,-0.15000,0.00071,-0.16215,0.82645,0,-0.00831,0.00998
2.4694,-0.17900,-0.00830,-0.00781,0.01183,0.00928,0.01478,0.27700,-0.15000,0.00071,0.00000,0.00000,-0.15000,0.00071,-0.16248,0.82647,0,-0.00598,0.01361
2.4714,-0.17900,-0.00830,-0.00779,0.01186,0.00941,0.01459,0.27700,-0.15000,0.00071,0.00000,0.00000,-0.15000,0.00071,-0.16276,0.82645,0,-0.00598,0.01361
2.4734,-0.17900,-0.00830,-0.00777,0.01189,0.00954,0.01439,0.27700,-0.15000,0.00071,0.00000,0.00000,-0.15000,0.00071,-0.16309,0.82647,0,-0.00598,0.01361
2.4754,-0.17900,-0.00830,-0.00776,0.01192,0.00967,0.01419,0.27700,-0.15000,0.00071,0.00000,0.00000,-0.15000,0.00071,-0.16336,0.82646,0,-0.00598,0.01361
2.4774,-0.17900,-0.00830,-0.00774,0.01195,0.00980,0.01399,0.27700,-0.15000,0.00071,0.00000,0.00000,-0.15000,0.00071,-0.16369,0.82644,0,-0.00598,0.01361
2.4794,-0.17900,-0.00830,-0.00772,0.01197,0.00993,0.01378,0.27700,-0.15000,0.00071,0.00000,0.00000,-0.15000,0.00071,-0.16401,0.82640,0,-0.00598,0.01361
2.4814,-0.17900,-0.00830,-0.00770,0.01200,0.01006,0.01358,0.27700,-0.15000,0.00071,0.00000,0.00000,-0.15000,0.00071,-0.16431,0.82644,0,-0.00598,0.01361
2.4835,-0.17900,-0.00830,-0.00768,0.01203,0.01018,0.01338,0.27700,-0.15000,0.00071,0.00000,0.00000,-0.15000,0.00071,-0.16462,0.82644,0,-0.00598,0.01361
2.4855,-0.17900,-0.00830,-0.00766,0.01205,0.01031,0.01318,0.27700,-0.15000,0.00071,0.00000,0.00000,-0.15000,0.00071,-0.16491,0.82643,0,-0.00598,0.01361
2.4875,-0.17900,-0.00830,-0.00763,0.01208,0.01044,0.01298,0.27700,-0.15000,0.00071,0.00000,0.00000,-0.15000,0.00071,-0.16519,0.82644,0,-0.00598,0.01361
2.4895,-0.17900,-0.00830,-0.00761,0.01211,0.01057,0.01277,0.27700,-0.15000,0.00071,0.00000,0.00000,-0.15000,0.00071,-0.16550,0.82646,0,-0.00598,0.01361
2.4915,-0.17900,-0.00830,-0.00759,0.01213,0.01070,0.01257,0.27700,-0.15000,0.00071,0.00000,0.00000,-0.15000,0.00071,-0.16580,0.82642,0,-0.00598,0.01361
2.4935,-0.17900,-0.00830,-0.00757,0.01216,0.01082,0.01237,0.27700,-0.15000,0.00071,0.00000,0.00000,-0.15000,0.00071,-0.16611,0.82646,0,-0.00598,0.01361
2.4955,-0.17900,-0.00830,-0.00755,0.01218,0.01095,0.01216,0.27700,-0.15000,0.00071,0.00000,0.00000,-0.15000,0.00071,-0.16643,0.82643,0,-0.00598,0.01361
2.4975,-0.17900,-0.00830,-0.00753,0.01221,0.01107,0.01196,0.27700,-0.15000,0.00071,0.00000,0.00000,-0.15000,0.00071,-0.16669,0.82649,0,-0.00598,0.01361
2.4995,-0.17900,-0.00830,-0.00750,0.01223,0.01120,0.01175,0.27700,-0.15000,0.00071,0.00000,0.00000,-0.15000,0.00071,-0.16701,0.82645,0,-0.00598,0.01361
2.5015,-0.17900,-0.00830,-0.00748,0.01225,0.01133,0.01155,0.27700,-0.15000,0.00071,0.00000,0.00000,-0.15000,0.00071,-0.16730,0.82647,0,-0.00598,0.01361
2.5035,-0.17900,-0.00830,-0.00746,0.01227,0.01145,0.01134,0.27700,-0.15000,0.00071,0.00000,0.00000,-0.15000,0.00071,-0.16765,0.82648,0,-0.00598,0.01361
2.5056,-0.17900,-0.00830,-0.00744,0.01230,0.01158,0.01113,0.27700,-0.15000,0.00071,0.00000,0.00000,-0.15000,0.00071,-0.16788,0.82645,0,-0.00598,0.01361
2.5076,-0.17900,-0.00830,-0.00741,0.01232,0.01170,0.01093,0.27700,-0.15000,0.00071,0.00000,0.00000,-0.15000,0.00071,-0.16820,0.82645,0,-0.00598,0.01361
2.5096,-0.17900,-0.00830,-0.00739,0.01234,0.01182,0.01072,0.27700,-0.15000,0.00071,0.00000,0.00000,-0.15000,0.00071,-0.16850,0.82645,0,-0.00598,0.01361
2.5116,-0.17900,-0.00830,-0.00737,0.01236,0.01195,0.01051,0.27700,-0.15000,0.00071,0.00000,0.00000,-0.15000,0.00071,-0.16881,0.82646,0,-0.00598,0.01361
2.5136,-0.17900,-0.00830,-0.00734,0.01238,0.01207,0.01030,0.27700,-0.15000,0.00071,0.00000,0.00000,-0.15000,0.00071,-0.16910,0.82646,0,-0.00598,0.01361
2.5156,-0.17900,-0.00830,-0.00732,0.01240,0.01219,0.01010,0.27700,-0.15000,0.00071,0.00000,0.00000,-0.15000,0.00071,-0.16938,0.82648,0,-0.00598,0.01361
2.5176,-0.17900,-0.00830,-0.00729,0.01242,0.01231,0.00989,0.27700,-0.15000,0.00071,0.00000,0.00000,-0.15000,0.00071,-0.16972,0.82648,0,-0.00598,0.01361
2.5196,-0.17900,-0.00830,-0.00727,0.01244,0.01244,0.00968,0.27700,-0.15000,0.00071,0.00000,0.00000,-0.15000,0.00071,-0.17007,0.82642,0,-0.00598,0.01361
2.5216,-0.17900,-0.00830,-0.00724,0.01246,0.01256,0.00947,0.27700,-0.15000,0.00071,0.00000,0.00000,-0.15000,0.00071,-0.17034,0.82646,0,-0.00598,0.01361
2.5236,-0.17900,-0.00830,-0.00722,0.01248,0.01268,0.00926,0.27700,-0.15000,0.00071,0.00000,0.00000,-0.15000,0.00071,-0.17062,0.82651,0,-0.00598,0.01361
2.5256,-0.17900,-0.00830,-0.00719,0.01250,0.01280,0.00905,0.27700,-0.15000,0.00071,0.00000,0.00000,-0.15000,0.00071,-0.17093,0.82648,0,-0.00598,0.01361
2.5276,-0.17900,-0.00830,-0.00717,0.01252,0.01292,0.00884,0.27700,-0.15000,0.00071,0.00000,0.00000,-0.15000,0.00071,-0.17123,0.82647,0,-0.00598,0.01361
2.5296,-0.17900,-0.00830,-0.00714,0.01253,0.01304,0.00863,0.27700,-0.14987,0.00071,0.00000,0.00000,-0.14997,0.00071,-0.17149,0.82648,0,-0.00598,0.01361
2.5317,-0.17309,-0.01232,-0.00432,0.01519,0.02287,0.01758,0.26801,-0.14973,0.00071,0.00000,0.00000,-0.14990,0.00071,-0.17215,0.82651,0,-0.00211,0.01730
2.5337,-0.17309,-0.01232,-0.00427,0.01522,0.02289,0.01732,0.26801,-0.14959,0.00071,0.00000,0.00000,-0.14981,0.00071,-0.17215,0.82651,0,-0.00211,0.01730
2.5357,-0.17309,-0.01232,-0.00422,0.01526,0.02288,0.01707,0.26801,-0.14945,0.00071,0.00000,0.00000,-0.14968,0.00071,-0.17242,0.82651,0,-0.00211,0.01730
2.5377,-0.17309,-0.01232,-0.00418,0.01529,0.02284,0.01681,0.26801,-0.14932,0.00071,0.00000,0.00000,-0.14952,0.00071,-0.17270,0.82650,0,-0.00211,0.01730
2.5397,-0.17309,-0.01232,-0.00413,0.01533,0.02277,0.01656,0.26801,-0.14918,0.00071,0.00000,0.00000,-0.14933,0.00071,-0.17303,0.82652,0,-0.00211,0.01730
2.5417,-0.17309,-0.01232,-0.00409,0.01536,0.02267,0.01630,0.26801,-0.14904,0.00071,0.00000,0.00000,-0.14910,0.00071,-0.17327,0.82651,0,-0.00211,0.01730
2.5437,-0.17309,-0.01232,-0.00404,0.01539,0.02255,0.01604,0.26801,-0.14890,0.00071,0.00000,0.00000,-0.14890,0.00071,-0.17362,0.82653,0,-0.00211,0.01730
2.5457,-0.17309,-0.01232,-0.00400,0.01542,0.02244,0.01578,0.26801,-0.14876,0.00071,0.00000,0.00000,-0.14873,0.00071,-0.17392,0.82653,0,-0.00211,0.01730
2.5477,-0.17309,-0.01232,-0.00395,0.01545,0.02237,0.01552,0.26801,-0.14862,0.00071,0.00000,0.00000,-0.14859,0.00071,-0.17421,0.82652,0,-0.00211,0.01730
2.5497,-0.17309,-0.01232,-0.00391,0.01549,0.02231,0.01526,0.26801,-0.14848,0.00070,0.00000,0.00000,-0.14848,0.00070,-0.17454,0.82652,0,-0.00211,0.01730
2.5517,-0.17309,-0.01232,-0.00386,0.01552,0.02228,0.01500,0.26801,-0.14834,0.00070,0.00000,0.00000,-0.14834,0.00070,-0.17484,0.82652,0,-0.00211,0.01730
2.5538,-0.17309,-0.01232,-0.00382,0.01555,0.02223,0.01474,0.26801,-0.14820,0.00070,0.00000,0.00000,-0.14820,0.00070,-0.17513,0.82650,0,-0.00211,0.01730
2.5558,-0.17309,-0.01232,-0.00377,0.01557,0.02217,0.01448,0.26801,-0.14807,0.00070,0.00000,0.00000,-0.14807,0.00070,-0.17541,0.82656,0,-0.00211,0.01730
2.5578,-0.17309,-0.01232,-0.00373,0.01560,0.02212,0.01422,0.26801,-0.14793,0.00070,0.00000,0.00000,-0.14793,0.00070,-0.17570,0.82654,0,-0.00211,0.01730
2.5598,-0.17309,-0.01232,-0.00369,0.01563,0.02206,0.01396,0.26801,-0.14779,0.00070,0.00000,0.00000,-0.14779,0.00070,-0.17603,0.82653,0,-0.00211,0.01730
2.5618,-0.17309,-0.01232,-0.00364,0.01566,0.02200,0.01370,0.26801,-0.14765,0.00070,0.00000,0.00000,-0.14765,0.00070,-0.17636,0.82654,0,-0.00211,0.01730
2.5638,-0.17309,-0.01232,-0.00360,0.01569,0.02195,0.01344,0.26801,-0.14751,0.00070,0.00000,0.00000,-0.14751,0.00070,-0.17660,0.82655,0,-0.00211,0.01730
2.5658,-0.17309,-0.01232,-0.00355,0.01571,0.02189,0.01317,0.26801,-0.14737,0.00070,0.00000,0.00000,-0.14737,0.00070,-0.17690,0.82658,0,-0.00211,0.01730
2.5678,-0.17309,-0.01232,-0.00351,0.01574,0.02183,0.01291,0.26801,-0.14724,0.00070,0.00000,0.00000,-0.14724,0.00070,-0.17724,0.82653,0,-0.00211,0.01730
2.5698,-0.17309,-0.01232,-0.00347,0.01576,0.02177,0.01265,0.26801,-0.14710,0.00070,0.00000,0.00000,-0.14710,0.00070,-0.17754,0.82655,0,-0.00211,0.01730
2.5718,-0.17309,-0.01232,-0.00342,0.01579,0.02171,0.01238,0.26801,-0.14696,0.00070,0.00000,0.00000,-0.14696,0.00070,-0.17781,0.82658,0,-0.00211,0.01730
2.5738,-0.17309,-0.01232,-0.00338,0.01581,0.02164,0.01212,0.26801,-0.14682,0.00070,0.00000,0.00000,-0.14682,0.00070,-0.17815,0.82652,0,-0.00211,0.01730
2.5758,-0.17309,-0.01232,-0.00334,0.01584,0.02158,0.01185,0.26801,-0.14668,0.00070,0.00000,0.00000,-0.14668,0.00070,-0.17841,0.82660,0,-0.00211,0.01730
2.5778,-0.17309,-0.01232,-0.00329,0.01586,0.02152,0.01159,0.26801,-0.14654,0.00070,0.00000,0.00000,-0.14654,0.00070,-0.17875,0.82656,0,-0.00211,0.01730
2.5798,-0.17309,-0.01232,-0.00325,0.01588,0.02145,0.01132,0.26801,-0.14641,0.00069,0.00000,0.00000,-0.14641,0.00069,-0.17902,0.82660,0,-0.00211,0.01730
2.5818,-0.17309,-0.01232,-0.00321,0.01591,0.02139,0.01105,0.26801,-0.14627,0.00069,0.00000,0.00000,-0.14627,0.00069,-0.17929,0.82661,0,-0.00211,0.01730
2.5838,-0.17309,-0.01232,-0.00317,0.01593,0.02132,0.01079,0.26801,-0.14613,0.00069,0.00000,0.00000,-0.14613,0.00069,-0.17952,0.82662,0,-0.00211,0.01730
2.5858,-0.17309,-0.01232,-0.00312,0.01595,0.02126,0.01052,0.26801,-0.14599,0.00069,0.00000,0.00000,-0.14599,0.00069,-0.17987,0.82663,0,-0.00211,0.01730
2.5878,-0.17309,-0.01232,-0.00308,0.01597,0.02119,0.01025,0.26801,-0.14585,0.00069,0.00000,0.00000,-0.14585,0.00069,-0.18019,0.82662,0,-0.00211,0.01730
2.5898,-0.17309,-0.01232,-0.00304,0.01599,0.02112,0.00998,0.26801,-0.14571,0.00069,0.00000,0.00000,-0.14571,0.00069,-0.18039,0.82670,0,-0.00211,0.01730
2.5918,-0.17309,-0.01232,-0.00300,0.01601,0.02106,0.00972,0.26801,-0.14558,0.00069,0.00000,0.00000,-0.14558,0.00069,-0.18072,0.82661,0,-0.00211,0.01730
2.5938,-0.17309,-0.01232,-0.00295,0.01603,0.02099,0.00945,0.26801,-0.14544,0.00069,0.00000,0.00000,-0.14544,0.00069,-0.18097,0.82668,0,-0.00211,0.01730
2.5958,-0.17309,-0.01232,-0.00291,0.01605,0.02092,0.00918,0.26801,-0.14530,0.00069,0.00000,0.00000,-0.14530,0.00069,-0.18132,0.82662,0,-0.00211,0.01730
2.5978,-0.17309,-0.01232,-0.00287,0.01607,0.02085,0.00891,0.26801,-0.14516,0.00069,0.00000,0.00000,-0.14516,0.00069,-0.18162,0.82662,0,-0.00211,0.01730
2.5998,-0.17309,-0.01232,-0.00283,0.01608,0.02078,0.00864,0.26801,-0.14502,0.00069,0.00000,0.00000,-0.14502,0.00069,-0.18191,0.82665,0,-0.00211,0.01730
2.6018,-0.16674,-0.01763,0.00046,0.01923,0.03184,0.01911,0.26354,-0.14488,0.00069,0.00000,0.00000,-0.14488,0.00069,-0.18245,0.82666,0,0.00256,0.02164
2.6038,-0.16674,-0.01763,0.00052,0.01927,0.03172,0.01879,0.26354,-0.14474,0.00069,0.00000,0.00000,-0.14474,0.00069,-0.18245,0.82666,0,0.00256,0.02164
2.6058,-0.16674,-0.01763,0.00059,0.01931,0.03159,0.01846,0.26354,-0.14461,0.00069,0.00000,0.00000,-0.14461,0.00069,-0.18278,0.82664,0,0.00256,0.02164
2.6078,-0.16674,-0.01763,0.00065,0.01934,0.03146,0.01814,0.26354,-0.14447,0.00069,0.00000,0.00000,-0.14447,0.00069,-0.18300,0.82673,0,0.00256,0.02164
2.6098,-0.16674,-0.01763,0.00071,0.01938,0.03133,0.01782,0.26354,-0.14433,0.00068,0.00000,0.00000,-0.14433,0.00068,-0.18335,0.82665,0,0.00256,0.02164
2.6118,-0.16674,-0.01763,0.00077,0.01941,0.03119,0.01749,0.26354,-0.14419,0.00068,0.00000,0.00000,-0.14419,0.00068,-0.18360,0.82668,0,0.00256,0.02164
2.6138,-0.16674,-0.01763,0.00084,0.01945,0.03106,0.01716,0.26354,-0.14405,0.00068,0.00000,0.00000,-0.14405,0.00068,-0.18390,0.82667,0,0.00256,0.02164
2.6158,-0.16674,-0.01763,0.00090,0.01948,0.03093,0.01684,0.26354,-0.14391,0.00068,0.00000,0.00000,-0.14391,0.00068,-0.18413,0.82668,0,0.00256,0.02164
2.6178,-0.16674,-0.01763,0.00096,0.01952,0.03079,0.01651,0.26354,-0.14378,0.00068,0.00000,0.00000,-0.14378,0.00068,-0.18446,0.82669,0,0.00256,0.02164
2.6198,-0.16674,-0.01763,0.00102,0.01955,0.03066,0.01618,0.26354,-0.14364,0.00068,0.00000,0.00000,-0.14364,0.00068,-0.18479,0.82669,0,0.00256,0.02164
2.6218,-0.16674,-0.01763,0.00108,0.01958,0.03052,0.01586,0.26354,-0.14350,0.00068,0.00000,0.00000,-0.14350,0.00068,-0.18506,0.82671,0,0.00256,0.02164
2.6238,-0.16674,-0.01763,0.00114,0.01961,0.03038,0.01553,0.26354,-0.14336,0.00068,0.00000,0.00000,-0.14336,0.00068,-0.18534,0.82672,0,0.00256,0.02164
2.6258,-0.16674,-0.01763,0.00120,0.01964,0.03024,0.01520,0.26354,-0.14322,0.00068,0.00000,0.00000,-0.14322,0.00068,-0.18560,0.82670,0,0.00256,0.02164
2.6278,-0.16674,-0.01763,0.00127,0.01967,0.03011,0.01487,0.26354,-0.14308,0.00068,0.00000,0.00000,-0.14308,0.00068,-0.18592,0.82668,0,0.00256,0.02164
2.6298,-0.16674,-0.01763,0.00133,0.01970,0.02996,0.01454,0.26354,-0.14295,0.00068,0.00000,0.00000,-0.14295,0.00068,-0.18620,0.82671,0,0.00256,0.02164
2.6318,-0.16674,-0.01763,0.00138,0.01973,0.02982,0.01421,0.26354,-0.14281,0.00068,0.00000,0.00000,-0.14281,0.00068,-0.18646,0.82672,0,0.00256,0.02164
2.6338,-0.16674,-0.01763,0.00144,0.01976,0.02968,0.01388,0.26354,-0.14267,0.00068,0.00000,0.00000,-0.14267,0.00068,-0.18674,0.82674,0,0.00256,0.02164
2.6358,-0.16674,-0.01763,0.00150,0.01979,0.02954,0.01355,0.26354,-0.14253,0.00068,0.00000,0.00000,-0.14253,0.00068,-0.18702,0.82671,0,0.00256,0.02164
2.6378,-0.16674,-0.01763,0.00156,0.01981,0.02939,0.01321,0.26354,-0.14239,0.00068,0.00000,0.00000,-0.14239,0.00068,-0.18732,0.82671,0,0.00256,0.02164
2.6398,-0.16674,-0.01763,0.00162,0.01984,0.02925,0.01288,0.26354,-0.14225,0.00067,0.00000,0.00000,-0.14225,0.00067,-0.18757,0.82672,0,0.00256,0.02164
2.6418,-0.16674,-0.01763,0.00168,0.01987,0.02910,0.01255,0.26354,-0.14212,0.00067,0.00000,0.00000,-0.14212,0.00067,-0.18783,0.82671,0,0.00256,0.02164
2.6438,-0.16674,-0.01763,0.00174,0.01989,0.02895,0.01222,0.26354,-0.14198,0.00067,0.00000,0.00000,-0.14198,0.00067,-0.18809,0.82674,0,0.00256,0.02164
2.6458,-0.16674,-0.01763,0.00180,0.01991,0.02880,0.01188,0.26354,-0.14184,0.00067,0.00000,0.00000,-0.14184,0.00067,-0.18844,0.82676,0,0.00256,0.02164
2.6478,-0.16674,-0.01763,0.00185,0.01994,0.02865,0.01155,0.26354,-0.14170,0.00067,0.00000,0.00000,-0.14170,0.00067,-0.18867,0.82672,0,0.00256,0.02164
2.6498,-0.16674,-0.01763,0.00191,0.01996,0.02850,0.01121,0.26354,-0.14156,0.00067,0.00000,0.00000,-0.14156,0.00067,-0.18896,0.82675,0,0.00256,0.02164
2.6518,-0.16674,-0.01763,0.00197,0.01998,0.02835,0.01088,0.26354,-0.14143,0.00067,0.00000,0.00000,-0.14143,0.00067,-0.18923,0.82673,0,0.00256,0.02164
2.6538,-0.16674,-0.01763,0.00202,0.02000,0.02820,0.01055,0.26354,-0.14129,0.00067,0.00000,0.00000,-0.14129,0.00067,-0.18951,0.82675,0,0.00256,0.02164
2.6558,-0.16674,-0.01763,0.00208,0.02002,0.02805,0.01021,0.26354,-0.14115,0.00067,0.00000,0.00000,-0.14115,0.00067,-0.18981,0.82672,0,0.00256,0.02164
2.6578,-0.16674,-0.01763,0.00214,0.02004,0.02789,0.00987,0.26354,-0.14101,0.00067,0.00000,0.00000,-0.14101,0.00067,-0.19012,0.82675,0,0.00256,0.02164
2.6598,-0.16674,-0.01763,0.00219,0.02006,0.02774,0.00954,0.26354,-0.14087,0.00067,0.00000,0.00000,-0.14087,0.00067,-0.19041,0.82672,0,0.00256,0.02164
2.6618,-0.16674,-0.01763,0.00225,0.02008,0.02758,0.00920,0.26354,-0.14073,0.00067,0.00000,0.00000,-0.14073,0.00067,-0.19065,0.82674,0,0.00256,0.02164
2.6638,-0.16674,-0.01763,0.00230,0.02010,0.02742,0.00887,0.26354,-0.14059,0.00067,0.00000,0.00000,-0.14059,0.00067,-0.19099,0.82670,0,0.00256,0.02164
2.6658,-0.16674,-0.01763,0.00236,0.02012,0.02726,0.00853,0.26354,-0.14046,0.00067,0.00000,0.00000,-0.14046,0.00067,-0.19121,0.82674,0,0.00256,0.02164
2.6679,-0.16674,-0.01763,0.00241,0.02014,0.02711,0.00819,0.26354,-0.14032,0.00067,0.00000,0.00000,-0.14032,0.00067,-0.19152,0.82676,0,0.00256,0.02164
2.6699,-0.16200,-0.02234,0.00590,0.02345,0.03867,0.01913,0.25920,-0.14018,0.00067,0.00000,0.00000,-0.14018,0.00067,-0.19208,0.82673,0,0.00784,0.02597
2.6719,-0.16200,-0.02234,0.00597,0.02349,0.03845,0.01874,0.25920,-0.14004,0.00066,0.00000,0.00000,-0.14004,0.00066,-0.19208,0.82673,0,0.00784,0.02597
2.6739,-0.16200,-0.02234,0.00605,0.02353,0.03823,0.01834,0.25920,-0.13990,0.00066,0.00000,0.00000,-0.13990,0.00066,-0.19242,0.82673,0,0.00784,0.02597
2.6759,-0.16200,-0.02234,0.00613,0.02356,0.03801,0.01795,0.25920,-0.13976,0.00066,0.00000,0.00000,-0.13976,0.00066,-0.19268,0.82671,0,0.00784,0.02597
2.6779,-0.16200,-0.02234,0.00620,0.02360,0.03778,0.01755,0.25920,-0.13962,0.00066,0.00000,0.00000,-0.13962,0.00066,-0.19297,0.82674,0,0.00784,0.02597
2.6799,-0.16200,-0.02234,0.00628,0.02363,0.03756,0.01716,0.25920,-0.13949,0.00066,0.00000,0.00000,-0.13949,0.00066,-0.19326,0.82670,0,0.00784,0.02597
2.6819,-0.16200,-0.02234,0.00635,0.02367,0.03733,0.01676,0.25920,-0.13935,0.00066,0.00000,0.00000,-0.13935,0.00066,-0.19354,0.82673,0,0.00784,0.02597
2.6839,-0.16200,-0.02234,0.00643,0.02370,0.03711,0.01636,0.25920,-0.13921,0.00066,0.00000,0.00000,-0.13921,0.00066,-0.19378,0.82673,0,0.00784,0.02597
2.6859,-0.16200,-0.02234,0.00650,0.02373,0.03688,0.01596,0.25920,-0.13907,0.00066,0.00000,0.00000,-0.13907,0.00066,-0.19409,0.82670,0,0.00784,0.02597
2.6879,-0.16200,-0.02234,0.00657,0.02376,0.03665,0.01557,0.25920,-0.13893,0.00066,0.00000,0.00000,-0.13893,0.00066,-0.19434,0.82673,0,0.00784,0.02597
2.6899,-0.16200,-0.02234,0.00665,0.02379,0.03642,0.01517,0.25920,-0.13879,0.00066,0.00000,0.00000,-0.13879,0.00066,-0.19461,0.82670,0,0.00784,0.02597
2.6919,-0.16200,-0.02234,0.00672,0.02382,0.03619,0.01477,0.25920,-0.13866,0.00066,0.00000,0.00000,-0.13866,0.00066,-0.19490,0.82671,0,0.00784,0.02597
2.6939,-0.16200,-0.02234,0.00679,0.02385,0.03596,0.01437,0.25920,-0.13852,0.00066,0.00000,0.00000,-0.13852,0.00066,-0.19525,0.82670,0,0.00784,0.02597
2.6959,-0.16200,-0.02234,0.00686,0.02388,0.03572,0.01397,0.25920,-0.13838,0.00066,0.00000,0.00000,-0.13838,0.00066,-0.19551,0.82669,0,0.00784,0.02597
2.6979,-0.16200,-0.02234,0.00693,0.02391,0.03549,0.01357,0.25920,-0.13824,0.00066,0.00000,0.00000,-0.13824,0.00066,-0.19573,0.82670,0,0.00784,0.02597
2.6999,-0.16200,-0.02234,0.00700,0.02394,0.03525,0.01317,0.25920,-0.13810,0.00066,0.00000,0.00000,-0.13810,0.00066,-0.19605,0.82672,0,0.00784,0.02597
2.7019,-0.16200,-0.02234,0.00707,0.02396,0.03502,0.01277,0.25920,-0.13797,0.00065,0.00000,0.00000,-0.13797,0.00065,-0.19635,0.82667,0,0.00784,0.02597
2.7039,-0.16200,-0.02234,0.00714,0.02399,0.03478,0.01236,0.25920,-0.13783,0.00065,0.00000,0.00000,-0.13783,0.00065,-0.19663,0.82672,0,0.00784,0.02597
2.7059,-0.16200,-0.02234,0.00721,0.02401,0.03454,0.01196,0.25920,-0.13769,0.00065,0.00000,0.00000,-0.13769,0.00065,-0.19690,0.82670,0,0.00784,0.02597
2.7079,-0.16200,-0.02234,0.00728,0.02403,0.03430,0.01156,0.25920,-0.13755,0.00065,0.00000,0.00000,-0.13755,0.00065,-0.19715,0.82668,0,0.00784,0.02597
2.7099,-0.16200,-0.02234,0.00735,0.02406,0.03406,0.01116,0.25920,-0.13741,0.00065,0.00000,0.00000,-0.13741,0.00065,-0.19746,0.82668,0,0.00784,0.02597
2.7119,-0.16200,-0.02234,0.00742,0.02408,0.03381,0.01075,0.25920,-0.13727,0.00065,0.00000,0.00000,-0.13727,0.00065,-0.19770,0.82669,0,0.00784,0.02597
2.7139,-0.16200,-0.02234,0.00749,0.02410,0.03357,0.01035,0.25920,-0.13714,0.00065,0.00000,0.00000,-0.13714,0.00065,-0.19798,0.82667,0,0.00784,0.02597
2.7159,-0.16200,-0.02234,0.00755,0.02412,0.03332,0.00995,0.25920,-0.13700,0.00065,0.00000,0.00000,-0.13700,0.00065,-0.19827,0.82669,0,0.00784,0.02597
2.7179,-0.16200,-0.02234,0.00762,0.02414,0.03308,0.00954,0.25920,-0.13686,0.00065,0.00000,0.00000,-0.13686,0.00065,-0.19853,0.82670,0,0.00784,0.02597
2.7199,-0.16200,-0.02234,0.00769,0.02416,0.03283,0.00914,0.25920,-0.13672,0.00065,0.00000,0.00000,-0.13672,0.00065,-0.19883,0.82668,0,0.00784,0.02597
2.7219,-0.16200,-0.02234,0.00775,0.02418,0.03258,0.00873,0.25920,-0.13658,0.00065,0.00000,0.00000,-0.13658,0.00065,-0.19912,0.82666,0,0.00784,0.02597
2.7239,-0.16200,-0.02234,0.00782,0.02419,0.03233,0.00833,0.25920,-0.13644,0.00065,0.00000,0.00000,-0.13644,0.00065,-0.19935,0.82668,0,0.00784,0.02597
2.7259,-0.16200,-0.02234,0.00788,0.02421,0.03208,0.00792,0.25920,-0.13631,0.00065,0.00000,0.00000,-0.13631,0.00065,-0.19967,0.82671,0,0.00784,0.02597
2.7279,-0.16200,-0.02234,0.00794,0.02423,0.03183,0.00752,0.25920,-0.13617,0.00065,0.00000,0.00000,-0.13617,0.00065,-0.19992,0.82668,0,0.00784,0.02597
2.7299,-0.16200,-0.02234,0.00801,0.02424,0.03158,0.00711,0.25920,-0.13603,0.00065,0.00000,0.00000,-0.13603,0.00065,-0.20018,0.82665,0,0.00784,0.02597
2.7319,-0.16200,-0.02234,0.00807,0.02425,0.03132,0.00670,0.25920,-0.13589,0.00064,0.00000,0.00000,-0.13589,0.00064,-0.20047,0.82666,0,0.00784,0.02597
2.7339,-0.16200,-0.02234,0.00813,0.02427,0.03107,0.00630,0.25920,-0.13575,0.00064,0.00000,0.00000,-0.13575,0.00064,-0.20075,0.82666,0,0.00784,0.02597
2.7359,-0.16200,-0.02234,0.00819,0.02428,0.03081,0.00589,0.25920,-0.13561,0.00064,0.00000,0.00000,-0.13561,0.00064,-0.20101,0.82671,0,0.00784,0.02597
2.7379,-0.16200,-0.02234,0.00826,0.02429,0.03056,0.00548,0.25920,-0.13548,0.00064,0.00000,0.00000,-0.13548,0.00064,-0.20126,0.82668,0,0.00784,0.02597
2.7399,-0.15579,-0.02617,0.01105,0.02693,0.03950,0.01391,0.25597,-0.13534,0.00064,0.00000,0.00000,-0.13534,0.00064,-0.20186,0.82665,0,0.01208,0.02886
2.7419,-0.15579,-0.02617,0.01113,0.02695,0.03919,0.01346,0.25597,-0.13520,0.00064,0.00000,0.00000,-0.13520,0.00064,-0.20186,0.82665,0,0.01208,0.02886
2.7439,-0.15579,-0.02617,0.01121,0.02698,0.03889,0.01301,0.25597,-0.13506,0.00064,0.00000,0.00000,-0.13506,0.00064,-0.20210,0.82665,0,0.01208,0.02886
2.7459,-0.15579,-0.02617,0.01129,0.02701,0.03858,0.01256,0.25597,-0.13492,0.00064,0.00000,0.00000,-0.13492,0.00064,-0.20239,0.82669,0,0.01208,0.02886
2.7479,-0.15579,-0.02617,0.01136,0.02703,0.03827,0.01211,0.25597,-0.13478,0.00064,0.00000,0.00000,-0.13478,0.00064,-0.20268,0.82668,0,0.01208,0.02886
2.7499,-0.15579,-0.02617,0.01144,0.02705,0.03796,0.01165,0.25597,-0.13465,0.00064,0.00000,0.00000,-0.13465,0.00064,-0.20297,0.82663,0,0.01208,0.02886
2.7519,-0.15579,-0.02617,0.01151,0.02708,0.03765,0.01120,0.25597,-0.13451,0.00064,0.00000,0.00000,-0.13451,0.00064,-0.20321,0.82663,0,0.01208,0.02886
2.7539,-0.15579,-0.02617,0.01159,0.02710,0.03734,0.01075,0.25597,-0.13437,0.00064,0.00000,0.00000,-0.13437,0.00064,-0.20347,0.82667,0,0.01208,0.02886
2.7559,-0.15579,-0.02617,0.01166,0.02712,0.03702,0.01029,0.25597,-0.13423,0.00064,0.00000,0.00000,-0.13423,0.00064,-0.20376,0.82661,0,0.01208,0.02886
2.7579,-0.15579,-0.02617,0.01174,0.02714,0.03671,0.00984,0.25597,-0.13409,0.00064,0.00000,0.00000,-0.13409,0.00064,-0.20400,0.82666,0,0.01208,0.02886
2.7599,-0.15579,-0.02617,0.01181,0.02716,0.03639,0.00938,0.25597,-0.13395,0.00064,0.00000,0.00000,-0.13395,0.00064,-0.20429,0.82663,0,0.01208,0.02886
2.7619,-0.15579,-0.02617,0.01188,0.02718,0.03607,0.00893,0.25597,-0.13382,0.00063,0.00000,0.00000,-0.13382,0.00063,-0.20454,0.82667,0,0.01208,0.02886
2.7639,-0.15579,-0.02617,0.01195,0.02720,0.03575,0.00847,0.25597,-0.13368,0.00063,0.00000,0.00000,-0.13368,0.00063,-0.20481,0.82665,0,0.01208,0.02886
2.7659,-0.15579,-0.02617,0.01203,0.02721,0.03543,0.00801,0.25597,-0.13354,0.00063,0.00000,0.00000,-0.13354,0.00063,-0.20504,0.82664,0,0.01208,0.02886
2.7679,-0.15579,-0.02617,0.01210,0.02723,0.03511,0.00756,0.25597,-0.13340,0.00063,0.00000,0.00000,-0.13340,0.00063,-0.20531,0.82664,0,0.01208,0.02886
2.7699,-0.15579,-0.02617,0.01217,0.02724,0.03479,0.00710,0.25597,-0.13326,0.00063,0.00000,0.00000,-0.13326,0.00063,-0.20562,0.82667,0,0.01208,0.02886
2.7719,-0.15579,-0.02617,0.01224,0.02726,0.03446,0.00665,0.25597,-0.13312,0.00063,0.00000,0.00000,-0.13312,0.00063,-0.20586,0.82663,0,0.01208,0.02886
2.7739,-0.15579,-0.02617,0.01230,0.02727,0.03414,0.00619,0.25597,-0.13299,0.00063,0.00000,0.00000,-0.13299,0.00063,-0.20610,0.82662,0,0.01208,0.02886
2.7759,-0.15579,-0.02617,0.01237,0.02728,0.03381,0.00573,0.25597,-0.13285,0.00063,0.00000,0.00000,-0.13285,0.00063,-0.20640,0.82662,0,0.01208,0.02886
2.7779,-0.15579,-0.02617,0.01244,0.02729,0.03349,0.00527,0.25597,-0.13271,0.00063,0.00000,0.00000,-0.13271,0.00063,-0.20662,0.82664,0,0.01208,0.02886
2.7799,-0.15579,-0.02617,0.01251,0.02730,0.03316,0.00482,0.25597,-0.13257,0.00063,0.00000,0.00000,-0.13257,0.00063,-0.20689,0.82666,0,0.01208,0.02886
2.7819,-0.15579,-0.02617,0.01257,0.02731,0.03283,0.00436,0.25597,-0.13243,0.00063,0.00000,0.00000,-0.13243,0.00063,-0.20718,0.82665,0,0.01208,0.02886
2.7839,-0.15579,-0.02617,0.01264,0.02732,0.03250,0.00390,0.25597,-0.13229,0.00063,0.00000,0.00000,-0.13229,0.00063,-0.20743,0.82663,0,0.01208,0.02886
2.7859,-0.15579,-0.02617,0.01270,0.02733,0.03217,0.00344,0.25597,-0.13216,0.00063,0.00000,0.00000,-0.13216,0.00063,-0.20768,0.82662,0,0.01208,0.02886
2.7879,-0.15579,-0.02617,0.01277,0.02733,0.03183,0.00299,0.25597,-0.13202,0.00063,0.00000,0.00000,-0.13202,0.00063,-0.20795,0.82664,0,0.01208,0.02886
2.7899,-0.15579,-0.02617,0.01283,0.02734,0.03150,0.00253,0.25597,-0.13188,0.00063,0.00000,0.00000,-0.13188,0.00063,-0.20829,0.82661,0,0.01208,0.02886
2.7919,-0.15579,-0.02617,0.01289,0.02734,0.03117,0.00207,0.25597,-0.13174,0.00063,0.00000,0.00000,-0.13174,0.00063,-0.20849,0.82663,0,0.01208,0.02886
2.7939,-0.15579,-0.02617,0.01295,0.02735,0.03083,0.00161,0.25597,-0.13160,0.00062,0.00000,0.00000,-0.13160,0.00062,-0.20875,0.82666,0,0.01208,0.02886
2.7959,-0.15579,-0.02617,0.01302,0.02735,0.03049,0.00115,0.25597,-0.13146,0.00062,0.00000,0.00000,-0.13146,0.00062,-0.20875,0.82666,0,0.01208,0.02886
2.7979,-0.15579,-0.02617,0.01308,0.02735,0.03016,0.00070,0.25597,-0.13133,0.00062,0.00000,0.00000,-0.13133,0.00062,-0.20928,0.82664,0,0.01208,0.02886
2.7999,-0.15579,-0.02617,0.01314,0.02735,0.02982,0.00024,0.25597,-0.13119,0.00062,0.00000,0.00000,-0.13119,0.00062,-0.20956,0.82669,0,0.01208,0.02886
2.8019,-0.15579,-0.02617,0.01320,0.02735,0.02948,-0.00022,0.25597,-0.13105,0.00062,0.00000,0.00000,-0.13105,0.00062,-0.20982,0.82665,0,0.01208,0.02886
2.8039,-0.14946,-0.02752,0.01524,0.02880,0.03585,0.00420,0.25098,-0.13091,0.00062,0.00000,0.00000,-0.13091,0.00062,-0.21037,0.82661,0,0.01569,0.02995
2.8059,-0.14946,-0.02752,0.01531,0.02880,0.03547,0.00372,0.25098,-0.13077,0.00062,0.00000,0.00000,-0.13077,0.00062,-0.21037,0.82661,0,0.01569,0.02995
2.8079,-0.14946,-0.02752,0.01538,0.02881,0.03510,0.00324,0.25098,-0.13063,0.00062,0.00000,0.00000,-0.13063,0.00062,-0.21061,0.82664,0,0.01569,0.02995
2.8099,-0.14946,-0.02752,0.01545,0.02882,0.03472,0.00276,0.25098,-0.13050,0.00062,0.00000,0.00000,-0.13050,0.00062,-0.21088,0.82666,0,0.01569,0.02995
2.8119,-0.14946,-0.02752,0.01552,0.02882,0.03434,0.00227,0.25098,-0.13036,0.00062,0.00000,0.00000,-0.13036,0.00062,-0.21115,0.82663,0,0.01569,0.02995
2.8139,-0.14946,-0.02752,0.01559,0.02883,0.03396,0.00179,0.25098,-0.13022,0.00062,0.00000,0.00000,-0.13022,0.00062,-0.21139,0.82670,0,0.01569,0.02995
2.8159,-0.14946,-0.02752,0.01566,0.02883,0.03358,0.00131,0.25098,-0.13008,0.00062,0.00000,0.00000,-0.13008,0.00062,-0.21165,0.82667,0,0.01569,0.02995
2.8179,-0.14946,-0.02752,0.01572,0.02883,0.03320,0.00083,0.25098,-0.12994,0.00062,0.00000,0.00000,-0.12994,0.00062,-0.21195,0.82668,0,0.01569,0.02995
2.8199,-0.14946,-0.02752,0.01579,0.02883,0.03281,0.00034,0.25098,-0.12980,0.00062,0.00000,0.00000,-0.12980,0.00062,-0.21214,0.82668,0,0.01569,0.02995
2.8219,-0.14946,-0.02752,0.01585,0.02883,0.03243,-0.00014,0.25098,-0.12967,0.00062,0.00000,0.00000,-0.12967,0.00062,-0.21243,0.82671,0,0.01569,0.02995
2.8239,-0.14946,-0.02752,0.01592,0.02883,0.03204,-0.00062,0.25098,-0.12953,0.00061,0.00000,0.00000,-0.12953,0.00061,-0.21269,0.82667,0,0.01569,0.02995
2.8259,-0.14946,-0.02752,0.01598,0.02883,0.03166,-0.00111,0.25098,-0.12939,0.00061,0.00000,0.00000,-0.12939,0.00061,-0.21292,0.82667,0,0.01569,0.02995
2.8279,-0.14946,-0.02752,0.01605,0.02883,0.03127,-0.00159,0.25098,-0.12925,0.00061,0.00000,0.00000,-0.12925,0.00061,-0.21320,0.82668,0,0.01569,0.02995
2.8299,-0.14946,-0.02752,0.01611,0.02882,0.03088,-0.00207,0.25098,-0.12911,0.00061,0.00000,0.00000,-0.12911,0.00061,-0.21349,0.82669,0,0.01569,0.02995
2.8319,-0.14946,-0.02752,0.01617,0.02882,0.03049,-0.00255,0.25098,-0.12897,0.00061,0.00000,0.00000,-0.12897,0.00061,-0.21371,0.82673,0,0.01569,0.02995
2.8339,-0.14946,-0.02752,0.01623,0.02881,0.03010,-0.00304,0.25098,-0.12884,0.00061,0.00000,0.00000,-0.12884,0.00061,-0.21399,0.82670,0,0.01569,0.02995
2.8359,-0.14946,-0.02752,0.01629,0.02881,0.02971,-0.00352,0.25098,-0.12870,0.00061,0.00000,0.00000,-0.12870,0.00061,-0.21421,0.82673,0,0.01569,0.02995
2.8379,-0.14946,-0.02752,0.01635,0.02880,0.02932,-0.00400,0.25098,-0.12856,0.00061,0.00000,0.00000,-0.12856,0.00061,-0.21448,0.82674,0,0.01569,0.02995
2.8399,-0.14946,-0.02752,0.01641,0.02879,0.02892,-0.00448,0.25098,-0.12842,0.00061,0.00000,0.00000,-0.12842,0.00061,-0.21471,0.82677,0,0.01569,0.02995
2.8419,-0.14946,-0.02752,0.01646,0.02878,0.02853,-0.00497,0.25098,-0.12828,0.00061,0.00000,0.00000,-0.12828,0.00061,-0.21501,0.82677,0,0.01569,0.02995
2.8439,-0.14946,-0.02752,0.01652,0.02877,0.02813,-0.00545,0.25098,-0.12815,0.00061,0.00000,0.00000,-0.12815,0.00061,-0.21526,0.82676,0,0.01569,0.02995
2.8459,-0.14946,-0.02752,0.01658,0.02876,0.02774,-0.00593,0.25098,-0.12801,0.00061,0.00000,0.00000,-0.12801,0.00061,-0.21552,0.82674,0,0.01569,0.02995
2.8479,-0.14946,-0.02752,0.01663,0.02875,0.02734,-0.00641,0.25098,-0.12787,0.00061,0.00000,0.00000,-0.12787,0.00061,-0.21578,0.82674,0,0.01569,0.02995
2.8499,-0.14946,-0.02752,0.01669,0.02873,0.02694,-0.00689,0.25098,-0.12773,0.00061,0.00000,0.00000,-0.12773,0.00061,-0.21606,0.82672,0,0.01569,0.02995
2.8519,-0.14946,-0.02752,0.01674,0.02872,0.02654,-0.00737,0.25098,-0.12759,0.00061,0.00000,0.00000,-0.12759,0.00061,-0.21627,0.82675,0,0.01569,0.02995
2.8539,-0.14946,-0.02752,0.01679,0.02871,0.02614,-0.00785,0.25098,-0.12745,0.00060,0.00000,0.00000,-0.12745,0.00060,-0.21656,0.82672,0,0.01569,0.02995
2.8559,-0.14946,-0.02752,0.01684,0.02869,0.02574,-0.00834,0.25098,-0.12732,0.00060,0.00000,0.00000,-0.12732,0.00060,-0.21681,0.82676,0,0.01569,0.02995
2.8579,-0.14946,-0.02752,0.01690,0.02867,0.02534,-0.00882,0.25098,-0.12718,0.00060,0.00000,0.00000,-0.12718,0.00060,-0.21703,0.82677,0,0.01569,0.02995
2.8600,-0.14946,-0.02752,0.01695,0.02865,0.02494,-0.00930,0.25098,-0.12704,0.00060,0.00000,0.00000,-0.12704,0.00060,-0.21734,0.82674,0,0.01569,0.02995
2.8620,-0.14946,-0.02752,0.01700,0.02863,0.02453,-0.00977,0.25098,-0.12690,0.00060,0.00000,0.00000,-0.12690,0.00060,-0.21757,0.82676,0,0.01569,0.02995
2.8640,-0.14946,-0.02752,0.01704,0.02861,0.02413,-0.01025,0.25098,-0.12676,0.00060,0.00000,0.00000,-0.12676,0.00060,-0.21779,0.82676,0,0.01569,0.02995
2.8660,-0.14946,-0.02752,0.01709,0.02859,0.02372,-0.01073,0.25098,-0.12662,0.00060,0.00000,0.00000,-0.12662,0.00060,-0.21809,0.82675,0,0.01569,0.02995
2.8680,-0.14946,-0.02752,0.01714,0.02857,0.02332,-0.01121,0.25098,-0.12649,0.00060,0.00000,0.00000,-0.12649,0.00060,-0.21830,0.82677,0,0.01569,0.02995
2.8700,-0.14179,-0.02607,0.01787,0.02901,0.02522,-0.01013,0.22801,-0.12635,0.00060,0.00000,0.00000,-0.12635,0.00060,-0.21885,0.82677,0,0.01735,0.02971
2.8720,-0.14179,-0.02607,0.01792,0.02899,0.02480,-0.01061,0.22801,-0.12621,0.00060,0.00000,0.00000,-0.12621,0.00060,-0.21885,0.82677,0,0.01735,0.02971
2.8740,-0.14179,-0.02607,0.01797,0.02897,0.02438,-0.01110,0.22801,-0.12607,0.00060,0.00000,0.00000,-0.12607,0.00060,-0.21903,0.82681,0,0.01735,0.02971
2.8760,-0.14179,-0.02607,0.01801,0.02894,0.02396,-0.01158,0.22801,-0.12593,0.00060,0.00000,0.00000,-0.12593,0.00060,-0.21934,0.82678,0,0.01735,0.02971
2.8780,-0.14179,-0.02607,0.01806,0.02892,0.02354,-0.01207,0.22801,-0.12579,0.00060,0.00000,0.00000,-0.12579,0.00060,-0.21962,0.82678,0,0.01735,0.02971
2.8800,-0.14179,-0.02607,0.01811,0.02890,0.02312,-0.01255,0.22801,-0.12565,0.00060,0.00000,0.00000,-0.12565,0.00060,-0.21985,0.82677,0,0.01735,0.02971
2.8820,-0.14179,-0.02607,0.01815,0.02887,0.02270,-0.01303,0.22801,-0.12552,0.00060,0.00000,0.00000,-0.12552,0.00060,-0.22011,0.82674,0,0.01735,0.02971
2.8840,-0.14179,-0.02607,0.01820,0.02884,0.02227,-0.01352,0.22801,-0.12538,0.00059,0.00000,0.00000,-0.12538,0.00059,-0.22034,0.82676,0,0.01735,0.02971
2.8860,-0.14179,-0.02607,0.01824,0.02882,0.02185,-0.01400,0.22801,-0.12524,0.00059,0.00000,0.00000,-0.12524,0.00059,-0.22058,0.82678,0,0.01735,0.02971
2.8880,-0.14179,-0.02607,0.01829,0.02879,0.02142,-0.01448,0.22801,-0.12510,0.00059,0.00000,0.00000,-0.12510,0.00059,-0.22083,0.82677,0,0.01735,0.02971
2.8900,-0.14179,-0.02607,0.01833,0.02876,0.02100,-0.01496,0.22801,-0.12496,0.00059,0.00000,0.00000,-0.12496,0.00059,-0.22114,0.82675,0,0.01735,0.02971
2.8920,-0.14179,-0.02607,0.01837,0.02873,0.02057,-0.01544,0.22801,-0.12483,0.00059,0.00000,0.00000,-0.12483,0.00059,-0.22135,0.82675,0,0.01735,0.02971
2.8940,-0.14179,-0.02607,0.01841,0.02870,0.02014,-0.01592,0.22801,-0.12469,0.00059,0.00000,0.00000,-0.12469,0.00059,-0.22162,0.82674,0,0.01735,0.02971
2.8960,-0.14179,-0.02607,0.01845,0.02866,0.01972,-0.01640,0.22801,-0.12455,0.00059,0.00000,0.00000,-0.12455,0.00059,-0.22192,0.82674,0,0.01735,0.02971
2.8980,-0.14179,-0.02607,0.01849,0.02863,0.01929,-0.01688,0.22801,-0.12441,0.00059,0.00000,0.00000,-0.12441,0.00059,-0.22211,0.82676,0,0.01735,0.02971
2.9000,-0.14179,-0.02607,0.01853,0.02860,0.01886,-0.01736,0.22801,-0.12427,0.00059,0.00000,0.00000,-0.12427,0.00059,-0.22238,0.82673,0,0.01735,0.02971
2.9020,-0.14179,-0.02607,0.01857,0.02856,0.01843,-0.01784,0.22801,-0.12413,0.00059,0.00000,0.00000,-0.12413,0.00059,-0.22262,0.82677,0,0.01735,0.02971
2.9040,-0.14179,-0.02607,0.01860,0.02853,0.01800,-0.01832,0.22801,-0.12400,0.00059,0.00000,0.00000,-0.12400,0.00059,-0.22290,0.82677,0,0.01735,0.02971
2.9060,-0.14179,-0.02607,0.01864,0.02849,0.01757,-0.01879,0.22801,-0.12386,0.00059,0.00000,0.00000,-0.12386,0.00059,-0.22318,0.82675,0,0.01735,0.02971
2.9080,-0.14179,-0.02607,0.01867,0.02845,0.01714,-0.01927,0.22801,-0.12372,0.00059,0.00000,0.00000,-0.12372,0.00059,-0.22342,0.82675,0,0.01735,0.02971
2.9100,-0.14179,-0.02607,0.01871,0.02841,0.01670,-0.01975,0.22801,-0.12358,0.00059,0.00000,0.00000,-0.12358,0.00059,-0.22364,0.82678,0,0.01735,0.02971
2.9120,-0.14179,-0.02607,0.01874,0.02837,0.01627,-0.02022,0.22801,-0.12344,0.00059,0.00000,0.00000,-0.12344,0.00059,-0.22388,0.82678,0,0.01735,0.02971
2.9140,-0.14179,-0.02607,0.01877,0.02833,0.01584,-0.02070,0.22801,-0.12330,0.00059,0.00000,0.00000,-0.12330,0.00059,-0.22415,0.82675,0,0.01735,0.02971
2.9160,-0.14179,-0.02607,0.01880,0.02829,0.01540,-0.02117,0.22801,-0.12317,0.00058,0.00000,0.00000,-0.12317,0.00058,-0.22440,0.82675,0,0.01735,0.02971
2.9180,-0.14179,-0.02607,0.01883,0.02825,0.01497,-0.02164,0.22801,-0.12303,0.00058,0.00000,0.00000,-0.12303,0.00058,-0.22468,0.82673,0,0.01735,0.02971
2.9200,-0.14179,-0.02607,0.01886,0.02820,0.01454,-0.02211,0.22801,-0.12289,0.00058,0.00000,0.00000,-0.12289,0.00058,-0.22486,0.82679,0,0.01735,0.02971
2.9220,-0.14179,-0.02607,0.01889,0.02816,0.01410,-0.02259,0.22801,-0.12275,0.00058,0.00000,0.00000,-0.12275,0.00058,-0.22510,0.82674,0,0.01735,0.02971
2.9240,-0.14179,-0.02607,0.01892,0.02811,0.01367,-0.02306,0.22801,-0.12261,0.00058,0.00000,0.00000,-0.12261,0.00058,-0.22536,0.82677,0,0.01735,0.02971
2.9260,-0.14179,-0.02607,0.01895,0.02807,0.01323,-0.02353,0.22801,-0.12247,0.00058,0.00000,0.00000,-0.12247,0.00058,-0.22561,0.82676,0,0.01735,0.02971
2.9280,-0.14179,-0.02607,0.01897,0.02802,0.01279,-0.02400,0.22801,-0.12234,0.00058,0.00000,0.00000,-0.12234,0.00058,-0.22583,0.82677,0,0.01735,0.02971
2.9300,-0.14179,-0.02607,0.01900,0.02797,0.01236,-0.02446,0.22801,-0.12220,0.00058,0.00000,0.00000,-0.12220,0.00058,-0.22612,0.82675,0,0.01735,0.02971
2.9320,-0.14179,-0.02607,0.01902,0.02792,0.01192,-0.02493,0.22801,-0.12206,0.00058,0.00000,0.00000,-0.12206,0.00058,-0.22635,0.82676,0,0.01735,0.02971
2.9340,-0.14179,-0.02607,0.01904,0.02787,0.01148,-0.02540,0.22801,-0.12192,0.00058,0.00000,0.00000,-0.12192,0.00058,-0.22659,0.82675,0,0.01735,0.02971
2.9360,-0.14179,-0.02607,0.01907,0.02782,0.01104,-0.02586,0.22801,-0.12178,0.00058,0.00000,0.00000,-0.12178,0.00058,-0.22684,0.82676,0,0.01735,0.02971
2.9380,-0.14179,-0.02607,0.01909,0.02777,0.01060,-0.02633,0.22801,-0.12164,0.00058,0.00000,0.00000,-0.12164,0.00058,-0.22708,0.82675,0,0.01735,0.02971
2.9400,-0.13303,-0.02386,0.01877,0.02736,0.00902,-0.02798,0.20950,-0.12151,0.00058,0.00000,0.00000,-0.12151,0.00058,-0.22763,0.82674,0,0.01785,0.02797
2.9420,-0.13303,-0.02386,0.01879,0.02730,0.00859,-0.02844,0.20950,-0.12137,0.00058,0.00000,0.00000,-0.12137,0.00058,-0.22763,0.82674,0,0.01785,0.02797
2.9440,-0.13303,-0.02386,0.01880,0.02725,0.00815,-0.02889,0.20950,-0.12123,0.00058,0.00000,0.00000,-0.12123,0.00058,-0.22783,0.82670,0,0.01785,0.02797
2.9460,-0.13303,-0.02386,0.01882,0.02719,0.00772,-0.02935,0.20950,-0.12109,0.00057,0.00000,0.00000,-0.12109,0.00057,-0.22806,0.82676,0,0.01785,0.02797
2.9480,-0.13303,-0.02386,0.01883,0.02713,0.00728,-0.02980,0.20950,-0.12095,0.00057,0.00000,0.00000,-0.12095,0.00057,-0.22835,0.82673,0,0.01785,0.02797
2.9500,-0.13303,-0.02386,0.01885,0.02707,0.00685,-0.03026,0.20950,-0.12081,0.00057,0.00000,0.00000,-0.12081,0.00057,-0.22859,0.82672,0,0.01785,0.02797
2.9520,-0.13303,-0.02386,0.01886,0.02701,0.00641,-0.03071,0.20950,-0.12067,0.00057,0.00000,0.00000,-0.12067,0.00057,-0.22883,0.82674,0,0.01785,0.02797
2.9540,-0.13303,-0.02386,0.01887,0.02695,0.00598,-0.03116,0.20950,-0.12054,0.00057,0.00000,0.00000,-0.12054,0.00057,-0.22906,0.82672,0,0.01785,0.02797
2.9560,-0.13303,-0.02386,0.01889,0.02688,0.00554,-0.03161,0.20950,-0.12040,0.00057,0.00000,0.00000,-0.12040,0.00057,-0.22932,0.82674,0,0.01785,0.02797
2.9580,-0.13303,-0.02386,0.01890,0.02682,0.00511,-0.03206,0.20950,-0.12026,0.00057,0.00000,0.00000,-0.12026,0.00057,-0.22956,0.82672,0,0.01785,0.02797
2.9600,-0.13303,-0.02386,0.01891,0.02676,0.00467,-0.03251,0.20950,-0.12012,0.00057,0.00000,0.00000,-0.12012,0.00057,-0.22981,0.82675,0,0.01785,0.02797
2.9620,-0.13303,-0.02386,0.01892,0.02669,0.00424,-0.03295,0.20950,-0.11998,0.00057,0.00000,0.00000,-0.11998,0.00057,-0.23005,0.82674,0,0.01785,0.02797
2.9640,-0.13303,-0.02386,0.01892,0.02662,0.00380,-0.03340,0.20950,-0.11984,0.00057,0.00000,0.00000,-0.11984,0.00057,-0.23029,0.82675,0,0.01785,0.02797
2.9660,-0.13303,-0.02386,0.01893,0.02656,0.00337,-0.03384,0.20950,-0.11971,0.00057,0.00000,0.00000,-0.11971,0.00057,-0.23050,0.82674,0,0.01785,0.02797
2.9680,-0.13303,-0.02386,0.01894,0.02649,0.00293,-0.03429,0.20950,-0.11957,0.00057,0.00000,0.00000,-0.11957,0.00057,-0.23080,0.82676,0,0.01785,0.02797
2.9700,-0.13303,-0.02386,0.01894,0.02642,0.00250,-0.03473,0.20950,-0.11943,0.00057,0.00000,0.00000,-0.11943,0.00057,-0.23096,0.82675,0,0.01785,0.02797
2.9720,-0.13303,-0.02386,0.01895,0.02635,0.00206,-0.03517,0.20950,-0.11929,0.00057,0.00000,0.00000,-0.11929,0.00057,-0.23118,0.82676,0,0.01785,0.02797
2.9740,-0.13303,-0.02386,0.01895,0.02628,0.00162,-0.03561,0.20950,-0.11915,0.00057,0.00000,0.00000,-0.11915,0.00057,-0.23142,0.82672,0,0.01785,0.02797
2.9760,-0.13303,-0.02386,0.01895,0.02621,0.00119,-0.03605,0.20950,-0.11902,0.00056,0.00000,0.00000,-0.11902,0.00056,-0.23166,0.82674,0,0.01785,0.02797
2.9780,-0.13303,-0.02386,0.01896,0.02613,0.00075,-0.03648,0.20950,-0.11888,0.00056,0.00000,0.00000,-0.11888,0.00056,-0.23191,0.82674,0,0.01785,0.02797
2.9800,-0.13303,-0.02386,0.01896,0.02606,0.00032,-0.03692,0.20950,-0.11874,0.00056,0.00000,0.00000,-0.11874,0.00056,-0.23214,0.82676,0,0.01785,0.02797
2.9820,-0.13303,-0.02386,0.01896,0.02599,-0.00012,-0.03736,0.20950,-0.11860,0.00056,0.00000,0.00000,-0.11860,0.00056,-0.23239,0.82674,0,0.01785,0.02797
2.9840,-0.13303,-0.02386,0.01896,0.02591,-0.00056,-0.03779,0.20950,-0.11846,0.00056,0.00000,0.00000,-0.11846,0.00056,-0.23261,0.82676,0,0.01785,0.02797
2.9860,-0.13303,-0.02386,0.01895,0.02584,-0.00099,-0.03822,0.20950,-0.11832,0.00056,0.00000,0.00000,-0.11832,0.00056,-0.23284,0.82676,0,0.01785,0.02797
2.9880,-0.13303,-0.02386,0.01895,0.02576,-0.00143,-0.03865,0.20950,-0.11819,0.00056,0.00000,0.00000,-0.11819,0.00056,-0.23311,0.82676,0,0.01785,0.02797
2.9900,-0.13303,-0.02386,0.01895,0.02568,-0.00186,-0.03908,0.20950,-0.11805,0.00056,0.00000,0.00000,-0.11805,0.00056,-0.23331,0.82676,0,0.01785,0.02797
2.9920,-0.13303,-0.02386,0.01894,0.02560,-0.00230,-0.03951,0.20950,-0.11791,0.00056,0.00000,0.00000,-0.11791,0.00056,-0.23361,0.82673,0,0.01785,0.02797
2.9940,-0.13303,-0.02386,0.01894,0.02552,-0.00274,-0.03994,0.20950,-0.11777,0.00056,0.00000,0.00000,-0.11777,0.00056,-0.23378,0.82675,0,0.01785,0.02797
2.9960,-0.13303,-0.02386,0.01893,0.02544,-0.00317,-0.04036,0.20950,-0.11763,0.00056,0.00000,0.00000,-0.11763,0.00056,-0.23403,0.82680,0,0.01785,0.02797
2.9981,-0.13303,-0.02386,0.01893,0.02536,-0.00361,-0.04079,0.20950,-0.11749,0.00056,0.00000,0.00000,-0.11749,0.00056,-0.23426,0.82677,0,0.01785,0.02797
3.0001,-0.13303,-0.02386,0.01892,0.02528,-0.00404,-0.04121,0.20950,-0.11735,0.00056,0.00000,0.00000,-0.11735,0.00056,-0.23451,0.82676,0,0.01785,0.02797
3.0021,-0.12646,-0.02188,0.01878,0.02481,-0.00493,-0.04295,0.19389,-0.11721,0.00056,0.00000,0.00000,-0.11721,0.00056,-0.23496,0.82675,0,0.01866,0.02595
3.0041,-0.12646,-0.02188,0.01877,0.02473,-0.00536,-0.04336,0.19389,-0.11707,0.00056,0.00000,0.00000,-0.11707,0.00056,-0.23496,0.82675,0,0.01866,0.02595
3.0061,-0.12646,-0.02188,0.01876,0.02464,-0.00580,-0.04377,0.19389,-0.11694,0.00055,0.00000,0.00000,-0.11694,0.00055,-0.23520,0.82679,0,0.01866,0.02595
3.0081,-0.12646,-0.02188,0.01875,0.02455,-0.00623,-0.04418,0.19389,-0.11680,0.00055,0.00000,0.00000,-0.11680,0.00055,-0.23543,0.82677,0,0.01866,0.02595
3.0101,-0.12646,-0.02188,0.01873,0.02446,-0.00666,-0.04459,0.19389,-0.11666,0.00055,0.00000,0.00000,-0.11666,0.00055,-0.23569,0.82681,0,0.01866,0.02595
3.0121,-0.12646,-0.02188,0.01872,0.02437,-0.00709,-0.04500,0.19389,-0.11652,0.00055,0.00000,0.00000,-0.11652,0.00055,-0.23586,0.82682,0,0.01866,0.02595
3.0141,-0.12646,-0.02188,0.01870,0.02428,-0.00752,-0.04541,0.19389,-0.11638,0.00055,0.00000,0.00000,-0.11638,0.00055,-0.23614,0.82679,0,0.01866,0.02595
3.0161,-0.12646,-0.02188,0.01869,0.02419,-0.00796,-0.04581,0.19389,-0.11624,0.00055,0.00000,0.00000,-0.11624,0.00055,-0.23636,0.82679,0,0.01866,0.02595
3.0181,-0.12646,-0.02188,0.01867,0.02410,-0.00839,-0.04622,0.19389,-0.11611,0.00055,0.00000,0.00000,-0.11611,0.00055,-0.23661,0.82676,0,0.01866,0.02595
3.0201,-0.12646,-0.02188,0.01866,0.02401,-0.00882,-0.04662,0.19389,-0.11597,0.00055,0.00000,0.00000,-0.11597,0.00055,-0.23687,0.82679,0,0.01866,0.02595
3.0221,-0.12646,-0.02188,0.01864,0.02391,-0.00925,-0.04702,0.19389,-0.11583,0.00055,0.00000,0.00000,-0.11583,0.00055,-0.23709,0.82682,0,0.01866,0.02595
3.0241,-0.12646,-0.02188,0.01862,0.02382,-0.00968,-0.04742,0.19389,-0.11569,0.00055,0.00000,0.00000,-0.11569,0.00055,-0.23725,0.82677,0,0.01866,0.02595
3.0261,-0.12646,-0.02188,0.01860,0.02372,-0.01011,-0.04781,0.19389,-0.11555,0.00055,0.00000,0.00000,-0.11555,0.00055,-0.23758,0.82681,0,0.01866,0.02595
3.0281,-0.12646,-0.02188,0.01858,0.02363,-0.01054,-0.04821,0.19389,-0.11542,0.00055,0.00000,0.00000,-0.11542,0.00055,-0.23776,0.82680,0,0.01866,0.02595
3.0301,-0.12646,-0.02188,0.01856,0.02353,-0.01097,-0.04860,0.19389,-0.11528,0.00055,0.00000,0.00000,-0.11528,0.00055,-0.23798,0.82681,0,0.01866,0.02595
3.0321,-0.12646,-0.02188,0.01853,0.02343,-0.01140,-0.04899,0.19389,-0.11514,0.00055,0.00000,0.00000,-0.11514,0.00055,-0.23821,0.82679,0,0.01866,0.02595
3.0341,-0.12646,-0.02188,0.01851,0.02333,-0.01183,-0.04938,0.19389,-0.11500,0.00055,0.00000,0.00000,-0.11500,0.00055,-0.23843,0.82678,0,0.01866,0.02595
3.0361,-0.12646,-0.02188,0.01849,0.02324,-0.01225,-0.04977,0.19389,-0.11486,0.00055,0.00000,0.00000,-0.11486,0.00055,-0.23868,0.82680,0,0.01866,0.02595
3.0381,-0.12646,-0.02188,0.01846,0.02314,-0.01268,-0.05016,0.19389,-0.11472,0.00054,0.00000,0.00000,-0.11472,0.00054,-0.23894,0.82680,0,0.01866,0.02595
3.0401,-0.12646,-0.02188,0.01844,0.02303,-0.01311,-0.05054,0.19389,-0.11459,0.00054,0.00000,0.00000,-0.11459,0.00054,-0.23911,0.82686,0,0.01866,0.02595
3.0421,-0.12646,-0.02188,0.01841,0.02293,-0.01354,-0.05093,0.19389,-0.11445,0.00054,0.00000,0.00000,-0.11445,0.00054,-0.23930,0.82682,0,0.01866,0.02595
3.0441,-0.12646,-0.02188,0.01838,0.02283,-0.01396,-0.05131,0.19389,-0.11431,0.00054,0.00000,0.00000,-0.11431,0.00054,-0.23959,0.82679,0,0.01866,0.02595
3.0461,-0.12646,-0.02188,0.01835,0.02273,-0.01439,-0.05169,0.19389,-0.11417,0.00054,0.00000,0.00000,-0.11417,0.00054,-0.23980,0.82683,0,0.01866,0.02595
3.0481,-0.12646,-0.02188,0.01832,0.02262,-0.01481,-0.05207,0.19389,-0.11403,0.00054,0.00000,0.00000,-0.11403,0.00054,-0.24005,0.82686,0,0.01866,0.02595
3.0501,-0.12646,-0.02188,0.01829,0.02252,-0.01524,-0.05244,0.19389,-0.11389,0.00054,0.00000,0.00000,-0.11389,0.00054,-0.24025,0.82683,0,0.01866,0.02595
3.0521,-0.12646,-0.02188,0.01826,0.02241,-0.01566,-0.05282,0.19389,-0.11376,0.00054,0.00000,0.00000,-0.11376,0.00054,-0.24051,0.82683,0,0.01866,0.02595
3.0541,-0.12646,-0.02188,0.01823,0.02231,-0.01609,-0.05319,0.19389,-0.11362,0.00054,0.00000,0.00000,-0.11362,0.00054,-0.24073,0.82683,0,0.01866,0.02595
3.0561,-0.12646,-0.02188,0.01820,0.02220,-0.01651,-0.05356,0.19389,-0.11348,0.00054,0.00000,0.00000,-0.11348,0.00054,-0.24092,0.82686,0,0.01866,0.02595
3.0581,-0.12646,-0.02188,0.01817,0.02209,-0.01693,-0.05393,0.19389,-0.11334,0.00054,0.00000,0.00000,-0.11334,0.00054,-0.24118,0.82685,0,0.01866,0.02595
3.0601,-0.12646,-0.02188,0.01813,0.02199,-0.01735,-0.05430,0.19389,-0.11320,0.00054,0.00000,0.00000,-0.11320,0.00054,-0.24144,0.82682,0,0.01866,0.02595
3.0621,-0.12646,-0.02188,0.01810,0.02188,-0.01777,-0.05467,0.19389,-0.11306,0.00054,0.00000,0.00000,-0.11306,0.00054,-0.24187,0.82682,0,0.01866,0.02595
3.0641,-0.12646,-0.02188,0.01806,0.02177,-0.01820,-0.05503,0.19389,-0.11292,0.00054,0.00000,0.00000,-0.11292,0.00054,-0.24187,0.82682,0,0.01866,0.02595
3.0661,-0.12646,-0.02188,0.01802,0.02166,-0.01862,-0.05539,0.19389,-0.11279,0.00054,0.00000,0.00000,-0.11279,0.00054,-0.24208,0.82687,0,0.01866,0.02595
3.0682,-0.12646,-0.02188,0.01799,0.02155,-0.01904,-0.05575,0.19389,-0.11264,0.00053,0.00000,0.00000,-0.11264,0.00053,-0.24232,0.82689,0,0.01866,0.02595
3.0702,-0.11974,-0.02082,0.01920,0.02231,-0.01519,-0.05310,0.19118,-0.11250,0.00053,0.00000,0.00000,-0.11250,0.00053,-0.24277,0.82687,1,0.02094,0.02521
3.0722,-0.11974,-0.02082,0.01917,0.02221,-0.01563,-0.05347,0.19118,-0.11237,0.00053,0.00000,0.00000,-0.11237,0.00053,-0.24277,0.82687,1,0.02094,0.02521
3.0742,-0.11974,-0.02082,0.01913,0.02210,-0.01606,-0.05384,0.19118,-0.11223,0.00053,0.00000,0.00000,-0.11223,0.00053,-0.24302,0.82689,1,0.02094,0.02521
3.0762,-0.11974,-0.02082,0.01910,0.02199,-0.01650,-0.05421,0.19118,-0.11209,0.00053,0.00000,0.00000,-0.11209,0.00053,-0.24324,0.82690,1,0.02094,0.02521
3.0782,-0.11974,-0.02082,0.01907,0.02188,-0.01694,-0.05457,0.19118,-0.11195,0.00053,0.00000,0.00000,-0.11195,0.00053,-0.24349,0.82693,1,0.02094,0.02521
3.0802,-0.11974,-0.02082,0.01903,0.02177,-0.01738,-0.05494,0.19118,-0.11181,0.00053,0.00000,0.00000,-0.11181,0.00053,-0.24369,0.82689,1,0.02094,0.02521
3.0822,-0.11974,-0.02082,0.01900,0.02166,-0.01781,-0.05530,0.19118,-0.11167,0.00053,0.00000,0.00000,-0.11167,0.00053,-0.24392,0.82691,1,0.02094,0.02521
3.0842,-0.11974,-0.02082,0.01896,0.02155,-0.01825,-0.05566,0.19118,-0.11154,0.00053,0.00000,0.00000,-0.11154,0.00053,-0.24436,0.82694,1,0.02094,0.02521
3.0862,-0.11974,-0.02082,0.01892,0.02144,-0.01869,-0.05602,0.19118,-0.11140,0.00053,0.00000,0.00000,-0.11140,0.00053,-0.24457,0.82694,1,0.02094,0.02521
3.0882,-0.11974,-0.02082,0.01889,0.02133,-0.01912,-0.05638,0.19118,-0.11126,0.00053,0.00000,0.00000,-0.11126,0.00053,-0.24479,0.82693,1,0.02094,0.02521
3.0902,-0.11974,-0.02082,0.01885,0.02121,-0.01956,-0.05673,0.19118,-0.11112,0.00053,0.00000,0.00000,-0.11112,0.00053,-0.24506,0.82693,1,0.02094,0.02521
3.0922,-0.11974,-0.02082,0.01881,0.02110,-0.01999,-0.05708,0.19118,-0.11098,0.00053,0.00000,0.00000,-0.11098,0.00053,-0.24526,0.82692,1,0.02094,0.02521
3.0942,-0.11974,-0.02082,0.01877,0.02099,-0.02042,-0.05743,0.19118,-0.11084,0.00053,0.00000,0.00000,-0.11084,0.00053,-0.24526,0.82692,1,0.02094,0.02521
3.0963,-0.11974,-0.02082,0.01873,0.02087,-0.02086,-0.05778,0.19118,-0.11070,0.00053,0.00000,0.00000,-0.11070,0.00053,-0.24568,0.82695,1,0.02094,0.02521
3.0983,-0.11974,-0.02082,0.01869,0.02076,-0.02129,-0.05813,0.19118,-0.11056,0.00052,0.00000,0.00000,-0.11056,0.00052,-0.24568,0.82695,1,0.02094,0.02521
3.1003,-0.11974,-0.02082,0.01864,0.02064,-0.02172,-0.05847,0.19118,-0.11043,0.00052,0.00000,0.00000,-0.11043,0.00052,-0.24616,0.82693,1,0.02094,0.02521
3.1023,-0.11974,-0.02082,0.01860,0.02052,-0.02215,-0.05882,0.19118,-0.11029,0.00052,0.00000,0.00000,-0.11029,0.00052,-0.24616,0.82693,1,0.02094,0.02521
3.1043,-0.11974,-0.02082,0.01855,0.02040,-0.02258,-0.05916,0.19118,-0.11015,0.00052,0.00000,0.00000,-0.11015,0.00052,-0.24660,0.82697,1,0.02094,0.02521
3.1063,-0.11974,-0.02082,0.01851,0.02028,-0.02301,-0.05950,0.19118,-0.11001,0.00052,0.00000,0.00000,-0.11001,0.00052,-0.24685,0.82693,1,0.02094,0.02521
3.1083,-0.11974,-0.02082,0.01846,0.02017,-0.02343,-0.05983,0.19118,-0.10987,0.00052,0.00000,0.00000,-0.10987,0.00052,-0.24704,0.82698,1,0.02094,0.02521
3.1103,-0.11974,-0.02082,0.01841,0.02005,-0.02386,-0.06017,0.19118,-0.10973,0.00052,0.00000,0.00000,-0.10973,0.00052,-0.24721,0.82699,1,0.02094,0.02521
3.1123,-0.11974,-0.02082,0.01837,0.01992,-0.02429,-0.06050,0.19118,-0.10959,0.00052,0.00000,0.00000,-0.10959,0.00052,-0.24747,0.82698,1,0.02094,0.02521
3.1143,-0.11974,-0.02082,0.01832,0.01980,-0.02472,-0.06083,0.19118,-0.10945,0.00052,0.00000,0.00000,-0.10945,0.00052,-0.24747,0.82698,1,0.02094,0.02521
3.1164,-0.11974,-0.02082,0.01827,0.01968,-0.02514,-0.06116,0.19118,-0.10931,0.00052,0.00000,0.00000,-0.10931,0.00052,-0.24794,0.82695,1,0.02094,0.02521
3.1184,-0.11974,-0.02082,0.01822,0.01956,-0.02556,-0.06149,0.19118,-0.10918,0.00052,0.00000,0.00000,-0.10918,0.00052,-0.24817,0.82698,1,0.02094,0.02521
3.1204,-0.11974,-0.02082,0.01816,0.01944,-0.02599,-0.06181,0.19118,-0.10904,0.00052,0.00000,0.00000,-0.10904,0.00052,-0.24839,0.82697,1,0.02094,0.02521
3.1224,-0.11974,-0.02082,0.01811,0.01931,-0.02641,-0.06214,0.19118,-0.10890,0.00052,0.00000,0.00000,-0.10890,0.00052,-0.24863,0.82700,1,0.02094,0.02521
3.1244,-0.11974,-0.02082,0.01806,0.01919,-0.02683,-0.06246,0.19118,-0.10876,0.00052,0.00000,0.00000,-0.10876,0.00052,-0.24880,0.82697,1,0.02094,0.02521
3.1264,-0.11974,-0.02082,0.01801,0.01906,-0.02725,-0.06278,0.19118,-0.10862,0.00052,0.00000,0.00000,-0.10862,0.00052,-0.24907,0.82697,1,0.02094,0.02521
3.1284,-0.11974,-0.02082,0.01795,0.01894,-0.02767,-0.06309,0.19118,-0.10848,0.00051,0.00000,0.00000,-0.10848,0.00051,-0.24928,0.82698,1,0.02094,0.02521
3.1304,-0.11974,-0.02082,0.01789,0.01881,-0.02809,-0.06341,0.19118,-0.10834,0.00051,0.00000,0.00000,-0.10834,0.00051,-0.24947,0.82699,1,0.02094,0.02521
3.1324,-0.11974,-0.02082,0.01784,0.01868,-0.02851,-0.06372,0.19118,-0.10820,0.00051,0.00000,0.00000,-0.10820,0.00051,-0.24969,0.82698,1,0.02094,0.02521
3.1344,-0.11974,-0.02082,0.01778,0.01855,-0.02892,-0.06403,0.19118,-0.10806,0.00051,0.00000,0.00000,-0.10806,0.00051,-0.24989,0.82697,1,0.02094,0.02521
3.1364,-0.11974,-0.02082,0.01772,0.01843,-0.02934,-0.06434,0.19118,-0.10793,0.00051,0.00000,0.00000,-0.10793,0.00051,-0.25014,0.82701,1,0.02094,0.02521
3.1385,-0.11452,-0.02131,0.02064,0.02087,-0.01961,-0.05585,0.15031,-0.10779,0.00051,0.00000,0.00000,-0.10779,0.00051,-0.25034,0.82699,0,0.02433,0.02565
3.1405,-0.11452,-0.02131,0.02060,0.02076,-0.02008,-0.05620,0.15031,-0.10765,0.00051,0.00000,0.00000,-0.10765,0.00051,-0.25057,0.82698,0,0.02433,0.02565
3.1425,-0.11452,-0.02131,0.02056,0.02065,-0.02054,-0.05654,0.15031,-0.10751,0.00051,0.00000,0.00000,-0.10751,0.00051,-0.25072,0.82703,0,0.02433,0.02565
3.1445,-0.11452,-0.02131,0.02051,0.02054,-0.02100,-0.05689,0.15031,-0.10737,0.00051,0.00000,0.00000,-0.10737,0.00051,-0.25096,0.82697,0,0.02433,0.02565
3.1465,-0.11452,-0.02131,0.02047,0.02042,-0.02146,-0.05723,0.15031,-0.10723,0.00051,0.00000,0.00000,-0.10723,0.00051,-0.25118,0.82705,0,0.02433,0.02565
3.1485,-0.11452,-0.02131,0.02043,0.02031,-0.02192,-0.05757,0.15031,-0.10709,0.00051,0.00000,0.00000,-0.10709,0.00051,-0.25143,0.82697,0,0.02433,0.02565
3.1505,-0.11452,-0.02131,0.02038,0.02019,-0.02238,-0.05790,0.15031,-0.10696,0.00051,0.00000,0.00000,-0.10696,0.00051,-0.25163,0.82701,0,0.02433,0.02565
3.1525,-0.11452,-0.02131,0.02034,0.02008,-0.02284,-0.05824,0.15031,-0.10682,0.00051,0.00000,0.00000,-0.10682,0.00051,-0.25182,0.82697,0,0.02433,0.02565
3.1545,-0.11452,-0.02131,0.02029,0.01996,-0.02330,-0.05857,0.15031,-0.10668,0.00051,0.00000,0.00000,-0.10668,0.00051,-0.25201,0.82698,0,0.02433,0.02565
3.1565,-0.11452,-0.02131,0.02025,0.01984,-0.02376,-0.05891,0.15031,-0.10654,0.00051,0.00000,0.00000,-0.10654,0.00051,-0.25223,0.82694,0,0.02433,0.02565
3.1585,-0.11452,-0.02131,0.02020,0.01972,-0.02422,-0.05923,0.15031,-0.10640,0.00050,0.00000,0.00000,-0.10640,0.00050,-0.25245,0.82699,0,0.02433,0.02565
3.1605,-0.11452,-0.02131,0.02015,0.01960,-0.02467,-0.05956,0.15031,-0.10626,0.00050,0.00000,0.00000,-0.10626,0.00050,-0.25268,0.82698,0,0.02433,0.02565
3.1625,-0.11452,-0.02131,0.02010,0.01948,-0.02513,-0.05989,0.15031,-0.10612,0.00050,0.00000,0.00000,-0.10612,0.00050,-0.25288,0.82700,0,0.02433,0.02565
3.1645,-0.11452,-0.02131,0.02005,0.01936,-0.02558,-0.06021,0.15031,-0.10599,0.00050,0.00000,0.00000,-0.10599,0.00050,-0.25309,0.82700,0,0.02433,0.02565
3.1665,-0.11452,-0.02131,0.02000,0.01924,-0.02603,-0.06053,0.15031,-0.10585,0.00050,0.00000,0.00000,-0.10585,0.00050,-0.25334,0.82702,0,0.02433,0.02565
3.1685,-0.11452,-0.02131,0.01994,0.01912,-0.02649,-0.06085,0.15031,-0.10571,0.00050,0.00000,0.00000,-0.10571,0.00050,-0.25355,0.82699,0,0.02433,0.02565
3.1705,-0.11452,-0.02131,0.01989,0.01900,-0.02694,-0.06117,0.15031,-0.10557,0.00050,0.00000,0.00000,-0.10557,0.00050,-0.25375,0.82699,0,0.02433,0.02565
3.1725,-0.11452,-0.02131,0.01984,0.01888,-0.02739,-0.06149,0.15031,-0.10543,0.00050,0.00000,0.00000,-0.10543,0.00050,-0.25400,0.82699,0,0.02433,0.02565
3.1745,-0.11452,-0.02131,0.01978,0.01875,-0.02784,-0.06180,0.15031,-0.10529,0.00050,0.00000,0.00000,-0.10529,0.00050,-0.25420,0.82702,0,0.02433,0.02565
3.1765,-0.11452,-0.02131,0.01972,0.01863,-0.02829,-0.06211,0.15031,-0.10515,0.00050,0.00000,0.00000,-0.10515,0.00050,-0.25440,0.82698,0,0.02433,0.02565
3.1785,-0.11452,-0.02131,0.01967,0.01851,-0.02874,-0.06242,0.15031,-0.10502,0.00050,0.00000,0.00000,-0.10502,0.00050,-0.25462,0.82699,0,0.02433,0.02565
3.1806,-0.11452,-0.02131,0.01961,0.01838,-0.02918,-0.06273,0.15031,-0.10488,0.00050,0.00000,0.00000,-0.10488,0.00050,-0.25484,0.82698,0,0.02433,0.02565
3.1826,-0.11452,-0.02131,0.01955,0.01826,-0.02963,-0.06303,0.15031,-0.10474,0.00050,0.00000,0.00000,-0.10474,0.00050,-0.25507,0.82700,0,0.02433,0.02565
3.1846,-0.11452,-0.02131,0.01949,0.01813,-0.03008,-0.06333,0.15031,-0.10460,0.00050,0.00000,0.00000,-0.10460,0.00050,-0.25528,0.82693,0,0.02433,0.02565
3.1866,-0.11452,-0.02131,0.01943,0.01800,-0.03052,-0.06363,0.15031,-0.10446,0.00050,0.00000,0.00000,-0.10446,0.00050,-0.25548,0.82696,0,0.02433,0.02565
3.1886,-0.11452,-0.02131,0.01937,0.01787,-0.03096,-0.06393,0.15031,-0.10432,0.00049,0.00000,0.00000,-0.10432,0.00049,-0.25568,0.82694,0,0.02433,0.02565
3.1906,-0.11452,-0.02131,0.01931,0.01775,-0.03140,-0.06423,0.15031,-0.10418,0.00049,0.00000,0.00000,-0.10418,0.00049,-0.25587,0.82697,0,0.02433,0.02565
3.1926,-0.11452,-0.02131,0.01924,0.01762,-0.03184,-0.06452,0.15031,-0.10404,0.00049,0.00000,0.00000,-0.10404,0.00049,-0.25608,0.82694,0,0.02433,0.02565
3.1946,-0.11452,-0.02131,0.01918,0.01749,-0.03228,-0.06482,0.15031,-0.10391,0.00049,0.00000,0.00000,-0.10391,0.00049,-0.25631,0.82697,0,0.02433,0.02565
3.1966,-0.11452,-0.02131,0.01911,0.01736,-0.03272,-0.06511,0.15031,-0.10377,0.00049,0.00000,0.00000,-0.10377,0.00049,-0.25651,0.82694,0,0.02433,0.02565
3.1986,-0.11452,-0.02131,0.01905,0.01723,-0.03316,-0.06539,0.15031,-0.10363,0.00049,0.00000,0.00000,-0.10363,0.00049,-0.25676,0.82695,0,0.02433,0.02565
3.2006,-0.11452,-0.02131,0.01898,0.01710,-0.03360,-0.06568,0.15031,-0.10349,0.00049,0.00000,0.00000,-0.10349,0.00049,-0.25688,0.82698,0,0.02433,0.02565
3.2026,-0.11452,-0.02131,0.01891,0.01696,-0.03403,-0.06596,0.15031,-0.10335,0.00049,0.00000,0.00000,-0.10335,0.00049,-0.25714,0.82692,0,0.02433,0.02565
3.2046,-0.11452,-0.02131,0.01885,0.01683,-0.03447,-0.06624,0.15031,-0.10321,0.00049,0.00000,0.00000,-0.10321,0.00049,-0.25734,0.82694,0,0.02433,0.02565
3.2066,-0.10915,-0.02192,0.02258,0.02031,-0.02194,-0.05422,0.11531,-0.10307,0.00049,0.00000,0.00000,-0.10307,0.00049,-0.25750,0.82694,0,0.02722,0.02610
3.2086,-0.10915,-0.02192,0.02254,0.02020,-0.02243,-0.05456,0.11531,-0.10294,0.00049,0.00000,0.00000,-0.10294,0.00049,-0.25775,0.82692,0,0.02722,0.02610
3.2106,-0.10915,-0.02192,0.02249,0.02009,-0.02293,-0.05490,0.11531,-0.10280,0.00049,0.00000,0.00000,-0.10280,0.00049,-0.25792,0.82691,0,0.02722,0.02610
3.2126,-0.10915,-0.02192,0.02245,0.01998,-0.02342,-0.05523,0.11531,-0.10266,0.00049,0.00000,0.00000,-0.10266,0.00049,-0.25817,0.82695,0,0.02722,0.02610
3.2146,-0.10915,-0.02192,0.02240,0.01987,-0.02392,-0.05556,0.11531,-0.10252,0.00049,0.00000,0.00000,-0.10252,0.00049,-0.25835,0.82691,0,0.02722,0.02610
3.2166,-0.10915,-0.02192,0.02235,0.01976,-0.02441,-0.05589,0.11531,-0.10238,0.00049,0.00000,0.00000,-0.10238,0.00049,-0.25854,0.82693,0,0.02722,0.02610
3.2186,-0.10915,-0.02192,0.02230,0.01965,-0.02490,-0.05622,0.11531,-0.10224,0.00049,0.00000,0.00000,-0.10224,0.00049,-0.25879,0.82695,0,0.02722,0.02610
3.2206,-0.10915,-0.02192,0.02225,0.01954,-0.02539,-0.05655,0.11531,-0.10211,0.00048,0.00000,0.00000,-0.10211,0.00048,-0.25895,0.82698,0,0.02722,0.02610
3.2226,-0.10915,-0.02192,0.02220,0.01942,-0.02588,-0.05687,0.11531,-0.10197,0.00048,0.00000,0.00000,-0.10197,0.00048,-0.25919,0.82692,0,0.02722,0.02610
3.2246,-0.10915,-0.02192,0.02215,0.01931,-0.02637,-0.05720,0.11531,-0.10183,0.00048,0.00000,0.00000,-0.10183,0.00048,-0.25941,0.82688,0,0.02722,0.02610
3.2266,-0.10915,-0.02192,0.02210,0.01919,-0.02686,-0.05752,0.11531,-0.10169,0.00048,0.00000,0.00000,-0.10169,0.00048,-0.25959,0.82691,0,0.02722,0.02610
3.2286,-0.10915,-0.02192,0.02204,0.01908,-0.02735,-0.05784,0.11531,-0.10155,0.00048,0.00000,0.00000,-0.10155,0.00048,-0.25980,0.82692,0,0.02722,0.02610
3.2306,-0.10915,-0.02192,0.02199,0.01896,-0.02784,-0.05815,0.11531,-0.10141,0.00048,0.00000,0.00000,-0.10141,0.00048,-0.25995,0.82692,0,0.02722,0.02610
3.2326,-0.10915,-0.02192,0.02193,0.01885,-0.02832,-0.05847,0.11531,-0.10128,0.00048,0.00000,0.00000,-0.10128,0.00048,-0.26019,0.82689,0,0.02722,0.02610
3.2346,-0.10915,-0.02192,0.02187,0.01873,-0.02881,-0.05878,0.11531,-0.10114,0.00048,0.00000,0.00000,-0.10114,0.00048,-0.26042,0.82686,0,0.02722,0.02610
3.2366,-0.10915,-0.02192,0.02182,0.01861,-0.02929,-0.05909,0.11531,-0.10100,0.00048,0.00000,0.00000,-0.10100,0.00048,-0.26058,0.82693,0,0.02722,0.02610
3.2386,-0.10915,-0.02192,0.02176,0.01849,-0.02977,-0.05940,0.11531,-0.10086,0.00048,0.00000,0.00000,-0.10086,0.00048,-0.26080,0.82687,0,0.02722,0.02610
3.2406,-0.10915,-0.02192,0.02170,0.01837,-0.03026,-0.05971,0.11531,-0.10072,0.00048,0.00000,0.00000,-0.10072,0.00048,-0.26101,0.82688,0,0.02722,0.02610
3.2426,-0.10915,-0.02192,0.02164,0.01825,-0.03074,-0.06001,0.11531,-0.10058,0.00048,0.00000,0.00000,-0.10058,0.00048,-0.26114,0.82693,0,0.02722,0.02610
3.2446,-0.10915,-0.02192,0.02157,0.01813,-0.03122,-0.06032,0.11531,-0.10045,0.00048,0.00000,0.00000,-0.10045,0.00048,-0.26135,0.82691,0,0.02722,0.02610
3.2466,-0.10915,-0.02192,0.02151,0.01801,-0.03169,-0.06062,0.11531,-0.10031,0.00048,0.00000,0.00000,-0.10031,0.00048,-0.26154,0.82692,0,0.02722,0.02610
3.2486,-0.10915,-0.02192,0.02145,0.01789,-0.03217,-0.06092,0.11531,-0.10017,0.00048,0.00000,0.00000,-0.10017,0.00048,-0.26179,0.82689,0,0.02722,0.02610
3.2506,-0.10915,-0.02192,0.02138,0.01777,-0.03265,-0.06121,0.11531,-0.10003,0.00047,0.00000,0.00000,-0.10003,0.00047,-0.26196,0.82689,0,0.02722,0.02610
3.2527,-0.10915,-0.02192,0.02132,0.01765,-0.03312,-0.06151,0.11531,-0.09989,0.00047,0.00000,0.00000,-0.09989,0.00047,-0.26218,0.82691,0,0.02722,0.02610
3.2547,-0.10915,-0.02192,0.02125,0.01752,-0.03360,-0.06180,0.11531,-0.09975,0.00047,0.00000,0.00000,-0.09975,0.00047,-0.26235,0.82688,0,0.02722,0.02610
3.2567,-0.10915,-0.02192,0.02118,0.01740,-0.03407,-0.06209,0.11531,-0.09962,0.00047,0.00000,0.00000,-0.09962,0.00047,-0.26257,0.82689,0,0.02722,0.02610
3.2587,-0.10915,-0.02192,0.02111,0.01728,-0.03454,-0.06238,0.11531,-0.09948,0.00047,0.00000,0.00000,-0.09948,0.00047,-0.26277,0.82688,0,0.02722,0.02610
3.2607,-0.10915,-0.02192,0.02104,0.01715,-0.03501,-0.06267,0.11531,-0.09934,0.00047,0.00000,0.00000,-0.09934,0.00047,-0.26300,0.82684,0,0.02722,0.02610
3.2627,-0.10915,-0.02192,0.02097,0.01702,-0.03548,-0.06295,0.11531,-0.09920,0.00047,0.00000,0.00000,-0.09920,0.00047,-0.26321,0.82690,0,0.02722,0.02610
3.2647,-0.10915,-0.02192,0.02090,0.01690,-0.03595,-0.06323,0.11531,-0.09906,0.00047,0.00000,0.00000,-0.09906,0.00047,-0.26337,0.82686,0,0.02722,0.02610
3.2667,-0.10915,-0.02192,0.02083,0.01677,-0.03642,-0.06351,0.11531,-0.09892,0.00047,0.00000,0.00000,-0.09892,0.00047,-0.26357,0.82688,0,0.02722,0.02610
3.2687,-0.10241,-0.02298,0.02423,0.02029,-0.02497,-0.05128,0.10170,-0.09878,0.00047,0.00000,0.00000,-0.09878,0.00047,-0.26374,0.82690,1,0.02882,0.02619
3.2707,-0.10241,-0.02298,0.02418,0.02019,-0.02549,-0.05162,0.10170,-0.09865,0.00047,0.00000,0.00000,-0.09865,0.00047,-0.26399,0.82689,1,0.02882,0.02619
3.2727,-0.10241,-0.02298,0.02413,0.02009,-0.02601,-0.05195,0.10170,-0.09851,0.00047,0.00000,0.00000,-0.09851,0.00047,-0.26416,0.82687,1,0.02882,0.02619
3.2747,-0.10241,-0.02298,0.02408,0.01998,-0.02654,-0.05229,0.10170,-0.09837,0.00047,0.00000,0.00000,-0.09837,0.00047,-0.26437,0.82690,1,0.02882,0.02619
3.2767,-0.10241,-0.02298,0.02402,0.01988,-0.02706,-0.05262,0.10170,-0.09823,0.00047,0.00000,0.00000,-0.09823,0.00047,-0.26454,0.82690,1,0.02882,0.02619
3.2787,-0.10241,-0.02298,0.02397,0.01977,-0.02758,-0.05295,0.10170,-0.09809,0.00047,0.00000,0.00000,-0.09809,0.00047,-0.26473,0.82695,1,0.02882,0.02619
3.2807,-0.10241,-0.02298,0.02391,0.01967,-0.02810,-0.05328,0.10170,-0.09795,0.00046,0.00000,0.00000,-0.09795,0.00046,-0.26498,0.82690,1,0.02882,0.02619
3.2827,-0.10241,-0.02298,0.02386,0.01956,-0.02861,-0.05361,0.10170,-0.09782,0.00046,0.00000,0.00000,-0.09782,0.00046,-0.26519,0.82688,1,0.02882,0.02619
3.2847,-0.10241,-0.02298,0.02380,0.01945,-0.02913,-0.05393,0.10170,-0.09768,0.00046,0.00000,0.00000,-0.09768,0.00046,-0.26537,0.82694,1,0.02882,0.02619
3.2867,-0.10241,-0.02298,0.02374,0.01934,-0.02965,-0.05425,0.10170,-0.09754,0.00046,0.00000,0.00000,-0.09754,0.00046,-0.26554,0.82690,1,0.02882,0.02619
3.2887,-0.10241,-0.02298,0.02368,0.01923,-0.03016,-0.05458,0.10170,-0.09740,0.00046,0.00000,0.00000,-0.09740,0.00046,-0.26573,0.82695,1,0.02882,0.02619
3.2907,-0.10241,-0.02298,0.02362,0.01912,-0.03068,-0.05490,0.10170,-0.09726,0.00046,0.00000,0.00000,-0.09726,0.00046,-0.26591,0.82691,1,0.02882,0.02619
3.2927,-0.10241,-0.02298,0.02356,0.01901,-0.03119,-0.05521,0.10170,-0.09712,0.00046,0.00000,0.00000,-0.09712,0.00046,-0.26608,0.82692,1,0.02882,0.02619
3.2947,-0.10241,-0.02298,0.02349,0.01890,-0.03170,-0.05553,0.10170,-0.09699,0.00046,0.00000,0.00000,-0.09699,0.00046,-0.26631,0.82692,1,0.02882,0.02619
3.2967,-0.10241,-0.02298,0.02343,0.01879,-0.03221,-0.05584,0.10170,-0.09685,0.00046,0.00000,0.00000,-0.09685,0.00046,-0.26650,0.82696,1,0.02882,0.02619
3.2987,-0.10241,-0.02298,0.02337,0.01868,-0.03272,-0.05616,0.10170,-0.09671,0.00046,0.00000,0.00000,-0.09671,0.00046,-0.26670,0.82698,1,0.02882,0.02619
3.3007,-0.10241,-0.02298,0.02330,0.01857,-0.03323,-0.05647,0.10170,-0.09657,0.00046,0.00000,0.00000,-0.09657,0.00046,-0.26690,0.82693,1,0.02882,0.02619
3.3027,-0.10241,-0.02298,0.02323,0.01845,-0.03374,-0.05677,0.10170,-0.09643,0.00046,0.00000,0.00000,-0.09643,0.00046,-0.26712,0.82696,1,0.02882,0.02619
3.3047,-0.10241,-0.02298,0.02316,0.01834,-0.03424,-0.05708,0.10170,-0.09629,0.00046,0.00000,0.00000,-0.09629,0.00046,-0.26729,0.82698,1,0.02882,0.02619
3.3067,-0.10241,-0.02298,0.02310,0.01823,-0.03475,-0.05739,0.10170,-0.09616,0.00046,0.00000,0.00000,-0.09616,0.00046,-0.26745,0.82699,1,0.02882,0.02619
3.3087,-0.10241,-0.02298,0.02303,0.01811,-0.03525,-0.05769,0.10170,-0.09602,0.00046,0.00000,0.00000,-0.09602,0.00046,-0.26770,0.82697,1,0.02882,0.02619
3.3107,-0.10241,-0.02298,0.02295,0.01800,-0.03576,-0.05799,0.10170,-0.09588,0.00045,0.00000,0.00000,-0.09588,0.00045,-0.26789,0.82694,1,0.02882,0.02619
3.3127,-0.10241,-0.02298,0.02288,0.01788,-0.03626,-0.05829,0.10170,-0.09574,0.00045,0.00000,0.00000,-0.09574,0.00045,-0.26802,0.82699,1,0.02882,0.02619
3.3147,-0.10241,-0.02298,0.02281,0.01776,-0.03676,-0.05858,0.10170,-0.09560,0.00045,0.00000,0.00000,-0.09560,0.00045,-0.26822,0.82699,1,0.02882,0.02619
3.3167,-0.10241,-0.02298,0.02274,0.01764,-0.03726,-0.05888,0.10170,-0.09546,0.00045,0.00000,0.00000,-0.09546,0.00045,-0.26838,0.82702,1,0.02882,0.02619
3.3187,-0.10241,-0.02298,0.02266,0.01753,-0.03775,-0.05917,0.10170,-0.09533,0.00045,0.00000,0.00000,-0.09533,0.00045,-0.26857,0.82697,1,0.02882,0.02619
3.3207,-0.10241,-0.02298,0.02258,0.01741,-0.03825,-0.05946,0.10170,-0.09519,0.00045,0.00000,0.00000,-0.09519,0.00045,-0.26878,0.82700,1,0.02882,0.02619
3.3227,-0.10241,-0.02298,0.02251,0.01729,-0.03875,-0.05975,0.10170,-0.09505,0.00045,0.00000,0.00000,-0.09505,0.00045,-0.26895,0.82698,1,0.02882,0.02619
3.3247,-0.10241,-0.02298,0.02243,0.01717,-0.03924,-0.06004,0.10170,-0.09491,0.00045,0.00000,0.00000,-0.09491,0.00045,-0.26916,0.82699,1,0.02882,0.02619
3.3267,-0.10241,-0.02298,0.02235,0.01705,-0.03973,-0.06032,0.10170,-0.09477,0.00045,0.00000,0.00000,-0.09477,0.00045,-0.26934,0.82701,1,0.02882,0.02619
3.3287,-0.10241,-0.02298,0.02227,0.01693,-0.04022,-0.06061,0.10170,-0.09463,0.00045,0.00000,0.00000,-0.09463,0.00045,-0.26951,0.82706,1,0.02882,0.02619
3.3307,-0.10241,-0.02298,0.02219,0.01681,-0.04071,-0.06089,0.10170,-0.09450,0.00045,0.00000,0.00000,-0.09450,0.00045,-0.26974,0.82699,1,0.02882,0.02619
3.3327,-0.10241,-0.02298,0.02211,0.01668,-0.04120,-0.06116,0.10170,-0.09436,0.00045,0.00000,0.00000,-0.09436,0.00045,-0.26992,0.82705,1,0.02882,0.02619
3.3347,-0.10241,-0.02298,0.02203,0.01656,-0.04169,-0.06144,0.10170,-0.09422,0.00045,0.00000,0.00000,-0.09422,0.00045,-0.27010,0.82702,1,0.02882,0.02619
3.3367,-0.09610,-0.02334,0.02518,0.02023,-0.03103,-0.04869,0.08153,-0.09408,0.00045,0.00000,0.00000,-0.09408,0.00045,-0.27033,0.82702,1,0.02964,0.02606
3.3387,-0.09610,-0.02334,0.02512,0.02013,-0.03157,-0.04902,0.08153,-0.09394,0.00045,0.00000,0.00000,-0.09394,0.00045,-0.27051,0.82700,1,0.02964,0.02606
3.3407,-0.09610,-0.02334,0.02506,0.02003,-0.03211,-0.04936,0.08153,-0.09380,0.00045,0.00000,0.00000,-0.09380,0.00045,-0.27067,0.82700,1,0.02964,0.02606
3.3427,-0.09610,-0.02334,0.02499,0.01993,-0.03265,-0.04969,0.08153,-0.09367,0.00044,0.00000,0.00000,-0.09367,0.00044,-0.27090,0.82702,1,0.02964,0.02606
3.3447,-0.09610,-0.02334,0.02493,0.01983,-0.03318,-0.05002,0.08153,-0.09353,0.00044,0.00000,0.00000,-0.09353,0.00044,-0.27104,0.82705,1,0.02964,0.02606
3.3467,-0.09610,-0.02334,0.02486,0.01973,-0.03372,-0.05035,0.08153,-0.09339,0.00044,0.00000,0.00000,-0.09339,0.00044,-0.27125,0.82703,1,0.02964,0.02606
3.3487,-0.09610,-0.02334,0.02479,0.01963,-0.03425,-0.05068,0.08153,-0.09325,0.00044,0.00000,0.00000,-0.09325,0.00044,-0.27146,0.82705,1,0.02964,0.02606
3.3507,-0.09610,-0.02334,0.02472,0.01953,-0.03478,-0.05101,0.08153,-0.09311,0.00044,0.00000,0.00000,-0.09311,0.00044,-0.27162,0.82705,1,0.02964,0.02606
3.3527,-0.09610,-0.02334,0.02465,0.01943,-0.03531,-0.05133,0.08153,-0.09297,0.00044,0.00000,0.00000,-0.09297,0.00044,-0.27187,0.82706,1,0.02964,0.02606
3.3547,-0.09610,-0.02334,0.02458,0.01933,-0.03584,-0.05165,0.08153,-0.09284,0.00044,0.00000,0.00000,-0.09284,0.00044,-0.27201,0.82708,1,0.02964,0.02606
3.3567,-0.09610,-0.02334,0.02451,0.01922,-0.03637,-0.05198,0.08153,-0.09270,0.00044,0.00000,0.00000,-0.09270,0.00044,-0.27220,0.82707,1,0.02964,0.02606
3.3587,-0.09610,-0.02334,0.02444,0.01912,-0.03690,-0.05229,0.08153,-0.09256,0.00044,0.00000,0.00000,-0.09256,0.00044,-0.27236,0.82707,1,0.02964,0.02606
3.3607,-0.09610,-0.02334,0.02436,0.01901,-0.03743,-0.05261,0.08153,-0.09242,0.00044,0.00000,0.00000,-0.09242,0.00044,-0.27256,0.82706,1,0.02964,0.02606
3.3627,-0.09610,-0.02334,0.02429,0.01891,-0.03795,-0.05293,0.08153,-0.09228,0.00044,0.00000,0.00000,-0.09228,0.00044,-0.27271,0.82706,1,0.02964,0.02606
3.3648,-0.09610,-0.02334,0.02421,0.01880,-0.03848,-0.05324,0.08153,-0.09214,0.00044,0.00000,0.00000,-0.09214,0.00044,-0.27293,0.82706,1,0.02964,0.02606
3.3668,-0.09610,-0.02334,0.02413,0.01869,-0.03900,-0.05356,0.08153,-0.09200,0.00044,0.00000,0.00000,-0.09200,0.00044,-0.27313,0.82706,1,0.02964,0.02606
3.3688,-0.09610,-0.02334,0.02405,0.01859,-0.03952,-0.05387,0.08153,-0.09187,0.00044,0.00000,0.00000,-0.09187,0.00044,-0.27330,0.82709,1,0.02964,0.02606
3.3708,-0.09610,-0.02334,0.02397,0.01848,-0.04004,-0.05417,0.08153,-0.09173,0.00044,0.00000,0.00000,-0.09173,0.00044,-0.27347,0.82709,1,0.02964,0.02606
3.3728,-0.09610,-0.02334,0.02389,0.01837,-0.04056,-0.05448,0.08153,-0.09159,0.00043,0.00000,0.00000,-0.09159,0.00043,-0.27366,0.82704,1,0.02964,0.02606
3.3748,-0.09610,-0.02334,0.02381,0.01826,-0.04108,-0.05479,0.08153,-0.09145,0.00043,0.00000,0.00000,-0.09145,0.00043,-0.27386,0.82706,1,0.02964,0.02606
3.3768,-0.09610,-0.02334,0.02373,0.01815,-0.04159,-0.05509,0.08153,-0.09131,0.00043,0.00000,0.00000,-0.09131,0.00043,-0.27403,0.82708,1,0.02964,0.02606
3.3788,-0.09610,-0.02334,0.02365,0.01804,-0.04211,-0.05539,0.08153,-0.09117,0.00043,0.00000,0.00000,-0.09117,0.00043,-0.27422,0.82711,1,0.02964,0.02606
3.3808,-0.09610,-0.02334,0.02356,0.01793,-0.04262,-0.05569,0.08153,-0.09104,0.00043,0.00000,0.00000,-0.09104,0.00043,-0.27443,0.82710,1,0.02964,0.02606
3.3828,-0.09610,-0.02334,0.02347,0.01782,-0.04313,-0.05599,0.08153,-0.09090,0.00043,0.00000,0.00000,-0.09090,0.00043,-0.27462,0.82711,1,0.02964,0.02606
3.3848,-0.09610,-0.02334,0.02339,0.01771,-0.04364,-0.05628,0.08153,-0.09076,0.00043,0.00000,0.00000,-0.09076,0.00043,-0.27475,0.82712,1,0.02964,0.02606
3.3868,-0.09610,-0.02334,0.02330,0.01759,-0.04415,-0.05658,0.08153,-0.09062,0.00043,0.00000,0.00000,-0.09062,0.00043,-0.27491,0.82707,1,0.02964,0.02606
3.3888,-0.09610,-0.02334,0.02321,0.01748,-0.04466,-0.05687,0.08153,-0.09048,0.00043,0.00000,0.00000,-0.09048,0.00043,-0.27514,0.82712,1,0.02964,0.02606
3.3908,-0.09610,-0.02334,0.02312,0.01737,-0.04516,-0.05716,0.08153,-0.09034,0.00043,0.00000,0.00000,-0.09034,0.00043,-0.27536,0.82709,1,0.02964,0.02606
3.3928,-0.09610,-0.02334,0.02303,0.01725,-0.04566,-0.05745,0.08153,-0.09021,0.00043,0.00000,0.00000,-0.09021,0.00043,-0.27553,0.82707,1,0.02964,0.02606
3.3948,-0.09610,-0.02334,0.02294,0.01714,-0.04617,-0.05773,0.08153,-0.09007,0.00043,0.00000,0.00000,-0.09007,0.00043,-0.27576,0.82709,1,0.02964,0.02606
3.3968,-0.09610,-0.02334,0.02285,0.01702,-0.04667,-0.05802,0.08153,-0.08993,0.00043,0.00000,0.00000,-0.08993,0.00043,-0.27588,0.82709,1,0.02964,0.02606
3.3988,-0.09610,-0.02334,0.02275,0.01690,-0.04717,-0.05830,0.08153,-0.08979,0.00043,0.00000,0.00000,-0.08979,0.00043,-0.27607,0.82708,1,0.02964,0.02606
3.4008,-0.09610,-0.02334,0.02266,0.01679,-0.04767,-0.05858,0.08153,-0.08965,0.00043,0.00000,0.00000,-0.08965,0.00043,-0.27629,0.82706,1,0.02964,0.02606
3.4028,-0.09610,-0.02334,0.02256,0.01667,-0.04816,-0.05886,0.08153,-0.08951,0.00042,0.00000,0.00000,-0.08951,0.00042,-0.27644,0.82710,1,0.02964,0.02606
3.4048,-0.08838,-0.02350,0.02485,0.02024,-0.04051,-0.04650,0.05377,-0.08937,0.00042,0.00000,0.00000,-0.08937,0.00042,-0.27660,0.82708,1,0.02874,0.02582
3.4068,-0.08838,-0.02350,0.02476,0.02015,-0.04104,-0.04684,0.05377,-0.08923,0.00042,0.00000,0.00000,-0.08923,0.00042,-0.27680,0.82708,1,0.02874,0.02582
3.4088,-0.08838,-0.02350,0.02468,0.02006,-0.04157,-0.04717,0.05377,-0.08910,0.00042,0.00000,0.00000,-0.08910,0.00042,-0.27699,0.82708,1,0.02874,0.02582
3.4108,-0.08838,-0.02350,0.02460,0.01996,-0.04210,-0.04750,0.05377,-0.08896,0.00042,0.00000,0.00000,-0.08896,0.00042,-0.27716,0.82708,1,0.02874,0.02582
3.4128,-0.08838,-0.02350,0.02451,0.01987,-0.04263,-0.04784,0.05377,-0.08882,0.00042,0.00000,0.00000,-0.08882,0.00042,-0.27734,0.82705,1,0.02874,0.02582
3.4149,-0.08838,-0.02350,0.02443,0.01977,-0.04316,-0.04817,0.05377,-0.08868,0.00042,0.00000,0.00000,-0.08868,0.00042,-0.27751,0.82707,1,0.02874,0.02582
3.4169,-0.08838,-0.02350,0.02434,0.01967,-0.04369,-0.04850,0.05377,-0.08854,0.00042,0.00000,0.00000,-0.08854,0.00042,-0.27772,0.82704,1,0.02874,0.02582
3.4189,-0.08838,-0.02350,0.02425,0.01958,-0.04421,-0.04882,0.05377,-0.08840,0.00042,0.00000,0.00000,-0.08840,0.00042,-0.27785,0.82708,1,0.02874,0.02582
3.4209,-0.08838,-0.02350,0.02416,0.01948,-0.04473,-0.04915,0.05377,-0.08826,0.00042,0.00000,0.00000,-0.08826,0.00042,-0.27805,0.82708,1,0.02874,0.02582
3.4229,-0.08838,-0.02350,0.02407,0.01938,-0.04526,-0.04947,0.05377,-0.08812,0.00042,0.00000,0.00000,-0.08812,0.00042,-0.27822,0.82705,1,0.02874,0.02582
3.4249,-0.08838,-0.02350,0.02398,0.01928,-0.04578,-0.04979,0.05377,-0.08799,0.00042,0.00000,0.00000,-0.08799,0.00042,-0.27839,0.82703,1,0.02874,0.02582
3.4269,-0.08838,-0.02350,0.02389,0.01918,-0.04630,-0.05012,0.05377,-0.08785,0.00042,0.00000,0.00000,-0.08785,0.00042,-0.27860,0.82704,1,0.02874,0.02582
3.4289,-0.08838,-0.02350,0.02380,0.01908,-0.04681,-0.05043,0.05377,-0.08771,0.00042,0.00000,0.00000,-0.08771,0.00042,-0.27873,0.82708,1,0.02874,0.02582
3.4309,-0.08838,-0.02350,0.02370,0.01898,-0.04733,-0.05075,0.05377,-0.08757,0.00042,0.00000,0.00000,-0.08757,0.00042,-0.27896,0.82706,1,0.02874,0.02582
3.4329,-0.08838,-0.02350,0.02361,0.01888,-0.04784,-0.05107,0.05377,-0.08743,0.00041,0.00000,0.00000,-0.08743,0.00041,-0.27913,0.82706,1,0.02874,0.02582
3.4349,-0.08838,-0.02350,0.02351,0.01877,-0.04835,-0.05138,0.05377,-0.08729,0.00041,0.00000,0.00000,-0.08729,0.00041,-0.27927,0.82706,1,0.02874,0.02582
3.4369,-0.08838,-0.02350,0.02341,0.01867,-0.04886,-0.05169,0.05377,-0.08716,0.00041,0.00000,0.00000,-0.08716,0.00041,-0.27950,0.82703,1,0.02874,0.02582
3.4389,-0.08838,-0.02350,0.02332,0.01857,-0.04937,-0.05200,0.05377,-0.08702,0.00041,0.00000,0.00000,-0.08702,0.00041,-0.27964,0.82708,1,0.02874,0.02582
3.4409,-0.08838,-0.02350,0.02322,0.01846,-0.04988,-0.05231,0.05377,-0.08688,0.00041,0.00000,0.00000,-0.08688,0.00041,-0.27985,0.82708,1,0.02874,0.02582
3.4429,-0.08838,-0.02350,0.02312,0.01836,-0.05039,-0.05262,0.05377,-0.08674,0.00041,0.00000,0.00000,-0.08674,0.00041,-0.27997,0.82705,1,0.02874,0.02582
3.4449,-0.08838,-0.02350,0.02302,0.01825,-0.05089,-0.05292,0.05377,-0.08660,0.00041,0.00000,0.00000,-0.08660,0.00041,-0.28016,0.82707,1,0.02874,0.02582
3.4469,-0.08838,-0.02350,0.02291,0.01815,-0.05139,-0.05323,0.05377,-0.08646,0.00041,0.00000,0.00000,-0.08646,0.00041,-0.28032,0.82705,1,0.02874,0.02582
3.4489,-0.08838,-0.02350,0.02281,0.01804,-0.05189,-0.05353,0.05377,-0.08632,0.00041,0.00000,0.00000,-0.08632,0.00041,-0.28052,0.82705,1,0.02874,0.02582
3.4509,-0.08838,-0.02350,0.02271,0.01793,-0.05239,-0.05383,0.05377,-0.08619,0.00041,0.00000,0.00000,-0.08619,0.00041,-0.28066,0.82710,1,0.02874,0.02582
3.4529,-0.08838,-0.02350,0.02260,0.01782,-0.05289,-0.05413,0.05377,-0.08605,0.00041,0.00000,0.00000,-0.08605,0.00041,-0.28086,0.82708,1,0.02874,0.02582
3.4549,-0.08838,-0.02350,0.02249,0.01772,-0.05338,-0.05442,0.05377,-0.08591,0.00041,0.00000,0.00000,-0.08591,0.00041,-0.28102,0.82709,1,0.02874,0.02582
3.4569,-0.08838,-0.02350,0.02239,0.01761,-0.05388,-0.05472,0.05377,-0.08577,0.00041,0.00000,0.00000,-0.08577,0.00041,-0.28118,0.82705,1,0.02874,0.02582
3.4589,-0.08838,-0.02350,0.02228,0.01750,-0.05437,-0.05501,0.05377,-0.08563,0.00041,0.00000,0.00000,-0.08563,0.00041,-0.28138,0.82709,1,0.02874,0.02582
3.4610,-0.08838,-0.02350,0.02217,0.01739,-0.05486,-0.05530,0.05377,-0.08549,0.00041,0.00000,0.00000,-0.08549,0.00041,-0.28152,0.82710,1,0.02874,0.02582
3.4630,-0.08838,-0.02350,0.02206,0.01728,-0.05535,-0.05559,0.05377,-0.08535,0.00040,0.00000,0.00000,-0.08535,0.00040,-0.28152,0.82710,1,0.02874,0.02582
3.4650,-0.08838,-0.02350,0.02195,0.01716,-0.05583,-0.05587,0.05377,-0.08522,0.00040,0.00000,0.00000,-0.08522,0.00040,-0.28190,0.82707,1,0.02874,0.02582
3.4670,-0.08838,-0.02350,0.02184,0.01705,-0.05632,-0.05616,0.05377,-0.08508,0.00040,0.00000,0.00000,-0.08508,0.00040,-0.28204,0.82707,1,0.02874,0.02582
3.4690,-0.08157,-0.02171,0.02352,0.02018,-0.05064,-0.04533,0.00514,-0.08494,0.00040,0.00000,0.00000,-0.08494,0.00040,-0.28224,0.82707,0,0.02727,0.02534
3.4710,-0.08157,-0.02171,0.02342,0.02009,-0.05115,-0.04566,0.00514,-0.08480,0.00040,0.00000,0.00000,-0.08480,0.00040,-0.28242,0.82712,0,0.02727,0.02534
3.4730,-0.08157,-0.02171,0.02332,0.02000,-0.05166,-0.04600,0.00514,-0.08466,0.00040,0.00000,0.00000,-0.08466,0.00040,-0.28255,0.82710,0,0.02727,0.02534
3.4750,-0.08157,-0.02171,0.02321,0.01991,-0.05216,-0.04633,0.00514,-0.08452,0.00040,0.00000,0.00000,-0.08452,0.00040,-0.28276,0.82708,0,0.02727,0.02534
3.4770,-0.08157,-0.02171,0.02311,0.01981,-0.05267,-0.04666,0.00514,-0.08438,0.00040,0.00000,0.00000,-0.08438,0.00040,-0.28288,0.82709,0,0.02727,0.02534
3.4790,-0.08157,-0.02171,0.02300,0.01972,-0.05317,-0.04699,0.00514,-0.08425,0.00040,0.00000,0.00000,-0.08425,0.00040,-0.28307,0.82710,0,0.02727,0.02534
3.4810,-0.08157,-0.02171,0.02289,0.01963,-0.05367,-0.04732,0.00514,-0.08411,0.00040,0.00000,0.00000,-0.08411,0.00040,-0.28322,0.82711,0,0.02727,0.02534
3.4830,-0.08157,-0.02171,0.02279,0.01953,-0.05417,-0.04765,0.00514,-0.08397,0.00040,0.00000,0.00000,-0.08397,0.00040,-0.28342,0.82706,0,0.02727,0.02534
3.4850,-0.08157,-0.02171,0.02268,0.01944,-0.05467,-0.04797,0.00514,-0.08383,0.00040,0.00000,0.00000,-0.08383,0.00040,-0.28357,0.82707,0,0.02727,0.02534
3.4870,-0.08157,-0.02171,0.02257,0.01934,-0.05517,-0.04829,0.00514,-0.08369,0.00040,0.00000,0.00000,-0.08369,0.00040,-0.28379,0.82706,0,0.02727,0.02534
3.4890,-0.08157,-0.02171,0.02246,0.01924,-0.05566,-0.04861,0.00514,-0.08355,0.00040,0.00000,0.00000,-0.08355,0.00040,-0.28392,0.82712,0,0.02727,0.02534
3.4910,-0.08157,-0.02171,0.02234,0.01914,-0.05615,-0.04893,0.00514,-0.08342,0.00040,0.00000,0.00000,-0.08342,0.00040,-0.28405,0.82710,0,0.02727,0.02534
3.4930,-0.08157,-0.02171,0.02223,0.01905,-0.05665,-0.04925,0.00514,-0.08328,0.00040,0.00000,0.00000,-0.08328,0.00040,-0.28424,0.82707,0,0.02727,0.02534
3.4950,-0.08157,-0.02171,0.02212,0.01895,-0.05713,-0.04957,0.00514,-0.08314,0.00039,0.00000,0.00000,-0.08314,0.00039,-0.28446,0.82709,0,0.02727,0.02534
3.4970,-0.08157,-0.02171,0.02200,0.01885,-0.05762,-0.04988,0.00514,-0.08300,0.00039,0.00000,0.00000,-0.08300,0.00039,-0.28459,0.82708,0,0.02727,0.02534
3.4990,-0.08157,-0.02171,0.02189,0.01875,-0.05811,-0.05020,0.00514,-0.08286,0.00039,0.00000,0.00000,-0.08286,0.00039,-0.28473,0.82710,0,0.02727,0.02534
3.5010,-0.08157,-0.02171,0.02177,0.01865,-0.05859,-0.05051,0.00514,-0.08272,0.00039,0.00000,0.00000,-0.08272,0.00039,-0.28491,0.82708,0,0.02727,0.02534
3.5030,-0.08157,-0.02171,0.02165,0.01855,-0.05907,-0.05082,0.00514,-0.08259,0.00039,0.00000,0.00000,-0.08259,0.00039,-0.28510,0.82704,0,0.02727,0.02534
3.5050,-0.08157,-0.02171,0.02153,0.01844,-0.05955,-0.05113,0.00514,-0.08245,0.00039,0.00000,0.00000,-0.08245,0.00039,-0.28522,0.82705,0,0.02727,0.02534
3.5070,-0.08157,-0.02171,0.02142,0.01834,-0.06002,-0.05143,0.00514,-0.08231,0.00039,0.00000,0.00000,-0.08231,0.00039,-0.28543,0.82707,0,0.02727,0.02534
3.5090,-0.08157,-0.02171,0.02129,0.01824,-0.06050,-0.05174,0.00514,-0.08217,0.00039,0.00000,0.00000,-0.08217,0.00039,-0.28558,0.82704,0,0.02727,0.02534
3.5110,-0.08157,-0.02171,0.02117,0.01813,-0.06097,-0.05204,0.00514,-0.08203,0.00039,0.00000,0.00000,-0.08203,0.00039,-0.28569,0.82705,0,0.02727,0.02534
3.5130,-0.08157,-0.02171,0.02105,0.01803,-0.06144,-0.05234,0.00514,-0.08189,0.00039,0.00000,0.00000,-0.08189,0.00039,-0.28586,0.82706,0,0.02727,0.02534
3.5150,-0.08157,-0.02171,0.02093,0.01793,-0.06191,-0.05264,0.00514,-0.08176,0.00039,0.00000,0.00000,-0.08176,0.00039,-0.28605,0.82709,0,0.02727,0.02534
3.5170,-0.08157,-0.02171,0.02080,0.01782,-0.06238,-0.05294,0.00514,-0.08162,0.00039,0.00000,0.00000,-0.08162,0.00039,-0.28621,0.82702,0,0.02727,0.02534
3.5190,-0.08157,-0.02171,0.02068,0.01771,-0.06284,-0.05324,0.00514,-0.08148,0.00039,0.00000,0.00000,-0.08148,0.00039,-0.28640,0.82702,0,0.02727,0.02534
3.5210,-0.08157,-0.02171,0.02055,0.01761,-0.06330,-0.05353,0.00514,-0.08134,0.00039,0.00000,0.00000,-0.08134,0.00039,-0.28653,0.82704,0,0.02727,0.02534
3.5230,-0.08157,-0.02171,0.02042,0.01750,-0.06376,-0.05382,0.00514,-0.08120,0.00039,0.00000,0.00000,-0.08120,0.00039,-0.28668,0.82702,0,0.02727,0.02534
3.5250,-0.08157,-0.02171,0.02030,0.01739,-0.06422,-0.05411,0.00514,-0.08107,0.00038,0.00000,0.00000,-0.08107,0.00038,-0.28684,0.82705,0,0.02727,0.02534
3.5270,-0.08157,-0.02171,0.02017,0.01728,-0.06468,-0.05440,0.00514,-0.08093,0.00038,0.00000,0.00000,-0.08093,0.00038,-0.28705,0.82701,0,0.02727,0.02534
3.5290,-0.08157,-0.02171,0.02004,0.01717,-0.06513,-0.05469,0.00514,-0.08079,0.00038,0.00000,0.00000,-0.08079,0.00038,-0.28718,0.82701,0,0.02727,0.02534
3.5310,-0.08157,-0.02171,0.01991,0.01706,-0.06558,-0.05497,0.00514,-0.08065,0.00038,0.00000,0.00000,-0.08065,0.00038,-0.28738,0.82699,0,0.02727,0.02534
3.5330,-0.08157,-0.02171,0.01978,0.01695,-0.06603,-0.05526,0.00514,-0.08051,0.00038,0.00000,0.00000,-0.08051,0.00038,-0.28757,0.82702,0,0.02727,0.02534
3.5350,-0.08157,-0.02171,0.01964,0.01684,-0.06648,-0.05554,0.00514,-0.08037,0.00038,0.00000,0.00000,-0.08037,0.00038,-0.28766,0.82703,0,0.02727,0.02534
3.5371,-0.07388,-0.01987,0.02164,0.01919,-0.05961,-0.04739,-0.01791,-0.08023,0.00038,0.00000,0.00000,-0.08023,0.00038,-0.28782,0.82699,0,0.02608,0.02354
3.5391,-0.07388,-0.01987,0.02153,0.01910,-0.06009,-0.04771,-0.01791,-0.08009,0.00038,0.00000,0.00000,-0.08009,0.00038,-0.28793,0.82705,0,0.02608,0.02354
3.5411,-0.07388,-0.01987,0.02140,0.01900,-0.06057,-0.04803,-0.01791,-0.07996,0.00038,0.00000,0.00000,-0.07996,0.00038,-0.28815,0.82699,0,0.02608,0.02354
3.5431,-0.07388,-0.01987,0.02128,0.01890,-0.06104,-0.04834,-0.01791,-0.07982,0.00038,0.00000,0.00000,-0.07982,0.00038,-0.28829,0.82701,0,0.02608,0.02354
3.5451,-0.07388,-0.01987,0.02116,0.01881,-0.06151,-0.04866,-0.01791,-0.07968,0.00038,0.00000,0.00000,-0.07968,0.00038,-0.28849,0.82698,0,0.02608,0.02354
3.5471,-0.07388,-0.01987,0.02104,0.01871,-0.06198,-0.04897,-0.01791,-0.07954,0.00038,0.00000,0.00000,-0.07954,0.00038,-0.28857,0.82705,0,0.02608,0.02354
3.5491,-0.07388,-0.01987,0.02091,0.01861,-0.06245,-0.04928,-0.01791,-0.07940,0.00038,0.00000,0.00000,-0.07940,0.00038,-0.28880,0.82700,0,0.02608,0.02354
3.5511,-0.07388,-0.01987,0.02079,0.01851,-0.06292,-0.04959,-0.01791,-0.07926,0.00038,0.00000,0.00000,-0.07926,0.00038,-0.28890,0.82703,0,0.02608,0.02354
3.5531,-0.07388,-0.01987,0.02066,0.01841,-0.06338,-0.04990,-0.01791,-0.07913,0.00038,0.00000,0.00000,-0.07913,0.00038,-0.28910,0.82703,0,0.02608,0.02354
3.5551,-0.07388,-0.01987,0.02053,0.01831,-0.06384,-0.05021,-0.01791,-0.07899,0.00037,0.00000,0.00000,-0.07899,0.00037,-0.28925,0.82706,0,0.02608,0.02354
3.5571,-0.07388,-0.01987,0.02041,0.01821,-0.06430,-0.05051,-0.01791,-0.07885,0.00037,0.00000,0.00000,-0.07885,0.00037,-0.28947,0.82702,0,0.02608,0.02354
3.5591,-0.07388,-0.01987,0.02028,0.01811,-0.06476,-0.05081,-0.01791,-0.07871,0.00037,0.00000,0.00000,-0.07871,0.00037,-0.28958,0.82704,0,0.02608,0.02354
3.5611,-0.07388,-0.01987,0.02015,0.01801,-0.06522,-0.05111,-0.01791,-0.07857,0.00037,0.00000,0.00000,-0.07857,0.00037,-0.28973,0.82701,0,0.02608,0.02354
3.5631,-0.07388,-0.01987,0.02002,0.01791,-0.06567,-0.05141,-0.01791,-0.07843,0.00037,0.00000,0.00000,-0.07843,0.00037,-0.28990,0.82701,0,0.02608,0.02354
3.5651,-0.07388,-0.01987,0.01988,0.01780,-0.06612,-0.05171,-0.01791,-0.07830,0.00037,0.00000,0.00000,-0.07830,0.00037,-0.29004,0.82704,0,0.02608,0.02354
3.5671,-0.07388,-0.01987,0.01975,0.01770,-0.06657,-0.05201,-0.01791,-0.07816,0.00037,0.00000,0.00000,-0.07816,0.00037,-0.29020,0.82703,0,0.02608,0.02354
3.5691,-0.07388,-0.01987,0.01962,0.01760,-0.06702,-0.05230,-0.01791,-0.07802,0.00037,0.00000,0.00000,-0.07802,0.00037,-0.29039,0.82701,0,0.02608,0.02354
3.5711,-0.07388,-0.01987,0.01948,0.01749,-0.06746,-0.05259,-0.01791,-0.07788,0.00037,0.00000,0.00000,-0.07788,0.00037,-0.29053,0.82701,0,0.02608,0.02354
3.5731,-0.07388,-0.01987,0.01935,0.01739,-0.06790,-0.05288,-0.01791,-0.07774,0.00037,0.00000,0.00000,-0.07774,0.00037,-0.29072,0.82702,0,0.02608,0.02354
3.5751,-0.07388,-0.01987,0.01921,0.01728,-0.06834,-0.05317,-0.01791,-0.07760,0.00037,0.00000,0.00000,-0.07760,0.00037,-0.29087,0.82701,0,0.02608,0.02354
3.5771,-0.07388,-0.01987,0.01907,0.01717,-0.06878,-0.05346,-0.01791,-0.07747,0.00037,0.00000,0.00000,-0.07747,0.00037,-0.29106,0.82702,0,0.02608,0.02354
3.5791,-0.07388,-0.01987,0.01894,0.01707,-0.06922,-0.05374,-0.01791,-0.07733,0.00037,0.00000,0.00000,-0.07733,0.00037,-0.29115,0.82707,0,0.02608,0.02354
3.5811,-0.07388,-0.01987,0.01880,0.01696,-0.06965,-0.05403,-0.01791,-0.07719,0.00037,0.00000,0.00000,-0.07719,0.00037,-0.29132,0.82707,0,0.02608,0.02354
3.5831,-0.07388,-0.01987,0.01866,0.01685,-0.07008,-0.05431,-0.01791,-0.07705,0.00037,0.00000,0.00000,-0.07705,0.00037,-0.29146,0.82706,0,0.02608,0.02354
3.5851,-0.07388,-0.01987,0.01852,0.01674,-0.07051,-0.05459,-0.01791,-0.07691,0.00036,0.00000,0.00000,-0.07691,0.00036,-0.29164,0.82704,0,0.02608,0.02354
3.5871,-0.07388,-0.01987,0.01838,0.01663,-0.07093,-0.05487,-0.01791,-0.07677,0.00036,0.00000,0.00000,-0.07677,0.00036,-0.29179,0.82706,0,0.02608,0.02354
3.5891,-0.07388,-0.01987,0.01823,0.01652,-0.07136,-0.05514,-0.01791,-0.07664,0.00036,0.00000,0.00000,-0.07664,0.00036,-0.29194,0.82705,0,0.02608,0.02354
3.5911,-0.07388,-0.01987,0.01809,0.01641,-0.07178,-0.05542,-0.01791,-0.07650,0.00036,0.00000,0.00000,-0.07650,0.00036,-0.29212,0.82700,0,0.02608,0.02354
3.5931,-0.07388,-0.01987,0.01795,0.01630,-0.07219,-0.05569,-0.01791,-0.07636,0.00036,0.00000,0.00000,-0.07636,0.00036,-0.29228,0.82707,0,0.02608,0.02354
3.5951,-0.07388,-0.01987,0.01780,0.01619,-0.07261,-0.05596,-0.01791,-0.07622,0.00036,0.00000,0.00000,-0.07622,0.00036,-0.29238,0.82707,0,0.02608,0.02354
3.5971,-0.07388,-0.01987,0.01766,0.01608,-0.07302,-0.05623,-0.01791,-0.07608,0.00036,0.00000,0.00000,-0.07608,0.00036,-0.29253,0.82704,0,0.02608,0.02354
3.5991,-0.07388,-0.01987,0.01751,0.01596,-0.07344,-0.05649,-0.01791,-0.07594,0.00036,0.00000,0.00000,-0.07594,0.00036,-0.29266,0.82711,0,0.02608,0.02354
3.6011,-0.07388,-0.01987,0.01736,0.01585,-0.07384,-0.05676,-0.01791,-0.07581,0.00036,0.00000,0.00000,-0.07581,0.00036,-0.29288,0.82706,0,0.02608,0.02354
3.6031,-0.07388,-0.01987,0.01721,0.01574,-0.07425,-0.05702,-0.01791,-0.07567,0.00036,0.00000,0.00000,-0.07567,0.00036,-0.29303,0.82709,0,0.02608,0.02354
3.6051,-0.07388,-0.01987,0.01706,0.01562,-0.07466,-0.05728,-0.01791,-0.07553,0.00036,0.00000,0.00000,-0.07553,0.00036,-0.29317,0.82707,0,0.02608,0.02354
3.6071,-0.06641,-0.01922,0.01995,0.01819,-0.06475,-0.04842,-0.05347,-0.07539,0.00036,0.00000,0.00000,-0.07539,0.00036,-0.29326,0.82707,0,0.02546,0.02274
3.6091,-0.06641,-0.01922,0.01982,0.01809,-0.06520,-0.04873,-0.05347,-0.07525,0.00036,0.00000,0.00000,-0.07525,0.00036,-0.29346,0.82710,0,0.02546,0.02274
3.6111,-0.06641,-0.01922,0.01968,0.01799,-0.06564,-0.04903,-0.05347,-0.07511,0.00036,0.00000,0.00000,-0.07511,0.00036,-0.29358,0.82707,0,0.02546,0.02274
3.6131,-0.06641,-0.01922,0.01955,0.01789,-0.06609,-0.04933,-0.05347,-0.07497,0.00036,0.00000,0.00000,-0.07497,0.00036,-0.29375,0.82708,0,0.02546,0.02274
3.6151,-0.06641,-0.01922,0.01942,0.01779,-0.06653,-0.04962,-0.05347,-0.07484,0.00036,0.00000,0.00000,-0.07484,0.00036,-0.29393,0.82706,0,0.02546,0.02274
3.6171,-0.06641,-0.01922,0.01929,0.01769,-0.06697,-0.04992,-0.05347,-0.07470,0.00035,0.00000,0.00000,-0.07470,0.00035,-0.29404,0.82715,0,0.02546,0.02274
3.6191,-0.06641,-0.01922,0.01915,0.01759,-0.06741,-0.05021,-0.05347,-0.07456,0.00035,0.00000,0.00000,-0.07456,0.00035,-0.29421,0.82710,0,0.02546,0.02274
3.6211,-0.06641,-0.01922,0.01902,0.01749,-0.06785,-0.05050,-0.05347,-0.07442,0.00035,0.00000,0.00000,-0.07442,0.00035,-0.29433,0.82710,0,0.02546,0.02274
3.6231,-0.06641,-0.01922,0.01888,0.01739,-0.06828,-0.05079,-0.05347,-0.07428,0.00035,0.00000,0.00000,-0.07428,0.00035,-0.29449,0.82712,0,0.02546,0.02274
3.6251,-0.06641,-0.01922,0.01874,0.01729,-0.06871,-0.05108,-0.05347,-0.07414,0.00035,0.00000,0.00000,-0.07414,0.00035,-0.29464,0.82709,0,0.02546,0.02274
3.6271,-0.06641,-0.01922,0.01861,0.01719,-0.06914,-0.05137,-0.05347,-0.07401,0.00035,0.00000,0.00000,-0.07401,0.00035,-0.29481,0.82711,0,0.02546,0.02274
3.6291,-0.06641,-0.01922,0.01847,0.01708,-0.06957,-0.05166,-0.05347,-0.07387,0.00035,0.00000,0.00000,-0.07387,0.00035,-0.29493,0.82713,0,0.02546,0.02274
3.6311,-0.06641,-0.01922,0.01833,0.01698,-0.07000,-0.05194,-0.05347,-0.07373,0.00035,0.00000,0.00000,-0.07373,0.00035,-0.29510,0.82716,0,0.02546,0.02274
3.6331,-0.06641,-0.01922,0.01819,0.01688,-0.07042,-0.05222,-0.05347,-0.07359,0.00035,0.00000,0.00000,-0.07359,0.00035,-0.29528,0.82713,0,0.02546,0.02274
3.6351,-0.06641,-0.01922,0.01805,0.01677,-0.07084,-0.05250,-0.05347,-0.07345,0.00035,0.00000,0.00000,-0.07345,0.00035,-0.29540,0.82716,0,0.02546,0.02274
3.6371,-0.06641,-0.01922,0.01790,0.01667,-0.07126,-0.05278,-0.05347,-0.07331,0.00035,0.00000,0.00000,-0.07331,0.00035,-0.29560,0.82711,0,0.02546,0.02274
3.6391,-0.06641,-0.01922,0.01776,0.01656,-0.07167,-0.05306,-0.05347,-0.07318,0.00035,0.00000,0.00000,-0.07318,0.00035,-0.29574,0.82709,0,0.02546,0.02274
3.6411,-0.06641,-0.01922,0.01762,0.01645,-0.07208,-0.05333,-0.05347,-0.07304,0.00035,0.00000,0.00000,-0.07304,0.00035,-0.29587,0.82713,0,0.02546,0.02274
3.6431,-0.06641,-0.01922,0.01747,0.01635,-0.07249,-0.05361,-0.05347,-0.07290,0.00035,0.00000,0.00000,-0.07290,0.00035,-0.29601,0.82713,0,0.02546,0.02274
3.6451,-0.06641,-0.01922,0.01733,0.01624,-0.07290,-0.05388,-0.05347,-0.07276,0.00035,0.00000,0.00000,-0.07276,0.00035,-0.29615,0.82713,0,0.02546,0.02274
3.6471,-0.06641,-0.01922,0.01718,0.01613,-0.07331,-0.05415,-0.05347,-0.07262,0.00034,0.00000,0.00000,-0.07262,0.00034,-0.29631,0.82714,0,0.02546,0.02274
3.6491,-0.06641,-0.01922,0.01703,0.01602,-0.07371,-0.05441,-0.05347,-0.07248,0.00034,0.00000,0.00000,-0.07248,0.00034,-0.29640,0.82719,0,0.02546,0.02274
3.6511,-0.06641,-0.01922,0.01689,0.01591,-0.07411,-0.05468,-0.05347,-0.07235,0.00034,0.00000,0.00000,-0.07235,0.00034,-0.29656,0.82716,0,0.02546,0.02274
3.6531,-0.06641,-0.01922,0.01674,0.01580,-0.07451,-0.05494,-0.05347,-0.07221,0.00034,0.00000,0.00000,-0.07221,0.00034,-0.29676,0.82715,0,0.02546,0.02274
3.6551,-0.06641,-0.01922,0.01659,0.01569,-0.07491,-0.05521,-0.05347,-0.07207,0.00034,0.00000,0.00000,-0.07207,0.00034,-0.29691,0.82717,0,0.02546,0.02274
3.6572,-0.06641,-0.01922,0.01644,0.01558,-0.07530,-0.05547,-0.05347,-0.07193,0.00034,0.00000,0.00000,-0.07193,0.00034,-0.29703,0.82716,0,0.02546,0.02274
3.6592,-0.06641,-0.01922,0.01629,0.01547,-0.07569,-0.05572,-0.05347,-0.07179,0.00034,0.00000,0.00000,-0.07179,0.00034,-0.29714,0.82721,0,0.02546,0.02274
3.6612,-0.06641,-0.01922,0.01614,0.01536,-0.07608,-0.05598,-0.05347,-0.07165,0.00034,0.00000,0.00000,-0.07165,0.00034,-0.29728,0.82719,0,0.02546,0.02274
3.6632,-0.06641,-0.01922,0.01598,0.01525,-0.07647,-0.05623,-0.05347,-0.07151,0.00034,0.00000,0.00000,-0.07151,0.00034,-0.29744,0.82718,0,0.02546,0.02274
3.6652,-0.06641,-0.01922,0.01583,0.01514,-0.07685,-0.05649,-0.05347,-0.07137,0.00034,0.00000,0.00000,-0.07137,0.00034,-0.29761,0.82717,0,0.02546,0.02274
3.6672,-0.06641,-0.01922,0.01568,0.01502,-0.07723,-0.05674,-0.05347,-0.07124,0.00034,0.00000,0.00000,-0.07124,0.00034,-0.29773,0.82720,0,0.02546,0.02274
3.6692,-0.06641,-0.01922,0.01552,0.01491,-0.07761,-0.05699,-0.05347,-0.07110,0.00034,0.00000,0.00000,-0.07110,0.00034,-0.29792,0.82717,0,0.02546,0.02274
3.6712,-0.06137,-0.02101,0.01951,0.01841,-0.06396,-0.04502,-0.04886,-0.07096,0.00034,0.00000,0.00000,-0.07096,0.00034,-0.29801,0.82722,0,0.02648,0.02406
3.6732,-0.06137,-0.02101,0.01939,0.01832,-0.06440,-0.04533,-0.04886,-0.07082,0.00034,0.00000,0.00000,-0.07082,0.00034,-0.29819,0.82724,0,0.02648,0.02406
3.6752,-0.06137,-0.02101,0.01926,0.01823,-0.06484,-0.04563,-0.04886,-0.07068,0.00034,0.00000,0.00000,-0.07068,0.00034,-0.29833,0.82715,0,0.02648,0.02406
3.6772,-0.06137,-0.02101,0.01913,0.01813,-0.06528,-0.04594,-0.04886,-0.07054,0.00033,0.00000,0.00000,-0.07054,0.00033,-0.29845,0.82719,0,0.02648,0.02406
3.6793,-0.06137,-0.02101,0.01900,0.01804,-0.06572,-0.04624,-0.04886,-0.07040,0.00033,0.00000,0.00000,-0.07040,0.00033,-0.29863,0.82720,0,0.02648,0.02406
3.6812,-0.06137,-0.02101,0.01886,0.01795,-0.06615,-0.04654,-0.04886,-0.07026,0.00033,0.00000,0.00000,-0.07026,0.00033,-0.29872,0.82721,0,0.02648,0.02406
3.6833,-0.06137,-0.02101,0.01873,0.01786,-0.06658,-0.04684,-0.04886,-0.07013,0.00033,0.00000,0.00000,-0.07013,0.00033,-0.29886,0.82718,0,0.02648,0.02406
3.6853,-0.06137,-0.02101,0.01860,0.01776,-0.06701,-0.04713,-0.04886,-0.06999,0.00033,0.00000,0.00000,-0.06999,0.00033,-0.29906,0.82719,0,0.02648,0.02406
3.6873,-0.06137,-0.02101,0.01846,0.01767,-0.06744,-0.04743,-0.04886,-0.06985,0.00033,0.00000,0.00000,-0.06985,0.00033,-0.29914,0.82721,0,0.02648,0.02406
3.6893,-0.06137,-0.02101,0.01833,0.01757,-0.06787,-0.04772,-0.04886,-0.06971,0.00033,0.00000,0.00000,-0.06971,0.00033,-0.29930,0.82719,0,0.02648,0.02406
3.6913,-0.06137,-0.02101,0.01819,0.01748,-0.06829,-0.04801,-0.04886,-0.06957,0.00033,0.00000,0.00000,-0.06957,0.00033,-0.29946,0.82718,0,0.02648,0.02406
3.6933,-0.06137,-0.02101,0.01805,0.01738,-0.06871,-0.04831,-0.04886,-0.06943,0.00033,0.00000,0.00000,-0.06943,0.00033,-0.29963,0.82717,0,0.02648,0.02406
3.6953,-0.06137,-0.02101,0.01792,0.01728,-0.06913,-0.04859,-0.04886,-0.06930,0.00033,0.00000,0.00000,-0.06930,0.00033,-0.29974,0.82715,0,0.02648,0.02406
3.6973,-0.06137,-0.02101,0.01778,0.01719,-0.06954,-0.04888,-0.04886,-0.06916,0.00033,0.00000,0.00000,-0.06916,0.00033,-0.29981,0.82722,0,0.02648,0.02406
3.6993,-0.06137,-0.02101,0.01764,0.01709,-0.06996,-0.04917,-0.04886,-0.06902,0.00033,0.00000,0.00000,-0.06902,0.00033,-0.30002,0.82716,0,0.02648,0.02406
3.7013,-0.06137,-0.02101,0.01750,0.01699,-0.07037,-0.04945,-0.04886,-0.06888,0.00033,0.00000,0.00000,-0.06888,0.00033,-0.30017,0.82718,0,0.02648,0.02406
3.7033,-0.06137,-0.02101,0.01736,0.01689,-0.07078,-0.04973,-0.04886,-0.06874,0.00033,0.00000,0.00000,-0.06874,0.00033,-0.30026,0.82719,0,0.02648,0.02406
3.7053,-0.06137,-0.02101,0.01721,0.01679,-0.07118,-0.05001,-0.04886,-0.06860,0.00033,0.00000,0.00000,-0.06860,0.00033,-0.30045,0.82719,0,0.02648,0.02406
3.7073,-0.06137,-0.02101,0.01707,0.01669,-0.07159,-0.05029,-0.04886,-0.06847,0.00032,0.00000,0.00000,-0.06847,0.00032,-0.30057,0.82717,0,0.02648,0.02406
3.7093,-0.06137,-0.02101,0.01693,0.01659,-0.07199,-0.05057,-0.04886,-0.06833,0.00032,0.00000,0.00000,-0.06833,0.00032,-0.30067,0.82721,0,0.02648,0.02406
3.7113,-0.06137,-0.02101,0.01678,0.01649,-0.07239,-0.05084,-0.04886,-0.06819,0.00032,0.00000,0.00000,-0.06819,0.00032,-0.30078,0.82723,0,0.02648,0.02406
3.7133,-0.06137,-0.02101,0.01664,0.01639,-0.07278,-0.05112,-0.04886,-0.06805,0.00032,0.00000,0.00000,-0.06805,0.00032,-0.30099,0.82723,0,0.02648,0.02406
3.7153,-0.06137,-0.02101,0.01649,0.01628,-0.07318,-0.05139,-0.04886,-0.06791,0.00032,0.00000,0.00000,-0.06791,0.00032,-0.30110,0.82720,0,0.02648,0.02406
3.7173,-0.06137,-0.02101,0.01635,0.01618,-0.07357,-0.05166,-0.04886,-0.06778,0.00032,0.00000,0.00000,-0.06778,0.00032,-0.30120,0.82723,0,0.02648,0.02406
3.7193,-0.06137,-0.02101,0.01620,0.01608,-0.07396,-0.05193,-0.04886,-0.06764,0.00032,0.00000,0.00000,-0.06764,0.00032,-0.30140,0.82723,0,0.02648,0.02406
3.7213,-0.06137,-0.02101,0.01605,0.01597,-0.07434,-0.05220,-0.04886,-0.06750,0.00032,0.00000,0.00000,-0.06750,0.00032,-0.30155,0.82724,0,0.02648,0.02406
3.7233,-0.06137,-0.02101,0.01590,0.01587,-0.07473,-0.05246,-0.04886,-0.06736,0.00032,0.00000,0.00000,-0.06736,0.00032,-0.30168,0.82722,0,0.02648,0.02406
3.7253,-0.06137,-0.02101,0.01575,0.01576,-0.07511,-0.05272,-0.04886,-0.06722,0.00032,0.00000,0.00000,-0.06722,0.00032,-0.30180,0.82722,0,0.02648,0.02406
3.7273,-0.06137,-0.02101,0.01560,0.01566,-0.07549,-0.05299,-0.04886,-0.06708,0.00032,0.00000,0.00000,-0.06708,0.00032,-0.30194,0.82723,0,0.02648,0.02406
3.7293,-0.06137,-0.02101,0.01545,0.01555,-0.07587,-0.05325,-0.04886,-0.06694,0.00032,0.00000,0.00000,-0.06694,0.00032,-0.30210,0.82724,0,0.02648,0.02406
3.7313,-0.06137,-0.02101,0.01530,0.01544,-0.07624,-0.05350,-0.04886,-0.06681,0.00032,0.00000,0.00000,-0.06681,0.00032,-0.30224,0.82723,0,0.02648,0.02406
3.7333,-0.06137,-0.02101,0.01514,0.01534,-0.07661,-0.05376,-0.04886,-0.06667,0.00032,0.00000,0.00000,-0.06667,0.00032,-0.30232,0.82726,0,0.02648,0.02406
3.7353,-0.06137,-0.02101,0.01499,0.01523,-0.07698,-0.05401,-0.04886,-0.06653,0.00032,0.00000,0.00000,-0.06653,0.00032,-0.30251,0.82725,0,0.02648,0.02406
3.7373,-0.06069,-0.02269,0.02138,0.01998,-0.05489,-0.03761,-0.03903,-0.06639,0.00032,0.00000,0.00000,-0.06639,0.00032,-0.30256,0.82727,0,0.03031,0.02649
3.7393,-0.06069,-0.02269,0.02127,0.01990,-0.05537,-0.03794,-0.03903,-0.06625,0.00031,0.00000,0.00000,-0.06625,0.00031,-0.30271,0.82725,0,0.03031,0.02649
3.7413,-0.06069,-0.02269,0.02116,0.01983,-0.05584,-0.03827,-0.03903,-0.06611,0.00031,0.00000,0.00000,-0.06611,0.00031,-0.30285,0.82725,0,0.03031,0.02649
3.7433,-0.06069,-0.02269,0.02105,0.01975,-0.05631,-0.03860,-0.03903,-0.06597,0.00031,0.00000,0.00000,-0.06597,0.00031,-0.30303,0.82727,0,0.03031,0.02649
3.7453,-0.06069,-0.02269,0.02094,0.01967,-0.05678,-0.03893,-0.03903,-0.06584,0.00031,0.00000,0.00000,-0.06584,0.00031,-0.30313,0.82727,0,0.03031,0.02649
3.7473,-0.06069,-0.02269,0.02082,0.01959,-0.05725,-0.03926,-0.03903,-0.06570,0.00031,0.00000,0.00000,-0.06570,0.00031,-0.30326,0.82729,0,0.03031,0.02649
3.7493,-0.06069,-0.02269,0.02071,0.01951,-0.05771,-0.03958,-0.03903,-0.06556,0.00031,0.00000,0.00000,-0.06556,0.00031,-0.30341,0.82726,0,0.03031,0.02649
3.7513,-0.06069,-0.02269,0.02059,0.01943,-0.05817,-0.03991,-0.03903,-0.06542,0.00031,0.00000,0.00000,-0.06542,0.00031,-0.30352,0.82729,0,0.03031,0.02649
3.7533,-0.06069,-0.02269,0.02047,0.01935,-0.05863,-0.04023,-0.03903,-0.06528,0.00031,0.00000,0.00000,-0.06528,0.00031,-0.30367,0.82723,0,0.03031,0.02649
3.7553,-0.06069,-0.02269,0.02036,0.01927,-0.05909,-0.04055,-0.03903,-0.06514,0.00031,0.00000,0.00000,-0.06514,0.00031,-0.30381,0.82722,0,0.03031,0.02649
3.7574,-0.06069,-0.02269,0.02024,0.01919,-0.05955,-0.04088,-0.03903,-0.06500,0.00031,0.00000,0.00000,-0.06500,0.00031,-0.30389,0.82724,0,0.03031,0.02649
3.7594,-0.06069,-0.02269,0.02012,0.01911,-0.06001,-0.04120,-0.03903,-0.06486,0.00031,0.00000,0.00000,-0.06486,0.00031,-0.30406,0.82721,0,0.03031,0.02649
3.7614,-0.06069,-0.02269,0.02000,0.01903,-0.06046,-0.04151,-0.03903,-0.06473,0.00031,0.00000,0.00000,-0.06473,0.00031,-0.30419,0.82726,0,0.03031,0.02649
3.7634,-0.06069,-0.02269,0.01988,0.01894,-0.06091,-0.04183,-0.03903,-0.06459,0.00031,0.00000,0.00000,-0.06459,0.00031,-0.30435,0.82719,0,0.03031,0.02649
3.7654,-0.06069,-0.02269,0.01975,0.01886,-0.06136,-0.04215,-0.03903,-0.06445,0.00031,0.00000,0.00000,-0.06445,0.00031,-0.30443,0.82723,0,0.03031,0.02649
3.7674,-0.06069,-0.02269,0.01963,0.01878,-0.06181,-0.04246,-0.03903,-0.06431,0.00031,0.00000,0.00000,-0.06431,0.00031,-0.30456,0.82723,0,0.03031,0.02649
3.7694,-0.06069,-0.02269,0.01951,0.01869,-0.06225,-0.04277,-0.03903,-0.06417,0.00030,0.00000,0.00000,-0.06417,0.00030,-0.30467,0.82718,0,0.03031,0.02649
3.7714,-0.06069,-0.02269,0.01938,0.01860,-0.06270,-0.04308,-0.03903,-0.06403,0.00030,0.00000,0.00000,-0.06403,0.00030,-0.30481,0.82719,0,0.03031,0.02649
3.7734,-0.06069,-0.02269,0.01926,0.01852,-0.06314,-0.04339,-0.03903,-0.06390,0.00030,0.00000,0.00000,-0.06390,0.00030,-0.30499,0.82718,0,0.03031,0.02649
3.7754,-0.06069,-0.02269,0.01913,0.01843,-0.06357,-0.04370,-0.03903,-0.06376,0.00030,0.00000,0.00000,-0.06376,0.00030,-0.30510,0.82719,0,0.03031,0.02649
3.7774,-0.06069,-0.02269,0.01900,0.01834,-0.06401,-0.04401,-0.03903,-0.06362,0.00030,0.00000,0.00000,-0.06362,0.00030,-0.30521,0.82717,0,0.03031,0.02649
3.7794,-0.06069,-0.02269,0.01887,0.01826,-0.06444,-0.04431,-0.03903,-0.06348,0.00030,0.00000,0.00000,-0.06348,0.00030,-0.30535,0.82712,0,0.03031,0.02649
3.7814,-0.06069,-0.02269,0.01874,0.01817,-0.06488,-0.04462,-0.03903,-0.06334,0.00030,0.00000,0.00000,-0.06334,0.00030,-0.30543,0.82716,0,0.03031,0.02649
3.7834,-0.06069,-0.02269,0.01861,0.01808,-0.06531,-0.04492,-0.03903,-0.06320,0.00030,0.00000,0.00000,-0.06320,0.00030,-0.30559,0.82714,0,0.03031,0.02649
3.7854,-0.06069,-0.02269,0.01848,0.01799,-0.06573,-0.04522,-0.03903,-0.06307,0.00030,0.00000,0.00000,-0.06307,0.00030,-0.30569,0.82718,0,0.03031,0.02649
3.7874,-0.06069,-0.02269,0.01835,0.01790,-0.06616,-0.04552,-0.03903,-0.06293,0.00030,0.00000,0.00000,-0.06293,0.00030,-0.30585,0.82716,0,0.03031,0.02649
3.7894,-0.06069,-0.02269,0.01822,0.01780,-0.06658,-0.04582,-0.03903,-0.06279,0.00030,0.00000,0.00000,-0.06279,0.00030,-0.30597,0.82713,0,0.03031,0.02649
3.7914,-0.06069,-0.02269,0.01808,0.01771,-0.06700,-0.04611,-0.03903,-0.06265,0.00030,0.00000,0.00000,-0.06265,0.00030,-0.30610,0.82712,0,0.03031,0.02649
3.7934,-0.06069,-0.02269,0.01795,0.01762,-0.06742,-0.04641,-0.03903,-0.06251,0.00030,0.00000,0.00000,-0.06251,0.00030,-0.30622,0.82711,0,0.03031,0.02649
3.7954,-0.06069,-0.02269,0.01782,0.01753,-0.06784,-0.04670,-0.03903,-0.06237,0.00030,0.00000,0.00000,-0.06237,0.00030,-0.30640,0.82713,0,0.03031,0.02649
3.7974,-0.06069,-0.02269,0.01768,0.01743,-0.06825,-0.04699,-0.03903,-0.06223,0.00030,0.00000,0.00000,-0.06223,0.00030,-0.30649,0.82713,0,0.03031,0.02649
3.7994,-0.06069,-0.02269,0.01754,0.01734,-0.06867,-0.04728,-0.03903,-0.06210,0.00029,0.00000,0.00000,-0.06210,0.00029,-0.30662,0.82714,0,0.03031,0.02649
3.8014,-0.06069,-0.02269,0.01740,0.01724,-0.06907,-0.04757,-0.03903,-0.06196,0.00029,0.00000,0.00000,-0.06196,0.00029,-0.30673,0.82714,0,0.03031,0.02649
3.8034,-0.06069,-0.02269,0.01727,0.01715,-0.06948,-0.04785,-0.03903,-0.06182,0.00029,0.00000,0.00000,-0.06182,0.00029,-0.30686,0.82717,0,0.03031,0.02649
3.8054,-0.06047,-0.02522,0.02485,0.02227,-0.04372,-0.03044,-0.01884,-0.06168,0.00029,0.00000,0.00000,-0.06168,0.00029,-0.30695,0.82716,0,0.03459,0.02890
3.8074,-0.06047,-0.02522,0.02476,0.02221,-0.04425,-0.03081,-0.01884,-0.06154,0.00029,0.00000,0.00000,-0.06154,0.00029,-0.30709,0.82714,0,0.03459,0.02890
3.8094,-0.06047,-0.02522,0.02467,0.02215,-0.04479,-0.03119,-0.01884,-0.06140,0.00029,0.00000,0.00000,-0.06140,0.00029,-0.30725,0.82711,0,0.03459,0.02890
3.8114,-0.06047,-0.02522,0.02458,0.02209,-0.04532,-0.03155,-0.01884,-0.06127,0.00029,0.00000,0.00000,-0.06127,0.00029,-0.30733,0.82712,0,0.03459,0.02890
3.8134,-0.06047,-0.02522,0.02449,0.02202,-0.04584,-0.03192,-0.01884,-0.06113,0.00029,0.00000,0.00000,-0.06113,0.00029,-0.30747,0.82714,0,0.03459,0.02890
3.8154,-0.06047,-0.02522,0.02440,0.02196,-0.04637,-0.03229,-0.01884,-0.06099,0.00029,0.00000,0.00000,-0.06099,0.00029,-0.30762,0.82712,0,0.03459,0.02890
3.8174,-0.06047,-0.02522,0.02430,0.02190,-0.04690,-0.03266,-0.01884,-0.06085,0.00029,0.00000,0.00000,-0.06085,0.00029,-0.30766,0.82715,0,0.03459,0.02890
3.8194,-0.06047,-0.02522,0.02421,0.02183,-0.04742,-0.03302,-0.01884,-0.06071,0.00029,0.00000,0.00000,-0.06071,0.00029,-0.30783,0.82716,0,0.03459,0.02890
3.8214,-0.06047,-0.02522,0.02411,0.02176,-0.04794,-0.03339,-0.01884,-0.06057,0.00029,0.00000,0.00000,-0.06057,0.00029,-0.30792,0.82712,0,0.03459,0.02890
3.8234,-0.06047,-0.02522,0.02402,0.02170,-0.04846,-0.03375,-0.01884,-0.06044,0.00029,0.00000,0.00000,-0.06044,0.00029,-0.30804,0.82715,0,0.03459,0.02890
3.8255,-0.06047,-0.02522,0.02392,0.02163,-0.04898,-0.03411,-0.01884,-0.06030,0.00029,0.00000,0.00000,-0.06030,0.00029,-0.30814,0.82715,0,0.03459,0.02890
3.8275,-0.06047,-0.02522,0.02382,0.02156,-0.04950,-0.03447,-0.01884,-0.06016,0.00029,0.00000,0.00000,-0.06016,0.00029,-0.30837,0.82714,0,0.03459,0.02890
3.8295,-0.06047,-0.02522,0.02372,0.02149,-0.05002,-0.03483,-0.01884,-0.06002,0.00028,0.00000,0.00000,-0.06002,0.00028,-0.30845,0.82711,0,0.03459,0.02890
3.8315,-0.06047,-0.02522,0.02362,0.02142,-0.05053,-0.03519,-0.01884,-0.05988,0.00028,0.00000,0.00000,-0.05988,0.00028,-0.30851,0.82716,0,0.03459,0.02890
3.8335,-0.06047,-0.02522,0.02352,0.02135,-0.05104,-0.03555,-0.01884,-0.05974,0.00028,0.00000,0.00000,-0.05974,0.00028,-0.30866,0.82715,0,0.03459,0.02890
3.8355,-0.06047,-0.02522,0.02342,0.02128,-0.05155,-0.03590,-0.01884,-0.05960,0.00028,0.00000,0.00000,-0.05960,0.00028,-0.30879,0.82715,0,0.03459,0.02890
3.8375,-0.06047,-0.02522,0.02331,0.02121,-0.05206,-0.03626,-0.01884,-0.05946,0.00028,0.00000,0.00000,-0.05946,0.00028,-0.30891,0.82713,0,0.03459,0.02890
3.8395,-0.06047,-0.02522,0.02321,0.02113,-0.05257,-0.03661,-0.01884,-0.05933,0.00028,0.00000,0.00000,-0.05933,0.00028,-0.30904,0.82710,0,0.03459,0.02890
3.8415,-0.06047,-0.02522,0.02310,0.02106,-0.05307,-0.03696,-0.01884,-0.05919,0.00028,0.00000,0.00000,-0.05919,0.00028,-0.30916,0.82707,0,0.03459,0.02890
3.8435,-0.06047,-0.02522,0.02300,0.02099,-0.05358,-0.03731,-0.01884,-0.05905,0.00028,0.00000,0.00000,-0.05905,0.00028,-0.30925,0.82711,0,0.03459,0.02890
3.8455,-0.06047,-0.02522,0.02289,0.02091,-0.05408,-0.03766,-0.01884,-0.05891,0.00028,0.00000,0.00000,-0.05891,0.00028,-0.30933,0.82713,0,0.03459,0.02890
3.8475,-0.06047,-0.02522,0.02278,0.02083,-0.05458,-0.03801,-0.01884,-0.05877,0.00028,0.00000,0.00000,-0.05877,0.00028,-0.30948,0.82713,0,0.03459,0.02890
3.8495,-0.06047,-0.02522,0.02267,0.02076,-0.05508,-0.03836,-0.01884,-0.05863,0.00028,0.00000,0.00000,-0.05863,0.00028,-0.30964,0.82712,0,0.03459,0.02890
3.8515,-0.06047,-0.02522,0.02256,0.02068,-0.05557,-0.03870,-0.01884,-0.05850,0.00028,0.00000,0.00000,-0.05850,0.00028,-0.30974,0.82712,0,0.03459,0.02890
3.8535,-0.06047,-0.02522,0.02245,0.02060,-0.05607,-0.03905,-0.01884,-0.05835,0.00028,0.00000,0.00000,-0.05835,0.00028,-0.30986,0.82710,0,0.03459,0.02890
3.8555,-0.06047,-0.02522,0.02234,0.02052,-0.05656,-0.03939,-0.01884,-0.05822,0.00028,0.00000,0.00000,-0.05822,0.00028,-0.30996,0.82711,0,0.03459,0.02890
3.8575,-0.06047,-0.02522,0.02222,0.02045,-0.05705,-0.03973,-0.01884,-0.05808,0.00028,0.00000,0.00000,-0.05808,0.00028,-0.31009,0.82711,0,0.03459,0.02890
3.8595,-0.06047,-0.02522,0.02211,0.02037,-0.05754,-0.04008,-0.01884,-0.05794,0.00027,0.00000,0.00000,-0.05794,0.00027,-0.31024,0.82708,0,0.03459,0.02890
3.8616,-0.06047,-0.02522,0.02199,0.02029,-0.05803,-0.04041,-0.01884,-0.05780,0.00027,0.00000,0.00000,-0.05780,0.00027,-0.31032,0.82715,0,0.03459,0.02890
3.8636,-0.06047,-0.02522,0.02187,0.02020,-0.05851,-0.04075,-0.01884,-0.05766,0.00027,0.00000,0.00000,-0.05766,0.00027,-0.31043,0.82715,0,0.03459,0.02890
3.8656,-0.06047,-0.02522,0.02176,0.02012,-0.05899,-0.04109,-0.01884,-0.05752,0.00027,0.00000,0.00000,-0.05752,0.00027,-0.31059,0.82715,0,0.03459,0.02890
3.8676,-0.06047,-0.02522,0.02164,0.02004,-0.05948,-0.04142,-0.01884,-0.05738,0.00027,0.00000,0.00000,-0.05738,0.00027,-0.31068,0.82718,0,0.03459,0.02890
3.8696,-0.06047,-0.02522,0.02152,0.01996,-0.05995,-0.04176,-0.01884,-0.05725,0.00027,0.00000,0.00000,-0.05725,0.00027,-0.31082,0.82716,0,0.03459,0.02890
3.8716,-0.06047,-0.02522,0.02140,0.01987,-0.06043,-0.04209,-0.01884,-0.05711,0.00027,0.00000,0.00000,-0.05711,0.00027,-0.31093,0.82717,0,0.03459,0.02890
3.8736,-0.06003,-0.02752,0.02921,0.02458,-0.03409,-0.02621,0.00896,-0.05697,0.00027,0.00000,0.00000,-0.05697,0.00027,-0.31117,0.82716,0,0.03862,0.03048
3.8756,-0.06003,-0.02752,0.02914,0.02453,-0.03470,-0.02662,0.00896,-0.05683,0.00027,0.00000,0.00000,-0.05683,0.00027,-0.31117,0.82716,0,0.03862,0.03048
3.8776,-0.06003,-0.02752,0.02907,0.02448,-0.03530,-0.02703,0.00896,-0.05669,0.00027,0.00000,0.00000,-0.05669,0.00027,-0.31121,0.82719,0,0.03862,0.03048
3.8796,-0.06003,-0.02752,0.02900,0.02442,-0.03591,-0.02744,0.00896,-0.05655,0.00027,0.00000,0.00000,-0.05655,0.00027,-0.31137,0.82718,0,0.03862,0.03048
3.8816,-0.06003,-0.02752,0.02893,0.02437,-0.03651,-0.02785,0.00896,-0.05641,0.00027,0.00000,0.00000,-0.05641,0.00027,-0.31149,0.82716,0,0.03862,0.03048
3.8836,-0.06003,-0.02752,0.02885,0.02431,-0.03711,-0.02826,0.00896,-0.05628,0.00027,0.00000,0.00000,-0.05628,0.00027,-0.31158,0.82718,0,0.03862,0.03048
3.8856,-0.06003,-0.02752,0.02878,0.02425,-0.03771,-0.02866,0.00896,-0.05614,0.00027,0.00000,0.00000,-0.05614,0.00027,-0.31173,0.82719,0,0.03862,0.03048
3.8876,-0.06003,-0.02752,0.02870,0.02420,-0.03831,-0.02907,0.00896,-0.05600,0.00027,0.00000,0.00000,-0.05600,0.00027,-0.31187,0.82717,0,0.03862,0.03048
3.8896,-0.06003,-0.02752,0.02863,0.02414,-0.03891,-0.02947,0.00896,-0.05586,0.00027,0.00000,0.00000,-0.05586,0.00027,-0.31198,0.82720,0,0.03862,0.03048
3.8916,-0.06003,-0.02752,0.02855,0.02408,-0.03951,-0.02987,0.00896,-0.05572,0.00026,0.00000,0.00000,-0.05572,0.00026,-0.31203,0.82719,0,0.03862,0.03048
3.8936,-0.06003,-0.02752,0.02847,0.02402,-0.04010,-0.03028,0.00896,-0.05558,0.00026,0.00000,0.00000,-0.05558,0.00026,-0.31221,0.82716,0,0.03862,0.03048
3.8956,-0.06003,-0.02752,0.02839,0.02396,-0.04069,-0.03068,0.00896,-0.05545,0.00026,0.00000,0.00000,-0.05545,0.00026,-0.31226,0.82720,0,0.03862,0.03048
3.8976,-0.06003,-0.02752,0.02831,0.02389,-0.04129,-0.03108,0.00896,-0.05531,0.00026,0.00000,0.00000,-0.05531,0.00026,-0.31238,0.82723,0,0.03862,0.03048
3.8996,-0.06003,-0.02752,0.02822,0.02383,-0.04188,-0.03148,0.00896,-0.05517,0.00026,0.00000,0.00000,-0.05517,0.00026,-0.31250,0.82721,0,0.03862,0.03048
3.9016,-0.06003,-0.02752,0.02814,0.02377,-0.04247,-0.03187,0.00896,-0.05503,0.00026,0.00000,0.00000,-0.05503,0.00026,-0.31264,0.82724,0,0.03862,0.03048
3.9036,-0.06003,-0.02752,0.02805,0.02370,-0.04306,-0.03227,0.00896,-0.05489,0.00026,0.00000,0.00000,-0.05489,0.00026,-0.31272,0.82722,0,0.03862,0.03048
3.9056,-0.06003,-0.02752,0.02797,0.02364,-0.04364,-0.03267,0.00896,-0.05475,0.00026,0.00000,0.00000,-0.05475,0.00026,-0.31281,0.82720,0,0.03862,0.03048
3.9076,-0.06003,-0.02752,0.02788,0.02357,-0.04423,-0.03306,0.00896,-0.05461,0.00026,0.00000,0.00000,-0.05461,0.00026,-0.31293,0.82720,0,0.03862,0.03048
3.9096,-0.06003,-0.02752,0.02779,0.02351,-0.04481,-0.03345,0.00896,-0.05448,0.00026,0.00000,0.00000,-0.05448,0.00026,-0.31311,0.82721,0,0.03862,0.03048
3.9116,-0.06003,-0.02752,0.02770,0.02344,-0.04539,-0.03385,0.00896,-0.05434,0.00026,0.00000,0.00000,-0.05434,0.00026,-0.31314,0.82723,0,0.03862,0.03048
3.9136,-0.06003,-0.02752,0.02761,0.02337,-0.04598,-0.03424,0.00896,-0.05420,0.00026,0.00000,0.00000,-0.05420,0.00026,-0.31327,0.82718,0,0.03862,0.03048
3.9157,-0.06003,-0.02752,0.02751,0.02330,-0.04655,-0.03463,0.00896,-0.05406,0.00026,0.00000,0.00000,-0.05406,0.00026,-0.31339,0.82722,0,0.03862,0.03048
3.9177,-0.06003,-0.02752,0.02742,0.02323,-0.04713,-0.03502,0.00896,-0.05392,0.00026,0.00000,0.00000,-0.05392,0.00026,-0.31347,0.82723,0,0.03862,0.03048
3.9197,-0.06003,-0.02752,0.02733,0.02316,-0.04771,-0.03540,0.00896,-0.05378,0.00026,0.00000,0.00000,-0.05378,0.00026,-0.31357,0.82722,0,0.03862,0.03048
3.9217,-0.06003,-0.02752,0.02723,0.02309,-0.04828,-0.03579,0.00896,-0.05365,0.00025,0.00000,0.00000,-0.05365,0.00025,-0.31369,0.82722,0,0.03862,0.03048
3.9237,-0.06003,-0.02752,0.02713,0.02302,-0.04886,-0.03617,0.00896,-0.05351,0.00025,0.00000,0.00000,-0.05351,0.00025,-0.31381,0.82720,0,0.03862,0.03048
3.9257,-0.06003,-0.02752,0.02703,0.02295,-0.04943,-0.03656,0.00896,-0.05337,0.00025,0.00000,0.00000,-0.05337,0.00025,-0.31397,0.82720,0,0.03862,0.03048
3.9277,-0.06003,-0.02752,0.02694,0.02287,-0.05000,-0.03694,0.00896,-0.05323,0.00025,0.00000,0.00000,-0.05323,0.00025,-0.31401,0.82722,0,0.03862,0.03048
3.9297,-0.06003,-0.02752,0.02683,0.02280,-0.05056,-0.03732,0.00896,-0.05309,0.00025,0.00000,0.00000,-0.05309,0.00025,-0.31412,0.82720,0,0.03862,0.03048
3.9317,-0.06003,-0.02752,0.02673,0.02272,-0.05113,-0.03770,0.00896,-0.05295,0.00025,0.00000,0.00000,-0.05295,0.00025,-0.31426,0.82721,0,0.03862,0.03048
3.9337,-0.06003,-0.02752,0.02663,0.02265,-0.05170,-0.03808,0.00896,-0.05281,0.00025,0.00000,0.00000,-0.05281,0.00025,-0.31433,0.82721,0,0.03862,0.03048
3.9357,-0.06003,-0.02752,0.02653,0.02257,-0.05226,-0.03846,0.00896,-0.05268,0.00025,0.00000,0.00000,-0.05268,0.00025,-0.31443,0.82721,0,0.03862,0.03048
3.9377,-0.06172,-0.03020,0.03254,0.02712,-0.03208,-0.02315,0.01223,-0.05254,0.00025,0.00000,0.00000,-0.05254,0.00025,-0.31463,0.82721,0,0.04014,0.03284
3.9397,-0.06172,-0.03020,0.03248,0.02708,-0.03274,-0.02360,0.01223,-0.05240,0.00025,0.00000,0.00000,-0.05240,0.00025,-0.31463,0.82721,0,0.04014,0.03284
3.9417,-0.06172,-0.03020,0.03241,0.02703,-0.03341,-0.02406,0.01223,-0.05226,0.00025,0.00000,0.00000,-0.05226,0.00025,-0.31477,0.82719,0,0.04014,0.03284
3.9437,-0.06172,-0.03020,0.03234,0.02698,-0.03407,-0.02451,0.01223,-0.05212,0.00025,0.00000,0.00000,-0.05212,0.00025,-0.31489,0.82720,0,0.04014,0.03284
3.9457,-0.06172,-0.03020,0.03227,0.02693,-0.03473,-0.02496,0.01223,-0.05198,0.00025,0.00000,0.00000,-0.05198,0.00025,-0.31500,0.82721,0,0.04014,0.03284
3.9477,-0.06172,-0.03020,0.03220,0.02688,-0.03538,-0.02541,0.01223,-0.05185,0.00025,0.00000,0.00000,-0.05185,0.00025,-0.31508,0.82717,0,0.04014,0.03284
3.9497,-0.06172,-0.03020,0.03213,0.02683,-0.03604,-0.02586,0.01223,-0.05171,0.00025,0.00000,0.00000,-0.05171,0.00025,-0.31516,0.82721,0,0.04014,0.03284
3.9517,-0.06172,-0.03020,0.03206,0.02678,-0.03670,-0.02631,0.01223,-0.05157,0.00024,0.00000,0.00000,-0.05157,0.00024,-0.31530,0.82722,0,0.04014,0.03284
3.9537,-0.06172,-0.03020,0.03199,0.02672,-0.03735,-0.02675,0.01223,-0.05143,0.00024,0.00000,0.00000,-0.05143,0.00024,-0.31541,0.82719,0,0.04014,0.03284
3.9557,-0.06172,-0.03020,0.03191,0.02667,-0.03800,-0.02720,0.01223,-0.05129,0.00024,0.00000,0.00000,-0.05129,0.00024,-0.31549,0.82720,0,0.04014,0.03284
3.9577,-0.06172,-0.03020,0.03183,0.02662,-0.03865,-0.02765,0.01223,-0.05115,0.00024,0.00000,0.00000,-0.05115,0.00024,-0.31559,0.82718,0,0.04014,0.03284
3.9597,-0.06172,-0.03020,0.03176,0.02656,-0.03930,-0.02809,0.01223,-0.05102,0.00024,0.00000,0.00000,-0.05102,0.00024,-0.31566,0.82722,0,0.04014,0.03284
3.9617,-0.06172,-0.03020,0.03168,0.02650,-0.03995,-0.02853,0.01223,-0.05087,0.00024,0.00000,0.00000,-0.05087,0.00024,-0.31576,0.82720,0,0.04014,0.03284
3.9637,-0.06172,-0.03020,0.03160,0.02645,-0.04060,-0.02898,0.01223,-0.05074,0.00024,0.00000,0.00000,-0.05074,0.00024,-0.31589,0.82723,0,0.04014,0.03284
3.9657,-0.06172,-0.03020,0.03151,0.02639,-0.04125,-0.02942,0.01223,-0.05060,0.00024,0.00000,0.00000,-0.05060,0.00024,-0.31597,0.82720,0,0.04014,0.03284
3.9678,-0.06172,-0.03020,0.03143,0.02633,-0.04189,-0.02986,0.01223,-0.05046,0.00024,0.00000,0.00000,-0.05046,0.00024,-0.31609,0.82719,0,0.04014,0.03284
3.9698,-0.06172,-0.03020,0.03135,0.02627,-0.04254,-0.03030,0.01223,-0.05032,0.00024,0.00000,0.00000,-0.05032,0.00024,-0.31616,0.82723,0,0.04014,0.03284
3.9718,-0.06172,-0.03020,0.03126,0.02621,-0.04318,-0.03074,0.01223,-0.05018,0.00024,0.00000,0.00000,-0.05018,0.00024,-0.31626,0.82720,0,0.04014,0.03284
3.9738,-0.06172,-0.03020,0.03117,0.02615,-0.04382,-0.03117,0.01223,-0.05004,0.00024,0.00000,0.00000,-0.05004,0.00024,-0.31638,0.82720,0,0.04014,0.03284
3.9758,-0.06172,-0.03020,0.03109,0.02608,-0.04446,-0.03161,0.01223,-0.04990,0.00024,0.00000,0.00000,-0.04990,0.00024,-0.31652,0.82721,0,0.04014,0.03284
3.9778,-0.06172,-0.03020,0.03100,0.02602,-0.04510,-0.03205,0.01223,-0.04976,0.00024,0.00000,0.00000,-0.04976,0.00024,-0.31660,0.82721,0,0.04014,0.03284
3.9798,-0.06172,-0.03020,0.03091,0.02595,-0.04574,-0.03248,0.01223,-0.04963,0.00024,0.00000,0.00000,-0.04963,0.00024,-0.31669,0.82720,0,0.04014,0.03284
3.9818,-0.06172,-0.03020,0.03081,0.02589,-0.04637,-0.03291,0.01223,-0.04949,0.00023,0.00000,0.00000,-0.04949,0.00023,-0.31680,0.82723,0,0.04014,0.03284
3.9838,-0.06172,-0.03020,0.03072,0.02582,-0.04701,-0.03335,0.01223,-0.04935,0.00023,0.00000,0.00000,-0.04935,0.00023,-0.31688,0.82720,0,0.04014,0.03284
3.9859,-0.06172,-0.03020,0.03063,0.02576,-0.04764,-0.03378,0.01223,-0.04921,0.00023,0.00000,0.00000,-0.04921,0.00023,-0.31700,0.82718,0,0.04014,0.03284
3.9879,-0.06172,-0.03020,0.03053,0.02569,-0.04827,-0.03421,0.01223,-0.04907,0.00023,0.00000,0.00000,-0.04907,0.00023,-0.31710,0.82720,0,0.04014,0.03284
3.9899,-0.06172,-0.03020,0.03043,0.02562,-0.04890,-0.03464,0.01223,-0.04893,0.00023,0.00000,0.00000,-0.04893,0.00023,-0.31719,0.82717,0,0.04014,0.03284
3.9919,-0.06172,-0.03020,0.03033,0.02555,-0.04952,-0.03506,0.01223,-0.04879,0.00023,0.00000,0.00000,-0.04879,0.00023,-0.31732,0.82721,0,0.04014,0.03284
3.9939,-0.06172,-0.03020,0.03023,0.02548,-0.05015,-0.03549,0.01223,-0.04865,0.00023,0.00000,0.00000,-0.04865,0.00023,-0.31739,0.82719,0,0.04014,0.03284
3.9959,-0.06172,-0.03020,0.03013,0.02541,-0.05077,-0.03592,0.01223,-0.04852,0.00023,0.00000,0.00000,-0.04852,0.00023,-0.31749,0.82718,0,0.04014,0.03284
3.9979,-0.06172,-0.03020,0.03003,0.02533,-0.05139,-0.03634,0.01223,-0.04838,0.00023,0.00000,0.00000,-0.04838,0.00023,-0.31763,0.82715,0,0.04014,0.03284
3.9999,-0.06172,-0.03020,0.02993,0.02526,-0.05201,-0.03676,0.01223,-0.04824,0.00023,0.00000,0.00000,-0.04824,0.00023,-0.31767,0.82714,0,0.04014,0.03284
4.0019,-0.06172,-0.03020,0.02982,0.02519,-0.05263,-0.03718,0.01223,-0.04810,0.00023,0.00000,0.00000,-0.04810,0.00023,-0.31780,0.82719,0,0.04014,0.03284
4.0039,-0.06172,-0.03020,0.02972,0.02511,-0.05325,-0.03760,0.01223,-0.04796,0.00023,0.00000,0.00000,-0.04796,0.00023,-0.31788,0.82722,0,0.04014,0.03284
4.0059,-0.05824,-0.03257,0.03555,0.02942,-0.03357,-0.02303,0.00153,-0.04782,0.00023,0.00000,0.00000,-0.04782,0.00023,-0.31807,0.82718,0,0.04275,0.03469
4.0079,-0.05824,-0.03257,0.03548,0.02938,-0.03428,-0.02353,0.00153,-0.04768,0.00023,0.00000,0.00000,-0.04768,0.00023,-0.31807,0.82718,0,0.04275,0.03469
4.0099,-0.05824,-0.03257,0.03541,0.02933,-0.03499,-0.02402,0.00153,-0.04755,0.00023,0.00000,0.00000,-0.04755,0.00023,-0.31820,0.82717,0,0.04275,0.03469
4.0119,-0.05824,-0.03257,0.03534,0.02928,-0.03570,-0.02451,0.00153,-0.04741,0.00022,0.00000,0.00000,-0.04741,0.00022,-0.31831,0.82717,0,0.04275,0.03469
4.0139,-0.05824,-0.03257,0.03527,0.02923,-0.03641,-0.02500,0.00153,-0.04727,0.00022,0.00000,0.00000,-0.04727,0.00022,-0.31843,0.82719,0,0.04275,0.03469
4.0159,-0.05824,-0.03257,0.03520,0.02918,-0.03712,-0.02549,0.00153,-0.04713,0.00022,0.00000,0.00000,-0.04713,0.00022,-0.31849,0.82718,0,0.04275,0.03469
4.0179,-0.05824,-0.03257,0.03512,0.02913,-0.03783,-0.02597,0.00153,-0.04699,0.00022,0.00000,0.00000,-0.04699,0.00022,-0.31855,0.82719,0,0.04275,0.03469
4.0199,-0.05824,-0.03257,0.03504,0.02908,-0.03853,-0.02646,0.00153,-0.04685,0.00022,0.00000,0.00000,-0.04685,0.00022,-0.31866,0.82718,0,0.04275,0.03469
4.0219,-0.05824,-0.03257,0.03497,0.02902,-0.03924,-0.02695,0.00153,-0.04672,0.00022,0.00000,0.00000,-0.04672,0.00022,-0.31873,0.82716,0,0.04275,0.03469
4.0239,-0.05824,-0.03257,0.03489,0.02897,-0.03994,-0.02743,0.00153,-0.04658,0.00022,0.00000,0.00000,-0.04658,0.00022,-0.31885,0.82719,0,0.04275,0.03469
4.0259,-0.05824,-0.03257,0.03481,0.02891,-0.04064,-0.02792,0.00153,-0.04644,0.00022,0.00000,0.00000,-0.04644,0.00022,-0.31893,0.82720,0,0.04275,0.03469
4.0279,-0.05824,-0.03257,0.03472,0.02886,-0.04134,-0.02840,0.00153,-0.04630,0.00022,0.00000,0.00000,-0.04630,0.00022,-0.31901,0.82717,0,0.04275,0.03469
4.0299,-0.05824,-0.03257,0.03464,0.02880,-0.04204,-0.02888,0.00153,-0.04616,0.00022,0.00000,0.00000,-0.04616,0.00022,-0.31911,0.82718,0,0.04275,0.03469
4.0319,-0.05824,-0.03257,0.03456,0.02874,-0.04274,-0.02936,0.00153,-0.04602,0.00022,0.00000,0.00000,-0.04602,0.00022,-0.31924,0.82717,0,0.04275,0.03469
4.0339,-0.05824,-0.03257,0.03447,0.02868,-0.04343,-0.02984,0.00153,-0.04589,0.00022,0.00000,0.00000,-0.04589,0.00022,-0.31933,0.82720,0,0.04275,0.03469
4.0359,-0.05824,-0.03257,0.03438,0.02862,-0.04413,-0.03032,0.00153,-0.04575,0.00022,0.00000,0.00000,-0.04575,0.00022,-0.31938,0.82719,0,0.04275,0.03469
4.0379,-0.05824,-0.03257,0.03429,0.02856,-0.04482,-0.03080,0.00153,-0.04561,0.00022,0.00000,0.00000,-0.04561,0.00022,-0.31945,0.82718,0,0.04275,0.03469
4.0399,-0.05824,-0.03257,0.03420,0.02850,-0.04551,-0.03128,0.00153,-0.04547,0.00022,0.00000,0.00000,-0.04547,0.00022,-0.31962,0.82718,0,0.04275,0.03469
4.0419,-0.05824,-0.03257,0.03411,0.02844,-0.04620,-0.03175,0.00153,-0.04533,0.00022,0.00000,0.00000,-0.04533,0.00022,-0.31967,0.82722,0,0.04275,0.03469
4.0439,-0.05824,-0.03257,0.03402,0.02837,-0.04689,-0.03223,0.00153,-0.04520,0.00021,0.00000,0.00000,-0.04520,0.00021,-0.31975,0.82722,0,0.04275,0.03469
4.0459,-0.05824,-0.03257,0.03392,0.02831,-0.04758,-0.03270,0.00153,-0.04506,0.00021,0.00000,0.00000,-0.04506,0.00021,-0.31984,0.82724,0,0.04275,0.03469
4.0479,-0.05824,-0.03257,0.03383,0.02824,-0.04826,-0.03317,0.00153,-0.04492,0.00021,0.00000,0.00000,-0.04492,0.00021,-0.31995,0.82725,0,0.04275,0.03469
4.0499,-0.05824,-0.03257,0.03373,0.02818,-0.04895,-0.03365,0.00153,-0.04478,0.00021,0.00000,0.00000,-0.04478,0.00021,-0.32000,0.82726,0,0.04275,0.03469
4.0519,-0.05824,-0.03257,0.03363,0.02811,-0.04963,-0.03412,0.00153,-0.04464,0.00021,0.00000,0.00000,-0.04464,0.00021,-0.32012,0.82718,0,0.04275,0.03469
4.0539,-0.05824,-0.03257,0.03353,0.02804,-0.05031,-0.03458,0.00153,-0.04450,0.00021,0.00000,0.00000,-0.04450,0.00021,-0.32025,0.82725,0,0.04275,0.03469
4.0559,-0.05824,-0.03257,0.03343,0.02797,-0.05099,-0.03505,0.00153,-0.04437,0.00021,0.00000,0.00000,-0.04437,0.00021,-0.32031,0.82724,0,0.04275,0.03469
4.0579,-0.05824,-0.03257,0.03333,0.02790,-0.05166,-0.03552,0.00153,-0.04423,0.00021,0.00000,0.00000,-0.04423,0.00021,-0.32040,0.82726,0,0.04275,0.03469
4.0599,-0.05824,-0.03257,0.03322,0.02783,-0.05234,-0.03599,0.00153,-0.04409,0.00021,0.00000,0.00000,-0.04409,0.00021,-0.32053,0.82725,0,0.04275,0.03469
4.0619,-0.05824,-0.03257,0.03312,0.02775,-0.05301,-0.03645,0.00153,-0.04395,0.00021,0.00000,0.00000,-0.04395,0.00021,-0.32055,0.82726,0,0.04275,0.03469
4.0639,-0.05824,-0.03257,0.03301,0.02768,-0.05368,-0.03691,0.00153,-0.04381,0.00021,0.00000,0.00000,-0.04381,0.00021,-0.32065,0.82727,0,0.04275,0.03469
4.0659,-0.05824,-0.03257,0.03290,0.02761,-0.05435,-0.03738,0.00153,-0.04367,0.00021,0.00000,0.00000,-0.04367,0.00021,-0.32074,0.82725,0,0.04275,0.03469
4.0679,-0.05824,-0.03257,0.03280,0.02753,-0.05502,-0.03784,0.00153,-0.04354,0.00021,0.00000,0.00000,-0.04354,0.00021,-0.32080,0.82727,0,0.04275,0.03469
4.0699,-0.05824,-0.03257,0.03268,0.02746,-0.05568,-0.03830,0.00153,-0.04340,0.00021,0.00000,0.00000,-0.04340,0.00021,-0.32092,0.82727,0,0.04275,0.03469
4.0719,-0.05824,-0.03257,0.03257,0.02738,-0.05635,-0.03875,0.00153,-0.04326,0.00021,0.00000,0.00000,-0.04326,0.00021,-0.32104,0.82726,0,0.04275,0.03469
4.0739,-0.05824,-0.03257,0.03246,0.02730,-0.05701,-0.03921,0.00153,-0.04312,0.00020,0.00000,0.00000,-0.04312,0.00020,-0.32110,0.82725,0,0.04275,0.03469
4.0759,-0.05632,-0.03295,0.03824,0.03047,-0.03769,-0.02865,-0.00400,-0.04298,0.00020,0.00000,0.00000,-0.04298,0.00020,-0.32127,0.82724,0,0.04544,0.03472
4.0779,-0.05632,-0.03295,0.03816,0.03041,-0.03845,-0.02916,-0.00400,-0.04284,0.00020,0.00000,0.00000,-0.04284,0.00020,-0.32127,0.82724,0,0.04544,0.03472
4.0799,-0.05632,-0.03295,0.03808,0.03035,-0.03921,-0.02967,-0.00400,-0.04271,0.00020,0.00000,0.00000,-0.04271,0.00020,-0.32139,0.82721,0,0.04544,0.03472
4.0819,-0.05632,-0.03295,0.03800,0.03029,-0.03996,-0.03018,-0.00400,-0.04257,0.00020,0.00000,0.00000,-0.04257,0.00020,-0.32150,0.82720,0,0.04544,0.03472
4.0839,-0.05632,-0.03295,0.03792,0.03023,-0.04071,-0.03068,-0.00400,-0.04243,0.00020,0.00000,0.00000,-0.04243,0.00020,-0.32150,0.82726,0,0.04544,0.03472
4.0859,-0.05632,-0.03295,0.03784,0.03017,-0.04147,-0.03119,-0.00400,-0.04229,0.00020,0.00000,0.00000,-0.04229,0.00020,-0.32160,0.82727,0,0.04544,0.03472
4.0879,-0.05632,-0.03295,0.03776,0.03011,-0.04222,-0.03169,-0.00400,-0.04215,0.00020,0.00000,0.00000,-0.04215,0.00020,-0.32168,0.82723,0,0.04544,0.03472
4.0899,-0.05632,-0.03295,0.03767,0.03004,-0.04297,-0.03220,-0.00400,-0.04201,0.00020,0.00000,0.00000,-0.04201,0.00020,-0.32181,0.82723,0,0.04544,0.03472
4.0919,-0.05632,-0.03295,0.03758,0.02998,-0.04372,-0.03270,-0.00400,-0.04188,0.00020,0.00000,0.00000,-0.04188,0.00020,-0.32187,0.82723,0,0.04544,0.03472
4.0939,-0.05632,-0.03295,0.03750,0.02991,-0.04446,-0.03320,-0.00400,-0.04174,0.00020,0.00000,0.00000,-0.04174,0.00020,-0.32195,0.82727,0,0.04544,0.03472
4.0959,-0.05632,-0.03295,0.03741,0.02985,-0.04521,-0.03370,-0.00400,-0.04160,0.00020,0.00000,0.00000,-0.04160,0.00020,-0.32202,0.82723,0,0.04544,0.03472
4.0979,-0.05632,-0.03295,0.03732,0.02978,-0.04595,-0.03420,-0.00400,-0.04146,0.00020,0.00000,0.00000,-0.04146,0.00020,-0.32211,0.82727,0,0.04544,0.03472
4.0999,-0.05632,-0.03295,0.03722,0.02971,-0.04669,-0.03469,-0.00400,-0.04132,0.00020,0.00000,0.00000,-0.04132,0.00020,-0.32223,0.82724,0,0.04544,0.03472
4.1019,-0.05632,-0.03295,0.03713,0.02964,-0.04743,-0.03519,-0.00400,-0.04118,0.00020,0.00000,0.00000,-0.04118,0.00020,-0.32228,0.82726,0,0.04544,0.03472
4.1039,-0.05632,-0.03295,0.03703,0.02957,-0.04817,-0.03569,-0.00400,-0.04105,0.00019,0.00000,0.00000,-0.04105,0.00019,-0.32239,0.82728,0,0.04544,0.03472
4.1059,-0.05632,-0.03295,0.03694,0.02950,-0.04891,-0.03618,-0.00400,-0.04091,0.00019,0.00000,0.00000,-0.04091,0.00019,-0.32245,0.82724,0,0.04544,0.03472
4.1079,-0.05632,-0.03295,0.03684,0.02942,-0.04964,-0.03667,-0.00400,-0.04077,0.00019,0.00000,0.00000,-0.04077,0.00019,-0.32254,0.82725,0,0.04544,0.03472
4.1099,-0.05632,-0.03295,0.03674,0.02935,-0.05038,-0.03716,-0.00400,-0.04063,0.00019,0.00000,0.00000,-0.04063,0.00019,-0.32263,0.82726,0,0.04544,0.03472
4.1119,-0.05632,-0.03295,0.03664,0.02927,-0.05111,-0.03765,-0.00400,-0.04049,0.00019,0.00000,0.00000,-0.04049,0.00019,-0.32272,0.82728,0,0.04544,0.03472
4.1139,-0.05632,-0.03295,0.03653,0.02920,-0.05184,-0.03814,-0.00400,-0.04036,0.00019,0.00000,0.00000,-0.04036,0.00019,-0.32282,0.82726,0,0.04544,0.03472
4.1159,-0.05632,-0.03295,0.03643,0.02912,-0.05257,-0.03863,-0.00400,-0.04022,0.00019,0.00000,0.00000,-0.04022,0.00019,-0.32285,0.82728,0,0.04544,0.03472
4.1179,-0.05632,-0.03295,0.03632,0.02904,-0.05330,-0.03912,-0.00400,-0.04008,0.00019,0.00000,0.00000,-0.04008,0.00019,-0.32297,0.82731,0,0.04544,0.03472
4.1199,-0.05632,-0.03295,0.03622,0.02897,-0.05402,-0.03960,-0.00400,-0.03994,0.00019,0.00000,0.00000,-0.03994,0.00019,-0.32305,0.82725,0,0.04544,0.03472
4.1219,-0.05632,-0.03295,0.03611,0.02889,-0.05474,-0.04008,-0.00400,-0.03980,0.00019,0.00000,0.00000,-0.03980,0.00019,-0.32313,0.82730,0,0.04544,0.03472
4.1239,-0.05632,-0.03295,0.03600,0.02880,-0.05546,-0.04057,-0.00400,-0.03966,0.00019,0.00000,0.00000,-0.03966,0.00019,-0.32321,0.82726,0,0.04544,0.03472
4.1259,-0.05632,-0.03295,0.03588,0.02872,-0.05618,-0.04105,-0.00400,-0.03953,0.00019,0.00000,0.00000,-0.03953,0.00019,-0.32330,0.82727,0,0.04544,0.03472
4.1279,-0.05632,-0.03295,0.03577,0.02864,-0.05690,-0.04153,-0.00400,-0.03939,0.00019,0.00000,0.00000,-0.03939,0.00019,-0.32335,0.82729,0,0.04544,0.03472
4.1299,-0.05632,-0.03295,0.03566,0.02856,-0.05762,-0.04200,-0.00400,-0.03925,0.00019,0.00000,0.00000,-0.03925,0.00019,-0.32344,0.82730,0,0.04544,0.03472
4.1319,-0.05632,-0.03295,0.03554,0.02847,-0.05833,-0.04248,-0.00400,-0.03911,0.00019,0.00000,0.00000,-0.03911,0.00019,-0.32352,0.82725,0,0.04544,0.03472
4.1339,-0.05632,-0.03295,0.03542,0.02839,-0.05904,-0.04296,-0.00400,-0.03897,0.00018,0.00000,0.00000,-0.03897,0.00018,-0.32355,0.82727,0,0.04544,0.03472
4.1359,-0.05632,-0.03295,0.03531,0.02830,-0.05975,-0.04343,-0.00400,-0.03883,0.00018,0.00000,0.00000,-0.03883,0.00018,-0.32365,0.82733,0,0.04544,0.03472
4.1379,-0.05632,-0.03295,0.03518,0.02821,-0.06046,-0.04390,-0.00400,-0.03870,0.00018,0.00000,0.00000,-0.03870,0.00018,-0.32379,0.82729,0,0.04544,0.03472
4.1399,-0.05415,-0.03009,0.04023,0.02942,-0.04375,-0.04001,-0.00832,-0.03856,0.00018,0.00000,0.00000,-0.03856,0.00018,-0.32393,0.82732,0,0.04728,0.03227
4.1419,-0.05415,-0.03009,0.04014,0.02934,-0.04454,-0.04050,-0.00832,-0.03842,0.00018,0.00000,0.00000,-0.03842,0.00018,-0.32393,0.82732,0,0.04728,0.03227
4.1439,-0.05415,-0.03009,0.04005,0.02926,-0.04533,-0.04099,-0.00832,-0.03828,0.00018,0.00000,0.00000,-0.03828,0.00018,-0.32398,0.82729,0,0.04728,0.03227
4.1459,-0.05415,-0.03009,0.03996,0.02917,-0.04612,-0.04148,-0.00832,-0.03814,0.00018,0.00000,0.00000,-0.03814,0.00018,-0.32406,0.82731,0,0.04728,0.03227
4.1479,-0.05415,-0.03009,0.03987,0.02909,-0.04690,-0.04197,-0.00832,-0.03800,0.00018,0.00000,0.00000,-0.03800,0.00018,-0.32414,0.82732,0,0.04728,0.03227
4.1499,-0.05415,-0.03009,0.03977,0.02901,-0.04769,-0.04245,-0.00832,-0.03787,0.00018,0.00000,0.00000,-0.03787,0.00018,-0.32424,0.82731,0,0.04728,0.03227
4.1519,-0.05415,-0.03009,0.03967,0.02892,-0.04847,-0.04294,-0.00832,-0.03773,0.00018,0.00000,0.00000,-0.03773,0.00018,-0.32428,0.82731,0,0.04728,0.03227
4.1539,-0.05415,-0.03009,0.03958,0.02883,-0.04925,-0.04342,-0.00832,-0.03759,0.00018,0.00000,0.00000,-0.03759,0.00018,-0.32439,0.82728,0,0.04728,0.03227
4.1560,-0.05415,-0.03009,0.03948,0.02875,-0.05003,-0.04390,-0.00832,-0.03745,0.00018,0.00000,0.00000,-0.03745,0.00018,-0.32444,0.82735,0,0.04728,0.03227
4.1579,-0.05415,-0.03009,0.03938,0.02866,-0.05081,-0.04438,-0.00832,-0.03731,0.00018,0.00000,0.00000,-0.03731,0.00018,-0.32452,0.82734,0,0.04728,0.03227
4.1599,-0.05415,-0.03009,0.03927,0.02857,-0.05159,-0.04486,-0.00832,-0.03717,0.00018,0.00000,0.00000,-0.03717,0.00018,-0.32458,0.82732,0,0.04728,0.03227
4.1620,-0.05415,-0.03009,0.03917,0.02848,-0.05236,-0.04533,-0.00832,-0.03704,0.00018,0.00000,0.00000,-0.03704,0.00018,-0.32465,0.82732,0,0.04728,0.03227
4.1640,-0.05415,-0.03009,0.03906,0.02839,-0.05313,-0.04581,-0.00832,-0.03690,0.00018,0.00000,0.00000,-0.03690,0.00018,-0.32474,0.82731,0,0.04728,0.03227
4.1660,-0.05415,-0.03009,0.03896,0.02830,-0.05391,-0.04628,-0.00832,-0.03676,0.00017,0.00000,0.00000,-0.03676,0.00017,-0.32480,0.82732,0,0.04728,0.03227
4.1680,-0.05415,-0.03009,0.03885,0.02820,-0.05467,-0.04676,-0.00832,-0.03662,0.00017,0.00000,0.00000,-0.03662,0.00017,-0.32488,0.82733,0,0.04728,0.03227
4.1700,-0.05415,-0.03009,0.03874,0.02811,-0.05544,-0.04723,-0.00832,-0.03648,0.00017,0.00000,0.00000,-0.03648,0.00017,-0.32497,0.82732,0,0.04728,0.03227
4.1720,-0.05415,-0.03009,0.03863,0.02801,-0.05621,-0.04769,-0.00832,-0.03634,0.00017,0.00000,0.00000,-0.03634,0.00017,-0.32505,0.82733,0,0.04728,0.03227
4.1740,-0.05415,-0.03009,0.03851,0.02792,-0.05697,-0.04816,-0.00832,-0.03621,0.00017,0.00000,0.00000,-0.03621,0.00017,-0.32513,0.82731,0,0.04728,0.03227
4.1760,-0.05415,-0.03009,0.03840,0.02782,-0.05773,-0.04863,-0.00832,-0.03607,0.00017,0.00000,0.00000,-0.03607,0.00017,-0.32516,0.82729,0,0.04728,0.03227
4.1780,-0.05415,-0.03009,0.03828,0.02772,-0.05849,-0.04909,-0.00832,-0.03593,0.00017,0.00000,0.00000,-0.03593,0.00017,-0.32523,0.82728,0,0.04728,0.03227
4.1800,-0.05415,-0.03009,0.03817,0.02762,-0.05925,-0.04955,-0.00832,-0.03579,0.00017,0.00000,0.00000,-0.03579,0.00017,-0.32534,0.82730,0,0.04728,0.03227
4.1820,-0.05415,-0.03009,0.03805,0.02753,-0.06001,-0.05001,-0.00832,-0.03565,0.00017,0.00000,0.00000,-0.03565,0.00017,-0.32540,0.82733,0,0.04728,0.03227
4.1840,-0.05415,-0.03009,0.03793,0.02742,-0.06076,-0.05047,-0.00832,-0.03551,0.00017,0.00000,0.00000,-0.03551,0.00017,-0.32550,0.82730,0,0.04728,0.03227
4.1860,-0.05415,-0.03009,0.03780,0.02732,-0.06151,-0.05093,-0.00832,-0.03538,0.00017,0.00000,0.00000,-0.03538,0.00017,-0.32554,0.82730,0,0.04728,0.03227
4.1880,-0.05415,-0.03009,0.03768,0.02722,-0.06226,-0.05138,-0.00832,-0.03524,0.00017,0.00000,0.00000,-0.03524,0.00017,-0.32560,0.82733,0,0.04728,0.03227
4.1900,-0.05415,-0.03009,0.03755,0.02712,-0.06301,-0.05184,-0.00832,-0.03510,0.00017,0.00000,0.00000,-0.03510,0.00017,-0.32567,0.82730,0,0.04728,0.03227
4.1920,-0.05415,-0.03009,0.03743,0.02701,-0.06375,-0.05229,-0.00832,-0.03496,0.00017,0.00000,0.00000,-0.03496,0.00017,-0.32580,0.82729,0,0.04728,0.03227
4.1940,-0.05415,-0.03009,0.03730,0.02691,-0.06450,-0.05274,-0.00832,-0.03482,0.00017,0.00000,0.00000,-0.03482,0.00017,-0.32582,0.82730,0,0.04728,0.03227
4.1960,-0.05415,-0.03009,0.03717,0.02680,-0.06524,-0.05319,-0.00832,-0.03468,0.00016,0.00000,0.00000,-0.03468,0.00016,-0.32591,0.82731,0,0.04728,0.03227
4.1980,-0.05415,-0.03009,0.03704,0.02670,-0.06598,-0.05364,-0.00832,-0.03455,0.00016,0.00000,0.00000,-0.03455,0.00016,-0.32596,0.82730,0,0.04728,0.03227
4.2000,-0.05415,-0.03009,0.03691,0.02659,-0.06671,-0.05408,-0.00832,-0.03441,0.00016,0.00000,0.00000,-0.03441,0.00016,-0.32601,0.82727,0,0.04728,0.03227
4.2020,-0.05415,-0.03009,0.03677,0.02648,-0.06745,-0.05452,-0.00832,-0.03427,0.00016,0.00000,0.00000,-0.03427,0.00016,-0.32614,0.82730,0,0.04728,0.03227
4.2040,-0.05415,-0.03009,0.03664,0.02637,-0.06818,-0.05496,-0.00832,-0.03413,0.00016,0.00000,0.00000,-0.03413,0.00016,-0.32615,0.82728,0,0.04728,0.03227
4.2060,-0.05415,-0.03009,0.03650,0.02626,-0.06891,-0.05540,-0.00832,-0.03399,0.00016,0.00000,0.00000,-0.03399,0.00016,-0.32620,0.82729,0,0.04728,0.03227
4.2080,-0.05357,-0.02679,0.04183,0.02649,-0.05112,-0.05470,-0.00363,-0.03385,0.00016,0.00000,0.00000,-0.03385,0.00016,-0.32631,0.82727,0,0.04936,0.02894
4.2100,-0.05357,-0.02679,0.04172,0.02638,-0.05193,-0.05514,-0.00363,-0.03371,0.00016,0.00000,0.00000,-0.03371,0.00016,-0.32631,0.82727,0,0.04936,0.02894
4.2120,-0.05357,-0.02679,0.04162,0.02626,-0.05275,-0.05558,-0.00363,-0.03358,0.00016,0.00000,0.00000,-0.03358,0.00016,-0.32644,0.82726,0,0.04936,0.02894
4.2140,-0.05357,-0.02679,0.04151,0.02615,-0.05356,-0.05602,-0.00363,-0.03344,0.00016,0.00000,0.00000,-0.03344,0.00016,-0.32649,0.82728,0,0.04936,0.02894
4.2160,-0.05357,-0.02679,0.04141,0.02604,-0.05438,-0.05645,-0.00363,-0.03330,0.00016,0.00000,0.00000,-0.03330,0.00016,-0.32657,0.82729,0,0.04936,0.02894
4.2180,-0.05357,-0.02679,0.04130,0.02593,-0.05519,-0.05689,-0.00363,-0.03316,0.00016,0.00000,0.00000,-0.03316,0.00016,-0.32667,0.82727,0,0.04936,0.02894
4.2200,-0.05357,-0.02679,0.04118,0.02581,-0.05599,-0.05732,-0.00363,-0.03302,0.00016,0.00000,0.00000,-0.03302,0.00016,-0.32671,0.82727,0,0.04936,0.02894
4.2220,-0.05357,-0.02679,0.04107,0.02570,-0.05680,-0.05775,-0.00363,-0.03288,0.00016,0.00000,0.00000,-0.03288,0.00016,-0.32679,0.82726,0,0.04936,0.02894
4.2240,-0.05357,-0.02679,0.04096,0.02558,-0.05761,-0.05818,-0.00363,-0.03275,0.00016,0.00000,0.00000,-0.03275,0.00016,-0.32685,0.82727,0,0.04936,0.02894
4.2260,-0.05357,-0.02679,0.04084,0.02547,-0.05841,-0.05860,-0.00363,-0.03261,0.00015,0.00000,0.00000,-0.03261,0.00015,-0.32689,0.82723,0,0.04936,0.02894
4.2280,-0.05357,-0.02679,0.04072,0.02535,-0.05921,-0.05903,-0.00363,-0.03247,0.00015,0.00000,0.00000,-0.03247,0.00015,-0.32701,0.82727,0,0.04936,0.02894
4.2300,-0.05357,-0.02679,0.04060,0.02523,-0.06001,-0.05945,-0.00363,-0.03233,0.00015,0.00000,0.00000,-0.03233,0.00015,-0.32704,0.82728,0,0.04936,0.02894
4.2320,-0.05357,-0.02679,0.04048,0.02511,-0.06080,-0.05987,-0.00363,-0.03219,0.00015,0.00000,0.00000,-0.03219,0.00015,-0.32715,0.82726,0,0.04936,0.02894
4.2340,-0.05357,-0.02679,0.04036,0.02499,-0.06160,-0.06029,-0.00363,-0.03205,0.00015,0.00000,0.00000,-0.03205,0.00015,-0.32715,0.82726,0,0.04936,0.02894
4.2360,-0.05357,-0.02679,0.04024,0.02487,-0.06239,-0.06070,-0.00363,-0.03192,0.00015,0.00000,0.00000,-0.03192,0.00015,-0.32722,0.82727,0,0.04936,0.02894
4.2380,-0.05357,-0.02679,0.04011,0.02475,-0.06318,-0.06112,-0.00363,-0.03178,0.00015,0.00000,0.00000,-0.03178,0.00015,-0.32733,0.82727,0,0.04936,0.02894
4.2400,-0.05357,-0.02679,0.03998,0.02462,-0.06397,-0.06153,-0.00363,-0.03164,0.00015,0.00000,0.00000,-0.03164,0.00015,-0.32737,0.82724,0,0.04936,0.02894
4.2420,-0.05357,-0.02679,0.03986,0.02450,-0.06475,-0.06194,-0.00363,-0.03150,0.00015,0.00000,0.00000,-0.03150,0.00015,-0.32746,0.82726,0,0.04936,0.02894
4.2440,-0.05357,-0.02679,0.03973,0.02438,-0.06554,-0.06234,-0.00363,-0.03136,0.00015,0.00000,0.00000,-0.03136,0.00015,-0.32752,0.82727,0,0.04936,0.02894
4.2460,-0.05357,-0.02679,0.03959,0.02425,-0.06632,-0.06275,-0.00363,-0.03122,0.00015,0.00000,0.00000,-0.03122,0.00015,-0.32758,0.82723,0,0.04936,0.02894
4.2480,-0.05357,-0.02679,0.03946,0.02413,-0.06710,-0.06315,-0.00363,-0.03109,0.00015,0.00000,0.00000,-0.03109,0.00015,-0.32765,0.82729,0,0.04936,0.02894
4.2500,-0.05357,-0.02679,0.03933,0.02400,-0.06788,-0.06355,-0.00363,-0.03095,0.00015,0.00000,0.00000,-0.03095,0.00015,-0.32775,0.82725,0,0.04936,0.02894
4.2520,-0.05357,-0.02679,0.03919,0.02387,-0.06865,-0.06395,-0.00363,-0.03081,0.00015,0.00000,0.00000,-0.03081,0.00015,-0.32775,0.82724,0,0.04936,0.02894
4.2540,-0.05357,-0.02679,0.03905,0.02374,-0.06942,-0.06435,-0.00363,-0.03067,0.00015,0.00000,0.00000,-0.03067,0.00015,-0.32782,0.82726,0,0.04936,0.02894
4.2560,-0.05357,-0.02679,0.03891,0.02361,-0.07019,-0.06475,-0.00363,-0.03053,0.00014,0.00000,0.00000,-0.03053,0.00014,-0.32790,0.82727,0,0.04936,0.02894
4.2580,-0.05357,-0.02679,0.03877,0.02348,-0.07096,-0.06514,-0.00363,-0.03039,0.00014,0.00000,0.00000,-0.03039,0.00014,-0.32793,0.82723,0,0.04936,0.02894
4.2600,-0.05357,-0.02679,0.03863,0.02335,-0.07173,-0.06553,-0.00363,-0.03026,0.00014,0.00000,0.00000,-0.03026,0.00014,-0.32799,0.82727,0,0.04936,0.02894
4.2620,-0.05357,-0.02679,0.03848,0.02322,-0.07249,-0.06592,-0.00363,-0.03012,0.00014,0.00000,0.00000,-0.03012,0.00014,-0.32806,0.82724,0,0.04936,0.02894
4.2640,-0.05357,-0.02679,0.03834,0.02309,-0.07325,-0.06630,-0.00363,-0.02998,0.00014,0.00000,0.00000,-0.02998,0.00014,-0.32814,0.82725,0,0.04936,0.02894
4.2660,-0.05357,-0.02679,0.03819,0.02296,-0.07401,-0.06669,-0.00363,-0.02984,0.00014,0.00000,0.00000,-0.02984,0.00014,-0.32819,0.82725,0,0.04936,0.02894
4.2680,-0.05357,-0.02679,0.03804,0.02282,-0.07476,-0.06707,-0.00363,-0.02970,0.00014,0.00000,0.00000,-0.02970,0.00014,-0.32828,0.82727,0,0.04936,0.02894
4.2701,-0.05357,-0.02679,0.03789,0.02269,-0.07552,-0.06745,-0.00363,-0.02956,0.00014,0.00000,0.00000,-0.02956,0.00014,-0.32832,0.82726,0,0.04936,0.02894
4.2720,-0.05359,-0.02406,0.04348,0.02332,-0.05656,-0.06520,-0.00502,-0.02942,0.00014,0.00000,0.00000,-0.02942,0.00014,-0.32843,0.82723,0,0.05151,0.02658
4.2741,-0.05359,-0.02406,0.04337,0.02319,-0.05741,-0.06559,-0.00502,-0.02928,0.00014,0.00000,0.00000,-0.02928,0.00014,-0.32843,0.82723,0,0.05151,0.02658
4.2761,-0.05359,-0.02406,0.04325,0.02306,-0.05825,-0.06597,-0.00502,-0.02915,0.00014,0.00000,0.00000,-0.02915,0.00014,-0.32846,0.82727,0,0.05151,0.02658
4.2781,-0.05359,-0.02406,0.04314,0.02292,-0.05909,-0.06636,-0.00502,-0.02901,0.00014,0.00000,0.00000,-0.02901,0.00014,-0.32854,0.82726,0,0.05151,0.02658
4.2801,-0.05359,-0.02406,0.04302,0.02279,-0.05993,-0.06674,-0.00502,-0.02887,0.00014,0.00000,0.00000,-0.02887,0.00014,-0.32859,0.82726,0,0.05151,0.02658
4.2821,-0.05359,-0.02406,0.04290,0.02266,-0.06077,-0.06712,-0.00502,-0.02873,0.00014,0.00000,0.00000,-0.02873,0.00014,-0.32870,0.82723,0,0.05151,0.02658
4.2841,-0.05359,-0.02406,0.04278,0.02252,-0.06160,-0.06749,-0.00502,-0.02859,0.00014,0.00000,0.00000,-0.02859,0.00014,-0.32877,0.82723,0,0.05151,0.02658
4.2861,-0.05359,-0.02406,0.04265,0.02239,-0.06244,-0.06787,-0.00502,-0.02845,0.00014,0.00000,0.00000,-0.02845,0.00014,-0.32878,0.82726,0,0.05151,0.02658
4.2881,-0.05359,-0.02406,0.04253,0.02225,-0.06327,-0.06824,-0.00502,-0.02831,0.00013,0.00000,0.00000,-0.02831,0.00013,-0.32886,0.82723,0,0.05151,0.02658
4.2901,-0.05359,-0.02406,0.04240,0.02211,-0.06410,-0.06861,-0.00502,-0.02817,0.00013,0.00000,0.00000,-0.02817,0.00013,-0.32890,0.82726,0,0.05151,0.02658
4.2921,-0.05359,-0.02406,0.04227,0.02198,-0.06493,-0.06898,-0.00502,-0.02804,0.00013,0.00000,0.00000,-0.02804,0.00013,-0.32890,0.82726,0,0.05151,0.02658
4.2942,-0.05359,-0.02406,0.04214,0.02184,-0.06575,-0.06934,-0.00502,-0.02790,0.00013,0.00000,0.00000,-0.02790,0.00013,-0.32901,0.82726,0,0.05151,0.02658
4.2961,-0.05359,-0.02406,0.04201,0.02170,-0.06657,-0.06970,-0.00502,-0.02776,0.00013,0.00000,0.00000,-0.02776,0.00013,-0.32904,0.82728,0,0.05151,0.02658
4.2982,-0.05359,-0.02406,0.04187,0.02156,-0.06739,-0.07006,-0.00502,-0.02762,0.00013,0.00000,0.00000,-0.02762,0.00013,-0.32913,0.82725,0,0.05151,0.02658
4.3002,-0.05359,-0.02406,0.04174,0.02142,-0.06821,-0.07042,-0.00502,-0.02748,0.00013,0.00000,0.00000,-0.02748,0.00013,-0.32913,0.82725,0,0.05151,0.02658
4.3022,-0.05359,-0.02406,0.04160,0.02128,-0.06903,-0.07078,-0.00502,-0.02734,0.00013,0.00000,0.00000,-0.02734,0.00013,-0.32921,0.82723,0,0.05151,0.02658
4.3042,-0.05359,-0.02406,0.04146,0.02114,-0.06984,-0.07113,-0.00502,-0.02720,0.00013,0.00000,0.00000,-0.02720,0.00013,-0.32926,0.82725,0,0.05151,0.02658
4.3062,-0.05359,-0.02406,0.04132,0.02099,-0.07065,-0.07148,-0.00502,-0.02706,0.00013,0.00000,0.00000,-0.02706,0.00013,-0.32940,0.82723,0,0.05151,0.02658
4.3082,-0.05359,-0.02406,0.04118,0.02085,-0.07146,-0.07183,-0.00502,-0.02693,0.00013,0.00000,0.00000,-0.02693,0.00013,-0.32941,0.82727,0,0.05151,0.02658
4.3102,-0.05359,-0.02406,0.04103,0.02071,-0.07226,-0.07218,-0.00502,-0.02679,0.00013,0.00000,0.00000,-0.02679,0.00013,-0.32948,0.82728,0,0.05151,0.02658
4.3122,-0.05359,-0.02406,0.04089,0.02056,-0.07307,-0.07252,-0.00502,-0.02665,0.00013,0.00000,0.00000,-0.02665,0.00013,-0.32957,0.82726,0,0.05151,0.02658
4.3142,-0.05359,-0.02406,0.04074,0.02042,-0.07387,-0.07286,-0.00502,-0.02651,0.00013,0.00000,0.00000,-0.02651,0.00013,-0.32958,0.82727,0,0.05151,0.02658
4.3162,-0.05359,-0.02406,0.04059,0.02027,-0.07467,-0.07320,-0.00502,-0.02637,0.00013,0.00000,0.00000,-0.02637,0.00013,-0.32967,0.82728,0,0.05151,0.02658
4.3183,-0.05359,-0.02406,0.04044,0.02012,-0.07546,-0.07353,-0.00502,-0.02623,0.00012,0.00000,0.00000,-0.02623,0.00012,-0.32974,0.82728,0,0.05151,0.02658
4.3202,-0.05359,-0.02406,0.04029,0.01998,-0.07626,-0.07387,-0.00502,-0.02609,0.00012,0.00000,0.00000,-0.02609,0.00012,-0.32974,0.82728,0,0.05151,0.02658
4.3223,-0.05359,-0.02406,0.04014,0.01983,-0.07705,-0.07420,-0.00502,-0.02595,0.00012,0.00000,0.00000,-0.02595,0.00012,-0.32979,0.82728,0,0.05151,0.02658
4.3243,-0.05359,-0.02406,0.03998,0.01968,-0.07784,-0.07453,-0.00502,-0.02581,0.00012,0.00000,0.00000,-0.02581,0.00012,-0.32979,0.82728,0,0.05151,0.02658
4.3263,-0.05359,-0.02406,0.03983,0.01953,-0.07862,-0.07485,-0.00502,-0.02568,0.00012,0.00000,0.00000,-0.02568,0.00012,-0.32991,0.82730,0,0.05151,0.02658
4.3283,-0.05359,-0.02406,0.03967,0.01938,-0.07941,-0.07518,-0.00502,-0.02553,0.00012,0.00000,0.00000,-0.02553,0.00012,-0.33000,0.82728,0,0.05151,0.02658
4.3303,-0.05359,-0.02406,0.03951,0.01923,-0.08019,-0.07550,-0.00502,-0.02540,0.00012,0.00000,0.00000,-0.02540,0.00012,-0.33006,0.82728,0,0.05151,0.02658
4.3323,-0.05359,-0.02406,0.03935,0.01908,-0.08096,-0.07582,-0.00502,-0.02526,0.00012,0.00000,0.00000,-0.02526,0.00012,-0.33010,0.82729,0,0.05151,0.02658
4.3343,-0.05359,-0.02406,0.03919,0.01893,-0.08174,-0.07613,-0.00502,-0.02512,0.00012,0.00000,0.00000,-0.02512,0.00012,-0.33014,0.82728,0,0.05151,0.02658
4.3363,-0.05359,-0.02406,0.03902,0.01877,-0.08251,-0.07645,-0.00502,-0.02498,0.00012,0.00000,0.00000,-0.02498,0.00012,-0.33018,0.82728,0,0.05151,0.02658
4.3383,-0.05359,-0.02406,0.03886,0.01862,-0.08328,-0.07676,-0.00502,-0.02484,0.00012,0.00000,0.00000,-0.02484,0.00012,-0.33018,0.82728,0,0.05151,0.02658
4.3404,-0.05359,-0.02406,0.03869,0.01847,-0.08405,-0.07707,-0.00502,-0.02470,0.00012,0.00000,0.00000,-0.02470,0.00012,-0.33028,0.82730,0,0.05151,0.02658
4.3424,-0.05335,-0.02288,0.04480,0.02063,-0.06357,-0.06953,-0.00899,-0.02456,0.00012,0.00000,0.00000,-0.02456,0.00012,-0.33033,0.82730,0,0.05361,0.02580
4.3444,-0.05335,-0.02288,0.04467,0.02049,-0.06444,-0.06987,-0.00899,-0.02443,0.00012,0.00000,0.00000,-0.02443,0.00012,-0.33033,0.82730,0,0.05361,0.02580
4.3464,-0.05335,-0.02288,0.04454,0.02035,-0.06530,-0.07021,-0.00899,-0.02428,0.00012,0.00000,0.00000,-0.02428,0.00012,-0.33042,0.82729,0,0.05361,0.02580
4.3484,-0.05335,-0.02288,0.04441,0.02021,-0.06617,-0.07055,-0.00899,-0.02414,0.00011,0.00000,0.00000,-0.02414,0.00011,-0.33053,0.82730,0,0.05361,0.02580
4.3504,-0.05335,-0.02288,0.04428,0.02007,-0.06703,-0.07088,-0.00899,-0.02401,0.00011,0.00000,0.00000,-0.02401,0.00011,-0.33056,0.82727,0,0.05361,0.02580
4.3524,-0.05335,-0.02288,0.04414,0.01993,-0.06788,-0.07122,-0.00899,-0.02387,0.00011,0.00000,0.00000,-0.02387,0.00011,-0.33061,0.82730,0,0.05361,0.02580
4.3544,-0.05335,-0.02288,0.04401,0.01978,-0.06874,-0.07155,-0.00899,-0.02373,0.00011,0.00000,0.00000,-0.02373,0.00011,-0.33069,0.82731,0,0.05361,0.02580
4.3564,-0.05335,-0.02288,0.04387,0.01964,-0.06959,-0.07188,-0.00899,-0.02359,0.00011,0.00000,0.00000,-0.02359,0.00011,-0.33066,0.82731,0,0.05361,0.02580
4.3585,-0.05335,-0.02288,0.04373,0.01950,-0.07044,-0.07220,-0.00899,-0.02345,0.00011,0.00000,0.00000,-0.02345,0.00011,-0.33076,0.82730,0,0.05361,0.02580
4.3605,-0.05335,-0.02288,0.04359,0.01935,-0.07129,-0.07253,-0.00899,-0.02331,0.00011,0.00000,0.00000,-0.02331,0.00011,-0.33082,0.82731,0,0.05361,0.02580
4.3625,-0.05335,-0.02288,0.04344,0.01921,-0.07214,-0.07285,-0.00899,-0.02317,0.00011,0.00000,0.00000,-0.02317,0.00011,-0.33085,0.82732,0,0.05361,0.02580
4.3645,-0.05335,-0.02288,0.04330,0.01906,-0.07298,-0.07316,-0.00899,-0.02303,0.00011,0.00000,0.00000,-0.02303,0.00011,-0.33087,0.82731,0,0.05361,0.02580
4.3665,-0.05335,-0.02288,0.04315,0.01891,-0.07383,-0.07348,-0.00899,-0.02290,0.00011,0.00000,0.00000,-0.02290,0.00011,-0.33093,0.82728,0,0.05361,0.02580
4.3685,-0.05335,-0.02288,0.04300,0.01877,-0.07466,-0.07379,-0.00899,-0.02276,0.00011,0.00000,0.00000,-0.02276,0.00011,-0.33099,0.82729,0,0.05361,0.02580
4.3705,-0.05335,-0.02288,0.04285,0.01862,-0.07550,-0.07410,-0.00899,-0.02262,0.00011,0.00000,0.00000,-0.02262,0.00011,-0.33104,0.82731,0,0.05361,0.02580
4.3725,-0.05335,-0.02288,0.04270,0.01847,-0.07633,-0.07441,-0.00899,-0.02248,0.00011,0.00000,0.00000,-0.02248,0.00011,-0.33108,0.82730,0,0.05361,0.02580
4.3745,-0.05335,-0.02288,0.04255,0.01832,-0.07717,-0.07472,-0.00899,-0.02234,0.00011,0.00000,0.00000,-0.02234,0.00011,-0.33107,0.82731,0,0.05361,0.02580
4.3765,-0.05335,-0.02288,0.04239,0.01817,-0.07799,-0.07502,-0.00899,-0.02220,0.00011,0.00000,0.00000,-0.02220,0.00011,-0.33118,0.82731,0,0.05361,0.02580
4.3785,-0.05335,-0.02288,0.04224,0.01802,-0.07882,-0.07532,-0.00899,-0.02206,0.00010,0.00000,0.00000,-0.02206,0.00010,-0.33122,0.82734,0,0.05361,0.02580
4.3805,-0.05335,-0.02288,0.04208,0.01787,-0.07965,-0.07562,-0.00899,-0.02192,0.00010,0.00000,0.00000,-0.02192,0.00010,-0.33128,0.82736,0,0.05361,0.02580
4.3825,-0.05335,-0.02288,0.04192,0.01772,-0.08047,-0.07592,-0.00899,-0.02179,0.00010,0.00000,0.00000,-0.02179,0.00010,-0.33128,0.82731,0,0.05361,0.02580
4.3845,-0.05335,-0.02288,0.04176,0.01757,-0.08128,-0.07621,-0.00899,-0.02165,0.00010,0.00000,0.00000,-0.02165,0.00010,-0.33131,0.82730,0,0.05361,0.02580
4.3865,-0.05335,-0.02288,0.04159,0.01741,-0.08210,-0.07650,-0.00899,-0.02151,0.00010,0.00000,0.00000,-0.02151,0.00010,-0.33137,0.82735,0,0.05361,0.02580
4.3886,-0.05335,-0.02288,0.04143,0.01726,-0.08291,-0.07679,-0.00899,-0.02137,0.00010,0.00000,0.00000,-0.02137,0.00010,-0.33140,0.82733,0,0.05361,0.02580
4.3906,-0.05335,-0.02288,0.04126,0.01711,-0.08372,-0.07708,-0.00899,-0.02123,0.00010,0.00000,0.00000,-0.02123,0.00010,-0.33147,0.82732,0,0.05361,0.02580
4.3926,-0.05335,-0.02288,0.04109,0.01695,-0.08453,-0.07736,-0.00899,-0.02109,0.00010,0.00000,0.00000,-0.02109,0.00010,-0.33150,0.82736,0,0.05361,0.02580
4.3946,-0.05335,-0.02288,0.04092,0.01680,-0.08533,-0.07764,-0.00899,-0.02095,0.00010,0.00000,0.00000,-0.02095,0.00010,-0.33159,0.82735,0,0.05361,0.02580
4.3966,-0.05335,-0.02288,0.04075,0.01664,-0.08613,-0.07792,-0.00899,-0.02082,0.00010,0.00000,0.00000,-0.02082,0.00010,-0.33160,0.82736,0,0.05361,0.02580
4.3986,-0.05335,-0.02288,0.04058,0.01649,-0.08693,-0.07819,-0.00899,-0.02068,0.00010,0.00000,0.00000,-0.02068,0.00010,-0.33169,0.82736,0,0.05361,0.02580
4.4006,-0.05335,-0.02288,0.04040,0.01633,-0.08773,-0.07846,-0.00899,-0.02054,0.00010,0.00000,0.00000,-0.02054,0.00010,-0.33167,0.82738,0,0.05361,0.02580
4.4026,-0.05305,-0.02359,0.04643,0.01985,-0.06699,-0.06597,-0.00307,-0.02040,0.00010,0.00000,0.00000,-0.02040,0.00010,-0.33174,0.82734,0,0.05537,0.02622
4.4046,-0.05305,-0.02359,0.04630,0.01972,-0.06789,-0.06630,-0.00307,-0.02026,0.00010,0.00000,0.00000,-0.02026,0.00010,-0.33176,0.82737,0,0.05537,0.02622
4.4066,-0.05305,-0.02359,0.04616,0.01958,-0.06878,-0.06663,-0.00307,-0.02012,0.00010,0.00000,0.00000,-0.02012,0.00010,-0.33183,0.82735,0,0.05537,0.02622
4.4086,-0.05305,-0.02359,0.04602,0.01945,-0.06967,-0.06696,-0.00307,-0.01998,0.00009,0.00000,0.00000,-0.01998,0.00009,-0.33185,0.82736,0,0.05537,0.02622
4.4106,-0.05305,-0.02359,0.04588,0.01932,-0.07056,-0.06728,-0.00307,-0.01984,0.00009,0.00000,0.00000,-0.01984,0.00009,-0.33189,0.82736,0,0.05537,0.02622
4.4126,-0.05305,-0.02359,0.04574,0.01918,-0.07144,-0.06760,-0.00307,-0.01971,0.00009,0.00000,0.00000,-0.01971,0.00009,-0.33195,0.82738,0,0.05537,0.02622
4.4146,-0.05305,-0.02359,0.04559,0.01905,-0.07232,-0.06792,-0.00307,-0.01957,0.00009,0.00000,0.00000,-0.01957,0.00009,-0.33200,0.82735,0,0.05537,0.02622
4.4166,-0.05305,-0.02359,0.04545,0.01891,-0.07320,-0.06823,-0.00307,-0.01943,0.00009,0.00000,0.00000,-0.01943,0.00009,-0.33206,0.82738,0,0.05537,0.02622
4.4187,-0.05305,-0.02359,0.04530,0.01877,-0.07408,-0.06855,-0.00307,-0.01929,0.00009,0.00000,0.00000,-0.01929,0.00009,-0.33210,0.82733,0,0.05537,0.02622
4.4207,-0.05305,-0.02359,0.04515,0.01864,-0.07496,-0.06886,-0.00307,-0.01915,0.00009,0.00000,0.00000,-0.01915,0.00009,-0.33210,0.82739,0,0.05537,0.02622
4.4227,-0.05305,-0.02359,0.04500,0.01850,-0.07583,-0.06917,-0.00307,-0.01901,0.00009,0.00000,0.00000,-0.01901,0.00009,-0.33213,0.82736,0,0.05537,0.02622
4.4247,-0.05305,-0.02359,0.04485,0.01836,-0.07670,-0.06947,-0.00307,-0.01887,0.00009,0.00000,0.00000,-0.01887,0.00009,-0.33219,0.82735,0,0.05537,0.02622
4.4267,-0.05305,-0.02359,0.04470,0.01822,-0.07757,-0.06978,-0.00307,-0.01874,0.00009,0.00000,0.00000,-0.01874,0.00009,-0.33220,0.82735,0,0.05537,0.02622
4.4287,-0.05305,-0.02359,0.04454,0.01808,-0.07843,-0.07008,-0.00307,-0.01860,0.00009,0.00000,0.00000,-0.01860,0.00009,-0.33225,0.82739,0,0.05537,0.02622
4.4307,-0.05305,-0.02359,0.04438,0.01794,-0.07929,-0.07038,-0.00307,-0.01846,0.00009,0.00000,0.00000,-0.01846,0.00009,-0.33230,0.82736,0,0.05537,0.02622
4.4327,-0.05305,-0.02359,0.04422,0.01780,-0.08015,-0.07068,-0.00307,-0.01832,0.00009,0.00000,0.00000,-0.01832,0.00009,-0.33233,0.82739,0,0.05537,0.02622
4.4347,-0.05305,-0.02359,0.04406,0.01766,-0.08101,-0.07097,-0.00307,-0.01818,0.00009,0.00000,0.00000,-0.01818,0.00009,-0.33235,0.82737,0,0.05537,0.02622
4.4367,-0.05305,-0.02359,0.04390,0.01751,-0.08186,-0.07126,-0.00307,-0.01804,0.00009,0.00000,0.00000,-0.01804,0.00009,-0.33236,0.82735,0,0.05537,0.02622
4.4387,-0.05305,-0.02359,0.04373,0.01737,-0.08271,-0.07155,-0.00307,-0.01790,0.00008,0.00000,0.00000,-0.01790,0.00008,-0.33244,0.82735,0,0.05537,0.02622
4.4407,-0.05305,-0.02359,0.04357,0.01723,-0.08356,-0.07184,-0.00307,-0.01776,0.00008,0.00000,0.00000,-0.01776,0.00008,-0.33247,0.82739,0,0.05537,0.02622
4.4428,-0.05305,-0.02359,0.04340,0.01708,-0.08441,-0.07213,-0.00307,-0.01762,0.00008,0.00000,0.00000,-0.01762,0.00008,-0.33251,0.82738,0,0.05537,0.02622
4.4448,-0.05305,-0.02359,0.04323,0.01694,-0.08525,-0.07241,-0.00307,-0.01748,0.00008,0.00000,0.00000,-0.01748,0.00008,-0.33254,0.82735,0,0.05537,0.02622
4.4468,-0.05305,-0.02359,0.04306,0.01679,-0.08609,-0.07269,-0.00307,-0.01735,0.00008,0.00000,0.00000,-0.01735,0.00008,-0.33257,0.82733,0,0.05537,0.02622
4.4488,-0.05305,-0.02359,0.04289,0.01665,-0.08693,-0.07297,-0.00307,-0.01721,0.00008,0.00000,0.00000,-0.01721,0.00008,-0.33261,0.82734,0,0.05537,0.02622
4.4508,-0.05305,-0.02359,0.04271,0.01650,-0.08776,-0.07324,-0.00307,-0.01707,0.00008,0.00000,0.00000,-0.01707,0.00008,-0.33263,0.82734,0,0.05537,0.02622
4.4528,-0.05305,-0.02359,0.04253,0.01636,-0.08859,-0.07352,-0.00307,-0.01693,0.00008,0.00000,0.00000,-0.01693,0.00008,-0.33268,0.82734,0,0.05537,0.02622
4.4548,-0.05305,-0.02359,0.04236,0.01621,-0.08942,-0.07379,-0.00307,-0.01679,0.00008,0.00000,0.00000,-0.01679,0.00008,-0.33274,0.82733,0,0.05537,0.02622
4.4568,-0.05305,-0.02359,0.04218,0.01606,-0.09025,-0.07405,-0.00307,-0.01665,0.00008,0.00000,0.00000,-0.01665,0.00008,-0.33277,0.82735,0,0.05537,0.02622
4.4588,-0.05305,-0.02359,0.04200,0.01591,-0.09107,-0.07432,-0.00307,-0.01651,0.00008,0.00000,0.00000,-0.01651,0.00008,-0.33280,0.82737,0,0.05537,0.02622
4.4608,-0.05305,-0.02359,0.04181,0.01576,-0.09189,-0.07458,-0.00307,-0.01638,0.00008,0.00000,0.00000,-0.01638,0.00008,-0.33281,0.82735,0,0.05537,0.02622
4.4628,-0.05305,-0.02359,0.04163,0.01561,-0.09270,-0.07484,-0.00307,-0.01624,0.00008,0.00000,0.00000,-0.01624,0.00008,-0.33284,0.82733,0,0.05537,0.02622
4.4648,-0.05305,-0.02359,0.04144,0.01546,-0.09352,-0.07510,-0.00307,-0.01610,0.00008,0.00000,0.00000,-0.01610,0.00008,-0.33287,0.82734,0,0.05537,0.02622
4.4668,-0.05305,-0.02359,0.04125,0.01531,-0.09432,-0.07536,-0.00307,-0.01596,0.00008,0.00000,0.00000,-0.01596,0.00008,-0.33288,0.82735,0,0.05537,0.02622
4.4688,-0.05305,-0.02359,0.04106,0.01516,-0.09513,-0.07561,-0.00307,-0.01582,0.00008,0.00000,0.00000,-0.01582,0.00008,-0.33293,0.82736,0,0.05537,0.02622
4.4708,-0.05305,-0.02359,0.04087,0.01501,-0.09593,-0.07586,-0.00307,-0.01568,0.00007,0.00000,0.00000,-0.01568,0.00007,-0.33297,0.82735,0,0.05537,0.02622
4.4728,-0.05362,-0.02549,0.04676,0.02011,-0.07589,-0.05810,-0.01080,-0.01554,0.00007,0.00000,0.00000,-0.01554,0.00007,-0.33299,0.82734,0,0.05583,0.02783
4.4748,-0.05362,-0.02549,0.04661,0.02000,-0.07679,-0.05844,-0.01080,-0.01541,0.00007,0.00000,0.00000,-0.01541,0.00007,-0.33304,0.82732,0,0.05583,0.02783
4.4768,-0.05362,-0.02549,0.04645,0.01988,-0.07769,-0.05877,-0.01080,-0.01527,0.00007,0.00000,0.00000,-0.01527,0.00007,-0.33302,0.82737,0,0.05583,0.02783
4.4788,-0.05362,-0.02549,0.04630,0.01976,-0.07858,-0.05910,-0.01080,-0.01513,0.00007,0.00000,0.00000,-0.01513,0.00007,-0.33309,0.82733,0,0.05583,0.02783
4.4808,-0.05362,-0.02549,0.04614,0.01964,-0.07947,-0.05943,-0.01080,-0.01499,0.00007,0.00000,0.00000,-0.01499,0.00007,-0.33311,0.82735,0,0.05583,0.02783
4.4828,-0.05362,-0.02549,0.04598,0.01952,-0.08036,-0.05975,-0.01080,-0.01485,0.00007,0.00000,0.00000,-0.01485,0.00007,-0.33312,0.82735,0,0.05583,0.02783
4.4849,-0.05362,-0.02549,0.04582,0.01940,-0.08125,-0.06008,-0.01080,-0.01471,0.00007,0.00000,0.00000,-0.01471,0.00007,-0.33318,0.82733,0,0.05583,0.02783
4.4869,-0.05362,-0.02549,0.04566,0.01928,-0.08213,-0.06040,-0.01080,-0.01458,0.00007,0.00000,0.00000,-0.01458,0.00007,-0.33318,0.82731,0,0.05583,0.02783
4.4889,-0.05362,-0.02549,0.04549,0.01916,-0.08301,-0.06072,-0.01080,-0.01444,0.00007,0.00000,0.00000,-0.01444,0.00007,-0.33321,0.82734,0,0.05583,0.02783
4.4909,-0.05362,-0.02549,0.04532,0.01904,-0.08389,-0.06104,-0.01080,-0.01430,0.00007,0.00000,0.00000,-0.01430,0.00007,-0.33324,0.82736,0,0.05583,0.02783
4.4929,-0.05362,-0.02549,0.04516,0.01892,-0.08476,-0.06135,-0.01080,-0.01416,0.00007,0.00000,0.00000,-0.01416,0.00007,-0.33331,0.82731,0,0.05583,0.02783
4.4949,-0.05362,-0.02549,0.04498,0.01880,-0.08563,-0.06167,-0.01080,-0.01402,0.00007,0.00000,0.00000,-0.01402,0.00007,-0.33329,0.82732,0,0.05583,0.02783
4.4969,-0.05362,-0.02549,0.04481,0.01867,-0.08650,-0.06198,-0.01080,-0.01388,0.00007,0.00000,0.00000,-0.01388,0.00007,-0.33337,0.82733,0,0.05583,0.02783
4.4989,-0.05362,-0.02549,0.04464,0.01855,-0.08737,-0.06229,-0.01080,-0.01375,0.00007,0.00000,0.00000,-0.01375,0.00007,-0.33337,0.82730,0,0.05583,0.02783
4.5009,-0.05362,-0.02549,0.04446,0.01842,-0.08823,-0.06260,-0.01080,-0.01361,0.00006,0.00000,0.00000,-0.01361,0.00006,-0.33338,0.82730,0,0.05583,0.02783
4.5029,-0.05362,-0.02549,0.04429,0.01830,-0.08909,-0.06290,-0.01080,-0.01347,0.00006,0.00000,0.00000,-0.01347,0.00006,-0.33338,0.82728,0,0.05583,0.02783
4.5049,-0.05362,-0.02549,0.04411,0.01817,-0.08995,-0.06321,-0.01080,-0.01333,0.00006,0.00000,0.00000,-0.01333,0.00006,-0.33343,0.82729,0,0.05583,0.02783
4.5069,-0.05362,-0.02549,0.04393,0.01804,-0.09080,-0.06351,-0.01080,-0.01319,0.00006,0.00000,0.00000,-0.01319,0.00006,-0.33346,0.82730,0,0.05583,0.02783
4.5089,-0.05362,-0.02549,0.04374,0.01792,-0.09165,-0.06381,-0.01080,-0.01305,0.00006,0.00000,0.00000,-0.01305,0.00006,-0.33350,0.82730,0,0.05583,0.02783
4.5109,-0.05362,-0.02549,0.04356,0.01779,-0.09250,-0.06410,-0.01080,-0.01292,0.00006,0.00000,0.00000,-0.01292,0.00006,-0.33354,0.82728,0,0.05583,0.02783
4.5129,-0.05362,-0.02549,0.04337,0.01766,-0.09334,-0.06440,-0.01080,-0.01278,0.00006,0.00000,0.00000,-0.01278,0.00006,-0.33356,0.82730,0,0.05583,0.02783
4.5149,-0.05362,-0.02549,0.04319,0.01753,-0.09419,-0.06469,-0.01080,-0.01264,0.00006,0.00000,0.00000,-0.01264,0.00006,-0.33357,0.82731,0,0.05583,0.02783
4.5169,-0.05362,-0.02549,0.04300,0.01740,-0.09502,-0.06498,-0.01080,-0.01250,0.00006,0.00000,0.00000,-0.01250,0.00006,-0.33357,0.82730,0,0.05583,0.02783
4.5189,-0.05362,-0.02549,0.04281,0.01727,-0.09586,-0.06527,-0.01080,-0.01236,0.00006,0.00000,0.00000,-0.01236,0.00006,-0.33361,0.82727,0,0.05583,0.02783
4.5209,-0.05362,-0.02549,0.04261,0.01714,-0.09669,-0.06556,-0.01080,-0.01222,0.00006,0.00000,0.00000,-0.01222,0.00006,-0.33365,0.82728,0,0.05583,0.02783
4.5229,-0.05362,-0.02549,0.04242,0.01701,-0.09752,-0.06584,-0.01080,-0.01209,0.00006,0.00000,0.00000,-0.01209,0.00006,-0.33366,0.82731,0,0.05583,0.02783
4.5249,-0.05362,-0.02549,0.04222,0.01688,-0.09835,-0.06612,-0.01080,-0.01195,0.00006,0.00000,0.00000,-0.01195,0.00006,-0.33371,0.82726,0,0.05583,0.02783
4.5269,-0.05362,-0.02549,0.04203,0.01674,-0.09917,-0.06640,-0.01080,-0.01181,0.00006,0.00000,0.00000,-0.01181,0.00006,-0.33371,0.82728,0,0.05583,0.02783
4.5289,-0.05362,-0.02549,0.04183,0.01661,-0.09999,-0.06668,-0.01080,-0.01167,0.00006,0.00000,0.00000,-0.01167,0.00006,-0.33377,0.82729,0,0.05583,0.02783
4.5309,-0.05362,-0.02549,0.04163,0.01648,-0.10080,-0.06696,-0.01080,-0.01153,0.00005,0.00000,0.00000,-0.01153,0.00005,-0.33378,0.82725,0,0.05583,0.02783
4.5329,-0.05362,-0.02549,0.04142,0.01634,-0.10161,-0.06723,-0.01080,-0.01139,0.00005,0.00000,0.00000,-0.01139,0.00005,-0.33384,0.82729,0,0.05583,0.02783
4.5349,-0.05362,-0.02549,0.04122,0.01621,-0.10242,-0.06750,-0.01080,-0.01126,0.00005,0.00000,0.00000,-0.01126,0.00005,-0.33383,0.82729,0,0.05583,0.02783
4.5369,-0.05362,-0.02549,0.04101,0.01607,-0.10323,-0.06777,-0.01080,-0.01112,0.00005,0.00000,0.00000,-0.01112,0.00005,-0.33387,0.82722,0,0.05583,0.02783
4.5389,-0.05362,-0.02549,0.04081,0.01594,-0.10403,-0.06803,-0.01080,-0.01098,0.00005,0.00000,0.00000,-0.01098,0.00005,-0.33390,0.82724,0,0.05583,0.02783
4.5409,-0.05071,-0.02614,0.04627,0.02107,-0.08546,-0.05032,-0.01016,-0.01084,0.00005,0.00000,0.00000,-0.01084,0.00005,-0.33387,0.82727,0,0.05524,0.02842
4.5429,-0.05071,-0.02614,0.04610,0.02097,-0.08636,-0.05067,-0.01016,-0.01070,0.00005,0.00000,0.00000,-0.01070,0.00005,-0.33394,0.82721,0,0.05524,0.02842
4.5449,-0.05071,-0.02614,0.04592,0.02086,-0.08724,-0.05102,-0.01016,-0.01056,0.00005,0.00000,0.00000,-0.01056,0.00005,-0.33397,0.82725,0,0.05524,0.02842
4.5469,-0.05071,-0.02614,0.04575,0.02076,-0.08813,-0.05137,-0.01016,-0.01042,0.00005,0.00000,0.00000,-0.01042,0.00005,-0.33395,0.82726,0,0.05524,0.02842
4.5489,-0.05071,-0.02614,0.04557,0.02066,-0.08901,-0.05171,-0.01016,-0.01028,0.00005,0.00000,0.00000,-0.01028,0.00005,-0.33395,0.82727,0,0.05524,0.02842
4.5509,-0.05071,-0.02614,0.04539,0.02055,-0.08989,-0.05205,-0.01016,-0.01015,0.00005,0.00000,0.00000,-0.01015,0.00005,-0.33398,0.82723,0,0.05524,0.02842
4.5529,-0.05071,-0.02614,0.04521,0.02045,-0.09076,-0.05240,-0.01016,-0.01001,0.00005,0.00000,0.00000,-0.01001,0.00005,-0.33402,0.82724,0,0.05524,0.02842
4.5549,-0.05071,-0.02614,0.04503,0.02035,-0.09164,-0.05274,-0.01016,-0.00987,0.00005,0.00000,0.00000,-0.00987,0.00005,-0.33407,0.82724,0,0.05524,0.02842
4.5569,-0.05071,-0.02614,0.04484,0.02024,-0.09251,-0.05308,-0.01016,-0.00973,0.00005,0.00000,0.00000,-0.00973,0.00005,-0.33407,0.82726,0,0.05524,0.02842
4.5589,-0.05071,-0.02614,0.04466,0.02013,-0.09337,-0.05341,-0.01016,-0.00959,0.00005,0.00000,0.00000,-0.00959,0.00005,-0.33411,0.82720,0,0.05524,0.02842
4.5609,-0.05071,-0.02614,0.04447,0.02003,-0.09423,-0.05375,-0.01016,-0.00945,0.00004,0.00000,0.00000,-0.00945,0.00004,-0.33414,0.82720,0,0.05524,0.02842
4.5629,-0.05071,-0.02614,0.04428,0.01992,-0.09509,-0.05408,-0.01016,-0.00932,0.00004,0.00000,0.00000,-0.00932,0.00004,-0.33413,0.82720,0,0.05524,0.02842
4.5649,-0.05071,-0.02614,0.04409,0.01981,-0.09595,-0.05441,-0.01016,-0.00918,0.00004,0.00000,0.00000,-0.00918,0.00004,-0.33416,0.82721,0,0.05524,0.02842
4.5669,-0.05071,-0.02614,0.04390,0.01970,-0.09680,-0.05474,-0.01016,-0.00904,0.00004,0.00000,0.00000,-0.00904,0.00004,-0.33416,0.82724,0,0.05524,0.02842
4.5689,-0.05071,-0.02614,0.04370,0.01959,-0.09765,-0.05507,-0.01016,-0.00890,0.00004,0.00000,0.00000,-0.00890,0.00004,-0.33418,0.82721,0,0.05524,0.02842
4.5709,-0.05071,-0.02614,0.04351,0.01948,-0.09850,-0.05539,-0.01016,-0.00876,0.00004,0.00000,0.00000,-0.00876,0.00004,-0.33416,0.82721,0,0.05524,0.02842
4.5729,-0.05071,-0.02614,0.04331,0.01937,-0.09935,-0.05572,-0.01016,-0.00862,0.00004,0.00000,0.00000,-0.00862,0.00004,-0.33421,0.82721,0,0.05524,0.02842
4.5749,-0.05071,-0.02614,0.04311,0.01926,-0.10019,-0.05604,-0.01016,-0.00849,0.00004,0.00000,0.00000,-0.00849,0.00004,-0.33425,0.82722,0,0.05524,0.02842
4.5769,-0.05071,-0.02614,0.04291,0.01914,-0.10102,-0.05636,-0.01016,-0.00835,0.00004,0.00000,0.00000,-0.00835,0.00004,-0.33423,0.82720,0,0.05524,0.02842
4.5789,-0.05071,-0.02614,0.04271,0.01903,-0.10186,-0.05668,-0.01016,-0.00821,0.00004,0.00000,0.00000,-0.00821,0.00004,-0.33427,0.82717,0,0.05524,0.02842
4.5809,-0.05071,-0.02614,0.04250,0.01892,-0.10269,-0.05699,-0.01016,-0.00807,0.00004,0.00000,0.00000,-0.00807,0.00004,-0.33426,0.82723,0,0.05524,0.02842
4.5829,-0.05071,-0.02614,0.04229,0.01880,-0.10351,-0.05731,-0.01016,-0.00793,0.00004,0.00000,0.00000,-0.00793,0.00004,-0.33429,0.82722,0,0.05524,0.02842
4.5849,-0.05071,-0.02614,0.04209,0.01869,-0.10434,-0.05762,-0.01016,-0.00779,0.00004,0.00000,0.00000,-0.00779,0.00004,-0.33429,0.82722,0,0.05524,0.02842
4.5869,-0.05071,-0.02614,0.04188,0.01857,-0.10515,-0.05793,-0.01016,-0.00766,0.00004,0.00000,0.00000,-0.00766,0.00004,-0.33433,0.82722,0,0.05524,0.02842
4.5889,-0.05071,-0.02614,0.04167,0.01846,-0.10597,-0.05824,-0.01016,-0.00752,0.00004,0.00000,0.00000,-0.00752,0.00004,-0.33433,0.82724,0,0.05524,0.02842
4.5909,-0.05071,-0.02614,0.04145,0.01834,-0.10678,-0.05854,-0.01016,-0.00738,0.00004,0.00000,0.00000,-0.00738,0.00004,-0.33436,0.82721,0,0.05524,0.02842
4.5929,-0.05071,-0.02614,0.04124,0.01822,-0.10759,-0.05885,-0.01016,-0.00724,0.00003,0.00000,0.00000,-0.00724,0.00003,-0.33439,0.82721,0,0.05524,0.02842
4.5949,-0.05071,-0.02614,0.04102,0.01810,-0.10840,-0.05915,-0.01016,-0.00710,0.00003,0.00000,0.00000,-0.00710,0.00003,-0.33436,0.82724,0,0.05524,0.02842
4.5970,-0.05071,-0.02614,0.04081,0.01799,-0.10920,-0.05945,-0.01016,-0.00696,0.00003,0.00000,0.00000,-0.00696,0.00003,-0.33436,0.82721,0,0.05524,0.02842
4.5990,-0.05071,-0.02614,0.04059,0.01787,-0.11000,-0.05975,-0.01016,-0.00683,0.00003,0.00000,0.00000,-0.00683,0.00003,-0.33439,0.82723,0,0.05524,0.02842
4.6010,-0.05071,-0.02614,0.04037,0.01775,-0.11079,-0.06005,-0.01016,-0.00669,0.00003,0.00000,0.00000,-0.00669,0.00003,-0.33442,0.82723,0,0.05524,0.02842
4.6030,-0.05071,-0.02614,0.04014,0.01763,-0.11158,-0.06034,-0.01016,-0.00655,0.00003,0.00000,0.00000,-0.00655,0.00003,-0.33445,0.82720,0,0.05524,0.02842
4.6050,-0.04835,-0.02655,0.04534,0.02208,-0.09399,-0.04511,-0.01075,-0.00641,0.00003,0.00000,0.00000,-0.00641,0.00003,-0.33442,0.82722,0,0.05477,0.02878
4.6070,-0.04835,-0.02655,0.04515,0.02199,-0.09487,-0.04548,-0.01075,-0.00627,0.00003,0.00000,0.00000,-0.00627,0.00003,-0.33444,0.82722,0,0.05477,0.02878
4.6090,-0.04835,-0.02655,0.04496,0.02190,-0.09574,-0.04584,-0.01075,-0.00613,0.00003,0.00000,0.00000,-0.00613,0.00003,-0.33449,0.82718,0,0.05477,0.02878
4.6110,-0.04835,-0.02655,0.04476,0.02181,-0.09660,-0.04621,-0.01075,-0.00600,0.00003,0.00000,0.00000,-0.00600,0.00003,-0.33444,0.82722,0,0.05477,0.02878
4.6130,-0.04835,-0.02655,0.04457,0.02171,-0.09747,-0.04657,-0.01075,-0.00586,0.00003,0.00000,0.00000,-0.00586,0.00003,-0.33450,0.82721,0,0.05477,0.02878
4.6150,-0.04835,-0.02655,0.04437,0.02162,-0.09833,-0.04693,-0.01075,-0.00572,0.00003,0.00000,0.00000,-0.00572,0.00003,-0.33448,0.82718,0,0.05477,0.02878
4.6170,-0.04835,-0.02655,0.04418,0.02153,-0.09919,-0.04729,-0.01075,-0.00558,0.00003,0.00000,0.00000,-0.00558,0.00003,-0.33449,0.82722,0,0.05477,0.02878
4.6190,-0.04835,-0.02655,0.04398,0.02143,-0.10004,-0.04765,-0.01075,-0.00544,0.00003,0.00000,0.00000,-0.00544,0.00003,-0.33450,0.82721,0,0.05477,0.02878
4.6210,-0.04835,-0.02655,0.04378,0.02134,-0.10089,-0.04801,-0.01075,-0.00530,0.00003,0.00000,0.00000,-0.00530,0.00003,-0.33454,0.82722,0,0.05477,0.02878
4.6230,-0.04835,-0.02655,0.04357,0.02124,-0.10174,-0.04836,-0.01075,-0.00517,0.00002,0.00000,0.00000,-0.00517,0.00002,-0.33459,0.82719,0,0.05477,0.02878
4.6250,-0.04835,-0.02655,0.04337,0.02114,-0.10259,-0.04872,-0.01075,-0.00503,0.00002,0.00000,0.00000,-0.00503,0.00002,-0.33451,0.82722,0,0.05477,0.02878
4.6270,-0.04835,-0.02655,0.04316,0.02105,-0.10343,-0.04907,-0.01075,-0.00489,0.00002,0.00000,0.00000,-0.00489,0.00002,-0.33456,0.82725,0,0.05477,0.02878
4.6290,-0.04835,-0.02655,0.04296,0.02095,-0.10427,-0.04942,-0.01075,-0.00475,0.00002,0.00000,0.00000,-0.00475,0.00002,-0.33451,0.82723,0,0.05477,0.02878
4.6310,-0.04835,-0.02655,0.04275,0.02085,-0.10510,-0.04977,-0.01075,-0.00461,0.00002,0.00000,0.00000,-0.00461,0.00002,-0.33458,0.82723,0,0.05477,0.02878
4.6330,-0.04835,-0.02655,0.04254,0.02075,-0.10593,-0.05011,-0.01075,-0.00447,0.00002,0.00000,0.00000,-0.00447,0.00002,-0.33453,0.82727,0,0.05477,0.02878
4.6350,-0.04835,-0.02655,0.04232,0.02065,-0.10676,-0.05046,-0.01075,-0.00434,0.00002,0.00000,0.00000,-0.00434,0.00002,-0.33455,0.82724,0,0.05477,0.02878
4.6370,-0.04835,-0.02655,0.04211,0.02055,-0.10758,-0.05080,-0.01075,-0.00420,0.00002,0.00000,0.00000,-0.00420,0.00002,-0.33461,0.82724,0,0.05477,0.02878
4.6390,-0.04835,-0.02655,0.04189,0.02044,-0.10840,-0.05114,-0.01075,-0.00406,0.00002,0.00000,0.00000,-0.00406,0.00002,-0.33463,0.82724,0,0.05477,0.02878
4.6410,-0.04835,-0.02655,0.04167,0.02034,-0.10922,-0.05148,-0.01075,-0.00392,0.00002,0.00000,0.00000,-0.00392,0.00002,-0.33465,0.82722,0,0.05477,0.02878
4.6430,-0.04835,-0.02655,0.04146,0.02024,-0.11003,-0.05182,-0.01075,-0.00378,0.00002,0.00000,0.00000,-0.00378,0.00002,-0.33459,0.82724,0,0.05477,0.02878
4.6450,-0.04835,-0.02655,0.04123,0.02013,-0.11084,-0.05216,-0.01075,-0.00364,0.00002,0.00000,0.00000,-0.00364,0.00002,-0.33461,0.82726,0,0.05477,0.02878
4.6470,-0.04835,-0.02655,0.04101,0.02003,-0.11165,-0.05249,-0.01075,-0.00350,0.00002,0.00000,0.00000,-0.00350,0.00002,-0.33462,0.82720,0,0.05477,0.02878
4.6490,-0.04835,-0.02655,0.04079,0.01992,-0.11245,-0.05283,-0.01075,-0.00336,0.00002,0.00000,0.00000,-0.00336,0.00002,-0.33460,0.82726,0,0.05477,0.02878
4.6511,-0.04835,-0.02655,0.04056,0.01982,-0.11324,-0.05316,-0.01075,-0.00322,0.00002,0.00000,0.00000,-0.00322,0.00002,-0.33467,0.82728,0,0.05477,0.02878
4.6531,-0.04835,-0.02655,0.04033,0.01971,-0.11404,-0.05349,-0.01075,-0.00309,0.00001,0.00000,0.00000,-0.00309,0.00001,-0.33457,0.82731,0,0.05477,0.02878
4.6551,-0.04835,-0.02655,0.04011,0.01960,-0.11483,-0.05382,-0.01075,-0.00295,0.00001,0.00000,0.00000,-0.00295,0.00001,-0.33464,0.82727,0,0.05477,0.02878
4.6571,-0.04835,-0.02655,0.03988,0.01950,-0.11561,-0.05414,-0.01075,-0.00281,0.00001,0.00000,0.00000,-0.00281,0.00001,-0.33463,0.82725,0,0.05477,0.02878
4.6591,-0.04835,-0.02655,0.03964,0.01939,-0.11640,-0.05447,-0.01075,-0.00267,0.00001,0.00000,0.00000,-0.00267,0.00001,-0.33465,0.82726,0,0.05477,0.02878
4.6611,-0.04835,-0.02655,0.03941,0.01928,-0.11717,-0.05479,-0.01075,-0.00253,0.00001,0.00000,0.00000,-0.00253,0.00001,-0.33467,0.82729,0,0.05477,0.02878
4.6631,-0.04835,-0.02655,0.03917,0.01917,-0.11795,-0.05511,-0.01075,-0.00239,0.00001,0.00000,0.00000,-0.00239,0.00001,-0.33465,0.82727,0,0.05477,0.02878
4.6651,-0.04835,-0.02655,0.03894,0.01906,-0.11872,-0.05543,-0.01075,-0.00226,0.00001,0.00000,0.00000,-0.00226,0.00001,-0.33467,0.82727,0,0.05477,0.02878
4.6671,-0.04835,-0.02655,0.03870,0.01895,-0.11948,-0.05574,-0.01075,-0.00212,0.00001,0.00000,0.00000,-0.00212,0.00001,-0.33467,0.82730,0,0.05477,0.02878
4.6691,-0.04835,-0.02655,0.03846,0.01883,-0.12025,-0.05606,-0.01075,-0.00198,0.00001,0.00000,0.00000,-0.00198,0.00001,-0.33468,0.82733,0,0.05477,0.02878
4.6711,-0.04743,-0.02750,0.04452,0.02327,-0.09935,-0.04075,-0.01134,-0.00184,0.00001,0.00000,0.00000,-0.00184,0.00001,-0.33468,0.82727,0,0.05482,0.02955
4.6731,-0.04743,-0.02750,0.04432,0.02318,-0.10021,-0.04114,-0.01134,-0.00170,0.00001,0.00000,0.00000,-0.00170,0.00001,-0.33473,0.82728,0,0.05482,0.02955
4.6751,-0.04743,-0.02750,0.04412,0.02310,-0.10107,-0.04153,-0.01134,-0.00156,0.00001,0.00000,0.00000,-0.00156,0.00001,-0.33470,0.82729,0,0.05482,0.02955
4.6772,-0.04743,-0.02750,0.04391,0.02302,-0.10192,-0.04191,-0.01134,-0.00142,0.00001,0.00000,0.00000,-0.00142,0.00001,-0.33466,0.82730,0,0.05482,0.02955
4.6792,-0.04743,-0.02750,0.04371,0.02293,-0.10277,-0.04230,-0.01134,-0.00128,0.00001,0.00000,0.00000,-0.00128,0.00001,-0.33470,0.82731,0,0.05482,0.02955
4.6812,-0.04743,-0.02750,0.04350,0.02285,-0.10362,-0.04268,-0.01134,-0.00114,0.00001,0.00000,0.00000,-0.00114,0.00001,-0.33468,0.82732,0,0.05482,0.02955
4.6832,-0.04743,-0.02750,0.04330,0.02276,-0.10446,-0.04306,-0.01134,-0.00100,0.00000,0.00000,0.00000,-0.00100,0.00000,-0.33470,0.82730,0,0.05482,0.02955
4.6852,-0.04743,-0.02750,0.04309,0.02268,-0.10530,-0.04344,-0.01134,-0.00087,0.00000,0.00000,0.00000,-0.00087,0.00000,-0.33467,0.82730,0,0.05482,0.02955
4.6872,-0.04743,-0.02750,0.04287,0.02259,-0.10614,-0.04382,-0.01134,-0.00073,0.00000,0.00000,0.00000,-0.00073,0.00000,-0.33470,0.82732,0,0.05482,0.02955
4.6892,-0.04743,-0.02750,0.04266,0.02250,-0.10697,-0.04419,-0.01134,-0.00059,0.00000,0.00000,0.00000,-0.00059,0.00000,-0.33472,0.82729,0,0.05482,0.02955
4.6912,-0.04743,-0.02750,0.04245,0.02241,-0.10780,-0.04457,-0.01134,-0.00045,0.00000,0.00000,0.00000,-0.00045,0.00000,-0.33468,0.82733,0,0.05482,0.02955
4.6932,-0.04743,-0.02750,0.04223,0.02232,-0.10863,-0.04494,-0.01134,-0.00031,0.00000,0.00000,0.00000,-0.00031,0.00000,-0.33471,0.82731,0,0.05482,0.02955
4.6952,-0.04743,-0.02750,0.04201,0.02223,-0.10945,-0.04531,-0.01134,-0.00017,0.00000,0.00000,0.00000,-0.00017,0.00000,-0.33471,0.82730,0,0.05482,0.02955
4.6972,-0.04743,-0.02750,0.04179,0.02214,-0.11027,-0.04568,-0.01134,-0.00003,0.00000,0.00000,0.00000,-0.00003,0.00000,-0.33469,0.82732,0,0.05482,0.02955
4.6992,-0.04743,-0.02750,0.04157,0.02205,-0.11108,-0.04605,-0.01134,-0.00000,0.00000,0.00000,0.00000,0.00007,0.00000,-0.33471,0.82735,0,0.05482,0.02955
4.7012,-0.04743,-0.02750,0.04135,0.02196,-0.11187,-0.04642,-0.01134,-0.00000,0.00000,0.00000,0.00000,0.00015,-0.00000,-0.33465,0.82733,0,0.05482,0.02955
4.7032,-0.04743,-0.02750,0.04112,0.02186,-0.11262,-0.04678,-0.01134,-0.00000,0.00000,0.00000,0.00000,0.00019,-0.00000,-0.33471,0.82732,0,0.05482,0.02955
4.7052,-0.04743,-0.02750,0.04090,0.02177,-0.11334,-0.04715,-0.01134,-0.00000,0.00000,0.00000,0.00000,0.00020,0.00000,-0.33470,0.82731,0,0.05482,0.02955
4.7072,-0.04743,-0.02750,0.04067,0.02168,-0.11403,-0.04751,-0.01134,-0.00000,0.00000,0.00000,0.00000,0.00018,0.00000,-0.33470,0.82732,0,0.05482,0.02955
4.7093,-0.04743,-0.02750,0.04044,0.02158,-0.11469,-0.04787,-0.01134,-0.00000,0.00000,0.00000,0.00000,0.00013,-0.00000,-0.33468,0.82732,0,0.05482,0.02955
4.7113,-0.04743,-0.02750,0.04021,0.02148,-0.11532,-0.04823,-0.01134,-0.00000,0.00000,0.00000,0.00000,0.00005,-0.00000,-0.33467,0.82732,0,0.05482,0.02955
4.7133,-0.04743,-0.02750,0.03998,0.02139,-0.11592,-0.04859,-0.01134,-0.00000,0.00000,0.00000,0.00000,-0.00001,0.00000,-0.33473,0.82729,0,0.05482,0.02955
4.7153,-0.04743,-0.02750,0.03975,0.02129,-0.11654,-0.04895,-0.01134,-0.00000,0.00000,0.00000,0.00000,-0.00003,0.00000,-0.33472,0.82730,0,0.05482,0.02955
4.7173,-0.04743,-0.02750,0.03951,0.02119,-0.11718,-0.04930,-0.01134,-0.00000,0.00000,0.00000,0.00000,-0.00002,-0.00000,-0.33473,0.82732,0,0.05482,0.02955
4.7193,-0.04743,-0.02750,0.03928,0.02109,-0.11785,-0.04966,-0.01134,-0.00000,0.00000,0.00000,0.00000,0.00000,-0.00000,-0.33467,0.82731,0,0.05482,0.02955
4.7213,-0.04743,-0.02750,0.03904,0.02099,-0.11852,-0.05001,-0.01134,-0.00000,0.00000,0.00000,0.00000,0.00000,0.00000,-0.33471,0.82729,0,0.05482,0.02955
4.7233,-0.04743,-0.02750,0.03880,0.02089,-0.11917,-0.05036,-0.01134,-0.00000,0.00000,0.00000,0.00000,0.00000,0.00000,-0.33468,0.82734,0,0.05482,0.02955
4.7253,-0.04743,-0.02750,0.03857,0.02079,-0.11981,-0.05071,-0.01134,-0.00000,0.00000,0.00000,0.00000,0.00000,-0.00000,-0.33470,0.82731,0,0.05482,0.02955
4.7273,-0.04743,-0.02750,0.03833,0.02069,-0.12045,-0.05105,-0.01134,-0.00000,0.00000,0.00000,0.00000,0.00000,-0.00000,-0.33468,0.82732,0,0.05482,0.02955
4.7293,-0.04743,-0.02750,0.03808,0.02059,-0.12109,-0.05140,-0.01134,-0.00000,0.00000,0.00000,0.00000,0.00000,0.00000,-0.33470,0.82733,0,0.05482,0.02955
4.7314,-0.04743,-0.02750,0.03784,0.02048,-0.12172,-0.05174,-0.01134,-0.00000,0.00000,0.00000,0.00000,0.00000,0.00000,-0.33477,0.82729,0,0.05482,0.02955
4.7334,-0.04743,-0.02750,0.03760,0.02038,-0.12235,-0.05208,-0.01134,-0.00000,0.00000,0.00000,0.00000,0.00000,-0.00000,-0.33470,0.82730,0,0.05482,0.02955
4.7354,-0.04743,-0.02750,0.03735,0.02028,-0.12298,-0.05242,-0.01134,-0.00000,0.00000,0.00000,0.00000,0.00000,-0.00000,-0.33470,0.82732,0,0.05482,0.02955
4.7374,-0.04743,-0.02750,0.03710,0.02017,-0.12360,-0.05276,-0.01134,-0.00000,0.00000,0.00000,0.00000,0.00000,0.00000,-0.33476,0.82729,0,0.05482,0.02955
4.7394,-0.04743,-0.02750,0.03686,0.02006,-0.12422,-0.05309,-0.01134,-0.00000,0.00000,0.00000,0.00000,0.00000,0.00000,-0.33474,0.82729,0,0.05482,0.02955
4.7414,-0.04770,-0.02761,0.04410,0.02417,-0.09936,-0.03907,-0.00736,-0.00000,0.00000,0.00000,0.00000,0.00000,-0.00000,-0.33481,0.82727,0,0.05547,0.02989
4.7434,-0.04770,-0.02761,0.04390,0.02409,-0.10009,-0.03947,-0.00736,-0.00000,0.00000,0.00000,0.00000,0.00000,-0.00000,-0.33472,0.82730,0,0.05547,0.02989
4.7454,-0.04770,-0.02761,0.04370,0.02401,-0.10082,-0.03988,-0.00736,-0.00000,0.00000,0.00000,0.00000,0.00000,0.00000,-0.33472,0.82731,0,0.05547,0.02989
4.7474,-0.04770,-0.02761,0.04349,0.02393,-0.10155,-0.04028,-0.00736,-0.00000,0.00000,0.00000,0.00000,0.00000,0.00000,-0.33473,0.82729,0,0.05547,0.02989
4.7494,-0.04770,-0.02761,0.04329,0.02385,-0.10228,-0.04068,-0.00736,-0.00000,0.00000,0.00000,0.00000,0.00000,-0.00000,-0.33476,0.82728,0,0.05547,0.02989
4.7514,-0.04770,-0.02761,0.04309,0.02377,-0.10300,-0.04108,-0.00736,-0.00000,0.00000,0.00000,0.00000,0.00000,-0.00000,-0.33471,0.82730,0,0.05547,0.02989
4.7535,-0.04770,-0.02761,0.04288,0.02368,-0.10372,-0.04147,-0.00736,-0.00000,0.00000,0.00000,0.00000,0.00000,0.00000,-0.33477,0.82724,0,0.05547,0.02989
4.7555,-0.04770,-0.02761,0.04267,0.02360,-0.10443,-0.04187,-0.00736,-0.00000,0.00000,0.00000,0.00000,0.00000,0.00000,-0.33474,0.82728,0,0.05547,0.02989
4.7575,-0.04770,-0.02761,0.04246,0.02352,-0.10514,-0.04226,-0.00736,-0.00000,0.00000,0.00000,0.00000,0.00000,-0.00000,-0.33479,0.82728,0,0.05547,0.02989
4.7595,-0.04770,-0.02761,0.04225,0.02343,-0.10585,-0.04265,-0.00736,-0.00000,0.00000,0.00000,0.00000,0.00000,-0.00000,-0.33471,0.82732,0,0.05547,0.02989
4.7615,-0.04770,-0.02761,0.04204,0.02334,-0.10655,-0.04305,-0.00736,-0.00000,0.00000,0.00000,0.00000,0.00000,0.00000,-0.33477,0.82724,0,0.05547,0.02989
4.7635,-0.04770,-0.02761,0.04182,0.02326,-0.10725,-0.04343,-0.00736,-0.00000,0.00000,0.00000,0.00000,0.00000,0.00000,-0.33472,0.82730,0,0.05547,0.02989
4.7655,-0.04770,-0.02761,0.04161,0.02317,-0.10795,-0.04382,-0.00736,-0.00000,0.00000,0.00000,0.00000,0.00000,-0.00000,-0.33477,0.82726,0,0.05547,0.02989
4.7675,-0.04770,-0.02761,0.04139,0.02308,-0.10864,-0.04421,-0.00736,-0.00000,0.00000,0.00000,0.00000,0.00000,-0.00000,-0.33477,0.82724,0,0.05547,0.02989
4.7695,-0.04770,-0.02761,0.04117,0.02299,-0.10933,-0.04459,-0.00736,-0.00000,0.00000,0.00000,0.00000,0.00000,0.00000,-0.33475,0.82729,0,0.05547,0.02989
4.7715,-0.04770,-0.02761,0.04095,0.02290,-0.11002,-0.04498,-0.00736,-0.00000,0.00000,0.00000,0.00000,0.00000,0.00000,-0.33479,0.82724,0,0.05547,0.02989
4.7735,-0.04770,-0.02761,0.04073,0.02281,-0.11070,-0.04536,-0.00736,-0.00000,0.00000,0.00000,0.00000,0.00000,0.00000,-0.33478,0.82729,0,0.05547,0.02989
4.7755,-0.04770,-0.02761,0.04051,0.02272,-0.11138,-0.04574,-0.00736,-0.00000,0.00000,0.00000,0.00000,0.00000,0.00000,-0.33474,0.82732,0,0.05547,0.02989
4.7775,-0.04770,-0.02761,0.04029,0.02263,-0.11205,-0.04612,-0.00736,-0.00000,0.00000,0.00000,0.00000,0.00000,0.00000,-0.33473,0.82730,0,0.05547,0.02989
4.7795,-0.04770,-0.02761,0.04006,0.02254,-0.11272,-0.04650,-0.00736,-0.00000,0.00000,0.00000,0.00000,0.00000,0.00000,-0.33475,0.82728,0,0.05547,0.02989
4.7815,-0.04770,-0.02761,0.03984,0.02245,-0.11339,-0.04687,-0.00736,-0.00000,0.00000,0.00000,0.00000,0.00000,0.00000,-0.33472,0.82729,0,0.05547,0.02989
4.7835,-0.04770,-0.02761,0.03961,0.02235,-0.11405,-0.04725,-0.00736,-0.00000,0.00000,0.00000,0.00000,0.00000,0.00000,-0.33476,0.82728,0,0.05547,0.02989
4.7855,-0.04770,-0.02761,0.03938,0.02226,-0.11471,-0.04762,-0.00736,-0.00000,0.00000,0.00000,0.00000,0.00000,0.00000,-0.33477,0.82730,0,0.05547,0.02989
4.7875,-0.04770,-0.02761,0.03915,0.02216,-0.11537,-0.04799,-0.00736,-0.00000,0.00000,0.00000,0.00000,0.00000,0.00000,-0.33474,0.82728,0,0.05547,0.02989
4.7895,-0.04770,-0.02761,0.03892,0.02206,-0.11602,-0.04836,-0.00736,-0.00000,0.00000,0.00000,0.00000,0.00000,0.00000,-0.33472,0.82730,0,0.05547,0.02989
4.7916,-0.04770,-0.02761,0.03869,0.02197,-0.11667,-0.04873,-0.00736,-0.00000,0.00000,0.00000,0.00000,0.00000,0.00000,-0.33475,0.82728,0,0.05547,0.02989
4.7936,-0.04770,-0.02761,0.03845,0.02187,-0.11731,-0.04910,-0.00736,-0.00000,0.00000,0.00000,0.00000,0.00000,0.00000,-0.33481,0.82731,0,0.05547,0.02989
4.7956,-0.04770,-0.02761,0.03822,0.02177,-0.11795,-0.04946,-0.00736,-0.00000,0.00000,0.00000,0.00000,0.00000,0.00000,-0.33475,0.82730,0,0.05547,0.02989
4.7976,-0.04770,-0.02761,0.03798,0.02167,-0.11859,-0.04982,-0.00736,-0.00000,0.00000,0.00000,0.00000,0.00000,0.00000,-0.33476,0.82731,0,0.05547,0.02989
4.7996,-0.04770,-0.02761,0.03774,0.02157,-0.11922,-0.05018,-0.00736,-0.00000,0.00000,0.00000,0.00000,0.00000,0.00000,-0.33477,0.82729,0,0.05547,0.02989
4.8016,-0.04770,-0.02761,0.03750,0.02147,-0.11985,-0.05054,-0.00736,-0.00000,0.00000,0.00000,0.00000,0.00000,0.00000,-0.33481,0.82730,0,0.05547,0.02989
4.8036,-0.04770,-0.02761,0.03726,0.02137,-0.12047,-0.05090,-0.00736,-0.00000,0.00000,0.00000,0.00000,0.00000,0.00000,-0.33476,0.82727,0,0.05547,0.02989
4.8056,-0.04770,-0.02761,0.03702,0.02127,-0.12109,-0.05126,-0.00736,-0.00000,0.00000,0.00000,0.00000,0.00000,0.00000,-0.33480,0.82728,0,0.05547,0.02989
4.8077,-0.04843,-0.02766,0.04447,0.02474,-0.09553,-0.03943,-0.00522,-0.00000,0.00000,0.00000,0.00000,0.00000,0.00000,-0.33478,0.82728,0,0.05606,0.02991
4.8097,-0.04843,-0.02766,0.04428,0.02466,-0.09627,-0.03984,-0.00522,-0.00000,0.00000,0.00000,0.00000,0.00000,0.00000,-0.33478,0.82728,0,0.05606,0.02991
4.8117,-0.04843,-0.02766,0.04408,0.02458,-0.09701,-0.04025,-0.00522,-0.00000,0.00000,0.00000,0.00000,0.00000,0.00000,-0.33476,0.82727,0,0.05606,0.02991
4.8137,-0.04843,-0.02766,0.04389,0.02450,-0.09775,-0.04066,-0.00522,-0.00000,0.00000,0.00000,0.00000,0.00000,0.00000,-0.33479,0.82728,0,0.05606,0.02991
4.8157,-0.04843,-0.02766,0.04369,0.02442,-0.09848,-0.04107,-0.00522,-0.00000,0.00000,0.00000,0.00000,0.00000,0.00000,-0.33476,0.82730,0,0.05606,0.02991
4.8177,-0.04843,-0.02766,0.04349,0.02434,-0.09921,-0.04148,-0.00522,-0.00000,0.00000,0.00000,0.00000,0.00000,0.00000,-0.33475,0.82724,0,0.05606,0.02991
4.8197,-0.04843,-0.02766,0.04329,0.02426,-0.09993,-0.04189,-0.00522,-0.00000,0.00000,0.00000,0.00000,0.00000,0.00000,-0.33479,0.82728,0,0.05606,0.02991
4.8217,-0.04843,-0.02766,0.04309,0.02417,-0.10066,-0.04229,-0.00522,-0.00000,0.00000,0.00000,0.00000,0.00000,0.00000,-0.33480,0.82726,0,0.05606,0.02991
4.8237,-0.04843,-0.02766,0.04289,0.02409,-0.10137,-0.04269,-0.00522,-0.00000,0.00000,0.00000,0.00000,0.00000,0.00000,-0.33476,0.82729,0,0.05606,0.02991
4.8257,-0.04843,-0.02766,0.04269,0.02400,-0.10209,-0.04310,-0.00522,-0.00000,0.00000,0.00000,0.00000,0.00000,0.00000,-0.33481,0.82725,0,0.05606,0.02991
4.8277,-0.04843,-0.02766,0.04248,0.02391,-0.10280,-0.04350,-0.00522,-0.00000,0.00000,0.00000,0.00000,0.00000,0.00000,-0.33475,0.82731,0,0.05606,0.02991
4.8297,-0.04843,-0.02766,0.04228,0.02383,-0.10351,-0.04390,-0.00522,-0.00000,0.00000,0.00000,0.00000,0.00000,0.00000,-0.33475,0.82724,0,0.05606,0.02991
4.8317,-0.04843,-0.02766,0.04207,0.02374,-0.10421,-0.04429,-0.00522,-0.00000,0.00000,0.00000,0.00000,0.00000,0.00000,-0.33478,0.82726,0,0.05606,0.02991
4.8337,-0.04843,-0.02766,0.04186,0.02365,-0.10491,-0.04469,-0.00522,-0.00000,0.00000,0.00000,0.00000,0.00000,0.00000,-0.33477,0.82727,0,0.05606,0.02991
4.8357,-0.04843,-0.02766,0.04165,0.02356,-0.10561,-0.04508,-0.00522,-0.00000,0.00000,0.00000,0.00000,0.00000,0.00000,-0.33474,0.82730,0,0.05606,0.02991
4.8377,-0.04843,-0.02766,0.04144,0.02347,-0.10630,-0.04548,-0.00522,-0.00000,0.00000,0.00000,0.00000,0.00000,0.00000,-0.33476,0.82726,0,0.05606,0.02991
4.8397,-0.04843,-0.02766,0.04123,0.02338,-0.10699,-0.04587,-0.00522,-0.00000,0.00000,0.00000,0.00000,0.00000,0.00000,-0.33474,0.82726,0,0.05606,0.02991
4.8417,-0.04843,-0.02766,0.04101,0.02329,-0.10768,-0.04626,-0.00522,-0.00000,0.00000,0.00000,0.00000,0.00000,0.00000,-0.33479,0.82722,0,0.05606,0.02991
4.8437,-0.04843,-0.02766,0.04079,0.02319,-0.10836,-0.04665,-0.00522,-0.00000,0.00000,0.00000,0.00000,0.00000,0.00000,-0.33476,0.82723,0,0.05606,0.02991
4.8457,-0.04843,-0.02766,0.04058,0.02310,-0.10904,-0.04703,-0.00522,-0.00000,0.00000,0.00000,0.00000,0.00000,0.00000,-0.33479,0.82725,0,0.05606,0.02991
4.8477,-0.04843,-0.02766,0.04036,0.02300,-0.10972,-0.04742,-0.00522,-0.00000,0.00000,0.00000,0.00000,0.00000,0.00000,-0.33473,0.82726,0,0.05606,0.02991
4.8497,-0.04843,-0.02766,0.04014,0.02291,-0.11039,-0.04780,-0.00522,-0.00000,0.00000,0.00000,0.00000,0.00000,0.00000,-0.33479,0.82725,0,0.05606,0.02991
4.8517,-0.04843,-0.02766,0.03992,0.02281,-0.11106,-0.04819,-0.00522,-0.00000,0.00000,0.00000,0.00000,0.00000,0.00000,-0.33479,0.82727,0,0.05606,0.02991
4.8537,-0.04843,-0.02766,0.03969,0.02272,-0.11172,-0.04857,-0.00522,-0.00000,0.00000,0.00000,0.00000,0.00000,0.00000,-0.33476,0.82722,0,0.05606,0.02991
4.8557,-0.04843,-0.02766,0.03947,0.02262,-0.11239,-0.04894,-0.00522,-0.00000,0.00000,0.00000,0.00000,0.00000,0.00000,-0.33478,0.82724,0,0.05606,0.02991
4.8577,-0.04843,-0.02766,0.03924,0.02252,-0.11304,-0.04932,-0.00522,-0.00000,0.00000,0.00000,0.00000,0.00000,0.00000,-0.33477,0.82722,0,0.05606,0.02991
4.8597,-0.04843,-0.02766,0.03902,0.02242,-0.11370,-0.04970,-0.00522,-0.00000,0.00000,0.00000,0.00000,0.00000,0.00000,-0.33478,0.82727,0,0.05606,0.02991
4.8617,-0.04843,-0.02766,0.03879,0.02232,-0.11434,-0.05007,-0.00522,-0.00000,0.00000,0.00000,0.00000,0.00000,0.00000,-0.33476,0.82726,0,0.05606,0.02991
4.8637,-0.04843,-0.02766,0.03856,0.02222,-0.11499,-0.05044,-0.00522,-0.00000,0.00000,0.00000,0.00000,0.00000,0.00000,-0.33478,0.82725,0,0.05606,0.02991
4.8657,-0.04843,-0.02766,0.03833,0.02212,-0.11563,-0.05081,-0.00522,-0.00000,0.00000,0.00000,0.00000,0.00000,0.00000,-0.33481,0.82725,0,0.05606,0.02991
4.8677,-0.04843,-0.02766,0.03810,0.02202,-0.11627,-0.05118,-0.00522,-0.00000,0.00000,0.00000,0.00000,0.00000,0.00000,-0.33479,0.82722,0,0.05606,0.02991
4.8697,-0.04843,-0.02766,0.03786,0.02192,-0.11690,-0.05155,-0.00522,-0.00000,0.00000,0.00000,0.00000,0.00000,0.00000,-0.33477,0.82726,0,0.05606,0.02991
4.8717,-0.04843,-0.02766,0.03763,0.02181,-0.11753,-0.05191,-0.00522,-0.00000,0.00000,0.00000,0.00000,0.00000,0.00000,-0.33481,0.82722,0,0.05606,0.02991
4.8737,-0.04789,-0.02696,0.04461,0.02459,-0.09352,-0.04244,-0.00963,-0.00000,0.00000,0.00000,0.00000,0.00000,0.00000,-0.33478,0.82723,0,0.05570,0.02918
4.8757,-0.04789,-0.02696,0.04442,0.02450,-0.09427,-0.04285,-0.00963,-0.00000,0.00000,0.00000,0.00000,0.00000,0.00000,-0.33478,0.82723,0,0.05570,0.02918
4.8777,-0.04789,-0.02696,0.04423,0.02442,-0.09501,-0.04326,-0.00963,-0.00000,0.00000,0.00000,0.00000,0.00000,0.00000,-0.33477,0.82726,0,0.05570,0.02918
4.8797,-0.04789,-0.02696,0.04404,0.02433,-0.09575,-0.04367,-0.00963,-0.00000,0.00000,0.00000,0.00000,0.00000,0.00000,-0.33475,0.82725,0,0.05570,0.02918
4.8818,-0.04789,-0.02696,0.04385,0.02424,-0.09648,-0.04408,-0.00963,-0.00000,0.00000,0.00000,0.00000,0.00000,0.00000,-0.33481,0.82721,0,0.05570,0.02918
4.8838,-0.04789,-0.02696,0.04365,0.02415,-0.09721,-0.04448,-0.00963,-0.00000,0.00000,0.00000,0.00000,0.00000,0.00000,-0.33480,0.82722,0,0.05570,0.02918
4.8858,-0.04789,-0.02696,0.04346,0.02406,-0.09794,-0.04488,-0.00963,-0.00000,0.00000,0.00000,0.00000,0.00000,0.00000,-0.33480,0.82724,0,0.05570,0.02918
4.8878,-0.04789,-0.02696,0.04326,0.02397,-0.09867,-0.04528,-0.00963,-0.00000,0.00000,0.00000,0.00000,0.00000,0.00000,-0.33477,0.82721,0,0.05570,0.02918
4.8898,-0.04789,-0.02696,0.04306,0.02388,-0.09939,-0.04568,-0.00963,-0.00000,0.00000,0.00000,0.00000,0.00000,0.00000,-0.33480,0.82726,0,0.05570,0.02918
4.8918,-0.04789,-0.02696,0.04287,0.02379,-0.10010,-0.04608,-0.00963,-0.00000,0.00000,0.00000,0.00000,0.00000,0.00000,-0.33479,0.82730,0,0.05570,0.02918
4.8938,-0.04789,-0.02696,0.04266,0.02370,-0.10082,-0.04648,-0.00963,-0.00000,0.00000,0.00000,0.00000,0.00000,0.00000,-0.33479,0.82724,0,0.05570,0.02918
4.8958,-0.04789,-0.02696,0.04246,0.02361,-0.10153,-0.04688,-0.00963,-0.00000,0.00000,0.00000,0.00000,0.00000,0.00000,-0.33476,0.82728,0,0.05570,0.02918
4.8978,-0.04789,-0.02696,0.04226,0.02351,-0.10224,-0.04727,-0.00963,-0.00000,0.00000,0.00000,0.00000,0.00000,0.00000,-0.33477,0.82726,0,0.05570,0.02918
4.8999,-0.04789,-0.02696,0.04205,0.02342,-0.10294,-0.04766,-0.00963,-0.00000,0.00000,0.00000,0.00000,0.00000,0.00000,-0.33477,0.82724,0,0.05570,0.02918
4.9019,-0.04789,-0.02696,0.04185,0.02332,-0.10364,-0.04805,-0.00963,-0.00000,0.00000,0.00000,0.00000,0.00000,0.00000,-0.33481,0.82724,0,0.05570,0.02918
4.9039,-0.04789,-0.02696,0.04164,0.02322,-0.10434,-0.04844,-0.00963,-0.00000,0.00000,0.00000,0.00000,0.00000,0.00000,-0.33479,0.82725,0,0.05570,0.02918
4.9059,-0.04789,-0.02696,0.04143,0.02313,-0.10503,-0.04883,-0.00963,-0.00000,0.00000,0.00000,0.00000,0.00000,0.00000,-0.33478,0.82726,0,0.05570,0.02918
4.9079,-0.04789,-0.02696,0.04122,0.02303,-0.10572,-0.04921,-0.00963,-0.00000,0.00000,0.00000,0.00000,0.00000,0.00000,-0.33478,0.82725,0,0.05570,0.02918
4.9099,-0.04789,-0.02696,0.04101,0.02293,-0.10641,-0.04960,-0.00963,-0.00000,0.00000,0.00000,0.00000,0.00000,0.00000,-0.33476,0.82725,0,0.05570,0.02918
4.9119,-0.04789,-0.02696,0.04079,0.02283,-0.10709,-0.04998,-0.00963,-0.00000,0.00000,0.00000,0.00000,0.00000,0.00000,-0.33483,0.82724,0,0.05570,0.02918
4.9139,-0.04789,-0.02696,0.04058,0.02273,-0.10777,-0.05036,-0.00963,-0.00000,0.00000,0.00000,0.00000,0.00000,0.00000,-0.33476,0.82726,0,0.05570,0.02918
4.9159,-0.04789,-0.02696,0.04036,0.02263,-0.10845,-0.05074,-0.00963,-0.00000,0.00000,0.00000,0.00000,0.00000,0.00000,-0.33477,0.82728,0,0.05570,0.02918
4.9179,-0.04789,-0.02696,0.04014,0.02253,-0.10912,-0.05112,-0.00963,-0.00000,0.00000,0.00000,0.00000,0.00000,0.00000,-0.33478,0.82724,0,0.05570,0.02918
4.9199,-0.04789,-0.02696,0.03993,0.02242,-0.10979,-0.05149,-0.00963,-0.00000,0.00000,0.00000,0.00000,0.00000,0.00000,-0.33478,0.82722,0,0.05570,0.02918
4.9219,-0.04789,-0.02696,0.03970,0.02232,-0.11045,-0.05187,-0.00963,-0.00000,0.00000,0.00000,0.00000,0.00000,0.00000,-0.33475,0.82727,0,0.05570,0.02918
4.9239,-0.04789,-0.02696,0.03948,0.02222,-0.11111,-0.05224,-0.00963,-0.00000,0.00000,0.00000,0.00000,0.00000,0.00000,-0.33478,0.82723,0,0.05570,0.02918
4.9259,-0.04789,-0.02696,0.03926,0.02211,-0.11177,-0.05261,-0.00963,-0.00000,0.00000,0.00000,0.00000,0.00000,0.00000,-0.33478,0.82727,0,0.05570,0.02918
4.9279,-0.04789,-0.02696,0.03904,0.02201,-0.11243,-0.05298,-0.00963,-0.00000,0.00000,0.00000,0.00000,0.00000,0.00000,-0.33478,0.82726,0,0.05570,0.02918
4.9299,-0.04789,-0.02696,0.03881,0.02190,-0.11308,-0.05334,-0.00963,-0.00000,0.00000,0.00000,0.00000,0.00000,0.00000,-0.33480,0.82723,0,0.05570,0.02918
4.9319,-0.04789,-0.02696,0.03858,0.02179,-0.11372,-0.05371,-0.00963,-0.00000,0.00000,0.00000,0.00000,0.00000,0.00000,-0.33481,0.82727,0,0.05570,0.02918
4.9339,-0.04789,-0.02696,0.03836,0.02169,-0.11436,-0.05407,-0.00963,-0.00000,0.00000,0.00000,0.00000,0.00000,0.00000,-0.33476,0.82730,0,0.05570,0.02918
4.9359,-0.04789,-0.02696,0.03813,0.02158,-0.11500,-0.05443,-0.00963,-0.00000,0.00000,0.00000,0.00000,0.00000,0.00000,-0.33480,0.82726,0,0.05570,0.02918
4.9379,-0.04789,-0.02696,0.03790,0.02147,-0.11564,-0.05479,-0.00963,-0.00000,0.00000,0.00000,0.00000,0.00000,0.00000,-0.33476,0.82723,0,0.05570,0.02918
4.9399,-0.04789,-0.02696,0.03766,0.02136,-0.11627,-0.05515,-0.00963,-0.00000,0.00000,0.00000,0.00000,0.00000,0.00000,-0.33479,0.82731,0,0.05570,0.02918
4.9419,-0.04792,-0.02645,0.04462,0.02398,-0.09254,-0.04624,-0.00453,-0.00000,0.00000,0.00000,0.00000,0.00000,0.00000,-0.33478,0.82723,0,0.05579,0.02864
4.9439,-0.04792,-0.02645,0.04444,0.02389,-0.09328,-0.04664,-0.00453,-0.00000,0.00000,0.00000,0.00000,0.00000,0.00000,-0.33478,0.82723,0,0.05579,0.02864
4.9459,-0.04792,-0.02645,0.04425,0.02380,-0.09402,-0.04704,-0.00453,-0.00000,0.00000,0.00000,0.00000,0.00000,0.00000,-0.33479,0.82723,0,0.05579,0.02864
4.9479,-0.04792,-0.02645,0.04406,0.02370,-0.09476,-0.04743,-0.00453,-0.00000,0.00000,0.00000,0.00000,0.00000,0.00000,-0.33478,0.82729,0,0.05579,0.02864
4.9499,-0.04792,-0.02645,0.04387,0.02361,-0.09550,-0.04783,-0.00453,-0.00000,0.00000,0.00000,0.00000,0.00000,0.00000,-0.33479,0.82727,0,0.05579,0.02864
4.9519,-0.04792,-0.02645,0.04368,0.02351,-0.09623,-0.04822,-0.00453,-0.00000,0.00000,0.00000,0.00000,0.00000,0.00000,-0.33474,0.82729,0,0.05579,0.02864
4.9539,-0.04792,-0.02645,0.04349,0.02342,-0.09695,-0.04862,-0.00453,-0.00000,0.00000,0.00000,0.00000,0.00000,0.00000,-0.33477,0.82729,0,0.05579,0.02864
4.9559,-0.04792,-0.02645,0.04329,0.02332,-0.09768,-0.04901,-0.00453,-0.00000,0.00000,0.00000,0.00000,0.00000,0.00000,-0.33478,0.82727,0,0.05579,0.02864
4.9579,-0.04792,-0.02645,0.04310,0.02322,-0.09840,-0.04940,-0.00453,-0.00000,0.00000,0.00000,0.00000,0.00000,0.00000,-0.33476,0.82726,0,0.05579,0.02864
4.9599,-0.04792,-0.02645,0.04290,0.02312,-0.09912,-0.04978,-0.00453,-0.00000,0.00000,0.00000,0.00000,0.00000,0.00000,-0.33475,0.82726,0,0.05579,0.02864
4.9619,-0.04792,-0.02645,0.04270,0.02302,-0.09984,-0.05017,-0.00453,-0.00000,0.00000,0.00000,0.00000,0.00000,0.00000,-0.33481,0.82724,0,0.05579,0.02864
4.9639,-0.04792,-0.02645,0.04250,0.02292,-0.10055,-0.05055,-0.00453,-0.00000,0.00000,0.00000,0.00000,0.00000,0.00000,-0.33480,0.82725,0,0.05579,0.02864
4.9659,-0.04792,-0.02645,0.04230,0.02282,-0.10126,-0.05093,-0.00453,-0.00000,0.00000,0.00000,0.00000,0.00000,0.00000,-0.33475,0.82726,0,0.05579,0.02864
4.9679,-0.04792,-0.02645,0.04209,0.02272,-0.10196,-0.05132,-0.00453,-0.00000,0.00000,0.00000,0.00000,0.00000,0.00000,-0.33478,0.82724,0,0.05579,0.02864
4.9699,-0.04792,-0.02645,0.04189,0.02261,-0.10266,-0.05169,-0.00453,-0.00000,0.00000,0.00000,0.00000,0.00000,0.00000,-0.33477,0.82727,0,0.05579,0.02864
4.9719,-0.04792,-0.02645,0.04168,0.02251,-0.10336,-0.05207,-0.00453,-0.00000,0.00000,0.00000,0.00000,0.00000,0.00000,-0.33479,0.82726,0,0.05579,0.02864
4.9739,-0.04792,-0.02645,0.04148,0.02240,-0.10405,-0.05245,-0.00453,-0.00000,0.00000,0.00000,0.00000,0.00000,0.00000,-0.33477,0.82727,0,0.05579,0.02864
4.9759,-0.04792,-0.02645,0.04127,0.02230,-0.10475,-0.05282,-0.00453,-0.00000,0.00000,0.00000,0.00000,0.00000,0.00000,-0.33477,0.82724,0,0.05579,0.02864
4.9779,-0.04792,-0.02645,0.04106,0.02219,-0.10543,-0.05319,-0.00453,-0.00000,0.00000,0.00000,0.00000,0.00000,0.00000,-0.33476,0.82726,0,0.05579,0.02864
4.9799,-0.04792,-0.02645,0.04085,0.02209,-0.10612,-0.05356,-0.00453,-0.00000,0.00000,0.00000,0.00000,0.00000,0.00000,-0.33479,0.82726,0,0.05579,0.02864
4.9819,-0.04792,-0.02645,0.04063,0.02198,-0.10680,-0.05393,-0.00453,-0.00000,0.00000,0.00000,0.00000,0.00000,0.00000,-0.33478,0.82728,0,0.05579,0.02864
4.9839,-0.04792,-0.02645,0.04042,0.02187,-0.10747,-0.05430,-0.00453,-0.00000,0.00000,0.00000,0.00000,0.00000,0.00000,-0.33476,0.82726,0,0.05579,0.02864
4.9859,-0.04792,-0.02645,0.04020,0.02176,-0.10815,-0.05466,-0.00453,-0.00000,0.00000,0.00000,0.00000,0.00000,0.00000,-0.33474,0.82728,0,0.05579,0.02864
4.9879,-0.04792,-0.02645,0.03999,0.02165,-0.10882,-0.05502,-0.00453,-0.00000,0.00000,0.00000,0.00000,0.00000,0.00000,-0.33481,0.82723,0,0.05579,0.02864
4.9899,-0.04792,-0.02645,0.03977,0.02154,-0.10948,-0.05538,-0.00453,-0.00000,0.00000,0.00000,0.00000,0.00000,0.00000,-0.33476,0.82724,0,0.05579,0.02864
4.9919,-0.04792,-0.02645,0.03955,0.02143,-0.11014,-0.05574,-0.00453,-0.00000,0.00000,0.00000,0.00000,0.00000,0.00000,-0.33478,0.82724,0,0.05579,0.02864
4.9939,-0.04792,-0.02645,0.03933,0.02132,-0.11080,-0.05610,-0.00453,-0.00000,0.00000,0.00000,0.00000,0.00000,0.00000,-0.33481,0.82729,0,0.05579,0.02864
4.9959,-0.04792,-0.02645,0.03910,0.02121,-0.11146,-0.05645,-0.00453,-0.00000,0.00000,0.00000,0.00000,0.00000,0.00000,-0.33476,0.82730,0,0.05579,0.02864
4.9979,-0.04792,-0.02645,0.03888,0.02109,-0.11211,-0.05681,-0.00453,-0.00000,0.00000,0.00000,0.00000,0.00000,0.00000,-0.33478,0.82726,0,0.05579,0.02864
4.9999,-0.04792,-0.02645,0.03866,0.02098,-0.11276,-0.05716,-0.00453,-0.00000,0.00000,0.00000,0.00000,0.00000,0.00000,-0.33472,0.82729,0,0.05579,0.02864
5.0019,-0.04792,-0.02645,0.03843,0.02086,-0.11340,-0.05751,-0.00453,-0.00000,0.00000,0.00000,0.00000,0.00000,0.00000,-0.33473,0.82729,0,0.05579,0.02864
5.0039,-0.04792,-0.02645,0.03820,0.02075,-0.11404,-0.05785,-0.00453,-0.00000,0.00000,0.00000,0.00000,0.00000,0.00000,-0.33482,0.82730,0,0.05579,0.02864
5.0059,-0.04792,-0.02645,0.03797,0.02063,-0.11467,-0.05820,-0.00453,-0.00000,0.00000,0.00000,0.00000,0.00000,0.00000,-0.33479,0.82728,0,0.05579,0.02864
5.0079,-0.04792,-0.02645,0.03774,0.02052,-0.11531,-0.05854,-0.00453,-0.00000,0.00000,0.00000,0.00000,0.00000,0.00000,-0.33479,0.82728,0,0.05579,0.02864
5.0099,-0.04792,-0.02648,0.04487,0.02363,-0.09083,-0.04787,-0.00961,-0.00000,0.00000,0.00000,0.00000,0.00000,0.00000,-0.33477,0.82730,0,0.05578,0.02871
5.0119,-0.04792,-0.02648,0.04469,0.02353,-0.09158,-0.04827,-0.00961,-0.00000,0.00000,0.00000,0.00000,0.00000,0.00000,-0.33477,0.82730,0,0.05578,0.02871
5.0139,-0.04792,-0.02648,0.04450,0.02343,-0.09232,-0.04866,-0.00961,-0.00000,0.00000,0.00000,0.00000,0.00000,0.00000,-0.33482,0.82726,0,0.05578,0.02871
5.0159,-0.04792,-0.02648,0.04432,0.02334,-0.09307,-0.04905,-0.00961,-0.00000,0.00000,0.00000,0.00000,0.00000,0.00000,-0.33481,0.82726,0,0.05578,0.02871
5.0179,-0.04792,-0.02648,0.04413,0.02324,-0.09380,-0.04944,-0.00961,-0.00000,0.00000,0.00000,0.00000,0.00000,0.00000,-0.33480,0.82726,0,0.05578,0.02871
5.0199,-0.04792,-0.02648,0.04394,0.02314,-0.09454,-0.04983,-0.00961,-0.00000,0.00000,0.00000,0.00000,0.00000,0.00000,-0.33476,0.82729,0,0.05578,0.02871
5.0220,-0.04792,-0.02648,0.04375,0.02304,-0.09527,-0.05021,-0.00961,-0.00000,0.00000,0.00000,0.00000,0.00000,0.00000,-0.33475,0.82729,0,0.05578,0.02871
5.0240,-0.04792,-0.02648,0.04356,0.02294,-0.09600,-0.05060,-0.00961,-0.00000,0.00000,0.00000,0.00000,0.00000,0.00000,-0.33478,0.82731,0,0.05578,0.02871
5.0260,-0.04792,-0.02648,0.04337,0.02284,-0.09673,-0.05098,-0.00961,-0.00000,0.00000,0.00000,0.00000,0.00000,0.00000,-0.33478,0.82725,0,0.05578,0.02871
5.0280,-0.04792,-0.02648,0.04318,0.02273,-0.09745,-0.05136,-0.00961,-0.00000,0.00000,0.00000,0.00000,0.00000,0.00000,-0.33476,0.82726,0,0.05578,0.02871
5.0300,-0.04792,-0.02648,0.04298,0.02263,-0.09817,-0.05174,-0.00961,-0.00000,0.00000,0.00000,0.00000,0.00000,0.00000,-0.33473,0.82723,0,0.05578,0.02871
5.0320,-0.04792,-0.02648,0.04278,0.02253,-0.09889,-0.05212,-0.00961,-0.00000,0.00000,0.00000,0.00000,0.00000,0.00000,-0.33477,0.82727,0,0.05578,0.02871
5.0340,-0.04792,-0.02648,0.04258,0.02242,-0.09960,-0.05249,-0.00961,-0.00000,0.00000,0.00000,0.00000,0.00000,0.00000,-0.33478,0.82727,0,0.05578,0.02871
5.0360,-0.04792,-0.02648,0.04238,0.02232,-0.10031,-0.05287,-0.00961,-0.00000,0.00000,0.00000,0.00000,0.00000,0.00000,-0.33478,0.82728,0,0.05578,0.02871
5.0380,-0.04792,-0.02648,0.04218,0.02221,-0.10102,-0.05324,-0.00961,-0.00000,0.00000,0.00000,0.00000,0.00000,0.00000,-0.33479,0.82731,0,0.05578,0.02871
5.0400,-0.04792,-0.02648,0.04198,0.02210,-0.10172,-0.05361,-0.00961,-0.00000,0.00000,0.00000,0.00000,0.00000,0.00000,-0.33476,0.82726,0,0.05578,0.02871
5.0420,-0.04792,-0.02648,0.04178,0.02200,-0.10242,-0.05398,-0.00961,-0.00000,0.00000,0.00000,0.00000,0.00000,0.00000,-0.33476,0.82730,0,0.05578,0.02871
5.0440,-0.04792,-0.02648,0.04157,0.02189,-0.10312,-0.05434,-0.00961,-0.00000,0.00000,0.00000,0.00000,0.00000,0.00000,-0.33475,0.82727,0,0.05578,0.02871
5.0460,-0.04792,-0.02648,0.04136,0.02178,-0.10381,-0.05471,-0.00961,-0.00000,0.00000,0.00000,0.00000,0.00000,0.00000,-0.33477,0.82727,0,0.05578,0.02871
5.0480,-0.04792,-0.02648,0.04116,0.02167,-0.10450,-0.05507,-0.00961,-0.00000,0.00000,0.00000,0.00000,0.00000,0.00000,-0.33483,0.82723,0,0.05578,0.02871
5.0500,-0.04792,-0.02648,0.04095,0.02156,-0.10518,-0.05543,-0.00961,-0.00000,0.00000,0.00000,0.00000,0.00000,0.00000,-0.33477,0.82727,0,0.05578,0.02871
5.0520,-0.04792,-0.02648,0.04073,0.02145,-0.10587,-0.05579,-0.00961,-0.00000,0.00000,0.00000,0.00000,0.00000,0.00000,-0.33480,0.82725,0,0.05578,0.02871
5.0540,-0.04792,-0.02648,0.04052,0.02133,-0.10655,-0.05615,-0.00961,-0.00000,0.00000,0.00000,0.00000,0.00000,0.00000,-0.33477,0.82723,0,0.05578,0.02871
5.0560,-0.04792,-0.02648,0.04031,0.02122,-0.10722,-0.05650,-0.00961,-0.00000,0.00000,0.00000,0.00000,0.00000,0.00000,-0.33481,0.82726,0,0.05578,0.02871
5.0580,-0.04792,-0.02648,0.04009,0.02111,-0.10789,-0.05686,-0.00961,-0.00000,0.00000,0.00000,0.00000,0.00000,0.00000,-0.33475,0.82726,0,0.05578,0.02871
5.0600,-0.04792,-0.02648,0.03988,0.02099,-0.10856,-0.05721,-0.00961,-0.00000,0.00000,0.00000,0.00000,0.00000,0.00000,-0.33479,0.82729,0,0.05578,0.02871
5.0620,-0.04792,-0.02648,0.03966,0.02088,-0.10922,-0.05756,-0.00961,-0.00000,0.00000,0.00000,0.00000,0.00000,0.00000,-0.33480,0.82729,0,0.05578,0.02871
5.0640,-0.04792,-0.02648,0.03944,0.02076,-0.10988,-0.05791,-0.00961,-0.00000,0.00000,0.00000,0.00000,0.00000,0.00000,-0.33480,0.82726,0,0.05578,0.02871
5.0660,-0.04792,-0.02648,0.03922,0.02065,-0.11054,-0.05825,-0.00961,-0.00000,0.00000,0.00000,0.00000,0.00000,0.00000,-0.33477,0.82726,0,0.05578,0.02871
5.0680,-0.04792,-0.02648,0.03900,0.02053,-0.11119,-0.05859,-0.00961,-0.00000,0.00000,0.00000,0.00000,0.00000,0.00000,-0.33478,0.82725,0,0.05578,0.02871
5.0700,-0.04792,-0.02648,0.03878,0.02041,-0.11184,-0.05894,-0.00961,-0.00000,0.00000,0.00000,0.00000,0.00000,0.00000,-0.33478,0.82730,0,0.05578,0.02871
5.0720,-0.04792,-0.02648,0.03855,0.02030,-0.11249,-0.05928,-0.00961,-0.00000,0.00000,0.00000,0.00000,0.00000,0.00000,-0.33476,0.82730,0,0.05578,0.02871
5.0740,-0.04775,-0.02638,0.04513,0.02343,-0.08987,-0.04851,-0.00692,-0.00000,0.00000,0.00000,0.00000,0.00000,0.00000,-0.33480,0.82729,0,0.05569,0.02868
5.0760,-0.04775,-0.02638,0.04495,0.02333,-0.09063,-0.04890,-0.00692,-0.00000,0.00000,0.00000,0.00000,0.00000,0.00000,-0.33480,0.82729,0,0.05569,0.02868
5.0780,-0.04775,-0.02638,0.04477,0.02323,-0.09138,-0.04929,-0.00692,-0.00000,0.00000,0.00000,0.00000,0.00000,0.00000,-0.33480,0.82725,0,0.05569,0.02868
5.0800,-0.04775,-0.02638,0.04458,0.02313,-0.09212,-0.04967,-0.00692,-0.00000,0.00000,0.00000,0.00000,0.00000,0.00000,-0.33478,0.82730,0,0.05569,0.02868
5.0820,-0.04775,-0.02638,0.04440,0.02303,-0.09287,-0.05006,-0.00692,-0.00000,0.00000,0.00000,0.00000,0.00000,0.00000,-0.33480,0.82726,0,0.05569,0.02868
5.0840,-0.04775,-0.02638,0.04421,0.02293,-0.09361,-0.05044,-0.00692,-0.00000,0.00000,0.00000,0.00000,0.00000,0.00000,-0.33475,0.82729,0,0.05569,0.02868
5.0860,-0.04775,-0.02638,0.04402,0.02283,-0.09434,-0.05083,-0.00692,-0.00000,0.00000,0.00000,0.00000,0.00000,0.00000,-0.33480,0.82725,0,0.05569,0.02868
5.0880,-0.04775,-0.02638,0.04383,0.02273,-0.09508,-0.05121,-0.00692,-0.00000,0.00000,0.00000,0.00000,0.00000,0.00000,-0.33478,0.82727,0,0.05569,0.02868
5.0900,-0.04775,-0.02638,0.04364,0.02263,-0.09581,-0.05158,-0.00692,-0.00000,0.00000,0.00000,0.00000,0.00000,0.00000,-0.33481,0.82727,0,0.05569,0.02868
5.0920,-0.04775,-0.02638,0.04345,0.02252,-0.09654,-0.05196,-0.00692,-0.00000,0.00000,0.00000,0.00000,0.00000,0.00000,-0.33482,0.82723,0,0.05569,0.02868
5.0940,-0.04775,-0.02638,0.04326,0.02242,-0.09726,-0.05234,-0.00692,-0.00000,0.00000,0.00000,0.00000,0.00000,0.00000,-0.33475,0.82729,0,0.05569,0.02868
5.0960,-0.04775,-0.02638,0.04306,0.02231,-0.09798,-0.05271,-0.00692,-0.00000,0.00000,0.00000,0.00000,0.00000,0.00000,-0.33478,0.82730,0,0.05569,0.02868
5.0980,-0.04775,-0.02638,0.04287,0.02221,-0.09870,-0.05308,-0.00692,-0.00000,0.00000,0.00000,0.00000,0.00000,0.00000,-0.33477,0.82729,0,0.05569,0.02868
5.1000,-0.04775,-0.02638,0.04267,0.02210,-0.09942,-0.05345,-0.00692,-0.00000,0.00000,0.00000,0.00000,0.00000,0.00000,-0.33479,0.82727,0,0.05569,0.02868
5.1020,-0.04775,-0.02638,0.04247,0.02199,-0.10013,-0.05382,-0.00692,-0.00000,0.00000,0.00000,0.00000,0.00000,0.00000,-0.33478,0.82726,0,0.05569,0.02868
5.1041,-0.04775,-0.02638,0.04227,0.02189,-0.10083,-0.05419,-0.00692,-0.00000,0.00000,0.00000,0.00000,0.00000,0.00000,-0.33477,0.82726,0,0.05569,0.02868
5.1061,-0.04775,-0.02638,0.04206,0.02178,-0.10154,-0.05455,-0.00692,-0.00000,0.00000,0.00000,0.00000,0.00000,0.00000,-0.33477,0.82726,0,0.05569,0.02868
5.1081,-0.04775,-0.02638,0.04186,0.02167,-0.10224,-0.05492,-0.00692,-0.00000,0.00000,0.00000,0.00000,0.00000,0.00000,-0.33480,0.82730,0,0.05569,0.02868
5.1101,-0.04775,-0.02638,0.04166,0.02156,-0.10294,-0.05528,-0.00692,-0.00000,0.00000,0.00000,0.00000,0.00000,0.00000,-0.33481,0.82727,0,0.05569,0.02868
5.1121,-0.04775,-0.02638,0.04145,0.02145,-0.10363,-0.05564,-0.00692,-0.00000,0.00000,0.00000,0.00000,0.00000,0.00000,-0.33477,0.82732,0,0.05569,0.02868
5.1141,-0.04775,-0.02638,0.04124,0.02133,-0.10432,-0.05599,-0.00692,-0.00000,0.00000,0.00000,0.00000,0.00000,0.00000,-0.33476,0.82730,0,0.05569,0.02868
5.1161,-0.04775,-0.02638,0.04103,0.02122,-0.10501,-0.05635,-0.00692,-0.00000,0.00000,0.00000,0.00000,0.00000,0.00000,-0.33479,0.82727,0,0.05569,0.02868
5.1181,-0.04775,-0.02638,0.04082,0.02111,-0.10569,-0.05670,-0.00692,-0.00000,0.00000,0.00000,0.00000,0.00000,0.00000,-0.33475,0.82729,0,0.05569,0.02868
5.1201,-0.04775,-0.02638,0.04061,0.02100,-0.10637,-0.05705,-0.00692,-0.00000,0.00000,0.00000,0.00000,0.00000,0.00000,-0.33475,0.82728,0,0.05569,0.02868
5.1221,-0.04775,-0.02638,0.04040,0.02088,-0.10705,-0.05740,-0.00692,-0.00000,0.00000,0.00000,0.00000,0.00000,0.00000,-0.33479,0.82729,0,0.05569,0.02868
5.1241,-0.04775,-0.02638,0.04018,0.02077,-0.10772,-0.05775,-0.00692,-0.00000,0.00000,0.00000,0.00000,0.00000,0.00000,-0.33479,0.82724,0,0.05569,0.02868
5.1261,-0.04775,-0.02638,0.03996,0.02065,-0.10839,-0.05810,-0.00692,-0.00000,0.00000,0.00000,0.00000,0.00000,0.00000,-0.33475,0.82730,0,0.05569,0.02868
5.1281,-0.04775,-0.02638,0.03975,0.02053,-0.10906,-0.05844,-0.00692,-0.00000,0.00000,0.00000,0.00000,0.00000,0.00000,-0.33479,0.82725,0,0.05569,0.02868
5.1301,-0.04775,-0.02638,0.03953,0.02042,-0.10972,-0.05878,-0.00692,-0.00000,0.00000,0.00000,0.00000,0.00000,0.00000,-0.33479,0.82729,0,0.05569,0.02868
5.1322,-0.04775,-0.02638,0.03931,0.02030,-0.11038,-0.05912,-0.00692,-0.00000,0.00000,0.00000,0.00000,0.00000,0.00000,-0.33474,0.82728,0,0.05569,0.02868
5.1342,-0.04775,-0.02638,0.03909,0.02018,-0.11103,-0.05946,-0.00692,-0.00000,0.00000,0.00000,0.00000,0.00000,0.00000,-0.33474,0.82728,0,0.05569,0.02868
5.1362,-0.04775,-0.02638,0.03886,0.02006,-0.11168,-0.05979,-0.00692,-0.00000,0.00000,0.00000,0.00000,0.00000,0.00000,-0.33480,0.82726,0,0.05569,0.02868
5.1382,-0.04775,-0.02638,0.03864,0.01994,-0.11233,-0.06013,-0.00692,-0.00000,0.00000,0.00000,0.00000,0.00000,0.00000,-0.33474,0.82726,0,0.05569,0.02868
5.1402,-0.04788,-0.02660,0.04514,0.02334,-0.08988,-0.04838,-0.01047,-0.00000,0.00000,0.00000,0.00000,0.00000,0.00000,-0.33476,0.82730,0,0.05563,0.02888
5.1422,-0.04788,-0.02660,0.04496,0.02324,-0.09064,-0.04877,-0.01047,-0.00000,0.00000,0.00000,0.00000,0.00000,0.00000,-0.33476,0.82730,0,0.05563,0.02888
5.1442,-0.04788,-0.02660,0.04478,0.02315,-0.09139,-0.04916,-0.01047,-0.00000,0.00000,0.00000,0.00000,0.00000,0.00000,-0.33479,0.82729,0,0.05563,0.02888
5.1462,-0.04788,-0.02660,0.04460,0.02305,-0.09213,-0.04954,-0.01047,-0.00000,0.00000,0.00000,0.00000,0.00000,0.00000,-0.33481,0.82728,0,0.05563,0.02888
5.1482,-0.04788,-0.02660,0.04441,0.02295,-0.09288,-0.04993,-0.01047,-0.00000,0.00000,0.00000,0.00000,0.00000,0.00000,-0.33477,0.82726,0,0.05563,0.02888
5.1502,-0.04788,-0.02660,0.04423,0.02285,-0.09362,-0.05031,-0.01047,-0.00000,0.00000,0.00000,0.00000,0.00000,0.00000,-0.33477,0.82726,0,0.05563,0.02888
5.1522,-0.04788,-0.02660,0.04404,0.02275,-0.09436,-0.05069,-0.01047,-0.00000,0.00000,0.00000,0.00000,0.00000,0.00000,-0.33481,0.82725,0,0.05563,0.02888
5.1542,-0.04788,-0.02660,0.04385,0.02264,-0.09509,-0.05107,-0.01047,-0.00000,0.00000,0.00000,0.00000,0.00000,0.00000,-0.33478,0.82724,0,0.05563,0.02888
5.1562,-0.04788,-0.02660,0.04366,0.02254,-0.09582,-0.05145,-0.01047,-0.00000,0.00000,0.00000,0.00000,0.00000,0.00000,-0.33479,0.82728,0,0.05563,0.02888
5.1582,-0.04788,-0.02660,0.04347,0.02244,-0.09655,-0.05182,-0.01047,-0.00000,0.00000,0.00000,0.00000,0.00000,0.00000,-0.33478,0.82727,0,0.05563,0.02888
5.1602,-0.04788,-0.02660,0.04327,0.02233,-0.09727,-0.05220,-0.01047,-0.00000,0.00000,0.00000,0.00000,0.00000,0.00000,-0.33480,0.82727,0,0.05563,0.02888
5.1622,-0.04788,-0.02660,0.04308,0.02223,-0.09800,-0.05257,-0.01047,-0.00000,0.00000,0.00000,0.00000,0.00000,0.00000,-0.33478,0.82726,0,0.05563,0.02888
5.1642,-0.04788,-0.02660,0.04288,0.02212,-0.09871,-0.05294,-0.01047,-0.00000,0.00000,0.00000,0.00000,0.00000,0.00000,-0.33478,0.82726,0,0.05563,0.02888
5.1662,-0.04788,-0.02660,0.04268,0.02202,-0.09943,-0.05331,-0.01047,-0.00000,0.00000,0.00000,0.00000,0.00000,0.00000,-0.33480,0.82728,0,0.05563,0.02888
5.1682,-0.04788,-0.02660,0.04248,0.02191,-0.10014,-0.05368,-0.01047,-0.00000,0.00000,0.00000,0.00000,0.00000,0.00000,-0.33482,0.82725,0,0.05563,0.02888
5.1702,-0.04788,-0.02660,0.04228,0.02180,-0.10085,-0.05404,-0.01047,-0.00000,0.00000,0.00000,0.00000,0.00000,0.00000,-0.33483,0.82727,0,0.05563,0.02888
5.1723,-0.04788,-0.02660,0.04208,0.02169,-0.10155,-0.05441,-0.01047,-0.00000,0.00000,0.00000,0.00000,0.00000,0.00000,-0.33482,0.82729,0,0.05563,0.02888
5.1743,-0.04788,-0.02660,0.04188,0.02159,-0.10225,-0.05477,-0.01047,-0.00000,0.00000,0.00000,0.00000,0.00000,0.00000,-0.33480,0.82724,0,0.05563,0.02888
5.1763,-0.04788,-0.02660,0.04167,0.02148,-0.10295,-0.05513,-0.01047,-0.00000,0.00000,0.00000,0.00000,0.00000,0.00000,-0.33480,0.82724,0,0.05563,0.02888
5.1783,-0.04788,-0.02660,0.04146,0.02137,-0.10365,-0.05548,-0.01047,-0.00000,0.00000,0.00000,0.00000,0.00000,0.00000,-0.33482,0.82725,0,0.05563,0.02888
5.1803,-0.04788,-0.02660,0.04126,0.02125,-0.10434,-0.05584,-0.01047,-0.00000,0.00000,0.00000,0.00000,0.00000,0.00000,-0.33481,0.82730,0,0.05563,0.02888
5.1823,-0.04788,-0.02660,0.04105,0.02114,-0.10502,-0.05619,-0.01047,-0.00000,0.00000,0.00000,0.00000,0.00000,0.00000,-0.33477,0.82730,0,0.05563,0.02888
5.1843,-0.04788,-0.02660,0.04084,0.02103,-0.10571,-0.05655,-0.01047,-0.00000,0.00000,0.00000,0.00000,0.00000,0.00000,-0.33481,0.82728,0,0.05563,0.02888
5.1863,-0.04788,-0.02660,0.04062,0.02092,-0.10639,-0.05690,-0.01047,-0.00000,0.00000,0.00000,0.00000,0.00000,0.00000,-0.33481,0.82728,0,0.05563,0.02888
5.1883,-0.04788,-0.02660,0.04041,0.02080,-0.10707,-0.05724,-0.01047,-0.00000,0.00000,0.00000,0.00000,0.00000,0.00000,-0.33475,0.82731,0,0.05563,0.02888
5.1903,-0.04788,-0.02660,0.04020,0.02069,-0.10774,-0.05759,-0.01047,-0.00000,0.00000,0.00000,0.00000,0.00000,0.00000,-0.33477,0.82728,0,0.05563,0.02888
5.1923,-0.04788,-0.02660,0.03998,0.02057,-0.10841,-0.05794,-0.01047,-0.00000,0.00000,0.00000,0.00000,0.00000,0.00000,-0.33477,0.82728,0,0.05563,0.02888
5.1943,-0.04788,-0.02660,0.03976,0.02045,-0.10907,-0.05828,-0.01047,-0.00000,0.00000,0.00000,0.00000,0.00000,0.00000,-0.33481,0.82726,0,0.05563,0.02888
5.1963,-0.04788,-0.02660,0.03954,0.02034,-0.10974,-0.05862,-0.01047,-0.00000,0.00000,0.00000,0.00000,0.00000,0.00000,-0.33481,0.82726,0,0.05563,0.02888
5.1983,-0.04788,-0.02660,0.03932,0.02022,-0.11039,-0.05896,-0.01047,-0.00000,0.00000,0.00000,0.00000,0.00000,0.00000,-0.33477,0.82730,0,0.05563,0.02888
5.2003,-0.04788,-0.02660,0.03910,0.02010,-0.11105,-0.05929,-0.01047,-0.00000,0.00000,0.00000,0.00000,0.00000,0.00000,-0.33477,0.82730,0,0.05563,0.02888
5.2023,-0.04788,-0.02660,0.03888,0.01998,-0.11170,-0.05963,-0.01047,-0.00000,0.00000,0.00000,0.00000,0.00000,0.00000,-0.33480,0.82728,0,0.05563,0.02888
5.2043,-0.04788,-0.02660,0.03865,0.01986,-0.11235,-0.05996,-0.01047,-0.00000,0.00000,0.00000,0.00000,0.00000,0.00000,-0.33480,0.82728,0,0.05563,0.02888
5.2063,-0.04788,-0.02660,0.03843,0.01974,-0.11299,-0.06029,-0.01047,-0.00000,0.00000,0.00000,0.00000,0.00000,0.00000,-0.33483,0.82725,0,0.05563,0.02888
5.2083,-0.04778,-0.02666,0.04499,0.02326,-0.09037,-0.04815,-0.00927,-0.00000,0.00000,0.00000,0.00000,0.00000,0.00000,-0.33480,0.82728,0,0.05542,0.02885
5.2103,-0.04778,-0.02666,0.04481,0.02317,-0.09113,-0.04854,-0.00927,-0.00000,0.00000,0.00000,0.00000,0.00000,0.00000,-0.33478,0.82729,0,0.05542,0.02885
5.2123,-0.04778,-0.02666,0.04463,0.02307,-0.09187,-0.04893,-0.00927,-0.00000,0.00000,0.00000,0.00000,0.00000,0.00000,-0.33478,0.82729,0,0.05542,0.02885
5.2143,-0.04778,-0.02666,0.04444,0.02297,-0.09262,-0.04931,-0.00927,-0.00000,0.00000,0.00000,0.00000,0.00000,0.00000,-0.33481,0.82726,0,0.05542,0.02885
5.2163,-0.04778,-0.02666,0.04426,0.02287,-0.09336,-0.04970,-0.00927,-0.00000,0.00000,0.00000,0.00000,0.00000,0.00000,-0.33478,0.82729,0,0.05542,0.02885
5.2183,-0.04778,-0.02666,0.04407,0.02277,-0.09410,-0.05008,-0.00927,-0.00000,0.00000,0.00000,0.00000,0.00000,0.00000,-0.33473,0.82731,0,0.05542,0.02885
5.2203,-0.04778,-0.02666,0.04388,0.02267,-0.09483,-0.05046,-0.00927,-0.00000,0.00000,0.00000,0.00000,0.00000,0.00000,-0.33477,0.82731,0,0.05542,0.02885
5.2224,-0.04778,-0.02666,0.04369,0.02257,-0.09556,-0.05083,-0.00927,-0.00000,0.00000,0.00000,0.00000,0.00000,0.00000,-0.33479,0.82729,0,0.05542,0.02885
5.2244,-0.04778,-0.02666,0.04350,0.02247,-0.09629,-0.05121,-0.00927,-0.00000,0.00000,0.00000,0.00000,0.00000,0.00000,-0.33483,0.82726,0,0.05542,0.02885
5.2264,-0.04778,-0.02666,0.04330,0.02236,-0.09702,-0.05158,-0.00927,-0.00000,0.00000,0.00000,0.00000,0.00000,0.00000,-0.33478,0.82725,0,0.05542,0.02885
5.2284,-0.04778,-0.02666,0.04311,0.02226,-0.09774,-0.05196,-0.00927,-0.00000,0.00000,0.00000,0.00000,0.00000,0.00000,-0.33480,0.82726,0,0.05542,0.02885
5.2304,-0.04778,-0.02666,0.04291,0.02216,-0.09846,-0.05233,-0.00927,-0.00000,0.00000,0.00000,0.00000,0.00000,0.00000,-0.33476,0.82735,0,0.05542,0.02885
5.2324,-0.04778,-0.02666,0.04272,0.02205,-0.09917,-0.05270,-0.00927,-0.00000,0.00000,0.00000,0.00000,0.00000,0.00000,-0.33477,0.82730,0,0.05542,0.02885
5.2344,-0.04778,-0.02666,0.04252,0.02195,-0.09989,-0.05307,-0.00927,-0.00000,0.00000,0.00000,0.00000,0.00000,0.00000,-0.33475,0.82731,0,0.05542,0.02885
5.2364,-0.04778,-0.02666,0.04232,0.02184,-0.10059,-0.05343,-0.00927,-0.00000,0.00000,0.00000,0.00000,0.00000,0.00000,-0.33479,0.82732,0,0.05542,0.02885
5.2384,-0.04778,-0.02666,0.04211,0.02173,-0.10130,-0.05380,-0.00927,-0.00000,0.00000,0.00000,0.00000,0.00000,0.00000,-0.33479,0.82730,0,0.05542,0.02885
5.2404,-0.04778,-0.02666,0.04191,0.02162,-0.10200,-0.05416,-0.00927,-0.00000,0.00000,0.00000,0.00000,0.00000,0.00000,-0.33481,0.82724,0,0.05542,0.02885
5.2424,-0.04778,-0.02666,0.04171,0.02152,-0.10270,-0.05452,-0.00927,-0.00000,0.00000,0.00000,0.00000,0.00000,0.00000,-0.33474,0.82729,0,0.05542,0.02885
5.2444,-0.04778,-0.02666,0.04150,0.02141,-0.10339,-0.05488,-0.00927,-0.00000,0.00000,0.00000,0.00000,0.00000,0.00000,-0.33480,0.82729,0,0.05542,0.02885
5.2465,-0.04778,-0.02666,0.04129,0.02130,-0.10409,-0.05523,-0.00927,-0.00000,0.00000,0.00000,0.00000,0.00000,0.00000,-0.33484,0.82726,0,0.05542,0.02885
5.2485,-0.04778,-0.02666,0.04108,0.02118,-0.10477,-0.05559,-0.00927,-0.00000,0.00000,0.00000,0.00000,0.00000,0.00000,-0.33479,0.82728,0,0.05542,0.02885
5.2505,-0.04778,-0.02666,0.04087,0.02107,-0.10546,-0.05594,-0.00927,-0.00000,0.00000,0.00000,0.00000,0.00000,0.00000,-0.33478,0.82728,0,0.05542,0.02885
5.2525,-0.04778,-0.02666,0.04066,0.02096,-0.10614,-0.05629,-0.00927,-0.00000,0.00000,0.00000,0.00000,0.00000,0.00000,-0.33478,0.82727,0,0.05542,0.02885
5.2545,-0.04778,-0.02666,0.04045,0.02085,-0.10682,-0.05664,-0.00927,-0.00000,0.00000,0.00000,0.00000,0.00000,0.00000,-0.33478,0.82729,0,0.05542,0.02885
5.2565,-0.04778,-0.02666,0.04024,0.02073,-0.10749,-0.05699,-0.00927,-0.00000,0.00000,0.00000,0.00000,0.00000,0.00000,-0.33484,0.82726,0,0.05542,0.02885
5.2585,-0.04778,-0.02666,0.04002,0.02062,-0.10816,-0.05733,-0.00927,-0.00000,0.00000,0.00000,0.00000,0.00000,0.00000,-0.33477,0.82728,0,0.05542,0.02885
5.2605,-0.04778,-0.02666,0.03980,0.02051,-0.10883,-0.05768,-0.00927,-0.00000,0.00000,0.00000,0.00000,0.00000,0.00000,-0.33481,0.82727,0,0.05542,0.02885
5.2625,-0.04778,-0.02666,0.03958,0.02039,-0.10949,-0.05802,-0.00927,-0.00000,0.00000,0.00000,0.00000,0.00000,0.00000,-0.33480,0.82727,0,0.05542,0.02885
5.2645,-0.04778,-0.02666,0.03936,0.02027,-0.11015,-0.05836,-0.00927,-0.00000,0.00000,0.00000,0.00000,0.00000,0.00000,-0.33481,0.82728,0,0.05542,0.02885
5.2665,-0.04778,-0.02666,0.03914,0.02016,-0.11080,-0.05869,-0.00927,-0.00000,0.00000,0.00000,0.00000,0.00000,0.00000,-0.33484,0.82725,0,0.05542,0.02885
5.2686,-0.04778,-0.02666,0.03892,0.02004,-0.11146,-0.05903,-0.00927,-0.00000,0.00000,0.00000,0.00000,0.00000,0.00000,-0.33476,0.82730,0,0.05542,0.02885
5.2706,-0.04778,-0.02666,0.03870,0.01992,-0.11210,-0.05936,-0.00927,-0.00000,0.00000,0.00000,0.00000,0.00000,0.00000,-0.33481,0.82730,0,0.05542,0.02885
5.2726,-0.04778,-0.02666,0.03847,0.01980,-0.11275,-0.05969,-0.00927,-0.00000,0.00000,0.00000,0.00000,0.00000,0.00000,-0.33478,0.82730,0,0.05542,0.02885
5.2746,-0.04778,-0.02666,0.03825,0.01968,-0.11339,-0.06002,-0.00927,-0.00000,0.00000,0.00000,0.00000,0.00000,0.00000,-0.33479,0.82730,0,0.05542,0.02885
5.2766,-0.04766,-0.02635,0.04494,0.02319,-0.09040,-0.04798,-0.01203,-0.00000,0.00000,0.00000,0.00000,0.00000,0.00000,-0.33480,0.82728,0,0.05546,0.02872
5.2786,-0.04766,-0.02635,0.04476,0.02309,-0.09115,-0.04837,-0.01203,-0.00000,0.00000,0.00000,0.00000,0.00000,0.00000,-0.33482,0.82729,0,0.05546,0.02872
5.2806,-0.04766,-0.02635,0.04458,0.02299,-0.09189,-0.04876,-0.01203,-0.00000,0.00000,0.00000,0.00000,0.00000,0.00000,-0.33482,0.82729,0,0.05546,0.02872
5.2826,-0.04766,-0.02635,0.04439,0.02289,-0.09264,-0.04914,-0.01203,-0.00000,0.00000,0.00000,0.00000,0.00000,0.00000,-0.33480,0.82733,0,0.05546,0.02872
5.2846,-0.04766,-0.02635,0.04421,0.02280,-0.09338,-0.04952,-0.01203,-0.00000,0.00000,0.00000,0.00000,0.00000,0.00000,-0.33483,0.82729,0,0.05546,0.02872
5.2866,-0.04766,-0.02635,0.04402,0.02270,-0.09411,-0.04990,-0.01203,-0.00000,0.00000,0.00000,0.00000,0.00000,0.00000,-0.33478,0.82726,0,0.05546,0.02872
5.2886,-0.04766,-0.02635,0.04383,0.02260,-0.09485,-0.05028,-0.01203,-0.00000,0.00000,0.00000,0.00000,0.00000,0.00000,-0.33480,0.82728,0,0.05546,0.02872
5.2906,-0.04766,-0.02635,0.04364,0.02249,-0.09558,-0.05066,-0.01203,-0.00000,0.00000,0.00000,0.00000,0.00000,0.00000,-0.33480,0.82727,0,0.05546,0.02872
5.2926,-0.04766,-0.02635,0.04345,0.02239,-0.09631,-0.05103,-0.01203,-0.00000,0.00000,0.00000,0.00000,0.00000,0.00000,-0.33480,0.82724,0,0.05546,0.02872
5.2946,-0.04766,-0.02635,0.04326,0.02229,-0.09703,-0.05140,-0.01203,-0.00000,0.00000,0.00000,0.00000,0.00000,0.00000,-0.33478,0.82731,0,0.05546,0.02872
5.2966,-0.04766,-0.02635,0.04306,0.02219,-0.09775,-0.05178,-0.01203,-0.00000,0.00000,0.00000,0.00000,0.00000,0.00000,-0.33479,0.82725,0,0.05546,0.02872
5.2986,-0.04766,-0.02635,0.04287,0.02208,-0.09847,-0.05215,-0.01203,-0.00000,0.00000,0.00000,0.00000,0.00000,0.00000,-0.33478,0.82729,0,0.05546,0.02872
5.3006,-0.04766,-0.02635,0.04267,0.02198,-0.09918,-0.05251,-0.01203,-0.00000,0.00000,0.00000,0.00000,0.00000,0.00000,-0.33478,0.82724,0,0.05546,0.02872
5.3026,-0.04766,-0.02635,0.04247,0.02187,-0.09990,-0.05288,-0.01203,-0.00000,0.00000,0.00000,0.00000,0.00000,0.00000,-0.33481,0.82727,0,0.05546,0.02872
5.3046,-0.04766,-0.02635,0.04227,0.02177,-0.10060,-0.05324,-0.01203,-0.00000,0.00000,0.00000,0.00000,0.00000,0.00000,-0.33482,0.82728,0,0.05546,0.02872
5.3067,-0.04766,-0.02635,0.04207,0.02166,-0.10131,-0.05361,-0.01203,-0.00000,0.00000,0.00000,0.00000,0.00000,0.00000,-0.33484,0.82727,0,0.05546,0.02872
5.3087,-0.04766,-0.02635,0.04186,0.02155,-0.10201,-0.05397,-0.01203,-0.00000,0.00000,0.00000,0.00000,0.00000,0.00000,-0.33476,0.82730,0,0.05546,0.02872
5.3107,-0.04766,-0.02635,0.04166,0.02144,-0.10271,-0.05433,-0.01203,-0.00000,0.00000,0.00000,0.00000,0.00000,0.00000,-0.33479,0.82729,0,0.05546,0.02872
5.3127,-0.04766,-0.02635,0.04145,0.02134,-0.10340,-0.05468,-0.01203,-0.00000,0.00000,0.00000,0.00000,0.00000,0.00000,-0.33476,0.82731,0,0.05546,0.02872
5.3147,-0.04766,-0.02635,0.04124,0.02123,-0.10409,-0.05504,-0.01203,-0.00000,0.00000,0.00000,0.00000,0.00000,0.00000,-0.33481,0.82732,0,0.05546,0.02872
5.3167,-0.04766,-0.02635,0.04104,0.02112,-0.10478,-0.05539,-0.01203,-0.00000,0.00000,0.00000,0.00000,0.00000,0.00000,-0.33481,0.82730,0,0.05546,0.02872
5.3187,-0.04766,-0.02635,0.04083,0.02100,-0.10546,-0.05575,-0.01203,-0.00000,0.00000,0.00000,0.00000,0.00000,0.00000,-0.33482,0.82730,0,0.05546,0.02872
5.3207,-0.04766,-0.02635,0.04061,0.02089,-0.10614,-0.05610,-0.01203,-0.00000,0.00000,0.00000,0.00000,0.00000,0.00000,-0.33481,0.82728,0,0.05546,0.02872
5.3227,-0.04766,-0.02635,0.04040,0.02078,-0.10682,-0.05644,-0.01203,-0.00000,0.00000,0.00000,0.00000,0.00000,0.00000,-0.33478,0.82730,0,0.05546,0.02872
5.3247,-0.04766,-0.02635,0.04019,0.02067,-0.10749,-0.05679,-0.01203,-0.00000,0.00000,0.00000,0.00000,0.00000,0.00000,-0.33477,0.82732,0,0.05546,0.02872
5.3267,-0.04766,-0.02635,0.03997,0.02055,-0.10816,-0.05713,-0.01203,-0.00000,0.00000,0.00000,0.00000,0.00000,0.00000,-0.33480,0.82732,0,0.05546,0.02872
5.3287,-0.04766,-0.02635,0.03975,0.02044,-0.10883,-0.05748,-0.01203,-0.00000,0.00000,0.00000,0.00000,0.00000,0.00000,-0.33476,0.82732,0,0.05546,0.02872
5.3307,-0.04766,-0.02635,0.03954,0.02032,-0.10949,-0.05782,-0.01203,-0.00000,0.00000,0.00000,0.00000,0.00000,0.00000,-0.33480,0.82727,0,0.05546,0.02872
5.3328,-0.04766,-0.02635,0.03932,0.02021,-0.11015,-0.05815,-0.01203,-0.00000,0.00000,0.00000,0.00000,0.00000,0.00000,-0.33474,0.82727,0,0.05546,0.02872
5.3348,-0.04766,-0.02635,0.03910,0.02009,-0.11080,-0.05849,-0.01203,-0.00000,0.00000,0.00000,0.00000,0.00000,0.00000,-0.33480,0.82730,0,0.05546,0.02872
5.3368,-0.04766,-0.02635,0.03887,0.01997,-0.11145,-0.05882,-0.01203,-0.00000,0.00000,0.00000,0.00000,0.00000,0.00000,-0.33480,0.82728,0,0.05546,0.02872
5.3388,-0.04766,-0.02635,0.03865,0.01985,-0.11210,-0.05916,-0.01203,-0.00000,0.00000,0.00000,0.00000,0.00000,0.00000,-0.33475,0.82730,0,0.05546,0.02872
5.3408,-0.04766,-0.02635,0.03842,0.01974,-0.11274,-0.05949,-0.01203,-0.00000,0.00000,0.00000,0.00000,0.00000,0.00000,-0.33479,0.82731,0,0.05546,0.02872
5.3428,-0.04766,-0.02635,0.03820,0.01962,-0.11338,-0.05982,-0.01203,-0.00000,0.00000,0.00000,0.00000,0.00000,0.00000,-0.33481,0.82729,0,0.05546,0.02872
5.3448,-0.04820,-0.02593,0.04501,0.02313,-0.09008,-0.04777,-0.00190,-0.00000,0.00000,0.00000,0.00000,0.00000,0.00000,-0.33476,0.82730,0,0.05561,0.02866
5.3468,-0.04820,-0.02593,0.04482,0.02304,-0.09083,-0.04815,-0.00190,-0.00000,0.00000,0.00000,0.00000,0.00000,0.00000,-0.33480,0.82729,0,0.05561,0.02866
5.3488,-0.04820,-0.02593,0.04464,0.02294,-0.09158,-0.04854,-0.00190,-0.00000,0.00000,0.00000,0.00000,0.00000,0.00000,-0.33481,0.82730,0,0.05561,0.02866
5.3508,-0.04820,-0.02593,0.04446,0.02284,-0.09232,-0.04892,-0.00190,-0.00000,0.00000,0.00000,0.00000,0.00000,0.00000,-0.33479,0.82728,0,0.05561,0.02866
5.3528,-0.04820,-0.02593,0.04427,0.02274,-0.09306,-0.04930,-0.00190,-0.00000,0.00000,0.00000,0.00000,0.00000,0.00000,-0.33481,0.82727,0,0.05561,0.02866
5.3548,-0.04820,-0.02593,0.04409,0.02265,-0.09380,-0.04968,-0.00190,-0.00000,0.00000,0.00000,0.00000,0.00000,0.00000,-0.33480,0.82730,0,0.05561,0.02866
5.3568,-0.04820,-0.02593,0.04390,0.02255,-0.09454,-0.05006,-0.00190,-0.00000,0.00000,0.00000,0.00000,0.00000,0.00000,-0.33476,0.82731,0,0.05561,0.02866
5.3588,-0.04820,-0.02593,0.04371,0.02245,-0.09527,-0.05043,-0.00190,-0.00000,0.00000,0.00000,0.00000,0.00000,0.00000,-0.33480,0.82729,0,0.05561,0.02866
5.3608,-0.04820,-0.02593,0.04352,0.02234,-0.09600,-0.05081,-0.00190,-0.00000,0.00000,0.00000,0.00000,0.00000,0.00000,-0.33479,0.82731,0,0.05561,0.02866
5.3628,-0.04820,-0.02593,0.04332,0.02224,-0.09672,-0.05118,-0.00190,-0.00000,0.00000,0.00000,0.00000,0.00000,0.00000,-0.33476,0.82732,0,0.05561,0.02866
5.3648,-0.04820,-0.02593,0.04313,0.02214,-0.09745,-0.05155,-0.00190,-0.00000,0.00000,0.00000,0.00000,0.00000,0.00000,-0.33481,0.82727,0,0.05561,0.02866
5.3668,-0.04820,-0.02593,0.04293,0.02204,-0.09816,-0.05192,-0.00190,-0.00000,0.00000,0.00000,0.00000,0.00000,0.00000,-0.33479,0.82726,0,0.05561,0.02866
5.3688,-0.04820,-0.02593,0.04274,0.02193,-0.09888,-0.05229,-0.00190,-0.00000,0.00000,0.00000,0.00000,0.00000,0.00000,-0.33478,0.82727,0,0.05561,0.02866
5.3708,-0.04820,-0.02593,0.04254,0.02183,-0.09959,-0.05265,-0.00190,-0.00000,0.00000,0.00000,0.00000,0.00000,0.00000,-0.33475,0.82729,0,0.05561,0.02866
5.3728,-0.04820,-0.02593,0.04234,0.02172,-0.10030,-0.05302,-0.00190,-0.00000,0.00000,0.00000,0.00000,0.00000,0.00000,-0.33481,0.82727,0,0.05561,0.02866
5.3748,-0.04820,-0.02593,0.04214,0.02162,-0.10101,-0.05338,-0.00190,-0.00000,0.00000,0.00000,0.00000,0.00000,0.00000,-0.33485,0.82728,0,0.05561,0.02866
5.3768,-0.04820,-0.02593,0.04193,0.02151,-0.10171,-0.05374,-0.00190,-0.00000,0.00000,0.00000,0.00000,0.00000,0.00000,-0.33480,0.82728,0,0.05561,0.02866
5.3788,-0.04820,-0.02593,0.04173,0.02140,-0.10241,-0.05410,-0.00190,-0.00000,0.00000,0.00000,0.00000,0.00000,0.00000,-0.33477,0.82732,0,0.05561,0.02866
5.3808,-0.04820,-0.02593,0.04153,0.02129,-0.10310,-0.05445,-0.00190,-0.00000,0.00000,0.00000,0.00000,0.00000,0.00000,-0.33479,0.82731,0,0.05561,0.02866
5.3828,-0.04820,-0.02593,0.04132,0.02118,-0.10380,-0.05481,-0.00190,-0.00000,0.00000,0.00000,0.00000,0.00000,0.00000,-0.33477,0.82732,0,0.05561,0.02866
5.3848,-0.04820,-0.02593,0.04111,0.02107,-0.10448,-0.05516,-0.00190,-0.00000,0.00000,0.00000,0.00000,0.00000,0.00000,-0.33478,0.82727,0,0.05561,0.02866
5.3868,-0.04820,-0.02593,0.04090,0.02096,-0.10517,-0.05551,-0.00190,-0.00000,0.00000,0.00000,0.00000,0.00000,0.00000,-0.33481,0.82729,0,0.05561,0.02866
5.3888,-0.04820,-0.02593,0.04069,0.02085,-0.10585,-0.05586,-0.00190,-0.00000,0.00000,0.00000,0.00000,0.00000,0.00000,-0.33479,0.82728,0,0.05561,0.02866
5.3908,-0.04820,-0.02593,0.04048,0.02074,-0.10653,-0.05621,-0.00190,-0.00000,0.00000,0.00000,0.00000,0.00000,0.00000,-0.33480,0.82728,0,0.05561,0.02866
5.3928,-0.04820,-0.02593,0.04026,0.02063,-0.10720,-0.05655,-0.00190,-0.00000,0.00000,0.00000,0.00000,0.00000,0.00000,-0.33483,0.82730,0,0.05561,0.02866
5.3948,-0.04820,-0.02593,0.04005,0.02051,-0.10787,-0.05690,-0.00190,-0.00000,0.00000,0.00000,0.00000,0.00000,0.00000,-0.33475,0.82731,0,0.05561,0.02866
5.3968,-0.04820,-0.02593,0.03983,0.02040,-0.10854,-0.05724,-0.00190,-0.00000,0.00000,0.00000,0.00000,0.00000,0.00000,-0.33474,0.82730,0,0.05561,0.02866
5.3988,-0.04820,-0.02593,0.03961,0.02028,-0.10920,-0.05758,-0.00190,-0.00000,0.00000,0.00000,0.00000,0.00000,0.00000,-0.33479,0.82732,0,0.05561,0.02866
5.4008,-0.04820,-0.02593,0.03939,0.02017,-0.10986,-0.05792,-0.00190,-0.00000,0.00000,0.00000,0.00000,0.00000,0.00000,-0.33476,0.82731,0,0.05561,0.02866
5.4028,-0.04820,-0.02593,0.03917,0.02005,-0.11052,-0.05825,-0.00190,-0.00000,0.00000,0.00000,0.00000,0.00000,0.00000,-0.33476,0.82731,0,0.05561,0.02866
5.4049,-0.04820,-0.02593,0.03895,0.01993,-0.11117,-0.05859,-0.00190,-0.00000,0.00000,0.00000,0.00000,0.00000,0.00000,-0.33481,0.82728,0,0.05561,0.02866
5.4069,-0.04820,-0.02593,0.03873,0.01982,-0.11182,-0.05892,-0.00190,-0.00000,0.00000,0.00000,0.00000,0.00000,0.00000,-0.33477,0.82730,0,0.05561,0.02866
5.4089,-0.04790,-0.02600,0.04509,0.02324,-0.08997,-0.04713,-0.00715,-0.00000,0.00000,0.00000,0.00000,0.00000,0.00000,-0.33477,0.82729,0,0.05545,0.02878
5.4109,-0.04790,-0.02600,0.04490,0.02315,-0.09072,-0.04752,-0.00715,-0.00000,0.00000,0.00000,0.00000,0.00000,0.00000,-0.33481,0.82731,0,0.05545,0.02878
5.4129,-0.04790,-0.02600,0.04472,0.02305,-0.09147,-0.04790,-0.00715,-0.00000,0.00000,0.00000,0.00000,0.00000,0.00000,-0.33473,0.82727,0,0.05545,0.02878
5.4149,-0.04790,-0.02600,0.04454,0.02296,-0.09222,-0.04829,-0.00715,-0.00000,0.00000,0.00000,0.00000,0.00000,0.00000,-0.33480,0.82726,0,0.05545,0.02878
5.4169,-0.04790,-0.02600,0.04435,0.02286,-0.09296,-0.04867,-0.00715,-0.00000,0.00000,0.00000,0.00000,0.00000,0.00000,-0.33482,0.82732,0,0.05545,0.02878
5.4189,-0.04790,-0.02600,0.04417,0.02276,-0.09370,-0.04905,-0.00715,-0.00000,0.00000,0.00000,0.00000,0.00000,0.00000,-0.33479,0.82725,0,0.05545,0.02878
5.4209,-0.04790,-0.02600,0.04398,0.02266,-0.09444,-0.04943,-0.00715,-0.00000,0.00000,0.00000,0.00000,0.00000,0.00000,-0.33478,0.82728,0,0.05545,0.02878
5.4229,-0.04790,-0.02600,0.04379,0.02256,-0.09517,-0.04981,-0.00715,-0.00000,0.00000,0.00000,0.00000,0.00000,0.00000,-0.33476,0.82730,0,0.05545,0.02878
5.4249,-0.04790,-0.02600,0.04360,0.02246,-0.09590,-0.05019,-0.00715,-0.00000,0.00000,0.00000,0.00000,0.00000,0.00000,-0.33479,0.82728,0,0.05545,0.02878
5.4269,-0.04790,-0.02600,0.04341,0.02236,-0.09663,-0.05056,-0.00715,-0.00000,0.00000,0.00000,0.00000,0.00000,0.00000,-0.33481,0.82728,0,0.05545,0.02878
5.4289,-0.04790,-0.02600,0.04321,0.02226,-0.09735,-0.05093,-0.00715,-0.00000,0.00000,0.00000,0.00000,0.00000,0.00000,-0.33480,0.82731,0,0.05545,0.02878
5.4309,-0.04790,-0.02600,0.04302,0.02216,-0.09807,-0.05130,-0.00715,-0.00000,0.00000,0.00000,0.00000,0.00000,0.00000,-0.33478,0.82727,0,0.05545,0.02878
5.4329,-0.04790,-0.02600,0.04282,0.02206,-0.09879,-0.05167,-0.00715,-0.00000,0.00000,0.00000,0.00000,0.00000,0.00000,-0.33479,0.82724,0,0.05545,0.02878
5.4349,-0.04790,-0.02600,0.04262,0.02195,-0.09950,-0.05204,-0.00715,-0.00000,0.00000,0.00000,0.00000,0.00000,0.00000,-0.33481,0.82728,0,0.05545,0.02878
5.4369,-0.04790,-0.02600,0.04242,0.02185,-0.10021,-0.05241,-0.00715,-0.00000,0.00000,0.00000,0.00000,0.00000,0.00000,-0.33481,0.82726,0,0.05545,0.02878
5.4389,-0.04790,-0.02600,0.04222,0.02174,-0.10092,-0.05277,-0.00715,-0.00000,0.00000,0.00000,0.00000,0.00000,0.00000,-0.33478,0.82731,0,0.05545,0.02878
5.4409,-0.04790,-0.02600,0.04202,0.02164,-0.10162,-0.05313,-0.00715,-0.00000,0.00000,0.00000,0.00000,0.00000,0.00000,-0.33477,0.82728,0,0.05545,0.02878
5.4429,-0.04790,-0.02600,0.04181,0.02153,-0.10232,-0.05349,-0.00715,-0.00000,0.00000,0.00000,0.00000,0.00000,0.00000,-0.33482,0.82726,0,0.05545,0.02878
5.4449,-0.04790,-0.02600,0.04161,0.02142,-0.10302,-0.05385,-0.00715,-0.00000,0.00000,0.00000,0.00000,0.00000,0.00000,-0.33477,0.82730,0,0.05545,0.02878
5.4469,-0.04790,-0.02600,0.04140,0.02132,-0.10371,-0.05421,-0.00715,-0.00000,0.00000,0.00000,0.00000,0.00000,0.00000,-0.33480,0.82725,0,0.05545,0.02878
5.4489,-0.04790,-0.02600,0.04119,0.02121,-0.10440,-0.05457,-0.00715,-0.00000,0.00000,0.00000,0.00000,0.00000,0.00000,-0.33482,0.82730,0,0.05545,0.02878
5.4510,-0.04790,-0.02600,0.04098,0.02110,-0.10509,-0.05492,-0.00715,-0.00000,0.00000,0.00000,0.00000,0.00000,0.00000,-0.33480,0.82729,0,0.05545,0.02878
5.4530,-0.04790,-0.02600,0.04077,0.02099,-0.10577,-0.05527,-0.00715,-0.00000,0.00000,0.00000,0.00000,0.00000,0.00000,-0.33481,0.82728,0,0.05545,0.02878
5.4550,-0.04790,-0.02600,0.04056,0.02088,-0.10645,-0.05562,-0.00715,-0.00000,0.00000,0.00000,0.00000,0.00000,0.00000,-0.33478,0.82731,0,0.05545,0.02878
5.4570,-0.04790,-0.02600,0.04035,0.02077,-0.10713,-0.05597,-0.00715,-0.00000,0.00000,0.00000,0.00000,0.00000,0.00000,-0.33475,0.82732,0,0.05545,0.02878
5.4590,-0.04790,-0.02600,0.04013,0.02065,-0.10780,-0.05631,-0.00715,-0.00000,0.00000,0.00000,0.00000,0.00000,0.00000,-0.33478,0.82728,0,0.05545,0.02878
5.4610,-0.04790,-0.02600,0.03992,0.02054,-0.10847,-0.05666,-0.00715,-0.00000,0.00000,0.00000,0.00000,0.00000,0.00000,-0.33479,0.82728,0,0.05545,0.02878
5.4630,-0.04790,-0.02600,0.03970,0.02043,-0.10913,-0.05700,-0.00715,-0.00000,0.00000,0.00000,0.00000,0.00000,0.00000,-0.33480,0.82731,0,0.05545,0.02878
5.4650,-0.04790,-0.02600,0.03948,0.02031,-0.10979,-0.05734,-0.00715,-0.00000,0.00000,0.00000,0.00000,0.00000,0.00000,-0.33484,0.82726,0,0.05545,0.02878
5.4670,-0.04790,-0.02600,0.03926,0.02020,-0.11045,-0.05768,-0.00715,-0.00000,0.00000,0.00000,0.00000,0.00000,0.00000,-0.33481,0.82728,0,0.05545,0.02878
5.4713,-0.04790,-0.02600,0.03904,0.02008,-0.11110,-0.05801,-0.00715,-0.00000,0.00000,0.00000,0.00000,0.00000,0.00000,-0.33476,0.82726,0,0.05545,0.02878
5.4733,-0.04790,-0.02600,0.03881,0.01996,-0.11175,-0.05835,-0.00715,-0.00000,0.00000,0.00000,0.00000,0.00000,0.00000,-0.33479,0.82727,0,0.05545,0.02878
5.4753,-0.04790,-0.02600,0.03859,0.01985,-0.11240,-0.05868,-0.00715,-0.00000,0.00000,0.00000,0.00000,0.00000,0.00000,-0.33479,0.82732,0,0.05545,0.02878
5.4774,-0.04795,-0.02610,0.04516,0.02330,-0.08949,-0.04663,-0.01004,-0.00000,0.00000,0.00000,0.00000,0.00000,0.00000,-0.33481,0.82729,0,0.05549,0.02872
5.4794,-0.04795,-0.02610,0.04498,0.02321,-0.09024,-0.04702,-0.01004,-0.00000,0.00000,0.00000,0.00000,0.00000,0.00000,-0.33478,0.82730,0,0.05549,0.02872
5.4814,-0.04795,-0.02610,0.04480,0.02311,-0.09099,-0.04741,-0.01004,-0.00000,0.00000,0.00000,0.00000,0.00000,0.00000,-0.33475,0.82730,0,0.05549,0.02872
5.4834,-0.04795,-0.02610,0.04462,0.02302,-0.09174,-0.04779,-0.01004,-0.00000,0.00000,0.00000,0.00000,0.00000,0.00000,-0.33478,0.82729,0,0.05549,0.02872
5.4854,-0.04795,-0.02610,0.04443,0.02292,-0.09249,-0.04818,-0.01004,-0.00000,0.00000,0.00000,0.00000,0.00000,0.00000,-0.33477,0.82733,0,0.05549,0.02872
5.4874,-0.04795,-0.02610,0.04425,0.02283,-0.09323,-0.04856,-0.01004,-0.00000,0.00000,0.00000,0.00000,0.00000,0.00000,-0.33478,0.82729,0,0.05549,0.02872
5.4894,-0.04795,-0.02610,0.04406,0.02273,-0.09397,-0.04894,-0.01004,-0.00000,0.00000,0.00000,0.00000,0.00000,0.00000,-0.33479,0.82728,0,0.05549,0.02872
5.4914,-0.04795,-0.02610,0.04387,0.02263,-0.09470,-0.04932,-0.01004,-0.00000,0.00000,0.00000,0.00000,0.00000,0.00000,-0.33478,0.82729,0,0.05549,0.02872
5.4934,-0.04795,-0.02610,0.04368,0.02253,-0.09543,-0.04970,-0.01004,-0.00000,0.00000,0.00000,0.00000,0.00000,0.00000,-0.33480,0.82729,0,0.05549,0.02872
5.4954,-0.04795,-0.02610,0.04349,0.02243,-0.09616,-0.05007,-0.01004,-0.00000,0.00000,0.00000,0.00000,0.00000,0.00000,-0.33478,0.82730,0,0.05549,0.02872
5.4974,-0.04795,-0.02610,0.04330,0.02233,-0.09689,-0.05045,-0.01004,-0.00000,0.00000,0.00000,0.00000,0.00000,0.00000,-0.33478,0.82734,0,0.05549,0.02872
5.4994,-0.04795,-0.02610,0.04310,0.02223,-0.09761,-0.05082,-0.01004,-0.00000,0.00000,0.00000,0.00000,0.00000,0.00000,-0.33482,0.82727,0,0.05549,0.02872
5.5014,-0.04795,-0.02610,0.04291,0.02213,-0.09833,-0.05119,-0.01004,-0.00000,0.00000,0.00000,0.00000,0.00000,0.00000,-0.33484,0.82729,0,0.05549,0.02872
5.5034,-0.04795,-0.02610,0.04271,0.02203,-0.09904,-0.05156,-0.01004,-0.00000,0.00000,0.00000,0.00000,0.00000,0.00000,-0.33478,0.82727,0,0.05549,0.02872
5.5054,-0.04795,-0.02610,0.04251,0.02192,-0.09975,-0.05192,-0.01004,-0.00000,0.00000,0.00000,0.00000,0.00000,0.00000,-0.33479,0.82728,0,0.05549,0.02872
5.5074,-0.04795,-0.02610,0.04231,0.02182,-0.10046,-0.05229,-0.01004,-0.00000,0.00000,0.00000,0.00000,0.00000,0.00000,-0.33482,0.82729,0,0.05549,0.02872
5.5094,-0.04795,-0.02610,0.04211,0.02171,-0.10117,-0.05265,-0.01004,-0.00000,0.00000,0.00000,0.00000,0.00000,0.00000,-0.33478,0.82736,0,0.05549,0.02872
5.5114,-0.04795,-0.02610,0.04191,0.02161,-0.10187,-0.05302,-0.01004,-0.00000,0.00000,0.00000,0.00000,0.00000,0.00000,-0.33476,0.82733,0,0.05549,0.02872
5.5134,-0.04795,-0.02610,0.04170,0.02150,-0.10257,-0.05338,-0.01004,-0.00000,0.00000,0.00000,0.00000,0.00000,0.00000,-0.33477,0.82729,0,0.05549,0.02872
5.5154,-0.04795,-0.02610,0.04150,0.02139,-0.10326,-0.05373,-0.01004,-0.00000,0.00000,0.00000,0.00000,0.00000,0.00000,-0.33476,0.82732,0,0.05549,0.02872
5.5174,-0.04795,-0.02610,0.04129,0.02129,-0.10395,-0.05409,-0.01004,-0.00000,0.00000,0.00000,0.00000,0.00000,0.00000,-0.33475,0.82729,0,0.05549,0.02872
5.5194,-0.04795,-0.02610,0.04108,0.02118,-0.10464,-0.05444,-0.01004,-0.00000,0.00000,0.00000,0.00000,0.00000,0.00000,-0.33485,0.82729,0,0.05549,0.02872
5.5214,-0.04795,-0.02610,0.04087,0.02107,-0.10533,-0.05480,-0.01004,-0.00000,0.00000,0.00000,0.00000,0.00000,0.00000,-0.33477,0.82726,0,0.05549,0.02872
5.5235,-0.04795,-0.02610,0.04066,0.02096,-0.10601,-0.05515,-0.01004,-0.00000,0.00000,0.00000,0.00000,0.00000,0.00000,-0.33483,0.82728,0,0.05549,0.02872
5.5255,-0.04795,-0.02610,0.04045,0.02085,-0.10668,-0.05550,-0.01004,-0.00000,0.00000,0.00000,0.00000,0.00000,0.00000,-0.33482,0.82733,0,0.05549,0.02872
5.5275,-0.04795,-0.02610,0.04023,0.02074,-0.10736,-0.05584,-0.01004,-0.00000,0.00000,0.00000,0.00000,0.00000,0.00000,-0.33474,0.82731,0,0.05549,0.02872
5.5295,-0.04795,-0.02610,0.04002,0.02062,-0.10803,-0.05619,-0.01004,-0.00000,0.00000,0.00000,0.00000,0.00000,0.00000,-0.33479,0.82728,0,0.05549,0.02872
5.5315,-0.04795,-0.02610,0.03980,0.02051,-0.10869,-0.05653,-0.01004,-0.00000,0.00000,0.00000,0.00000,0.00000,0.00000,-0.33482,0.82732,0,0.05549,0.02872
5.5335,-0.04795,-0.02610,0.03958,0.02040,-0.10936,-0.05688,-0.01004,-0.00000,0.00000,0.00000,0.00000,0.00000,0.00000,-0.33477,0.82729,0,0.05549,0.02872
5.5355,-0.04795,-0.02610,0.03936,0.02028,-0.11001,-0.05721,-0.01004,-0.00000,0.00000,0.00000,0.00000,0.00000,0.00000,-0.33482,0.82726,0,0.05549,0.02872
5.5375,-0.04795,-0.02610,0.03914,0.02017,-0.11067,-0.05755,-0.01004,-0.00000,0.00000,0.00000,0.00000,0.00000,0.00000,-0.33480,0.82730,0,0.05549,0.02872
5.5395,-0.04795,-0.02610,0.03892,0.02005,-0.11132,-0.05789,-0.01004,-0.00000,0.00000,0.00000,0.00000,0.00000,0.00000,-0.33478,0.82727,0,0.05549,0.02872
5.5415,-0.04779,-0.02613,0.04511,0.02335,-0.08990,-0.04648,-0.00975,-0.00000,0.00000,0.00000,0.00000,0.00000,0.00000,-0.33481,0.82726,0,0.05543,0.02879
5.5435,-0.04779,-0.02613,0.04493,0.02326,-0.09065,-0.04686,-0.00975,-0.00000,0.00000,0.00000,0.00000,0.00000,0.00000,-0.33477,0.82728,0,0.05543,0.02879
5.5455,-0.04779,-0.02613,0.04474,0.02316,-0.09140,-0.04725,-0.00975,-0.00000,0.00000,0.00000,0.00000,0.00000,0.00000,-0.33481,0.82730,0,0.05543,0.02879
5.5475,-0.04779,-0.02613,0.04456,0.02307,-0.09214,-0.04764,-0.00975,-0.00000,0.00000,0.00000,0.00000,0.00000,0.00000,-0.33479,0.82726,0,0.05543,0.02879
5.5495,-0.04779,-0.02613,0.04438,0.02297,-0.09289,-0.04802,-0.00975,-0.00000,0.00000,0.00000,0.00000,0.00000,0.00000,-0.33479,0.82730,0,0.05543,0.02879
5.5515,-0.04779,-0.02613,0.04419,0.02287,-0.09363,-0.04841,-0.00975,-0.00000,0.00000,0.00000,0.00000,0.00000,0.00000,-0.33479,0.82728,0,0.05543,0.02879
5.5535,-0.04779,-0.02613,0.04400,0.02278,-0.09436,-0.04879,-0.00975,-0.00000,0.00000,0.00000,0.00000,0.00000,0.00000,-0.33480,0.82729,0,0.05543,0.02879
5.5555,-0.04779,-0.02613,0.04381,0.02268,-0.09510,-0.04917,-0.00975,-0.00000,0.00000,0.00000,0.00000,0.00000,0.00000,-0.33480,0.82730,0,0.05543,0.02879
5.5575,-0.04779,-0.02613,0.04362,0.02258,-0.09583,-0.04955,-0.00975,-0.00000,0.00000,0.00000,0.00000,0.00000,0.00000,-0.33479,0.82728,0,0.05543,0.02879
5.5595,-0.04779,-0.02613,0.04343,0.02248,-0.09656,-0.04992,-0.00975,-0.00000,0.00000,0.00000,0.00000,0.00000,0.00000,-0.33482,0.82728,0,0.05543,0.02879
5.5615,-0.04779,-0.02613,0.04323,0.02238,-0.09728,-0.05030,-0.00975,-0.00000,0.00000,0.00000,0.00000,0.00000,0.00000,-0.33481,0.82730,0,0.05543,0.02879
5.5635,-0.04779,-0.02613,0.04304,0.02228,-0.09800,-0.05067,-0.00975,-0.00000,0.00000,0.00000,0.00000,0.00000,0.00000,-0.33480,0.82730,0,0.05543,0.02879
5.5655,-0.04779,-0.02613,0.04284,0.02218,-0.09872,-0.05104,-0.00975,-0.00000,0.00000,0.00000,0.00000,0.00000,0.00000,-0.33479,0.82730,0,0.05543,0.02879
5.5675,-0.04779,-0.02613,0.04264,0.02208,-0.09943,-0.05141,-0.00975,-0.00000,0.00000,0.00000,0.00000,0.00000,0.00000,-0.33481,0.82729,0,0.05543,0.02879
5.5695,-0.04779,-0.02613,0.04244,0.02197,-0.10014,-0.05178,-0.00975,-0.00000,0.00000,0.00000,0.00000,0.00000,0.00000,-0.33476,0.82727,0,0.05543,0.02879
5.5715,-0.04779,-0.02613,0.04224,0.02187,-0.10085,-0.05215,-0.00975,-0.00000,0.00000,0.00000,0.00000,0.00000,0.00000,-0.33478,0.82729,0,0.05543,0.02879
5.5735,-0.04779,-0.02613,0.04204,0.02176,-0.10155,-0.05251,-0.00975,-0.00000,0.00000,0.00000,0.00000,0.00000,0.00000,-0.33476,0.82731,0,0.05543,0.02879
5.5756,-0.04779,-0.02613,0.04184,0.02166,-0.10225,-0.05287,-0.00975,-0.00000,0.00000,0.00000,0.00000,0.00000,0.00000,-0.33481,0.82726,0,0.05543,0.02879
5.5776,-0.04779,-0.02613,0.04163,0.02155,-0.10295,-0.05323,-0.00975,-0.00000,0.00000,0.00000,0.00000,0.00000,0.00000,-0.33480,0.82726,0,0.05543,0.02879
5.5796,-0.04779,-0.02613,0.04143,0.02145,-0.10365,-0.05359,-0.00975,-0.00000,0.00000,0.00000,0.00000,0.00000,0.00000,-0.33480,0.82728,0,0.05543,0.02879
5.5816,-0.04779,-0.02613,0.04122,0.02134,-0.10434,-0.05395,-0.00975,-0.00000,0.00000,0.00000,0.00000,0.00000,0.00000,-0.33479,0.82727,0,0.05543,0.02879
5.5836,-0.04779,-0.02613,0.04101,0.02123,-0.10502,-0.05431,-0.00975,-0.00000,0.00000,0.00000,0.00000,0.00000,0.00000,-0.33481,0.82726,0,0.05543,0.02879
5.5856,-0.04779,-0.02613,0.04080,0.02112,-0.10571,-0.05466,-0.00975,-0.00000,0.00000,0.00000,0.00000,0.00000,0.00000,-0.33474,0.82732,0,0.05543,0.02879
5.5876,-0.04779,-0.02613,0.04059,0.02101,-0.10639,-0.05501,-0.00975,-0.00000,0.00000,0.00000,0.00000,0.00000,0.00000,-0.33479,0.82728,0,0.05543,0.02879
5.5896,-0.04779,-0.02613,0.04037,0.02090,-0.10706,-0.05536,-0.00975,-0.00000,0.00000,0.00000,0.00000,0.00000,0.00000,-0.33483,0.82733,0,0.05543,0.02879
5.5916,-0.04779,-0.02613,0.04016,0.02079,-0.10773,-0.05571,-0.00975,-0.00000,0.00000,0.00000,0.00000,0.00000,0.00000,-0.33477,0.82731,0,0.05543,0.02879
5.5936,-0.04779,-0.02613,0.03994,0.02068,-0.10840,-0.05606,-0.00975,-0.00000,0.00000,0.00000,0.00000,0.00000,0.00000,-0.33478,0.82730,0,0.05543,0.02879
5.5956,-0.04779,-0.02613,0.03972,0.02057,-0.10907,-0.05640,-0.00975,-0.00000,0.00000,0.00000,0.00000,0.00000,0.00000,-0.33483,0.82725,0,0.05543,0.02879
5.5976,-0.04779,-0.02613,0.03950,0.02045,-0.10973,-0.05674,-0.00975,-0.00000,0.00000,0.00000,0.00000,0.00000,0.00000,-0.33477,0.82729,0,0.05543,0.02879
5.5996,-0.04779,-0.02613,0.03928,0.02034,-0.11039,-0.05708,-0.00975,-0.00000,0.00000,0.00000,0.00000,0.00000,0.00000,-0.33474,0.82728,0,0.05543,0.02879
5.6017,-0.04779,-0.02613,0.03906,0.02022,-0.11104,-0.05742,-0.00975,-0.00000,0.00000,0.00000,0.00000,0.00000,0.00000,-0.33475,0.82727,0,0.05543,0.02879
5.6036,-0.04779,-0.02613,0.03884,0.02011,-0.11169,-0.05776,-0.00975,-0.00000,0.00000,0.00000,0.00000,0.00000,0.00000,-0.33480,0.82726,0,0.05543,0.02879
5.6057,-0.04779,-0.02613,0.03862,0.01999,-0.11234,-0.05809,-0.00975,-0.00000,0.00000,0.00000,0.00000,0.00000,0.00000,-0.33477,0.82730,0,0.05543,0.02879
5.6079,-0.04806,-0.02627,0.04506,0.02333,-0.08995,-0.04650,-0.00762,-0.00000,0.00000,0.00000,0.00000,0.00000,0.00000,-0.33477,0.82727,0,0.05554,0.02875
5.6099,-0.04806,-0.02627,0.04488,0.02324,-0.09071,-0.04689,-0.00762,-0.00000,0.00000,0.00000,0.00000,0.00000,0.00000,-0.33477,0.82727,0,0.05554,0.02875
5.6119,-0.04806,-0.02627,0.04469,0.02314,-0.09146,-0.04728,-0.00762,-0.00000,0.00000,0.00000,0.00000,0.00000,0.00000,-0.33477,0.82732,0,0.05554,0.02875
5.6139,-0.04806,-0.02627,0.04451,0.02305,-0.09220,-0.04766,-0.00762,-0.00000,0.00000,0.00000,0.00000,0.00000,0.00000,-0.33481,0.82729,0,0.05554,0.02875
5.6159,-0.04806,-0.02627,0.04432,0.02295,-0.09294,-0.04805,-0.00762,-0.00000,0.00000,0.00000,0.00000,0.00000,0.00000,-0.33477,0.82730,0,0.05554,0.02875
5.6179,-0.04806,-0.02627,0.04414,0.02285,-0.09368,-0.04843,-0.00762,-0.00000,0.00000,0.00000,0.00000,0.00000,0.00000,-0.33480,0.82730,0,0.05554,0.02875
5.6199,-0.04806,-0.02627,0.04395,0.02276,-0.09442,-0.04881,-0.00762,-0.00000,0.00000,0.00000,0.00000,0.00000,0.00000,-0.33478,0.82729,0,0.05554,0.02875
5.6219,-0.04806,-0.02627,0.04376,0.02266,-0.09515,-0.04919,-0.00762,-0.00000,0.00000,0.00000,0.00000,0.00000,0.00000,-0.33483,0.82729,0,0.05554,0.02875
5.6239,-0.04806,-0.02627,0.04357,0.02256,-0.09588,-0.04957,-0.00762,-0.00000,0.00000,0.00000,0.00000,0.00000,0.00000,-0.33476,0.82729,0,0.05554,0.02875
5.6259,-0.04806,-0.02627,0.04338,0.02246,-0.09661,-0.04994,-0.00762,-0.00000,0.00000,0.00000,0.00000,0.00000,0.00000,-0.33478,0.82731,0,0.05554,0.02875
5.6279,-0.04806,-0.02627,0.04318,0.02236,-0.09733,-0.05032,-0.00762,-0.00000,0.00000,0.00000,0.00000,0.00000,0.00000,-0.33476,0.82730,0,0.05554,0.02875
5.6299,-0.04806,-0.02627,0.04299,0.02226,-0.09805,-0.05069,-0.00762,-0.00000,0.00000,0.00000,0.00000,0.00000,0.00000,-0.33479,0.82730,0,0.05554,0.02875
5.6320,-0.04806,-0.02627,0.04279,0.02216,-0.09877,-0.05106,-0.00762,-0.00000,0.00000,0.00000,0.00000,0.00000,0.00000,-0.33479,0.82728,0,0.05554,0.02875
5.6340,-0.04806,-0.02627,0.04259,0.02206,-0.09948,-0.05143,-0.00762,-0.00000,0.00000,0.00000,0.00000,0.00000,0.00000,-0.33478,0.82732,0,0.05554,0.02875
5.6360,-0.04806,-0.02627,0.04239,0.02195,-0.10019,-0.05180,-0.00762,-0.00000,0.00000,0.00000,0.00000,0.00000,0.00000,-0.33478,0.82734,0,0.05554,0.02875
5.6380,-0.04806,-0.02627,0.04219,0.02185,-0.10090,-0.05216,-0.00762,-0.00000,0.00000,0.00000,0.00000,0.00000,0.00000,-0.33480,0.82730,0,0.05554,0.02875
5.6400,-0.04806,-0.02627,0.04199,0.02174,-0.10160,-0.05253,-0.00762,-0.00000,0.00000,0.00000,0.00000,0.00000,0.00000,-0.33481,0.82726,0,0.05554,0.02875
5.6420,-0.04806,-0.02627,0.04179,0.02164,-0.10230,-0.05289,-0.00762,-0.00000,0.00000,0.00000,0.00000,0.00000,0.00000,-0.33478,0.82730,0,0.05554,0.02875
5.6440,-0.04806,-0.02627,0.04158,0.02153,-0.10300,-0.05325,-0.00762,-0.00000,0.00000,0.00000,0.00000,0.00000,0.00000,-0.33480,0.82733,0,0.05554,0.02875
5.6460,-0.04806,-0.02627,0.04137,0.02142,-0.10369,-0.05361,-0.00762,-0.00000,0.00000,0.00000,0.00000,0.00000,0.00000,-0.33479,0.82726,0,0.05554,0.02875
5.6480,-0.04806,-0.02627,0.04117,0.02132,-0.10438,-0.05397,-0.00762,-0.00000,0.00000,0.00000,0.00000,0.00000,0.00000,-0.33476,0.82731,0,0.05554,0.02875
5.6500,-0.04806,-0.02627,0.04096,0.02121,-0.10506,-0.05432,-0.00762,-0.00000,0.00000,0.00000,0.00000,0.00000,0.00000,-0.33475,0.82730,0,0.05554,0.02875
5.6520,-0.04806,-0.02627,0.04074,0.02110,-0.10575,-0.05468,-0.00762,-0.00000,0.00000,0.00000,0.00000,0.00000,0.00000,-0.33480,0.82730,0,0.05554,0.02875
5.6540,-0.04806,-0.02627,0.04053,0.02099,-0.10643,-0.05503,-0.00762,-0.00000,0.00000,0.00000,0.00000,0.00000,0.00000,-0.33478,0.82731,0,0.05554,0.02875
5.6560,-0.04806,-0.02627,0.04032,0.02088,-0.10710,-0.05538,-0.00762,-0.00000,0.00000,0.00000,0.00000,0.00000,0.00000,-0.33475,0.82728,0,0.05554,0.02875
5.6580,-0.04806,-0.02627,0.04010,0.02077,-0.10777,-0.05572,-0.00762,-0.00000,0.00000,0.00000,0.00000,0.00000,0.00000,-0.33474,0.82726,0,0.05554,0.02875
5.6600,-0.04806,-0.02627,0.03989,0.02066,-0.10844,-0.05607,-0.00762,-0.00000,0.00000,0.00000,0.00000,0.00000,0.00000,-0.33479,0.82731,0,0.05554,0.02875
5.6620,-0.04806,-0.02627,0.03967,0.02054,-0.10910,-0.05641,-0.00762,-0.00000,0.00000,0.00000,0.00000,0.00000,0.00000,-0.33479,0.82727,0,0.05554,0.02875
5.6640,-0.04806,-0.02627,0.03945,0.02043,-0.10976,-0.05676,-0.00762,-0.00000,0.00000,0.00000,0.00000,0.00000,0.00000,-0.33475,0.82730,0,0.05554,0.02875
5.6660,-0.04806,-0.02627,0.03923,0.02032,-0.11042,-0.05710,-0.00762,-0.00000,0.00000,0.00000,0.00000,0.00000,0.00000,-0.33479,0.82731,0,0.05554,0.02875
5.6680,-0.04806,-0.02627,0.03901,0.02020,-0.11107,-0.05743,-0.00762,-0.00000,0.00000,0.00000,0.00000,0.00000,0.00000,-0.33476,0.82730,0,0.05554,0.02875
5.6700,-0.04806,-0.02627,0.03879,0.02009,-0.11172,-0.05777,-0.00762,-0.00000,0.00000,0.00000,0.00000,0.00000,0.00000,-0.33480,0.82729,0,0.05554,0.02875
5.6720,-0.04806,-0.02627,0.03856,0.01997,-0.11237,-0.05811,-0.00762,-0.00000,0.00000,0.00000,0.00000,0.00000,0.00000,-0.33478,0.82727,0,0.05554,0.02875
5.6740,-0.04806,-0.02627,0.03834,0.01986,-0.11301,-0.05844,-0.00762,-0.00000,0.00000,0.00000,0.00000,0.00000,0.00000,-0.33479,0.82730,0,0.05554,0.02875
5.6761,-0.04783,-0.02626,0.04495,0.02331,-0.09015,-0.04648,-0.01078,-0.00000,0.00000,0.00000,0.00000,0.00000,0.00000,-0.33481,0.82725,0,0.05543,0.02877
5.6780,-0.04783,-0.02626,0.04477,0.02322,-0.09090,-0.04687,-0.01078,-0.00000,0.00000,0.00000,0.00000,0.00000,0.00000,-0.33481,0.82725,0,0.05543,0.02877
5.6801,-0.04783,-0.02626,0.04458,0.02313,-0.09165,-0.04726,-0.01078,-0.00000,0.00000,0.00000,0.00000,0.00000,0.00000,-0.33478,0.82728,0,0.05543,0.02877
5.6821,-0.04783,-0.02626,0.04440,0.02303,-0.09239,-0.04764,-0.01078,-0.00000,0.00000,0.00000,0.00000,0.00000,0.00000,-0.33480,0.82728,0,0.05543,0.02877
5.6841,-0.04783,-0.02626,0.04422,0.02293,-0.09313,-0.04803,-0.01078,-0.00000,0.00000,0.00000,0.00000,0.00000,0.00000,-0.33475,0.82729,0,0.05543,0.02877
5.6861,-0.04783,-0.02626,0.04403,0.02284,-0.09387,-0.04841,-0.01078,-0.00000,0.00000,0.00000,0.00000,0.00000,0.00000,-0.33479,0.82729,0,0.05543,0.02877
5.6881,-0.04783,-0.02626,0.04384,0.02274,-0.09460,-0.04879,-0.01078,-0.00000,0.00000,0.00000,0.00000,0.00000,0.00000,-0.33475,0.82729,0,0.05543,0.02877
5.6901,-0.04783,-0.02626,0.04365,0.02264,-0.09533,-0.04917,-0.01078,-0.00000,0.00000,0.00000,0.00000,0.00000,0.00000,-0.33480,0.82727,0,0.05543,0.02877
5.6921,-0.04783,-0.02626,0.04346,0.02254,-0.09606,-0.04955,-0.01078,-0.00000,0.00000,0.00000,0.00000,0.00000,0.00000,-0.33479,0.82729,0,0.05543,0.02877
5.6941,-0.04783,-0.02626,0.04327,0.02245,-0.09678,-0.04992,-0.01078,-0.00000,0.00000,0.00000,0.00000,0.00000,0.00000,-0.33478,0.82731,0,0.05543,0.02877
5.6961,-0.04783,-0.02626,0.04307,0.02234,-0.09751,-0.05030,-0.01078,-0.00000,0.00000,0.00000,0.00000,0.00000,0.00000,-0.33474,0.82731,0,0.05543,0.02877
5.6981,-0.04783,-0.02626,0.04288,0.02224,-0.09822,-0.05067,-0.01078,-0.00000,0.00000,0.00000,0.00000,0.00000,0.00000,-0.33480,0.82733,0,0.05543,0.02877
5.7001,-0.04783,-0.02626,0.04268,0.02214,-0.09894,-0.05104,-0.01078,-0.00000,0.00000,0.00000,0.00000,0.00000,0.00000,-0.33481,0.82726,0,0.05543,0.02877
5.7021,-0.04783,-0.02626,0.04248,0.02204,-0.09965,-0.05141,-0.01078,-0.00000,0.00000,0.00000,0.00000,0.00000,0.00000,-0.33476,0.82728,0,0.05543,0.02877
5.7041,-0.04783,-0.02626,0.04228,0.02194,-0.10036,-0.05178,-0.01078,-0.00000,0.00000,0.00000,0.00000,0.00000,0.00000,-0.33476,0.82729,0,0.05543,0.02877
5.7061,-0.04783,-0.02626,0.04208,0.02183,-0.10106,-0.05214,-0.01078,-0.00000,0.00000,0.00000,0.00000,0.00000,0.00000,-0.33481,0.82731,0,0.05543,0.02877
5.7081,-0.04783,-0.02626,0.04188,0.02173,-0.10176,-0.05251,-0.01078,-0.00000,0.00000,0.00000,0.00000,0.00000,0.00000,-0.33478,0.82733,0,0.05543,0.02877
5.7101,-0.04783,-0.02626,0.04167,0.02162,-0.10246,-0.05287,-0.01078,-0.00000,0.00000,0.00000,0.00000,0.00000,0.00000,-0.33478,0.82726,0,0.05543,0.02877
5.7121,-0.04783,-0.02626,0.04147,0.02152,-0.10316,-0.05323,-0.01078,-0.00000,0.00000,0.00000,0.00000,0.00000,0.00000,-0.33482,0.82726,0,0.05543,0.02877
5.7141,-0.04783,-0.02626,0.04126,0.02141,-0.10385,-0.05359,-0.01078,-0.00000,0.00000,0.00000,0.00000,0.00000,0.00000,-0.33478,0.82725,0,0.05543,0.02877
5.7161,-0.04783,-0.02626,0.04105,0.02130,-0.10453,-0.05394,-0.01078,-0.00000,0.00000,0.00000,0.00000,0.00000,0.00000,-0.33482,0.82725,0,0.05543,0.02877
5.7181,-0.04783,-0.02626,0.04084,0.02119,-0.10522,-0.05430,-0.01078,-0.00000,0.00000,0.00000,0.00000,0.00000,0.00000,-0.33475,0.82733,0,0.05543,0.02877
5.7201,-0.04783,-0.02626,0.04063,0.02109,-0.10590,-0.05465,-0.01078,-0.00000,0.00000,0.00000,0.00000,0.00000,0.00000,-0.33478,0.82726,0,0.05543,0.02877
5.7221,-0.04783,-0.02626,0.04042,0.02098,-0.10658,-0.05500,-0.01078,-0.00000,0.00000,0.00000,0.00000,0.00000,0.00000,-0.33477,0.82728,0,0.05543,0.02877
5.7241,-0.04783,-0.02626,0.04020,0.02087,-0.10725,-0.05535,-0.01078,-0.00000,0.00000,0.00000,0.00000,0.00000,0.00000,-0.33477,0.82728,0,0.05543,0.02877
5.7261,-0.04783,-0.02626,0.03999,0.02075,-0.10792,-0.05570,-0.01078,-0.00000,0.00000,0.00000,0.00000,0.00000,0.00000,-0.33480,0.82726,0,0.05543,0.02877
5.7281,-0.04783,-0.02626,0.03977,0.02064,-0.10858,-0.05605,-0.01078,-0.00000,0.00000,0.00000,0.00000,0.00000,0.00000,-0.33479,0.82731,0,0.05543,0.02877
5.7301,-0.04783,-0.02626,0.03955,0.02053,-0.10925,-0.05639,-0.01078,-0.00000,0.00000,0.00000,0.00000,0.00000,0.00000,-0.33477,0.82732,0,0.05543,0.02877
5.7321,-0.04783,-0.02626,0.03933,0.02042,-0.10991,-0.05673,-0.01078,-0.00000,0.00000,0.00000,0.00000,0.00000,0.00000,-0.33475,0.82731,0,0.05543,0.02877
5.7341,-0.04783,-0.02626,0.03911,0.02030,-0.11056,-0.05707,-0.01078,-0.00000,0.00000,0.00000,0.00000,0.00000,0.00000,-0.33478,0.82733,0,0.05543,0.02877
5.7362,-0.04783,-0.02626,0.03889,0.02019,-0.11121,-0.05741,-0.01078,-0.00000,0.00000,0.00000,0.00000,0.00000,0.00000,-0.33480,0.82727,0,0.05543,0.02877
5.7382,-0.04783,-0.02626,0.03867,0.02007,-0.11186,-0.05774,-0.01078,-0.00000,0.00000,0.00000,0.00000,0.00000,0.00000,-0.33480,0.82727,0,0.05543,0.02877
5.7402,-0.04783,-0.02626,0.03844,0.01996,-0.11250,-0.05808,-0.01078,-0.00000,0.00000,0.00000,0.00000,0.00000,0.00000,-0.33479,0.82729,0,0.05543,0.02877
5.7422,-0.04799,-0.02637,0.04485,0.02329,-0.09063,-0.04672,-0.01169,-0.00000,0.00000,0.00000,0.00000,0.00000,0.00000,-0.33480,0.82728,0,0.05541,0.02876
5.7442,-0.04799,-0.02637,0.04467,0.02319,-0.09138,-0.04711,-0.01169,-0.00000,0.00000,0.00000,0.00000,0.00000,0.00000,-0.33481,0.82726,0,0.05541,0.02876
5.7462,-0.04799,-0.02637,0.04448,0.02310,-0.09213,-0.04749,-0.01169,-0.00000,0.00000,0.00000,0.00000,0.00000,0.00000,-0.33479,0.82728,0,0.05541,0.02876
5.7482,-0.04799,-0.02637,0.04430,0.02300,-0.09287,-0.04788,-0.01169,-0.00000,0.00000,0.00000,0.00000,0.00000,0.00000,-0.33480,0.82731,0,0.05541,0.02876
5.7502,-0.04799,-0.02637,0.04411,0.02291,-0.09361,-0.04826,-0.01169,-0.00000,0.00000,0.00000,0.00000,0.00000,0.00000,-0.33480,0.82731,0,0.05541,0.02876
5.7522,-0.04799,-0.02637,0.04392,0.02281,-0.09434,-0.04864,-0.01169,-0.00000,0.00000,0.00000,0.00000,0.00000,0.00000,-0.33483,0.82727,0,0.05541,0.02876
5.7542,-0.04799,-0.02637,0.04374,0.02271,-0.09507,-0.04902,-0.01169,-0.00000,0.00000,0.00000,0.00000,0.00000,0.00000,-0.33483,0.82727,0,0.05541,0.02876
5.7562,-0.04799,-0.02637,0.04354,0.02261,-0.09580,-0.04940,-0.01169,-0.00000,0.00000,0.00000,0.00000,0.00000,0.00000,-0.33480,0.82730,0,0.05541,0.02876
5.7583,-0.04799,-0.02637,0.04335,0.02251,-0.09653,-0.04978,-0.01169,-0.00000,0.00000,0.00000,0.00000,0.00000,0.00000,-0.33479,0.82725,0,0.05541,0.02876
5.7603,-0.04799,-0.02637,0.04316,0.02241,-0.09725,-0.05015,-0.01169,-0.00000,0.00000,0.00000,0.00000,0.00000,0.00000,-0.33483,0.82727,0,0.05541,0.02876
5.7623,-0.04799,-0.02637,0.04296,0.02231,-0.09797,-0.05053,-0.01169,-0.00000,0.00000,0.00000,0.00000,0.00000,0.00000,-0.33476,0.82734,0,0.05541,0.02876
5.7643,-0.04799,-0.02637,0.04277,0.02221,-0.09869,-0.05090,-0.01169,-0.00000,0.00000,0.00000,0.00000,0.00000,0.00000,-0.33478,0.82729,0,0.05541,0.02876
5.7663,-0.04799,-0.02637,0.04257,0.02211,-0.09940,-0.05127,-0.01169,-0.00000,0.00000,0.00000,0.00000,0.00000,0.00000,-0.33478,0.82729,0,0.05541,0.02876
5.7683,-0.04799,-0.02637,0.04237,0.02201,-0.10011,-0.05164,-0.01169,-0.00000,0.00000,0.00000,0.00000,0.00000,0.00000,-0.33478,0.82729,0,0.05541,0.02876
5.7703,-0.04799,-0.02637,0.04217,0.02190,-0.10082,-0.05201,-0.01169,-0.00000,0.00000,0.00000,0.00000,0.00000,0.00000,-0.33481,0.82727,0,0.05541,0.02876
5.7723,-0.04799,-0.02637,0.04197,0.02180,-0.10152,-0.05237,-0.01169,-0.00000,0.00000,0.00000,0.00000,0.00000,0.00000,-0.33478,0.82729,0,0.05541,0.02876
5.7743,-0.04799,-0.02637,0.04176,0.02169,-0.10222,-0.05273,-0.01169,-0.00000,0.00000,0.00000,0.00000,0.00000,0.00000,-0.33482,0.82729,0,0.05541,0.02876
5.7763,-0.04799,-0.02637,0.04156,0.02159,-0.10291,-0.05310,-0.01169,-0.00000,0.00000,0.00000,0.00000,0.00000,0.00000,-0.33478,0.82730,0,0.05541,0.02876
5.7783,-0.04799,-0.02637,0.04135,0.02148,-0.10361,-0.05346,-0.01169,-0.00000,0.00000,0.00000,0.00000,0.00000,0.00000,-0.33478,0.82730,0,0.05541,0.02876
5.7803,-0.04799,-0.02637,0.04114,0.02137,-0.10430,-0.05381,-0.01169,-0.00000,0.00000,0.00000,0.00000,0.00000,0.00000,-0.33475,0.82731,0,0.05541,0.02876
5.7823,-0.04799,-0.02637,0.04093,0.02127,-0.10498,-0.05417,-0.01169,-0.00000,0.00000,0.00000,0.00000,0.00000,0.00000,-0.33480,0.82728,0,0.05541,0.02876
5.7843,-0.04799,-0.02637,0.04072,0.02116,-0.10566,-0.05452,-0.01169,-0.00000,0.00000,0.00000,0.00000,0.00000,0.00000,-0.33481,0.82728,0,0.05541,0.02876
5.7863,-0.04799,-0.02637,0.04051,0.02105,-0.10634,-0.05488,-0.01169,-0.00000,0.00000,0.00000,0.00000,0.00000,0.00000,-0.33481,0.82728,0,0.05541,0.02876
5.7883,-0.04799,-0.02637,0.04030,0.02094,-0.10702,-0.05523,-0.01169,-0.00000,0.00000,0.00000,0.00000,0.00000,0.00000,-0.33479,0.82729,0,0.05541,0.02876
5.7903,-0.04799,-0.02637,0.04008,0.02083,-0.10769,-0.05558,-0.01169,-0.00000,0.00000,0.00000,0.00000,0.00000,0.00000,-0.33476,0.82730,0,0.05541,0.02876
5.7923,-0.04799,-0.02637,0.03987,0.02072,-0.10835,-0.05592,-0.01169,-0.00000,0.00000,0.00000,0.00000,0.00000,0.00000,-0.33476,0.82730,0,0.05541,0.02876
5.7943,-0.04799,-0.02637,0.03965,0.02060,-0.10902,-0.05627,-0.01169,-0.00000,0.00000,0.00000,0.00000,0.00000,0.00000,-0.33479,0.82729,0,0.05541,0.02876
5.7963,-0.04799,-0.02637,0.03943,0.02049,-0.10968,-0.05661,-0.01169,-0.00000,0.00000,0.00000,0.00000,0.00000,0.00000,-0.33479,0.82731,0,0.05541,0.02876
5.7983,-0.04799,-0.02637,0.03921,0.02038,-0.11034,-0.05695,-0.01169,-0.00000,0.00000,0.00000,0.00000,0.00000,0.00000,-0.33479,0.82731,0,0.05541,0.02876
5.8003,-0.04799,-0.02637,0.03899,0.02026,-0.11099,-0.05729,-0.01169,-0.00000,0.00000,0.00000,0.00000,0.00000,0.00000,-0.33476,0.82729,0,0.05541,0.02876
5.8023,-0.04799,-0.02637,0.03877,0.02015,-0.11164,-0.05763,-0.01169,-0.00000,0.00000,0.00000,0.00000,0.00000,0.00000,-0.33480,0.82731,0,0.05541,0.02876
5.8043,-0.04799,-0.02637,0.03854,0.02003,-0.11228,-0.05796,-0.01169,-0.00000,0.00000,0.00000,0.00000,0.00000,0.00000,-0.33481,0.82728,0,0.05541,0.02876
5.8063,-0.04799,-0.02637,0.03832,0.01992,-0.11292,-0.05830,-0.01169,-0.00000,0.00000,0.00000,0.00000,0.00000,0.00000,-0.33478,0.82730,0,0.05541,0.02876
5.8083,-0.04780,-0.02614,0.04494,0.02330,-0.09009,-0.04662,-0.01011,-0.00000,0.00000,0.00000,0.00000,0.00000,0.00000,-0.33476,0.82731,0,0.05545,0.02869
5.8104,-0.04780,-0.02614,0.04476,0.02321,-0.09084,-0.04701,-0.01011,-0.00000,0.00000,0.00000,0.00000,0.00000,0.00000,-0.33479,0.82728,0,0.05545,0.02869
5.8124,-0.04780,-0.02614,0.04458,0.02311,-0.09159,-0.04740,-0.01011,-0.00000,0.00000,0.00000,0.00000,0.00000,0.00000,-0.33482,0.82730,0,0.05545,0.02869
5.8144,-0.04780,-0.02614,0.04439,0.02302,-0.09233,-0.04779,-0.01011,-0.00000,0.00000,0.00000,0.00000,0.00000,0.00000,-0.33480,0.82726,0,0.05545,0.02869
5.8164,-0.04780,-0.02614,0.04421,0.02292,-0.09307,-0.04817,-0.01011,-0.00000,0.00000,0.00000,0.00000,0.00000,0.00000,-0.33475,0.82734,0,0.05545,0.02869
5.8184,-0.04780,-0.02614,0.04402,0.02282,-0.09381,-0.04855,-0.01011,-0.00000,0.00000,0.00000,0.00000,0.00000,0.00000,-0.33479,0.82727,0,0.05545,0.02869
5.8204,-0.04780,-0.02614,0.04383,0.02273,-0.09454,-0.04893,-0.01011,-0.00000,0.00000,0.00000,0.00000,0.00000,0.00000,-0.33477,0.82730,0,0.05545,0.02869
5.8224,-0.04780,-0.02614,0.04364,0.02263,-0.09527,-0.04931,-0.01011,-0.00000,0.00000,0.00000,0.00000,0.00000,0.00000,-0.33477,0.82729,0,0.05545,0.02869
5.8244,-0.04780,-0.02614,0.04345,0.02253,-0.09600,-0.04969,-0.01011,-0.00000,0.00000,0.00000,0.00000,0.00000,0.00000,-0.33482,0.82729,0,0.05545,0.02869
5.8264,-0.04780,-0.02614,0.04326,0.02243,-0.09673,-0.05006,-0.01011,-0.00000,0.00000,0.00000,0.00000,0.00000,0.00000,-0.33477,0.82728,0,0.05545,0.02869
5.8284,-0.04780,-0.02614,0.04306,0.02233,-0.09745,-0.05044,-0.01011,-0.00000,0.00000,0.00000,0.00000,0.00000,0.00000,-0.33480,0.82727,0,0.05545,0.02869
5.8304,-0.04780,-0.02614,0.04287,0.02223,-0.09816,-0.05081,-0.01011,-0.00000,0.00000,0.00000,0.00000,0.00000,0.00000,-0.33481,0.82730,0,0.05545,0.02869
5.8324,-0.04780,-0.02614,0.04267,0.02213,-0.09888,-0.05118,-0.01011,-0.00000,0.00000,0.00000,0.00000,0.00000,0.00000,-0.33480,0.82727,0,0.05545,0.02869
5.8344,-0.04780,-0.02614,0.04247,0.02202,-0.09959,-0.05155,-0.01011,-0.00000,0.00000,0.00000,0.00000,0.00000,0.00000,-0.33480,0.82728,0,0.05545,0.02869
5.8364,-0.04780,-0.02614,0.04227,0.02192,-0.10030,-0.05192,-0.01011,-0.00000,0.00000,0.00000,0.00000,0.00000,0.00000,-0.33479,0.82730,0,0.05545,0.02869
5.8384,-0.04780,-0.02614,0.04207,0.02182,-0.10100,-0.05228,-0.01011,-0.00000,0.00000,0.00000,0.00000,0.00000,0.00000,-0.33476,0.82733,0,0.05545,0.02869
5.8404,-0.04780,-0.02614,0.04187,0.02171,-0.10170,-0.05265,-0.01011,-0.00000,0.00000,0.00000,0.00000,0.00000,0.00000,-0.33480,0.82733,0,0.05545,0.02869
5.8424,-0.04780,-0.02614,0.04166,0.02161,-0.10240,-0.05301,-0.01011,-0.00000,0.00000,0.00000,0.00000,0.00000,0.00000,-0.33479,0.82731,0,0.05545,0.02869
5.8444,-0.04780,-0.02614,0.04146,0.02150,-0.10310,-0.05337,-0.01011,-0.00000,0.00000,0.00000,0.00000,0.00000,0.00000,-0.33483,0.82729,0,0.05545,0.02869
5.8464,-0.04780,-0.02614,0.04125,0.02139,-0.10379,-0.05373,-0.01011,-0.00000,0.00000,0.00000,0.00000,0.00000,0.00000,-0.33480,0.82726,0,0.05545,0.02869
5.8484,-0.04780,-0.02614,0.04104,0.02128,-0.10447,-0.05408,-0.01011,-0.00000,0.00000,0.00000,0.00000,0.00000,0.00000,-0.33482,0.82730,0,0.05545,0.02869
5.8504,-0.04780,-0.02614,0.04083,0.02118,-0.10516,-0.05444,-0.01011,-0.00000,0.00000,0.00000,0.00000,0.00000,0.00000,-0.33477,0.82731,0,0.05545,0.02869
5.8524,-0.04780,-0.02614,0.04062,0.02107,-0.10584,-0.05479,-0.01011,-0.00000,0.00000,0.00000,0.00000,0.00000,0.00000,-0.33479,0.82729,0,0.05545,0.02869
5.8544,-0.04780,-0.02614,0.04041,0.02096,-0.10651,-0.05514,-0.01011,-0.00000,0.00000,0.00000,0.00000,0.00000,0.00000,-0.33480,0.82725,0,0.05545,0.02869
5.8564,-0.04780,-0.02614,0.04020,0.02085,-0.10719,-0.05549,-0.01011,-0.00000,0.00000,0.00000,0.00000,0.00000,0.00000,-0.33478,0.82727,0,0.05545,0.02869
5.8584,-0.04780,-0.02614,0.03998,0.02073,-0.10786,-0.05584,-0.01011,-0.00000,0.00000,0.00000,0.00000,0.00000,0.00000,-0.33480,0.82727,0,0.05545,0.02869
5.8604,-0.04780,-0.02614,0.03976,0.02062,-0.10852,-0.05618,-0.01011,-0.00000,0.00000,0.00000,0.00000,0.00000,0.00000,-0.33484,0.82726,0,0.05545,0.02869
5.8624,-0.04780,-0.02614,0.03955,0.02051,-0.10918,-0.05653,-0.01011,-0.00000,0.00000,0.00000,0.00000,0.00000,0.00000,-0.33480,0.82729,0,0.05545,0.02869
5.8644,-0.04780,-0.02614,0.03933,0.02040,-0.10984,-0.05687,-0.01011,-0.00000,0.00000,0.00000,0.00000,0.00000,0.00000,-0.33481,0.82727,0,0.05545,0.02869
5.8664,-0.04780,-0.02614,0.03911,0.02028,-0.11050,-0.05721,-0.01011,-0.00000,0.00000,0.00000,0.00000,0.00000,0.00000,-0.33479,0.82732,0,0.05545,0.02869
5.8685,-0.04780,-0.02614,0.03889,0.02017,-0.11115,-0.05754,-0.01011,-0.00000,0.00000,0.00000,0.00000,0.00000,0.00000,-0.33482,0.82729,0,0.05545,0.02869
5.8705,-0.04780,-0.02614,0.03866,0.02005,-0.11180,-0.05788,-0.01011,-0.00000,0.00000,0.00000,0.00000,0.00000,0.00000,-0.33477,0.82727,0,0.05545,0.02869
5.8725,-0.04780,-0.02614,0.03844,0.01994,-0.11244,-0.05821,-0.01011,-0.00000,0.00000,0.00000,0.00000,0.00000,0.00000,-0.33479,0.82731,0,0.05545,0.02869
5.8745,-0.04780,-0.02614,0.03821,0.01982,-0.11308,-0.05855,-0.01011,-0.00000,0.00000,0.00000,0.00000,0.00000,0.00000,-0.33477,0.82729,0,0.05545,0.02869
5.8765,-0.04802,-0.02617,0.04495,0.02328,-0.08995,-0.04667,-0.00740,-0.00000,0.00000,0.00000,0.00000,0.00000,0.00000,-0.33480,0.82729,0,0.05551,0.02871
5.8785,-0.04802,-0.02617,0.04477,0.02318,-0.09070,-0.04706,-0.00740,-0.00000,0.00000,0.00000,0.00000,0.00000,0.00000,-0.33478,0.82728,0,0.05551,0.02871
5.8805,-0.04802,-0.02617,0.04459,0.02309,-0.09144,-0.04745,-0.00740,-0.00000,0.00000,0.00000,0.00000,0.00000,0.00000,-0.33478,0.82728,0,0.05551,0.02871
5.8825,-0.04802,-0.02617,0.04440,0.02299,-0.09219,-0.04783,-0.00740,-0.00000,0.00000,0.00000,0.00000,0.00000,0.00000,-0.33480,0.82730,0,0.05551,0.02871
5.8845,-0.04802,-0.02617,0.04422,0.02290,-0.09293,-0.04822,-0.00740,-0.00000,0.00000,0.00000,0.00000,0.00000,0.00000,-0.33480,0.82729,0,0.05551,0.02871
5.8865,-0.04802,-0.02617,0.04403,0.02280,-0.09366,-0.04860,-0.00740,-0.00000,0.00000,0.00000,0.00000,0.00000,0.00000,-0.33482,0.82727,0,0.05551,0.02871
5.8885,-0.04802,-0.02617,0.04384,0.02270,-0.09440,-0.04898,-0.00740,-0.00000,0.00000,0.00000,0.00000,0.00000,0.00000,-0.33478,0.82731,0,0.05551,0.02871
5.8905,-0.04802,-0.02617,0.04366,0.02260,-0.09513,-0.04936,-0.00740,-0.00000,0.00000,0.00000,0.00000,0.00000,0.00000,-0.33479,0.82728,0,0.05551,0.02871
5.8925,-0.04802,-0.02617,0.04346,0.02251,-0.09586,-0.04974,-0.00740,-0.00000,0.00000,0.00000,0.00000,0.00000,0.00000,-0.33476,0.82731,0,0.05551,0.02871
5.8946,-0.04802,-0.02617,0.04327,0.02241,-0.09658,-0.05011,-0.00740,-0.00000,0.00000,0.00000,0.00000,0.00000,0.00000,-0.33479,0.82727,0,0.05551,0.02871
5.8965,-0.04802,-0.02617,0.04308,0.02231,-0.09730,-0.05048,-0.00740,-0.00000,0.00000,0.00000,0.00000,0.00000,0.00000,-0.33478,0.82729,0,0.05551,0.02871
5.8986,-0.04802,-0.02617,0.04288,0.02220,-0.09802,-0.05086,-0.00740,-0.00000,0.00000,0.00000,0.00000,0.00000,0.00000,-0.33476,0.82728,0,0.05551,0.02871
5.9006,-0.04802,-0.02617,0.04269,0.02210,-0.09874,-0.05123,-0.00740,-0.00000,0.00000,0.00000,0.00000,0.00000,0.00000,-0.33479,0.82731,0,0.05551,0.02871
5.9026,-0.04802,-0.02617,0.04249,0.02200,-0.09945,-0.05159,-0.00740,-0.00000,0.00000,0.00000,0.00000,0.00000,0.00000,-0.33477,0.82731,0,0.05551,0.02871
5.9046,-0.04802,-0.02617,0.04229,0.02190,-0.10016,-0.05196,-0.00740,-0.00000,0.00000,0.00000,0.00000,0.00000,0.00000,-0.33482,0.82731,0,0.05551,0.02871
5.9066,-0.04802,-0.02617,0.04209,0.02179,-0.10086,-0.05233,-0.00740,-0.00000,0.00000,0.00000,0.00000,0.00000,0.00000,-0.33478,0.82730,0,0.05551,0.02871
5.9086,-0.04802,-0.02617,0.04188,0.02169,-0.10156,-0.05269,-0.00740,-0.00000,0.00000,0.00000,0.00000,0.00000,0.00000,-0.33479,0.82732,0,0.05551,0.02871
5.9106,-0.04802,-0.02617,0.04168,0.02158,-0.10226,-0.05305,-0.00740,-0.00000,0.00000,0.00000,0.00000,0.00000,0.00000,-0.33478,0.82734,0,0.05551,0.02871
5.9126,-0.04802,-0.02617,0.04148,0.02147,-0.10296,-0.05341,-0.00740,-0.00000,0.00000,0.00000,0.00000,0.00000,0.00000,-0.33473,0.82730,0,0.05551,0.02871
5.9146,-0.04802,-0.02617,0.04127,0.02137,-0.10365,-0.05377,-0.00740,-0.00000,0.00000,0.00000,0.00000,0.00000,0.00000,-0.33478,0.82732,0,0.05551,0.02871
5.9166,-0.04802,-0.02617,0.04106,0.02126,-0.10433,-0.05412,-0.00740,-0.00000,0.00000,0.00000,0.00000,0.00000,0.00000,-0.33484,0.82727,0,0.05551,0.02871
5.9186,-0.04802,-0.02617,0.04085,0.02115,-0.10502,-0.05448,-0.00740,-0.00000,0.00000,0.00000,0.00000,0.00000,0.00000,-0.33479,0.82732,0,0.05551,0.02871
5.9206,-0.04802,-0.02617,0.04064,0.02104,-0.10570,-0.05483,-0.00740,-0.00000,0.00000,0.00000,0.00000,0.00000,0.00000,-0.33479,0.82726,0,0.05551,0.02871
5.9226,-0.04802,-0.02617,0.04043,0.02093,-0.10638,-0.05518,-0.00740,-0.00000,0.00000,0.00000,0.00000,0.00000,0.00000,-0.33480,0.82729,0,0.05551,0.02871
5.9247,-0.04802,-0.02617,0.04022,0.02082,-0.10705,-0.05553,-0.00740,-0.00000,0.00000,0.00000,0.00000,0.00000,0.00000,-0.33484,0.82727,0,0.05551,0.02871
5.9267,-0.04802,-0.02617,0.04000,0.02071,-0.10772,-0.05588,-0.00740,-0.00000,0.00000,0.00000,0.00000,0.00000,0.00000,-0.33483,0.82727,0,0.05551,0.02871
5.9287,-0.04802,-0.02617,0.03978,0.02060,-0.10838,-0.05622,-0.00740,-0.00000,0.00000,0.00000,0.00000,0.00000,0.00000,-0.33482,0.82728,0,0.05551,0.02871
5.9307,-0.04802,-0.02617,0.03957,0.02048,-0.10905,-0.05656,-0.00740,-0.00000,0.00000,0.00000,0.00000,0.00000,0.00000,-0.33475,0.82729,0,0.05551,0.02871
5.9327,-0.04802,-0.02617,0.03935,0.02037,-0.10971,-0.05691,-0.00740,-0.00000,0.00000,0.00000,0.00000,0.00000,0.00000,-0.33479,0.82729,0,0.05551,0.02871
5.9347,-0.04802,-0.02617,0.03913,0.02026,-0.11036,-0.05724,-0.00740,-0.00000,0.00000,0.00000,0.00000,0.00000,0.00000,-0.33487,0.82728,0,0.05551,0.02871
5.9367,-0.04802,-0.02617,0.03891,0.02014,-0.11101,-0.05758,-0.00740,-0.00000,0.00000,0.00000,0.00000,0.00000,0.00000,-0.33474,0.82724,0,0.05551,0.02871
5.9387,-0.04802,-0.02617,0.03868,0.02003,-0.11166,-0.05792,-0.00740,-0.00000,0.00000,0.00000,0.00000,0.00000,0.00000,-0.33479,0.82729,0,0.05551,0.02871
5.9407,-0.04802,-0.02617,0.03846,0.01991,-0.11230,-0.05825,-0.00740,-0.00000,0.00000,0.00000,0.00000,0.00000,0.00000,-0.33479,0.82729,0,0.05551,0.02871
5.9427,-0.04802,-0.02617,0.03824,0.01979,-0.11294,-0.05858,-0.00740,-0.00000,0.00000,0.00000,0.00000,0.00000,0.00000,-0.33479,0.82727,0,0.05551,0.02871
5.9447,-0.04827,-0.02615,0.04502,0.02333,-0.08971,-0.04648,-0.00048,-0.00000,0.00000,0.00000,0.00000,0.00000,0.00000,-0.33475,0.82733,0,0.05560,0.02883
5.9467,-0.04827,-0.02615,0.04484,0.02324,-0.09046,-0.04687,-0.00048,-0.00000,0.00000,0.00000,0.00000,0.00000,0.00000,-0.33481,0.82728,0,0.05560,0.02883
5.9487,-0.04827,-0.02615,0.04466,0.02314,-0.09121,-0.04725,-0.00048,-0.00000,0.00000,0.00000,0.00000,0.00000,0.00000,-0.33481,0.82728,0,0.05560,0.02883
5.9507,-0.04827,-0.02615,0.04448,0.02305,-0.09196,-0.04764,-0.00048,-0.00000,0.00000,0.00000,0.00000,0.00000,0.00000,-0.33477,0.82732,0,0.05560,0.02883
5.9527,-0.04827,-0.02615,0.04429,0.02295,-0.09270,-0.04802,-0.00048,-0.00000,0.00000,0.00000,0.00000,0.00000,0.00000,-0.33483,0.82730,0,0.05560,0.02883
5.9547,-0.04827,-0.02615,0.04411,0.02285,-0.09344,-0.04841,-0.00048,-0.00000,0.00000,0.00000,0.00000,0.00000,0.00000,-0.33480,0.82729,0,0.05560,0.02883
5.9567,-0.04827,-0.02615,0.04392,0.02276,-0.09417,-0.04879,-0.00048,-0.00000,0.00000,0.00000,0.00000,0.00000,0.00000,-0.33479,0.82727,0,0.05560,0.02883
5.9588,-0.04827,-0.02615,0.04373,0.02266,-0.09490,-0.04917,-0.00048,-0.00000,0.00000,0.00000,0.00000,0.00000,0.00000,-0.33476,0.82731,0,0.05560,0.02883
5.9608,-0.04827,-0.02615,0.04354,0.02256,-0.09563,-0.04955,-0.00048,-0.00000,0.00000,0.00000,0.00000,0.00000,0.00000,-0.33477,0.82729,0,0.05560,0.02883
5.9628,-0.04827,-0.02615,0.04335,0.02246,-0.09636,-0.04992,-0.00048,-0.00000,0.00000,0.00000,0.00000,0.00000,0.00000,-0.33479,0.82726,0,0.05560,0.02883
5.9648,-0.04827,-0.02615,0.04315,0.02236,-0.09708,-0.05030,-0.00048,-0.00000,0.00000,0.00000,0.00000,0.00000,0.00000,-0.33476,0.82730,0,0.05560,0.02883
5.9668,-0.04827,-0.02615,0.04296,0.02226,-0.09780,-0.05067,-0.00048,-0.00000,0.00000,0.00000,0.00000,0.00000,0.00000,-0.33475,0.82730,0,0.05560,0.02883
5.9688,-0.04827,-0.02615,0.04276,0.02216,-0.09852,-0.05104,-0.00048,-0.00000,0.00000,0.00000,0.00000,0.00000,0.00000,-0.33481,0.82731,0,0.05560,0.02883
5.9708,-0.04827,-0.02615,0.04257,0.02206,-0.09923,-0.05141,-0.00048,-0.00000,0.00000,0.00000,0.00000,0.00000,0.00000,-0.33479,0.82731,0,0.05560,0.02883
5.9728,-0.04827,-0.02615,0.04237,0.02195,-0.09994,-0.05178,-0.00048,-0.00000,0.00000,0.00000,0.00000,0.00000,0.00000,-0.33476,0.82732,0,0.05560,0.02883
5.9748,-0.04827,-0.02615,0.04217,0.02185,-0.10065,-0.05214,-0.00048,-0.00000,0.00000,0.00000,0.00000,0.00000,0.00000,-0.33473,0.82729,0,0.05560,0.02883
5.9768,-0.04827,-0.02615,0.04196,0.02174,-0.10135,-0.05251,-0.00048,-0.00000,0.00000,0.00000,0.00000,0.00000,0.00000,-0.33479,0.82724,0,0.05560,0.02883
5.9788,-0.04827,-0.02615,0.04176,0.02164,-0.10205,-0.05287,-0.00048,-0.00000,0.00000,0.00000,0.00000,0.00000,0.00000,-0.33475,0.82730,0,0.05560,0.02883
5.9809,-0.04827,-0.02615,0.04156,0.02153,-0.10274,-0.05323,-0.00048,-0.00000,0.00000,0.00000,0.00000,0.00000,0.00000,-0.33482,0.82730,0,0.05560,0.02883
5.9829,-0.04827,-0.02615,0.04135,0.02143,-0.10344,-0.05359,-0.00048,-0.00000,0.00000,0.00000,0.00000,0.00000,0.00000,-0.33481,0.82725,0,0.05560,0.02883
5.9849,-0.04827,-0.02615,0.04114,0.02132,-0.10413,-0.05395,-0.00048,-0.00000,0.00000,0.00000,0.00000,0.00000,0.00000,-0.33476,0.82729,0,0.05560,0.02883
5.9869,-0.04827,-0.02615,0.04093,0.02121,-0.10481,-0.05430,-0.00048,-0.00000,0.00000,0.00000,0.00000,0.00000,0.00000,-0.33485,0.82728,0,0.05560,0.02883
5.9889,-0.04827,-0.02615,0.04072,0.02110,-0.10549,-0.05466,-0.00048,-0.00000,0.00000,0.00000,0.00000,0.00000,0.00000,-0.33479,0.82727,0,0.05560,0.02883
5.9909,-0.04827,-0.02615,0.04051,0.02099,-0.10617,-0.05501,-0.00048,-0.00000,0.00000,0.00000,0.00000,0.00000,0.00000,-0.33480,0.82727,0,0.05560,0.02883
5.9929,-0.04827,-0.02615,0.04030,0.02088,-0.10685,-0.05536,-0.00048,-0.00000,0.00000,0.00000,0.00000,0.00000,0.00000,-0.33479,0.82728,0,0.05560,0.02883
5.9949,-0.04827,-0.02615,0.04008,0.02077,-0.10752,-0.05570,-0.00048,-0.00000,0.00000,0.00000,0.00000,0.00000,0.00000,-0.33483,0.82729,0,0.05560,0.02883
5.9969,-0.04827,-0.02615,0.03987,0.02066,-0.10818,-0.05605,-0.00048,-0.00000,0.00000,0.00000,0.00000,0.00000,0.00000,-0.33479,0.82728,0,0.05560,0.02883
5.9989,-0.04827,-0.02615,0.03965,0.02055,-0.10885,-0.05639,-0.00048,-0.00000,0.00000,0.00000,0.00000,0.00000,0.00000,-0.33477,0.82725,0,0.05560,0.02883
6.0009,-0.04827,-0.02615,0.03943,0.02043,-0.10951,-0.05674,-0.00048,-0.00000,0.00000,0.00000,0.00000,0.00000,0.00000,-0.33478,0.82727,0,0.05560,0.02883
6.0030,-0.04827,-0.02615,0.03921,0.02032,-0.11017,-0.05708,-0.00048,-0.00000,0.00000,0.00000,0.00000,0.00000,0.00000,-0.33479,0.82731,0,0.05560,0.02883
6.0050,-0.04827,-0.02615,0.03899,0.02020,-0.11082,-0.05741,-0.00048,-0.00000,0.00000,0.00000,0.00000,0.00000,0.00000,-0.33479,0.82729,0,0.05560,0.02883
6.0070,-0.04827,-0.02615,0.03877,0.02009,-0.11147,-0.05775,-0.00048,-0.00000,0.00000,0.00000,0.00000,0.00000,0.00000,-0.33479,0.82730,0,0.05560,0.02883
6.0090,-0.04798,-0.02609,0.04509,0.02342,-0.08975,-0.04631,-0.00581,-0.00000,0.00000,0.00000,0.00000,0.00000,0.00000,-0.33480,0.82725,0,0.05540,0.02881
6.0110,-0.04798,-0.02609,0.04491,0.02333,-0.09050,-0.04670,-0.00581,-0.00000,0.00000,0.00000,0.00000,0.00000,0.00000,-0.33475,0.82730,0,0.05540,0.02881
6.0130,-0.04798,-0.02609,0.04473,0.02323,-0.09125,-0.04709,-0.00581,-0.00000,0.00000,0.00000,0.00000,0.00000,0.00000,-0.33484,0.82727,0,0.05540,0.02881
6.0150,-0.04798,-0.02609,0.04454,0.02314,-0.09200,-0.04748,-0.00581,-0.00000,0.00000,0.00000,0.00000,0.00000,0.00000,-0.33482,0.82725,0,0.05540,0.02881
6.0170,-0.04798,-0.02609,0.04436,0.02304,-0.09274,-0.04786,-0.00581,-0.00000,0.00000,0.00000,0.00000,0.00000,0.00000,-0.33478,0.82727,0,0.05540,0.02881
6.0190,-0.04798,-0.02609,0.04417,0.02295,-0.09348,-0.04825,-0.00581,-0.00000,0.00000,0.00000,0.00000,0.00000,0.00000,-0.33478,0.82729,0,0.05540,0.02881
6.0210,-0.04798,-0.02609,0.04398,0.02285,-0.09422,-0.04863,-0.00581,-0.00000,0.00000,0.00000,0.00000,0.00000,0.00000,-0.33481,0.82729,0,0.05540,0.02881
6.0230,-0.04798,-0.02609,0.04379,0.02275,-0.09495,-0.04901,-0.00581,-0.00000,0.00000,0.00000,0.00000,0.00000,0.00000,-0.33478,0.82730,0,0.05540,0.02881
6.0250,-0.04798,-0.02609,0.04360,0.02265,-0.09568,-0.04939,-0.00581,-0.00000,0.00000,0.00000,0.00000,0.00000,0.00000,-0.33481,0.82728,0,0.05540,0.02881
6.0270,-0.04798,-0.02609,0.04341,0.02255,-0.09641,-0.04977,-0.00581,-0.00000,0.00000,0.00000,0.00000,0.00000,0.00000,-0.33476,0.82730,0,0.05540,0.02881
6.0290,-0.04798,-0.02609,0.04322,0.02245,-0.09713,-0.05015,-0.00581,-0.00000,0.00000,0.00000,0.00000,0.00000,0.00000,-0.33475,0.82729,0,0.05540,0.02881
6.0310,-0.04798,-0.02609,0.04302,0.02235,-0.09785,-0.05052,-0.00581,-0.00000,0.00000,0.00000,0.00000,0.00000,0.00000,-0.33477,0.82727,0,0.05540,0.02881
6.0330,-0.04798,-0.02609,0.04283,0.02225,-0.09857,-0.05089,-0.00581,-0.00000,0.00000,0.00000,0.00000,0.00000,0.00000,-0.33475,0.82729,0,0.05540,0.02881
6.0350,-0.04798,-0.02609,0.04263,0.02215,-0.09928,-0.05126,-0.00581,-0.00000,0.00000,0.00000,0.00000,0.00000,0.00000,-0.33479,0.82731,0,0.05540,0.02881
6.0370,-0.04798,-0.02609,0.04243,0.02205,-0.09999,-0.05163,-0.00581,-0.00000,0.00000,0.00000,0.00000,0.00000,0.00000,-0.33482,0.82728,0,0.05540,0.02881
6.0390,-0.04798,-0.02609,0.04223,0.02194,-0.10070,-0.05200,-0.00581,-0.00000,0.00000,0.00000,0.00000,0.00000,0.00000,-0.33480,0.82727,0,0.05540,0.02881
6.0410,-0.04798,-0.02609,0.04203,0.02184,-0.10140,-0.05237,-0.00581,-0.00000,0.00000,0.00000,0.00000,0.00000,0.00000,-0.33477,0.82731,0,0.05540,0.02881
6.0430,-0.04798,-0.02609,0.04182,0.02173,-0.10210,-0.05273,-0.00581,-0.00000,0.00000,0.00000,0.00000,0.00000,0.00000,-0.33479,0.82730,0,0.05540,0.02881
6.0450,-0.04798,-0.02609,0.04162,0.02163,-0.10280,-0.05309,-0.00581,-0.00000,0.00000,0.00000,0.00000,0.00000,0.00000,-0.33480,0.82728,0,0.05540,0.02881
6.0470,-0.04798,-0.02609,0.04141,0.02152,-0.10349,-0.05345,-0.00581,-0.00000,0.00000,0.00000,0.00000,0.00000,0.00000,-0.33481,0.82727,0,0.05540,0.02881
6.0490,-0.04798,-0.02609,0.04120,0.02141,-0.10418,-0.05381,-0.00581,-0.00000,0.00000,0.00000,0.00000,0.00000,0.00000,-0.33479,0.82726,0,0.05540,0.02881
6.0510,-0.04798,-0.02609,0.04100,0.02131,-0.10487,-0.05417,-0.00581,-0.00000,0.00000,0.00000,0.00000,0.00000,0.00000,-0.33479,0.82731,0,0.05540,0.02881
6.0530,-0.04798,-0.02609,0.04079,0.02120,-0.10555,-0.05452,-0.00581,-0.00000,0.00000,0.00000,0.00000,0.00000,0.00000,-0.33481,0.82729,0,0.05540,0.02881
6.0550,-0.04798,-0.02609,0.04057,0.02109,-0.10623,-0.05488,-0.00581,-0.00000,0.00000,0.00000,0.00000,0.00000,0.00000,-0.33480,0.82728,0,0.05540,0.02881
6.0570,-0.04798,-0.02609,0.04036,0.02098,-0.10691,-0.05523,-0.00581,-0.00000,0.00000,0.00000,0.00000,0.00000,0.00000,-0.33481,0.82725,0,0.05540,0.02881
6.0590,-0.04798,-0.02609,0.04015,0.02087,-0.10758,-0.05558,-0.00581,-0.00000,0.00000,0.00000,0.00000,0.00000,0.00000,-0.33475,0.82730,0,0.05540,0.02881
6.0610,-0.04798,-0.02609,0.03993,0.02076,-0.10825,-0.05592,-0.00581,-0.00000,0.00000,0.00000,0.00000,0.00000,0.00000,-0.33480,0.82730,0,0.05540,0.02881
6.0630,-0.04798,-0.02609,0.03971,0.02064,-0.10892,-0.05627,-0.00581,-0.00000,0.00000,0.00000,0.00000,0.00000,0.00000,-0.33483,0.82727,0,0.05540,0.02881
6.0650,-0.04798,-0.02609,0.03949,0.02053,-0.10958,-0.05661,-0.00581,-0.00000,0.00000,0.00000,0.00000,0.00000,0.00000,-0.33478,0.82727,0,0.05540,0.02881
6.0670,-0.04798,-0.02609,0.03927,0.02042,-0.11023,-0.05695,-0.00581,-0.00000,0.00000,0.00000,0.00000,0.00000,0.00000,-0.33481,0.82727,0,0.05540,0.02881
6.0690,-0.04798,-0.02609,0.03905,0.02030,-0.11089,-0.05729,-0.00581,-0.00000,0.00000,0.00000,0.00000,0.00000,0.00000,-0.33477,0.82729,0,0.05540,0.02881
6.0711,-0.04798,-0.02609,0.03883,0.02019,-0.11154,-0.05763,-0.00581,-0.00000,0.00000,0.00000,0.00000,0.00000,0.00000,-0.33478,0.82729,0,0.05540,0.02881
6.0731,-0.04798,-0.02609,0.03861,0.02007,-0.11218,-0.05797,-0.00581,-0.00000,0.00000,0.00000,0.00000,0.00000,0.00000,-0.33480,0.82731,0,0.05540,0.02881
6.0751,-0.04798,-0.02609,0.03838,0.01996,-0.11283,-0.05830,-0.00581,-0.00000,0.00000,0.00000,0.00000,0.00000,0.00000,-0.33481,0.82729,0,0.05540,0.02881
6.0771,-0.04798,-0.02609,0.03816,0.01984,-0.11347,-0.05863,-0.00581,-0.00000,0.00000,0.00000,0.00000,0.00000,0.00000,-0.33480,0.82728,0,0.05540,0.02881
6.0791,-0.04767,-0.02602,0.04482,0.02333,-0.09058,-0.04666,-0.00900,-0.00000,0.00000,0.00000,0.00000,0.00000,0.00000,-0.33479,0.82729,0,0.05527,0.02877
6.0811,-0.04767,-0.02602,0.04464,0.02323,-0.09133,-0.04705,-0.00900,-0.00000,0.00000,0.00000,0.00000,0.00000,0.00000,-0.33479,0.82730,0,0.05527,0.02877
6.0831,-0.04767,-0.02602,0.04445,0.02314,-0.09207,-0.04744,-0.00900,-0.00000,0.00000,0.00000,0.00000,0.00000,0.00000,-0.33477,0.82727,0,0.05527,0.02877
6.0851,-0.04767,-0.02602,0.04427,0.02304,-0.09281,-0.04782,-0.00900,-0.00000,0.00000,0.00000,0.00000,0.00000,0.00000,-0.33475,0.82731,0,0.05527,0.02877
6.0872,-0.04767,-0.02602,0.04408,0.02295,-0.09355,-0.04821,-0.00900,-0.00000,0.00000,0.00000,0.00000,0.00000,0.00000,-0.33479,0.82729,0,0.05527,0.02877
6.0892,-0.04767,-0.02602,0.04389,0.02285,-0.09429,-0.04859,-0.00900,-0.00000,0.00000,0.00000,0.00000,0.00000,0.00000,-0.33476,0.82731,0,0.05527,0.02877
6.0912,-0.04767,-0.02602,0.04370,0.02275,-0.09502,-0.04897,-0.00900,-0.00000,0.00000,0.00000,0.00000,0.00000,0.00000,-0.33474,0.82728,0,0.05527,0.02877
6.0932,-0.04767,-0.02602,0.04351,0.02265,-0.09575,-0.04935,-0.00900,-0.00000,0.00000,0.00000,0.00000,0.00000,0.00000,-0.33477,0.82727,0,0.05527,0.02877
6.0952,-0.04767,-0.02602,0.04332,0.02255,-0.09647,-0.04973,-0.00900,-0.00000,0.00000,0.00000,0.00000,0.00000,0.00000,-0.33476,0.82730,0,0.05527,0.02877
6.0972,-0.04767,-0.02602,0.04313,0.02245,-0.09720,-0.05010,-0.00900,-0.00000,0.00000,0.00000,0.00000,0.00000,0.00000,-0.33484,0.82730,0,0.05527,0.02877
6.0992,-0.04767,-0.02602,0.04293,0.02235,-0.09791,-0.05048,-0.00900,-0.00000,0.00000,0.00000,0.00000,0.00000,0.00000,-0.33479,0.82726,0,0.05527,0.02877
6.1012,-0.04767,-0.02602,0.04274,0.02225,-0.09863,-0.05085,-0.00900,-0.00000,0.00000,0.00000,0.00000,0.00000,0.00000,-0.33481,0.82726,0,0.05527,0.02877
6.1032,-0.04767,-0.02602,0.04254,0.02215,-0.09934,-0.05122,-0.00900,-0.00000,0.00000,0.00000,0.00000,0.00000,0.00000,-0.33479,0.82731,0,0.05527,0.02877
6.1052,-0.04767,-0.02602,0.04234,0.02205,-0.10005,-0.05159,-0.00900,-0.00000,0.00000,0.00000,0.00000,0.00000,0.00000,-0.33477,0.82732,0,0.05527,0.02877
6.1072,-0.04767,-0.02602,0.04214,0.02194,-0.10076,-0.05196,-0.00900,-0.00000,0.00000,0.00000,0.00000,0.00000,0.00000,-0.33485,0.82731,0,0.05527,0.02877
6.1092,-0.04767,-0.02602,0.04194,0.02184,-0.10146,-0.05232,-0.00900,-0.00000,0.00000,0.00000,0.00000,0.00000,0.00000,-0.33482,0.82729,0,0.05527,0.02877
6.1112,-0.04767,-0.02602,0.04173,0.02173,-0.10216,-0.05269,-0.00900,-0.00000,0.00000,0.00000,0.00000,0.00000,0.00000,-0.33479,0.82730,0,0.05527,0.02877
6.1132,-0.04767,-0.02602,0.04153,0.02163,-0.10285,-0.05305,-0.00900,-0.00000,0.00000,0.00000,0.00000,0.00000,0.00000,-0.33478,0.82730,0,0.05527,0.02877
6.1152,-0.04767,-0.02602,0.04132,0.02152,-0.10355,-0.05341,-0.00900,-0.00000,0.00000,0.00000,0.00000,0.00000,0.00000,-0.33481,0.82727,0,0.05527,0.02877
6.1172,-0.04767,-0.02602,0.04111,0.02142,-0.10423,-0.05377,-0.00900,-0.00000,0.00000,0.00000,0.00000,0.00000,0.00000,-0.33482,0.82729,0,0.05527,0.02877
6.1192,-0.04767,-0.02602,0.04090,0.02131,-0.10492,-0.05413,-0.00900,-0.00000,0.00000,0.00000,0.00000,0.00000,0.00000,-0.33480,0.82728,0,0.05527,0.02877
6.1212,-0.04767,-0.02602,0.04069,0.02120,-0.10560,-0.05448,-0.00900,-0.00000,0.00000,0.00000,0.00000,0.00000,0.00000,-0.33480,0.82726,0,0.05527,0.02877
6.1232,-0.04767,-0.02602,0.04048,0.02109,-0.10628,-0.05483,-0.00900,-0.00000,0.00000,0.00000,0.00000,0.00000,0.00000,-0.33479,0.82730,0,0.05527,0.02877
6.1252,-0.04767,-0.02602,0.04027,0.02098,-0.10695,-0.05518,-0.00900,-0.00000,0.00000,0.00000,0.00000,0.00000,0.00000,-0.33480,0.82731,0,0.05527,0.02877
6.1272,-0.04767,-0.02602,0.04005,0.02087,-0.10762,-0.05553,-0.00900,-0.00000,0.00000,0.00000,0.00000,0.00000,0.00000,-0.33482,0.82726,0,0.05527,0.02877
6.1292,-0.04767,-0.02602,0.03984,0.02076,-0.10829,-0.05588,-0.00900,-0.00000,0.00000,0.00000,0.00000,0.00000,0.00000,-0.33481,0.82729,0,0.05527,0.02877
6.1312,-0.04767,-0.02602,0.03962,0.02064,-0.10895,-0.05623,-0.00900,-0.00000,0.00000,0.00000,0.00000,0.00000,0.00000,-0.33482,0.82726,0,0.05527,0.02877
6.1332,-0.04767,-0.02602,0.03940,0.02053,-0.10961,-0.05657,-0.00900,-0.00000,0.00000,0.00000,0.00000,0.00000,0.00000,-0.33476,0.82727,0,0.05527,0.02877
6.1352,-0.04767,-0.02602,0.03918,0.02042,-0.11027,-0.05691,-0.00900,-0.00000,0.00000,0.00000,0.00000,0.00000,0.00000,-0.33480,0.82731,0,0.05527,0.02877
6.1372,-0.04767,-0.02602,0.03896,0.02030,-0.11092,-0.05725,-0.00900,-0.00000,0.00000,0.00000,0.00000,0.00000,0.00000,-0.33482,0.82728,0,0.05527,0.02877
6.1392,-0.04767,-0.02602,0.03874,0.02019,-0.11157,-0.05759,-0.00900,-0.00000,0.00000,0.00000,0.00000,0.00000,0.00000,-0.33482,0.82727,0,0.05527,0.02877
6.1412,-0.04767,-0.02602,0.03851,0.02007,-0.11221,-0.05793,-0.00900,-0.00000,0.00000,0.00000,0.00000,0.00000,0.00000,-0.33477,0.82729,0,0.05527,0.02877
6.1432,-0.04767,-0.02602,0.03829,0.01996,-0.11286,-0.05826,-0.00900,-0.00000,0.00000,0.00000,0.00000,0.00000,0.00000,-0.33478,0.82730,0,0.05527,0.02877
6.1452,-0.04768,-0.02590,0.04485,0.02332,-0.09035,-0.04673,-0.00964,-0.00000,0.00000,0.00000,0.00000,0.00000,0.00000,-0.33477,0.82728,0,0.05530,0.02869
6.1473,-0.04768,-0.02590,0.04467,0.02322,-0.09109,-0.04712,-0.00964,-0.00000,0.00000,0.00000,0.00000,0.00000,0.00000,-0.33483,0.82727,0,0.05530,0.02869
6.1493,-0.04768,-0.02590,0.04448,0.02313,-0.09184,-0.04751,-0.00964,-0.00000,0.00000,0.00000,0.00000,0.00000,0.00000,-0.33478,0.82727,0,0.05530,0.02869
6.1513,-0.04768,-0.02590,0.04430,0.02303,-0.09258,-0.04789,-0.00964,-0.00000,0.00000,0.00000,0.00000,0.00000,0.00000,-0.33474,0.82730,0,0.05530,0.02869
6.1533,-0.04768,-0.02590,0.04411,0.02294,-0.09332,-0.04828,-0.00964,-0.00000,0.00000,0.00000,0.00000,0.00000,0.00000,-0.33476,0.82729,0,0.05530,0.02869
6.1553,-0.04768,-0.02590,0.04392,0.02284,-0.09406,-0.04866,-0.00964,-0.00000,0.00000,0.00000,0.00000,0.00000,0.00000,-0.33481,0.82727,0,0.05530,0.02869
6.1573,-0.04768,-0.02590,0.04374,0.02274,-0.09479,-0.04904,-0.00964,-0.00000,0.00000,0.00000,0.00000,0.00000,0.00000,-0.33476,0.82728,0,0.05530,0.02869
6.1593,-0.04768,-0.02590,0.04355,0.02264,-0.09552,-0.04942,-0.00964,-0.00000,0.00000,0.00000,0.00000,0.00000,0.00000,-0.33473,0.82733,0,0.05530,0.02869
6.1613,-0.04768,-0.02590,0.04335,0.02255,-0.09624,-0.04980,-0.00964,-0.00000,0.00000,0.00000,0.00000,0.00000,0.00000,-0.33479,0.82728,0,0.05530,0.02869
6.1633,-0.04768,-0.02590,0.04316,0.02245,-0.09697,-0.05017,-0.00964,-0.00000,0.00000,0.00000,0.00000,0.00000,0.00000,-0.33481,0.82730,0,0.05530,0.02869
6.1653,-0.04768,-0.02590,0.04297,0.02234,-0.09769,-0.05055,-0.00964,-0.00000,0.00000,0.00000,0.00000,0.00000,0.00000,-0.33481,0.82730,0,0.05530,0.02869
6.1673,-0.04768,-0.02590,0.04277,0.02224,-0.09840,-0.05092,-0.00964,-0.00000,0.00000,0.00000,0.00000,0.00000,0.00000,-0.33477,0.82729,0,0.05530,0.02869
6.1694,-0.04768,-0.02590,0.04257,0.02214,-0.09911,-0.05129,-0.00964,-0.00000,0.00000,0.00000,0.00000,0.00000,0.00000,-0.33477,0.82729,0,0.05530,0.02869
6.1714,-0.04768,-0.02590,0.04237,0.02204,-0.09982,-0.05166,-0.00964,-0.00000,0.00000,0.00000,0.00000,0.00000,0.00000,-0.33478,0.82731,0,0.05530,0.02869
6.1734,-0.04768,-0.02590,0.04217,0.02193,-0.10053,-0.05203,-0.00964,-0.00000,0.00000,0.00000,0.00000,0.00000,0.00000,-0.33480,0.82728,0,0.05530,0.02869
6.1754,-0.04768,-0.02590,0.04197,0.02183,-0.10123,-0.05239,-0.00964,-0.00000,0.00000,0.00000,0.00000,0.00000,0.00000,-0.33477,0.82730,0,0.05530,0.02869
6.1774,-0.04768,-0.02590,0.04177,0.02172,-0.10193,-0.05276,-0.00964,-0.00000,0.00000,0.00000,0.00000,0.00000,0.00000,-0.33477,0.82727,0,0.05530,0.02869
6.1794,-0.04768,-0.02590,0.04156,0.02162,-0.10263,-0.05312,-0.00964,-0.00000,0.00000,0.00000,0.00000,0.00000,0.00000,-0.33478,0.82731,0,0.05530,0.02869
6.1814,-0.04768,-0.02590,0.04136,0.02151,-0.10332,-0.05348,-0.00964,-0.00000,0.00000,0.00000,0.00000,0.00000,0.00000,-0.33481,0.82730,0,0.05530,0.02869
6.1834,-0.04768,-0.02590,0.04115,0.02141,-0.10401,-0.05384,-0.00964,-0.00000,0.00000,0.00000,0.00000,0.00000,0.00000,-0.33475,0.82730,0,0.05530,0.02869
6.1854,-0.04768,-0.02590,0.04094,0.02130,-0.10470,-0.05419,-0.00964,-0.00000,0.00000,0.00000,0.00000,0.00000,0.00000,-0.33477,0.82731,0,0.05530,0.02869
6.1874,-0.04768,-0.02590,0.04073,0.02119,-0.10538,-0.05455,-0.00964,-0.00000,0.00000,0.00000,0.00000,0.00000,0.00000,-0.33479,0.82731,0,0.05530,0.02869
6.1894,-0.04768,-0.02590,0.04052,0.02108,-0.10606,-0.05490,-0.00964,-0.00000,0.00000,0.00000,0.00000,0.00000,0.00000,-0.33478,0.82730,0,0.05530,0.02869
6.1914,-0.04768,-0.02590,0.04031,0.02097,-0.10673,-0.05525,-0.00964,-0.00000,0.00000,0.00000,0.00000,0.00000,0.00000,-0.33477,0.82730,0,0.05530,0.02869
6.1935,-0.04768,-0.02590,0.04009,0.02086,-0.10740,-0.05560,-0.00964,-0.00000,0.00000,0.00000,0.00000,0.00000,0.00000,-0.33479,0.82727,0,0.05530,0.02869
6.1955,-0.04768,-0.02590,0.03988,0.02075,-0.10807,-0.05595,-0.00964,-0.00000,0.00000,0.00000,0.00000,0.00000,0.00000,-0.33480,0.82728,0,0.05530,0.02869
6.1975,-0.04768,-0.02590,0.03966,0.02063,-0.10873,-0.05629,-0.00964,-0.00000,0.00000,0.00000,0.00000,0.00000,0.00000,-0.33480,0.82727,0,0.05530,0.02869
6.1995,-0.04768,-0.02590,0.03944,0.02052,-0.10939,-0.05664,-0.00964,-0.00000,0.00000,0.00000,0.00000,0.00000,0.00000,-0.33481,0.82731,0,0.05530,0.02869
6.2015,-0.04768,-0.02590,0.03922,0.02041,-0.11005,-0.05698,-0.00964,-0.00000,0.00000,0.00000,0.00000,0.00000,0.00000,-0.33476,0.82732,0,0.05530,0.02869
6.2035,-0.04768,-0.02590,0.03900,0.02029,-0.11070,-0.05732,-0.00964,-0.00000,0.00000,0.00000,0.00000,0.00000,0.00000,-0.33479,0.82732,0,0.05530,0.02869
6.2055,-0.04768,-0.02590,0.03878,0.02018,-0.11135,-0.05766,-0.00964,-0.00000,0.00000,0.00000,0.00000,0.00000,0.00000,-0.33483,0.82728,0,0.05530,0.02869
6.2075,-0.04768,-0.02590,0.03856,0.02006,-0.11200,-0.05799,-0.00964,-0.00000,0.00000,0.00000,0.00000,0.00000,0.00000,-0.33482,0.82730,0,0.05530,0.02869
6.2095,-0.04777,-0.02625,0.04493,0.02340,-0.09000,-0.04647,-0.01101,-0.00000,0.00000,0.00000,0.00000,0.00000,0.00000,-0.33476,0.82730,0,0.05536,0.02884
6.2115,-0.04777,-0.02625,0.04475,0.02331,-0.09075,-0.04686,-0.01101,-0.00000,0.00000,0.00000,0.00000,0.00000,0.00000,-0.33482,0.82726,0,0.05536,0.02884
6.2135,-0.04777,-0.02625,0.04457,0.02322,-0.09149,-0.04725,-0.01101,-0.00000,0.00000,0.00000,0.00000,0.00000,0.00000,-0.33480,0.82730,0,0.05536,0.02884
6.2155,-0.04777,-0.02625,0.04439,0.02312,-0.09224,-0.04763,-0.01101,-0.00000,0.00000,0.00000,0.00000,0.00000,0.00000,-0.33477,0.82729,0,0.05536,0.02884
6.2175,-0.04777,-0.02625,0.04420,0.02303,-0.09298,-0.04802,-0.01101,-0.00000,0.00000,0.00000,0.00000,0.00000,0.00000,-0.33479,0.82728,0,0.05536,0.02884
6.2196,-0.04777,-0.02625,0.04402,0.02293,-0.09371,-0.04840,-0.01101,-0.00000,0.00000,0.00000,0.00000,0.00000,0.00000,-0.33479,0.82729,0,0.05536,0.02884
6.2216,-0.04777,-0.02625,0.04383,0.02283,-0.09445,-0.04879,-0.01101,-0.00000,0.00000,0.00000,0.00000,0.00000,0.00000,-0.33480,0.82731,0,0.05536,0.02884
6.2236,-0.04777,-0.02625,0.04364,0.02273,-0.09518,-0.04917,-0.01101,-0.00000,0.00000,0.00000,0.00000,0.00000,0.00000,-0.33480,0.82727,0,0.05536,0.02884
6.2256,-0.04777,-0.02625,0.04345,0.02264,-0.09591,-0.04955,-0.01101,-0.00000,0.00000,0.00000,0.00000,0.00000,0.00000,-0.33478,0.82732,0,0.05536,0.02884
6.2276,-0.04777,-0.02625,0.04325,0.02254,-0.09663,-0.04992,-0.01101,-0.00000,0.00000,0.00000,0.00000,0.00000,0.00000,-0.33476,0.82731,0,0.05536,0.02884
6.2296,-0.04777,-0.02625,0.04306,0.02244,-0.09735,-0.05030,-0.01101,-0.00000,0.00000,0.00000,0.00000,0.00000,0.00000,-0.33484,0.82727,0,0.05536,0.02884
6.2316,-0.04777,-0.02625,0.04286,0.02234,-0.09807,-0.05067,-0.01101,-0.00000,0.00000,0.00000,0.00000,0.00000,0.00000,-0.33479,0.82732,0,0.05536,0.02884
6.2336,-0.04777,-0.02625,0.04267,0.02223,-0.09878,-0.05104,-0.01101,-0.00000,0.00000,0.00000,0.00000,0.00000,0.00000,-0.33478,0.82728,0,0.05536,0.02884
6.2356,-0.04777,-0.02625,0.04247,0.02213,-0.09950,-0.05142,-0.01101,-0.00000,0.00000,0.00000,0.00000,0.00000,0.00000,-0.33475,0.82730,0,0.05536,0.02884
6.2376,-0.04777,-0.02625,0.04227,0.02203,-0.10020,-0.05178,-0.01101,-0.00000,0.00000,0.00000,0.00000,0.00000,0.00000,-0.33481,0.82727,0,0.05536,0.02884
6.2396,-0.04777,-0.02625,0.04207,0.02192,-0.10091,-0.05215,-0.01101,-0.00000,0.00000,0.00000,0.00000,0.00000,0.00000,-0.33476,0.82731,0,0.05536,0.02884
6.2416,-0.04777,-0.02625,0.04187,0.02182,-0.10161,-0.05252,-0.01101,-0.00000,0.00000,0.00000,0.00000,0.00000,0.00000,-0.33481,0.82728,0,0.05536,0.02884
6.2436,-0.04777,-0.02625,0.04166,0.02171,-0.10231,-0.05288,-0.01101,-0.00000,0.00000,0.00000,0.00000,0.00000,0.00000,-0.33478,0.82726,0,0.05536,0.02884
6.2456,-0.04777,-0.02625,0.04146,0.02161,-0.10300,-0.05324,-0.01101,-0.00000,0.00000,0.00000,0.00000,0.00000,0.00000,-0.33476,0.82730,0,0.05536,0.02884
6.2476,-0.04777,-0.02625,0.04125,0.02150,-0.10369,-0.05360,-0.01101,-0.00000,0.00000,0.00000,0.00000,0.00000,0.00000,-0.33479,0.82730,0,0.05536,0.02884
6.2496,-0.04777,-0.02625,0.04104,0.02139,-0.10438,-0.05396,-0.01101,-0.00000,0.00000,0.00000,0.00000,0.00000,0.00000,-0.33474,0.82729,0,0.05536,0.02884
6.2516,-0.04777,-0.02625,0.04083,0.02129,-0.10506,-0.05432,-0.01101,-0.00000,0.00000,0.00000,0.00000,0.00000,0.00000,-0.33478,0.82729,0,0.05536,0.02884
6.2536,-0.04777,-0.02625,0.04062,0.02118,-0.10574,-0.05467,-0.01101,-0.00000,0.00000,0.00000,0.00000,0.00000,0.00000,-0.33476,0.82730,0,0.05536,0.02884
6.2556,-0.04777,-0.02625,0.04041,0.02107,-0.10642,-0.05502,-0.01101,-0.00000,0.00000,0.00000,0.00000,0.00000,0.00000,-0.33476,0.82731,0,0.05536,0.02884
6.2576,-0.04777,-0.02625,0.04020,0.02096,-0.10709,-0.05538,-0.01101,-0.00000,0.00000,0.00000,0.00000,0.00000,0.00000,-0.33479,0.82729,0,0.05536,0.02884
6.2596,-0.04777,-0.02625,0.03998,0.02084,-0.10776,-0.05572,-0.01101,-0.00000,0.00000,0.00000,0.00000,0.00000,0.00000,-0.33480,0.82731,0,0.05536,0.02884
6.2616,-0.04777,-0.02625,0.03977,0.02073,-0.10843,-0.05607,-0.01101,-0.00000,0.00000,0.00000,0.00000,0.00000,0.00000,-0.33479,0.82730,0,0.05536,0.02884
6.2636,-0.04777,-0.02625,0.03955,0.02062,-0.10909,-0.05642,-0.01101,-0.00000,0.00000,0.00000,0.00000,0.00000,0.00000,-0.33475,0.82727,0,0.05536,0.02884
6.2656,-0.04777,-0.02625,0.03933,0.02051,-0.10975,-0.05676,-0.01101,-0.00000,0.00000,0.00000,0.00000,0.00000,0.00000,-0.33477,0.82732,0,0.05536,0.02884
6.2676,-0.04777,-0.02625,0.03911,0.02039,-0.11040,-0.05710,-0.01101,-0.00000,0.00000,0.00000,0.00000,0.00000,0.00000,-0.33475,0.82728,0,0.05536,0.02884
6.2696,-0.04777,-0.02625,0.03889,0.02028,-0.11105,-0.05744,-0.01101,-0.00000,0.00000,0.00000,0.00000,0.00000,0.00000,-0.33480,0.82729,0,0.05536,0.02884
6.2716,-0.04777,-0.02625,0.03866,0.02016,-0.11170,-0.05778,-0.01101,-0.00000,0.00000,0.00000,0.00000,0.00000,0.00000,-0.33479,0.82731,0,0.05536,0.02884
6.2736,-0.04777,-0.02625,0.03844,0.02005,-0.11234,-0.05811,-0.01101,-0.00000,0.00000,0.00000,0.00000,0.00000,0.00000,-0.33480,0.82731,0,0.05536,0.02884
6.2759,-0.04777,-0.02625,0.03821,0.01993,-0.11298,-0.05845,-0.01101,-0.00000,0.00000,0.00000,0.00000,0.00000,0.00000,-0.33480,0.82727,0,0.05536,0.02884
6.2779,-0.04774,-0.02609,0.04482,0.02329,-0.09018,-0.04684,-0.00937,-0.00000,0.00000,0.00000,0.00000,0.00000,0.00000,-0.33478,0.82730,0,0.05532,0.02868
6.2799,-0.04774,-0.02609,0.04464,0.02320,-0.09093,-0.04723,-0.00937,-0.00000,0.00000,0.00000,0.00000,0.00000,0.00000,-0.33478,0.82730,0,0.05532,0.02868
6.2819,-0.04774,-0.02609,0.04445,0.02310,-0.09168,-0.04762,-0.00937,-0.00000,0.00000,0.00000,0.00000,0.00000,0.00000,-0.33479,0.82731,0,0.05532,0.02868
6.2839,-0.04774,-0.02609,0.04427,0.02301,-0.09242,-0.04800,-0.00937,-0.00000,0.00000,0.00000,0.00000,0.00000,0.00000,-0.33479,0.82727,0,0.05532,0.02868
6.2859,-0.04774,-0.02609,0.04409,0.02291,-0.09316,-0.04839,-0.00937,-0.00000,0.00000,0.00000,0.00000,0.00000,0.00000,-0.33473,0.82731,0,0.05532,0.02868
6.2879,-0.04774,-0.02609,0.04390,0.02281,-0.09389,-0.04877,-0.00937,-0.00000,0.00000,0.00000,0.00000,0.00000,0.00000,-0.33478,0.82729,0,0.05532,0.02868
6.2899,-0.04774,-0.02609,0.04371,0.02272,-0.09462,-0.04915,-0.00937,-0.00000,0.00000,0.00000,0.00000,0.00000,0.00000,-0.33480,0.82730,0,0.05532,0.02868
6.2919,-0.04774,-0.02609,0.04352,0.02262,-0.09535,-0.04953,-0.00937,-0.00000,0.00000,0.00000,0.00000,0.00000,0.00000,-0.33479,0.82730,0,0.05532,0.02868
6.2939,-0.04774,-0.02609,0.04333,0.02252,-0.09608,-0.04991,-0.00937,-0.00000,0.00000,0.00000,0.00000,0.00000,0.00000,-0.33480,0.82725,0,0.05532,0.02868
6.2959,-0.04774,-0.02609,0.04314,0.02242,-0.09680,-0.05028,-0.00937,-0.00000,0.00000,0.00000,0.00000,0.00000,0.00000,-0.33481,0.82727,0,0.05532,0.02868
6.2979,-0.04774,-0.02609,0.04294,0.02232,-0.09752,-0.05065,-0.00937,-0.00000,0.00000,0.00000,0.00000,0.00000,0.00000,-0.33474,0.82730,0,0.05532,0.02868
6.2999,-0.04774,-0.02609,0.04275,0.02222,-0.09823,-0.05103,-0.00937,-0.00000,0.00000,0.00000,0.00000,0.00000,0.00000,-0.33475,0.82730,0,0.05532,0.02868
6.3019,-0.04774,-0.02609,0.04255,0.02211,-0.09895,-0.05140,-0.00937,-0.00000,0.00000,0.00000,0.00000,0.00000,0.00000,-0.33481,0.82729,0,0.05532,0.02868
6.3039,-0.04774,-0.02609,0.04235,0.02201,-0.09966,-0.05177,-0.00937,-0.00000,0.00000,0.00000,0.00000,0.00000,0.00000,-0.33479,0.82731,0,0.05532,0.02868
6.3059,-0.04774,-0.02609,0.04215,0.02191,-0.10036,-0.05213,-0.00937,-0.00000,0.00000,0.00000,0.00000,0.00000,0.00000,-0.33478,0.82731,0,0.05532,0.02868
6.3079,-0.04774,-0.02609,0.04195,0.02180,-0.10106,-0.05250,-0.00937,-0.00000,0.00000,0.00000,0.00000,0.00000,0.00000,-0.33480,0.82726,0,0.05532,0.02868
6.3099,-0.04774,-0.02609,0.04175,0.02170,-0.10176,-0.05286,-0.00937,-0.00000,0.00000,0.00000,0.00000,0.00000,0.00000,-0.33482,0.82727,0,0.05532,0.02868
6.3119,-0.04774,-0.02609,0.04154,0.02159,-0.10246,-0.05322,-0.00937,-0.00000,0.00000,0.00000,0.00000,0.00000,0.00000,-0.33477,0.82728,0,0.05532,0.02868
6.3139,-0.04774,-0.02609,0.04134,0.02148,-0.10315,-0.05358,-0.00937,-0.00000,0.00000,0.00000,0.00000,0.00000,0.00000,-0.33479,0.82731,0,0.05532,0.02868
6.3159,-0.04774,-0.02609,0.04113,0.02138,-0.10384,-0.05394,-0.00937,-0.00000,0.00000,0.00000,0.00000,0.00000,0.00000,-0.33481,0.82733,0,0.05532,0.02868
6.3179,-0.04774,-0.02609,0.04092,0.02127,-0.10453,-0.05430,-0.00937,-0.00000,0.00000,0.00000,0.00000,0.00000,0.00000,-0.33480,0.82731,0,0.05532,0.02868
6.3199,-0.04774,-0.02609,0.04071,0.02116,-0.10521,-0.05465,-0.00937,-0.00000,0.00000,0.00000,0.00000,0.00000,0.00000,-0.33478,0.82728,0,0.05532,0.02868
6.3219,-0.04774,-0.02609,0.04050,0.02105,-0.10589,-0.05500,-0.00937,-0.00000,0.00000,0.00000,0.00000,0.00000,0.00000,-0.33477,0.82733,0,0.05532,0.02868
6.3239,-0.04774,-0.02609,0.04029,0.02094,-0.10656,-0.05535,-0.00937,-0.00000,0.00000,0.00000,0.00000,0.00000,0.00000,-0.33480,0.82728,0,0.05532,0.02868
6.3259,-0.04774,-0.02609,0.04007,0.02083,-0.10723,-0.05570,-0.00937,-0.00000,0.00000,0.00000,0.00000,0.00000,0.00000,-0.33480,0.82728,0,0.05532,0.02868
6.3279,-0.04774,-0.02609,0.03986,0.02072,-0.10790,-0.05605,-0.00937,-0.00000,0.00000,0.00000,0.00000,0.00000,0.00000,-0.33482,0.82728,0,0.05532,0.02868
6.3299,-0.04774,-0.02609,0.03964,0.02060,-0.10856,-0.05639,-0.00937,-0.00000,0.00000,0.00000,0.00000,0.00000,0.00000,-0.33476,0.82732,0,0.05532,0.02868
6.3319,-0.04774,-0.02609,0.03942,0.02049,-0.10922,-0.05674,-0.00937,-0.00000,0.00000,0.00000,0.00000,0.00000,0.00000,-0.33479,0.82729,0,0.05532,0.02868
6.3339,-0.04774,-0.02609,0.03920,0.02038,-0.10988,-0.05708,-0.00937,-0.00000,0.00000,0.00000,0.00000,0.00000,0.00000,-0.33477,0.82730,0,0.05532,0.02868
6.3359,-0.04774,-0.02609,0.03898,0.02026,-0.11053,-0.05742,-0.00937,-0.00000,0.00000,0.00000,0.00000,0.00000,0.00000,-0.33482,0.82725,0,0.05532,0.02868
6.3379,-0.04774,-0.02609,0.03876,0.02015,-0.11118,-0.05775,-0.00937,-0.00000,0.00000,0.00000,0.00000,0.00000,0.00000,-0.33479,0.82727,0,0.05532,0.02868
6.3400,-0.04774,-0.02609,0.03854,0.02003,-0.11182,-0.05809,-0.00937,-0.00000,0.00000,0.00000,0.00000,0.00000,0.00000,-0.33478,0.82728,0,0.05532,0.02868
6.3419,-0.04774,-0.02609,0.03831,0.01991,-0.11247,-0.05842,-0.00937,-0.00000,0.00000,0.00000,0.00000,0.00000,0.00000,-0.33475,0.82727,0,0.05532,0.02868
6.3440,-0.04774,-0.02609,0.03809,0.01980,-0.11310,-0.05875,-0.00937,-0.00000,0.00000,0.00000,0.00000,0.00000,0.00000,-0.33482,0.82727,0,0.05532,0.02868
6.3460,-0.04774,-0.02609,0.03786,0.01968,-0.11374,-0.05908,-0.00937,-0.00000,0.00000,0.00000,0.00000,0.00000,0.00000,-0.33478,0.82730,0,0.05532,0.02868
6.3480,-0.04794,-0.02642,0.04468,0.02322,-0.09058,-0.04707,-0.01022,-0.00000,0.00000,0.00000,0.00000,0.00000,0.00000,-0.33481,0.82729,0,0.05544,0.02880
6.3500,-0.04794,-0.02642,0.04450,0.02312,-0.09132,-0.04746,-0.01022,-0.00000,0.00000,0.00000,0.00000,0.00000,0.00000,-0.33481,0.82729,0,0.05544,0.02880
6.3520,-0.04794,-0.02642,0.04431,0.02303,-0.09206,-0.04784,-0.01022,-0.00000,0.00000,0.00000,0.00000,0.00000,0.00000,-0.33478,0.82729,0,0.05544,0.02880
6.3540,-0.04794,-0.02642,0.04413,0.02293,-0.09280,-0.04823,-0.01022,-0.00000,0.00000,0.00000,0.00000,0.00000,0.00000,-0.33479,0.82731,0,0.05544,0.02880
6.3560,-0.04794,-0.02642,0.04394,0.02283,-0.09354,-0.04861,-0.01022,-0.00000,0.00000,0.00000,0.00000,0.00000,0.00000,-0.33480,0.82729,0,0.05544,0.02880
6.3580,-0.04794,-0.02642,0.04375,0.02274,-0.09427,-0.04899,-0.01022,-0.00000,0.00000,0.00000,0.00000,0.00000,0.00000,-0.33479,0.82728,0,0.05544,0.02880
6.3600,-0.04794,-0.02642,0.04356,0.02264,-0.09500,-0.04937,-0.01022,-0.00000,0.00000,0.00000,0.00000,0.00000,0.00000,-0.33476,0.82728,0,0.05544,0.02880
6.3620,-0.04794,-0.02642,0.04337,0.02254,-0.09573,-0.04974,-0.01022,-0.00000,0.00000,0.00000,0.00000,0.00000,0.00000,-0.33479,0.82728,0,0.05544,0.02880
6.3640,-0.04794,-0.02642,0.04318,0.02244,-0.09645,-0.05012,-0.01022,-0.00000,0.00000,0.00000,0.00000,0.00000,0.00000,-0.33477,0.82731,0,0.05544,0.02880
6.3660,-0.04794,-0.02642,0.04299,0.02234,-0.09717,-0.05049,-0.01022,-0.00000,0.00000,0.00000,0.00000,0.00000,0.00000,-0.33480,0.82726,0,0.05544,0.02880
6.3680,-0.04794,-0.02642,0.04279,0.02224,-0.09789,-0.05087,-0.01022,-0.00000,0.00000,0.00000,0.00000,0.00000,0.00000,-0.33477,0.82729,0,0.05544,0.02880
6.3700,-0.04794,-0.02642,0.04260,0.02213,-0.09860,-0.05124,-0.01022,-0.00000,0.00000,0.00000,0.00000,0.00000,0.00000,-0.33482,0.82722,0,0.05544,0.02880
6.3720,-0.04794,-0.02642,0.04240,0.02203,-0.09931,-0.05161,-0.01022,-0.00000,0.00000,0.00000,0.00000,0.00000,0.00000,-0.33480,0.82729,0,0.05544,0.02880
6.3740,-0.04794,-0.02642,0.04220,0.02193,-0.10002,-0.05197,-0.01022,-0.00000,0.00000,0.00000,0.00000,0.00000,0.00000,-0.33482,0.82724,0,0.05544,0.02880
6.3760,-0.04794,-0.02642,0.04200,0.02182,-0.10072,-0.05234,-0.01022,-0.00000,0.00000,0.00000,0.00000,0.00000,0.00000,-0.33476,0.82729,0,0.05544,0.02880
6.3780,-0.04794,-0.02642,0.04180,0.02172,-0.10142,-0.05270,-0.01022,-0.00000,0.00000,0.00000,0.00000,0.00000,0.00000,-0.33478,0.82729,0,0.05544,0.02880
6.3800,-0.04794,-0.02642,0.04159,0.02161,-0.10212,-0.05307,-0.01022,-0.00000,0.00000,0.00000,0.00000,0.00000,0.00000,-0.33477,0.82730,0,0.05544,0.02880
6.3820,-0.04794,-0.02642,0.04139,0.02151,-0.10281,-0.05343,-0.01022,-0.00000,0.00000,0.00000,0.00000,0.00000,0.00000,-0.33478,0.82729,0,0.05544,0.02880
6.3840,-0.04794,-0.02642,0.04118,0.02140,-0.10350,-0.05378,-0.01022,-0.00000,0.00000,0.00000,0.00000,0.00000,0.00000,-0.33479,0.82726,0,0.05544,0.02880
6.3860,-0.04794,-0.02642,0.04097,0.02129,-0.10419,-0.05414,-0.01022,-0.00000,0.00000,0.00000,0.00000,0.00000,0.00000,-0.33477,0.82728,0,0.05544,0.02880
6.3880,-0.04794,-0.02642,0.04076,0.02118,-0.10487,-0.05449,-0.01022,-0.00000,0.00000,0.00000,0.00000,0.00000,0.00000,-0.33476,0.82730,0,0.05544,0.02880
6.3900,-0.04794,-0.02642,0.04055,0.02107,-0.10555,-0.05485,-0.01022,-0.00000,0.00000,0.00000,0.00000,0.00000,0.00000,-0.33483,0.82730,0,0.05544,0.02880
6.3920,-0.04794,-0.02642,0.04034,0.02096,-0.10622,-0.05520,-0.01022,-0.00000,0.00000,0.00000,0.00000,0.00000,0.00000,-0.33479,0.82730,0,0.05544,0.02880
6.3940,-0.04794,-0.02642,0.04013,0.02085,-0.10690,-0.05555,-0.01022,-0.00000,0.00000,0.00000,0.00000,0.00000,0.00000,-0.33478,0.82729,0,0.05544,0.02880
6.3960,-0.04794,-0.02642,0.03992,0.02074,-0.10756,-0.05590,-0.01022,-0.00000,0.00000,0.00000,0.00000,0.00000,0.00000,-0.33478,0.82726,0,0.05544,0.02880
6.3980,-0.04794,-0.02642,0.03970,0.02063,-0.10823,-0.05624,-0.01022,-0.00000,0.00000,0.00000,0.00000,0.00000,0.00000,-0.33477,0.82729,0,0.05544,0.02880
6.4000,-0.04794,-0.02642,0.03948,0.02052,-0.10889,-0.05658,-0.01022,-0.00000,0.00000,0.00000,0.00000,0.00000,0.00000,-0.33483,0.82726,0,0.05544,0.02880
6.4020,-0.04794,-0.02642,0.03926,0.02040,-0.10955,-0.05693,-0.01022,-0.00000,0.00000,0.00000,0.00000,0.00000,0.00000,-0.33476,0.82731,0,0.05544,0.02880
6.4040,-0.04794,-0.02642,0.03904,0.02029,-0.11020,-0.05727,-0.01022,-0.00000,0.00000,0.00000,0.00000,0.00000,0.00000,-0.33479,0.82726,0,0.05544,0.02880
6.4061,-0.04794,-0.02642,0.03882,0.02017,-0.11085,-0.05760,-0.01022,-0.00000,0.00000,0.00000,0.00000,0.00000,0.00000,-0.33479,0.82729,0,0.05544,0.02880
6.4081,-0.04794,-0.02642,0.03860,0.02006,-0.11150,-0.05794,-0.01022,-0.00000,0.00000,0.00000,0.00000,0.00000,0.00000,-0.33481,0.82728,0,0.05544,0.02880
6.4101,-0.04794,-0.02642,0.03838,0.01994,-0.11214,-0.05827,-0.01022,-0.00000,0.00000,0.00000,0.00000,0.00000,0.00000,-0.33481,0.82725,0,0.05544,0.02880
6.4123,-0.04820,-0.02646,0.04502,0.02334,-0.08933,-0.04658,-0.00629,-0.00000,0.00000,0.00000,0.00000,0.00000,0.00000,-0.33481,0.82730,0,0.05554,0.02877
6.4143,-0.04820,-0.02646,0.04484,0.02325,-0.09008,-0.04697,-0.00629,-0.00000,0.00000,0.00000,0.00000,0.00000,0.00000,-0.33480,0.82728,0,0.05554,0.02877
6.4163,-0.04820,-0.02646,0.04466,0.02316,-0.09083,-0.04736,-0.00629,-0.00000,0.00000,0.00000,0.00000,0.00000,0.00000,-0.33478,0.82730,0,0.05554,0.02877
6.4183,-0.04820,-0.02646,0.04448,0.02306,-0.09157,-0.04774,-0.00629,-0.00000,0.00000,0.00000,0.00000,0.00000,0.00000,-0.33478,0.82730,0,0.05554,0.02877
6.4203,-0.04820,-0.02646,0.04429,0.02297,-0.09231,-0.04813,-0.00629,-0.00000,0.00000,0.00000,0.00000,0.00000,0.00000,-0.33482,0.82725,0,0.05554,0.02877
6.4223,-0.04820,-0.02646,0.04411,0.02287,-0.09305,-0.04851,-0.00629,-0.00000,0.00000,0.00000,0.00000,0.00000,0.00000,-0.33476,0.82726,0,0.05554,0.02877
6.4243,-0.04820,-0.02646,0.04392,0.02277,-0.09379,-0.04889,-0.00629,-0.00000,0.00000,0.00000,0.00000,0.00000,0.00000,-0.33480,0.82725,0,0.05554,0.02877
6.4263,-0.04820,-0.02646,0.04373,0.02267,-0.09452,-0.04927,-0.00629,-0.00000,0.00000,0.00000,0.00000,0.00000,0.00000,-0.33479,0.82729,0,0.05554,0.02877
6.4283,-0.04820,-0.02646,0.04354,0.02258,-0.09525,-0.04965,-0.00629,-0.00000,0.00000,0.00000,0.00000,0.00000,0.00000,-0.33479,0.82729,0,0.05554,0.02877
6.4303,-0.04820,-0.02646,0.04335,0.02248,-0.09598,-0.05003,-0.00629,-0.00000,0.00000,0.00000,0.00000,0.00000,0.00000,-0.33482,0.82724,0,0.05554,0.02877
6.4323,-0.04820,-0.02646,0.04316,0.02237,-0.09670,-0.05040,-0.00629,-0.00000,0.00000,0.00000,0.00000,0.00000,0.00000,-0.33479,0.82728,0,0.05554,0.02877
6.4343,-0.04820,-0.02646,0.04296,0.02227,-0.09742,-0.05077,-0.00629,-0.00000,0.00000,0.00000,0.00000,0.00000,0.00000,-0.33478,0.82724,0,0.05554,0.02877
6.4363,-0.04820,-0.02646,0.04277,0.02217,-0.09813,-0.05115,-0.00629,-0.00000,0.00000,0.00000,0.00000,0.00000,0.00000,-0.33478,0.82724,0,0.05554,0.02877
6.4383,-0.04820,-0.02646,0.04257,0.02207,-0.09885,-0.05152,-0.00629,-0.00000,0.00000,0.00000,0.00000,0.00000,0.00000,-0.33476,0.82729,0,0.05554,0.02877
6.4403,-0.04820,-0.02646,0.04237,0.02197,-0.09956,-0.05188,-0.00629,-0.00000,0.00000,0.00000,0.00000,0.00000,0.00000,-0.33481,0.82727,0,0.05554,0.02877
6.4423,-0.04820,-0.02646,0.04217,0.02186,-0.10026,-0.05225,-0.00629,-0.00000,0.00000,0.00000,0.00000,0.00000,0.00000,-0.33478,0.82727,0,0.05554,0.02877
6.4443,-0.04820,-0.02646,0.04197,0.02176,-0.10097,-0.05261,-0.00629,-0.00000,0.00000,0.00000,0.00000,0.00000,0.00000,-0.33478,0.82732,0,0.05554,0.02877
6.4463,-0.04820,-0.02646,0.04177,0.02165,-0.10166,-0.05298,-0.00629,-0.00000,0.00000,0.00000,0.00000,0.00000,0.00000,-0.33478,0.82732,0,0.05554,0.02877
6.4483,-0.04820,-0.02646,0.04156,0.02154,-0.10236,-0.05334,-0.00629,-0.00000,0.00000,0.00000,0.00000,0.00000,0.00000,-0.33481,0.82730,0,0.05554,0.02877
6.4503,-0.04820,-0.02646,0.04136,0.02144,-0.10305,-0.05370,-0.00629,-0.00000,0.00000,0.00000,0.00000,0.00000,0.00000,-0.33478,0.82731,0,0.05554,0.02877
6.4523,-0.04820,-0.02646,0.04115,0.02133,-0.10374,-0.05405,-0.00629,-0.00000,0.00000,0.00000,0.00000,0.00000,0.00000,-0.33478,0.82729,0,0.05554,0.02877
6.4543,-0.04820,-0.02646,0.04094,0.02122,-0.10443,-0.05441,-0.00629,-0.00000,0.00000,0.00000,0.00000,0.00000,0.00000,-0.33481,0.82728,0,0.05554,0.02877
6.4563,-0.04820,-0.02646,0.04073,0.02111,-0.10511,-0.05476,-0.00629,-0.00000,0.00000,0.00000,0.00000,0.00000,0.00000,-0.33481,0.82729,0,0.05554,0.02877
6.4583,-0.04820,-0.02646,0.04052,0.02100,-0.10579,-0.05511,-0.00629,-0.00000,0.00000,0.00000,0.00000,0.00000,0.00000,-0.33475,0.82733,0,0.05554,0.02877
6.4603,-0.04820,-0.02646,0.04031,0.02089,-0.10646,-0.05546,-0.00629,-0.00000,0.00000,0.00000,0.00000,0.00000,0.00000,-0.33475,0.82733,0,0.05554,0.02877
6.4623,-0.04820,-0.02646,0.04010,0.02078,-0.10714,-0.05581,-0.00629,-0.00000,0.00000,0.00000,0.00000,0.00000,0.00000,-0.33475,0.82731,0,0.05554,0.02877
6.4643,-0.04820,-0.02646,0.03988,0.02067,-0.10780,-0.05616,-0.00629,-0.00000,0.00000,0.00000,0.00000,0.00000,0.00000,-0.33477,0.82731,0,0.05554,0.02877
6.4663,-0.04820,-0.02646,0.03967,0.02056,-0.10847,-0.05650,-0.00629,-0.00000,0.00000,0.00000,0.00000,0.00000,0.00000,-0.33477,0.82731,0,0.05554,0.02877
6.4683,-0.04820,-0.02646,0.03945,0.02044,-0.10913,-0.05684,-0.00629,-0.00000,0.00000,0.00000,0.00000,0.00000,0.00000,-0.33479,0.82726,0,0.05554,0.02877
6.4703,-0.04820,-0.02646,0.03923,0.02033,-0.10978,-0.05718,-0.00629,-0.00000,0.00000,0.00000,0.00000,0.00000,0.00000,-0.33483,0.82729,0,0.05554,0.02877
6.4724,-0.04820,-0.02646,0.03901,0.02021,-0.11044,-0.05752,-0.00629,-0.00000,0.00000,0.00000,0.00000,0.00000,0.00000,-0.33482,0.82727,0,0.05554,0.02877
6.4744,-0.04820,-0.02646,0.03879,0.02010,-0.11109,-0.05786,-0.00629,-0.00000,0.00000,0.00000,0.00000,0.00000,0.00000,-0.33473,0.82729,0,0.05554,0.02877
6.4764,-0.04820,-0.02646,0.03857,0.01998,-0.11173,-0.05819,-0.00629,-0.00000,0.00000,0.00000,0.00000,0.00000,0.00000,-0.33478,0.82730,0,0.05554,0.02877
6.4784,-0.04827,-0.02670,0.04499,0.02333,-0.08984,-0.04679,-0.00325,-0.00000,0.00000,0.00000,0.00000,0.00000,0.00000,-0.33480,0.82727,0,0.05556,0.02883
6.4804,-0.04827,-0.02670,0.04481,0.02323,-0.09059,-0.04718,-0.00325,-0.00000,0.00000,0.00000,0.00000,0.00000,0.00000,-0.33477,0.82728,0,0.05556,0.02883
6.4824,-0.04827,-0.02670,0.04462,0.02314,-0.09134,-0.04756,-0.00325,-0.00000,0.00000,0.00000,0.00000,0.00000,0.00000,-0.33480,0.82731,0,0.05556,0.02883
6.4844,-0.04827,-0.02670,0.04444,0.02304,-0.09208,-0.04795,-0.00325,-0.00000,0.00000,0.00000,0.00000,0.00000,0.00000,-0.33475,0.82734,0,0.05556,0.02883
6.4864,-0.04827,-0.02670,0.04425,0.02295,-0.09282,-0.04834,-0.00325,-0.00000,0.00000,0.00000,0.00000,0.00000,0.00000,-0.33479,0.82726,0,0.05556,0.02883
6.4884,-0.04827,-0.02670,0.04407,0.02285,-0.09356,-0.04872,-0.00325,-0.00000,0.00000,0.00000,0.00000,0.00000,0.00000,-0.33481,0.82729,0,0.05556,0.02883
6.4904,-0.04827,-0.02670,0.04388,0.02275,-0.09429,-0.04910,-0.00325,-0.00000,0.00000,0.00000,0.00000,0.00000,0.00000,-0.33481,0.82729,0,0.05556,0.02883
6.4924,-0.04827,-0.02670,0.04369,0.02265,-0.09503,-0.04948,-0.00325,-0.00000,0.00000,0.00000,0.00000,0.00000,0.00000,-0.33476,0.82728,0,0.05556,0.02883
6.4944,-0.04827,-0.02670,0.04350,0.02255,-0.09576,-0.04986,-0.00325,-0.00000,0.00000,0.00000,0.00000,0.00000,0.00000,-0.33480,0.82725,0,0.05556,0.02883
6.4964,-0.04827,-0.02670,0.04331,0.02245,-0.09648,-0.05023,-0.00325,-0.00000,0.00000,0.00000,0.00000,0.00000,0.00000,-0.33480,0.82727,0,0.05556,0.02883
6.4984,-0.04827,-0.02670,0.04311,0.02235,-0.09720,-0.05061,-0.00325,-0.00000,0.00000,0.00000,0.00000,0.00000,0.00000,-0.33482,0.82725,0,0.05556,0.02883
6.5004,-0.04827,-0.02670,0.04292,0.02225,-0.09792,-0.05098,-0.00325,-0.00000,0.00000,0.00000,0.00000,0.00000,0.00000,-0.33482,0.82725,0,0.05556,0.02883
6.5024,-0.04827,-0.02670,0.04272,0.02215,-0.09864,-0.05135,-0.00325,-0.00000,0.00000,0.00000,0.00000,0.00000,0.00000,-0.33479,0.82729,0,0.05556,0.02883
6.5044,-0.04827,-0.02670,0.04253,0.02205,-0.09935,-0.05172,-0.00325,-0.00000,0.00000,0.00000,0.00000,0.00000,0.00000,-0.33481,0.82729,0,0.05556,0.02883
6.5064,-0.04827,-0.02670,0.04233,0.02194,-0.10006,-0.05209,-0.00325,-0.00000,0.00000,0.00000,0.00000,0.00000,0.00000,-0.33482,0.82726,0,0.05556,0.02883
6.5084,-0.04827,-0.02670,0.04212,0.02184,-0.10076,-0.05245,-0.00325,-0.00000,0.00000,0.00000,0.00000,0.00000,0.00000,-0.33476,0.82730,0,0.05556,0.02883
6.5104,-0.04827,-0.02670,0.04192,0.02173,-0.10147,-0.05282,-0.00325,-0.00000,0.00000,0.00000,0.00000,0.00000,0.00000,-0.33479,0.82727,0,0.05556,0.02883
6.5124,-0.04827,-0.02670,0.04172,0.02163,-0.10216,-0.05318,-0.00325,-0.00000,0.00000,0.00000,0.00000,0.00000,0.00000,-0.33477,0.82732,0,0.05556,0.02883
6.5144,-0.04827,-0.02670,0.04151,0.02152,-0.10286,-0.05354,-0.00325,-0.00000,0.00000,0.00000,0.00000,0.00000,0.00000,-0.33480,0.82726,0,0.05556,0.02883
6.5164,-0.04827,-0.02670,0.04131,0.02141,-0.10355,-0.05390,-0.00325,-0.00000,0.00000,0.00000,0.00000,0.00000,0.00000,-0.33481,0.82730,0,0.05556,0.02883
6.5184,-0.04827,-0.02670,0.04110,0.02130,-0.10424,-0.05425,-0.00325,-0.00000,0.00000,0.00000,0.00000,0.00000,0.00000,-0.33480,0.82726,0,0.05556,0.02883
6.5204,-0.04827,-0.02670,0.04089,0.02119,-0.10492,-0.05461,-0.00325,-0.00000,0.00000,0.00000,0.00000,0.00000,0.00000,-0.33478,0.82731,0,0.05556,0.02883
6.5224,-0.04827,-0.02670,0.04068,0.02109,-0.10560,-0.05496,-0.00325,-0.00000,0.00000,0.00000,0.00000,0.00000,0.00000,-0.33478,0.82726,0,0.05556,0.02883
6.5244,-0.04827,-0.02670,0.04047,0.02097,-0.10628,-0.05531,-0.00325,-0.00000,0.00000,0.00000,0.00000,0.00000,0.00000,-0.33480,0.82729,0,0.05556,0.02883
6.5264,-0.04827,-0.02670,0.04025,0.02086,-0.10696,-0.05566,-0.00325,-0.00000,0.00000,0.00000,0.00000,0.00000,0.00000,-0.33479,0.82729,0,0.05556,0.02883
6.5284,-0.04827,-0.02670,0.04004,0.02075,-0.10763,-0.05601,-0.00325,-0.00000,0.00000,0.00000,0.00000,0.00000,0.00000,-0.33475,0.82727,0,0.05556,0.02883
6.5304,-0.04827,-0.02670,0.03982,0.02064,-0.10829,-0.05636,-0.00325,-0.00000,0.00000,0.00000,0.00000,0.00000,0.00000,-0.33478,0.82733,0,0.05556,0.02883
6.5324,-0.04827,-0.02670,0.03961,0.02053,-0.10896,-0.05670,-0.00325,-0.00000,0.00000,0.00000,0.00000,0.00000,0.00000,-0.33479,0.82730,0,0.05556,0.02883
6.5344,-0.04827,-0.02670,0.03939,0.02041,-0.10962,-0.05704,-0.00325,-0.00000,0.00000,0.00000,0.00000,0.00000,0.00000,-0.33478,0.82725,0,0.05556,0.02883
6.5364,-0.04827,-0.02670,0.03917,0.02030,-0.11027,-0.05738,-0.00325,-0.00000,0.00000,0.00000,0.00000,0.00000,0.00000,-0.33480,0.82728,0,0.05556,0.02883
6.5385,-0.04827,-0.02670,0.03895,0.02018,-0.11092,-0.05772,-0.00325,-0.00000,0.00000,0.00000,0.00000,0.00000,0.00000,-0.33477,0.82729,0,0.05556,0.02883
6.5404,-0.04827,-0.02670,0.03872,0.02007,-0.11157,-0.05805,-0.00325,-0.00000,0.00000,0.00000,0.00000,0.00000,0.00000,-0.33481,0.82726,0,0.05556,0.02883
6.5425,-0.04827,-0.02670,0.03850,0.01995,-0.11222,-0.05839,-0.00325,-0.00000,0.00000,0.00000,0.00000,0.00000,0.00000,-0.33478,0.82732,0,0.05556,0.02883
6.5445,-0.04778,-0.02652,0.04508,0.02343,-0.08930,-0.04627,-0.00818,-0.00000,0.00000,0.00000,0.00000,0.00000,0.00000,-0.33478,0.82731,0,0.05530,0.02880
6.5465,-0.04778,-0.02652,0.04490,0.02334,-0.09005,-0.04666,-0.00818,-0.00000,0.00000,0.00000,0.00000,0.00000,0.00000,-0.33477,0.82731,0,0.05530,0.02880
6.5485,-0.04778,-0.02652,0.04472,0.02324,-0.09080,-0.04705,-0.00818,-0.00000,0.00000,0.00000,0.00000,0.00000,0.00000,-0.33480,0.82727,0,0.05530,0.02880
6.5505,-0.04778,-0.02652,0.04454,0.02315,-0.09154,-0.04744,-0.00818,-0.00000,0.00000,0.00000,0.00000,0.00000,0.00000,-0.33480,0.82726,0,0.05530,0.02880
6.5525,-0.04778,-0.02652,0.04436,0.02305,-0.09229,-0.04783,-0.00818,-0.00000,0.00000,0.00000,0.00000,0.00000,0.00000,-0.33479,0.82729,0,0.05530,0.02880
6.5545,-0.04778,-0.02652,0.04417,0.02296,-0.09303,-0.04821,-0.00818,-0.00000,0.00000,0.00000,0.00000,0.00000,0.00000,-0.33480,0.82729,0,0.05530,0.02880
6.5565,-0.04778,-0.02652,0.04398,0.02286,-0.09376,-0.04859,-0.00818,-0.00000,0.00000,0.00000,0.00000,0.00000,0.00000,-0.33480,0.82726,0,0.05530,0.02880
6.5585,-0.04778,-0.02652,0.04379,0.02276,-0.09450,-0.04898,-0.00818,-0.00000,0.00000,0.00000,0.00000,0.00000,0.00000,-0.33479,0.82729,0,0.05530,0.02880
6.5605,-0.04778,-0.02652,0.04361,0.02266,-0.09523,-0.04935,-0.00818,-0.00000,0.00000,0.00000,0.00000,0.00000,0.00000,-0.33480,0.82730,0,0.05530,0.02880
6.5625,-0.04778,-0.02652,0.04341,0.02257,-0.09595,-0.04973,-0.00818,-0.00000,0.00000,0.00000,0.00000,0.00000,0.00000,-0.33479,0.82732,0,0.05530,0.02880
6.5645,-0.04778,-0.02652,0.04322,0.02247,-0.09668,-0.05011,-0.00818,-0.00000,0.00000,0.00000,0.00000,0.00000,0.00000,-0.33477,0.82732,0,0.05530,0.02880
6.5665,-0.04778,-0.02652,0.04303,0.02236,-0.09740,-0.05048,-0.00818,-0.00000,0.00000,0.00000,0.00000,0.00000,0.00000,-0.33480,0.82731,0,0.05530,0.02880
6.5685,-0.04778,-0.02652,0.04283,0.02226,-0.09812,-0.05086,-0.00818,-0.00000,0.00000,0.00000,0.00000,0.00000,0.00000,-0.33479,0.82730,0,0.05530,0.02880
6.5705,-0.04778,-0.02652,0.04263,0.02216,-0.09883,-0.05123,-0.00818,-0.00000,0.00000,0.00000,0.00000,0.00000,0.00000,-0.33481,0.82728,0,0.05530,0.02880
6.5725,-0.04778,-0.02652,0.04244,0.02206,-0.09954,-0.05160,-0.00818,-0.00000,0.00000,0.00000,0.00000,0.00000,0.00000,-0.33478,0.82730,0,0.05530,0.02880
6.5745,-0.04778,-0.02652,0.04224,0.02196,-0.10025,-0.05196,-0.00818,-0.00000,0.00000,0.00000,0.00000,0.00000,0.00000,-0.33479,0.82731,0,0.05530,0.02880
6.5765,-0.04778,-0.02652,0.04204,0.02185,-0.10095,-0.05233,-0.00818,-0.00000,0.00000,0.00000,0.00000,0.00000,0.00000,-0.33480,0.82731,0,0.05530,0.02880
6.5785,-0.04778,-0.02652,0.04183,0.02175,-0.10165,-0.05269,-0.00818,-0.00000,0.00000,0.00000,0.00000,0.00000,0.00000,-0.33475,0.82731,0,0.05530,0.02880
6.5805,-0.04778,-0.02652,0.04163,0.02164,-0.10235,-0.05306,-0.00818,-0.00000,0.00000,0.00000,0.00000,0.00000,0.00000,-0.33479,0.82730,0,0.05530,0.02880
6.5826,-0.04778,-0.02652,0.04142,0.02153,-0.10304,-0.05342,-0.00818,-0.00000,0.00000,0.00000,0.00000,0.00000,0.00000,-0.33478,0.82727,0,0.05530,0.02880
6.5846,-0.04778,-0.02652,0.04122,0.02143,-0.10373,-0.05378,-0.00818,-0.00000,0.00000,0.00000,0.00000,0.00000,0.00000,-0.33480,0.82726,0,0.05530,0.02880
6.5866,-0.04778,-0.02652,0.04101,0.02132,-0.10442,-0.05413,-0.00818,-0.00000,0.00000,0.00000,0.00000,0.00000,0.00000,-0.33479,0.82725,0,0.05530,0.02880
6.5886,-0.04778,-0.02652,0.04080,0.02121,-0.10510,-0.05449,-0.00818,-0.00000,0.00000,0.00000,0.00000,0.00000,0.00000,-0.33481,0.82723,0,0.05530,0.02880
6.5906,-0.04778,-0.02652,0.04059,0.02110,-0.10578,-0.05484,-0.00818,-0.00000,0.00000,0.00000,0.00000,0.00000,0.00000,-0.33480,0.82728,0,0.05530,0.02880
6.5926,-0.04778,-0.02652,0.04038,0.02099,-0.10646,-0.05519,-0.00818,-0.00000,0.00000,0.00000,0.00000,0.00000,0.00000,-0.33480,0.82729,0,0.05530,0.02880
6.5946,-0.04778,-0.02652,0.04016,0.02088,-0.10713,-0.05554,-0.00818,-0.00000,0.00000,0.00000,0.00000,0.00000,0.00000,-0.33477,0.82727,0,0.05530,0.02880
6.5966,-0.04778,-0.02652,0.03995,0.02077,-0.10780,-0.05589,-0.00818,-0.00000,0.00000,0.00000,0.00000,0.00000,0.00000,-0.33477,0.82729,0,0.05530,0.02880
6.5986,-0.04778,-0.02652,0.03973,0.02066,-0.10846,-0.05624,-0.00818,-0.00000,0.00000,0.00000,0.00000,0.00000,0.00000,-0.33481,0.82729,0,0.05530,0.02880
6.6006,-0.04778,-0.02652,0.03951,0.02054,-0.10913,-0.05658,-0.00818,-0.00000,0.00000,0.00000,0.00000,0.00000,0.00000,-0.33479,0.82731,0,0.05530,0.02880
6.6026,-0.04778,-0.02652,0.03929,0.02043,-0.10978,-0.05692,-0.00818,-0.00000,0.00000,0.00000,0.00000,0.00000,0.00000,-0.33477,0.82733,0,0.05530,0.02880
6.6046,-0.04778,-0.02652,0.03907,0.02032,-0.11044,-0.05726,-0.00818,-0.00000,0.00000,0.00000,0.00000,0.00000,0.00000,-0.33480,0.82724,0,0.05530,0.02880
6.6066,-0.04778,-0.02652,0.03885,0.02020,-0.11109,-0.05760,-0.00818,-0.00000,0.00000,0.00000,0.00000,0.00000,0.00000,-0.33480,0.82724,0,0.05530,0.02880
6.6086,-0.04778,-0.02652,0.03863,0.02009,-0.11174,-0.05794,-0.00818,-0.00000,0.00000,0.00000,0.00000,0.00000,0.00000,-0.33477,0.82729,0,0.05530,0.02880
6.6107,-0.04778,-0.02652,0.03841,0.01997,-0.11238,-0.05827,-0.00818,-0.00000,0.00000,0.00000,0.00000,0.00000,0.00000,-0.33479,0.82728,0,0.05530,0.02880
6.6127,-0.04778,-0.02652,0.03818,0.01985,-0.11302,-0.05860,-0.00818,-0.00000,0.00000,0.00000,0.00000,0.00000,0.00000,-0.33472,0.82729,0,0.05530,0.02880
6.6148,-0.04778,-0.02652,0.03795,0.01973,-0.11365,-0.05893,-0.00818,-0.00000,0.00000,0.00000,0.00000,0.00000,0.00000,-0.33479,0.82731,0,0.05530,0.02880
6.6168,-0.04796,-0.02651,0.04463,0.02329,-0.09105,-0.04690,-0.00121,-0.00000,0.00000,0.00000,0.00000,0.00000,0.00000,-0.33480,0.82728,0,0.05523,0.02887
6.6188,-0.04796,-0.02651,0.04445,0.02320,-0.09179,-0.04729,-0.00121,-0.00000,0.00000,0.00000,0.00000,0.00000,0.00000,-0.33480,0.82729,0,0.05523,0.02887
6.6208,-0.04796,-0.02651,0.04427,0.02310,-0.09253,-0.04767,-0.00121,-0.00000,0.00000,0.00000,0.00000,0.00000,0.00000,-0.33476,0.82734,0,0.05523,0.02887
6.6229,-0.04796,-0.02651,0.04408,0.02301,-0.09327,-0.04806,-0.00121,-0.00000,0.00000,0.00000,0.00000,0.00000,0.00000,-0.33482,0.82728,0,0.05523,0.02887
6.6249,-0.04796,-0.02651,0.04389,0.02291,-0.09401,-0.04844,-0.00121,-0.00000,0.00000,0.00000,0.00000,0.00000,0.00000,-0.33478,0.82728,0,0.05523,0.02887
6.6269,-0.04796,-0.02651,0.04370,0.02281,-0.09474,-0.04882,-0.00121,-0.00000,0.00000,0.00000,0.00000,0.00000,0.00000,-0.33477,0.82729,0,0.05523,0.02887
6.6289,-0.04796,-0.02651,0.04351,0.02271,-0.09547,-0.04920,-0.00121,-0.00000,0.00000,0.00000,0.00000,0.00000,0.00000,-0.33482,0.82722,0,0.05523,0.02887
6.6309,-0.04796,-0.02651,0.04332,0.02262,-0.09619,-0.04958,-0.00121,-0.00000,0.00000,0.00000,0.00000,0.00000,0.00000,-0.33482,0.82726,0,0.05523,0.02887
6.6329,-0.04796,-0.02651,0.04313,0.02252,-0.09691,-0.04996,-0.00121,-0.00000,0.00000,0.00000,0.00000,0.00000,0.00000,-0.33477,0.82729,0,0.05523,0.02887
6.6349,-0.04796,-0.02651,0.04293,0.02242,-0.09763,-0.05034,-0.00121,-0.00000,0.00000,0.00000,0.00000,0.00000,0.00000,-0.33478,0.82727,0,0.05523,0.02887
6.6369,-0.04796,-0.02651,0.04274,0.02232,-0.09835,-0.05071,-0.00121,-0.00000,0.00000,0.00000,0.00000,0.00000,0.00000,-0.33477,0.82732,0,0.05523,0.02887
6.6389,-0.04796,-0.02651,0.04254,0.02221,-0.09906,-0.05108,-0.00121,-0.00000,0.00000,0.00000,0.00000,0.00000,0.00000,-0.33482,0.82730,0,0.05523,0.02887
6.6409,-0.04796,-0.02651,0.04234,0.02211,-0.09977,-0.05145,-0.00121,-0.00000,0.00000,0.00000,0.00000,0.00000,0.00000,-0.33481,0.82728,0,0.05523,0.02887
6.6429,-0.04796,-0.02651,0.04214,0.02201,-0.10048,-0.05182,-0.00121,-0.00000,0.00000,0.00000,0.00000,0.00000,0.00000,-0.33479,0.82728,0,0.05523,0.02887
6.6449,-0.04796,-0.02651,0.04194,0.02190,-0.10118,-0.05219,-0.00121,-0.00000,0.00000,0.00000,0.00000,0.00000,0.00000,-0.33480,0.82727,0,0.05523,0.02887
6.6469,-0.04796,-0.02651,0.04174,0.02180,-0.10188,-0.05255,-0.00121,-0.00000,0.00000,0.00000,0.00000,0.00000,0.00000,-0.33478,0.82728,0,0.05523,0.02887
6.6489,-0.04796,-0.02651,0.04153,0.02169,-0.10257,-0.05292,-0.00121,-0.00000,0.00000,0.00000,0.00000,0.00000,0.00000,-0.33479,0.82730,0,0.05523,0.02887
6.6509,-0.04796,-0.02651,0.04133,0.02159,-0.10326,-0.05328,-0.00121,-0.00000,0.00000,0.00000,0.00000,0.00000,0.00000,-0.33479,0.82730,0,0.05523,0.02887
6.6529,-0.04796,-0.02651,0.04112,0.02148,-0.10395,-0.05364,-0.00121,-0.00000,0.00000,0.00000,0.00000,0.00000,0.00000,-0.33481,0.82730,0,0.05523,0.02887
6.6549,-0.04796,-0.02651,0.04091,0.02137,-0.10464,-0.05399,-0.00121,-0.00000,0.00000,0.00000,0.00000,0.00000,0.00000,-0.33477,0.82731,0,0.05523,0.02887
6.6569,-0.04796,-0.02651,0.04070,0.02126,-0.10532,-0.05435,-0.00121,-0.00000,0.00000,0.00000,0.00000,0.00000,0.00000,-0.33475,0.82731,0,0.05523,0.02887
6.6589,-0.04796,-0.02651,0.04049,0.02116,-0.10600,-0.05470,-0.00121,-0.00000,0.00000,0.00000,0.00000,0.00000,0.00000,-0.33480,0.82731,0,0.05523,0.02887
6.6609,-0.04796,-0.02651,0.04028,0.02105,-0.10667,-0.05506,-0.00121,-0.00000,0.00000,0.00000,0.00000,0.00000,0.00000,-0.33477,0.82726,0,0.05523,0.02887
6.6629,-0.04796,-0.02651,0.04006,0.02094,-0.10734,-0.05541,-0.00121,-0.00000,0.00000,0.00000,0.00000,0.00000,0.00000,-0.33478,0.82728,0,0.05523,0.02887
6.6649,-0.04796,-0.02651,0.03985,0.02082,-0.10801,-0.05576,-0.00121,-0.00000,0.00000,0.00000,0.00000,0.00000,0.00000,-0.33480,0.82731,0,0.05523,0.02887
6.6669,-0.04796,-0.02651,0.03963,0.02071,-0.10867,-0.05610,-0.00121,-0.00000,0.00000,0.00000,0.00000,0.00000,0.00000,-0.33475,0.82732,0,0.05523,0.02887
6.6689,-0.04796,-0.02651,0.03941,0.02060,-0.10933,-0.05645,-0.00121,-0.00000,0.00000,0.00000,0.00000,0.00000,0.00000,-0.33475,0.82730,0,0.05523,0.02887
6.6709,-0.04796,-0.02651,0.03919,0.02049,-0.10999,-0.05679,-0.00121,-0.00000,0.00000,0.00000,0.00000,0.00000,0.00000,-0.33476,0.82727,0,0.05523,0.02887
6.6729,-0.04796,-0.02651,0.03897,0.02037,-0.11064,-0.05713,-0.00121,-0.00000,0.00000,0.00000,0.00000,0.00000,0.00000,-0.33478,0.82726,0,0.05523,0.02887
6.6749,-0.04796,-0.02651,0.03875,0.02026,-0.11129,-0.05747,-0.00121,-0.00000,0.00000,0.00000,0.00000,0.00000,0.00000,-0.33478,0.82729,0,0.05523,0.02887
6.6769,-0.04824,-0.02628,0.04510,0.02353,-0.08941,-0.04620,-0.00377,-0.00000,0.00000,0.00000,0.00000,0.00000,0.00000,-0.33481,0.82728,0,0.05555,0.02891
6.6789,-0.04824,-0.02628,0.04492,0.02344,-0.09016,-0.04660,-0.00377,-0.00000,0.00000,0.00000,0.00000,0.00000,0.00000,-0.33478,0.82731,0,0.05555,0.02891
6.6809,-0.04824,-0.02628,0.04474,0.02334,-0.09091,-0.04699,-0.00377,-0.00000,0.00000,0.00000,0.00000,0.00000,0.00000,-0.33479,0.82729,0,0.05555,0.02891
6.6829,-0.04824,-0.02628,0.04456,0.02325,-0.09165,-0.04738,-0.00377,-0.00000,0.00000,0.00000,0.00000,0.00000,0.00000,-0.33481,0.82731,0,0.05555,0.02891
6.6850,-0.04824,-0.02628,0.04438,0.02315,-0.09240,-0.04776,-0.00377,-0.00000,0.00000,0.00000,0.00000,0.00000,0.00000,-0.33476,0.82730,0,0.05555,0.02891
6.6870,-0.04824,-0.02628,0.04419,0.02306,-0.09314,-0.04815,-0.00377,-0.00000,0.00000,0.00000,0.00000,0.00000,0.00000,-0.33474,0.82733,0,0.05555,0.02891
6.6890,-0.04824,-0.02628,0.04400,0.02296,-0.09387,-0.04854,-0.00377,-0.00000,0.00000,0.00000,0.00000,0.00000,0.00000,-0.33481,0.82727,0,0.05555,0.02891
6.6910,-0.04824,-0.02628,0.04382,0.02286,-0.09461,-0.04892,-0.00377,-0.00000,0.00000,0.00000,0.00000,0.00000,0.00000,-0.33481,0.82729,0,0.05555,0.02891
6.6930,-0.04824,-0.02628,0.04363,0.02277,-0.09534,-0.04930,-0.00377,-0.00000,0.00000,0.00000,0.00000,0.00000,0.00000,-0.33477,0.82731,0,0.05555,0.02891
6.6950,-0.04824,-0.02628,0.04343,0.02267,-0.09607,-0.04968,-0.00377,-0.00000,0.00000,0.00000,0.00000,0.00000,0.00000,-0.33478,0.82728,0,0.05555,0.02891
6.6970,-0.04824,-0.02628,0.04324,0.02257,-0.09679,-0.05006,-0.00377,-0.00000,0.00000,0.00000,0.00000,0.00000,0.00000,-0.33480,0.82727,0,0.05555,0.02891
6.6990,-0.04824,-0.02628,0.04305,0.02247,-0.09751,-0.05043,-0.00377,-0.00000,0.00000,0.00000,0.00000,0.00000,0.00000,-0.33476,0.82731,0,0.05555,0.02891
6.7010,-0.04824,-0.02628,0.04285,0.02237,-0.09823,-0.05081,-0.00377,-0.00000,0.00000,0.00000,0.00000,0.00000,0.00000,-0.33481,0.82727,0,0.05555,0.02891
6.7030,-0.04824,-0.02628,0.04265,0.02226,-0.09894,-0.05118,-0.00377,-0.00000,0.00000,0.00000,0.00000,0.00000,0.00000,-0.33476,0.82728,0,0.05555,0.02891
6.7050,-0.04824,-0.02628,0.04246,0.02216,-0.09965,-0.05155,-0.00377,-0.00000,0.00000,0.00000,0.00000,0.00000,0.00000,-0.33478,0.82730,0,0.05555,0.02891
6.7070,-0.04824,-0.02628,0.04226,0.02206,-0.10036,-0.05192,-0.00377,-0.00000,0.00000,0.00000,0.00000,0.00000,0.00000,-0.33474,0.82729,0,0.05555,0.02891
6.7090,-0.04824,-0.02628,0.04205,0.02195,-0.10107,-0.05229,-0.00377,-0.00000,0.00000,0.00000,0.00000,0.00000,0.00000,-0.33477,0.82729,0,0.05555,0.02891
6.7110,-0.04824,-0.02628,0.04185,0.02185,-0.10177,-0.05265,-0.00377,-0.00000,0.00000,0.00000,0.00000,0.00000,0.00000,-0.33476,0.82730,0,0.05555,0.02891
6.7130,-0.04824,-0.02628,0.04165,0.02174,-0.10246,-0.05302,-0.00377,-0.00000,0.00000,0.00000,0.00000,0.00000,0.00000,-0.33481,0.82728,0,0.05555,0.02891
6.7150,-0.04824,-0.02628,0.04144,0.02164,-0.10316,-0.05338,-0.00377,-0.00000,0.00000,0.00000,0.00000,0.00000,0.00000,-0.33479,0.82729,0,0.05555,0.02891
6.7170,-0.04824,-0.02628,0.04123,0.02153,-0.10385,-0.05374,-0.00377,-0.00000,0.00000,0.00000,0.00000,0.00000,0.00000,-0.33480,0.82731,0,0.05555,0.02891
6.7190,-0.04824,-0.02628,0.04103,0.02142,-0.10454,-0.05410,-0.00377,-0.00000,0.00000,0.00000,0.00000,0.00000,0.00000,-0.33480,0.82728,0,0.05555,0.02891
6.7210,-0.04824,-0.02628,0.04082,0.02131,-0.10522,-0.05446,-0.00377,-0.00000,0.00000,0.00000,0.00000,0.00000,0.00000,-0.33479,0.82728,0,0.05555,0.02891
6.7230,-0.04824,-0.02628,0.04061,0.02120,-0.10590,-0.05481,-0.00377,-0.00000,0.00000,0.00000,0.00000,0.00000,0.00000,-0.33478,0.82730,0,0.05555,0.02891
6.7250,-0.04824,-0.02628,0.04039,0.02109,-0.10658,-0.05517,-0.00377,-0.00000,0.00000,0.00000,0.00000,0.00000,0.00000,-0.33475,0.82728,0,0.05555,0.02891
6.7270,-0.04824,-0.02628,0.04018,0.02098,-0.10725,-0.05552,-0.00377,-0.00000,0.00000,0.00000,0.00000,0.00000,0.00000,-0.33477,0.82727,0,0.05555,0.02891
6.7290,-0.04824,-0.02628,0.03996,0.02087,-0.10792,-0.05587,-0.00377,-0.00000,0.00000,0.00000,0.00000,0.00000,0.00000,-0.33477,0.82729,0,0.05555,0.02891
6.7310,-0.04824,-0.02628,0.03975,0.02076,-0.10858,-0.05621,-0.00377,-0.00000,0.00000,0.00000,0.00000,0.00000,0.00000,-0.33478,0.82732,0,0.05555,0.02891
6.7330,-0.04824,-0.02628,0.03953,0.02065,-0.10924,-0.05656,-0.00377,-0.00000,0.00000,0.00000,0.00000,0.00000,0.00000,-0.33481,0.82729,0,0.05555,0.02891
6.7350,-0.04824,-0.02628,0.03931,0.02053,-0.10990,-0.05690,-0.00377,-0.00000,0.00000,0.00000,0.00000,0.00000,0.00000,-0.33481,0.82730,0,0.05555,0.02891
6.7370,-0.04824,-0.02628,0.03909,0.02042,-0.11056,-0.05725,-0.00377,-0.00000,0.00000,0.00000,0.00000,0.00000,0.00000,-0.33477,0.82728,0,0.05555,0.02891
6.7390,-0.04824,-0.02628,0.03887,0.02030,-0.11121,-0.05759,-0.00377,-0.00000,0.00000,0.00000,0.00000,0.00000,0.00000,-0.33476,0.82727,0,0.05555,0.02891
6.7410,-0.04824,-0.02628,0.03865,0.02019,-0.11185,-0.05792,-0.00377,-0.00000,0.00000,0.00000,0.00000,0.00000,0.00000,-0.33476,0.82730,0,0.05555,0.02891
6.7431,-0.04824,-0.02628,0.03842,0.02007,-0.11250,-0.05826,-0.00377,-0.00000,0.00000,0.00000,0.00000,0.00000,0.00000,-0.33478,0.82729,0,0.05555,0.02891
6.7451,-0.04824,-0.02628,0.03820,0.01995,-0.11314,-0.05859,-0.00377,-0.00000,0.00000,0.00000,0.00000,0.00000,0.00000,-0.33476,0.82733,0,0.05555,0.02891
6.7471,-0.04803,-0.02620,0.04491,0.02334,-0.09000,-0.04693,-0.00672,-0.00000,0.00000,0.00000,0.00000,0.00000,0.00000,-0.33480,0.82730,0,0.05544,0.02870
6.7491,-0.04803,-0.02620,0.04473,0.02324,-0.09075,-0.04732,-0.00672,-0.00000,0.00000,0.00000,0.00000,0.00000,0.00000,-0.33479,0.82728,0,0.05544,0.02870
6.7511,-0.04803,-0.02620,0.04455,0.02315,-0.09149,-0.04771,-0.00672,-0.00000,0.00000,0.00000,0.00000,0.00000,0.00000,-0.33478,0.82729,0,0.05544,0.02870
6.7531,-0.04803,-0.02620,0.04436,0.02305,-0.09224,-0.04810,-0.00672,-0.00000,0.00000,0.00000,0.00000,0.00000,0.00000,-0.33475,0.82730,0,0.05544,0.02870
6.7551,-0.04803,-0.02620,0.04418,0.02296,-0.09298,-0.04848,-0.00672,-0.00000,0.00000,0.00000,0.00000,0.00000,0.00000,-0.33475,0.82730,0,0.05544,0.02870
6.7571,-0.04803,-0.02620,0.04399,0.02286,-0.09371,-0.04886,-0.00672,-0.00000,0.00000,0.00000,0.00000,0.00000,0.00000,-0.33480,0.82728,0,0.05544,0.02870
6.7591,-0.04803,-0.02620,0.04380,0.02276,-0.09445,-0.04925,-0.00672,-0.00000,0.00000,0.00000,0.00000,0.00000,0.00000,-0.33476,0.82729,0,0.05544,0.02870
6.7611,-0.04803,-0.02620,0.04361,0.02266,-0.09518,-0.04963,-0.00672,-0.00000,0.00000,0.00000,0.00000,0.00000,0.00000,-0.33475,0.82730,0,0.05544,0.02870
6.7631,-0.04803,-0.02620,0.04342,0.02256,-0.09590,-0.05000,-0.00672,-0.00000,0.00000,0.00000,0.00000,0.00000,0.00000,-0.33476,0.82729,0,0.05544,0.02870
6.7651,-0.04803,-0.02620,0.04323,0.02246,-0.09663,-0.05038,-0.00672,-0.00000,0.00000,0.00000,0.00000,0.00000,0.00000,-0.33480,0.82724,0,0.05544,0.02870
6.7672,-0.04803,-0.02620,0.04304,0.02236,-0.09735,-0.05075,-0.00672,-0.00000,0.00000,0.00000,0.00000,0.00000,0.00000,-0.33479,0.82728,0,0.05544,0.02870
6.7691,-0.04803,-0.02620,0.04284,0.02226,-0.09807,-0.05113,-0.00672,-0.00000,0.00000,0.00000,0.00000,0.00000,0.00000,-0.33480,0.82728,0,0.05544,0.02870
6.7711,-0.04803,-0.02620,0.04264,0.02216,-0.09878,-0.05150,-0.00672,-0.00000,0.00000,0.00000,0.00000,0.00000,0.00000,-0.33479,0.82733,0,0.05544,0.02870
6.7732,-0.04803,-0.02620,0.04245,0.02205,-0.09949,-0.05187,-0.00672,-0.00000,0.00000,0.00000,0.00000,0.00000,0.00000,-0.33476,0.82727,0,0.05544,0.02870
6.7752,-0.04803,-0.02620,0.04225,0.02195,-0.10020,-0.05223,-0.00672,-0.00000,0.00000,0.00000,0.00000,0.00000,0.00000,-0.33476,0.82726,0,0.05544,0.02870
6.7772,-0.04803,-0.02620,0.04204,0.02184,-0.10090,-0.05260,-0.00672,-0.00000,0.00000,0.00000,0.00000,0.00000,0.00000,-0.33476,0.82730,0,0.05544,0.02870
6.7792,-0.04803,-0.02620,0.04184,0.02174,-0.10160,-0.05296,-0.00672,-0.00000,0.00000,0.00000,0.00000,0.00000,0.00000,-0.33476,0.82727,0,0.05544,0.02870
6.7812,-0.04803,-0.02620,0.04164,0.02163,-0.10230,-0.05333,-0.00672,-0.00000,0.00000,0.00000,0.00000,0.00000,0.00000,-0.33480,0.82726,0,0.05544,0.02870
6.7832,-0.04803,-0.02620,0.04143,0.02153,-0.10299,-0.05369,-0.00672,-0.00000,0.00000,0.00000,0.00000,0.00000,0.00000,-0.33479,0.82729,0,0.05544,0.02870
6.7852,-0.04803,-0.02620,0.04123,0.02142,-0.10368,-0.05405,-0.00672,-0.00000,0.00000,0.00000,0.00000,0.00000,0.00000,-0.33478,0.82730,0,0.05544,0.02870
6.7872,-0.04803,-0.02620,0.04102,0.02131,-0.10437,-0.05440,-0.00672,-0.00000,0.00000,0.00000,0.00000,0.00000,0.00000,-0.33479,0.82727,0,0.05544,0.02870
6.7892,-0.04803,-0.02620,0.04081,0.02120,-0.10505,-0.05476,-0.00672,-0.00000,0.00000,0.00000,0.00000,0.00000,0.00000,-0.33480,0.82728,0,0.05544,0.02870
6.7912,-0.04803,-0.02620,0.04060,0.02109,-0.10573,-0.05511,-0.00672,-0.00000,0.00000,0.00000,0.00000,0.00000,0.00000,-0.33476,0.82729,0,0.05544,0.02870
6.7932,-0.04803,-0.02620,0.04039,0.02098,-0.10641,-0.05546,-0.00672,-0.00000,0.00000,0.00000,0.00000,0.00000,0.00000,-0.33474,0.82729,0,0.05544,0.02870
6.7952,-0.04803,-0.02620,0.04017,0.02087,-0.10708,-0.05581,-0.00672,-0.00000,0.00000,0.00000,0.00000,0.00000,0.00000,-0.33478,0.82728,0,0.05544,0.02870
6.7972,-0.04803,-0.02620,0.03996,0.02076,-0.10775,-0.05616,-0.00672,-0.00000,0.00000,0.00000,0.00000,0.00000,0.00000,-0.33479,0.82725,0,0.05544,0.02870
6.7992,-0.04803,-0.02620,0.03974,0.02064,-0.10842,-0.05650,-0.00672,-0.00000,0.00000,0.00000,0.00000,0.00000,0.00000,-0.33480,0.82730,0,0.05544,0.02870
6.8012,-0.04803,-0.02620,0.03952,0.02053,-0.10908,-0.05685,-0.00672,-0.00000,0.00000,0.00000,0.00000,0.00000,0.00000,-0.33480,0.82731,0,0.05544,0.02870
6.8032,-0.04803,-0.02620,0.03930,0.02042,-0.10974,-0.05719,-0.00672,-0.00000,0.00000,0.00000,0.00000,0.00000,0.00000,-0.33480,0.82726,0,0.05544,0.02870
6.8052,-0.04803,-0.02620,0.03908,0.02030,-0.11039,-0.05753,-0.00672,-0.00000,0.00000,0.00000,0.00000,0.00000,0.00000,-0.33478,0.82728,0,0.05544,0.02870
6.8072,-0.04803,-0.02620,0.03886,0.02019,-0.11104,-0.05787,-0.00672,-0.00000,0.00000,0.00000,0.00000,0.00000,0.00000,-0.33480,0.82731,0,0.05544,0.02870
6.8092,-0.04803,-0.02620,0.03864,0.02007,-0.11169,-0.05820,-0.00672,-0.00000,0.00000,0.00000,0.00000,0.00000,0.00000,-0.33478,0.82729,0,0.05544,0.02870
6.8112,-0.04803,-0.02620,0.03842,0.01995,-0.11233,-0.05854,-0.00672,-0.00000,0.00000,0.00000,0.00000,0.00000,0.00000,-0.33476,0.82732,0,0.05544,0.02870
6.8134,-0.04786,-0.02630,0.04494,0.02339,-0.08989,-0.04672,-0.00922,-0.00000,0.00000,0.00000,0.00000,0.00000,0.00000,-0.33480,0.82730,0,0.05536,0.02885
6.8154,-0.04786,-0.02630,0.04476,0.02330,-0.09064,-0.04711,-0.00922,-0.00000,0.00000,0.00000,0.00000,0.00000,0.00000,-0.33479,0.82729,0,0.05536,0.02885
6.8174,-0.04786,-0.02630,0.04458,0.02320,-0.09139,-0.04750,-0.00922,-0.00000,0.00000,0.00000,0.00000,0.00000,0.00000,-0.33480,0.82725,0,0.05536,0.02885
6.8194,-0.04786,-0.02630,0.04440,0.02311,-0.09213,-0.04789,-0.00922,-0.00000,0.00000,0.00000,0.00000,0.00000,0.00000,-0.33482,0.82727,0,0.05536,0.02885
6.8214,-0.04786,-0.02630,0.04421,0.02301,-0.09287,-0.04827,-0.00922,-0.00000,0.00000,0.00000,0.00000,0.00000,0.00000,-0.33478,0.82729,0,0.05536,0.02885
6.8234,-0.04786,-0.02630,0.04402,0.02291,-0.09361,-0.04866,-0.00922,-0.00000,0.00000,0.00000,0.00000,0.00000,0.00000,-0.33475,0.82732,0,0.05536,0.02885
6.8254,-0.04786,-0.02630,0.04384,0.02282,-0.09434,-0.04904,-0.00922,-0.00000,0.00000,0.00000,0.00000,0.00000,0.00000,-0.33480,0.82725,0,0.05536,0.02885
6.8274,-0.04786,-0.02630,0.04365,0.02272,-0.09507,-0.04942,-0.00922,-0.00000,0.00000,0.00000,0.00000,0.00000,0.00000,-0.33476,0.82727,0,0.05536,0.02885
6.8294,-0.04786,-0.02630,0.04346,0.02262,-0.09580,-0.04980,-0.00922,-0.00000,0.00000,0.00000,0.00000,0.00000,0.00000,-0.33481,0.82730,0,0.05536,0.02885
6.8314,-0.04786,-0.02630,0.04326,0.02252,-0.09653,-0.05017,-0.00922,-0.00000,0.00000,0.00000,0.00000,0.00000,0.00000,-0.33477,0.82728,0,0.05536,0.02885
6.8334,-0.04786,-0.02630,0.04307,0.02242,-0.09725,-0.05055,-0.00922,-0.00000,0.00000,0.00000,0.00000,0.00000,0.00000,-0.33479,0.82729,0,0.05536,0.02885
6.8354,-0.04786,-0.02630,0.04287,0.02232,-0.09797,-0.05092,-0.00922,-0.00000,0.00000,0.00000,0.00000,0.00000,0.00000,-0.33478,0.82731,0,0.05536,0.02885
6.8374,-0.04786,-0.02630,0.04268,0.02221,-0.09868,-0.05130,-0.00922,-0.00000,0.00000,0.00000,0.00000,0.00000,0.00000,-0.33482,0.82727,0,0.05536,0.02885
6.8394,-0.04786,-0.02630,0.04248,0.02211,-0.09939,-0.05167,-0.00922,-0.00000,0.00000,0.00000,0.00000,0.00000,0.00000,-0.33478,0.82727,0,0.05536,0.02885
6.8414,-0.04786,-0.02630,0.04228,0.02201,-0.10010,-0.05203,-0.00922,-0.00000,0.00000,0.00000,0.00000,0.00000,0.00000,-0.33474,0.82732,0,0.05536,0.02885
6.8434,-0.04786,-0.02630,0.04208,0.02190,-0.10080,-0.05240,-0.00922,-0.00000,0.00000,0.00000,0.00000,0.00000,0.00000,-0.33480,0.82731,0,0.05536,0.02885
6.8454,-0.04786,-0.02630,0.04188,0.02180,-0.10151,-0.05277,-0.00922,-0.00000,0.00000,0.00000,0.00000,0.00000,0.00000,-0.33475,0.82728,0,0.05536,0.02885
6.8474,-0.04786,-0.02630,0.04167,0.02169,-0.10220,-0.05313,-0.00922,-0.00000,0.00000,0.00000,0.00000,0.00000,0.00000,-0.33479,0.82729,0,0.05536,0.02885
6.8494,-0.04786,-0.02630,0.04147,0.02158,-0.10290,-0.05349,-0.00922,-0.00000,0.00000,0.00000,0.00000,0.00000,0.00000,-0.33482,0.82728,0,0.05536,0.02885
6.8514,-0.04786,-0.02630,0.04126,0.02148,-0.10359,-0.05385,-0.00922,-0.00000,0.00000,0.00000,0.00000,0.00000,0.00000,-0.33482,0.82725,0,0.05536,0.02885
6.8534,-0.04786,-0.02630,0.04105,0.02137,-0.10428,-0.05421,-0.00922,-0.00000,0.00000,0.00000,0.00000,0.00000,0.00000,-0.33477,0.82728,0,0.05536,0.02885
6.8554,-0.04786,-0.02630,0.04085,0.02126,-0.10496,-0.05456,-0.00922,-0.00000,0.00000,0.00000,0.00000,0.00000,0.00000,-0.33478,0.82727,0,0.05536,0.02885
6.8575,-0.04786,-0.02630,0.04063,0.02115,-0.10564,-0.05492,-0.00922,-0.00000,0.00000,0.00000,0.00000,0.00000,0.00000,-0.33479,0.82730,0,0.05536,0.02885
6.8595,-0.04786,-0.02630,0.04042,0.02104,-0.10632,-0.05527,-0.00922,-0.00000,0.00000,0.00000,0.00000,0.00000,0.00000,-0.33483,0.82728,0,0.05536,0.02885
6.8615,-0.04786,-0.02630,0.04021,0.02093,-0.10699,-0.05562,-0.00922,-0.00000,0.00000,0.00000,0.00000,0.00000,0.00000,-0.33481,0.82725,0,0.05536,0.02885
6.8635,-0.04786,-0.02630,0.03999,0.02082,-0.10766,-0.05597,-0.00922,-0.00000,0.00000,0.00000,0.00000,0.00000,0.00000,-0.33476,0.82729,0,0.05536,0.02885
6.8655,-0.04786,-0.02630,0.03978,0.02071,-0.10833,-0.05632,-0.00922,-0.00000,0.00000,0.00000,0.00000,0.00000,0.00000,-0.33477,0.82727,0,0.05536,0.02885
6.8675,-0.04786,-0.02630,0.03956,0.02059,-0.10899,-0.05666,-0.00922,-0.00000,0.00000,0.00000,0.00000,0.00000,0.00000,-0.33480,0.82730,0,0.05536,0.02885
6.8695,-0.04786,-0.02630,0.03934,0.02048,-0.10965,-0.05700,-0.00922,-0.00000,0.00000,0.00000,0.00000,0.00000,0.00000,-0.33479,0.82726,0,0.05536,0.02885
6.8715,-0.04786,-0.02630,0.03912,0.02036,-0.11030,-0.05734,-0.00922,-0.00000,0.00000,0.00000,0.00000,0.00000,0.00000,-0.33477,0.82733,0,0.05536,0.02885
6.8735,-0.04786,-0.02630,0.03890,0.02025,-0.11095,-0.05768,-0.00922,-0.00000,0.00000,0.00000,0.00000,0.00000,0.00000,-0.33476,0.82731,0,0.05536,0.02885
6.8756,-0.04786,-0.02630,0.03868,0.02013,-0.11160,-0.05802,-0.00922,-0.00000,0.00000,0.00000,0.00000,0.00000,0.00000,-0.33477,0.82726,0,0.05536,0.02885
6.8776,-0.04786,-0.02630,0.03846,0.02002,-0.11225,-0.05836,-0.00922,-0.00000,0.00000,0.00000,0.00000,0.00000,0.00000,-0.33480,0.82731,0,0.05536,0.02885
6.8796,-0.04786,-0.02630,0.03823,0.01990,-0.11289,-0.05869,-0.00922,-0.00000,0.00000,0.00000,0.00000,0.00000,0.00000,-0.33479,0.82729,0,0.05536,0.02885
6.8816,-0.04761,-0.02645,0.04476,0.02338,-0.09046,-0.04676,-0.01060,-0.00000,0.00000,0.00000,0.00000,0.00000,0.00000,-0.33479,0.82727,0,0.05513,0.02884
6.8836,-0.04761,-0.02645,0.04458,0.02328,-0.09121,-0.04715,-0.01060,-0.00000,0.00000,0.00000,0.00000,0.00000,0.00000,-0.33476,0.82731,0,0.05513,0.02884
6.8856,-0.04761,-0.02645,0.04440,0.02319,-0.09195,-0.04753,-0.01060,-0.00000,0.00000,0.00000,0.00000,0.00000,0.00000,-0.33478,0.82731,0,0.05513,0.02884
6.8876,-0.04761,-0.02645,0.04421,0.02309,-0.09269,-0.04792,-0.01060,-0.00000,0.00000,0.00000,0.00000,0.00000,0.00000,-0.33479,0.82731,0,0.05513,0.02884
6.8896,-0.04761,-0.02645,0.04402,0.02300,-0.09343,-0.04831,-0.01060,-0.00000,0.00000,0.00000,0.00000,0.00000,0.00000,-0.33483,0.82728,0,0.05513,0.02884
6.8916,-0.04761,-0.02645,0.04384,0.02290,-0.09416,-0.04869,-0.01060,-0.00000,0.00000,0.00000,0.00000,0.00000,0.00000,-0.33478,0.82727,0,0.05513,0.02884
6.8936,-0.04761,-0.02645,0.04365,0.02280,-0.09489,-0.04907,-0.01060,-0.00000,0.00000,0.00000,0.00000,0.00000,0.00000,-0.33481,0.82727,0,0.05513,0.02884
6.8957,-0.04761,-0.02645,0.04346,0.02270,-0.09562,-0.04945,-0.01060,-0.00000,0.00000,0.00000,0.00000,0.00000,0.00000,-0.33479,0.82731,0,0.05513,0.02884
6.8977,-0.04761,-0.02645,0.04327,0.02260,-0.09635,-0.04983,-0.01060,-0.00000,0.00000,0.00000,0.00000,0.00000,0.00000,-0.33479,0.82733,0,0.05513,0.02884
6.8997,-0.04761,-0.02645,0.04307,0.02250,-0.09707,-0.05021,-0.01060,-0.00000,0.00000,0.00000,0.00000,0.00000,0.00000,-0.33476,0.82731,0,0.05513,0.02884
6.9017,-0.04761,-0.02645,0.04288,0.02240,-0.09778,-0.05058,-0.01060,-0.00000,0.00000,0.00000,0.00000,0.00000,0.00000,-0.33480,0.82728,0,0.05513,0.02884
6.9037,-0.04761,-0.02645,0.04268,0.02230,-0.09850,-0.05096,-0.01060,-0.00000,0.00000,0.00000,0.00000,0.00000,0.00000,-0.33473,0.82728,0,0.05513,0.02884
6.9057,-0.04761,-0.02645,0.04248,0.02220,-0.09921,-0.05133,-0.01060,-0.00000,0.00000,0.00000,0.00000,0.00000,0.00000,-0.33476,0.82731,0,0.05513,0.02884
6.9077,-0.04761,-0.02645,0.04228,0.02210,-0.09992,-0.05170,-0.01060,-0.00000,0.00000,0.00000,0.00000,0.00000,0.00000,-0.33476,0.82731,0,0.05513,0.02884
6.9097,-0.04761,-0.02645,0.04208,0.02199,-0.10062,-0.05207,-0.01060,-0.00000,0.00000,0.00000,0.00000,0.00000,0.00000,-0.33480,0.82729,0,0.05513,0.02884
6.9117,-0.04761,-0.02645,0.04188,0.02189,-0.10133,-0.05243,-0.01060,-0.00000,0.00000,0.00000,0.00000,0.00000,0.00000,-0.33484,0.82729,0,0.05513,0.02884
6.9137,-0.04761,-0.02645,0.04168,0.02178,-0.10202,-0.05280,-0.01060,-0.00000,0.00000,0.00000,0.00000,0.00000,0.00000,-0.33480,0.82729,0,0.05513,0.02884
6.9157,-0.04761,-0.02645,0.04147,0.02168,-0.10272,-0.05316,-0.01060,-0.00000,0.00000,0.00000,0.00000,0.00000,0.00000,-0.33477,0.82728,0,0.05513,0.02884
6.9178,-0.04761,-0.02645,0.04127,0.02157,-0.10341,-0.05352,-0.01060,-0.00000,0.00000,0.00000,0.00000,0.00000,0.00000,-0.33477,0.82731,0,0.05513,0.02884
6.9198,-0.04761,-0.02645,0.04106,0.02146,-0.10410,-0.05388,-0.01060,-0.00000,0.00000,0.00000,0.00000,0.00000,0.00000,-0.33479,0.82727,0,0.05513,0.02884
6.9218,-0.04761,-0.02645,0.04085,0.02135,-0.10478,-0.05424,-0.01060,-0.00000,0.00000,0.00000,0.00000,0.00000,0.00000,-0.33474,0.82734,0,0.05513,0.02884
6.9238,-0.04761,-0.02645,0.04064,0.02125,-0.10546,-0.05459,-0.01060,-0.00000,0.00000,0.00000,0.00000,0.00000,0.00000,-0.33483,0.82724,0,0.05513,0.02884
6.9258,-0.04761,-0.02645,0.04043,0.02114,-0.10614,-0.05495,-0.01060,-0.00000,0.00000,0.00000,0.00000,0.00000,0.00000,-0.33477,0.82731,0,0.05513,0.02884
6.9278,-0.04761,-0.02645,0.04022,0.02103,-0.10681,-0.05530,-0.01060,-0.00000,0.00000,0.00000,0.00000,0.00000,0.00000,-0.33476,0.82731,0,0.05513,0.02884
6.9298,-0.04761,-0.02645,0.04000,0.02091,-0.10748,-0.05565,-0.01060,-0.00000,0.00000,0.00000,0.00000,0.00000,0.00000,-0.33481,0.82730,0,0.05513,0.02884
6.9318,-0.04761,-0.02645,0.03979,0.02080,-0.10815,-0.05600,-0.01060,-0.00000,0.00000,0.00000,0.00000,0.00000,0.00000,-0.33481,0.82730,0,0.05513,0.02884
6.9338,-0.04761,-0.02645,0.03957,0.02069,-0.10881,-0.05634,-0.01060,-0.00000,0.00000,0.00000,0.00000,0.00000,0.00000,-0.33479,0.82728,0,0.05513,0.02884
6.9358,-0.04761,-0.02645,0.03935,0.02058,-0.10947,-0.05669,-0.01060,-0.00000,0.00000,0.00000,0.00000,0.00000,0.00000,-0.33478,0.82731,0,0.05513,0.02884
6.9378,-0.04761,-0.02645,0.03913,0.02046,-0.11012,-0.05703,-0.01060,-0.00000,0.00000,0.00000,0.00000,0.00000,0.00000,-0.33474,0.82730,0,0.05513,0.02884
6.9398,-0.04761,-0.02645,0.03891,0.02035,-0.11077,-0.05737,-0.01060,-0.00000,0.00000,0.00000,0.00000,0.00000,0.00000,-0.33479,0.82732,0,0.05513,0.02884
6.9418,-0.04761,-0.02645,0.03869,0.02023,-0.11142,-0.05771,-0.01060,-0.00000,0.00000,0.00000,0.00000,0.00000,0.00000,-0.33477,0.82728,0,0.05513,0.02884
6.9439,-0.04761,-0.02645,0.03847,0.02012,-0.11207,-0.05805,-0.01060,-0.00000,0.00000,0.00000,0.00000,0.00000,0.00000,-0.33472,0.82729,0,0.05513,0.02884
6.9459,-0.04836,-0.02632,0.04481,0.02336,-0.09041,-0.04699,-0.00027,-0.00000,0.00000,0.00000,0.00000,0.00000,0.00000,-0.33478,0.82731,0,0.05541,0.02881
6.9479,-0.04836,-0.02632,0.04463,0.02326,-0.09116,-0.04738,-0.00027,-0.00000,0.00000,0.00000,0.00000,0.00000,0.00000,-0.33478,0.82731,0,0.05541,0.02881
6.9499,-0.04836,-0.02632,0.04445,0.02317,-0.09190,-0.04777,-0.00027,-0.00000,0.00000,0.00000,0.00000,0.00000,0.00000,-0.33477,0.82731,0,0.05541,0.02881
6.9519,-0.04836,-0.02632,0.04426,0.02307,-0.09264,-0.04815,-0.00027,-0.00000,0.00000,0.00000,0.00000,0.00000,0.00000,-0.33477,0.82729,0,0.05541,0.02881
6.9539,-0.04836,-0.02632,0.04407,0.02298,-0.09338,-0.04854,-0.00027,-0.00000,0.00000,0.00000,0.00000,0.00000,0.00000,-0.33476,0.82731,0,0.05541,0.02881
6.9559,-0.04836,-0.02632,0.04389,0.02288,-0.09412,-0.04892,-0.00027,-0.00000,0.00000,0.00000,0.00000,0.00000,0.00000,-0.33480,0.82732,0,0.05541,0.02881
6.9579,-0.04836,-0.02632,0.04370,0.02278,-0.09485,-0.04930,-0.00027,-0.00000,0.00000,0.00000,0.00000,0.00000,0.00000,-0.33481,0.82728,0,0.05541,0.02881
6.9599,-0.04836,-0.02632,0.04351,0.02268,-0.09558,-0.04968,-0.00027,-0.00000,0.00000,0.00000,0.00000,0.00000,0.00000,-0.33477,0.82730,0,0.05541,0.02881
6.9619,-0.04836,-0.02632,0.04332,0.02258,-0.09630,-0.05006,-0.00027,-0.00000,0.00000,0.00000,0.00000,0.00000,0.00000,-0.33480,0.82727,0,0.05541,0.02881
6.9639,-0.04836,-0.02632,0.04312,0.02248,-0.09702,-0.05044,-0.00027,-0.00000,0.00000,0.00000,0.00000,0.00000,0.00000,-0.33480,0.82734,0,0.05541,0.02881
6.9659,-0.04836,-0.02632,0.04293,0.02238,-0.09774,-0.05081,-0.00027,-0.00000,0.00000,0.00000,0.00000,0.00000,0.00000,-0.33479,0.82727,0,0.05541,0.02881
6.9679,-0.04836,-0.02632,0.04273,0.02228,-0.09846,-0.05118,-0.00027,-0.00000,0.00000,0.00000,0.00000,0.00000,0.00000,-0.33474,0.82726,0,0.05541,0.02881
6.9699,-0.04836,-0.02632,0.04253,0.02218,-0.09917,-0.05156,-0.00027,-0.00000,0.00000,0.00000,0.00000,0.00000,0.00000,-0.33476,0.82731,0,0.05541,0.02881
6.9719,-0.04836,-0.02632,0.04233,0.02207,-0.09988,-0.05193,-0.00027,-0.00000,0.00000,0.00000,0.00000,0.00000,0.00000,-0.33481,0.82728,0,0.05541,0.02881
6.9739,-0.04836,-0.02632,0.04213,0.02197,-0.10059,-0.05229,-0.00027,-0.00000,0.00000,0.00000,0.00000,0.00000,0.00000,-0.33479,0.82727,0,0.05541,0.02881
6.9759,-0.04836,-0.02632,0.04193,0.02186,-0.10129,-0.05266,-0.00027,-0.00000,0.00000,0.00000,0.00000,0.00000,0.00000,-0.33477,0.82731,0,0.05541,0.02881
6.9779,-0.04836,-0.02632,0.04173,0.02176,-0.10199,-0.05302,-0.00027,-0.00000,0.00000,0.00000,0.00000,0.00000,0.00000,-0.33475,0.82729,0,0.05541,0.02881
6.9799,-0.04836,-0.02632,0.04152,0.02165,-0.10268,-0.05339,-0.00027,-0.00000,0.00000,0.00000,0.00000,0.00000,0.00000,-0.33481,0.82729,0,0.05541,0.02881
6.9819,-0.04836,-0.02632,0.04132,0.02154,-0.10337,-0.05375,-0.00027,-0.00000,0.00000,0.00000,0.00000,0.00000,0.00000,-0.33477,0.82732,0,0.05541,0.02881
6.9839,-0.04836,-0.02632,0.04111,0.02144,-0.10406,-0.05411,-0.00027,-0.00000,0.00000,0.00000,0.00000,0.00000,0.00000,-0.33478,0.82726,0,0.05541,0.02881
6.9859,-0.04836,-0.02632,0.04090,0.02133,-0.10475,-0.05446,-0.00027,-0.00000,0.00000,0.00000,0.00000,0.00000,0.00000,-0.33478,0.82729,0,0.05541,0.02881
6.9879,-0.04836,-0.02632,0.04069,0.02122,-0.10543,-0.05482,-0.00027,-0.00000,0.00000,0.00000,0.00000,0.00000,0.00000,-0.33483,0.82727,0,0.05541,0.02881
6.9899,-0.04836,-0.02632,0.04048,0.02111,-0.10611,-0.05517,-0.00027,-0.00000,0.00000,0.00000,0.00000,0.00000,0.00000,-0.33477,0.82727,0,0.05541,0.02881
6.9919,-0.04836,-0.02632,0.04027,0.02100,-0.10678,-0.05552,-0.00027,-0.00000,0.00000,0.00000,0.00000,0.00000,0.00000,-0.33477,0.82727,0,0.05541,0.02881
6.9939,-0.04836,-0.02632,0.04005,0.02089,-0.10745,-0.05587,-0.00027,-0.00000,0.00000,0.00000,0.00000,0.00000,0.00000,-0.33479,0.82731,0,0.05541,0.02881
6.9959,-0.04836,-0.02632,0.03984,0.02077,-0.10812,-0.05622,-0.00027,-0.00000,0.00000,0.00000,0.00000,0.00000,0.00000,-0.33479,0.82729,0,0.05541,0.02881
6.9979,-0.04836,-0.02632,0.03962,0.02066,-0.10878,-0.05657,-0.00027,-0.00000,0.00000,0.00000,0.00000,0.00000,0.00000,-0.33480,0.82729,0,0.05541,0.02881
6.9999,-0.04836,-0.02632,0.03940,0.02055,-0.10944,-0.05691,-0.00027,-0.00000,0.00000,0.00000,0.00000,0.00000,0.00000,-0.33479,0.82729,0,0.05541,0.02881
7.0019,-0.04836,-0.02632,0.03918,0.02043,-0.11010,-0.05725,-0.00027,-0.00000,0.00000,0.00000,0.00000,0.00000,0.00000,-0.33481,0.82726,0,0.05541,0.02881
7.0039,-0.04836,-0.02632,0.03896,0.02032,-0.11075,-0.05759,-0.00027,-0.00000,0.00000,0.00000,0.00000,0.00000,0.00000,-0.33476,0.82728,0,0.05541,0.02881
7.0059,-0.04836,-0.02632,0.03874,0.02020,-0.11140,-0.05793,-0.00027,-0.00000,0.00000,0.00000,0.00000,0.00000,0.00000,-0.33477,0.82724,0,0.05541,0.02881
7.0079,-0.04836,-0.02632,0.03852,0.02009,-0.11204,-0.05827,-0.00027,-0.00000,0.00000,0.00000,0.00000,0.00000,0.00000,-0.33480,0.82726,0,0.05541,0.02881
7.0099,-0.04836,-0.02632,0.03829,0.01997,-0.11268,-0.05860,-0.00027,-0.00000,0.00000,0.00000,0.00000,0.00000,0.00000,-0.33475,0.82731,0,0.05541,0.02881
7.0119,-0.04836,-0.02632,0.03807,0.01985,-0.11332,-0.05894,-0.00027,-0.00000,0.00000,0.00000,0.00000,0.00000,0.00000,-0.33481,0.82728,0,0.05541,0.02881
7.0140,-0.04836,-0.02632,0.03784,0.01973,-0.11395,-0.05927,-0.00027,-0.00000,0.00000,0.00000,0.00000,0.00000,0.00000,-0.33480,0.82727,0,0.05541,0.02881
7.0160,-0.04833,-0.02652,0.04469,0.02321,-0.09060,-0.04740,-0.00046,-0.00000,0.00000,0.00000,0.00000,0.00000,0.00000,-0.33476,0.82733,0,0.05548,0.02876
7.0180,-0.04833,-0.02652,0.04450,0.02312,-0.09135,-0.04779,-0.00046,-0.00000,0.00000,0.00000,0.00000,0.00000,0.00000,-0.33476,0.82733,0,0.05548,0.02876
7.0200,-0.04833,-0.02652,0.04432,0.02302,-0.09209,-0.04817,-0.00046,-0.00000,0.00000,0.00000,0.00000,0.00000,0.00000,-0.33477,0.82728,0,0.05548,0.02876
7.0220,-0.04833,-0.02652,0.04414,0.02293,-0.09283,-0.04856,-0.00046,-0.00000,0.00000,0.00000,0.00000,0.00000,0.00000,-0.33478,0.82728,0,0.05548,0.02876
7.0240,-0.04833,-0.02652,0.04395,0.02283,-0.09357,-0.04894,-0.00046,-0.00000,0.00000,0.00000,0.00000,0.00000,0.00000,-0.33482,0.82727,0,0.05548,0.02876
7.0260,-0.04833,-0.02652,0.04376,0.02273,-0.09430,-0.04932,-0.00046,-0.00000,0.00000,0.00000,0.00000,0.00000,0.00000,-0.33479,0.82732,0,0.05548,0.02876
7.0280,-0.04833,-0.02652,0.04357,0.02263,-0.09503,-0.04970,-0.00046,-0.00000,0.00000,0.00000,0.00000,0.00000,0.00000,-0.33478,0.82730,0,0.05548,0.02876
7.0300,-0.04833,-0.02652,0.04338,0.02253,-0.09575,-0.05008,-0.00046,-0.00000,0.00000,0.00000,0.00000,0.00000,0.00000,-0.33480,0.82728,0,0.05548,0.02876
7.0320,-0.04833,-0.02652,0.04319,0.02243,-0.09648,-0.05045,-0.00046,-0.00000,0.00000,0.00000,0.00000,0.00000,0.00000,-0.33478,0.82731,0,0.05548,0.02876
7.0340,-0.04833,-0.02652,0.04300,0.02233,-0.09720,-0.05082,-0.00046,-0.00000,0.00000,0.00000,0.00000,0.00000,0.00000,-0.33480,0.82728,0,0.05548,0.02876
7.0361,-0.04833,-0.02652,0.04280,0.02223,-0.09792,-0.05120,-0.00046,-0.00000,0.00000,0.00000,0.00000,0.00000,0.00000,-0.33483,0.82729,0,0.05548,0.02876
7.0381,-0.04833,-0.02652,0.04260,0.02213,-0.09863,-0.05157,-0.00046,-0.00000,0.00000,0.00000,0.00000,0.00000,0.00000,-0.33477,0.82727,0,0.05548,0.02876
7.0401,-0.04833,-0.02652,0.04241,0.02202,-0.09934,-0.05194,-0.00046,-0.00000,0.00000,0.00000,0.00000,0.00000,0.00000,-0.33481,0.82729,0,0.05548,0.02876
7.0421,-0.04833,-0.02652,0.04221,0.02192,-0.10005,-0.05230,-0.00046,-0.00000,0.00000,0.00000,0.00000,0.00000,0.00000,-0.33481,0.82727,0,0.05548,0.02876
7.0441,-0.04833,-0.02652,0.04201,0.02181,-0.10075,-0.05267,-0.00046,-0.00000,0.00000,0.00000,0.00000,0.00000,0.00000,-0.33481,0.82726,0,0.05548,0.02876
7.0461,-0.04833,-0.02652,0.04180,0.02171,-0.10145,-0.05303,-0.00046,-0.00000,0.00000,0.00000,0.00000,0.00000,0.00000,-0.33478,0.82731,0,0.05548,0.02876
7.0481,-0.04833,-0.02652,0.04160,0.02160,-0.10215,-0.05339,-0.00046,-0.00000,0.00000,0.00000,0.00000,0.00000,0.00000,-0.33476,0.82731,0,0.05548,0.02876
7.0501,-0.04833,-0.02652,0.04139,0.02149,-0.10284,-0.05375,-0.00046,-0.00000,0.00000,0.00000,0.00000,0.00000,0.00000,-0.33478,0.82726,0,0.05548,0.02876
7.0521,-0.04833,-0.02652,0.04119,0.02139,-0.10353,-0.05411,-0.00046,-0.00000,0.00000,0.00000,0.00000,0.00000,0.00000,-0.33478,0.82734,0,0.05548,0.02876
7.0541,-0.04833,-0.02652,0.04098,0.02128,-0.10421,-0.05447,-0.00046,-0.00000,0.00000,0.00000,0.00000,0.00000,0.00000,-0.33478,0.82728,0,0.05548,0.02876
7.0561,-0.04833,-0.02652,0.04077,0.02117,-0.10490,-0.05482,-0.00046,-0.00000,0.00000,0.00000,0.00000,0.00000,0.00000,-0.33474,0.82729,0,0.05548,0.02876
7.0581,-0.04833,-0.02652,0.04056,0.02106,-0.10558,-0.05518,-0.00046,-0.00000,0.00000,0.00000,0.00000,0.00000,0.00000,-0.33482,0.82729,0,0.05548,0.02876
7.0601,-0.04833,-0.02652,0.04035,0.02095,-0.10625,-0.05553,-0.00046,-0.00000,0.00000,0.00000,0.00000,0.00000,0.00000,-0.33477,0.82728,0,0.05548,0.02876
7.0621,-0.04833,-0.02652,0.04014,0.02084,-0.10692,-0.05587,-0.00046,-0.00000,0.00000,0.00000,0.00000,0.00000,0.00000,-0.33479,0.82728,0,0.05548,0.02876
7.0641,-0.04833,-0.02652,0.03992,0.02072,-0.10759,-0.05622,-0.00046,-0.00000,0.00000,0.00000,0.00000,0.00000,0.00000,-0.33480,0.82728,0,0.05548,0.02876
7.0661,-0.04833,-0.02652,0.03971,0.02061,-0.10826,-0.05657,-0.00046,-0.00000,0.00000,0.00000,0.00000,0.00000,0.00000,-0.33472,0.82729,0,0.05548,0.02876
7.0681,-0.04833,-0.02652,0.03949,0.02050,-0.10892,-0.05691,-0.00046,-0.00000,0.00000,0.00000,0.00000,0.00000,0.00000,-0.33476,0.82726,0,0.05548,0.02876
7.0701,-0.04833,-0.02652,0.03927,0.02038,-0.10958,-0.05725,-0.00046,-0.00000,0.00000,0.00000,0.00000,0.00000,0.00000,-0.33484,0.82726,0,0.05548,0.02876
7.0721,-0.04833,-0.02652,0.03905,0.02027,-0.11023,-0.05759,-0.00046,-0.00000,0.00000,0.00000,0.00000,0.00000,0.00000,-0.33478,0.82730,0,0.05548,0.02876
7.0741,-0.04833,-0.02652,0.03883,0.02015,-0.11088,-0.05793,-0.00046,-0.00000,0.00000,0.00000,0.00000,0.00000,0.00000,-0.33480,0.82727,0,0.05548,0.02876
7.0761,-0.04833,-0.02652,0.03861,0.02004,-0.11153,-0.05826,-0.00046,-0.00000,0.00000,0.00000,0.00000,0.00000,0.00000,-0.33479,0.82727,0,0.05548,0.02876
7.0781,-0.04833,-0.02652,0.03838,0.01992,-0.11217,-0.05860,-0.00046,-0.00000,0.00000,0.00000,0.00000,0.00000,0.00000,-0.33475,0.82730,0,0.05548,0.02876
7.0801,-0.04833,-0.02652,0.03816,0.01980,-0.11281,-0.05893,-0.00046,-0.00000,0.00000,0.00000,0.00000,0.00000,0.00000,-0.33479,0.82729,0,0.05548,0.02876
7.0821,-0.04833,-0.02652,0.03793,0.01968,-0.11344,-0.05926,-0.00046,-0.00000,0.00000,0.00000,0.00000,0.00000,0.00000,-0.33484,0.82730,0,0.05548,0.02876
7.0841,-0.04833,-0.02652,0.03770,0.01956,-0.11407,-0.05959,-0.00046,-0.00000,0.00000,0.00000,0.00000,0.00000,0.00000,-0.33478,0.82728,0,0.05548,0.02876
7.0862,-0.04785,-0.02632,0.04473,0.02324,-0.09011,-0.04704,-0.00920,-0.00000,0.00000,0.00000,0.00000,0.00000,0.00000,-0.33478,0.82729,0,0.05531,0.02878
7.0882,-0.04785,-0.02632,0.04455,0.02315,-0.09086,-0.04742,-0.00920,-0.00000,0.00000,0.00000,0.00000,0.00000,0.00000,-0.33478,0.82729,0,0.05531,0.02878
7.0902,-0.04785,-0.02632,0.04437,0.02305,-0.09160,-0.04781,-0.00920,-0.00000,0.00000,0.00000,0.00000,0.00000,0.00000,-0.33476,0.82730,0,0.05531,0.02878
7.0922,-0.04785,-0.02632,0.04418,0.02296,-0.09234,-0.04819,-0.00920,-0.00000,0.00000,0.00000,0.00000,0.00000,0.00000,-0.33478,0.82728,0,0.05531,0.02878
7.0942,-0.04785,-0.02632,0.04400,0.02286,-0.09308,-0.04858,-0.00920,-0.00000,0.00000,0.00000,0.00000,0.00000,0.00000,-0.33479,0.82729,0,0.05531,0.02878
7.0962,-0.04785,-0.02632,0.04381,0.02276,-0.09381,-0.04896,-0.00920,-0.00000,0.00000,0.00000,0.00000,0.00000,0.00000,-0.33475,0.82728,0,0.05531,0.02878
7.0982,-0.04785,-0.02632,0.04362,0.02267,-0.09454,-0.04934,-0.00920,-0.00000,0.00000,0.00000,0.00000,0.00000,0.00000,-0.33479,0.82728,0,0.05531,0.02878
7.1002,-0.04785,-0.02632,0.04343,0.02257,-0.09527,-0.04972,-0.00920,-0.00000,0.00000,0.00000,0.00000,0.00000,0.00000,-0.33477,0.82734,0,0.05531,0.02878
7.1022,-0.04785,-0.02632,0.04324,0.02247,-0.09600,-0.05009,-0.00920,-0.00000,0.00000,0.00000,0.00000,0.00000,0.00000,-0.33480,0.82725,0,0.05531,0.02878
7.1042,-0.04785,-0.02632,0.04305,0.02237,-0.09672,-0.05047,-0.00920,-0.00000,0.00000,0.00000,0.00000,0.00000,0.00000,-0.33481,0.82728,0,0.05531,0.02878
7.1062,-0.04785,-0.02632,0.04286,0.02227,-0.09743,-0.05084,-0.00920,-0.00000,0.00000,0.00000,0.00000,0.00000,0.00000,-0.33475,0.82726,0,0.05531,0.02878
7.1082,-0.04785,-0.02632,0.04266,0.02216,-0.09815,-0.05121,-0.00920,-0.00000,0.00000,0.00000,0.00000,0.00000,0.00000,-0.33475,0.82733,0,0.05531,0.02878
7.1102,-0.04785,-0.02632,0.04246,0.02206,-0.09886,-0.05158,-0.00920,-0.00000,0.00000,0.00000,0.00000,0.00000,0.00000,-0.33479,0.82725,0,0.05531,0.02878
7.1122,-0.04785,-0.02632,0.04226,0.02196,-0.09957,-0.05195,-0.00920,-0.00000,0.00000,0.00000,0.00000,0.00000,0.00000,-0.33479,0.82727,0,0.05531,0.02878
7.1142,-0.04785,-0.02632,0.04206,0.02185,-0.10027,-0.05231,-0.00920,-0.00000,0.00000,0.00000,0.00000,0.00000,0.00000,-0.33478,0.82730,0,0.05531,0.02878
7.1162,-0.04785,-0.02632,0.04186,0.02175,-0.10097,-0.05268,-0.00920,-0.00000,0.00000,0.00000,0.00000,0.00000,0.00000,-0.33480,0.82728,0,0.05531,0.02878
7.1182,-0.04785,-0.02632,0.04166,0.02164,-0.10167,-0.05304,-0.00920,-0.00000,0.00000,0.00000,0.00000,0.00000,0.00000,-0.33478,0.82730,0,0.05531,0.02878
7.1202,-0.04785,-0.02632,0.04146,0.02154,-0.10236,-0.05340,-0.00920,-0.00000,0.00000,0.00000,0.00000,0.00000,0.00000,-0.33476,0.82727,0,0.05531,0.02878
7.1222,-0.04785,-0.02632,0.04125,0.02143,-0.10306,-0.05376,-0.00920,-0.00000,0.00000,0.00000,0.00000,0.00000,0.00000,-0.33478,0.82730,0,0.05531,0.02878
7.1242,-0.04785,-0.02632,0.04104,0.02132,-0.10374,-0.05412,-0.00920,-0.00000,0.00000,0.00000,0.00000,0.00000,0.00000,-0.33476,0.82732,0,0.05531,0.02878
7.1262,-0.04785,-0.02632,0.04084,0.02121,-0.10443,-0.05447,-0.00920,-0.00000,0.00000,0.00000,0.00000,0.00000,0.00000,-0.33477,0.82728,0,0.05531,0.02878
7.1282,-0.04785,-0.02632,0.04063,0.02110,-0.10511,-0.05483,-0.00920,-0.00000,0.00000,0.00000,0.00000,0.00000,0.00000,-0.33480,0.82724,0,0.05531,0.02878
7.1302,-0.04785,-0.02632,0.04042,0.02099,-0.10578,-0.05518,-0.00920,-0.00000,0.00000,0.00000,0.00000,0.00000,0.00000,-0.33477,0.82728,0,0.05531,0.02878
7.1322,-0.04785,-0.02632,0.04020,0.02088,-0.10646,-0.05553,-0.00920,-0.00000,0.00000,0.00000,0.00000,0.00000,0.00000,-0.33478,0.82726,0,0.05531,0.02878
7.1342,-0.04785,-0.02632,0.03999,0.02077,-0.10713,-0.05587,-0.00920,-0.00000,0.00000,0.00000,0.00000,0.00000,0.00000,-0.33483,0.82729,0,0.05531,0.02878
7.1362,-0.04785,-0.02632,0.03978,0.02066,-0.10779,-0.05622,-0.00920,-0.00000,0.00000,0.00000,0.00000,0.00000,0.00000,-0.33479,0.82729,0,0.05531,0.02878
7.1392,-0.04785,-0.02632,0.03956,0.02055,-0.10845,-0.05656,-0.00920,-0.00000,0.00000,0.00000,0.00000,0.00000,0.00000,-0.33480,0.82728,0,0.05531,0.02878
7.1412,-0.04785,-0.02632,0.03934,0.02043,-0.10911,-0.05691,-0.00920,-0.00000,0.00000,0.00000,0.00000,0.00000,0.00000,-0.33480,0.82727,0,0.05531,0.02878
7.1432,-0.04785,-0.02632,0.03912,0.02032,-0.10977,-0.05725,-0.00920,-0.00000,0.00000,0.00000,0.00000,0.00000,0.00000,-0.33479,0.82728,0,0.05531,0.02878
7.1452,-0.04785,-0.02632,0.03890,0.02020,-0.11042,-0.05758,-0.00920,-0.00000,0.00000,0.00000,0.00000,0.00000,0.00000,-0.33479,0.82729,0,0.05531,0.02878
7.1472,-0.04770,-0.02639,0.04501,0.02345,-0.08947,-0.04644,-0.01119,-0.00000,0.00000,0.00000,0.00000,0.00000,0.00000,-0.33480,0.82729,0,0.05522,0.02884
7.1492,-0.04770,-0.02639,0.04483,0.02336,-0.09022,-0.04683,-0.01119,-0.00000,0.00000,0.00000,0.00000,0.00000,0.00000,-0.33476,0.82730,0,0.05522,0.02884
7.1512,-0.04770,-0.02639,0.04465,0.02327,-0.09097,-0.04722,-0.01119,-0.00000,0.00000,0.00000,0.00000,0.00000,0.00000,-0.33482,0.82727,0,0.05522,0.02884
7.1532,-0.04770,-0.02639,0.04447,0.02317,-0.09172,-0.04761,-0.01119,-0.00000,0.00000,0.00000,0.00000,0.00000,0.00000,-0.33477,0.82726,0,0.05522,0.02884
7.1552,-0.04770,-0.02639,0.04428,0.02308,-0.09246,-0.04799,-0.01119,-0.00000,0.00000,0.00000,0.00000,0.00000,0.00000,-0.33478,0.82728,0,0.05522,0.02884
7.1572,-0.04770,-0.02639,0.04410,0.02298,-0.09320,-0.04838,-0.01119,-0.00000,0.00000,0.00000,0.00000,0.00000,0.00000,-0.33476,0.82729,0,0.05522,0.02884
7.1592,-0.04770,-0.02639,0.04391,0.02288,-0.09393,-0.04876,-0.01119,-0.00000,0.00000,0.00000,0.00000,0.00000,0.00000,-0.33479,0.82728,0,0.05522,0.02884
7.1613,-0.04770,-0.02639,0.04372,0.02278,-0.09466,-0.04914,-0.01119,-0.00000,0.00000,0.00000,0.00000,0.00000,0.00000,-0.33478,0.82732,0,0.05522,0.02884
7.1633,-0.04770,-0.02639,0.04353,0.02269,-0.09539,-0.04952,-0.01119,-0.00000,0.00000,0.00000,0.00000,0.00000,0.00000,-0.33478,0.82726,0,0.05522,0.02884
7.1653,-0.04770,-0.02639,0.04334,0.02259,-0.09612,-0.04990,-0.01119,-0.00000,0.00000,0.00000,0.00000,0.00000,0.00000,-0.33477,0.82726,0,0.05522,0.02884
7.1673,-0.04770,-0.02639,0.04315,0.02249,-0.09684,-0.05028,-0.01119,-0.00000,0.00000,0.00000,0.00000,0.00000,0.00000,-0.33480,0.82727,0,0.05522,0.02884
7.1693,-0.04770,-0.02639,0.04295,0.02239,-0.09756,-0.05065,-0.01119,-0.00000,0.00000,0.00000,0.00000,0.00000,0.00000,-0.33475,0.82728,0,0.05522,0.02884
7.1713,-0.04770,-0.02639,0.04276,0.02228,-0.09828,-0.05103,-0.01119,-0.00000,0.00000,0.00000,0.00000,0.00000,0.00000,-0.33482,0.82728,0,0.05522,0.02884
7.1733,-0.04770,-0.02639,0.04256,0.02218,-0.09899,-0.05140,-0.01119,-0.00000,0.00000,0.00000,0.00000,0.00000,0.00000,-0.33475,0.82730,0,0.05522,0.02884
7.1753,-0.04770,-0.02639,0.04236,0.02208,-0.09970,-0.05177,-0.01119,-0.00000,0.00000,0.00000,0.00000,0.00000,0.00000,-0.33480,0.82729,0,0.05522,0.02884
7.1773,-0.04770,-0.02639,0.04216,0.02197,-0.10041,-0.05214,-0.01119,-0.00000,0.00000,0.00000,0.00000,0.00000,0.00000,-0.33479,0.82726,0,0.05522,0.02884
7.1793,-0.04770,-0.02639,0.04196,0.02187,-0.10111,-0.05250,-0.01119,-0.00000,0.00000,0.00000,0.00000,0.00000,0.00000,-0.33478,0.82727,0,0.05522,0.02884
7.1814,-0.04770,-0.02639,0.04176,0.02176,-0.10181,-0.05287,-0.01119,-0.00000,0.00000,0.00000,0.00000,0.00000,0.00000,-0.33482,0.82725,0,0.05522,0.02884
7.1834,-0.04770,-0.02639,0.04155,0.02166,-0.10250,-0.05323,-0.01119,-0.00000,0.00000,0.00000,0.00000,0.00000,0.00000,-0.33476,0.82726,0,0.05522,0.02884
7.1854,-0.04770,-0.02639,0.04135,0.02155,-0.10320,-0.05359,-0.01119,-0.00000,0.00000,0.00000,0.00000,0.00000,0.00000,-0.33480,0.82730,0,0.05522,0.02884
7.1874,-0.04770,-0.02639,0.04114,0.02144,-0.10388,-0.05395,-0.01119,-0.00000,0.00000,0.00000,0.00000,0.00000,0.00000,-0.33480,0.82725,0,0.05522,0.02884
7.1894,-0.04770,-0.02639,0.04093,0.02134,-0.10457,-0.05431,-0.01119,-0.00000,0.00000,0.00000,0.00000,0.00000,0.00000,-0.33477,0.82726,0,0.05522,0.02884
7.1914,-0.04770,-0.02639,0.04072,0.02123,-0.10525,-0.05466,-0.01119,-0.00000,0.00000,0.00000,0.00000,0.00000,0.00000,-0.33477,0.82727,0,0.05522,0.02884
7.1934,-0.04770,-0.02639,0.04051,0.02112,-0.10593,-0.05502,-0.01119,-0.00000,0.00000,0.00000,0.00000,0.00000,0.00000,-0.33477,0.82729,0,0.05522,0.02884
7.1954,-0.04770,-0.02639,0.04030,0.02101,-0.10660,-0.05537,-0.01119,-0.00000,0.00000,0.00000,0.00000,0.00000,0.00000,-0.33477,0.82726,0,0.05522,0.02884
7.1974,-0.04770,-0.02639,0.04008,0.02090,-0.10728,-0.05572,-0.01119,-0.00000,0.00000,0.00000,0.00000,0.00000,0.00000,-0.33477,0.82731,0,0.05522,0.02884
7.1994,-0.04770,-0.02639,0.03987,0.02078,-0.10794,-0.05606,-0.01119,-0.00000,0.00000,0.00000,0.00000,0.00000,0.00000,-0.33478,0.82727,0,0.05522,0.02884
7.2014,-0.04770,-0.02639,0.03965,0.02067,-0.10861,-0.05641,-0.01119,-0.00000,0.00000,0.00000,0.00000,0.00000,0.00000,-0.33480,0.82728,0,0.05522,0.02884
7.2034,-0.04770,-0.02639,0.03943,0.02056,-0.10927,-0.05676,-0.01119,-0.00000,0.00000,0.00000,0.00000,0.00000,0.00000,-0.33481,0.82727,0,0.05522,0.02884
7.2054,-0.04770,-0.02639,0.03922,0.02044,-0.10992,-0.05710,-0.01119,-0.00000,0.00000,0.00000,0.00000,0.00000,0.00000,-0.33476,0.82728,0,0.05522,0.02884
7.2074,-0.04770,-0.02639,0.03899,0.02033,-0.11058,-0.05744,-0.01119,-0.00000,0.00000,0.00000,0.00000,0.00000,0.00000,-0.33481,0.82726,0,0.05522,0.02884
7.2095,-0.04770,-0.02639,0.03877,0.02021,-0.11123,-0.05778,-0.01119,-0.00000,0.00000,0.00000,0.00000,0.00000,0.00000,-0.33474,0.82731,0,0.05522,0.02884
7.2115,-0.04814,-0.02638,0.04518,0.02348,-0.08878,-0.04635,-0.00509,-0.00000,0.00000,0.00000,0.00000,0.00000,0.00000,-0.33476,0.82728,0,0.05549,0.02877
7.2135,-0.04814,-0.02638,0.04500,0.02338,-0.08954,-0.04674,-0.00509,-0.00000,0.00000,0.00000,0.00000,0.00000,0.00000,-0.33480,0.82727,0,0.05549,0.02877
7.2155,-0.04814,-0.02638,0.04482,0.02329,-0.09029,-0.04713,-0.00509,-0.00000,0.00000,0.00000,0.00000,0.00000,0.00000,-0.33479,0.82730,0,0.05549,0.02877
7.2175,-0.04814,-0.02638,0.04464,0.02319,-0.09104,-0.04752,-0.00509,-0.00000,0.00000,0.00000,0.00000,0.00000,0.00000,-0.33478,0.82730,0,0.05549,0.02877
7.2195,-0.04814,-0.02638,0.04446,0.02310,-0.09178,-0.04790,-0.00509,-0.00000,0.00000,0.00000,0.00000,0.00000,0.00000,-0.33476,0.82728,0,0.05549,0.02877
7.2215,-0.04814,-0.02638,0.04427,0.02300,-0.09252,-0.04829,-0.00509,-0.00000,0.00000,0.00000,0.00000,0.00000,0.00000,-0.33481,0.82727,0,0.05549,0.02877
7.2235,-0.04814,-0.02638,0.04409,0.02291,-0.09326,-0.04867,-0.00509,-0.00000,0.00000,0.00000,0.00000,0.00000,0.00000,-0.33473,0.82728,0,0.05549,0.02877
7.2255,-0.04814,-0.02638,0.04390,0.02281,-0.09400,-0.04906,-0.00509,-0.00000,0.00000,0.00000,0.00000,0.00000,0.00000,-0.33480,0.82727,0,0.05549,0.02877
7.2275,-0.04814,-0.02638,0.04371,0.02271,-0.09473,-0.04944,-0.00509,-0.00000,0.00000,0.00000,0.00000,0.00000,0.00000,-0.33479,0.82730,0,0.05549,0.02877
7.2295,-0.04814,-0.02638,0.04352,0.02261,-0.09546,-0.04981,-0.00509,-0.00000,0.00000,0.00000,0.00000,0.00000,0.00000,-0.33477,0.82725,0,0.05549,0.02877
7.2316,-0.04814,-0.02638,0.04333,0.02251,-0.09618,-0.05019,-0.00509,-0.00000,0.00000,0.00000,0.00000,0.00000,0.00000,-0.33477,0.82729,0,0.05549,0.02877
7.2336,-0.04814,-0.02638,0.04313,0.02241,-0.09690,-0.05057,-0.00509,-0.00000,0.00000,0.00000,0.00000,0.00000,0.00000,-0.33474,0.82727,0,0.05549,0.02877
7.2356,-0.04814,-0.02638,0.04294,0.02231,-0.09762,-0.05094,-0.00509,-0.00000,0.00000,0.00000,0.00000,0.00000,0.00000,-0.33479,0.82730,0,0.05549,0.02877
7.2376,-0.04814,-0.02638,0.04274,0.02221,-0.09834,-0.05131,-0.00509,-0.00000,0.00000,0.00000,0.00000,0.00000,0.00000,-0.33476,0.82729,0,0.05549,0.02877
7.2396,-0.04814,-0.02638,0.04255,0.02210,-0.09905,-0.05168,-0.00509,-0.00000,0.00000,0.00000,0.00000,0.00000,0.00000,-0.33480,0.82731,0,0.05549,0.02877
7.2416,-0.04814,-0.02638,0.04235,0.02200,-0.09976,-0.05205,-0.00509,-0.00000,0.00000,0.00000,0.00000,0.00000,0.00000,-0.33479,0.82726,0,0.05549,0.02877
7.2436,-0.04814,-0.02638,0.04215,0.02190,-0.10047,-0.05242,-0.00509,-0.00000,0.00000,0.00000,0.00000,0.00000,0.00000,-0.33478,0.82729,0,0.05549,0.02877
7.2456,-0.04814,-0.02638,0.04195,0.02179,-0.10117,-0.05278,-0.00509,-0.00000,0.00000,0.00000,0.00000,0.00000,0.00000,-0.33480,0.82725,0,0.05549,0.02877
7.2476,-0.04814,-0.02638,0.04174,0.02168,-0.10187,-0.05315,-0.00509,-0.00000,0.00000,0.00000,0.00000,0.00000,0.00000,-0.33477,0.82732,0,0.05549,0.02877
7.2496,-0.04814,-0.02638,0.04154,0.02158,-0.10256,-0.05351,-0.00509,-0.00000,0.00000,0.00000,0.00000,0.00000,0.00000,-0.33480,0.82732,0,0.05549,0.02877
7.2517,-0.04814,-0.02638,0.04133,0.02147,-0.10326,-0.05387,-0.00509,-0.00000,0.00000,0.00000,0.00000,0.00000,0.00000,-0.33480,0.82725,0,0.05549,0.02877
7.2537,-0.04814,-0.02638,0.04113,0.02136,-0.10395,-0.05422,-0.00509,-0.00000,0.00000,0.00000,0.00000,0.00000,0.00000,-0.33484,0.82726,0,0.05549,0.02877
7.2557,-0.04814,-0.02638,0.04092,0.02125,-0.10463,-0.05458,-0.00509,-0.00000,0.00000,0.00000,0.00000,0.00000,0.00000,-0.33476,0.82729,0,0.05549,0.02877
7.2577,-0.04814,-0.02638,0.04071,0.02114,-0.10531,-0.05493,-0.00509,-0.00000,0.00000,0.00000,0.00000,0.00000,0.00000,-0.33475,0.82731,0,0.05549,0.02877
7.2597,-0.04814,-0.02638,0.04050,0.02103,-0.10599,-0.05529,-0.00509,-0.00000,0.00000,0.00000,0.00000,0.00000,0.00000,-0.33477,0.82727,0,0.05549,0.02877
7.2617,-0.04814,-0.02638,0.04028,0.02092,-0.10666,-0.05564,-0.00509,-0.00000,0.00000,0.00000,0.00000,0.00000,0.00000,-0.33479,0.82728,0,0.05549,0.02877
7.2637,-0.04814,-0.02638,0.04007,0.02081,-0.10734,-0.05599,-0.00509,-0.00000,0.00000,0.00000,0.00000,0.00000,0.00000,-0.33479,0.82725,0,0.05549,0.02877
7.2657,-0.04814,-0.02638,0.03985,0.02070,-0.10800,-0.05633,-0.00509,-0.00000,0.00000,0.00000,0.00000,0.00000,0.00000,-0.33480,0.82725,0,0.05549,0.02877
7.2677,-0.04814,-0.02638,0.03964,0.02059,-0.10867,-0.05668,-0.00509,-0.00000,0.00000,0.00000,0.00000,0.00000,0.00000,-0.33478,0.82728,0,0.05549,0.02877
7.2698,-0.04814,-0.02638,0.03942,0.02047,-0.10933,-0.05702,-0.00509,-0.00000,0.00000,0.00000,0.00000,0.00000,0.00000,-0.33477,0.82730,0,0.05549,0.02877
7.2718,-0.04814,-0.02638,0.03920,0.02036,-0.10998,-0.05736,-0.00509,-0.00000,0.00000,0.00000,0.00000,0.00000,0.00000,-0.33476,0.82729,0,0.05549,0.02877
7.2738,-0.04814,-0.02638,0.03898,0.02024,-0.11064,-0.05770,-0.00509,-0.00000,0.00000,0.00000,0.00000,0.00000,0.00000,-0.33479,0.82729,0,0.05549,0.02877
7.2758,-0.04814,-0.02638,0.03876,0.02013,-0.11128,-0.05804,-0.00509,-0.00000,0.00000,0.00000,0.00000,0.00000,0.00000,-0.33478,0.82730,0,0.05549,0.02877
7.2778,-0.04814,-0.02638,0.03853,0.02001,-0.11193,-0.05837,-0.00509,-0.00000,0.00000,0.00000,0.00000,0.00000,0.00000,-0.33482,0.82726,0,0.05549,0.02877
7.2798,-0.04814,-0.02638,0.03831,0.01989,-0.11257,-0.05870,-0.00509,-0.00000,0.00000,0.00000,0.00000,0.00000,0.00000,-0.33479,0.82729,0,0.05549,0.02877
7.2818,-0.04814,-0.02674,0.04480,0.02336,-0.09033,-0.04684,-0.00684,-0.00000,0.00000,0.00000,0.00000,0.00000,0.00000,-0.33477,0.82729,0,0.05540,0.02896
7.2838,-0.04814,-0.02674,0.04462,0.02326,-0.09108,-0.04723,-0.00684,-0.00000,0.00000,0.00000,0.00000,0.00000,0.00000,-0.33477,0.82729,0,0.05540,0.02896
7.2858,-0.04814,-0.02674,0.04443,0.02317,-0.09182,-0.04762,-0.00684,-0.00000,0.00000,0.00000,0.00000,0.00000,0.00000,-0.33481,0.82728,0,0.05540,0.02896
7.2878,-0.04814,-0.02674,0.04425,0.02307,-0.09256,-0.04800,-0.00684,-0.00000,0.00000,0.00000,0.00000,0.00000,0.00000,-0.33480,0.82730,0,0.05540,0.02896
7.2898,-0.04814,-0.02674,0.04406,0.02297,-0.09330,-0.04839,-0.00684,-0.00000,0.00000,0.00000,0.00000,0.00000,0.00000,-0.33474,0.82731,0,0.05540,0.02896
7.2918,-0.04814,-0.02674,0.04388,0.02288,-0.09404,-0.04877,-0.00684,-0.00000,0.00000,0.00000,0.00000,0.00000,0.00000,-0.33479,0.82732,0,0.05540,0.02896
7.2938,-0.04814,-0.02674,0.04369,0.02278,-0.09477,-0.04915,-0.00684,-0.00000,0.00000,0.00000,0.00000,0.00000,0.00000,-0.33476,0.82726,0,0.05540,0.02896
7.2958,-0.04814,-0.02674,0.04350,0.02268,-0.09550,-0.04953,-0.00684,-0.00000,0.00000,0.00000,0.00000,0.00000,0.00000,-0.33482,0.82727,0,0.05540,0.02896
7.2978,-0.04814,-0.02674,0.04331,0.02258,-0.09622,-0.04991,-0.00684,-0.00000,0.00000,0.00000,0.00000,0.00000,0.00000,-0.33476,0.82728,0,0.05540,0.02896
7.2998,-0.04814,-0.02674,0.04311,0.02248,-0.09694,-0.05029,-0.00684,-0.00000,0.00000,0.00000,0.00000,0.00000,0.00000,-0.33478,0.82726,0,0.05540,0.02896
7.3018,-0.04814,-0.02674,0.04292,0.02238,-0.09766,-0.05066,-0.00684,-0.00000,0.00000,0.00000,0.00000,0.00000,0.00000,-0.33480,0.82728,0,0.05540,0.02896
7.3038,-0.04814,-0.02674,0.04272,0.02228,-0.09838,-0.05104,-0.00684,-0.00000,0.00000,0.00000,0.00000,0.00000,0.00000,-0.33477,0.82731,0,0.05540,0.02896
7.3058,-0.04814,-0.02674,0.04253,0.02218,-0.09909,-0.05141,-0.00684,-0.00000,0.00000,0.00000,0.00000,0.00000,0.00000,-0.33478,0.82730,0,0.05540,0.02896
7.3078,-0.04814,-0.02674,0.04233,0.02207,-0.09980,-0.05178,-0.00684,-0.00000,0.00000,0.00000,0.00000,0.00000,0.00000,-0.33483,0.82728,0,0.05540,0.02896
7.3098,-0.04814,-0.02674,0.04213,0.02197,-0.10050,-0.05215,-0.00684,-0.00000,0.00000,0.00000,0.00000,0.00000,0.00000,-0.33480,0.82729,0,0.05540,0.02896
7.3118,-0.04814,-0.02674,0.04192,0.02186,-0.10121,-0.05251,-0.00684,-0.00000,0.00000,0.00000,0.00000,0.00000,0.00000,-0.33480,0.82727,0,0.05540,0.02896
7.3138,-0.04814,-0.02674,0.04172,0.02176,-0.10190,-0.05288,-0.00684,-0.00000,0.00000,0.00000,0.00000,0.00000,0.00000,-0.33475,0.82730,0,0.05540,0.02896
7.3158,-0.04814,-0.02674,0.04152,0.02165,-0.10260,-0.05324,-0.00684,-0.00000,0.00000,0.00000,0.00000,0.00000,0.00000,-0.33478,0.82730,0,0.05540,0.02896
7.3178,-0.04814,-0.02674,0.04131,0.02155,-0.10329,-0.05360,-0.00684,-0.00000,0.00000,0.00000,0.00000,0.00000,0.00000,-0.33477,0.82729,0,0.05540,0.02896
7.3198,-0.04814,-0.02674,0.04110,0.02144,-0.10398,-0.05396,-0.00684,-0.00000,0.00000,0.00000,0.00000,0.00000,0.00000,-0.33478,0.82729,0,0.05540,0.02896
7.3218,-0.04814,-0.02674,0.04089,0.02133,-0.10466,-0.05432,-0.00684,-0.00000,0.00000,0.00000,0.00000,0.00000,0.00000,-0.33480,0.82727,0,0.05540,0.02896
7.3238,-0.04814,-0.02674,0.04068,0.02122,-0.10535,-0.05467,-0.00684,-0.00000,0.00000,0.00000,0.00000,0.00000,0.00000,-0.33474,0.82731,0,0.05540,0.02896
7.3258,-0.04814,-0.02674,0.04047,0.02111,-0.10602,-0.05502,-0.00684,-0.00000,0.00000,0.00000,0.00000,0.00000,0.00000,-0.33479,0.82729,0,0.05540,0.02896
7.3278,-0.04814,-0.02674,0.04026,0.02100,-0.10670,-0.05538,-0.00684,-0.00000,0.00000,0.00000,0.00000,0.00000,0.00000,-0.33476,0.82728,0,0.05540,0.02896
7.3298,-0.04814,-0.02674,0.04005,0.02089,-0.10737,-0.05573,-0.00684,-0.00000,0.00000,0.00000,0.00000,0.00000,0.00000,-0.33479,0.82729,0,0.05540,0.02896
7.3318,-0.04814,-0.02674,0.03983,0.02078,-0.10804,-0.05607,-0.00684,-0.00000,0.00000,0.00000,0.00000,0.00000,0.00000,-0.33480,0.82728,0,0.05540,0.02896
7.3338,-0.04814,-0.02674,0.03961,0.02067,-0.10870,-0.05642,-0.00684,-0.00000,0.00000,0.00000,0.00000,0.00000,0.00000,-0.33480,0.82724,0,0.05540,0.02896
7.3358,-0.04814,-0.02674,0.03940,0.02055,-0.10936,-0.05676,-0.00684,-0.00000,0.00000,0.00000,0.00000,0.00000,0.00000,-0.33479,0.82727,0,0.05540,0.02896
7.3378,-0.04814,-0.02674,0.03918,0.02044,-0.11001,-0.05711,-0.00684,-0.00000,0.00000,0.00000,0.00000,0.00000,0.00000,-0.33478,0.82729,0,0.05540,0.02896
7.3399,-0.04814,-0.02674,0.03896,0.02032,-0.11067,-0.05745,-0.00684,-0.00000,0.00000,0.00000,0.00000,0.00000,0.00000,-0.33476,0.82730,0,0.05540,0.02896
7.3419,-0.04814,-0.02674,0.03873,0.02021,-0.11131,-0.05778,-0.00684,-0.00000,0.00000,0.00000,0.00000,0.00000,0.00000,-0.33479,0.82728,0,0.05540,0.02896
7.3439,-0.04814,-0.02674,0.03851,0.02009,-0.11196,-0.05812,-0.00684,-0.00000,0.00000,0.00000,0.00000,0.00000,0.00000,-0.33481,0.82727,0,0.05540,0.02896
7.3459,-0.04814,-0.02674,0.03829,0.01998,-0.11260,-0.05845,-0.00684,-0.00000,0.00000,0.00000,0.00000,0.00000,0.00000,-0.33476,0.82730,0,0.05540,0.02896
7.3479,-0.04814,-0.02674,0.03806,0.01986,-0.11324,-0.05879,-0.00684,-0.00000,0.00000,0.00000,0.00000,0.00000,0.00000,-0.33481,0.82726,0,0.05540,0.02896
7.3499,-0.04814,-0.02674,0.03783,0.01974,-0.11387,-0.05912,-0.00684,-0.00000,0.00000,0.00000,0.00000,0.00000,0.00000,-0.33481,0.82729,0,0.05540,0.02896
7.3519,-0.04814,-0.02674,0.03761,0.01962,-0.11450,-0.05945,-0.00684,-0.00000,0.00000,0.00000,0.00000,0.00000,0.00000,-0.33481,0.82726,0,0.05540,0.02896
7.3539,-0.04832,-0.02630,0.04437,0.02312,-0.09197,-0.04778,-0.00012,-0.00000,0.00000,0.00000,0.00000,0.00000,0.00000,-0.33478,0.82728,0,0.05538,0.02883
7.3559,-0.04832,-0.02630,0.04418,0.02303,-0.09271,-0.04816,-0.00012,-0.00000,0.00000,0.00000,0.00000,0.00000,0.00000,-0.33478,0.82728,0,0.05538,0.02883
7.3579,-0.04832,-0.02630,0.04400,0.02293,-0.09344,-0.04855,-0.00012,-0.00000,0.00000,0.00000,0.00000,0.00000,0.00000,-0.33483,0.82728,0,0.05538,0.02883
7.3599,-0.04832,-0.02630,0.04381,0.02283,-0.09418,-0.04893,-0.00012,-0.00000,0.00000,0.00000,0.00000,0.00000,0.00000,-0.33477,0.82730,0,0.05538,0.02883
7.3620,-0.04832,-0.02630,0.04362,0.02273,-0.09491,-0.04931,-0.00012,-0.00000,0.00000,0.00000,0.00000,0.00000,0.00000,-0.33476,0.82726,0,0.05538,0.02883
7.3640,-0.04832,-0.02630,0.04343,0.02264,-0.09563,-0.04969,-0.00012,-0.00000,0.00000,0.00000,0.00000,0.00000,0.00000,-0.33478,0.82726,0,0.05538,0.02883
7.3660,-0.04832,-0.02630,0.04324,0.02254,-0.09636,-0.05007,-0.00012,-0.00000,0.00000,0.00000,0.00000,0.00000,0.00000,-0.33480,0.82728,0,0.05538,0.02883
7.3680,-0.04832,-0.02630,0.04304,0.02244,-0.09708,-0.05044,-0.00012,-0.00000,0.00000,0.00000,0.00000,0.00000,0.00000,-0.33480,0.82726,0,0.05538,0.02883
7.3700,-0.04832,-0.02630,0.04285,0.02233,-0.09780,-0.05082,-0.00012,-0.00000,0.00000,0.00000,0.00000,0.00000,0.00000,-0.33482,0.82728,0,0.05538,0.02883
7.3720,-0.04832,-0.02630,0.04265,0.02223,-0.09851,-0.05119,-0.00012,-0.00000,0.00000,0.00000,0.00000,0.00000,0.00000,-0.33478,0.82730,0,0.05538,0.02883
7.3740,-0.04832,-0.02630,0.04245,0.02213,-0.09922,-0.05156,-0.00012,-0.00000,0.00000,0.00000,0.00000,0.00000,0.00000,-0.33479,0.82729,0,0.05538,0.02883
7.3760,-0.04832,-0.02630,0.04226,0.02203,-0.09993,-0.05193,-0.00012,-0.00000,0.00000,0.00000,0.00000,0.00000,0.00000,-0.33481,0.82726,0,0.05538,0.02883
7.3780,-0.04832,-0.02630,0.04205,0.02192,-0.10063,-0.05230,-0.00012,-0.00000,0.00000,0.00000,0.00000,0.00000,0.00000,-0.33480,0.82731,0,0.05538,0.02883
7.3800,-0.04832,-0.02630,0.04185,0.02182,-0.10133,-0.05266,-0.00012,-0.00000,0.00000,0.00000,0.00000,0.00000,0.00000,-0.33477,0.82730,0,0.05538,0.02883
7.3820,-0.04832,-0.02630,0.04165,0.02171,-0.10203,-0.05303,-0.00012,-0.00000,0.00000,0.00000,0.00000,0.00000,0.00000,-0.33474,0.82729,0,0.05538,0.02883
7.3840,-0.04832,-0.02630,0.04144,0.02160,-0.10273,-0.05339,-0.00012,-0.00000,0.00000,0.00000,0.00000,0.00000,0.00000,-0.33475,0.82730,0,0.05538,0.02883
7.3860,-0.04832,-0.02630,0.04124,0.02150,-0.10342,-0.05375,-0.00012,-0.00000,0.00000,0.00000,0.00000,0.00000,0.00000,-0.33477,0.82731,0,0.05538,0.02883
7.3880,-0.04832,-0.02630,0.04103,0.02139,-0.10410,-0.05411,-0.00012,-0.00000,0.00000,0.00000,0.00000,0.00000,0.00000,-0.33479,0.82727,0,0.05538,0.02883
7.3900,-0.04832,-0.02630,0.04082,0.02128,-0.10479,-0.05446,-0.00012,-0.00000,0.00000,0.00000,0.00000,0.00000,0.00000,-0.33477,0.82729,0,0.05538,0.02883
7.3920,-0.04832,-0.02630,0.04061,0.02117,-0.10547,-0.05482,-0.00012,-0.00000,0.00000,0.00000,0.00000,0.00000,0.00000,-0.33479,0.82728,0,0.05538,0.02883
7.3940,-0.04832,-0.02630,0.04040,0.02106,-0.10614,-0.05517,-0.00012,-0.00000,0.00000,0.00000,0.00000,0.00000,0.00000,-0.33481,0.82726,0,0.05538,0.02883
7.3960,-0.04832,-0.02630,0.04019,0.02095,-0.10682,-0.05552,-0.00012,-0.00000,0.00000,0.00000,0.00000,0.00000,0.00000,-0.33479,0.82727,0,0.05538,0.02883
7.3980,-0.04832,-0.02630,0.03997,0.02084,-0.10749,-0.05587,-0.00012,-0.00000,0.00000,0.00000,0.00000,0.00000,0.00000,-0.33479,0.82730,0,0.05538,0.02883
7.4000,-0.04832,-0.02630,0.03976,0.02073,-0.10815,-0.05622,-0.00012,-0.00000,0.00000,0.00000,0.00000,0.00000,0.00000,-0.33481,0.82727,0,0.05538,0.02883
7.4020,-0.04832,-0.02630,0.03954,0.02062,-0.10881,-0.05656,-0.00012,-0.00000,0.00000,0.00000,0.00000,0.00000,0.00000,-0.33477,0.82731,0,0.05538,0.02883
7.4040,-0.04832,-0.02630,0.03932,0.02050,-0.10947,-0.05690,-0.00012,-0.00000,0.00000,0.00000,0.00000,0.00000,0.00000,-0.33480,0.82727,0,0.05538,0.02883
7.4061,-0.04832,-0.02630,0.03910,0.02039,-0.11013,-0.05725,-0.00012,-0.00000,0.00000,0.00000,0.00000,0.00000,0.00000,-0.33481,0.82724,0,0.05538,0.02883
7.4081,-0.04832,-0.02630,0.03888,0.02027,-0.11078,-0.05759,-0.00012,-0.00000,0.00000,0.00000,0.00000,0.00000,0.00000,-0.33475,0.82726,0,0.05538,0.02883
7.4101,-0.04832,-0.02630,0.03866,0.02016,-0.11142,-0.05792,-0.00012,-0.00000,0.00000,0.00000,0.00000,0.00000,0.00000,-0.33479,0.82729,0,0.05538,0.02883
7.4121,-0.04832,-0.02630,0.03844,0.02004,-0.11207,-0.05826,-0.00012,-0.00000,0.00000,0.00000,0.00000,0.00000,0.00000,-0.33479,0.82728,0,0.05538,0.02883
7.4141,-0.04832,-0.02630,0.03821,0.01992,-0.11271,-0.05859,-0.00012,-0.00000,0.00000,0.00000,0.00000,0.00000,0.00000,-0.33480,0.82725,0,0.05538,0.02883
7.4161,-0.04790,-0.02614,0.04469,0.02326,-0.09065,-0.04723,-0.00541,-0.00000,0.00000,0.00000,0.00000,0.00000,0.00000,-0.33479,0.82726,0,0.05521,0.02871
7.4181,-0.04790,-0.02614,0.04451,0.02317,-0.09140,-0.04762,-0.00541,-0.00000,0.00000,0.00000,0.00000,0.00000,0.00000,-0.33479,0.82726,0,0.05521,0.02871
7.4201,-0.04790,-0.02614,0.04433,0.02307,-0.09214,-0.04800,-0.00541,-0.00000,0.00000,0.00000,0.00000,0.00000,0.00000,-0.33477,0.82726,0,0.05521,0.02871
7.4221,-0.04790,-0.02614,0.04414,0.02298,-0.09288,-0.04839,-0.00541,-0.00000,0.00000,0.00000,0.00000,0.00000,0.00000,-0.33478,0.82730,0,0.05521,0.02871
7.4241,-0.04790,-0.02614,0.04396,0.02288,-0.09362,-0.04877,-0.00541,-0.00000,0.00000,0.00000,0.00000,0.00000,0.00000,-0.33479,0.82726,0,0.05521,0.02871
7.4262,-0.04790,-0.02614,0.04377,0.02278,-0.09435,-0.04915,-0.00541,-0.00000,0.00000,0.00000,0.00000,0.00000,0.00000,-0.33480,0.82726,0,0.05521,0.02871
7.4282,-0.04790,-0.02614,0.04358,0.02268,-0.09508,-0.04953,-0.00541,-0.00000,0.00000,0.00000,0.00000,0.00000,0.00000,-0.33477,0.82727,0,0.05521,0.02871
7.4302,-0.04790,-0.02614,0.04339,0.02258,-0.09580,-0.04991,-0.00541,-0.00000,0.00000,0.00000,0.00000,0.00000,0.00000,-0.33480,0.82726,0,0.05521,0.02871
7.4322,-0.04790,-0.02614,0.04320,0.02248,-0.09653,-0.05029,-0.00541,-0.00000,0.00000,0.00000,0.00000,0.00000,0.00000,-0.33480,0.82726,0,0.05521,0.02871
7.4342,-0.04790,-0.02614,0.04300,0.02238,-0.09725,-0.05066,-0.00541,-0.00000,0.00000,0.00000,0.00000,0.00000,0.00000,-0.33475,0.82728,0,0.05521,0.02871
7.4362,-0.04790,-0.02614,0.04281,0.02228,-0.09797,-0.05104,-0.00541,-0.00000,0.00000,0.00000,0.00000,0.00000,0.00000,-0.33475,0.82728,0,0.05521,0.02871
7.4382,-0.04790,-0.02614,0.04261,0.02218,-0.09868,-0.05141,-0.00541,-0.00000,0.00000,0.00000,0.00000,0.00000,0.00000,-0.33483,0.82729,0,0.05521,0.02871
7.4402,-0.04790,-0.02614,0.04241,0.02208,-0.09939,-0.05178,-0.00541,-0.00000,0.00000,0.00000,0.00000,0.00000,0.00000,-0.33483,0.82729,0,0.05521,0.02871
7.4422,-0.04790,-0.02614,0.04221,0.02197,-0.10010,-0.05214,-0.00541,-0.00000,0.00000,0.00000,0.00000,0.00000,0.00000,-0.33479,0.82728,0,0.05521,0.02871
7.4442,-0.04790,-0.02614,0.04201,0.02187,-0.10080,-0.05251,-0.00541,-0.00000,0.00000,0.00000,0.00000,0.00000,0.00000,-0.33479,0.82728,0,0.05521,0.02871
7.4462,-0.04790,-0.02614,0.04181,0.02176,-0.10150,-0.05288,-0.00541,-0.00000,0.00000,0.00000,0.00000,0.00000,0.00000,-0.33481,0.82729,0,0.05521,0.02871
7.4482,-0.04790,-0.02614,0.04161,0.02166,-0.10220,-0.05324,-0.00541,-0.00000,0.00000,0.00000,0.00000,0.00000,0.00000,-0.33479,0.82727,0,0.05521,0.02871
7.4503,-0.04790,-0.02614,0.04140,0.02155,-0.10289,-0.05360,-0.00541,-0.00000,0.00000,0.00000,0.00000,0.00000,0.00000,-0.33477,0.82729,0,0.05521,0.02871
7.4523,-0.04790,-0.02614,0.04119,0.02144,-0.10358,-0.05396,-0.00541,-0.00000,0.00000,0.00000,0.00000,0.00000,0.00000,-0.33479,0.82728,0,0.05521,0.02871
7.4543,-0.04790,-0.02614,0.04099,0.02133,-0.10427,-0.05432,-0.00541,-0.00000,0.00000,0.00000,0.00000,0.00000,0.00000,-0.33480,0.82726,0,0.05521,0.02871
7.4563,-0.04790,-0.02614,0.04078,0.02122,-0.10495,-0.05467,-0.00541,-0.00000,0.00000,0.00000,0.00000,0.00000,0.00000,-0.33482,0.82728,0,0.05521,0.02871
7.4583,-0.04790,-0.02614,0.04057,0.02111,-0.10563,-0.05502,-0.00541,-0.00000,0.00000,0.00000,0.00000,0.00000,0.00000,-0.33478,0.82729,0,0.05521,0.02871
7.4603,-0.04790,-0.02614,0.04035,0.02100,-0.10630,-0.05538,-0.00541,-0.00000,0.00000,0.00000,0.00000,0.00000,0.00000,-0.33478,0.82729,0,0.05521,0.02871
7.4623,-0.04790,-0.02614,0.04014,0.02089,-0.10698,-0.05573,-0.00541,-0.00000,0.00000,0.00000,0.00000,0.00000,0.00000,-0.33478,0.82730,0,0.05521,0.02871
7.4643,-0.04790,-0.02614,0.03993,0.02078,-0.10764,-0.05607,-0.00541,-0.00000,0.00000,0.00000,0.00000,0.00000,0.00000,-0.33482,0.82729,0,0.05521,0.02871
7.4663,-0.04790,-0.02614,0.03971,0.02067,-0.10831,-0.05642,-0.00541,-0.00000,0.00000,0.00000,0.00000,0.00000,0.00000,-0.33477,0.82730,0,0.05521,0.02871
7.4683,-0.04790,-0.02614,0.03949,0.02055,-0.10897,-0.05676,-0.00541,-0.00000,0.00000,0.00000,0.00000,0.00000,0.00000,-0.33477,0.82730,0,0.05521,0.02871
7.4703,-0.04790,-0.02614,0.03928,0.02044,-0.10963,-0.05711,-0.00541,-0.00000,0.00000,0.00000,0.00000,0.00000,0.00000,-0.33479,0.82729,0,0.05521,0.02871
7.4723,-0.04790,-0.02614,0.03906,0.02033,-0.11028,-0.05745,-0.00541,-0.00000,0.00000,0.00000,0.00000,0.00000,0.00000,-0.33474,0.82731,0,0.05521,0.02871
7.4743,-0.04790,-0.02614,0.03883,0.02021,-0.11093,-0.05778,-0.00541,-0.00000,0.00000,0.00000,0.00000,0.00000,0.00000,-0.33479,0.82729,0,0.05521,0.02871
7.4763,-0.04790,-0.02614,0.03861,0.02010,-0.11158,-0.05812,-0.00541,-0.00000,0.00000,0.00000,0.00000,0.00000,0.00000,-0.33479,0.82729,0,0.05521,0.02871
7.4783,-0.04790,-0.02614,0.03839,0.01998,-0.11222,-0.05846,-0.00541,-0.00000,0.00000,0.00000,0.00000,0.00000,0.00000,-0.33477,0.82731,0,0.05521,0.02871
7.4803,-0.04790,-0.02614,0.03816,0.01986,-0.11286,-0.05879,-0.00541,-0.00000,0.00000,0.00000,0.00000,0.00000,0.00000,-0.33481,0.82726,0,0.05521,0.02871
7.4823,-0.04774,-0.02639,0.04463,0.02326,-0.09084,-0.04723,-0.00841,-0.00000,0.00000,0.00000,0.00000,0.00000,0.00000,-0.33480,0.82729,0,0.05518,0.02878
7.4843,-0.04774,-0.02639,0.04445,0.02316,-0.09159,-0.04762,-0.00841,-0.00000,0.00000,0.00000,0.00000,0.00000,0.00000,-0.33477,0.82727,0,0.05518,0.02878
7.4863,-0.04774,-0.02639,0.04426,0.02307,-0.09233,-0.04800,-0.00841,-0.00000,0.00000,0.00000,0.00000,0.00000,0.00000,-0.33480,0.82725,0,0.05518,0.02878
7.4883,-0.04774,-0.02639,0.04408,0.02297,-0.09307,-0.04839,-0.00841,-0.00000,0.00000,0.00000,0.00000,0.00000,0.00000,-0.33477,0.82726,0,0.05518,0.02878
7.4903,-0.04774,-0.02639,0.04389,0.02287,-0.09380,-0.04877,-0.00841,-0.00000,0.00000,0.00000,0.00000,0.00000,0.00000,-0.33479,0.82725,0,0.05518,0.02878
7.4923,-0.04774,-0.02639,0.04370,0.02278,-0.09453,-0.04915,-0.00841,-0.00000,0.00000,0.00000,0.00000,0.00000,0.00000,-0.33478,0.82727,0,0.05518,0.02878
7.4943,-0.04774,-0.02639,0.04351,0.02268,-0.09526,-0.04953,-0.00841,-0.00000,0.00000,0.00000,0.00000,0.00000,0.00000,-0.33478,0.82727,0,0.05518,0.02878
7.4963,-0.04774,-0.02639,0.04332,0.02258,-0.09599,-0.04991,-0.00841,-0.00000,0.00000,0.00000,0.00000,0.00000,0.00000,-0.33478,0.82729,0,0.05518,0.02878
7.4983,-0.04774,-0.02639,0.04313,0.02248,-0.09671,-0.05029,-0.00841,-0.00000,0.00000,0.00000,0.00000,0.00000,0.00000,-0.33476,0.82728,0,0.05518,0.02878
7.5003,-0.04774,-0.02639,0.04294,0.02238,-0.09743,-0.05066,-0.00841,-0.00000,0.00000,0.00000,0.00000,0.00000,0.00000,-0.33476,0.82728,0,0.05518,0.02878
7.5023,-0.04774,-0.02639,0.04274,0.02227,-0.09814,-0.05103,-0.00841,-0.00000,0.00000,0.00000,0.00000,0.00000,0.00000,-0.33475,0.82731,0,0.05518,0.02878
7.5043,-0.04774,-0.02639,0.04254,0.02217,-0.09886,-0.05140,-0.00841,-0.00000,0.00000,0.00000,0.00000,0.00000,0.00000,-0.33484,0.82727,0,0.05518,0.02878
7.5063,-0.04774,-0.02639,0.04234,0.02207,-0.09957,-0.05177,-0.00841,-0.00000,0.00000,0.00000,0.00000,0.00000,0.00000,-0.33473,0.82729,0,0.05518,0.02878
7.5083,-0.04774,-0.02639,0.04214,0.02196,-0.10027,-0.05214,-0.00841,-0.00000,0.00000,0.00000,0.00000,0.00000,0.00000,-0.33478,0.82727,0,0.05518,0.02878
7.5103,-0.04774,-0.02639,0.04194,0.02186,-0.10097,-0.05251,-0.00841,-0.00000,0.00000,0.00000,0.00000,0.00000,0.00000,-0.33480,0.82727,0,0.05518,0.02878
7.5123,-0.04774,-0.02639,0.04174,0.02175,-0.10167,-0.05287,-0.00841,-0.00000,0.00000,0.00000,0.00000,0.00000,0.00000,-0.33479,0.82724,0,0.05518,0.02878
7.5143,-0.04774,-0.02639,0.04154,0.02165,-0.10237,-0.05324,-0.00841,-0.00000,0.00000,0.00000,0.00000,0.00000,0.00000,-0.33480,0.82730,0,0.05518,0.02878
7.5165,-0.04774,-0.02639,0.04133,0.02154,-0.10306,-0.05360,-0.00841,-0.00000,0.00000,0.00000,0.00000,0.00000,0.00000,-0.33482,0.82728,0,0.05518,0.02878
7.5185,-0.04774,-0.02639,0.04112,0.02143,-0.10375,-0.05395,-0.00841,-0.00000,0.00000,0.00000,0.00000,0.00000,0.00000,-0.33480,0.82727,0,0.05518,0.02878
7.5205,-0.04774,-0.02639,0.04092,0.02133,-0.10443,-0.05431,-0.00841,-0.00000,0.00000,0.00000,0.00000,0.00000,0.00000,-0.33478,0.82731,0,0.05518,0.02878
7.5225,-0.04774,-0.02639,0.04071,0.02122,-0.10512,-0.05467,-0.00841,-0.00000,0.00000,0.00000,0.00000,0.00000,0.00000,-0.33481,0.82728,0,0.05518,0.02878
7.5245,-0.04774,-0.02639,0.04050,0.02111,-0.10579,-0.05502,-0.00841,-0.00000,0.00000,0.00000,0.00000,0.00000,0.00000,-0.33480,0.82725,0,0.05518,0.02878
7.5265,-0.04774,-0.02639,0.04028,0.02100,-0.10647,-0.05537,-0.00841,-0.00000,0.00000,0.00000,0.00000,0.00000,0.00000,-0.33483,0.82729,0,0.05518,0.02878
7.5285,-0.04774,-0.02639,0.04007,0.02089,-0.10714,-0.05572,-0.00841,-0.00000,0.00000,0.00000,0.00000,0.00000,0.00000,-0.33478,0.82727,0,0.05518,0.02878
7.5305,-0.04774,-0.02639,0.03985,0.02077,-0.10781,-0.05607,-0.00841,-0.00000,0.00000,0.00000,0.00000,0.00000,0.00000,-0.33477,0.82731,0,0.05518,0.02878
7.5325,-0.04774,-0.02639,0.03964,0.02066,-0.10847,-0.05642,-0.00841,-0.00000,0.00000,0.00000,0.00000,0.00000,0.00000,-0.33479,0.82729,0,0.05518,0.02878
7.5345,-0.04774,-0.02639,0.03942,0.02055,-0.10913,-0.05676,-0.00841,-0.00000,0.00000,0.00000,0.00000,0.00000,0.00000,-0.33480,0.82730,0,0.05518,0.02878
7.5365,-0.04774,-0.02639,0.03920,0.02043,-0.10979,-0.05710,-0.00841,-0.00000,0.00000,0.00000,0.00000,0.00000,0.00000,-0.33481,0.82728,0,0.05518,0.02878
7.5385,-0.04774,-0.02639,0.03898,0.02032,-0.11044,-0.05744,-0.00841,-0.00000,0.00000,0.00000,0.00000,0.00000,0.00000,-0.33479,0.82729,0,0.05518,0.02878
7.5405,-0.04774,-0.02639,0.03876,0.02020,-0.11109,-0.05778,-0.00841,-0.00000,0.00000,0.00000,0.00000,0.00000,0.00000,-0.33479,0.82725,0,0.05518,0.02878
7.5425,-0.04774,-0.02639,0.03854,0.02009,-0.11173,-0.05812,-0.00841,-0.00000,0.00000,0.00000,0.00000,0.00000,0.00000,-0.33481,0.82729,0,0.05518,0.02878
7.5445,-0.04774,-0.02639,0.03831,0.01997,-0.11238,-0.05845,-0.00841,-0.00000,0.00000,0.00000,0.00000,0.00000,0.00000,-0.33475,0.82728,0,0.05518,0.02878
7.5465,-0.04774,-0.02639,0.03809,0.01986,-0.11301,-0.05878,-0.00841,-0.00000,0.00000,0.00000,0.00000,0.00000,0.00000,-0.33474,0.82726,0,0.05518,0.02878
7.5485,-0.04774,-0.02639,0.03786,0.01974,-0.11365,-0.05911,-0.00841,-0.00000,0.00000,0.00000,0.00000,0.00000,0.00000,-0.33482,0.82724,0,0.05518,0.02878
7.5505,-0.04801,-0.02628,0.04465,0.02320,-0.09059,-0.04736,-0.00829,-0.00000,0.00000,0.00000,0.00000,0.00000,0.00000,-0.33477,0.82727,0,0.05541,0.02873
7.5525,-0.04801,-0.02628,0.04446,0.02310,-0.09133,-0.04775,-0.00829,-0.00000,0.00000,0.00000,0.00000,0.00000,0.00000,-0.33480,0.82727,0,0.05541,0.02873
7.5545,-0.04801,-0.02628,0.04428,0.02300,-0.09207,-0.04813,-0.00829,-0.00000,0.00000,0.00000,0.00000,0.00000,0.00000,-0.33482,0.82730,0,0.05541,0.02873
7.5565,-0.04801,-0.02628,0.04410,0.02291,-0.09281,-0.04851,-0.00829,-0.00000,0.00000,0.00000,0.00000,0.00000,0.00000,-0.33477,0.82730,0,0.05541,0.02873
7.5585,-0.04801,-0.02628,0.04391,0.02281,-0.09355,-0.04890,-0.00829,-0.00000,0.00000,0.00000,0.00000,0.00000,0.00000,-0.33475,0.82725,0,0.05541,0.02873
7.5605,-0.04801,-0.02628,0.04372,0.02271,-0.09428,-0.04928,-0.00829,-0.00000,0.00000,0.00000,0.00000,0.00000,0.00000,-0.33480,0.82727,0,0.05541,0.02873
7.5625,-0.04801,-0.02628,0.04353,0.02261,-0.09501,-0.04966,-0.00829,-0.00000,0.00000,0.00000,0.00000,0.00000,0.00000,-0.33481,0.82729,0,0.05541,0.02873
7.5645,-0.04801,-0.02628,0.04334,0.02251,-0.09573,-0.05003,-0.00829,-0.00000,0.00000,0.00000,0.00000,0.00000,0.00000,-0.33479,0.82727,0,0.05541,0.02873
7.5665,-0.04801,-0.02628,0.04315,0.02241,-0.09646,-0.05041,-0.00829,-0.00000,0.00000,0.00000,0.00000,0.00000,0.00000,-0.33477,0.82727,0,0.05541,0.02873
7.5685,-0.04801,-0.02628,0.04295,0.02231,-0.09718,-0.05078,-0.00829,-0.00000,0.00000,0.00000,0.00000,0.00000,0.00000,-0.33481,0.82726,0,0.05541,0.02873
7.5705,-0.04801,-0.02628,0.04276,0.02221,-0.09789,-0.05115,-0.00829,-0.00000,0.00000,0.00000,0.00000,0.00000,0.00000,-0.33478,0.82731,0,0.05541,0.02873
7.5725,-0.04801,-0.02628,0.04256,0.02211,-0.09861,-0.05152,-0.00829,-0.00000,0.00000,0.00000,0.00000,0.00000,0.00000,-0.33474,0.82724,0,0.05541,0.02873
7.5745,-0.04801,-0.02628,0.04237,0.02200,-0.09931,-0.05189,-0.00829,-0.00000,0.00000,0.00000,0.00000,0.00000,0.00000,-0.33481,0.82727,0,0.05541,0.02873
7.5766,-0.04801,-0.02628,0.04217,0.02190,-0.10002,-0.05226,-0.00829,-0.00000,0.00000,0.00000,0.00000,0.00000,0.00000,-0.33480,0.82728,0,0.05541,0.02873
7.5786,-0.04801,-0.02628,0.04197,0.02179,-0.10072,-0.05262,-0.00829,-0.00000,0.00000,0.00000,0.00000,0.00000,0.00000,-0.33480,0.82728,0,0.05541,0.02873
7.5806,-0.04801,-0.02628,0.04176,0.02169,-0.10142,-0.05299,-0.00829,-0.00000,0.00000,0.00000,0.00000,0.00000,0.00000,-0.33480,0.82730,0,0.05541,0.02873
7.5826,-0.04801,-0.02628,0.04156,0.02158,-0.10212,-0.05335,-0.00829,-0.00000,0.00000,0.00000,0.00000,0.00000,0.00000,-0.33478,0.82730,0,0.05541,0.02873
7.5846,-0.04801,-0.02628,0.04135,0.02148,-0.10281,-0.05371,-0.00829,-0.00000,0.00000,0.00000,0.00000,0.00000,0.00000,-0.33479,0.82726,0,0.05541,0.02873
7.5866,-0.04801,-0.02628,0.04115,0.02137,-0.10350,-0.05407,-0.00829,-0.00000,0.00000,0.00000,0.00000,0.00000,0.00000,-0.33479,0.82727,0,0.05541,0.02873
7.5886,-0.04801,-0.02628,0.04094,0.02126,-0.10419,-0.05442,-0.00829,-0.00000,0.00000,0.00000,0.00000,0.00000,0.00000,-0.33477,0.82729,0,0.05541,0.02873
7.5906,-0.04801,-0.02628,0.04073,0.02115,-0.10487,-0.05478,-0.00829,-0.00000,0.00000,0.00000,0.00000,0.00000,0.00000,-0.33480,0.82725,0,0.05541,0.02873
7.5926,-0.04801,-0.02628,0.04052,0.02104,-0.10555,-0.05513,-0.00829,-0.00000,0.00000,0.00000,0.00000,0.00000,0.00000,-0.33482,0.82732,0,0.05541,0.02873
7.5946,-0.04801,-0.02628,0.04031,0.02093,-0.10622,-0.05548,-0.00829,-0.00000,0.00000,0.00000,0.00000,0.00000,0.00000,-0.33475,0.82729,0,0.05541,0.02873
7.5966,-0.04801,-0.02628,0.04010,0.02082,-0.10689,-0.05583,-0.00829,-0.00000,0.00000,0.00000,0.00000,0.00000,0.00000,-0.33478,0.82729,0,0.05541,0.02873
7.5986,-0.04801,-0.02628,0.03988,0.02071,-0.10756,-0.05617,-0.00829,-0.00000,0.00000,0.00000,0.00000,0.00000,0.00000,-0.33481,0.82729,0,0.05541,0.02873
7.6006,-0.04801,-0.02628,0.03967,0.02059,-0.10823,-0.05652,-0.00829,-0.00000,0.00000,0.00000,0.00000,0.00000,0.00000,-0.33477,0.82730,0,0.05541,0.02873
7.6026,-0.04801,-0.02628,0.03945,0.02048,-0.10889,-0.05686,-0.00829,-0.00000,0.00000,0.00000,0.00000,0.00000,0.00000,-0.33480,0.82730,0,0.05541,0.02873
7.6046,-0.04801,-0.02628,0.03923,0.02037,-0.10954,-0.05720,-0.00829,-0.00000,0.00000,0.00000,0.00000,0.00000,0.00000,-0.33478,0.82727,0,0.05541,0.02873
7.6066,-0.04801,-0.02628,0.03901,0.02025,-0.11020,-0.05754,-0.00829,-0.00000,0.00000,0.00000,0.00000,0.00000,0.00000,-0.33482,0.82723,0,0.05541,0.02873
7.6086,-0.04801,-0.02628,0.03879,0.02014,-0.11084,-0.05788,-0.00829,-0.00000,0.00000,0.00000,0.00000,0.00000,0.00000,-0.33479,0.82729,0,0.05541,0.02873
7.6106,-0.04801,-0.02628,0.03857,0.02002,-0.11149,-0.05821,-0.00829,-0.00000,0.00000,0.00000,0.00000,0.00000,0.00000,-0.33479,0.82727,0,0.05541,0.02873
7.6126,-0.04801,-0.02628,0.03834,0.01990,-0.11213,-0.05855,-0.00829,-0.00000,0.00000,0.00000,0.00000,0.00000,0.00000,-0.33479,0.82728,0,0.05541,0.02873
7.6146,-0.04796,-0.02659,0.04476,0.02328,-0.09028,-0.04704,-0.00855,-0.00000,0.00000,0.00000,0.00000,0.00000,0.00000,-0.33477,0.82727,0,0.05532,0.02882
7.6166,-0.04796,-0.02659,0.04458,0.02318,-0.09102,-0.04743,-0.00855,-0.00000,0.00000,0.00000,0.00000,0.00000,0.00000,-0.33477,0.82720,0,0.05532,0.02882
7.6186,-0.04796,-0.02659,0.04439,0.02309,-0.09177,-0.04782,-0.00855,-0.00000,0.00000,0.00000,0.00000,0.00000,0.00000,-0.33477,0.82728,0,0.05532,0.02882
7.6206,-0.04796,-0.02659,0.04421,0.02299,-0.09251,-0.04820,-0.00855,-0.00000,0.00000,0.00000,0.00000,0.00000,0.00000,-0.33477,0.82732,0,0.05532,0.02882
7.6226,-0.04796,-0.02659,0.04402,0.02290,-0.09325,-0.04859,-0.00855,-0.00000,0.00000,0.00000,0.00000,0.00000,0.00000,-0.33480,0.82723,0,0.05532,0.02882
7.6246,-0.04796,-0.02659,0.04384,0.02280,-0.09398,-0.04897,-0.00855,-0.00000,0.00000,0.00000,0.00000,0.00000,0.00000,-0.33479,0.82730,0,0.05532,0.02882
7.6267,-0.04796,-0.02659,0.04365,0.02270,-0.09471,-0.04935,-0.00855,-0.00000,0.00000,0.00000,0.00000,0.00000,0.00000,-0.33477,0.82733,0,0.05532,0.02882
7.6287,-0.04796,-0.02659,0.04346,0.02260,-0.09544,-0.04973,-0.00855,-0.00000,0.00000,0.00000,0.00000,0.00000,0.00000,-0.33475,0.82726,0,0.05532,0.02882
7.6307,-0.04796,-0.02659,0.04327,0.02250,-0.09616,-0.05010,-0.00855,-0.00000,0.00000,0.00000,0.00000,0.00000,0.00000,-0.33477,0.82726,0,0.05532,0.02882
7.6327,-0.04796,-0.02659,0.04307,0.02240,-0.09689,-0.05048,-0.00855,-0.00000,0.00000,0.00000,0.00000,0.00000,0.00000,-0.33479,0.82728,0,0.05532,0.02882
7.6347,-0.04796,-0.02659,0.04288,0.02230,-0.09760,-0.05085,-0.00855,-0.00000,0.00000,0.00000,0.00000,0.00000,0.00000,-0.33480,0.82730,0,0.05532,0.02882
7.6367,-0.04796,-0.02659,0.04268,0.02220,-0.09832,-0.05122,-0.00855,-0.00000,0.00000,0.00000,0.00000,0.00000,0.00000,-0.33479,0.82725,0,0.05532,0.02882
7.6387,-0.04796,-0.02659,0.04249,0.02210,-0.09903,-0.05159,-0.00855,-0.00000,0.00000,0.00000,0.00000,0.00000,0.00000,-0.33477,0.82730,0,0.05532,0.02882
7.6407,-0.04796,-0.02659,0.04229,0.02199,-0.09974,-0.05196,-0.00855,-0.00000,0.00000,0.00000,0.00000,0.00000,0.00000,-0.33480,0.82729,0,0.05532,0.02882
7.6427,-0.04796,-0.02659,0.04209,0.02189,-0.10044,-0.05233,-0.00855,-0.00000,0.00000,0.00000,0.00000,0.00000,0.00000,-0.33479,0.82725,0,0.05532,0.02882
7.6447,-0.04796,-0.02659,0.04188,0.02178,-0.10114,-0.05269,-0.00855,-0.00000,0.00000,0.00000,0.00000,0.00000,0.00000,-0.33482,0.82730,0,0.05532,0.02882
7.6467,-0.04796,-0.02659,0.04168,0.02168,-0.10184,-0.05306,-0.00855,-0.00000,0.00000,0.00000,0.00000,0.00000,0.00000,-0.33475,0.82731,0,0.05532,0.02882
7.6487,-0.04796,-0.02659,0.04148,0.02157,-0.10254,-0.05342,-0.00855,-0.00000,0.00000,0.00000,0.00000,0.00000,0.00000,-0.33481,0.82725,0,0.05532,0.02882
7.6507,-0.04796,-0.02659,0.04127,0.02146,-0.10323,-0.05378,-0.00855,-0.00000,0.00000,0.00000,0.00000,0.00000,0.00000,-0.33479,0.82732,0,0.05532,0.02882
7.6527,-0.04796,-0.02659,0.04106,0.02136,-0.10392,-0.05414,-0.00855,-0.00000,0.00000,0.00000,0.00000,0.00000,0.00000,-0.33480,0.82730,0,0.05532,0.02882
7.6547,-0.04796,-0.02659,0.04086,0.02125,-0.10460,-0.05449,-0.00855,-0.00000,0.00000,0.00000,0.00000,0.00000,0.00000,-0.33482,0.82723,0,0.05532,0.02882
7.6567,-0.04796,-0.02659,0.04065,0.02114,-0.10528,-0.05485,-0.00855,-0.00000,0.00000,0.00000,0.00000,0.00000,0.00000,-0.33481,0.82732,0,0.05532,0.02882
7.6587,-0.04796,-0.02659,0.04043,0.02103,-0.10596,-0.05520,-0.00855,-0.00000,0.00000,0.00000,0.00000,0.00000,0.00000,-0.33481,0.82729,0,0.05532,0.02882
7.6607,-0.04796,-0.02659,0.04022,0.02092,-0.10663,-0.05555,-0.00855,-0.00000,0.00000,0.00000,0.00000,0.00000,0.00000,-0.33482,0.82728,0,0.05532,0.02882
7.6627,-0.04796,-0.02659,0.04001,0.02080,-0.10730,-0.05590,-0.00855,-0.00000,0.00000,0.00000,0.00000,0.00000,0.00000,-0.33480,0.82726,0,0.05532,0.02882
7.6647,-0.04796,-0.02659,0.03979,0.02069,-0.10797,-0.05624,-0.00855,-0.00000,0.00000,0.00000,0.00000,0.00000,0.00000,-0.33476,0.82730,0,0.05532,0.02882
7.6667,-0.04796,-0.02659,0.03958,0.02058,-0.10863,-0.05659,-0.00855,-0.00000,0.00000,0.00000,0.00000,0.00000,0.00000,-0.33478,0.82724,0,0.05532,0.02882
7.6687,-0.04796,-0.02659,0.03936,0.02047,-0.10929,-0.05693,-0.00855,-0.00000,0.00000,0.00000,0.00000,0.00000,0.00000,-0.33479,0.82729,0,0.05532,0.02882
7.6707,-0.04796,-0.02659,0.03914,0.02035,-0.10994,-0.05727,-0.00855,-0.00000,0.00000,0.00000,0.00000,0.00000,0.00000,-0.33481,0.82729,0,0.05532,0.02882
7.6727,-0.04796,-0.02659,0.03892,0.02024,-0.11059,-0.05761,-0.00855,-0.00000,0.00000,0.00000,0.00000,0.00000,0.00000,-0.33480,0.82727,0,0.05532,0.02882
7.6747,-0.04796,-0.02659,0.03870,0.02012,-0.11124,-0.05795,-0.00855,-0.00000,0.00000,0.00000,0.00000,0.00000,0.00000,-0.33477,0.82728,0,0.05532,0.02882
7.6767,-0.04796,-0.02659,0.03847,0.02001,-0.11189,-0.05828,-0.00855,-0.00000,0.00000,0.00000,0.00000,0.00000,0.00000,-0.33480,0.82730,0,0.05532,0.02882
7.6787,-0.04796,-0.02659,0.03825,0.01989,-0.11253,-0.05861,-0.00855,-0.00000,0.00000,0.00000,0.00000,0.00000,0.00000,-0.33478,0.82730,0,0.05532,0.02882
7.6807,-0.04796,-0.02659,0.03802,0.01977,-0.11316,-0.05894,-0.00855,-0.00000,0.00000,0.00000,0.00000,0.00000,0.00000,-0.33479,0.82731,0,0.05532,0.02882
7.6828,-0.04780,-0.02633,0.04479,0.02328,-0.08990,-0.04687,-0.01159,-0.00000,0.00000,0.00000,0.00000,0.00000,0.00000,-0.33478,0.82728,0,0.05532,0.02876
7.6848,-0.04780,-0.02633,0.04461,0.02319,-0.09065,-0.04726,-0.01159,-0.00000,0.00000,0.00000,0.00000,0.00000,0.00000,-0.33484,0.82723,0,0.05532,0.02876
7.6868,-0.04780,-0.02633,0.04443,0.02309,-0.09139,-0.04765,-0.01159,-0.00000,0.00000,0.00000,0.00000,0.00000,0.00000,-0.33478,0.82731,0,0.05532,0.02876
7.6888,-0.04780,-0.02633,0.04424,0.02300,-0.09213,-0.04803,-0.01159,-0.00000,0.00000,0.00000,0.00000,0.00000,0.00000,-0.33478,0.82727,0,0.05532,0.02876
7.6908,-0.04780,-0.02633,0.04406,0.02290,-0.09287,-0.04842,-0.01159,-0.00000,0.00000,0.00000,0.00000,0.00000,0.00000,-0.33481,0.82726,0,0.05532,0.02876
7.6928,-0.04780,-0.02633,0.04387,0.02280,-0.09361,-0.04880,-0.01159,-0.00000,0.00000,0.00000,0.00000,0.00000,0.00000,-0.33479,0.82728,0,0.05532,0.02876
7.6948,-0.04780,-0.02633,0.04368,0.02271,-0.09434,-0.04918,-0.01159,-0.00000,0.00000,0.00000,0.00000,0.00000,0.00000,-0.33478,0.82729,0,0.05532,0.02876
7.6968,-0.04780,-0.02633,0.04349,0.02261,-0.09507,-0.04956,-0.01159,-0.00000,0.00000,0.00000,0.00000,0.00000,0.00000,-0.33478,0.82729,0,0.05532,0.02876
7.6988,-0.04780,-0.02633,0.04330,0.02251,-0.09579,-0.04993,-0.01159,-0.00000,0.00000,0.00000,0.00000,0.00000,0.00000,-0.33483,0.82728,0,0.05532,0.02876
7.7009,-0.04780,-0.02633,0.04311,0.02241,-0.09651,-0.05031,-0.01159,-0.00000,0.00000,0.00000,0.00000,0.00000,0.00000,-0.33482,0.82724,0,0.05532,0.02876
7.7029,-0.04780,-0.02633,0.04292,0.02231,-0.09723,-0.05068,-0.01159,-0.00000,0.00000,0.00000,0.00000,0.00000,0.00000,-0.33481,0.82725,0,0.05532,0.02876
7.7049,-0.04780,-0.02633,0.04272,0.02220,-0.09795,-0.05105,-0.01159,-0.00000,0.00000,0.00000,0.00000,0.00000,0.00000,-0.33476,0.82732,0,0.05532,0.02876
7.7069,-0.04780,-0.02633,0.04253,0.02210,-0.09866,-0.05142,-0.01159,-0.00000,0.00000,0.00000,0.00000,0.00000,0.00000,-0.33475,0.82731,0,0.05532,0.02876
7.7089,-0.04780,-0.02633,0.04233,0.02200,-0.09937,-0.05179,-0.01159,-0.00000,0.00000,0.00000,0.00000,0.00000,0.00000,-0.33479,0.82728,0,0.05532,0.02876
7.7109,-0.04780,-0.02633,0.04213,0.02189,-0.10008,-0.05216,-0.01159,-0.00000,0.00000,0.00000,0.00000,0.00000,0.00000,-0.33474,0.82731,0,0.05532,0.02876
7.7129,-0.04780,-0.02633,0.04193,0.02179,-0.10078,-0.05252,-0.01159,-0.00000,0.00000,0.00000,0.00000,0.00000,0.00000,-0.33476,0.82729,0,0.05532,0.02876
7.7150,-0.04780,-0.02633,0.04172,0.02168,-0.10148,-0.05289,-0.01159,-0.00000,0.00000,0.00000,0.00000,0.00000,0.00000,-0.33475,0.82727,0,0.05532,0.02876
7.7170,-0.04780,-0.02633,0.04152,0.02158,-0.10217,-0.05325,-0.01159,-0.00000,0.00000,0.00000,0.00000,0.00000,0.00000,-0.33479,0.82727,0,0.05532,0.02876
7.7190,-0.04780,-0.02633,0.04132,0.02147,-0.10286,-0.05361,-0.01159,-0.00000,0.00000,0.00000,0.00000,0.00000,0.00000,-0.33480,0.82729,0,0.05532,0.02876
7.7210,-0.04780,-0.02633,0.04111,0.02136,-0.10355,-0.05397,-0.01159,-0.00000,0.00000,0.00000,0.00000,0.00000,0.00000,-0.33479,0.82730,0,0.05532,0.02876
7.7230,-0.04780,-0.02633,0.04090,0.02126,-0.10424,-0.05432,-0.01159,-0.00000,0.00000,0.00000,0.00000,0.00000,0.00000,-0.33479,0.82730,0,0.05532,0.02876
7.7250,-0.04780,-0.02633,0.04069,0.02115,-0.10492,-0.05468,-0.01159,-0.00000,0.00000,0.00000,0.00000,0.00000,0.00000,-0.33481,0.82729,0,0.05532,0.02876
7.7270,-0.04780,-0.02633,0.04048,0.02104,-0.10560,-0.05503,-0.01159,-0.00000,0.00000,0.00000,0.00000,0.00000,0.00000,-0.33478,0.82731,0,0.05532,0.02876
7.7290,-0.04780,-0.02633,0.04027,0.02093,-0.10627,-0.05538,-0.01159,-0.00000,0.00000,0.00000,0.00000,0.00000,0.00000,-0.33477,0.82727,0,0.05532,0.02876
7.7310,-0.04780,-0.02633,0.04006,0.02082,-0.10694,-0.05573,-0.01159,-0.00000,0.00000,0.00000,0.00000,0.00000,0.00000,-0.33477,0.82727,0,0.05532,0.02876
7.7330,-0.04780,-0.02633,0.03984,0.02070,-0.10761,-0.05607,-0.01159,-0.00000,0.00000,0.00000,0.00000,0.00000,0.00000,-0.33476,0.82731,0,0.05532,0.02876
7.7350,-0.04780,-0.02633,0.03963,0.02059,-0.10827,-0.05642,-0.01159,-0.00000,0.00000,0.00000,0.00000,0.00000,0.00000,-0.33480,0.82731,0,0.05532,0.02876
7.7370,-0.04780,-0.02633,0.03941,0.02048,-0.10893,-0.05676,-0.01159,-0.00000,0.00000,0.00000,0.00000,0.00000,0.00000,-0.33478,0.82731,0,0.05532,0.02876
7.7390,-0.04780,-0.02633,0.03919,0.02036,-0.10959,-0.05710,-0.01159,-0.00000,0.00000,0.00000,0.00000,0.00000,0.00000,-0.33477,0.82732,0,0.05532,0.02876
7.7410,-0.04780,-0.02633,0.03897,0.02025,-0.11024,-0.05744,-0.01159,-0.00000,0.00000,0.00000,0.00000,0.00000,0.00000,-0.33482,0.82727,0,0.05532,0.02876
7.7430,-0.04780,-0.02633,0.03875,0.02013,-0.11089,-0.05778,-0.01159,-0.00000,0.00000,0.00000,0.00000,0.00000,0.00000,-0.33477,0.82730,0,0.05532,0.02876
7.7450,-0.04780,-0.02633,0.03853,0.02002,-0.11153,-0.05811,-0.01159,-0.00000,0.00000,0.00000,0.00000,0.00000,0.00000,-0.33477,0.82728,0,0.05532,0.02876
7.7471,-0.04780,-0.02633,0.03830,0.01990,-0.11218,-0.05845,-0.00914,-0.00000,0.00000,0.00000,0.00000,0.00000,0.00000,-0.33480,0.82728,0,0.05546,0.02879
7.7491,-0.04806,-0.02635,0.04495,0.02334,-0.08936,-0.04664,-0.00914,-0.00000,0.00000,0.00000,0.00000,0.00000,0.00000,-0.33478,0.82728,0,0.05546,0.02879
7.7511,-0.04806,-0.02635,0.04477,0.02325,-0.09011,-0.04703,-0.00914,-0.00000,0.00000,0.00000,0.00000,0.00000,0.00000,-0.33481,0.82727,0,0.05546,0.02879
7.7531,-0.04806,-0.02635,0.04459,0.02315,-0.09086,-0.04742,-0.00914,-0.00000,0.00000,0.00000,0.00000,0.00000,0.00000,-0.33479,0.82727,0,0.05546,0.02879
7.7551,-0.04806,-0.02635,0.04441,0.02306,-0.09160,-0.04781,-0.00914,-0.00000,0.00000,0.00000,0.00000,0.00000,0.00000,-0.33479,0.82726,0,0.05546,0.02879
7.7571,-0.04806,-0.02635,0.04423,0.02296,-0.09234,-0.04819,-0.00914,-0.00000,0.00000,0.00000,0.00000,0.00000,0.00000,-0.33481,0.82726,0,0.05546,0.02879
7.7591,-0.04806,-0.02635,0.04404,0.02287,-0.09308,-0.04857,-0.00914,-0.00000,0.00000,0.00000,0.00000,0.00000,0.00000,-0.33480,0.82727,0,0.05546,0.02879
7.7611,-0.04806,-0.02635,0.04385,0.02277,-0.09381,-0.04895,-0.00914,-0.00000,0.00000,0.00000,0.00000,0.00000,0.00000,-0.33480,0.82725,0,0.05546,0.02879
7.7631,-0.04806,-0.02635,0.04366,0.02267,-0.09454,-0.04933,-0.00914,-0.00000,0.00000,0.00000,0.00000,0.00000,0.00000,-0.33478,0.82726,0,0.05546,0.02879
7.7651,-0.04806,-0.02635,0.04348,0.02257,-0.09527,-0.04971,-0.00914,-0.00000,0.00000,0.00000,0.00000,0.00000,0.00000,-0.33477,0.82729,0,0.05546,0.02879
7.7671,-0.04806,-0.02635,0.04328,0.02247,-0.09600,-0.05009,-0.00914,-0.00000,0.00000,0.00000,0.00000,0.00000,0.00000,-0.33479,0.82729,0,0.05546,0.02879
7.7691,-0.04806,-0.02635,0.04309,0.02237,-0.09672,-0.05046,-0.00914,-0.00000,0.00000,0.00000,0.00000,0.00000,0.00000,-0.33479,0.82731,0,0.05546,0.02879
7.7711,-0.04806,-0.02635,0.04290,0.02227,-0.09744,-0.05084,-0.00914,-0.00000,0.00000,0.00000,0.00000,0.00000,0.00000,-0.33479,0.82727,0,0.05546,0.02879
7.7731,-0.04806,-0.02635,0.04270,0.02217,-0.09815,-0.05121,-0.00914,-0.00000,0.00000,0.00000,0.00000,0.00000,0.00000,-0.33478,0.82729,0,0.05546,0.02879
7.7751,-0.04806,-0.02635,0.04250,0.02206,-0.09886,-0.05158,-0.00914,-0.00000,0.00000,0.00000,0.00000,0.00000,0.00000,-0.33481,0.82729,0,0.05546,0.02879
7.7771,-0.04806,-0.02635,0.04231,0.02196,-0.09957,-0.05194,-0.00914,-0.00000,0.00000,0.00000,0.00000,0.00000,0.00000,-0.33477,0.82731,0,0.05546,0.02879
7.7791,-0.04806,-0.02635,0.04211,0.02186,-0.10028,-0.05231,-0.00914,-0.00000,0.00000,0.00000,0.00000,0.00000,0.00000,-0.33480,0.82731,0,0.05546,0.02879
7.7811,-0.04806,-0.02635,0.04190,0.02175,-0.10098,-0.05267,-0.00914,-0.00000,0.00000,0.00000,0.00000,0.00000,0.00000,-0.33478,0.82732,0,0.05546,0.02879
7.7831,-0.04806,-0.02635,0.04170,0.02165,-0.10168,-0.05304,-0.00914,-0.00000,0.00000,0.00000,0.00000,0.00000,0.00000,-0.33478,0.82731,0,0.05546,0.02879
7.7851,-0.04806,-0.02635,0.04150,0.02154,-0.10237,-0.05340,-0.00914,-0.00000,0.00000,0.00000,0.00000,0.00000,0.00000,-0.33475,0.82730,0,0.05546,0.02879
7.7871,-0.04806,-0.02635,0.04129,0.02143,-0.10306,-0.05376,-0.00914,-0.00000,0.00000,0.00000,0.00000,0.00000,0.00000,-0.33480,0.82726,0,0.05546,0.02879
7.7891,-0.04806,-0.02635,0.04109,0.02132,-0.10375,-0.05411,-0.00914,-0.00000,0.00000,0.00000,0.00000,0.00000,0.00000,-0.33480,0.82731,0,0.05546,0.02879
7.7911,-0.04806,-0.02635,0.04088,0.02122,-0.10444,-0.05447,-0.00914,-0.00000,0.00000,0.00000,0.00000,0.00000,0.00000,-0.33477,0.82731,0,0.05546,0.02879
7.7931,-0.04806,-0.02635,0.04067,0.02111,-0.10512,-0.05482,-0.00914,-0.00000,0.00000,0.00000,0.00000,0.00000,0.00000,-0.33478,0.82728,0,0.05546,0.02879
7.7951,-0.04806,-0.02635,0.04046,0.02100,-0.10580,-0.05517,-0.00914,-0.00000,0.00000,0.00000,0.00000,0.00000,0.00000,-0.33481,0.82728,0,0.05546,0.02879
7.7971,-0.04806,-0.02635,0.04024,0.02089,-0.10647,-0.05552,-0.00914,-0.00000,0.00000,0.00000,0.00000,0.00000,0.00000,-0.33479,0.82730,0,0.05546,0.02879
7.7991,-0.04806,-0.02635,0.04003,0.02077,-0.10714,-0.05587,-0.00914,-0.00000,0.00000,0.00000,0.00000,0.00000,0.00000,-0.33476,0.82725,0,0.05546,0.02879
7.8011,-0.04806,-0.02635,0.03982,0.02066,-0.10781,-0.05622,-0.00914,-0.00000,0.00000,0.00000,0.00000,0.00000,0.00000,-0.33482,0.82728,0,0.05546,0.02879
7.8031,-0.04806,-0.02635,0.03960,0.02055,-0.10847,-0.05656,-0.00914,-0.00000,0.00000,0.00000,0.00000,0.00000,0.00000,-0.33477,0.82728,0,0.05546,0.02879
7.8051,-0.04806,-0.02635,0.03938,0.02044,-0.10913,-0.05690,-0.00914,-0.00000,0.00000,0.00000,0.00000,0.00000,0.00000,-0.33479,0.82729,0,0.05546,0.02879
7.8071,-0.04806,-0.02635,0.03916,0.02032,-0.10978,-0.05724,-0.00914,-0.00000,0.00000,0.00000,0.00000,0.00000,0.00000,-0.33481,0.82727,0,0.05546,0.02879
7.8091,-0.04806,-0.02635,0.03894,0.02021,-0.11044,-0.05758,-0.00914,-0.00000,0.00000,0.00000,0.00000,0.00000,0.00000,-0.33475,0.82733,0,0.05546,0.02879
7.8111,-0.04806,-0.02635,0.03872,0.02009,-0.11108,-0.05792,-0.00914,-0.00000,0.00000,0.00000,0.00000,0.00000,0.00000,-0.33480,0.82729,0,0.05546,0.02879
7.8131,-0.05588,-0.02117,0.04486,0.02333,-0.09011,-0.04685,-0.00391,-0.00000,0.00000,0.00000,0.00000,0.00000,0.00000,-0.33480,0.82728,0,0.05525,0.02879
7.8151,-0.05588,-0.02117,0.04468,0.02324,-0.09086,-0.04723,-0.00391,-0.00000,0.00000,0.00000,0.00000,0.00000,0.00000,-0.33482,0.82727,0,0.05525,0.02879
7.8171,-0.05588,-0.02117,0.04450,0.02314,-0.09160,-0.04762,-0.00391,-0.00000,0.00000,0.00000,0.00000,0.00000,0.00000,-0.33478,0.82727,0,0.05525,0.02879
7.8191,-0.05588,-0.02117,0.04431,0.02305,-0.09234,-0.04801,-0.00391,-0.00000,0.00000,0.00000,0.00000,0.00000,0.00000,-0.33476,0.82731,0,0.05525,0.02879
7.8211,-0.05588,-0.02117,0.04413,0.02295,-0.09308,-0.04839,-0.00391,-0.00000,0.00000,0.00000,0.00000,0.00000,0.00000,-0.33476,0.82726,0,0.05525,0.02879
7.8231,-0.05588,-0.02117,0.04394,0.02285,-0.09382,-0.04878,-0.00391,-0.00000,0.00000,0.00000,0.00000,0.00000,0.00000,-0.33476,0.82727,0,0.05525,0.02879
7.8252,-0.05588,-0.02117,0.04375,0.02276,-0.09455,-0.04916,-0.00391,-0.00000,0.00000,0.00000,0.00000,0.00000,0.00000,-0.33477,0.82726,0,0.05525,0.02879
7.8272,-0.05588,-0.02117,0.04356,0.02266,-0.09528,-0.04954,-0.00391,-0.00000,0.00000,0.00000,0.00000,0.00000,0.00000,-0.33477,0.82728,0,0.05525,0.02879
7.8292,-0.05588,-0.02117,0.04337,0.02256,-0.09601,-0.04991,-0.00391,-0.00000,0.00000,0.00000,0.00000,0.00000,0.00000,-0.33480,0.82725,0,0.05525,0.02879
7.8312,-0.05588,-0.02117,0.04318,0.02246,-0.09673,-0.05029,-0.00391,-0.00000,0.00000,0.00000,0.00000,0.00000,0.00000,-0.33477,0.82727,0,0.05525,0.02879
7.8332,-0.05588,-0.02117,0.04299,0.02236,-0.09745,-0.05066,-0.00391,-0.00000,0.00000,0.00000,0.00000,0.00000,0.00000,-0.33477,0.82727,0,0.05525,0.02879
7.8352,-0.05588,-0.02117,0.04279,0.02226,-0.09817,-0.05104,-0.00391,-0.00000,0.00000,0.00000,0.00000,0.00000,0.00000,-0.33478,0.82728,0,0.05525,0.02879
7.8372,-0.05588,-0.02117,0.04259,0.02215,-0.09888,-0.05141,-0.00391,-0.00000,0.00000,0.00000,0.00000,0.00000,0.00000,-0.33482,0.82725,0,0.05525,0.02879
7.8392,-0.05588,-0.02117,0.04239,0.02205,-0.09959,-0.05178,-0.00391,-0.00000,0.00000,0.00000,0.00000,0.00000,0.00000,-0.33476,0.82730,0,0.05525,0.02879
7.8412,-0.05588,-0.02117,0.04219,0.02195,-0.10030,-0.05214,-0.00391,-0.00000,0.00000,0.00000,0.00000,0.00000,0.00000,-0.33478,0.82724,0,0.05525,0.02879
7.8432,-0.05588,-0.02117,0.04199,0.02184,-0.10100,-0.05251,-0.00391,-0.00000,0.00000,0.00000,0.00000,0.00000,0.00000,-0.33478,0.82729,0,0.05525,0.02879
7.8452,-0.05588,-0.02117,0.04179,0.02174,-0.10170,-0.05287,-0.00391,-0.00000,0.00000,0.00000,0.00000,0.00000,0.00000,-0.33478,0.82725,0,0.05525,0.02879
7.8472,-0.05588,-0.02117,0.04159,0.02163,-0.10240,-0.05324,-0.00391,-0.00000,0.00000,0.00000,0.00000,0.00000,0.00000,-0.33477,0.82733,0,0.05525,0.02879
7.8492,-0.05588,-0.02117,0.04138,0.02152,-0.10309,-0.05360,-0.00391,-0.00000,0.00000,0.00000,0.00000,0.00000,0.00000,-0.33477,0.82727,0,0.05525,0.02879
7.8512,-0.05588,-0.02117,0.04117,0.02142,-0.10378,-0.05396,-0.00391,-0.00000,0.00000,0.00000,0.00000,0.00000,0.00000,-0.33477,0.82728,0,0.05525,0.02879
7.8532,-0.05588,-0.02117,0.04097,0.02131,-0.10447,-0.05431,-0.00391,-0.00000,0.00000,0.00000,0.00000,0.00000,0.00000,-0.33482,0.82729,0,0.05525,0.02879
7.8552,-0.05588,-0.02117,0.04076,0.02120,-0.10515,-0.05467,-0.00391,-0.00000,0.00000,0.00000,0.00000,0.00000,0.00000,-0.33484,0.82723,0,0.05525,0.02879
7.8572,-0.05588,-0.02117,0.04055,0.02109,-0.10583,-0.05502,-0.00391,-0.00000,0.00000,0.00000,0.00000,0.00000,0.00000,-0.33469,0.82731,0,0.05525,0.02879
7.8592,-0.05588,-0.02117,0.04033,0.02098,-0.10650,-0.05537,-0.00391,-0.00000,0.00000,0.00000,0.00000,0.00000,0.00000,-0.33476,0.82730,0,0.05525,0.02879
7.8612,-0.05588,-0.02117,0.04012,0.02087,-0.10717,-0.05572,-0.00391,-0.00000,0.00000,0.00000,0.00000,0.00000,0.00000,-0.33476,0.82733,0,0.05525,0.02879
7.8632,-0.05588,-0.02117,0.03990,0.02076,-0.10784,-0.05607,-0.00391,-0.00000,0.00000,0.00000,0.00000,0.00000,0.00000,-0.33477,0.82728,0,0.05525,0.02879
7.8652,-0.05588,-0.02117,0.03969,0.02064,-0.10851,-0.05641,-0.00391,-0.00000,0.00000,0.00000,0.00000,0.00000,0.00000,-0.33477,0.82725,0,0.05525,0.02879
7.8672,-0.05588,-0.02117,0.03947,0.02053,-0.10917,-0.05676,-0.00391,-0.00000,0.00000,0.00000,0.00000,0.00000,0.00000,-0.33482,0.82725,0,0.05525,0.02879
7.8692,-0.05588,-0.02117,0.03925,0.02042,-0.10982,-0.05710,-0.00391,-0.00000,0.00000,0.00000,0.00000,0.00000,0.00000,-0.33480,0.82728,0,0.05525,0.02879
7.8712,-0.05588,-0.02117,0.03903,0.02030,-0.11048,-0.05744,-0.00391,-0.00000,0.00000,0.00000,0.00000,0.00000,0.00000,-0.33479,0.82731,0,0.05525,0.02879
7.8732,-0.05588,-0.02117,0.03881,0.02019,-0.11113,-0.05778,-0.00391,-0.00000,0.00000,0.00000,0.00000,0.00000,0.00000,-0.33481,0.82728,0,0.05525,0.02879
7.8752,-0.05588,-0.02117,0.03859,0.02007,-0.11177,-0.05811,-0.00391,-0.00000,0.00000,0.00000,0.00000,0.00000,0.00000,-0.33476,0.82726,0,0.05525,0.02879
7.8772,-0.05588,-0.02117,0.03836,0.01995,-0.11242,-0.05845,-0.00391,-0.00000,0.00000,0.00000,0.00000,0.00000,0.00000,-0.33475,0.82730,0,0.05525,0.02879
7.8793,-0.05209,-0.02401,0.04491,0.02337,-0.08973,-0.04661,-0.00602,-0.00000,0.00000,0.00000,0.00000,0.00000,0.00000,-0.33476,0.82728,0,0.05539,0.02883
7.8813,-0.05209,-0.02401,0.04473,0.02328,-0.09048,-0.04700,-0.00602,-0.00000,0.00000,0.00000,0.00000,0.00000,0.00000,-0.33482,0.82730,0,0.05539,0.02883
7.8833,-0.05209,-0.02401,0.04455,0.02318,-0.09123,-0.04739,-0.00602,-0.00000,0.00000,0.00000,0.00000,0.00000,0.00000,-0.33480,0.82727,0,0.05539,0.02883
7.8853,-0.05209,-0.02401,0.04436,0.02309,-0.09197,-0.04777,-0.00602,-0.00000,0.00000,0.00000,0.00000,0.00000,0.00000,-0.33477,0.82732,0,0.05539,0.02883
7.8874,-0.05209,-0.02401,0.04418,0.02299,-0.09271,-0.04816,-0.00602,-0.00000,0.00000,0.00000,0.00000,0.00000,0.00000,-0.33481,0.82729,0,0.05539,0.02883
7.8894,-0.05209,-0.02401,0.04399,0.02290,-0.09345,-0.04854,-0.00602,-0.00000,0.00000,0.00000,0.00000,0.00000,0.00000,-0.33479,0.82727,0,0.05539,0.02883
7.8914,-0.05209,-0.02401,0.04381,0.02280,-0.09418,-0.04892,-0.00602,-0.00000,0.00000,0.00000,0.00000,0.00000,0.00000,-0.33475,0.82729,0,0.05539,0.02883
7.8934,-0.05209,-0.02401,0.04362,0.02270,-0.09491,-0.04930,-0.00602,-0.00000,0.00000,0.00000,0.00000,0.00000,0.00000,-0.33482,0.82726,0,0.05539,0.02883
7.8954,-0.05209,-0.02401,0.04343,0.02260,-0.09564,-0.04968,-0.00602,-0.00000,0.00000,0.00000,0.00000,0.00000,0.00000,-0.33481,0.82726,0,0.05539,0.02883
7.8974,-0.05209,-0.02401,0.04323,0.02250,-0.09636,-0.05006,-0.00602,-0.00000,0.00000,0.00000,0.00000,0.00000,0.00000,-0.33479,0.82728,0,0.05539,0.02883
7.8994,-0.05209,-0.02401,0.04304,0.02240,-0.09708,-0.05043,-0.00602,-0.00000,0.00000,0.00000,0.00000,0.00000,0.00000,-0.33481,0.82728,0,0.05539,0.02883
7.9014,-0.05209,-0.02401,0.04285,0.02230,-0.09780,-0.05081,-0.00602,-0.00000,0.00000,0.00000,0.00000,0.00000,0.00000,-0.33482,0.82727,0,0.05539,0.02883
7.9034,-0.05209,-0.02401,0.04265,0.02220,-0.09852,-0.05118,-0.00602,-0.00000,0.00000,0.00000,0.00000,0.00000,0.00000,-0.33484,0.82725,0,0.05539,0.02883
7.9054,-0.05209,-0.02401,0.04245,0.02209,-0.09923,-0.05155,-0.00602,-0.00000,0.00000,0.00000,0.00000,0.00000,0.00000,-0.33477,0.82728,0,0.05539,0.02883
7.9074,-0.05209,-0.02401,0.04225,0.02199,-0.09993,-0.05192,-0.00602,-0.00000,0.00000,0.00000,0.00000,0.00000,0.00000,-0.33479,0.82728,0,0.05539,0.02883
7.9094,-0.05209,-0.02401,0.04205,0.02189,-0.10064,-0.05228,-0.00602,-0.00000,0.00000,0.00000,0.00000,0.00000,0.00000,-0.33479,0.82729,0,0.05539,0.02883
7.9114,-0.05209,-0.02401,0.04185,0.02178,-0.10134,-0.05265,-0.00602,-0.00000,0.00000,0.00000,0.00000,0.00000,0.00000,-0.33479,0.82729,0,0.05539,0.02883
7.9134,-0.05209,-0.02401,0.04165,0.02168,-0.10204,-0.05301,-0.00602,-0.00000,0.00000,0.00000,0.00000,0.00000,0.00000,-0.33481,0.82729,0,0.05539,0.02883
7.9154,-0.05209,-0.02401,0.04144,0.02157,-0.10273,-0.05337,-0.00602,-0.00000,0.00000,0.00000,0.00000,0.00000,0.00000,-0.33476,0.82729,0,0.05539,0.02883
7.9174,-0.05209,-0.02401,0.04124,0.02146,-0.10342,-0.05373,-0.00602,-0.00000,0.00000,0.00000,0.00000,0.00000,0.00000,-0.33478,0.82731,0,0.05539,0.02883
7.9194,-0.05209,-0.02401,0.04103,0.02136,-0.10411,-0.05409,-0.00602,-0.00000,0.00000,0.00000,0.00000,0.00000,0.00000,-0.33474,0.82729,0,0.05539,0.02883
7.9214,-0.05209,-0.02401,0.04082,0.02125,-0.10479,-0.05444,-0.00602,-0.00000,0.00000,0.00000,0.00000,0.00000,0.00000,-0.33479,0.82729,0,0.05539,0.02883
7.9234,-0.05209,-0.02401,0.04061,0.02114,-0.10547,-0.05480,-0.00602,-0.00000,0.00000,0.00000,0.00000,0.00000,0.00000,-0.33477,0.82734,0,0.05539,0.02883
7.9254,-0.05209,-0.02401,0.04040,0.02103,-0.10615,-0.05515,-0.00602,-0.00000,0.00000,0.00000,0.00000,0.00000,0.00000,-0.33480,0.82726,0,0.05539,0.02883
7.9274,-0.05209,-0.02401,0.04019,0.02092,-0.10682,-0.05550,-0.00602,-0.00000,0.00000,0.00000,0.00000,0.00000,0.00000,-0.33478,0.82729,0,0.05539,0.02883
7.9294,-0.05209,-0.02401,0.03997,0.02081,-0.10749,-0.05585,-0.00602,-0.00000,0.00000,0.00000,0.00000,0.00000,0.00000,-0.33479,0.82725,0,0.05539,0.02883
7.9314,-0.05209,-0.02401,0.03976,0.02069,-0.10816,-0.05620,-0.00602,-0.00000,0.00000,0.00000,0.00000,0.00000,0.00000,-0.33474,0.82729,0,0.05539,0.02883
7.9334,-0.05209,-0.02401,0.03954,0.02058,-0.10882,-0.05654,-0.00602,-0.00000,0.00000,0.00000,0.00000,0.00000,0.00000,-0.33478,0.82732,0,0.05539,0.02883
7.9354,-0.05209,-0.02401,0.03932,0.02047,-0.10948,-0.05688,-0.00602,-0.00000,0.00000,0.00000,0.00000,0.00000,0.00000,-0.33482,0.82728,0,0.05539,0.02883
7.9374,-0.05209,-0.02401,0.03910,0.02035,-0.11013,-0.05722,-0.00602,-0.00000,0.00000,0.00000,0.00000,0.00000,0.00000,-0.33477,0.82726,0,0.05539,0.02883
7.9394,-0.05209,-0.02401,0.03888,0.02024,-0.11078,-0.05756,-0.00602,-0.00000,0.00000,0.00000,0.00000,0.00000,0.00000,-0.33479,0.82730,0,0.05539,0.02883
7.9415,-0.05209,-0.02401,0.03866,0.02012,-0.11143,-0.05790,-0.00602,-0.00000,0.00000,0.00000,0.00000,0.00000,0.00000,-0.33477,0.82730,0,0.05539,0.02883
7.9435,-0.05209,-0.02401,0.03843,0.02001,-0.11207,-0.05823,-0.00602,-0.00000,0.00000,0.00000,0.00000,0.00000,0.00000,-0.33476,0.82731,0,0.05539,0.02883
7.9455,-0.05209,-0.02401,0.03821,0.01989,-0.11271,-0.05857,-0.00602,-0.00000,0.00000,0.00000,0.00000,0.00000,0.00000,-0.33481,0.82727,0,0.05539,0.02883
7.9475,-0.05209,-0.02401,0.03798,0.01977,-0.11335,-0.05890,-0.00602,-0.00000,0.00000,0.00000,0.00000,0.00000,0.00000,-0.33480,0.82729,0,0.05539,0.02883
7.9495,-0.05013,-0.02525,0.04486,0.02331,-0.08971,-0.04676,-0.00519,-0.00000,0.00000,0.00000,0.00000,0.00000,0.00000,-0.33478,0.82725,0,0.05545,0.02877
7.9515,-0.05013,-0.02525,0.04468,0.02321,-0.09046,-0.04715,-0.00519,-0.00000,0.00000,0.00000,0.00000,0.00000,0.00000,-0.33480,0.82726,0,0.05545,0.02877
7.9535,-0.05013,-0.02525,0.04450,0.02312,-0.09120,-0.04753,-0.00519,-0.00000,0.00000,0.00000,0.00000,0.00000,0.00000,-0.33478,0.82729,0,0.05545,0.02877
7.9555,-0.05013,-0.02525,0.04432,0.02302,-0.09194,-0.04792,-0.00519,-0.00000,0.00000,0.00000,0.00000,0.00000,0.00000,-0.33478,0.82729,0,0.05545,0.02877
7.9575,-0.05013,-0.02525,0.04413,0.02293,-0.09268,-0.04830,-0.00519,-0.00000,0.00000,0.00000,0.00000,0.00000,0.00000,-0.33478,0.82728,0,0.05545,0.02877
7.9595,-0.05013,-0.02525,0.04395,0.02283,-0.09342,-0.04869,-0.00519,-0.00000,0.00000,0.00000,0.00000,0.00000,0.00000,-0.33477,0.82730,0,0.05545,0.02877
7.9615,-0.05013,-0.02525,0.04376,0.02273,-0.09415,-0.04907,-0.00519,-0.00000,0.00000,0.00000,0.00000,0.00000,0.00000,-0.33478,0.82727,0,0.05545,0.02877
7.9635,-0.05013,-0.02525,0.04357,0.02263,-0.09488,-0.04945,-0.00519,-0.00000,0.00000,0.00000,0.00000,0.00000,0.00000,-0.33478,0.82726,0,0.05545,0.02877
7.9655,-0.05013,-0.02525,0.04338,0.02253,-0.09561,-0.04982,-0.00519,-0.00000,0.00000,0.00000,0.00000,0.00000,0.00000,-0.33482,0.82723,0,0.05545,0.02877
7.9675,-0.05013,-0.02525,0.04319,0.02243,-0.09633,-0.05020,-0.00519,-0.00000,0.00000,0.00000,0.00000,0.00000,0.00000,-0.33479,0.82730,0,0.05545,0.02877
7.9695,-0.05013,-0.02525,0.04300,0.02233,-0.09705,-0.05057,-0.00519,-0.00000,0.00000,0.00000,0.00000,0.00000,0.00000,-0.33477,0.82724,0,0.05545,0.02877
7.9715,-0.05013,-0.02525,0.04280,0.02223,-0.09777,-0.05095,-0.00519,-0.00000,0.00000,0.00000,0.00000,0.00000,0.00000,-0.33475,0.82729,0,0.05545,0.02877
7.9735,-0.05013,-0.02525,0.04261,0.02213,-0.09848,-0.05132,-0.00519,-0.00000,0.00000,0.00000,0.00000,0.00000,0.00000,-0.33477,0.82730,0,0.05545,0.02877
7.9755,-0.05013,-0.02525,0.04241,0.02203,-0.09919,-0.05169,-0.00519,-0.00000,0.00000,0.00000,0.00000,0.00000,0.00000,-0.33478,0.82729,0,0.05545,0.02877
7.9775,-0.05013,-0.02525,0.04221,0.02192,-0.09990,-0.05205,-0.00519,-0.00000,0.00000,0.00000,0.00000,0.00000,0.00000,-0.33478,0.82729,0,0.05545,0.02877
7.9795,-0.05013,-0.02525,0.04201,0.02182,-0.10060,-0.05242,-0.00519,-0.00000,0.00000,0.00000,0.00000,0.00000,0.00000,-0.33479,0.82728,0,0.05545,0.02877
7.9815,-0.05013,-0.02525,0.04181,0.02171,-0.10130,-0.05278,-0.00519,-0.00000,0.00000,0.00000,0.00000,0.00000,0.00000,-0.33477,0.82726,0,0.05545,0.02877
7.9835,-0.05013,-0.02525,0.04160,0.02161,-0.10200,-0.05314,-0.00519,-0.00000,0.00000,0.00000,0.00000,0.00000,0.00000,-0.33477,0.82726,0,0.05545,0.02877
7.9855,-0.05013,-0.02525,0.04140,0.02150,-0.10269,-0.05350,-0.00519,-0.00000,0.00000,0.00000,0.00000,0.00000,0.00000,-0.33479,0.82727,0,0.05545,0.02877
7.9875,-0.05013,-0.02525,0.04119,0.02139,-0.10338,-0.05386,-0.00519,-0.00000,0.00000,0.00000,0.00000,0.00000,0.00000,-0.33480,0.82729,0,0.05545,0.02877
7.9895,-0.05013,-0.02525,0.04098,0.02128,-0.10407,-0.05422,-0.00519,-0.00000,0.00000,0.00000,0.00000,0.00000,0.00000,-0.33478,0.82731,0,0.05545,0.02877
7.9916,-0.05013,-0.02525,0.04078,0.02118,-0.10475,-0.05457,-0.00519,-0.00000,0.00000,0.00000,0.00000,0.00000,0.00000,-0.33481,0.82728,0,0.05545,0.02877
7.9936,-0.05013,-0.02525,0.04057,0.02107,-0.10543,-0.05493,-0.00519,-0.00000,0.00000,0.00000,0.00000,0.00000,0.00000,-0.33481,0.82728,0,0.05545,0.02877
7.9956,-0.05013,-0.02525,0.04035,0.02096,-0.10611,-0.05528,-0.00519,-0.00000,0.00000,0.00000,0.00000,0.00000,0.00000,-0.33473,0.82728,0,0.05545,0.02877
7.9976,-0.05013,-0.02525,0.04014,0.02085,-0.10678,-0.05563,-0.00519,-0.00000,0.00000,0.00000,0.00000,0.00000,0.00000,-0.33480,0.82729,0,0.05545,0.02877
7.9996,-0.05013,-0.02525,0.03993,0.02073,-0.10745,-0.05597,-0.00519,-0.00000,0.00000,0.00000,0.00000,0.00000,0.00000,-0.33477,0.82725,0,0.05545,0.02877
8.0016,-0.05013,-0.02525,0.03971,0.02062,-0.10811,-0.05632,-0.00519,-0.00000,0.00000,0.00000,0.00000,0.00000,0.00000,-0.33478,0.82730,0,0.05545,0.02877
8.0036,-0.05013,-0.02525,0.03949,0.02051,-0.10877,-0.05666,-0.00519,-0.00000,0.00000,0.00000,0.00000,0.00000,0.00000,-0.33475,0.82730,0,0.05545,0.02877
8.0056,-0.05013,-0.02525,0.03928,0.02039,-0.10943,-0.05700,-0.00519,-0.00000,0.00000,0.00000,0.00000,0.00000,0.00000,-0.33480,0.82731,0,0.05545,0.02877
8.0076,-0.05013,-0.02525,0.03906,0.02028,-0.11008,-0.05734,-0.00519,-0.00000,0.00000,0.00000,0.00000,0.00000,0.00000,-0.33481,0.82727,0,0.05545,0.02877
8.0096,-0.05013,-0.02525,0.03884,0.02017,-0.11073,-0.05768,-0.00519,-0.00000,0.00000,0.00000,0.00000,0.00000,0.00000,-0.33480,0.82729,0,0.05545,0.02877
8.0117,-0.05013,-0.02525,0.03861,0.02005,-0.11138,-0.05802,-0.00519,-0.00000,0.00000,0.00000,0.00000,0.00000,0.00000,-0.33475,0.82730,0,0.05545,0.02877
8.0137,-0.05013,-0.02525,0.03839,0.01993,-0.11202,-0.05835,-0.00519,-0.00000,0.00000,0.00000,0.00000,0.00000,0.00000,-0.33482,0.82724,0,0.05545,0.02877
8.0157,-0.04915,-0.02590,0.04506,0.02346,-0.08896,-0.04616,-0.00799,-0.00000,0.00000,0.00000,0.00000,0.00000,0.00000,-0.33483,0.82727,0,0.05534,0.02886
8.0177,-0.04915,-0.02590,0.04489,0.02337,-0.08971,-0.04655,-0.00799,-0.00000,0.00000,0.00000,0.00000,0.00000,0.00000,-0.33483,0.82727,0,0.05534,0.02886
8.0197,-0.04915,-0.02590,0.04471,0.02327,-0.09046,-0.04694,-0.00799,-0.00000,0.00000,0.00000,0.00000,0.00000,0.00000,-0.33479,0.82729,0,0.05534,0.02886
8.0217,-0.04915,-0.02590,0.04452,0.02318,-0.09121,-0.04733,-0.00799,-0.00000,0.00000,0.00000,0.00000,0.00000,0.00000,-0.33475,0.82730,0,0.05534,0.02886
8.0237,-0.04915,-0.02590,0.04434,0.02309,-0.09195,-0.04772,-0.00799,-0.00000,0.00000,0.00000,0.00000,0.00000,0.00000,-0.33477,0.82725,0,0.05534,0.02886
8.0257,-0.04915,-0.02590,0.04416,0.02299,-0.09269,-0.04810,-0.00799,-0.00000,0.00000,0.00000,0.00000,0.00000,0.00000,-0.33483,0.82730,0,0.05534,0.02886
8.0277,-0.04915,-0.02590,0.04397,0.02289,-0.09343,-0.04848,-0.00799,-0.00000,0.00000,0.00000,0.00000,0.00000,0.00000,-0.33480,0.82730,0,0.05534,0.02886
8.0297,-0.04915,-0.02590,0.04378,0.02280,-0.09416,-0.04887,-0.00799,-0.00000,0.00000,0.00000,0.00000,0.00000,0.00000,-0.33480,0.82728,0,0.05534,0.02886
8.0317,-0.04915,-0.02590,0.04359,0.02270,-0.09489,-0.04925,-0.00799,-0.00000,0.00000,0.00000,0.00000,0.00000,0.00000,-0.33476,0.82731,0,0.05534,0.02886
8.0337,-0.04915,-0.02590,0.04340,0.02260,-0.09562,-0.04962,-0.00799,-0.00000,0.00000,0.00000,0.00000,0.00000,0.00000,-0.33481,0.82726,0,0.05534,0.02886
8.0358,-0.04915,-0.02590,0.04321,0.02250,-0.09634,-0.05000,-0.00799,-0.00000,0.00000,0.00000,0.00000,0.00000,0.00000,-0.33480,0.82730,0,0.05534,0.02886
8.0378,-0.04915,-0.02590,0.04302,0.02240,-0.09706,-0.05038,-0.00799,-0.00000,0.00000,0.00000,0.00000,0.00000,0.00000,-0.33477,0.82729,0,0.05534,0.02886
8.0398,-0.04915,-0.02590,0.04282,0.02230,-0.09778,-0.05075,-0.00799,-0.00000,0.00000,0.00000,0.00000,0.00000,0.00000,-0.33478,0.82728,0,0.05534,0.02886
8.0418,-0.04915,-0.02590,0.04263,0.02220,-0.09849,-0.05112,-0.00799,-0.00000,0.00000,0.00000,0.00000,0.00000,0.00000,-0.33476,0.82729,0,0.05534,0.02886
8.0438,-0.04915,-0.02590,0.04243,0.02209,-0.09920,-0.05149,-0.00799,-0.00000,0.00000,0.00000,0.00000,0.00000,0.00000,-0.33481,0.82727,0,0.05534,0.02886
8.0458,-0.04915,-0.02590,0.04223,0.02199,-0.09991,-0.05186,-0.00799,-0.00000,0.00000,0.00000,0.00000,0.00000,0.00000,-0.33477,0.82732,0,0.05534,0.02886
8.0478,-0.04915,-0.02590,0.04203,0.02189,-0.10061,-0.05223,-0.00799,-0.00000,0.00000,0.00000,0.00000,0.00000,0.00000,-0.33475,0.82731,0,0.05534,0.02886
8.0498,-0.04915,-0.02590,0.04183,0.02178,-0.10131,-0.05259,-0.00799,-0.00000,0.00000,0.00000,0.00000,0.00000,0.00000,-0.33475,0.82730,0,0.05534,0.02886
8.0518,-0.04915,-0.02590,0.04162,0.02168,-0.10201,-0.05295,-0.00799,-0.00000,0.00000,0.00000,0.00000,0.00000,0.00000,-0.33481,0.82726,0,0.05534,0.02886
8.0538,-0.04915,-0.02590,0.04142,0.02157,-0.10270,-0.05332,-0.00799,-0.00000,0.00000,0.00000,0.00000,0.00000,0.00000,-0.33476,0.82730,0,0.05534,0.02886
8.0559,-0.04915,-0.02590,0.04121,0.02146,-0.10339,-0.05367,-0.00799,-0.00000,0.00000,0.00000,0.00000,0.00000,0.00000,-0.33478,0.82730,0,0.05534,0.02886
8.0579,-0.04915,-0.02590,0.04101,0.02135,-0.10408,-0.05403,-0.00799,-0.00000,0.00000,0.00000,0.00000,0.00000,0.00000,-0.33478,0.82727,0,0.05534,0.02886
8.0599,-0.04915,-0.02590,0.04080,0.02125,-0.10476,-0.05439,-0.00799,-0.00000,0.00000,0.00000,0.00000,0.00000,0.00000,-0.33480,0.82728,0,0.05534,0.02886
8.0619,-0.04915,-0.02590,0.04059,0.02114,-0.10544,-0.05474,-0.00799,-0.00000,0.00000,0.00000,0.00000,0.00000,0.00000,-0.33479,0.82731,0,0.05534,0.02886
8.0639,-0.04915,-0.02590,0.04038,0.02103,-0.10612,-0.05509,-0.00799,-0.00000,0.00000,0.00000,0.00000,0.00000,0.00000,-0.33480,0.82729,0,0.05534,0.02886
8.0659,-0.04915,-0.02590,0.04016,0.02092,-0.10679,-0.05544,-0.00799,-0.00000,0.00000,0.00000,0.00000,0.00000,0.00000,-0.33478,0.82732,0,0.05534,0.02886
8.0679,-0.04915,-0.02590,0.03995,0.02081,-0.10746,-0.05579,-0.00799,-0.00000,0.00000,0.00000,0.00000,0.00000,0.00000,-0.33476,0.82730,0,0.05534,0.02886
8.0699,-0.04915,-0.02590,0.03973,0.02069,-0.10813,-0.05614,-0.00799,-0.00000,0.00000,0.00000,0.00000,0.00000,0.00000,-0.33475,0.82729,0,0.05534,0.02886
8.0719,-0.04915,-0.02590,0.03952,0.02058,-0.10879,-0.05648,-0.00799,-0.00000,0.00000,0.00000,0.00000,0.00000,0.00000,-0.33480,0.82728,0,0.05534,0.02886
8.0739,-0.04915,-0.02590,0.03930,0.02047,-0.10945,-0.05683,-0.00799,-0.00000,0.00000,0.00000,0.00000,0.00000,0.00000,-0.33478,0.82727,0,0.05534,0.02886
8.0760,-0.04915,-0.02590,0.03908,0.02035,-0.11010,-0.05717,-0.00799,-0.00000,0.00000,0.00000,0.00000,0.00000,0.00000,-0.33482,0.82727,0,0.05534,0.02886
8.0780,-0.04915,-0.02590,0.03886,0.02024,-0.11075,-0.05751,-0.00799,-0.00000,0.00000,0.00000,0.00000,0.00000,0.00000,-0.33478,0.82730,0,0.05534,0.02886
8.0800,-0.04915,-0.02590,0.03863,0.02012,-0.11140,-0.05784,-0.00799,-0.00000,0.00000,0.00000,0.00000,0.00000,0.00000,-0.33481,0.82729,0,0.05534,0.02886
8.0820,-0.04915,-0.02590,0.03841,0.02001,-0.11204,-0.05818,-0.00799,-0.00000,0.00000,0.00000,0.00000,0.00000,0.00000,-0.33479,0.82727,0,0.05534,0.02886
8.0840,-0.04872,-0.02626,0.04490,0.02340,-0.09005,-0.04669,-0.00754,-0.00000,0.00000,0.00000,0.00000,0.00000,0.00000,-0.33473,0.82729,0,0.05550,0.02892
8.0860,-0.04872,-0.02626,0.04472,0.02330,-0.09080,-0.04708,-0.00754,-0.00000,0.00000,0.00000,0.00000,0.00000,0.00000,-0.33473,0.82729,0,0.05550,0.02892
8.0880,-0.04872,-0.02626,0.04454,0.02321,-0.09154,-0.04747,-0.00754,-0.00000,0.00000,0.00000,0.00000,0.00000,0.00000,-0.33478,0.82730,0,0.05550,0.02892
8.0900,-0.04872,-0.02626,0.04435,0.02311,-0.09228,-0.04785,-0.00754,-0.00000,0.00000,0.00000,0.00000,0.00000,0.00000,-0.33476,0.82727,0,0.05550,0.02892
8.0920,-0.04872,-0.02626,0.04417,0.02302,-0.09302,-0.04824,-0.00754,-0.00000,0.00000,0.00000,0.00000,0.00000,0.00000,-0.33476,0.82727,0,0.05550,0.02892
8.0940,-0.04872,-0.02626,0.04398,0.02292,-0.09376,-0.04862,-0.00754,-0.00000,0.00000,0.00000,0.00000,0.00000,0.00000,-0.33479,0.82729,0,0.05550,0.02892
8.0960,-0.04872,-0.02626,0.04379,0.02282,-0.09449,-0.04900,-0.00754,-0.00000,0.00000,0.00000,0.00000,0.00000,0.00000,-0.33478,0.82727,0,0.05550,0.02892
8.0981,-0.04872,-0.02626,0.04360,0.02273,-0.09522,-0.04939,-0.00754,-0.00000,0.00000,0.00000,0.00000,0.00000,0.00000,-0.33479,0.82729,0,0.05550,0.02892
8.1001,-0.04872,-0.02626,0.04341,0.02263,-0.09595,-0.04976,-0.00754,-0.00000,0.00000,0.00000,0.00000,0.00000,0.00000,-0.33482,0.82724,0,0.05550,0.02892
8.1021,-0.04872,-0.02626,0.04322,0.02253,-0.09667,-0.05014,-0.00754,-0.00000,0.00000,0.00000,0.00000,0.00000,0.00000,-0.33481,0.82728,0,0.05550,0.02892
8.1041,-0.04872,-0.02626,0.04303,0.02243,-0.09740,-0.05052,-0.00754,-0.00000,0.00000,0.00000,0.00000,0.00000,0.00000,-0.33478,0.82728,0,0.05550,0.02892
8.1061,-0.04872,-0.02626,0.04283,0.02232,-0.09811,-0.05089,-0.00754,-0.00000,0.00000,0.00000,0.00000,0.00000,0.00000,-0.33480,0.82725,0,0.05550,0.02892
8.1081,-0.04872,-0.02626,0.04263,0.02222,-0.09883,-0.05126,-0.00754,-0.00000,0.00000,0.00000,0.00000,0.00000,0.00000,-0.33478,0.82728,0,0.05550,0.02892
8.1101,-0.04872,-0.02626,0.04243,0.02212,-0.09954,-0.05163,-0.00754,-0.00000,0.00000,0.00000,0.00000,0.00000,0.00000,-0.33479,0.82729,0,0.05550,0.02892
8.1121,-0.04872,-0.02626,0.04223,0.02202,-0.10024,-0.05200,-0.00754,-0.00000,0.00000,0.00000,0.00000,0.00000,0.00000,-0.33477,0.82730,0,0.05550,0.02892
8.1141,-0.04872,-0.02626,0.04203,0.02191,-0.10095,-0.05237,-0.00754,-0.00000,0.00000,0.00000,0.00000,0.00000,0.00000,-0.33475,0.82728,0,0.05550,0.02892
8.1161,-0.04872,-0.02626,0.04183,0.02181,-0.10165,-0.05273,-0.00754,-0.00000,0.00000,0.00000,0.00000,0.00000,0.00000,-0.33476,0.82728,0,0.05550,0.02892
8.1181,-0.04872,-0.02626,0.04163,0.02170,-0.10235,-0.05310,-0.00754,-0.00000,0.00000,0.00000,0.00000,0.00000,0.00000,-0.33480,0.82727,0,0.05550,0.02892
8.1201,-0.04872,-0.02626,0.04142,0.02159,-0.10304,-0.05346,-0.00754,-0.00000,0.00000,0.00000,0.00000,0.00000,0.00000,-0.33481,0.82724,0,0.05550,0.02892
8.1221,-0.04872,-0.02626,0.04121,0.02149,-0.10373,-0.05382,-0.00754,-0.00000,0.00000,0.00000,0.00000,0.00000,0.00000,-0.33478,0.82727,0,0.05550,0.02892
8.1241,-0.04872,-0.02626,0.04101,0.02138,-0.10442,-0.05418,-0.00754,-0.00000,0.00000,0.00000,0.00000,0.00000,0.00000,-0.33481,0.82727,0,0.05550,0.02892
8.1261,-0.04872,-0.02626,0.04080,0.02127,-0.10510,-0.05453,-0.00754,-0.00000,0.00000,0.00000,0.00000,0.00000,0.00000,-0.33478,0.82730,0,0.05550,0.02892
8.1281,-0.04872,-0.02626,0.04059,0.02116,-0.10578,-0.05489,-0.00754,-0.00000,0.00000,0.00000,0.00000,0.00000,0.00000,-0.33479,0.82728,0,0.05550,0.02892
8.1301,-0.04872,-0.02626,0.04037,0.02105,-0.10646,-0.05524,-0.00754,-0.00000,0.00000,0.00000,0.00000,0.00000,0.00000,-0.33478,0.82726,0,0.05550,0.02892
8.1321,-0.04872,-0.02626,0.04016,0.02094,-0.10713,-0.05559,-0.00754,-0.00000,0.00000,0.00000,0.00000,0.00000,0.00000,-0.33478,0.82731,0,0.05550,0.02892
8.1341,-0.04872,-0.02626,0.03995,0.02083,-0.10780,-0.05594,-0.00754,-0.00000,0.00000,0.00000,0.00000,0.00000,0.00000,-0.33480,0.82730,0,0.05550,0.02892
8.1361,-0.04872,-0.02626,0.03973,0.02072,-0.10846,-0.05629,-0.00754,-0.00000,0.00000,0.00000,0.00000,0.00000,0.00000,-0.33480,0.82731,0,0.05550,0.02892
8.1381,-0.04872,-0.02626,0.03951,0.02060,-0.10912,-0.05663,-0.00754,-0.00000,0.00000,0.00000,0.00000,0.00000,0.00000,-0.33481,0.82727,0,0.05550,0.02892
8.1401,-0.04872,-0.02626,0.03929,0.02049,-0.10978,-0.05697,-0.00754,-0.00000,0.00000,0.00000,0.00000,0.00000,0.00000,-0.33483,0.82728,0,0.05550,0.02892
8.1421,-0.04872,-0.02626,0.03907,0.02037,-0.11044,-0.05731,-0.00754,-0.00000,0.00000,0.00000,0.00000,0.00000,0.00000,-0.33478,0.82731,0,0.05550,0.02892
8.1441,-0.04872,-0.02626,0.03885,0.02026,-0.11109,-0.05765,-0.00754,-0.00000,0.00000,0.00000,0.00000,0.00000,0.00000,-0.33478,0.82730,0,0.05550,0.02892
8.1461,-0.04872,-0.02626,0.03863,0.02014,-0.11173,-0.05799,-0.00754,-0.00000,0.00000,0.00000,0.00000,0.00000,0.00000,-0.33479,0.82725,0,0.05550,0.02892
8.1481,-0.04836,-0.02581,0.04508,0.02338,-0.08949,-0.04684,-0.00319,-0.00000,0.00000,0.00000,0.00000,0.00000,0.00000,-0.33478,0.82729,0,0.05549,0.02868
8.1501,-0.04836,-0.02581,0.04490,0.02328,-0.09024,-0.04723,-0.00319,-0.00000,0.00000,0.00000,0.00000,0.00000,0.00000,-0.33478,0.82729,0,0.05549,0.02868
8.1521,-0.04836,-0.02581,0.04471,0.02319,-0.09099,-0.04762,-0.00319,-0.00000,0.00000,0.00000,0.00000,0.00000,0.00000,-0.33481,0.82730,0,0.05549,0.02868
8.1541,-0.04836,-0.02581,0.04453,0.02309,-0.09173,-0.04801,-0.00319,-0.00000,0.00000,0.00000,0.00000,0.00000,0.00000,-0.33479,0.82729,0,0.05549,0.02868
8.1561,-0.04836,-0.02581,0.04435,0.02299,-0.09248,-0.04839,-0.00319,-0.00000,0.00000,0.00000,0.00000,0.00000,0.00000,-0.33479,0.82726,0,0.05549,0.02868
8.1581,-0.04836,-0.02581,0.04416,0.02290,-0.09322,-0.04877,-0.00319,-0.00000,0.00000,0.00000,0.00000,0.00000,0.00000,-0.33479,0.82726,0,0.05549,0.02868
8.1601,-0.04836,-0.02581,0.04397,0.02280,-0.09395,-0.04916,-0.00319,-0.00000,0.00000,0.00000,0.00000,0.00000,0.00000,-0.33477,0.82726,0,0.05549,0.02868
8.1621,-0.04836,-0.02581,0.04379,0.02270,-0.09469,-0.04954,-0.00319,-0.00000,0.00000,0.00000,0.00000,0.00000,0.00000,-0.33480,0.82729,0,0.05549,0.02868
8.1641,-0.04836,-0.02581,0.04360,0.02260,-0.09542,-0.04992,-0.00319,-0.00000,0.00000,0.00000,0.00000,0.00000,0.00000,-0.33483,0.82726,0,0.05549,0.02868
8.1661,-0.04836,-0.02581,0.04340,0.02250,-0.09614,-0.05029,-0.00319,-0.00000,0.00000,0.00000,0.00000,0.00000,0.00000,-0.33479,0.82730,0,0.05549,0.02868
8.1681,-0.04836,-0.02581,0.04321,0.02240,-0.09687,-0.05067,-0.00319,-0.00000,0.00000,0.00000,0.00000,0.00000,0.00000,-0.33478,0.82727,0,0.05549,0.02868
8.1702,-0.04836,-0.02581,0.04302,0.02230,-0.09759,-0.05104,-0.00319,-0.00000,0.00000,0.00000,0.00000,0.00000,0.00000,-0.33476,0.82732,0,0.05549,0.02868
8.1722,-0.04836,-0.02581,0.04282,0.02220,-0.09831,-0.05141,-0.00319,-0.00000,0.00000,0.00000,0.00000,0.00000,0.00000,-0.33479,0.82731,0,0.05549,0.02868
8.1742,-0.04836,-0.02581,0.04262,0.02209,-0.09902,-0.05178,-0.00319,-0.00000,0.00000,0.00000,0.00000,0.00000,0.00000,-0.33478,0.82726,0,0.05549,0.02868
8.1762,-0.04836,-0.02581,0.04243,0.02199,-0.09973,-0.05215,-0.00319,-0.00000,0.00000,0.00000,0.00000,0.00000,0.00000,-0.33478,0.82730,0,0.05549,0.02868
8.1782,-0.04836,-0.02581,0.04222,0.02188,-0.10044,-0.05252,-0.00319,-0.00000,0.00000,0.00000,0.00000,0.00000,0.00000,-0.33478,0.82730,0,0.05549,0.02868
8.1802,-0.04836,-0.02581,0.04202,0.02178,-0.10114,-0.05288,-0.00319,-0.00000,0.00000,0.00000,0.00000,0.00000,0.00000,-0.33480,0.82729,0,0.05549,0.02868
8.1822,-0.04836,-0.02581,0.04182,0.02167,-0.10184,-0.05324,-0.00319,-0.00000,0.00000,0.00000,0.00000,0.00000,0.00000,-0.33483,0.82725,0,0.05549,0.02868
8.1842,-0.04836,-0.02581,0.04162,0.02157,-0.10254,-0.05361,-0.00319,-0.00000,0.00000,0.00000,0.00000,0.00000,0.00000,-0.33477,0.82728,0,0.05549,0.02868
8.1862,-0.04836,-0.02581,0.04141,0.02146,-0.10323,-0.05397,-0.00319,-0.00000,0.00000,0.00000,0.00000,0.00000,0.00000,-0.33477,0.82728,0,0.05549,0.02868
8.1882,-0.04836,-0.02581,0.04120,0.02135,-0.10392,-0.05432,-0.00319,-0.00000,0.00000,0.00000,0.00000,0.00000,0.00000,-0.33478,0.82729,0,0.05549,0.02868
8.1902,-0.04836,-0.02581,0.04099,0.02124,-0.10461,-0.05468,-0.00319,-0.00000,0.00000,0.00000,0.00000,0.00000,0.00000,-0.33475,0.82731,0,0.05549,0.02868
8.1922,-0.04836,-0.02581,0.04078,0.02113,-0.10529,-0.05503,-0.00319,-0.00000,0.00000,0.00000,0.00000,0.00000,0.00000,-0.33475,0.82731,0,0.05549,0.02868
8.1942,-0.04836,-0.02581,0.04057,0.02102,-0.10597,-0.05538,-0.00319,-0.00000,0.00000,0.00000,0.00000,0.00000,0.00000,-0.33482,0.82728,0,0.05549,0.02868
8.1962,-0.04836,-0.02581,0.04036,0.02091,-0.10665,-0.05573,-0.00319,-0.00000,0.00000,0.00000,0.00000,0.00000,0.00000,-0.33476,0.82728,0,0.05549,0.02868
8.1982,-0.04836,-0.02581,0.04015,0.02080,-0.10732,-0.05608,-0.00319,-0.00000,0.00000,0.00000,0.00000,0.00000,0.00000,-0.33483,0.82727,0,0.05549,0.02868
8.2002,-0.04836,-0.02581,0.03993,0.02069,-0.10799,-0.05643,-0.00319,-0.00000,0.00000,0.00000,0.00000,0.00000,0.00000,-0.33475,0.82728,0,0.05549,0.02868
8.2022,-0.04836,-0.02581,0.03971,0.02057,-0.10865,-0.05677,-0.00319,-0.00000,0.00000,0.00000,0.00000,0.00000,0.00000,-0.33477,0.82727,0,0.05549,0.02868
8.2042,-0.04836,-0.02581,0.03950,0.02046,-0.10931,-0.05712,-0.00319,-0.00000,0.00000,0.00000,0.00000,0.00000,0.00000,-0.33478,0.82730,0,0.05549,0.02868
8.2062,-0.04836,-0.02581,0.03928,0.02034,-0.10997,-0.05746,-0.00319,-0.00000,0.00000,0.00000,0.00000,0.00000,0.00000,-0.33475,0.82731,0,0.05549,0.02868
8.2082,-0.04836,-0.02581,0.03906,0.02023,-0.11062,-0.05780,-0.00319,-0.00000,0.00000,0.00000,0.00000,0.00000,0.00000,-0.33481,0.82726,0,0.05549,0.02868
8.2102,-0.04836,-0.02581,0.03884,0.02011,-0.11127,-0.05813,-0.00319,-0.00000,0.00000,0.00000,0.00000,0.00000,0.00000,-0.33480,0.82730,0,0.05549,0.02868
8.2122,-0.04836,-0.02581,0.03861,0.02000,-0.11192,-0.05847,-0.00319,-0.00000,0.00000,0.00000,0.00000,0.00000,0.00000,-0.33480,0.82727,0,0.05549,0.02868
8.2142,-0.04836,-0.02581,0.03839,0.01988,-0.11256,-0.05880,-0.00319,-0.00000,0.00000,0.00000,0.00000,0.00000,0.00000,-0.33480,0.82730,0,0.05549,0.02868
8.2162,-0.04801,-0.02639,0.04500,0.02347,-0.08958,-0.04632,-0.01084,-0.00000,0.00000,0.00000,0.00000,0.00000,0.00000,-0.33480,0.82731,0,0.05523,0.02893
8.2182,-0.04801,-0.02639,0.04482,0.02337,-0.09033,-0.04672,-0.01084,-0.00000,0.00000,0.00000,0.00000,0.00000,0.00000,-0.33480,0.82731,0,0.05523,0.02893
8.2202,-0.04801,-0.02639,0.04463,0.02328,-0.09107,-0.04711,-0.01084,-0.00000,0.00000,0.00000,0.00000,0.00000,0.00000,-0.33484,0.82728,0,0.05523,0.02893
8.2222,-0.04801,-0.02639,0.04445,0.02318,-0.09182,-0.04749,-0.01084,-0.00000,0.00000,0.00000,0.00000,0.00000,0.00000,-0.33481,0.82731,0,0.05523,0.02893
8.2243,-0.04801,-0.02639,0.04427,0.02309,-0.09256,-0.04788,-0.01084,-0.00000,0.00000,0.00000,0.00000,0.00000,0.00000,-0.33481,0.82725,0,0.05523,0.02893
8.2263,-0.04801,-0.02639,0.04408,0.02299,-0.09330,-0.04827,-0.01084,-0.00000,0.00000,0.00000,0.00000,0.00000,0.00000,-0.33475,0.82727,0,0.05523,0.02893
8.2283,-0.04801,-0.02639,0.04389,0.02290,-0.09403,-0.04865,-0.01084,-0.00000,0.00000,0.00000,0.00000,0.00000,0.00000,-0.33481,0.82730,0,0.05523,0.02893
8.2303,-0.04801,-0.02639,0.04370,0.02280,-0.09477,-0.04903,-0.01084,-0.00000,0.00000,0.00000,0.00000,0.00000,0.00000,-0.33479,0.82730,0,0.05523,0.02893
8.2323,-0.04801,-0.02639,0.04351,0.02270,-0.09549,-0.04941,-0.01084,-0.00000,0.00000,0.00000,0.00000,0.00000,0.00000,-0.33481,0.82729,0,0.05523,0.02893
8.2343,-0.04801,-0.02639,0.04332,0.02260,-0.09622,-0.04979,-0.01084,-0.00000,0.00000,0.00000,0.00000,0.00000,0.00000,-0.33474,0.82727,0,0.05523,0.02893
8.2363,-0.04801,-0.02639,0.04313,0.02250,-0.09694,-0.05017,-0.01084,-0.00000,0.00000,0.00000,0.00000,0.00000,0.00000,-0.33483,0.82729,0,0.05523,0.02893
8.2383,-0.04801,-0.02639,0.04294,0.02240,-0.09766,-0.05054,-0.01084,-0.00000,0.00000,0.00000,0.00000,0.00000,0.00000,-0.33476,0.82727,0,0.05523,0.02893
8.2403,-0.04801,-0.02639,0.04274,0.02230,-0.09838,-0.05091,-0.01084,-0.00000,0.00000,0.00000,0.00000,0.00000,0.00000,-0.33478,0.82729,0,0.05523,0.02893
8.2423,-0.04801,-0.02639,0.04254,0.02220,-0.09909,-0.05129,-0.01084,-0.00000,0.00000,0.00000,0.00000,0.00000,0.00000,-0.33474,0.82729,0,0.05523,0.02893
8.2443,-0.04801,-0.02639,0.04234,0.02209,-0.09980,-0.05166,-0.01084,-0.00000,0.00000,0.00000,0.00000,0.00000,0.00000,-0.33480,0.82724,0,0.05523,0.02893
8.2463,-0.04801,-0.02639,0.04214,0.02199,-0.10050,-0.05202,-0.01084,-0.00000,0.00000,0.00000,0.00000,0.00000,0.00000,-0.33476,0.82732,0,0.05523,0.02893
8.2483,-0.04801,-0.02639,0.04194,0.02188,-0.10121,-0.05239,-0.01084,-0.00000,0.00000,0.00000,0.00000,0.00000,0.00000,-0.33477,0.82727,0,0.05523,0.02893
8.2503,-0.04801,-0.02639,0.04174,0.02178,-0.10191,-0.05276,-0.01084,-0.00000,0.00000,0.00000,0.00000,0.00000,0.00000,-0.33479,0.82725,0,0.05523,0.02893
8.2523,-0.04801,-0.02639,0.04153,0.02167,-0.10260,-0.05312,-0.01084,-0.00000,0.00000,0.00000,0.00000,0.00000,0.00000,-0.33482,0.82726,0,0.05523,0.02893
8.2543,-0.04801,-0.02639,0.04133,0.02157,-0.10329,-0.05348,-0.01084,-0.00000,0.00000,0.00000,0.00000,0.00000,0.00000,-0.33474,0.82729,0,0.05523,0.02893
8.2563,-0.04801,-0.02639,0.04112,0.02146,-0.10398,-0.05384,-0.01084,-0.00000,0.00000,0.00000,0.00000,0.00000,0.00000,-0.33480,0.82731,0,0.05523,0.02893
8.2583,-0.04801,-0.02639,0.04091,0.02135,-0.10467,-0.05420,-0.01084,-0.00000,0.00000,0.00000,0.00000,0.00000,0.00000,-0.33479,0.82726,0,0.05523,0.02893
8.2604,-0.04801,-0.02639,0.04070,0.02124,-0.10535,-0.05455,-0.01084,-0.00000,0.00000,0.00000,0.00000,0.00000,0.00000,-0.33477,0.82728,0,0.05523,0.02893
8.2624,-0.04801,-0.02639,0.04049,0.02113,-0.10603,-0.05491,-0.01084,-0.00000,0.00000,0.00000,0.00000,0.00000,0.00000,-0.33477,0.82728,0,0.05523,0.02893
8.2644,-0.04801,-0.02639,0.04028,0.02102,-0.10670,-0.05526,-0.01084,-0.00000,0.00000,0.00000,0.00000,0.00000,0.00000,-0.33481,0.82728,0,0.05523,0.02893
8.2664,-0.04801,-0.02639,0.04006,0.02091,-0.10737,-0.05561,-0.01084,-0.00000,0.00000,0.00000,0.00000,0.00000,0.00000,-0.33481,0.82726,0,0.05523,0.02893
8.2684,-0.04801,-0.02639,0.03985,0.02080,-0.10804,-0.05596,-0.01084,-0.00000,0.00000,0.00000,0.00000,0.00000,0.00000,-0.33479,0.82729,0,0.05523,0.02893
8.2704,-0.04801,-0.02639,0.03963,0.02069,-0.10870,-0.05630,-0.01084,-0.00000,0.00000,0.00000,0.00000,0.00000,0.00000,-0.33475,0.82729,0,0.05523,0.02893
8.2724,-0.04801,-0.02639,0.03941,0.02058,-0.10936,-0.05665,-0.01084,-0.00000,0.00000,0.00000,0.00000,0.00000,0.00000,-0.33479,0.82726,0,0.05523,0.02893
8.2754,-0.04801,-0.02639,0.03919,0.02046,-0.11002,-0.05699,-0.01084,-0.00000,0.00000,0.00000,0.00000,0.00000,0.00000,-0.33481,0.82728,0,0.05523,0.02893
8.2774,-0.04801,-0.02639,0.03897,0.02035,-0.11067,-0.05733,-0.01084,-0.00000,0.00000,0.00000,0.00000,0.00000,0.00000,-0.33475,0.82727,0,0.05523,0.02893
8.2794,-0.04801,-0.02639,0.03875,0.02023,-0.11132,-0.05767,-0.01084,-0.00000,0.00000,0.00000,0.00000,0.00000,0.00000,-0.33480,0.82729,0,0.05523,0.02893
8.2814,-0.04801,-0.02639,0.03853,0.02012,-0.11196,-0.05801,-0.01084,-0.00000,0.00000,0.00000,0.00000,0.00000,0.00000,-0.33475,0.82732,0,0.05523,0.02893
8.2834,-0.04784,-0.02632,0.04488,0.02342,-0.09010,-0.04665,-0.01016,-0.00000,0.00000,0.00000,0.00000,0.00000,0.00000,-0.33481,0.82730,0,0.05522,0.02878
8.2854,-0.04784,-0.02632,0.04470,0.02333,-0.09085,-0.04704,-0.01016,-0.00000,0.00000,0.00000,0.00000,0.00000,0.00000,-0.33476,0.82728,0,0.05522,0.02878
8.2874,-0.04784,-0.02632,0.04452,0.02323,-0.09159,-0.04743,-0.01016,-0.00000,0.00000,0.00000,0.00000,0.00000,0.00000,-0.33477,0.82732,0,0.05522,0.02878
8.2894,-0.04784,-0.02632,0.04434,0.02314,-0.09234,-0.04782,-0.01016,-0.00000,0.00000,0.00000,0.00000,0.00000,0.00000,-0.33475,0.82727,0,0.05522,0.02878
8.2914,-0.04784,-0.02632,0.04415,0.02304,-0.09308,-0.04820,-0.01016,-0.00000,0.00000,0.00000,0.00000,0.00000,0.00000,-0.33476,0.82731,0,0.05522,0.02878
8.2934,-0.04784,-0.02632,0.04396,0.02294,-0.09381,-0.04859,-0.01016,-0.00000,0.00000,0.00000,0.00000,0.00000,0.00000,-0.33480,0.82731,0,0.05522,0.02878
8.2954,-0.04784,-0.02632,0.04377,0.02285,-0.09454,-0.04897,-0.01016,-0.00000,0.00000,0.00000,0.00000,0.00000,0.00000,-0.33481,0.82725,0,0.05522,0.02878
8.2974,-0.04784,-0.02632,0.04359,0.02275,-0.09527,-0.04935,-0.01016,-0.00000,0.00000,0.00000,0.00000,0.00000,0.00000,-0.33477,0.82728,0,0.05522,0.02878
8.2994,-0.04784,-0.02632,0.04339,0.02265,-0.09600,-0.04973,-0.01016,-0.00000,0.00000,0.00000,0.00000,0.00000,0.00000,-0.33479,0.82728,0,0.05522,0.02878
8.3014,-0.04784,-0.02632,0.04320,0.02255,-0.09673,-0.05011,-0.01016,-0.00000,0.00000,0.00000,0.00000,0.00000,0.00000,-0.33479,0.82727,0,0.05522,0.02878
8.3034,-0.04784,-0.02632,0.04301,0.02245,-0.09745,-0.05048,-0.01016,-0.00000,0.00000,0.00000,0.00000,0.00000,0.00000,-0.33479,0.82728,0,0.05522,0.02878
8.3054,-0.04784,-0.02632,0.04281,0.02235,-0.09816,-0.05086,-0.01016,-0.00000,0.00000,0.00000,0.00000,0.00000,0.00000,-0.33481,0.82727,0,0.05522,0.02878
8.3074,-0.04784,-0.02632,0.04261,0.02224,-0.09888,-0.05123,-0.01016,-0.00000,0.00000,0.00000,0.00000,0.00000,0.00000,-0.33478,0.82728,0,0.05522,0.02878
8.3094,-0.04784,-0.02632,0.04242,0.02214,-0.09959,-0.05160,-0.01016,-0.00000,0.00000,0.00000,0.00000,0.00000,0.00000,-0.33475,0.82728,0,0.05522,0.02878
8.3114,-0.04784,-0.02632,0.04222,0.02204,-0.10029,-0.05197,-0.01016,-0.00000,0.00000,0.00000,0.00000,0.00000,0.00000,-0.33477,0.82728,0,0.05522,0.02878
8.3134,-0.04784,-0.02632,0.04201,0.02193,-0.10100,-0.05234,-0.01016,-0.00000,0.00000,0.00000,0.00000,0.00000,0.00000,-0.33479,0.82727,0,0.05522,0.02878
8.3155,-0.04784,-0.02632,0.04181,0.02183,-0.10170,-0.05270,-0.01016,-0.00000,0.00000,0.00000,0.00000,0.00000,0.00000,-0.33474,0.82728,0,0.05522,0.02878
8.3175,-0.04784,-0.02632,0.04161,0.02172,-0.10239,-0.05307,-0.01016,-0.00000,0.00000,0.00000,0.00000,0.00000,0.00000,-0.33482,0.82726,0,0.05522,0.02878
8.3195,-0.04784,-0.02632,0.04140,0.02162,-0.10309,-0.05343,-0.01016,-0.00000,0.00000,0.00000,0.00000,0.00000,0.00000,-0.33476,0.82726,0,0.05522,0.02878
8.3215,-0.04784,-0.02632,0.04120,0.02151,-0.10378,-0.05379,-0.01016,-0.00000,0.00000,0.00000,0.00000,0.00000,0.00000,-0.33478,0.82726,0,0.05522,0.02878
8.3235,-0.04784,-0.02632,0.04099,0.02140,-0.10446,-0.05415,-0.01016,-0.00000,0.00000,0.00000,0.00000,0.00000,0.00000,-0.33481,0.82726,0,0.05522,0.02878
8.3255,-0.04784,-0.02632,0.04078,0.02129,-0.10515,-0.05450,-0.01016,-0.00000,0.00000,0.00000,0.00000,0.00000,0.00000,-0.33477,0.82728,0,0.05522,0.02878
8.3275,-0.04784,-0.02632,0.04057,0.02118,-0.10583,-0.05486,-0.01016,-0.00000,0.00000,0.00000,0.00000,0.00000,0.00000,-0.33479,0.82727,0,0.05522,0.02878
8.3295,-0.04784,-0.02632,0.04035,0.02107,-0.10650,-0.05521,-0.01016,-0.00000,0.00000,0.00000,0.00000,0.00000,0.00000,-0.33475,0.82730,0,0.05522,0.02878
8.3315,-0.04784,-0.02632,0.04014,0.02096,-0.10717,-0.05556,-0.01016,-0.00000,0.00000,0.00000,0.00000,0.00000,0.00000,-0.33482,0.82730,0,0.05522,0.02878
8.3335,-0.04784,-0.02632,0.03993,0.02085,-0.10784,-0.05591,-0.01016,-0.00000,0.00000,0.00000,0.00000,0.00000,0.00000,-0.33476,0.82727,0,0.05522,0.02878
8.3355,-0.04784,-0.02632,0.03971,0.02074,-0.10851,-0.05626,-0.01016,-0.00000,0.00000,0.00000,0.00000,0.00000,0.00000,-0.33476,0.82730,0,0.05522,0.02878
8.3375,-0.04784,-0.02632,0.03949,0.02063,-0.10917,-0.05660,-0.01016,-0.00000,0.00000,0.00000,0.00000,0.00000,0.00000,-0.33478,0.82726,0,0.05522,0.02878
8.3395,-0.04784,-0.02632,0.03927,0.02051,-0.10983,-0.05695,-0.01016,-0.00000,0.00000,0.00000,0.00000,0.00000,0.00000,-0.33480,0.82723,0,0.05522,0.02878
8.3415,-0.04784,-0.02632,0.03905,0.02040,-0.11048,-0.05729,-0.01016,-0.00000,0.00000,0.00000,0.00000,0.00000,0.00000,-0.33479,0.82728,0,0.05522,0.02878
8.3435,-0.04784,-0.02632,0.03883,0.02028,-0.11113,-0.05763,-0.01016,-0.00000,0.00000,0.00000,0.00000,0.00000,0.00000,-0.33482,0.82726,0,0.05522,0.02878
8.3455,-0.04784,-0.02632,0.03861,0.02017,-0.11178,-0.05797,-0.01016,-0.00000,0.00000,0.00000,0.00000,0.00000,0.00000,-0.33477,0.82728,0,0.05522,0.02878
8.3475,-0.04784,-0.02632,0.03838,0.02005,-0.11242,-0.05830,-0.01016,-0.00000,0.00000,0.00000,0.00000,0.00000,0.00000,-0.33480,0.82730,0,0.05522,0.02878
8.3495,-0.04784,-0.02632,0.03816,0.01993,-0.11306,-0.05863,-0.01016,-0.00000,0.00000,0.00000,0.00000,0.00000,0.00000,-0.33480,0.82727,0,0.05522,0.02878
8.3515,-0.04806,-0.02669,0.04466,0.02336,-0.09087,-0.04694,-0.00779,-0.00000,0.00000,0.00000,0.00000,0.00000,0.00000,-0.33477,0.82731,0,0.05529,0.02892
8.3535,-0.04806,-0.02669,0.04448,0.02327,-0.09161,-0.04733,-0.00779,-0.00000,0.00000,0.00000,0.00000,0.00000,0.00000,-0.33477,0.82731,0,0.05529,0.02892
8.3555,-0.04806,-0.02669,0.04429,0.02317,-0.09236,-0.04772,-0.00779,-0.00000,0.00000,0.00000,0.00000,0.00000,0.00000,-0.33479,0.82728,0,0.05529,0.02892
8.3575,-0.04806,-0.02669,0.04411,0.02308,-0.09309,-0.04810,-0.00779,-0.00000,0.00000,0.00000,0.00000,0.00000,0.00000,-0.33475,0.82731,0,0.05529,0.02892
8.3595,-0.04806,-0.02669,0.04392,0.02298,-0.09383,-0.04849,-0.00779,-0.00000,0.00000,0.00000,0.00000,0.00000,0.00000,-0.33478,0.82733,0,0.05529,0.02892
8.3615,-0.04806,-0.02669,0.04373,0.02288,-0.09456,-0.04887,-0.00779,-0.00000,0.00000,0.00000,0.00000,0.00000,0.00000,-0.33478,0.82728,0,0.05529,0.02892
8.3635,-0.04806,-0.02669,0.04354,0.02279,-0.09529,-0.04925,-0.00779,-0.00000,0.00000,0.00000,0.00000,0.00000,0.00000,-0.33477,0.82725,0,0.05529,0.02892
8.3655,-0.04806,-0.02669,0.04335,0.02269,-0.09602,-0.04963,-0.00779,-0.00000,0.00000,0.00000,0.00000,0.00000,0.00000,-0.33482,0.82726,0,0.05529,0.02892
8.3675,-0.04806,-0.02669,0.04316,0.02259,-0.09674,-0.05001,-0.00779,-0.00000,0.00000,0.00000,0.00000,0.00000,0.00000,-0.33481,0.82728,0,0.05529,0.02892
8.3696,-0.04806,-0.02669,0.04297,0.02249,-0.09746,-0.05039,-0.00779,-0.00000,0.00000,0.00000,0.00000,0.00000,0.00000,-0.33478,0.82731,0,0.05529,0.02892
8.3716,-0.04806,-0.02669,0.04277,0.02239,-0.09818,-0.05076,-0.00779,-0.00000,0.00000,0.00000,0.00000,0.00000,0.00000,-0.33478,0.82729,0,0.05529,0.02892
8.3736,-0.04806,-0.02669,0.04257,0.02228,-0.09889,-0.05114,-0.00779,-0.00000,0.00000,0.00000,0.00000,0.00000,0.00000,-0.33474,0.82731,0,0.05529,0.02892
8.3756,-0.04806,-0.02669,0.04237,0.02218,-0.09960,-0.05151,-0.00779,-0.00000,0.00000,0.00000,0.00000,0.00000,0.00000,-0.33481,0.82728,0,0.05529,0.02892
8.3776,-0.04806,-0.02669,0.04217,0.02208,-0.10030,-0.05188,-0.00779,-0.00000,0.00000,0.00000,0.00000,0.00000,0.00000,-0.33480,0.82726,0,0.05529,0.02892
8.3796,-0.04806,-0.02669,0.04197,0.02197,-0.10101,-0.05224,-0.00779,-0.00000,0.00000,0.00000,0.00000,0.00000,0.00000,-0.33475,0.82728,0,0.05529,0.02892
8.3816,-0.04806,-0.02669,0.04177,0.02187,-0.10171,-0.05261,-0.00779,-0.00000,0.00000,0.00000,0.00000,0.00000,0.00000,-0.33477,0.82731,0,0.05529,0.02892
8.3836,-0.04806,-0.02669,0.04157,0.02176,-0.10240,-0.05298,-0.00779,-0.00000,0.00000,0.00000,0.00000,0.00000,0.00000,-0.33478,0.82730,0,0.05529,0.02892
8.3856,-0.04806,-0.02669,0.04136,0.02166,-0.10310,-0.05334,-0.00779,-0.00000,0.00000,0.00000,0.00000,0.00000,0.00000,-0.33476,0.82733,0,0.05529,0.02892
8.3876,-0.04806,-0.02669,0.04115,0.02155,-0.10379,-0.05370,-0.00779,-0.00000,0.00000,0.00000,0.00000,0.00000,0.00000,-0.33482,0.82729,0,0.05529,0.02892
8.3896,-0.04806,-0.02669,0.04095,0.02144,-0.10447,-0.05406,-0.00779,-0.00000,0.00000,0.00000,0.00000,0.00000,0.00000,-0.33479,0.82731,0,0.05529,0.02892
8.3916,-0.04806,-0.02669,0.04074,0.02133,-0.10515,-0.05442,-0.00779,-0.00000,0.00000,0.00000,0.00000,0.00000,0.00000,-0.33477,0.82730,0,0.05529,0.02892
8.3936,-0.04806,-0.02669,0.04053,0.02122,-0.10583,-0.05477,-0.00779,-0.00000,0.00000,0.00000,0.00000,0.00000,0.00000,-0.33478,0.82727,0,0.05529,0.02892
8.3956,-0.04806,-0.02669,0.04031,0.02111,-0.10651,-0.05512,-0.00779,-0.00000,0.00000,0.00000,0.00000,0.00000,0.00000,-0.33482,0.82722,0,0.05529,0.02892
8.3976,-0.04806,-0.02669,0.04010,0.02100,-0.10718,-0.05548,-0.00779,-0.00000,0.00000,0.00000,0.00000,0.00000,0.00000,-0.33479,0.82728,0,0.05529,0.02892
8.3996,-0.04806,-0.02669,0.03988,0.02089,-0.10785,-0.05583,-0.00779,-0.00000,0.00000,0.00000,0.00000,0.00000,0.00000,-0.33480,0.82731,0,0.05529,0.02892
8.4016,-0.04806,-0.02669,0.03967,0.02078,-0.10851,-0.05617,-0.00779,-0.00000,0.00000,0.00000,0.00000,0.00000,0.00000,-0.33477,0.82728,0,0.05529,0.02892
8.4036,-0.04806,-0.02669,0.03945,0.02067,-0.10917,-0.05652,-0.00779,-0.00000,0.00000,0.00000,0.00000,0.00000,0.00000,-0.33479,0.82728,0,0.05529,0.02892
8.4056,-0.04806,-0.02669,0.03923,0.02055,-0.10983,-0.05686,-0.00779,-0.00000,0.00000,0.00000,0.00000,0.00000,0.00000,-0.33481,0.82730,0,0.05529,0.02892
8.4077,-0.04806,-0.02669,0.03901,0.02044,-0.11048,-0.05721,-0.00779,-0.00000,0.00000,0.00000,0.00000,0.00000,0.00000,-0.33477,0.82726,0,0.05529,0.02892
8.4097,-0.04806,-0.02669,0.03879,0.02033,-0.11113,-0.05755,-0.00779,-0.00000,0.00000,0.00000,0.00000,0.00000,0.00000,-0.33479,0.82727,0,0.05529,0.02892
8.4117,-0.04806,-0.02669,0.03857,0.02021,-0.11178,-0.05788,-0.00779,-0.00000,0.00000,0.00000,0.00000,0.00000,0.00000,-0.33480,0.82730,0,0.05529,0.02892
8.4137,-0.04806,-0.02669,0.03834,0.02009,-0.11242,-0.05822,-0.00779,-0.00000,0.00000,0.00000,0.00000,0.00000,0.00000,-0.33482,0.82730,0,0.05529,0.02892
8.4157,-0.04806,-0.02669,0.03812,0.01998,-0.11306,-0.05856,-0.00779,-0.00000,0.00000,0.00000,0.00000,0.00000,0.00000,-0.33478,0.82726,0,0.05529,0.02892
8.4177,-0.04805,-0.02654,0.04465,0.02340,-0.09076,-0.04688,-0.01027,-0.00000,0.00000,0.00000,0.00000,0.00000,0.00000,-0.33476,0.82729,0,0.05528,0.02894
8.4197,-0.04805,-0.02654,0.04446,0.02330,-0.09150,-0.04727,-0.01027,-0.00000,0.00000,0.00000,0.00000,0.00000,0.00000,-0.33476,0.82729,0,0.05528,0.02894
8.4217,-0.04805,-0.02654,0.04428,0.02321,-0.09224,-0.04766,-0.01027,-0.00000,0.00000,0.00000,0.00000,0.00000,0.00000,-0.33479,0.82727,0,0.05528,0.02894
8.4237,-0.04805,-0.02654,0.04409,0.02311,-0.09298,-0.04805,-0.01027,-0.00000,0.00000,0.00000,0.00000,0.00000,0.00000,-0.33483,0.82726,0,0.05528,0.02894
8.4257,-0.04805,-0.02654,0.04391,0.02301,-0.09372,-0.04843,-0.01027,-0.00000,0.00000,0.00000,0.00000,0.00000,0.00000,-0.33475,0.82731,0,0.05528,0.02894
8.4277,-0.04805,-0.02654,0.04372,0.02292,-0.09445,-0.04882,-0.01027,-0.00000,0.00000,0.00000,0.00000,0.00000,0.00000,-0.33479,0.82731,0,0.05528,0.02894
8.4297,-0.04805,-0.02654,0.04353,0.02282,-0.09518,-0.04920,-0.01027,-0.00000,0.00000,0.00000,0.00000,0.00000,0.00000,-0.33478,0.82732,0,0.05528,0.02894
8.4317,-0.04805,-0.02654,0.04334,0.02272,-0.09590,-0.04958,-0.01027,-0.00000,0.00000,0.00000,0.00000,0.00000,0.00000,-0.33474,0.82730,0,0.05528,0.02894
8.4337,-0.04805,-0.02654,0.04315,0.02262,-0.09663,-0.04996,-0.01027,-0.00000,0.00000,0.00000,0.00000,0.00000,0.00000,-0.33480,0.82724,0,0.05528,0.02894
8.4357,-0.04805,-0.02654,0.04295,0.02252,-0.09734,-0.05034,-0.01027,-0.00000,0.00000,0.00000,0.00000,0.00000,0.00000,-0.33471,0.82732,0,0.05528,0.02894
8.4377,-0.04805,-0.02654,0.04276,0.02242,-0.09806,-0.05071,-0.01027,-0.00000,0.00000,0.00000,0.00000,0.00000,0.00000,-0.33479,0.82727,0,0.05528,0.02894
8.4397,-0.04805,-0.02654,0.04256,0.02232,-0.09877,-0.05109,-0.01027,-0.00000,0.00000,0.00000,0.00000,0.00000,0.00000,-0.33478,0.82726,0,0.05528,0.02894
8.4417,-0.04805,-0.02654,0.04236,0.02222,-0.09948,-0.05146,-0.01027,-0.00000,0.00000,0.00000,0.00000,0.00000,0.00000,-0.33481,0.82729,0,0.05528,0.02894
8.4437,-0.04805,-0.02654,0.04216,0.02211,-0.10019,-0.05183,-0.01027,-0.00000,0.00000,0.00000,0.00000,0.00000,0.00000,-0.33475,0.82727,0,0.05528,0.02894
8.4457,-0.04805,-0.02654,0.04196,0.02201,-0.10089,-0.05220,-0.01027,-0.00000,0.00000,0.00000,0.00000,0.00000,0.00000,-0.33476,0.82726,0,0.05528,0.02894
8.4477,-0.04805,-0.02654,0.04176,0.02190,-0.10159,-0.05256,-0.01027,-0.00000,0.00000,0.00000,0.00000,0.00000,0.00000,-0.33483,0.82723,0,0.05528,0.02894
8.4497,-0.04805,-0.02654,0.04155,0.02180,-0.10229,-0.05293,-0.01027,-0.00000,0.00000,0.00000,0.00000,0.00000,0.00000,-0.33479,0.82727,0,0.05528,0.02894
8.4517,-0.04805,-0.02654,0.04135,0.02169,-0.10298,-0.05329,-0.01027,-0.00000,0.00000,0.00000,0.00000,0.00000,0.00000,-0.33480,0.82726,0,0.05528,0.02894
8.4537,-0.04805,-0.02654,0.04114,0.02158,-0.10367,-0.05365,-0.01027,-0.00000,0.00000,0.00000,0.00000,0.00000,0.00000,-0.33483,0.82726,0,0.05528,0.02894
8.4557,-0.04805,-0.02654,0.04093,0.02148,-0.10435,-0.05401,-0.01027,-0.00000,0.00000,0.00000,0.00000,0.00000,0.00000,-0.33478,0.82729,0,0.05528,0.02894
8.4577,-0.04805,-0.02654,0.04073,0.02137,-0.10504,-0.05437,-0.01027,-0.00000,0.00000,0.00000,0.00000,0.00000,0.00000,-0.33478,0.82726,0,0.05528,0.02894
8.4597,-0.04805,-0.02654,0.04051,0.02126,-0.10571,-0.05473,-0.01027,-0.00000,0.00000,0.00000,0.00000,0.00000,0.00000,-0.33477,0.82728,0,0.05528,0.02894
8.4617,-0.04805,-0.02654,0.04030,0.02115,-0.10639,-0.05508,-0.01027,-0.00000,0.00000,0.00000,0.00000,0.00000,0.00000,-0.33480,0.82727,0,0.05528,0.02894
8.4637,-0.04805,-0.02654,0.04009,0.02104,-0.10706,-0.05543,-0.01027,-0.00000,0.00000,0.00000,0.00000,0.00000,0.00000,-0.33480,0.82728,0,0.05528,0.02894
8.4657,-0.04805,-0.02654,0.03987,0.02093,-0.10773,-0.05578,-0.01027,-0.00000,0.00000,0.00000,0.00000,0.00000,0.00000,-0.33476,0.82729,0,0.05528,0.02894
8.4677,-0.04805,-0.02654,0.03966,0.02082,-0.10839,-0.05613,-0.01027,-0.00000,0.00000,0.00000,0.00000,0.00000,0.00000,-0.33481,0.82727,0,0.05528,0.02894
8.4697,-0.04805,-0.02654,0.03944,0.02070,-0.10905,-0.05648,-0.01027,-0.00000,0.00000,0.00000,0.00000,0.00000,0.00000,-0.33480,0.82728,0,0.05528,0.02894
8.4717,-0.04805,-0.02654,0.03922,0.02059,-0.10971,-0.05682,-0.01027,-0.00000,0.00000,0.00000,0.00000,0.00000,0.00000,-0.33480,0.82731,0,0.05528,0.02894
8.4737,-0.04805,-0.02654,0.03900,0.02048,-0.11036,-0.05717,-0.01027,-0.00000,0.00000,0.00000,0.00000,0.00000,0.00000,-0.33481,0.82728,0,0.05528,0.02894
8.4757,-0.04805,-0.02654,0.03878,0.02036,-0.11101,-0.05751,-0.01027,-0.00000,0.00000,0.00000,0.00000,0.00000,0.00000,-0.33477,0.82730,0,0.05528,0.02894
8.4777,-0.04805,-0.02654,0.03856,0.02025,-0.11166,-0.05785,-0.01027,-0.00000,0.00000,0.00000,0.00000,0.00000,0.00000,-0.33480,0.82728,0,0.05528,0.02894
8.4797,-0.04805,-0.02654,0.03833,0.02013,-0.11230,-0.05818,-0.01027,-0.00000,0.00000,0.00000,0.00000,0.00000,0.00000,-0.33474,0.82728,0,0.05528,0.02894
8.4817,-0.04805,-0.02654,0.03811,0.02001,-0.11294,-0.05852,-0.01027,-0.00000,0.00000,0.00000,0.00000,0.00000,0.00000,-0.33481,0.82727,0,0.05528,0.02894
8.4837,-0.04805,-0.02654,0.03788,0.01990,-0.11357,-0.05885,-0.01027,-0.00000,0.00000,0.00000,0.00000,0.00000,0.00000,-0.33477,0.82729,0,0.05528,0.02894
8.4857,-0.04804,-0.02655,0.04475,0.02345,-0.08996,-0.04664,-0.00967,-0.00000,0.00000,0.00000,0.00000,0.00000,0.00000,-0.33480,0.82726,0,0.05536,0.02894
8.4877,-0.04804,-0.02655,0.04457,0.02336,-0.09071,-0.04703,-0.00967,-0.00000,0.00000,0.00000,0.00000,0.00000,0.00000,-0.33480,0.82726,0,0.05536,0.02894
8.4897,-0.04804,-0.02655,0.04439,0.02326,-0.09145,-0.04742,-0.00967,-0.00000,0.00000,0.00000,0.00000,0.00000,0.00000,-0.33481,0.82727,0,0.05536,0.02894
8.4917,-0.04804,-0.02655,0.04421,0.02317,-0.09219,-0.04781,-0.00967,-0.00000,0.00000,0.00000,0.00000,0.00000,0.00000,-0.33477,0.82725,0,0.05536,0.02894
8.4937,-0.04804,-0.02655,0.04402,0.02307,-0.09293,-0.04820,-0.00967,-0.00000,0.00000,0.00000,0.00000,0.00000,0.00000,-0.33476,0.82730,0,0.05536,0.02894
8.4957,-0.04804,-0.02655,0.04383,0.02297,-0.09366,-0.04858,-0.00967,-0.00000,0.00000,0.00000,0.00000,0.00000,0.00000,-0.33476,0.82730,0,0.05536,0.02894
8.4977,-0.04804,-0.02655,0.04365,0.02288,-0.09440,-0.04897,-0.00967,-0.00000,0.00000,0.00000,0.00000,0.00000,0.00000,-0.33475,0.82730,0,0.05536,0.02894
8.4997,-0.04804,-0.02655,0.04346,0.02278,-0.09512,-0.04935,-0.00967,-0.00000,0.00000,0.00000,0.00000,0.00000,0.00000,-0.33480,0.82729,0,0.05536,0.02894
8.5017,-0.04804,-0.02655,0.04327,0.02268,-0.09585,-0.04973,-0.00967,-0.00000,0.00000,0.00000,0.00000,0.00000,0.00000,-0.33478,0.82733,0,0.05536,0.02894
8.5037,-0.04804,-0.02655,0.04307,0.02258,-0.09657,-0.05011,-0.00967,-0.00000,0.00000,0.00000,0.00000,0.00000,0.00000,-0.33476,0.82729,0,0.05536,0.02894
8.5057,-0.04804,-0.02655,0.04288,0.02248,-0.09729,-0.05048,-0.00967,-0.00000,0.00000,0.00000,0.00000,0.00000,0.00000,-0.33481,0.82728,0,0.05536,0.02894
8.5077,-0.04804,-0.02655,0.04268,0.02238,-0.09800,-0.05086,-0.00967,-0.00000,0.00000,0.00000,0.00000,0.00000,0.00000,-0.33480,0.82728,0,0.05536,0.02894
8.5098,-0.04804,-0.02655,0.04249,0.02228,-0.09871,-0.05123,-0.00967,-0.00000,0.00000,0.00000,0.00000,0.00000,0.00000,-0.33481,0.82727,0,0.05536,0.02894
8.5118,-0.04804,-0.02655,0.04229,0.02217,-0.09942,-0.05160,-0.00967,-0.00000,0.00000,0.00000,0.00000,0.00000,0.00000,-0.33478,0.82728,0,0.05536,0.02894
8.5138,-0.04804,-0.02655,0.04209,0.02207,-0.10013,-0.05197,-0.00967,-0.00000,0.00000,0.00000,0.00000,0.00000,0.00000,-0.33474,0.82730,0,0.05536,0.02894
8.5158,-0.04804,-0.02655,0.04189,0.02196,-0.10083,-0.05234,-0.00967,-0.00000,0.00000,0.00000,0.00000,0.00000,0.00000,-0.33482,0.82732,0,0.05536,0.02894
8.5178,-0.04804,-0.02655,0.04169,0.02186,-0.10153,-0.05271,-0.00967,-0.00000,0.00000,0.00000,0.00000,0.00000,0.00000,-0.33482,0.82727,0,0.05536,0.02894
8.5198,-0.04804,-0.02655,0.04148,0.02175,-0.10222,-0.05307,-0.00967,-0.00000,0.00000,0.00000,0.00000,0.00000,0.00000,-0.33476,0.82730,0,0.05536,0.02894
8.5218,-0.04804,-0.02655,0.04128,0.02165,-0.10291,-0.05343,-0.00967,-0.00000,0.00000,0.00000,0.00000,0.00000,0.00000,-0.33479,0.82729,0,0.05536,0.02894
8.5238,-0.04804,-0.02655,0.04107,0.02154,-0.10360,-0.05379,-0.00967,-0.00000,0.00000,0.00000,0.00000,0.00000,0.00000,-0.33484,0.82726,0,0.05536,0.02894
8.5258,-0.04804,-0.02655,0.04086,0.02143,-0.10428,-0.05415,-0.00967,-0.00000,0.00000,0.00000,0.00000,0.00000,0.00000,-0.33479,0.82728,0,0.05536,0.02894
8.5278,-0.04804,-0.02655,0.04065,0.02132,-0.10497,-0.05451,-0.00967,-0.00000,0.00000,0.00000,0.00000,0.00000,0.00000,-0.33482,0.82730,0,0.05536,0.02894
8.5298,-0.04804,-0.02655,0.04044,0.02121,-0.10564,-0.05486,-0.00967,-0.00000,0.00000,0.00000,0.00000,0.00000,0.00000,-0.33480,0.82729,0,0.05536,0.02894
8.5318,-0.04804,-0.02655,0.04023,0.02110,-0.10632,-0.05522,-0.00967,-0.00000,0.00000,0.00000,0.00000,0.00000,0.00000,-0.33482,0.82725,0,0.05536,0.02894
8.5338,-0.04804,-0.02655,0.04002,0.02099,-0.10699,-0.05557,-0.00967,-0.00000,0.00000,0.00000,0.00000,0.00000,0.00000,-0.33480,0.82731,0,0.05536,0.02894
8.5358,-0.04804,-0.02655,0.03980,0.02088,-0.10765,-0.05592,-0.00967,-0.00000,0.00000,0.00000,0.00000,0.00000,0.00000,-0.33476,0.82727,0,0.05536,0.02894
8.5378,-0.04804,-0.02655,0.03959,0.02077,-0.10832,-0.05627,-0.00967,-0.00000,0.00000,0.00000,0.00000,0.00000,0.00000,-0.33476,0.82731,0,0.05536,0.02894
8.5398,-0.04804,-0.02655,0.03937,0.02066,-0.10897,-0.05661,-0.00967,-0.00000,0.00000,0.00000,0.00000,0.00000,0.00000,-0.33480,0.82727,0,0.05536,0.02894
8.5418,-0.04804,-0.02655,0.03915,0.02054,-0.10963,-0.05696,-0.00967,-0.00000,0.00000,0.00000,0.00000,0.00000,0.00000,-0.33480,0.82727,0,0.05536,0.02894
8.5438,-0.04804,-0.02655,0.03893,0.02043,-0.11028,-0.05730,-0.00967,-0.00000,0.00000,0.00000,0.00000,0.00000,0.00000,-0.33480,0.82730,0,0.05536,0.02894
8.5458,-0.04804,-0.02655,0.03871,0.02031,-0.11093,-0.05764,-0.00967,-0.00000,0.00000,0.00000,0.00000,0.00000,0.00000,-0.33479,0.82731,0,0.05536,0.02894
8.5478,-0.04804,-0.02655,0.03849,0.02020,-0.11157,-0.05798,-0.00967,-0.00000,0.00000,0.00000,0.00000,0.00000,0.00000,-0.33479,0.82726,0,0.05536,0.02894
8.5498,-0.04805,-0.02649,0.04493,0.02349,-0.08945,-0.04667,-0.00862,-0.00000,0.00000,0.00000,0.00000,0.00000,0.00000,-0.33477,0.82727,0,0.05532,0.02884
8.5518,-0.04805,-0.02649,0.04475,0.02340,-0.09020,-0.04706,-0.00862,-0.00000,0.00000,0.00000,0.00000,0.00000,0.00000,-0.33477,0.82727,0,0.05532,0.02884
8.5538,-0.04805,-0.02649,0.04457,0.02330,-0.09095,-0.04745,-0.00862,-0.00000,0.00000,0.00000,0.00000,0.00000,0.00000,-0.33477,0.82731,0,0.05532,0.02884
8.5558,-0.04805,-0.02649,0.04438,0.02321,-0.09169,-0.04784,-0.00862,-0.00000,0.00000,0.00000,0.00000,0.00000,0.00000,-0.33474,0.82731,0,0.05532,0.02884
8.5578,-0.04805,-0.02649,0.04420,0.02311,-0.09243,-0.04823,-0.00862,-0.00000,0.00000,0.00000,0.00000,0.00000,0.00000,-0.33475,0.82731,0,0.05532,0.02884
8.5599,-0.04805,-0.02649,0.04401,0.02301,-0.09317,-0.04861,-0.00862,-0.00000,0.00000,0.00000,0.00000,0.00000,0.00000,-0.33481,0.82726,0,0.05532,0.02884
8.5619,-0.04805,-0.02649,0.04383,0.02291,-0.09390,-0.04900,-0.00862,-0.00000,0.00000,0.00000,0.00000,0.00000,0.00000,-0.33478,0.82726,0,0.05532,0.02884
8.5639,-0.04805,-0.02649,0.04364,0.02282,-0.09463,-0.04938,-0.00862,-0.00000,0.00000,0.00000,0.00000,0.00000,0.00000,-0.33479,0.82730,0,0.05532,0.02884
8.5659,-0.04805,-0.02649,0.04345,0.02272,-0.09536,-0.04976,-0.00862,-0.00000,0.00000,0.00000,0.00000,0.00000,0.00000,-0.33479,0.82726,0,0.05532,0.02884
8.5679,-0.04805,-0.02649,0.04326,0.02262,-0.09608,-0.05014,-0.00862,-0.00000,0.00000,0.00000,0.00000,0.00000,0.00000,-0.33484,0.82727,0,0.05532,0.02884
8.5699,-0.04805,-0.02649,0.04306,0.02252,-0.09680,-0.05052,-0.00862,-0.00000,0.00000,0.00000,0.00000,0.00000,0.00000,-0.33479,0.82728,0,0.05532,0.02884
8.5719,-0.04805,-0.02649,0.04287,0.02242,-0.09752,-0.05089,-0.00862,-0.00000,0.00000,0.00000,0.00000,0.00000,0.00000,-0.33478,0.82728,0,0.05532,0.02884
8.5739,-0.04805,-0.02649,0.04267,0.02231,-0.09824,-0.05127,-0.00862,-0.00000,0.00000,0.00000,0.00000,0.00000,0.00000,-0.33478,0.82729,0,0.05532,0.02884
8.5759,-0.04805,-0.02649,0.04248,0.02221,-0.09895,-0.05164,-0.00862,-0.00000,0.00000,0.00000,0.00000,0.00000,0.00000,-0.33479,0.82728,0,0.05532,0.02884
8.5779,-0.04805,-0.02649,0.04228,0.02211,-0.09966,-0.05201,-0.00862,-0.00000,0.00000,0.00000,0.00000,0.00000,0.00000,-0.33476,0.82730,0,0.05532,0.02884
8.5799,-0.04805,-0.02649,0.04208,0.02200,-0.10036,-0.05238,-0.00862,-0.00000,0.00000,0.00000,0.00000,0.00000,0.00000,-0.33475,0.82728,0,0.05532,0.02884
8.5819,-0.04805,-0.02649,0.04188,0.02190,-0.10106,-0.05274,-0.00862,-0.00000,0.00000,0.00000,0.00000,0.00000,0.00000,-0.33478,0.82728,0,0.05532,0.02884
8.5839,-0.04805,-0.02649,0.04167,0.02179,-0.10176,-0.05311,-0.00862,-0.00000,0.00000,0.00000,0.00000,0.00000,0.00000,-0.33478,0.82728,0,0.05532,0.02884
8.5859,-0.04805,-0.02649,0.04147,0.02168,-0.10245,-0.05347,-0.00862,-0.00000,0.00000,0.00000,0.00000,0.00000,0.00000,-0.33479,0.82730,0,0.05532,0.02884
8.5879,-0.04805,-0.02649,0.04126,0.02158,-0.10315,-0.05383,-0.00862,-0.00000,0.00000,0.00000,0.00000,0.00000,0.00000,-0.33479,0.82728,0,0.05532,0.02884
8.5899,-0.04805,-0.02649,0.04106,0.02147,-0.10383,-0.05419,-0.00862,-0.00000,0.00000,0.00000,0.00000,0.00000,0.00000,-0.33478,0.82724,0,0.05532,0.02884
8.5919,-0.04805,-0.02649,0.04085,0.02136,-0.10452,-0.05455,-0.00862,-0.00000,0.00000,0.00000,0.00000,0.00000,0.00000,-0.33476,0.82730,0,0.05532,0.02884
8.5939,-0.04805,-0.02649,0.04064,0.02125,-0.10520,-0.05491,-0.00862,-0.00000,0.00000,0.00000,0.00000,0.00000,0.00000,-0.33475,0.82730,0,0.05532,0.02884
8.5959,-0.04805,-0.02649,0.04043,0.02114,-0.10587,-0.05526,-0.00862,-0.00000,0.00000,0.00000,0.00000,0.00000,0.00000,-0.33479,0.82728,0,0.05532,0.02884
8.5979,-0.04805,-0.02649,0.04021,0.02103,-0.10655,-0.05561,-0.00862,-0.00000,0.00000,0.00000,0.00000,0.00000,0.00000,-0.33481,0.82729,0,0.05532,0.02884
8.5999,-0.04805,-0.02649,0.04000,0.02092,-0.10722,-0.05596,-0.00862,-0.00000,0.00000,0.00000,0.00000,0.00000,0.00000,-0.33481,0.82726,0,0.05532,0.02884
8.6020,-0.04805,-0.02649,0.03979,0.02081,-0.10788,-0.05631,-0.00862,-0.00000,0.00000,0.00000,0.00000,0.00000,0.00000,-0.33477,0.82730,0,0.05532,0.02884
8.6040,-0.04805,-0.02649,0.03957,0.02069,-0.10855,-0.05666,-0.00862,-0.00000,0.00000,0.00000,0.00000,0.00000,0.00000,-0.33480,0.82726,0,0.05532,0.02884
8.6060,-0.04805,-0.02649,0.03935,0.02058,-0.10921,-0.05700,-0.00862,-0.00000,0.00000,0.00000,0.00000,0.00000,0.00000,-0.33478,0.82727,0,0.05532,0.02884
8.6080,-0.04805,-0.02649,0.03913,0.02047,-0.10986,-0.05734,-0.00862,-0.00000,0.00000,0.00000,0.00000,0.00000,0.00000,-0.33481,0.82730,0,0.05532,0.02884
8.6100,-0.04805,-0.02649,0.03891,0.02035,-0.11051,-0.05768,-0.00862,-0.00000,0.00000,0.00000,0.00000,0.00000,0.00000,-0.33478,0.82728,0,0.05532,0.02884
8.6120,-0.04805,-0.02649,0.03869,0.02023,-0.11116,-0.05802,-0.00862,-0.00000,0.00000,0.00000,0.00000,0.00000,0.00000,-0.33477,0.82729,0,0.05532,0.02884
8.6140,-0.04805,-0.02649,0.03847,0.02012,-0.11180,-0.05836,-0.00862,-0.00000,0.00000,0.00000,0.00000,0.00000,0.00000,-0.33477,0.82729,0,0.05532,0.02884
8.6160,-0.04805,-0.02649,0.03824,0.02000,-0.11244,-0.05869,-0.00862,-0.00000,0.00000,0.00000,0.00000,0.00000,0.00000,-0.33479,0.82730,0,0.05532,0.02884
8.6180,-0.04812,-0.02633,0.04489,0.02335,-0.08957,-0.04717,-0.00528,-0.00000,0.00000,0.00000,0.00000,0.00000,0.00000,-0.33476,0.82732,0,0.05539,0.02873
8.6200,-0.04812,-0.02633,0.04471,0.02326,-0.09032,-0.04756,-0.00528,-0.00000,0.00000,0.00000,0.00000,0.00000,0.00000,-0.33476,0.82732,0,0.05539,0.02873
8.6220,-0.04812,-0.02633,0.04453,0.02316,-0.09107,-0.04794,-0.00528,-0.00000,0.00000,0.00000,0.00000,0.00000,0.00000,-0.33478,0.82729,0,0.05539,0.02873
8.6240,-0.04812,-0.02633,0.04435,0.02307,-0.09181,-0.04833,-0.00528,-0.00000,0.00000,0.00000,0.00000,0.00000,0.00000,-0.33475,0.82728,0,0.05539,0.02873
8.6260,-0.04812,-0.02633,0.04416,0.02297,-0.09255,-0.04872,-0.00528,-0.00000,0.00000,0.00000,0.00000,0.00000,0.00000,-0.33478,0.82728,0,0.05539,0.02873
8.6280,-0.04812,-0.02633,0.04398,0.02287,-0.09329,-0.04910,-0.00528,-0.00000,0.00000,0.00000,0.00000,0.00000,0.00000,-0.33480,0.82726,0,0.05539,0.02873
8.6301,-0.04812,-0.02633,0.04379,0.02277,-0.09402,-0.04948,-0.00528,-0.00000,0.00000,0.00000,0.00000,0.00000,0.00000,-0.33475,0.82727,0,0.05539,0.02873
8.6321,-0.04812,-0.02633,0.04360,0.02267,-0.09475,-0.04986,-0.00528,-0.00000,0.00000,0.00000,0.00000,0.00000,0.00000,-0.33480,0.82729,0,0.05539,0.02873
8.6341,-0.04812,-0.02633,0.04341,0.02257,-0.09548,-0.05024,-0.00528,-0.00000,0.00000,0.00000,0.00000,0.00000,0.00000,-0.33477,0.82731,0,0.05539,0.02873
8.6361,-0.04812,-0.02633,0.04322,0.02247,-0.09620,-0.05061,-0.00528,-0.00000,0.00000,0.00000,0.00000,0.00000,0.00000,-0.33477,0.82731,0,0.05539,0.02873
8.6381,-0.04812,-0.02633,0.04303,0.02237,-0.09692,-0.05099,-0.00528,-0.00000,0.00000,0.00000,0.00000,0.00000,0.00000,-0.33481,0.82728,0,0.05539,0.02873
8.6401,-0.04812,-0.02633,0.04283,0.02227,-0.09764,-0.05136,-0.00528,-0.00000,0.00000,0.00000,0.00000,0.00000,0.00000,-0.33481,0.82729,0,0.05539,0.02873
8.6421,-0.04812,-0.02633,0.04264,0.02216,-0.09835,-0.05173,-0.00528,-0.00000,0.00000,0.00000,0.00000,0.00000,0.00000,-0.33480,0.82730,0,0.05539,0.02873
8.6441,-0.04812,-0.02633,0.04244,0.02206,-0.09906,-0.05210,-0.00528,-0.00000,0.00000,0.00000,0.00000,0.00000,0.00000,-0.33479,0.82727,0,0.05539,0.02873
8.6461,-0.04812,-0.02633,0.04224,0.02196,-0.09977,-0.05247,-0.00528,-0.00000,0.00000,0.00000,0.00000,0.00000,0.00000,-0.33478,0.82728,0,0.05539,0.02873
8.6481,-0.04812,-0.02633,0.04204,0.02185,-0.10048,-0.05284,-0.00528,-0.00000,0.00000,0.00000,0.00000,0.00000,0.00000,-0.33476,0.82731,0,0.05539,0.02873
8.6501,-0.04812,-0.02633,0.04184,0.02174,-0.10118,-0.05320,-0.00528,-0.00000,0.00000,0.00000,0.00000,0.00000,0.00000,-0.33476,0.82730,0,0.05539,0.02873
8.6521,-0.04812,-0.02633,0.04164,0.02164,-0.10187,-0.05356,-0.00528,-0.00000,0.00000,0.00000,0.00000,0.00000,0.00000,-0.33480,0.82729,0,0.05539,0.02873
8.6541,-0.04812,-0.02633,0.04143,0.02153,-0.10257,-0.05392,-0.00528,-0.00000,0.00000,0.00000,0.00000,0.00000,0.00000,-0.33477,0.82730,0,0.05539,0.02873
8.6561,-0.04812,-0.02633,0.04122,0.02142,-0.10326,-0.05428,-0.00528,-0.00000,0.00000,0.00000,0.00000,0.00000,0.00000,-0.33476,0.82729,0,0.05539,0.02873
8.6581,-0.04812,-0.02633,0.04102,0.02131,-0.10394,-0.05464,-0.00528,-0.00000,0.00000,0.00000,0.00000,0.00000,0.00000,-0.33478,0.82730,0,0.05539,0.02873
8.6601,-0.04812,-0.02633,0.04081,0.02120,-0.10463,-0.05499,-0.00528,-0.00000,0.00000,0.00000,0.00000,0.00000,0.00000,-0.33478,0.82729,0,0.05539,0.02873
8.6621,-0.04812,-0.02633,0.04060,0.02109,-0.10531,-0.05535,-0.00528,-0.00000,0.00000,0.00000,0.00000,0.00000,0.00000,-0.33478,0.82727,0,0.05539,0.02873
8.6641,-0.04812,-0.02633,0.04039,0.02098,-0.10598,-0.05570,-0.00528,-0.00000,0.00000,0.00000,0.00000,0.00000,0.00000,-0.33480,0.82730,0,0.05539,0.02873
8.6661,-0.04812,-0.02633,0.04018,0.02087,-0.10666,-0.05605,-0.00528,-0.00000,0.00000,0.00000,0.00000,0.00000,0.00000,-0.33475,0.82731,0,0.05539,0.02873
8.6681,-0.04812,-0.02633,0.03996,0.02076,-0.10733,-0.05639,-0.00528,-0.00000,0.00000,0.00000,0.00000,0.00000,0.00000,-0.33479,0.82727,0,0.05539,0.02873
8.6701,-0.04812,-0.02633,0.03975,0.02065,-0.10799,-0.05674,-0.00528,-0.00000,0.00000,0.00000,0.00000,0.00000,0.00000,-0.33478,0.82729,0,0.05539,0.02873
8.6721,-0.04812,-0.02633,0.03953,0.02053,-0.10865,-0.05708,-0.00528,-0.00000,0.00000,0.00000,0.00000,0.00000,0.00000,-0.33479,0.82724,0,0.05539,0.02873
8.6742,-0.04812,-0.02633,0.03931,0.02042,-0.10931,-0.05743,-0.00528,-0.00000,0.00000,0.00000,0.00000,0.00000,0.00000,-0.33478,0.82728,0,0.05539,0.02873
8.6762,-0.04812,-0.02633,0.03909,0.02030,-0.10997,-0.05777,-0.00528,-0.00000,0.00000,0.00000,0.00000,0.00000,0.00000,-0.33481,0.82727,0,0.05539,0.02873
8.6782,-0.04812,-0.02633,0.03887,0.02019,-0.11062,-0.05810,-0.00528,-0.00000,0.00000,0.00000,0.00000,0.00000,0.00000,-0.33481,0.82729,0,0.05539,0.02873
8.6802,-0.04812,-0.02633,0.03865,0.02007,-0.11126,-0.05844,-0.00528,-0.00000,0.00000,0.00000,0.00000,0.00000,0.00000,-0.33479,0.82731,0,0.05539,0.02873
8.6822,-0.04812,-0.02633,0.03843,0.01995,-0.11191,-0.05877,-0.00528,-0.00000,0.00000,0.00000,0.00000,0.00000,0.00000,-0.33480,0.82731,0,0.05539,0.02873
8.6842,-0.04802,-0.02660,0.04489,0.02341,-0.08968,-0.04687,-0.00883,-0.00000,0.00000,0.00000,0.00000,0.00000,0.00000,-0.33477,0.82728,0,0.05525,0.02892
8.6862,-0.04802,-0.02660,0.04471,0.02332,-0.09042,-0.04726,-0.00883,-0.00000,0.00000,0.00000,0.00000,0.00000,0.00000,-0.33477,0.82728,0,0.05525,0.02892
8.6882,-0.04802,-0.02660,0.04452,0.02322,-0.09117,-0.04765,-0.00883,-0.00000,0.00000,0.00000,0.00000,0.00000,0.00000,-0.33479,0.82729,0,0.05525,0.02892
8.6902,-0.04802,-0.02660,0.04434,0.02313,-0.09191,-0.04804,-0.00883,-0.00000,0.00000,0.00000,0.00000,0.00000,0.00000,-0.33480,0.82729,0,0.05525,0.02892
8.6922,-0.04802,-0.02660,0.04416,0.02303,-0.09265,-0.04842,-0.00883,-0.00000,0.00000,0.00000,0.00000,0.00000,0.00000,-0.33479,0.82731,0,0.05525,0.02892
8.6942,-0.04802,-0.02660,0.04397,0.02293,-0.09339,-0.04881,-0.00883,-0.00000,0.00000,0.00000,0.00000,0.00000,0.00000,-0.33479,0.82731,0,0.05525,0.02892
8.6963,-0.04802,-0.02660,0.04378,0.02283,-0.09412,-0.04919,-0.00883,-0.00000,0.00000,0.00000,0.00000,0.00000,0.00000,-0.33479,0.82730,0,0.05525,0.02892
8.6983,-0.04802,-0.02660,0.04359,0.02274,-0.09485,-0.04957,-0.00883,-0.00000,0.00000,0.00000,0.00000,0.00000,0.00000,-0.33479,0.82730,0,0.05525,0.02892
8.7003,-0.04802,-0.02660,0.04340,0.02264,-0.09558,-0.04995,-0.00883,-0.00000,0.00000,0.00000,0.00000,0.00000,0.00000,-0.33479,0.82730,0,0.05525,0.02892
8.7023,-0.04802,-0.02660,0.04321,0.02254,-0.09630,-0.05033,-0.00883,-0.00000,0.00000,0.00000,0.00000,0.00000,0.00000,-0.33479,0.82728,0,0.05525,0.02892
8.7043,-0.04802,-0.02660,0.04302,0.02243,-0.09702,-0.05070,-0.00883,-0.00000,0.00000,0.00000,0.00000,0.00000,0.00000,-0.33478,0.82731,0,0.05525,0.02892
8.7063,-0.04802,-0.02660,0.04282,0.02233,-0.09774,-0.05108,-0.00883,-0.00000,0.00000,0.00000,0.00000,0.00000,0.00000,-0.33482,0.82730,0,0.05525,0.02892
8.7083,-0.04802,-0.02660,0.04263,0.02223,-0.09845,-0.05145,-0.00883,-0.00000,0.00000,0.00000,0.00000,0.00000,0.00000,-0.33482,0.82728,0,0.05525,0.02892
8.7103,-0.04802,-0.02660,0.04243,0.02213,-0.09917,-0.05182,-0.00883,-0.00000,0.00000,0.00000,0.00000,0.00000,0.00000,-0.33479,0.82732,0,0.05525,0.02892
8.7124,-0.04802,-0.02660,0.04223,0.02202,-0.09987,-0.05219,-0.00883,-0.00000,0.00000,0.00000,0.00000,0.00000,0.00000,-0.33479,0.82730,0,0.05525,0.02892
8.7143,-0.04802,-0.02660,0.04203,0.02192,-0.10058,-0.05256,-0.00883,-0.00000,0.00000,0.00000,0.00000,0.00000,0.00000,-0.33482,0.82727,0,0.05525,0.02892
8.7164,-0.04802,-0.02660,0.04183,0.02181,-0.10128,-0.05292,-0.00883,-0.00000,0.00000,0.00000,0.00000,0.00000,0.00000,-0.33482,0.82724,0,0.05525,0.02892
8.7184,-0.04802,-0.02660,0.04163,0.02171,-0.10197,-0.05328,-0.00883,-0.00000,0.00000,0.00000,0.00000,0.00000,0.00000,-0.33474,0.82727,0,0.05525,0.02892
8.7204,-0.04802,-0.02660,0.04142,0.02160,-0.10267,-0.05365,-0.00883,-0.00000,0.00000,0.00000,0.00000,0.00000,0.00000,-0.33476,0.82727,0,0.05525,0.02892
8.7224,-0.04802,-0.02660,0.04121,0.02149,-0.10336,-0.05401,-0.00883,-0.00000,0.00000,0.00000,0.00000,0.00000,0.00000,-0.33480,0.82726,0,0.05525,0.02892
8.7244,-0.04802,-0.02660,0.04101,0.02138,-0.10404,-0.05436,-0.00883,-0.00000,0.00000,0.00000,0.00000,0.00000,0.00000,-0.33479,0.82726,0,0.05525,0.02892
8.7264,-0.04802,-0.02660,0.04080,0.02127,-0.10473,-0.05472,-0.00883,-0.00000,0.00000,0.00000,0.00000,0.00000,0.00000,-0.33481,0.82725,0,0.05525,0.02892
8.7284,-0.04802,-0.02660,0.04059,0.02116,-0.10541,-0.05507,-0.00883,-0.00000,0.00000,0.00000,0.00000,0.00000,0.00000,-0.33479,0.82724,0,0.05525,0.02892
8.7304,-0.04802,-0.02660,0.04038,0.02105,-0.10608,-0.05543,-0.00883,-0.00000,0.00000,0.00000,0.00000,0.00000,0.00000,-0.33477,0.82725,0,0.05525,0.02892
8.7325,-0.04802,-0.02660,0.04016,0.02094,-0.10676,-0.05578,-0.00883,-0.00000,0.00000,0.00000,0.00000,0.00000,0.00000,-0.33481,0.82726,0,0.05525,0.02892
8.7345,-0.04802,-0.02660,0.03995,0.02083,-0.10742,-0.05613,-0.00883,-0.00000,0.00000,0.00000,0.00000,0.00000,0.00000,-0.33479,0.82728,0,0.05525,0.02892
8.7365,-0.04802,-0.02660,0.03973,0.02072,-0.10809,-0.05647,-0.00883,-0.00000,0.00000,0.00000,0.00000,0.00000,0.00000,-0.33480,0.82727,0,0.05525,0.02892
8.7385,-0.04802,-0.02660,0.03952,0.02060,-0.10875,-0.05682,-0.00883,-0.00000,0.00000,0.00000,0.00000,0.00000,0.00000,-0.33480,0.82731,0,0.05525,0.02892
8.7405,-0.04802,-0.02660,0.03930,0.02049,-0.10941,-0.05716,-0.00883,-0.00000,0.00000,0.00000,0.00000,0.00000,0.00000,-0.33479,0.82730,0,0.05525,0.02892
8.7425,-0.04802,-0.02660,0.03908,0.02038,-0.11006,-0.05750,-0.00883,-0.00000,0.00000,0.00000,0.00000,0.00000,0.00000,-0.33475,0.82728,0,0.05525,0.02892
8.7445,-0.04802,-0.02660,0.03886,0.02026,-0.11071,-0.05784,-0.00883,-0.00000,0.00000,0.00000,0.00000,0.00000,0.00000,-0.33478,0.82730,0,0.05525,0.02892
8.7466,-0.04802,-0.02660,0.03864,0.02014,-0.11136,-0.05818,-0.00883,-0.00000,0.00000,0.00000,0.00000,0.00000,0.00000,-0.33481,0.82728,0,0.05525,0.02892
8.7486,-0.04806,-0.02659,0.04495,0.02348,-0.08953,-0.04665,-0.01059,-0.00000,0.00000,0.00000,0.00000,0.00000,0.00000,-0.33479,0.82729,0,0.05531,0.02893
8.7507,-0.04806,-0.02659,0.04477,0.02339,-0.09028,-0.04704,-0.01059,-0.00000,0.00000,0.00000,0.00000,0.00000,0.00000,-0.33481,0.82725,0,0.05531,0.02893
8.7527,-0.04806,-0.02659,0.04459,0.02329,-0.09103,-0.04743,-0.01059,-0.00000,0.00000,0.00000,0.00000,0.00000,0.00000,-0.33478,0.82727,0,0.05531,0.02893
8.7547,-0.04806,-0.02659,0.04441,0.02320,-0.09177,-0.04782,-0.01059,-0.00000,0.00000,0.00000,0.00000,0.00000,0.00000,-0.33477,0.82729,0,0.05531,0.02893
8.7567,-0.04806,-0.02659,0.04423,0.02310,-0.09251,-0.04820,-0.01059,-0.00000,0.00000,0.00000,0.00000,0.00000,0.00000,-0.33476,0.82728,0,0.05531,0.02893
8.7587,-0.04806,-0.02659,0.04404,0.02301,-0.09325,-0.04859,-0.01059,-0.00000,0.00000,0.00000,0.00000,0.00000,0.00000,-0.33476,0.82734,0,0.05531,0.02893
8.7607,-0.04806,-0.02659,0.04385,0.02291,-0.09398,-0.04897,-0.01059,-0.00000,0.00000,0.00000,0.00000,0.00000,0.00000,-0.33482,0.82728,0,0.05531,0.02893
8.7627,-0.04806,-0.02659,0.04366,0.02281,-0.09472,-0.04936,-0.01059,-0.00000,0.00000,0.00000,0.00000,0.00000,0.00000,-0.33480,0.82728,0,0.05531,0.02893
8.7647,-0.04806,-0.02659,0.04347,0.02271,-0.09544,-0.04974,-0.01059,-0.00000,0.00000,0.00000,0.00000,0.00000,0.00000,-0.33478,0.82725,0,0.05531,0.02893
8.7667,-0.04806,-0.02659,0.04328,0.02261,-0.09617,-0.05011,-0.01059,-0.00000,0.00000,0.00000,0.00000,0.00000,0.00000,-0.33479,0.82732,0,0.05531,0.02893
8.7687,-0.04806,-0.02659,0.04309,0.02251,-0.09689,-0.05049,-0.01059,-0.00000,0.00000,0.00000,0.00000,0.00000,0.00000,-0.33476,0.82730,0,0.05531,0.02893
8.7707,-0.04806,-0.02659,0.04289,0.02241,-0.09761,-0.05087,-0.01059,-0.00000,0.00000,0.00000,0.00000,0.00000,0.00000,-0.33482,0.82731,0,0.05531,0.02893
8.7727,-0.04806,-0.02659,0.04270,0.02231,-0.09832,-0.05124,-0.01059,-0.00000,0.00000,0.00000,0.00000,0.00000,0.00000,-0.33481,0.82727,0,0.05531,0.02893
8.7747,-0.04806,-0.02659,0.04250,0.02220,-0.09904,-0.05161,-0.01059,-0.00000,0.00000,0.00000,0.00000,0.00000,0.00000,-0.33481,0.82730,0,0.05531,0.02893
8.7767,-0.04806,-0.02659,0.04230,0.02210,-0.09974,-0.05198,-0.01059,-0.00000,0.00000,0.00000,0.00000,0.00000,0.00000,-0.33478,0.82727,0,0.05531,0.02893
8.7787,-0.04806,-0.02659,0.04210,0.02200,-0.10045,-0.05235,-0.01059,-0.00000,0.00000,0.00000,0.00000,0.00000,0.00000,-0.33480,0.82727,0,0.05531,0.02893
8.7807,-0.04806,-0.02659,0.04190,0.02189,-0.10115,-0.05272,-0.01059,-0.00000,0.00000,0.00000,0.00000,0.00000,0.00000,-0.33479,0.82729,0,0.05531,0.02893
8.7827,-0.04806,-0.02659,0.04170,0.02178,-0.10185,-0.05308,-0.01059,-0.00000,0.00000,0.00000,0.00000,0.00000,0.00000,-0.33475,0.82726,0,0.05531,0.02893
8.7848,-0.04806,-0.02659,0.04149,0.02168,-0.10254,-0.05345,-0.01059,-0.00000,0.00000,0.00000,0.00000,0.00000,0.00000,-0.33478,0.82730,0,0.05531,0.02893
8.7868,-0.04806,-0.02659,0.04129,0.02157,-0.10323,-0.05381,-0.01059,-0.00000,0.00000,0.00000,0.00000,0.00000,0.00000,-0.33481,0.82725,0,0.05531,0.02893
8.7888,-0.04806,-0.02659,0.04108,0.02146,-0.10392,-0.05417,-0.01059,-0.00000,0.00000,0.00000,0.00000,0.00000,0.00000,-0.33482,0.82731,0,0.05531,0.02893
8.7908,-0.04806,-0.02659,0.04087,0.02135,-0.10461,-0.05452,-0.01059,-0.00000,0.00000,0.00000,0.00000,0.00000,0.00000,-0.33477,0.82727,0,0.05531,0.02893
8.7928,-0.04806,-0.02659,0.04066,0.02124,-0.10529,-0.05488,-0.01059,-0.00000,0.00000,0.00000,0.00000,0.00000,0.00000,-0.33475,0.82729,0,0.05531,0.02893
8.7948,-0.04806,-0.02659,0.04045,0.02113,-0.10597,-0.05523,-0.01059,-0.00000,0.00000,0.00000,0.00000,0.00000,0.00000,-0.33482,0.82728,0,0.05531,0.02893
8.7968,-0.04806,-0.02659,0.04024,0.02102,-0.10664,-0.05558,-0.01059,-0.00000,0.00000,0.00000,0.00000,0.00000,0.00000,-0.33480,0.82730,0,0.05531,0.02893
8.7988,-0.04806,-0.02659,0.04002,0.02091,-0.10731,-0.05594,-0.01059,-0.00000,0.00000,0.00000,0.00000,0.00000,0.00000,-0.33475,0.82730,0,0.05531,0.02893
8.8008,-0.04806,-0.02659,0.03981,0.02080,-0.10798,-0.05628,-0.01059,-0.00000,0.00000,0.00000,0.00000,0.00000,0.00000,-0.33479,0.82729,0,0.05531,0.02893
8.8028,-0.04806,-0.02659,0.03959,0.02069,-0.10864,-0.05663,-0.01059,-0.00000,0.00000,0.00000,0.00000,0.00000,0.00000,-0.33480,0.82728,0,0.05531,0.02893
8.8049,-0.04806,-0.02659,0.03937,0.02057,-0.10930,-0.05697,-0.01059,-0.00000,0.00000,0.00000,0.00000,0.00000,0.00000,-0.33476,0.82729,0,0.05531,0.02893
8.8068,-0.04806,-0.02659,0.03915,0.02046,-0.10995,-0.05732,-0.01059,-0.00000,0.00000,0.00000,0.00000,0.00000,0.00000,-0.33484,0.82727,0,0.05531,0.02893
8.8089,-0.04806,-0.02659,0.03893,0.02034,-0.11061,-0.05766,-0.01059,-0.00000,0.00000,0.00000,0.00000,0.00000,0.00000,-0.33477,0.82729,0,0.05531,0.02893
8.8109,-0.04806,-0.02659,0.03871,0.02023,-0.11125,-0.05800,-0.01059,-0.00000,0.00000,0.00000,0.00000,0.00000,0.00000,-0.33481,0.82731,0,0.05531,0.02893
8.8129,-0.04806,-0.02659,0.03849,0.02011,-0.11190,-0.05833,-0.01059,-0.00000,0.00000,0.00000,0.00000,0.00000,0.00000,-0.33480,0.82730,0,0.05531,0.02893
8.8149,-0.04806,-0.02659,0.03826,0.02000,-0.11254,-0.05867,-0.01059,-0.00000,0.00000,0.00000,0.00000,0.00000,0.00000,-0.33480,0.82729,0,0.05531,0.02893
8.8169,-0.04806,-0.02659,0.03804,0.01988,-0.11317,-0.05900,-0.01059,-0.00000,0.00000,0.00000,0.00000,0.00000,0.00000,-0.33480,0.82727,0,0.05531,0.02893
8.8189,-0.04796,-0.02649,0.04474,0.02336,-0.09008,-0.04701,-0.00700,-0.00000,0.00000,0.00000,0.00000,0.00000,0.00000,-0.33474,0.82731,0,0.05523,0.02881
8.8209,-0.04796,-0.02649,0.04456,0.02326,-0.09082,-0.04740,-0.00700,-0.00000,0.00000,0.00000,0.00000,0.00000,0.00000,-0.33478,0.82728,0,0.05523,0.02881
8.8229,-0.04796,-0.02649,0.04438,0.02317,-0.09157,-0.04779,-0.00700,-0.00000,0.00000,0.00000,0.00000,0.00000,0.00000,-0.33475,0.82729,0,0.05523,0.02881
8.8249,-0.04796,-0.02649,0.04420,0.02307,-0.09231,-0.04817,-0.00700,-0.00000,0.00000,0.00000,0.00000,0.00000,0.00000,-0.33480,0.82731,0,0.05523,0.02881
8.8269,-0.04796,-0.02649,0.04401,0.02298,-0.09304,-0.04856,-0.00700,-0.00000,0.00000,0.00000,0.00000,0.00000,0.00000,-0.33477,0.82728,0,0.05523,0.02881
8.8289,-0.04796,-0.02649,0.04382,0.02288,-0.09378,-0.04894,-0.00700,-0.00000,0.00000,0.00000,0.00000,0.00000,0.00000,-0.33479,0.82729,0,0.05523,0.02881
8.8309,-0.04796,-0.02649,0.04364,0.02278,-0.09451,-0.04932,-0.00700,-0.00000,0.00000,0.00000,0.00000,0.00000,0.00000,-0.33479,0.82729,0,0.05523,0.02881
8.8329,-0.04796,-0.02649,0.04345,0.02268,-0.09524,-0.04970,-0.00700,-0.00000,0.00000,0.00000,0.00000,0.00000,0.00000,-0.33477,0.82732,0,0.05523,0.02881
8.8349,-0.04796,-0.02649,0.04325,0.02258,-0.09596,-0.05008,-0.00700,-0.00000,0.00000,0.00000,0.00000,0.00000,0.00000,-0.33478,0.82725,0,0.05523,0.02881
8.8369,-0.04796,-0.02649,0.04306,0.02248,-0.09668,-0.05046,-0.00700,-0.00000,0.00000,0.00000,0.00000,0.00000,0.00000,-0.33479,0.82729,0,0.05523,0.02881
8.8389,-0.04796,-0.02649,0.04287,0.02238,-0.09740,-0.05083,-0.00700,-0.00000,0.00000,0.00000,0.00000,0.00000,0.00000,-0.33481,0.82725,0,0.05523,0.02881
8.8409,-0.04796,-0.02649,0.04267,0.02228,-0.09812,-0.05120,-0.00700,-0.00000,0.00000,0.00000,0.00000,0.00000,0.00000,-0.33481,0.82733,0,0.05523,0.02881
8.8429,-0.04796,-0.02649,0.04248,0.02218,-0.09883,-0.05158,-0.00700,-0.00000,0.00000,0.00000,0.00000,0.00000,0.00000,-0.33481,0.82727,0,0.05523,0.02881
8.8449,-0.04796,-0.02649,0.04228,0.02207,-0.09953,-0.05194,-0.00700,-0.00000,0.00000,0.00000,0.00000,0.00000,0.00000,-0.33479,0.82732,0,0.05523,0.02881
8.8469,-0.04796,-0.02649,0.04208,0.02197,-0.10024,-0.05231,-0.00700,-0.00000,0.00000,0.00000,0.00000,0.00000,0.00000,-0.33483,0.82725,0,0.05523,0.02881
8.8489,-0.04796,-0.02649,0.04188,0.02186,-0.10094,-0.05268,-0.00700,-0.00000,0.00000,0.00000,0.00000,0.00000,0.00000,-0.33482,0.82727,0,0.05523,0.02881
8.8509,-0.04796,-0.02649,0.04167,0.02176,-0.10164,-0.05304,-0.00700,-0.00000,0.00000,0.00000,0.00000,0.00000,0.00000,-0.33482,0.82724,0,0.05523,0.02881
8.8529,-0.04796,-0.02649,0.04147,0.02165,-0.10233,-0.05341,-0.00700,-0.00000,0.00000,0.00000,0.00000,0.00000,0.00000,-0.33479,0.82727,0,0.05523,0.02881
8.8549,-0.04796,-0.02649,0.04126,0.02154,-0.10302,-0.05377,-0.00700,-0.00000,0.00000,0.00000,0.00000,0.00000,0.00000,-0.33479,0.82727,0,0.05523,0.02881
8.8569,-0.04796,-0.02649,0.04106,0.02144,-0.10371,-0.05413,-0.00700,-0.00000,0.00000,0.00000,0.00000,0.00000,0.00000,-0.33480,0.82725,0,0.05523,0.02881
8.8589,-0.04796,-0.02649,0.04085,0.02133,-0.10440,-0.05448,-0.00700,-0.00000,0.00000,0.00000,0.00000,0.00000,0.00000,-0.33476,0.82729,0,0.05523,0.02881
8.8609,-0.04796,-0.02649,0.04064,0.02122,-0.10508,-0.05484,-0.00700,-0.00000,0.00000,0.00000,0.00000,0.00000,0.00000,-0.33475,0.82731,0,0.05523,0.02881
8.8629,-0.04796,-0.02649,0.04043,0.02111,-0.10575,-0.05519,-0.00700,-0.00000,0.00000,0.00000,0.00000,0.00000,0.00000,-0.33477,0.82725,0,0.05523,0.02881
8.8649,-0.04796,-0.02649,0.04022,0.02100,-0.10643,-0.05554,-0.00700,-0.00000,0.00000,0.00000,0.00000,0.00000,0.00000,-0.33481,0.82732,0,0.05523,0.02881
8.8669,-0.04796,-0.02649,0.04000,0.02089,-0.10710,-0.05589,-0.00700,-0.00000,0.00000,0.00000,0.00000,0.00000,0.00000,-0.33478,0.82726,0,0.05523,0.02881
8.8689,-0.04796,-0.02649,0.03979,0.02077,-0.10776,-0.05624,-0.00700,-0.00000,0.00000,0.00000,0.00000,0.00000,0.00000,-0.33475,0.82728,0,0.05523,0.02881
8.8709,-0.04796,-0.02649,0.03957,0.02066,-0.10842,-0.05659,-0.00700,-0.00000,0.00000,0.00000,0.00000,0.00000,0.00000,-0.33480,0.82729,0,0.05523,0.02881
8.8729,-0.04796,-0.02649,0.03936,0.02055,-0.10908,-0.05693,-0.00700,-0.00000,0.00000,0.00000,0.00000,0.00000,0.00000,-0.33482,0.82727,0,0.05523,0.02881
8.8749,-0.04796,-0.02649,0.03914,0.02043,-0.10974,-0.05727,-0.00700,-0.00000,0.00000,0.00000,0.00000,0.00000,0.00000,-0.33476,0.82729,0,0.05523,0.02881
8.8769,-0.04796,-0.02649,0.03892,0.02032,-0.11039,-0.05761,-0.00700,-0.00000,0.00000,0.00000,0.00000,0.00000,0.00000,-0.33475,0.82729,0,0.05523,0.02881
8.8789,-0.04796,-0.02649,0.03869,0.02020,-0.11104,-0.05795,-0.00700,-0.00000,0.00000,0.00000,0.00000,0.00000,0.00000,-0.33479,0.82729,0,0.05523,0.02881
8.8809,-0.04796,-0.02649,0.03847,0.02009,-0.11168,-0.05829,-0.00700,-0.00000,0.00000,0.00000,0.00000,0.00000,0.00000,-0.33482,0.82726,0,0.05523,0.02881
8.8829,-0.04796,-0.02649,0.03825,0.01997,-0.11232,-0.05862,-0.00700,-0.00000,0.00000,0.00000,0.00000,0.00000,0.00000,-0.33483,0.82726,0,0.05523,0.02881
8.8849,-0.04796,-0.02649,0.03802,0.01985,-0.11296,-0.05895,-0.00700,-0.00000,0.00000,0.00000,0.00000,0.00000,0.00000,-0.33481,0.82728,0,0.05523,0.02881
8.8869,-0.04822,-0.02691,0.04484,0.02340,-0.08962,-0.04681,-0.00341,-0.00000,0.00000,0.00000,0.00000,0.00000,0.00000,-0.33475,0.82728,0,0.05541,0.02890
8.8889,-0.04822,-0.02691,0.04466,0.02330,-0.09037,-0.04720,-0.00341,-0.00000,0.00000,0.00000,0.00000,0.00000,0.00000,-0.33480,0.82730,0,0.05541,0.02890
8.8909,-0.04822,-0.02691,0.04447,0.02321,-0.09111,-0.04759,-0.00341,-0.00000,0.00000,0.00000,0.00000,0.00000,0.00000,-0.33480,0.82728,0,0.05541,0.02890
8.8929,-0.04822,-0.02691,0.04429,0.02311,-0.09186,-0.04798,-0.00341,-0.00000,0.00000,0.00000,0.00000,0.00000,0.00000,-0.33474,0.82732,0,0.05541,0.02890
8.8949,-0.04822,-0.02691,0.04411,0.02302,-0.09260,-0.04836,-0.00341,-0.00000,0.00000,0.00000,0.00000,0.00000,0.00000,-0.33473,0.82733,0,0.05541,0.02890
8.8970,-0.04822,-0.02691,0.04392,0.02292,-0.09333,-0.04875,-0.00341,-0.00000,0.00000,0.00000,0.00000,0.00000,0.00000,-0.33475,0.82732,0,0.05541,0.02890
8.8990,-0.04822,-0.02691,0.04373,0.02282,-0.09406,-0.04913,-0.00341,-0.00000,0.00000,0.00000,0.00000,0.00000,0.00000,-0.33476,0.82729,0,0.05541,0.02890
8.9010,-0.04822,-0.02691,0.04355,0.02272,-0.09479,-0.04951,-0.00341,-0.00000,0.00000,0.00000,0.00000,0.00000,0.00000,-0.33478,0.82728,0,0.05541,0.02890
8.9030,-0.04822,-0.02691,0.04336,0.02262,-0.09552,-0.04989,-0.00341,-0.00000,0.00000,0.00000,0.00000,0.00000,0.00000,-0.33479,0.82729,0,0.05541,0.02890
8.9050,-0.04822,-0.02691,0.04316,0.02252,-0.09624,-0.05027,-0.00341,-0.00000,0.00000,0.00000,0.00000,0.00000,0.00000,-0.33481,0.82731,0,0.05541,0.02890
8.9070,-0.04822,-0.02691,0.04297,0.02242,-0.09696,-0.05064,-0.00341,-0.00000,0.00000,0.00000,0.00000,0.00000,0.00000,-0.33479,0.82729,0,0.05541,0.02890
8.9090,-0.04822,-0.02691,0.04278,0.02232,-0.09768,-0.05102,-0.00341,-0.00000,0.00000,0.00000,0.00000,0.00000,0.00000,-0.33483,0.82726,0,0.05541,0.02890
8.9110,-0.04822,-0.02691,0.04258,0.02222,-0.09839,-0.05139,-0.00341,-0.00000,0.00000,0.00000,0.00000,0.00000,0.00000,-0.33477,0.82729,0,0.05541,0.02890
8.9130,-0.04822,-0.02691,0.04238,0.02211,-0.09910,-0.05176,-0.00341,-0.00000,0.00000,0.00000,0.00000,0.00000,0.00000,-0.33478,0.82724,0,0.05541,0.02890
8.9150,-0.04822,-0.02691,0.04218,0.02201,-0.09981,-0.05213,-0.00341,-0.00000,0.00000,0.00000,0.00000,0.00000,0.00000,-0.33478,0.82730,0,0.05541,0.02890
8.9170,-0.04822,-0.02691,0.04198,0.02191,-0.10051,-0.05249,-0.00341,-0.00000,0.00000,0.00000,0.00000,0.00000,0.00000,-0.33478,0.82730,0,0.05541,0.02890
8.9190,-0.04822,-0.02691,0.04178,0.02180,-0.10121,-0.05286,-0.00341,-0.00000,0.00000,0.00000,0.00000,0.00000,0.00000,-0.33474,0.82730,0,0.05541,0.02890
8.9210,-0.04822,-0.02691,0.04158,0.02169,-0.10191,-0.05322,-0.00341,-0.00000,0.00000,0.00000,0.00000,0.00000,0.00000,-0.33476,0.82728,0,0.05541,0.02890
8.9231,-0.04822,-0.02691,0.04137,0.02159,-0.10260,-0.05358,-0.00341,-0.00000,0.00000,0.00000,0.00000,0.00000,0.00000,-0.33477,0.82726,0,0.05541,0.02890
8.9251,-0.04822,-0.02691,0.04117,0.02148,-0.10329,-0.05394,-0.00341,-0.00000,0.00000,0.00000,0.00000,0.00000,0.00000,-0.33481,0.82726,0,0.05541,0.02890
8.9271,-0.04822,-0.02691,0.04096,0.02137,-0.10397,-0.05430,-0.00341,-0.00000,0.00000,0.00000,0.00000,0.00000,0.00000,-0.33478,0.82730,0,0.05541,0.02890
8.9291,-0.04822,-0.02691,0.04075,0.02126,-0.10466,-0.05466,-0.00341,-0.00000,0.00000,0.00000,0.00000,0.00000,0.00000,-0.33479,0.82728,0,0.05541,0.02890
8.9311,-0.04822,-0.02691,0.04054,0.02115,-0.10534,-0.05501,-0.00341,-0.00000,0.00000,0.00000,0.00000,0.00000,0.00000,-0.33484,0.82724,0,0.05541,0.02890
8.9331,-0.04822,-0.02691,0.04033,0.02104,-0.10601,-0.05536,-0.00341,-0.00000,0.00000,0.00000,0.00000,0.00000,0.00000,-0.33476,0.82726,0,0.05541,0.02890
8.9351,-0.04822,-0.02691,0.04012,0.02093,-0.10668,-0.05571,-0.00341,-0.00000,0.00000,0.00000,0.00000,0.00000,0.00000,-0.33478,0.82728,0,0.05541,0.02890
8.9371,-0.04822,-0.02691,0.03990,0.02082,-0.10735,-0.05606,-0.00341,-0.00000,0.00000,0.00000,0.00000,0.00000,0.00000,-0.33479,0.82728,0,0.05541,0.02890
8.9391,-0.04822,-0.02691,0.03969,0.02071,-0.10801,-0.05641,-0.00341,-0.00000,0.00000,0.00000,0.00000,0.00000,0.00000,-0.33479,0.82726,0,0.05541,0.02890
8.9411,-0.04822,-0.02691,0.03947,0.02059,-0.10868,-0.05675,-0.00341,-0.00000,0.00000,0.00000,0.00000,0.00000,0.00000,-0.33476,0.82724,0,0.05541,0.02890
8.9431,-0.04822,-0.02691,0.03925,0.02048,-0.10933,-0.05710,-0.00341,-0.00000,0.00000,0.00000,0.00000,0.00000,0.00000,-0.33475,0.82726,0,0.05541,0.02890
8.9451,-0.04822,-0.02691,0.03903,0.02037,-0.10999,-0.05744,-0.00341,-0.00000,0.00000,0.00000,0.00000,0.00000,0.00000,-0.33482,0.82725,0,0.05541,0.02890
8.9471,-0.04822,-0.02691,0.03881,0.02025,-0.11064,-0.05778,-0.00341,-0.00000,0.00000,0.00000,0.00000,0.00000,0.00000,-0.33479,0.82733,0,0.05541,0.02890
8.9491,-0.04822,-0.02691,0.03859,0.02013,-0.11128,-0.05811,-0.00341,-0.00000,0.00000,0.00000,0.00000,0.00000,0.00000,-0.33475,0.82729,0,0.05541,0.02890
8.9511,-0.04822,-0.02691,0.03837,0.02002,-0.11192,-0.05845,-0.00341,-0.00000,0.00000,0.00000,0.00000,0.00000,0.00000,-0.33481,0.82732,0,0.05541,0.02890
8.9531,-0.04849,-0.02653,0.04478,0.02335,-0.09015,-0.04714,0.00110,-0.00000,0.00000,0.00000,0.00000,0.00000,0.00000,-0.33478,0.82729,0,0.05530,0.02883
8.9551,-0.04849,-0.02653,0.04460,0.02325,-0.09090,-0.04753,0.00110,-0.00000,0.00000,0.00000,0.00000,0.00000,0.00000,-0.33477,0.82729,0,0.05530,0.02883
8.9572,-0.04849,-0.02653,0.04442,0.02316,-0.09164,-0.04792,0.00110,-0.00000,0.00000,0.00000,0.00000,0.00000,0.00000,-0.33479,0.82727,0,0.05530,0.02883
8.9592,-0.04849,-0.02653,0.04423,0.02306,-0.09238,-0.04830,0.00110,-0.00000,0.00000,0.00000,0.00000,0.00000,0.00000,-0.33476,0.82731,0,0.05530,0.02883
8.9612,-0.04849,-0.02653,0.04405,0.02297,-0.09312,-0.04869,0.00110,-0.00000,0.00000,0.00000,0.00000,0.00000,0.00000,-0.33477,0.82731,0,0.05530,0.02883
8.9632,-0.04849,-0.02653,0.04386,0.02287,-0.09385,-0.04907,0.00110,-0.00000,0.00000,0.00000,0.00000,0.00000,0.00000,-0.33480,0.82726,0,0.05530,0.02883
8.9652,-0.04849,-0.02653,0.04367,0.02277,-0.09459,-0.04945,0.00110,-0.00000,0.00000,0.00000,0.00000,0.00000,0.00000,-0.33479,0.82727,0,0.05530,0.02883
8.9672,-0.04849,-0.02653,0.04348,0.02267,-0.09531,-0.04983,0.00110,-0.00000,0.00000,0.00000,0.00000,0.00000,0.00000,-0.33479,0.82731,0,0.05530,0.02883
8.9692,-0.04849,-0.02653,0.04329,0.02257,-0.09604,-0.05021,0.00110,-0.00000,0.00000,0.00000,0.00000,0.00000,0.00000,-0.33478,0.82727,0,0.05530,0.02883
8.9712,-0.04849,-0.02653,0.04310,0.02247,-0.09676,-0.05059,0.00110,-0.00000,0.00000,0.00000,0.00000,0.00000,0.00000,-0.33475,0.82729,0,0.05530,0.02883
8.9732,-0.04849,-0.02653,0.04290,0.02237,-0.09748,-0.05096,0.00110,-0.00000,0.00000,0.00000,0.00000,0.00000,0.00000,-0.33474,0.82732,0,0.05530,0.02883
8.9752,-0.04849,-0.02653,0.04271,0.02227,-0.09819,-0.05133,0.00110,-0.00000,0.00000,0.00000,0.00000,0.00000,0.00000,-0.33474,0.82731,0,0.05530,0.02883
8.9772,-0.04849,-0.02653,0.04251,0.02216,-0.09891,-0.05171,0.00110,-0.00000,0.00000,0.00000,0.00000,0.00000,0.00000,-0.33485,0.82727,0,0.05530,0.02883
8.9792,-0.04849,-0.02653,0.04231,0.02206,-0.09962,-0.05207,0.00110,-0.00000,0.00000,0.00000,0.00000,0.00000,0.00000,-0.33478,0.82727,0,0.05530,0.02883
8.9812,-0.04849,-0.02653,0.04211,0.02195,-0.10032,-0.05244,0.00110,-0.00000,0.00000,0.00000,0.00000,0.00000,0.00000,-0.33475,0.82728,0,0.05530,0.02883
8.9832,-0.04849,-0.02653,0.04191,0.02185,-0.10102,-0.05281,0.00110,-0.00000,0.00000,0.00000,0.00000,0.00000,0.00000,-0.33478,0.82731,0,0.05530,0.02883
8.9852,-0.04849,-0.02653,0.04171,0.02174,-0.10172,-0.05317,0.00110,-0.00000,0.00000,0.00000,0.00000,0.00000,0.00000,-0.33479,0.82730,0,0.05530,0.02883
8.9872,-0.04849,-0.02653,0.04151,0.02164,-0.10242,-0.05353,0.00110,-0.00000,0.00000,0.00000,0.00000,0.00000,0.00000,-0.33477,0.82731,0,0.05530,0.02883
8.9892,-0.04849,-0.02653,0.04130,0.02153,-0.10311,-0.05390,0.00110,-0.00000,0.00000,0.00000,0.00000,0.00000,0.00000,-0.33476,0.82730,0,0.05530,0.02883
8.9912,-0.04849,-0.02653,0.04109,0.02142,-0.10380,-0.05425,0.00110,-0.00000,0.00000,0.00000,0.00000,0.00000,0.00000,-0.33484,0.82729,0,0.05530,0.02883
8.9932,-0.04849,-0.02653,0.04088,0.02131,-0.10448,-0.05461,0.00110,-0.00000,0.00000,0.00000,0.00000,0.00000,0.00000,-0.33473,0.82732,0,0.05530,0.02883
8.9952,-0.04849,-0.02653,0.04068,0.02120,-0.10516,-0.05497,0.00110,-0.00000,0.00000,0.00000,0.00000,0.00000,0.00000,-0.33475,0.82729,0,0.05530,0.02883
8.9972,-0.04849,-0.02653,0.04046,0.02109,-0.10584,-0.05532,0.00110,-0.00000,0.00000,0.00000,0.00000,0.00000,0.00000,-0.33477,0.82726,0,0.05530,0.02883
8.9992,-0.04849,-0.02653,0.04025,0.02098,-0.10651,-0.05567,0.00110,-0.00000,0.00000,0.00000,0.00000,0.00000,0.00000,-0.33481,0.82726,0,0.05530,0.02883
9.0012,-0.04849,-0.02653,0.04004,0.02087,-0.10718,-0.05602,0.00110,-0.00000,0.00000,0.00000,0.00000,0.00000,0.00000,-0.33480,0.82731,0,0.05530,0.02883
9.0032,-0.04849,-0.02653,0.03982,0.02076,-0.10785,-0.05637,0.00110,-0.00000,0.00000,0.00000,0.00000,0.00000,0.00000,-0.33476,0.82729,0,0.05530,0.02883
9.0052,-0.04849,-0.02653,0.03961,0.02064,-0.10851,-0.05671,0.00110,-0.00000,0.00000,0.00000,0.00000,0.00000,0.00000,-0.33480,0.82733,0,0.05530,0.02883
9.0072,-0.04849,-0.02653,0.03939,0.02053,-0.10917,-0.05706,0.00110,-0.00000,0.00000,0.00000,0.00000,0.00000,0.00000,-0.33481,0.82727,0,0.05530,0.02883
9.0092,-0.04849,-0.02653,0.03917,0.02042,-0.10983,-0.05740,0.00110,-0.00000,0.00000,0.00000,0.00000,0.00000,0.00000,-0.33484,0.82726,0,0.05530,0.02883
9.0112,-0.04849,-0.02653,0.03895,0.02030,-0.11048,-0.05774,0.00110,-0.00000,0.00000,0.00000,0.00000,0.00000,0.00000,-0.33474,0.82730,0,0.05530,0.02883
9.0132,-0.04849,-0.02653,0.03873,0.02018,-0.11113,-0.05808,0.00110,-0.00000,0.00000,0.00000,0.00000,0.00000,0.00000,-0.33480,0.82727,0,0.05530,0.02883
9.0152,-0.04849,-0.02653,0.03851,0.02007,-0.11177,-0.05841,0.00110,-0.00000,0.00000,0.00000,0.00000,0.00000,0.00000,-0.33475,0.82727,0,0.05530,0.02883
9.0172,-0.04849,-0.02653,0.03828,0.01995,-0.11241,-0.05875,0.00110,-0.00000,0.00000,0.00000,0.00000,0.00000,0.00000,-0.33476,0.82728,0,0.05530,0.02883
9.0193,-0.04831,-0.02636,0.04479,0.02331,-0.09021,-0.04730,-0.00296,-0.00000,0.00000,0.00000,0.00000,0.00000,0.00000,-0.33479,0.82728,0,0.05540,0.02881
9.0213,-0.04831,-0.02636,0.04461,0.02321,-0.09096,-0.04769,-0.00296,-0.00000,0.00000,0.00000,0.00000,0.00000,0.00000,-0.33481,0.82724,0,0.05540,0.02881
9.0233,-0.04831,-0.02636,0.04442,0.02311,-0.09171,-0.04808,-0.00296,-0.00000,0.00000,0.00000,0.00000,0.00000,0.00000,-0.33478,0.82729,0,0.05540,0.02881
9.0253,-0.04831,-0.02636,0.04424,0.02302,-0.09245,-0.04846,-0.00296,-0.00000,0.00000,0.00000,0.00000,0.00000,0.00000,-0.33479,0.82727,0,0.05540,0.02881
9.0273,-0.04831,-0.02636,0.04405,0.02292,-0.09318,-0.04885,-0.00296,-0.00000,0.00000,0.00000,0.00000,0.00000,0.00000,-0.33478,0.82728,0,0.05540,0.02881
9.0293,-0.04831,-0.02636,0.04387,0.02282,-0.09392,-0.04923,-0.00296,-0.00000,0.00000,0.00000,0.00000,0.00000,0.00000,-0.33483,0.82727,0,0.05540,0.02881
9.0313,-0.04831,-0.02636,0.04368,0.02272,-0.09465,-0.04961,-0.00296,-0.00000,0.00000,0.00000,0.00000,0.00000,0.00000,-0.33474,0.82731,0,0.05540,0.02881
9.0333,-0.04831,-0.02636,0.04349,0.02262,-0.09538,-0.04999,-0.00296,-0.00000,0.00000,0.00000,0.00000,0.00000,0.00000,-0.33484,0.82730,0,0.05540,0.02881
9.0353,-0.04831,-0.02636,0.04330,0.02252,-0.09610,-0.05037,-0.00296,-0.00000,0.00000,0.00000,0.00000,0.00000,0.00000,-0.33480,0.82728,0,0.05540,0.02881
9.0374,-0.04831,-0.02636,0.04310,0.02242,-0.09683,-0.05074,-0.00296,-0.00000,0.00000,0.00000,0.00000,0.00000,0.00000,-0.33481,0.82731,0,0.05540,0.02881
9.0394,-0.04831,-0.02636,0.04291,0.02232,-0.09754,-0.05111,-0.00296,-0.00000,0.00000,0.00000,0.00000,0.00000,0.00000,-0.33475,0.82728,0,0.05540,0.02881
9.0414,-0.04831,-0.02636,0.04271,0.02222,-0.09826,-0.05149,-0.00296,-0.00000,0.00000,0.00000,0.00000,0.00000,0.00000,-0.33483,0.82725,0,0.05540,0.02881
9.0434,-0.04831,-0.02636,0.04252,0.02211,-0.09897,-0.05186,-0.00296,-0.00000,0.00000,0.00000,0.00000,0.00000,0.00000,-0.33481,0.82726,0,0.05540,0.02881
9.0454,-0.04831,-0.02636,0.04232,0.02201,-0.09968,-0.05223,-0.00296,-0.00000,0.00000,0.00000,0.00000,0.00000,0.00000,-0.33478,0.82726,0,0.05540,0.02881
9.0474,-0.04831,-0.02636,0.04212,0.02191,-0.10039,-0.05259,-0.00296,-0.00000,0.00000,0.00000,0.00000,0.00000,0.00000,-0.33478,0.82731,0,0.05540,0.02881
9.0494,-0.04831,-0.02636,0.04192,0.02180,-0.10109,-0.05296,-0.00296,-0.00000,0.00000,0.00000,0.00000,0.00000,0.00000,-0.33480,0.82730,0,0.05540,0.02881
9.0514,-0.04831,-0.02636,0.04171,0.02169,-0.10179,-0.05332,-0.00296,-0.00000,0.00000,0.00000,0.00000,0.00000,0.00000,-0.33478,0.82728,0,0.05540,0.02881
9.0534,-0.04831,-0.02636,0.04151,0.02159,-0.10248,-0.05368,-0.00296,-0.00000,0.00000,0.00000,0.00000,0.00000,0.00000,-0.33480,0.82731,0,0.05540,0.02881
9.0554,-0.04831,-0.02636,0.04130,0.02148,-0.10317,-0.05404,-0.00296,-0.00000,0.00000,0.00000,0.00000,0.00000,0.00000,-0.33479,0.82728,0,0.05540,0.02881
9.0574,-0.04831,-0.02636,0.04110,0.02137,-0.10386,-0.05440,-0.00296,-0.00000,0.00000,0.00000,0.00000,0.00000,0.00000,-0.33483,0.82728,0,0.05540,0.02881
9.0594,-0.04831,-0.02636,0.04089,0.02126,-0.10455,-0.05476,-0.00296,-0.00000,0.00000,0.00000,0.00000,0.00000,0.00000,-0.33478,0.82728,0,0.05540,0.02881
9.0614,-0.04831,-0.02636,0.04068,0.02115,-0.10523,-0.05511,-0.00296,-0.00000,0.00000,0.00000,0.00000,0.00000,0.00000,-0.33475,0.82729,0,0.05540,0.02881
9.0634,-0.04831,-0.02636,0.04047,0.02104,-0.10590,-0.05546,-0.00296,-0.00000,0.00000,0.00000,0.00000,0.00000,0.00000,-0.33476,0.82725,0,0.05540,0.02881
9.0654,-0.04831,-0.02636,0.04026,0.02093,-0.10658,-0.05581,-0.00296,-0.00000,0.00000,0.00000,0.00000,0.00000,0.00000,-0.33478,0.82727,0,0.05540,0.02881
9.0674,-0.04831,-0.02636,0.04004,0.02082,-0.10725,-0.05616,-0.00296,-0.00000,0.00000,0.00000,0.00000,0.00000,0.00000,-0.33480,0.82726,0,0.05540,0.02881
9.0694,-0.04831,-0.02636,0.03983,0.02071,-0.10792,-0.05651,-0.00296,-0.00000,0.00000,0.00000,0.00000,0.00000,0.00000,-0.33479,0.82730,0,0.05540,0.02881
9.0714,-0.04831,-0.02636,0.03961,0.02059,-0.10858,-0.05685,-0.00296,-0.00000,0.00000,0.00000,0.00000,0.00000,0.00000,-0.33477,0.82725,0,0.05540,0.02881
9.0734,-0.04831,-0.02636,0.03939,0.02048,-0.10924,-0.05720,-0.00296,-0.00000,0.00000,0.00000,0.00000,0.00000,0.00000,-0.33479,0.82729,0,0.05540,0.02881
9.0755,-0.04831,-0.02636,0.03917,0.02036,-0.10989,-0.05754,-0.00296,-0.00000,0.00000,0.00000,0.00000,0.00000,0.00000,-0.33480,0.82731,0,0.05540,0.02881
9.0775,-0.04831,-0.02636,0.03895,0.02025,-0.11055,-0.05788,-0.00296,-0.00000,0.00000,0.00000,0.00000,0.00000,0.00000,-0.33478,0.82732,0,0.05540,0.02881
9.0795,-0.04831,-0.02636,0.03873,0.02013,-0.11119,-0.05821,-0.00296,-0.00000,0.00000,0.00000,0.00000,0.00000,0.00000,-0.33478,0.82732,0,0.05540,0.02881
9.0815,-0.04831,-0.02636,0.03851,0.02002,-0.11184,-0.05855,-0.00296,-0.00000,0.00000,0.00000,0.00000,0.00000,0.00000,-0.33480,0.82727,0,0.05540,0.02881
9.0835,-0.04831,-0.02636,0.03828,0.01990,-0.11248,-0.05888,-0.00296,-0.00000,0.00000,0.00000,0.00000,0.00000,0.00000,-0.33479,0.82728,0,0.05540,0.02881
9.0855,-0.04831,-0.02636,0.03806,0.01978,-0.11312,-0.05921,-0.00296,-0.00000,0.00000,0.00000,0.00000,0.00000,0.00000,-0.33480,0.82731,0,0.05540,0.02881
9.0875,-0.04813,-0.02629,0.04472,0.02328,-0.09041,-0.04729,-0.00775,-0.00000,0.00000,0.00000,0.00000,0.00000,0.00000,-0.33482,0.82728,0,0.05537,0.02886
9.0895,-0.04813,-0.02629,0.04454,0.02318,-0.09116,-0.04768,-0.00775,-0.00000,0.00000,0.00000,0.00000,0.00000,0.00000,-0.33482,0.82728,0,0.05537,0.02886
9.0915,-0.04813,-0.02629,0.04436,0.02309,-0.09190,-0.04807,-0.00775,-0.00000,0.00000,0.00000,0.00000,0.00000,0.00000,-0.33478,0.82726,0,0.05537,0.02886
9.0935,-0.04813,-0.02629,0.04417,0.02299,-0.09264,-0.04845,-0.00775,-0.00000,0.00000,0.00000,0.00000,0.00000,0.00000,-0.33476,0.82731,0,0.05537,0.02886
9.0955,-0.04813,-0.02629,0.04399,0.02289,-0.09338,-0.04884,-0.00775,-0.00000,0.00000,0.00000,0.00000,0.00000,0.00000,-0.33478,0.82729,0,0.05537,0.02886
9.0975,-0.04813,-0.02629,0.04380,0.02279,-0.09411,-0.04922,-0.00775,-0.00000,0.00000,0.00000,0.00000,0.00000,0.00000,-0.33479,0.82729,0,0.05537,0.02886
9.0996,-0.04813,-0.02629,0.04361,0.02270,-0.09484,-0.04960,-0.00775,-0.00000,0.00000,0.00000,0.00000,0.00000,0.00000,-0.33479,0.82729,0,0.05537,0.02886
9.1016,-0.04813,-0.02629,0.04342,0.02260,-0.09557,-0.04998,-0.00775,-0.00000,0.00000,0.00000,0.00000,0.00000,0.00000,-0.33479,0.82727,0,0.05537,0.02886
9.1036,-0.04813,-0.02629,0.04323,0.02250,-0.09629,-0.05035,-0.00775,-0.00000,0.00000,0.00000,0.00000,0.00000,0.00000,-0.33477,0.82727,0,0.05537,0.02886
9.1056,-0.04813,-0.02629,0.04303,0.02239,-0.09701,-0.05073,-0.00775,-0.00000,0.00000,0.00000,0.00000,0.00000,0.00000,-0.33477,0.82730,0,0.05537,0.02886
9.1076,-0.04813,-0.02629,0.04284,0.02229,-0.09773,-0.05110,-0.00775,-0.00000,0.00000,0.00000,0.00000,0.00000,0.00000,-0.33474,0.82733,0,0.05537,0.02886
9.1096,-0.04813,-0.02629,0.04264,0.02219,-0.09845,-0.05147,-0.00775,-0.00000,0.00000,0.00000,0.00000,0.00000,0.00000,-0.33476,0.82731,0,0.05537,0.02886
9.1116,-0.04813,-0.02629,0.04245,0.02209,-0.09916,-0.05184,-0.00775,-0.00000,0.00000,0.00000,0.00000,0.00000,0.00000,-0.33479,0.82726,0,0.05537,0.02886
9.1136,-0.04813,-0.02629,0.04225,0.02198,-0.09986,-0.05221,-0.00775,-0.00000,0.00000,0.00000,0.00000,0.00000,0.00000,-0.33483,0.82727,0,0.05537,0.02886
9.1156,-0.04813,-0.02629,0.04205,0.02188,-0.10057,-0.05258,-0.00775,-0.00000,0.00000,0.00000,0.00000,0.00000,0.00000,-0.33478,0.82730,0,0.05537,0.02886
9.1176,-0.04813,-0.02629,0.04184,0.02177,-0.10127,-0.05294,-0.00775,-0.00000,0.00000,0.00000,0.00000,0.00000,0.00000,-0.33479,0.82728,0,0.05537,0.02886
9.1196,-0.04813,-0.02629,0.04164,0.02167,-0.10197,-0.05331,-0.00775,-0.00000,0.00000,0.00000,0.00000,0.00000,0.00000,-0.33477,0.82728,0,0.05537,0.02886
9.1217,-0.04813,-0.02629,0.04144,0.02156,-0.10266,-0.05367,-0.00775,-0.00000,0.00000,0.00000,0.00000,0.00000,0.00000,-0.33480,0.82728,0,0.05537,0.02886
9.1237,-0.04813,-0.02629,0.04123,0.02145,-0.10335,-0.05403,-0.00775,-0.00000,0.00000,0.00000,0.00000,0.00000,0.00000,-0.33477,0.82731,0,0.05537,0.02886
9.1257,-0.04813,-0.02629,0.04102,0.02134,-0.10404,-0.05438,-0.00775,-0.00000,0.00000,0.00000,0.00000,0.00000,0.00000,-0.33479,0.82730,0,0.05537,0.02886
9.1277,-0.04813,-0.02629,0.04081,0.02123,-0.10472,-0.05474,-0.00775,-0.00000,0.00000,0.00000,0.00000,0.00000,0.00000,-0.33479,0.82731,0,0.05537,0.02886
9.1297,-0.04813,-0.02629,0.04060,0.02112,-0.10540,-0.05509,-0.00775,-0.00000,0.00000,0.00000,0.00000,0.00000,0.00000,-0.33477,0.82727,0,0.05537,0.02886
9.1317,-0.04813,-0.02629,0.04039,0.02101,-0.10608,-0.05544,-0.00775,-0.00000,0.00000,0.00000,0.00000,0.00000,0.00000,-0.33481,0.82729,0,0.05537,0.02886
9.1337,-0.04813,-0.02629,0.04018,0.02090,-0.10675,-0.05579,-0.00775,-0.00000,0.00000,0.00000,0.00000,0.00000,0.00000,-0.33483,0.82723,0,0.05537,0.02886
9.1358,-0.04813,-0.02629,0.03997,0.02079,-0.10742,-0.05614,-0.00775,-0.00000,0.00000,0.00000,0.00000,0.00000,0.00000,-0.33480,0.82731,0,0.05537,0.02886
9.1378,-0.04813,-0.02629,0.03975,0.02068,-0.10809,-0.05649,-0.00775,-0.00000,0.00000,0.00000,0.00000,0.00000,0.00000,-0.33477,0.82727,0,0.05537,0.02886
9.1398,-0.04813,-0.02629,0.03953,0.02056,-0.10875,-0.05683,-0.00775,-0.00000,0.00000,0.00000,0.00000,0.00000,0.00000,-0.33477,0.82731,0,0.05537,0.02886
9.1418,-0.04813,-0.02629,0.03932,0.02045,-0.10941,-0.05718,-0.00775,-0.00000,0.00000,0.00000,0.00000,0.00000,0.00000,-0.33479,0.82728,0,0.05537,0.02886
9.1438,-0.04813,-0.02629,0.03910,0.02034,-0.11006,-0.05752,-0.00775,-0.00000,0.00000,0.00000,0.00000,0.00000,0.00000,-0.33477,0.82728,0,0.05537,0.02886
9.1458,-0.04813,-0.02629,0.03888,0.02022,-0.11071,-0.05785,-0.00775,-0.00000,0.00000,0.00000,0.00000,0.00000,0.00000,-0.33480,0.82731,0,0.05537,0.02886
9.1478,-0.04813,-0.02629,0.03865,0.02010,-0.11136,-0.05819,-0.00775,-0.00000,0.00000,0.00000,0.00000,0.00000,0.00000,-0.33479,0.82727,0,0.05537,0.02886
9.1498,-0.04813,-0.02629,0.03843,0.01999,-0.11200,-0.05853,-0.00775,-0.00000,0.00000,0.00000,0.00000,0.00000,0.00000,-0.33477,0.82733,0,0.05537,0.02886
9.1518,-0.04813,-0.02629,0.03821,0.01987,-0.11264,-0.05886,-0.00775,-0.00000,0.00000,0.00000,0.00000,0.00000,0.00000,-0.33479,0.82731,0,0.05537,0.02886
9.1538,-0.04784,-0.02651,0.04480,0.02337,-0.09001,-0.04685,-0.01057,-0.00000,0.00000,0.00000,0.00000,0.00000,0.00000,-0.33475,0.82731,0,0.05519,0.02885
9.1558,-0.04784,-0.02651,0.04462,0.02327,-0.09076,-0.04724,-0.01057,-0.00000,0.00000,0.00000,0.00000,0.00000,0.00000,-0.33475,0.82731,0,0.05519,0.02885
9.1578,-0.04784,-0.02651,0.04443,0.02318,-0.09150,-0.04763,-0.01057,-0.00000,0.00000,0.00000,0.00000,0.00000,0.00000,-0.33478,0.82728,0,0.05519,0.02885
9.1598,-0.04784,-0.02651,0.04425,0.02308,-0.09224,-0.04801,-0.01057,-0.00000,0.00000,0.00000,0.00000,0.00000,0.00000,-0.33472,0.82729,0,0.05519,0.02885
9.1619,-0.04784,-0.02651,0.04406,0.02299,-0.09298,-0.04840,-0.01057,-0.00000,0.00000,0.00000,0.00000,0.00000,0.00000,-0.33477,0.82729,0,0.05519,0.02885
9.1639,-0.04784,-0.02651,0.04388,0.02289,-0.09372,-0.04878,-0.01057,-0.00000,0.00000,0.00000,0.00000,0.00000,0.00000,-0.33478,0.82731,0,0.05519,0.02885
9.1659,-0.04784,-0.02651,0.04369,0.02279,-0.09445,-0.04916,-0.01057,-0.00000,0.00000,0.00000,0.00000,0.00000,0.00000,-0.33480,0.82730,0,0.05519,0.02885
9.1679,-0.04784,-0.02651,0.04350,0.02269,-0.09518,-0.04954,-0.01057,-0.00000,0.00000,0.00000,0.00000,0.00000,0.00000,-0.33476,0.82729,0,0.05519,0.02885
9.1699,-0.04784,-0.02651,0.04331,0.02259,-0.09590,-0.04992,-0.01057,-0.00000,0.00000,0.00000,0.00000,0.00000,0.00000,-0.33482,0.82726,0,0.05519,0.02885
9.1719,-0.04784,-0.02651,0.04312,0.02249,-0.09662,-0.05030,-0.01057,-0.00000,0.00000,0.00000,0.00000,0.00000,0.00000,-0.33482,0.82728,0,0.05519,0.02885
9.1739,-0.04784,-0.02651,0.04292,0.02239,-0.09734,-0.05067,-0.01057,-0.00000,0.00000,0.00000,0.00000,0.00000,0.00000,-0.33475,0.82731,0,0.05519,0.02885
9.1759,-0.04784,-0.02651,0.04273,0.02229,-0.09806,-0.05105,-0.01057,-0.00000,0.00000,0.00000,0.00000,0.00000,0.00000,-0.33479,0.82729,0,0.05519,0.02885
9.1779,-0.04784,-0.02651,0.04253,0.02219,-0.09877,-0.05142,-0.01057,-0.00000,0.00000,0.00000,0.00000,0.00000,0.00000,-0.33473,0.82730,0,0.05519,0.02885
9.1799,-0.04784,-0.02651,0.04233,0.02208,-0.09948,-0.05179,-0.01057,-0.00000,0.00000,0.00000,0.00000,0.00000,0.00000,-0.33478,0.82730,0,0.05519,0.02885
9.1819,-0.04784,-0.02651,0.04213,0.02198,-0.10018,-0.05216,-0.01057,-0.00000,0.00000,0.00000,0.00000,0.00000,0.00000,-0.33481,0.82726,0,0.05519,0.02885
9.1839,-0.04784,-0.02651,0.04193,0.02188,-0.10089,-0.05252,-0.01057,-0.00000,0.00000,0.00000,0.00000,0.00000,0.00000,-0.33481,0.82725,0,0.05519,0.02885
9.1859,-0.04784,-0.02651,0.04173,0.02177,-0.10159,-0.05289,-0.01057,-0.00000,0.00000,0.00000,0.00000,0.00000,0.00000,-0.33475,0.82729,0,0.05519,0.02885
9.1879,-0.04784,-0.02651,0.04152,0.02166,-0.10228,-0.05325,-0.01057,-0.00000,0.00000,0.00000,0.00000,0.00000,0.00000,-0.33477,0.82732,0,0.05519,0.02885
9.1899,-0.04784,-0.02651,0.04132,0.02156,-0.10297,-0.05361,-0.01057,-0.00000,0.00000,0.00000,0.00000,0.00000,0.00000,-0.33480,0.82728,0,0.05519,0.02885
9.1919,-0.04784,-0.02651,0.04111,0.02145,-0.10366,-0.05397,-0.01057,-0.00000,0.00000,0.00000,0.00000,0.00000,0.00000,-0.33475,0.82730,0,0.05519,0.02885
9.1939,-0.04784,-0.02651,0.04090,0.02134,-0.10435,-0.05433,-0.01057,-0.00000,0.00000,0.00000,0.00000,0.00000,0.00000,-0.33476,0.82730,0,0.05519,0.02885
9.1959,-0.04784,-0.02651,0.04070,0.02123,-0.10503,-0.05468,-0.01057,-0.00000,0.00000,0.00000,0.00000,0.00000,0.00000,-0.33479,0.82729,0,0.05519,0.02885
9.1979,-0.04784,-0.02651,0.04048,0.02112,-0.10571,-0.05504,-0.01057,-0.00000,0.00000,0.00000,0.00000,0.00000,0.00000,-0.33476,0.82732,0,0.05519,0.02885
9.1999,-0.04784,-0.02651,0.04027,0.02101,-0.10638,-0.05539,-0.01057,-0.00000,0.00000,0.00000,0.00000,0.00000,0.00000,-0.33478,0.82729,0,0.05519,0.02885
9.2019,-0.04784,-0.02651,0.04006,0.02090,-0.10705,-0.05574,-0.01057,-0.00000,0.00000,0.00000,0.00000,0.00000,0.00000,-0.33477,0.82728,0,0.05519,0.02885
9.2039,-0.04784,-0.02651,0.03984,0.02079,-0.10772,-0.05609,-0.01057,-0.00000,0.00000,0.00000,0.00000,0.00000,0.00000,-0.33481,0.82726,0,0.05519,0.02885
9.2059,-0.04784,-0.02651,0.03963,0.02068,-0.10838,-0.05643,-0.01057,-0.00000,0.00000,0.00000,0.00000,0.00000,0.00000,-0.33481,0.82731,0,0.05519,0.02885
9.2079,-0.04784,-0.02651,0.03941,0.02056,-0.10904,-0.05678,-0.01057,-0.00000,0.00000,0.00000,0.00000,0.00000,0.00000,-0.33478,0.82729,0,0.05519,0.02885
9.2099,-0.04784,-0.02651,0.03919,0.02045,-0.10970,-0.05712,-0.01057,-0.00000,0.00000,0.00000,0.00000,0.00000,0.00000,-0.33482,0.82726,0,0.05519,0.02885
9.2119,-0.04784,-0.02651,0.03897,0.02034,-0.11035,-0.05746,-0.01057,-0.00000,0.00000,0.00000,0.00000,0.00000,0.00000,-0.33478,0.82727,0,0.05519,0.02885
9.2139,-0.04784,-0.02651,0.03875,0.02022,-0.11100,-0.05780,-0.01057,-0.00000,0.00000,0.00000,0.00000,0.00000,0.00000,-0.33482,0.82726,0,0.05519,0.02885
9.2159,-0.04784,-0.02651,0.03853,0.02010,-0.11164,-0.05814,-0.01057,-0.00000,0.00000,0.00000,0.00000,0.00000,0.00000,-0.33478,0.82727,0,0.05519,0.02885
9.2179,-0.04784,-0.02651,0.03830,0.01999,-0.11228,-0.05847,-0.01057,-0.00000,0.00000,0.00000,0.00000,0.00000,0.00000,-0.33478,0.82731,0,0.05519,0.02885
9.2200,-0.04794,-0.02644,0.04472,0.02330,-0.09044,-0.04719,-0.00807,-0.00000,0.00000,0.00000,0.00000,0.00000,0.00000,-0.33476,0.82729,0,0.05528,0.02878
9.2220,-0.04794,-0.02644,0.04454,0.02321,-0.09119,-0.04757,-0.00807,-0.00000,0.00000,0.00000,0.00000,0.00000,0.00000,-0.33476,0.82729,0,0.05528,0.02878
9.2240,-0.04794,-0.02644,0.04436,0.02311,-0.09193,-0.04796,-0.00807,-0.00000,0.00000,0.00000,0.00000,0.00000,0.00000,-0.33480,0.82728,0,0.05528,0.02878
9.2260,-0.04794,-0.02644,0.04418,0.02302,-0.09267,-0.04835,-0.00807,-0.00000,0.00000,0.00000,0.00000,0.00000,0.00000,-0.33480,0.82727,0,0.05528,0.02878
9.2280,-0.04794,-0.02644,0.04399,0.02292,-0.09341,-0.04873,-0.00807,-0.00000,0.00000,0.00000,0.00000,0.00000,0.00000,-0.33478,0.82727,0,0.05528,0.02878
9.2300,-0.04794,-0.02644,0.04380,0.02282,-0.09414,-0.04911,-0.00807,-0.00000,0.00000,0.00000,0.00000,0.00000,0.00000,-0.33478,0.82727,0,0.05528,0.02878
9.2320,-0.04794,-0.02644,0.04361,0.02272,-0.09487,-0.04949,-0.00807,-0.00000,0.00000,0.00000,0.00000,0.00000,0.00000,-0.33478,0.82730,0,0.05528,0.02878
9.2340,-0.04794,-0.02644,0.04342,0.02263,-0.09560,-0.04987,-0.00807,-0.00000,0.00000,0.00000,0.00000,0.00000,0.00000,-0.33478,0.82729,0,0.05528,0.02878
9.2360,-0.04794,-0.02644,0.04323,0.02253,-0.09632,-0.05025,-0.00807,-0.00000,0.00000,0.00000,0.00000,0.00000,0.00000,-0.33475,0.82730,0,0.05528,0.02878
9.2380,-0.04794,-0.02644,0.04304,0.02242,-0.09704,-0.05063,-0.00807,-0.00000,0.00000,0.00000,0.00000,0.00000,0.00000,-0.33475,0.82728,0,0.05528,0.02878
9.2400,-0.04794,-0.02644,0.04284,0.02232,-0.09776,-0.05100,-0.00807,-0.00000,0.00000,0.00000,0.00000,0.00000,0.00000,-0.33479,0.82726,0,0.05528,0.02878
9.2420,-0.04794,-0.02644,0.04265,0.02222,-0.09847,-0.05137,-0.00807,-0.00000,0.00000,0.00000,0.00000,0.00000,0.00000,-0.33481,0.82726,0,0.05528,0.02878
9.2440,-0.04794,-0.02644,0.04245,0.02212,-0.09919,-0.05174,-0.00807,-0.00000,0.00000,0.00000,0.00000,0.00000,0.00000,-0.33479,0.82729,0,0.05528,0.02878
9.2460,-0.04794,-0.02644,0.04225,0.02201,-0.09989,-0.05211,-0.00807,-0.00000,0.00000,0.00000,0.00000,0.00000,0.00000,-0.33480,0.82731,0,0.05528,0.02878
9.2480,-0.04794,-0.02644,0.04205,0.02191,-0.10060,-0.05248,-0.00807,-0.00000,0.00000,0.00000,0.00000,0.00000,0.00000,-0.33479,0.82726,0,0.05528,0.02878
9.2500,-0.04794,-0.02644,0.04185,0.02180,-0.10130,-0.05284,-0.00807,-0.00000,0.00000,0.00000,0.00000,0.00000,0.00000,-0.33479,0.82730,0,0.05528,0.02878
9.2521,-0.04794,-0.02644,0.04164,0.02170,-0.10200,-0.05321,-0.00807,-0.00000,0.00000,0.00000,0.00000,0.00000,0.00000,-0.33480,0.82728,0,0.05528,0.02878
9.2541,-0.04794,-0.02644,0.04144,0.02159,-0.10269,-0.05357,-0.00807,-0.00000,0.00000,0.00000,0.00000,0.00000,0.00000,-0.33477,0.82731,0,0.05528,0.02878
9.2561,-0.04794,-0.02644,0.04123,0.02148,-0.10338,-0.05393,-0.00807,-0.00000,0.00000,0.00000,0.00000,0.00000,0.00000,-0.33481,0.82729,0,0.05528,0.02878
9.2581,-0.04794,-0.02644,0.04103,0.02137,-0.10407,-0.05429,-0.00807,-0.00000,0.00000,0.00000,0.00000,0.00000,0.00000,-0.33480,0.82730,0,0.05528,0.02878
9.2601,-0.04794,-0.02644,0.04082,0.02127,-0.10475,-0.05464,-0.00807,-0.00000,0.00000,0.00000,0.00000,0.00000,0.00000,-0.33480,0.82727,0,0.05528,0.02878
9.2621,-0.04794,-0.02644,0.04061,0.02116,-0.10543,-0.05500,-0.00807,-0.00000,0.00000,0.00000,0.00000,0.00000,0.00000,-0.33476,0.82733,0,0.05528,0.02878
9.2641,-0.04794,-0.02644,0.04039,0.02105,-0.10611,-0.05535,-0.00807,-0.00000,0.00000,0.00000,0.00000,0.00000,0.00000,-0.33481,0.82726,0,0.05528,0.02878
9.2661,-0.04794,-0.02644,0.04018,0.02093,-0.10678,-0.05570,-0.00807,-0.00000,0.00000,0.00000,0.00000,0.00000,0.00000,-0.33477,0.82728,0,0.05528,0.02878
9.2681,-0.04794,-0.02644,0.03997,0.02082,-0.10745,-0.05605,-0.00807,-0.00000,0.00000,0.00000,0.00000,0.00000,0.00000,-0.33476,0.82731,0,0.05528,0.02878
9.2702,-0.04794,-0.02644,0.03975,0.02071,-0.10811,-0.05639,-0.00807,-0.00000,0.00000,0.00000,0.00000,0.00000,0.00000,-0.33476,0.82731,0,0.05528,0.02878
9.2722,-0.04794,-0.02644,0.03954,0.02060,-0.10878,-0.05674,-0.00807,-0.00000,0.00000,0.00000,0.00000,0.00000,0.00000,-0.33482,0.82728,0,0.05528,0.02878
9.2742,-0.04794,-0.02644,0.03932,0.02048,-0.10943,-0.05708,-0.00807,-0.00000,0.00000,0.00000,0.00000,0.00000,0.00000,-0.33476,0.82728,0,0.05528,0.02878
9.2762,-0.04794,-0.02644,0.03910,0.02037,-0.11009,-0.05742,-0.00807,-0.00000,0.00000,0.00000,0.00000,0.00000,0.00000,-0.33479,0.82727,0,0.05528,0.02878
9.2782,-0.04794,-0.02644,0.03888,0.02025,-0.11074,-0.05776,-0.00807,-0.00000,0.00000,0.00000,0.00000,0.00000,0.00000,-0.33477,0.82727,0,0.05528,0.02878
9.2802,-0.04794,-0.02644,0.03865,0.02014,-0.11139,-0.05810,-0.00807,-0.00000,0.00000,0.00000,0.00000,0.00000,0.00000,-0.33478,0.82728,0,0.05528,0.02878
9.2822,-0.04794,-0.02644,0.03843,0.02002,-0.11203,-0.05843,-0.00807,-0.00000,0.00000,0.00000,0.00000,0.00000,0.00000,-0.33475,0.82733,0,0.05528,0.02878
9.2842,-0.04794,-0.02644,0.03821,0.01990,-0.11267,-0.05877,-0.00807,-0.00000,0.00000,0.00000,0.00000,0.00000,0.00000,-0.33479,0.82729,0,0.05528,0.02878
9.2862,-0.04794,-0.02644,0.03798,0.01979,-0.11331,-0.05910,-0.00807,-0.00000,0.00000,0.00000,0.00000,0.00000,0.00000,-0.33481,0.82728,0,0.05528,0.02878
9.2882,-0.04804,-0.02664,0.04477,0.02336,-0.08996,-0.04681,-0.00745,-0.00000,0.00000,0.00000,0.00000,0.00000,0.00000,-0.33481,0.82731,0,0.05533,0.02890
9.2902,-0.04804,-0.02664,0.04459,0.02327,-0.09071,-0.04720,-0.00745,-0.00000,0.00000,0.00000,0.00000,0.00000,0.00000,-0.33481,0.82731,0,0.05533,0.02890
9.2922,-0.04804,-0.02664,0.04441,0.02318,-0.09145,-0.04759,-0.00745,-0.00000,0.00000,0.00000,0.00000,0.00000,0.00000,-0.33481,0.82729,0,0.05533,0.02890
9.2942,-0.04804,-0.02664,0.04423,0.02308,-0.09220,-0.04797,-0.00745,-0.00000,0.00000,0.00000,0.00000,0.00000,0.00000,-0.33480,0.82729,0,0.05533,0.02890
9.2962,-0.04804,-0.02664,0.04404,0.02298,-0.09293,-0.04836,-0.00745,-0.00000,0.00000,0.00000,0.00000,0.00000,0.00000,-0.33479,0.82725,0,0.05533,0.02890
9.2982,-0.04804,-0.02664,0.04386,0.02289,-0.09367,-0.04874,-0.00745,-0.00000,0.00000,0.00000,0.00000,0.00000,0.00000,-0.33481,0.82728,0,0.05533,0.02890
9.3002,-0.04804,-0.02664,0.04367,0.02279,-0.09440,-0.04912,-0.00745,-0.00000,0.00000,0.00000,0.00000,0.00000,0.00000,-0.33481,0.82728,0,0.05533,0.02890
9.3022,-0.04804,-0.02664,0.04348,0.02269,-0.09513,-0.04950,-0.00745,-0.00000,0.00000,0.00000,0.00000,0.00000,0.00000,-0.33477,0.82725,0,0.05533,0.02890
9.3042,-0.04804,-0.02664,0.04329,0.02259,-0.09585,-0.04988,-0.00745,-0.00000,0.00000,0.00000,0.00000,0.00000,0.00000,-0.33474,0.82730,0,0.05533,0.02890
9.3062,-0.04804,-0.02664,0.04309,0.02249,-0.09657,-0.05026,-0.00745,-0.00000,0.00000,0.00000,0.00000,0.00000,0.00000,-0.33479,0.82730,0,0.05533,0.02890
9.3082,-0.04804,-0.02664,0.04290,0.02239,-0.09729,-0.05063,-0.00745,-0.00000,0.00000,0.00000,0.00000,0.00000,0.00000,-0.33474,0.82731,0,0.05533,0.02890
9.3102,-0.04804,-0.02664,0.04271,0.02229,-0.09801,-0.05101,-0.00745,-0.00000,0.00000,0.00000,0.00000,0.00000,0.00000,-0.33474,0.82731,0,0.05533,0.02890
9.3122,-0.04804,-0.02664,0.04251,0.02219,-0.09872,-0.05138,-0.00745,-0.00000,0.00000,0.00000,0.00000,0.00000,0.00000,-0.33478,0.82728,0,0.05533,0.02890
9.3143,-0.04804,-0.02664,0.04231,0.02208,-0.09943,-0.05175,-0.00745,-0.00000,0.00000,0.00000,0.00000,0.00000,0.00000,-0.33475,0.82729,0,0.05533,0.02890
9.3163,-0.04804,-0.02664,0.04211,0.02198,-0.10013,-0.05212,-0.00745,-0.00000,0.00000,0.00000,0.00000,0.00000,0.00000,-0.33475,0.82729,0,0.05533,0.02890
9.3183,-0.04804,-0.02664,0.04191,0.02187,-0.10083,-0.05248,-0.00745,-0.00000,0.00000,0.00000,0.00000,0.00000,0.00000,-0.33475,0.82728,0,0.05533,0.02890
9.3203,-0.04804,-0.02664,0.04171,0.02177,-0.10153,-0.05285,-0.00745,-0.00000,0.00000,0.00000,0.00000,0.00000,0.00000,-0.33475,0.82728,0,0.05533,0.02890
9.3223,-0.04804,-0.02664,0.04150,0.02166,-0.10223,-0.05321,-0.00745,-0.00000,0.00000,0.00000,0.00000,0.00000,0.00000,-0.33479,0.82732,0,0.05533,0.02890
9.3243,-0.04804,-0.02664,0.04130,0.02156,-0.10292,-0.05357,-0.00745,-0.00000,0.00000,0.00000,0.00000,0.00000,0.00000,-0.33479,0.82732,0,0.05533,0.02890
9.3263,-0.04804,-0.02664,0.04109,0.02145,-0.10361,-0.05393,-0.00745,-0.00000,0.00000,0.00000,0.00000,0.00000,0.00000,-0.33481,0.82729,0,0.05533,0.02890
9.3283,-0.04804,-0.02664,0.04088,0.02134,-0.10429,-0.05429,-0.00745,-0.00000,0.00000,0.00000,0.00000,0.00000,0.00000,-0.33481,0.82729,0,0.05533,0.02890
9.3303,-0.04804,-0.02664,0.04068,0.02123,-0.10497,-0.05464,-0.00745,-0.00000,0.00000,0.00000,0.00000,0.00000,0.00000,-0.33477,0.82731,0,0.05533,0.02890
9.3323,-0.04804,-0.02664,0.04046,0.02112,-0.10565,-0.05500,-0.00745,-0.00000,0.00000,0.00000,0.00000,0.00000,0.00000,-0.33477,0.82731,0,0.05533,0.02890
9.3343,-0.04804,-0.02664,0.04025,0.02101,-0.10633,-0.05535,-0.00745,-0.00000,0.00000,0.00000,0.00000,0.00000,0.00000,-0.33482,0.82730,0,0.05533,0.02890
9.3363,-0.04804,-0.02664,0.04004,0.02090,-0.10700,-0.05570,-0.00745,-0.00000,0.00000,0.00000,0.00000,0.00000,0.00000,-0.33482,0.82730,0,0.05533,0.02890
9.3383,-0.04804,-0.02664,0.03982,0.02079,-0.10766,-0.05605,-0.00745,-0.00000,0.00000,0.00000,0.00000,0.00000,0.00000,-0.33482,0.82733,0,0.05533,0.02890
9.3403,-0.04804,-0.02664,0.03961,0.02068,-0.10833,-0.05639,-0.00745,-0.00000,0.00000,0.00000,0.00000,0.00000,0.00000,-0.33481,0.82726,0,0.05533,0.02890
9.3423,-0.04804,-0.02664,0.03939,0.02056,-0.10899,-0.05674,-0.00745,-0.00000,0.00000,0.00000,0.00000,0.00000,0.00000,-0.33479,0.82731,0,0.05533,0.02890
9.3443,-0.04804,-0.02664,0.03917,0.02045,-0.10964,-0.05708,-0.00745,-0.00000,0.00000,0.00000,0.00000,0.00000,0.00000,-0.33479,0.82729,0,0.05533,0.02890
9.3464,-0.04804,-0.02664,0.03895,0.02033,-0.11029,-0.05742,-0.00745,-0.00000,0.00000,0.00000,0.00000,0.00000,0.00000,-0.33476,0.82729,0,0.05533,0.02890
9.3484,-0.04804,-0.02664,0.03873,0.02022,-0.11094,-0.05776,-0.00745,-0.00000,0.00000,0.00000,0.00000,0.00000,0.00000,-0.33479,0.82728,0,0.05533,0.02890
9.3504,-0.04804,-0.02664,0.03851,0.02010,-0.11159,-0.05809,-0.00745,-0.00000,0.00000,0.00000,0.00000,0.00000,0.00000,-0.33480,0.82726,0,0.05533,0.02890
9.3524,-0.04804,-0.02664,0.03829,0.01999,-0.11223,-0.05843,-0.01095,-0.00000,0.00000,0.00000,0.00000,0.00000,0.00000,-0.33478,0.82730,0,0.05521,0.02885
9.3544,-0.04788,-0.02651,0.04469,0.02335,-0.09044,-0.04700,-0.01095,-0.00000,0.00000,0.00000,0.00000,0.00000,0.00000,-0.33478,0.82731,0,0.05521,0.02885
9.3564,-0.04788,-0.02651,0.04451,0.02325,-0.09118,-0.04739,-0.01095,-0.00000,0.00000,0.00000,0.00000,0.00000,0.00000,-0.33478,0.82727,0,0.05521,0.02885
9.3584,-0.04788,-0.02651,0.04433,0.02316,-0.09193,-0.04777,-0.01095,-0.00000,0.00000,0.00000,0.00000,0.00000,0.00000,-0.33481,0.82730,0,0.05521,0.02885
9.3604,-0.04788,-0.02651,0.04414,0.02306,-0.09267,-0.04816,-0.01095,-0.00000,0.00000,0.00000,0.00000,0.00000,0.00000,-0.33478,0.82729,0,0.05521,0.02885
9.3624,-0.04788,-0.02651,0.04396,0.02297,-0.09340,-0.04854,-0.01095,-0.00000,0.00000,0.00000,0.00000,0.00000,0.00000,-0.33482,0.82728,0,0.05521,0.02885
9.3644,-0.04788,-0.02651,0.04377,0.02287,-0.09413,-0.04893,-0.01095,-0.00000,0.00000,0.00000,0.00000,0.00000,0.00000,-0.33476,0.82731,0,0.05521,0.02885
9.3665,-0.04788,-0.02651,0.04358,0.02277,-0.09486,-0.04931,-0.01095,-0.00000,0.00000,0.00000,0.00000,0.00000,0.00000,-0.33481,0.82730,0,0.05521,0.02885
9.3685,-0.04788,-0.02651,0.04339,0.02267,-0.09559,-0.04969,-0.01095,-0.00000,0.00000,0.00000,0.00000,0.00000,0.00000,-0.33476,0.82728,0,0.05521,0.02885
9.3705,-0.04788,-0.02651,0.04320,0.02257,-0.09631,-0.05007,-0.01095,-0.00000,0.00000,0.00000,0.00000,0.00000,0.00000,-0.33480,0.82725,0,0.05521,0.02885
9.3725,-0.04788,-0.02651,0.04301,0.02247,-0.09703,-0.05044,-0.01095,-0.00000,0.00000,0.00000,0.00000,0.00000,0.00000,-0.33478,0.82726,0,0.05521,0.02885
9.3745,-0.04788,-0.02651,0.04281,0.02237,-0.09775,-0.05082,-0.01095,-0.00000,0.00000,0.00000,0.00000,0.00000,0.00000,-0.33476,0.82731,0,0.05521,0.02885
9.3765,-0.04788,-0.02651,0.04262,0.02227,-0.09847,-0.05119,-0.01095,-0.00000,0.00000,0.00000,0.00000,0.00000,0.00000,-0.33479,0.82732,0,0.05521,0.02885
9.3785,-0.04788,-0.02651,0.04242,0.02217,-0.09918,-0.05156,-0.01095,-0.00000,0.00000,0.00000,0.00000,0.00000,0.00000,-0.33478,0.82732,0,0.05521,0.02885
9.3805,-0.04788,-0.02651,0.04222,0.02206,-0.09988,-0.05193,-0.01095,-0.00000,0.00000,0.00000,0.00000,0.00000,0.00000,-0.33476,0.82727,0,0.05521,0.02885
9.3825,-0.04788,-0.02651,0.04202,0.02196,-0.10059,-0.05230,-0.01095,-0.00000,0.00000,0.00000,0.00000,0.00000,0.00000,-0.33479,0.82729,0,0.05521,0.02885
9.3845,-0.04788,-0.02651,0.04182,0.02185,-0.10129,-0.05266,-0.01095,-0.00000,0.00000,0.00000,0.00000,0.00000,0.00000,-0.33479,0.82728,0,0.05521,0.02885
9.3865,-0.04788,-0.02651,0.04161,0.02175,-0.10198,-0.05303,-0.01095,-0.00000,0.00000,0.00000,0.00000,0.00000,0.00000,-0.33477,0.82728,0,0.05521,0.02885
9.3885,-0.04788,-0.02651,0.04141,0.02164,-0.10268,-0.05339,-0.01095,-0.00000,0.00000,0.00000,0.00000,0.00000,0.00000,-0.33480,0.82731,0,0.05521,0.02885
9.3906,-0.04788,-0.02651,0.04120,0.02153,-0.10337,-0.05375,-0.01095,-0.00000,0.00000,0.00000,0.00000,0.00000,0.00000,-0.33482,0.82727,0,0.05521,0.02885
9.3926,-0.04788,-0.02651,0.04099,0.02143,-0.10405,-0.05411,-0.01095,-0.00000,0.00000,0.00000,0.00000,0.00000,0.00000,-0.33480,0.82728,0,0.05521,0.02885
9.3946,-0.04788,-0.02651,0.04079,0.02132,-0.10474,-0.05447,-0.01095,-0.00000,0.00000,0.00000,0.00000,0.00000,0.00000,-0.33475,0.82729,0,0.05521,0.02885
9.3966,-0.04788,-0.02651,0.04058,0.02121,-0.10542,-0.05482,-0.01095,-0.00000,0.00000,0.00000,0.00000,0.00000,0.00000,-0.33480,0.82730,0,0.05521,0.02885
9.3986,-0.04788,-0.02651,0.04036,0.02110,-0.10609,-0.05518,-0.01095,-0.00000,0.00000,0.00000,0.00000,0.00000,0.00000,-0.33481,0.82730,0,0.05521,0.02885
9.4006,-0.04788,-0.02651,0.04015,0.02099,-0.10676,-0.05553,-0.01095,-0.00000,0.00000,0.00000,0.00000,0.00000,0.00000,-0.33480,0.82730,0,0.05521,0.02885
9.4026,-0.04788,-0.02651,0.03994,0.02088,-0.10743,-0.05588,-0.01095,-0.00000,0.00000,0.00000,0.00000,0.00000,0.00000,-0.33479,0.82729,0,0.05521,0.02885
9.4046,-0.04788,-0.02651,0.03972,0.02076,-0.10810,-0.05622,-0.01095,-0.00000,0.00000,0.00000,0.00000,0.00000,0.00000,-0.33477,0.82729,0,0.05521,0.02885
9.4066,-0.04788,-0.02651,0.03950,0.02065,-0.10876,-0.05657,-0.01095,-0.00000,0.00000,0.00000,0.00000,0.00000,0.00000,-0.33477,0.82729,0,0.05521,0.02885
9.4087,-0.04788,-0.02651,0.03929,0.02054,-0.10942,-0.05691,-0.01095,-0.00000,0.00000,0.00000,0.00000,0.00000,0.00000,-0.33481,0.82729,0,0.05521,0.02885
9.4107,-0.04788,-0.02651,0.03907,0.02042,-0.11007,-0.05726,-0.01095,-0.00000,0.00000,0.00000,0.00000,0.00000,0.00000,-0.33480,0.82731,0,0.05521,0.02885
9.4127,-0.04788,-0.02651,0.03885,0.02031,-0.11072,-0.05760,-0.01095,-0.00000,0.00000,0.00000,0.00000,0.00000,0.00000,-0.33481,0.82730,0,0.05521,0.02885
9.4147,-0.04788,-0.02651,0.03862,0.02019,-0.11137,-0.05793,-0.01095,-0.00000,0.00000,0.00000,0.00000,0.00000,0.00000,-0.33482,0.82728,0,0.05521,0.02885
9.4167,-0.04822,-0.02656,0.04499,0.02344,-0.08932,-0.04668,-0.00415,-0.00000,0.00000,0.00000,0.00000,0.00000,0.00000,-0.33482,0.82728,0,0.05543,0.02881
9.4187,-0.04822,-0.02656,0.04481,0.02335,-0.09007,-0.04707,-0.00415,-0.00000,0.00000,0.00000,0.00000,0.00000,0.00000,-0.33481,0.82732,0,0.05543,0.02881
9.4207,-0.04822,-0.02656,0.04463,0.02326,-0.09082,-0.04746,-0.00415,-0.00000,0.00000,0.00000,0.00000,0.00000,0.00000,-0.33477,0.82731,0,0.05543,0.02881
9.4227,-0.04822,-0.02656,0.04445,0.02316,-0.09156,-0.04785,-0.00415,-0.00000,0.00000,0.00000,0.00000,0.00000,0.00000,-0.33480,0.82727,0,0.05543,0.02881
9.4247,-0.04822,-0.02656,0.04427,0.02306,-0.09230,-0.04824,-0.00415,-0.00000,0.00000,0.00000,0.00000,0.00000,0.00000,-0.33484,0.82729,0,0.05543,0.02881
9.4267,-0.04822,-0.02656,0.04408,0.02297,-0.09304,-0.04862,-0.00415,-0.00000,0.00000,0.00000,0.00000,0.00000,0.00000,-0.33476,0.82730,0,0.05543,0.02881
9.4287,-0.04822,-0.02656,0.04389,0.02287,-0.09378,-0.04901,-0.00415,-0.00000,0.00000,0.00000,0.00000,0.00000,0.00000,-0.33479,0.82728,0,0.05543,0.02881
9.4308,-0.04822,-0.02656,0.04371,0.02277,-0.09451,-0.04939,-0.00415,-0.00000,0.00000,0.00000,0.00000,0.00000,0.00000,-0.33478,0.82733,0,0.05543,0.02881
9.4327,-0.04822,-0.02656,0.04352,0.02267,-0.09524,-0.04977,-0.00415,-0.00000,0.00000,0.00000,0.00000,0.00000,0.00000,-0.33475,0.82729,0,0.05543,0.02881
9.4348,-0.04822,-0.02656,0.04332,0.02257,-0.09596,-0.05014,-0.00415,-0.00000,0.00000,0.00000,0.00000,0.00000,0.00000,-0.33478,0.82725,0,0.05543,0.02881
9.4368,-0.04822,-0.02656,0.04313,0.02247,-0.09669,-0.05052,-0.00415,-0.00000,0.00000,0.00000,0.00000,0.00000,0.00000,-0.33479,0.82731,0,0.05543,0.02881
9.4388,-0.04822,-0.02656,0.04294,0.02237,-0.09741,-0.05090,-0.00415,-0.00000,0.00000,0.00000,0.00000,0.00000,0.00000,-0.33480,0.82729,0,0.05543,0.02881
9.4408,-0.04822,-0.02656,0.04274,0.02227,-0.09812,-0.05127,-0.00415,-0.00000,0.00000,0.00000,0.00000,0.00000,0.00000,-0.33482,0.82727,0,0.05543,0.02881
9.4428,-0.04822,-0.02656,0.04255,0.02216,-0.09883,-0.05164,-0.00415,-0.00000,0.00000,0.00000,0.00000,0.00000,0.00000,-0.33482,0.82728,0,0.05543,0.02881
9.4448,-0.04822,-0.02656,0.04235,0.02206,-0.09954,-0.05201,-0.00415,-0.00000,0.00000,0.00000,0.00000,0.00000,0.00000,-0.33473,0.82731,0,0.05543,0.02881
9.4468,-0.04822,-0.02656,0.04215,0.02196,-0.10025,-0.05238,-0.00415,-0.00000,0.00000,0.00000,0.00000,0.00000,0.00000,-0.33477,0.82726,0,0.05543,0.02881
9.4488,-0.04822,-0.02656,0.04195,0.02185,-0.10095,-0.05274,-0.00415,-0.00000,0.00000,0.00000,0.00000,0.00000,0.00000,-0.33480,0.82729,0,0.05543,0.02881
9.4508,-0.04822,-0.02656,0.04174,0.02175,-0.10165,-0.05311,-0.00415,-0.00000,0.00000,0.00000,0.00000,0.00000,0.00000,-0.33480,0.82731,0,0.05543,0.02881
9.4528,-0.04822,-0.02656,0.04154,0.02164,-0.10235,-0.05347,-0.00415,-0.00000,0.00000,0.00000,0.00000,0.00000,0.00000,-0.33481,0.82730,0,0.05543,0.02881
9.4548,-0.04822,-0.02656,0.04133,0.02153,-0.10304,-0.05383,-0.00415,-0.00000,0.00000,0.00000,0.00000,0.00000,0.00000,-0.33479,0.82729,0,0.05543,0.02881
9.4568,-0.04822,-0.02656,0.04113,0.02142,-0.10373,-0.05419,-0.00415,-0.00000,0.00000,0.00000,0.00000,0.00000,0.00000,-0.33480,0.82727,0,0.05543,0.02881
9.4588,-0.04822,-0.02656,0.04092,0.02132,-0.10441,-0.05455,-0.00415,-0.00000,0.00000,0.00000,0.00000,0.00000,0.00000,-0.33480,0.82730,0,0.05543,0.02881
9.4608,-0.04822,-0.02656,0.04071,0.02121,-0.10509,-0.05490,-0.00415,-0.00000,0.00000,0.00000,0.00000,0.00000,0.00000,-0.33473,0.82734,0,0.05543,0.02881
9.4628,-0.04822,-0.02656,0.04050,0.02110,-0.10577,-0.05525,-0.00415,-0.00000,0.00000,0.00000,0.00000,0.00000,0.00000,-0.33478,0.82727,0,0.05543,0.02881
9.4648,-0.04822,-0.02656,0.04029,0.02098,-0.10645,-0.05561,-0.00415,-0.00000,0.00000,0.00000,0.00000,0.00000,0.00000,-0.33479,0.82727,0,0.05543,0.02881
9.4668,-0.04822,-0.02656,0.04007,0.02087,-0.10712,-0.05595,-0.00415,-0.00000,0.00000,0.00000,0.00000,0.00000,0.00000,-0.33478,0.82730,0,0.05543,0.02881
9.4688,-0.04822,-0.02656,0.03986,0.02076,-0.10779,-0.05630,-0.00415,-0.00000,0.00000,0.00000,0.00000,0.00000,0.00000,-0.33478,0.82728,0,0.05543,0.02881
9.4708,-0.04822,-0.02656,0.03964,0.02065,-0.10845,-0.05665,-0.00415,-0.00000,0.00000,0.00000,0.00000,0.00000,0.00000,-0.33480,0.82731,0,0.05543,0.02881
9.4728,-0.04822,-0.02656,0.03942,0.02053,-0.10911,-0.05699,-0.00415,-0.00000,0.00000,0.00000,0.00000,0.00000,0.00000,-0.33479,0.82727,0,0.05543,0.02881
9.4748,-0.04822,-0.02656,0.03921,0.02042,-0.10977,-0.05733,-0.00415,-0.00000,0.00000,0.00000,0.00000,0.00000,0.00000,-0.33480,0.82729,0,0.05543,0.02881
9.4768,-0.04822,-0.02656,0.03899,0.02030,-0.11042,-0.05767,-0.00415,-0.00000,0.00000,0.00000,0.00000,0.00000,0.00000,-0.33481,0.82728,0,0.05543,0.02881
9.4788,-0.04822,-0.02656,0.03876,0.02019,-0.11107,-0.05801,-0.00415,-0.00000,0.00000,0.00000,0.00000,0.00000,0.00000,-0.33480,0.82728,0,0.05543,0.02881
9.4808,-0.04822,-0.02656,0.03854,0.02007,-0.11171,-0.05835,-0.00415,-0.00000,0.00000,0.00000,0.00000,0.00000,0.00000,-0.33481,0.82729,0,0.05543,0.02881
9.4828,-0.04822,-0.02656,0.03832,0.01996,-0.11235,-0.05868,-0.00415,-0.00000,0.00000,0.00000,0.00000,0.00000,0.00000,-0.33475,0.82730,0,0.05543,0.02881
9.4848,-0.04822,-0.02656,0.03809,0.01984,-0.11299,-0.05901,-0.00415,-0.00000,0.00000,0.00000,0.00000,0.00000,0.00000,-0.33480,0.82729,0,0.05543,0.02881
9.4871,-0.04793,-0.02630,0.04466,0.02329,-0.09052,-0.04722,-0.01033,-0.00000,0.00000,0.00000,0.00000,0.00000,0.00000,-0.33481,0.82731,0,0.05526,0.02884
9.4891,-0.04793,-0.02630,0.04448,0.02319,-0.09126,-0.04761,-0.01033,-0.00000,0.00000,0.00000,0.00000,0.00000,0.00000,-0.33479,0.82729,0,0.05526,0.02884
9.4911,-0.04793,-0.02630,0.04430,0.02310,-0.09201,-0.04800,-0.01033,-0.00000,0.00000,0.00000,0.00000,0.00000,0.00000,-0.33478,0.82727,0,0.05526,0.02884
9.4931,-0.04793,-0.02630,0.04411,0.02300,-0.09275,-0.04838,-0.01033,-0.00000,0.00000,0.00000,0.00000,0.00000,0.00000,-0.33478,0.82729,0,0.05526,0.02884
9.4951,-0.04793,-0.02630,0.04393,0.02290,-0.09348,-0.04877,-0.01033,-0.00000,0.00000,0.00000,0.00000,0.00000,0.00000,-0.33481,0.82724,0,0.05526,0.02884
9.4971,-0.04793,-0.02630,0.04374,0.02280,-0.09421,-0.04915,-0.01033,-0.00000,0.00000,0.00000,0.00000,0.00000,0.00000,-0.33474,0.82734,0,0.05526,0.02884
9.4991,-0.04793,-0.02630,0.04355,0.02271,-0.09494,-0.04953,-0.01033,-0.00000,0.00000,0.00000,0.00000,0.00000,0.00000,-0.33481,0.82727,0,0.05526,0.02884
9.5011,-0.04793,-0.02630,0.04336,0.02261,-0.09567,-0.04991,-0.01033,-0.00000,0.00000,0.00000,0.00000,0.00000,0.00000,-0.33478,0.82725,0,0.05526,0.02884
9.5031,-0.04793,-0.02630,0.04317,0.02251,-0.09639,-0.05029,-0.01033,-0.00000,0.00000,0.00000,0.00000,0.00000,0.00000,-0.33478,0.82725,0,0.05526,0.02884
9.5051,-0.04793,-0.02630,0.04297,0.02241,-0.09711,-0.05066,-0.01033,-0.00000,0.00000,0.00000,0.00000,0.00000,0.00000,-0.33481,0.82729,0,0.05526,0.02884
9.5071,-0.04793,-0.02630,0.04278,0.02230,-0.09783,-0.05103,-0.01033,-0.00000,0.00000,0.00000,0.00000,0.00000,0.00000,-0.33479,0.82725,0,0.05526,0.02884
9.5091,-0.04793,-0.02630,0.04258,0.02220,-0.09854,-0.05141,-0.01033,-0.00000,0.00000,0.00000,0.00000,0.00000,0.00000,-0.33480,0.82729,0,0.05526,0.02884
9.5111,-0.04793,-0.02630,0.04239,0.02210,-0.09925,-0.05178,-0.01033,-0.00000,0.00000,0.00000,0.00000,0.00000,0.00000,-0.33476,0.82731,0,0.05526,0.02884
9.5131,-0.04793,-0.02630,0.04219,0.02199,-0.09996,-0.05214,-0.01033,-0.00000,0.00000,0.00000,0.00000,0.00000,0.00000,-0.33478,0.82726,0,0.05526,0.02884
9.5151,-0.04793,-0.02630,0.04199,0.02189,-0.10066,-0.05251,-0.01033,-0.00000,0.00000,0.00000,0.00000,0.00000,0.00000,-0.33476,0.82730,0,0.05526,0.02884
9.5171,-0.04793,-0.02630,0.04178,0.02178,-0.10136,-0.05288,-0.01033,-0.00000,0.00000,0.00000,0.00000,0.00000,0.00000,-0.33477,0.82731,0,0.05526,0.02884
9.5191,-0.04793,-0.02630,0.04158,0.02168,-0.10206,-0.05324,-0.01033,-0.00000,0.00000,0.00000,0.00000,0.00000,0.00000,-0.33475,0.82727,0,0.05526,0.02884
9.5211,-0.04793,-0.02630,0.04138,0.02157,-0.10275,-0.05360,-0.01033,-0.00000,0.00000,0.00000,0.00000,0.00000,0.00000,-0.33474,0.82730,0,0.05526,0.02884
9.5231,-0.04793,-0.02630,0.04117,0.02146,-0.10344,-0.05396,-0.01033,-0.00000,0.00000,0.00000,0.00000,0.00000,0.00000,-0.33481,0.82728,0,0.05526,0.02884
9.5251,-0.04793,-0.02630,0.04096,0.02136,-0.10413,-0.05432,-0.01033,-0.00000,0.00000,0.00000,0.00000,0.00000,0.00000,-0.33480,0.82727,0,0.05526,0.02884
9.5271,-0.04793,-0.02630,0.04075,0.02125,-0.10481,-0.05467,-0.01033,-0.00000,0.00000,0.00000,0.00000,0.00000,0.00000,-0.33477,0.82729,0,0.05526,0.02884
9.5291,-0.04793,-0.02630,0.04054,0.02114,-0.10549,-0.05503,-0.01033,-0.00000,0.00000,0.00000,0.00000,0.00000,0.00000,-0.33478,0.82726,0,0.05526,0.02884
9.5311,-0.04793,-0.02630,0.04033,0.02103,-0.10616,-0.05538,-0.01033,-0.00000,0.00000,0.00000,0.00000,0.00000,0.00000,-0.33478,0.82727,0,0.05526,0.02884
9.5331,-0.04793,-0.02630,0.04012,0.02091,-0.10683,-0.05573,-0.01033,-0.00000,0.00000,0.00000,0.00000,0.00000,0.00000,-0.33480,0.82729,0,0.05526,0.02884
9.5351,-0.04793,-0.02630,0.03990,0.02080,-0.10750,-0.05608,-0.01033,-0.00000,0.00000,0.00000,0.00000,0.00000,0.00000,-0.33476,0.82729,0,0.05526,0.02884
9.5371,-0.04793,-0.02630,0.03969,0.02069,-0.10817,-0.05642,-0.01033,-0.00000,0.00000,0.00000,0.00000,0.00000,0.00000,-0.33480,0.82725,0,0.05526,0.02884
9.5391,-0.04793,-0.02630,0.03947,0.02058,-0.10883,-0.05677,-0.01033,-0.00000,0.00000,0.00000,0.00000,0.00000,0.00000,-0.33479,0.82733,0,0.05526,0.02884
9.5411,-0.04793,-0.02630,0.03925,0.02046,-0.10948,-0.05711,-0.01033,-0.00000,0.00000,0.00000,0.00000,0.00000,0.00000,-0.33481,0.82724,0,0.05526,0.02884
9.5432,-0.04793,-0.02630,0.03903,0.02035,-0.11014,-0.05745,-0.01033,-0.00000,0.00000,0.00000,0.00000,0.00000,0.00000,-0.33475,0.82731,0,0.05526,0.02884
9.5452,-0.04793,-0.02630,0.03881,0.02023,-0.11079,-0.05779,-0.01033,-0.00000,0.00000,0.00000,0.00000,0.00000,0.00000,-0.33475,0.82733,0,0.05526,0.02884
9.5472,-0.04793,-0.02630,0.03859,0.02012,-0.11143,-0.05813,-0.01033,-0.00000,0.00000,0.00000,0.00000,0.00000,0.00000,-0.33481,0.82725,0,0.05526,0.02884
9.5492,-0.04793,-0.02630,0.03837,0.02000,-0.11208,-0.05846,-0.01033,-0.00000,0.00000,0.00000,0.00000,0.00000,0.00000,-0.33482,0.82728,0,0.05526,0.02884
9.5512,-0.04793,-0.02630,0.03814,0.01988,-0.11271,-0.05879,-0.01033,-0.00000,0.00000,0.00000,0.00000,0.00000,0.00000,-0.33482,0.82731,0,0.05526,0.02884
9.5532,-0.04793,-0.02630,0.03792,0.01977,-0.11335,-0.05913,-0.01033,-0.00000,0.00000,0.00000,0.00000,0.00000,0.00000,-0.33479,0.82727,0,0.05526,0.02884
9.5552,-0.04769,-0.02645,0.04451,0.02330,-0.09093,-0.04710,-0.01343,-0.00000,0.00000,0.00000,0.00000,0.00000,0.00000,-0.33482,0.82728,0,0.05506,0.02889
9.5572,-0.04769,-0.02645,0.04433,0.02321,-0.09167,-0.04749,-0.01343,-0.00000,0.00000,0.00000,0.00000,0.00000,0.00000,-0.33480,0.82728,0,0.05506,0.02889
9.5592,-0.04769,-0.02645,0.04414,0.02311,-0.09241,-0.04787,-0.01343,-0.00000,0.00000,0.00000,0.00000,0.00000,0.00000,-0.33482,0.82726,0,0.05506,0.02889
9.5612,-0.04769,-0.02645,0.04396,0.02302,-0.09314,-0.04826,-0.01343,-0.00000,0.00000,0.00000,0.00000,0.00000,0.00000,-0.33477,0.82726,0,0.05506,0.02889
9.5632,-0.04769,-0.02645,0.04377,0.02292,-0.09388,-0.04864,-0.01343,-0.00000,0.00000,0.00000,0.00000,0.00000,0.00000,-0.33480,0.82726,0,0.05506,0.02889
9.5652,-0.04769,-0.02645,0.04358,0.02282,-0.09461,-0.04903,-0.01343,-0.00000,0.00000,0.00000,0.00000,0.00000,0.00000,-0.33479,0.82730,0,0.05506,0.02889
9.5672,-0.04769,-0.02645,0.04339,0.02272,-0.09533,-0.04941,-0.01343,-0.00000,0.00000,0.00000,0.00000,0.00000,0.00000,-0.33482,0.82730,0,0.05506,0.02889
9.5692,-0.04769,-0.02645,0.04320,0.02262,-0.09606,-0.04979,-0.01343,-0.00000,0.00000,0.00000,0.00000,0.00000,0.00000,-0.33473,0.82733,0,0.05506,0.02889
9.5712,-0.04769,-0.02645,0.04301,0.02252,-0.09678,-0.05016,-0.01343,-0.00000,0.00000,0.00000,0.00000,0.00000,0.00000,-0.33478,0.82729,0,0.05506,0.02889
9.5733,-0.04769,-0.02645,0.04281,0.02242,-0.09749,-0.05054,-0.01343,-0.00000,0.00000,0.00000,0.00000,0.00000,0.00000,-0.33482,0.82731,0,0.05506,0.02889
9.5753,-0.04769,-0.02645,0.04262,0.02232,-0.09821,-0.05091,-0.01343,-0.00000,0.00000,0.00000,0.00000,0.00000,0.00000,-0.33480,0.82726,0,0.05506,0.02889
9.5773,-0.04769,-0.02645,0.04242,0.02222,-0.09892,-0.05128,-0.01343,-0.00000,0.00000,0.00000,0.00000,0.00000,0.00000,-0.33479,0.82731,0,0.05506,0.02889
9.5793,-0.04769,-0.02645,0.04222,0.02212,-0.09963,-0.05165,-0.01343,-0.00000,0.00000,0.00000,0.00000,0.00000,0.00000,-0.33484,0.82727,0,0.05506,0.02889
9.5813,-0.04769,-0.02645,0.04202,0.02201,-0.10033,-0.05202,-0.01343,-0.00000,0.00000,0.00000,0.00000,0.00000,0.00000,-0.33479,0.82727,0,0.05506,0.02889
9.5833,-0.04769,-0.02645,0.04182,0.02191,-0.10103,-0.05239,-0.01343,-0.00000,0.00000,0.00000,0.00000,0.00000,0.00000,-0.33483,0.82727,0,0.05506,0.02889
9.5853,-0.04769,-0.02645,0.04162,0.02180,-0.10173,-0.05275,-0.01343,-0.00000,0.00000,0.00000,0.00000,0.00000,0.00000,-0.33478,0.82730,0,0.05506,0.02889
9.5873,-0.04769,-0.02645,0.04141,0.02170,-0.10242,-0.05312,-0.01343,-0.00000,0.00000,0.00000,0.00000,0.00000,0.00000,-0.33480,0.82730,0,0.05506,0.02889
9.5893,-0.04769,-0.02645,0.04121,0.02159,-0.10311,-0.05348,-0.01343,-0.00000,0.00000,0.00000,0.00000,0.00000,0.00000,-0.33479,0.82730,0,0.05506,0.02889
9.5914,-0.04769,-0.02645,0.04100,0.02148,-0.10380,-0.05384,-0.01343,-0.00000,0.00000,0.00000,0.00000,0.00000,0.00000,-0.33482,0.82730,0,0.05506,0.02889
9.5934,-0.04769,-0.02645,0.04079,0.02138,-0.10448,-0.05420,-0.01343,-0.00000,0.00000,0.00000,0.00000,0.00000,0.00000,-0.33478,0.82726,0,0.05506,0.02889
9.5954,-0.04769,-0.02645,0.04058,0.02127,-0.10516,-0.05455,-0.01343,-0.00000,0.00000,0.00000,0.00000,0.00000,0.00000,-0.33479,0.82730,0,0.05506,0.02889
9.5974,-0.04769,-0.02645,0.04037,0.02116,-0.10583,-0.05491,-0.01343,-0.00000,0.00000,0.00000,0.00000,0.00000,0.00000,-0.33480,0.82729,0,0.05506,0.02889
9.5994,-0.04769,-0.02645,0.04016,0.02105,-0.10651,-0.05526,-0.01343,-0.00000,0.00000,0.00000,0.00000,0.00000,0.00000,-0.33480,0.82726,0,0.05506,0.02889
9.6014,-0.04769,-0.02645,0.03995,0.02094,-0.10718,-0.05561,-0.01343,-0.00000,0.00000,0.00000,0.00000,0.00000,0.00000,-0.33477,0.82729,0,0.05506,0.02889
9.6034,-0.04769,-0.02645,0.03973,0.02083,-0.10784,-0.05596,-0.01343,-0.00000,0.00000,0.00000,0.00000,0.00000,0.00000,-0.33478,0.82729,0,0.05506,0.02889
9.6054,-0.04769,-0.02645,0.03951,0.02071,-0.10850,-0.05631,-0.01343,-0.00000,0.00000,0.00000,0.00000,0.00000,0.00000,-0.33482,0.82728,0,0.05506,0.02889
9.6074,-0.04769,-0.02645,0.03930,0.02060,-0.10916,-0.05665,-0.01343,-0.00000,0.00000,0.00000,0.00000,0.00000,0.00000,-0.33474,0.82728,0,0.05506,0.02889
9.6094,-0.04769,-0.02645,0.03908,0.02049,-0.10981,-0.05699,-0.01343,-0.00000,0.00000,0.00000,0.00000,0.00000,0.00000,-0.33480,0.82726,0,0.05506,0.02889
9.6114,-0.04769,-0.02645,0.03886,0.02037,-0.11047,-0.05734,-0.01343,-0.00000,0.00000,0.00000,0.00000,0.00000,0.00000,-0.33479,0.82729,0,0.05506,0.02889
9.6134,-0.04769,-0.02645,0.03864,0.02026,-0.11111,-0.05767,-0.01343,-0.00000,0.00000,0.00000,0.00000,0.00000,0.00000,-0.33480,0.82729,0,0.05506,0.02889
9.6154,-0.04769,-0.02645,0.03841,0.02014,-0.11176,-0.05801,-0.01343,-0.00000,0.00000,0.00000,0.00000,0.00000,0.00000,-0.33477,0.82730,0,0.05506,0.02889
9.6174,-0.04769,-0.02645,0.03819,0.02003,-0.11239,-0.05835,-0.01343,-0.00000,0.00000,0.00000,0.00000,0.00000,0.00000,-0.33476,0.82730,0,0.05506,0.02889
9.6194,-0.04769,-0.02645,0.03796,0.01991,-0.11303,-0.05868,-0.01343,-0.00000,0.00000,0.00000,0.00000,0.00000,0.00000,-0.33481,0.82724,0,0.05506,0.02889
9.6214,-0.04769,-0.02645,0.03774,0.01979,-0.11366,-0.05901,-0.01343,-0.00000,0.00000,0.00000,0.00000,0.00000,0.00000,-0.33478,0.82730,0,0.05506,0.02889
9.6234,-0.04786,-0.02639,0.04456,0.02332,-0.09056,-0.04707,-0.00914,-0.00000,0.00000,0.00000,0.00000,0.00000,0.00000,-0.33475,0.82730,0,0.05530,0.02888
9.6254,-0.04786,-0.02639,0.04438,0.02322,-0.09131,-0.04746,-0.00914,-0.00000,0.00000,0.00000,0.00000,0.00000,0.00000,-0.33475,0.82730,0,0.05530,0.02888
9.6274,-0.04786,-0.02639,0.04419,0.02313,-0.09205,-0.04785,-0.00914,-0.00000,0.00000,0.00000,0.00000,0.00000,0.00000,-0.33478,0.82726,0,0.05530,0.02888
9.6294,-0.04786,-0.02639,0.04401,0.02303,-0.09278,-0.04823,-0.00914,-0.00000,0.00000,0.00000,0.00000,0.00000,0.00000,-0.33477,0.82730,0,0.05530,0.02888
9.6314,-0.04786,-0.02639,0.04382,0.02293,-0.09352,-0.04862,-0.00914,-0.00000,0.00000,0.00000,0.00000,0.00000,0.00000,-0.33479,0.82728,0,0.05530,0.02888
9.6334,-0.04786,-0.02639,0.04363,0.02284,-0.09425,-0.04900,-0.00914,-0.00000,0.00000,0.00000,0.00000,0.00000,0.00000,-0.33476,0.82730,0,0.05530,0.02888
9.6354,-0.04786,-0.02639,0.04345,0.02274,-0.09498,-0.04938,-0.00914,-0.00000,0.00000,0.00000,0.00000,0.00000,0.00000,-0.33481,0.82727,0,0.05530,0.02888
9.6374,-0.04786,-0.02639,0.04325,0.02264,-0.09570,-0.04976,-0.00914,-0.00000,0.00000,0.00000,0.00000,0.00000,0.00000,-0.33478,0.82731,0,0.05530,0.02888
9.6394,-0.04786,-0.02639,0.04306,0.02254,-0.09642,-0.05014,-0.00914,-0.00000,0.00000,0.00000,0.00000,0.00000,0.00000,-0.33479,0.82726,0,0.05530,0.02888
9.6414,-0.04786,-0.02639,0.04287,0.02244,-0.09714,-0.05051,-0.00914,-0.00000,0.00000,0.00000,0.00000,0.00000,0.00000,-0.33478,0.82729,0,0.05530,0.02888
9.6434,-0.04786,-0.02639,0.04267,0.02234,-0.09785,-0.05089,-0.00914,-0.00000,0.00000,0.00000,0.00000,0.00000,0.00000,-0.33476,0.82729,0,0.05530,0.02888
9.6454,-0.04786,-0.02639,0.04248,0.02224,-0.09856,-0.05126,-0.00914,-0.00000,0.00000,0.00000,0.00000,0.00000,0.00000,-0.33474,0.82731,0,0.05530,0.02888
9.6474,-0.04786,-0.02639,0.04228,0.02213,-0.09927,-0.05163,-0.00914,-0.00000,0.00000,0.00000,0.00000,0.00000,0.00000,-0.33483,0.82728,0,0.05530,0.02888
9.6494,-0.04786,-0.02639,0.04208,0.02203,-0.09998,-0.05200,-0.00914,-0.00000,0.00000,0.00000,0.00000,0.00000,0.00000,-0.33474,0.82728,0,0.05530,0.02888
9.6514,-0.04786,-0.02639,0.04188,0.02192,-0.10068,-0.05237,-0.00914,-0.00000,0.00000,0.00000,0.00000,0.00000,0.00000,-0.33478,0.82728,0,0.05530,0.02888
9.6534,-0.04786,-0.02639,0.04168,0.02182,-0.10138,-0.05273,-0.00914,-0.00000,0.00000,0.00000,0.00000,0.00000,0.00000,-0.33475,0.82725,0,0.05530,0.02888
9.6554,-0.04786,-0.02639,0.04147,0.02171,-0.10207,-0.05310,-0.00914,-0.00000,0.00000,0.00000,0.00000,0.00000,0.00000,-0.33478,0.82729,0,0.05530,0.02888
9.6575,-0.04786,-0.02639,0.04127,0.02161,-0.10276,-0.05346,-0.00914,-0.00000,0.00000,0.00000,0.00000,0.00000,0.00000,-0.33482,0.82728,0,0.05530,0.02888
9.6595,-0.04786,-0.02639,0.04106,0.02150,-0.10345,-0.05382,-0.00914,-0.00000,0.00000,0.00000,0.00000,0.00000,0.00000,-0.33477,0.82731,0,0.05530,0.02888
9.6615,-0.04786,-0.02639,0.04086,0.02139,-0.10413,-0.05418,-0.00914,-0.00000,0.00000,0.00000,0.00000,0.00000,0.00000,-0.33479,0.82728,0,0.05530,0.02888
9.6635,-0.04786,-0.02639,0.04065,0.02128,-0.10481,-0.05453,-0.00914,-0.00000,0.00000,0.00000,0.00000,0.00000,0.00000,-0.33477,0.82728,0,0.05530,0.02888
9.6655,-0.04786,-0.02639,0.04044,0.02117,-0.10549,-0.05489,-0.00914,-0.00000,0.00000,0.00000,0.00000,0.00000,0.00000,-0.33478,0.82730,0,0.05530,0.02888
9.6675,-0.04786,-0.02639,0.04022,0.02106,-0.10617,-0.05524,-0.00914,-0.00000,0.00000,0.00000,0.00000,0.00000,0.00000,-0.33478,0.82730,0,0.05530,0.02888
9.6695,-0.04786,-0.02639,0.04001,0.02095,-0.10684,-0.05559,-0.00914,-0.00000,0.00000,0.00000,0.00000,0.00000,0.00000,-0.33479,0.82730,0,0.05530,0.02888
9.6715,-0.04786,-0.02639,0.03980,0.02084,-0.10750,-0.05594,-0.00914,-0.00000,0.00000,0.00000,0.00000,0.00000,0.00000,-0.33477,0.82727,0,0.05530,0.02888
9.6735,-0.04786,-0.02639,0.03958,0.02073,-0.10816,-0.05629,-0.00914,-0.00000,0.00000,0.00000,0.00000,0.00000,0.00000,-0.33481,0.82726,0,0.05530,0.02888
9.6755,-0.04786,-0.02639,0.03936,0.02062,-0.10882,-0.05663,-0.00914,-0.00000,0.00000,0.00000,0.00000,0.00000,0.00000,-0.33481,0.82727,0,0.05530,0.02888
9.6775,-0.04786,-0.02639,0.03915,0.02050,-0.10948,-0.05698,-0.00914,-0.00000,0.00000,0.00000,0.00000,0.00000,0.00000,-0.33478,0.82726,0,0.05530,0.02888
9.6795,-0.04786,-0.02639,0.03893,0.02039,-0.11013,-0.05732,-0.00914,-0.00000,0.00000,0.00000,0.00000,0.00000,0.00000,-0.33478,0.82728,0,0.05530,0.02888
9.6815,-0.04786,-0.02639,0.03871,0.02027,-0.11078,-0.05766,-0.00914,-0.00000,0.00000,0.00000,0.00000,0.00000,0.00000,-0.33476,0.82729,0,0.05530,0.02888
9.6835,-0.04786,-0.02639,0.03848,0.02016,-0.11142,-0.05799,-0.00914,-0.00000,0.00000,0.00000,0.00000,0.00000,0.00000,-0.33475,0.82726,0,0.05530,0.02888
9.6856,-0.04770,-0.02645,0.04483,0.02348,-0.08961,-0.04657,-0.01087,-0.00000,0.00000,0.00000,0.00000,0.00000,0.00000,-0.33477,0.82728,0,0.05516,0.02888
9.6876,-0.04770,-0.02645,0.04465,0.02339,-0.09036,-0.04696,-0.01087,-0.00000,0.00000,0.00000,0.00000,0.00000,0.00000,-0.33477,0.82728,0,0.05516,0.02888
9.6896,-0.04770,-0.02645,0.04447,0.02329,-0.09111,-0.04735,-0.01087,-0.00000,0.00000,0.00000,0.00000,0.00000,0.00000,-0.33481,0.82732,0,0.05516,0.02888
9.6916,-0.04770,-0.02645,0.04428,0.02320,-0.09185,-0.04774,-0.01087,-0.00000,0.00000,0.00000,0.00000,0.00000,0.00000,-0.33480,0.82727,0,0.05516,0.02888
9.6937,-0.04770,-0.02645,0.04410,0.02310,-0.09259,-0.04813,-0.01087,-0.00000,0.00000,0.00000,0.00000,0.00000,0.00000,-0.33479,0.82727,0,0.05516,0.02888
9.6957,-0.04770,-0.02645,0.04391,0.02300,-0.09332,-0.04852,-0.01087,-0.00000,0.00000,0.00000,0.00000,0.00000,0.00000,-0.33476,0.82729,0,0.05516,0.02888
9.6977,-0.04770,-0.02645,0.04373,0.02291,-0.09406,-0.04890,-0.01087,-0.00000,0.00000,0.00000,0.00000,0.00000,0.00000,-0.33478,0.82730,0,0.05516,0.02888
9.6997,-0.04770,-0.02645,0.04354,0.02281,-0.09478,-0.04928,-0.01087,-0.00000,0.00000,0.00000,0.00000,0.00000,0.00000,-0.33479,0.82726,0,0.05516,0.02888
