t,ex,ey,th_x,th_y,thd_x,thd_y,yaw,vref_x,vref_y,vfb_x,vfb_y,vcmd_x,vcmd_y,tcp_x,tcp_y,dans_cible,th_brut_x,th_brut_y
0.0000,-0.41768,-0.01070,-0.01092,-0.00363,0.00000,0.00000,-2.73739,-0.00000,-0.00000,-0.01093,-0.00363,-0.00013,-0.00013,-0.01559,0.78376,0,-0.01092,-0.00363
0.0020,-0.41125,-0.01064,-0.01358,-0.00352,0.00023,0.00006,-2.72414,-0.00014,-0.00000,-0.01166,-0.00350,-0.00038,-0.00038,-0.01563,0.78373,0,-0.01623,-0.00340
0.0041,-0.41125,-0.01064,-0.01358,-0.00352,0.00067,0.00034,-2.72414,-0.00028,-0.00001,-0.01166,-0.00350,-0.00077,-0.00077,-0.01557,0.78375,0,-0.01623,-0.00340
0.0061,-0.41125,-0.01064,-0.01357,-0.00351,0.00123,0.00072,-2.72414,-0.00042,-0.00001,-0.01166,-0.00350,-0.00128,-0.00128,-0.01559,0.78374,0,-0.01623,-0.00340
0.0081,-0.41125,-0.01064,-0.01357,-0.00351,0.00190,0.00122,-2.72414,-0.00056,-0.00001,-0.01166,-0.00350,-0.00192,-0.00192,-0.01563,0.78372,0,-0.01623,-0.00340
0.0101,-0.41125,-0.01064,-0.01357,-0.00351,0.00267,0.00183,-2.72414,-0.00069,-0.00002,-0.01165,-0.00350,-0.00269,-0.00269,-0.01560,0.78373,0,-0.01623,-0.00340
0.0121,-0.41125,-0.01064,-0.01356,-0.00350,0.00355,0.00254,-2.72414,-0.00083,-0.00002,-0.01165,-0.00349,-0.00358,-0.00351,-0.01562,0.78371,0,-0.01623,-0.00340
0.0141,-0.41125,-0.01064,-0.01355,-0.00350,0.00455,0.00331,-2.72414,-0.00097,-0.00002,-0.01164,-0.00349,-0.00461,-0.00421,-0.01563,0.78375,0,-0.01623,-0.00340
0.0161,-0.41125,-0.01064,-0.01354,-0.00349,0.00565,0.00396,-2.72414,-0.00111,-0.00003,-0.01163,-0.00348,-0.00576,-0.00478,-0.01566,0.78370,0,-0.01623,-0.00340
0.0181,-0.41125,-0.01064,-0.01353,-0.00348,0.00686,0.00450,-2.72414,-0.00125,-0.00003,-0.01162,-0.00347,-0.00704,-0.00522,-0.01565,0.78372,0,-0.01623,-0.00340
0.0201,-0.41125,-0.01064,-0.01351,-0.00347,0.00818,0.00494,-2.72414,-0.00139,-0.00004,-0.01160,-0.00346,-0.00845,-0.00553,-0.01564,0.78372,0,-0.01623,-0.00340
0.0221,-0.41125,-0.01064,-0.01350,-0.00346,0.00961,0.00526,-2.72414,-0.00152,-0.00004,-0.01159,-0.00345,-0.00998,-0.00572,-0.01568,0.78367,0,-0.01623,-0.00340
0.0241,-0.41125,-0.01064,-0.01348,-0.00345,0.01115,0.00548,-2.72414,-0.00166,-0.00004,-0.01157,-0.00344,-0.01158,-0.00577,-0.01576,0.78367,0,-0.01623,-0.00340
0.0261,-0.41125,-0.01064,-0.01345,-0.00344,0.01274,0.00559,-2.72414,-0.00180,-0.00005,-0.01154,-0.00343,-0.01318,-0.00570,-0.01578,0.78366,0,-0.01623,-0.00340
0.0281,-0.41125,-0.01064,-0.01342,-0.00343,0.01433,0.00558,-2.72414,-0.00194,-0.00005,-0.01152,-0.00342,-0.01466,-0.00550,-0.01580,0.78364,0,-0.01623,-0.00340
0.0301,-0.41125,-0.01064,-0.01339,-0.00342,0.01582,0.00547,-2.72414,-0.00208,-0.00005,-0.01149,-0.00341,-0.01600,-0.00518,-0.01583,0.78363,0,-0.01623,-0.00340
0.0321,-0.41125,-0.01064,-0.01336,-0.00341,0.01719,0.00525,-2.72414,-0.00222,-0.00006,-0.01146,-0.00340,-0.01722,-0.00472,-0.01587,0.78362,0,-0.01623,-0.00340
0.0341,-0.41125,-0.01064,-0.01333,-0.00340,0.01845,0.00492,-2.72414,-0.00235,-0.00006,-0.01142,-0.00339,-0.01830,-0.00414,-0.01590,0.78363,0,-0.01623,-0.00340
0.0361,-0.41125,-0.01064,-0.01329,-0.00339,0.01960,0.00448,-2.72414,-0.00249,-0.00006,-0.01139,-0.00338,-0.01926,-0.00344,-0.01592,0.78362,0,-0.01623,-0.00340
0.0381,-0.41125,-0.01064,-0.01325,-0.00338,0.02065,0.00393,-2.72414,-0.00263,-0.00007,-0.01135,-0.00337,-0.02010,-0.00287,-0.01602,0.78362,0,-0.01623,-0.00340
0.0401,-0.41125,-0.01064,-0.01321,-0.00337,0.02158,0.00350,-2.72414,-0.00277,-0.00007,-0.01131,-0.00336,-0.02080,-0.00242,-0.01601,0.78362,0,-0.01623,-0.00340
0.0421,-0.41125,-0.01064,-0.01316,-0.00337,0.02240,0.00318,-2.72414,-0.00291,-0.00007,-0.01126,-0.00335,-0.02138,-0.00211,-0.01606,0.78364,0,-0.01623,-0.00340
0.0441,-0.41125,-0.01064,-0.01312,-0.00336,0.02311,0.00297,-2.72414,-0.00305,-0.00008,-0.01122,-0.00335,-0.02182,-0.00192,-0.01614,0.78363,0,-0.01623,-0.00340
0.0461,-0.41125,-0.01064,-0.01307,-0.00335,0.02372,0.00286,-2.72414,-0.00318,-0.00008,-0.01117,-0.00334,-0.02214,-0.00186,-0.01612,0.78361,0,-0.01623,-0.00340
0.0481,-0.41125,-0.01064,-0.01302,-0.00335,0.02421,0.00287,-2.72414,-0.00332,-0.00009,-0.01113,-0.00334,-0.02234,-0.00193,-0.01617,0.78363,0,-0.01623,-0.00340
0.0501,-0.41125,-0.01064,-0.01297,-0.00334,0.02459,0.00298,-2.72414,-0.00346,-0.00009,-0.01108,-0.00333,-0.02240,-0.00213,-0.01622,0.78362,0,-0.01623,-0.00340
0.0521,-0.41125,-0.01064,-0.01292,-0.00334,0.02486,0.00320,-2.72414,-0.00360,-0.00009,-0.01103,-0.00332,-0.02234,-0.00245,-0.01621,0.78361,0,-0.01623,-0.00340
0.0541,-0.41125,-0.01064,-0.01287,-0.00333,0.02502,0.00354,-2.72414,-0.00374,-0.00010,-0.01099,-0.00332,-0.02214,-0.00290,-0.01627,0.78362,0,-0.01623,-0.00340
0.0561,-0.41125,-0.01064,-0.01282,-0.00332,0.02507,0.00398,-2.72414,-0.00388,-0.00010,-0.01094,-0.00331,-0.02182,-0.00341,-0.01629,0.78361,0,-0.01623,-0.00340
0.0581,-0.41125,-0.01064,-0.01277,-0.00331,0.02501,0.00447,-2.72414,-0.00401,-0.00010,-0.01089,-0.00330,-0.02138,-0.00379,-0.01634,0.78361,0,-0.01623,-0.00340
0.0601,-0.41125,-0.01064,-0.01272,-0.00330,0.02484,0.00485,-2.72414,-0.00415,-0.00011,-0.01084,-0.00329,-0.02080,-0.00404,-0.01641,0.78358,0,-0.01623,-0.00340
0.0621,-0.41125,-0.01064,-0.01267,-0.00329,0.02456,0.00512,-2.72414,-0.00429,-0.00011,-0.01080,-0.00328,-0.02010,-0.00416,-0.01644,0.78359,0,-0.01623,-0.00340
0.0641,-0.41125,-0.01064,-0.01262,-0.00328,0.02417,0.00528,-2.72414,-0.00443,-0.00011,-0.01075,-0.00327,-0.01926,-0.00415,-0.01640,0.78358,0,-0.01623,-0.00340
0.0661,-0.41125,-0.01064,-0.01258,-0.00327,0.02367,0.00532,-2.72414,-0.00457,-0.00012,-0.01071,-0.00326,-0.01830,-0.00402,-0.01645,0.78360,0,-0.01623,-0.00340
0.0681,-0.41125,-0.01064,-0.01253,-0.00326,0.02306,0.00527,-2.72414,-0.00470,-0.00012,-0.01066,-0.00325,-0.01722,-0.00376,-0.01650,0.78354,0,-0.01623,-0.00340
0.0701,-0.41125,-0.01064,-0.01248,-0.00325,0.02234,0.00510,-2.72414,-0.00484,-0.00012,-0.01062,-0.00324,-0.01600,-0.00337,-0.01653,0.78356,0,-0.01623,-0.00340
0.0721,-0.41125,-0.01064,-0.01244,-0.00324,0.02151,0.00482,-2.72414,-0.00498,-0.00013,-0.01058,-0.00323,-0.01491,-0.00311,-0.01656,0.78358,0,-0.01623,-0.00340
0.0741,-0.41125,-0.01064,-0.01240,-0.00323,0.02079,0.00465,-2.72414,-0.00512,-0.00013,-0.01054,-0.00322,-0.01395,-0.00297,-0.01659,0.78355,0,-0.01623,-0.00340
0.0761,-0.40615,-0.01142,-0.03188,-0.00143,-0.22790,0.02753,-2.71044,-0.00526,-0.00013,-0.02851,-0.00165,-0.01312,-0.00271,-0.01661,0.78352,0,-0.02084,-0.00277
0.0781,-0.40615,-0.01142,-0.03234,-0.00138,-0.22807,0.02733,-2.71044,-0.00540,-0.00014,-0.02897,-0.00160,-0.01242,-0.00232,-0.01661,0.78352,0,-0.02084,-0.00277
0.0801,-0.40615,-0.01142,-0.03280,-0.00132,-0.22812,0.02702,-2.71044,-0.00554,-0.00014,-0.02943,-0.00154,-0.01184,-0.00180,-0.01665,0.78355,0,-0.02084,-0.00277
0.0821,-0.40615,-0.01142,-0.03325,-0.00127,-0.22805,0.02660,-2.71044,-0.00568,-0.00015,-0.02989,-0.00149,-0.01139,-0.00141,-0.01668,0.78359,0,-0.02084,-0.00277
0.0841,-0.40615,-0.01142,-0.03371,-0.00122,-0.22787,0.02629,-2.71044,-0.00581,-0.00015,-0.03035,-0.00144,-0.01107,-0.00115,-0.01666,0.78356,0,-0.02084,-0.00277
0.0861,-0.40615,-0.01142,-0.03416,-0.00117,-0.22757,0.02608,-2.71044,-0.00595,-0.00015,-0.03081,-0.00139,-0.01088,-0.00102,-0.01667,0.78356,0,-0.02084,-0.00277
0.0882,-0.40615,-0.01142,-0.03462,-0.00111,-0.22715,0.02599,-2.71044,-0.00609,-0.00016,-0.03127,-0.00133,-0.01082,-0.00101,-0.01673,0.78355,0,-0.02084,-0.00277
0.0902,-0.40615,-0.01142,-0.03507,-0.00106,-0.22661,0.02600,-2.71044,-0.00623,-0.00016,-0.03173,-0.00128,-0.01088,-0.00113,-0.01674,0.78358,0,-0.02084,-0.00277
0.0922,-0.40615,-0.01142,-0.03553,-0.00101,-0.22596,0.02612,-2.71044,-0.00637,-0.00016,-0.03219,-0.00123,-0.01107,-0.00138,-0.01676,0.78353,0,-0.02084,-0.00277
0.0942,-0.40615,-0.01142,-0.03598,-0.00096,-0.22519,0.02635,-2.71044,-0.00651,-0.00017,-0.03264,-0.00118,-0.01139,-0.00151,-0.01679,0.78358,0,-0.02084,-0.00277
0.0962,-0.40615,-0.01142,-0.03643,-0.00090,-0.22430,0.02647,-2.71044,-0.00665,-0.00017,-0.03310,-0.00112,-0.01184,-0.00150,-0.01686,0.78355,0,-0.02084,-0.00277
0.0982,-0.40615,-0.01142,-0.03687,-0.00085,-0.22330,0.02648,-2.71044,-0.00679,-0.00017,-0.03355,-0.00107,-0.01242,-0.00137,-0.01691,0.78354,0,-0.02084,-0.00277
0.1002,-0.40615,-0.01142,-0.03732,-0.00080,-0.22218,0.02638,-2.71044,-0.00692,-0.00018,-0.03400,-0.00102,-0.01312,-0.00120,-0.01689,0.78357,0,-0.02084,-0.00277
0.1022,-0.40615,-0.01142,-0.03776,-0.00075,-0.22094,0.02624,-2.71044,-0.00706,-0.00018,-0.03445,-0.00097,-0.01395,-0.00115,-0.01697,0.78353,0,-0.02084,-0.00277
0.1042,-0.40615,-0.01142,-0.03820,-0.00069,-0.21959,0.02621,-2.71044,-0.00720,-0.00018,-0.03489,-0.00091,-0.01491,-0.00110,-0.01694,0.78354,0,-0.02084,-0.00277
0.1062,-0.40615,-0.01142,-0.03864,-0.00064,-0.21812,0.02618,-2.71044,-0.00734,-0.00019,-0.03533,-0.00086,-0.01600,-0.00105,-0.01705,0.78354,0,-0.02084,-0.00277
0.1082,-0.40615,-0.01142,-0.03907,-0.00059,-0.21653,0.02615,-2.71044,-0.00748,-0.00019,-0.03577,-0.00081,-0.01722,-0.00100,-0.01703,0.78353,0,-0.02084,-0.00277
0.1102,-0.40615,-0.01142,-0.03951,-0.00054,-0.21483,0.02612,-2.71044,-0.00762,-0.00020,-0.03621,-0.00076,-0.01856,-0.00095,-0.01710,0.78351,0,-0.02084,-0.00277
0.1123,-0.40615,-0.01142,-0.03993,-0.00048,-0.21301,0.02608,-2.71044,-0.00776,-0.00020,-0.03664,-0.00071,-0.02003,-0.00090,-0.01717,0.78354,0,-0.02084,-0.00277
0.1143,-0.40615,-0.01142,-0.04036,-0.00043,-0.21107,0.02605,-2.71044,-0.00790,-0.00020,-0.03707,-0.00065,-0.02163,-0.00086,-0.01721,0.78350,0,-0.02084,-0.00277
0.1163,-0.40615,-0.01142,-0.04078,-0.00038,-0.20902,0.02601,-2.71044,-0.00804,-0.00021,-0.03750,-0.00060,-0.02323,-0.00081,-0.01725,0.78353,0,-0.02084,-0.00277
0.1183,-0.40615,-0.01142,-0.04119,-0.00033,-0.20696,0.02598,-2.71044,-0.00817,-0.00021,-0.03792,-0.00055,-0.02483,-0.00076,-0.01728,0.78352,0,-0.02084,-0.00277
0.1203,-0.40615,-0.01142,-0.04161,-0.00028,-0.20489,0.02594,-2.71044,-0.00831,-0.00021,-0.03833,-0.00050,-0.02643,-0.00071,-0.01732,0.78354,0,-0.02084,-0.00277
0.1223,-0.40615,-0.01142,-0.04201,-0.00022,-0.20282,0.02590,-2.71044,-0.00845,-0.00022,-0.03875,-0.00045,-0.02803,-0.00066,-0.01737,0.78351,0,-0.02084,-0.00277
0.1243,-0.40615,-0.01142,-0.04242,-0.00017,-0.20073,0.02586,-2.71044,-0.00859,-0.00022,-0.03916,-0.00039,-0.02963,-0.00061,-0.01744,0.78350,0,-0.02084,-0.00277
0.1263,-0.40615,-0.01142,-0.04282,-0.00012,-0.19865,0.02582,-2.71044,-0.00873,-0.00022,-0.03956,-0.00034,-0.03123,-0.00057,-0.01753,0.78352,0,-0.02084,-0.00277
0.1283,-0.40615,-0.01142,-0.04321,-0.00007,-0.19655,0.02578,-2.71044,-0.00887,-0.00023,-0.03996,-0.00029,-0.03283,-0.00052,-0.01758,0.78348,0,-0.02084,-0.00277
0.1303,-0.40615,-0.01142,-0.04360,-0.00002,-0.19445,0.02574,-2.71044,-0.00901,-0.00023,-0.04036,-0.00024,-0.03443,-0.00047,-0.01761,0.78352,0,-0.02084,-0.00277
0.1323,-0.40615,-0.01142,-0.04399,0.00003,-0.19235,0.02570,-2.71044,-0.00914,-0.00023,-0.04075,-0.00019,-0.03603,-0.00042,-0.01766,0.78355,0,-0.02084,-0.00277
0.1343,-0.40615,-0.01142,-0.04437,0.00009,-0.19023,0.02566,-2.71044,-0.00928,-0.00024,-0.04114,-0.00014,-0.03763,-0.00037,-0.01767,0.78359,0,-0.02084,-0.00277
0.1363,-0.40615,-0.01142,-0.04475,0.00014,-0.18811,0.02562,-2.71044,-0.00942,-0.00024,-0.04152,-0.00009,-0.03923,-0.00033,-0.01778,0.78350,0,-0.02084,-0.00277
0.1383,-0.40092,-0.01274,-0.02778,-0.00007,-0.06105,0.02378,-2.70098,-0.00956,-0.00024,-0.02297,-0.00069,-0.04070,-0.00041,-0.01791,0.78355,0,-0.02367,-0.00110
0.1403,-0.40092,-0.01274,-0.02790,-0.00002,-0.05932,0.02385,-2.70098,-0.00970,-0.00025,-0.02310,-0.00064,-0.04205,-0.00062,-0.01791,0.78355,0,-0.02367,-0.00110
0.1424,-0.40092,-0.01274,-0.02802,0.00002,-0.05770,0.02403,-2.70098,-0.00984,-0.00025,-0.02322,-0.00060,-0.04326,-0.00085,-0.01797,0.78351,0,-0.02367,-0.00110
0.1444,-0.40092,-0.01274,-0.02813,0.00007,-0.05619,0.02423,-2.70098,-0.00998,-0.00026,-0.02334,-0.00055,-0.04435,-0.00095,-0.01807,0.78353,0,-0.02367,-0.00110
0.1464,-0.40092,-0.01274,-0.02824,0.00012,-0.05478,0.02431,-2.70098,-0.01012,-0.00026,-0.02346,-0.00050,-0.04531,-0.00093,-0.01813,0.78353,0,-0.02367,-0.00110
0.1484,-0.40092,-0.01274,-0.02835,0.00017,-0.05349,0.02429,-2.70098,-0.01025,-0.00026,-0.02358,-0.00045,-0.04614,-0.00078,-0.01823,0.78348,0,-0.02367,-0.00110
0.1504,-0.40092,-0.01274,-0.02845,0.00022,-0.05230,0.02416,-2.70098,-0.01039,-0.00027,-0.02369,-0.00040,-0.04685,-0.00067,-0.01833,0.78350,0,-0.02367,-0.00110
0.1524,-0.40092,-0.01274,-0.02856,0.00027,-0.05122,0.02406,-2.70098,-0.01053,-0.00027,-0.02380,-0.00035,-0.04742,-0.00062,-0.01838,0.78355,0,-0.02367,-0.00110
0.1544,-0.40092,-0.01274,-0.02866,0.00031,-0.05024,0.02402,-2.70098,-0.01067,-0.00027,-0.02391,-0.00031,-0.04787,-0.00058,-0.01847,0.78350,0,-0.02367,-0.00110
0.1564,-0.40092,-0.01274,-0.02876,0.00036,-0.04938,0.02397,-2.70098,-0.01081,-0.00028,-0.02401,-0.00026,-0.04819,-0.00054,-0.01861,0.78349,0,-0.02367,-0.00110
0.1584,-0.40092,-0.01274,-0.02886,0.00041,-0.04862,0.02393,-2.70098,-0.01094,-0.00028,-0.02412,-0.00021,-0.04838,-0.00049,-0.01871,0.78351,0,-0.02367,-0.00110
0.1604,-0.40092,-0.01274,-0.02895,0.00046,-0.04797,0.02388,-2.70098,-0.01108,-0.00028,-0.02422,-0.00016,-0.04845,-0.00045,-0.01873,0.78348,0,-0.02367,-0.00110
0.1624,-0.40092,-0.01274,-0.02905,0.00050,-0.04743,0.02384,-2.70098,-0.01122,-0.00029,-0.02432,-0.00012,-0.04838,-0.00040,-0.01883,0.78350,0,-0.02367,-0.00110
0.1644,-0.40092,-0.01274,-0.02914,0.00055,-0.04699,0.02379,-2.70098,-0.01136,-0.00029,-0.02442,-0.00007,-0.04819,-0.00036,-0.01893,0.78352,0,-0.02367,-0.00110
0.1664,-0.40092,-0.01274,-0.02924,0.00060,-0.04667,0.02374,-2.70098,-0.01150,-0.00029,-0.02452,-0.00002,-0.04787,-0.00032,-0.01894,0.78351,0,-0.02367,-0.00110
0.1684,-0.40092,-0.01274,-0.02933,0.00065,-0.04645,0.02369,-2.70098,-0.01164,-0.00030,-0.02462,0.00003,-0.04742,-0.00027,-0.01906,0.78352,0,-0.02367,-0.00110
0.1704,-0.40092,-0.01274,-0.02942,0.00069,-0.04634,0.02364,-2.70098,-0.01177,-0.00030,-0.02472,0.00007,-0.04685,-0.00023,-0.01915,0.78354,0,-0.02367,-0.00110
0.1724,-0.40092,-0.01274,-0.02952,0.00074,-0.04634,0.02359,-2.70098,-0.01191,-0.00031,-0.02482,0.00012,-0.04614,-0.00018,-0.01925,0.78352,0,-0.02367,-0.00110
0.1744,-0.40092,-0.01274,-0.02961,0.00079,-0.04644,0.02354,-2.70098,-0.01205,-0.00031,-0.02492,0.00017,-0.04531,-0.00014,-0.01931,0.78348,0,-0.02367,-0.00110
0.1764,-0.40092,-0.01274,-0.02970,0.00084,-0.04665,0.02349,-2.70098,-0.01219,-0.00031,-0.02502,0.00021,-0.04435,-0.00010,-0.01944,0.78350,0,-0.02367,-0.00110
0.1784,-0.40092,-0.01274,-0.02980,0.00088,-0.04697,0.02344,-2.70098,-0.01233,-0.00032,-0.02513,0.00026,-0.04326,-0.00005,-0.01949,0.78348,0,-0.02367,-0.00110
0.1804,-0.40092,-0.01274,-0.02989,0.00093,-0.04740,0.02339,-2.70098,-0.01247,-0.00032,-0.02523,0.00031,-0.04205,-0.00001,-0.01959,0.78351,0,-0.02367,-0.00110
0.1824,-0.40092,-0.01274,-0.02998,0.00098,-0.04794,0.02333,-2.70098,-0.01260,-0.00032,-0.02533,0.00035,-0.04070,0.00003,-0.01966,0.78350,0,-0.02367,-0.00110
0.1844,-0.40092,-0.01274,-0.03008,0.00102,-0.04858,0.02328,-2.70098,-0.01274,-0.00033,-0.02543,0.00040,-0.03923,0.00007,-0.01971,0.78352,0,-0.02367,-0.00110
0.1864,-0.40092,-0.01274,-0.03018,0.00107,-0.04933,0.02322,-2.70098,-0.01288,-0.00033,-0.02554,0.00045,-0.03789,0.00012,-0.01987,0.78350,0,-0.02367,-0.00110
0.1884,-0.40092,-0.01274,-0.03028,0.00112,-0.04997,0.02317,-2.70098,-0.01302,-0.00033,-0.02565,0.00049,-0.03667,0.00016,-0.01987,0.78350,0,-0.02367,-0.00110
0.1913,-0.40092,-0.01274,-0.03038,0.00116,-0.05050,0.02311,-2.70098,-0.01322,-0.00034,-0.02576,0.00054,-0.03558,0.00020,-0.02003,0.78348,0,-0.02367,-0.00110
0.1933,-0.40092,-0.01274,-0.03048,0.00121,-0.05092,0.02306,-2.70098,-0.01336,-0.00034,-0.02587,0.00059,-0.03462,0.00024,-0.02009,0.78344,0,-0.02367,-0.00110
0.1953,-0.40092,-0.01274,-0.03058,0.00125,-0.05123,0.02300,-2.70098,-0.01350,-0.00035,-0.02598,0.00063,-0.03379,0.00029,-0.02014,0.78347,0,-0.02367,-0.00110
0.1973,-0.40092,-0.01274,-0.03069,0.00130,-0.05142,0.02294,-2.70098,-0.01364,-0.00035,-0.02609,0.00068,-0.03309,0.00033,-0.02020,0.78346,0,-0.02367,-0.00110
0.1995,-0.39824,-0.01466,-0.02810,0.00147,-0.03703,0.02352,-2.68993,-0.01378,-0.00035,-0.02271,0.00027,-0.03251,0.00024,-0.02024,0.78350,0,-0.02602,0.00054
0.2015,-0.39824,-0.01466,-0.02818,0.00152,-0.03705,0.02357,-2.68993,-0.01392,-0.00036,-0.02279,0.00032,-0.03206,0.00003,-0.02038,0.78350,0,-0.02602,0.00054
0.2035,-0.39824,-0.01466,-0.02825,0.00157,-0.03696,0.02373,-2.68993,-0.01406,-0.00036,-0.02287,0.00037,-0.03174,-0.00006,-0.02044,0.78349,0,-0.02602,0.00054
0.2055,-0.39824,-0.01466,-0.02832,0.00161,-0.03675,0.02377,-2.68993,-0.01420,-0.00036,-0.02295,0.00042,-0.03155,-0.00001,-0.02049,0.78349,0,-0.02602,0.00054
0.2075,-0.39824,-0.01466,-0.02840,0.00166,-0.03644,0.02371,-2.68993,-0.01434,-0.00037,-0.02304,0.00046,-0.03149,0.00010,-0.02055,0.78351,0,-0.02602,0.00054
0.2095,-0.39824,-0.01466,-0.02847,0.00171,-0.03602,0.02359,-2.68993,-0.01448,-0.00037,-0.02312,0.00051,-0.03155,0.00014,-0.02062,0.78348,0,-0.02602,0.00054
0.2115,-0.39824,-0.01466,-0.02854,0.00176,-0.03548,0.02352,-2.68993,-0.01461,-0.00037,-0.02320,0.00056,-0.03174,0.00018,-0.02072,0.78348,0,-0.02602,0.00054
0.2135,-0.39824,-0.01466,-0.02861,0.00180,-0.03484,0.02345,-2.68993,-0.01475,-0.00038,-0.02328,0.00060,-0.03206,0.00023,-0.02077,0.78351,0,-0.02602,0.00054
0.2155,-0.39824,-0.01466,-0.02868,0.00185,-0.03409,0.02338,-2.68993,-0.01489,-0.00038,-0.02336,0.00065,-0.03251,0.00027,-0.02085,0.78347,0,-0.02602,0.00054
0.2175,-0.39824,-0.01466,-0.02875,0.00190,-0.03322,0.02332,-2.68993,-0.01503,-0.00038,-0.02343,0.00070,-0.03309,0.00031,-0.02094,0.78351,0,-0.02602,0.00054
0.2195,-0.39824,-0.01466,-0.02881,0.00194,-0.03224,0.02325,-2.68993,-0.01517,-0.00039,-0.02351,0.00074,-0.03379,0.00035,-0.02098,0.78348,0,-0.02602,0.00054
0.2215,-0.39824,-0.01466,-0.02888,0.00199,-0.03116,0.02318,-2.68993,-0.01531,-0.00039,-0.02358,0.00079,-0.03462,0.00040,-0.02106,0.78351,0,-0.02602,0.00054
0.2235,-0.39824,-0.01466,-0.02894,0.00204,-0.02996,0.02310,-2.68993,-0.01545,-0.00040,-0.02365,0.00084,-0.03558,0.00044,-0.02115,0.78351,0,-0.02602,0.00054
0.2255,-0.39824,-0.01466,-0.02900,0.00208,-0.02865,0.02303,-2.68993,-0.01559,-0.00040,-0.02372,0.00088,-0.03667,0.00048,-0.02122,0.78349,0,-0.02602,0.00054
0.2276,-0.39824,-0.01466,-0.02905,0.00213,-0.02724,0.02296,-2.68993,-0.01573,-0.00040,-0.02378,0.00093,-0.03789,0.00052,-0.02132,0.78350,0,-0.02602,0.00054
0.2296,-0.39824,-0.01466,-0.02911,0.00217,-0.02571,0.02289,-2.68993,-0.01586,-0.00041,-0.02385,0.00097,-0.03923,0.00057,-0.02145,0.78349,0,-0.02602,0.00054
0.2316,-0.39824,-0.01466,-0.02916,0.00222,-0.02407,0.02282,-2.68993,-0.01600,-0.00041,-0.02390,0.00102,-0.04045,0.00061,-0.02148,0.78352,0,-0.02602,0.00054
0.2336,-0.39824,-0.01466,-0.02920,0.00226,-0.02254,0.02274,-2.68993,-0.01614,-0.00041,-0.02396,0.00106,-0.04154,0.00065,-0.02155,0.78354,0,-0.02602,0.00054
0.2356,-0.39824,-0.01466,-0.02925,0.00231,-0.02112,0.02267,-2.68993,-0.01628,-0.00042,-0.02401,0.00111,-0.04250,0.00069,-0.02165,0.78350,0,-0.02602,0.00054
0.2376,-0.39824,-0.01466,-0.02929,0.00235,-0.01981,0.02259,-2.68993,-0.01642,-0.00042,-0.02407,0.00115,-0.04333,0.00073,-0.02178,0.78350,0,-0.02602,0.00054
0.2396,-0.39824,-0.01466,-0.02933,0.00240,-0.01861,0.02252,-2.68993,-0.01656,-0.00042,-0.02411,0.00120,-0.04403,0.00077,-0.02186,0.78350,0,-0.02602,0.00054
0.2416,-0.39824,-0.01466,-0.02936,0.00245,-0.01751,0.02244,-2.68993,-0.01670,-0.00043,-0.02416,0.00124,-0.04461,0.00082,-0.02195,0.78351,0,-0.02602,0.00054
0.2436,-0.39824,-0.01466,-0.02940,0.00249,-0.01653,0.02236,-2.68993,-0.01684,-0.00043,-0.02420,0.00129,-0.04506,0.00086,-0.02198,0.78349,0,-0.02602,0.00054
0.2456,-0.39824,-0.01466,-0.02943,0.00253,-0.01565,0.02228,-2.68993,-0.01697,-0.00043,-0.02425,0.00133,-0.04538,0.00090,-0.02211,0.78348,0,-0.02602,0.00054
0.2476,-0.39824,-0.01466,-0.02946,0.00258,-0.01488,0.02221,-2.68993,-0.01711,-0.00044,-0.02429,0.00138,-0.04557,0.00094,-0.02218,0.78352,0,-0.02602,0.00054
0.2496,-0.39824,-0.01466,-0.02949,0.00262,-0.01422,0.02213,-2.68993,-0.01725,-0.00044,-0.02433,0.00142,-0.04563,0.00098,-0.02224,0.78351,0,-0.02602,0.00054
0.2516,-0.39824,-0.01466,-0.02952,0.00267,-0.01367,0.02205,-2.68993,-0.01739,-0.00045,-0.02436,0.00146,-0.04557,0.00102,-0.02232,0.78350,0,-0.02602,0.00054
0.2537,-0.39824,-0.01466,-0.02954,0.00271,-0.01323,0.02197,-2.68993,-0.01753,-0.00045,-0.02440,0.00151,-0.04538,0.00106,-0.02244,0.78351,0,-0.02602,0.00054
0.2563,-0.39824,-0.01466,-0.02957,0.00276,-0.01290,0.02189,-2.68993,-0.01771,-0.00045,-0.02444,0.00155,-0.04506,0.00110,-0.02256,0.78349,0,-0.02602,0.00054
0.2583,-0.39824,-0.01466,-0.02959,0.00280,-0.01268,0.02181,-2.68993,-0.01785,-0.00046,-0.02448,0.00160,-0.04461,0.00114,-0.02258,0.78347,0,-0.02602,0.00054
0.2603,-0.39824,-0.01466,-0.02962,0.00284,-0.01256,0.02172,-2.68993,-0.01799,-0.00046,-0.02452,0.00164,-0.04403,0.00118,-0.02267,0.78347,0,-0.02602,0.00054
0.2623,-0.39824,-0.01466,-0.02964,0.00289,-0.01256,0.02164,-2.68993,-0.01813,-0.00046,-0.02455,0.00168,-0.04333,0.00122,-0.02276,0.78347,0,-0.02602,0.00054
0.2644,-0.39857,-0.01539,-0.02724,0.00229,-0.00169,0.01900,-2.67864,-0.01827,-0.00047,-0.02226,0.00087,-0.04250,0.00113,-0.02292,0.78345,0,-0.02566,0.00117
0.2664,-0.39857,-0.01539,-0.02724,0.00233,-0.00194,0.01904,-2.67864,-0.01841,-0.00047,-0.02227,0.00090,-0.04154,0.00091,-0.02292,0.78345,0,-0.02566,0.00117
0.2684,-0.39857,-0.01539,-0.02725,0.00237,-0.00230,0.01918,-2.67864,-0.01855,-0.00047,-0.02229,0.00094,-0.04070,0.00057,-0.02301,0.78345,0,-0.02566,0.00117
0.2704,-0.39857,-0.01539,-0.02725,0.00241,-0.00256,0.01943,-2.67864,-0.01868,-0.00048,-0.02230,0.00098,-0.04000,0.00035,-0.02310,0.78345,0,-0.02566,0.00117
0.2724,-0.39857,-0.01539,-0.02726,0.00244,-0.00270,0.01958,-2.67864,-0.01882,-0.00048,-0.02232,0.00102,-0.03942,0.00026,-0.02317,0.78349,0,-0.02566,0.00117
0.2744,-0.39857,-0.01539,-0.02726,0.00248,-0.00274,0.01961,-2.67864,-0.01896,-0.00049,-0.02234,0.00106,-0.03898,0.00030,-0.02323,0.78348,0,-0.02566,0.00117
0.2764,-0.39857,-0.01539,-0.02727,0.00252,-0.00266,0.01954,-2.67864,-0.01910,-0.00049,-0.02235,0.00110,-0.03866,0.00047,-0.02336,0.78345,0,-0.02566,0.00117
0.2784,-0.39857,-0.01539,-0.02728,0.00256,-0.00248,0.01935,-2.67864,-0.01924,-0.00049,-0.02237,0.00114,-0.03846,0.00064,-0.02343,0.78343,0,-0.02566,0.00117
0.2804,-0.39857,-0.01539,-0.02728,0.00260,-0.00219,0.01916,-2.67864,-0.01938,-0.00050,-0.02239,0.00117,-0.03840,0.00069,-0.02347,0.78342,0,-0.02566,0.00117
0.2824,-0.39857,-0.01539,-0.02728,0.00264,-0.00178,0.01908,-2.67864,-0.01952,-0.00050,-0.02240,0.00121,-0.03846,0.00071,-0.02354,0.78344,0,-0.02566,0.00117
0.2844,-0.39857,-0.01539,-0.02729,0.00268,-0.00127,0.01901,-2.67864,-0.01966,-0.00050,-0.02242,0.00125,-0.03866,0.00075,-0.02365,0.78342,0,-0.02566,0.00117
0.2864,-0.39857,-0.01539,-0.02729,0.00271,-0.00065,0.01894,-2.67864,-0.01979,-0.00051,-0.02243,0.00129,-0.03898,0.00078,-0.02374,0.78344,0,-0.02566,0.00117
0.2884,-0.39857,-0.01539,-0.02729,0.00275,0.00008,0.01886,-2.67864,-0.01993,-0.00051,-0.02244,0.00132,-0.03942,0.00081,-0.02380,0.78343,0,-0.02566,0.00117
0.2904,-0.39857,-0.01539,-0.02729,0.00279,0.00092,0.01878,-2.67864,-0.02007,-0.00051,-0.02246,0.00136,-0.04000,0.00085,-0.02393,0.78343,0,-0.02566,0.00117
0.2924,-0.39857,-0.01539,-0.02729,0.00283,0.00187,0.01871,-2.67864,-0.02021,-0.00052,-0.02246,0.00140,-0.04070,0.00088,-0.02404,0.78344,0,-0.02566,0.00117
0.2944,-0.39857,-0.01539,-0.02728,0.00286,0.00293,0.01863,-2.67864,-0.02035,-0.00052,-0.02247,0.00144,-0.04154,0.00092,-0.02409,0.78342,0,-0.02566,0.00117
0.2964,-0.39857,-0.01539,-0.02727,0.00290,0.00410,0.01855,-2.67864,-0.02049,-0.00052,-0.02248,0.00147,-0.04250,0.00095,-0.02417,0.78342,0,-0.02566,0.00117
0.2985,-0.39857,-0.01539,-0.02726,0.00294,0.00538,0.01847,-2.67864,-0.02063,-0.00053,-0.02248,0.00151,-0.04333,0.00098,-0.02425,0.78343,0,-0.02566,0.00117
0.3005,-0.39857,-0.01539,-0.02725,0.00298,0.00654,0.01840,-2.67864,-0.02076,-0.00053,-0.02248,0.00155,-0.04403,0.00101,-0.02435,0.78342,0,-0.02566,0.00117
0.3025,-0.39857,-0.01539,-0.02724,0.00301,0.00760,0.01832,-2.67864,-0.02090,-0.00054,-0.02248,0.00158,-0.04461,0.00105,-0.02445,0.78342,0,-0.02566,0.00117
0.3045,-0.39857,-0.01539,-0.02722,0.00305,0.00855,0.01824,-2.67864,-0.02104,-0.00054,-0.02248,0.00162,-0.04506,0.00108,-0.02454,0.78341,0,-0.02566,0.00117
0.3065,-0.39857,-0.01539,-0.02720,0.00309,0.00939,0.01816,-2.67864,-0.02118,-0.00054,-0.02247,0.00166,-0.04538,0.00111,-0.02465,0.78343,0,-0.02566,0.00117
0.3085,-0.39857,-0.01539,-0.02718,0.00312,0.01012,0.01808,-2.67864,-0.02132,-0.00055,-0.02246,0.00169,-0.04557,0.00115,-0.02477,0.78341,0,-0.02566,0.00117
0.3105,-0.39857,-0.01539,-0.02716,0.00316,0.01074,0.01800,-2.67864,-0.02146,-0.00055,-0.02246,0.00173,-0.04563,0.00118,-0.02487,0.78343,0,-0.02566,0.00117
0.3125,-0.39857,-0.01539,-0.02714,0.00319,0.01125,0.01792,-2.67864,-0.02160,-0.00055,-0.02245,0.00176,-0.04557,0.00121,-0.02497,0.78344,0,-0.02566,0.00117
0.3145,-0.39857,-0.01539,-0.02712,0.00323,0.01165,0.01783,-2.67864,-0.02174,-0.00056,-0.02244,0.00180,-0.04538,0.00124,-0.02502,0.78340,0,-0.02566,0.00117
0.3165,-0.39857,-0.01539,-0.02710,0.00326,0.01194,0.01775,-2.67864,-0.02187,-0.00056,-0.02243,0.00183,-0.04506,0.00127,-0.02508,0.78344,0,-0.02566,0.00117
0.3185,-0.39857,-0.01539,-0.02707,0.00330,0.01212,0.01767,-2.67864,-0.02201,-0.00056,-0.02242,0.00187,-0.04461,0.00130,-0.02521,0.78346,0,-0.02566,0.00117
0.3205,-0.39857,-0.01539,-0.02705,0.00334,0.01219,0.01759,-2.67864,-0.02215,-0.00057,-0.02240,0.00190,-0.04429,0.00134,-0.02523,0.78346,0,-0.02566,0.00117
0.3226,-0.39857,-0.01539,-0.02702,0.00337,0.01237,0.01750,-2.67864,-0.02229,-0.00057,-0.02239,0.00194,-0.04410,0.00137,-0.02528,0.78343,0,-0.02566,0.00117
0.3246,-0.39857,-0.01539,-0.02700,0.00341,0.01266,0.01742,-2.67864,-0.02243,-0.00057,-0.02238,0.00197,-0.04403,0.00140,-0.02538,0.78342,0,-0.02566,0.00117
0.3266,-0.39857,-0.01539,-0.02697,0.00344,0.01306,0.01733,-2.67864,-0.02257,-0.00058,-0.02237,0.00201,-0.04410,0.00143,-0.02548,0.78347,0,-0.02566,0.00117
0.3286,-0.39857,-0.01539,-0.02695,0.00347,0.01356,0.01725,-2.67864,-0.02271,-0.00058,-0.02236,0.00204,-0.04429,0.00146,-0.02550,0.78348,0,-0.02566,0.00117
0.3306,-0.39857,-0.01539,-0.02692,0.00351,0.01418,0.01716,-2.67864,-0.02284,-0.00058,-0.02234,0.00208,-0.04461,0.00149,-0.02565,0.78346,0,-0.02566,0.00117
0.3326,-0.39857,-0.01539,-0.02689,0.00354,0.01490,0.01708,-2.67864,-0.02298,-0.00059,-0.02233,0.00211,-0.04506,0.00152,-0.02564,0.78348,0,-0.02566,0.00117
0.3346,-0.39347,-0.01578,-0.02588,0.00302,0.01921,0.01508,-2.66671,-0.02312,-0.00059,-0.01980,0.00146,-0.04538,0.00142,-0.02585,0.78346,0,-0.02578,0.00198
0.3366,-0.39347,-0.01578,-0.02585,0.00305,0.01991,0.01511,-2.66671,-0.02326,-0.00060,-0.01978,0.00149,-0.04557,0.00120,-0.02585,0.78346,0,-0.02578,0.00198
0.3386,-0.39347,-0.01578,-0.02580,0.00308,0.02051,0.01526,-2.66671,-0.02340,-0.00060,-0.01975,0.00152,-0.04563,0.00093,-0.02594,0.78349,0,-0.02578,0.00198
0.3406,-0.39347,-0.01578,-0.02576,0.00311,0.02100,0.01544,-2.66671,-0.02354,-0.00060,-0.01973,0.00155,-0.04557,0.00078,-0.02604,0.78352,0,-0.02578,0.00198
0.3426,-0.39347,-0.01578,-0.02572,0.00314,0.02137,0.01551,-2.66671,-0.02368,-0.00061,-0.01970,0.00159,-0.04538,0.00076,-0.02618,0.78349,0,-0.02578,0.00198
0.3446,-0.39347,-0.01578,-0.02568,0.00317,0.02164,0.01547,-2.66671,-0.02381,-0.00061,-0.01967,0.00162,-0.04506,0.00088,-0.02627,0.78351,0,-0.02578,0.00198
0.3466,-0.39347,-0.01578,-0.02563,0.00320,0.02180,0.01532,-2.66671,-0.02395,-0.00061,-0.01964,0.00165,-0.04461,0.00103,-0.02630,0.78350,0,-0.02578,0.00198
0.3486,-0.39347,-0.01578,-0.02559,0.00323,0.02184,0.01513,-2.66671,-0.02409,-0.00062,-0.01961,0.00168,-0.04403,0.00106,-0.02642,0.78346,0,-0.02578,0.00198
0.3506,-0.39347,-0.01578,-0.02555,0.00326,0.02178,0.01505,-2.66671,-0.02423,-0.00062,-0.01958,0.00171,-0.04358,0.00109,-0.02650,0.78347,0,-0.02578,0.00198
0.3526,-0.39347,-0.01578,-0.02550,0.00329,0.02182,0.01497,-2.66671,-0.02437,-0.00062,-0.01955,0.00174,-0.04326,0.00111,-0.02659,0.78351,0,-0.02578,0.00198
0.3546,-0.39347,-0.01578,-0.02546,0.00332,0.02198,0.01490,-2.66671,-0.02451,-0.00063,-0.01952,0.00177,-0.04307,0.00114,-0.02671,0.78348,0,-0.02578,0.00198
0.3566,-0.39347,-0.01578,-0.02542,0.00335,0.02224,0.01482,-2.66671,-0.02464,-0.00063,-0.01949,0.00180,-0.04301,0.00116,-0.02679,0.78350,0,-0.02578,0.00198
0.3586,-0.39347,-0.01578,-0.02537,0.00338,0.02261,0.01474,-2.66671,-0.02478,-0.00063,-0.01946,0.00182,-0.04307,0.00119,-0.02694,0.78347,0,-0.02578,0.00198
0.3606,-0.39347,-0.01578,-0.02533,0.00341,0.02309,0.01466,-2.66671,-0.02492,-0.00064,-0.01943,0.00185,-0.04326,0.00122,-0.02698,0.78349,0,-0.02578,0.00198
0.3626,-0.39347,-0.01578,-0.02528,0.00344,0.02368,0.01458,-2.66671,-0.02506,-0.00064,-0.01940,0.00188,-0.04358,0.00124,-0.02706,0.78351,0,-0.02578,0.00198
0.3646,-0.39347,-0.01578,-0.02523,0.00347,0.02437,0.01450,-2.66671,-0.02520,-0.00065,-0.01937,0.00191,-0.04403,0.00127,-0.02715,0.78353,0,-0.02578,0.00198
0.3666,-0.39347,-0.01578,-0.02518,0.00350,0.02518,0.01442,-2.66671,-0.02534,-0.00065,-0.01933,0.00194,-0.04461,0.00129,-0.02723,0.78347,0,-0.02578,0.00198
0.3686,-0.39347,-0.01578,-0.02513,0.00353,0.02609,0.01434,-2.66671,-0.02547,-0.00065,-0.01930,0.00197,-0.04506,0.00132,-0.02734,0.78348,0,-0.02578,0.00198
0.3706,-0.39347,-0.01578,-0.02508,0.00355,0.02689,0.01426,-2.66671,-0.02561,-0.00066,-0.01926,0.00200,-0.04538,0.00134,-0.02745,0.78351,0,-0.02578,0.00198
0.3726,-0.39347,-0.01578,-0.02502,0.00358,0.02759,0.01418,-2.66671,-0.02575,-0.00066,-0.01922,0.00202,-0.04557,0.00136,-0.02752,0.78348,0,-0.02578,0.00198
0.3746,-0.39347,-0.01578,-0.02497,0.00361,0.02817,0.01409,-2.66671,-0.02589,-0.00066,-0.01918,0.00205,-0.04563,0.00139,-0.02759,0.78348,0,-0.02578,0.00198
0.3766,-0.39347,-0.01578,-0.02491,0.00364,0.02864,0.01401,-2.66671,-0.02603,-0.00067,-0.01914,0.00208,-0.04557,0.00141,-0.02770,0.78348,0,-0.02578,0.00198
0.3786,-0.39347,-0.01578,-0.02485,0.00367,0.02900,0.01393,-2.66671,-0.02617,-0.00067,-0.01910,0.00211,-0.04538,0.00144,-0.02780,0.78346,0,-0.02578,0.00198
0.3806,-0.39347,-0.01578,-0.02479,0.00370,0.02925,0.01385,-2.66671,-0.02630,-0.00067,-0.01905,0.00213,-0.04531,0.00146,-0.02794,0.78345,0,-0.02578,0.00198
0.3826,-0.39347,-0.01578,-0.02473,0.00372,0.02961,0.01376,-2.66671,-0.02644,-0.00068,-0.01901,0.00216,-0.04538,0.00148,-0.02803,0.78345,0,-0.02578,0.00198
0.3846,-0.39347,-0.01578,-0.02467,0.00375,0.03008,0.01368,-2.66671,-0.02658,-0.00068,-0.01897,0.00219,-0.04555,0.00151,-0.02810,0.78346,0,-0.02578,0.00198
0.3866,-0.39347,-0.01578,-0.02461,0.00378,0.03064,0.01360,-2.66671,-0.02672,-0.00068,-0.01892,0.00222,-0.04564,0.00153,-0.02821,0.78346,0,-0.02578,0.00198
0.3887,-0.39347,-0.01578,-0.02455,0.00380,0.03113,0.01351,-2.66671,-0.02686,-0.00069,-0.01888,0.00224,-0.04573,0.00155,-0.02831,0.78344,0,-0.02578,0.00198
0.3907,-0.39347,-0.01578,-0.02449,0.00383,0.03162,0.01343,-2.66671,-0.02700,-0.00069,-0.01883,0.00227,-0.04583,0.00158,-0.02849,0.78345,0,-0.02578,0.00198
0.3927,-0.39347,-0.01578,-0.02443,0.00386,0.03211,0.01335,-2.66671,-0.02714,-0.00069,-0.01878,0.00230,-0.04592,0.00160,-0.02849,0.78345,0,-0.02578,0.00198
0.3947,-0.39347,-0.01578,-0.02436,0.00388,0.03260,0.01326,-2.66671,-0.02727,-0.00070,-0.01873,0.00232,-0.04601,0.00162,-0.02868,0.78346,0,-0.02578,0.00198
0.3967,-0.39355,-0.01670,-0.02453,0.00357,0.03221,0.01207,-2.65453,-0.02742,-0.00070,-0.01894,0.00173,-0.04623,0.00152,-0.02876,0.78344,0,-0.02578,0.00278
0.3987,-0.39355,-0.01670,-0.02446,0.00360,0.03281,0.01209,-2.65453,-0.02756,-0.00071,-0.01889,0.00176,-0.04645,0.00128,-0.02876,0.78344,0,-0.02578,0.00278
0.4007,-0.39355,-0.01670,-0.02440,0.00362,0.03341,0.01223,-2.65453,-0.02769,-0.00071,-0.01884,0.00178,-0.04654,0.00107,-0.02889,0.78345,0,-0.02578,0.00278
0.4028,-0.39355,-0.01670,-0.02433,0.00365,0.03389,0.01235,-2.65453,-0.02783,-0.00071,-0.01879,0.00181,-0.04663,0.00099,-0.02907,0.78343,0,-0.02578,0.00278
0.4048,-0.39355,-0.01670,-0.02426,0.00367,0.03437,0.01236,-2.65453,-0.02797,-0.00072,-0.01874,0.00183,-0.04671,0.00103,-0.02911,0.78344,0,-0.02578,0.00278
0.4068,-0.39355,-0.01670,-0.02419,0.00370,0.03485,0.01226,-2.65453,-0.02811,-0.00072,-0.01869,0.00185,-0.04680,0.00114,-0.02924,0.78343,0,-0.02578,0.00278
0.4088,-0.39355,-0.01670,-0.02412,0.00372,0.03533,0.01211,-2.65453,-0.02825,-0.00072,-0.01864,0.00188,-0.04689,0.00116,-0.02930,0.78346,0,-0.02578,0.00278
0.4108,-0.39355,-0.01670,-0.02405,0.00374,0.03581,0.01203,-2.65453,-0.02839,-0.00073,-0.01858,0.00190,-0.04697,0.00118,-0.02940,0.78342,0,-0.02578,0.00278
0.4128,-0.39355,-0.01670,-0.02398,0.00377,0.03628,0.01195,-2.65453,-0.02853,-0.00073,-0.01853,0.00193,-0.04705,0.00120,-0.02946,0.78347,0,-0.02578,0.00278
0.4148,-0.39355,-0.01670,-0.02391,0.00379,0.03675,0.01187,-2.65453,-0.02867,-0.00073,-0.01847,0.00195,-0.04714,0.00122,-0.02957,0.78345,0,-0.02578,0.00278
0.4168,-0.39355,-0.01670,-0.02383,0.00382,0.03722,0.01179,-2.65453,-0.02881,-0.00074,-0.01841,0.00197,-0.04722,0.00124,-0.02967,0.78345,0,-0.02578,0.00278
0.4189,-0.39355,-0.01670,-0.02376,0.00384,0.03769,0.01171,-2.65453,-0.02895,-0.00074,-0.01836,0.00200,-0.04730,0.00125,-0.02973,0.78343,0,-0.02578,0.00278
0.4209,-0.39355,-0.01670,-0.02368,0.00386,0.03816,0.01163,-2.65453,-0.02908,-0.00074,-0.01830,0.00202,-0.04738,0.00127,-0.02982,0.78349,0,-0.02578,0.00278
0.4229,-0.39355,-0.01670,-0.02360,0.00389,0.03862,0.01155,-2.65453,-0.02922,-0.00075,-0.01824,0.00204,-0.04746,0.00129,-0.02992,0.78344,0,-0.02578,0.00278
0.4249,-0.39355,-0.01670,-0.02353,0.00391,0.03908,0.01146,-2.65453,-0.02936,-0.00075,-0.01818,0.00206,-0.04754,0.00131,-0.02998,0.78349,0,-0.02578,0.00278
0.4269,-0.39355,-0.01670,-0.02345,0.00393,0.03954,0.01138,-2.65453,-0.02950,-0.00076,-0.01812,0.00209,-0.04762,0.00133,-0.03012,0.78349,0,-0.02578,0.00278
0.4289,-0.39355,-0.01670,-0.02337,0.00395,0.04000,0.01130,-2.65453,-0.02964,-0.00076,-0.01806,0.00211,-0.04770,0.00135,-0.03021,0.78345,0,-0.02578,0.00278
0.4309,-0.39355,-0.01670,-0.02329,0.00398,0.04046,0.01122,-2.65453,-0.02978,-0.00076,-0.01799,0.00213,-0.04777,0.00137,-0.03031,0.78347,0,-0.02578,0.00278
0.4329,-0.39355,-0.01670,-0.02321,0.00400,0.04091,0.01113,-2.65453,-0.02992,-0.00077,-0.01793,0.00215,-0.04785,0.00139,-0.03044,0.78350,0,-0.02578,0.00278
0.4349,-0.39355,-0.01670,-0.02312,0.00402,0.04136,0.01105,-2.65453,-0.03006,-0.00077,-0.01787,0.00217,-0.04792,0.00140,-0.03049,0.78350,0,-0.02578,0.00278
0.4369,-0.39355,-0.01670,-0.02304,0.00404,0.04181,0.01097,-2.65453,-0.03019,-0.00077,-0.01780,0.00220,-0.04799,0.00142,-0.03060,0.78350,0,-0.02578,0.00278
0.4389,-0.39355,-0.01670,-0.02296,0.00407,0.04226,0.01088,-2.65453,-0.03033,-0.00078,-0.01774,0.00222,-0.04807,0.00144,-0.03064,0.78350,0,-0.02578,0.00278
0.4409,-0.39355,-0.01670,-0.02287,0.00409,0.04271,0.01080,-2.65453,-0.03047,-0.00078,-0.01767,0.00224,-0.04814,0.00146,-0.03078,0.78353,0,-0.02578,0.00278
0.4429,-0.39355,-0.01670,-0.02279,0.00411,0.04315,0.01072,-2.65453,-0.03061,-0.00078,-0.01760,0.00226,-0.04821,0.00148,-0.03089,0.78354,0,-0.02578,0.00278
0.4449,-0.39355,-0.01670,-0.02270,0.00413,0.04359,0.01063,-2.65453,-0.03075,-0.00079,-0.01753,0.00228,-0.04828,0.00149,-0.03095,0.78355,0,-0.02578,0.00278
0.4469,-0.39355,-0.01670,-0.02261,0.00415,0.04403,0.01055,-2.65453,-0.03088,-0.00079,-0.01746,0.00230,-0.04835,0.00151,-0.03104,0.78356,0,-0.02578,0.00278
0.4489,-0.39355,-0.01670,-0.02252,0.00417,0.04446,0.01046,-2.65453,-0.03102,-0.00079,-0.01739,0.00232,-0.04842,0.00153,-0.03116,0.78356,0,-0.02578,0.00278
0.4509,-0.39355,-0.01670,-0.02243,0.00419,0.04490,0.01038,-2.65453,-0.03116,-0.00080,-0.01732,0.00234,-0.04848,0.00154,-0.03124,0.78354,0,-0.02578,0.00278
0.4529,-0.39355,-0.01670,-0.02234,0.00421,0.04533,0.01029,-2.65453,-0.03130,-0.00080,-0.01725,0.00236,-0.04855,0.00156,-0.03132,0.78357,0,-0.02578,0.00278
0.4549,-0.39355,-0.01670,-0.02225,0.00423,0.04576,0.01021,-2.65453,-0.03144,-0.00081,-0.01718,0.00238,-0.04862,0.00158,-0.03142,0.78358,0,-0.02578,0.00278
0.4569,-0.39355,-0.01670,-0.02216,0.00425,0.04619,0.01012,-2.65453,-0.03158,-0.00081,-0.01711,0.00240,-0.04868,0.00159,-0.03147,0.78356,0,-0.02578,0.00278
0.4589,-0.39355,-0.01670,-0.02207,0.00427,0.04661,0.01003,-2.65453,-0.03171,-0.00081,-0.01703,0.00242,-0.04875,0.00161,-0.03162,0.78356,0,-0.02578,0.00278
0.4609,-0.39355,-0.01670,-0.02197,0.00429,0.04704,0.00995,-2.65453,-0.03185,-0.00082,-0.01696,0.00244,-0.04881,0.00163,-0.03173,0.78356,0,-0.02578,0.00278
0.4629,-0.39355,-0.01670,-0.02188,0.00431,0.04746,0.00986,-2.65453,-0.03199,-0.00082,-0.01688,0.00246,-0.04887,0.00164,-0.03178,0.78360,0,-0.02578,0.00278
0.4650,-0.39576,-0.01746,-0.02196,0.00408,0.04733,0.00894,-2.64418,-0.03213,-0.00082,-0.01764,0.00199,-0.04906,0.00153,-0.03191,0.78357,0,-0.02385,0.00343
0.4670,-0.39576,-0.01746,-0.02186,0.00410,0.04786,0.00896,-2.64418,-0.03227,-0.00083,-0.01756,0.00201,-0.04938,0.00129,-0.03202,0.78354,0,-0.02385,0.00343
0.4690,-0.39576,-0.01746,-0.02176,0.00411,0.04850,0.00910,-2.64418,-0.03241,-0.00083,-0.01749,0.00203,-0.04983,0.00118,-0.03213,0.78358,0,-0.02385,0.00343
0.4710,-0.39576,-0.01746,-0.02167,0.00413,0.04924,0.00913,-2.64418,-0.03255,-0.00083,-0.01741,0.00205,-0.05015,0.00119,-0.03221,0.78358,0,-0.02385,0.00343
0.4730,-0.39576,-0.01746,-0.02157,0.00415,0.04988,0.00904,-2.64418,-0.03269,-0.00084,-0.01733,0.00206,-0.05034,0.00123,-0.03235,0.78361,0,-0.02385,0.00343
0.4750,-0.39576,-0.01746,-0.02147,0.00417,0.05040,0.00894,-2.64418,-0.03283,-0.00084,-0.01725,0.00208,-0.05041,0.00124,-0.03249,0.78357,0,-0.02385,0.00343
0.4770,-0.39576,-0.01746,-0.02137,0.00419,0.05081,0.00886,-2.64418,-0.03296,-0.00084,-0.01717,0.00210,-0.05034,0.00126,-0.03258,0.78358,0,-0.02385,0.00343
0.4790,-0.39576,-0.01746,-0.02126,0.00420,0.05111,0.00878,-2.64418,-0.03310,-0.00085,-0.01708,0.00212,-0.05019,0.00127,-0.03271,0.78361,0,-0.02385,0.00343
0.4810,-0.39576,-0.01746,-0.02116,0.00422,0.05134,0.00870,-2.64418,-0.03324,-0.00085,-0.01700,0.00213,-0.05016,0.00128,-0.03280,0.78355,0,-0.02385,0.00343
0.4831,-0.39576,-0.01746,-0.02106,0.00424,0.05167,0.00861,-2.64418,-0.03338,-0.00085,-0.01692,0.00215,-0.05027,0.00130,-0.03291,0.78359,0,-0.02385,0.00343
0.4851,-0.39576,-0.01746,-0.02095,0.00426,0.05211,0.00853,-2.64418,-0.03352,-0.00086,-0.01684,0.00217,-0.05036,0.00131,-0.03300,0.78359,0,-0.02385,0.00343
0.4871,-0.39576,-0.01746,-0.02085,0.00427,0.05253,0.00845,-2.64418,-0.03366,-0.00086,-0.01675,0.00218,-0.05041,0.00132,-0.03308,0.78360,0,-0.02385,0.00343
0.4891,-0.39576,-0.01746,-0.02074,0.00429,0.05293,0.00837,-2.64418,-0.03380,-0.00087,-0.01667,0.00220,-0.05046,0.00133,-0.03320,0.78357,0,-0.02385,0.00343
0.4911,-0.39576,-0.01746,-0.02064,0.00431,0.05332,0.00828,-2.64418,-0.03394,-0.00087,-0.01658,0.00222,-0.05051,0.00135,-0.03325,0.78356,0,-0.02385,0.00343
0.4931,-0.39576,-0.01746,-0.02053,0.00432,0.05370,0.00820,-2.64418,-0.03407,-0.00087,-0.01649,0.00223,-0.05057,0.00136,-0.03339,0.78358,0,-0.02385,0.00343
0.4951,-0.39576,-0.01746,-0.02042,0.00434,0.05409,0.00812,-2.64418,-0.03421,-0.00088,-0.01640,0.00225,-0.05062,0.00137,-0.03345,0.78358,0,-0.02385,0.00343
0.4971,-0.39576,-0.01746,-0.02031,0.00436,0.05447,0.00803,-2.64418,-0.03435,-0.00088,-0.01632,0.00226,-0.05067,0.00138,-0.03354,0.78359,0,-0.02385,0.00343
0.4991,-0.39576,-0.01746,-0.02021,0.00437,0.05486,0.00795,-2.64418,-0.03449,-0.00088,-0.01623,0.00228,-0.05072,0.00140,-0.03366,0.78357,0,-0.02385,0.00343
0.5011,-0.39576,-0.01746,-0.02010,0.00439,0.05523,0.00786,-2.64418,-0.03463,-0.00089,-0.01614,0.00229,-0.05077,0.00141,-0.03380,0.78359,0,-0.02385,0.00343
0.5031,-0.39576,-0.01746,-0.01998,0.00440,0.05561,0.00778,-2.64418,-0.03477,-0.00089,-0.01605,0.00231,-0.05081,0.00142,-0.03387,0.78357,0,-0.02385,0.00343
0.5051,-0.39576,-0.01746,-0.01987,0.00442,0.05598,0.00770,-2.64418,-0.03490,-0.00089,-0.01596,0.00232,-0.05086,0.00143,-0.03398,0.78356,0,-0.02385,0.00343
0.5071,-0.39576,-0.01746,-0.01976,0.00443,0.05636,0.00761,-2.64418,-0.03504,-0.00090,-0.01587,0.00234,-0.05091,0.00144,-0.03404,0.78361,0,-0.02385,0.00343
0.5091,-0.39576,-0.01746,-0.01965,0.00445,0.05672,0.00753,-2.64418,-0.03518,-0.00090,-0.01577,0.00235,-0.05095,0.00145,-0.03416,0.78359,0,-0.02385,0.00343
0.5111,-0.39576,-0.01746,-0.01953,0.00446,0.05709,0.00744,-2.64418,-0.03532,-0.00090,-0.01568,0.00237,-0.05100,0.00146,-0.03428,0.78361,0,-0.02385,0.00343
0.5131,-0.39576,-0.01746,-0.01942,0.00448,0.05745,0.00736,-2.64418,-0.03546,-0.00091,-0.01559,0.00238,-0.05104,0.00147,-0.03438,0.78355,0,-0.02385,0.00343
0.5151,-0.39576,-0.01746,-0.01930,0.00449,0.05782,0.00727,-2.64418,-0.03559,-0.00091,-0.01549,0.00240,-0.05109,0.00149,-0.03446,0.78362,0,-0.02385,0.00343
0.5171,-0.39576,-0.01746,-0.01919,0.00451,0.05818,0.00719,-2.64418,-0.03573,-0.00091,-0.01540,0.00241,-0.05113,0.00150,-0.03458,0.78360,0,-0.02385,0.00343
0.5191,-0.39576,-0.01746,-0.01907,0.00452,0.05853,0.00710,-2.64418,-0.03587,-0.00092,-0.01530,0.00242,-0.05118,0.00151,-0.03470,0.78360,0,-0.02385,0.00343
0.5211,-0.39576,-0.01746,-0.01895,0.00454,0.05889,0.00702,-2.64418,-0.03601,-0.00092,-0.01521,0.00244,-0.05122,0.00152,-0.03477,0.78361,0,-0.02385,0.00343
0.5231,-0.39576,-0.01746,-0.01884,0.00455,0.05924,0.00693,-2.64418,-0.03615,-0.00093,-0.01511,0.00245,-0.05126,0.00153,-0.03487,0.78366,0,-0.02385,0.00343
0.5251,-0.39576,-0.01746,-0.01872,0.00456,0.05959,0.00685,-2.64418,-0.03629,-0.00093,-0.01501,0.00246,-0.05130,0.00154,-0.03494,0.78363,0,-0.02385,0.00343
0.5271,-0.39576,-0.01746,-0.01860,0.00458,0.05993,0.00676,-2.64418,-0.03642,-0.00093,-0.01492,0.00248,-0.05134,0.00155,-0.03506,0.78363,0,-0.02385,0.00343
0.5291,-0.39576,-0.01746,-0.01848,0.00459,0.06028,0.00668,-2.64418,-0.03656,-0.00094,-0.01482,0.00249,-0.05138,0.00155,-0.03515,0.78364,0,-0.02385,0.00343
0.5311,-0.39576,-0.01746,-0.01836,0.00460,0.06062,0.00659,-2.64418,-0.03670,-0.00094,-0.01472,0.00250,-0.05142,0.00156,-0.03525,0.78362,0,-0.02385,0.00343
0.5331,-0.39576,-0.01746,-0.01823,0.00462,0.06096,0.00651,-2.64418,-0.03684,-0.00094,-0.01462,0.00252,-0.05146,0.00157,-0.03533,0.78366,0,-0.02385,0.00343
0.5351,-0.39755,-0.01766,-0.01913,0.00424,0.05791,0.00512,-2.63072,-0.03698,-0.00095,-0.01607,0.00208,-0.05163,0.00145,-0.03546,0.78365,0,-0.02234,0.00360
0.5371,-0.39755,-0.01766,-0.01901,0.00425,0.05837,0.00515,-2.63072,-0.03712,-0.00095,-0.01598,0.00209,-0.05192,0.00121,-0.03546,0.78365,0,-0.02234,0.00360
0.5391,-0.39755,-0.01766,-0.01889,0.00426,0.05894,0.00529,-2.63072,-0.03726,-0.00095,-0.01588,0.00210,-0.05234,0.00109,-0.03567,0.78366,0,-0.02234,0.00360
0.5411,-0.39755,-0.01766,-0.01877,0.00427,0.05962,0.00532,-2.63072,-0.03740,-0.00096,-0.01579,0.00211,-0.05289,0.00110,-0.03576,0.78365,0,-0.02234,0.00360
0.5431,-0.39755,-0.01766,-0.01865,0.00428,0.06040,0.00524,-2.63072,-0.03753,-0.00096,-0.01569,0.00212,-0.05332,0.00116,-0.03588,0.78368,0,-0.02234,0.00360
0.5452,-0.39755,-0.01766,-0.01853,0.00429,0.06107,0.00511,-2.63072,-0.03767,-0.00096,-0.01559,0.00213,-0.05361,0.00116,-0.03598,0.78369,0,-0.02234,0.00360
0.5472,-0.39755,-0.01766,-0.01841,0.00430,0.06163,0.00504,-2.63072,-0.03781,-0.00097,-0.01549,0.00214,-0.05378,0.00117,-0.03604,0.78368,0,-0.02234,0.00360
0.5492,-0.39755,-0.01766,-0.01829,0.00431,0.06208,0.00496,-2.63072,-0.03795,-0.00097,-0.01539,0.00215,-0.05382,0.00117,-0.03620,0.78367,0,-0.02234,0.00360
0.5512,-0.39755,-0.01766,-0.01816,0.00432,0.06242,0.00488,-2.63072,-0.03809,-0.00098,-0.01529,0.00216,-0.05373,0.00118,-0.03633,0.78370,0,-0.02234,0.00360
0.5532,-0.39755,-0.01766,-0.01804,0.00433,0.06264,0.00480,-2.63072,-0.03823,-0.00098,-0.01519,0.00216,-0.05351,0.00119,-0.03641,0.78367,0,-0.02234,0.00360
0.5552,-0.39755,-0.01766,-0.01791,0.00434,0.06276,0.00473,-2.63072,-0.03837,-0.00098,-0.01508,0.00217,-0.05342,0.00119,-0.03653,0.78368,0,-0.02234,0.00360
0.5572,-0.39755,-0.01766,-0.01779,0.00435,0.06298,0.00465,-2.63072,-0.03851,-0.00099,-0.01498,0.00218,-0.05346,0.00120,-0.03659,0.78373,0,-0.02234,0.00360
0.5592,-0.39755,-0.01766,-0.01766,0.00436,0.06331,0.00457,-2.63072,-0.03864,-0.00099,-0.01488,0.00219,-0.05352,0.00120,-0.03674,0.78373,0,-0.02234,0.00360
0.5612,-0.39755,-0.01766,-0.01753,0.00437,0.06365,0.00449,-2.63072,-0.03878,-0.00099,-0.01478,0.00220,-0.05356,0.00121,-0.03685,0.78374,0,-0.02234,0.00360
0.5632,-0.39755,-0.01766,-0.01740,0.00438,0.06398,0.00442,-2.63072,-0.03892,-0.00100,-0.01467,0.00221,-0.05359,0.00121,-0.03693,0.78377,0,-0.02234,0.00360
0.5653,-0.39755,-0.01766,-0.01728,0.00439,0.06429,0.00434,-2.63072,-0.03906,-0.00100,-0.01457,0.00222,-0.05363,0.00122,-0.03707,0.78370,0,-0.02234,0.00360
0.5673,-0.39755,-0.01766,-0.01715,0.00440,0.06461,0.00426,-2.63072,-0.03920,-0.00100,-0.01446,0.00222,-0.05366,0.00122,-0.03715,0.78373,0,-0.02234,0.00360
0.5693,-0.39755,-0.01766,-0.01702,0.00440,0.06492,0.00418,-2.63072,-0.03934,-0.00101,-0.01435,0.00223,-0.05369,0.00122,-0.03726,0.78371,0,-0.02234,0.00360
0.5713,-0.39755,-0.01766,-0.01689,0.00441,0.06524,0.00411,-2.63072,-0.03948,-0.00101,-0.01425,0.00224,-0.05373,0.00123,-0.03735,0.78377,0,-0.02234,0.00360
0.5733,-0.39755,-0.01766,-0.01676,0.00442,0.06554,0.00403,-2.63072,-0.03962,-0.00101,-0.01414,0.00225,-0.05376,0.00123,-0.03752,0.78372,0,-0.02234,0.00360
0.5753,-0.39755,-0.01766,-0.01663,0.00443,0.06585,0.00395,-2.63072,-0.03975,-0.00102,-0.01403,0.00225,-0.05379,0.00124,-0.03762,0.78374,0,-0.02234,0.00360
0.5773,-0.39755,-0.01766,-0.01649,0.00444,0.06615,0.00387,-2.63072,-0.03989,-0.00102,-0.01392,0.00226,-0.05382,0.00124,-0.03769,0.78377,0,-0.02234,0.00360
0.5793,-0.39755,-0.01766,-0.01636,0.00444,0.06645,0.00379,-2.63072,-0.04003,-0.00103,-0.01382,0.00227,-0.05385,0.00124,-0.03780,0.78373,0,-0.02234,0.00360
0.5813,-0.39755,-0.01766,-0.01623,0.00445,0.06675,0.00372,-2.63072,-0.04017,-0.00103,-0.01371,0.00228,-0.05388,0.00125,-0.03788,0.78376,0,-0.02234,0.00360
0.5833,-0.39755,-0.01766,-0.01609,0.00446,0.06704,0.00364,-2.63072,-0.04031,-0.00103,-0.01360,0.00228,-0.05390,0.00125,-0.03797,0.78378,0,-0.02234,0.00360
0.5853,-0.39755,-0.01766,-0.01596,0.00447,0.06733,0.00356,-2.63072,-0.04045,-0.00104,-0.01349,0.00229,-0.05393,0.00125,-0.03805,0.78376,0,-0.02234,0.00360
0.5873,-0.39755,-0.01766,-0.01582,0.00447,0.06762,0.00348,-2.63072,-0.04059,-0.00104,-0.01338,0.00230,-0.05396,0.00126,-0.03823,0.78376,0,-0.02234,0.00360
0.5893,-0.39755,-0.01766,-0.01569,0.00448,0.06791,0.00341,-2.63072,-0.04072,-0.00104,-0.01327,0.00230,-0.05399,0.00126,-0.03834,0.78374,0,-0.02234,0.00360
0.5913,-0.39755,-0.01766,-0.01555,0.00449,0.06819,0.00333,-2.63072,-0.04086,-0.00105,-0.01315,0.00231,-0.05402,0.00126,-0.03842,0.78378,0,-0.02234,0.00360
0.5933,-0.39755,-0.01766,-0.01542,0.00449,0.06847,0.00325,-2.63072,-0.04100,-0.00105,-0.01304,0.00231,-0.05404,0.00126,-0.03857,0.78376,0,-0.02234,0.00360
0.5953,-0.39755,-0.01766,-0.01528,0.00450,0.06875,0.00317,-2.63072,-0.04114,-0.00105,-0.01293,0.00232,-0.05407,0.00127,-0.03867,0.78374,0,-0.02234,0.00360
0.5973,-0.39755,-0.01766,-0.01514,0.00451,0.06902,0.00310,-2.63072,-0.04128,-0.00106,-0.01282,0.00233,-0.05409,0.00127,-0.03876,0.78379,0,-0.02234,0.00360
0.5993,-0.39755,-0.01766,-0.01500,0.00451,0.06930,0.00302,-2.63072,-0.04142,-0.00106,-0.01270,0.00233,-0.05412,0.00127,-0.03892,0.78382,0,-0.02234,0.00360
0.6013,-0.40104,-0.01862,-0.01578,0.00454,0.06650,0.00301,-2.62205,-0.04155,-0.00106,-0.01455,0.00207,-0.05427,0.00114,-0.03899,0.78384,0,-0.01928,0.00441
0.6033,-0.40104,-0.01862,-0.01564,0.00455,0.06689,0.00304,-2.62205,-0.04169,-0.00107,-0.01444,0.00208,-0.05455,0.00101,-0.03910,0.78379,0,-0.01928,0.00441
0.6053,-0.40104,-0.01862,-0.01551,0.00455,0.06739,0.00308,-2.62205,-0.04183,-0.00107,-0.01433,0.00208,-0.05496,0.00100,-0.03921,0.78382,0,-0.01928,0.00441
0.6073,-0.40104,-0.01862,-0.01537,0.00456,0.06800,0.00301,-2.62205,-0.04197,-0.00107,-0.01422,0.00209,-0.05550,0.00101,-0.03936,0.78379,0,-0.01928,0.00441
0.6093,-0.40104,-0.01862,-0.01524,0.00456,0.06871,0.00293,-2.62205,-0.04211,-0.00108,-0.01411,0.00209,-0.05616,0.00101,-0.03945,0.78384,0,-0.01928,0.00441
0.6113,-0.40104,-0.01862,-0.01510,0.00457,0.06953,0.00285,-2.62205,-0.04225,-0.00108,-0.01399,0.00210,-0.05670,0.00102,-0.03956,0.78382,0,-0.01928,0.00441
0.6133,-0.40104,-0.01862,-0.01496,0.00458,0.07024,0.00277,-2.62205,-0.04238,-0.00109,-0.01388,0.00210,-0.05711,0.00102,-0.03963,0.78383,0,-0.01928,0.00441
0.6154,-0.40104,-0.01862,-0.01482,0.00458,0.07084,0.00269,-2.62205,-0.04253,-0.00109,-0.01376,0.00211,-0.05739,0.00102,-0.03974,0.78382,0,-0.01928,0.00441
0.6174,-0.40104,-0.01862,-0.01468,0.00459,0.07133,0.00261,-2.62205,-0.04267,-0.00109,-0.01365,0.00211,-0.05754,0.00102,-0.03990,0.78384,0,-0.01928,0.00441
0.6194,-0.40104,-0.01862,-0.01453,0.00459,0.07170,0.00254,-2.62205,-0.04280,-0.00110,-0.01353,0.00212,-0.05756,0.00102,-0.03997,0.78383,0,-0.01928,0.00441
0.6214,-0.40104,-0.01862,-0.01439,0.00460,0.07196,0.00246,-2.62205,-0.04294,-0.00110,-0.01341,0.00212,-0.05746,0.00102,-0.04010,0.78382,0,-0.01928,0.00441
0.6234,-0.40104,-0.01862,-0.01424,0.00460,0.07211,0.00238,-2.62205,-0.04308,-0.00110,-0.01329,0.00212,-0.05723,0.00102,-0.04021,0.78385,0,-0.01928,0.00441
0.6254,-0.40104,-0.01862,-0.01410,0.00461,0.07215,0.00230,-2.62205,-0.04322,-0.00111,-0.01318,0.00213,-0.05687,0.00102,-0.04032,0.78387,0,-0.01928,0.00441
0.6274,-0.40104,-0.01862,-0.01396,0.00461,0.07207,0.00222,-2.62205,-0.04336,-0.00111,-0.01306,0.00213,-0.05641,0.00102,-0.04042,0.78388,0,-0.01928,0.00441
0.6294,-0.40104,-0.01862,-0.01381,0.00461,0.07192,0.00215,-2.62205,-0.04350,-0.00111,-0.01294,0.00214,-0.05609,0.00102,-0.04054,0.78384,0,-0.01928,0.00441
0.6314,-0.40104,-0.01862,-0.01367,0.00462,0.07186,0.00207,-2.62205,-0.04364,-0.00112,-0.01282,0.00214,-0.05589,0.00102,-0.04065,0.78388,0,-0.01928,0.00441
0.6334,-0.40104,-0.01862,-0.01352,0.00462,0.07192,0.00199,-2.62205,-0.04377,-0.00112,-0.01270,0.00214,-0.05581,0.00102,-0.04074,0.78386,0,-0.01928,0.00441
0.6355,-0.40104,-0.01862,-0.01338,0.00463,0.07208,0.00191,-2.62205,-0.04391,-0.00112,-0.01259,0.00215,-0.05587,0.00102,-0.04084,0.78388,0,-0.01928,0.00441
0.6375,-0.40104,-0.01862,-0.01324,0.00463,0.07235,0.00184,-2.62205,-0.04405,-0.00113,-0.01247,0.00215,-0.05605,0.00102,-0.04096,0.78387,0,-0.01928,0.00441
0.6395,-0.40104,-0.01862,-0.01309,0.00463,0.07272,0.00176,-2.62205,-0.04419,-0.00113,-0.01235,0.00215,-0.05636,0.00102,-0.04104,0.78389,0,-0.01928,0.00441
0.6415,-0.40104,-0.01862,-0.01294,0.00464,0.07321,0.00168,-2.62205,-0.04433,-0.00114,-0.01223,0.00215,-0.05656,0.00102,-0.04116,0.78390,0,-0.01928,0.00441
0.6435,-0.40104,-0.01862,-0.01280,0.00464,0.07359,0.00160,-2.62205,-0.04447,-0.00114,-0.01211,0.00216,-0.05663,0.00102,-0.04127,0.78389,0,-0.01928,0.00441
0.6455,-0.40104,-0.01862,-0.01265,0.00464,0.07386,0.00153,-2.62205,-0.04461,-0.00114,-0.01199,0.00216,-0.05660,0.00102,-0.04139,0.78390,0,-0.01928,0.00441
0.6475,-0.40104,-0.01862,-0.01250,0.00465,0.07404,0.00145,-2.62205,-0.04475,-0.00115,-0.01187,0.00216,-0.05661,0.00102,-0.04149,0.78393,0,-0.01928,0.00441
0.6495,-0.40104,-0.01862,-0.01235,0.00465,0.07426,0.00137,-2.62205,-0.04488,-0.00115,-0.01175,0.00216,-0.05663,0.00101,-0.04161,0.78391,0,-0.01928,0.00441
0.6515,-0.40104,-0.01862,-0.01221,0.00465,0.07448,0.00130,-2.62205,-0.04502,-0.00115,-0.01162,0.00217,-0.05665,0.00101,-0.04169,0.78391,0,-0.01928,0.00441
0.6535,-0.40104,-0.01862,-0.01206,0.00465,0.07470,0.00122,-2.62205,-0.04516,-0.00116,-0.01150,0.00217,-0.05667,0.00101,-0.04183,0.78394,0,-0.01928,0.00441
0.6555,-0.40104,-0.01862,-0.01191,0.00466,0.07491,0.00114,-2.62205,-0.04530,-0.00116,-0.01138,0.00217,-0.05668,0.00101,-0.04194,0.78391,0,-0.01928,0.00441
0.6575,-0.40104,-0.01862,-0.01176,0.00466,0.07512,0.00107,-2.62205,-0.04544,-0.00116,-0.01126,0.00217,-0.05670,0.00101,-0.04201,0.78396,0,-0.01928,0.00441
0.6595,-0.40104,-0.01862,-0.01161,0.00466,0.07533,0.00099,-2.62205,-0.04558,-0.00117,-0.01113,0.00217,-0.05671,0.00101,-0.04215,0.78393,0,-0.01928,0.00441
0.6615,-0.40104,-0.01862,-0.01146,0.00466,0.07553,0.00091,-2.62205,-0.04572,-0.00117,-0.01101,0.00217,-0.05673,0.00100,-0.04228,0.78396,0,-0.01928,0.00441
0.6635,-0.40104,-0.01862,-0.01130,0.00467,0.07573,0.00084,-2.62205,-0.04585,-0.00117,-0.01089,0.00217,-0.05674,0.00100,-0.04239,0.78391,0,-0.01928,0.00441
0.6656,-0.40104,-0.01862,-0.01115,0.00467,0.07593,0.00076,-2.62205,-0.04599,-0.00118,-0.01076,0.00218,-0.05676,0.00100,-0.04251,0.78392,0,-0.01928,0.00441
0.6676,-0.40446,-0.01923,-0.01229,0.00485,0.07143,0.00129,-2.60761,-0.04613,-0.00118,-0.01295,0.00217,-0.05690,0.00099,-0.04264,0.78395,0,-0.01641,0.00495
0.6696,-0.40446,-0.01923,-0.01215,0.00485,0.07176,0.00122,-2.60761,-0.04627,-0.00118,-0.01284,0.00217,-0.05717,0.00099,-0.04275,0.78393,0,-0.01641,0.00495
0.6716,-0.40446,-0.01923,-0.01200,0.00485,0.07219,0.00114,-2.60761,-0.04641,-0.00119,-0.01272,0.00217,-0.05757,0.00099,-0.04286,0.78393,0,-0.01641,0.00495
0.6736,-0.40446,-0.01923,-0.01186,0.00485,0.07273,0.00106,-2.60761,-0.04655,-0.00119,-0.01260,0.00217,-0.05809,0.00098,-0.04301,0.78394,0,-0.01641,0.00495
0.6756,-0.40446,-0.01923,-0.01171,0.00485,0.07337,0.00098,-2.60761,-0.04669,-0.00120,-0.01249,0.00218,-0.05875,0.00098,-0.04312,0.78399,0,-0.01641,0.00495
0.6776,-0.40446,-0.01923,-0.01156,0.00486,0.07413,0.00090,-2.60761,-0.04682,-0.00120,-0.01237,0.00218,-0.05927,0.00098,-0.04322,0.78398,0,-0.01641,0.00495
0.6796,-0.40446,-0.01923,-0.01141,0.00486,0.07477,0.00082,-2.60761,-0.04696,-0.00120,-0.01225,0.00218,-0.05967,0.00098,-0.04333,0.78396,0,-0.01641,0.00495
0.6816,-0.40446,-0.01923,-0.01126,0.00486,0.07529,0.00074,-2.60761,-0.04710,-0.00121,-0.01212,0.00218,-0.05994,0.00097,-0.04343,0.78396,0,-0.01641,0.00495
0.6836,-0.40446,-0.01923,-0.01111,0.00486,0.07571,0.00066,-2.60761,-0.04724,-0.00121,-0.01200,0.00218,-0.06008,0.00097,-0.04360,0.78397,0,-0.01641,0.00495
0.6856,-0.40446,-0.01923,-0.01096,0.00486,0.07602,0.00058,-2.60761,-0.04738,-0.00121,-0.01188,0.00218,-0.06010,0.00097,-0.04370,0.78398,0,-0.01641,0.00495
0.6876,-0.40446,-0.01923,-0.01081,0.00486,0.07621,0.00050,-2.60761,-0.04751,-0.00122,-0.01175,0.00218,-0.05998,0.00096,-0.04381,0.78397,0,-0.01641,0.00495
0.6896,-0.40446,-0.01923,-0.01066,0.00486,0.07629,0.00042,-2.60761,-0.04765,-0.00122,-0.01163,0.00218,-0.05974,0.00096,-0.04396,0.78397,0,-0.01641,0.00495
0.6916,-0.40446,-0.01923,-0.01050,0.00487,0.07626,0.00034,-2.60761,-0.04779,-0.00122,-0.01151,0.00218,-0.05937,0.00096,-0.04407,0.78397,0,-0.01641,0.00495
0.6936,-0.40446,-0.01923,-0.01035,0.00487,0.07611,0.00027,-2.60761,-0.04793,-0.00123,-0.01138,0.00218,-0.05913,0.00095,-0.04416,0.78399,0,-0.01641,0.00495
0.6956,-0.40446,-0.01923,-0.01020,0.00487,0.07608,0.00019,-2.60761,-0.04807,-0.00123,-0.01126,0.00218,-0.05902,0.00095,-0.04428,0.78400,0,-0.01641,0.00495
0.6976,-0.40446,-0.01923,-0.01005,0.00487,0.07615,0.00011,-2.60761,-0.04821,-0.00123,-0.01114,0.00218,-0.05903,0.00095,-0.04440,0.78397,0,-0.01641,0.00495
0.6996,-0.40446,-0.01923,-0.00990,0.00487,0.07633,0.00003,-2.60761,-0.04835,-0.00124,-0.01101,0.00218,-0.05917,0.00094,-0.04450,0.78399,0,-0.01641,0.00495
0.7016,-0.40446,-0.01923,-0.00974,0.00487,0.07661,-0.00005,-2.60761,-0.04849,-0.00124,-0.01089,0.00218,-0.05938,0.00094,-0.04464,0.78399,0,-0.01641,0.00495
0.7037,-0.40446,-0.01923,-0.00959,0.00487,0.07694,-0.00012,-2.60761,-0.04863,-0.00125,-0.01076,0.00218,-0.05945,0.00093,-0.04473,0.78400,0,-0.01641,0.00495
0.7057,-0.40446,-0.01923,-0.00943,0.00487,0.07717,-0.00020,-2.60761,-0.04876,-0.00125,-0.01064,0.00218,-0.05940,0.00093,-0.04487,0.78398,0,-0.01641,0.00495
0.7077,-0.40446,-0.01923,-0.00928,0.00487,0.07728,-0.00028,-2.60761,-0.04890,-0.00125,-0.01051,0.00218,-0.05942,0.00092,-0.04500,0.78400,0,-0.01641,0.00495
0.7097,-0.40446,-0.01923,-0.00913,0.00486,0.07744,-0.00036,-2.60761,-0.04904,-0.00126,-0.01039,0.00217,-0.05943,0.00092,-0.04513,0.78398,0,-0.01641,0.00495
0.7117,-0.40446,-0.01923,-0.00897,0.00486,0.07761,-0.00043,-2.60761,-0.04918,-0.00126,-0.01026,0.00217,-0.05944,0.00091,-0.04526,0.78401,0,-0.01641,0.00495
0.7137,-0.40446,-0.01923,-0.00882,0.00486,0.07776,-0.00051,-2.60761,-0.04932,-0.00126,-0.01014,0.00217,-0.05946,0.00091,-0.04536,0.78398,0,-0.01641,0.00495
0.7157,-0.40446,-0.01923,-0.00866,0.00486,0.07792,-0.00059,-2.60761,-0.04946,-0.00127,-0.01001,0.00217,-0.05947,0.00090,-0.04548,0.78401,0,-0.01641,0.00495
0.7177,-0.40446,-0.01923,-0.00850,0.00486,0.07807,-0.00067,-2.60761,-0.04960,-0.00127,-0.00989,0.00217,-0.05948,0.00090,-0.04562,0.78396,0,-0.01641,0.00495
0.7197,-0.40446,-0.01923,-0.00835,0.00486,0.07822,-0.00074,-2.60761,-0.04974,-0.00127,-0.00976,0.00216,-0.05949,0.00089,-0.04571,0.78400,0,-0.01641,0.00495
0.7217,-0.40446,-0.01923,-0.00819,0.00486,0.07837,-0.00082,-2.60761,-0.04988,-0.00128,-0.00963,0.00216,-0.05951,0.00089,-0.04585,0.78399,0,-0.01641,0.00495
0.7238,-0.40446,-0.01923,-0.00803,0.00486,0.07851,-0.00090,-2.60761,-0.05001,-0.00128,-0.00950,0.00216,-0.05952,0.00088,-0.04592,0.78400,0,-0.01641,0.00495
0.7258,-0.40446,-0.01923,-0.00788,0.00485,0.07866,-0.00097,-2.60761,-0.05015,-0.00128,-0.00938,0.00216,-0.05953,0.00087,-0.04592,0.78400,0,-0.01641,0.00495
0.7278,-0.40446,-0.01923,-0.00772,0.00485,0.07879,-0.00105,-2.60761,-0.05029,-0.00129,-0.00925,0.00215,-0.05954,0.00087,-0.04620,0.78400,0,-0.01641,0.00495
0.7298,-0.40446,-0.01923,-0.00756,0.00485,0.07893,-0.00112,-2.60761,-0.05043,-0.00129,-0.00912,0.00215,-0.05955,0.00086,-0.04631,0.78401,0,-0.01641,0.00495
0.7318,-0.40446,-0.01923,-0.00740,0.00485,0.07906,-0.00120,-2.60761,-0.05057,-0.00129,-0.00899,0.00215,-0.05956,0.00085,-0.04642,0.78400,0,-0.01641,0.00495
0.7338,-0.40911,-0.02021,-0.00833,0.00532,0.07518,0.00036,-2.59815,-0.05071,-0.00130,-0.01135,0.00233,-0.05970,0.00097,-0.04665,0.78398,0,-0.01241,0.00578
0.7358,-0.40911,-0.02021,-0.00818,0.00532,0.07544,0.00017,-2.59815,-0.05085,-0.00130,-0.01123,0.00233,-0.05997,0.00103,-0.04665,0.78398,0,-0.01241,0.00578
0.7378,-0.40911,-0.02021,-0.00803,0.00532,0.07580,0.00003,-2.59815,-0.05099,-0.00131,-0.01111,0.00233,-0.06036,0.00102,-0.04676,0.78399,0,-0.01241,0.00578
0.7398,-0.40911,-0.02021,-0.00788,0.00532,0.07627,-0.00005,-2.59815,-0.05112,-0.00131,-0.01098,0.00233,-0.06088,0.00102,-0.04692,0.78400,0,-0.01241,0.00578
0.7418,-0.40911,-0.02021,-0.00772,0.00532,0.07684,-0.00014,-2.59815,-0.05126,-0.00131,-0.01086,0.00233,-0.06154,0.00101,-0.04703,0.78404,0,-0.01241,0.00578
0.7438,-0.40911,-0.02021,-0.00757,0.00532,0.07752,-0.00022,-2.59815,-0.05140,-0.00132,-0.01074,0.00233,-0.06214,0.00101,-0.04720,0.78397,0,-0.01241,0.00578
0.7458,-0.40911,-0.02021,-0.00741,0.00532,0.07816,-0.00031,-2.59815,-0.05154,-0.00132,-0.01061,0.00232,-0.06261,0.00100,-0.04729,0.78400,0,-0.01241,0.00578
0.7478,-0.40911,-0.02021,-0.00726,0.00532,0.07869,-0.00039,-2.59815,-0.05168,-0.00132,-0.01049,0.00232,-0.06296,0.00100,-0.04742,0.78401,0,-0.01241,0.00578
0.7498,-0.40911,-0.02021,-0.00710,0.00532,0.07910,-0.00048,-2.59815,-0.05181,-0.00133,-0.01036,0.00232,-0.06317,0.00099,-0.04754,0.78404,0,-0.01241,0.00578
0.7518,-0.40911,-0.02021,-0.00694,0.00532,0.07940,-0.00056,-2.59815,-0.05195,-0.00133,-0.01023,0.00232,-0.06326,0.00099,-0.04768,0.78402,0,-0.01241,0.00578
0.7538,-0.40911,-0.02021,-0.00678,0.00532,0.07959,-0.00065,-2.59815,-0.05209,-0.00133,-0.01010,0.00232,-0.06323,0.00098,-0.04782,0.78403,0,-0.01241,0.00578
0.7558,-0.40911,-0.02021,-0.00662,0.00532,0.07967,-0.00073,-2.59815,-0.05223,-0.00134,-0.00998,0.00232,-0.06306,0.00098,-0.04791,0.78398,0,-0.01241,0.00578
0.7578,-0.40911,-0.02021,-0.00646,0.00531,0.07964,-0.00081,-2.59815,-0.05237,-0.00134,-0.00985,0.00231,-0.06277,0.00097,-0.04804,0.78402,0,-0.01241,0.00578
0.7598,-0.40911,-0.02021,-0.00630,0.00531,0.07949,-0.00090,-2.59815,-0.05251,-0.00134,-0.00972,0.00231,-0.06234,0.00097,-0.04823,0.78400,0,-0.01241,0.00578
0.7618,-0.40911,-0.02021,-0.00614,0.00531,0.07923,-0.00098,-2.59815,-0.05265,-0.00135,-0.00959,0.00231,-0.06205,0.00096,-0.04836,0.78400,0,-0.01241,0.00578
0.7638,-0.40911,-0.02021,-0.00599,0.00531,0.07908,-0.00107,-2.59815,-0.05278,-0.00135,-0.00947,0.00230,-0.06188,0.00095,-0.04847,0.78398,0,-0.01241,0.00578
0.7658,-0.40911,-0.02021,-0.00583,0.00531,0.07903,-0.00115,-2.59815,-0.05292,-0.00136,-0.00934,0.00230,-0.06185,0.00095,-0.04854,0.78397,0,-0.01241,0.00578
0.7678,-0.40911,-0.02021,-0.00567,0.00530,0.07910,-0.00123,-2.59815,-0.05306,-0.00136,-0.00921,0.00230,-0.06194,0.00094,-0.04867,0.78398,0,-0.01241,0.00578
0.7698,-0.40911,-0.02021,-0.00551,0.00530,0.07926,-0.00132,-2.59815,-0.05320,-0.00136,-0.00909,0.00230,-0.06215,0.00093,-0.04878,0.78400,0,-0.01241,0.00578
0.7718,-0.40911,-0.02021,-0.00535,0.00530,0.07954,-0.00140,-2.59815,-0.05334,-0.00137,-0.00896,0.00229,-0.06230,0.00093,-0.04890,0.78404,0,-0.01241,0.00578
0.7738,-0.40911,-0.02021,-0.00519,0.00530,0.07975,-0.00148,-2.59815,-0.05348,-0.00137,-0.00883,0.00229,-0.06231,0.00092,-0.04903,0.78398,0,-0.01241,0.00578
0.7758,-0.40911,-0.02021,-0.00503,0.00529,0.07984,-0.00156,-2.59815,-0.05361,-0.00137,-0.00870,0.00228,-0.06232,0.00091,-0.04916,0.78398,0,-0.01241,0.00578
0.7778,-0.40911,-0.02021,-0.00487,0.00529,0.07993,-0.00165,-2.59815,-0.05375,-0.00138,-0.00858,0.00228,-0.06233,0.00090,-0.04924,0.78404,0,-0.01241,0.00578
0.7798,-0.40911,-0.02021,-0.00471,0.00529,0.08002,-0.00173,-2.59815,-0.05389,-0.00138,-0.00845,0.00228,-0.06234,0.00090,-0.04940,0.78401,0,-0.01241,0.00578
0.7818,-0.40911,-0.02021,-0.00455,0.00528,0.08010,-0.00181,-2.59815,-0.05403,-0.00138,-0.00832,0.00227,-0.06235,0.00089,-0.04950,0.78398,0,-0.01241,0.00578
0.7838,-0.40911,-0.02021,-0.00439,0.00528,0.08018,-0.00189,-2.59815,-0.05417,-0.00139,-0.00819,0.00227,-0.06236,0.00088,-0.04967,0.78400,0,-0.01241,0.00578
0.7858,-0.40911,-0.02021,-0.00423,0.00528,0.08026,-0.00197,-2.59815,-0.05430,-0.00139,-0.00807,0.00226,-0.06237,0.00087,-0.04977,0.78398,0,-0.01241,0.00578
0.7878,-0.40911,-0.02021,-0.00407,0.00527,0.08034,-0.00206,-2.59815,-0.05444,-0.00139,-0.00794,0.00226,-0.06238,0.00086,-0.04986,0.78400,0,-0.01241,0.00578
0.7898,-0.40911,-0.02021,-0.00391,0.00527,0.08041,-0.00214,-2.59815,-0.05458,-0.00140,-0.00781,0.00225,-0.06239,0.00085,-0.05002,0.78401,0,-0.01241,0.00578
0.7918,-0.40911,-0.02021,-0.00375,0.00526,0.08048,-0.00222,-2.59815,-0.05472,-0.00140,-0.00768,0.00225,-0.06240,0.00085,-0.05011,0.78400,0,-0.01241,0.00578
0.7938,-0.40911,-0.02021,-0.00359,0.00526,0.08055,-0.00230,-2.59815,-0.05486,-0.00140,-0.00755,0.00224,-0.06241,0.00084,-0.05027,0.78402,0,-0.01241,0.00578
0.7958,-0.40911,-0.02021,-0.00343,0.00525,0.08062,-0.00238,-2.59815,-0.05500,-0.00141,-0.00742,0.00224,-0.06242,0.00083,-0.05037,0.78398,0,-0.01241,0.00578
0.7978,-0.40911,-0.02021,-0.00327,0.00525,0.08068,-0.00246,-2.59815,-0.05513,-0.00141,-0.00730,0.00223,-0.06243,0.00082,-0.05053,0.78403,0,-0.01241,0.00578
0.7998,-0.40911,-0.02021,-0.00311,0.00524,0.08074,-0.00254,-2.59815,-0.05527,-0.00142,-0.00717,0.00222,-0.06244,0.00081,-0.05062,0.78399,0,-0.01241,0.00578
0.8018,-0.40911,-0.02021,-0.00294,0.00524,0.08080,-0.00262,-2.59815,-0.05541,-0.00142,-0.00704,0.00222,-0.06245,0.00080,-0.05074,0.78402,0,-0.01241,0.00578
0.8039,-0.41387,-0.02025,-0.00395,0.00550,0.07658,-0.00181,-2.58636,-0.05555,-0.00142,-0.00951,0.00246,-0.06259,0.00092,-0.05091,0.78400,0,-0.00832,0.00581
0.8059,-0.41387,-0.02025,-0.00380,0.00549,0.07676,-0.00201,-2.58636,-0.05569,-0.00143,-0.00939,0.00246,-0.06285,0.00103,-0.05105,0.78400,0,-0.00832,0.00581
0.8079,-0.41387,-0.02025,-0.00364,0.00549,0.07705,-0.00220,-2.58636,-0.05583,-0.00143,-0.00927,0.00245,-0.06325,0.00102,-0.05115,0.78401,0,-0.00832,0.00581
0.8099,-0.41387,-0.02025,-0.00349,0.00548,0.07744,-0.00228,-2.58636,-0.05597,-0.00143,-0.00915,0.00245,-0.06377,0.00101,-0.05130,0.78404,0,-0.00832,0.00581
0.8119,-0.41387,-0.02025,-0.00333,0.00548,0.07794,-0.00236,-2.58636,-0.05611,-0.00144,-0.00902,0.00244,-0.06442,0.00101,-0.05142,0.78400,0,-0.00832,0.00581
0.8139,-0.41387,-0.02025,-0.00318,0.00547,0.07855,-0.00245,-2.58636,-0.05624,-0.00144,-0.00890,0.00244,-0.06515,0.00100,-0.05156,0.78400,0,-0.00832,0.00581
0.8159,-0.41387,-0.02025,-0.00302,0.00547,0.07922,-0.00253,-2.58636,-0.05638,-0.00144,-0.00878,0.00243,-0.06574,0.00099,-0.05164,0.78404,0,-0.00832,0.00581
0.8179,-0.41387,-0.02025,-0.00286,0.00546,0.07978,-0.00262,-2.58636,-0.05652,-0.00145,-0.00865,0.00242,-0.06621,0.00098,-0.05180,0.78402,0,-0.00832,0.00581
0.8199,-0.41387,-0.02025,-0.00270,0.00546,0.08023,-0.00270,-2.58636,-0.05666,-0.00145,-0.00853,0.00242,-0.06656,0.00097,-0.05201,0.78399,0,-0.00832,0.00581
0.8220,-0.41387,-0.02025,-0.00254,0.00545,0.08056,-0.00278,-2.58636,-0.05680,-0.00145,-0.00840,0.00241,-0.06677,0.00096,-0.05213,0.78401,0,-0.00832,0.00581
0.8240,-0.41387,-0.02025,-0.00238,0.00545,0.08078,-0.00286,-2.58636,-0.05694,-0.00146,-0.00827,0.00241,-0.06686,0.00095,-0.05223,0.78405,0,-0.00832,0.00581
0.8260,-0.41387,-0.02025,-0.00222,0.00544,0.08089,-0.00295,-2.58636,-0.05708,-0.00146,-0.00814,0.00240,-0.06681,0.00094,-0.05240,0.78403,0,-0.00832,0.00581
0.8280,-0.41387,-0.02025,-0.00205,0.00544,0.08089,-0.00303,-2.58636,-0.05722,-0.00147,-0.00802,0.00239,-0.06664,0.00093,-0.05247,0.78405,0,-0.00832,0.00581
0.8300,-0.41387,-0.02025,-0.00189,0.00543,0.08078,-0.00311,-2.58636,-0.05736,-0.00147,-0.00789,0.00238,-0.06635,0.00092,-0.05269,0.78403,0,-0.00832,0.00581
0.8320,-0.41387,-0.02025,-0.00173,0.00542,0.08055,-0.00319,-2.58636,-0.05749,-0.00147,-0.00776,0.00238,-0.06592,0.00091,-0.05277,0.78406,0,-0.00832,0.00581
0.8340,-0.41387,-0.02025,-0.00157,0.00542,0.08021,-0.00328,-2.58636,-0.05763,-0.00148,-0.00764,0.00237,-0.06537,0.00089,-0.05287,0.78407,0,-0.00832,0.00581
0.8360,-0.41387,-0.02025,-0.00141,0.00541,0.07976,-0.00336,-2.58636,-0.05777,-0.00148,-0.00751,0.00236,-0.06494,0.00088,-0.05305,0.78403,0,-0.00832,0.00581
0.8380,-0.41387,-0.02025,-0.00125,0.00540,0.07942,-0.00344,-2.58636,-0.05791,-0.00148,-0.00739,0.00236,-0.06464,0.00087,-0.05314,0.78406,0,-0.00832,0.00581
0.8400,-0.41387,-0.02025,-0.00109,0.00540,0.07918,-0.00352,-2.58636,-0.05805,-0.00149,-0.00726,0.00235,-0.06447,0.00086,-0.05328,0.78404,0,-0.00832,0.00581
0.8420,-0.41387,-0.02025,-0.00093,0.00539,0.07905,-0.00360,-2.58636,-0.05818,-0.00149,-0.00714,0.00234,-0.06443,0.00085,-0.05339,0.78407,0,-0.00832,0.00581
0.8440,-0.41387,-0.02025,-0.00078,0.00538,0.07903,-0.00368,-2.58636,-0.05832,-0.00149,-0.00702,0.00233,-0.06452,0.00084,-0.05350,0.78406,0,-0.00832,0.00581
0.8460,-0.41387,-0.02025,-0.00062,0.00537,0.07911,-0.00376,-2.58636,-0.05846,-0.00150,-0.00689,0.00232,-0.06473,0.00083,-0.05366,0.78407,0,-0.00832,0.00581
0.8480,-0.41387,-0.02025,-0.00046,0.00537,0.07930,-0.00384,-2.58636,-0.05860,-0.00150,-0.00677,0.00231,-0.06507,0.00081,-0.05375,0.78408,0,-0.00832,0.00581
0.8500,-0.41387,-0.02025,-0.00030,0.00536,0.07960,-0.00392,-2.58636,-0.05874,-0.00150,-0.00664,0.00231,-0.06538,0.00080,-0.05390,0.78407,0,-0.00832,0.00581
0.8520,-0.41387,-0.02025,-0.00014,0.00535,0.07986,-0.00400,-2.58636,-0.05888,-0.00151,-0.00652,0.00230,-0.06556,0.00079,-0.05405,0.78408,0,-0.00832,0.00581
0.8540,-0.41387,-0.02025,0.00002,0.00534,0.08001,-0.00408,-2.58636,-0.05901,-0.00151,-0.00640,0.00229,-0.06561,0.00078,-0.05419,0.78409,0,-0.00832,0.00581
0.8560,-0.41387,-0.02025,0.00018,0.00533,0.08005,-0.00416,-2.58636,-0.05915,-0.00151,-0.00627,0.00228,-0.06554,0.00076,-0.05432,0.78409,0,-0.00832,0.00581
0.8580,-0.41387,-0.02025,0.00034,0.00533,0.07998,-0.00423,-2.58636,-0.05929,-0.00152,-0.00615,0.00227,-0.06544,0.00075,-0.05443,0.78411,0,-0.00832,0.00581
0.8600,-0.41387,-0.02025,0.00050,0.00532,0.07989,-0.00431,-2.58636,-0.05943,-0.00152,-0.00602,0.00226,-0.06545,0.00074,-0.05458,0.78408,0,-0.00832,0.00581
0.8620,-0.41387,-0.02025,0.00066,0.00531,0.07989,-0.00439,-2.58636,-0.05957,-0.00153,-0.00590,0.00225,-0.06547,0.00072,-0.05470,0.78406,0,-0.00832,0.00581
0.8640,-0.41387,-0.02025,0.00082,0.00530,0.07989,-0.00447,-2.58636,-0.05971,-0.00153,-0.00577,0.00224,-0.06548,0.00071,-0.05487,0.78406,0,-0.00832,0.00581
0.8660,-0.41785,-0.02029,-0.00043,0.00551,0.07510,-0.00379,-2.57560,-0.05985,-0.00153,-0.00825,0.00244,-0.06562,0.00083,-0.05510,0.78411,0,-0.00494,0.00587
0.8680,-0.41785,-0.02029,-0.00028,0.00550,0.07523,-0.00398,-2.57560,-0.05998,-0.00154,-0.00814,0.00243,-0.06589,0.00089,-0.05510,0.78411,0,-0.00494,0.00587
0.8700,-0.41785,-0.02029,-0.00013,0.00550,0.07546,-0.00413,-2.57560,-0.06012,-0.00154,-0.00802,0.00242,-0.06629,0.00088,-0.05518,0.78411,0,-0.00494,0.00587
0.8720,-0.41785,-0.02029,0.00003,0.00549,0.07580,-0.00421,-2.57560,-0.06026,-0.00154,-0.00791,0.00241,-0.06682,0.00087,-0.05536,0.78412,0,-0.00494,0.00587
0.8741,-0.41785,-0.02029,0.00018,0.00548,0.07625,-0.00429,-2.57560,-0.06040,-0.00155,-0.00779,0.00240,-0.06747,0.00086,-0.05547,0.78410,0,-0.00494,0.00587
0.8761,-0.41785,-0.02029,0.00033,0.00547,0.07680,-0.00437,-2.57560,-0.06054,-0.00155,-0.00767,0.00239,-0.06821,0.00084,-0.05564,0.78412,0,-0.00494,0.00587
0.8781,-0.41785,-0.02029,0.00048,0.00546,0.07742,-0.00445,-2.57560,-0.06068,-0.00155,-0.00756,0.00238,-0.06883,0.00083,-0.05578,0.78413,0,-0.00494,0.00587
0.8801,-0.41785,-0.02029,0.00064,0.00545,0.07794,-0.00453,-2.57560,-0.06082,-0.00156,-0.00744,0.00237,-0.06931,0.00082,-0.05598,0.78413,0,-0.00494,0.00587
0.8821,-0.41785,-0.02029,0.00080,0.00544,0.07833,-0.00461,-2.57560,-0.06096,-0.00156,-0.00732,0.00236,-0.06967,0.00080,-0.05612,0.78411,0,-0.00494,0.00587
0.8841,-0.41785,-0.02029,0.00095,0.00543,0.07862,-0.00469,-2.57560,-0.06110,-0.00156,-0.00720,0.00235,-0.06989,0.00079,-0.05626,0.78416,0,-0.00494,0.00587
0.8861,-0.41785,-0.02029,0.00111,0.00543,0.07880,-0.00477,-2.57560,-0.06124,-0.00157,-0.00708,0.00234,-0.06999,0.00078,-0.05639,0.78413,0,-0.00494,0.00587
0.8881,-0.41785,-0.02029,0.00127,0.00542,0.07886,-0.00485,-2.57560,-0.06137,-0.00157,-0.00696,0.00233,-0.06997,0.00076,-0.05651,0.78411,0,-0.00494,0.00587
0.8901,-0.41785,-0.02029,0.00143,0.00541,0.07881,-0.00493,-2.57560,-0.06151,-0.00158,-0.00683,0.00232,-0.06981,0.00075,-0.05668,0.78414,0,-0.00494,0.00587
0.8921,-0.41785,-0.02029,0.00158,0.00540,0.07865,-0.00501,-2.57560,-0.06165,-0.00158,-0.00671,0.00231,-0.06953,0.00073,-0.05681,0.78412,0,-0.00494,0.00587
0.8941,-0.41785,-0.02029,0.00174,0.00539,0.07838,-0.00508,-2.57560,-0.06179,-0.00158,-0.00659,0.00230,-0.06912,0.00072,-0.05695,0.78412,0,-0.00494,0.00587
0.8961,-0.41785,-0.02029,0.00190,0.00538,0.07800,-0.00516,-2.57560,-0.06193,-0.00159,-0.00647,0.00229,-0.06858,0.00070,-0.05706,0.78413,0,-0.00494,0.00587
0.8981,-0.41785,-0.02029,0.00205,0.00537,0.07750,-0.00524,-2.57560,-0.06206,-0.00159,-0.00636,0.00228,-0.06816,0.00069,-0.05716,0.78414,0,-0.00494,0.00587
0.9001,-0.41785,-0.02029,0.00221,0.00535,0.07711,-0.00532,-2.57560,-0.06220,-0.00159,-0.00624,0.00227,-0.06788,0.00067,-0.05733,0.78414,0,-0.00494,0.00587
0.9021,-0.41785,-0.02029,0.00236,0.00534,0.07683,-0.00539,-2.57560,-0.06234,-0.00160,-0.00612,0.00225,-0.06773,0.00066,-0.05747,0.78413,0,-0.00494,0.00587
0.9041,-0.41785,-0.02029,0.00251,0.00533,0.07665,-0.00547,-2.57560,-0.06248,-0.00160,-0.00601,0.00224,-0.06770,0.00064,-0.05755,0.78414,0,-0.00494,0.00587
0.9061,-0.41785,-0.02029,0.00267,0.00532,0.07658,-0.00555,-2.57560,-0.06262,-0.00160,-0.00589,0.00223,-0.06780,0.00063,-0.05769,0.78417,0,-0.00494,0.00587
0.9081,-0.41785,-0.02029,0.00282,0.00531,0.07662,-0.00562,-2.57560,-0.06276,-0.00161,-0.00577,0.00222,-0.06803,0.00061,-0.05784,0.78415,0,-0.00494,0.00587
0.9101,-0.41785,-0.02029,0.00297,0.00530,0.07676,-0.00570,-2.57560,-0.06289,-0.00161,-0.00566,0.00221,-0.06838,0.00060,-0.05791,0.78416,0,-0.00494,0.00587
0.9121,-0.41785,-0.02029,0.00313,0.00529,0.07702,-0.00577,-2.57560,-0.06303,-0.00161,-0.00554,0.00219,-0.06861,0.00058,-0.05812,0.78414,0,-0.00494,0.00587
0.9141,-0.41785,-0.02029,0.00328,0.00528,0.07715,-0.00585,-2.57560,-0.06317,-0.00162,-0.00543,0.00218,-0.06871,0.00056,-0.05825,0.78412,0,-0.00494,0.00587
0.9161,-0.41785,-0.02029,0.00344,0.00526,0.07718,-0.00592,-2.57560,-0.06331,-0.00162,-0.00531,0.00217,-0.06868,0.00055,-0.05839,0.78416,0,-0.00494,0.00587
0.9181,-0.41785,-0.02029,0.00359,0.00525,0.07710,-0.00600,-2.57560,-0.06345,-0.00162,-0.00519,0.00216,-0.06864,0.00053,-0.05853,0.78414,0,-0.00494,0.00587
0.9201,-0.41785,-0.02029,0.00375,0.00524,0.07700,-0.00607,-2.57560,-0.06359,-0.00163,-0.00508,0.00214,-0.06866,0.00051,-0.05868,0.78417,0,-0.00494,0.00587
0.9221,-0.41785,-0.02029,0.00390,0.00523,0.07695,-0.00614,-2.57560,-0.06372,-0.00163,-0.00496,0.00213,-0.06869,0.00050,-0.05881,0.78417,0,-0.00494,0.00587
0.9241,-0.41785,-0.02029,0.00405,0.00522,0.07690,-0.00622,-2.57560,-0.06386,-0.00164,-0.00485,0.00212,-0.06871,0.00048,-0.05892,0.78417,0,-0.00494,0.00587
0.9261,-0.41785,-0.02029,0.00421,0.00520,0.07685,-0.00629,-2.57560,-0.06400,-0.00164,-0.00473,0.00210,-0.06873,0.00046,-0.05910,0.78414,0,-0.00494,0.00587
0.9281,-0.41785,-0.02029,0.00436,0.00519,0.07680,-0.00636,-2.57560,-0.06414,-0.00164,-0.00461,0.00209,-0.06875,0.00045,-0.05921,0.78418,0,-0.00494,0.00587
0.9301,-0.41785,-0.02029,0.00451,0.00518,0.07674,-0.00643,-2.57560,-0.06428,-0.00165,-0.00450,0.00207,-0.06878,0.00043,-0.05936,0.78413,0,-0.00494,0.00587
0.9321,-0.42404,-0.02020,0.00404,0.00535,0.07437,-0.00586,-2.56708,-0.06442,-0.00165,-0.00687,0.00228,-0.06893,0.00054,-0.05965,0.78416,0,0.00038,0.00576
0.9341,-0.42404,-0.02020,0.00419,0.00534,0.07443,-0.00604,-2.56708,-0.06455,-0.00165,-0.00676,0.00226,-0.06921,0.00061,-0.05965,0.78416,0,0.00038,0.00576
0.9361,-0.42404,-0.02020,0.00434,0.00533,0.07460,-0.00619,-2.56708,-0.06469,-0.00166,-0.00665,0.00225,-0.06961,0.00059,-0.05979,0.78414,0,0.00038,0.00576
0.9381,-0.42404,-0.02020,0.00449,0.00532,0.07487,-0.00626,-2.56708,-0.06483,-0.00166,-0.00654,0.00224,-0.07015,0.00058,-0.05994,0.78417,0,0.00038,0.00576
0.9401,-0.42404,-0.02020,0.00464,0.00531,0.07525,-0.00634,-2.56708,-0.06497,-0.00166,-0.00643,0.00222,-0.07081,0.00056,-0.06009,0.78417,0,0.00038,0.00576
0.9421,-0.42404,-0.02020,0.00479,0.00529,0.07573,-0.00641,-2.56708,-0.06511,-0.00167,-0.00632,0.00221,-0.07142,0.00054,-0.06023,0.78415,0,0.00038,0.00576
0.9442,-0.42404,-0.02020,0.00494,0.00528,0.07617,-0.00649,-2.56708,-0.06525,-0.00167,-0.00620,0.00220,-0.07191,0.00053,-0.06038,0.78418,0,0.00038,0.00576
0.9462,-0.42404,-0.02020,0.00509,0.00527,0.07650,-0.00656,-2.56708,-0.06538,-0.00167,-0.00609,0.00218,-0.07226,0.00051,-0.06049,0.78419,0,0.00038,0.00576
0.9482,-0.42404,-0.02020,0.00524,0.00525,0.07672,-0.00663,-2.56708,-0.06552,-0.00168,-0.00598,0.00217,-0.07249,0.00049,-0.06059,0.78415,0,0.00038,0.00576
0.9502,-0.42404,-0.02020,0.00540,0.00524,0.07682,-0.00671,-2.56708,-0.06566,-0.00168,-0.00586,0.00215,-0.07259,0.00047,-0.06077,0.78417,0,0.00038,0.00576
0.9522,-0.42404,-0.02020,0.00555,0.00523,0.07681,-0.00678,-2.56708,-0.06580,-0.00168,-0.00575,0.00214,-0.07256,0.00045,-0.06092,0.78414,0,0.00038,0.00576
0.9542,-0.42404,-0.02020,0.00571,0.00521,0.07669,-0.00685,-2.56708,-0.06594,-0.00169,-0.00563,0.00212,-0.07240,0.00044,-0.06108,0.78419,0,0.00038,0.00576
0.9562,-0.42404,-0.02020,0.00586,0.00520,0.07646,-0.00692,-2.56708,-0.06608,-0.00169,-0.00552,0.00211,-0.07212,0.00042,-0.06123,0.78416,0,0.00038,0.00576
0.9582,-0.42404,-0.02020,0.00601,0.00519,0.07611,-0.00699,-2.56708,-0.06621,-0.00170,-0.00541,0.00209,-0.07171,0.00040,-0.06139,0.78416,0,0.00038,0.00576
0.9602,-0.42404,-0.02020,0.00616,0.00517,0.07566,-0.00706,-2.56708,-0.06635,-0.00170,-0.00529,0.00208,-0.07142,0.00038,-0.06154,0.78416,0,0.00038,0.00576
0.9622,-0.42404,-0.02020,0.00631,0.00516,0.07531,-0.00713,-2.56708,-0.06649,-0.00170,-0.00518,0.00206,-0.07127,0.00036,-0.06164,0.78418,0,0.00038,0.00576
0.9642,-0.42404,-0.02020,0.00646,0.00514,0.07506,-0.00720,-2.56708,-0.06663,-0.00171,-0.00507,0.00205,-0.07124,0.00034,-0.06176,0.78423,0,0.00038,0.00576
0.9662,-0.42404,-0.02020,0.00661,0.00513,0.07493,-0.00727,-2.56708,-0.06677,-0.00171,-0.00496,0.00203,-0.07134,0.00032,-0.06193,0.78417,0,0.00038,0.00576
0.9682,-0.42404,-0.02020,0.00676,0.00511,0.07490,-0.00734,-2.56708,-0.06690,-0.00171,-0.00485,0.00202,-0.07157,0.00030,-0.06199,0.78418,0,0.00038,0.00576
0.9702,-0.42404,-0.02020,0.00691,0.00510,0.07498,-0.00741,-2.56708,-0.06704,-0.00172,-0.00474,0.00200,-0.07179,0.00029,-0.06215,0.78416,0,0.00038,0.00576
0.9722,-0.42404,-0.02020,0.00706,0.00508,0.07504,-0.00748,-2.56708,-0.06718,-0.00172,-0.00463,0.00199,-0.07188,0.00027,-0.06231,0.78419,0,0.00038,0.00576
0.9742,-0.42404,-0.02020,0.00721,0.00507,0.07500,-0.00755,-2.56708,-0.06732,-0.00172,-0.00452,0.00197,-0.07184,0.00025,-0.06250,0.78419,0,0.00038,0.00576
0.9762,-0.42404,-0.02020,0.00736,0.00505,0.07485,-0.00762,-2.56708,-0.06746,-0.00173,-0.00441,0.00195,-0.07187,0.00023,-0.06260,0.78420,0,0.00038,0.00576
0.9782,-0.42404,-0.02020,0.00751,0.00504,0.07475,-0.00769,-2.56708,-0.06760,-0.00173,-0.00430,0.00194,-0.07190,0.00021,-0.06273,0.78420,0,0.00038,0.00576
0.9802,-0.42404,-0.02020,0.00766,0.00502,0.07464,-0.00775,-2.56708,-0.06774,-0.00173,-0.00420,0.00192,-0.07193,0.00019,-0.06289,0.78420,0,0.00038,0.00576
0.9822,-0.42404,-0.02020,0.00781,0.00501,0.07454,-0.00782,-2.56708,-0.06787,-0.00174,-0.00409,0.00190,-0.07196,0.00017,-0.06301,0.78418,0,0.00038,0.00576
0.9842,-0.42404,-0.02020,0.00796,0.00499,0.07443,-0.00789,-2.56708,-0.06801,-0.00174,-0.00398,0.00189,-0.07199,0.00015,-0.06318,0.78418,0,0.00038,0.00576
0.9862,-0.42404,-0.02020,0.00811,0.00498,0.07432,-0.00795,-2.56708,-0.06815,-0.00175,-0.00387,0.00187,-0.07202,0.00013,-0.06330,0.78418,0,0.00038,0.00576
0.9882,-0.42404,-0.02020,0.00826,0.00496,0.07420,-0.00802,-2.56708,-0.06829,-0.00175,-0.00376,0.00185,-0.07205,0.00011,-0.06345,0.78418,0,0.00038,0.00576
0.9902,-0.42404,-0.02020,0.00841,0.00494,0.07409,-0.00808,-2.56708,-0.06843,-0.00175,-0.00366,0.00184,-0.07208,0.00008,-0.06359,0.78419,0,0.00038,0.00576
0.9922,-0.42404,-0.02020,0.00855,0.00493,0.07397,-0.00815,-2.56708,-0.06856,-0.00176,-0.00355,0.00182,-0.07211,0.00006,-0.06372,0.78418,0,0.00038,0.00576
0.9942,-0.42404,-0.02020,0.00870,0.00491,0.07385,-0.00821,-2.56708,-0.06870,-0.00176,-0.00344,0.00180,-0.07215,0.00004,-0.06389,0.78421,0,0.00038,0.00576
0.9962,-0.42404,-0.02020,0.00885,0.00490,0.07373,-0.00828,-2.56708,-0.06884,-0.00176,-0.00334,0.00178,-0.07218,0.00002,-0.06399,0.78419,0,0.00038,0.00576
0.9982,-0.42404,-0.02020,0.00900,0.00488,0.07360,-0.00834,-2.56708,-0.06898,-0.00177,-0.00323,0.00177,-0.07221,0.00000,-0.06417,0.78418,0,0.00038,0.00576
1.0002,-0.42404,-0.02020,0.00914,0.00486,0.07348,-0.00840,-2.56708,-0.06912,-0.00177,-0.00312,0.00175,-0.07224,-0.00002,-0.06433,0.78415,0,0.00038,0.00576
1.0025,-0.40573,-0.02031,0.00794,0.00486,0.06849,-0.00843,-2.55478,-0.06928,-0.00177,0.00111,0.00171,-0.07215,-0.00006,-0.06462,0.78418,0,0.00378,0.00518
1.0045,-0.40573,-0.02031,0.00807,0.00484,0.06827,-0.00847,-2.55478,-0.06941,-0.00178,0.00121,0.00169,-0.07193,-0.00009,-0.06462,0.78418,0,0.00378,0.00518
1.0065,-0.40573,-0.02031,0.00821,0.00482,0.06795,-0.00853,-2.55478,-0.06955,-0.00178,0.00130,0.00167,-0.07158,-0.00011,-0.06479,0.78417,0,0.00378,0.00518
1.0085,-0.40573,-0.02031,0.00835,0.00481,0.06751,-0.00859,-2.55478,-0.06969,-0.00178,0.00140,0.00166,-0.07110,-0.00013,-0.06489,0.78418,0,0.00378,0.00518
1.0105,-0.40573,-0.02031,0.00848,0.00479,0.06696,-0.00866,-2.55478,-0.06983,-0.00179,0.00149,0.00164,-0.07050,-0.00015,-0.06504,0.78416,0,0.00378,0.00518
1.0125,-0.40573,-0.02031,0.00861,0.00477,0.06629,-0.00872,-2.55478,-0.06997,-0.00179,0.00158,0.00162,-0.06976,-0.00017,-0.06522,0.78418,0,0.00378,0.00518
1.0145,-0.40573,-0.02031,0.00875,0.00475,0.06552,-0.00878,-2.55478,-0.07011,-0.00180,0.00167,0.00160,-0.06890,-0.00019,-0.06535,0.78416,0,0.00378,0.00518
1.0165,-0.40573,-0.02031,0.00888,0.00474,0.06463,-0.00884,-2.55478,-0.07025,-0.00180,0.00176,0.00158,-0.06817,-0.00022,-0.06551,0.78416,0,0.00378,0.00518
1.0185,-0.40573,-0.02031,0.00900,0.00472,0.06386,-0.00890,-2.55478,-0.07038,-0.00180,0.00184,0.00156,-0.06756,-0.00024,-0.06563,0.78421,0,0.00378,0.00518
1.0205,-0.40573,-0.02031,0.00913,0.00470,0.06318,-0.00896,-2.55478,-0.07052,-0.00181,0.00193,0.00154,-0.06708,-0.00026,-0.06575,0.78420,0,0.00378,0.00518
1.0225,-0.40573,-0.02031,0.00926,0.00468,0.06262,-0.00902,-2.55478,-0.07066,-0.00181,0.00201,0.00152,-0.06674,-0.00028,-0.06588,0.78415,0,0.00378,0.00518
1.0246,-0.40573,-0.02031,0.00938,0.00466,0.06216,-0.00908,-2.55478,-0.07080,-0.00181,0.00209,0.00151,-0.06651,-0.00031,-0.06613,0.78418,0,0.00378,0.00518
1.0266,-0.40573,-0.02031,0.00951,0.00465,0.06181,-0.00913,-2.55478,-0.07094,-0.00182,0.00218,0.00149,-0.06642,-0.00033,-0.06613,0.78418,0,0.00378,0.00518
1.0286,-0.40573,-0.02031,0.00963,0.00463,0.06157,-0.00919,-2.55478,-0.07108,-0.00182,0.00226,0.00147,-0.06645,-0.00035,-0.06622,0.78418,0,0.00378,0.00518
1.0306,-0.40573,-0.02031,0.00975,0.00461,0.06144,-0.00925,-2.55478,-0.07122,-0.00182,0.00234,0.00145,-0.06662,-0.00038,-0.06636,0.78414,0,0.00378,0.00518
1.0326,-0.40573,-0.02031,0.00987,0.00459,0.06141,-0.00931,-2.55478,-0.07136,-0.00183,0.00242,0.00143,-0.06691,-0.00040,-0.06649,0.78414,0,0.00378,0.00518
1.0346,-0.40573,-0.02031,0.01000,0.00457,0.06149,-0.00936,-2.55478,-0.07150,-0.00183,0.00250,0.00141,-0.06733,-0.00042,-0.06664,0.78414,0,0.00378,0.00518
1.0366,-0.40573,-0.02031,0.01012,0.00455,0.06168,-0.00942,-2.55478,-0.07163,-0.00183,0.00258,0.00139,-0.06787,-0.00045,-0.06679,0.78416,0,0.00378,0.00518
1.0386,-0.40573,-0.02031,0.01024,0.00454,0.06197,-0.00948,-2.55478,-0.07177,-0.00184,0.00266,0.00137,-0.06855,-0.00047,-0.06689,0.78416,0,0.00378,0.00518
1.0406,-0.40573,-0.02031,0.01037,0.00452,0.06237,-0.00953,-2.55478,-0.07191,-0.00184,0.00274,0.00135,-0.06917,-0.00049,-0.06702,0.78419,0,0.00378,0.00518
1.0426,-0.40573,-0.02031,0.01049,0.00450,0.06273,-0.00959,-2.55478,-0.07205,-0.00184,0.00282,0.00133,-0.06967,-0.00052,-0.06719,0.78411,0,0.00378,0.00518
1.0446,-0.40573,-0.02031,0.01062,0.00448,0.06298,-0.00964,-2.55478,-0.07219,-0.00185,0.00290,0.00131,-0.07004,-0.00054,-0.06732,0.78413,0,0.00378,0.00518
1.0466,-0.40573,-0.02031,0.01075,0.00446,0.06311,-0.00970,-2.55478,-0.07233,-0.00185,0.00299,0.00129,-0.07028,-0.00057,-0.06764,0.78414,0,0.00378,0.00518
1.0486,-0.40573,-0.02031,0.01087,0.00444,0.06313,-0.00975,-2.55478,-0.07247,-0.00186,0.00307,0.00127,-0.07039,-0.00059,-0.06764,0.78414,0,0.00378,0.00518
1.0506,-0.40573,-0.02031,0.01100,0.00442,0.06304,-0.00980,-2.55478,-0.07261,-0.00186,0.00315,0.00125,-0.07037,-0.00061,-0.06797,0.78409,0,0.00378,0.00518
1.0526,-0.40573,-0.02031,0.01112,0.00440,0.06284,-0.00986,-2.55478,-0.07274,-0.00186,0.00323,0.00122,-0.07023,-0.00064,-0.06797,0.78409,0,0.00378,0.00518
1.0546,-0.40573,-0.02031,0.01125,0.00438,0.06253,-0.00991,-2.55478,-0.07288,-0.00187,0.00332,0.00120,-0.06996,-0.00066,-0.06808,0.78411,0,0.00378,0.00518
1.0567,-0.40573,-0.02031,0.01137,0.00436,0.06211,-0.00996,-2.55478,-0.07302,-0.00187,0.00340,0.00118,-0.06962,-0.00069,-0.06834,0.78413,0,0.00378,0.00518
1.0587,-0.40573,-0.02031,0.01150,0.00434,0.06163,-0.01001,-2.55478,-0.07316,-0.00187,0.00348,0.00116,-0.06942,-0.00071,-0.06834,0.78413,0,0.00378,0.00518
1.0607,-0.40573,-0.02031,0.01162,0.00432,0.06126,-0.01006,-2.55478,-0.07330,-0.00188,0.00355,0.00114,-0.06934,-0.00074,-0.06851,0.78411,0,0.00378,0.00518
1.0627,-0.40573,-0.02031,0.01174,0.00430,0.06100,-0.01011,-2.55478,-0.07344,-0.00188,0.00363,0.00112,-0.06940,-0.00076,-0.06864,0.78406,0,0.00378,0.00518
1.0647,-0.40573,-0.02031,0.01186,0.00428,0.06084,-0.01016,-2.55478,-0.07358,-0.00188,0.00371,0.00110,-0.06958,-0.00079,-0.06887,0.78410,0,0.00378,0.00518
1.0667,-0.40573,-0.02031,0.01199,0.00426,0.06080,-0.01021,-2.55478,-0.07372,-0.00189,0.00379,0.00108,-0.06988,-0.00081,-0.06887,0.78410,0,0.00378,0.00518
1.0687,-0.40573,-0.02031,0.01211,0.00424,0.06085,-0.01026,-2.55478,-0.07385,-0.00189,0.00386,0.00105,-0.07006,-0.00084,-0.06920,0.78410,0,0.00378,0.00518
1.0707,-0.41545,-0.01901,0.01327,0.00386,0.06422,-0.01153,-2.56443,-0.07399,-0.00189,0.00207,0.00107,-0.07037,-0.00083,-0.06931,0.78412,0,0.01172,0.00393
1.0727,-0.41545,-0.01901,0.01340,0.00384,0.06426,-0.01160,-2.56443,-0.07413,-0.00190,0.00215,0.00104,-0.07081,-0.00086,-0.06946,0.78412,0,0.01172,0.00393
1.0747,-0.41545,-0.01901,0.01352,0.00381,0.06441,-0.01164,-2.56443,-0.07427,-0.00190,0.00223,0.00102,-0.07137,-0.00088,-0.06959,0.78411,0,0.01172,0.00393
1.0768,-0.41545,-0.01901,0.01365,0.00379,0.06466,-0.01168,-2.56443,-0.07441,-0.00191,0.00232,0.00099,-0.07206,-0.00091,-0.06968,0.78409,0,0.01172,0.00393
1.0788,-0.41545,-0.01901,0.01378,0.00377,0.06502,-0.01172,-2.56443,-0.07455,-0.00191,0.00240,0.00097,-0.07263,-0.00094,-0.06983,0.78410,0,0.01172,0.00393
1.0808,-0.41545,-0.01901,0.01391,0.00374,0.06527,-0.01176,-2.56443,-0.07469,-0.00191,0.00249,0.00094,-0.07306,-0.00097,-0.06983,0.78410,0,0.01172,0.00393
1.0828,-0.41545,-0.01901,0.01404,0.00372,0.06540,-0.01180,-2.56443,-0.07483,-0.00192,0.00257,0.00092,-0.07337,-0.00100,-0.06996,0.78409,0,0.01172,0.00393
1.0848,-0.41545,-0.01901,0.01417,0.00370,0.06543,-0.01183,-2.56443,-0.07496,-0.00192,0.00266,0.00089,-0.07355,-0.00103,-0.07030,0.78412,0,0.01172,0.00393
1.0868,-0.41545,-0.01901,0.01431,0.00367,0.06534,-0.01187,-2.56443,-0.07510,-0.00192,0.00275,0.00087,-0.07360,-0.00105,-0.07046,0.78408,0,0.01172,0.00393
1.0888,-0.41545,-0.01901,0.01444,0.00365,0.06514,-0.01191,-2.56443,-0.07524,-0.00193,0.00283,0.00084,-0.07353,-0.00108,-0.07062,0.78409,0,0.01172,0.00393
1.0908,-0.41545,-0.01901,0.01457,0.00363,0.06483,-0.01195,-2.56443,-0.07538,-0.00193,0.00292,0.00082,-0.07332,-0.00111,-0.07073,0.78406,0,0.01172,0.00393
1.0928,-0.41545,-0.01901,0.01470,0.00360,0.06441,-0.01198,-2.56443,-0.07552,-0.00193,0.00300,0.00079,-0.07299,-0.00114,-0.07090,0.78407,0,0.01172,0.00393
1.0948,-0.41545,-0.01901,0.01482,0.00358,0.06388,-0.01202,-2.56443,-0.07565,-0.00194,0.00308,0.00077,-0.07257,-0.00117,-0.07110,0.78406,0,0.01172,0.00393
1.0968,-0.41545,-0.01901,0.01495,0.00355,0.06327,-0.01205,-2.56443,-0.07579,-0.00194,0.00317,0.00074,-0.07228,-0.00120,-0.07115,0.78411,0,0.01172,0.00393
1.0988,-0.41545,-0.01901,0.01508,0.00353,0.06276,-0.01209,-2.56443,-0.07593,-0.00194,0.00325,0.00072,-0.07211,-0.00123,-0.07115,0.78411,0,0.01172,0.00393
1.1008,-0.41545,-0.01901,0.01520,0.00350,0.06236,-0.01212,-2.56443,-0.07607,-0.00195,0.00333,0.00069,-0.07207,-0.00125,-0.07135,0.78405,0,0.01172,0.00393
1.1028,-0.41545,-0.01901,0.01533,0.00348,0.06207,-0.01215,-2.56443,-0.07621,-0.00195,0.00340,0.00067,-0.07216,-0.00128,-0.07148,0.78410,0,0.01172,0.00393
1.1048,-0.41545,-0.01901,0.01545,0.00346,0.06189,-0.01219,-2.56443,-0.07635,-0.00195,0.00348,0.00064,-0.07238,-0.00131,-0.07162,0.78408,0,0.01172,0.00393
1.1068,-0.41545,-0.01901,0.01557,0.00343,0.06181,-0.01222,-2.56443,-0.07648,-0.00196,0.00356,0.00062,-0.07272,-0.00134,-0.07190,0.78405,0,0.01172,0.00393
1.1088,-0.41545,-0.01901,0.01570,0.00341,0.06184,-0.01225,-2.56443,-0.07662,-0.00196,0.00364,0.00059,-0.07298,-0.00137,-0.07201,0.78410,0,0.01172,0.00393
1.1108,-0.41545,-0.01901,0.01582,0.00338,0.06180,-0.01228,-2.56443,-0.07676,-0.00197,0.00372,0.00057,-0.07311,-0.00140,-0.07201,0.78410,0,0.01172,0.00393
1.1128,-0.41545,-0.01901,0.01594,0.00336,0.06165,-0.01231,-2.56443,-0.07690,-0.00197,0.00379,0.00054,-0.07312,-0.00143,-0.07219,0.78406,0,0.01172,0.00393
1.1148,-0.41545,-0.01901,0.01607,0.00333,0.06138,-0.01234,-2.56443,-0.07704,-0.00197,0.00387,0.00051,-0.07317,-0.00146,-0.07230,0.78407,0,0.01172,0.00393
1.1168,-0.41545,-0.01901,0.01619,0.00331,0.06115,-0.01238,-2.56443,-0.07717,-0.00198,0.00395,0.00049,-0.07323,-0.00149,-0.07245,0.78408,0,0.01172,0.00393
1.1188,-0.41545,-0.01901,0.01631,0.00328,0.06093,-0.01240,-2.56443,-0.07731,-0.00198,0.00402,0.00046,-0.07329,-0.00152,-0.07273,0.78406,0,0.01172,0.00393
1.1208,-0.41545,-0.01901,0.01643,0.00326,0.06070,-0.01243,-2.56443,-0.07745,-0.00198,0.00410,0.00044,-0.07335,-0.00155,-0.07273,0.78406,0,0.01172,0.00393
1.1228,-0.41545,-0.01901,0.01656,0.00323,0.06048,-0.01246,-2.56443,-0.07759,-0.00199,0.00417,0.00041,-0.07342,-0.00158,-0.07304,0.78404,0,0.01172,0.00393
1.1248,-0.41545,-0.01901,0.01668,0.00321,0.06025,-0.01249,-2.56443,-0.07773,-0.00199,0.00425,0.00038,-0.07348,-0.00161,-0.07304,0.78404,0,0.01172,0.00393
1.1268,-0.41545,-0.01901,0.01680,0.00318,0.06003,-0.01252,-2.56443,-0.07787,-0.00199,0.00432,0.00036,-0.07355,-0.00164,-0.07335,0.78406,0,0.01172,0.00393
1.1288,-0.41545,-0.01901,0.01692,0.00316,0.05980,-0.01255,-2.56443,-0.07801,-0.00200,0.00439,0.00033,-0.07361,-0.00167,-0.07348,0.78408,0,0.01172,0.00393
1.1308,-0.41545,-0.01901,0.01704,0.00313,0.05957,-0.01257,-2.56443,-0.07814,-0.00200,0.00447,0.00030,-0.07368,-0.00170,-0.07361,0.78406,0,0.01172,0.00393
1.1328,-0.41545,-0.01901,0.01715,0.00311,0.05933,-0.01260,-2.56443,-0.07828,-0.00200,0.00454,0.00028,-0.07374,-0.00173,-0.07382,0.78406,0,0.01172,0.00393
1.1348,-0.40335,-0.01778,0.01736,0.00238,0.05921,-0.01502,-2.55963,-0.07842,-0.00201,0.00833,-0.00009,-0.07368,-0.00188,-0.07395,0.78405,0,0.01489,0.00223
1.1368,-0.40335,-0.01778,0.01748,0.00235,0.05886,-0.01493,-2.55963,-0.07856,-0.00201,0.00840,-0.00012,-0.07349,-0.00213,-0.07395,0.78405,0,0.01489,0.00223
1.1388,-0.40335,-0.01778,0.01760,0.00232,0.05840,-0.01475,-2.55963,-0.07870,-0.00202,0.00847,-0.00015,-0.07317,-0.00225,-0.07423,0.78403,0,0.01489,0.00223
1.1408,-0.40335,-0.01778,0.01772,0.00229,0.05783,-0.01469,-2.55963,-0.07884,-0.00202,0.00854,-0.00018,-0.07273,-0.00224,-0.07441,0.78403,0,0.01489,0.00223
1.1428,-0.40335,-0.01778,0.01783,0.00226,0.05715,-0.01474,-2.55963,-0.07897,-0.00202,0.00861,-0.00021,-0.07216,-0.00224,-0.07452,0.78402,0,0.01489,0.00223
1.1448,-0.40335,-0.01778,0.01794,0.00223,0.05636,-0.01478,-2.55963,-0.07911,-0.00203,0.00868,-0.00024,-0.07145,-0.00227,-0.07468,0.78403,0,0.01489,0.00223
1.1468,-0.40335,-0.01778,0.01806,0.00220,0.05546,-0.01479,-2.55963,-0.07925,-0.00203,0.00874,-0.00027,-0.07062,-0.00230,-0.07482,0.78403,0,0.01489,0.00223
1.1488,-0.40335,-0.01778,0.01817,0.00217,0.05444,-0.01479,-2.55963,-0.07939,-0.00203,0.00880,-0.00031,-0.06992,-0.00234,-0.07493,0.78402,0,0.01489,0.00223
1.1508,-0.40335,-0.01778,0.01827,0.00214,0.05354,-0.01480,-2.55963,-0.07953,-0.00204,0.00886,-0.00034,-0.06935,-0.00237,-0.07507,0.78400,0,0.01489,0.00223
1.1528,-0.40335,-0.01778,0.01838,0.00211,0.05274,-0.01481,-2.55963,-0.07967,-0.00204,0.00892,-0.00037,-0.06890,-0.00241,-0.07517,0.78401,0,0.01489,0.00223
1.1548,-0.40335,-0.01778,0.01848,0.00208,0.05205,-0.01481,-2.55963,-0.07980,-0.00204,0.00898,-0.00040,-0.06859,-0.00244,-0.07531,0.78404,0,0.01489,0.00223
1.1568,-0.40335,-0.01778,0.01859,0.00205,0.05146,-0.01482,-2.55963,-0.07994,-0.00205,0.00903,-0.00043,-0.06840,-0.00248,-0.07541,0.78401,0,0.01489,0.00223
1.1588,-0.40335,-0.01778,0.01869,0.00202,0.05099,-0.01482,-2.55963,-0.08008,-0.00205,0.00909,-0.00046,-0.06833,-0.00251,-0.07561,0.78401,0,0.01489,0.00223
1.1608,-0.40335,-0.01778,0.01879,0.00199,0.05062,-0.01482,-2.55963,-0.08022,-0.00205,0.00914,-0.00049,-0.06840,-0.00254,-0.07567,0.78402,0,0.01489,0.00223
1.1628,-0.40335,-0.01778,0.01889,0.00196,0.05036,-0.01483,-2.55963,-0.08036,-0.00206,0.00919,-0.00052,-0.06859,-0.00258,-0.07585,0.78395,0,0.01489,0.00223
1.1648,-0.40335,-0.01778,0.01899,0.00193,0.05020,-0.01483,-2.55963,-0.08050,-0.00206,0.00925,-0.00055,-0.06892,-0.00261,-0.07602,0.78397,0,0.01489,0.00223
1.1668,-0.40335,-0.01778,0.01909,0.00190,0.05016,-0.01483,-2.55963,-0.08063,-0.00206,0.00930,-0.00058,-0.06937,-0.00265,-0.07613,0.78396,0,0.01489,0.00223
1.1688,-0.40335,-0.01778,0.01919,0.00187,0.05022,-0.01483,-2.55963,-0.08077,-0.00207,0.00935,-0.00061,-0.06995,-0.00268,-0.07627,0.78402,0,0.01489,0.00223
1.1708,-0.40335,-0.01778,0.01930,0.00184,0.05039,-0.01484,-2.55963,-0.08091,-0.00207,0.00940,-0.00065,-0.07065,-0.00272,-0.07641,0.78398,0,0.01489,0.00223
1.1728,-0.40335,-0.01778,0.01940,0.00181,0.05067,-0.01484,-2.55963,-0.08105,-0.00208,0.00946,-0.00068,-0.07149,-0.00275,-0.07657,0.78399,0,0.01489,0.00223
1.1748,-0.40335,-0.01778,0.01950,0.00178,0.05106,-0.01484,-2.55963,-0.08119,-0.00208,0.00951,-0.00071,-0.07219,-0.00279,-0.07678,0.78394,0,0.01489,0.00223
1.1768,-0.40335,-0.01778,0.01960,0.00175,0.05133,-0.01484,-2.55963,-0.08132,-0.00208,0.00956,-0.00074,-0.07277,-0.00282,-0.07693,0.78395,0,0.01489,0.00223
1.1788,-0.40335,-0.01778,0.01970,0.00172,0.05149,-0.01484,-2.55963,-0.08146,-0.00209,0.00962,-0.00077,-0.07322,-0.00285,-0.07710,0.78394,0,0.01489,0.00223
1.1808,-0.40335,-0.01778,0.01981,0.00169,0.05155,-0.01484,-2.55963,-0.08160,-0.00209,0.00967,-0.00080,-0.07354,-0.00289,-0.07726,0.78393,0,0.01489,0.00223
1.1828,-0.40335,-0.01778,0.01991,0.00166,0.05149,-0.01483,-2.55963,-0.08174,-0.00209,0.00973,-0.00083,-0.07374,-0.00292,-0.07737,0.78393,0,0.01489,0.00223
1.1848,-0.40335,-0.01778,0.02001,0.00163,0.05132,-0.01483,-2.55963,-0.08188,-0.00210,0.00978,-0.00086,-0.07380,-0.00296,-0.07759,0.78393,0,0.01489,0.00223
1.1868,-0.40335,-0.01778,0.02011,0.00160,0.05104,-0.01483,-2.55963,-0.08202,-0.00210,0.00983,-0.00089,-0.07374,-0.00299,-0.07774,0.78392,0,0.01489,0.00223
1.1888,-0.40335,-0.01778,0.02022,0.00158,0.05064,-0.01483,-2.55963,-0.08215,-0.00210,0.00988,-0.00092,-0.07355,-0.00303,-0.07788,0.78391,0,0.01489,0.00223
1.1908,-0.40335,-0.01778,0.02032,0.00155,0.05014,-0.01482,-2.55963,-0.08229,-0.00211,0.00994,-0.00095,-0.07324,-0.00306,-0.07806,0.78388,0,0.01489,0.00223
1.1928,-0.40335,-0.01778,0.02042,0.00152,0.04953,-0.01482,-2.55963,-0.08243,-0.00211,0.00999,-0.00099,-0.07279,-0.00310,-0.07817,0.78389,0,0.01489,0.00223
1.1948,-0.40335,-0.01778,0.02051,0.00149,0.04880,-0.01481,-2.55963,-0.08257,-0.00211,0.01004,-0.00102,-0.07247,-0.00313,-0.07826,0.78393,0,0.01489,0.00223
1.1968,-0.40335,-0.01778,0.02061,0.00146,0.04818,-0.01481,-2.55963,-0.08271,-0.00212,0.01008,-0.00105,-0.07228,-0.00317,-0.07840,0.78391,0,0.01489,0.00223
1.1988,-0.40335,-0.01778,0.02071,0.00143,0.04767,-0.01480,-2.55963,-0.08285,-0.00212,0.01013,-0.00108,-0.07222,-0.00320,-0.07856,0.78388,0,0.01489,0.00223
1.2008,-0.40335,-0.01778,0.02080,0.00140,0.04727,-0.01480,-2.55963,-0.08298,-0.00212,0.01017,-0.00111,-0.07229,-0.00323,-0.07870,0.78387,0,0.01489,0.00223
1.2028,-0.40335,-0.01778,0.02090,0.00137,0.04698,-0.01479,-2.55963,-0.08312,-0.00213,0.01022,-0.00114,-0.07248,-0.00327,-0.07880,0.78387,0,0.01489,0.00223
1.2048,-0.40704,-0.01639,0.02048,0.00087,0.04496,-0.01637,-2.55433,-0.08326,-0.00213,0.00864,-0.00122,-0.07280,-0.00336,-0.07895,0.78387,0,0.01794,0.00108
1.2068,-0.40704,-0.01639,0.02057,0.00084,0.04489,-0.01631,-2.55433,-0.08340,-0.00214,0.00868,-0.00126,-0.07325,-0.00339,-0.07907,0.78384,0,0.01794,0.00108
1.2088,-0.40704,-0.01639,0.02066,0.00080,0.04493,-0.01629,-2.55433,-0.08354,-0.00214,0.00872,-0.00129,-0.07383,-0.00343,-0.07923,0.78384,0,0.01794,0.00108
1.2109,-0.40704,-0.01639,0.02075,0.00077,0.04508,-0.01627,-2.55433,-0.08368,-0.00214,0.00876,-0.00133,-0.07454,-0.00347,-0.07938,0.78384,0,0.01794,0.00108
1.2129,-0.40704,-0.01639,0.02084,0.00074,0.04533,-0.01625,-2.55433,-0.08381,-0.00215,0.00880,-0.00136,-0.07512,-0.00351,-0.07951,0.78381,0,0.01794,0.00108
1.2149,-0.40704,-0.01639,0.02093,0.00071,0.04548,-0.01623,-2.55433,-0.08395,-0.00215,0.00884,-0.00139,-0.07557,-0.00354,-0.07969,0.78383,0,0.01794,0.00108
1.2169,-0.40704,-0.01639,0.02102,0.00067,0.04551,-0.01621,-2.55433,-0.08409,-0.00215,0.00888,-0.00143,-0.07589,-0.00358,-0.07982,0.78379,0,0.01794,0.00108
1.2189,-0.40704,-0.01639,0.02111,0.00064,0.04543,-0.01619,-2.55433,-0.08423,-0.00216,0.00892,-0.00146,-0.07608,-0.00362,-0.08003,0.78378,0,0.01794,0.00108
1.2209,-0.40704,-0.01639,0.02120,0.00061,0.04524,-0.01617,-2.55433,-0.08437,-0.00216,0.00896,-0.00149,-0.07615,-0.00365,-0.08019,0.78377,0,0.01794,0.00108
1.2229,-0.40704,-0.01639,0.02129,0.00058,0.04494,-0.01615,-2.55433,-0.08451,-0.00216,0.00900,-0.00153,-0.07609,-0.00369,-0.08038,0.78377,0,0.01794,0.00108
1.2249,-0.40704,-0.01639,0.02138,0.00054,0.04453,-0.01612,-2.55433,-0.08464,-0.00217,0.00904,-0.00156,-0.07590,-0.00373,-0.08050,0.78381,0,0.01794,0.00108
1.2269,-0.40704,-0.01639,0.02147,0.00051,0.04400,-0.01610,-2.55433,-0.08478,-0.00217,0.00908,-0.00159,-0.07570,-0.00377,-0.08065,0.78378,0,0.01794,0.00108
1.2289,-0.40704,-0.01639,0.02156,0.00048,0.04347,-0.01608,-2.55433,-0.08492,-0.00217,0.00912,-0.00163,-0.07564,-0.00380,-0.08083,0.78377,0,0.01794,0.00108
1.2309,-0.40704,-0.01639,0.02164,0.00045,0.04305,-0.01605,-2.55433,-0.08506,-0.00218,0.00915,-0.00166,-0.07570,-0.00384,-0.08104,0.78372,0,0.01794,0.00108
1.2329,-0.40704,-0.01639,0.02173,0.00042,0.04274,-0.01603,-2.55433,-0.08520,-0.00218,0.00919,-0.00170,-0.07589,-0.00388,-0.08115,0.78377,0,0.01794,0.00108
1.2349,-0.40704,-0.01639,0.02182,0.00038,0.04253,-0.01600,-2.55433,-0.08534,-0.00219,0.00922,-0.00173,-0.07612,-0.00391,-0.08129,0.78374,0,0.01794,0.00108
1.2369,-0.40704,-0.01639,0.02190,0.00035,0.04236,-0.01598,-2.55433,-0.08547,-0.00219,0.00925,-0.00176,-0.07622,-0.00395,-0.08145,0.78375,0,0.01794,0.00108
1.2389,-0.40704,-0.01639,0.02198,0.00032,0.04208,-0.01595,-2.55433,-0.08561,-0.00219,0.00929,-0.00180,-0.07633,-0.00399,-0.08162,0.78368,0,0.01794,0.00108
1.2409,-0.40704,-0.01639,0.02207,0.00029,0.04180,-0.01592,-2.55433,-0.08575,-0.00220,0.00932,-0.00183,-0.07643,-0.00402,-0.08175,0.78373,0,0.01794,0.00108
1.2429,-0.40704,-0.01639,0.02215,0.00026,0.04152,-0.01590,-2.55433,-0.08589,-0.00220,0.00935,-0.00186,-0.07654,-0.00406,-0.08185,0.78374,0,0.01794,0.00108
1.2449,-0.40704,-0.01639,0.02223,0.00022,0.04124,-0.01587,-2.55433,-0.08603,-0.00220,0.00938,-0.00189,-0.07664,-0.00410,-0.08203,0.78370,0,0.01794,0.00108
1.2469,-0.40704,-0.01639,0.02232,0.00019,0.04096,-0.01584,-2.55433,-0.08616,-0.00221,0.00941,-0.00193,-0.07675,-0.00413,-0.08218,0.78371,0,0.01794,0.00108
1.2489,-0.40704,-0.01639,0.02240,0.00016,0.04067,-0.01581,-2.55433,-0.08630,-0.00221,0.00944,-0.00196,-0.07686,-0.00417,-0.08231,0.78369,0,0.01794,0.00108
1.2509,-0.40704,-0.01639,0.02248,0.00013,0.04039,-0.01578,-2.55433,-0.08644,-0.00221,0.00947,-0.00199,-0.07697,-0.00421,-0.08249,0.78371,0,0.01794,0.00108
1.2529,-0.40704,-0.01639,0.02256,0.00010,0.04010,-0.01575,-2.55433,-0.08658,-0.00222,0.00950,-0.00203,-0.07708,-0.00424,-0.08262,0.78365,0,0.01794,0.00108
1.2549,-0.40704,-0.01639,0.02264,0.00007,0.03982,-0.01572,-2.55433,-0.08672,-0.00222,0.00953,-0.00206,-0.07719,-0.00428,-0.08272,0.78370,0,0.01794,0.00108
1.2569,-0.40704,-0.01639,0.02272,0.00003,0.03953,-0.01569,-2.55433,-0.08686,-0.00222,0.00956,-0.00209,-0.07730,-0.00432,-0.08290,0.78366,0,0.01794,0.00108
1.2589,-0.40704,-0.01639,0.02280,0.00000,0.03924,-0.01566,-2.55433,-0.08699,-0.00223,0.00958,-0.00212,-0.07741,-0.00435,-0.08309,0.78368,0,0.01794,0.00108
1.2609,-0.40704,-0.01639,0.02288,-0.00003,0.03895,-0.01563,-2.55433,-0.08713,-0.00223,0.00961,-0.00216,-0.07752,-0.00439,-0.08330,0.78363,0,0.01794,0.00108
1.2629,-0.40704,-0.01639,0.02295,-0.00006,0.03866,-0.01560,-2.55433,-0.08727,-0.00223,0.00963,-0.00219,-0.07764,-0.00442,-0.08338,0.78362,0,0.01794,0.00108
1.2649,-0.40704,-0.01639,0.02303,-0.00009,0.03837,-0.01556,-2.55433,-0.08741,-0.00224,0.00966,-0.00222,-0.07775,-0.00446,-0.08358,0.78361,0,0.01794,0.00108
1.2669,-0.40704,-0.01639,0.02311,-0.00012,0.03808,-0.01553,-2.55433,-0.08755,-0.00224,0.00968,-0.00226,-0.07787,-0.00450,-0.08376,0.78360,0,0.01794,0.00108
1.2689,-0.40704,-0.01639,0.02318,-0.00015,0.03779,-0.01550,-2.55433,-0.08769,-0.00225,0.00971,-0.00229,-0.07798,-0.00453,-0.08386,0.78364,0,0.01794,0.00108
1.2710,-0.39571,-0.01463,0.02248,-0.00038,0.03463,-0.01613,-2.55109,-0.08784,-0.00225,0.01234,-0.00199,-0.07797,-0.00444,-0.08404,0.78360,0,0.02009,0.00010
1.2730,-0.39571,-0.01463,0.02255,-0.00041,0.03424,-0.01620,-2.55109,-0.08797,-0.00225,0.01236,-0.00203,-0.07783,-0.00428,-0.08421,0.78360,0,0.02009,0.00010
1.2750,-0.39571,-0.01463,0.02261,-0.00045,0.03374,-0.01633,-2.55109,-0.08811,-0.00226,0.01237,-0.00206,-0.07756,-0.00424,-0.08437,0.78358,0,0.02009,0.00010
1.2770,-0.39571,-0.01463,0.02268,-0.00048,0.03313,-0.01636,-2.55109,-0.08825,-0.00226,0.01239,-0.00209,-0.07716,-0.00434,-0.08452,0.78357,0,0.02009,0.00010
1.2790,-0.39571,-0.01463,0.02275,-0.00051,0.03241,-0.01627,-2.55109,-0.08839,-0.00226,0.01240,-0.00213,-0.07663,-0.00439,-0.08469,0.78358,0,0.02009,0.00010
1.2811,-0.39571,-0.01463,0.02281,-0.00054,0.03158,-0.01621,-2.55109,-0.08853,-0.00227,0.01241,-0.00216,-0.07612,-0.00443,-0.08483,0.78357,0,0.02009,0.00010
1.2831,-0.39571,-0.01463,0.02287,-0.00058,0.03075,-0.01617,-2.55109,-0.08867,-0.00227,0.01242,-0.00220,-0.07573,-0.00447,-0.08495,0.78355,0,0.02009,0.00010
1.2851,-0.39571,-0.01463,0.02293,-0.00061,0.03003,-0.01613,-2.55109,-0.08880,-0.00227,0.01243,-0.00223,-0.07546,-0.00450,-0.08509,0.78360,0,0.02009,0.00010
1.2871,-0.39571,-0.01463,0.02299,-0.00064,0.02942,-0.01609,-2.55109,-0.08894,-0.00228,0.01243,-0.00226,-0.07533,-0.00454,-0.08524,0.78355,0,0.02009,0.00010
1.2891,-0.39571,-0.01463,0.02305,-0.00067,0.02892,-0.01604,-2.55109,-0.08908,-0.00228,0.01244,-0.00230,-0.07532,-0.00458,-0.08536,0.78356,0,0.02009,0.00010
1.2911,-0.39571,-0.01463,0.02311,-0.00071,0.02853,-0.01600,-2.55109,-0.08922,-0.00228,0.01244,-0.00233,-0.07545,-0.00461,-0.08545,0.78354,0,0.02009,0.00010
1.2931,-0.39571,-0.01463,0.02316,-0.00074,0.02824,-0.01595,-2.55109,-0.08936,-0.00229,0.01244,-0.00236,-0.07570,-0.00465,-0.08567,0.78354,0,0.02009,0.00010
1.2951,-0.39571,-0.01463,0.02322,-0.00077,0.02807,-0.01591,-2.55109,-0.08950,-0.00229,0.01245,-0.00240,-0.07608,-0.00469,-0.08579,0.78349,0,0.02009,0.00010
1.2971,-0.39571,-0.01463,0.02328,-0.00080,0.02800,-0.01586,-2.55109,-0.08964,-0.00230,0.01245,-0.00243,-0.07658,-0.00472,-0.08591,0.78351,0,0.02009,0.00010
1.2991,-0.39571,-0.01463,0.02333,-0.00083,0.02804,-0.01582,-2.55109,-0.08978,-0.00230,0.01245,-0.00246,-0.07722,-0.00476,-0.08612,0.78346,0,0.02009,0.00010
1.3011,-0.39571,-0.01463,0.02339,-0.00086,0.02819,-0.01577,-2.55109,-0.08991,-0.00230,0.01245,-0.00250,-0.07772,-0.00480,-0.08626,0.78352,0,0.02009,0.00010
1.3031,-0.39571,-0.01463,0.02345,-0.00090,0.02823,-0.01573,-2.55109,-0.09005,-0.00231,0.01246,-0.00253,-0.07810,-0.00483,-0.08640,0.78343,0,0.02009,0.00010
1.3052,-0.39571,-0.01463,0.02350,-0.00093,0.02816,-0.01568,-2.55109,-0.09019,-0.00231,0.01246,-0.00256,-0.07835,-0.00487,-0.08663,0.78345,0,0.02009,0.00010
1.3072,-0.39571,-0.01463,0.02356,-0.00096,0.02798,-0.01563,-2.55109,-0.09033,-0.00231,0.01246,-0.00259,-0.07847,-0.00491,-0.08675,0.78343,0,0.02009,0.00010
1.3092,-0.39571,-0.01463,0.02361,-0.00099,0.02769,-0.01559,-2.55109,-0.09047,-0.00232,0.01246,-0.00263,-0.07847,-0.00494,-0.08693,0.78343,0,0.02009,0.00010
1.3112,-0.39571,-0.01463,0.02367,-0.00102,0.02728,-0.01554,-2.55109,-0.09061,-0.00232,0.01246,-0.00266,-0.07833,-0.00498,-0.08709,0.78344,0,0.02009,0.00010
1.3132,-0.39571,-0.01463,0.02372,-0.00105,0.02677,-0.01549,-2.55109,-0.09075,-0.00232,0.01246,-0.00269,-0.07829,-0.00502,-0.08724,0.78345,0,0.02009,0.00010
1.3152,-0.39571,-0.01463,0.02378,-0.00108,0.02633,-0.01544,-2.55109,-0.09089,-0.00233,0.01246,-0.00272,-0.07837,-0.00505,-0.08740,0.78343,0,0.02009,0.00010
1.3172,-0.39571,-0.01463,0.02383,-0.00111,0.02600,-0.01539,-2.55109,-0.09102,-0.00233,0.01246,-0.00276,-0.07857,-0.00509,-0.08757,0.78342,0,0.02009,0.00010
1.3192,-0.39571,-0.01463,0.02388,-0.00114,0.02577,-0.01534,-2.55109,-0.09116,-0.00233,0.01245,-0.00279,-0.07871,-0.00512,-0.08772,0.78341,0,0.02009,0.00010
1.3212,-0.39571,-0.01463,0.02393,-0.00117,0.02549,-0.01529,-2.55109,-0.09130,-0.00234,0.01245,-0.00282,-0.07885,-0.00516,-0.08789,0.78339,0,0.02009,0.00010
1.3232,-0.39571,-0.01463,0.02398,-0.00121,0.02521,-0.01524,-2.55109,-0.09144,-0.00234,0.01245,-0.00285,-0.07899,-0.00519,-0.08802,0.78334,0,0.02009,0.00010
1.3252,-0.39571,-0.01463,0.02403,-0.00124,0.02493,-0.01519,-2.55109,-0.09158,-0.00234,0.01244,-0.00288,-0.07914,-0.00523,-0.08814,0.78340,0,0.02009,0.00010
1.3272,-0.39571,-0.01463,0.02408,-0.00127,0.02465,-0.01514,-2.55109,-0.09172,-0.00235,0.01244,-0.00292,-0.07928,-0.00526,-0.08833,0.78332,0,0.02009,0.00010
1.3292,-0.39571,-0.01463,0.02413,-0.00130,0.02437,-0.01508,-2.55109,-0.09186,-0.00235,0.01243,-0.00295,-0.07943,-0.00530,-0.08848,0.78334,0,0.02009,0.00010
1.3312,-0.39571,-0.01463,0.02418,-0.00133,0.02408,-0.01503,-2.55109,-0.09199,-0.00236,0.01242,-0.00298,-0.07957,-0.00533,-0.08865,0.78331,0,0.02009,0.00010
1.3332,-0.39571,-0.01463,0.02423,-0.00136,0.02380,-0.01498,-2.55109,-0.09213,-0.00236,0.01242,-0.00301,-0.07972,-0.00537,-0.08877,0.78330,0,0.02009,0.00010
1.3352,-0.39571,-0.01463,0.02427,-0.00139,0.02352,-0.01492,-2.55109,-0.09227,-0.00236,0.01241,-0.00304,-0.07986,-0.00540,-0.08896,0.78330,0,0.02009,0.00010
1.3373,-0.39777,-0.01377,0.02357,-0.00133,0.02077,-0.01459,-2.54742,-0.09241,-0.00237,0.01103,-0.00273,-0.08014,-0.00531,-0.08910,0.78327,0,0.02178,-0.00061
1.3393,-0.39777,-0.01377,0.02361,-0.00136,0.02061,-0.01465,-2.54742,-0.09255,-0.00237,0.01101,-0.00276,-0.08054,-0.00513,-0.08926,0.78328,0,0.02178,-0.00061
1.3413,-0.39777,-0.01377,0.02365,-0.00139,0.02056,-0.01478,-2.54742,-0.09269,-0.00237,0.01100,-0.00279,-0.08107,-0.00508,-0.08940,0.78327,0,0.02178,-0.00061
1.3433,-0.39777,-0.01377,0.02369,-0.00142,0.02061,-0.01480,-2.54742,-0.09283,-0.00238,0.01098,-0.00282,-0.08173,-0.00516,-0.08954,0.78327,0,0.02178,-0.00061
1.3453,-0.39777,-0.01377,0.02373,-0.00145,0.02078,-0.01471,-2.54742,-0.09297,-0.00238,0.01097,-0.00285,-0.08226,-0.00524,-0.08971,0.78323,0,0.02178,-0.00061
1.3473,-0.39777,-0.01377,0.02378,-0.00148,0.02083,-0.01461,-2.54742,-0.09310,-0.00238,0.01095,-0.00289,-0.08266,-0.00527,-0.08990,0.78323,0,0.02178,-0.00061
1.3493,-0.39777,-0.01377,0.02382,-0.00151,0.02077,-0.01456,-2.54742,-0.09324,-0.00239,0.01094,-0.00292,-0.08293,-0.00530,-0.09007,0.78325,0,0.02178,-0.00061
1.3513,-0.39777,-0.01377,0.02386,-0.00154,0.02061,-0.01450,-2.54742,-0.09338,-0.00239,0.01093,-0.00295,-0.08308,-0.00534,-0.09028,0.78320,0,0.02178,-0.00061
1.3533,-0.39777,-0.01377,0.02390,-0.00157,0.02033,-0.01445,-2.54742,-0.09352,-0.00239,0.01091,-0.00298,-0.08310,-0.00537,-0.09042,0.78319,0,0.02178,-0.00061
1.3553,-0.39777,-0.01377,0.02394,-0.00160,0.01995,-0.01439,-2.54742,-0.09366,-0.00240,0.01089,-0.00301,-0.08299,-0.00541,-0.09062,0.78318,0,0.02178,-0.00061
1.3573,-0.39777,-0.01377,0.02398,-0.00163,0.01945,-0.01434,-2.54742,-0.09380,-0.00240,0.01088,-0.00304,-0.08292,-0.00544,-0.09081,0.78315,0,0.02178,-0.00061
1.3593,-0.39777,-0.01377,0.02402,-0.00165,0.01899,-0.01428,-2.54742,-0.09394,-0.00241,0.01086,-0.00307,-0.08298,-0.00547,-0.09098,0.78315,0,0.02178,-0.00061
1.3613,-0.39777,-0.01377,0.02405,-0.00168,0.01864,-0.01422,-2.54742,-0.09407,-0.00241,0.01084,-0.00310,-0.08317,-0.00551,-0.09113,0.78317,0,0.02178,-0.00061
1.3633,-0.39777,-0.01377,0.02409,-0.00171,0.01839,-0.01417,-2.54742,-0.09421,-0.00241,0.01082,-0.00313,-0.08339,-0.00554,-0.09130,0.78316,0,0.02178,-0.00061
1.3653,-0.39777,-0.01377,0.02413,-0.00174,0.01818,-0.01411,-2.54742,-0.09435,-0.00242,0.01080,-0.00316,-0.08355,-0.00557,-0.09141,0.78314,0,0.02178,-0.00061
1.3673,-0.39777,-0.01377,0.02416,-0.00177,0.01791,-0.01405,-2.54742,-0.09449,-0.00242,0.01078,-0.00319,-0.08371,-0.00561,-0.09162,0.78310,0,0.02178,-0.00061
1.3693,-0.39777,-0.01377,0.02420,-0.00180,0.01764,-0.01399,-2.54742,-0.09463,-0.00242,0.01076,-0.00322,-0.08387,-0.00564,-0.09172,0.78314,0,0.02178,-0.00061
1.3713,-0.39777,-0.01377,0.02424,-0.00182,0.01737,-0.01393,-2.54742,-0.09477,-0.00243,0.01074,-0.00325,-0.08403,-0.00567,-0.09189,0.78312,0,0.02178,-0.00061
1.3733,-0.39777,-0.01377,0.02427,-0.00185,0.01710,-0.01387,-2.54742,-0.09490,-0.00243,0.01071,-0.00328,-0.08419,-0.00571,-0.09208,0.78311,0,0.02178,-0.00061
1.3753,-0.39777,-0.01377,0.02430,-0.00188,0.01683,-0.01381,-2.54742,-0.09504,-0.00243,0.01069,-0.00330,-0.08435,-0.00574,-0.09225,0.78307,0,0.02178,-0.00061
1.3773,-0.39777,-0.01377,0.02434,-0.00191,0.01656,-0.01375,-2.54742,-0.09518,-0.00244,0.01067,-0.00333,-0.08451,-0.00577,-0.09240,0.78311,0,0.02178,-0.00061
1.3793,-0.39777,-0.01377,0.02437,-0.00193,0.01629,-0.01369,-2.54742,-0.09532,-0.00244,0.01064,-0.00336,-0.08468,-0.00580,-0.09255,0.78308,0,0.02178,-0.00061
1.3813,-0.39777,-0.01377,0.02440,-0.00196,0.01602,-0.01363,-2.54742,-0.09546,-0.00244,0.01062,-0.00339,-0.08484,-0.00584,-0.09272,0.78306,0,0.02178,-0.00061
1.3833,-0.39777,-0.01377,0.02443,-0.00199,0.01575,-0.01357,-2.54742,-0.09560,-0.00245,0.01059,-0.00342,-0.08500,-0.00587,-0.09285,0.78302,0,0.02178,-0.00061
1.3853,-0.39777,-0.01377,0.02447,-0.00202,0.01548,-0.01351,-2.54742,-0.09573,-0.00245,0.01057,-0.00345,-0.08517,-0.00590,-0.09305,0.78305,0,0.02178,-0.00061
1.3873,-0.39777,-0.01377,0.02450,-0.00204,0.01521,-0.01345,-2.54742,-0.09587,-0.00245,0.01054,-0.00348,-0.08533,-0.00593,-0.09324,0.78305,0,0.02178,-0.00061
1.3894,-0.39777,-0.01377,0.02453,-0.00207,0.01494,-0.01338,-2.54742,-0.09601,-0.00246,0.01051,-0.00351,-0.08550,-0.00596,-0.09342,0.78300,0,0.02178,-0.00061
1.3914,-0.39777,-0.01377,0.02456,-0.00210,0.01467,-0.01332,-2.54742,-0.09615,-0.00246,0.01048,-0.00353,-0.08566,-0.00600,-0.09357,0.78298,0,0.02178,-0.00061
1.3934,-0.39777,-0.01377,0.02458,-0.00212,0.01440,-0.01326,-2.54742,-0.09629,-0.00247,0.01046,-0.00356,-0.08583,-0.00603,-0.09378,0.78297,0,0.02178,-0.00061
1.3954,-0.39777,-0.01377,0.02461,-0.00215,0.01413,-0.01320,-2.54742,-0.09643,-0.00247,0.01043,-0.00359,-0.08600,-0.00606,-0.09393,0.78297,0,0.02178,-0.00061
1.3974,-0.39777,-0.01377,0.02464,-0.00218,0.01386,-0.01313,-2.54742,-0.09657,-0.00247,0.01040,-0.00362,-0.08617,-0.00609,-0.09409,0.78297,0,0.02178,-0.00061
1.3994,-0.39777,-0.01377,0.02467,-0.00220,0.01359,-0.01307,-2.54742,-0.09671,-0.00248,0.01036,-0.00365,-0.08634,-0.00612,-0.09430,0.78296,0,0.02178,-0.00061
1.4014,-0.39777,-0.01377,0.02470,-0.00223,0.01332,-0.01300,-2.54742,-0.09684,-0.00248,0.01033,-0.00367,-0.08651,-0.00615,-0.09446,0.78295,0,0.02178,-0.00061
1.4034,-0.39827,-0.01244,0.02375,-0.00227,0.00968,-0.01299,-2.54619,-0.09698,-0.00248,0.00918,-0.00332,-0.08681,-0.00606,-0.09466,0.78293,0,0.02221,-0.00171
1.4054,-0.39827,-0.01244,0.02377,-0.00229,0.00954,-0.01303,-2.54619,-0.09712,-0.00249,0.00914,-0.00334,-0.08723,-0.00583,-0.09481,0.78293,0,0.02221,-0.00171
1.4074,-0.39827,-0.01244,0.02379,-0.00232,0.00950,-0.01318,-2.54619,-0.09726,-0.00249,0.00910,-0.00337,-0.08779,-0.00573,-0.09498,0.78290,0,0.02221,-0.00171
1.4094,-0.39827,-0.01244,0.02381,-0.00235,0.00957,-0.01323,-2.54619,-0.09740,-0.00249,0.00906,-0.00340,-0.08834,-0.00577,-0.09518,0.78289,0,0.02221,-0.00171
1.4114,-0.39827,-0.01244,0.02383,-0.00237,0.00964,-0.01316,-2.54619,-0.09754,-0.00250,0.00902,-0.00343,-0.08876,-0.00593,-0.09537,0.78286,0,0.02221,-0.00171
1.4134,-0.39827,-0.01244,0.02385,-0.00240,0.00960,-0.01298,-2.54619,-0.09767,-0.00250,0.00898,-0.00346,-0.08905,-0.00596,-0.09554,0.78287,0,0.02221,-0.00171
1.4154,-0.39827,-0.01244,0.02387,-0.00242,0.00945,-0.01291,-2.54619,-0.09781,-0.00250,0.00894,-0.00348,-0.08921,-0.00599,-0.09565,0.78285,0,0.02221,-0.00171
1.4174,-0.39827,-0.01244,0.02388,-0.00245,0.00919,-0.01285,-2.54619,-0.09795,-0.00251,0.00890,-0.00351,-0.08925,-0.00602,-0.09584,0.78286,0,0.02221,-0.00171
1.4194,-0.39827,-0.01244,0.02390,-0.00248,0.00882,-0.01278,-2.54619,-0.09809,-0.00251,0.00886,-0.00354,-0.08923,-0.00605,-0.09605,0.78282,0,0.02221,-0.00171
1.4214,-0.39827,-0.01244,0.02392,-0.00250,0.00840,-0.01271,-2.54619,-0.09823,-0.00252,0.00882,-0.00356,-0.08934,-0.00608,-0.09624,0.78282,0,0.02221,-0.00171
1.4234,-0.39827,-0.01244,0.02394,-0.00253,0.00809,-0.01264,-2.54619,-0.09837,-0.00252,0.00878,-0.00359,-0.08957,-0.00611,-0.09637,0.78284,0,0.02221,-0.00171
1.4254,-0.39827,-0.01244,0.02395,-0.00255,0.00789,-0.01257,-2.54619,-0.09851,-0.00252,0.00874,-0.00362,-0.08977,-0.00614,-0.09659,0.78283,0,0.02221,-0.00171
1.4274,-0.39827,-0.01244,0.02397,-0.00258,0.00766,-0.01250,-2.54619,-0.09864,-0.00253,0.00869,-0.00364,-0.08995,-0.00617,-0.09673,0.78278,0,0.02221,-0.00171
1.4294,-0.39827,-0.01244,0.02398,-0.00260,0.00741,-0.01243,-2.54619,-0.09878,-0.00253,0.00865,-0.00367,-0.09013,-0.00620,-0.09691,0.78278,0,0.02221,-0.00171
1.4315,-0.39827,-0.01244,0.02400,-0.00263,0.00717,-0.01236,-2.54619,-0.09892,-0.00253,0.00860,-0.00370,-0.09032,-0.00623,-0.09710,0.78279,0,0.02221,-0.00171
1.4335,-0.39827,-0.01244,0.02401,-0.00265,0.00692,-0.01229,-2.54619,-0.09906,-0.00254,0.00856,-0.00372,-0.09050,-0.00626,-0.09729,0.78275,0,0.02221,-0.00171
1.4355,-0.39827,-0.01244,0.02402,-0.00268,0.00668,-0.01222,-2.54619,-0.09920,-0.00254,0.00851,-0.00375,-0.09069,-0.00629,-0.09749,0.78273,0,0.02221,-0.00171
1.4375,-0.39827,-0.01244,0.02404,-0.00270,0.00643,-0.01215,-2.54619,-0.09934,-0.00254,0.00846,-0.00378,-0.09088,-0.00632,-0.09772,0.78273,0,0.02221,-0.00171
1.4395,-0.39827,-0.01244,0.02405,-0.00272,0.00619,-0.01208,-2.54619,-0.09948,-0.00255,0.00842,-0.00380,-0.09106,-0.00635,-0.09787,0.78273,0,0.02221,-0.00171
1.4415,-0.39827,-0.01244,0.02406,-0.00275,0.00594,-0.01201,-2.54619,-0.09962,-0.00255,0.00837,-0.00383,-0.09125,-0.00638,-0.09802,0.78272,0,0.02221,-0.00171
1.4435,-0.39827,-0.01244,0.02407,-0.00277,0.00570,-0.01194,-2.54619,-0.09975,-0.00255,0.00832,-0.00385,-0.09143,-0.00641,-0.09824,0.78268,0,0.02221,-0.00171
1.4455,-0.39827,-0.01244,0.02409,-0.00280,0.00546,-0.01187,-2.54619,-0.09989,-0.00256,0.00827,-0.00388,-0.09162,-0.00644,-0.09843,0.78265,0,0.02221,-0.00171
1.4475,-0.39827,-0.01244,0.02410,-0.00282,0.00521,-0.01180,-2.54619,-0.10003,-0.00256,0.00822,-0.00390,-0.09181,-0.00646,-0.09858,0.78268,0,0.02221,-0.00171
1.4495,-0.39827,-0.01244,0.02411,-0.00284,0.00497,-0.01172,-2.54619,-0.10017,-0.00256,0.00817,-0.00393,-0.09200,-0.00649,-0.09875,0.78265,0,0.02221,-0.00171
1.4515,-0.39827,-0.01244,0.02412,-0.00287,0.00472,-0.01165,-2.54619,-0.10031,-0.00257,0.00812,-0.00395,-0.09219,-0.00652,-0.09893,0.78265,0,0.02221,-0.00171
1.4535,-0.39827,-0.01244,0.02413,-0.00289,0.00448,-0.01158,-2.54619,-0.10045,-0.00257,0.00807,-0.00398,-0.09238,-0.00655,-0.09906,0.78263,0,0.02221,-0.00171
1.4555,-0.39827,-0.01244,0.02413,-0.00291,0.00424,-0.01150,-2.54619,-0.10058,-0.00258,0.00802,-0.00400,-0.09257,-0.00658,-0.09928,0.78262,0,0.02221,-0.00171
1.4575,-0.39827,-0.01244,0.02414,-0.00294,0.00399,-0.01143,-2.54619,-0.10072,-0.00258,0.00797,-0.00403,-0.09276,-0.00661,-0.09945,0.78262,0,0.02221,-0.00171
1.4595,-0.39827,-0.01244,0.02415,-0.00296,0.00375,-0.01136,-2.54619,-0.10086,-0.00258,0.00791,-0.00405,-0.09295,-0.00663,-0.09966,0.78262,0,0.02221,-0.00171
1.4615,-0.39827,-0.01244,0.02416,-0.00298,0.00351,-0.01128,-2.54619,-0.10100,-0.00259,0.00786,-0.00408,-0.09314,-0.00666,-0.09985,0.78258,0,0.02221,-0.00171
1.4635,-0.39827,-0.01244,0.02416,-0.00300,0.00327,-0.01121,-2.54619,-0.10114,-0.00259,0.00781,-0.00410,-0.09333,-0.00669,-0.10001,0.78256,0,0.02221,-0.00171
1.4656,-0.39827,-0.01244,0.02417,-0.00303,0.00303,-0.01113,-2.54619,-0.10128,-0.00259,0.00775,-0.00412,-0.09353,-0.00672,-0.10020,0.78255,0,0.02221,-0.00171
1.4676,-0.39827,-0.01244,0.02418,-0.00305,0.00279,-0.01106,-2.54619,-0.10142,-0.00260,0.00770,-0.00415,-0.09372,-0.00674,-0.10044,0.78254,0,0.02221,-0.00171
1.4696,-0.39827,-0.01244,0.02418,-0.00307,0.00255,-0.01098,-2.54619,-0.10155,-0.00260,0.00764,-0.00417,-0.09391,-0.00677,-0.10059,0.78253,0,0.02221,-0.00171
1.4716,-0.39827,-0.01244,0.02419,-0.00309,0.00231,-0.01091,-2.54619,-0.10169,-0.00260,0.00758,-0.00419,-0.09411,-0.00680,-0.10080,0.78255,0,0.02221,-0.00171
1.4736,-0.38281,-0.01084,0.02331,-0.00314,-0.00092,-0.01092,-2.54196,-0.10183,-0.00261,0.01128,-0.00376,-0.09418,-0.00670,-0.10099,0.78248,0,0.02234,-0.00268
1.4756,-0.38281,-0.01084,0.02330,-0.00316,-0.00126,-0.01095,-2.54196,-0.10197,-0.00261,0.01122,-0.00379,-0.09412,-0.00647,-0.10120,0.78249,0,0.02234,-0.00268
1.4776,-0.38281,-0.01084,0.02330,-0.00318,-0.00170,-0.01110,-2.54196,-0.10211,-0.00261,0.01115,-0.00381,-0.09393,-0.00637,-0.10141,0.78252,0,0.02234,-0.00268
1.4796,-0.38281,-0.01084,0.02330,-0.00321,-0.00225,-0.01113,-2.54196,-0.10225,-0.00262,0.01109,-0.00383,-0.09361,-0.00639,-0.10161,0.78245,0,0.02234,-0.00268
1.4816,-0.38281,-0.01084,0.02329,-0.00323,-0.00291,-0.01105,-2.54196,-0.10239,-0.00262,0.01102,-0.00386,-0.09317,-0.00648,-0.10175,0.78246,0,0.02234,-0.00268
1.4836,-0.38281,-0.01084,0.02329,-0.00325,-0.00368,-0.01093,-2.54196,-0.10253,-0.00263,0.01095,-0.00388,-0.09260,-0.00651,-0.10195,0.78241,0,0.02234,-0.00268
1.4856,-0.38281,-0.01084,0.02328,-0.00327,-0.00456,-0.01085,-2.54196,-0.10266,-0.00263,0.01088,-0.00390,-0.09190,-0.00653,-0.10219,0.78242,0,0.02234,-0.00268
1.4876,-0.38281,-0.01084,0.02327,-0.00329,-0.00555,-0.01077,-2.54196,-0.10280,-0.00263,0.01081,-0.00393,-0.09133,-0.00656,-0.10231,0.78243,0,0.02234,-0.00268
1.4896,-0.38281,-0.01084,0.02325,-0.00332,-0.00643,-0.01069,-2.54196,-0.10294,-0.00264,0.01073,-0.00395,-0.09088,-0.00659,-0.10249,0.78243,0,0.02234,-0.00268
1.4917,-0.38281,-0.01084,0.02324,-0.00334,-0.00719,-0.01061,-2.54196,-0.10308,-0.00264,0.01066,-0.00397,-0.09057,-0.00661,-0.10265,0.78239,0,0.02234,-0.00268
1.4937,-0.38281,-0.01084,0.02323,-0.00336,-0.00785,-0.01053,-2.54196,-0.10322,-0.00264,0.01058,-0.00400,-0.09038,-0.00664,-0.10285,0.78240,0,0.02234,-0.00268
1.4957,-0.38281,-0.01084,0.02321,-0.00338,-0.00840,-0.01045,-2.54196,-0.10336,-0.00265,0.01050,-0.00402,-0.09032,-0.00666,-0.10295,0.78238,0,0.02234,-0.00268
1.4977,-0.38281,-0.01084,0.02319,-0.00340,-0.00884,-0.01037,-2.54196,-0.10350,-0.00265,0.01042,-0.00404,-0.09039,-0.00669,-0.10321,0.78233,0,0.02234,-0.00268
1.4997,-0.38281,-0.01084,0.02317,-0.00342,-0.00917,-0.01029,-2.54196,-0.10364,-0.00265,0.01034,-0.00406,-0.09058,-0.00672,-0.10338,0.78234,0,0.02234,-0.00268
1.5017,-0.38281,-0.01084,0.02316,-0.00344,-0.00939,-0.01021,-2.54196,-0.10378,-0.00266,0.01026,-0.00409,-0.09091,-0.00674,-0.10349,0.78232,0,0.02234,-0.00268
1.5037,-0.38281,-0.01084,0.02314,-0.00346,-0.00950,-0.01013,-2.54196,-0.10391,-0.00266,0.01018,-0.00411,-0.09136,-0.00677,-0.10372,0.78231,0,0.02234,-0.00268
1.5057,-0.38281,-0.01084,0.02312,-0.00348,-0.00951,-0.01005,-2.54196,-0.10405,-0.00266,0.01010,-0.00413,-0.09194,-0.00679,-0.10390,0.78230,0,0.02234,-0.00268
1.5077,-0.38281,-0.01084,0.02310,-0.00350,-0.00940,-0.00997,-2.54196,-0.10419,-0.00267,0.01002,-0.00415,-0.09265,-0.00682,-0.10409,0.78228,0,0.02234,-0.00268
1.5097,-0.38281,-0.01084,0.02308,-0.00352,-0.00918,-0.00989,-2.54196,-0.10433,-0.00267,0.00994,-0.00417,-0.09348,-0.00684,-0.10431,0.78225,0,0.02234,-0.00268
1.5117,-0.38281,-0.01084,0.02306,-0.00354,-0.00885,-0.00981,-2.54196,-0.10447,-0.00268,0.00985,-0.00419,-0.09445,-0.00687,-0.10451,0.78219,0,0.02234,-0.00268
1.5138,-0.38281,-0.01084,0.02305,-0.00356,-0.00841,-0.00973,-2.54196,-0.10461,-0.00268,0.00977,-0.00421,-0.09529,-0.00689,-0.10466,0.78226,0,0.02234,-0.00268
1.5158,-0.38281,-0.01084,0.02303,-0.00358,-0.00808,-0.00965,-2.54196,-0.10475,-0.00268,0.00969,-0.00424,-0.09599,-0.00692,-0.10490,0.78220,0,0.02234,-0.00268
1.5178,-0.38281,-0.01084,0.02301,-0.00360,-0.00787,-0.00957,-2.54196,-0.10489,-0.00269,0.00962,-0.00426,-0.09657,-0.00694,-0.10509,0.78217,0,0.02234,-0.00268
1.5198,-0.38281,-0.01084,0.02300,-0.00362,-0.00775,-0.00949,-2.54196,-0.10502,-0.00269,0.00954,-0.00428,-0.09703,-0.00697,-0.10530,0.78219,0,0.02234,-0.00268
1.5218,-0.38281,-0.01084,0.02298,-0.00364,-0.00775,-0.00940,-2.54196,-0.10516,-0.00269,0.00946,-0.00430,-0.09735,-0.00699,-0.10554,0.78216,0,0.02234,-0.00268
1.5238,-0.38281,-0.01084,0.02297,-0.00366,-0.00786,-0.00932,-2.54196,-0.10530,-0.00270,0.00938,-0.00432,-0.09755,-0.00701,-0.10575,0.78215,0,0.02234,-0.00268
1.5258,-0.38281,-0.01084,0.02295,-0.00367,-0.00808,-0.00924,-2.54196,-0.10544,-0.00270,0.00930,-0.00434,-0.09761,-0.00704,-0.10594,0.78213,0,0.02234,-0.00268
1.5278,-0.38281,-0.01084,0.02293,-0.00369,-0.00840,-0.00916,-2.54196,-0.10558,-0.00270,0.00922,-0.00436,-0.09755,-0.00706,-0.10614,0.78213,0,0.02234,-0.00268
1.5298,-0.38281,-0.01084,0.02292,-0.00371,-0.00884,-0.00908,-2.54196,-0.10572,-0.00271,0.00914,-0.00438,-0.09737,-0.00709,-0.10632,0.78214,0,0.02234,-0.00268
1.5318,-0.38281,-0.01084,0.02290,-0.00373,-0.00938,-0.00899,-2.54196,-0.10586,-0.00271,0.00906,-0.00440,-0.09705,-0.00711,-0.10651,0.78214,0,0.02234,-0.00268
1.5338,-0.38281,-0.01084,0.02288,-0.00375,-0.01004,-0.00891,-2.54196,-0.10599,-0.00271,0.00897,-0.00442,-0.09686,-0.00713,-0.10671,0.78206,0,0.02234,-0.00268
1.5358,-0.38281,-0.01084,0.02286,-0.00377,-0.01058,-0.00883,-2.53685,-0.10613,-0.00272,0.00889,-0.00444,-0.09680,-0.00715,-0.10690,0.78209,0,0.02164,-0.00358
1.5378,-0.37082,-0.00949,0.02200,-0.00389,-0.01389,-0.00909,-2.53685,-0.10627,-0.00272,0.01156,-0.00415,-0.09662,-0.00705,-0.10723,0.78209,0,0.02164,-0.00358
1.5398,-0.37082,-0.00949,0.02197,-0.00390,-0.01442,-0.00911,-2.53685,-0.10641,-0.00272,0.01147,-0.00417,-0.09630,-0.00690,-0.10723,0.78209,0,0.02164,-0.00358
1.5418,-0.37082,-0.00949,0.02194,-0.00392,-0.01506,-0.00918,-2.53685,-0.10655,-0.00273,0.01138,-0.00419,-0.09586,-0.00688,-0.10739,0.78206,0,0.02164,-0.00358
1.5438,-0.37082,-0.00949,0.02191,-0.00394,-0.01580,-0.00913,-2.53685,-0.10669,-0.00273,0.01128,-0.00421,-0.09540,-0.00695,-0.10760,0.78203,0,0.02164,-0.00358
1.5458,-0.37082,-0.00949,0.02188,-0.00396,-0.01656,-0.00900,-2.53685,-0.10682,-0.00274,0.01119,-0.00423,-0.09508,-0.00697,-0.10778,0.78205,0,0.02164,-0.00358
1.5478,-0.37082,-0.00949,0.02184,-0.00398,-0.01720,-0.00892,-2.53685,-0.10696,-0.00274,0.01109,-0.00425,-0.09488,-0.00699,-0.10793,0.78202,0,0.02164,-0.00358
1.5498,-0.37082,-0.00949,0.02181,-0.00399,-0.01774,-0.00883,-2.53685,-0.10710,-0.00274,0.01099,-0.00427,-0.09481,-0.00702,-0.10815,0.78201,0,0.02164,-0.00358
1.5518,-0.37082,-0.00949,0.02177,-0.00401,-0.01816,-0.00874,-2.53685,-0.10724,-0.00275,0.01089,-0.00429,-0.09487,-0.00704,-0.10829,0.78200,0,0.02164,-0.00358
1.5538,-0.37082,-0.00949,0.02174,-0.00403,-0.01848,-0.00866,-2.53685,-0.10738,-0.00275,0.01079,-0.00431,-0.09505,-0.00706,-0.10845,0.78199,0,0.02164,-0.00358
1.5558,-0.37082,-0.00949,0.02170,-0.00405,-0.01868,-0.00857,-2.53685,-0.10752,-0.00275,0.01069,-0.00433,-0.09537,-0.00708,-0.10871,0.78196,0,0.02164,-0.00358
1.5578,-0.37082,-0.00949,0.02166,-0.00406,-0.01877,-0.00848,-2.53685,-0.10765,-0.00276,0.01058,-0.00435,-0.09581,-0.00711,-0.10887,0.78194,0,0.02164,-0.00358
1.5598,-0.37082,-0.00949,0.02162,-0.00408,-0.01876,-0.00839,-2.53685,-0.10779,-0.00276,0.01048,-0.00437,-0.09638,-0.00713,-0.10909,0.78194,0,0.02164,-0.00358
1.5618,-0.37082,-0.00949,0.02159,-0.00410,-0.01863,-0.00831,-2.53685,-0.10793,-0.00276,0.01038,-0.00439,-0.09708,-0.00715,-0.10927,0.78188,0,0.02164,-0.00358
1.5638,-0.37082,-0.00949,0.02155,-0.00411,-0.01840,-0.00822,-2.53685,-0.10807,-0.00277,0.01028,-0.00440,-0.09779,-0.00717,-0.10947,0.78195,0,0.02164,-0.00358
1.5659,-0.37082,-0.00949,0.02151,-0.00413,-0.01815,-0.00813,-2.53685,-0.10821,-0.00277,0.01018,-0.00442,-0.09837,-0.00719,-0.10964,0.78189,0,0.02164,-0.00358
1.5679,-0.37082,-0.00949,0.02148,-0.00415,-0.01801,-0.00804,-2.53685,-0.10835,-0.00277,0.01007,-0.00444,-0.09883,-0.00721,-0.10987,0.78188,0,0.02164,-0.00358
1.5699,-0.37082,-0.00949,0.02144,-0.00416,-0.01798,-0.00795,-2.53685,-0.10849,-0.00278,0.00997,-0.00446,-0.09916,-0.00724,-0.11013,0.78183,0,0.02164,-0.00358
1.5719,-0.37082,-0.00949,0.02141,-0.00418,-0.01806,-0.00787,-2.53685,-0.10863,-0.00278,0.00987,-0.00448,-0.09935,-0.00726,-0.11033,0.78181,0,0.02164,-0.00358
1.5739,-0.37082,-0.00949,0.02137,-0.00419,-0.01825,-0.00778,-2.53685,-0.10877,-0.00279,0.00977,-0.00449,-0.09942,-0.00728,-0.11051,0.78181,0,0.02164,-0.00358
1.5759,-0.37082,-0.00949,0.02133,-0.00421,-0.01855,-0.00769,-2.53685,-0.10890,-0.00279,0.00967,-0.00451,-0.09937,-0.00730,-0.11071,0.78183,0,0.02164,-0.00358
1.5779,-0.37082,-0.00949,0.02129,-0.00422,-0.01895,-0.00760,-2.53685,-0.10904,-0.00279,0.00956,-0.00453,-0.09944,-0.00732,-0.11089,0.78180,0,0.02164,-0.00358
1.5799,-0.37082,-0.00949,0.02126,-0.00424,-0.01925,-0.00751,-2.53685,-0.10918,-0.00280,0.00946,-0.00454,-0.09964,-0.00734,-0.11110,0.78178,0,0.02164,-0.00358
1.5819,-0.37082,-0.00949,0.02122,-0.00425,-0.01944,-0.00742,-2.53685,-0.10932,-0.00280,0.00936,-0.00456,-0.09996,-0.00736,-0.11132,0.78177,0,0.02164,-0.00358
1.5839,-0.37082,-0.00949,0.02118,-0.00427,-0.01951,-0.00733,-2.53685,-0.10946,-0.00280,0.00925,-0.00458,-0.10021,-0.00738,-0.11147,0.78177,0,0.02164,-0.00358
1.5859,-0.37082,-0.00949,0.02114,-0.00428,-0.01966,-0.00724,-2.53685,-0.10960,-0.00281,0.00915,-0.00459,-0.10045,-0.00740,-0.11166,0.78174,0,0.02164,-0.00358
1.5879,-0.37082,-0.00949,0.02110,-0.00430,-0.01980,-0.00716,-2.53685,-0.10973,-0.00281,0.00904,-0.00461,-0.10069,-0.00742,-0.11184,0.78170,0,0.02164,-0.00358
1.5899,-0.37082,-0.00949,0.02106,-0.00431,-0.01995,-0.00707,-2.53685,-0.10987,-0.00281,0.00894,-0.00462,-0.10094,-0.00744,-0.11199,0.78168,0,0.02164,-0.00358
1.5919,-0.37082,-0.00949,0.02102,-0.00433,-0.02009,-0.00698,-2.53685,-0.11001,-0.00282,0.00883,-0.00464,-0.10118,-0.00746,-0.11223,0.78167,0,0.02164,-0.00358
1.5939,-0.37082,-0.00949,0.02098,-0.00434,-0.02024,-0.00689,-2.53685,-0.11015,-0.00282,0.00872,-0.00466,-0.10143,-0.00748,-0.11241,0.78166,0,0.02164,-0.00358
1.5959,-0.37082,-0.00949,0.02094,-0.00435,-0.02038,-0.00680,-2.53685,-0.11029,-0.00282,0.00862,-0.00467,-0.10167,-0.00750,-0.11266,0.78166,0,0.02164,-0.00358
1.5979,-0.37082,-0.00949,0.02090,-0.00437,-0.02052,-0.00671,-2.53685,-0.11043,-0.00283,0.00851,-0.00469,-0.10192,-0.00751,-0.11284,0.78166,0,0.02164,-0.00358
1.5999,-0.37082,-0.00949,0.02086,-0.00438,-0.02066,-0.00662,-2.53685,-0.11056,-0.00283,0.00840,-0.00470,-0.10216,-0.00753,-0.11301,0.78161,0,0.02164,-0.00358
1.6020,-0.36003,-0.00669,0.02020,-0.00492,-0.02267,-0.00835,-2.53393,-0.11070,-0.00283,0.01091,-0.00441,-0.10228,-0.00742,-0.11338,0.78161,0,0.02038,-0.00512
1.6040,-0.36003,-0.00669,0.02015,-0.00494,-0.02291,-0.00836,-2.53393,-0.11084,-0.00284,0.01080,-0.00443,-0.10227,-0.00726,-0.11338,0.78161,0,0.02038,-0.00512
1.6060,-0.36003,-0.00669,0.02011,-0.00496,-0.02325,-0.00841,-2.53393,-0.11098,-0.00284,0.01068,-0.00444,-0.10213,-0.00723,-0.11363,0.78155,0,0.02038,-0.00512
1.6080,-0.36003,-0.00669,0.02006,-0.00497,-0.02371,-0.00835,-2.53393,-0.11112,-0.00285,0.01057,-0.00446,-0.10187,-0.00731,-0.11388,0.78156,0,0.02038,-0.00512
1.6100,-0.36003,-0.00669,0.02001,-0.00499,-0.02427,-0.00820,-2.53393,-0.11126,-0.00285,0.01046,-0.00448,-0.10147,-0.00733,-0.11406,0.78155,0,0.02038,-0.00512
1.6120,-0.36003,-0.00669,0.01996,-0.00501,-0.02494,-0.00810,-2.53393,-0.11140,-0.00285,0.01034,-0.00450,-0.10106,-0.00735,-0.11429,0.78152,0,0.02038,-0.00512
1.6140,-0.36003,-0.00669,0.01991,-0.00502,-0.02563,-0.00800,-2.53393,-0.11153,-0.00286,0.01022,-0.00452,-0.10077,-0.00737,-0.11447,0.78151,0,0.02038,-0.00512
1.6160,-0.36003,-0.00669,0.01986,-0.00504,-0.02621,-0.00790,-2.53393,-0.11167,-0.00286,0.01010,-0.00453,-0.10061,-0.00739,-0.11467,0.78151,0,0.02038,-0.00512
1.6180,-0.36003,-0.00669,0.01981,-0.00506,-0.02668,-0.00779,-2.53393,-0.11181,-0.00286,0.00998,-0.00455,-0.10057,-0.00741,-0.11488,0.78150,0,0.02038,-0.00512
1.6200,-0.36003,-0.00669,0.01975,-0.00507,-0.02704,-0.00769,-2.53393,-0.11195,-0.00287,0.00986,-0.00457,-0.10067,-0.00744,-0.11505,0.78149,0,0.02038,-0.00512
1.6220,-0.36003,-0.00669,0.01970,-0.00509,-0.02729,-0.00759,-2.53393,-0.11209,-0.00287,0.00974,-0.00459,-0.10089,-0.00746,-0.11526,0.78146,0,0.02038,-0.00512
1.6240,-0.36003,-0.00669,0.01964,-0.00510,-0.02743,-0.00748,-2.53393,-0.11223,-0.00287,0.00962,-0.00460,-0.10124,-0.00748,-0.11546,0.78144,0,0.02038,-0.00512
1.6260,-0.36003,-0.00669,0.01959,-0.00512,-0.02746,-0.00738,-2.53393,-0.11236,-0.00288,0.00950,-0.00462,-0.10172,-0.00750,-0.11564,0.78145,0,0.02038,-0.00512
1.6280,-0.36003,-0.00669,0.01953,-0.00513,-0.02738,-0.00728,-2.53393,-0.11250,-0.00288,0.00937,-0.00464,-0.10232,-0.00752,-0.11584,0.78141,0,0.02038,-0.00512
1.6300,-0.36003,-0.00669,0.01948,-0.00514,-0.02719,-0.00717,-2.53393,-0.11264,-0.00288,0.00925,-0.00465,-0.10306,-0.00754,-0.11604,0.78141,0,0.02038,-0.00512
1.6320,-0.36003,-0.00669,0.01943,-0.00516,-0.02688,-0.00707,-2.53393,-0.11278,-0.00289,0.00913,-0.00467,-0.10367,-0.00756,-0.11627,0.78139,0,0.02038,-0.00512
1.6340,-0.36003,-0.00669,0.01937,-0.00517,-0.02669,-0.00697,-2.53393,-0.11292,-0.00289,0.00901,-0.00468,-0.10414,-0.00758,-0.11644,0.78138,0,0.02038,-0.00512
1.6360,-0.36003,-0.00669,0.01932,-0.00519,-0.02660,-0.00686,-2.53393,-0.11305,-0.00289,0.00889,-0.00470,-0.10450,-0.00759,-0.11666,0.78136,0,0.02038,-0.00512
1.6380,-0.36003,-0.00669,0.01927,-0.00520,-0.02663,-0.00676,-2.53393,-0.11319,-0.00290,0.00877,-0.00471,-0.10472,-0.00761,-0.11686,0.78138,0,0.02038,-0.00512
1.6400,-0.36003,-0.00669,0.01921,-0.00521,-0.02676,-0.00666,-2.53393,-0.11333,-0.00290,0.00865,-0.00473,-0.10481,-0.00763,-0.11708,0.78134,0,0.02038,-0.00512
1.6420,-0.36003,-0.00669,0.01916,-0.00523,-0.02700,-0.00655,-2.53393,-0.11347,-0.00291,0.00852,-0.00474,-0.10495,-0.00765,-0.11726,0.78136,0,0.02038,-0.00512
1.6440,-0.36003,-0.00669,0.01910,-0.00524,-0.02721,-0.00645,-2.53393,-0.11361,-0.00291,0.00840,-0.00476,-0.10521,-0.00767,-0.11751,0.78131,0,0.02038,-0.00512
1.6460,-0.36003,-0.00669,0.01905,-0.00525,-0.02730,-0.00634,-2.53393,-0.11375,-0.00291,0.00828,-0.00477,-0.10547,-0.00769,-0.11771,0.78128,0,0.02038,-0.00512
1.6480,-0.36003,-0.00669,0.01899,-0.00527,-0.02740,-0.00624,-2.53393,-0.11388,-0.00292,0.00816,-0.00479,-0.10573,-0.00770,-0.11794,0.78129,0,0.02038,-0.00512
1.6500,-0.36003,-0.00669,0.01894,-0.00528,-0.02749,-0.00614,-2.53393,-0.11402,-0.00292,0.00803,-0.00480,-0.10599,-0.00772,-0.11816,0.78124,0,0.02038,-0.00512
1.6520,-0.36003,-0.00669,0.01888,-0.00529,-0.02758,-0.00603,-2.53393,-0.11416,-0.00292,0.00791,-0.00482,-0.10625,-0.00774,-0.11836,0.78123,0,0.02038,-0.00512
1.6540,-0.36003,-0.00669,0.01883,-0.00530,-0.02768,-0.00593,-2.53393,-0.11430,-0.00293,0.00779,-0.00483,-0.10651,-0.00776,-0.11857,0.78121,0,0.02038,-0.00512
1.6560,-0.36003,-0.00669,0.01877,-0.00531,-0.02777,-0.00583,-2.53393,-0.11444,-0.00293,0.00766,-0.00484,-0.10678,-0.00777,-0.11883,0.78118,0,0.02038,-0.00512
1.6580,-0.36003,-0.00669,0.01872,-0.00533,-0.02786,-0.00572,-2.53393,-0.11458,-0.00293,0.00754,-0.00486,-0.10704,-0.00779,-0.11899,0.78119,0,0.02038,-0.00512
1.6600,-0.36003,-0.00669,0.01866,-0.00534,-0.02794,-0.00562,-2.53393,-0.11471,-0.00294,0.00741,-0.00487,-0.10730,-0.00781,-0.11924,0.78122,0,0.02038,-0.00512
1.6620,-0.36003,-0.00669,0.01861,-0.00535,-0.02803,-0.00551,-2.53393,-0.11485,-0.00294,0.00729,-0.00488,-0.10757,-0.00782,-0.11944,0.78117,0,0.02038,-0.00512
1.6640,-0.36003,-0.00669,0.01855,-0.00536,-0.02811,-0.00541,-2.53393,-0.11499,-0.00294,0.00716,-0.00490,-0.10783,-0.00784,-0.11966,0.78118,0,0.02038,-0.00512
1.6660,-0.36003,-0.00669,0.01849,-0.00537,-0.02820,-0.00531,-2.53393,-0.11513,-0.00295,0.00704,-0.00491,-0.10809,-0.00786,-0.11985,0.78114,0,0.02038,-0.00512
1.6680,-0.36003,-0.00669,0.01844,-0.00538,-0.02828,-0.00520,-2.53393,-0.11527,-0.00295,0.00691,-0.00492,-0.10836,-0.00787,-0.12009,0.78113,0,0.02038,-0.00512
1.6700,-0.36003,-0.00669,0.01838,-0.00539,-0.02836,-0.00510,-2.53393,-0.11541,-0.00296,0.00678,-0.00493,-0.10862,-0.00789,-0.12030,0.78109,0,0.02038,-0.00512
1.6720,-0.35024,-0.00502,0.01803,-0.00580,-0.02918,-0.00634,-2.53222,-0.11555,-0.00296,0.00930,-0.00484,-0.10876,-0.00780,-0.12069,0.78108,0,0.01891,-0.00590
1.6740,-0.35024,-0.00502,0.01797,-0.00581,-0.02936,-0.00632,-2.53222,-0.11568,-0.00296,0.00917,-0.00486,-0.10877,-0.00782,-0.12069,0.78108,0,0.01891,-0.00590
1.6760,-0.35024,-0.00502,0.01792,-0.00582,-0.02965,-0.00620,-2.53222,-0.11582,-0.00297,0.00905,-0.00487,-0.10865,-0.00784,-0.12092,0.78102,0,0.01891,-0.00590
1.6781,-0.35024,-0.00502,0.01786,-0.00584,-0.03006,-0.00609,-2.53222,-0.11596,-0.00297,0.00892,-0.00489,-0.10840,-0.00786,-0.12110,0.78109,0,0.01891,-0.00590
1.6801,-0.35024,-0.00502,0.01779,-0.00585,-0.03057,-0.00598,-2.53222,-0.11610,-0.00297,0.00878,-0.00490,-0.10803,-0.00787,-0.12136,0.78101,0,0.01891,-0.00590
1.6821,-0.35024,-0.00502,0.01773,-0.00586,-0.03118,-0.00586,-2.53222,-0.11624,-0.00298,0.00865,-0.00491,-0.10759,-0.00789,-0.12151,0.78103,0,0.01891,-0.00590
1.6841,-0.35024,-0.00502,0.01767,-0.00587,-0.03185,-0.00575,-2.53222,-0.11638,-0.00298,0.00852,-0.00493,-0.10728,-0.00791,-0.12182,0.78101,0,0.01891,-0.00590
1.6861,-0.35024,-0.00502,0.01761,-0.00588,-0.03241,-0.00564,-2.53222,-0.11652,-0.00298,0.00839,-0.00494,-0.10710,-0.00792,-0.12197,0.78098,0,0.01891,-0.00590
1.6881,-0.35024,-0.00502,0.01754,-0.00589,-0.03286,-0.00552,-2.53222,-0.11666,-0.00299,0.00825,-0.00495,-0.10705,-0.00794,-0.12217,0.78096,0,0.01891,-0.00590
1.6901,-0.35024,-0.00502,0.01747,-0.00591,-0.03320,-0.00541,-2.53222,-0.11679,-0.00299,0.00811,-0.00497,-0.10712,-0.00796,-0.12241,0.78094,0,0.01891,-0.00590
1.6921,-0.35024,-0.00502,0.01741,-0.00592,-0.03343,-0.00530,-2.53222,-0.11693,-0.00299,0.00798,-0.00498,-0.10732,-0.00797,-0.12262,0.78090,0,0.01891,-0.00590
1.6941,-0.35024,-0.00502,0.01734,-0.00593,-0.03354,-0.00518,-2.53222,-0.11707,-0.00300,0.00784,-0.00499,-0.10765,-0.00799,-0.12287,0.78089,0,0.01891,-0.00590
1.6961,-0.35024,-0.00502,0.01727,-0.00594,-0.03355,-0.00507,-2.53222,-0.11721,-0.00300,0.00770,-0.00500,-0.10811,-0.00800,-0.12305,0.78089,0,0.01891,-0.00590
1.6981,-0.35024,-0.00502,0.01721,-0.00595,-0.03345,-0.00496,-2.53222,-0.11735,-0.00300,0.00756,-0.00502,-0.10870,-0.00802,-0.12327,0.78086,0,0.01891,-0.00590
1.7001,-0.35024,-0.00502,0.01714,-0.00596,-0.03323,-0.00484,-2.53222,-0.11749,-0.00301,0.00743,-0.00503,-0.10942,-0.00804,-0.12348,0.78086,0,0.01891,-0.00590
1.7021,-0.35024,-0.00502,0.01707,-0.00597,-0.03291,-0.00473,-2.53222,-0.11762,-0.00301,0.00729,-0.00504,-0.11026,-0.00805,-0.12370,0.78083,0,0.01891,-0.00590
1.7041,-0.35024,-0.00502,0.01701,-0.00598,-0.03247,-0.00462,-2.53222,-0.11776,-0.00302,0.00715,-0.00505,-0.11097,-0.00807,-0.12393,0.78084,0,0.01891,-0.00590
1.7061,-0.35024,-0.00502,0.01694,-0.00599,-0.03214,-0.00451,-2.53222,-0.11790,-0.00302,0.00702,-0.00506,-0.11156,-0.00808,-0.12415,0.78083,0,0.01891,-0.00590
1.7081,-0.35024,-0.00502,0.01688,-0.00599,-0.03193,-0.00439,-2.53222,-0.11804,-0.00302,0.00688,-0.00507,-0.11202,-0.00809,-0.12440,0.78080,0,0.01891,-0.00590
1.7101,-0.35024,-0.00502,0.01682,-0.00600,-0.03181,-0.00428,-2.53222,-0.11818,-0.00303,0.00675,-0.00508,-0.11235,-0.00811,-0.12458,0.78080,0,0.01891,-0.00590
1.7121,-0.35024,-0.00502,0.01675,-0.00601,-0.03181,-0.00417,-2.53222,-0.11832,-0.00303,0.00662,-0.00509,-0.11255,-0.00812,-0.12486,0.78078,0,0.01891,-0.00590
1.7141,-0.35024,-0.00502,0.01669,-0.00602,-0.03192,-0.00405,-2.53222,-0.11845,-0.00303,0.00648,-0.00510,-0.11263,-0.00814,-0.12510,0.78074,0,0.01891,-0.00590
1.7161,-0.35024,-0.00502,0.01662,-0.00603,-0.03213,-0.00394,-2.53222,-0.11859,-0.00304,0.00635,-0.00511,-0.11257,-0.00815,-0.12526,0.78075,0,0.01891,-0.00590
1.7181,-0.35024,-0.00502,0.01656,-0.00604,-0.03246,-0.00383,-2.53222,-0.11873,-0.00304,0.00621,-0.00512,-0.11252,-0.00816,-0.12548,0.78075,0,0.01891,-0.00590
1.7201,-0.35024,-0.00502,0.01649,-0.00604,-0.03278,-0.00372,-2.53222,-0.11887,-0.00304,0.00607,-0.00513,-0.11259,-0.00817,-0.12577,0.78072,0,0.01891,-0.00590
1.7221,-0.35024,-0.00502,0.01643,-0.00605,-0.03299,-0.00360,-2.53222,-0.11901,-0.00305,0.00594,-0.00514,-0.11280,-0.00819,-0.12597,0.78072,0,0.01891,-0.00590
1.7241,-0.35024,-0.00502,0.01636,-0.00606,-0.03309,-0.00349,-2.53222,-0.11914,-0.00305,0.00580,-0.00515,-0.11313,-0.00820,-0.12622,0.78070,0,0.01891,-0.00590
1.7261,-0.35024,-0.00502,0.01630,-0.00606,-0.03308,-0.00338,-2.53222,-0.11928,-0.00305,0.00566,-0.00516,-0.11359,-0.00821,-0.12638,0.78069,0,0.01891,-0.00590
1.7281,-0.35024,-0.00502,0.01623,-0.00607,-0.03296,-0.00327,-2.53222,-0.11942,-0.00306,0.00552,-0.00517,-0.11392,-0.00822,-0.12663,0.78066,0,0.01891,-0.00590
1.7301,-0.35024,-0.00502,0.01616,-0.00608,-0.03295,-0.00315,-2.53222,-0.11956,-0.00306,0.00538,-0.00517,-0.11418,-0.00824,-0.12685,0.78063,0,0.01891,-0.00590
1.7321,-0.35024,-0.00502,0.01610,-0.00608,-0.03300,-0.00304,-2.53222,-0.11970,-0.00307,0.00525,-0.00518,-0.11445,-0.00825,-0.12707,0.78060,0,0.01891,-0.00590
1.7341,-0.35024,-0.00502,0.01603,-0.00609,-0.03303,-0.00293,-2.53222,-0.11984,-0.00307,0.00511,-0.00519,-0.11473,-0.00826,-0.12732,0.78058,0,0.01891,-0.00590
1.7361,-0.35024,-0.00502,0.01597,-0.00609,-0.03306,-0.00282,-2.53222,-0.11997,-0.00307,0.00497,-0.00520,-0.11500,-0.00827,-0.12754,0.78059,0,0.01891,-0.00590
1.7381,-0.35024,-0.00502,0.01590,-0.00610,-0.03309,-0.00271,-2.53222,-0.12011,-0.00308,0.00483,-0.00521,-0.11528,-0.00828,-0.12782,0.78058,0,0.01891,-0.00590
1.7401,-0.34013,-0.00273,0.01566,-0.00678,-0.03358,-0.00485,-2.52446,-0.12025,-0.00308,0.00755,-0.00520,-0.11543,-0.00828,-0.12824,0.78052,0,0.01686,-0.00721
1.7421,-0.34013,-0.00273,0.01559,-0.00679,-0.03372,-0.00474,-2.52446,-0.12039,-0.00308,0.00741,-0.00521,-0.11545,-0.00829,-0.12824,0.78052,0,0.01686,-0.00721
1.7441,-0.34013,-0.00273,0.01552,-0.00680,-0.03396,-0.00462,-2.52446,-0.12053,-0.00309,0.00727,-0.00522,-0.11534,-0.00831,-0.12842,0.78051,0,0.01686,-0.00721
1.7461,-0.34013,-0.00273,0.01545,-0.00680,-0.03431,-0.00449,-2.52446,-0.12067,-0.00309,0.00713,-0.00523,-0.11511,-0.00832,-0.12866,0.78052,0,0.01686,-0.00721
1.7481,-0.34013,-0.00273,0.01538,-0.00681,-0.03477,-0.00436,-2.52446,-0.12081,-0.00309,0.00698,-0.00524,-0.11474,-0.00834,-0.12893,0.78049,0,0.01686,-0.00721
1.7501,-0.34013,-0.00273,0.01531,-0.00682,-0.03534,-0.00424,-2.52446,-0.12094,-0.00310,0.00684,-0.00525,-0.11425,-0.00835,-0.12910,0.78050,0,0.01686,-0.00721
1.7522,-0.34013,-0.00273,0.01524,-0.00683,-0.03601,-0.00411,-2.52446,-0.12108,-0.00310,0.00670,-0.00526,-0.11389,-0.00836,-0.12937,0.78047,0,0.01686,-0.00721
1.7542,-0.34013,-0.00273,0.01517,-0.00684,-0.03657,-0.00398,-2.52446,-0.12122,-0.00310,0.00655,-0.00527,-0.11366,-0.00838,-0.12960,0.78042,0,0.01686,-0.00721
1.7562,-0.34013,-0.00273,0.01510,-0.00685,-0.03703,-0.00386,-2.52446,-0.12136,-0.00311,0.00641,-0.00528,-0.11355,-0.00839,-0.12984,0.78043,0,0.01686,-0.00721
1.7582,-0.34013,-0.00273,0.01502,-0.00685,-0.03737,-0.00373,-2.52446,-0.12150,-0.00311,0.00626,-0.00529,-0.11357,-0.00840,-0.12998,0.78045,0,0.01686,-0.00721
1.7602,-0.34013,-0.00273,0.01495,-0.00686,-0.03760,-0.00360,-2.52446,-0.12164,-0.00311,0.00611,-0.00530,-0.11372,-0.00842,-0.13025,0.78035,0,0.01686,-0.00721
1.7622,-0.34013,-0.00273,0.01487,-0.00687,-0.03773,-0.00348,-2.52446,-0.12177,-0.00312,0.00596,-0.00531,-0.11399,-0.00843,-0.13050,0.78037,0,0.01686,-0.00721
1.7642,-0.34013,-0.00273,0.01480,-0.00688,-0.03774,-0.00335,-2.52446,-0.12191,-0.00312,0.00581,-0.00532,-0.11440,-0.00844,-0.13072,0.78038,0,0.01686,-0.00721
1.7662,-0.34013,-0.00273,0.01472,-0.00688,-0.03764,-0.00323,-2.52446,-0.12205,-0.00313,0.00566,-0.00533,-0.11493,-0.00845,-0.13099,0.78032,0,0.01686,-0.00721
1.7682,-0.34013,-0.00273,0.01464,-0.00689,-0.03743,-0.00310,-2.52446,-0.12219,-0.00313,0.00552,-0.00534,-0.11559,-0.00846,-0.13117,0.78033,0,0.01686,-0.00721
1.7702,-0.34013,-0.00273,0.01457,-0.00689,-0.03711,-0.00297,-2.52446,-0.12233,-0.00313,0.00537,-0.00534,-0.11638,-0.00848,-0.13140,0.78034,0,0.01686,-0.00721
1.7722,-0.34013,-0.00273,0.01450,-0.00690,-0.03668,-0.00285,-2.52446,-0.12247,-0.00314,0.00522,-0.00535,-0.11724,-0.00849,-0.13167,0.78028,0,0.01686,-0.00721
1.7742,-0.34013,-0.00273,0.01442,-0.00691,-0.03618,-0.00272,-2.52446,-0.12260,-0.00314,0.00507,-0.00536,-0.11798,-0.00850,-0.13192,0.78027,0,0.01686,-0.00721
1.7762,-0.34013,-0.00273,0.01435,-0.00691,-0.03579,-0.00260,-2.52446,-0.12274,-0.00314,0.00493,-0.00537,-0.11859,-0.00851,-0.13218,0.78024,0,0.01686,-0.00721
1.7782,-0.34013,-0.00273,0.01428,-0.00692,-0.03551,-0.00247,-2.52446,-0.12288,-0.00315,0.00478,-0.00537,-0.11906,-0.00852,-0.13241,0.78025,0,0.01686,-0.00721
1.7802,-0.34013,-0.00273,0.01421,-0.00692,-0.03534,-0.00235,-2.52446,-0.12302,-0.00315,0.00464,-0.00538,-0.11941,-0.00853,-0.13266,0.78023,0,0.01686,-0.00721
1.7822,-0.34013,-0.00273,0.01414,-0.00693,-0.03528,-0.00222,-2.52446,-0.12316,-0.00315,0.00449,-0.00539,-0.11964,-0.00854,-0.13289,0.78024,0,0.01686,-0.00721
1.7842,-0.34013,-0.00273,0.01407,-0.00693,-0.03532,-0.00210,-2.52446,-0.12330,-0.00316,0.00435,-0.00539,-0.11973,-0.00855,-0.13309,0.78019,0,0.01686,-0.00721
1.7862,-0.34013,-0.00273,0.01400,-0.00693,-0.03548,-0.00197,-2.52446,-0.12344,-0.00316,0.00420,-0.00540,-0.11970,-0.00856,-0.13338,0.78018,0,0.01686,-0.00721
1.7882,-0.34013,-0.00273,0.01393,-0.00694,-0.03574,-0.00185,-2.52446,-0.12358,-0.00316,0.00406,-0.00540,-0.11954,-0.00857,-0.13363,0.78019,0,0.01686,-0.00721
1.7902,-0.34013,-0.00273,0.01385,-0.00694,-0.03611,-0.00172,-2.52446,-0.12371,-0.00317,0.00391,-0.00541,-0.11950,-0.00858,-0.13382,0.78017,0,0.01686,-0.00721
1.7922,-0.34013,-0.00273,0.01378,-0.00694,-0.03637,-0.00160,-2.52446,-0.12385,-0.00317,0.00376,-0.00541,-0.11960,-0.00859,-0.13410,0.78014,0,0.01686,-0.00721
1.7943,-0.34013,-0.00273,0.01371,-0.00695,-0.03652,-0.00148,-2.52446,-0.12399,-0.00317,0.00362,-0.00542,-0.11982,-0.00859,-0.13434,0.78012,0,0.01686,-0.00721
1.7963,-0.34013,-0.00273,0.01364,-0.00695,-0.03656,-0.00135,-2.52446,-0.12413,-0.00318,0.00347,-0.00542,-0.12017,-0.00860,-0.13434,0.78012,0,0.01686,-0.00721
1.7983,-0.34013,-0.00273,0.01356,-0.00695,-0.03648,-0.00123,-2.52446,-0.12427,-0.00318,0.00332,-0.00543,-0.12065,-0.00861,-0.13476,0.78009,0,0.01686,-0.00721
1.8003,-0.34013,-0.00273,0.01349,-0.00696,-0.03630,-0.00110,-2.52446,-0.12441,-0.00319,0.00317,-0.00543,-0.12124,-0.00862,-0.13501,0.78008,0,0.01686,-0.00721
1.8023,-0.33803,-0.00141,0.01352,-0.00769,-0.03602,-0.00348,-2.52417,-0.12455,-0.00319,0.00376,-0.00577,-0.12170,-0.00875,-0.13551,0.78005,0,0.01508,-0.00828
1.8043,-0.33803,-0.00141,0.01345,-0.00770,-0.03585,-0.00324,-2.52417,-0.12469,-0.00319,0.00361,-0.00578,-0.12204,-0.00897,-0.13551,0.78005,0,0.01508,-0.00828
1.8063,-0.33803,-0.00141,0.01338,-0.00770,-0.03579,-0.00292,-2.52417,-0.12483,-0.00320,0.00347,-0.00579,-0.12224,-0.00907,-0.13572,0.78001,0,0.01508,-0.00828
1.8083,-0.33803,-0.00141,0.01331,-0.00771,-0.03583,-0.00271,-2.52417,-0.12496,-0.00320,0.00332,-0.00580,-0.12232,-0.00903,-0.13597,0.77999,0,0.01508,-0.00828
1.8103,-0.33803,-0.00141,0.01323,-0.00771,-0.03599,-0.00261,-2.52417,-0.12510,-0.00320,0.00317,-0.00580,-0.12227,-0.00901,-0.13622,0.77998,0,0.01508,-0.00828
1.8123,-0.33803,-0.00141,0.01316,-0.00772,-0.03625,-0.00250,-2.52417,-0.12524,-0.00321,0.00302,-0.00581,-0.12222,-0.00902,-0.13646,0.78000,0,0.01508,-0.00828
1.8143,-0.33803,-0.00141,0.01309,-0.00772,-0.03651,-0.00237,-2.52417,-0.12538,-0.00321,0.00288,-0.00582,-0.12229,-0.00903,-0.13666,0.77992,0,0.01508,-0.00828
1.8163,-0.33803,-0.00141,0.01302,-0.00773,-0.03667,-0.00223,-2.52417,-0.12552,-0.00321,0.00273,-0.00583,-0.12249,-0.00904,-0.13691,0.77994,0,0.01508,-0.00828
1.8183,-0.33803,-0.00141,0.01294,-0.00773,-0.03671,-0.00209,-2.52417,-0.12566,-0.00322,0.00258,-0.00583,-0.12283,-0.00905,-0.13722,0.77994,0,0.01508,-0.00828
1.8203,-0.33803,-0.00141,0.01287,-0.00774,-0.03664,-0.00195,-2.52417,-0.12579,-0.00322,0.00243,-0.00584,-0.12328,-0.00906,-0.13737,0.77987,0,0.01508,-0.00828
1.8227,-0.33803,-0.00141,0.01280,-0.00774,-0.03647,-0.00181,-2.52417,-0.12596,-0.00323,0.00227,-0.00584,-0.12369,-0.00907,-0.13788,0.77985,0,0.01508,-0.00828
1.8247,-0.33803,-0.00141,0.01272,-0.00774,-0.03633,-0.00167,-2.52417,-0.12610,-0.00323,0.00212,-0.00585,-0.12398,-0.00908,-0.13816,0.77981,0,0.01508,-0.00828
1.8267,-0.33803,-0.00141,0.01265,-0.00775,-0.03630,-0.00154,-2.52417,-0.12623,-0.00323,0.00197,-0.00585,-0.12426,-0.00909,-0.13816,0.77981,0,0.01508,-0.00828
1.8287,-0.33803,-0.00141,0.01258,-0.00775,-0.03626,-0.00140,-2.52417,-0.12637,-0.00324,0.00182,-0.00586,-0.12455,-0.00910,-0.13865,0.77978,0,0.01508,-0.00828
1.8307,-0.33803,-0.00141,0.01251,-0.00775,-0.03623,-0.00126,-2.52417,-0.12651,-0.00324,0.00167,-0.00586,-0.12484,-0.00910,-0.13865,0.77978,0,0.01508,-0.00828
1.8327,-0.33803,-0.00141,0.01243,-0.00775,-0.03619,-0.00112,-2.52417,-0.12665,-0.00324,0.00152,-0.00587,-0.12513,-0.00911,-0.13917,0.77977,0,0.01508,-0.00828
1.8347,-0.33803,-0.00141,0.01236,-0.00776,-0.03615,-0.00099,-2.52417,-0.12679,-0.00325,0.00137,-0.00587,-0.12541,-0.00912,-0.13917,0.77977,0,0.01508,-0.00828
1.8367,-0.33803,-0.00141,0.01229,-0.00776,-0.03611,-0.00085,-2.52417,-0.12693,-0.00325,0.00123,-0.00588,-0.12570,-0.00913,-0.13967,0.77971,0,0.01508,-0.00828
1.8388,-0.33803,-0.00141,0.01222,-0.00776,-0.03607,-0.00072,-2.52417,-0.12707,-0.00325,0.00108,-0.00588,-0.12599,-0.00913,-0.13997,0.77969,0,0.01508,-0.00828
1.8408,-0.33803,-0.00141,0.01214,-0.00776,-0.03603,-0.00058,-2.52417,-0.12721,-0.00326,0.00093,-0.00588,-0.12628,-0.00914,-0.14011,0.77971,0,0.01508,-0.00828
1.8428,-0.33803,-0.00141,0.01207,-0.00776,-0.03598,-0.00044,-2.52417,-0.12734,-0.00326,0.00078,-0.00589,-0.12656,-0.00915,-0.14011,0.77971,0,0.01508,-0.00828
1.8448,-0.33803,-0.00141,0.01200,-0.00776,-0.03594,-0.00031,-2.52417,-0.12748,-0.00326,0.00063,-0.00589,-0.12685,-0.00915,-0.14067,0.77970,0,0.01508,-0.00828
1.8468,-0.33803,-0.00141,0.01193,-0.00776,-0.03589,-0.00017,-2.52417,-0.12762,-0.00327,0.00048,-0.00589,-0.12714,-0.00916,-0.14088,0.77961,0,0.01508,-0.00828
1.8488,-0.33803,-0.00141,0.01186,-0.00776,-0.03585,-0.00004,-2.52417,-0.12776,-0.00327,0.00033,-0.00589,-0.12743,-0.00916,-0.14115,0.77963,0,0.01508,-0.00828
1.8508,-0.33803,-0.00141,0.01179,-0.00776,-0.03580,0.00010,-2.52417,-0.12790,-0.00327,0.00019,-0.00589,-0.12771,-0.00917,-0.14115,0.77963,0,0.01508,-0.00828
1.8528,-0.33803,-0.00141,0.01171,-0.00776,-0.03575,0.00023,-2.52417,-0.12804,-0.00328,0.00004,-0.00590,-0.12800,-0.00918,-0.14165,0.77957,0,0.01508,-0.00828
1.8548,-0.33803,-0.00141,0.01164,-0.00776,-0.03570,0.00037,-2.52417,-0.12818,-0.00328,-0.00011,-0.00590,-0.12829,-0.00918,-0.14185,0.77957,0,0.01508,-0.00828
1.8568,-0.33803,-0.00141,0.01157,-0.00776,-0.03565,0.00050,-2.52417,-0.12831,-0.00329,-0.00026,-0.00590,-0.12857,-0.00918,-0.14212,0.77955,0,0.01508,-0.00828
1.8588,-0.33803,-0.00141,0.01150,-0.00776,-0.03559,0.00064,-2.52417,-0.12845,-0.00329,-0.00041,-0.00590,-0.12886,-0.00919,-0.14237,0.77949,0,0.01508,-0.00828
1.8608,-0.33803,-0.00141,0.01143,-0.00776,-0.03554,0.00077,-2.52417,-0.12859,-0.00329,-0.00056,-0.00590,-0.12915,-0.00919,-0.14264,0.77949,0,0.01508,-0.00828
1.8628,-0.33803,-0.00141,0.01136,-0.00776,-0.03548,0.00090,-2.52417,-0.12873,-0.00330,-0.00071,-0.00590,-0.12944,-0.00920,-0.14292,0.77951,0,0.01508,-0.00828
1.8649,-0.33803,-0.00141,0.01129,-0.00776,-0.03542,0.00104,-2.52417,-0.12887,-0.00330,-0.00086,-0.00590,-0.12973,-0.00920,-0.14315,0.77949,0,0.01508,-0.00828
1.8669,-0.33803,-0.00141,0.01122,-0.00775,-0.03537,0.00117,-2.52417,-0.12901,-0.00330,-0.00100,-0.00590,-0.13002,-0.00920,-0.14342,0.77942,0,0.01508,-0.00828
1.8689,-0.33803,-0.00141,0.01115,-0.00775,-0.03531,0.00130,-2.52417,-0.12915,-0.00331,-0.00115,-0.00590,-0.13030,-0.00921,-0.14368,0.77940,0,0.01508,-0.00828
1.8709,-0.32310,0.00075,0.01111,-0.00859,-0.03514,-0.00142,-2.51606,-0.12929,-0.00331,0.00321,-0.00609,-0.13046,-0.00934,-0.14396,0.77938,0,0.01264,-0.00936
1.8729,-0.32310,0.00075,0.01104,-0.00859,-0.03519,-0.00116,-2.51606,-0.12943,-0.00331,0.00306,-0.00610,-0.13049,-0.00941,-0.14420,0.77937,0,0.01264,-0.00936
1.8749,-0.32310,0.00075,0.01097,-0.00859,-0.03534,-0.00095,-2.51606,-0.12956,-0.00332,0.00291,-0.00610,-0.13039,-0.00942,-0.14450,0.77935,0,0.01264,-0.00936
1.8769,-0.32310,0.00075,0.01090,-0.00860,-0.03561,-0.00080,-2.51606,-0.12970,-0.00332,0.00277,-0.00611,-0.13017,-0.00943,-0.14475,0.77930,0,0.01264,-0.00936
1.8789,-0.32310,0.00075,0.01082,-0.00860,-0.03598,-0.00065,-2.51606,-0.12984,-0.00332,0.00261,-0.00611,-0.12981,-0.00943,-0.14498,0.77929,0,0.01264,-0.00936
1.8809,-0.32310,0.00075,0.01075,-0.00860,-0.03647,-0.00050,-2.51606,-0.12998,-0.00333,0.00246,-0.00611,-0.12933,-0.00944,-0.14527,0.77928,0,0.01264,-0.00936
1.8829,-0.32310,0.00075,0.01068,-0.00860,-0.03706,-0.00035,-2.51606,-0.13012,-0.00333,0.00231,-0.00612,-0.12872,-0.00945,-0.14552,0.77926,0,0.01264,-0.00936
1.8849,-0.32310,0.00075,0.01060,-0.00860,-0.03775,-0.00020,-2.51606,-0.13026,-0.00334,0.00216,-0.00612,-0.12810,-0.00945,-0.14578,0.77924,0,0.01264,-0.00936
1.8869,-0.32310,0.00075,0.01053,-0.00860,-0.03846,-0.00005,-2.51606,-0.13040,-0.00334,0.00200,-0.00612,-0.12761,-0.00946,-0.14603,0.77922,0,0.01264,-0.00936
1.8889,-0.32310,0.00075,0.01045,-0.00860,-0.03906,0.00010,-2.51606,-0.13054,-0.00334,0.00185,-0.00612,-0.12724,-0.00946,-0.14621,0.77923,0,0.01264,-0.00936
1.8909,-0.32310,0.00075,0.01037,-0.00860,-0.03955,0.00025,-2.51606,-0.13067,-0.00335,0.00169,-0.00612,-0.12700,-0.00947,-0.14647,0.77920,0,0.01264,-0.00936
1.8929,-0.32310,0.00075,0.01029,-0.00860,-0.03992,0.00040,-2.51606,-0.13081,-0.00335,0.00153,-0.00613,-0.12689,-0.00947,-0.14676,0.77917,0,0.01264,-0.00936
1.8949,-0.32310,0.00075,0.01021,-0.00860,-0.04019,0.00054,-2.51606,-0.13095,-0.00335,0.00137,-0.00613,-0.12691,-0.00948,-0.14698,0.77917,0,0.01264,-0.00936
1.8969,-0.32310,0.00075,0.01013,-0.00860,-0.04034,0.00069,-2.51606,-0.13109,-0.00336,0.00121,-0.00613,-0.12706,-0.00948,-0.14721,0.77911,0,0.01264,-0.00936
1.8989,-0.32310,0.00075,0.01005,-0.00860,-0.04039,0.00084,-2.51606,-0.13123,-0.00336,0.00106,-0.00613,-0.12733,-0.00949,-0.14744,0.77912,0,0.01264,-0.00936
1.9010,-0.32310,0.00075,0.00997,-0.00859,-0.04032,0.00099,-2.51606,-0.13137,-0.00336,0.00090,-0.00613,-0.12773,-0.00949,-0.14773,0.77908,0,0.01264,-0.00936
1.9030,-0.32310,0.00075,0.00989,-0.00859,-0.04014,0.00113,-2.51606,-0.13150,-0.00337,0.00074,-0.00613,-0.12826,-0.00949,-0.14799,0.77909,0,0.01264,-0.00936
1.9050,-0.32310,0.00075,0.00981,-0.00859,-0.03985,0.00128,-2.51606,-0.13164,-0.00337,0.00058,-0.00613,-0.12892,-0.00950,-0.14828,0.77901,0,0.01264,-0.00936
1.9070,-0.32310,0.00075,0.00973,-0.00859,-0.03945,0.00143,-2.51606,-0.13178,-0.00337,0.00042,-0.00613,-0.12970,-0.00950,-0.14854,0.77901,0,0.01264,-0.00936
1.9090,-0.32310,0.00075,0.00965,-0.00858,-0.03894,0.00157,-2.51606,-0.13192,-0.00338,0.00026,-0.00613,-0.13062,-0.00950,-0.14879,0.77900,0,0.01264,-0.00936
1.9110,-0.32310,0.00075,0.00957,-0.00858,-0.03832,0.00172,-2.51606,-0.13206,-0.00338,0.00010,-0.00612,-0.13166,-0.00951,-0.14910,0.77894,0,0.01264,-0.00936
1.9130,-0.32310,0.00075,0.00950,-0.00858,-0.03759,0.00187,-2.51606,-0.13220,-0.00339,-0.00005,-0.00612,-0.13257,-0.00951,-0.14936,0.77895,0,0.01264,-0.00936
1.9150,-0.32310,0.00075,0.00942,-0.00857,-0.03697,0.00201,-2.51606,-0.13233,-0.00339,-0.00020,-0.00612,-0.13336,-0.00951,-0.14960,0.77890,0,0.01264,-0.00936
1.9170,-0.32310,0.00075,0.00935,-0.00857,-0.03645,0.00216,-2.51606,-0.13247,-0.00339,-0.00036,-0.00612,-0.13402,-0.00951,-0.14989,0.77890,0,0.01264,-0.00936
1.9190,-0.32310,0.00075,0.00928,-0.00856,-0.03605,0.00230,-2.51606,-0.13261,-0.00340,-0.00051,-0.00612,-0.13455,-0.00951,-0.15018,0.77890,0,0.01264,-0.00936
1.9210,-0.32310,0.00075,0.00921,-0.00856,-0.03575,0.00245,-2.51606,-0.13275,-0.00340,-0.00066,-0.00611,-0.13495,-0.00951,-0.15049,0.77888,0,0.01264,-0.00936
1.9230,-0.32310,0.00075,0.00913,-0.00855,-0.03556,0.00259,-2.51606,-0.13289,-0.00340,-0.00081,-0.00611,-0.13522,-0.00951,-0.15079,0.77887,0,0.01264,-0.00936
1.9250,-0.32310,0.00075,0.00906,-0.00855,-0.03547,0.00273,-2.51606,-0.13303,-0.00341,-0.00097,-0.00611,-0.13537,-0.00951,-0.15103,0.77879,0,0.01264,-0.00936
1.9270,-0.32310,0.00075,0.00899,-0.00854,-0.03550,0.00288,-2.51606,-0.13317,-0.00341,-0.00112,-0.00610,-0.13538,-0.00951,-0.15128,0.77883,0,0.01264,-0.00936
1.9290,-0.32310,0.00075,0.00892,-0.00854,-0.03563,0.00302,-2.51606,-0.13331,-0.00341,-0.00127,-0.00610,-0.13527,-0.00951,-0.15161,0.77879,0,0.01264,-0.00936
1.9310,-0.32310,0.00075,0.00885,-0.00853,-0.03588,0.00316,-2.51606,-0.13344,-0.00342,-0.00142,-0.00610,-0.13503,-0.00951,-0.15185,0.77877,0,0.01264,-0.00936
1.9330,-0.32310,0.00075,0.00878,-0.00853,-0.03623,0.00331,-2.51606,-0.13358,-0.00342,-0.00157,-0.00609,-0.13492,-0.00951,-0.15210,0.77875,0,0.01264,-0.00936
1.9351,-0.32310,0.00075,0.00870,-0.00852,-0.03647,0.00345,-2.51606,-0.13372,-0.00342,-0.00173,-0.00609,-0.13494,-0.00951,-0.15232,0.77870,0,0.01264,-0.00936
1.9372,-0.30879,0.00304,0.00843,-0.00924,-0.03731,0.00113,-2.52027,-0.13387,-0.00343,0.00221,-0.00612,-0.13483,-0.00955,-0.15261,0.77871,0,0.00987,-0.00998
1.9392,-0.30879,0.00304,0.00836,-0.00923,-0.03755,0.00132,-2.52027,-0.13401,-0.00343,0.00205,-0.00612,-0.13459,-0.00955,-0.15291,0.77869,0,0.00987,-0.00998
1.9412,-0.30879,0.00304,0.00828,-0.00923,-0.03789,0.00148,-2.52027,-0.13415,-0.00344,0.00190,-0.00612,-0.13423,-0.00955,-0.15314,0.77868,0,0.00987,-0.00998
1.9432,-0.30879,0.00304,0.00821,-0.00923,-0.03834,0.00163,-2.52027,-0.13429,-0.00344,0.00174,-0.00612,-0.13373,-0.00955,-0.15344,0.77867,0,0.00987,-0.00998
1.9452,-0.30879,0.00304,0.00813,-0.00922,-0.03890,0.00179,-2.52027,-0.13443,-0.00344,0.00158,-0.00611,-0.13311,-0.00956,-0.15367,0.77862,0,0.00987,-0.00998
1.9472,-0.30879,0.00304,0.00805,-0.00922,-0.03957,0.00195,-2.52027,-0.13456,-0.00345,0.00142,-0.00611,-0.13262,-0.00956,-0.15396,0.77861,0,0.00987,-0.00998
1.9492,-0.30879,0.00304,0.00797,-0.00922,-0.04012,0.00210,-2.52027,-0.13470,-0.00345,0.00126,-0.00611,-0.13225,-0.00956,-0.15421,0.77857,0,0.00987,-0.00998
1.9512,-0.30879,0.00304,0.00789,-0.00921,-0.04057,0.00226,-2.52027,-0.13484,-0.00345,0.00110,-0.00611,-0.13201,-0.00956,-0.15444,0.77859,0,0.00987,-0.00998
1.9533,-0.30879,0.00304,0.00781,-0.00921,-0.04090,0.00241,-2.52027,-0.13498,-0.00346,0.00093,-0.00611,-0.13190,-0.00956,-0.15477,0.77853,0,0.00987,-0.00998
1.9553,-0.30879,0.00304,0.00773,-0.00920,-0.04112,0.00257,-2.52027,-0.13512,-0.00346,0.00077,-0.00610,-0.13192,-0.00956,-0.15495,0.77856,0,0.00987,-0.00998
1.9573,-0.30879,0.00304,0.00765,-0.00920,-0.04124,0.00272,-2.52027,-0.13526,-0.00346,0.00061,-0.00610,-0.13206,-0.00956,-0.15525,0.77853,0,0.00987,-0.00998
1.9593,-0.30879,0.00304,0.00756,-0.00919,-0.04124,0.00288,-2.52027,-0.13540,-0.00347,0.00044,-0.00610,-0.13234,-0.00956,-0.15552,0.77850,0,0.00987,-0.00998
1.9613,-0.30879,0.00304,0.00748,-0.00919,-0.04113,0.00303,-2.52027,-0.13554,-0.00347,0.00028,-0.00609,-0.13274,-0.00956,-0.15581,0.77851,0,0.00987,-0.00998
1.9633,-0.30879,0.00304,0.00740,-0.00918,-0.04091,0.00319,-2.52027,-0.13568,-0.00347,0.00011,-0.00609,-0.13327,-0.00956,-0.15605,0.77845,0,0.00987,-0.00998
1.9653,-0.30879,0.00304,0.00732,-0.00917,-0.04058,0.00334,-2.52027,-0.13582,-0.00348,-0.00005,-0.00608,-0.13393,-0.00956,-0.15634,0.77844,0,0.00987,-0.00998
1.9673,-0.30879,0.00304,0.00724,-0.00917,-0.04014,0.00349,-2.52027,-0.13595,-0.00348,-0.00021,-0.00608,-0.13471,-0.00956,-0.15659,0.77842,0,0.00987,-0.00998
1.9693,-0.30879,0.00304,0.00716,-0.00916,-0.03959,0.00364,-2.52027,-0.13609,-0.00348,-0.00037,-0.00607,-0.13563,-0.00956,-0.15691,0.77841,0,0.00987,-0.00998
1.9714,-0.30879,0.00304,0.00708,-0.00915,-0.03892,0.00380,-2.52027,-0.13623,-0.00349,-0.00053,-0.00607,-0.13667,-0.00956,-0.15716,0.77840,0,0.00987,-0.00998
1.9734,-0.30879,0.00304,0.00700,-0.00914,-0.03815,0.00395,-2.52027,-0.13637,-0.00349,-0.00069,-0.00606,-0.13758,-0.00956,-0.15749,0.77838,0,0.00987,-0.00998
1.9754,-0.30879,0.00304,0.00693,-0.00914,-0.03749,0.00410,-2.52027,-0.13651,-0.00350,-0.00085,-0.00606,-0.13837,-0.00955,-0.15778,0.77833,0,0.00987,-0.00998
1.9774,-0.30879,0.00304,0.00685,-0.00913,-0.03693,0.00425,-2.52027,-0.13665,-0.00350,-0.00101,-0.00605,-0.13902,-0.00955,-0.15802,0.77833,0,0.00987,-0.00998
1.9794,-0.30879,0.00304,0.00678,-0.00912,-0.03648,0.00440,-2.52027,-0.13678,-0.00350,-0.00116,-0.00604,-0.13955,-0.00955,-0.15831,0.77830,0,0.00987,-0.00998
1.9814,-0.30879,0.00304,0.00671,-0.00911,-0.03614,0.00455,-2.52027,-0.13692,-0.00351,-0.00132,-0.00604,-0.13996,-0.00954,-0.15863,0.77825,0,0.00987,-0.00998
1.9834,-0.30879,0.00304,0.00663,-0.00910,-0.03591,0.00470,-2.52027,-0.13706,-0.00351,-0.00147,-0.00603,-0.14023,-0.00954,-0.15888,0.77827,0,0.00987,-0.00998
1.9854,-0.30879,0.00304,0.00656,-0.00909,-0.03578,0.00485,-2.52027,-0.13720,-0.00351,-0.00163,-0.00602,-0.14037,-0.00954,-0.15921,0.77823,0,0.00987,-0.00998
1.9874,-0.30879,0.00304,0.00649,-0.00908,-0.03577,0.00500,-2.52027,-0.13734,-0.00352,-0.00178,-0.00602,-0.14039,-0.00953,-0.15944,0.77820,0,0.00987,-0.00998
1.9894,-0.30879,0.00304,0.00642,-0.00907,-0.03586,0.00515,-2.52027,-0.13748,-0.00352,-0.00193,-0.00601,-0.14028,-0.00953,-0.15971,0.77819,0,0.00987,-0.00998
1.9914,-0.30879,0.00304,0.00635,-0.00906,-0.03606,0.00530,-2.52027,-0.13761,-0.00352,-0.00209,-0.00600,-0.14004,-0.00952,-0.16000,0.77819,0,0.00987,-0.00998
1.9934,-0.30879,0.00304,0.00627,-0.00905,-0.03637,0.00544,-2.52027,-0.13775,-0.00353,-0.00224,-0.00599,-0.13993,-0.00952,-0.16022,0.77818,0,0.00987,-0.00998
1.9954,-0.30879,0.00304,0.00620,-0.00904,-0.03657,0.00559,-2.52027,-0.13789,-0.00353,-0.00240,-0.00598,-0.13995,-0.00951,-0.16053,0.77815,0,0.00987,-0.00998
1.9974,-0.30879,0.00304,0.00613,-0.00903,-0.03665,0.00574,-2.52027,-0.13803,-0.00353,-0.00255,-0.00597,-0.14010,-0.00951,-0.16077,0.77814,0,0.00987,-0.00998
1.9994,-0.30879,0.00304,0.00605,-0.00902,-0.03663,0.00588,-2.52027,-0.13817,-0.00354,-0.00271,-0.00596,-0.14037,-0.00950,-0.16103,0.77816,0,0.00987,-0.00998
2.0014,-0.30879,0.00304,0.00598,-0.00900,-0.03650,0.00603,-2.52027,-0.13831,-0.00354,-0.00287,-0.00595,-0.14077,-0.00949,-0.16130,0.77812,0,0.00987,-0.00998
2.0034,-0.30879,0.00304,0.00591,-0.00899,-0.03625,0.00618,-2.52027,-0.13845,-0.00355,-0.00302,-0.00594,-0.14130,-0.00949,-0.16160,0.77814,0,0.00987,-0.00998
2.0054,-0.30879,0.00304,0.00584,-0.00898,-0.03590,0.00632,-2.52027,-0.13858,-0.00355,-0.00318,-0.00593,-0.14176,-0.00948,-0.16187,0.77809,0,0.00987,-0.00998
2.0074,-0.29551,0.00397,0.00564,-0.00957,-0.03598,0.00442,-2.51683,-0.13872,-0.00355,0.00053,-0.00625,-0.14210,-0.00960,-0.16217,0.77809,0,0.00708,-0.01031
2.0094,-0.29551,0.00397,0.00557,-0.00956,-0.03578,0.00469,-2.51683,-0.13886,-0.00356,0.00037,-0.00625,-0.14231,-0.00980,-0.16243,0.77805,0,0.00708,-0.01031
2.0114,-0.29551,0.00397,0.00550,-0.00955,-0.03570,0.00502,-2.51683,-0.13900,-0.00356,0.00022,-0.00624,-0.14239,-0.00987,-0.16274,0.77807,0,0.00708,-0.01031
2.0134,-0.29551,0.00397,0.00543,-0.00954,-0.03572,0.00524,-2.51683,-0.13914,-0.00356,0.00006,-0.00623,-0.14234,-0.00982,-0.16298,0.77806,0,0.00708,-0.01031
2.0154,-0.29551,0.00397,0.00535,-0.00953,-0.03585,0.00535,-2.51683,-0.13928,-0.00357,-0.00009,-0.00622,-0.14216,-0.00979,-0.16331,0.77803,0,0.00708,-0.01031
2.0174,-0.29551,0.00397,0.00528,-0.00952,-0.03609,0.00548,-2.51683,-0.13941,-0.00357,-0.00025,-0.00621,-0.14186,-0.00978,-0.16360,0.77796,0,0.00708,-0.01031
2.0194,-0.29551,0.00397,0.00521,-0.00951,-0.03644,0.00564,-2.51683,-0.13955,-0.00357,-0.00041,-0.00620,-0.14142,-0.00978,-0.16386,0.77798,0,0.00708,-0.01031
2.0214,-0.29551,0.00397,0.00514,-0.00950,-0.03689,0.00579,-2.51683,-0.13969,-0.00358,-0.00056,-0.00620,-0.14086,-0.00977,-0.16419,0.77798,0,0.00708,-0.01031
2.0234,-0.29551,0.00397,0.00506,-0.00949,-0.03746,0.00595,-2.51683,-0.13983,-0.00358,-0.00072,-0.00619,-0.14043,-0.00977,-0.16446,0.77794,0,0.00708,-0.01031
2.0254,-0.29551,0.00397,0.00499,-0.00948,-0.03791,0.00610,-2.51683,-0.13997,-0.00358,-0.00088,-0.00618,-0.14013,-0.00976,-0.16465,0.77795,0,0.00708,-0.01031
2.0274,-0.29551,0.00397,0.00491,-0.00946,-0.03825,0.00625,-2.51683,-0.14011,-0.00359,-0.00104,-0.00617,-0.13995,-0.00975,-0.16499,0.77788,0,0.00708,-0.01031
2.0294,-0.29551,0.00397,0.00483,-0.00945,-0.03848,0.00641,-2.51683,-0.14024,-0.00359,-0.00120,-0.00615,-0.13990,-0.00975,-0.16523,0.77790,0,0.00708,-0.01031
2.0314,-0.29551,0.00397,0.00476,-0.00944,-0.03861,0.00656,-2.51683,-0.14038,-0.00359,-0.00136,-0.00614,-0.13998,-0.00974,-0.16549,0.77785,0,0.00708,-0.01031
2.0334,-0.29551,0.00397,0.00468,-0.00942,-0.03862,0.00671,-2.51683,-0.14052,-0.00360,-0.00152,-0.00613,-0.14019,-0.00973,-0.16578,0.77786,0,0.00708,-0.01031
2.0354,-0.29551,0.00397,0.00460,-0.00941,-0.03852,0.00686,-2.51683,-0.14066,-0.00360,-0.00169,-0.00612,-0.14052,-0.00972,-0.16603,0.77786,0,0.00708,-0.01031
2.0374,-0.29551,0.00397,0.00453,-0.00940,-0.03830,0.00701,-2.51683,-0.14080,-0.00361,-0.00185,-0.00611,-0.14098,-0.00971,-0.16631,0.77783,0,0.00708,-0.01031
2.0394,-0.29551,0.00397,0.00445,-0.00938,-0.03798,0.00716,-2.51683,-0.14094,-0.00361,-0.00201,-0.00610,-0.14158,-0.00971,-0.16656,0.77781,0,0.00708,-0.01031
2.0414,-0.29551,0.00397,0.00437,-0.00937,-0.03755,0.00731,-2.51683,-0.14107,-0.00361,-0.00217,-0.00609,-0.14230,-0.00970,-0.16692,0.77781,0,0.00708,-0.01031
2.0434,-0.29551,0.00397,0.00430,-0.00935,-0.03701,0.00746,-2.51683,-0.14121,-0.00362,-0.00233,-0.00607,-0.14314,-0.00969,-0.16715,0.77777,0,0.00708,-0.01031
2.0454,-0.29551,0.00397,0.00423,-0.00934,-0.03635,0.00761,-2.51683,-0.14135,-0.00362,-0.00249,-0.00606,-0.14386,-0.00968,-0.16747,0.77779,0,0.00708,-0.01031
2.0474,-0.29551,0.00397,0.00415,-0.00932,-0.03581,0.00776,-2.51683,-0.14149,-0.00362,-0.00264,-0.00605,-0.14445,-0.00967,-0.16773,0.77780,0,0.00708,-0.01031
2.0494,-0.29551,0.00397,0.00408,-0.00931,-0.03537,0.00791,-2.51683,-0.14163,-0.00363,-0.00280,-0.00603,-0.14492,-0.00966,-0.16807,0.77769,0,0.00708,-0.01031
2.0514,-0.29551,0.00397,0.00401,-0.00929,-0.03504,0.00805,-2.51683,-0.14176,-0.00363,-0.00296,-0.00602,-0.14525,-0.00965,-0.16832,0.77772,0,0.00708,-0.01031
2.0534,-0.29551,0.00397,0.00394,-0.00928,-0.03482,0.00820,-2.51683,-0.14190,-0.00363,-0.00311,-0.00601,-0.14546,-0.00964,-0.16863,0.77770,0,0.00708,-0.01031
2.0554,-0.29551,0.00397,0.00387,-0.00926,-0.03471,0.00835,-2.51683,-0.14204,-0.00364,-0.00327,-0.00599,-0.14554,-0.00963,-0.16895,0.77764,0,0.00708,-0.01031
2.0574,-0.29551,0.00397,0.00380,-0.00924,-0.03471,0.00849,-2.51683,-0.14218,-0.00364,-0.00342,-0.00598,-0.14560,-0.00962,-0.16924,0.77765,0,0.00708,-0.01031
2.0594,-0.29551,0.00397,0.00373,-0.00923,-0.03471,0.00864,-2.51683,-0.14232,-0.00364,-0.00357,-0.00596,-0.14579,-0.00961,-0.16954,0.77764,0,0.00708,-0.01031
2.0614,-0.29551,0.00397,0.00366,-0.00921,-0.03461,0.00878,-2.51683,-0.14246,-0.00365,-0.00373,-0.00595,-0.14611,-0.00959,-0.16984,0.77761,0,0.00708,-0.01031
2.0635,-0.29551,0.00397,0.00360,-0.00919,-0.03440,0.00893,-2.51683,-0.14260,-0.00365,-0.00389,-0.00593,-0.14648,-0.00958,-0.17014,0.77757,0,0.00708,-0.01031
2.0655,-0.29551,0.00397,0.00353,-0.00917,-0.03414,0.00907,-2.51683,-0.14273,-0.00365,-0.00404,-0.00591,-0.14677,-0.00957,-0.17043,0.77754,0,0.00708,-0.01031
2.0675,-0.29551,0.00397,0.00346,-0.00915,-0.03395,0.00921,-2.51683,-0.14287,-0.00366,-0.00419,-0.00590,-0.14707,-0.00956,-0.17070,0.77754,0,0.00708,-0.01031
2.0695,-0.29551,0.00397,0.00339,-0.00914,-0.03376,0.00936,-2.51683,-0.14301,-0.00366,-0.00435,-0.00588,-0.14736,-0.00954,-0.17098,0.77753,0,0.00708,-0.01031
2.0716,-0.28204,0.00508,0.00296,-0.00973,-0.03503,0.00740,-2.51360,-0.14315,-0.00367,-0.00082,-0.00615,-0.14752,-0.00966,-0.17131,0.77754,0,0.00410,-0.01062
2.0736,-0.28204,0.00508,0.00289,-0.00972,-0.03494,0.00766,-2.51360,-0.14329,-0.00367,-0.00098,-0.00614,-0.14756,-0.00980,-0.17160,0.77749,0,0.00410,-0.01062
2.0756,-0.28204,0.00508,0.00282,-0.00970,-0.03495,0.00795,-2.51360,-0.14343,-0.00367,-0.00114,-0.00612,-0.14747,-0.00982,-0.17190,0.77741,0,0.00410,-0.01062
2.0776,-0.28204,0.00508,0.00275,-0.00969,-0.03508,0.00813,-2.51360,-0.14357,-0.00368,-0.00129,-0.00611,-0.14724,-0.00978,-0.17218,0.77743,0,0.00410,-0.01062
2.0796,-0.28204,0.00508,0.00268,-0.00967,-0.03531,0.00826,-2.51360,-0.14371,-0.00368,-0.00145,-0.00609,-0.14690,-0.00977,-0.17245,0.77741,0,0.00410,-0.01062
2.0816,-0.28204,0.00508,0.00261,-0.00965,-0.03565,0.00841,-2.51360,-0.14385,-0.00368,-0.00161,-0.00608,-0.14642,-0.00976,-0.17280,0.77739,0,0.00410,-0.01062
2.0836,-0.28204,0.00508,0.00254,-0.00964,-0.03610,0.00856,-2.51360,-0.14398,-0.00369,-0.00177,-0.00606,-0.14582,-0.00975,-0.17308,0.77735,0,0.00410,-0.01062
2.0856,-0.28204,0.00508,0.00247,-0.00962,-0.03666,0.00871,-2.51360,-0.14412,-0.00369,-0.00192,-0.00605,-0.14534,-0.00974,-0.17332,0.77733,0,0.00410,-0.01062
2.0876,-0.28204,0.00508,0.00239,-0.00960,-0.03711,0.00886,-2.51360,-0.14426,-0.00369,-0.00209,-0.00603,-0.14499,-0.00973,-0.17363,0.77733,0,0.00410,-0.01062
2.0896,-0.28204,0.00508,0.00232,-0.00958,-0.03744,0.00901,-2.51360,-0.14440,-0.00370,-0.00225,-0.00602,-0.14477,-0.00972,-0.17393,0.77728,0,0.00410,-0.01062
2.0916,-0.28204,0.00508,0.00224,-0.00957,-0.03767,0.00916,-2.51360,-0.14454,-0.00370,-0.00241,-0.00600,-0.14468,-0.00970,-0.17420,0.77727,0,0.00410,-0.01062
2.0936,-0.28204,0.00508,0.00217,-0.00955,-0.03778,0.00931,-2.51360,-0.14468,-0.00370,-0.00257,-0.00599,-0.14472,-0.00969,-0.17446,0.77723,0,0.00410,-0.01062
2.0956,-0.28204,0.00508,0.00209,-0.00953,-0.03779,0.00946,-2.51360,-0.14481,-0.00371,-0.00273,-0.00597,-0.14488,-0.00968,-0.17475,0.77725,0,0.00410,-0.01062
2.0976,-0.28204,0.00508,0.00202,-0.00951,-0.03768,0.00961,-2.51360,-0.14495,-0.00371,-0.00290,-0.00595,-0.14517,-0.00966,-0.17500,0.77725,0,0.00410,-0.01062
2.0996,-0.28204,0.00508,0.00194,-0.00949,-0.03746,0.00976,-2.51360,-0.14509,-0.00372,-0.00306,-0.00594,-0.14559,-0.00965,-0.17536,0.77724,0,0.00410,-0.01062
2.1016,-0.28204,0.00508,0.00187,-0.00947,-0.03713,0.00991,-2.51360,-0.14523,-0.00372,-0.00322,-0.00592,-0.14614,-0.00964,-0.17562,0.77717,0,0.00410,-0.01062
2.1036,-0.28204,0.00508,0.00179,-0.00945,-0.03670,0.01005,-2.51360,-0.14537,-0.00372,-0.00338,-0.00590,-0.14681,-0.00962,-0.17595,0.77715,0,0.00410,-0.01062
2.1056,-0.28204,0.00508,0.00172,-0.00943,-0.03615,0.01020,-2.51360,-0.14551,-0.00373,-0.00354,-0.00588,-0.14762,-0.00961,-0.17626,0.77711,0,0.00410,-0.01062
2.1076,-0.28204,0.00508,0.00165,-0.00941,-0.03549,0.01034,-2.51360,-0.14565,-0.00373,-0.00370,-0.00586,-0.14855,-0.00959,-0.17656,0.77710,0,0.00410,-0.01062
2.1096,-0.28204,0.00508,0.00158,-0.00939,-0.03472,0.01049,-2.51360,-0.14578,-0.00373,-0.00386,-0.00585,-0.14961,-0.00958,-0.17684,0.77707,0,0.00410,-0.01062
2.1116,-0.28204,0.00508,0.00151,-0.00937,-0.03384,0.01063,-2.51360,-0.14592,-0.00374,-0.00402,-0.00583,-0.15054,-0.00956,-0.17717,0.77705,0,0.00410,-0.01062
2.1136,-0.28204,0.00508,0.00144,-0.00935,-0.03306,0.01078,-2.51360,-0.14606,-0.00374,-0.00417,-0.00581,-0.15135,-0.00955,-0.17747,0.77702,0,0.00410,-0.01062
2.1156,-0.28204,0.00508,0.00138,-0.00932,-0.03240,0.01092,-2.51360,-0.14620,-0.00374,-0.00432,-0.00579,-0.15202,-0.00953,-0.17775,0.77704,0,0.00410,-0.01062
2.1176,-0.28204,0.00508,0.00131,-0.00930,-0.03184,0.01106,-2.51360,-0.14634,-0.00375,-0.00448,-0.00577,-0.15257,-0.00952,-0.17806,0.77698,0,0.00410,-0.01062
2.1196,-0.28204,0.00508,0.00125,-0.00928,-0.03140,0.01120,-2.51360,-0.14648,-0.00375,-0.00463,-0.00575,-0.15299,-0.00950,-0.17841,0.77694,0,0.00410,-0.01062
2.1217,-0.28204,0.00508,0.00119,-0.00926,-0.03106,0.01134,-2.51360,-0.14662,-0.00375,-0.00478,-0.00573,-0.15328,-0.00948,-0.17874,0.77692,0,0.00410,-0.01062
2.1237,-0.28204,0.00508,0.00113,-0.00923,-0.03083,0.01148,-2.51360,-0.14676,-0.00376,-0.00493,-0.00571,-0.15345,-0.00947,-0.17903,0.77689,0,0.00410,-0.01062
2.1257,-0.28204,0.00508,0.00107,-0.00921,-0.03070,0.01162,-2.51360,-0.14689,-0.00376,-0.00508,-0.00569,-0.15348,-0.00945,-0.17937,0.77687,0,0.00410,-0.01062
2.1277,-0.28204,0.00508,0.00100,-0.00919,-0.03069,0.01176,-2.51360,-0.14703,-0.00376,-0.00523,-0.00567,-0.15339,-0.00943,-0.17969,0.77690,0,0.00410,-0.01062
2.1297,-0.28204,0.00508,0.00094,-0.00916,-0.03078,0.01190,-2.51360,-0.14717,-0.00377,-0.00538,-0.00564,-0.15317,-0.00941,-0.18001,0.77686,0,0.00410,-0.01062
2.1317,-0.28204,0.00508,0.00088,-0.00914,-0.03099,0.01204,-2.51360,-0.14731,-0.00377,-0.00553,-0.00562,-0.15284,-0.00939,-0.18029,0.77684,0,0.00410,-0.01062
2.1337,-0.28204,0.00508,0.00082,-0.00912,-0.03128,0.01218,-2.51360,-0.14745,-0.00378,-0.00568,-0.00560,-0.15263,-0.00938,-0.18057,0.77681,0,0.00410,-0.01062
2.1357,-0.28204,0.00508,0.00076,-0.00909,-0.03147,0.01231,-2.51360,-0.14759,-0.00378,-0.00583,-0.00558,-0.15256,-0.00936,-0.18085,0.77682,0,0.00410,-0.01062
2.1377,-0.26722,0.00607,0.00021,-0.00960,-0.03302,0.01065,-2.51548,-0.14773,-0.00378,-0.00202,-0.00579,-0.15235,-0.00947,-0.18115,0.77681,0,0.00120,-0.01055
2.1397,-0.26722,0.00607,0.00015,-0.00958,-0.03320,0.01091,-2.51548,-0.14787,-0.00379,-0.00217,-0.00577,-0.15202,-0.00956,-0.18145,0.77674,0,0.00120,-0.01055
2.1417,-0.26722,0.00607,0.00008,-0.00956,-0.03348,0.01115,-2.51548,-0.14801,-0.00379,-0.00233,-0.00575,-0.15156,-0.00954,-0.18176,0.77673,0,0.00120,-0.01055
2.1438,-0.26722,0.00607,0.00001,-0.00953,-0.03388,0.01129,-2.51548,-0.14815,-0.00379,-0.00248,-0.00573,-0.15098,-0.00953,-0.18203,0.77674,0,0.00120,-0.01055
2.1458,-0.26722,0.00607,-0.00005,-0.00951,-0.03438,0.01144,-2.51548,-0.14828,-0.00380,-0.00264,-0.00571,-0.15052,-0.00951,-0.18233,0.77673,0,0.00120,-0.01055
2.1478,-0.26722,0.00607,-0.00012,-0.00949,-0.03477,0.01158,-2.51548,-0.14842,-0.00380,-0.00280,-0.00569,-0.15019,-0.00949,-0.18265,0.77669,0,0.00120,-0.01055
2.1498,-0.26722,0.00607,-0.00019,-0.00946,-0.03505,0.01173,-2.51548,-0.14856,-0.00380,-0.00296,-0.00567,-0.14998,-0.00947,-0.18292,0.77665,0,0.00120,-0.01055
2.1518,-0.26722,0.00607,-0.00026,-0.00944,-0.03522,0.01187,-2.51548,-0.14870,-0.00381,-0.00312,-0.00565,-0.14991,-0.00946,-0.18320,0.77666,0,0.00120,-0.01055
2.1538,-0.26722,0.00607,-0.00033,-0.00942,-0.03528,0.01201,-2.51548,-0.14884,-0.00381,-0.00328,-0.00563,-0.14996,-0.00944,-0.18349,0.77663,0,0.00120,-0.01055
2.1558,-0.26722,0.00607,-0.00040,-0.00939,-0.03522,0.01215,-2.51548,-0.14898,-0.00381,-0.00344,-0.00561,-0.15014,-0.00942,-0.18378,0.77664,0,0.00120,-0.01055
2.1578,-0.26722,0.00607,-0.00047,-0.00937,-0.03506,0.01229,-2.51548,-0.14912,-0.00382,-0.00360,-0.00558,-0.15045,-0.00940,-0.18412,0.77661,0,0.00120,-0.01055
2.1598,-0.26722,0.00607,-0.00054,-0.00934,-0.03479,0.01244,-2.51548,-0.14926,-0.00382,-0.00376,-0.00556,-0.15089,-0.00938,-0.18439,0.77660,0,0.00120,-0.01055
2.1618,-0.26722,0.00607,-0.00061,-0.00932,-0.03440,0.01258,-2.51548,-0.14939,-0.00383,-0.00392,-0.00554,-0.15145,-0.00936,-0.18466,0.77657,0,0.00120,-0.01055
2.1638,-0.26722,0.00607,-0.00068,-0.00929,-0.03391,0.01271,-2.51548,-0.14953,-0.00383,-0.00408,-0.00552,-0.15214,-0.00934,-0.18498,0.77656,0,0.00120,-0.01055
2.1658,-0.26722,0.00607,-0.00075,-0.00927,-0.03330,0.01285,-2.51548,-0.14967,-0.00383,-0.00423,-0.00549,-0.15296,-0.00932,-0.18527,0.77656,0,0.00120,-0.01055
2.1678,-0.26722,0.00607,-0.00081,-0.00924,-0.03259,0.01299,-2.51548,-0.14981,-0.00384,-0.00439,-0.00547,-0.15391,-0.00930,-0.18561,0.77653,0,0.00120,-0.01055
2.1698,-0.26722,0.00607,-0.00088,-0.00922,-0.03176,0.01313,-2.51548,-0.14995,-0.00384,-0.00454,-0.00544,-0.15473,-0.00928,-0.18592,0.77651,0,0.00120,-0.01055
2.1718,-0.26722,0.00607,-0.00094,-0.00919,-0.03105,0.01327,-2.51548,-0.14995,-0.00384,-0.00470,-0.00542,-0.15542,-0.00926,-0.18622,0.77648,0,0.00120,-0.01055
2.1738,-0.26722,0.00607,-0.00100,-0.00916,-0.03044,0.01340,-2.51548,-0.14995,-0.00384,-0.00485,-0.00540,-0.15599,-0.00924,-0.18655,0.77648,0,0.00120,-0.01055
2.1758,-0.26722,0.00607,-0.00106,-0.00914,-0.02994,0.01353,-2.51548,-0.14995,-0.00384,-0.00500,-0.00537,-0.15643,-0.00921,-0.18687,0.77643,0,0.00120,-0.01055
2.1778,-0.26722,0.00607,-0.00112,-0.00911,-0.02954,0.01366,-2.51548,-0.14995,-0.00384,-0.00515,-0.00535,-0.15673,-0.00919,-0.18720,0.77640,0,0.00120,-0.01055
2.1798,-0.26722,0.00607,-0.00118,-0.00908,-0.02926,0.01379,-2.51548,-0.14995,-0.00384,-0.00530,-0.00532,-0.15691,-0.00916,-0.18753,0.77637,0,0.00120,-0.01055
2.1818,-0.26722,0.00607,-0.00124,-0.00905,-0.02909,0.01392,-2.51548,-0.14995,-0.00384,-0.00545,-0.00530,-0.15697,-0.00914,-0.18785,0.77641,0,0.00120,-0.01055
2.1838,-0.26722,0.00607,-0.00130,-0.00902,-0.02902,0.01405,-2.51548,-0.14995,-0.00384,-0.00559,-0.00527,-0.15689,-0.00911,-0.18816,0.77635,0,0.00120,-0.01055
2.1858,-0.26722,0.00607,-0.00136,-0.00900,-0.02906,0.01418,-2.51548,-0.14995,-0.00384,-0.00574,-0.00524,-0.15669,-0.00908,-0.18848,0.77632,0,0.00120,-0.01055
2.1878,-0.26722,0.00607,-0.00142,-0.00897,-0.02921,0.01431,-2.51548,-0.14995,-0.00384,-0.00589,-0.00522,-0.15636,-0.00906,-0.18879,0.77635,0,0.00120,-0.01055
2.1898,-0.26722,0.00607,-0.00147,-0.00894,-0.02947,0.01444,-2.51548,-0.14995,-0.00384,-0.00604,-0.00519,-0.15599,-0.00903,-0.18908,0.77628,0,0.00120,-0.01055
2.1918,-0.26722,0.00607,-0.00153,-0.00891,-0.02976,0.01456,-2.51548,-0.14995,-0.00384,-0.00619,-0.00517,-0.15575,-0.00900,-0.18940,0.77630,0,0.00120,-0.01055
2.1938,-0.26722,0.00607,-0.00159,-0.00888,-0.02993,0.01469,-2.51548,-0.14995,-0.00384,-0.00634,-0.00514,-0.15564,-0.00898,-0.18969,0.77631,0,0.00120,-0.01055
2.1958,-0.26722,0.00607,-0.00165,-0.00885,-0.03000,0.01481,-2.51548,-0.14995,-0.00384,-0.00649,-0.00511,-0.15566,-0.00895,-0.18994,0.77631,0,0.00120,-0.01055
2.1978,-0.26722,0.00607,-0.00171,-0.00882,-0.02996,0.01494,-2.51548,-0.14995,-0.00384,-0.00664,-0.00508,-0.15580,-0.00892,-0.19023,0.77627,0,0.00120,-0.01055
2.1998,-0.26722,0.00607,-0.00177,-0.00879,-0.02980,0.01506,-2.51548,-0.14995,-0.00384,-0.00679,-0.00506,-0.15608,-0.00890,-0.19053,0.77622,0,0.00120,-0.01055
2.2018,-0.26722,0.00607,-0.00183,-0.00876,-0.02954,0.01519,-2.51548,-0.14995,-0.00384,-0.00694,-0.00503,-0.15648,-0.00887,-0.19088,0.77622,0,0.00120,-0.01055
2.2038,-0.26722,0.00607,-0.00189,-0.00873,-0.02916,0.01531,-2.51548,-0.14995,-0.00384,-0.00709,-0.00500,-0.15701,-0.00884,-0.19110,0.77622,0,0.00120,-0.01055
2.2059,-0.25320,0.00742,-0.00229,-0.00969,-0.02983,0.01207,-2.51446,-0.14995,-0.00384,-0.00337,-0.00556,-0.15741,-0.00894,-0.19147,0.77623,0,-0.00134,-0.01118
2.2079,-0.25320,0.00742,-0.00234,-0.00967,-0.02944,0.01231,-2.51446,-0.14995,-0.00384,-0.00352,-0.00554,-0.15768,-0.00917,-0.19174,0.77617,0,-0.00134,-0.01118
2.2099,-0.25320,0.00742,-0.00240,-0.00965,-0.02917,0.01267,-2.51446,-0.14995,-0.00384,-0.00367,-0.00552,-0.15783,-0.00936,-0.19207,0.77614,0,-0.00134,-0.01118
2.2119,-0.25320,0.00742,-0.00246,-0.00962,-0.02900,0.01299,-2.51446,-0.14995,-0.00384,-0.00381,-0.00549,-0.15784,-0.00942,-0.19236,0.77616,0,-0.00134,-0.01118
2.2139,-0.25320,0.00742,-0.00252,-0.00959,-0.02895,0.01321,-2.51446,-0.14995,-0.00384,-0.00396,-0.00547,-0.15773,-0.00935,-0.19275,0.77610,0,-0.00134,-0.01118
2.2159,-0.25320,0.00742,-0.00258,-0.00957,-0.02900,0.01331,-2.51446,-0.14995,-0.00384,-0.00411,-0.00544,-0.15749,-0.00928,-0.19310,0.77607,0,-0.00134,-0.01118
2.2179,-0.25320,0.00742,-0.00264,-0.00954,-0.02916,0.01341,-2.51446,-0.14995,-0.00384,-0.00426,-0.00542,-0.15713,-0.00926,-0.19335,0.77605,0,-0.00134,-0.01118
2.2199,-0.25320,0.00742,-0.00269,-0.00951,-0.02943,0.01355,-2.51446,-0.14995,-0.00384,-0.00441,-0.00540,-0.15663,-0.00924,-0.19366,0.77607,0,-0.00134,-0.01118
2.2220,-0.25320,0.00742,-0.00275,-0.00949,-0.02980,0.01369,-2.51446,-0.14995,-0.00384,-0.00456,-0.00537,-0.15601,-0.00921,-0.19398,0.77602,0,-0.00134,-0.01118
2.2240,-0.25320,0.00742,-0.00281,-0.00946,-0.03029,0.01383,-2.51446,-0.14995,-0.00384,-0.00471,-0.00535,-0.15526,-0.00919,-0.19433,0.77601,0,-0.00134,-0.01118
2.2260,-0.25320,0.00742,-0.00287,-0.00943,-0.03088,0.01396,-2.51446,-0.14995,-0.00384,-0.00486,-0.00532,-0.15463,-0.00916,-0.19463,0.77595,0,-0.00134,-0.01118
2.2280,-0.25320,0.00742,-0.00294,-0.00940,-0.03136,0.01410,-2.51446,-0.14995,-0.00384,-0.00501,-0.00529,-0.15414,-0.00913,-0.19494,0.77600,0,-0.00134,-0.01118
2.2300,-0.25320,0.00742,-0.00300,-0.00937,-0.03174,0.01423,-2.51446,-0.14995,-0.00384,-0.00517,-0.00527,-0.15377,-0.00911,-0.19522,0.77593,0,-0.00134,-0.01118
2.2320,-0.25320,0.00742,-0.00306,-0.00935,-0.03200,0.01437,-2.51446,-0.14995,-0.00384,-0.00532,-0.00524,-0.15353,-0.00908,-0.19549,0.77593,0,-0.00134,-0.01118
2.2340,-0.25320,0.00742,-0.00313,-0.00932,-0.03215,0.01450,-2.51446,-0.14995,-0.00384,-0.00548,-0.00522,-0.15342,-0.00906,-0.19584,0.77590,0,-0.00134,-0.01118
2.2360,-0.25320,0.00742,-0.00319,-0.00929,-0.03219,0.01463,-2.51446,-0.14995,-0.00384,-0.00563,-0.00519,-0.15344,-0.00903,-0.19610,0.77590,0,-0.00134,-0.01118
2.2380,-0.25320,0.00742,-0.00326,-0.00926,-0.03212,0.01477,-2.51446,-0.14995,-0.00384,-0.00578,-0.00516,-0.15359,-0.00900,-0.19640,0.77590,0,-0.00134,-0.01118
2.2400,-0.25320,0.00742,-0.00332,-0.00923,-0.03194,0.01490,-2.51446,-0.14995,-0.00384,-0.00594,-0.00513,-0.15386,-0.00897,-0.19674,0.77584,0,-0.00134,-0.01118
2.2420,-0.25320,0.00742,-0.00338,-0.00920,-0.03165,0.01503,-2.51446,-0.14995,-0.00384,-0.00609,-0.00511,-0.15426,-0.00895,-0.19706,0.77587,0,-0.00134,-0.01118
2.2440,-0.25320,0.00742,-0.00345,-0.00917,-0.03125,0.01516,-2.51446,-0.14995,-0.00384,-0.00625,-0.00508,-0.15479,-0.00892,-0.19733,0.77586,0,-0.00134,-0.01118
2.2460,-0.25320,0.00742,-0.00351,-0.00914,-0.03074,0.01529,-2.51446,-0.14995,-0.00384,-0.00640,-0.00505,-0.15545,-0.00889,-0.19767,0.77580,0,-0.00134,-0.01118
2.2480,-0.25320,0.00742,-0.00357,-0.00911,-0.03012,0.01542,-2.51446,-0.14995,-0.00384,-0.00655,-0.00502,-0.15623,-0.00886,-0.19797,0.77582,0,-0.00134,-0.01118
2.2500,-0.25320,0.00742,-0.00363,-0.00908,-0.02938,0.01554,-2.51446,-0.14995,-0.00384,-0.00670,-0.00499,-0.15689,-0.00883,-0.19831,0.77578,0,-0.00134,-0.01118
2.2520,-0.25320,0.00742,-0.00369,-0.00905,-0.02876,0.01567,-2.51446,-0.14995,-0.00384,-0.00685,-0.00496,-0.15742,-0.00880,-0.19861,0.77577,0,-0.00134,-0.01118
2.2540,-0.25320,0.00742,-0.00374,-0.00901,-0.02825,0.01580,-2.51446,-0.14995,-0.00384,-0.00699,-0.00494,-0.15782,-0.00877,-0.19891,0.77575,0,-0.00134,-0.01118
2.2560,-0.25320,0.00742,-0.00380,-0.00898,-0.02784,0.01592,-2.51446,-0.14995,-0.00384,-0.00714,-0.00491,-0.15809,-0.00875,-0.19927,0.77574,0,-0.00134,-0.01118
2.2580,-0.25320,0.00742,-0.00386,-0.00895,-0.02754,0.01605,-2.51446,-0.14995,-0.00384,-0.00728,-0.00488,-0.15824,-0.00872,-0.19963,0.77568,0,-0.00134,-0.01118
2.2600,-0.25320,0.00742,-0.00391,-0.00892,-0.02735,0.01617,-2.51446,-0.14995,-0.00384,-0.00743,-0.00485,-0.15825,-0.00869,-0.19991,0.77567,0,-0.00134,-0.01118
2.2620,-0.25320,0.00742,-0.00397,-0.00889,-0.02727,0.01630,-2.51446,-0.14995,-0.00384,-0.00757,-0.00482,-0.15814,-0.00866,-0.20025,0.77569,0,-0.00134,-0.01118
2.2640,-0.25320,0.00742,-0.00402,-0.00885,-0.02730,0.01642,-2.51446,-0.14995,-0.00384,-0.00772,-0.00479,-0.15790,-0.00863,-0.20058,0.77566,0,-0.00134,-0.01118
2.2660,-0.25320,0.00742,-0.00407,-0.00882,-0.02743,0.01654,-2.51446,-0.14995,-0.00384,-0.00786,-0.00475,-0.15779,-0.00859,-0.20092,0.77564,0,-0.00134,-0.01118
2.2680,-0.25320,0.00742,-0.00413,-0.00879,-0.02746,0.01666,-2.51446,-0.14995,-0.00384,-0.00801,-0.00472,-0.15781,-0.00856,-0.20124,0.77561,0,-0.00134,-0.01118
2.2700,-0.25320,0.00742,-0.00418,-0.00875,-0.02737,0.01678,-2.51446,-0.14995,-0.00384,-0.00815,-0.00469,-0.15796,-0.00853,-0.20158,0.77561,0,-0.00134,-0.01118
2.2720,-0.25320,0.00742,-0.00424,-0.00872,-0.02718,0.01690,-2.51446,-0.14995,-0.00384,-0.00830,-0.00466,-0.15823,-0.00850,-0.20191,0.77560,0,-0.00134,-0.01118
2.2740,-0.25320,0.00742,-0.00429,-0.00869,-0.02687,0.01702,-2.51446,-0.14995,-0.00384,-0.00844,-0.00463,-0.15839,-0.00847,-0.20220,0.77557,0,-0.00134,-0.01118
2.2760,-0.24102,0.00853,-0.00450,-0.00997,-0.02747,0.01271,-2.51128,-0.14995,-0.00384,-0.00509,-0.00558,-0.15843,-0.00857,-0.20249,0.77556,0,-0.00339,-0.01178
2.2780,-0.24102,0.00853,-0.00456,-0.00994,-0.02736,0.01296,-2.51128,-0.14995,-0.00384,-0.00523,-0.00556,-0.15834,-0.00879,-0.20280,0.77557,0,-0.00339,-0.01178
2.2800,-0.24102,0.00853,-0.00461,-0.00991,-0.02736,0.01332,-2.51128,-0.14995,-0.00384,-0.00538,-0.00553,-0.15812,-0.00914,-0.20313,0.77555,0,-0.00339,-0.01178
2.2820,-0.24102,0.00853,-0.00467,-0.00989,-0.02747,0.01379,-2.51128,-0.14995,-0.00384,-0.00552,-0.00551,-0.15777,-0.00937,-0.20341,0.77555,0,-0.00339,-0.01178
2.2840,-0.24102,0.00853,-0.00472,-0.00986,-0.02768,0.01415,-2.51128,-0.14995,-0.00384,-0.00567,-0.00548,-0.15730,-0.00946,-0.20378,0.77548,0,-0.00339,-0.01178
2.2860,-0.24102,0.00853,-0.00478,-0.00983,-0.02801,0.01439,-2.51128,-0.14995,-0.00384,-0.00581,-0.00546,-0.15670,-0.00943,-0.20399,0.77550,0,-0.00339,-0.01178
2.2880,-0.24102,0.00853,-0.00483,-0.00980,-0.02844,0.01453,-2.51128,-0.14995,-0.00384,-0.00596,-0.00543,-0.15596,-0.00927,-0.20435,0.77546,0,-0.00339,-0.01178
2.2900,-0.24102,0.00853,-0.00489,-0.00977,-0.02899,0.01456,-2.51128,-0.14995,-0.00384,-0.00611,-0.00540,-0.15536,-0.00924,-0.20463,0.77545,0,-0.00339,-0.01178
2.2920,-0.24102,0.00853,-0.00495,-0.00974,-0.02942,0.01469,-2.51128,-0.14995,-0.00384,-0.00626,-0.00538,-0.15489,-0.00921,-0.20493,0.77545,0,-0.00339,-0.01178
2.2940,-0.24102,0.00853,-0.00501,-0.00971,-0.02974,0.01483,-2.51128,-0.14995,-0.00384,-0.00641,-0.00535,-0.15454,-0.00919,-0.20522,0.77547,0,-0.00339,-0.01178
2.2960,-0.24102,0.00853,-0.00507,-0.00968,-0.02995,0.01497,-2.51128,-0.14995,-0.00384,-0.00656,-0.00532,-0.15432,-0.00916,-0.20553,0.77539,0,-0.00339,-0.01178
2.2980,-0.24102,0.00853,-0.00513,-0.00965,-0.03005,0.01511,-2.51128,-0.14995,-0.00384,-0.00671,-0.00529,-0.15423,-0.00913,-0.20582,0.77541,0,-0.00339,-0.01178
2.3000,-0.24102,0.00853,-0.00519,-0.00962,-0.03004,0.01525,-2.51128,-0.14995,-0.00384,-0.00686,-0.00526,-0.15427,-0.00910,-0.20614,0.77537,0,-0.00339,-0.01178
2.3020,-0.24102,0.00853,-0.00525,-0.00959,-0.02992,0.01539,-2.51128,-0.14995,-0.00384,-0.00701,-0.00524,-0.15443,-0.00908,-0.20645,0.77537,0,-0.00339,-0.01178
2.3040,-0.24102,0.00853,-0.00531,-0.00956,-0.02969,0.01552,-2.51128,-0.14995,-0.00384,-0.00716,-0.00521,-0.15472,-0.00905,-0.20680,0.77538,0,-0.00339,-0.01178
2.3061,-0.24102,0.00853,-0.00537,-0.00953,-0.02935,0.01566,-2.51128,-0.14995,-0.00384,-0.00731,-0.00518,-0.15514,-0.00902,-0.20710,0.77539,0,-0.00339,-0.01178
2.3081,-0.24102,0.00853,-0.00543,-0.00950,-0.02890,0.01579,-2.51128,-0.14995,-0.00384,-0.00746,-0.00515,-0.15569,-0.00899,-0.20743,0.77532,0,-0.00339,-0.01178
2.3101,-0.24102,0.00853,-0.00548,-0.00947,-0.02834,0.01592,-2.51128,-0.14995,-0.00384,-0.00760,-0.00512,-0.15637,-0.00896,-0.20775,0.77527,0,-0.00339,-0.01178
2.3121,-0.24102,0.00853,-0.00554,-0.00944,-0.02767,0.01606,-2.51128,-0.14995,-0.00384,-0.00775,-0.00509,-0.15718,-0.00893,-0.20806,0.77527,0,-0.00339,-0.01178
2.3141,-0.24102,0.00853,-0.00559,-0.00940,-0.02689,0.01619,-2.51128,-0.14995,-0.00384,-0.00789,-0.00506,-0.15785,-0.00890,-0.20840,0.77523,0,-0.00339,-0.01178
2.3161,-0.24102,0.00853,-0.00565,-0.00937,-0.02621,0.01632,-2.51128,-0.14995,-0.00384,-0.00804,-0.00503,-0.15840,-0.00887,-0.20872,0.77521,0,-0.00339,-0.01178
2.3181,-0.24102,0.00853,-0.00570,-0.00934,-0.02565,0.01645,-2.51128,-0.14995,-0.00384,-0.00818,-0.00500,-0.15882,-0.00884,-0.20901,0.77518,0,-0.00339,-0.01178
2.3202,-0.24102,0.00853,-0.00575,-0.00930,-0.02519,0.01658,-2.51128,-0.14995,-0.00384,-0.00832,-0.00497,-0.15911,-0.00881,-0.20933,0.77520,0,-0.00339,-0.01178
2.3222,-0.24102,0.00853,-0.00580,-0.00927,-0.02484,0.01671,-2.51128,-0.14995,-0.00384,-0.00846,-0.00494,-0.15928,-0.00878,-0.20967,0.77516,0,-0.00339,-0.01178
2.3241,-0.24102,0.00853,-0.00585,-0.00924,-0.02460,0.01684,-2.51128,-0.14995,-0.00384,-0.00860,-0.00491,-0.15932,-0.00875,-0.20997,0.77514,0,-0.00339,-0.01178
2.3262,-0.24102,0.00853,-0.00590,-0.00920,-0.02447,0.01697,-2.51128,-0.14995,-0.00384,-0.00874,-0.00488,-0.15923,-0.00871,-0.21034,0.77509,0,-0.00339,-0.01178
2.3282,-0.24102,0.00853,-0.00595,-0.00917,-0.02445,0.01709,-2.51128,-0.14995,-0.00384,-0.00888,-0.00484,-0.15901,-0.00868,-0.21063,0.77512,0,-0.00339,-0.01178
2.3302,-0.24102,0.00853,-0.00600,-0.00914,-0.02454,0.01722,-2.51128,-0.14995,-0.00384,-0.00902,-0.00481,-0.15892,-0.00865,-0.21094,0.77507,0,-0.00339,-0.01178
2.3322,-0.24102,0.00853,-0.00604,-0.00910,-0.02451,0.01734,-2.51128,-0.14995,-0.00384,-0.00916,-0.00478,-0.15895,-0.00862,-0.21128,0.77508,0,-0.00339,-0.01178
2.3342,-0.24102,0.00853,-0.00609,-0.00907,-0.02438,0.01747,-2.51128,-0.14995,-0.00384,-0.00930,-0.00475,-0.15912,-0.00859,-0.21159,0.77504,0,-0.00339,-0.01178
2.3362,-0.22853,0.00894,-0.00606,-0.01013,-0.02423,0.01383,-2.50363,-0.14995,-0.00384,-0.00561,-0.00569,-0.15915,-0.00868,-0.21186,0.77504,0,-0.00488,-0.01182
2.3382,-0.22853,0.00894,-0.00611,-0.01011,-0.02410,0.01408,-2.50363,-0.14995,-0.00384,-0.00575,-0.00567,-0.15906,-0.00891,-0.21218,0.77502,0,-0.00488,-0.01182
2.3402,-0.22853,0.00894,-0.00616,-0.01008,-0.02407,0.01444,-2.50363,-0.14995,-0.00384,-0.00589,-0.00564,-0.15884,-0.00926,-0.21251,0.77500,0,-0.00488,-0.01182
2.3422,-0.22853,0.00894,-0.00621,-0.01005,-0.02415,0.01491,-2.50363,-0.14995,-0.00384,-0.00602,-0.00562,-0.15850,-0.00948,-0.21283,0.77496,0,-0.00488,-0.01182
2.3442,-0.22853,0.00894,-0.00626,-0.01002,-0.02435,0.01526,-2.50363,-0.14995,-0.00384,-0.00616,-0.00559,-0.15802,-0.00958,-0.21316,0.77497,0,-0.00488,-0.01182
2.3462,-0.22853,0.00894,-0.00630,-0.00999,-0.02465,0.01551,-2.50363,-0.14995,-0.00384,-0.00630,-0.00556,-0.15742,-0.00954,-0.21349,0.77491,0,-0.00488,-0.01182
2.3482,-0.22853,0.00894,-0.00635,-0.00996,-0.02505,0.01565,-2.50363,-0.14995,-0.00384,-0.00644,-0.00553,-0.15669,-0.00938,-0.21380,0.77493,0,-0.00488,-0.01182
2.3502,-0.22853,0.00894,-0.00640,-0.00992,-0.02557,0.01568,-2.50363,-0.14995,-0.00384,-0.00658,-0.00550,-0.15608,-0.00934,-0.21413,0.77492,0,-0.00488,-0.01182
2.3522,-0.22853,0.00894,-0.00646,-0.00989,-0.02598,0.01581,-2.50363,-0.14995,-0.00384,-0.00672,-0.00547,-0.15561,-0.00931,-0.21439,0.77489,0,-0.00488,-0.01182
2.3542,-0.22853,0.00894,-0.00651,-0.00986,-0.02628,0.01595,-2.50363,-0.14995,-0.00384,-0.00687,-0.00544,-0.15526,-0.00928,-0.21472,0.77488,0,-0.00488,-0.01182
2.3562,-0.22853,0.00894,-0.00656,-0.00983,-0.02646,0.01609,-2.50363,-0.14995,-0.00384,-0.00701,-0.00541,-0.15504,-0.00925,-0.21503,0.77490,0,-0.00488,-0.01182
2.3582,-0.22853,0.00894,-0.00661,-0.00980,-0.02654,0.01623,-2.50363,-0.14995,-0.00384,-0.00715,-0.00538,-0.15495,-0.00922,-0.21540,0.77484,0,-0.00488,-0.01182
2.3602,-0.22853,0.00894,-0.00667,-0.00976,-0.02650,0.01637,-2.50363,-0.14995,-0.00384,-0.00729,-0.00535,-0.15499,-0.00919,-0.21562,0.77485,0,-0.00488,-0.01182
2.3622,-0.22853,0.00894,-0.00672,-0.00973,-0.02636,0.01650,-2.50363,-0.14995,-0.00384,-0.00744,-0.00532,-0.15515,-0.00916,-0.21595,0.77484,0,-0.00488,-0.01182
2.3642,-0.22853,0.00894,-0.00677,-0.00970,-0.02610,0.01664,-2.50363,-0.14995,-0.00384,-0.00758,-0.00529,-0.15545,-0.00913,-0.21624,0.77482,0,-0.00488,-0.01182
2.3662,-0.22853,0.00894,-0.00682,-0.00966,-0.02574,0.01678,-2.50363,-0.14995,-0.00384,-0.00772,-0.00526,-0.15587,-0.00910,-0.21652,0.77478,0,-0.00488,-0.01182
2.3682,-0.22853,0.00894,-0.00688,-0.00963,-0.02526,0.01691,-2.50363,-0.14995,-0.00384,-0.00786,-0.00523,-0.15642,-0.00907,-0.21685,0.77478,0,-0.00488,-0.01182
2.3702,-0.22853,0.00894,-0.00693,-0.00960,-0.02468,0.01705,-2.50363,-0.14995,-0.00384,-0.00800,-0.00520,-0.15709,-0.00904,-0.21714,0.77478,0,-0.00488,-0.01182
2.3722,-0.22853,0.00894,-0.00697,-0.00956,-0.02398,0.01718,-2.50363,-0.14995,-0.00384,-0.00814,-0.00516,-0.15790,-0.00900,-0.21750,0.77473,0,-0.00488,-0.01182
2.3742,-0.22853,0.00894,-0.00702,-0.00953,-0.02318,0.01731,-2.50363,-0.14995,-0.00384,-0.00828,-0.00513,-0.15858,-0.00897,-0.21780,0.77472,0,-0.00488,-0.01182
2.3762,-0.22853,0.00894,-0.00707,-0.00949,-0.02248,0.01744,-2.50363,-0.14995,-0.00384,-0.00841,-0.00510,-0.15912,-0.00894,-0.21810,0.77472,0,-0.00488,-0.01182
2.3782,-0.22853,0.00894,-0.00711,-0.00946,-0.02189,0.01757,-2.50363,-0.14995,-0.00384,-0.00855,-0.00507,-0.15955,-0.00891,-0.21845,0.77467,0,-0.00488,-0.01182
2.3802,-0.22853,0.00894,-0.00715,-0.00942,-0.02141,0.01770,-2.50363,-0.14995,-0.00384,-0.00868,-0.00503,-0.15984,-0.00887,-0.21879,0.77467,0,-0.00488,-0.01182
2.3822,-0.22853,0.00894,-0.00720,-0.00939,-0.02104,0.01783,-2.50363,-0.14995,-0.00384,-0.00881,-0.00500,-0.16000,-0.00884,-0.21912,0.77464,0,-0.00488,-0.01182
2.3842,-0.22853,0.00894,-0.00724,-0.00935,-0.02078,0.01796,-2.50363,-0.14995,-0.00384,-0.00895,-0.00497,-0.16004,-0.00881,-0.21944,0.77463,0,-0.00488,-0.01182
2.3862,-0.22853,0.00894,-0.00728,-0.00932,-0.02062,0.01809,-2.50363,-0.14995,-0.00384,-0.00908,-0.00493,-0.15995,-0.00877,-0.21976,0.77458,0,-0.00488,-0.01182
2.3883,-0.22853,0.00894,-0.00732,-0.00928,-0.02058,0.01821,-2.50363,-0.14995,-0.00384,-0.00921,-0.00490,-0.15973,-0.00874,-0.22011,0.77456,0,-0.00488,-0.01182
2.3902,-0.22853,0.00894,-0.00736,-0.00924,-0.02064,0.01834,-2.50363,-0.14995,-0.00384,-0.00934,-0.00487,-0.15938,-0.00870,-0.22045,0.77456,0,-0.00488,-0.01182
2.3922,-0.22853,0.00894,-0.00740,-0.00921,-0.02081,0.01846,-2.50363,-0.14995,-0.00384,-0.00947,-0.00483,-0.15916,-0.00867,-0.22072,0.77457,0,-0.00488,-0.01182
2.3942,-0.22853,0.00894,-0.00745,-0.00917,-0.02088,0.01859,-2.50363,-0.14995,-0.00384,-0.00960,-0.00480,-0.15907,-0.00864,-0.22104,0.77452,0,-0.00488,-0.01182
2.3963,-0.22853,0.00894,-0.00749,-0.00913,-0.02083,0.01871,-2.50363,-0.14995,-0.00384,-0.00974,-0.00476,-0.15911,-0.00860,-0.22133,0.77451,0,-0.00488,-0.01182
2.3983,-0.22853,0.00894,-0.00753,-0.00909,-0.02067,0.01883,-2.50363,-0.14995,-0.00384,-0.00987,-0.00473,-0.15928,-0.00857,-0.22167,0.77449,0,-0.00488,-0.01182
2.4003,-0.22853,0.00894,-0.00757,-0.00906,-0.02040,0.01896,-2.50363,-0.14995,-0.00384,-0.01000,-0.00469,-0.15957,-0.00853,-0.22197,0.77449,0,-0.00488,-0.01182
2.4023,-0.22853,0.00894,-0.00761,-0.00902,-0.02002,0.01908,-2.50363,-0.14995,-0.00384,-0.01013,-0.00465,-0.15999,-0.00849,-0.22229,0.77444,0,-0.00488,-0.01182
2.4043,-0.22853,0.00894,-0.00765,-0.00898,-0.01954,0.01920,-2.50363,-0.14995,-0.00384,-0.01026,-0.00462,-0.16028,-0.00846,-0.22256,0.77445,0,-0.00488,-0.01182
