t,ex,ey,th_x,th_y,thd_x,thd_y,yaw,vref_x,vref_y,vfb_x,vfb_y,vcmd_x,vcmd_y,tcp_x,tcp_y,dans_cible
0.0000,-0.44652,-0.02718,-0.00174,0.00325,0.00000,0.00000,0.69068,-0.00000,-0.00000,-0.00823,0.01538,-0.00051,0.00051,0.10856,0.81966,0
0.0020,-0.44652,-0.02718,-0.00174,0.00325,0.00055,-0.00066,0.69068,-0.00014,-0.00001,-0.00822,0.01537,-0.00154,0.00154,0.10863,0.81968,0
0.0041,-0.44652,-0.02718,-0.00173,0.00324,0.00155,-0.00175,0.69068,-0.00028,-0.00002,-0.00818,0.01532,-0.00307,0.00307,0.10860,0.81965,0
0.0060,-0.44652,-0.02718,-0.00171,0.00322,0.00297,-0.00328,0.69068,-0.00042,-0.00003,-0.00810,0.01522,-0.00512,0.00512,0.10863,0.81965,0
0.0080,-0.44652,-0.02718,-0.00168,0.00319,0.00484,-0.00524,0.69068,-0.00056,-0.00003,-0.00795,0.01506,-0.00768,0.00768,0.10864,0.81970,0
0.0100,-0.44652,-0.02718,-0.00163,0.00313,0.00714,-0.00764,0.69068,-0.00069,-0.00004,-0.00772,0.01482,-0.00973,0.01075,0.10855,0.81968,0
0.0121,-0.44652,-0.02718,-0.00157,0.00306,0.00899,-0.01047,0.69068,-0.00083,-0.00005,-0.00742,0.01448,-0.01126,0.01434,0.10862,0.81967,0
0.0141,-0.44652,-0.02718,-0.00149,0.00297,0.01041,-0.01374,0.69068,-0.00097,-0.00006,-0.00705,0.01402,-0.01229,0.01741,0.10860,0.81967,0
0.0161,-0.44652,-0.02718,-0.00140,0.00284,0.01138,-0.01656,0.69068,-0.00111,-0.00007,-0.00664,0.01345,-0.01280,0.01997,0.10860,0.81969,0
0.0181,-0.44652,-0.02718,-0.00131,0.00270,0.01191,-0.01893,0.69068,-0.00125,-0.00008,-0.00621,0.01277,-0.01280,0.02202,0.10854,0.81968,0
0.0201,-0.44652,-0.02718,-0.00121,0.00254,0.01199,-0.02085,0.69068,-0.00138,-0.00008,-0.00576,0.01202,-0.01229,0.02355,0.10851,0.81973,0
0.0221,-0.44652,-0.02718,-0.00112,0.00237,0.01163,-0.02233,0.69068,-0.00152,-0.00009,-0.00531,0.01121,-0.01126,0.02458,0.10849,0.81978,0
0.0241,-0.44652,-0.02718,-0.00103,0.00219,0.01083,-0.02336,0.69068,-0.00166,-0.00010,-0.00489,0.01034,-0.00973,0.02509,0.10846,0.81975,0
0.0261,-0.44652,-0.02718,-0.00095,0.00200,0.00958,-0.02393,0.69068,-0.00180,-0.00011,-0.00451,0.00945,-0.00768,0.02509,0.10844,0.81983,0
0.0281,-0.44652,-0.02718,-0.00088,0.00181,0.00789,-0.02406,0.69068,-0.00194,-0.00012,-0.00418,0.00854,-0.00612,0.02458,0.10843,0.81983,0
0.0301,-0.44652,-0.02718,-0.00082,0.00162,0.00661,-0.02373,0.69068,-0.00207,-0.00013,-0.00391,0.00763,-0.00507,0.02355,0.10838,0.81989,0
0.0321,-0.44652,-0.02718,-0.00077,0.00143,0.00577,-0.02296,0.69068,-0.00221,-0.00013,-0.00368,0.00675,-0.00453,0.02202,0.10837,0.81990,0
0.0341,-0.44652,-0.02718,-0.00073,0.00125,0.00536,-0.02173,0.69068,-0.00235,-0.00014,-0.00348,0.00591,-0.00451,0.01997,0.10840,0.81994,0
0.0361,-0.44652,-0.02718,-0.00068,0.00108,0.00538,-0.02006,0.69068,-0.00249,-0.00015,-0.00328,0.00512,-0.00500,0.01741,0.10838,0.81999,0
0.0381,-0.44652,-0.02718,-0.00064,0.00093,0.00584,-0.01793,0.69068,-0.00263,-0.00016,-0.00307,0.00440,-0.00570,0.01434,0.10832,0.81998,0
0.0401,-0.44652,-0.02718,-0.00059,0.00080,0.00648,-0.01536,0.69068,-0.00276,-0.00017,-0.00284,0.00377,-0.00589,0.01075,0.10835,0.82006,0
0.0421,-0.44652,-0.02718,-0.00054,0.00069,0.00668,-0.01235,0.69068,-0.00290,-0.00018,-0.00260,0.00324,-0.00556,0.00666,0.10839,0.82009,0
0.0441,-0.44652,-0.02718,-0.00048,0.00060,0.00644,-0.00889,0.69068,-0.00304,-0.00019,-0.00236,0.00284,-0.00540,0.00266,0.10835,0.82016,0
0.0461,-0.44652,-0.02718,-0.00043,0.00054,0.00633,-0.00551,0.69068,-0.00318,-0.00019,-0.00212,0.00257,-0.00530,-0.00083,0.10837,0.82017,0
0.0481,-0.44652,-0.02718,-0.00038,0.00051,0.00627,-0.00256,0.69068,-0.00332,-0.00020,-0.00189,0.00242,-0.00521,-0.00381,0.10839,0.82024,0
0.0501,-0.44652,-0.02718,-0.00033,0.00050,0.00622,-0.00005,0.69068,-0.00346,-0.00021,-0.00166,0.00237,-0.00512,-0.00627,0.10841,0.82026,0
0.0521,-0.44652,-0.02718,-0.00028,0.00051,0.00616,0.00202,0.69068,-0.00359,-0.00022,-0.00144,0.00240,-0.00503,-0.00823,0.10833,0.82022,0
0.0541,-0.44652,-0.02718,-0.00023,0.00053,0.00610,0.00365,0.69068,-0.00373,-0.00023,-0.00121,0.00251,-0.00494,-0.00967,0.10831,0.82030,0
0.0561,-0.44652,-0.02718,-0.00019,0.00057,0.00604,0.00485,0.69068,-0.00387,-0.00024,-0.00099,0.00267,-0.00486,-0.01059,0.10835,0.82027,0
0.0581,-0.44652,-0.02718,-0.00014,0.00061,0.00598,0.00560,0.69068,-0.00401,-0.00024,-0.00077,0.00287,-0.00478,-0.01101,0.10832,0.82025,0
0.0601,-0.44652,-0.02718,-0.00009,0.00065,0.00591,0.00591,0.69068,-0.00415,-0.00025,-0.00055,0.00308,-0.00470,-0.01091,0.10829,0.82025,0
0.0621,-0.44652,-0.02718,-0.00004,0.00070,0.00585,0.00579,0.69068,-0.00428,-0.00026,-0.00034,0.00330,-0.00462,-0.01031,0.10829,0.82027,0
0.0641,-0.44652,-0.02718,0.00000,0.00074,0.00579,0.00522,0.69068,-0.00442,-0.00027,-0.00013,0.00351,-0.00455,-0.00919,0.10827,0.82028,0
0.0661,-0.44652,-0.02718,0.00005,0.00078,0.00572,0.00421,0.69068,-0.00456,-0.00028,0.00008,0.00369,-0.00448,-0.00756,0.10831,0.82033,0
0.0681,-0.44652,-0.02718,0.00009,0.00081,0.00566,0.00276,0.69068,-0.00470,-0.00029,0.00029,0.00382,-0.00441,-0.00541,0.10833,0.82036,0
0.0701,-0.44652,-0.02718,0.00014,0.00082,0.00559,0.00087,0.69068,-0.00484,-0.00029,0.00049,0.00389,-0.00435,-0.00276,0.10828,0.82040,0
0.0721,-0.44652,-0.02718,0.00018,0.00082,0.00552,-0.00145,0.69068,-0.00497,-0.00030,0.00069,0.00388,-0.00428,0.00041,0.10828,0.82038,0
0.0741,-0.44652,-0.02718,0.00023,0.00080,0.00546,-0.00421,0.69068,-0.00511,-0.00031,0.00089,0.00377,-0.00422,0.00346,0.10821,0.82035,0
0.0761,-0.44652,-0.02718,0.00027,0.00076,0.00539,-0.00687,0.69068,-0.00525,-0.00032,0.00108,0.00356,-0.00417,0.00599,0.10821,0.82032,0
0.0781,-0.44652,-0.02718,0.00031,0.00069,0.00532,-0.00908,0.69068,-0.00539,-0.00033,0.00127,0.00326,-0.00411,0.00802,0.10817,0.82032,0
0.0801,-0.44652,-0.02718,0.00036,0.00061,0.00525,-0.01086,0.69068,-0.00553,-0.00034,0.00146,0.00288,-0.00406,0.00953,0.10821,0.82034,0
0.0821,-0.44652,-0.02718,0.00040,0.00052,0.00518,-0.01218,0.69068,-0.00566,-0.00034,0.00165,0.00244,-0.00401,0.01053,0.10815,0.82029,0
0.0841,-0.44652,-0.02718,0.00044,0.00042,0.00511,-0.01307,0.69068,-0.00580,-0.00035,0.00183,0.00197,-0.00397,0.01101,0.10826,0.82033,0
0.0861,-0.44652,-0.02718,0.00048,0.00031,0.00504,-0.01351,0.69068,-0.00594,-0.00036,0.00201,0.00146,-0.00393,0.01099,0.10817,0.82033,0
0.0881,-0.44652,-0.02718,0.00052,0.00020,0.00497,-0.01350,0.69068,-0.00608,-0.00037,0.00219,0.00095,-0.00389,0.01045,0.10820,0.82039,0
0.0901,-0.44652,-0.02718,0.00056,0.00010,0.00490,-0.01305,0.69068,-0.00622,-0.00038,0.00236,0.00045,-0.00385,0.00940,0.10823,0.82043,0
0.0921,-0.44652,-0.02718,0.00060,-0.00000,0.00483,-0.01216,0.69068,-0.00635,-0.00039,0.00254,-0.00003,-0.00382,0.00784,0.10825,0.82047,0
0.0941,-0.44652,-0.02718,0.00064,-0.00009,0.00476,-0.01082,0.69068,-0.00649,-0.00040,0.00270,-0.00047,-0.00379,0.00577,0.10828,0.82045,0
0.0961,-0.44652,-0.02718,0.00067,-0.00017,0.00469,-0.00904,0.69068,-0.00663,-0.00040,0.00287,-0.00084,-0.00376,0.00319,0.10821,0.82051,0
0.0981,-0.44652,-0.02718,0.00071,-0.00024,0.00462,-0.00681,0.69068,-0.00677,-0.00041,0.00303,-0.00114,-0.00374,0.00009,0.10824,0.82048,0
0.1001,-0.44652,-0.02718,0.00075,-0.00028,0.00455,-0.00415,0.69068,-0.00691,-0.00042,0.00319,-0.00135,-0.00371,-0.00250,0.10820,0.82050,0
0.1021,-0.44652,-0.02718,0.00078,-0.00031,0.00448,-0.00192,0.69068,-0.00705,-0.00043,0.00335,-0.00147,-0.00370,-0.00457,0.10817,0.82049,0
0.1041,-0.44652,-0.02718,0.00082,-0.00031,0.00441,-0.00013,0.69068,-0.00718,-0.00044,0.00350,-0.00151,-0.00368,-0.00613,0.10815,0.82049,0
0.1061,-0.44652,-0.02718,0.00085,-0.00031,0.00434,0.00123,0.69068,-0.00732,-0.00045,0.00365,-0.00149,-0.00367,-0.00718,0.10814,0.82049,0
0.1081,-0.44652,-0.02718,0.00089,-0.00030,0.00427,0.00214,0.69068,-0.00746,-0.00045,0.00380,-0.00142,-0.00366,-0.00771,0.10814,0.82053,0
0.1101,-0.44652,-0.02718,0.00092,-0.00028,0.00420,0.00262,0.69068,-0.00760,-0.00046,0.00395,-0.00133,-0.00365,-0.00774,0.10812,0.82047,0
0.1121,-0.44652,-0.02718,0.00096,-0.00026,0.00413,0.00266,0.69068,-0.00774,-0.00047,0.00409,-0.00123,-0.00365,-0.00725,0.10811,0.82046,0
0.1141,-0.44652,-0.02718,0.00099,-0.00024,0.00406,0.00226,0.69068,-0.00787,-0.00048,0.00423,-0.00114,-0.00365,-0.00625,0.10805,0.82049,0
0.1161,-0.44652,-0.02718,0.00102,-0.00022,0.00399,0.00142,0.69068,-0.00801,-0.00049,0.00436,-0.00107,-0.00365,-0.00474,0.10807,0.82047,0
0.1182,-0.44652,-0.02718,0.00105,-0.00021,0.00392,0.00014,0.69068,-0.00815,-0.00050,0.00450,-0.00105,-0.00366,-0.00272,0.10805,0.82045,0
0.1202,-0.44652,-0.02718,0.00108,-0.00022,0.00386,-0.00157,0.69068,-0.00829,-0.00050,0.00463,-0.00107,-0.00366,-0.00121,0.10804,0.82044,0
0.1222,-0.44652,-0.02718,0.00111,-0.00024,0.00379,-0.00285,0.69068,-0.00843,-0.00051,0.00476,-0.00116,-0.00367,-0.00021,0.10805,0.82046,0
0.1242,-0.44652,-0.02718,0.00114,-0.00026,0.00372,-0.00368,0.69068,-0.00857,-0.00052,0.00488,-0.00128,-0.00369,0.00028,0.10807,0.82045,0
0.1262,-0.44652,-0.02718,0.00117,-0.00030,0.00365,-0.00408,0.69068,-0.00871,-0.00053,0.00500,-0.00143,-0.00370,0.00025,0.10804,0.82042,0
0.1282,-0.44652,-0.02718,0.00120,-0.00033,0.00359,-0.00404,0.69068,-0.00884,-0.00054,0.00512,-0.00158,-0.00372,-0.00028,0.10808,0.82041,0
0.1302,-0.44652,-0.02718,0.00123,-0.00036,0.00352,-0.00356,0.69068,-0.00898,-0.00055,0.00524,-0.00173,-0.00374,-0.00133,0.10804,0.82045,0
0.1322,-0.44652,-0.02718,0.00126,-0.00038,0.00346,-0.00263,0.69068,-0.00912,-0.00056,0.00535,-0.00185,-0.00377,-0.00240,0.10813,0.82046,0
0.1342,-0.44652,-0.02718,0.00129,-0.00040,0.00339,-0.00169,0.69068,-0.00926,-0.00056,0.00546,-0.00193,-0.00379,-0.00296,0.10811,0.82051,0
0.1362,-0.44652,-0.02718,0.00131,-0.00041,0.00333,-0.00119,0.69068,-0.00940,-0.00057,0.00557,-0.00199,-0.00382,-0.00301,0.10817,0.82054,0
0.1382,-0.44652,-0.02718,0.00134,-0.00042,0.00326,-0.00112,0.69068,-0.00953,-0.00058,0.00568,-0.00203,-0.00386,-0.00261,0.10809,0.82058,0
0.1402,-0.44652,-0.02718,0.00137,-0.00043,0.00320,-0.00143,0.69068,-0.00967,-0.00059,0.00578,-0.00208,-0.00389,-0.00267,0.10810,0.82052,0
0.1422,-0.44652,-0.02718,0.00139,-0.00044,0.00314,-0.00135,0.69068,-0.00981,-0.00060,0.00588,-0.00213,-0.00393,-0.00273,0.10809,0.82052,0
0.1442,-0.44652,-0.02718,0.00142,-0.00045,0.00308,-0.00127,0.69068,-0.00995,-0.00061,0.00598,-0.00218,-0.00397,-0.00279,0.10807,0.82047,0
0.1462,-0.44652,-0.02718,0.00144,-0.00046,0.00301,-0.00119,0.69068,-0.01009,-0.00061,0.00607,-0.00223,-0.00402,-0.00285,0.10806,0.82044,0
0.1482,-0.44652,-0.02718,0.00146,-0.00047,0.00295,-0.00111,0.69068,-0.01023,-0.00062,0.00617,-0.00228,-0.00406,-0.00290,0.10808,0.82035,0
0.1502,-0.44652,-0.02718,0.00149,-0.00048,0.00289,-0.00103,0.69068,-0.01037,-0.00063,0.00626,-0.00232,-0.00411,-0.00295,0.10800,0.82034,0
0.1523,-0.44563,-0.02639,-0.00209,0.00230,0.00480,-0.00257,0.69242,-0.01051,-0.00064,-0.00977,0.01161,-0.00467,-0.00249,0.10800,0.82034,0
0.1544,-0.44563,-0.02639,-0.00205,0.00228,0.00542,-0.00311,0.69242,-0.01065,-0.00065,-0.00960,0.01150,-0.00574,-0.00151,0.10799,0.82036,0
0.1564,-0.44563,-0.02639,-0.00200,0.00225,0.00647,-0.00410,0.69242,-0.01079,-0.00066,-0.00940,0.01136,-0.00733,-0.00003,0.10796,0.82044,0
0.1584,-0.44563,-0.02639,-0.00194,0.00221,0.00796,-0.00552,0.69242,-0.01093,-0.00067,-0.00915,0.01118,-0.00942,0.00197,0.10795,0.82042,0
0.1604,-0.44563,-0.02639,-0.00187,0.00216,0.00988,-0.00737,0.69242,-0.01106,-0.00067,-0.00883,0.01094,-0.01203,0.00448,0.10795,0.82038,0
0.1624,-0.44563,-0.02639,-0.00178,0.00209,0.01223,-0.00966,0.69242,-0.01120,-0.00068,-0.00844,0.01061,-0.01515,0.00750,0.10796,0.82042,0
0.1644,-0.44563,-0.02639,-0.00167,0.00200,0.01501,-0.01238,0.69242,-0.01134,-0.00069,-0.00794,0.01019,-0.01878,0.01001,0.10795,0.82039,0
0.1664,-0.44563,-0.02639,-0.00154,0.00189,0.01822,-0.01465,0.69242,-0.01148,-0.00070,-0.00734,0.00968,-0.02190,0.01201,0.10799,0.82035,0
0.1684,-0.44563,-0.02639,-0.00138,0.00177,0.02098,-0.01648,0.69242,-0.01162,-0.00071,-0.00662,0.00909,-0.02451,0.01350,0.10791,0.82032,0
0.1704,-0.44563,-0.02639,-0.00120,0.00163,0.02330,-0.01786,0.69242,-0.01176,-0.00072,-0.00581,0.00844,-0.02661,0.01447,0.10788,0.82034,0
0.1724,-0.44563,-0.02639,-0.00101,0.00148,0.02516,-0.01880,0.69242,-0.01189,-0.00072,-0.00491,0.00775,-0.02819,0.01493,0.10782,0.82036,0
0.1744,-0.44563,-0.02639,-0.00080,0.00133,0.02657,-0.01928,0.69242,-0.01203,-0.00073,-0.00396,0.00702,-0.02926,0.01488,0.10784,0.82040,0
0.1764,-0.44563,-0.02639,-0.00059,0.00118,0.02753,-0.01932,0.69242,-0.01217,-0.00074,-0.00296,0.00629,-0.02982,0.01432,0.10781,0.82044,0
0.1784,-0.44563,-0.02639,-0.00037,0.00102,0.02804,-0.01892,0.69242,-0.01231,-0.00075,-0.00193,0.00557,-0.02987,0.01325,0.10772,0.82044,0
0.1804,-0.44563,-0.02639,-0.00014,0.00088,0.02809,-0.01806,0.69242,-0.01245,-0.00076,-0.00090,0.00487,-0.02941,0.01166,0.10770,0.82047,0
0.1824,-0.44563,-0.02639,0.00008,0.00074,0.02770,-0.01676,0.69242,-0.01258,-0.00077,0.00013,0.00421,-0.02843,0.00956,0.10768,0.82046,0
0.1844,-0.44563,-0.02639,0.00030,0.00061,0.02685,-0.01501,0.69242,-0.01272,-0.00077,0.00114,0.00361,-0.02695,0.00695,0.10760,0.82047,0
0.1864,-0.44563,-0.02639,0.00051,0.00050,0.02555,-0.01281,0.69242,-0.01286,-0.00078,0.00210,0.00308,-0.02495,0.00383,0.10755,0.82046,0
0.1884,-0.44563,-0.02639,0.00071,0.00041,0.02379,-0.01017,0.69242,-0.01300,-0.00079,0.00301,0.00264,-0.02243,0.00122,0.10752,0.82051,0
0.1904,-0.44563,-0.02639,0.00089,0.00033,0.02159,-0.00796,0.69242,-0.01314,-0.00080,0.00384,0.00230,-0.01941,-0.00088,0.10744,0.82055,0
0.1924,-0.44563,-0.02639,0.00105,0.00028,0.01894,-0.00619,0.69242,-0.01327,-0.00081,0.00458,0.00203,-0.01587,-0.00246,0.10739,0.82055,0
0.1944,-0.44563,-0.02639,0.00119,0.00023,0.01584,-0.00485,0.69242,-0.01341,-0.00082,0.00521,0.00182,-0.01183,-0.00354,0.10733,0.82057,0
0.1964,-0.44563,-0.02639,0.00130,0.00020,0.01229,-0.00395,0.69242,-0.01355,-0.00082,0.00572,0.00165,-0.00783,-0.00410,0.10726,0.82058,0
0.1984,-0.44563,-0.02639,0.00139,0.00017,0.00879,-0.00348,0.69242,-0.01369,-0.00083,0.00609,0.00151,-0.00435,-0.00415,0.10723,0.82060,0
0.2004,-0.44563,-0.02639,0.00145,0.00014,0.00571,-0.00345,0.69242,-0.01383,-0.00084,0.00634,0.00137,-0.00138,-0.00369,0.10717,0.82056,0
0.2024,-0.44563,-0.02639,0.00148,0.00011,0.00308,-0.00385,0.69242,-0.01396,-0.00085,0.00648,0.00124,0.00108,-0.00271,0.10716,0.82060,0
0.2044,-0.44563,-0.02639,0.00150,0.00008,0.00087,-0.00469,0.69242,-0.01410,-0.00086,0.00652,0.00107,0.00303,-0.00123,0.10717,0.82058,0
0.2064,-0.44563,-0.02639,0.00150,0.00004,-0.00089,-0.00596,0.69242,-0.01424,-0.00087,0.00649,0.00087,0.00447,0.00000,0.10719,0.82057,0
0.2084,-0.44563,-0.02639,0.00148,-0.00002,-0.00222,-0.00701,0.69242,-0.01438,-0.00088,0.00641,0.00062,0.00539,0.00072,0.10712,0.82059,0
0.2104,-0.44563,-0.02639,0.00146,-0.00007,-0.00311,-0.00762,0.69242,-0.01452,-0.00088,0.00628,0.00034,0.00580,0.00093,0.10718,0.82058,0
0.2124,-0.44563,-0.02639,0.00144,-0.00014,-0.00355,-0.00779,0.69242,-0.01466,-0.00089,0.00612,0.00005,0.00570,0.00062,0.10713,0.82061,0
0.2144,-0.44563,-0.02639,0.00141,-0.00020,-0.00356,-0.00752,0.69242,-0.01479,-0.00090,0.00596,-0.00024,0.00509,-0.00019,0.10717,0.82061,0
0.2164,-0.44635,-0.02314,0.00041,-0.00188,-0.00400,-0.00852,0.69765,-0.01493,-0.00091,0.00047,-0.00493,0.00396,-0.00152,0.10713,0.82060,0
0.2184,-0.44635,-0.02314,0.00038,-0.00194,-0.00307,-0.00725,0.69765,-0.01507,-0.00092,0.00031,-0.00523,0.00233,-0.00337,0.10710,0.82059,0
0.2204,-0.44635,-0.02314,0.00036,-0.00199,-0.00169,-0.00555,0.69765,-0.01521,-0.00093,0.00019,-0.00547,0.00018,-0.00572,0.10707,0.82063,0
0.2224,-0.44635,-0.02314,0.00035,-0.00203,0.00012,-0.00340,0.69765,-0.01535,-0.00093,0.00013,-0.00564,-0.00248,-0.00756,0.10711,0.82060,0
0.2244,-0.44635,-0.02314,0.00036,-0.00205,0.00237,-0.00169,0.69765,-0.01548,-0.00094,0.00015,-0.00574,-0.00565,-0.00889,0.10710,0.82063,0
0.2264,-0.44635,-0.02314,0.00039,-0.00206,0.00506,-0.00041,0.69765,-0.01562,-0.00095,0.00026,-0.00578,-0.00934,-0.00971,0.10716,0.82065,0
0.2284,-0.44635,-0.02314,0.00045,-0.00206,0.00818,0.00042,0.69765,-0.01576,-0.00096,0.00047,-0.00579,-0.01354,-0.01001,0.10712,0.82058,0
0.2304,-0.44635,-0.02314,0.00053,-0.00205,0.01173,0.00082,0.69765,-0.01590,-0.00097,0.00082,-0.00576,-0.01722,-0.00980,0.10710,0.82062,0
0.2324,-0.44635,-0.02314,0.00063,-0.00205,0.01484,0.00078,0.69765,-0.01604,-0.00098,0.00129,-0.00574,-0.02039,-0.00909,0.10710,0.82060,0
0.2344,-0.44635,-0.02314,0.00076,-0.00204,0.01750,0.00030,0.69765,-0.01617,-0.00098,0.00187,-0.00572,-0.02305,-0.00785,0.10698,0.82055,0
0.2364,-0.44635,-0.02314,0.00091,-0.00204,0.01972,-0.00061,0.69765,-0.01631,-0.00099,0.00254,-0.00573,-0.02520,-0.00672,0.10695,0.82048,0
0.2384,-0.44635,-0.02314,0.00108,-0.00205,0.02149,-0.00144,0.69765,-0.01645,-0.00100,0.00329,-0.00577,-0.02684,-0.00609,0.10695,0.82047,0
0.2404,-0.44635,-0.02314,0.00125,-0.00206,0.02281,-0.00184,0.69765,-0.01659,-0.00101,0.00409,-0.00583,-0.02796,-0.00598,0.10685,0.82044,0
0.2424,-0.44635,-0.02314,0.00144,-0.00208,0.02367,-0.00180,0.69765,-0.01673,-0.00102,0.00494,-0.00590,-0.02857,-0.00638,0.10679,0.82041,0
0.2444,-0.44635,-0.02314,0.00163,-0.00209,0.02409,-0.00132,0.69765,-0.01686,-0.00103,0.00581,-0.00596,-0.02868,-0.00699,0.10670,0.82041,0
0.2464,-0.44635,-0.02314,0.00182,-0.00210,0.02406,-0.00066,0.69765,-0.01700,-0.00104,0.00668,-0.00600,-0.02826,-0.00708,0.10666,0.82036,0
0.2484,-0.44635,-0.02314,0.00201,-0.00210,0.02358,-0.00043,0.69765,-0.01714,-0.00104,0.00755,-0.00602,-0.02734,-0.00707,0.10658,0.82040,0
0.2504,-0.44635,-0.02314,0.00220,-0.00211,0.02264,-0.00031,0.69765,-0.01728,-0.00105,0.00839,-0.00604,-0.02590,-0.00709,0.10656,0.82037,0
0.2524,-0.44635,-0.02314,0.00237,-0.00211,0.02126,-0.00014,0.69765,-0.01742,-0.00106,0.00919,-0.00605,-0.02396,-0.00711,0.10658,0.82037,0
0.2544,-0.44635,-0.02314,0.00254,-0.00211,0.01943,0.00001,0.69765,-0.01756,-0.00107,0.00992,-0.00606,-0.02150,-0.00712,0.10653,0.82036,0
0.2564,-0.44635,-0.02314,0.00268,-0.00211,0.01715,0.00017,0.69765,-0.01769,-0.00108,0.01058,-0.00605,-0.01853,-0.00713,0.10650,0.82037,0
0.2584,-0.44635,-0.02314,0.00281,-0.00211,0.01442,0.00031,0.69765,-0.01783,-0.00109,0.01114,-0.00605,-0.01504,-0.00713,0.10648,0.82033,0
0.2604,-0.44635,-0.02314,0.00291,-0.00210,0.01125,0.00046,0.69765,-0.01797,-0.00109,0.01159,-0.00603,-0.01105,-0.00713,0.10638,0.82031,0
0.2624,-0.44635,-0.02314,0.00299,-0.00210,0.00764,0.00059,0.69765,-0.01811,-0.00110,0.01191,-0.00602,-0.00654,-0.00712,0.10631,0.82028,0
0.2644,-0.44635,-0.02314,0.00303,-0.00209,0.00358,0.00073,0.69765,-0.01825,-0.00111,0.01208,-0.00599,-0.00254,-0.00711,0.10633,0.82026,0
0.2664,-0.44635,-0.02314,0.00305,-0.00209,-0.00003,0.00085,0.69765,-0.01838,-0.00112,0.01212,-0.00597,0.00094,-0.00709,0.10632,0.82029,0
0.2684,-0.44635,-0.02314,0.00303,-0.00208,-0.00322,0.00098,0.69765,-0.01852,-0.00113,0.01202,-0.00593,0.00391,-0.00706,0.10627,0.82025,0
0.2704,-0.44635,-0.02314,0.00300,-0.00207,-0.00596,0.00110,0.69765,-0.01866,-0.00114,0.01181,-0.00590,0.00637,-0.00703,0.10625,0.82028,0
0.2724,-0.44635,-0.02314,0.00294,-0.00206,-0.00826,0.00121,0.69765,-0.01880,-0.00114,0.01150,-0.00586,0.00832,-0.00700,0.10624,0.82022,0
0.2744,-0.44635,-0.02314,0.00287,-0.00205,-0.01012,0.00132,0.69765,-0.01894,-0.00115,0.01111,-0.00581,0.00975,-0.00696,0.10631,0.82021,0
0.2764,-0.44635,-0.02314,0.00278,-0.00204,-0.01153,0.00142,0.69765,-0.01907,-0.00116,0.01067,-0.00576,0.01068,-0.00692,0.10632,0.82018,0
0.2785,-0.44514,-0.02111,-0.00082,-0.00218,-0.01308,0.00069,0.70878,-0.01921,-0.00117,-0.00517,-0.00438,0.01109,-0.00637,0.10633,0.82019,0
0.2805,-0.44514,-0.02111,-0.00092,-0.00217,-0.01337,0.00036,0.70878,-0.01935,-0.00118,-0.00571,-0.00437,0.01099,-0.00554,0.10634,0.82021,0
0.2825,-0.44514,-0.02111,-0.00103,-0.00217,-0.01322,-0.00020,0.70878,-0.01949,-0.00119,-0.00625,-0.00437,0.01038,-0.00523,0.10632,0.82016,0
0.2845,-0.44514,-0.02111,-0.00113,-0.00218,-0.01262,-0.00032,0.70878,-0.01963,-0.00119,-0.00678,-0.00438,0.00925,-0.00543,0.10634,0.82016,0
0.2865,-0.44514,-0.02111,-0.00123,-0.00218,-0.01158,-0.00000,0.70878,-0.01977,-0.00120,-0.00727,-0.00439,0.00761,-0.00559,0.10630,0.82015,0
0.2885,-0.44514,-0.02111,-0.00132,-0.00218,-0.01010,0.00028,0.70878,-0.01990,-0.00121,-0.00772,-0.00438,0.00547,-0.00559,0.10630,0.82014,0
0.2905,-0.44514,-0.02111,-0.00139,-0.00217,-0.00817,0.00043,0.70878,-0.02004,-0.00122,-0.00811,-0.00437,0.00281,-0.00559,0.10630,0.82013,0
0.2925,-0.44514,-0.02111,-0.00145,-0.00217,-0.00580,0.00057,0.70878,-0.02018,-0.00123,-0.00841,-0.00436,-0.00037,-0.00558,0.10633,0.82008,0
0.2945,-0.44514,-0.02111,-0.00148,-0.00216,-0.00299,0.00071,0.70878,-0.02032,-0.00124,-0.00862,-0.00433,-0.00405,-0.00557,0.10637,0.82011,0
0.2965,-0.44514,-0.02111,-0.00149,-0.00216,0.00026,0.00085,0.70878,-0.02046,-0.00125,-0.00871,-0.00431,-0.00825,-0.00555,0.10635,0.82014,0
0.2985,-0.44514,-0.02111,-0.00147,-0.00215,0.00395,0.00097,0.70878,-0.02060,-0.00125,-0.00867,-0.00427,-0.01296,-0.00553,0.10636,0.82010,0
0.3005,-0.44514,-0.02111,-0.00143,-0.00214,0.00807,0.00110,0.70878,-0.02073,-0.00126,-0.00849,-0.00424,-0.01818,-0.00550,0.10640,0.82012,0
0.3025,-0.44514,-0.02111,-0.00134,-0.00213,0.01262,0.00122,0.70878,-0.02087,-0.00127,-0.00814,-0.00420,-0.02391,-0.00547,0.10641,0.82012,0
0.3045,-0.44514,-0.02111,-0.00122,-0.00212,0.01761,0.00133,0.70878,-0.02101,-0.00128,-0.00761,-0.00415,-0.02913,-0.00543,0.10637,0.82009,0
0.3065,-0.44514,-0.02111,-0.00106,-0.00211,0.02214,0.00144,0.70878,-0.02115,-0.00129,-0.00690,-0.00410,-0.03384,-0.00539,0.10635,0.82009,0
0.3085,-0.44514,-0.02111,-0.00087,-0.00210,0.02623,0.00155,0.70878,-0.02129,-0.00130,-0.00603,-0.00405,-0.03804,-0.00534,0.10626,0.82006,0
0.3105,-0.44514,-0.02111,-0.00065,-0.00209,0.02987,0.00165,0.70878,-0.02143,-0.00130,-0.00501,-0.00399,-0.04172,-0.00529,0.10620,0.82008,0
0.3125,-0.44514,-0.02111,-0.00039,-0.00207,0.03305,0.00175,0.70878,-0.02157,-0.00131,-0.00386,-0.00393,-0.04489,-0.00524,0.10614,0.82006,0
0.3146,-0.44514,-0.02111,-0.00012,-0.00206,0.03577,0.00184,0.70878,-0.02170,-0.00132,-0.00260,-0.00386,-0.04755,-0.00518,0.10608,0.82005,0
0.3166,-0.44514,-0.02111,0.00018,-0.00204,0.03804,0.00193,0.70878,-0.02184,-0.00133,-0.00125,-0.00379,-0.04970,-0.00512,0.10601,0.82005,0
0.3186,-0.44514,-0.02111,0.00049,-0.00203,0.03985,0.00201,0.70878,-0.02198,-0.00134,0.00018,-0.00372,-0.05134,-0.00506,0.10604,0.82004,0
0.3206,-0.44514,-0.02111,0.00081,-0.00201,0.04120,0.00209,0.70878,-0.02212,-0.00135,0.00167,-0.00365,-0.05246,-0.00499,0.10602,0.82002,0
0.3226,-0.44514,-0.02111,0.00115,-0.00199,0.04209,0.00217,0.70878,-0.02226,-0.00136,0.00320,-0.00357,-0.05308,-0.00492,0.10600,0.82002,0
0.3246,-0.44514,-0.02111,0.00148,-0.00198,0.04252,0.00224,0.70878,-0.02240,-0.00136,0.00475,-0.00349,-0.05318,-0.00485,0.10589,0.81998,0
0.3266,-0.44514,-0.02111,0.00182,-0.00196,0.04249,0.00231,0.70878,-0.02254,-0.00137,0.00631,-0.00341,-0.05276,-0.00478,0.10583,0.82002,0
0.3286,-0.44514,-0.02111,0.00216,-0.00194,0.04200,0.00238,0.70878,-0.02267,-0.00138,0.00787,-0.00332,-0.05184,-0.00470,0.10575,0.81998,0
0.3306,-0.44514,-0.02111,0.00249,-0.00192,0.04105,0.00244,0.70878,-0.02281,-0.00139,0.00939,-0.00323,-0.05041,-0.00462,0.10571,0.81994,0
0.3326,-0.44514,-0.02111,0.00282,-0.00190,0.03964,0.00250,0.70878,-0.02295,-0.00140,0.01087,-0.00314,-0.04846,-0.00454,0.10573,0.81995,0
0.3346,-0.44514,-0.02111,0.00313,-0.00188,0.03778,0.00256,0.70878,-0.02309,-0.00141,0.01229,-0.00305,-0.04600,-0.00445,0.10565,0.81991,0
0.3366,-0.44514,-0.02111,0.00342,-0.00186,0.03545,0.00261,0.70878,-0.02323,-0.00141,0.01363,-0.00295,-0.04303,-0.00437,0.10562,0.81998,0
0.3386,-0.44514,-0.02111,0.00369,-0.00184,0.03267,0.00266,0.70878,-0.02337,-0.00142,0.01487,-0.00286,-0.03954,-0.00428,0.10557,0.81992,0
0.3407,-0.44514,-0.02111,0.00394,-0.00182,0.02943,0.00271,0.70878,-0.02351,-0.00143,0.01600,-0.00276,-0.03555,-0.00419,0.10550,0.81989,0
0.3427,-0.44514,-0.02111,0.00416,-0.00180,0.02574,0.00275,0.70878,-0.02364,-0.00144,0.01699,-0.00266,-0.03104,-0.00410,0.10544,0.81989,0
0.3447,-0.44514,-0.02111,0.00435,-0.00177,0.02160,0.00279,0.70878,-0.02378,-0.00145,0.01784,-0.00255,-0.02602,-0.00400,0.10543,0.81988,0
0.3467,-0.44525,-0.01841,0.00340,-0.00398,0.02439,0.00155,0.69335,-0.02392,-0.00146,0.01322,-0.01029,-0.02049,-0.00442,0.10531,0.81987,0
0.3487,-0.44525,-0.01841,0.00358,-0.00396,0.01942,0.00218,0.69335,-0.02406,-0.00146,0.01400,-0.01022,-0.01445,-0.00535,0.10532,0.81989,0
0.3507,-0.44525,-0.01841,0.00371,-0.00394,0.01401,0.00324,0.69335,-0.02420,-0.00147,0.01458,-0.01012,-0.00891,-0.00679,0.10524,0.81989,0
0.3527,-0.44525,-0.01841,0.00380,-0.00391,0.00903,0.00473,0.69335,-0.02434,-0.00148,0.01497,-0.00998,-0.00389,-0.00875,0.10525,0.81985,0
0.3547,-0.44525,-0.01841,0.00386,-0.00387,0.00448,0.00667,0.69335,-0.02448,-0.00149,0.01517,-0.00976,0.00061,-0.01121,0.10518,0.81985,0
0.3567,-0.44525,-0.01841,0.00388,-0.00380,0.00037,0.00903,0.69335,-0.02461,-0.00150,0.01522,-0.00947,0.00461,-0.01317,0.10523,0.81981,0
0.3587,-0.44525,-0.01841,0.00387,-0.00372,-0.00331,0.01095,0.69335,-0.02475,-0.00151,0.01511,-0.00910,0.00809,-0.01461,0.10518,0.81982,0
0.3607,-0.44525,-0.01841,0.00383,-0.00363,-0.00654,0.01243,0.69335,-0.02489,-0.00152,0.01487,-0.00866,0.01106,-0.01554,0.10515,0.81983,0
0.3628,-0.44525,-0.01841,0.00376,-0.00353,-0.00934,0.01346,0.69335,-0.02503,-0.00152,0.01452,-0.00817,0.01352,-0.01596,0.10509,0.81980,0
0.3648,-0.44525,-0.01841,0.00368,-0.00342,-0.01169,0.01405,0.69335,-0.02517,-0.00153,0.01408,-0.00765,0.01547,-0.01587,0.10508,0.81982,0
0.3668,-0.44525,-0.01841,0.00358,-0.00330,-0.01359,0.01420,0.69335,-0.02531,-0.00154,0.01355,-0.00712,0.01691,-0.01526,0.10503,0.81981,0
0.3688,-0.44525,-0.01841,0.00346,-0.00319,-0.01505,0.01390,0.69335,-0.02545,-0.00155,0.01295,-0.00659,0.01783,-0.01414,0.10497,0.81982,0
0.3708,-0.44525,-0.01841,0.00334,-0.00308,-0.01607,0.01315,0.69335,-0.02558,-0.00156,0.01231,-0.00608,0.01824,-0.01251,0.10498,0.81982,0
0.3728,-0.44525,-0.01841,0.00321,-0.00298,-0.01664,0.01196,0.69335,-0.02572,-0.00157,0.01165,-0.00561,0.01814,-0.01037,0.10493,0.81974,0
0.3748,-0.44525,-0.01841,0.00307,-0.00289,-0.01676,0.01032,0.69335,-0.02586,-0.00157,0.01096,-0.00519,0.01753,-0.00772,0.10489,0.81975,0
0.3768,-0.44525,-0.01841,0.00294,-0.00282,-0.01644,0.00825,0.69335,-0.02600,-0.00158,0.01028,-0.00485,0.01640,-0.00558,0.10486,0.81977,0
0.3788,-0.44525,-0.01841,0.00281,-0.00276,-0.01567,0.00660,0.69335,-0.02614,-0.00159,0.00962,-0.00457,0.01477,-0.00395,0.10486,0.81973,0
0.3808,-0.44525,-0.01841,0.00269,-0.00271,-0.01445,0.00539,0.69335,-0.02628,-0.00160,0.00900,-0.00435,0.01262,-0.00283,0.10478,0.81971,0
0.3828,-0.44525,-0.01841,0.00258,-0.00267,-0.01279,0.00462,0.69335,-0.02641,-0.00161,0.00843,-0.00416,0.00996,-0.00223,0.10486,0.81972,0
0.3848,-0.44525,-0.01841,0.00249,-0.00263,-0.01069,0.00428,0.69335,-0.02655,-0.00162,0.00794,-0.00399,0.00679,-0.00213,0.10476,0.81971,0
0.3868,-0.44525,-0.01841,0.00241,-0.00260,-0.00814,0.00437,0.69335,-0.02669,-0.00162,0.00753,-0.00383,0.00310,-0.00255,0.10472,0.81967,0
0.3888,-0.44525,-0.01841,0.00236,-0.00256,-0.00515,0.00490,0.69335,-0.02683,-0.00163,0.00722,-0.00366,-0.00110,-0.00348,0.10477,0.81969,0
0.3908,-0.44525,-0.01841,0.00233,-0.00252,-0.00172,0.00587,0.69335,-0.02697,-0.00164,0.00704,-0.00346,-0.00580,-0.00492,0.10472,0.81970,0
0.3928,-0.44525,-0.01841,0.00234,-0.00247,0.00215,0.00727,0.69335,-0.02710,-0.00165,0.00699,-0.00322,-0.01102,-0.00585,0.10471,0.81966,0
0.3949,-0.44525,-0.01841,0.00237,-0.00241,0.00645,0.00823,0.69335,-0.02725,-0.00166,0.00710,-0.00293,-0.01676,-0.00627,0.10470,0.81968,0
0.3969,-0.44525,-0.01841,0.00244,-0.00234,0.01119,0.00874,0.69335,-0.02738,-0.00167,0.00738,-0.00261,-0.02198,-0.00618,0.10469,0.81966,0
0.3989,-0.44525,-0.01841,0.00255,-0.00227,0.01548,0.00882,0.69335,-0.02752,-0.00168,0.00783,-0.00228,-0.02669,-0.00557,0.10472,0.81966,0
0.4009,-0.44525,-0.01841,0.00269,-0.00220,0.01933,0.00845,0.69335,-0.02766,-0.00168,0.00843,-0.00196,-0.03088,-0.00446,0.10469,0.81964,0
0.4029,-0.44525,-0.01841,0.00286,-0.00213,0.02273,0.00764,0.69335,-0.02780,-0.00169,0.00917,-0.00166,-0.03457,-0.00335,0.10463,0.81963,0
0.4049,-0.44525,-0.01841,0.00305,-0.00208,0.02568,0.00683,0.69335,-0.02794,-0.00170,0.01003,-0.00139,-0.03774,-0.00275,0.10456,0.81960,0
0.4069,-0.44525,-0.01841,0.00326,-0.00202,0.02817,0.00646,0.69335,-0.02808,-0.00171,0.01099,-0.00114,-0.04040,-0.00267,0.10448,0.81958,0
0.4089,-0.44525,-0.01841,0.00350,-0.00197,0.03022,0.00652,0.69335,-0.02822,-0.00172,0.01204,-0.00090,-0.04255,-0.00261,0.10445,0.81958,0
0.4109,-0.44525,-0.01841,0.00375,-0.00192,0.03181,0.00660,0.69335,-0.02835,-0.00173,0.01315,-0.00065,-0.04419,-0.00238,0.10441,0.81953,0
0.4129,-0.44525,-0.01841,0.00400,-0.00187,0.03294,0.00653,0.69335,-0.02849,-0.00173,0.01432,-0.00041,-0.04531,-0.00214,0.10433,0.81949,0
0.4150,-0.44600,-0.01821,-0.00097,-0.00376,0.03006,0.00390,0.69857,-0.02863,-0.00174,-0.01002,-0.00918,-0.04592,-0.00242,0.10427,0.81945,0
0.4170,-0.44600,-0.01821,-0.00073,-0.00373,0.03064,0.00439,0.69857,-0.02877,-0.00175,-0.00893,-0.00902,-0.04602,-0.00321,0.10427,0.81945,0
0.4190,-0.44600,-0.01821,-0.00048,-0.00369,0.03076,0.00531,0.69857,-0.02891,-0.00176,-0.00783,-0.00884,-0.04561,-0.00450,0.10424,0.81947,0
0.4210,-0.44600,-0.01821,-0.00024,-0.00364,0.03043,0.00667,0.69857,-0.02905,-0.00177,-0.00673,-0.00862,-0.04469,-0.00632,0.10419,0.81944,0
0.4230,-0.44600,-0.01821,0.00000,-0.00358,0.02965,0.00846,0.69857,-0.02919,-0.00178,-0.00565,-0.00834,-0.04325,-0.00864,0.10416,0.81945,0
0.4250,-0.44600,-0.01821,0.00023,-0.00351,0.02841,0.01068,0.69857,-0.02932,-0.00179,-0.00461,-0.00798,-0.04130,-0.01045,0.10414,0.81946,0
0.4270,-0.44600,-0.01821,0.00045,-0.00341,0.02672,0.01246,0.69857,-0.02946,-0.00179,-0.00363,-0.00754,-0.03885,-0.01175,0.10406,0.81944,0
0.4290,-0.44600,-0.01821,0.00066,-0.00331,0.02458,0.01379,0.69857,-0.02960,-0.00180,-0.00272,-0.00705,-0.03587,-0.01254,0.10400,0.81945,0
0.4310,-0.44600,-0.01821,0.00084,-0.00319,0.02198,0.01468,0.69857,-0.02974,-0.00181,-0.00190,-0.00652,-0.03239,-0.01281,0.10399,0.81943,0
0.4330,-0.44600,-0.01821,0.00101,-0.00307,0.01894,0.01513,0.69857,-0.02988,-0.00182,-0.00118,-0.00596,-0.02942,-0.01258,0.10384,0.81945,0
0.4350,-0.44600,-0.01821,0.00115,-0.00295,0.01633,0.01513,0.69857,-0.03002,-0.00183,-0.00057,-0.00539,-0.02696,-0.01183,0.10381,0.81939,0
0.4370,-0.44600,-0.01821,0.00127,-0.00283,0.01414,0.01468,0.69857,-0.03016,-0.00184,-0.00006,-0.00483,-0.02501,-0.01057,0.10382,0.81937,0
0.4390,-0.44600,-0.01821,0.00138,-0.00272,0.01239,0.01379,0.69857,-0.03029,-0.00184,0.00038,-0.00429,-0.02358,-0.00880,0.10374,0.81935,0
0.4410,-0.44600,-0.01821,0.00147,-0.00262,0.01106,0.01245,0.69857,-0.03043,-0.00185,0.00077,-0.00380,-0.02265,-0.00651,0.10374,0.81935,0
0.4430,-0.44600,-0.01821,0.00156,-0.00252,0.01017,0.01067,0.69857,-0.03057,-0.00186,0.00111,-0.00337,-0.02224,-0.00474,0.10370,0.81934,0
0.4450,-0.44600,-0.01821,0.00164,-0.00244,0.00971,0.00932,0.69857,-0.03071,-0.00187,0.00142,-0.00299,-0.02234,-0.00348,0.10369,0.81925,0
0.4470,-0.44600,-0.01821,0.00171,-0.00237,0.00968,0.00840,0.69857,-0.03085,-0.00188,0.00173,-0.00266,-0.02295,-0.00273,0.10363,0.81922,0
0.4490,-0.44600,-0.01821,0.00179,-0.00231,0.01009,0.00792,0.69857,-0.03098,-0.00189,0.00204,-0.00236,-0.02408,-0.00250,0.10362,0.81919,0
0.4510,-0.44600,-0.01821,0.00188,-0.00224,0.01093,0.00787,0.69857,-0.03112,-0.00189,0.00237,-0.00206,-0.02572,-0.00277,0.10363,0.81917,0
0.4530,-0.44600,-0.01821,0.00197,-0.00218,0.01219,0.00825,0.69857,-0.03126,-0.00190,0.00275,-0.00176,-0.02786,-0.00356,0.10359,0.81916,0
0.4550,-0.44600,-0.01821,0.00207,-0.00211,0.01389,0.00907,0.69857,-0.03140,-0.00191,0.00318,-0.00144,-0.02950,-0.00383,0.10355,0.81918,0
0.4570,-0.44600,-0.01821,0.00219,-0.00204,0.01515,0.00944,0.69857,-0.03154,-0.00192,0.00367,-0.00109,-0.03062,-0.00360,0.10352,0.81918,0
0.4590,-0.44600,-0.01821,0.00231,-0.00196,0.01596,0.00937,0.69857,-0.03167,-0.00193,0.00419,-0.00074,-0.03124,-0.00285,0.10346,0.81921,0
0.4610,-0.44600,-0.01821,0.00244,-0.00189,0.01632,0.00886,0.69857,-0.03181,-0.00194,0.00474,-0.00040,-0.03134,-0.00234,0.10344,0.81923,0
0.4631,-0.44600,-0.01821,0.00257,-0.00182,0.01623,0.00854,0.69857,-0.03195,-0.00195,0.00529,-0.00007,-0.03093,-0.00202,0.10336,0.81925,0
0.4651,-0.44600,-0.01821,0.00270,-0.00175,0.01570,0.00839,0.69857,-0.03209,-0.00195,0.00583,0.00024,-0.03000,-0.00171,0.10327,0.81921,0
0.4671,-0.44600,-0.01821,0.00282,-0.00168,0.01473,0.00824,0.69857,-0.03223,-0.00196,0.00634,0.00055,-0.02857,-0.00141,0.10317,0.81918,0
0.4691,-0.44600,-0.01821,0.00294,-0.00162,0.01331,0.00810,0.69857,-0.03237,-0.00197,0.00681,0.00086,-0.02662,-0.00111,0.10304,0.81920,0
0.4711,-0.44600,-0.01821,0.00303,-0.00155,0.01144,0.00795,0.69857,-0.03250,-0.00198,0.00721,0.00116,-0.02518,-0.00082,0.10293,0.81914,0
0.4731,-0.44600,-0.01821,0.00312,-0.00149,0.01001,0.00780,0.69857,-0.03264,-0.00199,0.00755,0.00145,-0.02426,-0.00054,0.10285,0.81910,0
0.4751,-0.44600,-0.01821,0.00320,-0.00143,0.00900,0.00765,0.69857,-0.03278,-0.00200,0.00784,0.00174,-0.02385,-0.00026,0.10273,0.81910,0
0.4771,-0.44600,-0.01821,0.00327,-0.00137,0.00843,0.00751,0.69857,-0.03292,-0.00200,0.00811,0.00202,-0.02395,0.00002,0.10267,0.81908,0
0.4791,-0.44600,-0.01821,0.00333,-0.00131,0.00830,0.00736,0.69857,-0.03306,-0.00201,0.00836,0.00230,-0.02456,0.00029,0.10265,0.81910,0
0.4811,-0.44600,-0.01821,0.00340,-0.00125,0.00859,0.00722,0.69857,-0.03320,-0.00202,0.00861,0.00257,-0.02466,0.00055,0.10261,0.81912,0
0.4831,-0.44600,-0.01821,0.00347,-0.00119,0.00845,0.00707,0.69857,-0.03333,-0.00203,0.00887,0.00284,-0.02447,0.00081,0.10261,0.81908,0
0.4851,-0.44680,-0.01728,0.00123,-0.00426,0.00665,0.00408,0.69958,-0.03347,-0.00204,-0.00257,-0.01074,-0.02479,0.00055,0.10250,0.81910,0
0.4871,-0.44680,-0.01728,0.00129,-0.00423,0.00683,0.00458,0.69958,-0.03361,-0.00205,-0.00238,-0.01058,-0.02561,-0.00021,0.10250,0.81910,0
0.4891,-0.44680,-0.01728,0.00134,-0.00419,0.00745,0.00551,0.69958,-0.03375,-0.00205,-0.00218,-0.01039,-0.02696,-0.00149,0.10251,0.81911,0
0.4911,-0.44680,-0.01728,0.00141,-0.00414,0.00851,0.00689,0.69958,-0.03389,-0.00206,-0.00194,-0.01016,-0.02881,-0.00328,0.10241,0.81911,0
0.4931,-0.44680,-0.01728,0.00148,-0.00408,0.00999,0.00869,0.69958,-0.03402,-0.00207,-0.00166,-0.00987,-0.03117,-0.00558,0.10233,0.81911,0
0.4951,-0.44680,-0.01728,0.00157,-0.00400,0.01191,0.01093,0.69958,-0.03416,-0.00208,-0.00132,-0.00950,-0.03405,-0.00840,0.10227,0.81910,0
0.4971,-0.44680,-0.01728,0.00167,-0.00390,0.01426,0.01360,0.69958,-0.03430,-0.00209,-0.00089,-0.00904,-0.03642,-0.01113,0.10216,0.81910,0
0.4991,-0.44680,-0.01728,0.00180,-0.00378,0.01616,0.01619,0.69958,-0.03444,-0.00210,-0.00038,-0.00849,-0.03827,-0.01336,0.10219,0.81910,0
0.5011,-0.44680,-0.01728,0.00193,-0.00364,0.01762,0.01834,0.69958,-0.03458,-0.00211,0.00019,-0.00784,-0.03961,-0.01507,0.10215,0.81909,0
0.5031,-0.44680,-0.01728,0.00208,-0.00349,0.01863,0.02004,0.69958,-0.03471,-0.00211,0.00080,-0.00711,-0.04044,-0.01627,0.10208,0.81909,0
0.5051,-0.44680,-0.01728,0.00223,-0.00332,0.01919,0.02129,0.69958,-0.03485,-0.00212,0.00145,-0.00634,-0.04076,-0.01696,0.10208,0.81907,0
0.5071,-0.44680,-0.01728,0.00238,-0.00315,0.01931,0.02209,0.69958,-0.03499,-0.00213,0.00211,-0.00552,-0.04056,-0.01713,0.10205,0.81907,0
0.5091,-0.44680,-0.01728,0.00253,-0.00297,0.01897,0.02245,0.69958,-0.03513,-0.00214,0.00276,-0.00468,-0.03986,-0.01680,0.10188,0.81906,0
0.5111,-0.44680,-0.01728,0.00268,-0.00279,0.01819,0.02235,0.69958,-0.03527,-0.00215,0.00339,-0.00384,-0.03864,-0.01595,0.10183,0.81905,0
0.5131,-0.44680,-0.01728,0.00282,-0.00261,0.01696,0.02181,0.69958,-0.03540,-0.00216,0.00399,-0.00301,-0.03691,-0.01459,0.10177,0.81902,0
0.5151,-0.44680,-0.01728,0.00295,-0.00244,0.01529,0.02081,0.69958,-0.03554,-0.00216,0.00453,-0.00221,-0.03466,-0.01272,0.10164,0.81896,0
0.5171,-0.44680,-0.01728,0.00307,-0.00228,0.01317,0.01937,0.69958,-0.03568,-0.00217,0.00499,-0.00145,-0.03191,-0.01033,0.10156,0.81900,0
0.5191,-0.44680,-0.01728,0.00316,-0.00214,0.01060,0.01748,0.69958,-0.03582,-0.00218,0.00537,-0.00076,-0.02966,-0.00744,0.10149,0.81897,0
0.5211,-0.44680,-0.01728,0.00324,-0.00201,0.00847,0.01514,0.69958,-0.03596,-0.00219,0.00566,-0.00015,-0.02793,-0.00403,0.10142,0.81892,0
0.5231,-0.44680,-0.01728,0.00330,-0.00190,0.00677,0.01235,0.69958,-0.03609,-0.00220,0.00588,0.00037,-0.02672,-0.00113,0.10133,0.81892,0
0.5251,-0.44680,-0.01728,0.00335,-0.00181,0.00551,0.01000,0.69958,-0.03623,-0.00221,0.00604,0.00079,-0.02601,0.00125,0.10129,0.81888,0
0.5271,-0.44680,-0.01728,0.00339,-0.00173,0.00468,0.00808,0.69958,-0.03637,-0.00221,0.00616,0.00112,-0.02581,0.00312,0.10124,0.81886,0
0.5291,-0.44680,-0.01728,0.00343,-0.00168,0.00428,0.00660,0.69958,-0.03651,-0.00222,0.00625,0.00140,-0.02613,0.00448,0.10120,0.81884,0
0.5311,-0.44680,-0.01728,0.00346,-0.00163,0.00432,0.00554,0.69958,-0.03665,-0.00223,0.00634,0.00162,-0.02696,0.00533,0.10112,0.81881,0
0.5331,-0.44680,-0.01728,0.00350,-0.00158,0.00479,0.00493,0.69958,-0.03678,-0.00224,0.00644,0.00182,-0.02830,0.00567,0.10110,0.81885,0
0.5351,-0.44680,-0.01728,0.00354,-0.00155,0.00570,0.00474,0.69958,-0.03692,-0.00225,0.00657,0.00199,-0.03015,0.00549,0.10113,0.81882,0
0.5371,-0.44680,-0.01728,0.00359,-0.00151,0.00705,0.00500,0.69958,-0.03706,-0.00226,0.00673,0.00217,-0.03150,0.00480,0.10110,0.81885,0
0.5391,-0.44680,-0.01728,0.00365,-0.00146,0.00795,0.00568,0.69958,-0.03720,-0.00226,0.00694,0.00237,-0.03232,0.00360,0.10109,0.81883,0
0.5411,-0.44680,-0.01728,0.00371,-0.00141,0.00841,0.00681,0.69958,-0.03734,-0.00227,0.00718,0.00260,-0.03264,0.00189,0.10103,0.81881,0
0.5431,-0.44680,-0.01728,0.00378,-0.00135,0.00843,0.00836,0.69958,-0.03748,-0.00228,0.00742,0.00289,-0.03245,0.00060,0.10100,0.81885,0
0.5451,-0.44680,-0.01728,0.00385,-0.00128,0.00801,0.00955,0.69958,-0.03761,-0.00229,0.00766,0.00322,-0.03174,-0.00017,0.10096,0.81884,0
0.5471,-0.44680,-0.01728,0.00391,-0.00120,0.00714,0.01029,0.69958,-0.03775,-0.00230,0.00787,0.00359,-0.03052,-0.00043,0.10091,0.81882,0
0.5491,-0.44680,-0.01728,0.00396,-0.00112,0.00584,0.01059,0.69958,-0.03789,-0.00231,0.00804,0.00398,-0.02981,-0.00018,0.10079,0.81884,0
0.5511,-0.44937,-0.01579,0.00333,-0.00432,0.00527,0.00906,0.70049,-0.03803,-0.00232,0.00238,-0.00968,-0.02962,-0.00044,0.10074,0.81882,0
0.5531,-0.44937,-0.01579,0.00337,-0.00425,0.00488,0.00957,0.70049,-0.03817,-0.00232,0.00250,-0.00933,-0.02994,-0.00122,0.10064,0.81879,0
0.5551,-0.44937,-0.01579,0.00340,-0.00417,0.00492,0.01051,0.70049,-0.03830,-0.00233,0.00261,-0.00896,-0.03077,-0.00250,0.10052,0.81877,0
0.5571,-0.44937,-0.01579,0.00345,-0.00408,0.00540,0.01189,0.70049,-0.03844,-0.00234,0.00273,-0.00854,-0.03211,-0.00430,0.10037,0.81881,0
0.5591,-0.44937,-0.01579,0.00349,-0.00398,0.00631,0.01369,0.70049,-0.03858,-0.00235,0.00287,-0.00806,-0.03396,-0.00661,0.10033,0.81876,0
0.5611,-0.44937,-0.01579,0.00355,-0.00386,0.00766,0.01593,0.70049,-0.03872,-0.00236,0.00306,-0.00750,-0.03566,-0.00943,0.10028,0.81877,0
0.5631,-0.44937,-0.01579,0.00362,-0.00372,0.00887,0.01859,0.70049,-0.03886,-0.00237,0.00329,-0.00686,-0.03685,-0.01174,0.10015,0.81870,0
0.5651,-0.44937,-0.01579,0.00369,-0.00356,0.00964,0.02081,0.70049,-0.03899,-0.00237,0.00357,-0.00611,-0.03753,-0.01354,0.10011,0.81872,0
0.5671,-0.44937,-0.01579,0.00377,-0.00339,0.00997,0.02257,0.70049,-0.03913,-0.00238,0.00386,-0.00530,-0.03769,-0.01482,0.10006,0.81869,0
0.5691,-0.44937,-0.01579,0.00385,-0.00320,0.00985,0.02389,0.70049,-0.03927,-0.00239,0.00415,-0.00443,-0.03734,-0.01559,0.09998,0.81868,0
0.5711,-0.44937,-0.01579,0.00392,-0.00301,0.00929,0.02476,0.70049,-0.03941,-0.00240,0.00444,-0.00351,-0.03648,-0.01586,0.09985,0.81866,0
0.5731,-0.44937,-0.01579,0.00399,-0.00281,0.00829,0.02517,0.70049,-0.03955,-0.00241,0.00469,-0.00257,-0.03511,-0.01560,0.09977,0.81868,0
0.5751,-0.44937,-0.01579,0.00405,-0.00261,0.00685,0.02514,0.70049,-0.03968,-0.00242,0.00490,-0.00162,-0.03425,-0.01484,0.09967,0.81864,0
0.5771,-0.44937,-0.01579,0.00411,-0.00241,0.00584,0.02465,0.70049,-0.03982,-0.00242,0.00506,-0.00069,-0.03390,-0.01357,0.09957,0.81861,0
0.5791,-0.44937,-0.01579,0.00415,-0.00221,0.00527,0.02371,0.70049,-0.03996,-0.00243,0.00519,0.00022,-0.03407,-0.01178,0.09955,0.81858,0
0.5811,-0.44937,-0.01579,0.00419,-0.00203,0.00513,0.02233,0.70049,-0.04010,-0.00244,0.00531,0.00109,-0.03474,-0.00948,0.09949,0.81852,0
0.5831,-0.44937,-0.01579,0.00423,-0.00186,0.00542,0.02049,0.70049,-0.04024,-0.00245,0.00542,0.00189,-0.03491,-0.00667,0.09941,0.81846,0
0.5852,-0.44937,-0.01579,0.00428,-0.00170,0.00528,0.01820,0.70049,-0.04038,-0.00246,0.00554,0.00262,-0.03483,-0.00335,0.09940,0.81842,0
0.5872,-0.44937,-0.01579,0.00432,-0.00157,0.00492,0.01547,0.70049,-0.04052,-0.00247,0.00566,0.00325,-0.03486,0.00049,0.09934,0.81839,0
0.5892,-0.44937,-0.01579,0.00436,-0.00146,0.00465,0.01230,0.70049,-0.04065,-0.00248,0.00576,0.00377,-0.03490,0.00381,0.09930,0.81840,0
0.5912,-0.44937,-0.01579,0.00439,-0.00137,0.00439,0.00955,0.70049,-0.04079,-0.00248,0.00585,0.00418,-0.03495,0.00662,0.09929,0.81839,0
0.5932,-0.44937,-0.01579,0.00443,-0.00130,0.00414,0.00724,0.70049,-0.04093,-0.00249,0.00593,0.00449,-0.03500,0.00892,0.09920,0.81838,0
0.5952,-0.44937,-0.01579,0.00446,-0.00125,0.00389,0.00536,0.70049,-0.04107,-0.00250,0.00600,0.00473,-0.03507,0.01070,0.09911,0.81838,0
0.5972,-0.44937,-0.01579,0.00449,-0.00122,0.00365,0.00391,0.70049,-0.04121,-0.00251,0.00606,0.00490,-0.03515,0.01198,0.09903,0.81833,0
0.5992,-0.44937,-0.01579,0.00452,-0.00119,0.00341,0.00290,0.70049,-0.04134,-0.00252,0.00611,0.00502,-0.03524,0.01274,0.09892,0.81839,0
0.6012,-0.44937,-0.01579,0.00454,-0.00117,0.00318,0.00233,0.70049,-0.04148,-0.00253,0.00615,0.00511,-0.03533,0.01299,0.09887,0.81836,0
0.6032,-0.44937,-0.01579,0.00457,-0.00115,0.00296,0.00219,0.70049,-0.04162,-0.00253,0.00618,0.00519,-0.03544,0.01273,0.09883,0.81838,0
0.6052,-0.44937,-0.01579,0.00459,-0.00113,0.00274,0.00249,0.70049,-0.04176,-0.00254,0.00620,0.00528,-0.03556,0.01196,0.09869,0.81839,0
0.6072,-0.44937,-0.01579,0.00461,-0.00111,0.00253,0.00323,0.70049,-0.04190,-0.00255,0.00622,0.00538,-0.03568,0.01067,0.09869,0.81838,0
0.6092,-0.44937,-0.01579,0.00463,-0.00108,0.00233,0.00440,0.70049,-0.04204,-0.00256,0.00623,0.00552,-0.03581,0.00887,0.09858,0.81836,0
0.6112,-0.44937,-0.01579,0.00465,-0.00104,0.00213,0.00601,0.70049,-0.04218,-0.00257,0.00623,0.00571,-0.03595,0.00656,0.09845,0.81833,0
0.6132,-0.44937,-0.01579,0.00466,-0.00098,0.00193,0.00805,0.70049,-0.04231,-0.00258,0.00622,0.00597,-0.03609,0.00374,0.09836,0.81839,0
0.6153,-0.44948,-0.01657,0.00224,-0.00404,-0.00080,0.00579,0.70226,-0.04245,-0.00258,-0.00543,-0.00926,-0.03675,0.00041,0.09829,0.81841,0
0.6173,-0.44948,-0.01657,0.00224,-0.00398,-0.00039,0.00891,0.70226,-0.04259,-0.00259,-0.00554,-0.00899,-0.03792,-0.00344,0.09829,0.81841,0
0.6193,-0.44948,-0.01657,0.00224,-0.00389,0.00046,0.01246,0.70226,-0.04273,-0.00260,-0.00562,-0.00859,-0.03960,-0.00779,0.09822,0.81843,0
0.6213,-0.44948,-0.01657,0.00225,-0.00378,0.00175,0.01644,0.70226,-0.04287,-0.00261,-0.00567,-0.00805,-0.04180,-0.01164,0.09810,0.81852,0
0.6233,-0.44948,-0.01657,0.00227,-0.00363,0.00347,0.01997,0.70226,-0.04301,-0.00262,-0.00565,-0.00737,-0.04450,-0.01497,0.09804,0.81853,0
0.6253,-0.44948,-0.01657,0.00230,-0.00346,0.00563,0.02306,0.70226,-0.04314,-0.00263,-0.00557,-0.00656,-0.04772,-0.01779,0.09810,0.81856,0
0.6273,-0.44948,-0.01657,0.00236,-0.00326,0.00822,0.02569,0.70226,-0.04328,-0.00264,-0.00539,-0.00564,-0.05043,-0.02010,0.09796,0.81855,0
0.6293,-0.44948,-0.01657,0.00243,-0.00305,0.01037,0.02787,0.70226,-0.04342,-0.00264,-0.00513,-0.00464,-0.05262,-0.02190,0.09789,0.81857,0
0.6313,-0.44948,-0.01657,0.00252,-0.00282,0.01208,0.02960,0.70226,-0.04356,-0.00265,-0.00479,-0.00355,-0.05430,-0.02318,0.09785,0.81857,0
0.6333,-0.44948,-0.01657,0.00262,-0.00258,0.01334,0.03088,0.70226,-0.04370,-0.00266,-0.00440,-0.00242,-0.05547,-0.02396,0.09781,0.81851,0
0.6353,-0.44948,-0.01657,0.00273,-0.00233,0.01416,0.03170,0.70226,-0.04383,-0.00267,-0.00396,-0.00124,-0.05613,-0.02422,0.09763,0.81850,0
0.6373,-0.44948,-0.01657,0.00285,-0.00207,0.01454,0.03207,0.70226,-0.04397,-0.00268,-0.00351,-0.00004,-0.05627,-0.02397,0.09755,0.81848,0
0.6393,-0.44948,-0.01657,0.00296,-0.00182,0.01446,0.03198,0.70226,-0.04411,-0.00269,-0.00305,0.00117,-0.05591,-0.02321,0.09749,0.81849,0
0.6413,-0.44948,-0.01657,0.00308,-0.00156,0.01395,0.03144,0.70226,-0.04425,-0.00269,-0.00260,0.00236,-0.05503,-0.02193,0.09738,0.81852,0
0.6433,-0.44948,-0.01657,0.00319,-0.00132,0.01298,0.03044,0.70226,-0.04439,-0.00270,-0.00218,0.00353,-0.05364,-0.02015,0.09733,0.81850,0
0.6453,-0.44948,-0.01657,0.00328,-0.00108,0.01158,0.02899,0.70226,-0.04452,-0.00271,-0.00180,0.00465,-0.05174,-0.01785,0.09721,0.81851,0
0.6473,-0.44948,-0.01657,0.00337,-0.00085,0.00973,0.02709,0.70226,-0.04466,-0.00272,-0.00149,0.00570,-0.04932,-0.01504,0.09714,0.81851,0
0.6493,-0.44948,-0.01657,0.00344,-0.00065,0.00743,0.02474,0.70226,-0.04480,-0.00273,-0.00125,0.00668,-0.04640,-0.01171,0.09705,0.81851,0
0.6513,-0.44948,-0.01657,0.00349,-0.00046,0.00470,0.02193,0.70226,-0.04494,-0.00274,-0.00111,0.00755,-0.04398,-0.00788,0.09696,0.81849,0
0.6533,-0.44948,-0.01657,0.00351,-0.00030,0.00240,0.01868,0.70226,-0.04508,-0.00274,-0.00107,0.00832,-0.04208,-0.00353,0.09687,0.81845,0
0.6553,-0.44948,-0.01657,0.00353,-0.00016,0.00054,0.01497,0.70226,-0.04522,-0.00275,-0.00111,0.00895,-0.04069,0.00133,0.09673,0.81844,0
0.6573,-0.44948,-0.01657,0.00353,-0.00006,-0.00089,0.01083,0.70226,-0.04535,-0.00276,-0.00120,0.00943,-0.03981,0.00667,0.09670,0.81841,0
0.6593,-0.44948,-0.01657,0.00351,0.00001,-0.00187,0.00626,0.70226,-0.04549,-0.00277,-0.00135,0.00975,-0.03944,0.01150,0.09658,0.81837,0
0.6613,-0.44948,-0.01657,0.00350,0.00004,-0.00242,0.00213,0.70226,-0.04563,-0.00278,-0.00152,0.00990,-0.03959,0.01581,0.09641,0.81832,0
0.6633,-0.44948,-0.01657,0.00348,0.00005,-0.00253,-0.00156,0.70226,-0.04577,-0.00279,-0.00170,0.00991,-0.04025,0.01962,0.09637,0.81828,0
0.6653,-0.44948,-0.01657,0.00346,0.00002,-0.00220,-0.00481,0.70226,-0.04591,-0.00279,-0.00188,0.00978,-0.04142,0.02291,0.09634,0.81824,0
0.6673,-0.44948,-0.01657,0.00344,-0.00003,-0.00143,-0.00763,0.70226,-0.04604,-0.00280,-0.00205,0.00954,-0.04310,0.02569,0.09618,0.81824,0
0.6693,-0.44948,-0.01657,0.00344,-0.00010,-0.00023,-0.01000,0.70226,-0.04618,-0.00281,-0.00217,0.00920,-0.04529,0.02796,0.09612,0.81823,0
0.6713,-0.44948,-0.01657,0.00344,-0.00019,0.00142,-0.01193,0.70226,-0.04632,-0.00282,-0.00224,0.00878,-0.04800,0.02972,0.09609,0.81823,0
0.6733,-0.44948,-0.01657,0.00346,-0.00029,0.00350,-0.01341,0.70226,-0.04646,-0.00283,-0.00224,0.00829,-0.05019,0.03097,0.09604,0.81826,0
0.6753,-0.44948,-0.01657,0.00350,-0.00040,0.00514,-0.01445,0.70226,-0.04660,-0.00284,-0.00217,0.00776,-0.05187,0.03170,0.09593,0.81822,0
0.6773,-0.44948,-0.01657,0.00354,-0.00052,0.00634,-0.01505,0.70226,-0.04674,-0.00285,-0.00205,0.00720,-0.05304,0.03192,0.09588,0.81822,0
0.6793,-0.44948,-0.01657,0.00360,-0.00064,0.00710,-0.01520,0.70226,-0.04687,-0.00285,-0.00189,0.00662,-0.05370,0.03163,0.09573,0.81817,0
0.6813,-0.44948,-0.01657,0.00365,-0.00076,0.00742,-0.01490,0.70226,-0.04701,-0.00286,-0.00170,0.00605,-0.05385,0.03083,0.09564,0.81816,0
0.6833,-0.44948,-0.01657,0.00371,-0.00088,0.00730,-0.01416,0.70226,-0.04715,-0.00287,-0.00152,0.00549,-0.05348,0.02951,0.09558,0.81817,0
0.6853,-0.45175,-0.01359,0.00417,-0.00786,0.00658,-0.01915,0.70511,-0.04729,-0.00288,-0.00172,-0.02457,-0.05260,0.02768,0.09537,0.81812,0
0.6873,-0.45175,-0.01359,0.00422,-0.00801,0.00555,-0.01706,0.70511,-0.04743,-0.00289,-0.00159,-0.02526,-0.05121,0.02535,0.09537,0.81812,0
0.6894,-0.45175,-0.01359,0.00426,-0.00813,0.00407,-0.01451,0.70511,-0.04757,-0.00290,-0.00150,-0.02586,-0.04931,0.02249,0.09526,0.81815,0
0.6914,-0.45175,-0.01359,0.00428,-0.00824,0.00216,-0.01153,0.70511,-0.04770,-0.00290,-0.00148,-0.02636,-0.04792,0.01913,0.09514,0.81815,0
0.6934,-0.45175,-0.01359,0.00429,-0.00832,0.00068,-0.00810,0.70511,-0.04784,-0.00291,-0.00152,-0.02674,-0.04704,0.01526,0.09499,0.81822,0
0.6954,-0.45175,-0.01359,0.00429,-0.00837,-0.00035,-0.00422,0.70511,-0.04798,-0.00292,-0.00161,-0.02697,-0.04667,0.01087,0.09493,0.81827,0
0.6974,-0.45175,-0.01359,0.00429,-0.00838,-0.00095,0.00009,0.70511,-0.04812,-0.00293,-0.00173,-0.02706,-0.04682,0.00597,0.09479,0.81830,0
0.6994,-0.45175,-0.01359,0.00428,-0.00836,-0.00112,0.00484,0.70511,-0.04826,-0.00294,-0.00187,-0.02697,-0.04748,0.00056,0.09467,0.81828,0
0.7014,-0.45175,-0.01359,0.00427,-0.00830,-0.00084,0.01002,0.70511,-0.04839,-0.00295,-0.00200,-0.02670,-0.04865,-0.00536,0.09459,0.81834,0
0.7034,-0.45175,-0.01359,0.00427,-0.00820,-0.00013,0.01563,0.70511,-0.04853,-0.00295,-0.00212,-0.02622,-0.05033,-0.01176,0.09446,0.81835,0
0.7054,-0.45175,-0.01359,0.00427,-0.00805,0.00102,0.02165,0.70511,-0.04867,-0.00296,-0.00220,-0.02552,-0.05150,-0.01816,0.09443,0.81840,0
0.7074,-0.45175,-0.01359,0.00428,-0.00786,0.00173,0.02765,0.70511,-0.04881,-0.00297,-0.00224,-0.02459,-0.05216,-0.02456,0.09436,0.81839,0
0.7094,-0.45175,-0.01359,0.00430,-0.00761,0.00201,0.03363,0.70511,-0.04895,-0.00298,-0.00227,-0.02344,-0.05230,-0.03045,0.09430,0.81841,0
0.7114,-0.45175,-0.01359,0.00431,-0.00732,0.00184,0.03916,0.70511,-0.04908,-0.00299,-0.00230,-0.02207,-0.05194,-0.03583,0.09421,0.81842,0
0.7134,-0.45175,-0.01359,0.00433,-0.00699,0.00124,0.04423,0.70511,-0.04922,-0.00300,-0.00234,-0.02050,-0.05156,-0.04069,0.09413,0.81839,0
0.7154,-0.45175,-0.01359,0.00433,-0.00661,0.00063,0.04884,0.70511,-0.04936,-0.00301,-0.00240,-0.01874,-0.05169,-0.04504,0.09403,0.81843,0
0.7174,-0.45175,-0.01359,0.00434,-0.00621,0.00045,0.05299,0.70511,-0.04950,-0.00301,-0.00248,-0.01682,-0.05198,-0.04888,0.09389,0.81843,0
0.7194,-0.45175,-0.01359,0.00434,-0.00577,0.00040,0.05667,0.70511,-0.04964,-0.00302,-0.00256,-0.01476,-0.05220,-0.05221,0.09382,0.81850,0
0.7214,-0.45175,-0.01359,0.00434,-0.00530,0.00030,0.05988,0.70511,-0.04977,-0.00303,-0.00265,-0.01256,-0.05242,-0.05503,0.09373,0.81849,0
0.7234,-0.45175,-0.01359,0.00435,-0.00481,0.00020,0.06261,0.70511,-0.04991,-0.00304,-0.00274,-0.01025,-0.05265,-0.05733,0.09366,0.81843,0
0.7254,-0.45175,-0.01359,0.00435,-0.00430,0.00010,0.06488,0.70511,-0.05005,-0.00305,-0.00283,-0.00784,-0.05288,-0.05912,0.09357,0.81849,0
0.7274,-0.45175,-0.01359,0.00435,-0.00377,0.00001,0.06668,0.70511,-0.05019,-0.00306,-0.00293,-0.00536,-0.05312,-0.06040,0.09347,0.81845,0
0.7294,-0.45175,-0.01359,0.00435,-0.00324,-0.00008,0.06800,0.70511,-0.05033,-0.00306,-0.00303,-0.00282,-0.05336,-0.06117,0.09338,0.81848,0
0.7314,-0.45175,-0.01359,0.00435,-0.00269,-0.00017,0.06885,0.70511,-0.05046,-0.00307,-0.00314,-0.00024,-0.05360,-0.06143,0.09330,0.81843,0
0.7334,-0.45175,-0.01359,0.00434,-0.00214,-0.00025,0.06922,0.70511,-0.05060,-0.00308,-0.00325,0.00237,-0.05385,-0.06117,0.09320,0.81840,0
0.7354,-0.45175,-0.01359,0.00434,-0.00158,-0.00033,0.06912,0.70511,-0.05074,-0.00309,-0.00336,0.00498,-0.05410,-0.06040,0.09309,0.81843,0
0.7374,-0.45175,-0.01359,0.00434,-0.00103,-0.00041,0.06854,0.70511,-0.05088,-0.00310,-0.00347,0.00757,-0.05435,-0.05912,0.09299,0.81838,0
0.7394,-0.45175,-0.01359,0.00434,-0.00049,-0.00048,0.06749,0.70511,-0.05102,-0.00311,-0.00359,0.01014,-0.05461,-0.05733,0.09290,0.81839,0
0.7414,-0.45175,-0.01359,0.00433,0.00005,-0.00055,0.06597,0.70511,-0.05116,-0.00311,-0.00371,0.01266,-0.05487,-0.05503,0.09274,0.81831,0
0.7434,-0.45175,-0.01359,0.00433,0.00057,-0.00062,0.06397,0.70511,-0.05129,-0.00312,-0.00384,0.01511,-0.05513,-0.05221,0.09265,0.81832,0
0.7454,-0.45175,-0.01359,0.00432,0.00107,-0.00068,0.06151,0.70511,-0.05143,-0.00313,-0.00397,0.01748,-0.05540,-0.04888,0.09250,0.81826,0
0.7474,-0.45175,-0.01359,0.00432,0.00155,-0.00075,0.05857,0.70511,-0.05157,-0.00314,-0.00410,0.01974,-0.05567,-0.04504,0.09241,0.81824,0
0.7494,-0.45175,-0.01359,0.00431,0.00200,-0.00081,0.05516,0.70511,-0.05171,-0.00315,-0.00423,0.02189,-0.05594,-0.04069,0.09230,0.81813,0
0.7514,-0.45399,-0.01412,0.00575,0.00307,0.00050,0.06004,0.70532,-0.05185,-0.00316,0.00025,0.02638,-0.05570,-0.03583,0.09213,0.81805,0
0.7534,-0.45399,-0.01412,0.00576,0.00353,-0.00009,0.05566,0.70532,-0.05199,-0.00316,0.00016,0.02856,-0.05494,-0.03045,0.09213,0.81805,0
0.7554,-0.45399,-0.01412,0.00575,0.00395,-0.00112,0.05081,0.70532,-0.05212,-0.00317,0.00003,0.03056,-0.05368,-0.02456,0.09199,0.81796,0
0.7574,-0.45399,-0.01412,0.00574,0.00434,-0.00259,0.04549,0.70532,-0.05226,-0.00318,-0.00014,0.03238,-0.05241,-0.01816,0.09194,0.81792,0
0.7594,-0.45399,-0.01412,0.00571,0.00468,-0.00405,0.03971,0.70532,-0.05240,-0.00319,-0.00038,0.03398,-0.05165,-0.01176,0.09181,0.81784,0
0.7615,-0.45399,-0.01412,0.00567,0.00498,-0.00508,0.03391,0.70532,-0.05254,-0.00320,-0.00065,0.03537,-0.05140,-0.00536,0.09158,0.81772,0
0.7635,-0.45399,-0.01412,0.00563,0.00522,-0.00567,0.02810,0.70532,-0.05268,-0.00321,-0.00096,0.03654,-0.05167,0.00104,0.09158,0.81772,0
0.7655,-0.45399,-0.01412,0.00558,0.00542,-0.00582,0.02227,0.70532,-0.05282,-0.00322,-0.00129,0.03748,-0.05245,0.00744,0.09146,0.81766,0
0.7675,-0.45399,-0.01412,0.00554,0.00558,-0.00553,0.01643,0.70532,-0.05296,-0.00322,-0.00161,0.03821,-0.05374,0.01384,0.09134,0.81758,0
0.7695,-0.45399,-0.01412,0.00550,0.00569,-0.00479,0.01058,0.70532,-0.05309,-0.00323,-0.00191,0.03871,-0.05500,0.02024,0.09124,0.81753,0
0.7715,-0.45399,-0.01412,0.00546,0.00575,-0.00408,0.00472,0.70532,-0.05323,-0.00324,-0.00218,0.03900,-0.05575,0.02664,0.09112,0.81744,0
0.7735,-0.45399,-0.01412,0.00543,0.00576,-0.00380,-0.00113,0.70532,-0.05337,-0.00325,-0.00244,0.03906,-0.05599,0.03304,0.09104,0.81744,0
0.7755,-0.45399,-0.01412,0.00540,0.00573,-0.00396,-0.00699,0.70532,-0.05351,-0.00326,-0.00269,0.03890,-0.05620,0.03893,0.09089,0.81744,0
0.7775,-0.45399,-0.01412,0.00537,0.00565,-0.00415,-0.01240,0.70532,-0.05365,-0.00327,-0.00295,0.03852,-0.05660,0.04430,0.09082,0.81740,0
0.7795,-0.45399,-0.01412,0.00533,0.00553,-0.00416,-0.01737,0.70532,-0.05378,-0.00327,-0.00322,0.03795,-0.05700,0.04917,0.09067,0.81736,0
0.7815,-0.45399,-0.01412,0.00530,0.00538,-0.00417,-0.02189,0.70532,-0.05392,-0.00328,-0.00348,0.03720,-0.05740,0.05352,0.09054,0.81738,0
0.7835,-0.45399,-0.01412,0.00527,0.00519,-0.00418,-0.02596,0.70532,-0.05406,-0.00329,-0.00375,0.03629,-0.05781,0.05736,0.09048,0.81736,0
0.7855,-0.45399,-0.01412,0.00523,0.00496,-0.00419,-0.02958,0.70532,-0.05420,-0.00330,-0.00402,0.03524,-0.05821,0.06069,0.09039,0.81733,0
0.7875,-0.45399,-0.01412,0.00520,0.00471,-0.00419,-0.03275,0.70532,-0.05434,-0.00331,-0.00428,0.03405,-0.05862,0.06350,0.09020,0.81725,0
0.7895,-0.45399,-0.01412,0.00517,0.00444,-0.00419,-0.03546,0.70532,-0.05447,-0.00332,-0.00455,0.03275,-0.05902,0.06581,0.09013,0.81723,0
0.7915,-0.45399,-0.01412,0.00513,0.00415,-0.00419,-0.03771,0.70532,-0.05461,-0.00332,-0.00482,0.03136,-0.05943,0.06760,0.08999,0.81723,0
0.7935,-0.45399,-0.01412,0.00510,0.00384,-0.00419,-0.03951,0.70532,-0.05475,-0.00333,-0.00509,0.02990,-0.05984,0.06888,0.08991,0.81717,0
0.7955,-0.45399,-0.01412,0.00507,0.00352,-0.00418,-0.04085,0.70532,-0.05489,-0.00334,-0.00535,0.02837,-0.06024,0.06965,0.08979,0.81717,0
0.7975,-0.45399,-0.01412,0.00503,0.00319,-0.00417,-0.04172,0.70532,-0.05503,-0.00335,-0.00562,0.02680,-0.06065,0.06990,0.08966,0.81718,0
0.7995,-0.45399,-0.01412,0.00500,0.00285,-0.00416,-0.04214,0.70532,-0.05517,-0.00336,-0.00589,0.02521,-0.06106,0.06965,0.08955,0.81714,0
0.8015,-0.45399,-0.01412,0.00497,0.00252,-0.00415,-0.04210,0.70532,-0.05530,-0.00337,-0.00616,0.02361,-0.06146,0.06888,0.08945,0.81720,0
0.8035,-0.45399,-0.01412,0.00493,0.00218,-0.00413,-0.04159,0.70532,-0.05544,-0.00338,-0.00643,0.02202,-0.06187,0.06760,0.08933,0.81717,0
0.8055,-0.45399,-0.01412,0.00490,0.00185,-0.00412,-0.04063,0.70532,-0.05558,-0.00338,-0.00669,0.02046,-0.06227,0.06581,0.08921,0.81716,0
0.8075,-0.45399,-0.01412,0.00487,0.00153,-0.00409,-0.03921,0.70532,-0.05572,-0.00339,-0.00696,0.01894,-0.06268,0.06350,0.08915,0.81718,0
0.8095,-0.45399,-0.01412,0.00483,0.00123,-0.00407,-0.03733,0.70532,-0.05586,-0.00340,-0.00723,0.01749,-0.06308,0.06069,0.08903,0.81720,0
0.8115,-0.45399,-0.01412,0.00480,0.00094,-0.00405,-0.03499,0.70532,-0.05600,-0.00341,-0.00749,0.01611,-0.06349,0.05736,0.08893,0.81720,0
0.8135,-0.45399,-0.01412,0.00477,0.00067,-0.00402,-0.03219,0.70532,-0.05613,-0.00342,-0.00776,0.01484,-0.06389,0.05352,0.08875,0.81724,0
0.8156,-0.45399,-0.01412,0.00474,0.00042,-0.00400,-0.02895,0.70532,-0.05627,-0.00343,-0.00802,0.01367,-0.06430,0.04917,0.08862,0.81730,0
0.8176,-0.45717,-0.01527,0.00757,-0.01295,-0.00246,-0.04082,0.71104,-0.05641,-0.00343,0.00210,-0.05070,-0.06419,0.04430,0.08855,0.81729,0
0.8196,-0.45717,-0.01527,0.00755,-0.01325,-0.00306,-0.03578,0.71104,-0.05655,-0.00344,0.00188,-0.05216,-0.06357,0.03893,0.08843,0.81735,0
0.8216,-0.45717,-0.01527,0.00752,-0.01352,-0.00410,-0.03028,0.71104,-0.05669,-0.00345,0.00163,-0.05341,-0.06243,0.03304,0.08836,0.81738,0
0.8236,-0.45717,-0.01527,0.00748,-0.01374,-0.00557,-0.02433,0.71104,-0.05683,-0.00346,0.00133,-0.05445,-0.06079,0.02664,0.08836,0.81738,0
0.8256,-0.45717,-0.01527,0.00743,-0.01391,-0.00747,-0.01794,0.71104,-0.05697,-0.00347,0.00097,-0.05526,-0.05863,0.02024,0.08815,0.81745,0
0.8276,-0.45717,-0.01527,0.00736,-0.01402,-0.00981,-0.01153,0.71104,-0.05711,-0.00348,0.00053,-0.05583,-0.05658,0.01384,0.08815,0.81745,0
0.8296,-0.45717,-0.01527,0.00728,-0.01409,-0.01206,-0.00511,0.71104,-0.05724,-0.00349,0.00000,-0.05615,-0.05503,0.00744,0.08797,0.81748,0
0.8316,-0.45717,-0.01527,0.00717,-0.01411,-0.01386,0.00130,0.71104,-0.05738,-0.00349,-0.00060,-0.05623,-0.05400,0.00104,0.08779,0.81754,0
0.8336,-0.45717,-0.01527,0.00706,-0.01407,-0.01522,0.00772,0.71104,-0.05752,-0.00350,-0.00127,-0.05606,-0.05348,-0.00536,0.08779,0.81754,0
0.8357,-0.45717,-0.01527,0.00693,-0.01398,-0.01613,0.01413,0.71104,-0.05766,-0.00351,-0.00198,-0.05566,-0.05347,-0.01176,0.08759,0.81765,0
0.8376,-0.45717,-0.01527,0.00680,-0.01384,-0.01660,0.02053,0.71104,-0.05780,-0.00352,-0.00271,-0.05501,-0.05397,-0.01816,0.08759,0.81765,0
0.8397,-0.45717,-0.01527,0.00667,-0.01365,-0.01662,0.02692,0.71104,-0.05794,-0.00353,-0.00346,-0.05412,-0.05499,-0.02456,0.08737,0.81768,0
0.8417,-0.45717,-0.01527,0.00654,-0.01341,-0.01619,0.03330,0.71104,-0.05808,-0.00354,-0.00420,-0.05299,-0.05651,-0.03096,0.08726,0.81776,0
0.8437,-0.45717,-0.01527,0.00641,-0.01312,-0.01532,0.03965,0.71104,-0.05822,-0.00354,-0.00491,-0.05161,-0.05855,-0.03736,0.08719,0.81774,0
0.8457,-0.45717,-0.01527,0.00629,-0.01278,-0.01400,0.04599,0.71104,-0.05835,-0.00355,-0.00558,-0.05000,-0.06110,-0.04376,0.08708,0.81773,0
0.8477,-0.45717,-0.01527,0.00619,-0.01238,-0.01224,0.05230,0.71104,-0.05849,-0.00356,-0.00619,-0.04815,-0.06417,-0.05016,0.08697,0.81777,0
0.8497,-0.45717,-0.01527,0.00610,-0.01194,-0.01003,0.05858,0.71104,-0.05863,-0.00357,-0.00673,-0.04606,-0.06672,-0.05605,0.08687,0.81776,0
0.8517,-0.45717,-0.01527,0.00602,-0.01145,-0.00826,0.06439,0.71104,-0.05877,-0.00358,-0.00720,-0.04374,-0.06876,-0.06143,0.08673,0.81774,0
0.8537,-0.45717,-0.01527,0.00596,-0.01091,-0.00692,0.06972,0.71104,-0.05891,-0.00359,-0.00760,-0.04121,-0.07028,-0.06629,0.08657,0.81777,0
0.8557,-0.45717,-0.01527,0.00591,-0.01034,-0.00601,0.07459,0.71104,-0.05905,-0.00359,-0.00796,-0.03849,-0.07130,-0.07064,0.08642,0.81782,0
0.8578,-0.45717,-0.01527,0.00587,-0.00972,-0.00553,0.07897,0.71104,-0.05919,-0.00360,-0.00830,-0.03559,-0.07180,-0.07448,0.08635,0.81782,0
0.8598,-0.45717,-0.01527,0.00582,-0.00907,-0.00550,0.08288,0.71104,-0.05932,-0.00361,-0.00863,-0.03254,-0.07179,-0.07781,0.08618,0.81782,0
0.8618,-0.45717,-0.01527,0.00578,-0.00840,-0.00589,0.08630,0.71104,-0.05946,-0.00362,-0.00896,-0.02935,-0.07127,-0.08063,0.08610,0.81784,0
0.8638,-0.45717,-0.01527,0.00573,-0.00770,-0.00672,0.08923,0.71104,-0.05960,-0.00363,-0.00932,-0.02604,-0.07024,-0.08293,0.08600,0.81787,0
0.8658,-0.45717,-0.01527,0.00567,-0.00697,-0.00799,0.09169,0.71104,-0.05974,-0.00364,-0.00972,-0.02262,-0.06946,-0.08472,0.08585,0.81786,0
0.8678,-0.45717,-0.01527,0.00560,-0.00623,-0.00903,0.09365,0.71104,-0.05988,-0.00365,-0.01016,-0.01912,-0.06919,-0.08600,0.08570,0.81784,0
0.8698,-0.45717,-0.01527,0.00552,-0.00547,-0.00963,0.09513,0.71104,-0.06002,-0.00365,-0.01063,-0.01556,-0.06944,-0.08677,0.08555,0.81779,0
0.8718,-0.45717,-0.01527,0.00545,-0.00471,-0.00979,0.09612,0.71104,-0.06015,-0.00366,-0.01112,-0.01195,-0.07020,-0.08703,0.08546,0.81780,0
0.8738,-0.45717,-0.01527,0.00537,-0.00394,-0.00950,0.09661,0.71104,-0.06029,-0.00367,-0.01161,-0.00832,-0.07146,-0.08677,0.08533,0.81775,0
0.8758,-0.45717,-0.01527,0.00530,-0.00317,-0.00877,0.09662,0.71104,-0.06043,-0.00368,-0.01207,-0.00467,-0.07251,-0.08600,0.08514,0.81776,0
0.8778,-0.45717,-0.01527,0.00523,-0.00239,-0.00823,0.09614,0.71104,-0.06057,-0.00369,-0.01252,-0.00103,-0.07309,-0.08472,0.08514,0.81776,0
0.8798,-0.45717,-0.01527,0.00516,-0.00163,-0.00808,0.09517,0.71104,-0.06071,-0.00370,-0.01295,0.00258,-0.07366,-0.08293,0.08514,0.81776,0
0.8819,-0.45717,-0.01527,0.00510,-0.00087,-0.00794,0.09372,0.71104,-0.06085,-0.00370,-0.01337,0.00614,-0.07422,-0.08063,0.08478,0.81773,0
0.8839,-0.45717,-0.01527,0.00504,-0.00013,-0.00780,0.09177,0.71104,-0.06099,-0.00371,-0.01379,0.00965,-0.07478,-0.07781,0.08459,0.81767,0
0.8860,-0.45719,-0.01550,0.00715,0.00704,-0.00524,0.10057,0.70575,-0.06114,-0.00372,-0.00397,0.04333,-0.07483,-0.07448,0.08449,0.81764,0
0.8880,-0.45719,-0.01550,0.00710,0.00783,-0.00568,0.09722,0.70575,-0.06127,-0.00373,-0.00429,0.04706,-0.07436,-0.07064,0.08429,0.81758,0
0.8900,-0.45719,-0.01550,0.00706,0.00860,-0.00655,0.09338,0.70575,-0.06141,-0.00374,-0.00465,0.05066,-0.07338,-0.06629,0.08414,0.81755,0
0.8920,-0.45719,-0.01550,0.00700,0.00933,-0.00786,0.08904,0.70575,-0.06155,-0.00375,-0.00504,0.05410,-0.07189,-0.06143,0.08405,0.81750,0
0.8940,-0.45719,-0.01550,0.00693,0.01002,-0.00960,0.08423,0.70575,-0.06169,-0.00376,-0.00550,0.05737,-0.06989,-0.05605,0.08390,0.81748,0
0.8960,-0.45719,-0.01550,0.00684,0.01067,-0.01177,0.07893,0.70575,-0.06183,-0.00376,-0.00603,0.06045,-0.06785,-0.05016,0.08373,0.81738,0
0.8980,-0.45719,-0.01550,0.00674,0.01128,-0.01397,0.07315,0.70575,-0.06196,-0.00377,-0.00664,0.06332,-0.06633,-0.04376,0.08363,0.81733,0
0.9000,-0.45719,-0.01550,0.00662,0.01184,-0.01571,0.06690,0.70575,-0.06210,-0.00378,-0.00732,0.06596,-0.06532,-0.03736,0.08351,0.81726,0
0.9020,-0.45719,-0.01550,0.00649,0.01235,-0.01702,0.06061,0.70575,-0.06224,-0.00379,-0.00806,0.06836,-0.06482,-0.03096,0.08331,0.81725,0
0.9040,-0.45719,-0.01550,0.00635,0.01281,-0.01787,0.05429,0.70575,-0.06238,-0.00380,-0.00885,0.07053,-0.06483,-0.02456,0.08318,0.81713,0
0.9060,-0.45719,-0.01550,0.00621,0.01322,-0.01828,0.04794,0.70575,-0.06252,-0.00381,-0.00966,0.07245,-0.06536,-0.01816,0.08310,0.81707,0
0.9080,-0.45719,-0.01550,0.00606,0.01358,-0.01824,0.04157,0.70575,-0.06265,-0.00381,-0.01047,0.07414,-0.06640,-0.01176,0.08290,0.81698,0
0.9100,-0.45719,-0.01550,0.00592,0.01388,-0.01775,0.03518,0.70575,-0.06279,-0.00382,-0.01128,0.07558,-0.06794,-0.00536,0.08278,0.81690,0
0.9120,-0.45719,-0.01550,0.00578,0.01414,-0.01682,0.02876,0.70575,-0.06293,-0.00383,-0.01206,0.07678,-0.07001,0.00104,0.08270,0.81686,0
0.9140,-0.45719,-0.01550,0.00565,0.01434,-0.01544,0.02233,0.70575,-0.06307,-0.00384,-0.01280,0.07774,-0.07258,0.00744,0.08252,0.81682,0
0.9160,-0.45719,-0.01550,0.00553,0.01450,-0.01361,0.01589,0.70575,-0.06321,-0.00385,-0.01347,0.07846,-0.07566,0.01384,0.08243,0.81681,0
0.9180,-0.45719,-0.01550,0.00543,0.01460,-0.01134,0.00945,0.70575,-0.06335,-0.00386,-0.01407,0.07893,-0.07824,0.02024,0.08233,0.81674,0
0.9200,-0.45719,-0.01550,0.00535,0.01465,-0.00950,0.00299,0.70575,-0.06348,-0.00386,-0.01459,0.07916,-0.08030,0.02664,0.08219,0.81673,0
0.9221,-0.45719,-0.01550,0.00528,0.01465,-0.00810,-0.00346,0.70575,-0.06362,-0.00387,-0.01505,0.07914,-0.08185,0.03304,0.08206,0.81675,0
0.9241,-0.45719,-0.01550,0.00522,0.01459,-0.00712,-0.00991,0.70575,-0.06376,-0.00388,-0.01547,0.07888,-0.08288,0.03944,0.08202,0.81670,0
0.9261,-0.45719,-0.01550,0.00516,0.01449,-0.00659,-0.01635,0.70575,-0.06390,-0.00389,-0.01585,0.07838,-0.08341,0.04584,0.08186,0.81667,0
0.9281,-0.45719,-0.01550,0.00511,0.01433,-0.00648,-0.02279,0.70575,-0.06404,-0.00390,-0.01623,0.07763,-0.08342,0.05224,0.08170,0.81662,0
0.9301,-0.45719,-0.01550,0.00506,0.01412,-0.00681,-0.02921,0.70575,-0.06417,-0.00391,-0.01661,0.07664,-0.08292,0.05864,0.08158,0.81657,0
0.9321,-0.45719,-0.01550,0.00500,0.01386,-0.00757,-0.03562,0.70575,-0.06431,-0.00392,-0.01701,0.07540,-0.08191,0.06504,0.08146,0.81655,0
0.9341,-0.45719,-0.01550,0.00493,0.01355,-0.00877,-0.04200,0.70575,-0.06445,-0.00392,-0.01745,0.07393,-0.08141,0.07093,0.08131,0.81651,0
0.9361,-0.45719,-0.01550,0.00486,0.01319,-0.00952,-0.04793,0.70575,-0.06459,-0.00393,-0.01792,0.07222,-0.08143,0.07630,0.08123,0.81645,0
0.9381,-0.45719,-0.01550,0.00478,0.01279,-0.00983,-0.05339,0.70575,-0.06473,-0.00394,-0.01842,0.07030,-0.08195,0.08117,0.08109,0.81646,0
0.9401,-0.45719,-0.01550,0.00471,0.01234,-0.00970,-0.05838,0.70575,-0.06486,-0.00395,-0.01892,0.06817,-0.08299,0.08552,0.08094,0.81645,0
0.9421,-0.45719,-0.01550,0.00463,0.01186,-0.00913,-0.06291,0.70575,-0.06500,-0.00396,-0.01940,0.06587,-0.08440,0.08936,0.08080,0.81642,0
0.9441,-0.45719,-0.01550,0.00456,0.01134,-0.00823,-0.06696,0.70575,-0.06514,-0.00397,-0.01986,0.06341,-0.08531,0.09269,0.08074,0.81643,0
0.9461,-0.45719,-0.01550,0.00450,0.01079,-0.00776,-0.07054,0.70575,-0.06528,-0.00397,-0.02029,0.06080,-0.08570,0.09550,0.08061,0.81642,0
0.9481,-0.45719,-0.01550,0.00444,0.01021,-0.00773,-0.07364,0.70575,-0.06542,-0.00398,-0.02072,0.05807,-0.08613,0.09781,0.08049,0.81648,0
0.9501,-0.45719,-0.01550,0.00437,0.00961,-0.00765,-0.07627,0.70575,-0.06555,-0.00399,-0.02114,0.05522,-0.08669,0.09960,0.08036,0.81646,0
0.9521,-0.46216,-0.01568,0.01092,-0.01146,-0.00302,-0.09465,0.70807,-0.06569,-0.00400,0.00471,-0.04456,-0.08674,0.10088,0.08023,0.81647,0
0.9541,-0.46216,-0.01568,0.01089,-0.01221,-0.00371,-0.09494,0.70807,-0.06583,-0.00401,0.00445,-0.04815,-0.08628,0.10165,0.08012,0.81647,0
0.9561,-0.46216,-0.01568,0.01086,-0.01297,-0.00484,-0.09474,0.70807,-0.06597,-0.00402,0.00416,-0.05174,-0.08530,0.10190,0.07998,0.81651,0
0.9581,-0.46216,-0.01568,0.01081,-0.01373,-0.00640,-0.09405,0.70807,-0.06611,-0.00402,0.00381,-0.05532,-0.08381,0.10165,0.07982,0.81651,0
0.9601,-0.46216,-0.01568,0.01075,-0.01448,-0.00839,-0.09288,0.70807,-0.06625,-0.00403,0.00340,-0.05887,-0.08181,0.10088,0.07972,0.81654,0
0.9621,-0.46216,-0.01568,0.01068,-0.01521,-0.01082,-0.09122,0.70807,-0.06638,-0.00404,0.00291,-0.06236,-0.07930,0.09960,0.07960,0.81656,0
0.9641,-0.46216,-0.01568,0.01058,-0.01593,-0.01368,-0.08907,0.70807,-0.06652,-0.00405,0.00231,-0.06577,-0.07628,0.09781,0.07945,0.81661,0
0.9661,-0.46216,-0.01568,0.01046,-0.01663,-0.01697,-0.08643,0.70807,-0.06666,-0.00406,0.00160,-0.06910,-0.07274,0.09550,0.07935,0.81666,0
0.9681,-0.46216,-0.01568,0.01031,-0.01731,-0.02068,-0.08332,0.70807,-0.06680,-0.00407,0.00075,-0.07232,-0.06869,0.09269,0.07918,0.81669,0
0.9701,-0.46216,-0.01568,0.01012,-0.01797,-0.02483,-0.07972,0.70807,-0.06694,-0.00408,-0.00024,-0.07541,-0.06516,0.08936,0.07906,0.81674,0
0.9721,-0.46216,-0.01568,0.00991,-0.01859,-0.02852,-0.07564,0.70807,-0.06708,-0.00408,-0.00139,-0.07836,-0.06213,0.08552,0.07892,0.81679,0
0.9741,-0.46216,-0.01568,0.00967,-0.01917,-0.03176,-0.07108,0.70807,-0.06721,-0.00409,-0.00266,-0.08114,-0.05962,0.08117,0.07873,0.81684,0
0.9761,-0.46216,-0.01568,0.00940,-0.01972,-0.03454,-0.06605,0.70807,-0.06735,-0.00410,-0.00405,-0.08374,-0.05762,0.07630,0.07858,0.81689,0
0.9781,-0.46216,-0.01568,0.00912,-0.02023,-0.03687,-0.06055,0.70807,-0.06749,-0.00411,-0.00553,-0.08614,-0.05613,0.07093,0.07849,0.81692,0
0.9801,-0.46216,-0.01568,0.00882,-0.02069,-0.03874,-0.05457,0.70807,-0.06763,-0.00412,-0.00710,-0.08833,-0.05515,0.06504,0.07834,0.81697,0
0.9821,-0.46216,-0.01568,0.00850,-0.02110,-0.04015,-0.04813,0.70807,-0.06777,-0.00413,-0.00873,-0.09028,-0.05469,0.05864,0.07820,0.81702,0
0.9841,-0.46216,-0.01568,0.00818,-0.02146,-0.04110,-0.04123,0.70807,-0.06790,-0.00413,-0.01040,-0.09198,-0.05474,0.05224,0.07803,0.81713,0
0.9861,-0.46216,-0.01568,0.00784,-0.02176,-0.04159,-0.03431,0.70807,-0.06804,-0.00414,-0.01210,-0.09341,-0.05530,0.04584,0.07786,0.81712,0
0.9881,-0.46216,-0.01568,0.00751,-0.02201,-0.04162,-0.02737,0.70807,-0.06818,-0.00415,-0.01381,-0.09459,-0.05637,0.03944,0.07769,0.81721,0
0.9901,-0.46216,-0.01568,0.00718,-0.02220,-0.04120,-0.02041,0.70807,-0.06832,-0.00416,-0.01551,-0.09550,-0.05795,0.03304,0.07757,0.81727,0
0.9921,-0.46216,-0.01568,0.00685,-0.02233,-0.04031,-0.01345,0.70807,-0.06846,-0.00417,-0.01719,-0.09615,-0.06005,0.02664,0.07737,0.81737,0
0.9942,-0.46216,-0.01568,0.00654,-0.02241,-0.03896,-0.00647,0.70807,-0.06860,-0.00418,-0.01883,-0.09653,-0.06266,0.02024,0.07722,0.81741,0
0.9962,-0.46216,-0.01568,0.00623,-0.02244,-0.03716,0.00050,0.70807,-0.06874,-0.00418,-0.02041,-0.09666,-0.06578,0.01384,0.07707,0.81748,0
0.9982,-0.46216,-0.01568,0.00595,-0.02241,-0.03490,0.00748,0.70807,-0.06888,-0.00419,-0.02191,-0.09651,-0.06941,0.00744,0.07696,0.81752,0
1.0002,-0.46216,-0.01568,0.00568,-0.02232,-0.03218,0.01444,0.70807,-0.06901,-0.00420,-0.02331,-0.09611,-0.07355,0.00104,0.07686,0.81759,0
1.0022,-0.46216,-0.01568,0.00543,-0.02217,-0.02900,0.02141,0.70807,-0.06915,-0.00421,-0.02461,-0.09544,-0.07821,-0.00536,0.07672,0.81768,0
1.0042,-0.46216,-0.01568,0.00521,-0.02198,-0.02538,0.02835,0.70807,-0.06929,-0.00422,-0.02578,-0.09451,-0.08338,-0.01176,0.07659,0.81768,0
1.0062,-0.46216,-0.01568,0.00503,-0.02172,-0.02130,0.03529,0.70807,-0.06943,-0.00423,-0.02680,-0.09331,-0.08906,-0.01816,0.07646,0.81776,0
1.0082,-0.46216,-0.01568,0.00488,-0.02141,-0.01678,0.04220,0.70807,-0.06957,-0.00424,-0.02766,-0.09185,-0.09525,-0.02456,0.07625,0.81778,0
1.0102,-0.46216,-0.01568,0.00476,-0.02105,-0.01181,0.04909,0.70807,-0.06971,-0.00424,-0.02834,-0.09014,-0.10093,-0.03096,0.07610,0.81776,0
1.0122,-0.46216,-0.01568,0.00468,-0.02063,-0.00727,0.05595,0.70807,-0.06984,-0.00425,-0.02884,-0.08816,-0.10610,-0.03736,0.07595,0.81781,0
1.0142,-0.46216,-0.01568,0.00464,-0.02015,-0.00316,0.06278,0.70807,-0.06998,-0.00426,-0.02918,-0.08592,-0.11075,-0.04376,0.07574,0.81783,0
1.0162,-0.46216,-0.01568,0.00463,-0.01962,0.00050,0.06958,0.70807,-0.07012,-0.00427,-0.02937,-0.08343,-0.11489,-0.05016,0.07560,0.81792,0
1.0183,-0.46244,-0.01782,0.00738,-0.00457,0.00037,0.08316,0.70601,-0.07026,-0.00428,-0.01678,-0.01443,-0.11853,-0.05605,0.07543,0.81793,0
1.0203,-0.46244,-0.01782,0.00740,-0.00389,0.00298,0.08847,0.70601,-0.07040,-0.00429,-0.01686,-0.01120,-0.12165,-0.06143,0.07531,0.81799,0
1.0223,-0.46244,-0.01782,0.00743,-0.00316,0.00515,0.09329,0.70601,-0.07054,-0.00429,-0.01684,-0.00777,-0.12425,-0.06629,0.07513,0.81804,0
1.0243,-0.46244,-0.01782,0.00748,-0.00240,0.00687,0.09762,0.70601,-0.07067,-0.00430,-0.01676,-0.00416,-0.12635,-0.07064,0.07499,0.81806,0
1.0263,-0.46244,-0.01782,0.00754,-0.00160,0.00816,0.10147,0.70601,-0.07081,-0.00431,-0.01662,-0.00041,-0.12793,-0.07448,0.07486,0.81807,0
1.0283,-0.46244,-0.01782,0.00761,-0.00077,0.00901,0.10482,0.70601,-0.07095,-0.00432,-0.01643,0.00348,-0.12901,-0.07781,0.07467,0.81810,0
1.0303,-0.46244,-0.01782,0.00768,0.00008,0.00941,0.10767,0.70601,-0.07109,-0.00433,-0.01623,0.00749,-0.12957,-0.08063,0.07456,0.81812,0
1.0323,-0.46244,-0.01782,0.00776,0.00095,0.00937,0.11004,0.70601,-0.07123,-0.00434,-0.01602,0.01160,-0.12961,-0.08293,0.07434,0.81814,0
1.0343,-0.46244,-0.01782,0.00783,0.00184,0.00889,0.11190,0.70601,-0.07137,-0.00434,-0.01582,0.01579,-0.12915,-0.08472,0.07419,0.81819,0
1.0363,-0.46244,-0.01782,0.00790,0.00274,0.00796,0.11327,0.70601,-0.07151,-0.00435,-0.01564,0.02004,-0.12817,-0.08600,0.07402,0.81820,0
1.0384,-0.46244,-0.01782,0.00795,0.00365,0.00659,0.11413,0.70601,-0.07165,-0.00436,-0.01551,0.02433,-0.12668,-0.08677,0.07392,0.81818,0
1.0404,-0.46244,-0.01782,0.00800,0.00456,0.00479,0.11450,0.70601,-0.07178,-0.00437,-0.01544,0.02865,-0.12468,-0.08703,0.07381,0.81818,0
1.0424,-0.46244,-0.01782,0.00803,0.00548,0.00254,0.11437,0.70601,-0.07192,-0.00438,-0.01544,0.03297,-0.12217,-0.08677,0.07362,0.81822,0
1.0444,-0.46244,-0.01782,0.00804,0.00639,-0.00015,0.11375,0.70601,-0.07206,-0.00439,-0.01554,0.03727,-0.11915,-0.08600,0.07345,0.81819,0
1.0464,-0.46244,-0.01782,0.00803,0.00729,-0.00327,0.11262,0.70601,-0.07220,-0.00440,-0.01575,0.04154,-0.11561,-0.08472,0.07331,0.81817,0
1.0484,-0.46244,-0.01782,0.00798,0.00819,-0.00683,0.11099,0.70601,-0.07234,-0.00440,-0.01609,0.04576,-0.11156,-0.08293,0.07318,0.81820,0
1.0504,-0.46244,-0.01782,0.00791,0.00907,-0.01082,0.10887,0.70601,-0.07247,-0.00441,-0.01657,0.04991,-0.10700,-0.08063,0.07304,0.81814,0
1.0524,-0.46244,-0.01782,0.00781,0.00993,-0.01525,0.10625,0.70601,-0.07261,-0.00442,-0.01720,0.05397,-0.10193,-0.07781,0.07287,0.81812,0
1.0544,-0.46244,-0.01782,0.00767,0.01077,-0.02010,0.10314,0.70601,-0.07275,-0.00443,-0.01802,0.05792,-0.09635,-0.07448,0.07274,0.81811,0
1.0564,-0.46244,-0.01782,0.00749,0.01158,-0.02538,0.09954,0.70601,-0.07289,-0.00444,-0.01902,0.06175,-0.09127,-0.07064,0.07257,0.81810,0
1.0584,-0.46244,-0.01782,0.00726,0.01236,-0.03021,0.09544,0.70601,-0.07303,-0.00445,-0.02022,0.06543,-0.08671,-0.06629,0.07242,0.81809,0
1.0604,-0.46244,-0.01782,0.00700,0.01310,-0.03458,0.09086,0.70601,-0.07317,-0.00445,-0.02159,0.06894,-0.08267,-0.06143,0.07229,0.81806,0
1.0624,-0.46244,-0.01782,0.00671,0.01381,-0.03850,0.08579,0.70601,-0.07330,-0.00446,-0.02312,0.07227,-0.07913,-0.05605,0.07214,0.81807,0
1.0644,-0.46244,-0.01782,0.00639,0.01447,-0.04195,0.08024,0.70601,-0.07344,-0.00447,-0.02479,0.07540,-0.07611,-0.05016,0.07199,0.81803,0
1.0664,-0.46244,-0.01782,0.00604,0.01509,-0.04495,0.07420,0.70601,-0.07358,-0.00448,-0.02658,0.07831,-0.07359,-0.04376,0.07185,0.81798,0
1.0684,-0.46244,-0.01782,0.00567,0.01566,-0.04749,0.06769,0.70601,-0.07372,-0.00449,-0.02848,0.08099,-0.07159,-0.03736,0.07166,0.81794,0
1.0704,-0.46244,-0.01782,0.00529,0.01617,-0.04956,0.06115,0.70601,-0.07386,-0.00450,-0.03046,0.08342,-0.07011,-0.03096,0.07152,0.81792,0
1.0724,-0.46244,-0.01782,0.00488,0.01664,-0.05117,0.05457,0.70601,-0.07399,-0.00450,-0.03251,0.08559,-0.06913,-0.02456,0.07135,0.81788,0
1.0744,-0.46244,-0.01782,0.00447,0.01705,-0.05231,0.04797,0.70601,-0.07413,-0.00451,-0.03462,0.08752,-0.06866,-0.01816,0.07121,0.81780,0
1.0764,-0.46244,-0.01782,0.00405,0.01740,-0.05298,0.04134,0.70601,-0.07427,-0.00452,-0.03676,0.08920,-0.06871,-0.01176,0.07109,0.81776,0
1.0784,-0.46244,-0.01782,0.00362,0.01771,-0.05320,0.03468,0.70601,-0.07441,-0.00453,-0.03891,0.09063,-0.06927,-0.00536,0.07091,0.81770,0
1.0804,-0.46244,-0.01782,0.00320,0.01796,-0.05294,0.02801,0.70601,-0.07455,-0.00454,-0.04107,0.09181,-0.07034,0.00104,0.07073,0.81765,0
1.0824,-0.46244,-0.01782,0.00278,0.01816,-0.05222,0.02133,0.70601,-0.07469,-0.00455,-0.04321,0.09273,-0.07193,0.00744,0.07061,0.81761,0
1.0844,-0.46244,-0.01782,0.00236,0.01830,-0.05103,0.01464,0.70601,-0.07482,-0.00456,-0.04531,0.09340,-0.07402,0.01384,0.07052,0.81756,0
1.0864,-0.46301,-0.01621,0.00698,0.00663,-0.05071,0.00620,0.69490,-0.07496,-0.00456,-0.02421,0.03983,-0.07663,0.02024,0.07046,0.81751,0
1.0884,-0.46301,-0.01621,0.00658,0.00665,-0.04893,0.00029,0.69490,-0.07510,-0.00457,-0.02625,0.03994,-0.07975,0.02664,0.07028,0.81752,0
1.0904,-0.46301,-0.01621,0.00620,0.00663,-0.04669,-0.00563,0.69490,-0.07524,-0.00458,-0.02821,0.03983,-0.08338,0.03304,0.07020,0.81747,0
1.0924,-0.46301,-0.01621,0.00584,0.00656,-0.04398,-0.01154,0.69490,-0.07538,-0.00459,-0.03007,0.03950,-0.08753,0.03893,0.07001,0.81746,0
1.0945,-0.46301,-0.01621,0.00550,0.00645,-0.04081,-0.01701,0.69490,-0.07552,-0.00460,-0.03183,0.03895,-0.09218,0.04430,0.06987,0.81745,0
1.0965,-0.46301,-0.01621,0.00518,0.00629,-0.03719,-0.02203,0.69490,-0.07566,-0.00461,-0.03346,0.03820,-0.09735,0.04917,0.06972,0.81744,0
1.0985,-0.46301,-0.01621,0.00490,0.00610,-0.03311,-0.02660,0.69490,-0.07579,-0.00461,-0.03494,0.03727,-0.10303,0.05352,0.06959,0.81746,0
1.1005,-0.46301,-0.01621,0.00466,0.00587,-0.02857,-0.03072,0.69490,-0.07593,-0.00462,-0.03626,0.03618,-0.10922,0.05736,0.06935,0.81741,0
1.1025,-0.46301,-0.01621,0.00445,0.00561,-0.02358,-0.03438,0.69490,-0.07607,-0.00463,-0.03739,0.03494,-0.11490,0.06069,0.06920,0.81739,0
1.1045,-0.46301,-0.01621,0.00428,0.00532,-0.01902,-0.03759,0.69490,-0.07621,-0.00464,-0.03835,0.03357,-0.12007,0.06350,0.06900,0.81737,0
1.1065,-0.46301,-0.01621,0.00414,0.00501,-0.01488,-0.04034,0.69490,-0.07635,-0.00465,-0.03915,0.03208,-0.12473,0.06581,0.06883,0.81736,0
1.1085,-0.46301,-0.01621,0.00404,0.00468,-0.01117,-0.04263,0.69490,-0.07648,-0.00466,-0.03979,0.03051,-0.12887,0.06760,0.06867,0.81732,0
1.1105,-0.46301,-0.01621,0.00396,0.00433,-0.00790,-0.04446,0.69490,-0.07662,-0.00466,-0.04031,0.02885,-0.13250,0.06888,0.06842,0.81731,0
1.1125,-0.46301,-0.01621,0.00391,0.00397,-0.00506,-0.04583,0.69490,-0.07676,-0.00467,-0.04070,0.02713,-0.13562,0.06965,0.06827,0.81732,0
1.1145,-0.46301,-0.01621,0.00388,0.00360,-0.00265,-0.04673,0.69490,-0.07690,-0.00468,-0.04100,0.02537,-0.13823,0.06990,0.06805,0.81730,0
1.1165,-0.46301,-0.01621,0.00387,0.00322,-0.00068,-0.04717,0.69490,-0.07704,-0.00469,-0.04122,0.02359,-0.14032,0.06965,0.06791,0.81731,0
1.1185,-0.46301,-0.01621,0.00387,0.00284,0.00085,-0.04715,0.69490,-0.07717,-0.00470,-0.04137,0.02179,-0.14191,0.06888,0.06769,0.81731,0
1.1205,-0.46301,-0.01621,0.00388,0.00247,0.00194,-0.04667,0.69490,-0.07731,-0.00471,-0.04147,0.02001,-0.14298,0.06760,0.06753,0.81732,0
1.1225,-0.46301,-0.01621,0.00390,0.00210,0.00260,-0.04572,0.69490,-0.07745,-0.00472,-0.04154,0.01825,-0.14354,0.06581,0.06732,0.81733,0
1.1245,-0.46301,-0.01621,0.00392,0.00174,0.00282,-0.04432,0.69490,-0.07759,-0.00472,-0.04159,0.01654,-0.14359,0.06350,0.06712,0.81734,0
1.1265,-0.46301,-0.01621,0.00394,0.00139,0.00259,-0.04245,0.69490,-0.07773,-0.00473,-0.04165,0.01489,-0.14312,0.06069,0.06698,0.81735,0
1.1285,-0.46301,-0.01621,0.00396,0.00106,0.00193,-0.04012,0.69490,-0.07786,-0.00474,-0.04172,0.01332,-0.14215,0.05736,0.06680,0.81738,0
1.1305,-0.46301,-0.01621,0.00397,0.00075,0.00083,-0.03733,0.69490,-0.07800,-0.00475,-0.04182,0.01185,-0.14066,0.05352,0.06660,0.81741,0
1.1325,-0.46301,-0.01621,0.00397,0.00047,-0.00071,-0.03409,0.69490,-0.07814,-0.00476,-0.04197,0.01049,-0.13866,0.04917,0.06642,0.81742,0
1.1345,-0.46301,-0.01621,0.00395,0.00021,-0.00268,-0.03039,0.69490,-0.07828,-0.00477,-0.04220,0.00926,-0.13615,0.04430,0.06624,0.81743,0
1.1365,-0.46301,-0.01621,0.00392,-0.00002,-0.00509,-0.02623,0.69490,-0.07842,-0.00477,-0.04250,0.00818,-0.13312,0.03893,0.06610,0.81750,0
1.1385,-0.46301,-0.01621,0.00387,-0.00021,-0.00794,-0.02163,0.69490,-0.07855,-0.00478,-0.04290,0.00726,-0.12959,0.03304,0.06590,0.81754,0
1.1405,-0.46301,-0.01621,0.00380,-0.00036,-0.01122,-0.01657,0.69490,-0.07869,-0.00479,-0.04342,0.00653,-0.12554,0.02664,0.06571,0.81759,0
1.1425,-0.46301,-0.01621,0.00369,-0.00047,-0.01493,-0.01107,0.69490,-0.07883,-0.00480,-0.04407,0.00600,-0.12200,0.02024,0.06551,0.81764,0
1.1445,-0.46301,-0.01621,0.00356,-0.00054,-0.01819,-0.00557,0.69490,-0.07897,-0.00481,-0.04486,0.00567,-0.11898,0.01384,0.06529,0.81770,0
1.1465,-0.46301,-0.01621,0.00340,-0.00056,-0.02101,-0.00006,0.69490,-0.07911,-0.00482,-0.04576,0.00556,-0.11647,0.00744,0.06507,0.81772,0
1.1485,-0.46301,-0.01621,0.00322,-0.00054,-0.02338,0.00545,0.69490,-0.07925,-0.00482,-0.04676,0.00565,-0.11447,0.00104,0.06490,0.81772,0
1.1505,-0.46301,-0.01621,0.00303,-0.00047,-0.02529,0.01095,0.69490,-0.07939,-0.00483,-0.04784,0.00595,-0.11298,-0.00485,0.06467,0.81780,0
1.1525,-0.46664,-0.01836,0.01546,-0.00915,-0.01535,0.00524,0.70925,-0.07952,-0.00484,0.00717,-0.03723,-0.11098,-0.01125,0.06441,0.81779,0
1.1545,-0.46664,-0.01836,0.01533,-0.00908,-0.01809,0.01132,0.70925,-0.07966,-0.00485,0.00638,-0.03693,-0.10846,-0.01765,0.06421,0.81784,0
1.1565,-0.46664,-0.01836,0.01517,-0.00897,-0.02126,0.01739,0.70925,-0.07980,-0.00486,0.00547,-0.03640,-0.10544,-0.02405,0.06400,0.81787,0
1.1585,-0.46664,-0.01836,0.01499,-0.00881,-0.02485,0.02346,0.70925,-0.07994,-0.00487,0.00444,-0.03563,-0.10190,-0.03045,0.06376,0.81793,0
1.1605,-0.46664,-0.01836,0.01477,-0.00859,-0.02887,0.02951,0.70925,-0.08008,-0.00488,0.00326,-0.03464,-0.09786,-0.03685,0.06352,0.81791,0
1.1625,-0.46664,-0.01836,0.01453,-0.00833,-0.03331,0.03554,0.70925,-0.08021,-0.00488,0.00193,-0.03342,-0.09330,-0.04274,0.06329,0.81796,0
1.1645,-0.46664,-0.01836,0.01424,-0.00803,-0.03817,0.04112,0.70925,-0.08035,-0.00489,0.00041,-0.03198,-0.08822,-0.04811,0.06315,0.81797,0
1.1665,-0.46664,-0.01836,0.01391,-0.00768,-0.04345,0.04624,0.70925,-0.08049,-0.00490,-0.00129,-0.03034,-0.08264,-0.05298,0.06294,0.81799,0
1.1685,-0.46664,-0.01836,0.01354,-0.00729,-0.04914,0.05089,0.70925,-0.08063,-0.00491,-0.00320,-0.02851,-0.07757,-0.05733,0.06272,0.81798,0
1.1705,-0.46664,-0.01836,0.01313,-0.00687,-0.05436,0.05508,0.70925,-0.08077,-0.00492,-0.00532,-0.02652,-0.07301,-0.06117,0.06254,0.81800,0
1.1725,-0.46664,-0.01836,0.01267,-0.00641,-0.05912,0.05880,0.70925,-0.08090,-0.00493,-0.00763,-0.02437,-0.06896,-0.06450,0.06236,0.81800,0
1.1745,-0.46664,-0.01836,0.01218,-0.00593,-0.06340,0.06205,0.70925,-0.08104,-0.00493,-0.01011,-0.02210,-0.06542,-0.06731,0.06215,0.81798,0
1.1765,-0.46664,-0.01836,0.01166,-0.00542,-0.06722,0.06483,0.70925,-0.08118,-0.00494,-0.01274,-0.01971,-0.06240,-0.06962,0.06193,0.81800,0
1.1785,-0.46664,-0.01836,0.01111,-0.00489,-0.07056,0.06714,0.70925,-0.08132,-0.00495,-0.01551,-0.01722,-0.05989,-0.07141,0.06181,0.81799,0
1.1805,-0.46664,-0.01836,0.01054,-0.00435,-0.07343,0.06898,0.70925,-0.08146,-0.00496,-0.01839,-0.01466,-0.05789,-0.07269,0.06155,0.81795,0
1.1825,-0.46664,-0.01836,0.00994,-0.00379,-0.07582,0.07034,0.70925,-0.08159,-0.00497,-0.02138,-0.01203,-0.05640,-0.07346,0.06141,0.81796,0
1.1845,-0.46664,-0.01836,0.00932,-0.00322,-0.07773,0.07122,0.70925,-0.08173,-0.00498,-0.02445,-0.00937,-0.05542,-0.07371,0.06118,0.81794,0
1.1865,-0.46664,-0.01836,0.00870,-0.00265,-0.07916,0.07163,0.70925,-0.08187,-0.00498,-0.02758,-0.00667,-0.05496,-0.07346,0.06099,0.81794,0
1.1885,-0.46664,-0.01836,0.00806,-0.00208,-0.08011,0.07156,0.70925,-0.08201,-0.00499,-0.03075,-0.00398,-0.05501,-0.07269,0.06082,0.81791,0
1.1905,-0.46664,-0.01836,0.00742,-0.00151,-0.08058,0.07102,0.70925,-0.08215,-0.00500,-0.03396,-0.00129,-0.05557,-0.07141,0.06064,0.81790,0
1.1925,-0.46664,-0.01836,0.00677,-0.00094,-0.08057,0.07000,0.70925,-0.08228,-0.00501,-0.03717,0.00137,-0.05664,-0.06962,0.06042,0.81789,0
1.1945,-0.46664,-0.01836,0.00613,-0.00039,-0.08007,0.06850,0.70925,-0.08242,-0.00502,-0.04037,0.00398,-0.05822,-0.06731,0.06024,0.81787,0
1.1965,-0.46664,-0.01836,0.00549,0.00015,-0.07910,0.06654,0.70925,-0.08256,-0.00503,-0.04355,0.00652,-0.06032,-0.06450,0.06002,0.81781,0
1.1985,-0.46664,-0.01836,0.00487,0.00067,-0.07765,0.06409,0.70925,-0.08270,-0.00503,-0.04667,0.00898,-0.06292,-0.06117,0.05985,0.81775,0
1.2005,-0.46664,-0.01836,0.00425,0.00117,-0.07572,0.06118,0.70925,-0.08284,-0.00504,-0.04974,0.01134,-0.06604,-0.05733,0.05965,0.81770,0
1.2025,-0.46664,-0.01836,0.00366,0.00165,-0.07331,0.05780,0.70925,-0.08297,-0.00505,-0.05272,0.01358,-0.06968,-0.05298,0.05947,0.81768,0
1.2045,-0.46664,-0.01836,0.00308,0.00210,-0.07042,0.05395,0.70925,-0.08311,-0.00506,-0.05561,0.01568,-0.07382,-0.04811,0.05924,0.81762,0
1.2065,-0.46664,-0.01836,0.00253,0.00251,-0.06706,0.04963,0.70925,-0.08325,-0.00507,-0.05838,0.01763,-0.07848,-0.04274,0.05905,0.81758,0
1.2085,-0.46664,-0.01836,0.00201,0.00289,-0.06323,0.04485,0.70925,-0.08339,-0.00508,-0.06101,0.01941,-0.08364,-0.03685,0.05894,0.81755,0
1.2105,-0.46664,-0.01836,0.00152,0.00323,-0.05892,0.03961,0.70925,-0.08353,-0.00509,-0.06348,0.02099,-0.08932,-0.03045,0.05875,0.81752,0
1.2126,-0.46664,-0.01836,0.00107,0.00352,-0.05415,0.03391,0.70925,-0.08367,-0.00509,-0.06579,0.02237,-0.09551,-0.02405,0.05853,0.81742,0
1.2146,-0.46664,-0.01836,0.00066,0.00377,-0.04891,0.02819,0.70925,-0.08380,-0.00510,-0.06791,0.02354,-0.10191,-0.01765,0.05839,0.81736,0
1.2166,-0.47023,-0.01877,0.00738,0.00601,-0.04638,0.03093,0.71315,-0.08394,-0.00511,-0.03991,0.03371,-0.10831,-0.01125,0.05825,0.81732,0
1.2186,-0.47023,-0.01877,0.00702,0.00623,-0.04139,0.02505,0.71315,-0.08408,-0.00512,-0.04174,0.03475,-0.11471,-0.00485,0.05807,0.81729,0
1.2206,-0.47023,-0.01877,0.00671,0.00641,-0.03638,0.01915,0.71315,-0.08422,-0.00513,-0.04338,0.03558,-0.12111,0.00155,0.05790,0.81721,0
1.2226,-0.47023,-0.01877,0.00644,0.00654,-0.03134,0.01324,0.71315,-0.08436,-0.00514,-0.04482,0.03618,-0.12751,0.00795,0.05775,0.81715,0
1.2246,-0.47023,-0.01877,0.00621,0.00662,-0.02629,0.00733,0.71315,-0.08450,-0.00514,-0.04608,0.03656,-0.13340,0.01435,0.05758,0.81709,0
1.2266,-0.47023,-0.01877,0.00602,0.00666,-0.02167,0.00141,0.71315,-0.08464,-0.00515,-0.04716,0.03672,-0.13878,0.02075,0.05735,0.81704,0
1.2286,-0.47023,-0.01877,0.00586,0.00664,-0.01747,-0.00450,0.71315,-0.08478,-0.00516,-0.04807,0.03665,-0.14364,0.02715,0.05720,0.81705,0
1.2306,-0.47023,-0.01877,0.00574,0.00658,-0.01370,-0.01041,0.71315,-0.08491,-0.00517,-0.04883,0.03635,-0.14799,0.03304,0.05690,0.81702,0
1.2326,-0.47023,-0.01877,0.00564,0.00648,-0.01036,-0.01588,0.71315,-0.08505,-0.00518,-0.04946,0.03585,-0.15183,0.03841,0.05672,0.81695,0
1.2347,-0.47023,-0.01877,0.00557,0.00633,-0.00745,-0.02091,0.71315,-0.08519,-0.00519,-0.04997,0.03514,-0.15516,0.04328,0.05647,0.81694,0
1.2367,-0.47023,-0.01877,0.00552,0.00615,-0.00498,-0.02548,0.71315,-0.08533,-0.00519,-0.05037,0.03425,-0.15798,0.04763,0.05628,0.81694,0
1.2387,-0.47023,-0.01877,0.00549,0.00593,-0.00294,-0.02960,0.71315,-0.08547,-0.00520,-0.05069,0.03320,-0.16028,0.05147,0.05613,0.81690,0
1.2407,-0.47023,-0.01877,0.00547,0.00567,-0.00134,-0.03327,0.71315,-0.08561,-0.00521,-0.05095,0.03200,-0.16207,0.05480,0.05591,0.81688,0
1.2427,-0.47023,-0.01877,0.00547,0.00539,-0.00018,-0.03648,0.71315,-0.08574,-0.00522,-0.05115,0.03067,-0.16335,0.05761,0.05568,0.81685,0
1.2447,-0.47023,-0.01877,0.00547,0.00509,0.00055,-0.03924,0.71315,-0.08588,-0.00523,-0.05131,0.02923,-0.16412,0.05992,0.05547,0.81680,0
1.2467,-0.47023,-0.01877,0.00547,0.00477,0.00084,-0.04153,0.71315,-0.08602,-0.00524,-0.05146,0.02769,-0.16438,0.06171,0.05524,0.81680,0
1.2487,-0.47023,-0.01877,0.00548,0.00443,0.00069,-0.04337,0.71315,-0.08616,-0.00525,-0.05160,0.02608,-0.16412,0.06299,0.05503,0.81674,0
1.2507,-0.47023,-0.01877,0.00548,0.00408,0.00011,-0.04474,0.71315,-0.08630,-0.00525,-0.05176,0.02440,-0.16335,0.06376,0.05486,0.81672,0
1.2527,-0.47023,-0.01877,0.00548,0.00372,-0.00092,-0.04566,0.71315,-0.08644,-0.00526,-0.05195,0.02268,-0.16207,0.06401,0.05464,0.81675,0
1.2547,-0.47023,-0.01877,0.00547,0.00335,-0.00238,-0.04611,0.71315,-0.08657,-0.00527,-0.05218,0.02093,-0.16028,0.06376,0.05442,0.81671,0
1.2567,-0.47023,-0.01877,0.00544,0.00298,-0.00428,-0.04610,0.71315,-0.08671,-0.00528,-0.05248,0.01918,-0.15798,0.06299,0.05422,0.81671,0
1.2587,-0.47023,-0.01877,0.00540,0.00261,-0.00661,-0.04562,0.71315,-0.08685,-0.00529,-0.05286,0.01743,-0.15516,0.06171,0.05399,0.81669,0
1.2607,-0.47023,-0.01877,0.00533,0.00225,-0.00937,-0.04469,0.71315,-0.08699,-0.00530,-0.05334,0.01572,-0.15183,0.05992,0.05380,0.81667,0
1.2627,-0.47023,-0.01877,0.00524,0.00190,-0.01257,-0.04329,0.71315,-0.08713,-0.00530,-0.05392,0.01404,-0.14799,0.05761,0.05355,0.81667,0
1.2647,-0.47023,-0.01877,0.00513,0.00156,-0.01620,-0.04143,0.71315,-0.08727,-0.00531,-0.05465,0.01243,-0.14364,0.05480,0.05341,0.81670,0
1.2667,-0.47023,-0.01877,0.00498,0.00124,-0.02026,-0.03911,0.71315,-0.08740,-0.00532,-0.05551,0.01089,-0.13980,0.05147,0.05315,0.81669,0
1.2687,-0.47023,-0.01877,0.00481,0.00094,-0.02387,-0.03634,0.71315,-0.08754,-0.00533,-0.05652,0.00946,-0.13647,0.04763,0.05295,0.81672,0
1.2707,-0.47023,-0.01877,0.00460,0.00066,-0.02702,-0.03311,0.71315,-0.08768,-0.00534,-0.05766,0.00813,-0.13366,0.04328,0.05269,0.81670,0
1.2727,-0.47023,-0.01877,0.00438,0.00041,-0.02973,-0.02942,0.71315,-0.08782,-0.00535,-0.05891,0.00694,-0.13135,0.03841,0.05254,0.81671,0
1.2747,-0.47023,-0.01877,0.00413,0.00019,-0.03198,-0.02528,0.71315,-0.08796,-0.00535,-0.06025,0.00589,-0.12956,0.03304,0.05227,0.81674,0
1.2767,-0.47023,-0.01877,0.00387,0.00001,-0.03378,-0.02069,0.71315,-0.08809,-0.00536,-0.06167,0.00501,-0.12828,0.02715,0.05196,0.81676,0
1.2787,-0.47023,-0.01877,0.00359,-0.00014,-0.03512,-0.01565,0.71315,-0.08823,-0.00537,-0.06315,0.00432,-0.12751,0.02075,0.05177,0.81678,0
1.2807,-0.47023,-0.01877,0.00331,-0.00024,-0.03600,-0.01016,0.71315,-0.08837,-0.00538,-0.06467,0.00382,-0.12726,0.01435,0.05147,0.81677,0
1.2828,-0.47023,-0.01877,0.00302,-0.00030,-0.03643,-0.00467,0.71315,-0.08851,-0.00539,-0.06622,0.00353,-0.12751,0.00795,0.05128,0.81685,0
1.2848,-0.47023,-0.01877,0.00273,-0.00032,-0.03640,0.00082,0.71315,-0.08865,-0.00540,-0.06777,0.00344,-0.12828,0.00155,0.05094,0.81686,0
1.2868,-0.46815,-0.02044,0.01716,-0.00824,-0.02791,-0.00498,0.71361,-0.08879,-0.00541,0.00234,-0.03567,-0.12854,-0.00485,0.05071,0.81690,0
1.2888,-0.46815,-0.02044,0.01693,-0.00825,-0.02883,0.00104,0.71361,-0.08893,-0.00541,0.00109,-0.03576,-0.12828,-0.01125,0.05047,0.81693,0
1.2908,-0.46815,-0.02044,0.01669,-0.00822,-0.03017,0.00706,0.71361,-0.08907,-0.00542,-0.00020,-0.03562,-0.12751,-0.01765,0.05023,0.81699,0
1.2928,-0.46815,-0.02044,0.01644,-0.00814,-0.03194,0.01308,0.71361,-0.08920,-0.00543,-0.00156,-0.03525,-0.12623,-0.02405,0.04994,0.81699,0
1.2948,-0.46815,-0.02044,0.01618,-0.00801,-0.03412,0.01909,0.71361,-0.08934,-0.00544,-0.00298,-0.03465,-0.12444,-0.03045,0.04967,0.81705,0
1.2968,-0.46815,-0.02044,0.01590,-0.00783,-0.03672,0.02509,0.71361,-0.08948,-0.00545,-0.00450,-0.03382,-0.12214,-0.03685,0.04941,0.81704,0
1.2988,-0.46815,-0.02044,0.01559,-0.00761,-0.03975,0.03107,0.71361,-0.08962,-0.00546,-0.00613,-0.03277,-0.11932,-0.04274,0.04920,0.81709,0
1.3008,-0.46815,-0.02044,0.01526,-0.00734,-0.04318,0.03661,0.71361,-0.08976,-0.00546,-0.00788,-0.03150,-0.11599,-0.04811,0.04895,0.81709,0
1.3029,-0.46815,-0.02044,0.01490,-0.00703,-0.04703,0.04168,0.71361,-0.08990,-0.00547,-0.00977,-0.03003,-0.11215,-0.05298,0.04870,0.81708,0
1.3049,-0.46815,-0.02044,0.01450,-0.00667,-0.05130,0.04629,0.71361,-0.09004,-0.00548,-0.01180,-0.02838,-0.10780,-0.05733,0.04849,0.81710,0
1.3069,-0.46815,-0.02044,0.01408,-0.00629,-0.05597,0.05044,0.71361,-0.09017,-0.00549,-0.01401,-0.02656,-0.10396,-0.06117,0.04822,0.81705,0
1.3089,-0.46815,-0.02044,0.01361,-0.00587,-0.06017,0.05412,0.71361,-0.09031,-0.00550,-0.01639,-0.02460,-0.10063,-0.06450,0.04796,0.81704,0
1.3109,-0.46815,-0.02044,0.01311,-0.00542,-0.06391,0.05734,0.71361,-0.09045,-0.00551,-0.01892,-0.02250,-0.09782,-0.06731,0.04776,0.81705,0
1.3129,-0.46815,-0.02044,0.01259,-0.00495,-0.06717,0.06009,0.71361,-0.09059,-0.00552,-0.02158,-0.02029,-0.09551,-0.06962,0.04747,0.81704,0
1.3149,-0.46815,-0.02044,0.01204,-0.00446,-0.06996,0.06237,0.71361,-0.09073,-0.00552,-0.02435,-0.01799,-0.09372,-0.07141,0.04726,0.81702,0
1.3169,-0.46815,-0.02044,0.01147,-0.00396,-0.07227,0.06418,0.71361,-0.09086,-0.00553,-0.02722,-0.01560,-0.09244,-0.07269,0.04702,0.81703,0
1.3189,-0.46815,-0.02044,0.01089,-0.00344,-0.07411,0.06551,0.71361,-0.09100,-0.00554,-0.03017,-0.01316,-0.09167,-0.07346,0.04683,0.81706,0
1.3209,-0.46815,-0.02044,0.01029,-0.00291,-0.07547,0.06637,0.71361,-0.09114,-0.00555,-0.03318,-0.01068,-0.09142,-0.07371,0.04658,0.81703,0
1.3229,-0.46815,-0.02044,0.00968,-0.00238,-0.07635,0.06676,0.71361,-0.09128,-0.00556,-0.03624,-0.00817,-0.09167,-0.07346,0.04634,0.81705,0
1.3249,-0.46815,-0.02044,0.00907,-0.00184,-0.07675,0.06668,0.71361,-0.09142,-0.00557,-0.03932,-0.00566,-0.09244,-0.07269,0.04612,0.81704,0
1.3269,-0.46815,-0.02044,0.00846,-0.00131,-0.07667,0.06612,0.71361,-0.09155,-0.00557,-0.04240,-0.00316,-0.09372,-0.07141,0.04585,0.81696,0
1.3289,-0.46815,-0.02044,0.00784,-0.00079,-0.07612,0.06509,0.71361,-0.09169,-0.00558,-0.04547,-0.00069,-0.09551,-0.06962,0.04561,0.81695,0
1.3309,-0.46815,-0.02044,0.00724,-0.00027,-0.07508,0.06359,0.71361,-0.09183,-0.00559,-0.04852,0.00173,-0.09782,-0.06731,0.04539,0.81689,0
1.3329,-0.46815,-0.02044,0.00665,0.00023,-0.07357,0.06161,0.71361,-0.09197,-0.00560,-0.05151,0.00409,-0.10063,-0.06450,0.04515,0.81692,0
1.3349,-0.46815,-0.02044,0.00606,0.00071,-0.07158,0.05917,0.71361,-0.09211,-0.00561,-0.05444,0.00636,-0.10396,-0.06117,0.04493,0.81681,0
1.3369,-0.46815,-0.02044,0.00550,0.00117,-0.06912,0.05625,0.71361,-0.09225,-0.00562,-0.05729,0.00853,-0.10780,-0.05733,0.04471,0.81683,0
1.3389,-0.46815,-0.02044,0.00496,0.00161,-0.06618,0.05287,0.71361,-0.09238,-0.00562,-0.06003,0.01059,-0.11215,-0.05298,0.04441,0.81675,0
1.3409,-0.46815,-0.02044,0.00444,0.00202,-0.06277,0.04903,0.71361,-0.09252,-0.00563,-0.06265,0.01250,-0.11702,-0.04811,0.04425,0.81674,0
1.3429,-0.46815,-0.02044,0.00396,0.00239,-0.05889,0.04472,0.71361,-0.09266,-0.00564,-0.06514,0.01426,-0.12239,-0.04274,0.04401,0.81668,0
1.3449,-0.46815,-0.02044,0.00350,0.00273,-0.05454,0.03994,0.71361,-0.09280,-0.00565,-0.06747,0.01585,-0.12828,-0.03685,0.04376,0.81660,0
1.3469,-0.46815,-0.02044,0.00309,0.00303,-0.04972,0.03471,0.71361,-0.09294,-0.00566,-0.06963,0.01725,-0.13468,-0.03045,0.04376,0.81660,0
1.3489,-0.46815,-0.02044,0.00271,0.00328,-0.04444,0.02903,0.71361,-0.09308,-0.00567,-0.07160,0.01845,-0.14108,-0.02405,0.04337,0.81650,0
1.3509,-0.46815,-0.02044,0.00238,0.00349,-0.03914,0.02333,0.71361,-0.09322,-0.00568,-0.07337,0.01943,-0.14748,-0.01765,0.04307,0.81641,0
1.3531,-0.47096,-0.02132,0.01114,0.00739,-0.03511,0.02714,0.71312,-0.09337,-0.00568,-0.03496,0.03696,-0.15337,-0.01125,0.04262,0.81629,0
1.3551,-0.47096,-0.02132,0.01087,0.00758,-0.03082,0.02116,0.71312,-0.09350,-0.00569,-0.03639,0.03786,-0.15875,-0.00485,0.04262,0.81629,0
1.3571,-0.47096,-0.02132,0.01064,0.00773,-0.02694,0.01518,0.71312,-0.09364,-0.00570,-0.03767,0.03854,-0.16361,0.00155,0.04237,0.81619,0
1.3591,-0.47096,-0.02132,0.01044,0.00783,-0.02349,0.00918,0.71312,-0.09378,-0.00571,-0.03881,0.03899,-0.16796,0.00795,0.04213,0.81616,0
1.3611,-0.47096,-0.02132,0.01026,0.00788,-0.02046,0.00319,0.71312,-0.09392,-0.00572,-0.03983,0.03921,-0.17180,0.01435,0.04185,0.81610,0
1.3631,-0.47096,-0.02132,0.01011,0.00788,-0.01786,-0.00281,0.71312,-0.09406,-0.00573,-0.04075,0.03921,-0.17513,0.02075,0.04156,0.81605,0
1.3651,-0.47096,-0.02132,0.00998,0.00783,-0.01569,-0.00881,0.71312,-0.09419,-0.00573,-0.04157,0.03898,-0.17795,0.02715,0.04131,0.81601,0
1.3671,-0.47096,-0.02132,0.00986,0.00774,-0.01394,-0.01480,0.71312,-0.09433,-0.00574,-0.04232,0.03852,-0.18025,0.03304,0.04107,0.81595,0
1.3691,-0.47096,-0.02132,0.00975,0.00760,-0.01263,-0.02035,0.71312,-0.09447,-0.00575,-0.04301,0.03784,-0.18204,0.03841,0.04079,0.81592,0
1.3711,-0.47096,-0.02132,0.00965,0.00741,-0.01175,-0.02544,0.71312,-0.09461,-0.00576,-0.04366,0.03696,-0.18332,0.04328,0.04054,0.81589,0
1.3731,-0.47096,-0.02132,0.00956,0.00719,-0.01130,-0.03009,0.71312,-0.09475,-0.00577,-0.04428,0.03590,-0.18409,0.04763,0.04035,0.81584,0
1.3751,-0.47096,-0.02132,0.00947,0.00693,-0.01128,-0.03428,0.71312,-0.09488,-0.00578,-0.04490,0.03467,-0.18435,0.05147,0.04005,0.81579,0
1.3771,-0.47096,-0.02132,0.00938,0.00664,-0.01169,-0.03801,0.71312,-0.09502,-0.00579,-0.04552,0.03329,-0.18409,0.05480,0.03981,0.81578,0
1.3791,-0.47096,-0.02132,0.00928,0.00633,-0.01253,-0.04129,0.71312,-0.09516,-0.00579,-0.04617,0.03178,-0.18332,0.05761,0.03956,0.81570,0
1.3811,-0.47096,-0.02132,0.00918,0.00599,-0.01381,-0.04410,0.71312,-0.09530,-0.00580,-0.04686,0.03016,-0.18204,0.05992,0.03922,0.81565,0
1.3831,-0.47096,-0.02132,0.00906,0.00562,-0.01551,-0.04646,0.71312,-0.09544,-0.00581,-0.04761,0.02843,-0.18025,0.06171,0.03902,0.81562,0
1.3851,-0.47096,-0.02132,0.00893,0.00524,-0.01765,-0.04835,0.71312,-0.09557,-0.00582,-0.04843,0.02663,-0.17795,0.06299,0.03879,0.81557,0
1.3871,-0.47096,-0.02132,0.00878,0.00485,-0.02021,-0.04977,0.71312,-0.09571,-0.00583,-0.04933,0.02476,-0.17513,0.06376,0.03848,0.81553,0
1.3891,-0.47096,-0.02132,0.00860,0.00445,-0.02319,-0.05074,0.71312,-0.09585,-0.00584,-0.05034,0.02285,-0.17180,0.06401,0.03823,0.81548,0
1.3911,-0.47096,-0.02132,0.00840,0.00404,-0.02661,-0.05124,0.71312,-0.09599,-0.00584,-0.05148,0.02091,-0.16796,0.06376,0.03794,0.81546,0
1.3931,-0.47096,-0.02132,0.00818,0.00363,-0.03044,-0.05127,0.71312,-0.09613,-0.00585,-0.05275,0.01896,-0.16361,0.06299,0.03772,0.81543,0
1.3951,-0.47096,-0.02132,0.00792,0.00322,-0.03470,-0.05084,0.71312,-0.09626,-0.00586,-0.05417,0.01702,-0.15875,0.06171,0.03748,0.81539,0
1.3971,-0.47096,-0.02132,0.00762,0.00282,-0.03937,-0.04994,0.71312,-0.09640,-0.00587,-0.05577,0.01510,-0.15337,0.05992,0.03721,0.81540,0
1.3991,-0.47096,-0.02132,0.00728,0.00243,-0.04446,-0.04858,0.71312,-0.09654,-0.00588,-0.05755,0.01322,-0.14851,0.05761,0.03690,0.81536,0
1.4011,-0.47096,-0.02132,0.00691,0.00205,-0.04909,-0.04675,0.71312,-0.09668,-0.00589,-0.05951,0.01141,-0.14415,0.05480,0.03665,0.81534,0
1.4031,-0.47096,-0.02132,0.00650,0.00168,-0.05326,-0.04447,0.71312,-0.09682,-0.00589,-0.06164,0.00967,-0.14031,0.05147,0.03640,0.81537,0
1.4051,-0.47096,-0.02132,0.00606,0.00134,-0.05695,-0.04172,0.71312,-0.09695,-0.00590,-0.06391,0.00803,-0.13699,0.04763,0.03609,0.81536,0
1.4071,-0.47096,-0.02132,0.00559,0.00101,-0.06018,-0.03851,0.71312,-0.09709,-0.00591,-0.06632,0.00650,-0.13417,0.04328,0.03585,0.81538,0
1.4091,-0.47096,-0.02132,0.00510,0.00072,-0.06294,-0.03485,0.71312,-0.09723,-0.00592,-0.06885,0.00510,-0.13187,0.03841,0.03558,0.81536,0
1.4111,-0.47096,-0.02132,0.00459,0.00046,-0.06523,-0.03073,0.71312,-0.09737,-0.00593,-0.07147,0.00385,-0.13007,0.03304,0.03530,0.81537,0
1.4132,-0.47096,-0.02132,0.00406,0.00023,-0.06704,-0.02615,0.71312,-0.09751,-0.00594,-0.07417,0.00276,-0.12879,0.02715,0.03503,0.81538,0
1.4152,-0.47096,-0.02132,0.00351,0.00004,-0.06838,-0.02112,0.71312,-0.09765,-0.00594,-0.07692,0.00186,-0.12803,0.02075,0.03469,0.81537,0
1.4172,-0.47096,-0.02132,0.00296,-0.00011,-0.06925,-0.01565,0.71312,-0.09778,-0.00595,-0.07972,0.00115,-0.12777,0.01435,0.03443,0.81543,0
1.4192,-0.47096,-0.02132,0.00241,-0.00021,-0.06964,-0.01017,0.71312,-0.09792,-0.00596,-0.08254,0.00065,-0.12803,0.00795,0.03413,0.81544,0
1.4212,-0.47152,-0.02441,0.01575,-0.00648,-0.06249,-0.01576,0.71364,-0.09806,-0.00597,-0.02024,-0.03210,-0.12777,0.00155,0.03359,0.81547,0
1.4232,-0.47152,-0.02441,0.01524,-0.00658,-0.06374,-0.00985,0.71364,-0.09820,-0.00598,-0.02283,-0.03260,-0.12700,-0.00485,0.03359,0.81547,0
1.4252,-0.47152,-0.02441,0.01472,-0.00664,-0.06539,-0.00393,0.71364,-0.09834,-0.00599,-0.02547,-0.03287,-0.12572,-0.01125,0.03332,0.81554,0
1.4272,-0.47152,-0.02441,0.01419,-0.00665,-0.06745,0.00198,0.71364,-0.09848,-0.00600,-0.02817,-0.03292,-0.12495,-0.01765,0.03310,0.81556,0
1.4292,-0.47152,-0.02441,0.01365,-0.00661,-0.06903,0.00790,0.71364,-0.09861,-0.00600,-0.03095,-0.03274,-0.12470,-0.02405,0.03285,0.81560,0
1.4312,-0.47152,-0.02441,0.01309,-0.00652,-0.07014,0.01381,0.71364,-0.09875,-0.00601,-0.03378,-0.03235,-0.12495,-0.03045,0.03257,0.81562,0
1.4332,-0.47152,-0.02441,0.01253,-0.00639,-0.07077,0.01971,0.71364,-0.09889,-0.00602,-0.03664,-0.03172,-0.12572,-0.03685,0.03235,0.81562,0
1.4352,-0.47152,-0.02441,0.01196,-0.00620,-0.07093,0.02560,0.71364,-0.09903,-0.00603,-0.03952,-0.03088,-0.12700,-0.04274,0.03206,0.81567,0
1.4372,-0.47152,-0.02441,0.01139,-0.00598,-0.07061,0.03104,0.71364,-0.09917,-0.00604,-0.04240,-0.02982,-0.12879,-0.04811,0.03176,0.81566,0
1.4392,-0.47152,-0.02441,0.01083,-0.00571,-0.06982,0.03602,0.71364,-0.09930,-0.00605,-0.04525,-0.02856,-0.13110,-0.05298,0.03149,0.81565,0
1.4412,-0.47152,-0.02441,0.01028,-0.00540,-0.06855,0.04055,0.71364,-0.09944,-0.00605,-0.04807,-0.02713,-0.13391,-0.05733,0.03123,0.81570,0
1.4432,-0.47152,-0.02441,0.00974,-0.00506,-0.06681,0.04461,0.71364,-0.09958,-0.00606,-0.05083,-0.02553,-0.13724,-0.06117,0.03091,0.81569,0
1.4452,-0.47152,-0.02441,0.00921,-0.00469,-0.06459,0.04822,0.71364,-0.09972,-0.00607,-0.05351,-0.02379,-0.14108,-0.06450,0.03063,0.81564,0
1.4472,-0.47152,-0.02441,0.00871,-0.00429,-0.06190,0.05136,0.71364,-0.09986,-0.00608,-0.05610,-0.02192,-0.14543,-0.06731,0.03029,0.81561,0
1.4492,-0.47152,-0.02441,0.00822,-0.00387,-0.05874,0.05403,0.71364,-0.09999,-0.00609,-0.05858,-0.01994,-0.15030,-0.06962,0.03006,0.81561,0
1.4512,-0.47152,-0.02441,0.00777,-0.00343,-0.05512,0.05624,0.71364,-0.10013,-0.00610,-0.06094,-0.01786,-0.15567,-0.07141,0.02975,0.81562,0
1.4532,-0.47152,-0.02441,0.00734,-0.00297,-0.05102,0.05798,0.71364,-0.10027,-0.00610,-0.06315,-0.01571,-0.16156,-0.07269,0.02951,0.81560,0
1.4552,-0.47152,-0.02441,0.00695,-0.00250,-0.04646,0.05925,0.71364,-0.10041,-0.00611,-0.06519,-0.01351,-0.16694,-0.07346,0.02920,0.81563,0
1.4572,-0.47152,-0.02441,0.00660,-0.00203,-0.04232,0.06005,0.71364,-0.10055,-0.00612,-0.06707,-0.01127,-0.17180,-0.07371,0.02887,0.81562,0
1.4592,-0.47152,-0.02441,0.00627,-0.00155,-0.03859,0.06039,0.71364,-0.10069,-0.00613,-0.06880,-0.00900,-0.17615,-0.07346,0.02860,0.81559,0
1.4612,-0.47152,-0.02441,0.00598,-0.00106,-0.03528,0.06025,0.71364,-0.10082,-0.00614,-0.07040,-0.00673,-0.17999,-0.07269,0.02832,0.81559,0
1.4632,-0.47152,-0.02441,0.00571,-0.00058,-0.03238,0.05964,0.71364,-0.10096,-0.00615,-0.07188,-0.00448,-0.18332,-0.07141,0.02804,0.81551,0
1.4652,-0.47152,-0.02441,0.00546,-0.00011,-0.02991,0.05856,0.71364,-0.10110,-0.00616,-0.07326,-0.00225,-0.18614,-0.06962,0.02776,0.81551,0
1.4672,-0.47152,-0.02441,0.00523,0.00035,-0.02786,0.05702,0.71364,-0.10124,-0.00616,-0.07456,-0.00008,-0.18844,-0.06731,0.02746,0.81549,0
1.4692,-0.47152,-0.02441,0.00501,0.00080,-0.02623,0.05500,0.71364,-0.10138,-0.00617,-0.07578,0.00203,-0.19023,-0.06450,0.02719,0.81547,0
1.4712,-0.47152,-0.02441,0.00481,0.00123,-0.02502,0.05252,0.71364,-0.10151,-0.00618,-0.07695,0.00405,-0.19151,-0.06117,0.02691,0.81540,0
1.4732,-0.47152,-0.02441,0.00461,0.00164,-0.02424,0.04958,0.71364,-0.10165,-0.00619,-0.07809,0.00597,-0.19228,-0.05733,0.02664,0.81537,0
1.4752,-0.47152,-0.02441,0.00442,0.00202,-0.02389,0.04617,0.71364,-0.10179,-0.00620,-0.07920,0.00776,-0.19254,-0.05298,0.02630,0.81530,0
1.4772,-0.47152,-0.02441,0.00423,0.00238,-0.02396,0.04230,0.71364,-0.10193,-0.00621,-0.08031,0.00942,-0.19228,-0.04811,0.02601,0.81527,0
1.4792,-0.47152,-0.02441,0.00403,0.00270,-0.02445,0.03796,0.71364,-0.10207,-0.00621,-0.08143,0.01093,-0.19151,-0.04274,0.02575,0.81521,0
1.4813,-0.47152,-0.02441,0.00383,0.00298,-0.02537,0.03317,0.71364,-0.10221,-0.00622,-0.08258,0.01226,-0.19023,-0.03685,0.02543,0.81516,0
1.4833,-0.46863,-0.02409,0.01789,0.00959,-0.01349,0.04019,0.71642,-0.10235,-0.00623,-0.01345,0.04383,-0.18844,-0.03045,0.02484,0.81503,0
1.4853,-0.46863,-0.02409,0.01777,0.00989,-0.01622,0.03406,0.71642,-0.10248,-0.00624,-0.01422,0.04522,-0.18614,-0.02405,0.02484,0.81503,0
1.4873,-0.46863,-0.02409,0.01763,0.01014,-0.01937,0.02792,0.71642,-0.10262,-0.00625,-0.01510,0.04638,-0.18332,-0.01765,0.02451,0.81497,0
1.4893,-0.46863,-0.02409,0.01746,0.01034,-0.02295,0.02176,0.71642,-0.10276,-0.00626,-0.01610,0.04731,-0.17999,-0.01125,0.02429,0.81491,0
1.4913,-0.46863,-0.02409,0.01726,0.01049,-0.02696,0.01559,0.71642,-0.10290,-0.00626,-0.01726,0.04800,-0.17615,-0.00485,0.02392,0.81484,0
1.4933,-0.46863,-0.02409,0.01702,0.01059,-0.03139,0.00941,0.71642,-0.10304,-0.00627,-0.01857,0.04846,-0.17180,0.00155,0.02360,0.81481,0
1.4953,-0.46863,-0.02409,0.01675,0.01064,-0.03624,0.00323,0.71642,-0.10318,-0.00628,-0.02005,0.04869,-0.16694,0.00795,0.02326,0.81471,0
1.4973,-0.46863,-0.02409,0.01644,0.01064,-0.04151,-0.00296,0.71642,-0.10332,-0.00629,-0.02173,0.04868,-0.16156,0.01435,0.02298,0.81464,0
1.4994,-0.46863,-0.02409,0.01609,0.01059,-0.04719,-0.00914,0.71642,-0.10346,-0.00630,-0.02362,0.04844,-0.15567,0.02075,0.02266,0.81465,0
1.5014,-0.46863,-0.02409,0.01569,0.01049,-0.05328,-0.01531,0.71642,-0.10359,-0.00631,-0.02572,0.04796,-0.14927,0.02715,0.02233,0.81455,0
1.5034,-0.46863,-0.02409,0.01523,0.01035,-0.05978,-0.02148,0.71642,-0.10373,-0.00632,-0.02807,0.04726,-0.14287,0.03355,0.02200,0.81453,0
1.5054,-0.46863,-0.02409,0.01473,0.01015,-0.06625,-0.02764,0.71642,-0.10387,-0.00632,-0.03066,0.04631,-0.13647,0.03995,0.02172,0.81449,0
1.5074,-0.46863,-0.02409,0.01417,0.00990,-0.07268,-0.03378,0.71642,-0.10401,-0.00633,-0.03350,0.04514,-0.13059,0.04584,0.02140,0.81442,0
1.5094,-0.46863,-0.02409,0.01357,0.00961,-0.07864,-0.03946,0.71642,-0.10415,-0.00634,-0.03657,0.04374,-0.12521,0.05121,0.02116,0.81438,0
1.5114,-0.46863,-0.02409,0.01292,0.00927,-0.08411,-0.04468,0.71642,-0.10428,-0.00635,-0.03985,0.04214,-0.12035,0.05608,0.02084,0.81435,0
1.5134,-0.46863,-0.02409,0.01222,0.00890,-0.08910,-0.04945,0.71642,-0.10442,-0.00636,-0.04334,0.04035,-0.11599,0.06043,0.02059,0.81435,0
1.5154,-0.46863,-0.02409,0.01149,0.00848,-0.09361,-0.05374,0.71642,-0.10456,-0.00637,-0.04700,0.03838,-0.11215,0.06427,0.02036,0.81431,0
1.5174,-0.46863,-0.02409,0.01073,0.00804,-0.09763,-0.05757,0.71642,-0.10470,-0.00637,-0.05083,0.03626,-0.10883,0.06760,0.02012,0.81426,0
1.5194,-0.46863,-0.02409,0.00993,0.00757,-0.10115,-0.06094,0.71642,-0.10484,-0.00638,-0.05480,0.03401,-0.10601,0.07041,0.01975,0.81426,0
1.5214,-0.46863,-0.02409,0.00911,0.00707,-0.10419,-0.06383,0.71642,-0.10497,-0.00639,-0.05889,0.03164,-0.10371,0.07272,0.01950,0.81423,0
1.5234,-0.46863,-0.02409,0.00827,0.00655,-0.10673,-0.06625,0.71642,-0.10511,-0.00640,-0.06309,0.02916,-0.10191,0.07451,0.01921,0.81419,0
1.5254,-0.46863,-0.02409,0.00741,0.00601,-0.10878,-0.06819,0.71642,-0.10525,-0.00641,-0.06737,0.02661,-0.10063,0.07579,0.01896,0.81418,0
1.5274,-0.46863,-0.02409,0.00653,0.00546,-0.11033,-0.06966,0.71642,-0.10539,-0.00642,-0.07173,0.02399,-0.09987,0.07656,0.01865,0.81412,0
1.5294,-0.46863,-0.02409,0.00564,0.00490,-0.11138,-0.07066,0.71642,-0.10553,-0.00642,-0.07613,0.02132,-0.09961,0.07681,0.01837,0.81414,0
1.5314,-0.46863,-0.02409,0.00475,0.00433,-0.11194,-0.07118,0.71642,-0.10566,-0.00643,-0.08057,0.01863,-0.09987,0.07656,0.01806,0.81411,0
1.5334,-0.46863,-0.02409,0.00385,0.00376,-0.11199,-0.07122,0.71642,-0.10580,-0.00644,-0.08501,0.01592,-0.10063,0.07579,0.01780,0.81412,0
1.5354,-0.46863,-0.02409,0.00296,0.00319,-0.11155,-0.07079,0.71642,-0.10594,-0.00645,-0.08945,0.01322,-0.10191,0.07451,0.01751,0.81409,0
1.5374,-0.46863,-0.02409,0.00207,0.00263,-0.11062,-0.06989,0.71642,-0.10608,-0.00646,-0.09386,0.01055,-0.10371,0.07272,0.01720,0.81410,0
1.5394,-0.46863,-0.02409,0.00119,0.00207,-0.10918,-0.06851,0.71642,-0.10622,-0.00647,-0.09823,0.00792,-0.10601,0.07041,0.01694,0.81414,0
1.5414,-0.46863,-0.02409,0.00033,0.00153,-0.10725,-0.06665,0.71642,-0.10636,-0.00648,-0.10254,0.00535,-0.10883,0.06760,0.01638,0.81417,0
1.5434,-0.46863,-0.02409,-0.00052,0.00101,-0.10483,-0.06432,0.71642,-0.10649,-0.00648,-0.10677,0.00286,-0.11215,0.06427,0.01638,0.81417,0
1.5454,-0.46863,-0.02409,-0.00135,0.00051,-0.10191,-0.06152,0.71642,-0.10663,-0.00649,-0.11089,0.00047,-0.11599,0.06043,0.01612,0.81421,0
1.5474,-0.46863,-0.02409,-0.00215,0.00003,-0.09850,-0.05825,0.71642,-0.10677,-0.00650,-0.11489,-0.00181,-0.12035,0.05608,0.01579,0.81421,0
1.5494,-0.46863,-0.02409,-0.00292,-0.00042,-0.09460,-0.05451,0.71642,-0.10691,-0.00651,-0.11876,-0.00396,-0.12521,0.05121,0.01552,0.81426,0
1.5515,-0.46863,-0.02409,-0.00366,-0.00084,-0.09021,-0.05031,0.71642,-0.10705,-0.00652,-0.12248,-0.00595,-0.13059,0.04584,0.01525,0.81430,0
1.5535,-0.46507,-0.02633,0.00687,-0.00833,-0.08772,-0.05786,0.71682,-0.10719,-0.00653,-0.06934,-0.04357,-0.13647,0.03995,0.01466,0.81434,0
1.5555,-0.46507,-0.02633,0.00619,-0.00877,-0.08311,-0.05225,0.71682,-0.10733,-0.00653,-0.07278,-0.04567,-0.14287,0.03355,0.01466,0.81434,0
1.5575,-0.46507,-0.02633,0.00554,-0.00916,-0.07803,-0.04618,0.71682,-0.10747,-0.00654,-0.07604,-0.04754,-0.14927,0.02715,0.01411,0.81442,0
1.5595,-0.46507,-0.02633,0.00494,-0.00950,-0.07290,-0.04007,0.71682,-0.10761,-0.00655,-0.07911,-0.04919,-0.15567,0.02075,0.01411,0.81442,0
1.5615,-0.46507,-0.02633,0.00438,-0.00980,-0.06774,-0.03395,0.71682,-0.10775,-0.00656,-0.08199,-0.05060,-0.16207,0.01435,0.01386,0.81449,0
1.5635,-0.46507,-0.02633,0.00386,-0.01005,-0.06254,-0.02781,0.71682,-0.10788,-0.00657,-0.08467,-0.05178,-0.16847,0.00795,0.01363,0.81453,0
1.5656,-0.46507,-0.02633,0.00338,-0.01025,-0.05730,-0.02166,0.71682,-0.10802,-0.00658,-0.08715,-0.05273,-0.17487,0.00155,0.01302,0.81462,0
1.5676,-0.46507,-0.02633,0.00294,-0.01039,-0.05204,-0.01550,0.71682,-0.10816,-0.00658,-0.08944,-0.05344,-0.18127,-0.00485,0.01302,0.81462,0
1.5696,-0.46507,-0.02633,0.00254,-0.01049,-0.04675,-0.00932,0.71682,-0.10830,-0.00659,-0.09152,-0.05393,-0.18767,-0.01125,0.01267,0.81469,0
1.5716,-0.46507,-0.02633,0.00219,-0.01054,-0.04143,-0.00315,0.71682,-0.10844,-0.00660,-0.09341,-0.05418,-0.19407,-0.01765,0.01235,0.81473,0
1.5736,-0.46507,-0.02633,0.00188,-0.01054,-0.03609,0.00303,0.71682,-0.10858,-0.00661,-0.09509,-0.05419,-0.20047,-0.02405,0.01204,0.81477,0
1.5756,-0.46507,-0.02633,0.00161,-0.01049,-0.03074,0.00921,0.71682,-0.10872,-0.00662,-0.09657,-0.05397,-0.20636,-0.03045,0.01134,0.81482,0
1.5776,-0.46507,-0.02633,0.00139,-0.01040,-0.02580,0.01538,0.71682,-0.10885,-0.00663,-0.09786,-0.05352,-0.21174,-0.03685,0.01100,0.81486,0
1.5796,-0.46507,-0.02633,0.00120,-0.01025,-0.02129,0.02154,0.71682,-0.10899,-0.00664,-0.09897,-0.05284,-0.21660,-0.04325,0.01100,0.81486,0
1.5816,-0.46507,-0.02633,0.00104,-0.01005,-0.01720,0.02769,0.71682,-0.10913,-0.00664,-0.09992,-0.05192,-0.22095,-0.04965,0.01036,0.81489,0
1.5836,-0.46507,-0.02633,0.00092,-0.00981,-0.01355,0.03382,0.71682,-0.10927,-0.00665,-0.10072,-0.05077,-0.22479,-0.05605,0.01007,0.81492,0
1.5856,-0.46507,-0.02633,0.00083,-0.00951,-0.01032,0.03993,0.71682,-0.10941,-0.00666,-0.10139,-0.04939,-0.22812,-0.06194,0.00973,0.81496,0
1.5876,-0.46507,-0.02633,0.00076,-0.00917,-0.00753,0.04559,0.71682,-0.10955,-0.00667,-0.10195,-0.04778,-0.23094,-0.06731,0.00931,0.81497,0
1.5896,-0.46507,-0.02633,0.00070,-0.00878,-0.00517,0.05078,0.71682,-0.10969,-0.00668,-0.10241,-0.04598,-0.23324,-0.07218,0.00905,0.81502,0
1.5916,-0.46507,-0.02633,0.00067,-0.00836,-0.00325,0.05551,0.71682,-0.10982,-0.00669,-0.10279,-0.04398,-0.23503,-0.07653,0.00869,0.81506,0
1.5937,-0.46507,-0.02633,0.00065,-0.00790,-0.00176,0.05977,0.71682,-0.10996,-0.00669,-0.10310,-0.04181,-0.23631,-0.08037,0.00831,0.81502,0
1.5957,-0.46507,-0.02633,0.00064,-0.00740,-0.00071,0.06355,0.71682,-0.11010,-0.00670,-0.10337,-0.03949,-0.23708,-0.08370,0.00802,0.81503,0
1.5977,-0.46507,-0.02633,0.00064,-0.00688,-0.00010,0.06687,0.71682,-0.11024,-0.00671,-0.10361,-0.03704,-0.23734,-0.08651,0.00771,0.81508,0
1.5997,-0.46507,-0.02633,0.00064,-0.00634,0.00008,0.06971,0.71682,-0.11038,-0.00672,-0.10383,-0.03447,-0.23708,-0.08882,0.00741,0.81510,0
1.6017,-0.46507,-0.02633,0.00064,-0.00577,-0.00018,0.07208,0.71682,-0.11052,-0.00673,-0.10405,-0.03180,-0.23631,-0.09061,0.00704,0.81511,0
1.6037,-0.46507,-0.02633,0.00063,-0.00518,-0.00088,0.07397,0.71682,-0.11066,-0.00674,-0.10430,-0.02905,-0.23503,-0.09189,0.00676,0.81512,0
1.6057,-0.46507,-0.02633,0.00062,-0.00459,-0.00202,0.07539,0.71682,-0.11079,-0.00675,-0.10457,-0.02624,-0.23324,-0.09266,0.00638,0.81508,0
1.6077,-0.46507,-0.02633,0.00060,-0.00398,-0.00359,0.07632,0.71682,-0.11093,-0.00675,-0.10490,-0.02339,-0.23094,-0.09291,0.00606,0.81507,0
1.6097,-0.46507,-0.02633,0.00056,-0.00337,-0.00560,0.07678,0.71682,-0.11107,-0.00676,-0.10530,-0.02051,-0.22812,-0.09266,0.00606,0.81507,0
1.6117,-0.46507,-0.02633,0.00051,-0.00275,-0.00804,0.07676,0.71682,-0.11121,-0.00677,-0.10578,-0.01762,-0.22479,-0.09189,0.00540,0.81505,0
1.6137,-0.46507,-0.02633,0.00043,-0.00214,-0.01092,0.07626,0.71682,-0.11135,-0.00678,-0.10636,-0.01474,-0.22095,-0.09061,0.00505,0.81502,0
1.6157,-0.46507,-0.02633,0.00033,-0.00154,-0.01422,0.07528,0.71682,-0.11149,-0.00679,-0.10706,-0.01188,-0.21763,-0.08882,0.00462,0.81498,0
1.6177,-0.46507,-0.02633,0.00021,-0.00094,-0.01708,0.07382,0.71682,-0.11162,-0.00680,-0.10787,-0.00908,-0.21481,-0.08651,0.00435,0.81498,0
1.6197,-0.46507,-0.02633,0.00006,-0.00036,-0.01950,0.07189,0.71682,-0.11176,-0.00680,-0.10879,-0.00634,-0.21251,-0.08370,0.00395,0.81493,0
1.6217,-0.45979,-0.02685,0.02332,0.01438,-0.00304,0.08445,0.71901,-0.11190,-0.00681,0.00623,0.06278,-0.20969,-0.08037,0.00358,0.81489,0
1.6237,-0.45979,-0.02685,0.02328,0.01504,-0.00701,0.08061,0.71901,-0.11204,-0.00682,0.00582,0.06589,-0.20636,-0.07653,0.00326,0.81487,0
1.6258,-0.45979,-0.02685,0.02321,0.01567,-0.01141,0.07629,0.71901,-0.11218,-0.00683,0.00525,0.06884,-0.20252,-0.07218,0.00291,0.81484,0
1.6278,-0.45979,-0.02685,0.02310,0.01626,-0.01625,0.07149,0.71901,-0.11232,-0.00684,0.00449,0.07162,-0.19817,-0.06731,0.00253,0.81480,0
1.6298,-0.45979,-0.02685,0.02294,0.01681,-0.02151,0.06622,0.71901,-0.11246,-0.00685,0.00356,0.07421,-0.19331,-0.06194,0.00213,0.81474,0
1.6318,-0.45979,-0.02685,0.02275,0.01731,-0.02720,0.06047,0.71901,-0.11260,-0.00685,0.00241,0.07659,-0.18793,-0.05605,0.00179,0.81470,0
1.6338,-0.45979,-0.02685,0.02251,0.01777,-0.03331,0.05426,0.71901,-0.11273,-0.00686,0.00104,0.07875,-0.18204,-0.04965,0.00142,0.81466,0
1.6358,-0.45979,-0.02685,0.02222,0.01818,-0.03984,0.04757,0.71901,-0.11287,-0.00687,-0.00057,0.08066,-0.17564,-0.04325,0.00107,0.81458,0
1.6378,-0.45979,-0.02685,0.02187,0.01853,-0.04678,0.04087,0.71901,-0.11301,-0.00688,-0.00244,0.08232,-0.16924,-0.03685,0.00077,0.81458,0
1.6399,-0.45979,-0.02685,0.02147,0.01883,-0.05370,0.03414,0.71901,-0.11315,-0.00689,-0.00457,0.08372,-0.16284,-0.03045,0.00037,0.81449,0
1.6419,-0.45979,-0.02685,0.02101,0.01908,-0.06059,0.02740,0.71901,-0.11329,-0.00690,-0.00695,0.08487,-0.15644,-0.02405,0.00013,0.81444,0
1.6439,-0.45979,-0.02685,0.02050,0.01927,-0.06744,0.02064,0.71901,-0.11343,-0.00691,-0.00960,0.08577,-0.15004,-0.01765,-0.00022,0.81439,0
1.6459,-0.45979,-0.02685,0.01993,0.01941,-0.07426,0.01387,0.71901,-0.11357,-0.00691,-0.01251,0.08641,-0.14364,-0.01125,-0.00058,0.81431,0
1.6479,-0.45979,-0.02685,0.01931,0.01949,-0.08104,0.00709,0.71901,-0.11370,-0.00692,-0.01568,0.08679,-0.13724,-0.00485,-0.00088,0.81427,0
1.6499,-0.45979,-0.02685,0.01863,0.01952,-0.08777,0.00031,0.71901,-0.11384,-0.00693,-0.01910,0.08692,-0.13135,0.00155,-0.00121,0.81419,0
1.6519,-0.45979,-0.02685,0.01791,0.01950,-0.09402,-0.00647,0.71901,-0.11398,-0.00694,-0.02276,0.08679,-0.12598,0.00795,-0.00150,0.81415,0
1.6539,-0.45979,-0.02685,0.01713,0.01942,-0.09978,-0.01324,0.71901,-0.11412,-0.00695,-0.02666,0.08640,-0.12111,0.01435,-0.00177,0.81413,0
1.6559,-0.45979,-0.02685,0.01631,0.01929,-0.10505,-0.02001,0.71901,-0.11426,-0.00696,-0.03076,0.08576,-0.11676,0.02075,-0.00206,0.81411,0
1.6579,-0.45979,-0.02685,0.01545,0.01910,-0.10982,-0.02676,0.71901,-0.11440,-0.00696,-0.03505,0.08486,-0.11292,0.02715,-0.00236,0.81407,0
1.6599,-0.45979,-0.02685,0.01456,0.01886,-0.11410,-0.03350,0.71901,-0.11454,-0.00697,-0.03952,0.08370,-0.10959,0.03355,-0.00267,0.81403,0
1.6619,-0.45979,-0.02685,0.01363,0.01856,-0.11788,-0.04023,0.71901,-0.11467,-0.00698,-0.04414,0.08229,-0.10678,0.03995,-0.00298,0.81399,0
1.6640,-0.45979,-0.02685,0.01267,0.01822,-0.12116,-0.04693,0.71901,-0.11481,-0.00699,-0.04889,0.08063,-0.10447,0.04635,-0.00334,0.81395,0
1.6660,-0.45979,-0.02685,0.01169,0.01781,-0.12393,-0.05360,0.71901,-0.11495,-0.00700,-0.05375,0.07872,-0.10268,0.05275,-0.00365,0.81394,0
1.6680,-0.45979,-0.02685,0.01069,0.01736,-0.12620,-0.06024,0.71901,-0.11509,-0.00701,-0.05871,0.07655,-0.10140,0.05915,-0.00398,0.81389,0
1.6700,-0.45979,-0.02685,0.00968,0.01685,-0.12796,-0.06685,0.71901,-0.11523,-0.00702,-0.06375,0.07413,-0.10063,0.06555,-0.00426,0.81387,0
1.6720,-0.45979,-0.02685,0.00865,0.01629,-0.12922,-0.07343,0.71901,-0.11536,-0.00702,-0.06884,0.07147,-0.10038,0.07144,-0.00455,0.81386,0
1.6740,-0.45979,-0.02685,0.00761,0.01568,-0.12997,-0.07953,0.71901,-0.11550,-0.00703,-0.07397,0.06856,-0.10063,0.07681,-0.00486,0.81378,0
1.6760,-0.45979,-0.02685,0.00657,0.01502,-0.13021,-0.08514,0.71901,-0.11564,-0.00704,-0.07913,0.06543,-0.10140,0.08168,-0.00516,0.81380,0
1.6780,-0.45979,-0.02685,0.00553,0.01432,-0.12995,-0.09027,0.71901,-0.11578,-0.00705,-0.08428,0.06210,-0.10268,0.08603,-0.00550,0.81374,0
1.6800,-0.45979,-0.02685,0.00449,0.01358,-0.12918,-0.09492,0.71901,-0.11592,-0.00706,-0.08941,0.05858,-0.10447,0.08987,-0.00584,0.81378,0
1.6820,-0.45979,-0.02685,0.00346,0.01280,-0.12790,-0.09908,0.71901,-0.11606,-0.00707,-0.09450,0.05490,-0.10678,0.09320,-0.00614,0.81377,0
1.6840,-0.45979,-0.02685,0.00245,0.01199,-0.12611,-0.10274,0.71901,-0.11619,-0.00707,-0.09954,0.05107,-0.10959,0.09601,-0.00641,0.81376,0
1.6860,-0.45979,-0.02685,0.00145,0.01116,-0.12382,-0.10591,0.71901,-0.11633,-0.00708,-0.10450,0.04711,-0.11292,0.09832,-0.00677,0.81373,0
1.6880,-0.45979,-0.02685,0.00047,0.01030,-0.12103,-0.10859,0.71901,-0.11647,-0.00709,-0.10936,0.04304,-0.11676,0.10011,-0.00713,0.81374,0
1.6900,-0.45979,-0.02685,-0.00049,0.00942,-0.11774,-0.11077,0.71901,-0.11661,-0.00710,-0.11411,0.03888,-0.12111,0.10139,-0.00738,0.81373,0
1.6920,-0.45641,-0.02641,0.00471,-0.00775,-0.11928,-0.12495,0.72001,-0.11675,-0.00711,-0.08640,-0.04186,-0.12598,0.10216,-0.00771,0.81377,0
1.6940,-0.45641,-0.02641,0.00377,-0.00875,-0.11539,-0.12504,0.72001,-0.11688,-0.00712,-0.09107,-0.04660,-0.13135,0.10241,-0.00803,0.81377,0
1.6960,-0.45641,-0.02641,0.00286,-0.00974,-0.11101,-0.12462,0.72001,-0.11702,-0.00712,-0.09559,-0.05133,-0.13724,0.10216,-0.00830,0.81377,0
1.6980,-0.45641,-0.02641,0.00199,-0.01074,-0.10613,-0.12370,0.72001,-0.11716,-0.00713,-0.09993,-0.05604,-0.14364,0.10139,-0.00863,0.81380,0
1.7000,-0.45641,-0.02641,0.00117,-0.01172,-0.10075,-0.12228,0.72001,-0.11730,-0.00714,-0.10408,-0.06071,-0.15004,0.10011,-0.00895,0.81382,0
1.7020,-0.45641,-0.02641,0.00038,-0.01269,-0.09532,-0.12036,0.72001,-0.11744,-0.00715,-0.10802,-0.06531,-0.15644,0.09832,-0.00924,0.81384,0
1.7040,-0.45641,-0.02641,-0.00036,-0.01364,-0.08984,-0.11793,0.72001,-0.11758,-0.00716,-0.11176,-0.06983,-0.16284,0.09601,-0.00949,0.81391,0
1.7060,-0.45641,-0.02641,-0.00105,-0.01458,-0.08432,-0.11500,0.72001,-0.11772,-0.00717,-0.11529,-0.07425,-0.16924,0.09320,-0.00987,0.81386,0
1.7080,-0.45641,-0.02641,-0.00171,-0.01548,-0.07874,-0.11157,0.72001,-0.11786,-0.00718,-0.11861,-0.07855,-0.17564,0.08987,-0.01018,0.81394,0
1.7100,-0.45641,-0.02641,-0.00231,-0.01636,-0.07313,-0.10765,0.72001,-0.11799,-0.00718,-0.12172,-0.08271,-0.18204,0.08603,-0.01047,0.81395,0
1.7121,-0.45641,-0.02641,-0.00288,-0.01720,-0.06748,-0.10323,0.72001,-0.11813,-0.00719,-0.12461,-0.08671,-0.18844,0.08168,-0.01080,0.81397,0
1.7141,-0.45641,-0.02641,-0.00339,-0.01801,-0.06179,-0.09832,0.72001,-0.11827,-0.00720,-0.12729,-0.09054,-0.19484,0.07681,-0.01109,0.81402,0
1.7161,-0.45641,-0.02641,-0.00387,-0.01877,-0.05607,-0.09292,0.72001,-0.11841,-0.00721,-0.12976,-0.09417,-0.20124,0.07144,-0.01149,0.81405,0
1.7181,-0.45641,-0.02641,-0.00429,-0.01949,-0.05032,-0.08703,0.72001,-0.11855,-0.00722,-0.13201,-0.09759,-0.20764,0.06555,-0.01181,0.81409,0
1.7201,-0.45641,-0.02641,-0.00467,-0.02017,-0.04455,-0.08066,0.72001,-0.11869,-0.00723,-0.13404,-0.10077,-0.21404,0.05915,-0.01212,0.81411,0
1.7221,-0.45641,-0.02641,-0.00500,-0.02078,-0.03875,-0.07380,0.72001,-0.11883,-0.00723,-0.13586,-0.10371,-0.22044,0.05275,-0.01244,0.81414,0
1.7241,-0.45641,-0.02641,-0.00529,-0.02135,-0.03293,-0.06691,0.72001,-0.11896,-0.00724,-0.13745,-0.10639,-0.22684,0.04635,-0.01273,0.81420,0
1.7261,-0.45641,-0.02641,-0.00553,-0.02185,-0.02709,-0.05999,0.72001,-0.11910,-0.00725,-0.13883,-0.10880,-0.23324,0.03995,-0.01308,0.81424,0
1.7281,-0.45641,-0.02641,-0.00572,-0.02231,-0.02124,-0.05303,0.72001,-0.11924,-0.00726,-0.13998,-0.11095,-0.23964,0.03355,-0.01348,0.81426,0
1.7301,-0.45641,-0.02641,-0.00587,-0.02270,-0.01538,-0.04605,0.72001,-0.11938,-0.00727,-0.14091,-0.11284,-0.24604,0.02715,-0.01381,0.81433,0
1.7321,-0.45641,-0.02641,-0.00597,-0.02304,-0.00951,-0.03904,0.72001,-0.11952,-0.00728,-0.14162,-0.11446,-0.25244,0.02075,-0.01417,0.81438,0
1.7341,-0.45641,-0.02641,-0.00602,-0.02333,-0.00364,-0.03201,0.72001,-0.11966,-0.00728,-0.14211,-0.11582,-0.25884,0.01435,-0.01453,0.81439,0
1.7362,-0.45641,-0.02641,-0.00603,-0.02355,0.00224,-0.02496,0.72001,-0.11980,-0.00729,-0.14238,-0.11691,-0.26473,0.00795,-0.01486,0.81445,0
1.7382,-0.45641,-0.02641,-0.00599,-0.02373,0.00767,-0.01790,0.72001,-0.11993,-0.00730,-0.14243,-0.11774,-0.27011,0.00155,-0.01523,0.81448,0
1.7402,-0.45641,-0.02641,-0.00591,-0.02384,0.01266,-0.01084,0.72001,-0.12007,-0.00731,-0.14229,-0.11830,-0.27497,-0.00485,-0.01556,0.81450,0
1.7422,-0.45641,-0.02641,-0.00579,-0.02390,0.01721,-0.00376,0.72001,-0.12021,-0.00732,-0.14197,-0.11859,-0.27932,-0.01125,-0.01590,0.81458,0
1.7442,-0.45641,-0.02641,-0.00563,-0.02390,0.02131,0.00331,0.72001,-0.12035,-0.00733,-0.14148,-0.11861,-0.28316,-0.01765,-0.01624,0.81462,0
1.7462,-0.45641,-0.02641,-0.00545,-0.02385,0.02497,0.01038,0.72001,-0.12049,-0.00734,-0.14085,-0.11837,-0.28649,-0.02405,-0.01659,0.81464,0
1.7482,-0.45641,-0.02641,-0.00524,-0.02374,0.02817,0.01745,0.72001,-0.12063,-0.00734,-0.14008,-0.11786,-0.28931,-0.03045,-0.01694,0.81465,0
1.7502,-0.45641,-0.02641,-0.00500,-0.02357,0.03091,0.02450,0.72001,-0.12077,-0.00735,-0.13921,-0.11708,-0.29161,-0.03685,-0.01725,0.81475,0
1.7524,-0.44988,-0.02772,0.02242,-0.00221,0.05589,0.04475,0.72269,-0.12092,-0.00736,-0.00330,-0.01745,-0.29340,-0.04274,-0.01763,0.81477,0
1.7544,-0.44988,-0.02772,0.02287,-0.00183,0.05590,0.04991,0.72269,-0.12105,-0.00737,-0.00143,-0.01568,-0.29468,-0.04811,-0.01795,0.81483,0
1.7564,-0.44988,-0.02772,0.02332,-0.00142,0.05543,0.05461,0.72269,-0.12119,-0.00738,0.00043,-0.01372,-0.29545,-0.05298,-0.01832,0.81485,0
1.7584,-0.44988,-0.02772,0.02376,-0.00096,0.05451,0.05884,0.72269,-0.12133,-0.00739,0.00227,-0.01158,-0.29571,-0.05733,-0.01866,0.81487,0
1.7604,-0.44988,-0.02772,0.02419,-0.00048,0.05311,0.06260,0.72269,-0.12147,-0.00740,0.00406,-0.00930,-0.29545,-0.06117,-0.01901,0.81492,0
1.7624,-0.44988,-0.02772,0.02460,0.00004,0.05125,0.06589,0.72269,-0.12161,-0.00740,0.00579,-0.00689,-0.29468,-0.06450,-0.01934,0.81495,0
1.7644,-0.44988,-0.02772,0.02500,0.00058,0.04893,0.06871,0.72269,-0.12175,-0.00741,0.00744,-0.00436,-0.29340,-0.06731,-0.01972,0.81500,0
1.7664,-0.44988,-0.02772,0.02539,0.00113,0.04614,0.07105,0.72269,-0.12188,-0.00742,0.00899,-0.00173,-0.29161,-0.06962,-0.02008,0.81497,0
1.7685,-0.44988,-0.02772,0.02574,0.00171,0.04289,0.07292,0.72269,-0.12202,-0.00743,0.01043,0.00098,-0.28931,-0.07141,-0.02045,0.81501,0
1.7705,-0.44988,-0.02772,0.02607,0.00230,0.03917,0.07431,0.72269,-0.12216,-0.00744,0.01174,0.00375,-0.28649,-0.07269,-0.02082,0.81506,0
1.7725,-0.44988,-0.02772,0.02637,0.00290,0.03500,0.07522,0.72269,-0.12230,-0.00745,0.01289,0.00656,-0.28316,-0.07346,-0.02116,0.81510,0
1.7745,-0.44988,-0.02772,0.02663,0.00350,0.03038,0.07565,0.72269,-0.12244,-0.00745,0.01388,0.00940,-0.27932,-0.07371,-0.02154,0.81511,0
1.7765,-0.44988,-0.02772,0.02685,0.00411,0.02530,0.07561,0.72269,-0.12258,-0.00746,0.01469,0.01224,-0.27497,-0.07346,-0.02190,0.81514,0
1.7785,-0.44988,-0.02772,0.02703,0.00471,0.01977,0.07509,0.72269,-0.12272,-0.00747,0.01530,0.01508,-0.27011,-0.07269,-0.02227,0.81515,0
1.7805,-0.44988,-0.02772,0.02717,0.00531,0.01379,0.07408,0.72269,-0.12285,-0.00748,0.01569,0.01789,-0.26473,-0.07141,-0.02270,0.81515,0
1.7825,-0.44988,-0.02772,0.02725,0.00589,0.00737,0.07261,0.72269,-0.12299,-0.00749,0.01584,0.02064,-0.25884,-0.06962,-0.02305,0.81517,0
1.7845,-0.44988,-0.02772,0.02728,0.00647,0.00051,0.07065,0.72269,-0.12313,-0.00750,0.01575,0.02334,-0.25244,-0.06731,-0.02345,0.81518,0
1.7865,-0.44988,-0.02772,0.02726,0.00702,-0.00679,0.06822,0.72269,-0.12327,-0.00750,0.01538,0.02595,-0.24604,-0.06450,-0.02381,0.81519,0
1.7885,-0.44988,-0.02772,0.02717,0.00755,-0.01408,0.06532,0.72269,-0.12341,-0.00751,0.01474,0.02846,-0.23964,-0.06117,-0.02419,0.81520,0
1.7905,-0.44988,-0.02772,0.02703,0.00806,-0.02137,0.06195,0.72269,-0.12354,-0.00752,0.01382,0.03085,-0.23324,-0.05733,-0.02455,0.81518,0
1.7925,-0.44988,-0.02772,0.02683,0.00854,-0.02864,0.05810,0.72269,-0.12368,-0.00753,0.01263,0.03311,-0.22684,-0.05298,-0.02500,0.81521,0
1.7945,-0.44988,-0.02772,0.02657,0.00899,-0.03590,0.05379,0.72269,-0.12382,-0.00754,0.01116,0.03521,-0.22044,-0.04811,-0.02540,0.81519,0
1.7965,-0.44988,-0.02772,0.02626,0.00940,-0.04314,0.04901,0.72269,-0.12396,-0.00755,0.00942,0.03714,-0.21404,-0.04274,-0.02574,0.81521,0
1.7985,-0.44988,-0.02772,0.02588,0.00977,-0.05035,0.04376,0.72269,-0.12410,-0.00756,0.00740,0.03888,-0.20764,-0.03685,-0.02617,0.81517,0
1.8005,-0.44988,-0.02772,0.02545,0.01010,-0.05754,0.03806,0.72269,-0.12423,-0.00756,0.00511,0.04041,-0.20124,-0.03045,-0.02654,0.81519,0
1.8025,-0.44988,-0.02772,0.02496,0.01038,-0.06470,0.03190,0.72269,-0.12437,-0.00757,0.00255,0.04172,-0.19484,-0.02405,-0.02693,0.81521,0
1.8045,-0.44988,-0.02772,0.02442,0.01061,-0.07181,0.02572,0.72269,-0.12451,-0.00758,-0.00028,0.04279,-0.18844,-0.01765,-0.02734,0.81515,0
1.8065,-0.44988,-0.02772,0.02381,0.01079,-0.07889,0.01953,0.72269,-0.12465,-0.00759,-0.00338,0.04363,-0.18204,-0.01125,-0.02777,0.81516,0
1.8085,-0.44988,-0.02772,0.02315,0.01092,-0.08593,0.01333,0.72269,-0.12479,-0.00760,-0.00674,0.04424,-0.17564,-0.00485,-0.02816,0.81511,0
1.8105,-0.44988,-0.02772,0.02244,0.01101,-0.09292,0.00712,0.72269,-0.12493,-0.00761,-0.01038,0.04461,-0.16924,0.00155,-0.02855,0.81512,0
1.8125,-0.44988,-0.02772,0.02167,0.01104,-0.09986,0.00091,0.72269,-0.12506,-0.00761,-0.01427,0.04475,-0.16284,0.00795,-0.02889,0.81508,0
1.8145,-0.44988,-0.02772,0.02084,0.01102,-0.10675,-0.00530,0.72269,-0.12520,-0.00762,-0.01843,0.04465,-0.15644,0.01435,-0.02930,0.81501,0
1.8165,-0.44988,-0.02772,0.01996,0.01095,-0.11357,-0.01150,0.72269,-0.12534,-0.00763,-0.02285,0.04432,-0.15004,0.02075,-0.02966,0.81503,0
1.8185,-0.44988,-0.02772,0.01902,0.01084,-0.12034,-0.01770,0.72269,-0.12548,-0.00764,-0.02752,0.04375,-0.14415,0.02715,-0.03004,0.81498,0
1.8205,-0.44988,-0.02772,0.01804,0.01067,-0.12660,-0.02389,0.72269,-0.12562,-0.00765,-0.03245,0.04295,-0.13878,0.03355,-0.03037,0.81500,0
1.8225,-0.44988,-0.02772,0.01700,0.01045,-0.13236,-0.03007,0.72269,-0.12576,-0.00766,-0.03760,0.04191,-0.13391,0.03944,-0.03076,0.81499,0
1.8246,-0.44247,-0.02652,0.01211,0.00924,-0.13963,-0.03252,0.72447,-0.12589,-0.00766,-0.05355,0.03735,-0.12956,0.04481,-0.03149,0.81495,0
1.8267,-0.44247,-0.02652,0.01098,0.00896,-0.14411,-0.03772,0.72447,-0.12604,-0.00767,-0.05919,0.03601,-0.12572,0.04968,-0.03149,0.81495,0
1.8287,-0.44247,-0.02652,0.00981,0.00864,-0.14807,-0.04246,0.72447,-0.12618,-0.00768,-0.06496,0.03447,-0.12239,0.05403,-0.03187,0.81496,0
1.8307,-0.44247,-0.02652,0.00861,0.00828,-0.15152,-0.04674,0.72447,-0.12632,-0.00769,-0.07088,0.03277,-0.11958,0.05787,-0.03228,0.81496,0
1.8327,-0.44247,-0.02652,0.00738,0.00789,-0.15444,-0.05056,0.72447,-0.12646,-0.00770,-0.07692,0.03092,-0.11727,0.06120,-0.03261,0.81495,0
1.8347,-0.44247,-0.02652,0.00614,0.00747,-0.15685,-0.05392,0.72447,-0.12659,-0.00771,-0.08306,0.02892,-0.11548,0.06401,-0.03306,0.81496,0
1.8367,-0.44247,-0.02652,0.00488,0.00703,-0.15873,-0.05680,0.72447,-0.12673,-0.00772,-0.08928,0.02682,-0.11420,0.06632,-0.03342,0.81492,0
1.8387,-0.44247,-0.02652,0.00360,0.00657,-0.16010,-0.05922,0.72447,-0.12687,-0.00772,-0.09557,0.02461,-0.11343,0.06811,-0.03373,0.81496,0
1.8407,-0.44247,-0.02652,0.00232,0.00608,-0.16093,-0.06117,0.72447,-0.12701,-0.00773,-0.10189,0.02231,-0.11318,0.06939,-0.03418,0.81494,0
1.8427,-0.44247,-0.02652,0.00103,0.00559,-0.16125,-0.06265,0.72447,-0.12715,-0.00774,-0.10824,0.01996,-0.11343,0.07016,-0.03457,0.81493,0
1.8447,-0.44247,-0.02652,-0.00026,0.00508,-0.16104,-0.06366,0.72447,-0.12728,-0.00775,-0.11459,0.01755,-0.11420,0.07041,-0.03490,0.81495,0
1.8467,-0.44247,-0.02652,-0.00155,0.00457,-0.16030,-0.06420,0.72447,-0.12742,-0.00776,-0.12092,0.01512,-0.11548,0.07016,-0.03529,0.81497,0
1.8487,-0.44247,-0.02652,-0.00282,0.00406,-0.15905,-0.06426,0.72447,-0.12756,-0.00777,-0.12721,0.01267,-0.11727,0.06939,-0.03563,0.81500,0
1.8507,-0.44247,-0.02652,-0.00409,0.00355,-0.15727,-0.06385,0.72447,-0.12770,-0.00777,-0.13345,0.01024,-0.11958,0.06811,-0.03602,0.81502,0
1.8527,-0.44247,-0.02652,-0.00534,0.00304,-0.15496,-0.06297,0.72447,-0.12784,-0.00778,-0.13961,0.00782,-0.12239,0.06632,-0.03636,0.81503,0
1.8547,-0.44247,-0.02652,-0.00657,0.00254,-0.15214,-0.06162,0.72447,-0.12797,-0.00779,-0.14567,0.00545,-0.12572,0.06401,-0.03675,0.81508,0
1.8567,-0.44247,-0.02652,-0.00777,0.00205,-0.14880,-0.05980,0.72447,-0.12812,-0.00780,-0.15163,0.00314,-0.12956,0.06120,-0.03712,0.81505,0
1.8587,-0.44247,-0.02652,-0.00895,0.00159,-0.14494,-0.05751,0.72447,-0.12825,-0.00781,-0.15744,0.00090,-0.13391,0.05787,-0.03744,0.81511,0
1.8607,-0.44247,-0.02652,-0.01009,0.00114,-0.14057,-0.05475,0.72447,-0.12839,-0.00782,-0.16309,-0.00123,-0.13878,0.05403,-0.03786,0.81513,0
1.8628,-0.44247,-0.02652,-0.01119,0.00071,-0.13568,-0.05152,0.72447,-0.12853,-0.00783,-0.16858,-0.00326,-0.14415,0.04968,-0.03815,0.81517,0
1.8648,-0.44247,-0.02652,-0.01226,0.00031,-0.13029,-0.04783,0.72447,-0.12867,-0.00783,-0.17386,-0.00515,-0.15004,0.04481,-0.03849,0.81522,0
1.8668,-0.44247,-0.02652,-0.01328,-0.00005,-0.12438,-0.04368,0.72447,-0.12881,-0.00784,-0.17894,-0.00690,-0.15644,0.03944,-0.03878,0.81522,0
1.8688,-0.44247,-0.02652,-0.01424,-0.00038,-0.11798,-0.03906,0.72447,-0.12895,-0.00785,-0.18378,-0.00848,-0.16284,0.03355,-0.03912,0.81530,0
1.8708,-0.44247,-0.02652,-0.01516,-0.00068,-0.11151,-0.03399,0.72447,-0.12909,-0.00786,-0.18838,-0.00988,-0.16924,0.02715,-0.03947,0.81536,0
1.8728,-0.44247,-0.02652,-0.01603,-0.00093,-0.10498,-0.02847,0.72447,-0.12922,-0.00787,-0.19273,-0.01108,-0.17564,0.02075,-0.03982,0.81537,0
1.8748,-0.44247,-0.02652,-0.01684,-0.00113,-0.09840,-0.02292,0.72447,-0.12936,-0.00788,-0.19684,-0.01206,-0.18204,0.01435,-0.04020,0.81540,0
1.8768,-0.44247,-0.02652,-0.01760,-0.00129,-0.09176,-0.01737,0.72447,-0.12950,-0.00788,-0.20069,-0.01284,-0.18844,0.00795,-0.04052,0.81543,0
1.8788,-0.44247,-0.02652,-0.01831,-0.00141,-0.08508,-0.01181,0.72447,-0.12964,-0.00789,-0.20430,-0.01341,-0.19484,0.00155,-0.04082,0.81553,0
1.8809,-0.44247,-0.02652,-0.01896,-0.00148,-0.07835,-0.00624,0.72447,-0.12979,-0.00790,-0.20767,-0.01377,-0.20124,-0.00485,-0.04116,0.81561,0
1.8829,-0.44247,-0.02652,-0.01956,-0.00151,-0.07158,-0.00067,0.72447,-0.12992,-0.00791,-0.21076,-0.01391,-0.20764,-0.01125,-0.04151,0.81562,0
1.8849,-0.44247,-0.02652,-0.02011,-0.00149,-0.06477,0.00490,0.72447,-0.13006,-0.00792,-0.21360,-0.01385,-0.21404,-0.01765,-0.04189,0.81566,0
1.8869,-0.44247,-0.02652,-0.02060,-0.00143,-0.05793,0.01047,0.72447,-0.13020,-0.00793,-0.21618,-0.01357,-0.22044,-0.02354,-0.04225,0.81571,0
1.8890,-0.43634,-0.02620,0.00252,-0.00292,-0.04178,0.01015,0.72588,-0.13034,-0.00794,-0.10100,-0.02033,-0.22684,-0.02891,-0.04260,0.81577,0
1.8910,-0.43634,-0.02620,0.00221,-0.00282,-0.03647,0.01493,0.72588,-0.13048,-0.00794,-0.10274,-0.01987,-0.23322,-0.03378,-0.04303,0.81580,0
1.8930,-0.43634,-0.02620,0.00194,-0.00269,-0.03115,0.01927,0.72588,-0.13061,-0.00795,-0.10428,-0.01924,-0.23908,-0.03813,-0.04343,0.81585,0
1.8950,-0.43634,-0.02620,0.00171,-0.00252,-0.02626,0.02316,0.72588,-0.13075,-0.00796,-0.10563,-0.01845,-0.24443,-0.04197,-0.04376,0.81589,0
1.8970,-0.43634,-0.02620,0.00152,-0.00232,-0.02179,0.02661,0.72588,-0.13089,-0.00797,-0.10680,-0.01753,-0.24927,-0.04530,-0.04412,0.81588,0
1.8990,-0.43634,-0.02620,0.00136,-0.00209,-0.01775,0.02960,0.72588,-0.13103,-0.00798,-0.10781,-0.01648,-0.25360,-0.04811,-0.04450,0.81589,0
1.9010,-0.43634,-0.02620,0.00123,-0.00185,-0.01414,0.03213,0.72588,-0.13117,-0.00799,-0.10868,-0.01533,-0.25741,-0.05042,-0.04490,0.81590,0
1.9030,-0.43634,-0.02620,0.00113,-0.00158,-0.01096,0.03421,0.72588,-0.13130,-0.00799,-0.10941,-0.01409,-0.26072,-0.05221,-0.04529,0.81589,0
1.9050,-0.43634,-0.02620,0.00105,-0.00130,-0.00821,0.03584,0.72588,-0.13144,-0.00800,-0.11004,-0.01278,-0.26351,-0.05349,-0.04560,0.81594,0
1.9070,-0.43634,-0.02620,0.00100,-0.00101,-0.00589,0.03700,0.72588,-0.13158,-0.00801,-0.11057,-0.01142,-0.26579,-0.05426,-0.04593,0.81599,0
1.9090,-0.43634,-0.02620,0.00096,-0.00071,-0.00400,0.03771,0.72588,-0.13172,-0.00802,-0.11102,-0.01002,-0.26755,-0.05451,-0.04632,0.81600,0
1.9110,-0.43634,-0.02620,0.00093,-0.00041,-0.00256,0.03797,0.72588,-0.13186,-0.00803,-0.11141,-0.00861,-0.26881,-0.05426,-0.04665,0.81609,0
1.9130,-0.43634,-0.02620,0.00092,-0.00010,-0.00155,0.03776,0.72588,-0.13200,-0.00804,-0.11175,-0.00719,-0.26955,-0.05349,-0.04706,0.81607,0
1.9150,-0.43634,-0.02620,0.00091,0.00020,-0.00097,0.03710,0.72588,-0.13214,-0.00804,-0.11206,-0.00579,-0.26978,-0.05221,-0.04741,0.81612,0
1.9170,-0.43634,-0.02620,0.00090,0.00049,-0.00083,0.03598,0.72588,-0.13227,-0.00805,-0.11237,-0.00443,-0.26950,-0.05042,-0.04777,0.81612,0
1.9190,-0.43634,-0.02620,0.00089,0.00077,-0.00113,0.03440,0.72588,-0.13241,-0.00806,-0.11267,-0.00311,-0.26871,-0.04811,-0.04812,0.81612,0
1.9210,-0.43634,-0.02620,0.00088,0.00104,-0.00187,0.03237,0.72588,-0.13255,-0.00807,-0.11299,-0.00186,-0.26740,-0.04530,-0.04852,0.81611,0
1.9230,-0.43634,-0.02620,0.00086,0.00129,-0.00305,0.02988,0.72588,-0.13269,-0.00808,-0.11335,-0.00070,-0.26559,-0.04197,-0.04890,0.81611,0
1.9251,-0.43634,-0.02620,0.00083,0.00151,-0.00465,0.02694,0.72588,-0.13283,-0.00809,-0.11376,0.00035,-0.26326,-0.03813,-0.04926,0.81618,0
1.9271,-0.43634,-0.02620,0.00078,0.00171,-0.00670,0.02354,0.72588,-0.13297,-0.00810,-0.11424,0.00129,-0.26042,-0.03378,-0.04966,0.81614,0
1.9291,-0.43634,-0.02620,0.00072,0.00189,-0.00918,0.01970,0.72588,-0.13311,-0.00810,-0.11481,0.00209,-0.25706,-0.02891,-0.05010,0.81611,0
1.9311,-0.43634,-0.02620,0.00063,0.00203,-0.01209,0.01541,0.72588,-0.13324,-0.00811,-0.11548,0.00274,-0.25320,-0.02354,-0.05048,0.81613,0
1.9331,-0.43634,-0.02620,0.00052,0.00213,-0.01543,0.01067,0.72588,-0.13338,-0.00812,-0.11627,0.00322,-0.24965,-0.01765,-0.05090,0.81612,0
1.9351,-0.43634,-0.02620,0.00039,0.00220,-0.01849,0.00550,0.72588,-0.13352,-0.00813,-0.11717,0.00351,-0.24660,-0.01125,-0.05133,0.81614,0
1.9371,-0.43634,-0.02620,0.00023,0.00222,-0.02111,-0.00012,0.72588,-0.13366,-0.00814,-0.11819,0.00359,-0.24408,-0.00485,-0.05170,0.81614,0
1.9391,-0.43634,-0.02620,0.00005,0.00219,-0.02328,-0.00574,0.72588,-0.13380,-0.00815,-0.11930,0.00347,-0.24206,0.00104,-0.05217,0.81612,0
1.9411,-0.43634,-0.02620,-0.00014,0.00213,-0.02500,-0.01092,0.72588,-0.13393,-0.00815,-0.12048,0.00314,-0.24055,0.00641,-0.05255,0.81611,0
1.9431,-0.43634,-0.02620,-0.00035,0.00202,-0.02627,-0.01565,0.72588,-0.13407,-0.00816,-0.12171,0.00262,-0.23956,0.01128,-0.05303,0.81607,0
1.9451,-0.43634,-0.02620,-0.00056,0.00188,-0.02708,-0.01994,0.72588,-0.13421,-0.00817,-0.12299,0.00193,-0.23908,0.01563,-0.05344,0.81607,0
1.9471,-0.43634,-0.02620,-0.00078,0.00170,-0.02745,-0.02378,0.72588,-0.13435,-0.00818,-0.12429,0.00108,-0.23911,0.01947,-0.05382,0.81607,0
1.9491,-0.43634,-0.02620,-0.00100,0.00150,-0.02736,-0.02716,0.72588,-0.13449,-0.00819,-0.12560,0.00010,-0.23965,0.02280,-0.05419,0.81610,0
1.9511,-0.43634,-0.02620,-0.00121,0.00127,-0.02682,-0.03010,0.72588,-0.13462,-0.00820,-0.12689,-0.00099,-0.24070,0.02561,-0.05466,0.81606,0
1.9531,-0.43634,-0.02620,-0.00142,0.00102,-0.02583,-0.03258,0.72606,-0.13477,-0.00820,-0.12817,-0.00220,-0.24227,0.02792,-0.05506,0.81606,0
1.9551,-0.42721,-0.02492,0.01845,0.00407,-0.01362,-0.03155,0.72606,-0.13491,-0.00821,-0.02537,0.01350,-0.24332,0.02971,-0.05592,0.81611,0
1.9573,-0.42721,-0.02492,0.01834,0.00381,-0.01395,-0.03335,0.72606,-0.13506,-0.00822,-0.02618,0.01226,-0.24387,0.03099,-0.05592,0.81611,0
1.9593,-0.42721,-0.02492,0.01822,0.00354,-0.01471,-0.03468,0.72606,-0.13519,-0.00823,-0.02699,0.01095,-0.24390,0.03176,-0.05634,0.81614,0
1.9613,-0.42721,-0.02492,0.01810,0.00326,-0.01590,-0.03557,0.72606,-0.13533,-0.00824,-0.02784,0.00961,-0.24342,0.03201,-0.05674,0.81611,0
1.9633,-0.42721,-0.02492,0.01797,0.00298,-0.01752,-0.03599,0.72606,-0.13547,-0.00825,-0.02875,0.00824,-0.24242,0.03176,-0.05716,0.81618,0
1.9653,-0.42721,-0.02492,0.01782,0.00269,-0.01957,-0.03596,0.72606,-0.13561,-0.00826,-0.02972,0.00686,-0.24092,0.03099,-0.05760,0.81618,0
1.9674,-0.42721,-0.02492,0.01765,0.00240,-0.02204,-0.03547,0.72606,-0.13575,-0.00826,-0.03078,0.00549,-0.23890,0.02971,-0.05801,0.81620,0
1.9694,-0.42721,-0.02492,0.01746,0.00212,-0.02494,-0.03452,0.72606,-0.13589,-0.00827,-0.03194,0.00415,-0.23637,0.02792,-0.05849,0.81623,0
1.9714,-0.42721,-0.02492,0.01725,0.00185,-0.02826,-0.03312,0.72606,-0.13603,-0.00828,-0.03322,0.00286,-0.23333,0.02561,-0.05890,0.81625,0
1.9734,-0.42721,-0.02492,0.01701,0.00159,-0.03201,-0.03126,0.72606,-0.13617,-0.00829,-0.03464,0.00162,-0.22977,0.02280,-0.05931,0.81627,0
1.9754,-0.42721,-0.02492,0.01674,0.00135,-0.03618,-0.02895,0.72606,-0.13630,-0.00830,-0.03620,0.00047,-0.22571,0.01947,-0.06023,0.81632,0
1.9774,-0.42721,-0.02492,0.01643,0.00113,-0.04076,-0.02619,0.72606,-0.13644,-0.00831,-0.03793,-0.00059,-0.22113,0.01563,-0.06023,0.81632,0
1.9794,-0.42721,-0.02492,0.01608,0.00094,-0.04576,-0.02297,0.72606,-0.13658,-0.00832,-0.03984,-0.00154,-0.21604,0.01128,-0.06068,0.81640,0
1.9814,-0.42721,-0.02492,0.01569,0.00077,-0.05117,-0.01931,0.72606,-0.13672,-0.00832,-0.04195,-0.00235,-0.21044,0.00641,-0.06117,0.81642,0
1.9834,-0.42721,-0.02492,0.01526,0.00063,-0.05699,-0.01519,0.72606,-0.13686,-0.00833,-0.04426,-0.00302,-0.20433,0.00104,-0.06163,0.81646,0
1.9854,-0.42721,-0.02492,0.01478,0.00053,-0.06322,-0.01064,0.72606,-0.13699,-0.00834,-0.04681,-0.00353,-0.19793,-0.00485,-0.06206,0.81653,0
1.9874,-0.42721,-0.02492,0.01425,0.00046,-0.06965,-0.00564,0.72606,-0.13713,-0.00835,-0.04960,-0.00385,-0.19153,-0.01125,-0.06252,0.81652,0
1.9894,-0.42721,-0.02492,0.01367,0.00044,-0.07605,-0.00020,0.72606,-0.13727,-0.00836,-0.05263,-0.00398,-0.18564,-0.01714,-0.06289,0.81655,0
1.9914,-0.42721,-0.02492,0.01303,0.00046,-0.08197,0.00481,0.72606,-0.13741,-0.00837,-0.05589,-0.00391,-0.18026,-0.02251,-0.06332,0.81665,0
1.9934,-0.42721,-0.02492,0.01236,0.00051,-0.08741,0.00937,0.72606,-0.13755,-0.00837,-0.05937,-0.00366,-0.17540,-0.02738,-0.06371,0.81667,0
1.9954,-0.42721,-0.02492,0.01164,0.00060,-0.09236,0.01349,0.72606,-0.13768,-0.00838,-0.06304,-0.00324,-0.17105,-0.03173,-0.06412,0.81674,0
1.9974,-0.42721,-0.02492,0.01088,0.00073,-0.09683,0.01716,0.72606,-0.13782,-0.00839,-0.06690,-0.00268,-0.16721,-0.03557,-0.06455,0.81675,0
1.9994,-0.42721,-0.02492,0.01009,0.00088,-0.10080,0.02039,0.72606,-0.13796,-0.00840,-0.07091,-0.00199,-0.16388,-0.03890,-0.06496,0.81676,0
2.0014,-0.42721,-0.02492,0.00927,0.00105,-0.10429,0.02317,0.72606,-0.13810,-0.00841,-0.07507,-0.00118,-0.16106,-0.04171,-0.06537,0.81673,0
2.0034,-0.42721,-0.02492,0.00842,0.00125,-0.10727,0.02549,0.72606,-0.13824,-0.00842,-0.07934,-0.00028,-0.15876,-0.04402,-0.06577,0.81674,0
2.0054,-0.42721,-0.02492,0.00756,0.00146,-0.10977,0.02737,0.72606,-0.13838,-0.00842,-0.08373,0.00071,-0.15697,-0.04581,-0.06620,0.81676,0
2.0074,-0.42721,-0.02492,0.00667,0.00168,-0.11177,0.02879,0.72606,-0.13851,-0.00843,-0.08819,0.00175,-0.15569,-0.04709,-0.06657,0.81676,0
2.0094,-0.42721,-0.02492,0.00577,0.00192,-0.11327,0.02976,0.72606,-0.13865,-0.00844,-0.09273,0.00284,-0.15492,-0.04786,-0.06702,0.81683,0
2.0114,-0.42721,-0.02492,0.00486,0.00216,-0.11427,0.03028,0.72606,-0.13879,-0.00845,-0.09731,0.00396,-0.15466,-0.04811,-0.06745,0.81683,0
2.0135,-0.42721,-0.02492,0.00394,0.00240,-0.11477,0.03034,0.72606,-0.13893,-0.00846,-0.10192,0.00509,-0.15492,-0.04786,-0.06788,0.81689,0
2.0155,-0.42721,-0.02492,0.00303,0.00264,-0.11477,0.02995,0.72606,-0.13907,-0.00847,-0.10654,0.00621,-0.15569,-0.04709,-0.06833,0.81688,0
2.0175,-0.42721,-0.02492,0.00211,0.00288,-0.11427,0.02911,0.72606,-0.13920,-0.00847,-0.11115,0.00731,-0.15697,-0.04581,-0.06870,0.81689,0
2.0195,-0.42721,-0.02492,0.00120,0.00310,-0.11328,0.02781,0.72606,-0.13934,-0.00848,-0.11573,0.00837,-0.15876,-0.04402,-0.06920,0.81688,0
2.0215,-0.41812,-0.02357,0.00337,0.00446,-0.11557,0.03187,0.72638,-0.13948,-0.00849,-0.09663,0.01613,-0.16106,-0.04171,-0.07002,0.81686,0
2.0235,-0.41812,-0.02357,0.00246,0.00471,-0.11378,0.02959,0.72638,-0.13962,-0.00850,-0.10124,0.01727,-0.16388,-0.03890,-0.07002,0.81686,0
2.0255,-0.41812,-0.02357,0.00156,0.00493,-0.11150,0.02686,0.72638,-0.13976,-0.00851,-0.10579,0.01832,-0.16721,-0.03557,-0.07047,0.81684,0
2.0275,-0.41812,-0.02357,0.00068,0.00514,-0.10872,0.02368,0.72638,-0.13990,-0.00852,-0.11023,0.01926,-0.17105,-0.03173,-0.07090,0.81682,0
2.0295,-0.41812,-0.02357,-0.00018,0.00531,-0.10544,0.02004,0.72638,-0.14003,-0.00853,-0.11456,0.02007,-0.17540,-0.02738,-0.07130,0.81685,0
2.0315,-0.41812,-0.02357,-0.00101,0.00545,-0.10167,0.01596,0.72638,-0.14017,-0.00853,-0.11876,0.02074,-0.18026,-0.02251,-0.07167,0.81684,0
2.0335,-0.41812,-0.02357,-0.00181,0.00556,-0.09741,0.01143,0.72638,-0.14031,-0.00854,-0.12280,0.02124,-0.18564,-0.01714,-0.07213,0.81681,0
2.0355,-0.41812,-0.02357,-0.00257,0.00564,-0.09266,0.00646,0.72638,-0.14045,-0.00855,-0.12668,0.02156,-0.19153,-0.01125,-0.07253,0.81680,0
2.0375,-0.41812,-0.02357,-0.00329,0.00567,-0.08742,0.00105,0.72638,-0.14059,-0.00856,-0.13037,0.02168,-0.19793,-0.00485,-0.07295,0.81680,0
2.0395,-0.41812,-0.02357,-0.00396,0.00565,-0.08170,-0.00480,0.72638,-0.14072,-0.00857,-0.13384,0.02159,-0.20433,0.00155,-0.07335,0.81672,0
2.0415,-0.41812,-0.02357,-0.00459,0.00559,-0.07593,-0.01065,0.72638,-0.14086,-0.00858,-0.13711,0.02128,-0.21073,0.00795,-0.07374,0.81671,0
2.0435,-0.41812,-0.02357,-0.00518,0.00548,-0.07012,-0.01649,0.72638,-0.14100,-0.00858,-0.14015,0.02075,-0.21713,0.01384,-0.07412,0.81669,0
2.0455,-0.41812,-0.02357,-0.00572,0.00533,-0.06428,-0.02188,0.72638,-0.14114,-0.00859,-0.14298,0.02001,-0.22353,0.01921,-0.07451,0.81666,0
2.0475,-0.41812,-0.02357,-0.00621,0.00513,-0.05840,-0.02683,0.72638,-0.14128,-0.00860,-0.14558,0.01907,-0.22993,0.02408,-0.07490,0.81662,0
2.0495,-0.41812,-0.02357,-0.00665,0.00490,-0.05250,-0.03132,0.72638,-0.14142,-0.00861,-0.14796,0.01796,-0.23633,0.02843,-0.07530,0.81661,0
2.0515,-0.41812,-0.02357,-0.00705,0.00463,-0.04656,-0.03535,0.72638,-0.14155,-0.00862,-0.15011,0.01668,-0.24273,0.03227,-0.07574,0.81660,0
2.0535,-0.41812,-0.02357,-0.00739,0.00434,-0.04060,-0.03893,0.72638,-0.14169,-0.00863,-0.15205,0.01526,-0.24913,0.03560,-0.07617,0.81662,0
2.0555,-0.41812,-0.02357,-0.00770,0.00401,-0.03462,-0.04205,0.72638,-0.14183,-0.00863,-0.15375,0.01371,-0.25553,0.03841,-0.07660,0.81664,0
2.0575,-0.41812,-0.02357,-0.00795,0.00366,-0.02862,-0.04471,0.72638,-0.14197,-0.00864,-0.15523,0.01205,-0.26193,0.04072,-0.07709,0.81663,0
2.0595,-0.41812,-0.02357,-0.00815,0.00330,-0.02261,-0.04691,0.72638,-0.14211,-0.00865,-0.15649,0.01030,-0.26833,0.04251,-0.07750,0.81666,0
2.0615,-0.41812,-0.02357,-0.00831,0.00292,-0.01659,-0.04865,0.72638,-0.14224,-0.00866,-0.15751,0.00847,-0.27473,0.04379,-0.07792,0.81661,0
2.0635,-0.41812,-0.02357,-0.00842,0.00252,-0.01055,-0.04992,0.72638,-0.14238,-0.00867,-0.15831,0.00659,-0.28113,0.04456,-0.07837,0.81664,0
2.0655,-0.41812,-0.02357,-0.00848,0.00212,-0.00452,-0.05072,0.72638,-0.14252,-0.00868,-0.15888,0.00467,-0.28753,0.04481,-0.07882,0.81664,0
2.0675,-0.41812,-0.02357,-0.00849,0.00171,0.00152,-0.05107,0.72638,-0.14266,-0.00869,-0.15922,0.00273,-0.29393,0.04456,-0.07923,0.81660,0
2.0695,-0.41812,-0.02357,-0.00845,0.00130,0.00756,-0.05094,0.72638,-0.14280,-0.00869,-0.15933,0.00078,-0.30000,0.04379,-0.07965,0.81659,0
2.0715,-0.41812,-0.02357,-0.00837,0.00090,0.01332,-0.05036,0.72638,-0.14293,-0.00870,-0.15923,-0.00115,-0.30000,0.04251,-0.08012,0.81660,0
2.0735,-0.41812,-0.02357,-0.00826,0.00050,0.01387,-0.04930,0.72638,-0.14307,-0.00871,-0.15900,-0.00305,-0.30000,0.04072,-0.08055,0.81658,0
2.0755,-0.41812,-0.02357,-0.00815,0.00011,0.01442,-0.04779,0.72638,-0.14321,-0.00872,-0.15875,-0.00491,-0.30000,0.03841,-0.08095,0.81661,0
2.0775,-0.41812,-0.02357,-0.00803,-0.00026,0.01496,-0.04581,0.72638,-0.14335,-0.00873,-0.15848,-0.00669,-0.30000,0.03560,-0.08139,0.81660,0
2.0795,-0.41812,-0.02357,-0.00791,-0.00062,0.01550,-0.04337,0.72638,-0.14349,-0.00874,-0.15819,-0.00840,-0.30000,0.03227,-0.08179,0.81665,0
2.0815,-0.41812,-0.02357,-0.00778,-0.00095,0.01602,-0.04046,0.72638,-0.14363,-0.00874,-0.15788,-0.01000,-0.30000,0.02843,-0.08223,0.81665,0
2.0835,-0.41812,-0.02357,-0.00765,-0.00127,0.01654,-0.03710,0.72638,-0.14376,-0.00875,-0.15756,-0.01148,-0.30000,0.02408,-0.08265,0.81667,0
2.0855,-0.41812,-0.02357,-0.00752,-0.00155,0.01705,-0.03329,0.72638,-0.14390,-0.00876,-0.15721,-0.01283,-0.30000,0.01921,-0.08346,0.81673,0
2.0875,-0.41812,-0.02357,-0.00738,-0.00180,0.01754,-0.02901,0.72638,-0.14404,-0.00877,-0.15684,-0.01403,-0.30000,0.01384,-0.08346,0.81673,0
2.0896,-0.40896,-0.02252,0.01714,-0.00652,0.03801,-0.03505,0.72560,-0.14418,-0.00878,-0.03205,-0.03532,-0.29949,0.00795,-0.08432,0.81670,0
2.0916,-0.40896,-0.02252,0.01744,-0.00678,0.03641,-0.02957,0.72560,-0.14432,-0.00879,-0.03093,-0.03656,-0.29846,0.00155,-0.08432,0.81670,0
2.0936,-0.40896,-0.02252,0.01772,-0.00699,0.03435,-0.02363,0.72560,-0.14446,-0.00879,-0.02989,-0.03758,-0.29693,-0.00485,-0.08517,0.81680,0
2.0956,-0.40896,-0.02252,0.01798,-0.00715,0.03183,-0.01768,0.72560,-0.14459,-0.00880,-0.02893,-0.03838,-0.29488,-0.01125,-0.08563,0.81682,0
2.0976,-0.40896,-0.02252,0.01823,-0.00727,0.02887,-0.01173,0.72560,-0.14473,-0.00881,-0.02807,-0.03896,-0.29232,-0.01765,-0.08563,0.81682,0
2.0996,-0.40896,-0.02252,0.01844,-0.00734,0.02544,-0.00577,0.72560,-0.14487,-0.00882,-0.02733,-0.03930,-0.28925,-0.02405,-0.08607,0.81684,0
2.1016,-0.40896,-0.02252,0.01863,-0.00736,0.02157,0.00020,0.72560,-0.14501,-0.00883,-0.02673,-0.03943,-0.28566,-0.03045,-0.08653,0.81687,0
2.1036,-0.40896,-0.02252,0.01879,-0.00734,0.01725,0.00616,0.72560,-0.14515,-0.00884,-0.02629,-0.03933,-0.28157,-0.03685,-0.08698,0.81684,0
2.1056,-0.40896,-0.02252,0.01891,-0.00727,0.01249,0.01212,0.72560,-0.14528,-0.00885,-0.02601,-0.03900,-0.27696,-0.04325,-0.08748,0.81686,0
2.1076,-0.40896,-0.02252,0.01899,-0.00715,0.00727,0.01807,0.72560,-0.14542,-0.00885,-0.02593,-0.03844,-0.27184,-0.04914,-0.08790,0.81687,0
2.1096,-0.40896,-0.02252,0.01902,-0.00698,0.00162,0.02358,0.72560,-0.14556,-0.00886,-0.02605,-0.03767,-0.26621,-0.05451,-0.08889,0.81691,0
2.1116,-0.40896,-0.02252,0.01901,-0.00677,-0.00447,0.02863,0.72560,-0.14570,-0.00887,-0.02640,-0.03670,-0.26006,-0.05938,-0.08889,0.81691,0
2.1136,-0.40896,-0.02252,0.01895,-0.00652,-0.01099,0.03323,0.72560,-0.14584,-0.00888,-0.02698,-0.03555,-0.25366,-0.06373,-0.08983,0.81686,0
2.1156,-0.40896,-0.02252,0.01883,-0.00624,-0.01773,0.03737,0.72560,-0.14597,-0.00889,-0.02782,-0.03424,-0.24726,-0.06757,-0.08983,0.81686,0
2.1176,-0.40896,-0.02252,0.01866,-0.00593,-0.02445,0.04106,0.72560,-0.14611,-0.00890,-0.02891,-0.03277,-0.24086,-0.07090,-0.09069,0.81689,0
2.1196,-0.40896,-0.02252,0.01844,-0.00558,-0.03116,0.04429,0.72560,-0.14625,-0.00890,-0.03025,-0.03117,-0.23446,-0.07371,-0.09069,0.81689,0
2.1216,-0.40896,-0.02252,0.01817,-0.00522,-0.03786,0.04705,0.72560,-0.14639,-0.00891,-0.03185,-0.02946,-0.22806,-0.07602,-0.09117,0.81692,0
2.1236,-0.40896,-0.02252,0.01784,-0.00483,-0.04453,0.04935,0.72560,-0.14653,-0.00892,-0.03370,-0.02766,-0.22166,-0.07781,-0.09167,0.81688,0
2.1256,-0.40896,-0.02252,0.01745,-0.00443,-0.05118,0.05119,0.72560,-0.14667,-0.00893,-0.03580,-0.02578,-0.21526,-0.07909,-0.09258,0.81687,0
2.1276,-0.40896,-0.02252,0.01702,-0.00402,-0.05780,0.05256,0.72560,-0.14680,-0.00894,-0.03816,-0.02383,-0.20886,-0.07986,-0.09303,0.81689,0
2.1296,-0.40896,-0.02252,0.01653,-0.00359,-0.06439,0.05347,0.72560,-0.14694,-0.00895,-0.04076,-0.02184,-0.20246,-0.08011,-0.09303,0.81689,0
2.1316,-0.40896,-0.02252,0.01599,-0.00316,-0.07094,0.05391,0.72560,-0.14708,-0.00895,-0.04362,-0.01983,-0.19606,-0.07986,-0.09392,0.81681,0
2.1336,-0.40896,-0.02252,0.01539,-0.00273,-0.07746,0.05388,0.72560,-0.14722,-0.00896,-0.04672,-0.01781,-0.19018,-0.07909,-0.09444,0.81679,0
2.1356,-0.40896,-0.02252,0.01475,-0.00230,-0.08349,0.05339,0.72560,-0.14736,-0.00897,-0.05006,-0.01580,-0.18480,-0.07781,-0.09489,0.81681,0
2.1376,-0.40896,-0.02252,0.01406,-0.00188,-0.08905,0.05243,0.72560,-0.14750,-0.00898,-0.05362,-0.01382,-0.17994,-0.07602,-0.09489,0.81681,0
2.1396,-0.40896,-0.02252,0.01333,-0.00147,-0.09411,0.05100,0.72560,-0.14764,-0.00899,-0.05738,-0.01188,-0.17558,-0.07371,-0.09586,0.81670,0
2.1416,-0.40896,-0.02252,0.01256,-0.00107,-0.09869,0.04911,0.72560,-0.14777,-0.00900,-0.06132,-0.01000,-0.17174,-0.07090,-0.09632,0.81669,0
2.1437,-0.40896,-0.02252,0.01175,-0.00068,-0.10278,0.04676,0.72560,-0.14791,-0.00901,-0.06543,-0.00821,-0.16842,-0.06757,-0.09682,0.81664,0
2.1457,-0.40896,-0.02252,0.01091,-0.00032,-0.10637,0.04394,0.72560,-0.14805,-0.00901,-0.06969,-0.00651,-0.16560,-0.06373,-0.09727,0.81664,0
2.1477,-0.40896,-0.02252,0.01005,0.00002,-0.10947,0.04067,0.72560,-0.14819,-0.00902,-0.07407,-0.00493,-0.16330,-0.05938,-0.09775,0.81657,0
2.1497,-0.40896,-0.02252,0.00916,0.00033,-0.11207,0.03693,0.72560,-0.14833,-0.00903,-0.07855,-0.00348,-0.16150,-0.05451,-0.09775,0.81657,0
2.1517,-0.40896,-0.02252,0.00826,0.00061,-0.11418,0.03274,0.72560,-0.14847,-0.00904,-0.08313,-0.00218,-0.16022,-0.04914,-0.09872,0.81648,0
2.1537,-0.40661,-0.02185,0.00373,0.00839,-0.12227,0.04115,0.73137,-0.14861,-0.00905,-0.10249,0.03523,-0.15946,-0.04325,-0.09917,0.81647,0
2.1558,-0.40661,-0.02185,0.00275,0.00869,-0.12313,0.03554,0.73137,-0.14875,-0.00906,-0.10744,0.03666,-0.15920,-0.03685,-0.09972,0.81644,0
2.1578,-0.40661,-0.02185,0.00176,0.00895,-0.12348,0.02948,0.73137,-0.14889,-0.00906,-0.11240,0.03788,-0.15946,-0.03045,-0.10017,0.81637,0
2.1598,-0.40661,-0.02185,0.00077,0.00916,-0.12334,0.02340,0.73137,-0.14903,-0.00907,-0.11737,0.03886,-0.16022,-0.02405,-0.10064,0.81629,0
2.1618,-0.40661,-0.02185,-0.00021,0.00933,-0.12269,0.01731,0.73137,-0.14917,-0.00908,-0.12232,0.03961,-0.16150,-0.01765,-0.10106,0.81626,0
2.1638,-0.40661,-0.02185,-0.00119,0.00944,-0.12153,0.01120,0.73137,-0.14931,-0.00909,-0.12724,0.04013,-0.16330,-0.01125,-0.10155,0.81621,0
2.1658,-0.40661,-0.02185,-0.00215,0.00951,-0.11988,0.00510,0.73137,-0.14944,-0.00910,-0.13210,0.04042,-0.16560,-0.00485,-0.10203,0.81615,0
2.1679,-0.40661,-0.02185,-0.00310,0.00952,-0.11772,-0.00101,0.73137,-0.14958,-0.00911,-0.13689,0.04048,-0.16842,0.00155,-0.10242,0.81610,0
2.1699,-0.40661,-0.02185,-0.00403,0.00949,-0.11506,-0.00712,0.73137,-0.14972,-0.00912,-0.14160,0.04031,-0.17174,0.00795,-0.10290,0.81602,0
2.1719,-0.40661,-0.02185,-0.00494,0.00941,-0.11190,-0.01322,0.73137,-0.14972,-0.00912,-0.14619,0.03990,-0.17558,0.01435,-0.10334,0.81600,0
2.1739,-0.40661,-0.02185,-0.00582,0.00928,-0.10825,-0.01932,0.73137,-0.14972,-0.00912,-0.15065,0.03927,-0.17994,0.02075,-0.10374,0.81595,0
2.1759,-0.40661,-0.02185,-0.00667,0.00910,-0.10410,-0.02540,0.73137,-0.14972,-0.00912,-0.15497,0.03841,-0.18480,0.02715,-0.10416,0.81589,0
2.1779,-0.40661,-0.02185,-0.00749,0.00887,-0.09945,-0.03147,0.73137,-0.14972,-0.00912,-0.15912,0.03731,-0.19018,0.03304,-0.10464,0.81580,0
2.1799,-0.40661,-0.02185,-0.00826,0.00860,-0.09432,-0.03709,0.73137,-0.14972,-0.00912,-0.16309,0.03600,-0.19606,0.03841,-0.10508,0.81579,0
2.1819,-0.40661,-0.02185,-0.00899,0.00828,-0.08870,-0.04224,0.73137,-0.14972,-0.00912,-0.16685,0.03448,-0.20246,0.04328,-0.10545,0.81572,0
2.1839,-0.40661,-0.02185,-0.00968,0.00792,-0.08259,-0.04694,0.73137,-0.14972,-0.00912,-0.17039,0.03277,-0.20886,0.04763,-0.10590,0.81575,0
2.1859,-0.40661,-0.02185,-0.01031,0.00753,-0.07644,-0.05117,0.73137,-0.14972,-0.00912,-0.17369,0.03090,-0.21526,0.05147,-0.10634,0.81571,0
2.1879,-0.40661,-0.02185,-0.01090,0.00711,-0.07025,-0.05494,0.73137,-0.14972,-0.00912,-0.17677,0.02888,-0.22166,0.05480,-0.10678,0.81565,0
2.1899,-0.40661,-0.02185,-0.01144,0.00665,-0.06403,-0.05824,0.73137,-0.14972,-0.00912,-0.17961,0.02672,-0.22806,0.05761,-0.10722,0.81562,0
2.1919,-0.40661,-0.02185,-0.01193,0.00618,-0.05777,-0.06107,0.73137,-0.14972,-0.00912,-0.18221,0.02444,-0.23446,0.05992,-0.10765,0.81556,0
2.1939,-0.40661,-0.02185,-0.01236,0.00568,-0.05148,-0.06343,0.73137,-0.14972,-0.00912,-0.18458,0.02207,-0.24086,0.06171,-0.10812,0.81555,0
2.1959,-0.40661,-0.02185,-0.01275,0.00516,-0.04516,-0.06532,0.73137,-0.14972,-0.00912,-0.18670,0.01962,-0.24726,0.06299,-0.10856,0.81553,0
2.1979,-0.40661,-0.02185,-0.01308,0.00464,-0.03882,-0.06674,0.73137,-0.14972,-0.00912,-0.18859,0.01710,-0.25366,0.06376,-0.10893,0.81554,0
2.1999,-0.40661,-0.02185,-0.01337,0.00410,-0.03246,-0.06768,0.73137,-0.14972,-0.00912,-0.19024,0.01454,-0.26006,0.06401,-0.10942,0.81553,0
2.2019,-0.40661,-0.02185,-0.01360,0.00355,-0.02608,-0.06815,0.73137,-0.14972,-0.00912,-0.19165,0.01195,-0.26646,0.06376,-0.10983,0.81548,0
2.2039,-0.40661,-0.02185,-0.01379,0.00301,-0.01969,-0.06814,0.73137,-0.14972,-0.00912,-0.19281,0.00936,-0.27286,0.06299,-0.11028,0.81548,0
2.2059,-0.40661,-0.02185,-0.01392,0.00247,-0.01329,-0.06766,0.73137,-0.14972,-0.00912,-0.19374,0.00677,-0.27926,0.06171,-0.11062,0.81547,0
2.2079,-0.40661,-0.02185,-0.01400,0.00193,-0.00688,-0.06671,0.73137,-0.14972,-0.00912,-0.19442,0.00421,-0.28566,0.05992,-0.11107,0.81546,0
2.2099,-0.40661,-0.02185,-0.01403,0.00140,-0.00047,-0.06528,0.73137,-0.14972,-0.00912,-0.19485,0.00170,-0.29206,0.05761,-0.11148,0.81547,0
2.2119,-0.40661,-0.02185,-0.01401,0.00089,0.00594,-0.06338,0.73137,-0.14972,-0.00912,-0.19505,-0.00075,-0.29846,0.05480,-0.11197,0.81543,0
2.2140,-0.40661,-0.02185,-0.01393,0.00039,0.01235,-0.06101,0.73137,-0.14972,-0.00912,-0.19500,-0.00312,-0.30000,0.05147,-0.11237,0.81547,0
2.2160,-0.40661,-0.02185,-0.01383,-0.00009,0.01459,-0.05817,0.73137,-0.14972,-0.00912,-0.19480,-0.00540,-0.30000,0.04763,-0.11284,0.81546,0
2.2180,-0.40661,-0.02185,-0.01371,-0.00054,0.01551,-0.05486,0.73137,-0.14972,-0.00912,-0.19453,-0.00755,-0.30000,0.04328,-0.11324,0.81543,0
2.2200,-0.40661,-0.02185,-0.01358,-0.00096,0.01643,-0.05108,0.73137,-0.14972,-0.00912,-0.19422,-0.00957,-0.30000,0.03841,-0.11365,0.81548,0
2.2220,-0.40500,-0.02191,0.00947,-0.00972,0.03626,-0.05994,0.72913,-0.14972,-0.00912,-0.08396,-0.05104,-0.29949,0.03304,-0.11410,0.81550,0
2.2240,-0.40500,-0.02191,0.00975,-0.01018,0.03517,-0.05467,0.72913,-0.14972,-0.00912,-0.08291,-0.05323,-0.29846,0.02715,-0.11456,0.81554,0
2.2260,-0.40500,-0.02191,0.01003,-0.01059,0.03363,-0.04893,0.72913,-0.14972,-0.00912,-0.08191,-0.05521,-0.29693,0.02075,-0.11494,0.81558,0
2.2280,-0.40500,-0.02191,0.01029,-0.01096,0.03163,-0.04274,0.72913,-0.14972,-0.00912,-0.08098,-0.05696,-0.29488,0.01435,-0.11536,0.81553,0
2.2300,-0.40500,-0.02191,0.01053,-0.01128,0.02918,-0.03652,0.72913,-0.14972,-0.00912,-0.08013,-0.05848,-0.29232,0.00795,-0.11576,0.81557,0
2.2320,-0.40500,-0.02191,0.01076,-0.01154,0.02627,-0.03028,0.72913,-0.14972,-0.00912,-0.07938,-0.05976,-0.28925,0.00155,-0.11623,0.81560,0
2.2341,-0.40500,-0.02191,0.01095,-0.01176,0.02292,-0.02402,0.72913,-0.14972,-0.00912,-0.07875,-0.06080,-0.28566,-0.00485,-0.11668,0.81559,0
2.2361,-0.40500,-0.02191,0.01112,-0.01193,0.01911,-0.01776,0.72913,-0.14972,-0.00912,-0.07826,-0.06161,-0.28157,-0.01125,-0.11711,0.81566,0
2.2381,-0.40500,-0.02191,0.01126,-0.01204,0.01486,-0.01148,0.72913,-0.14972,-0.00912,-0.07792,-0.06218,-0.27696,-0.01765,-0.11757,0.81564,0
2.2401,-0.40500,-0.02191,0.01136,-0.01211,0.01016,-0.00520,0.72913,-0.14972,-0.00912,-0.07774,-0.06252,-0.27184,-0.02405,-0.11805,0.81567,0
2.2421,-0.40500,-0.02191,0.01142,-0.01213,0.00502,0.00109,0.72913,-0.14972,-0.00912,-0.07776,-0.06261,-0.26621,-0.03045,-0.11850,0.81572,0
2.2441,-0.40500,-0.02191,0.01144,-0.01209,-0.00056,0.00737,0.72913,-0.14972,-0.00912,-0.07797,-0.06247,-0.26006,-0.03685,-0.11898,0.81568,0
2.2461,-0.40500,-0.02191,0.01141,-0.01201,-0.00658,0.01365,0.72913,-0.14972,-0.00912,-0.07841,-0.06209,-0.25366,-0.04325,-0.11947,0.81574,0
2.2481,-0.40500,-0.02191,0.01133,-0.01188,-0.01281,0.01992,0.72913,-0.14972,-0.00912,-0.07908,-0.06148,-0.24726,-0.04965,-0.11993,0.81574,0
2.2501,-0.40500,-0.02191,0.01120,-0.01169,-0.01904,0.02617,0.72913,-0.14972,-0.00912,-0.07998,-0.06062,-0.24086,-0.05605,-0.12045,0.81575,0
2.2521,-0.40500,-0.02191,0.01102,-0.01146,-0.02525,0.03242,0.72913,-0.14972,-0.00912,-0.08112,-0.05953,-0.23446,-0.06245,-0.12089,0.81573,0
2.2541,-0.40500,-0.02191,0.01080,-0.01117,-0.03145,0.03864,0.72913,-0.14972,-0.00912,-0.08249,-0.05821,-0.22858,-0.06834,-0.12135,0.81577,0
2.2561,-0.40500,-0.02191,0.01052,-0.01084,-0.03719,0.04441,0.72913,-0.14972,-0.00912,-0.08409,-0.05665,-0.22320,-0.07371,-0.12185,0.81573,0
2.2581,-0.40500,-0.02191,0.01020,-0.01046,-0.04248,0.04971,0.72913,-0.14972,-0.00912,-0.08589,-0.05489,-0.21834,-0.07858,-0.12231,0.81573,0
2.2601,-0.40500,-0.02191,0.00985,-0.01005,-0.04730,0.05455,0.72913,-0.14972,-0.00912,-0.08789,-0.05294,-0.21398,-0.08293,-0.12278,0.81572,0
2.2621,-0.40500,-0.02191,0.00945,-0.00959,-0.05167,0.05893,0.72913,-0.14972,-0.00912,-0.09006,-0.05081,-0.21014,-0.08677,-0.12326,0.81571,0
2.2641,-0.40500,-0.02191,0.00902,-0.00911,-0.05556,0.06283,0.72913,-0.14972,-0.00912,-0.09239,-0.04853,-0.20682,-0.09010,-0.12374,0.81572,0
2.2661,-0.40500,-0.02191,0.00856,-0.00859,-0.05899,0.06626,0.72913,-0.14972,-0.00912,-0.09485,-0.04610,-0.20400,-0.09291,-0.12423,0.81568,0
2.2681,-0.40500,-0.02191,0.00808,-0.00805,-0.06195,0.06922,0.72913,-0.14972,-0.00912,-0.09744,-0.04356,-0.20170,-0.09522,-0.12463,0.81566,0
2.2701,-0.40500,-0.02191,0.00757,-0.00748,-0.06444,0.07170,0.72913,-0.14972,-0.00912,-0.10013,-0.04091,-0.19990,-0.09701,-0.12518,0.81566,0
2.2721,-0.40500,-0.02191,0.00705,-0.00690,-0.06645,0.07371,0.72913,-0.14972,-0.00912,-0.10290,-0.03818,-0.19862,-0.09829,-0.12559,0.81567,0
2.2741,-0.40500,-0.02191,0.00651,-0.00631,-0.06799,0.07524,0.72913,-0.14972,-0.00912,-0.10575,-0.03538,-0.19786,-0.09906,-0.12610,0.81561,0
2.2761,-0.40500,-0.02191,0.00596,-0.00570,-0.06906,0.07629,0.72913,-0.14972,-0.00912,-0.10864,-0.03254,-0.19760,-0.09931,-0.12652,0.81560,0
2.2782,-0.40500,-0.02191,0.00541,-0.00509,-0.06965,0.07686,0.72913,-0.14972,-0.00912,-0.11156,-0.02966,-0.19786,-0.09906,-0.12702,0.81558,0
2.2802,-0.40500,-0.02191,0.00485,-0.00447,-0.06977,0.07695,0.72913,-0.14972,-0.00912,-0.11450,-0.02677,-0.19862,-0.09829,-0.12747,0.81551,0
2.2822,-0.40500,-0.02191,0.00429,-0.00386,-0.06941,0.07657,0.72913,-0.14972,-0.00912,-0.11743,-0.02388,-0.19990,-0.09701,-0.12796,0.81547,0
2.2842,-0.40500,-0.02191,0.00374,-0.00325,-0.06858,0.07571,0.72913,-0.14972,-0.00912,-0.12034,-0.02102,-0.20170,-0.09522,-0.12844,0.81545,0
2.2862,-0.40500,-0.02191,0.00320,-0.00265,-0.06728,0.07436,0.72913,-0.14972,-0.00912,-0.12321,-0.01820,-0.20400,-0.09291,-0.12888,0.81543,0
2.2882,-0.39990,-0.02167,0.00074,0.01058,-0.07343,0.08712,0.72844,-0.14972,-0.00912,-0.13004,0.04456,-0.20682,-0.09010,-0.12939,0.81539,0
2.2902,-0.39990,-0.02167,0.00016,0.01126,-0.07104,0.08397,0.72844,-0.14972,-0.00912,-0.13307,0.04778,-0.21014,-0.08677,-0.12987,0.81529,0
2.2922,-0.39990,-0.02167,-0.00040,0.01192,-0.06819,0.08034,0.72844,-0.14972,-0.00912,-0.13600,0.05087,-0.21398,-0.08293,-0.13034,0.81528,0
2.2942,-0.39990,-0.02167,-0.00093,0.01255,-0.06485,0.07623,0.72844,-0.14972,-0.00912,-0.13882,0.05381,-0.21834,-0.07858,-0.13081,0.81526,0
2.2962,-0.39990,-0.02167,-0.00143,0.01314,-0.06105,0.07164,0.72844,-0.14972,-0.00912,-0.14150,0.05659,-0.22320,-0.07371,-0.13128,0.81514,0
2.2982,-0.39990,-0.02167,-0.00190,0.01369,-0.05677,0.06657,0.72844,-0.14972,-0.00912,-0.14402,0.05919,-0.22858,-0.06834,-0.13177,0.81510,0
2.3002,-0.39990,-0.02167,-0.00234,0.01420,-0.05203,0.06104,0.72844,-0.14972,-0.00912,-0.14638,0.06158,-0.23446,-0.06245,-0.13224,0.81505,0
2.3022,-0.39990,-0.02167,-0.00273,0.01467,-0.04682,0.05503,0.72844,-0.14972,-0.00912,-0.14855,0.06376,-0.24086,-0.05605,-0.13270,0.81497,0
2.3042,-0.39990,-0.02167,-0.00309,0.01508,-0.04115,0.04856,0.72844,-0.14972,-0.00912,-0.15051,0.06570,-0.24726,-0.04965,-0.13317,0.81492,0
2.3062,-0.39990,-0.02167,-0.00339,0.01544,-0.03546,0.04206,0.72844,-0.14972,-0.00912,-0.15226,0.06740,-0.25366,-0.04325,-0.13365,0.81484,0
2.3082,-0.39990,-0.02167,-0.00365,0.01575,-0.02975,0.03554,0.72844,-0.14972,-0.00912,-0.15379,0.06884,-0.26006,-0.03685,-0.13408,0.81478,0
2.3102,-0.39990,-0.02167,-0.00387,0.01601,-0.02402,0.02900,0.72844,-0.14972,-0.00912,-0.15511,0.07005,-0.26646,-0.03045,-0.13458,0.81470,0
2.3122,-0.39990,-0.02167,-0.00404,0.01622,-0.01828,0.02244,0.72844,-0.14972,-0.00912,-0.15621,0.07100,-0.27286,-0.02405,-0.13506,0.81459,0
2.3142,-0.39990,-0.02167,-0.00416,0.01637,-0.01254,0.01588,0.72844,-0.14972,-0.00912,-0.15709,0.07171,-0.27926,-0.01765,-0.13554,0.81452,0
2.3162,-0.39990,-0.02167,-0.00424,0.01647,-0.00678,0.00930,0.72844,-0.14972,-0.00912,-0.15776,0.07217,-0.28566,-0.01125,-0.13598,0.81446,0
2.3182,-0.39990,-0.02167,-0.00427,0.01652,-0.00103,0.00273,0.72844,-0.14972,-0.00912,-0.15820,0.07238,-0.29206,-0.00485,-0.13647,0.81436,0
2.3202,-0.39990,-0.02167,-0.00425,0.01652,0.00473,-0.00385,0.72844,-0.14972,-0.00912,-0.15843,0.07234,-0.29846,0.00155,-0.13698,0.81425,0
2.3222,-0.39990,-0.02167,-0.00419,0.01646,0.01048,-0.01043,0.72844,-0.14972,-0.00912,-0.15845,0.07205,-0.30000,0.00795,-0.13742,0.81416,0
2.3242,-0.39990,-0.02167,-0.00410,0.01635,0.01207,-0.01700,0.72844,-0.14972,-0.00912,-0.15832,0.07151,-0.30000,0.01435,-0.13791,0.81410,0
2.3262,-0.39990,-0.02167,-0.00401,0.01619,0.01234,-0.02356,0.72844,-0.14972,-0.00912,-0.15816,0.07073,-0.30000,0.02075,-0.13841,0.81407,0
2.3282,-0.39990,-0.02167,-0.00391,0.01597,0.01261,-0.03010,0.72844,-0.14972,-0.00912,-0.15798,0.06969,-0.30000,0.02715,-0.13890,0.81403,0
2.3302,-0.39990,-0.02167,-0.00380,0.01571,0.01286,-0.03663,0.72844,-0.14972,-0.00912,-0.15780,0.06841,-0.30000,0.03355,-0.13941,0.81395,0
2.3322,-0.39990,-0.02167,-0.00370,0.01539,0.01311,-0.04314,0.72844,-0.14972,-0.00912,-0.15761,0.06689,-0.30000,0.03995,-0.13991,0.81391,0
2.3342,-0.39990,-0.02167,-0.00359,0.01502,0.01336,-0.04962,0.72844,-0.14972,-0.00912,-0.15741,0.06511,-0.30000,0.04635,-0.14037,0.81380,0
2.3362,-0.39990,-0.02167,-0.00349,0.01459,0.01359,-0.05608,0.72844,-0.14972,-0.00912,-0.15720,0.06310,-0.30000,0.05275,-0.14088,0.81375,0
2.3382,-0.39990,-0.02167,-0.00338,0.01412,0.01382,-0.06251,0.72844,-0.14972,-0.00912,-0.15698,0.06083,-0.30000,0.05864,-0.14133,0.81368,0
2.3402,-0.39990,-0.02167,-0.00327,0.01359,0.01404,-0.06846,0.72844,-0.14972,-0.00912,-0.15675,0.05834,-0.30000,0.06401,-0.14185,0.81357,0
2.3422,-0.39990,-0.02167,-0.00315,0.01302,0.01426,-0.07395,0.72844,-0.14972,-0.00912,-0.15652,0.05563,-0.30000,0.06888,-0.14232,0.81349,0
2.3442,-0.39990,-0.02167,-0.00304,0.01241,0.01446,-0.07895,0.72844,-0.14972,-0.00912,-0.15628,0.05272,-0.30000,0.07323,-0.14282,0.81349,0
2.3462,-0.39990,-0.02167,-0.00292,0.01176,0.01466,-0.08347,0.72844,-0.14972,-0.00912,-0.15602,0.04963,-0.30000,0.07707,-0.14335,0.81341,0
2.3482,-0.39990,-0.02167,-0.00280,0.01108,0.01485,-0.08751,0.72844,-0.14972,-0.00912,-0.15577,0.04638,-0.30000,0.08040,-0.14383,0.81337,0
2.3502,-0.39990,-0.02167,-0.00268,0.01037,0.01503,-0.09106,0.72844,-0.14972,-0.00912,-0.15550,0.04298,-0.30000,0.08321,-0.14429,0.81334,0
2.3522,-0.39835,-0.02066,0.01049,-0.00700,0.02836,-0.10780,0.72798,-0.14972,-0.00912,-0.09198,-0.03812,-0.29949,0.08552,-0.14478,0.81327,0
2.3542,-0.39835,-0.02066,0.01071,-0.00787,0.02721,-0.10926,0.72798,-0.14972,-0.00912,-0.09123,-0.04225,-0.29846,0.08731,-0.14531,0.81325,0
2.3562,-0.39835,-0.02066,0.01092,-0.00875,0.02560,-0.11022,0.72798,-0.14972,-0.00912,-0.09053,-0.04642,-0.29693,0.08859,-0.14580,0.81316,0
2.3582,-0.39835,-0.02066,0.01112,-0.00963,0.02355,-0.11068,0.72798,-0.14972,-0.00912,-0.08990,-0.05061,-0.29488,0.08936,-0.14626,0.81312,0
2.3602,-0.39835,-0.02066,0.01130,-0.01052,0.02104,-0.11065,0.72798,-0.14972,-0.00912,-0.08935,-0.05482,-0.29232,0.08961,-0.14683,0.81307,0
2.3622,-0.39835,-0.02066,0.01146,-0.01140,0.01809,-0.11013,0.72798,-0.14972,-0.00912,-0.08891,-0.05901,-0.28925,0.08936,-0.14732,0.81305,0
2.3642,-0.39835,-0.02066,0.01159,-0.01228,0.01469,-0.10910,0.72798,-0.14972,-0.00912,-0.08859,-0.06317,-0.28566,0.08859,-0.14782,0.81306,0
2.3662,-0.39835,-0.02066,0.01169,-0.01314,0.01084,-0.10758,0.72798,-0.14972,-0.00912,-0.08841,-0.06729,-0.28157,0.08731,-0.14835,0.81302,0
2.3682,-0.39835,-0.02066,0.01176,-0.01400,0.00656,-0.10556,0.72798,-0.14972,-0.00912,-0.08838,-0.07134,-0.27696,0.08552,-0.14886,0.81297,0
2.3702,-0.39835,-0.02066,0.01179,-0.01483,0.00183,-0.10306,0.72798,-0.14972,-0.00912,-0.08852,-0.07530,-0.27184,0.08321,-0.14941,0.81298,0
2.3722,-0.39835,-0.02066,0.01179,-0.01564,-0.00334,-0.10005,0.72798,-0.14972,-0.00912,-0.08885,-0.07916,-0.26621,0.08040,-0.14993,0.81296,0
2.3742,-0.39835,-0.02066,0.01174,-0.01643,-0.00894,-0.09656,0.72798,-0.14972,-0.00912,-0.08938,-0.08290,-0.26006,0.07707,-0.15048,0.81295,0
2.3762,-0.39835,-0.02066,0.01164,-0.01719,-0.01498,-0.09258,0.72798,-0.14972,-0.00912,-0.09013,-0.08649,-0.25366,0.07323,-0.15101,0.81293,0
2.3782,-0.39835,-0.02066,0.01150,-0.01791,-0.02122,-0.08811,0.72798,-0.14972,-0.00912,-0.09112,-0.08993,-0.24726,0.06888,-0.15156,0.81291,0
2.3802,-0.39835,-0.02066,0.01130,-0.01859,-0.02745,-0.08316,0.72798,-0.14972,-0.00912,-0.09234,-0.09318,-0.24138,0.06401,-0.15209,0.81292,0
2.3822,-0.39835,-0.02066,0.01106,-0.01924,-0.03323,-0.07772,0.72798,-0.14972,-0.00912,-0.09378,-0.09624,-0.23600,0.05864,-0.15263,0.81286,0
2.3842,-0.39835,-0.02066,0.01077,-0.01984,-0.03856,-0.07181,0.72798,-0.14972,-0.00912,-0.09544,-0.09909,-0.23114,0.05275,-0.15315,0.81289,0
2.3862,-0.39835,-0.02066,0.01044,-0.02038,-0.04342,-0.06542,0.72798,-0.14972,-0.00912,-0.09729,-0.10170,-0.22678,0.04635,-0.15373,0.81288,0
2.3882,-0.39835,-0.02066,0.01008,-0.02088,-0.04782,-0.05856,0.72798,-0.14972,-0.00912,-0.09932,-0.10407,-0.22294,0.03995,-0.15416,0.81290,0
2.3902,-0.39835,-0.02066,0.00968,-0.02132,-0.05176,-0.05167,0.72798,-0.14972,-0.00912,-0.10150,-0.10617,-0.21962,0.03355,-0.15474,0.81291,0
2.3922,-0.39835,-0.02066,0.00925,-0.02171,-0.05524,-0.04475,0.72798,-0.14972,-0.00912,-0.10382,-0.10801,-0.21680,0.02715,-0.15525,0.81294,0
2.3942,-0.39835,-0.02066,0.00880,-0.02204,-0.05824,-0.03781,0.72798,-0.14972,-0.00912,-0.10627,-0.10959,-0.21450,0.02075,-0.15569,0.81300,0
2.3962,-0.39835,-0.02066,0.00832,-0.02231,-0.06078,-0.03084,0.72798,-0.14972,-0.00912,-0.10882,-0.11091,-0.21270,0.01435,-0.15621,0.81298,0
2.3982,-0.39835,-0.02066,0.00783,-0.02253,-0.06285,-0.02387,0.72798,-0.14972,-0.00912,-0.11146,-0.11196,-0.21142,0.00795,-0.15670,0.81299,0
2.4002,-0.39835,-0.02066,0.00732,-0.02269,-0.06444,-0.01688,0.72798,-0.14972,-0.00912,-0.11416,-0.11275,-0.21066,0.00155,-0.15724,0.81307,0
2.4022,-0.39835,-0.02066,0.00680,-0.02280,-0.06557,-0.00988,0.72798,-0.14972,-0.00912,-0.11692,-0.11327,-0.21040,-0.00485,-0.15773,0.81309,0
2.4042,-0.39835,-0.02066,0.00627,-0.02285,-0.06622,-0.00288,0.72798,-0.14972,-0.00912,-0.11971,-0.11353,-0.21066,-0.01125,-0.15823,0.81310,0
2.4062,-0.39835,-0.02066,0.00574,-0.02285,-0.06639,0.00412,0.72798,-0.14972,-0.00912,-0.12252,-0.11353,-0.21142,-0.01765,-0.15868,0.81316,0
2.4082,-0.39835,-0.02066,0.00521,-0.02279,-0.06610,0.01112,0.72798,-0.14972,-0.00912,-0.12533,-0.11326,-0.21270,-0.02405,-0.15921,0.81311,0
2.4102,-0.39835,-0.02066,0.00468,-0.02267,-0.06533,0.01812,0.72798,-0.14972,-0.00912,-0.12811,-0.11272,-0.21450,-0.03045,-0.15964,0.81318,0
2.4122,-0.39835,-0.02066,0.00417,-0.02250,-0.06409,0.02510,0.72798,-0.14972,-0.00912,-0.13086,-0.11192,-0.21680,-0.03685,-0.16020,0.81317,0
2.4142,-0.39835,-0.02066,0.00366,-0.02227,-0.06237,0.03207,0.72798,-0.14972,-0.00912,-0.13355,-0.11086,-0.21962,-0.04325,-0.16062,0.81321,0
2.4162,-0.39835,-0.02066,0.00317,-0.02198,-0.06019,0.03902,0.72798,-0.14972,-0.00912,-0.13617,-0.10953,-0.22294,-0.04965,-0.16112,0.81323,0
2.4182,-0.39835,-0.02066,0.00270,-0.02164,-0.05754,0.04595,0.72798,-0.14972,-0.00912,-0.13869,-0.10795,-0.22678,-0.05605,-0.16162,0.81326,0
2.4202,-0.39835,-0.02066,0.00225,-0.02125,-0.05441,0.05285,0.72798,-0.14972,-0.00912,-0.14111,-0.10610,-0.23114,-0.06245,-0.16214,0.81324,0
2.4222,-0.38576,-0.02050,-0.00305,-0.00375,-0.06171,0.06646,0.73162,-0.14972,-0.00912,-0.15388,-0.02326,-0.23600,-0.06834,-0.16256,0.81325,0
2.4242,-0.38576,-0.02050,-0.00353,-0.00320,-0.05733,0.07172,0.73162,-0.14972,-0.00912,-0.15643,-0.02067,-0.24138,-0.07371,-0.16303,0.81329,0
2.4262,-0.38576,-0.02050,-0.00397,-0.00261,-0.05248,0.07650,0.73162,-0.14972,-0.00912,-0.15881,-0.01788,-0.24726,-0.07858,-0.16361,0.81328,0
2.4282,-0.38576,-0.02050,-0.00436,-0.00198,-0.04716,0.08080,0.73162,-0.14972,-0.00912,-0.16099,-0.01492,-0.25366,-0.08293,-0.16406,0.81327,0
2.4302,-0.38576,-0.02050,-0.00472,-0.00132,-0.04138,0.08463,0.73162,-0.14972,-0.00912,-0.16297,-0.01181,-0.26006,-0.08677,-0.16453,0.81328,0
2.4322,-0.38576,-0.02050,-0.00503,-0.00063,-0.03558,0.08796,0.73162,-0.14972,-0.00912,-0.16472,-0.00857,-0.26646,-0.09010,-0.16503,0.81326,0
2.4342,-0.38576,-0.02050,-0.00529,0.00009,-0.02976,0.09082,0.73162,-0.14972,-0.00912,-0.16626,-0.00521,-0.27286,-0.09291,-0.16551,0.81325,0
2.4362,-0.38576,-0.02050,-0.00550,0.00082,-0.02392,0.09318,0.73162,-0.14972,-0.00912,-0.16757,-0.00174,-0.27926,-0.09522,-0.16598,0.81325,0
2.4382,-0.38576,-0.02050,-0.00567,0.00158,-0.01808,0.09506,0.73162,-0.14972,-0.00912,-0.16867,0.00180,-0.28566,-0.09701,-0.16643,0.81325,0
2.4402,-0.38576,-0.02050,-0.00579,0.00234,-0.01222,0.09645,0.73162,-0.14972,-0.00912,-0.16954,0.00540,-0.29206,-0.09829,-0.16695,0.81319,0
2.4422,-0.38576,-0.02050,-0.00587,0.00312,-0.00636,0.09735,0.73162,-0.14972,-0.00912,-0.17019,0.00905,-0.29846,-0.09906,-0.16742,0.81317,0
2.4443,-0.38576,-0.02050,-0.00589,0.00390,-0.00049,0.09776,0.73162,-0.14972,-0.00912,-0.17062,0.01272,-0.30000,-0.09931,-0.16790,0.81320,0
2.4463,-0.38576,-0.02050,-0.00589,0.00468,0.00122,0.09769,0.73162,-0.14972,-0.00912,-0.17090,0.01640,-0.30000,-0.09906,-0.16841,0.81314,0
2.4483,-0.38576,-0.02050,-0.00588,0.00546,0.00161,0.09712,0.73162,-0.14972,-0.00912,-0.17115,0.02006,-0.30000,-0.09829,-0.16891,0.81312,0
2.4503,-0.38576,-0.02050,-0.00586,0.00623,0.00200,0.09606,0.73162,-0.14972,-0.00912,-0.17138,0.02370,-0.30000,-0.09701,-0.16934,0.81314,0
2.4523,-0.38576,-0.02050,-0.00585,0.00699,0.00240,0.09451,0.73162,-0.14972,-0.00912,-0.17160,0.02728,-0.30000,-0.09522,-0.16985,0.81304,0
2.4543,-0.38576,-0.02050,-0.00583,0.00774,0.00279,0.09247,0.73162,-0.14972,-0.00912,-0.17180,0.03080,-0.30000,-0.09291,-0.17036,0.81303,0
2.4563,-0.38576,-0.02050,-0.00580,0.00847,0.00318,0.08995,0.73162,-0.14972,-0.00912,-0.17199,0.03423,-0.30000,-0.09010,-0.17084,0.81300,0
2.4583,-0.38576,-0.02050,-0.00578,0.00918,0.00357,0.08694,0.73162,-0.14972,-0.00912,-0.17216,0.03756,-0.30000,-0.08677,-0.17131,0.81296,0
2.4603,-0.38576,-0.02050,-0.00575,0.00986,0.00395,0.08345,0.73162,-0.14972,-0.00912,-0.17231,0.04076,-0.30000,-0.08293,-0.17182,0.81294,0
2.4623,-0.38576,-0.02050,-0.00571,0.01051,0.00434,0.07948,0.73162,-0.14972,-0.00912,-0.17246,0.04383,-0.30000,-0.07858,-0.17235,0.81287,0
2.4643,-0.38576,-0.02050,-0.00568,0.01113,0.00472,0.07502,0.73162,-0.14972,-0.00912,-0.17259,0.04673,-0.30000,-0.07371,-0.17282,0.81281,0
2.4663,-0.38576,-0.02050,-0.00564,0.01171,0.00510,0.07009,0.73162,-0.14972,-0.00912,-0.17270,0.04946,-0.30000,-0.06834,-0.17328,0.81276,0
2.4683,-0.38576,-0.02050,-0.00559,0.01225,0.00547,0.06469,0.73162,-0.14972,-0.00912,-0.17280,0.05199,-0.30000,-0.06245,-0.17380,0.81272,0
2.4703,-0.38576,-0.02050,-0.00555,0.01274,0.00585,0.05881,0.73162,-0.14972,-0.00912,-0.17288,0.05430,-0.30000,-0.05605,-0.17436,0.81266,0
2.4723,-0.38576,-0.02050,-0.00550,0.01319,0.00622,0.05246,0.73162,-0.14972,-0.00912,-0.17296,0.05639,-0.30000,-0.04965,-0.17485,0.81259,0
2.4743,-0.38576,-0.02050,-0.00545,0.01358,0.00658,0.04609,0.73162,-0.14972,-0.00912,-0.17301,0.05824,-0.30000,-0.04325,-0.17535,0.81253,0
2.4763,-0.38576,-0.02050,-0.00540,0.01393,0.00695,0.03969,0.73162,-0.14972,-0.00912,-0.17306,0.05984,-0.30000,-0.03685,-0.17589,0.81245,0
2.4783,-0.38576,-0.02050,-0.00534,0.01422,0.00730,0.03327,0.73162,-0.14972,-0.00912,-0.17309,0.06120,-0.30000,-0.03045,-0.17646,0.81237,0
2.4803,-0.38576,-0.02050,-0.00528,0.01446,0.00766,0.02684,0.73162,-0.14972,-0.00912,-0.17311,0.06232,-0.30000,-0.02405,-0.17697,0.81229,0
2.4823,-0.38576,-0.02050,-0.00522,0.01465,0.00801,0.02039,0.73162,-0.14972,-0.00912,-0.17311,0.06319,-0.30000,-0.01765,-0.17747,0.81227,0
2.4843,-0.38576,-0.02050,-0.00515,0.01479,0.00836,0.01393,0.73162,-0.14972,-0.00912,-0.17311,0.06382,-0.30000,-0.01125,-0.17797,0.81217,0
2.4863,-0.38576,-0.02050,-0.00508,0.01487,0.00870,0.00746,0.73162,-0.14972,-0.00912,-0.17309,0.06421,-0.30000,-0.00485,-0.17849,0.81209,0
2.4884,-0.37299,-0.01991,0.00694,0.01032,0.01652,0.00352,0.74741,-0.14972,-0.00912,-0.10381,0.04327,-0.29949,0.00155,-0.17906,0.81200,0
2.4904,-0.37299,-0.01991,0.00706,0.01032,0.01561,-0.00264,0.74741,-0.14972,-0.00912,-0.10350,0.04327,-0.29846,0.00795,-0.17956,0.81199,0
2.4924,-0.37299,-0.01991,0.00718,0.01028,0.01426,-0.00880,0.74741,-0.14972,-0.00912,-0.10324,0.04303,-0.29693,0.01435,-0.18012,0.81188,0
2.4944,-0.37299,-0.01991,0.00729,0.01018,0.01246,-0.01496,0.74741,-0.14972,-0.00912,-0.10303,0.04256,-0.29488,0.02075,-0.18065,0.81182,0
2.4964,-0.37299,-0.01991,0.00738,0.01004,0.01021,-0.02111,0.74741,-0.14972,-0.00912,-0.10290,0.04186,-0.29232,0.02715,-0.18123,0.81176,0
2.4984,-0.37299,-0.01991,0.00745,0.00984,0.00753,-0.02724,0.74741,-0.14972,-0.00912,-0.10287,0.04093,-0.28925,0.03304,-0.18174,0.81172,0
2.5004,-0.37299,-0.01991,0.00750,0.00960,0.00440,-0.03292,0.74741,-0.14972,-0.00912,-0.10295,0.03978,-0.28566,0.03841,-0.18229,0.81167,0
2.5024,-0.37299,-0.01991,0.00752,0.00932,0.00083,-0.03815,0.74741,-0.14972,-0.00912,-0.10315,0.03841,-0.28157,0.04328,-0.18282,0.81153,0
2.5044,-0.37299,-0.01991,0.00751,0.00900,-0.00317,-0.04292,0.74741,-0.14972,-0.00912,-0.10349,0.03686,-0.27696,0.04763,-0.18338,0.81155,0
2.5064,-0.37299,-0.01991,0.00747,0.00863,-0.00761,-0.04722,0.74741,-0.14972,-0.00912,-0.10400,0.03514,-0.27184,0.05147,-0.18393,0.81147,0
2.5084,-0.37299,-0.01991,0.00739,0.00824,-0.01249,-0.05106,0.74741,-0.14972,-0.00912,-0.10467,0.03326,-0.26621,0.05480,-0.18444,0.81143,0
2.5104,-0.37299,-0.01991,0.00727,0.00782,-0.01779,-0.05444,0.74741,-0.14972,-0.00912,-0.10555,0.03125,-0.26006,0.05761,-0.18498,0.81138,0
2.5124,-0.37299,-0.01991,0.00710,0.00737,-0.02352,-0.05735,0.74741,-0.14972,-0.00912,-0.10663,0.02912,-0.25443,0.05992,-0.18557,0.81136,0
2.5144,-0.37299,-0.01991,0.00689,0.00690,-0.02880,-0.05979,0.74741,-0.14972,-0.00912,-0.10792,0.02688,-0.24931,0.06171,-0.18605,0.81132,0
2.5164,-0.37299,-0.01991,0.00664,0.00642,-0.03363,-0.06177,0.74741,-0.14972,-0.00912,-0.10940,0.02457,-0.24470,0.06299,-0.18659,0.81133,0
2.5184,-0.37299,-0.01991,0.00636,0.00592,-0.03800,-0.06327,0.74741,-0.14972,-0.00912,-0.11105,0.02218,-0.24061,0.06376,-0.18714,0.81127,0
2.5204,-0.37299,-0.01991,0.00604,0.00541,-0.04191,-0.06430,0.74741,-0.14972,-0.00912,-0.11286,0.01975,-0.23702,0.06401,-0.18772,0.81122,0
2.5224,-0.37299,-0.01991,0.00569,0.00489,-0.04536,-0.06485,0.74741,-0.14972,-0.00912,-0.11481,0.01729,-0.23395,0.06376,-0.18824,0.81122,0
2.5244,-0.37299,-0.01991,0.00531,0.00437,-0.04835,-0.06494,0.74741,-0.14972,-0.00912,-0.11688,0.01482,-0.23139,0.06299,-0.18876,0.81121,0
2.5264,-0.37299,-0.01991,0.00491,0.00385,-0.05088,-0.06455,0.74741,-0.14972,-0.00912,-0.11906,0.01235,-0.22934,0.06171,-0.18930,0.81118,0
2.5284,-0.37299,-0.01991,0.00450,0.00334,-0.05294,-0.06369,0.74741,-0.14972,-0.00912,-0.12132,0.00991,-0.22781,0.05992,-0.18983,0.81122,0
2.5304,-0.37299,-0.01991,0.00407,0.00284,-0.05453,-0.06236,0.74741,-0.14972,-0.00912,-0.12365,0.00751,-0.22678,0.05761,-0.19037,0.81120,0
2.5324,-0.37299,-0.01991,0.00363,0.00234,-0.05566,-0.06056,0.74741,-0.14972,-0.00912,-0.12604,0.00516,-0.22627,0.05480,-0.19091,0.81122,0
2.5344,-0.37299,-0.01991,0.00318,0.00187,-0.05632,-0.05829,0.74741,-0.14972,-0.00912,-0.12845,0.00290,-0.22627,0.05147,-0.19147,0.81124,0
2.5364,-0.37299,-0.01991,0.00273,0.00141,-0.05651,-0.05555,0.74741,-0.14972,-0.00912,-0.13089,0.00073,-0.22678,0.04763,-0.19201,0.81124,0
2.5384,-0.37299,-0.01991,0.00228,0.00098,-0.05624,-0.05234,0.74741,-0.14972,-0.00912,-0.13332,-0.00133,-0.22781,0.04328,-0.19250,0.81121,0
2.5404,-0.37299,-0.01991,0.00183,0.00058,-0.05550,-0.04867,0.74741,-0.14972,-0.00912,-0.13573,-0.00326,-0.22934,0.03841,-0.19302,0.81129,0
2.5424,-0.37299,-0.01991,0.00139,0.00021,-0.05429,-0.04453,0.74741,-0.14972,-0.00912,-0.13811,-0.00504,-0.23139,0.03304,-0.19362,0.81130,0
2.5444,-0.37299,-0.01991,0.00096,-0.00013,-0.05261,-0.03993,0.74741,-0.14972,-0.00912,-0.14043,-0.00666,-0.23395,0.02715,-0.19410,0.81129,0
2.5464,-0.37299,-0.01991,0.00055,-0.00043,-0.05047,-0.03488,0.74741,-0.14972,-0.00912,-0.14268,-0.00809,-0.23702,0.02075,-0.19468,0.81133,0
2.5484,-0.37299,-0.01991,0.00016,-0.00069,-0.04786,-0.02937,0.74741,-0.14972,-0.00912,-0.14484,-0.00932,-0.24061,0.01435,-0.19513,0.81136,0
2.5504,-0.37299,-0.01991,-0.00021,-0.00090,-0.04479,-0.02384,0.74741,-0.14972,-0.00912,-0.14689,-0.01035,-0.24470,0.00795,-0.19567,0.81136,0
2.5524,-0.37299,-0.01991,-0.00056,-0.00107,-0.04126,-0.01830,0.74741,-0.14972,-0.00912,-0.14881,-0.01116,-0.24931,0.00155,-0.19620,0.81142,0
2.5544,-0.37299,-0.01991,-0.00087,-0.00119,-0.03727,-0.01275,0.74741,-0.14972,-0.00912,-0.15060,-0.01177,-0.25443,-0.00485,-0.19672,0.81145,0
2.5564,-0.37299,-0.01991,-0.00115,-0.00127,-0.03282,-0.00720,0.74741,-0.14972,-0.00912,-0.15222,-0.01216,-0.26006,-0.01125,-0.19721,0.81145,0
2.5585,-0.36564,-0.02181,0.00064,-0.00669,-0.03533,-0.01064,0.76428,-0.14972,-0.00912,-0.13672,-0.03970,-0.26621,-0.01765,-0.19773,0.81149,0
2.5605,-0.36564,-0.02181,0.00038,-0.00675,-0.03011,-0.00472,0.76428,-0.14972,-0.00912,-0.13826,-0.04001,-0.27261,-0.02405,-0.19821,0.81155,0
2.5625,-0.36564,-0.02181,0.00016,-0.00677,-0.02465,0.00120,0.76428,-0.14972,-0.00912,-0.13960,-0.04009,-0.27901,-0.03045,-0.19870,0.81155,0
2.5645,-0.36564,-0.02181,-0.00002,-0.00673,-0.01918,0.00713,0.76428,-0.14972,-0.00912,-0.14072,-0.03995,-0.28541,-0.03685,-0.19923,0.81161,0
2.5665,-0.36564,-0.02181,-0.00015,-0.00665,-0.01371,0.01304,0.76428,-0.14972,-0.00912,-0.14165,-0.03959,-0.29137,-0.04325,-0.19973,0.81161,0
2.5685,-0.36564,-0.02181,-0.00024,-0.00653,-0.00860,0.01896,0.76428,-0.14972,-0.00912,-0.14237,-0.03900,-0.29682,-0.04914,-0.20023,0.81160,0
2.5705,-0.36564,-0.02181,-0.00029,-0.00635,-0.00392,0.02442,0.76428,-0.14972,-0.00912,-0.14290,-0.03820,-0.30000,-0.05451,-0.20076,0.81163,0
2.5725,-0.36564,-0.02181,-0.00031,-0.00614,-0.00118,0.02943,0.76428,-0.14972,-0.00912,-0.14330,-0.03720,-0.30000,-0.05938,-0.20137,0.81156,0
2.5745,-0.36564,-0.02181,-0.00032,-0.00588,-0.00116,0.03399,0.76428,-0.14972,-0.00912,-0.14364,-0.03602,-0.29949,-0.06373,-0.20187,0.81158,0
2.5765,-0.36564,-0.02181,-0.00033,-0.00559,-0.00158,0.03809,0.76428,-0.14972,-0.00912,-0.14399,-0.03467,-0.29846,-0.06757,-0.20248,0.81158,0
2.5785,-0.36564,-0.02181,-0.00035,-0.00528,-0.00243,0.04173,0.76428,-0.14972,-0.00912,-0.14437,-0.03318,-0.29693,-0.07090,-0.20299,0.81155,0
2.5805,-0.36564,-0.02181,-0.00037,-0.00493,-0.00372,0.04491,0.76428,-0.14972,-0.00912,-0.14479,-0.03156,-0.29488,-0.07371,-0.20359,0.81154,0
2.5825,-0.36564,-0.02181,-0.00041,-0.00456,-0.00544,0.04763,0.76428,-0.14972,-0.00912,-0.14526,-0.02983,-0.29334,-0.07602,-0.20407,0.81152,0
2.5845,-0.36564,-0.02181,-0.00046,-0.00417,-0.00672,0.04989,0.76428,-0.14972,-0.00912,-0.14579,-0.02800,-0.29232,-0.07781,-0.20463,0.81152,0
2.5865,-0.36564,-0.02181,-0.00051,-0.00376,-0.00757,0.05168,0.76428,-0.14972,-0.00912,-0.14636,-0.02610,-0.29181,-0.07909,-0.20516,0.81151,0
2.5885,-0.36564,-0.02181,-0.00058,-0.00334,-0.00797,0.05301,0.76428,-0.14972,-0.00912,-0.14695,-0.02414,-0.29181,-0.07986,-0.20568,0.81145,0
2.5905,-0.36564,-0.02181,-0.00064,-0.00292,-0.00792,0.05387,0.76428,-0.14972,-0.00912,-0.14755,-0.02214,-0.29232,-0.08011,-0.20621,0.81145,0
2.5925,-0.36564,-0.02181,-0.00070,-0.00248,-0.00744,0.05426,0.76428,-0.14972,-0.00912,-0.14814,-0.02011,-0.29334,-0.07986,-0.20674,0.81144,0
2.5945,-0.36564,-0.02181,-0.00076,-0.00205,-0.00652,0.05419,0.76428,-0.14972,-0.00912,-0.14870,-0.01808,-0.29488,-0.07909,-0.20732,0.81137,0
2.5965,-0.36564,-0.02181,-0.00080,-0.00162,-0.00515,0.05365,0.76428,-0.14972,-0.00912,-0.14922,-0.01606,-0.29693,-0.07781,-0.20783,0.81134,0
2.5985,-0.36564,-0.02181,-0.00084,-0.00119,-0.00334,0.05265,0.76428,-0.14972,-0.00912,-0.14969,-0.01406,-0.29941,-0.07602,-0.20837,0.81129,0
2.6005,-0.36564,-0.02181,-0.00085,-0.00078,-0.00117,0.05117,0.76428,-0.14972,-0.00912,-0.15007,-0.01212,-0.30000,-0.07371,-0.20887,0.81123,0
2.6025,-0.36564,-0.02181,-0.00086,-0.00038,-0.00060,0.04924,0.76428,-0.14972,-0.00912,-0.15040,-0.01024,-0.30000,-0.07090,-0.20940,0.81116,0
2.6045,-0.36564,-0.02181,-0.00087,0.00001,-0.00055,0.04684,0.76428,-0.14972,-0.00912,-0.15072,-0.00844,-0.30000,-0.06757,-0.20996,0.81114,0
2.6065,-0.36564,-0.02181,-0.00087,0.00037,-0.00049,0.04398,0.76428,-0.14972,-0.00912,-0.15104,-0.00674,-0.30000,-0.06373,-0.21046,0.81103,0
2.6085,-0.36564,-0.02181,-0.00087,0.00071,-0.00043,0.04065,0.76428,-0.14972,-0.00912,-0.15136,-0.00516,-0.30000,-0.05938,-0.21099,0.81097,0
2.6105,-0.36564,-0.02181,-0.00088,0.00102,-0.00037,0.03687,0.76428,-0.14972,-0.00912,-0.15168,-0.00371,-0.30000,-0.05451,-0.21150,0.81099,0
2.6125,-0.36564,-0.02181,-0.00088,0.00130,-0.00031,0.03263,0.76428,-0.14972,-0.00912,-0.15199,-0.00241,-0.30000,-0.04914,-0.21201,0.81086,0
2.6145,-0.36564,-0.02181,-0.00088,0.00154,-0.00025,0.02794,0.76428,-0.14972,-0.00912,-0.15230,-0.00129,-0.30000,-0.04325,-0.21256,0.81083,0
2.6165,-0.36564,-0.02181,-0.00088,0.00174,-0.00019,0.02279,0.76428,-0.14972,-0.00912,-0.15261,-0.00035,-0.30000,-0.03685,-0.21312,0.81075,0
2.6185,-0.36564,-0.02181,-0.00089,0.00190,-0.00013,0.01720,0.76428,-0.14972,-0.00912,-0.15291,0.00039,-0.30000,-0.03045,-0.21364,0.81069,0
2.6205,-0.37718,-0.02391,0.01843,0.01144,0.01158,0.02552,0.76695,-0.14972,-0.00912,-0.07345,0.04335,-0.29949,-0.02405,-0.21426,0.81058,0
2.6225,-0.37718,-0.02391,0.01851,0.01162,0.00990,0.01927,0.76695,-0.14972,-0.00912,-0.07334,0.04418,-0.29846,-0.01765,-0.21476,0.81051,0
2.6245,-0.37718,-0.02391,0.01859,0.01175,0.00778,0.01302,0.76695,-0.14972,-0.00912,-0.07331,0.04477,-0.29693,-0.01125,-0.21534,0.81041,0
2.6265,-0.37718,-0.02391,0.01864,0.01183,0.00522,0.00676,0.76695,-0.14972,-0.00912,-0.07336,0.04513,-0.29488,-0.00485,-0.21589,0.81036,0
2.6285,-0.37718,-0.02391,0.01867,0.01185,0.00222,0.00049,0.76695,-0.14972,-0.00912,-0.07352,0.04525,-0.29232,0.00155,-0.21648,0.81031,0
2.6305,-0.37718,-0.02391,0.01867,0.01183,-0.00122,-0.00577,0.76695,-0.14972,-0.00912,-0.07380,0.04513,-0.28925,0.00795,-0.21706,0.81025,0
2.6325,-0.37718,-0.02391,0.01865,0.01176,-0.00510,-0.01203,0.76695,-0.14972,-0.00912,-0.07422,0.04477,-0.28566,0.01435,-0.21764,0.81013,0
2.6345,-0.37718,-0.02391,0.01859,0.01164,-0.00941,-0.01829,0.76695,-0.14972,-0.00912,-0.07480,0.04418,-0.28157,0.02075,-0.21818,0.81010,0
2.6365,-0.37718,-0.02391,0.01849,0.01147,-0.01415,-0.02453,0.76695,-0.14972,-0.00912,-0.07554,0.04335,-0.27696,0.02715,-0.21877,0.81011,0
2.6385,-0.37718,-0.02391,0.01836,0.01125,-0.01933,-0.03076,0.76695,-0.14972,-0.00912,-0.07647,0.04229,-0.27184,0.03317,-0.21929,0.81005,0
2.6405,-0.37718,-0.02391,0.01818,0.01098,-0.02493,-0.03665,0.76695,-0.14972,-0.00912,-0.07761,0.04100,-0.26621,0.03869,-0.21986,0.81001,0
2.6425,-0.37718,-0.02391,0.01796,0.01066,-0.03095,-0.04208,0.76695,-0.14972,-0.00912,-0.07897,0.03949,-0.26006,0.04369,-0.22039,0.80998,0
2.6445,-0.37718,-0.02391,0.01769,0.01031,-0.03739,-0.04705,0.76695,-0.14972,-0.00912,-0.08056,0.03778,-0.25366,0.04817,-0.22095,0.80996,0
2.6465,-0.37718,-0.02391,0.01736,0.00991,-0.04403,-0.05156,0.76695,-0.14972,-0.00912,-0.08240,0.03590,-0.24726,0.05215,-0.22143,0.80996,0
2.6485,-0.37718,-0.02391,0.01698,0.00948,-0.05065,-0.05561,0.76695,-0.14972,-0.00912,-0.08449,0.03386,-0.24086,0.05561,-0.22205,0.80994,0
2.6505,-0.37718,-0.02391,0.01655,0.00902,-0.05724,-0.05918,0.76695,-0.14972,-0.00912,-0.08683,0.03167,-0.23498,0.05856,-0.22256,0.80987,0
2.6525,-0.37718,-0.02391,0.01607,0.00854,-0.06336,-0.06229,0.76695,-0.14972,-0.00912,-0.08941,0.02935,-0.22960,0.06100,-0.22313,0.80986,0
2.6545,-0.37718,-0.02391,0.01554,0.00803,-0.06901,-0.06492,0.76695,-0.14972,-0.00912,-0.09221,0.02693,-0.22474,0.06293,-0.22365,0.80983,0
2.6565,-0.37718,-0.02391,0.01497,0.00750,-0.07418,-0.06708,0.76695,-0.14972,-0.00912,-0.09522,0.02441,-0.22038,0.06435,-0.22418,0.80981,0
2.6585,-0.37718,-0.02391,0.01435,0.00696,-0.07888,-0.06877,0.76695,-0.14972,-0.00912,-0.09841,0.02183,-0.21654,0.06525,-0.22474,0.80977,0
2.6605,-0.37718,-0.02391,0.01370,0.00640,-0.08309,-0.06998,0.76695,-0.14972,-0.00912,-0.10177,0.01918,-0.21322,0.06564,-0.22526,0.80975,0
2.6625,-0.37718,-0.02391,0.01303,0.00584,-0.08682,-0.07072,0.76695,-0.14972,-0.00912,-0.10529,0.01651,-0.21040,0.06552,-0.22582,0.80976,0
2.6645,-0.37718,-0.02391,0.01232,0.00527,-0.09007,-0.07099,0.76695,-0.14972,-0.00912,-0.10893,0.01381,-0.20810,0.06489,-0.22639,0.80975,0
2.6665,-0.37718,-0.02391,0.01159,0.00471,-0.09283,-0.07077,0.76695,-0.14972,-0.00912,-0.11269,0.01111,-0.20630,0.06375,-0.22696,0.80974,0
2.6685,-0.37718,-0.02391,0.01083,0.00414,-0.09511,-0.07008,0.76695,-0.14972,-0.00912,-0.11654,0.00843,-0.20502,0.06209,-0.22752,0.80973,0
2.6705,-0.37718,-0.02391,0.01007,0.00359,-0.09689,-0.06892,0.76695,-0.14972,-0.00912,-0.12047,0.00578,-0.20426,0.05992,-0.22808,0.80975,0
2.6725,-0.37718,-0.02391,0.00929,0.00304,-0.09819,-0.06728,0.76695,-0.14972,-0.00912,-0.12446,0.00319,-0.20400,0.05724,-0.22864,0.80975,0
2.6745,-0.37718,-0.02391,0.00850,0.00251,-0.09899,-0.06517,0.76695,-0.14972,-0.00912,-0.12849,0.00066,-0.20426,0.05405,-0.22913,0.80977,0
2.6765,-0.37718,-0.02391,0.00770,0.00200,-0.09930,-0.06259,0.76695,-0.14972,-0.00912,-0.13254,-0.00177,-0.20502,0.05034,-0.22973,0.80978,0
2.6785,-0.37718,-0.02391,0.00691,0.00151,-0.09913,-0.05953,0.76695,-0.14972,-0.00912,-0.13659,-0.00410,-0.20630,0.04613,-0.23028,0.80977,0
2.6805,-0.37718,-0.02391,0.00612,0.00105,-0.09846,-0.05601,0.76695,-0.14972,-0.00912,-0.14063,-0.00630,-0.20810,0.04140,-0.23079,0.80980,0
2.6825,-0.37718,-0.02391,0.00534,0.00062,-0.09730,-0.05202,0.76695,-0.14972,-0.00912,-0.14463,-0.00836,-0.21040,0.03616,-0.23135,0.80980,0
2.6845,-0.37718,-0.02391,0.00456,0.00022,-0.09566,-0.04756,0.76695,-0.14972,-0.00912,-0.14858,-0.01027,-0.21322,0.03041,-0.23183,0.80983,0
2.6865,-0.37718,-0.02391,0.00381,-0.00014,-0.09352,-0.04264,0.76695,-0.14972,-0.00912,-0.15246,-0.01199,-0.21654,0.02414,-0.23242,0.80979,0
2.6885,-0.38733,-0.02134,0.02337,-0.00916,-0.08769,-0.05036,0.76557,-0.14972,-0.00912,-0.07043,-0.05209,-0.22015,0.01774,-0.23295,0.80988,0
2.6905,-0.38733,-0.02134,0.02267,-0.00954,-0.08614,-0.04426,0.76557,-0.14972,-0.00912,-0.07402,-0.05390,-0.22374,0.01134,-0.23347,0.80987,0
2.6925,-0.38733,-0.02134,0.02199,-0.00987,-0.08456,-0.03813,0.76557,-0.14972,-0.00912,-0.07755,-0.05548,-0.22727,0.00494,-0.23401,0.80993,0
2.6945,-0.38733,-0.02134,0.02132,-0.01015,-0.08299,-0.03198,0.76557,-0.14972,-0.00912,-0.08101,-0.05682,-0.23074,-0.00146,-0.23453,0.80995,0
2.6966,-0.38733,-0.02134,0.02066,-0.01038,-0.08142,-0.02582,0.76557,-0.14972,-0.00912,-0.08443,-0.05793,-0.23415,-0.00786,-0.23506,0.80994,0
2.6986,-0.38733,-0.02134,0.02002,-0.01057,-0.07986,-0.01965,0.76557,-0.14972,-0.00912,-0.08777,-0.05881,-0.23750,-0.01426,-0.23555,0.80995,0
2.7006,-0.38733,-0.02134,0.01938,-0.01070,-0.07831,-0.01346,0.76557,-0.14972,-0.00912,-0.09107,-0.05945,-0.24079,-0.02066,-0.23608,0.80996,0
2.7026,-0.38733,-0.02134,0.01876,-0.01078,-0.07677,-0.00727,0.76557,-0.14972,-0.00912,-0.09430,-0.05986,-0.24402,-0.02706,-0.23656,0.80996,0
2.7046,-0.38733,-0.02134,0.01816,-0.01081,-0.07524,-0.00107,0.76557,-0.14972,-0.00912,-0.09748,-0.06004,-0.24720,-0.03346,-0.23711,0.80996,0
2.7066,-0.38733,-0.02134,0.01756,-0.01080,-0.07371,0.00512,0.76557,-0.14972,-0.00912,-0.10059,-0.05998,-0.25032,-0.03986,-0.23759,0.80997,0
2.7086,-0.38733,-0.02134,0.01698,-0.01073,-0.07220,0.01131,0.76557,-0.14972,-0.00912,-0.10365,-0.05969,-0.25338,-0.04626,-0.23811,0.80999,0
2.7106,-0.38733,-0.02134,0.01641,-0.01062,-0.07069,0.01750,0.76557,-0.14972,-0.00912,-0.10666,-0.05916,-0.25638,-0.05266,-0.23863,0.81000,0
2.7126,-0.38733,-0.02134,0.01585,-0.01045,-0.06920,0.02367,0.76557,-0.14972,-0.00912,-0.10960,-0.05840,-0.25933,-0.05906,-0.23914,0.80995,0
2.7146,-0.38733,-0.02134,0.01530,-0.01024,-0.06772,0.02983,0.76557,-0.14972,-0.00912,-0.11249,-0.05741,-0.26222,-0.06546,-0.23969,0.80994,0
2.7166,-0.38733,-0.02134,0.01476,-0.00998,-0.06625,0.03598,0.76557,-0.14972,-0.00912,-0.11533,-0.05618,-0.26505,-0.07135,-0.24023,0.80993,0
2.7186,-0.38733,-0.02134,0.01424,-0.00966,-0.06479,0.04167,0.76557,-0.14972,-0.00912,-0.11811,-0.05473,-0.26783,-0.07672,-0.24081,0.80993,0
2.7206,-0.38733,-0.02134,0.01373,-0.00931,-0.06335,0.04689,0.76557,-0.14972,-0.00912,-0.12083,-0.05308,-0.27055,-0.08159,-0.24130,0.80988,0
2.7226,-0.38733,-0.02134,0.01322,-0.00892,-0.06192,0.05166,0.76557,-0.14972,-0.00912,-0.12350,-0.05123,-0.27322,-0.08594,-0.24183,0.80988,0
2.7246,-0.38733,-0.02134,0.01273,-0.00849,-0.06050,0.05595,0.76557,-0.14972,-0.00912,-0.12611,-0.04921,-0.27583,-0.08978,-0.24238,0.80983,0
2.7266,-0.38733,-0.02134,0.01226,-0.00802,-0.05910,0.05978,0.76557,-0.14972,-0.00912,-0.12867,-0.04704,-0.27840,-0.09311,-0.24286,0.80980,0
2.7286,-0.38733,-0.02134,0.01179,-0.00753,-0.05771,0.06314,0.76557,-0.14972,-0.00912,-0.13118,-0.04474,-0.28090,-0.09592,-0.24341,0.80981,0
2.7306,-0.38733,-0.02134,0.01133,-0.00701,-0.05634,0.06603,0.76557,-0.14972,-0.00912,-0.13364,-0.04231,-0.28336,-0.09823,-0.24393,0.80974,0
2.7326,-0.38733,-0.02134,0.01089,-0.00648,-0.05498,0.06845,0.76557,-0.14972,-0.00912,-0.13604,-0.03979,-0.28577,-0.10002,-0.24440,0.80971,0
2.7346,-0.38733,-0.02134,0.01045,-0.00592,-0.05363,0.07039,0.76557,-0.14972,-0.00912,-0.13840,-0.03718,-0.28812,-0.10130,-0.24490,0.80973,0
2.7366,-0.38733,-0.02134,0.01003,-0.00535,-0.05230,0.07185,0.76557,-0.14972,-0.00912,-0.14070,-0.03451,-0.29042,-0.10207,-0.24546,0.80967,0
2.7386,-0.38733,-0.02134,0.00962,-0.00477,-0.05099,0.07284,0.76557,-0.14972,-0.00912,-0.14295,-0.03179,-0.29267,-0.10232,-0.24601,0.80960,0
2.7406,-0.38733,-0.02134,0.00921,-0.00419,-0.04969,0.07335,0.76557,-0.14972,-0.00912,-0.14515,-0.02904,-0.29488,-0.10207,-0.24654,0.80951,0
2.7426,-0.38733,-0.02134,0.00882,-0.00360,-0.04840,0.07339,0.76557,-0.14972,-0.00912,-0.14731,-0.02629,-0.29703,-0.10130,-0.24701,0.80950,0
2.7446,-0.38733,-0.02134,0.00844,-0.00302,-0.04714,0.07294,0.76557,-0.14972,-0.00912,-0.14942,-0.02354,-0.29914,-0.10002,-0.24754,0.80943,0
2.7466,-0.38733,-0.02134,0.00807,-0.00244,-0.04588,0.07202,0.76557,-0.14972,-0.00912,-0.15147,-0.02082,-0.30000,-0.09823,-0.24803,0.80939,0
2.7487,-0.38733,-0.02134,0.00770,-0.00187,-0.04567,0.07063,0.76557,-0.14972,-0.00912,-0.15351,-0.01814,-0.30000,-0.09592,-0.24857,0.80930,0
2.7507,-0.38733,-0.02134,0.00733,-0.00131,-0.04617,0.06876,0.76557,-0.14972,-0.00912,-0.15555,-0.01552,-0.30000,-0.09311,-0.24911,0.80925,0
2.7527,-0.38733,-0.02134,0.00696,-0.00077,-0.04665,0.06641,0.76557,-0.14972,-0.00912,-0.15760,-0.01298,-0.30000,-0.08978,-0.24959,0.80919,0
2.7547,-0.38733,-0.02134,0.00659,-0.00025,-0.04710,0.06360,0.76557,-0.14972,-0.00912,-0.15967,-0.01054,-0.30000,-0.08594,-0.25017,0.80913,0
2.7568,-0.39632,-0.01926,0.00621,0.01142,-0.04752,0.07475,0.76853,-0.14972,-0.00912,-0.17077,0.04668,-0.30000,-0.08159,-0.25063,0.80907,0
2.7588,-0.39632,-0.01926,0.00583,0.01200,-0.04792,0.07024,0.76853,-0.14972,-0.00912,-0.17288,0.04940,-0.30000,-0.07672,-0.25115,0.80900,0
2.7608,-0.39632,-0.01926,0.00544,0.01254,-0.04829,0.06525,0.76853,-0.14972,-0.00912,-0.17500,0.05194,-0.30000,-0.07135,-0.25173,0.80892,0
2.7628,-0.39632,-0.01926,0.00505,0.01304,-0.04864,0.05979,0.76853,-0.14972,-0.00912,-0.17713,0.05429,-0.30000,-0.06546,-0.25225,0.80882,0
2.7648,-0.39632,-0.01926,0.00466,0.01350,-0.04896,0.05386,0.76853,-0.14972,-0.00912,-0.17927,0.05642,-0.30000,-0.05906,-0.25276,0.80870,0
2.7668,-0.39632,-0.01926,0.00427,0.01390,-0.04925,0.04747,0.76853,-0.14972,-0.00912,-0.18143,0.05832,-0.30000,-0.05266,-0.25329,0.80867,0
2.7688,-0.39632,-0.01926,0.00388,0.01426,-0.04952,0.04105,0.76853,-0.14972,-0.00912,-0.18360,0.05997,-0.30000,-0.04626,-0.25387,0.80860,0
2.7709,-0.39632,-0.01926,0.00348,0.01456,-0.04976,0.03461,0.76853,-0.14972,-0.00912,-0.18578,0.06139,-0.30000,-0.03986,-0.25435,0.80855,0
2.7728,-0.39632,-0.01926,0.00308,0.01481,-0.04998,0.02815,0.76853,-0.14972,-0.00912,-0.18797,0.06255,-0.30000,-0.03346,-0.25489,0.80846,0
2.7749,-0.39632,-0.01926,0.00268,0.01501,-0.05016,0.02168,0.76853,-0.14972,-0.00912,-0.19016,0.06348,-0.30000,-0.02706,-0.25541,0.80835,0
2.7769,-0.39632,-0.01926,0.00228,0.01516,-0.05033,0.01519,0.76853,-0.14972,-0.00912,-0.19236,0.06416,-0.30000,-0.02066,-0.25592,0.80824,0
2.7789,-0.39632,-0.01926,0.00187,0.01525,-0.05046,0.00870,0.76853,-0.14972,-0.00912,-0.19457,0.06459,-0.30000,-0.01426,-0.25646,0.80822,0
2.7809,-0.39632,-0.01926,0.00147,0.01530,-0.05057,0.00220,0.76853,-0.14972,-0.00912,-0.19678,0.06478,-0.30000,-0.00786,-0.25703,0.80815,0
2.7829,-0.39632,-0.01926,0.00106,0.01529,-0.05065,-0.00429,0.76853,-0.14972,-0.00912,-0.19900,0.06472,-0.30000,-0.00146,-0.25758,0.80805,0
2.7849,-0.39632,-0.01926,0.00066,0.01523,-0.05070,-0.01078,0.76853,-0.14972,-0.00912,-0.20121,0.06442,-0.30000,0.00494,-0.25811,0.80799,0
2.7869,-0.39632,-0.01926,0.00025,0.01511,-0.05072,-0.01727,0.76853,-0.14972,-0.00912,-0.20343,0.06387,-0.30000,0.01134,-0.25868,0.80787,0
2.7889,-0.39632,-0.01926,-0.00015,0.01495,-0.05072,-0.02375,0.76853,-0.14972,-0.00912,-0.20565,0.06307,-0.30000,0.01774,-0.25917,0.80785,0
2.7909,-0.39632,-0.01926,-0.00056,0.01473,-0.05069,-0.03021,0.76853,-0.14972,-0.00912,-0.20787,0.06204,-0.30000,0.02414,-0.25972,0.80778,0
2.7930,-0.39632,-0.01926,-0.00096,0.01447,-0.05064,-0.03666,0.76853,-0.14972,-0.00912,-0.21009,0.06075,-0.30000,0.03054,-0.26027,0.80775,0
2.7950,-0.39632,-0.01926,-0.00137,0.01415,-0.05055,-0.04308,0.76853,-0.14972,-0.00912,-0.21230,0.05923,-0.30000,0.03694,-0.26077,0.80771,0
2.7970,-0.39632,-0.01926,-0.00177,0.01378,-0.05044,-0.04948,0.76853,-0.14972,-0.00912,-0.21451,0.05746,-0.30000,0.04334,-0.26133,0.80766,0
2.7990,-0.39632,-0.01926,-0.00218,0.01336,-0.05030,-0.05586,0.76853,-0.14972,-0.00912,-0.21672,0.05545,-0.30000,0.04923,-0.26186,0.80762,0
2.8010,-0.39632,-0.01926,-0.00258,0.01289,-0.05014,-0.06177,0.76853,-0.14972,-0.00912,-0.21892,0.05320,-0.30000,0.05461,-0.26243,0.80758,0
2.8030,-0.39632,-0.01926,-0.00298,0.01237,-0.04995,-0.06720,0.76853,-0.14972,-0.00912,-0.22111,0.05075,-0.30000,0.05947,-0.26295,0.80752,0
2.8050,-0.39632,-0.01926,-0.00338,0.01181,-0.04973,-0.07216,0.76853,-0.14972,-0.00912,-0.22330,0.04809,-0.30000,0.06382,-0.26347,0.80744,0
2.8070,-0.39632,-0.01926,-0.00377,0.01122,-0.04948,-0.07665,0.76853,-0.14972,-0.00912,-0.22548,0.04526,-0.30000,0.06766,-0.26408,0.80748,0
2.8090,-0.39632,-0.01926,-0.00417,0.01059,-0.04921,-0.08065,0.76853,-0.14972,-0.00912,-0.22764,0.04227,-0.30000,0.07099,-0.26461,0.80737,0
2.8110,-0.39632,-0.01926,-0.00456,0.00993,-0.04891,-0.08418,0.76853,-0.14972,-0.00912,-0.22980,0.03913,-0.30000,0.07381,-0.26517,0.80737,0
2.8130,-0.39632,-0.01926,-0.00495,0.00924,-0.04859,-0.08722,0.76853,-0.14972,-0.00912,-0.23194,0.03587,-0.30000,0.07611,-0.26573,0.80735,0
2.8151,-0.39632,-0.01926,-0.00534,0.00853,-0.04824,-0.08977,0.76853,-0.14972,-0.00912,-0.23408,0.03251,-0.30000,0.07790,-0.26625,0.80732,0
2.8171,-0.39632,-0.01926,-0.00572,0.00781,-0.04786,-0.09184,0.76853,-0.14972,-0.00912,-0.23620,0.02906,-0.30000,0.07918,-0.26678,0.80735,0
2.8191,-0.40198,-0.01908,-0.00610,-0.00708,-0.04746,-0.10769,0.77912,-0.14972,-0.00912,-0.24396,-0.04116,-0.30000,0.07995,-0.26741,0.80729,0
2.8211,-0.40198,-0.01908,-0.00648,-0.00794,-0.04704,-0.10783,0.77912,-0.14972,-0.00912,-0.24605,-0.04525,-0.30000,0.08021,-0.26797,0.80728,0
2.8231,-0.40198,-0.01908,-0.00686,-0.00880,-0.04658,-0.10748,0.77912,-0.14972,-0.00912,-0.24812,-0.04934,-0.30000,0.07995,-0.26857,0.80727,0
2.8251,-0.40198,-0.01908,-0.00723,-0.00966,-0.04611,-0.10663,0.77912,-0.14972,-0.00912,-0.25000,-0.05341,-0.30000,0.07918,-0.26911,0.80729,0
2.8271,-0.40198,-0.01908,-0.00759,-0.01050,-0.04560,-0.10529,0.77912,-0.14972,-0.00912,-0.25000,-0.05744,-0.30000,0.07790,-0.26965,0.80726,0
2.8291,-0.40198,-0.01908,-0.00796,-0.01134,-0.04508,-0.10345,0.77912,-0.14972,-0.00912,-0.25000,-0.06140,-0.30000,0.07611,-0.27029,0.80724,0
2.8311,-0.40198,-0.01908,-0.00831,-0.01216,-0.04453,-0.10112,0.77912,-0.14972,-0.00912,-0.25000,-0.06529,-0.30000,0.07381,-0.27087,0.80724,0
2.8331,-0.40198,-0.01908,-0.00867,-0.01296,-0.04395,-0.09830,0.77912,-0.14972,-0.00912,-0.25000,-0.06908,-0.30000,0.07099,-0.27147,0.80722,0
2.8351,-0.40198,-0.01908,-0.00902,-0.01373,-0.04336,-0.09498,0.77912,-0.14972,-0.00912,-0.25000,-0.07275,-0.30000,0.06766,-0.27200,0.80726,0
2.8371,-0.40198,-0.01908,-0.00936,-0.01447,-0.04273,-0.09118,0.77912,-0.14972,-0.00912,-0.25000,-0.07629,-0.30000,0.06382,-0.27257,0.80725,0
2.8391,-0.40198,-0.01908,-0.00970,-0.01519,-0.04209,-0.08690,0.77912,-0.14972,-0.00912,-0.25000,-0.07968,-0.30000,0.05947,-0.27319,0.80726,0
2.8411,-0.40198,-0.01908,-0.01004,-0.01586,-0.04142,-0.08213,0.77912,-0.14972,-0.00912,-0.25000,-0.08289,-0.30000,0.05461,-0.27375,0.80726,0
2.8431,-0.40198,-0.01908,-0.01036,-0.01650,-0.04074,-0.07688,0.77912,-0.14972,-0.00912,-0.25000,-0.08592,-0.30000,0.04923,-0.27436,0.80726,0
2.8451,-0.40198,-0.01908,-0.01069,-0.01709,-0.04003,-0.07115,0.77912,-0.14972,-0.00912,-0.25000,-0.08873,-0.30000,0.04334,-0.27494,0.80729,0
2.8472,-0.40198,-0.01908,-0.01100,-0.01763,-0.03929,-0.06494,0.77912,-0.14972,-0.00912,-0.25000,-0.09133,-0.30000,0.03694,-0.27556,0.80730,0
2.8492,-0.40198,-0.01908,-0.01132,-0.01813,-0.03854,-0.05827,0.77912,-0.14972,-0.00912,-0.25000,-0.09367,-0.30000,0.03054,-0.27616,0.80732,0
2.8512,-0.40198,-0.01908,-0.01162,-0.01857,-0.03777,-0.05156,0.77912,-0.14972,-0.00912,-0.25000,-0.09577,-0.30000,0.02414,-0.27673,0.80736,0
2.8532,-0.40198,-0.01908,-0.01192,-0.01895,-0.03697,-0.04483,0.77912,-0.14972,-0.00912,-0.25000,-0.09761,-0.30000,0.01774,-0.27727,0.80741,0
2.8552,-0.40198,-0.01908,-0.01221,-0.01928,-0.03616,-0.03807,0.77912,-0.14972,-0.00912,-0.25000,-0.09920,-0.30000,0.01134,-0.27789,0.80742,0
2.8572,-0.40198,-0.01908,-0.01250,-0.01956,-0.03533,-0.03129,0.77912,-0.14972,-0.00912,-0.25000,-0.10053,-0.30000,0.00494,-0.27852,0.80744,0
2.8592,-0.40198,-0.01908,-0.01278,-0.01978,-0.03448,-0.02450,0.77912,-0.14972,-0.00912,-0.25000,-0.10160,-0.30000,-0.00146,-0.27907,0.80747,0
2.8612,-0.40198,-0.01908,-0.01305,-0.01995,-0.03361,-0.01769,0.77912,-0.14972,-0.00912,-0.25000,-0.10242,-0.30000,-0.00786,-0.27970,0.80750,0
2.8632,-0.40198,-0.01908,-0.01332,-0.02007,-0.03272,-0.01088,0.77912,-0.14972,-0.00912,-0.25000,-0.10297,-0.30000,-0.01426,-0.28031,0.80752,0
2.8652,-0.40198,-0.01908,-0.01357,-0.02013,-0.03181,-0.00406,0.77912,-0.14972,-0.00912,-0.25000,-0.10327,-0.30000,-0.02066,-0.28095,0.80754,0
2.8672,-0.40198,-0.01908,-0.01382,-0.02013,-0.03089,0.00276,0.77912,-0.14972,-0.00912,-0.25000,-0.10332,-0.30000,-0.02706,-0.28152,0.80754,0
2.8692,-0.40198,-0.01908,-0.01407,-0.02008,-0.02995,0.00958,0.77912,-0.14972,-0.00912,-0.25000,-0.10310,-0.30000,-0.03346,-0.28219,0.80756,0
2.8712,-0.40198,-0.01908,-0.01430,-0.01998,-0.02900,0.01639,0.77912,-0.14972,-0.00912,-0.25000,-0.10263,-0.30000,-0.03986,-0.28282,0.80750,0
2.8732,-0.40198,-0.01908,-0.01453,-0.01982,-0.02803,0.02319,0.77912,-0.14972,-0.00912,-0.25000,-0.10190,-0.30000,-0.04626,-0.28346,0.80753,0
2.8752,-0.40198,-0.01908,-0.01475,-0.01961,-0.02704,0.02998,0.77912,-0.14972,-0.00912,-0.25000,-0.10091,-0.30000,-0.05266,-0.28405,0.80751,0
2.8772,-0.40198,-0.01908,-0.01496,-0.01934,-0.02604,0.03676,0.77912,-0.14972,-0.00912,-0.25000,-0.09967,-0.30000,-0.05906,-0.28463,0.80749,0
2.8792,-0.40198,-0.01908,-0.01517,-0.01902,-0.02503,0.04351,0.77912,-0.14972,-0.00912,-0.25000,-0.09817,-0.30000,-0.06546,-0.28517,0.80749,0
2.8812,-0.40198,-0.01908,-0.01537,-0.01864,-0.02400,0.05024,0.77912,-0.14972,-0.00912,-0.25000,-0.09641,-0.30000,-0.07186,-0.28578,0.80749,0
2.8832,-0.40198,-0.01908,-0.01555,-0.01822,-0.02296,0.05694,0.77912,-0.14972,-0.00912,-0.25000,-0.09440,-0.30000,-0.07826,-0.28639,0.80748,0
2.8852,-0.40198,-0.01908,-0.01573,-0.01773,-0.02191,0.06361,0.77912,-0.14972,-0.00912,-0.25000,-0.09214,-0.30000,-0.08466,-0.28699,0.80747,0
2.8872,-0.41574,-0.02273,-0.01590,0.00423,-0.02085,0.08291,0.78752,-0.14972,-0.00912,-0.25000,0.00804,-0.30000,-0.09055,-0.28753,0.80747,0
2.8892,-0.41574,-0.02273,-0.01607,0.00492,-0.01977,0.08763,0.78752,-0.14972,-0.00912,-0.25000,0.01125,-0.30000,-0.09592,-0.28817,0.80747,0
2.8912,-0.41574,-0.02273,-0.01622,0.00563,-0.01869,0.09186,0.78752,-0.14972,-0.00912,-0.25000,0.01463,-0.30000,-0.10079,-0.28878,0.80745,0
2.8932,-0.41574,-0.02273,-0.01637,0.00638,-0.01759,0.09561,0.78752,-0.14972,-0.00912,-0.25000,0.01815,-0.30000,-0.10514,-0.28934,0.80744,0
2.8952,-0.41574,-0.02273,-0.01650,0.00716,-0.01649,0.09886,0.78752,-0.14972,-0.00912,-0.25000,0.02181,-0.30000,-0.10898,-0.28992,0.80739,0
2.8972,-0.41574,-0.02273,-0.01663,0.00796,-0.01538,0.10162,0.78752,-0.14972,-0.00912,-0.25000,0.02559,-0.30000,-0.11231,-0.29050,0.80734,0
2.8992,-0.41574,-0.02273,-0.01675,0.00879,-0.01426,0.10390,0.78752,-0.14972,-0.00912,-0.25000,0.02945,-0.30000,-0.11512,-0.29108,0.80735,0
2.9012,-0.41574,-0.02273,-0.01686,0.00962,-0.01313,0.10568,0.78752,-0.14972,-0.00912,-0.25000,0.03340,-0.30000,-0.11743,-0.29163,0.80730,0
2.9032,-0.41574,-0.02273,-0.01696,0.01047,-0.01199,0.10696,0.78752,-0.14972,-0.00912,-0.25000,0.03740,-0.30000,-0.11922,-0.29225,0.80723,0
2.9053,-0.41574,-0.02273,-0.01705,0.01133,-0.01085,0.10775,0.78752,-0.14972,-0.00912,-0.25000,0.04144,-0.30000,-0.12050,-0.29285,0.80719,0
2.9073,-0.41574,-0.02273,-0.01713,0.01220,-0.00970,0.10804,0.78752,-0.14972,-0.00912,-0.25000,0.04551,-0.30000,-0.12127,-0.29348,0.80717,0
2.9093,-0.41574,-0.02273,-0.01720,0.01306,-0.00855,0.10784,0.78752,-0.14972,-0.00912,-0.25000,0.04957,-0.30000,-0.12152,-0.29408,0.80705,0
2.9113,-0.41574,-0.02273,-0.01727,0.01392,-0.00739,0.10714,0.78752,-0.14972,-0.00912,-0.25000,0.05362,-0.30000,-0.12127,-0.29472,0.80702,0
2.9133,-0.41574,-0.02273,-0.01732,0.01477,-0.00623,0.10595,0.78752,-0.14972,-0.00912,-0.25000,0.05763,-0.30000,-0.12050,-0.29530,0.80697,0
2.9153,-0.41574,-0.02273,-0.01737,0.01561,-0.00507,0.10426,0.78752,-0.14972,-0.00912,-0.25000,0.06159,-0.30000,-0.11922,-0.29586,0.80693,0
2.9173,-0.41574,-0.02273,-0.01740,0.01644,-0.00390,0.10208,0.78752,-0.14972,-0.00912,-0.25000,0.06547,-0.30000,-0.11743,-0.29651,0.80681,0
2.9193,-0.41574,-0.02273,-0.01743,0.01724,-0.00273,0.09941,0.78752,-0.14972,-0.00912,-0.25000,0.06926,-0.30000,-0.11512,-0.29704,0.80678,0
2.9213,-0.41574,-0.02273,-0.01745,0.01803,-0.00156,0.09625,0.78752,-0.14972,-0.00912,-0.25000,0.07295,-0.30000,-0.11231,-0.29774,0.80667,0
2.9233,-0.41574,-0.02273,-0.01745,0.01878,-0.00039,0.09260,0.78752,-0.14972,-0.00912,-0.25000,0.07650,-0.30000,-0.10898,-0.29833,0.80663,0
2.9253,-0.41574,-0.02273,-0.01745,0.01951,0.00078,0.08846,0.78752,-0.14972,-0.00912,-0.25000,0.07990,-0.30000,-0.10514,-0.29893,0.80656,0
2.9273,-0.41574,-0.02273,-0.01744,0.02020,0.00195,0.08384,0.78752,-0.14972,-0.00912,-0.25000,0.08314,-0.30000,-0.10079,-0.29946,0.80649,0
2.9293,-0.41574,-0.02273,-0.01742,0.02085,0.00312,0.07873,0.78752,-0.14972,-0.00912,-0.25000,0.08620,-0.30000,-0.09592,-0.30006,0.80642,0
2.9313,-0.41574,-0.02273,-0.01739,0.02145,0.00429,0.07315,0.78752,-0.14972,-0.00912,-0.25000,0.08905,-0.30000,-0.09055,-0.30064,0.80634,0
2.9333,-0.41574,-0.02273,-0.01735,0.02201,0.00545,0.06709,0.78752,-0.14972,-0.00912,-0.25000,0.09169,-0.30000,-0.08466,-0.30126,0.80625,0
2.9353,-0.41574,-0.02273,-0.01731,0.02253,0.00661,0.06055,0.78752,-0.14972,-0.00912,-0.25000,0.09408,-0.30000,-0.07826,-0.30185,0.80619,0
2.9373,-0.41574,-0.02273,-0.01725,0.02298,0.00777,0.05355,0.78752,-0.14972,-0.00912,-0.25000,0.09622,-0.30000,-0.07186,-0.30240,0.80615,0
2.9393,-0.41574,-0.02273,-0.01718,0.02338,0.00892,0.04652,0.78752,-0.14972,-0.00912,-0.25000,0.09810,-0.30000,-0.06546,-0.30299,0.80604,0
2.9413,-0.41574,-0.02273,-0.01711,0.02373,0.01007,0.03946,0.78752,-0.14972,-0.00912,-0.25000,0.09971,-0.30000,-0.05906,-0.30359,0.80596,0
2.9433,-0.41574,-0.02273,-0.01702,0.02401,0.01122,0.03239,0.78752,-0.14972,-0.00912,-0.25000,0.10105,-0.30000,-0.05266,-0.30413,0.80586,0
2.9453,-0.41574,-0.02273,-0.01693,0.02424,0.01235,0.02530,0.78752,-0.14972,-0.00912,-0.25000,0.10212,-0.30000,-0.04626,-0.30472,0.80576,0
2.9473,-0.41574,-0.02273,-0.01682,0.02442,0.01348,0.01819,0.78752,-0.14972,-0.00912,-0.25000,0.10292,-0.30000,-0.03986,-0.30534,0.80565,0
2.9493,-0.41574,-0.02273,-0.01671,0.02454,0.01461,0.01108,0.78752,-0.14972,-0.00912,-0.25000,0.10346,-0.30000,-0.03346,-0.30591,0.80556,0
2.9513,-0.41574,-0.02273,-0.01659,0.02460,0.01572,0.00396,0.78752,-0.14972,-0.00912,-0.25000,0.10372,-0.30000,-0.02706,-0.30647,0.80548,0
2.9533,-0.41574,-0.02273,-0.01646,0.02460,0.01683,-0.00316,0.78752,-0.14972,-0.00912,-0.25000,0.10372,-0.30000,-0.02066,-0.30711,0.80530,0
2.9553,-0.41574,-0.02273,-0.01632,0.02455,0.01793,-0.01028,0.78752,-0.14972,-0.00912,-0.25000,0.10345,-0.30000,-0.01426,-0.30765,0.80528,0
2.9573,-0.41383,-0.02072,-0.01617,0.01190,0.01901,-0.02077,0.79352,-0.14972,-0.00912,-0.25000,0.04568,-0.30000,-0.00786,-0.30885,0.80510,0
2.9593,-0.41383,-0.02072,-0.01602,0.01171,0.02009,-0.02703,0.79352,-0.14972,-0.00912,-0.25000,0.04475,-0.30000,-0.00146,-0.30885,0.80510,0
2.9613,-0.41383,-0.02072,-0.01585,0.01147,0.02116,-0.03327,0.79352,-0.14972,-0.00912,-0.25000,0.04359,-0.30000,0.00494,-0.30946,0.80502,0
2.9633,-0.41383,-0.02072,-0.01568,0.01118,0.02221,-0.03950,0.79352,-0.14972,-0.00912,-0.25000,0.04220,-0.30000,0.01134,-0.31004,0.80491,0
2.9653,-0.41383,-0.02072,-0.01549,0.01084,0.02326,-0.04570,0.79352,-0.14972,-0.00912,-0.25000,0.04057,-0.30000,0.01774,-0.31060,0.80494,0
2.9673,-0.41383,-0.02072,-0.01530,0.01045,0.02429,-0.05188,0.79352,-0.14972,-0.00912,-0.25000,0.03871,-0.30000,0.02414,-0.31117,0.80486,0
2.9693,-0.41383,-0.02072,-0.01511,0.01001,0.02530,-0.05803,0.79352,-0.14972,-0.00912,-0.25000,0.03661,-0.30000,0.03003,-0.31178,0.80482,0
2.9713,-0.41383,-0.02072,-0.01490,0.00952,0.02631,-0.06371,0.79352,-0.14972,-0.00912,-0.25000,0.03429,-0.30000,0.03541,-0.31233,0.80476,0
2.9733,-0.41383,-0.02072,-0.01469,0.00899,0.02730,-0.06892,0.79352,-0.14972,-0.00912,-0.25000,0.03176,-0.30000,0.04027,-0.31300,0.80467,0
2.9753,-0.41383,-0.02072,-0.01446,0.00842,0.02827,-0.07366,0.79352,-0.14972,-0.00912,-0.25000,0.02905,-0.30000,0.04462,-0.31357,0.80462,0
2.9773,-0.41383,-0.02072,-0.01423,0.00781,0.02923,-0.07791,0.79352,-0.14972,-0.00912,-0.25000,0.02616,-0.30000,0.04846,-0.31414,0.80456,0
2.9793,-0.41383,-0.02072,-0.01400,0.00718,0.03018,-0.08169,0.79352,-0.14972,-0.00912,-0.25000,0.02313,-0.30000,0.05179,-0.31477,0.80454,0
2.9813,-0.41383,-0.02072,-0.01375,0.00651,0.03110,-0.08499,0.79352,-0.14972,-0.00912,-0.25000,0.01996,-0.30000,0.05461,-0.31534,0.80441,0
2.9833,-0.41383,-0.02072,-0.01350,0.00582,0.03201,-0.08780,0.79352,-0.14965,-0.00911,-0.25000,0.01667,-0.30000,0.05691,-0.31597,0.80431,0
2.9853,-0.41383,-0.02072,-0.01324,0.00511,0.03291,-0.09012,0.79352,-0.14951,-0.00910,-0.25000,0.01329,-0.30000,0.05870,-0.31650,0.80429,0
2.9873,-0.41383,-0.02072,-0.01297,0.00438,0.03378,-0.09196,0.79352,-0.14938,-0.00909,-0.25000,0.00983,-0.30000,0.05998,-0.31714,0.80423,0
2.9893,-0.41383,-0.02072,-0.01270,0.00364,0.03464,-0.09332,0.79352,-0.14924,-0.00909,-0.25000,0.00630,-0.30000,0.06075,-0.31774,0.80424,0
2.9913,-0.41383,-0.02072,-0.01242,0.00289,0.03548,-0.09418,0.79352,-0.14910,-0.00908,-0.25000,0.00274,-0.30000,0.06101,-0.31839,0.80421,0
2.9933,-0.41383,-0.02072,-0.01213,0.00213,0.03630,-0.09456,0.79352,-0.14896,-0.00907,-0.25000,-0.00085,-0.30000,0.06075,-0.31898,0.80415,0
2.9953,-0.41383,-0.02072,-0.01184,0.00138,0.03710,-0.09445,0.79352,-0.14882,-0.00906,-0.25000,-0.00444,-0.30000,0.05998,-0.31955,0.80414,0
2.9973,-0.41383,-0.02072,-0.01154,0.00062,0.03788,-0.09385,0.79352,-0.14869,-0.00905,-0.25000,-0.00802,-0.30000,0.05870,-0.32021,0.80409,0
2.9993,-0.41383,-0.02072,-0.01123,-0.00012,0.03864,-0.09276,0.79352,-0.14855,-0.00904,-0.25000,-0.01157,-0.30000,0.05691,-0.32078,0.80407,0
3.0013,-0.41383,-0.02072,-0.01092,-0.00086,0.03938,-0.09119,0.79352,-0.14841,-0.00904,-0.25000,-0.01506,-0.30000,0.05461,-0.32136,0.80403,0
3.0033,-0.41383,-0.02072,-0.01060,-0.00158,0.04009,-0.08913,0.79352,-0.14827,-0.00903,-0.25000,-0.01849,-0.30000,0.05179,-0.32199,0.80405,0
3.0053,-0.41383,-0.02072,-0.01028,-0.00228,0.04079,-0.08658,0.79352,-0.14813,-0.00902,-0.25000,-0.02183,-0.30000,0.04846,-0.32264,0.80400,0
3.0073,-0.41383,-0.02072,-0.00995,-0.00296,0.04146,-0.08355,0.79352,-0.14800,-0.00901,-0.25000,-0.02507,-0.30000,0.04462,-0.32319,0.80396,0
3.0093,-0.41383,-0.02072,-0.00961,-0.00362,0.04212,-0.08004,0.79352,-0.14786,-0.00900,-0.25000,-0.02818,-0.30000,0.04027,-0.32383,0.80393,0
3.0113,-0.41383,-0.02072,-0.00927,-0.00424,0.04274,-0.07605,0.79352,-0.14772,-0.00899,-0.25000,-0.03115,-0.30000,0.03541,-0.32442,0.80393,0
3.0133,-0.41383,-0.02072,-0.00893,-0.00483,0.04335,-0.07158,0.79352,-0.14758,-0.00898,-0.25000,-0.03396,-0.30000,0.03003,-0.32499,0.80395,0
3.0153,-0.41383,-0.02072,-0.00858,-0.00539,0.04393,-0.06663,0.79352,-0.14744,-0.00898,-0.25000,-0.03659,-0.30000,0.02414,-0.32561,0.80394,0
3.0173,-0.41383,-0.02072,-0.00823,-0.00590,0.04449,-0.06121,0.79352,-0.14731,-0.00897,-0.25000,-0.03903,-0.30000,0.01774,-0.32622,0.80393,0
3.0193,-0.41383,-0.02072,-0.00787,-0.00636,0.04503,-0.05533,0.79352,-0.14717,-0.00896,-0.25000,-0.04125,-0.30000,0.01134,-0.32684,0.80392,0
3.0213,-0.41383,-0.02072,-0.00751,-0.00678,0.04554,-0.04941,0.79352,-0.14703,-0.00895,-0.25000,-0.04325,-0.30000,0.00494,-0.32743,0.80395,0
3.0233,-0.41383,-0.02072,-0.00714,-0.00715,0.04602,-0.04347,0.79352,-0.14689,-0.00894,-0.25000,-0.04502,-0.30000,-0.00146,-0.32805,0.80393,0
3.0253,-0.43469,-0.02420,-0.00677,-0.00711,0.04649,-0.04399,0.78739,-0.14675,-0.00893,-0.25000,-0.04831,-0.30000,-0.00786,-0.32925,0.80395,0
3.0273,-0.43469,-0.02420,-0.00640,-0.00744,0.04692,-0.03802,0.78739,-0.14661,-0.00893,-0.25000,-0.04988,-0.30000,-0.01426,-0.32925,0.80395,0
3.0293,-0.43469,-0.02420,-0.00602,-0.00772,0.04733,-0.03204,0.78739,-0.14648,-0.00892,-0.25000,-0.05122,-0.30000,-0.02066,-0.32987,0.80399,0
3.0313,-0.43469,-0.02420,-0.00564,-0.00795,0.04772,-0.02604,0.78739,-0.14634,-0.00891,-0.25000,-0.05234,-0.30000,-0.02706,-0.33049,0.80398,0
3.0333,-0.43469,-0.02420,-0.00526,-0.00813,0.04808,-0.02003,0.78739,-0.14620,-0.00890,-0.25000,-0.05323,-0.30000,-0.03346,-0.33111,0.80397,0
3.0353,-0.43469,-0.02420,-0.00487,-0.00827,0.04842,-0.01401,0.78739,-0.14606,-0.00889,-0.25000,-0.05389,-0.30000,-0.03986,-0.33176,0.80394,0
3.0374,-0.43469,-0.02420,-0.00448,-0.00836,0.04872,-0.00798,0.78739,-0.14592,-0.00888,-0.25000,-0.05432,-0.30000,-0.04626,-0.33239,0.80393,0
3.0394,-0.43469,-0.02420,-0.00409,-0.00840,0.04901,-0.00195,0.78739,-0.14579,-0.00888,-0.25000,-0.05453,-0.30000,-0.05266,-0.33300,0.80392,0
3.0414,-0.43469,-0.02420,-0.00370,-0.00839,0.04926,0.00409,0.78739,-0.14565,-0.00887,-0.25000,-0.05450,-0.30000,-0.05906,-0.33370,0.80378,0
3.0434,-0.43469,-0.02420,-0.00330,-0.00833,0.04949,0.01012,0.78739,-0.14551,-0.00886,-0.25000,-0.05425,-0.30000,-0.06495,-0.33422,0.80376,0
3.0454,-0.43469,-0.02420,-0.00291,-0.00823,0.04969,0.01570,0.78739,-0.14537,-0.00885,-0.25000,-0.05378,-0.30000,-0.07032,-0.33484,0.80370,0
3.0474,-0.43469,-0.02420,-0.00251,-0.00808,0.04987,0.02084,0.78739,-0.14523,-0.00884,-0.25000,-0.05311,-0.30000,-0.07519,-0.33545,0.80367,0
3.0494,-0.43469,-0.02420,-0.00211,-0.00790,0.05002,0.02553,0.78739,-0.14510,-0.00883,-0.25000,-0.05225,-0.30000,-0.07954,-0.33606,0.80364,0
3.0514,-0.43469,-0.02420,-0.00171,-0.00768,0.05014,0.02977,0.78739,-0.14496,-0.00883,-0.25000,-0.05122,-0.30000,-0.08338,-0.33664,0.80365,0
3.0534,-0.43469,-0.02420,-0.00131,-0.00742,0.05024,0.03356,0.78739,-0.14482,-0.00882,-0.25000,-0.05004,-0.30000,-0.08671,-0.33728,0.80368,0
3.0554,-0.43469,-0.02420,-0.00090,-0.00714,0.05031,0.03689,0.78739,-0.14468,-0.00881,-0.25000,-0.04873,-0.30000,-0.08952,-0.33785,0.80366,0
3.0574,-0.43469,-0.02420,-0.00050,-0.00683,0.05035,0.03976,0.78739,-0.14454,-0.00880,-0.25000,-0.04730,-0.30000,-0.09183,-0.33851,0.80363,0
3.0594,-0.43469,-0.02420,-0.00010,-0.00651,0.05036,0.04217,0.78739,-0.14441,-0.00879,-0.25000,-0.04576,-0.30000,-0.09362,-0.33902,0.80357,0
3.0614,-0.43469,-0.02420,0.00031,-0.00616,0.05035,0.04412,0.78739,-0.14427,-0.00878,-0.25000,-0.04415,-0.30000,-0.09490,-0.33963,0.80353,0
3.0634,-0.43469,-0.02420,0.00071,-0.00580,0.05031,0.04562,0.78739,-0.14413,-0.00877,-0.25000,-0.04247,-0.30000,-0.09567,-0.34024,0.80342,0
3.0654,-0.43469,-0.02420,0.00111,-0.00543,0.05025,0.04664,0.78739,-0.14399,-0.00877,-0.25000,-0.04074,-0.30000,-0.09592,-0.34079,0.80339,0
3.0674,-0.43469,-0.02420,0.00151,-0.00506,0.05015,0.04721,0.78739,-0.14385,-0.00876,-0.25000,-0.03899,-0.30000,-0.09567,-0.34141,0.80329,0
3.0694,-0.43469,-0.02420,0.00191,-0.00468,0.05003,0.04731,0.78739,-0.14371,-0.00875,-0.25000,-0.03722,-0.30000,-0.09490,-0.34202,0.80323,0
3.0714,-0.43469,-0.02420,0.00231,-0.00430,0.04989,0.04695,0.78739,-0.14358,-0.00874,-0.25000,-0.03545,-0.30000,-0.09362,-0.34261,0.80318,0
3.0734,-0.43469,-0.02420,0.00271,-0.00393,0.04971,0.04613,0.78739,-0.14344,-0.00873,-0.25000,-0.03371,-0.30000,-0.09183,-0.34321,0.80309,0
3.0754,-0.43469,-0.02420,0.00311,-0.00357,0.04951,0.04484,0.78739,-0.14330,-0.00872,-0.25000,-0.03200,-0.30000,-0.08952,-0.34378,0.80305,0
3.0774,-0.43469,-0.02420,0.00350,-0.00321,0.04928,0.04310,0.78739,-0.14316,-0.00872,-0.25000,-0.03036,-0.30000,-0.08671,-0.34438,0.80298,0
3.0794,-0.43469,-0.02420,0.00390,-0.00288,0.04903,0.04089,0.78739,-0.14302,-0.00871,-0.25000,-0.02879,-0.30000,-0.08338,-0.34502,0.80289,0
3.0814,-0.43469,-0.02420,0.00429,-0.00256,0.04875,0.03822,0.78739,-0.14289,-0.00870,-0.25000,-0.02731,-0.30000,-0.07954,-0.34560,0.80277,0
3.0834,-0.43469,-0.02420,0.00468,-0.00227,0.04845,0.03510,0.78739,-0.14275,-0.00869,-0.25000,-0.02594,-0.30000,-0.07519,-0.34620,0.80268,0
3.0854,-0.43469,-0.02420,0.00506,-0.00200,0.04811,0.03152,0.78739,-0.14261,-0.00868,-0.25000,-0.02470,-0.30000,-0.07032,-0.34684,0.80260,0
3.0874,-0.43469,-0.02420,0.00545,-0.00177,0.04776,0.02749,0.78739,-0.14247,-0.00867,-0.25000,-0.02360,-0.30000,-0.06495,-0.34742,0.80250,0
3.0894,-0.44873,-0.02436,0.00583,0.01304,0.04737,0.04085,0.76748,-0.14233,-0.00867,-0.25000,0.04623,-0.30000,-0.05906,-0.34861,0.80232,0
3.0914,-0.44873,-0.02436,0.00620,0.01334,0.04697,0.03493,0.76748,-0.14219,-0.00866,-0.25000,0.04764,-0.30000,-0.05266,-0.34861,0.80232,0
3.0934,-0.44873,-0.02436,0.00658,0.01360,0.04653,0.02855,0.76748,-0.14206,-0.00865,-0.25000,0.04883,-0.30000,-0.04626,-0.34923,0.80224,0
3.0954,-0.44873,-0.02436,0.00695,0.01380,0.04607,0.02216,0.76748,-0.14192,-0.00864,-0.25000,0.04977,-0.30000,-0.03986,-0.34985,0.80211,0
3.0974,-0.44873,-0.02436,0.00731,0.01395,0.04559,0.01576,0.76748,-0.14178,-0.00863,-0.25000,0.05047,-0.30000,-0.03346,-0.35043,0.80206,0
3.0994,-0.44873,-0.02436,0.00768,0.01405,0.04508,0.00935,0.76748,-0.14164,-0.00862,-0.25000,0.05092,-0.30000,-0.02706,-0.35099,0.80195,0
3.1014,-0.44873,-0.02436,0.00804,0.01410,0.04455,0.00293,0.76748,-0.14150,-0.00861,-0.25000,0.05114,-0.30000,-0.02066,-0.35160,0.80183,0
3.1034,-0.44873,-0.02436,0.00839,0.01410,0.04400,-0.00349,0.76748,-0.14136,-0.00861,-0.25000,0.05111,-0.30000,-0.01426,-0.35221,0.80170,0
3.1055,-0.44873,-0.02436,0.00874,0.01405,0.04342,-0.00990,0.76748,-0.14122,-0.00860,-0.25000,0.05084,-0.30000,-0.00786,-0.35278,0.80162,0
3.1075,-0.44873,-0.02436,0.00908,0.01394,0.04281,-0.01631,0.76748,-0.14109,-0.00859,-0.25000,0.05033,-0.30000,-0.00146,-0.35336,0.80150,0
3.1095,-0.44873,-0.02436,0.00942,0.01378,0.04219,-0.02270,0.76748,-0.14095,-0.00858,-0.25000,0.04957,-0.30000,0.00494,-0.35391,0.80144,0
3.1115,-0.44873,-0.02436,0.00976,0.01358,0.04154,-0.02909,0.76748,-0.14081,-0.00857,-0.25000,0.04858,-0.30000,0.01134,-0.35447,0.80144,0
3.1135,-0.44873,-0.02436,0.01009,0.01332,0.04087,-0.03546,0.76748,-0.14067,-0.00856,-0.25000,0.04734,-0.30000,0.01774,-0.35504,0.80137,0
3.1155,-0.44873,-0.02436,0.01041,0.01301,0.04018,-0.04181,0.76748,-0.14053,-0.00856,-0.25000,0.04586,-0.30000,0.02414,-0.35569,0.80131,0
3.1175,-0.44873,-0.02436,0.01073,0.01265,0.03946,-0.04813,0.76748,-0.14040,-0.00855,-0.25000,0.04414,-0.30000,0.03054,-0.35624,0.80125,0
3.1195,-0.44873,-0.02436,0.01104,0.01224,0.03873,-0.05443,0.76748,-0.14026,-0.00854,-0.25000,0.04219,-0.30000,0.03643,-0.35687,0.80119,0
3.1215,-0.44873,-0.02436,0.01135,0.01178,0.03798,-0.06027,0.76748,-0.14012,-0.00853,-0.25000,0.04000,-0.30000,0.04181,-0.35743,0.80110,0
3.1235,-0.44873,-0.02436,0.01165,0.01128,0.03720,-0.06563,0.76748,-0.13998,-0.00852,-0.25000,0.03760,-0.30000,0.04667,-0.35804,0.80104,0
3.1255,-0.44873,-0.02436,0.01195,0.01073,0.03640,-0.07052,0.76748,-0.13984,-0.00851,-0.25000,0.03501,-0.30000,0.05102,-0.35865,0.80093,0
3.1275,-0.44873,-0.02436,0.01223,0.01015,0.03559,-0.07493,0.76748,-0.13971,-0.00851,-0.24946,0.03224,-0.30000,0.05486,-0.35923,0.80081,0
3.1295,-0.44873,-0.02436,0.01252,0.00954,0.03476,-0.07886,0.76748,-0.13957,-0.00850,-0.24841,0.02932,-0.30000,0.05819,-0.35984,0.80072,0
3.1315,-0.44873,-0.02436,0.01279,0.00889,0.03390,-0.08232,0.76748,-0.13943,-0.00849,-0.24739,0.02625,-0.30000,0.06101,-0.36042,0.80071,0
3.1335,-0.44873,-0.02436,0.01306,0.00822,0.03303,-0.08529,0.76748,-0.13929,-0.00848,-0.24640,0.02307,-0.30000,0.06331,-0.36100,0.80067,0
3.1355,-0.44873,-0.02436,0.01332,0.00753,0.03214,-0.08778,0.76748,-0.13915,-0.00847,-0.24544,0.01978,-0.30000,0.06510,-0.36157,0.80063,0
3.1375,-0.44873,-0.02436,0.01357,0.00682,0.03124,-0.08978,0.76748,-0.13902,-0.00846,-0.24452,0.01640,-0.30000,0.06638,-0.36222,0.80062,0
3.1395,-0.44873,-0.02436,0.01382,0.00609,0.03032,-0.09130,0.76748,-0.13888,-0.00846,-0.24364,0.01296,-0.30000,0.06715,-0.36281,0.80058,0
3.1415,-0.44873,-0.02436,0.01406,0.00536,0.02938,-0.09233,0.76748,-0.13874,-0.00845,-0.24279,0.00947,-0.30000,0.06741,-0.36340,0.80052,0
3.1435,-0.44873,-0.02436,0.01429,0.00462,0.02843,-0.09287,0.76748,-0.13860,-0.00844,-0.24197,0.00595,-0.30000,0.06715,-0.36399,0.80049,0
3.1455,-0.44873,-0.02436,0.01451,0.00388,0.02746,-0.09293,0.76748,-0.13846,-0.00843,-0.24119,0.00242,-0.30000,0.06638,-0.36458,0.80044,0
3.1475,-0.44873,-0.02436,0.01473,0.00313,0.02647,-0.09250,0.76748,-0.13833,-0.00842,-0.24045,-0.00110,-0.30000,0.06510,-0.36516,0.80041,0
3.1495,-0.44873,-0.02436,0.01494,0.00240,0.02547,-0.09158,0.76748,-0.13819,-0.00841,-0.23974,-0.00460,-0.30000,0.06331,-0.36576,0.80042,0
3.1515,-0.44873,-0.02436,0.01514,0.00167,0.02446,-0.09018,0.76748,-0.13805,-0.00840,-0.23908,-0.00806,-0.30000,0.06101,-0.36634,0.80039,0
3.1535,-0.44873,-0.02436,0.01533,0.00096,0.02344,-0.08829,0.76748,-0.13791,-0.00840,-0.23845,-0.01145,-0.30000,0.05819,-0.36694,0.80036,0
3.1555,-0.46088,-0.02850,0.01551,-0.00321,0.02240,-0.09542,0.73444,-0.13777,-0.00839,-0.25000,-0.03532,-0.30000,0.05486,-0.36819,0.80035,0
3.1576,-0.46088,-0.02850,0.01569,-0.00396,0.02135,-0.09233,0.73444,-0.13763,-0.00838,-0.24946,-0.03889,-0.30000,0.05102,-0.36819,0.80035,0
3.1596,-0.46088,-0.02850,0.01585,-0.00469,0.02029,-0.08874,0.73444,-0.13749,-0.00837,-0.24895,-0.04233,-0.30000,0.04667,-0.36875,0.80033,0
3.1616,-0.46088,-0.02850,0.01601,-0.00538,0.01922,-0.08468,0.73444,-0.13735,-0.00836,-0.24848,-0.04562,-0.30000,0.04181,-0.36997,0.80034,0
3.1636,-0.46088,-0.02850,0.01616,-0.00604,0.01814,-0.08013,0.73444,-0.13721,-0.00835,-0.24804,-0.04876,-0.30000,0.03643,-0.36997,0.80034,0
3.1656,-0.46088,-0.02850,0.01630,-0.00666,0.01705,-0.07510,0.73444,-0.13708,-0.00835,-0.24765,-0.05171,-0.30000,0.03054,-0.37058,0.80034,0
3.1676,-0.46088,-0.02850,0.01643,-0.00724,0.01595,-0.06959,0.73444,-0.13694,-0.00834,-0.24730,-0.05446,-0.30000,0.02414,-0.37177,0.80031,0
3.1696,-0.46088,-0.02850,0.01656,-0.00777,0.01484,-0.06361,0.73444,-0.13680,-0.00833,-0.24700,-0.05700,-0.30000,0.01774,-0.37234,0.80034,0
3.1716,-0.46088,-0.02850,0.01667,-0.00826,0.01373,-0.05760,0.73444,-0.13666,-0.00832,-0.24673,-0.05931,-0.30000,0.01134,-0.37234,0.80034,0
3.1736,-0.46088,-0.02850,0.01678,-0.00870,0.01260,-0.05155,0.73444,-0.13652,-0.00831,-0.24651,-0.06139,-0.30000,0.00494,-0.37359,0.80043,0
3.1756,-0.46088,-0.02850,0.01687,-0.00908,0.01147,-0.04548,0.73444,-0.13638,-0.00830,-0.24633,-0.06324,-0.30000,-0.00146,-0.37423,0.80044,0
3.1776,-0.46088,-0.02850,0.01696,-0.00942,0.01034,-0.03938,0.73444,-0.13624,-0.00829,-0.24619,-0.06486,-0.30000,-0.00786,-0.37484,0.80046,0
3.1796,-0.46088,-0.02850,0.01704,-0.00971,0.00920,-0.03327,0.73444,-0.13611,-0.00829,-0.24609,-0.06625,-0.30000,-0.01426,-0.37544,0.80050,0
3.1817,-0.46088,-0.02850,0.01711,-0.00996,0.00805,-0.02713,0.73444,-0.13597,-0.00828,-0.24604,-0.06741,-0.30000,-0.02066,-0.37601,0.80052,0
3.1837,-0.46088,-0.02850,0.01717,-0.01015,0.00690,-0.02099,0.73444,-0.13583,-0.00827,-0.24603,-0.06834,-0.30000,-0.02706,-0.37667,0.80055,0
3.1857,-0.46088,-0.02850,0.01722,-0.01029,0.00575,-0.01483,0.73444,-0.13569,-0.00826,-0.24606,-0.06903,-0.30000,-0.03346,-0.37727,0.80050,0
3.1877,-0.46088,-0.02850,0.01726,-0.01039,0.00459,-0.00866,0.73444,-0.13555,-0.00825,-0.24614,-0.06949,-0.30000,-0.03986,-0.37790,0.80049,0
3.1897,-0.46088,-0.02850,0.01729,-0.01043,0.00343,-0.00250,0.73444,-0.13541,-0.00824,-0.24626,-0.06972,-0.30000,-0.04626,-0.37852,0.80049,0
3.1917,-0.46088,-0.02850,0.01731,-0.01043,0.00227,0.00367,0.73444,-0.13528,-0.00824,-0.24642,-0.06971,-0.30000,-0.05266,-0.37912,0.80044,0
3.1937,-0.46088,-0.02850,0.01733,-0.01037,0.00111,0.00984,0.73444,-0.13514,-0.00823,-0.24663,-0.06948,-0.30000,-0.05906,-0.37912,0.80044,0
3.1957,-0.46088,-0.02850,0.01733,-0.01027,-0.00005,0.01600,0.73444,-0.13500,-0.00822,-0.24688,-0.06900,-0.30000,-0.06546,-0.38036,0.80040,0
3.1977,-0.46088,-0.02850,0.01733,-0.01012,-0.00122,0.02215,0.73444,-0.13486,-0.00821,-0.24717,-0.06830,-0.30000,-0.07186,-0.38096,0.80042,0
3.1997,-0.46088,-0.02850,0.01731,-0.00991,-0.00238,0.02829,0.73444,-0.13472,-0.00820,-0.24751,-0.06736,-0.30000,-0.07775,-0.38159,0.80041,0
3.2017,-0.46088,-0.02850,0.01729,-0.00966,-0.00354,0.03398,0.73444,-0.13458,-0.00819,-0.24789,-0.06620,-0.30000,-0.08312,-0.38219,0.80042,0
3.2037,-0.46088,-0.02850,0.01725,-0.00937,-0.00470,0.03921,0.73444,-0.13445,-0.00819,-0.24832,-0.06483,-0.30000,-0.08799,-0.38282,0.80042,0
3.2057,-0.46088,-0.02850,0.01721,-0.00904,-0.00585,0.04398,0.73444,-0.13431,-0.00818,-0.24879,-0.06327,-0.30000,-0.09234,-0.38282,0.80042,0
3.2077,-0.46088,-0.02850,0.01716,-0.00867,-0.00700,0.04829,0.73444,-0.13417,-0.00817,-0.24930,-0.06155,-0.30000,-0.09618,-0.38408,0.80037,0
3.2097,-0.46088,-0.02850,0.01710,-0.00827,-0.00815,0.05213,0.73444,-0.13403,-0.00816,-0.24985,-0.05966,-0.30000,-0.09951,-0.38408,0.80037,0
3.2117,-0.46088,-0.02850,0.01703,-0.00784,-0.00930,0.05551,0.73444,-0.13389,-0.00815,-0.25000,-0.05764,-0.30000,-0.10232,-0.38466,0.80034,0
3.2137,-0.46088,-0.02850,0.01695,-0.00738,-0.01043,0.05842,0.73444,-0.13376,-0.00814,-0.25000,-0.05551,-0.30000,-0.10463,-0.38466,0.80034,0
3.2157,-0.46088,-0.02850,0.01686,-0.00690,-0.01157,0.06087,0.73444,-0.13362,-0.00813,-0.25000,-0.05327,-0.30000,-0.10642,-0.38650,0.80021,0
3.2177,-0.46088,-0.02850,0.01677,-0.00641,-0.01269,0.06284,0.73444,-0.13348,-0.00813,-0.25000,-0.05094,-0.30000,-0.10770,-0.38650,0.80021,0
3.2197,-0.48700,-0.02978,0.01666,0.01411,-0.01381,0.08203,0.74464,-0.13334,-0.00812,-0.25000,0.04479,-0.30000,-0.10847,-0.38769,0.80017,0
3.2217,-0.48700,-0.02978,0.01655,0.01477,-0.01493,0.08171,0.74464,-0.13320,-0.00811,-0.25000,0.04787,-0.30000,-0.10872,-0.38769,0.80017,0
3.2237,-0.48700,-0.02978,0.01642,0.01542,-0.01603,0.08091,0.74464,-0.13306,-0.00810,-0.25000,0.05093,-0.30000,-0.10847,-0.38888,0.80005,0
3.2257,-0.48700,-0.02978,0.01629,0.01606,-0.01713,0.07963,0.74464,-0.13293,-0.00809,-0.25000,0.05395,-0.30000,-0.10770,-0.38957,0.79997,0
3.2277,-0.48700,-0.02978,0.01615,0.01669,-0.01821,0.07786,0.74464,-0.13279,-0.00808,-0.25000,0.05691,-0.30000,-0.10642,-0.39010,0.79985,0
3.2297,-0.48700,-0.02978,0.01600,0.01731,-0.01929,0.07562,0.74464,-0.13265,-0.00808,-0.25000,0.05980,-0.30000,-0.10463,-0.39072,0.79983,0
3.2317,-0.48700,-0.02978,0.01584,0.01790,-0.02035,0.07290,0.74464,-0.13251,-0.00807,-0.25000,0.06259,-0.30000,-0.10232,-0.39129,0.79973,0
